{"type": "FeatureCollection", "features": [{"type": "Feature", "properties": {"zone_id": "0202V68V1SJ83OIBF5JEHS", "tract_id": "22071009600", "city": "NEW ORLEANS, LA", "zone_code": "IZD - BED AND BREAKFAST", "zone_category": "Other", "ev_permitted": false}, "geometry": {"type": "Polygon", "coordinates": [[[-90.0923646354912, 29.9215342632641], [-90.0922692117596, 29.9215618337598], [-90.0923658944209, 29.9218264632541], [-90.0924588922442, 29.921799593391], [-90.0923646354912, 29.9215342632641]]]}}, {"type": "Feature", "properties": {"zone_id": "0204UN474E1WCWHR8KTMQV", "tract_id": "22071009600", "city": "NEW ORLEANS, LA", "zone_code": "IZD - BED AND BREAKFAST", "zone_category": "Other", "ev_permitted": false}, "geometry": {"type": "Polygon", "coordinates": [[[-90.0922465884637, 29.9214999122815], [-90.0920768307805, 29.9215496320538], [-90.0922037442542, 29.9218733127904], [-90.0923658944209, 29.9218264632541], [-90.0922465884637, 29.9214999122815]]]}}, {"type": "Feature", "properties": {"zone_id": "0202IFPWTH5ZNJRGFWJSEJ", "tract_id": "22071009600", "city": "NEW ORLEANS, LA", "zone_code": "MAGAZINE STREET USE RESTRICTION", "zone_category": "Other", "ev_permitted": false}, "geometry": {"type": "Polygon", "coordinates": [[[-90.0920768307805, 29.9215496320538], [-90.0919527179373, 29.9215865331302], [-90.0920716442239, 29.9219114802349], [-90.0922037442542, 29.9218733127904], [-90.0920768307805, 29.9215496320538]]]}}, {"type": "Feature", "properties": {"zone_id": "02064YR5T5NGHS2646CW17", "tract_id": "22071009600", "city": "NEW ORLEANS, LA", "zone_code": "IZD - BED AND BREAKFAST", "zone_category": "Other", "ev_permitted": false}, "geometry": {"type": "Polygon", "coordinates": [[[-90.0913997447003, 29.9217338435295], [-90.0913046711465, 29.92176170174], [-90.0914289667604, 29.9220960679896], [-90.09152403282, 29.9220688348624], [-90.0913997447003, 29.9217338435295]]]}}, {"type": "Feature", "properties": {"zone_id": "0201FY4A4LT3PCU62RKKIO", "tract_id": "22071009600", "city": "NEW ORLEANS, LA", "zone_code": "HU-B1", "zone_category": "Commercial", "ev_permitted": true}, "geometry": {"type": "Polygon", "coordinates": [[[-90.0919527179373, 29.9215865331302], [-90.0918641250915, 29.9216125771665], [-90.0919923174234, 29.9219343998571], [-90.0920716442239, 29.9219114802349], [-90.0919527179373, 29.9215865331302]]]}}, {"type": "Feature", "properties": {"zone_id": "0200OGTYPRIG5TBDKI3LWN", "tract_id": "22071009600", "city": "NEW ORLEANS, LA", "zone_code": "IZD - NON-COMMERCIAL STR SPECIAL EXCEPTION", "zone_category": "Commercial", "ev_permitted": true}, "geometry": {"type": "Polygon", "coordinates": [[[-90.0918641250915, 29.9216125771665], [-90.0915716903178, 29.9216992098173], [-90.0916912299216, 29.9220213914105], [-90.0919923174234, 29.9219343998571], [-90.0918641250915, 29.9216125771665]]]}}, {"type": "Feature", "properties": {"zone_id": "0207L10N8KKSSRPZ35KR64", "tract_id": "22071009600", "city": "NEW ORLEANS, LA", "zone_code": "IZD - NON-COMMERCIAL STR SPECIAL EXCEPTION", "zone_category": "Commercial", "ev_permitted": true}, "geometry": {"type": "Polygon", "coordinates": [[[-90.0913046711465, 29.92176170174], [-90.0912023895775, 29.9217919918971], [-90.091325320157, 29.9221253285429], [-90.0914289667604, 29.9220960679896], [-90.0913046711465, 29.92176170174]]]}}, {"type": "Feature", "properties": {"zone_id": "0204HITY8E6C00AFH9JBM1", "tract_id": "22071009600", "city": "NEW ORLEANS, LA", "zone_code": "IZD - BED AND BREAKFAST", "zone_category": "Other", "ev_permitted": false}, "geometry": {"type": "Polygon", "coordinates": [[[-90.0912023895775, 29.9217919918971], [-90.0911001089708, 29.9218222828865], [-90.0912223371066, 29.9221543634077], [-90.091325320157, 29.9221253285429], [-90.0912023895775, 29.9217919918971]]]}}, {"type": "Feature", "properties": {"zone_id": "0201XZ4D6ST7QBS4RZWARW", "tract_id": "22071009600", "city": "NEW ORLEANS, LA", "zone_code": "IZD - NON-COMMERCIAL STR SPECIAL EXCEPTION", "zone_category": "Commercial", "ev_permitted": true}, "geometry": {"type": "Polygon", "coordinates": [[[-90.0911001089708, 29.9218222828865], [-90.091024478641, 29.9218446982038], [-90.0911408819906, 29.9221789874861], [-90.0912223371066, 29.9221543634077], [-90.0911001089708, 29.9218222828865]]]}}, {"type": "Feature", "properties": {"zone_id": "0202ECQX0R0HDHNNXWXN5T", "tract_id": "22071009600", "city": "NEW ORLEANS, LA", "zone_code": "HU-B1", "zone_category": "Commercial", "ev_permitted": true}, "geometry": {"type": "Polygon", "coordinates": [[[-90.091024478641, 29.9218446982038], [-90.0908746599978, 29.9218889170838], [-90.0909975588948, 29.9222201443276], [-90.0910724757117, 29.9221974101141], [-90.0911408819906, 29.9221789874861], [-90.091024478641, 29.9218446982038]]]}}, {"type": "Feature", "properties": {"zone_id": "0205EQT7MY3S0SL5FS5VB0", "tract_id": "22071009600", "city": "NEW ORLEANS, LA", "zone_code": "IZD - NON-COMMERCIAL STR SPECIAL EXCEPTION", "zone_category": "Commercial", "ev_permitted": true}, "geometry": {"type": "Polygon", "coordinates": [[[-90.0908746599978, 29.9218889170838], [-90.0907610126244, 29.9219223944886], [-90.0908843742042, 29.922254866777], [-90.0909975588948, 29.9222201443276], [-90.0908746599978, 29.9218889170838]]]}}, {"type": "Feature", "properties": {"zone_id": "0205YYXUSOAU75YDCILSQG", "tract_id": "22071009600", "city": "NEW ORLEANS, LA", "zone_code": "IZD - NON-COMMERCIAL STR SPECIAL EXCEPTION", "zone_category": "Commercial", "ev_permitted": true}, "geometry": {"type": "Polygon", "coordinates": [[[-90.0907610126244, 29.9219223944886], [-90.0906535323983, 29.9219543421327], [-90.0907828498933, 29.922288756445], [-90.0908843742042, 29.922254866777], [-90.0907610126244, 29.9219223944886]]]}}, {"type": "Feature", "properties": {"zone_id": "0205VXWXV7P5GC9HRU46TU", "tract_id": "22071009600", "city": "NEW ORLEANS, LA", "zone_code": "HU-RD2", "zone_category": "Residential", "ev_permitted": false}, "geometry": {"type": "Polygon", "coordinates": [[[-90.0913705715032, 29.9216560529838], [-90.0909960233891, 29.9217669143543], [-90.091024478641, 29.9218446982038], [-90.0913997447003, 29.9217338435295], [-90.0913705715032, 29.9216560529838]]]}}, {"type": "Feature", "properties": {"zone_id": "0204WA7C7QUT6YANKXUR8T", "tract_id": "22071009600", "city": "NEW ORLEANS, LA", "zone_code": "IZD - BED AND BREAKFAST", "zone_category": "Other", "ev_permitted": false}, "geometry": {"type": "Polygon", "coordinates": [[[-90.0913421274543, 29.9215774347522], [-90.0909668582895, 29.9216884976452], [-90.0909960233891, 29.9217669143543], [-90.0913705715032, 29.9216560529838], [-90.0913421274543, 29.9215774347522]]]}}, {"type": "Feature", "properties": {"zone_id": "02068PGJREERP4HD5CU2IW", "tract_id": "22071009600", "city": "NEW ORLEANS, LA", "zone_code": "IZD - BED AND BREAKFAST", "zone_category": "Other", "ev_permitted": false}, "geometry": {"type": "Polygon", "coordinates": [[[-90.0909960233891, 29.9217669143543], [-90.0906236420324, 29.9218765446436], [-90.0906535323983, 29.9219543421327], [-90.091024478641, 29.9218446982038], [-90.0909960233891, 29.9217669143543]]]}}, {"type": "Feature", "properties": {"zone_id": "0203C27ZI9MJK8BKMO5ZKJ", "tract_id": "22071009600", "city": "NEW ORLEANS, LA", "zone_code": "IZD - BED AND BREAKFAST", "zone_category": "Other", "ev_permitted": false}, "geometry": {"type": "Polygon", "coordinates": [[[-90.0909668582895, 29.9216884976452], [-90.0905937527598, 29.9217987462545], [-90.0906236420324, 29.9218765446436], [-90.0909960233891, 29.9217669143543], [-90.0909668582895, 29.9216884976452]]]}}, {"type": "Feature", "properties": {"zone_id": "02060OPA1FW07I0RHJK2DX", "tract_id": "22071009600", "city": "NEW ORLEANS, LA", "zone_code": "IZD - NON-COMMERCIAL STR SPECIAL EXCEPTION", "zone_category": "Commercial", "ev_permitted": true}, "geometry": {"type": "Polygon", "coordinates": [[[-90.0908648881103, 29.9216362743112], [-90.0905659688491, 29.9217247192218], [-90.0905937527598, 29.9217987462545], [-90.0908926711825, 29.9217103012719], [-90.0908648881103, 29.9216362743112]]]}}, {"type": "Feature", "properties": {"zone_id": "0205BXY62J0SPXUBG7UW08", "tract_id": "22071009600", "city": "NEW ORLEANS, LA", "zone_code": "IZD - NON-COMMERCIAL STR SPECIAL EXCEPTION", "zone_category": "Commercial", "ev_permitted": true}, "geometry": {"type": "Polygon", "coordinates": [[[-90.0886124718103, 29.9228233205545], [-90.0885360244307, 29.9228517617376], [-90.0885328414156, 29.9228449630848], [-90.0885045195792, 29.9228550265063], [-90.088587548968, 29.9230270952194], [-90.0886926684361, 29.9229895024099], [-90.0886124718103, 29.9228233205545]]]}}, {"type": "Feature", "properties": {"zone_id": "0202GSK9QN40U7PB1MU6NS", "tract_id": "22071009600", "city": "NEW ORLEANS, LA", "zone_code": "MAGAZINE STREET USE RESTRICTION", "zone_category": "Other", "ev_permitted": false}, "geometry": {"type": "Polygon", "coordinates": [[[-90.0885348186006, 29.922662506623], [-90.0882736015273, 29.9227596884663], [-90.0884298592216, 29.9230834873353], [-90.088587548968, 29.9230270952194], [-90.0884353390861, 29.9227114765739], [-90.0885397332622, 29.9226726373591], [-90.0885348186006, 29.922662506623]]]}}, {"type": "Feature", "properties": {"zone_id": "0204RGZ3E5ETB7E97EV38L", "tract_id": "22071009600", "city": "NEW ORLEANS, LA", "zone_code": "IZD - BED AND BREAKFAST", "zone_category": "Other", "ev_permitted": false}, "geometry": {"type": "Polygon", "coordinates": [[[-90.0882736015273, 29.9227596884663], [-90.0881720021754, 29.9227974865885], [-90.0883276568316, 29.9231200365982], [-90.0884298592216, 29.9230834873353], [-90.0882736015273, 29.9227596884663]]]}}, {"type": "Feature", "properties": {"zone_id": "0202MCDM1JGWBH1SBV64E9", "tract_id": "22071009600", "city": "NEW ORLEANS, LA", "zone_code": "IZD - NON-COMMERCIAL STR SPECIAL EXCEPTION", "zone_category": "Commercial", "ev_permitted": true}, "geometry": {"type": "Polygon", "coordinates": [[[-90.0881386882695, 29.9227203517397], [-90.0880509045627, 29.9227548493672], [-90.0882398108237, 29.9231514517445], [-90.0883276568316, 29.9231200365982], [-90.0881720021754, 29.9227974865885], [-90.0881386882695, 29.9227203517397]]]}}, {"type": "Feature", "properties": {"zone_id": "0205DRD3VC0DINV0SDM36A", "tract_id": "22071009600", "city": "NEW ORLEANS, LA", "zone_code": "IZD - NON-COMMERCIAL STR SPECIAL EXCEPTION", "zone_category": "Commercial", "ev_permitted": true}, "geometry": {"type": "Polygon", "coordinates": [[[-90.0880509045627, 29.9227548493672], [-90.0879591436811, 29.9227909098392], [-90.0881461073158, 29.9231849613999], [-90.0882398108237, 29.9231514517445], [-90.0880509045627, 29.9227548493672]]]}}, {"type": "Feature", "properties": {"zone_id": "0202ZKRJLXK7YYE10RTWCB", "tract_id": "22071009600", "city": "", "zone_code": "CPC", "zone_category": "Other", "ev_permitted": false}, "geometry": {"type": "Polygon", "coordinates": [[[-90.087996885794, 29.9228719085044], [-90.0878087607875, 29.9229376403385], [-90.0879586106299, 29.9232520130452], [-90.0881461073158, 29.9231849613999], [-90.087996885794, 29.9228719085044]]]}}, {"type": "Feature", "properties": {"zone_id": "0206WH7345HZS9241KJ3SH", "tract_id": "22071009600", "city": "NEW ORLEANS, LA", "zone_code": "HU-B1", "zone_category": "Commercial", "ev_permitted": true}, "geometry": {"type": "Polygon", "coordinates": [[[-90.0903063971992, 29.9220535835651], [-90.0902214522665, 29.9220775614836], [-90.0903485851922, 29.9224115540923], [-90.0904328584823, 29.9223867198433], [-90.0903063971992, 29.9220535835651]]]}}, {"type": "Feature", "properties": {"zone_id": "0201V09H1DR3LQGO1T6U7O", "tract_id": "22071009600", "city": "NEW ORLEANS, LA", "zone_code": "HU-B1", "zone_category": "Commercial", "ev_permitted": true}, "geometry": {"type": "Polygon", "coordinates": [[[-90.0902214522665, 29.9220775614836], [-90.0901378754834, 29.922101375441], [-90.0902643284675, 29.9224351379532], [-90.0903485851922, 29.9224115540923], [-90.0902214522665, 29.9220775614836]]]}}, {"type": "Feature", "properties": {"zone_id": "0205KN9D6HD9R80MQ63LJ7", "tract_id": "22071009600", "city": "NEW ORLEANS, LA", "zone_code": "CPC", "zone_category": "Other", "ev_permitted": false}, "geometry": {"type": "Polygon", "coordinates": [[[-90.0901378754834, 29.922101375441], [-90.0900501234249, 29.9221265311966], [-90.0901772938488, 29.9224602996726], [-90.0902643284675, 29.9224351379532], [-90.0901378754834, 29.922101375441]]]}}, {"type": "Feature", "properties": {"zone_id": "02069OKRPR1LCIIV8W9HNI", "tract_id": "22071009600", "city": "NEW ORLEANS, LA", "zone_code": "IZD - BED AND BREAKFAST", "zone_category": "Other", "ev_permitted": false}, "geometry": {"type": "Polygon", "coordinates": [[[-90.0900501234249, 29.9221265311966], [-90.0899464779729, 29.9221563284076], [-90.0900988881335, 29.9224822091489], [-90.0901772938488, 29.9224602996726], [-90.0900501234249, 29.9221265311966]]]}}, {"type": "Feature", "properties": {"zone_id": "0204I36BVU7ECTTNALBKA3", "tract_id": "22071009600", "city": "NEW ORLEANS, LA", "zone_code": "MAGAZINE STREET USE RESTRICTION", "zone_category": "Other", "ev_permitted": false}, "geometry": {"type": "Polygon", "coordinates": [[[-90.0898025808249, 29.9222521699176], [-90.0897391569492, 29.9222754361145], [-90.0898668746863, 29.9225567237276], [-90.0899369149434, 29.9225311408294], [-90.0898025808249, 29.9222521699176]]]}}, {"type": "Feature", "properties": {"zone_id": "0206JZKJ1SWWJMCOHEJSL6", "tract_id": "22071009600", "city": "NEW ORLEANS, LA", "zone_code": "IZD - BED AND BREAKFAST", "zone_category": "Other", "ev_permitted": false}, "geometry": {"type": "Polygon", "coordinates": [[[-90.0897391569492, 29.9222754361145], [-90.0896657618898, 29.9223023603832], [-90.0897997535166, 29.9225806136317], [-90.0898668746863, 29.9225567237276], [-90.0897391569492, 29.9222754361145]]]}}, {"type": "Feature", "properties": {"zone_id": "0206U6SD9CIXNIBGNE8HVI", "tract_id": "22071009600", "city": "NEW ORLEANS, LA", "zone_code": "CPC", "zone_category": "Other", "ev_permitted": false}, "geometry": {"type": "Polygon", "coordinates": [[[-90.0895781250696, 29.922282834865], [-90.0894994840686, 29.922310659488], [-90.0896534193806, 29.922632992265], [-90.0897262276222, 29.9226067995761], [-90.0895781250696, 29.922282834865]]]}}, {"type": "Feature", "properties": {"zone_id": "02076L348VSP9PMCJQQCG3", "tract_id": "22071009600", "city": "NEW ORLEANS, LA", "zone_code": "HU-B1", "zone_category": "Commercial", "ev_permitted": true}, "geometry": {"type": "Polygon", "coordinates": [[[-90.0896448990465, 29.9222590338194], [-90.0895781250696, 29.922282834865], [-90.0897262276222, 29.9226067995761], [-90.0897997535166, 29.9225806136317], [-90.0896448990465, 29.9222590338194]]]}}, {"type": "Feature", "properties": {"zone_id": "0205Z1ZS3WRRN5SIECNLPP", "tract_id": "22071009600", "city": "NEW ORLEANS, LA", "zone_code": "IZD - NON-COMMERCIAL STR SPECIAL EXCEPTION", "zone_category": "Commercial", "ev_permitted": true}, "geometry": {"type": "Polygon", "coordinates": [[[-90.0897818128313, 29.9222090409586], [-90.0896448990465, 29.9222590338194], [-90.0896657618898, 29.9223023603832], [-90.0898025808249, 29.9222521699176], [-90.0897818128313, 29.9222090409586]]]}}, {"type": "Feature", "properties": {"zone_id": "02049V4UBD5B58B48AKTXE", "tract_id": "22071009600", "city": "NEW ORLEANS, LA", "zone_code": "MAGAZINE STREET USE RESTRICTION", "zone_category": "Other", "ev_permitted": false}, "geometry": {"type": "Polygon", "coordinates": [[[-90.0893811759141, 29.9222613616322], [-90.0893135719967, 29.9222850157522], [-90.08950781162, 29.9226847514573], [-90.0895806199377, 29.9226585588493], [-90.089432517792, 29.9223345930742], [-90.0894191362806, 29.92233938459], [-90.0893811759141, 29.9222613616322]]]}}, {"type": "Feature", "properties": {"zone_id": "0200BQFACWZNQPZH57DTEO", "tract_id": "22071009600", "city": "NEW ORLEANS, LA", "zone_code": "IZD - NON-COMMERCIAL STR SPECIAL EXCEPTION", "zone_category": "Commercial", "ev_permitted": true}, "geometry": {"type": "Polygon", "coordinates": [[[-90.0893135719967, 29.9222850157522], [-90.0891582054104, 29.9223393772262], [-90.0891891050731, 29.9224029302634], [-90.0892511411595, 29.9223772620991], [-90.0894191558788, 29.9227157943258], [-90.08950781162, 29.9226847514573], [-90.0893135719967, 29.9222850157522]]]}}, {"type": "Feature", "properties": {"zone_id": "020192LVMDND958SQ3MH0E", "tract_id": "22071009600", "city": "NEW ORLEANS, LA", "zone_code": "HU-B1", "zone_category": "Commercial", "ev_permitted": true}, "geometry": {"type": "Polygon", "coordinates": [[[-90.0894994840686, 29.922310659488], [-90.089432517792, 29.9223345930742], [-90.0895806199377, 29.9226585588493], [-90.0896534193806, 29.922632992265], [-90.0894994840686, 29.922310659488]]]}}, {"type": "Feature", "properties": {"zone_id": "0204ZB55IPARNMCL3NUFTM", "tract_id": "22071009600", "city": "NEW ORLEANS, LA", "zone_code": "IZD - BED AND BREAKFAST", "zone_category": "Other", "ev_permitted": false}, "geometry": {"type": "Polygon", "coordinates": [[[-90.0897548528256, 29.9221530535165], [-90.0893922623665, 29.9222841485427], [-90.0894191362806, 29.92233938459], [-90.0896725530548, 29.9222493445814], [-90.0897818128313, 29.9222090409586], [-90.0897548528256, 29.9221530535165]]]}}, {"type": "Feature", "properties": {"zone_id": "0200UK5FJ4E18P2DPSBVWD", "tract_id": "22071009600", "city": "NEW ORLEANS, LA", "zone_code": "HU-B1", "zone_category": "Commercial", "ev_permitted": true}, "geometry": {"type": "Polygon", "coordinates": [[[-90.0904749265493, 29.922005165399], [-90.0903063971992, 29.9220535835651], [-90.0904328584823, 29.9223867198433], [-90.0906006706331, 29.9223382956389], [-90.0904749265493, 29.922005165399]]]}}, {"type": "Feature", "properties": {"zone_id": "0205DW4AER9CSBX11X4U5K", "tract_id": "22071009600", "city": "NEW ORLEANS, LA", "zone_code": "IZD - NON-COMMERCIAL STR SPECIAL EXCEPTION", "zone_category": "Commercial", "ev_permitted": true}, "geometry": {"type": "Polygon", "coordinates": [[[-90.090444677982, 29.9219273644841], [-90.0901922507115, 29.921999368912], [-90.0902214522665, 29.9220775614836], [-90.0904749265493, 29.922005165399], [-90.090444677982, 29.9219273644841]]]}}, {"type": "Feature", "properties": {"zone_id": "02069NX41OMI9NJWRVFBK5", "tract_id": "22071009600", "city": "NEW ORLEANS, LA", "zone_code": "IZD - BED AND BREAKFAST", "zone_category": "Other", "ev_permitted": false}, "geometry": {"type": "Polygon", "coordinates": [[[-90.0904158648446, 29.921849576222], [-90.0901460594975, 29.9219271121343], [-90.0901746935536, 29.9220043781771], [-90.090444677982, 29.9219273644841], [-90.0904158648446, 29.921849576222]]]}}, {"type": "Feature", "properties": {"zone_id": "0206OVN0W7E7GS3036QIFK", "tract_id": "22071009600", "city": "NEW ORLEANS, LA", "zone_code": "IZD - NON-COMMERCIAL STR SPECIAL EXCEPTION", "zone_category": "Commercial", "ev_permitted": true}, "geometry": {"type": "Polygon", "coordinates": [[[-90.0901460594975, 29.9219271121343], [-90.0899282814839, 29.9219897481564], [-90.0898760929524, 29.9220058306009], [-90.0899076645733, 29.9220733388825], [-90.0901722383791, 29.9219978453827], [-90.0901460594975, 29.9219271121343]]]}}, {"type": "Feature", "properties": {"zone_id": "02034KO9U1W76GF1MOETTU", "tract_id": "22071009600", "city": "NEW ORLEANS, LA", "zone_code": "MAGAZINE STREET USE RESTRICTION", "zone_category": "Other", "ev_permitted": false}, "geometry": {"type": "Polygon", "coordinates": [[[-90.0901722383791, 29.9219978453827], [-90.0899076645733, 29.9220733388825], [-90.0899464779729, 29.9221563284076], [-90.0902216744405, 29.922077519374], [-90.0901922507115, 29.921999368912], [-90.0901746935536, 29.9220043781771], [-90.0901722383791, 29.9219978453827]]]}}, {"type": "Feature", "properties": {"zone_id": "020715NV1G47NUPD7S5U11", "tract_id": "22071009600", "city": "NEW ORLEANS, LA", "zone_code": "HU-RD2", "zone_category": "Residential", "ev_permitted": false}, "geometry": {"type": "Polygon", "coordinates": [[[-90.090399882673, 29.9218075418746], [-90.0902378273396, 29.9218547697313], [-90.0902538172364, 29.9218961789261], [-90.0904158648446, 29.921849576222], [-90.090399882673, 29.9218075418746]]]}}, {"type": "Feature", "properties": {"zone_id": "0205K98LPJKFK5RFL5BFFC", "tract_id": "22071009600", "city": "NEW ORLEANS, LA", "zone_code": "IZD - NON-COMMERCIAL STR SPECIAL EXCEPTION", "zone_category": "Commercial", "ev_permitted": true}, "geometry": {"type": "Polygon", "coordinates": [[[-90.0902894198813, 29.9215151886585], [-90.090127364959, 29.9215624172829], [-90.0902378273396, 29.9218547697313], [-90.090399882673, 29.9218075418746], [-90.0902894198813, 29.9215151886585]]]}}, {"type": "Feature", "properties": {"zone_id": "0203NZ26G3NB7ITPA4GYD4", "tract_id": "22071009600", "city": "NEW ORLEANS, LA", "zone_code": "IZD - NON-COMMERCIAL STR SPECIAL EXCEPTION", "zone_category": "Commercial", "ev_permitted": true}, "geometry": {"type": "Polygon", "coordinates": [[[-90.090127364959, 29.9215624172829], [-90.0899653244231, 29.9216083953537], [-90.0900917715313, 29.9219425333363], [-90.0902538172364, 29.9218961789261], [-90.090127364959, 29.9215624172829]]]}}, {"type": "Feature", "properties": {"zone_id": "02059KNLY0AHDF8UDQGE9K", "tract_id": "22071009600", "city": "NEW ORLEANS, LA", "zone_code": "IZD - NON-COMMERCIAL STR SPECIAL EXCEPTION", "zone_category": "Commercial", "ev_permitted": true}, "geometry": {"type": "Polygon", "coordinates": [[[-90.0899653244231, 29.9216083953537], [-90.089884663459, 29.9216313877111], [-90.0900108187954, 29.9219658974403], [-90.0900917715313, 29.9219425333363], [-90.0899653244231, 29.9216083953537]]]}}, {"type": "Feature", "properties": {"zone_id": "0202NLV73AO93VBT1AUWB8", "tract_id": "22071009600", "city": "NEW ORLEANS, LA", "zone_code": "MAGAZINE STREET USE RESTRICTION", "zone_category": "Other", "ev_permitted": false}, "geometry": {"type": "Polygon", "coordinates": [[[-90.0895483932275, 29.9217318170375], [-90.089405886465, 29.9217836785133], [-90.0895617500631, 29.9221040321271], [-90.0897063142217, 29.922052251284], [-90.0895525412421, 29.9217329082598], [-90.0895493369488, 29.9217338821438], [-90.0895483932275, 29.9217318170375]]]}}, {"type": "Feature", "properties": {"zone_id": "0204AM5F03X3T0KGX9V7TK", "tract_id": "22071009600", "city": "NEW ORLEANS, LA", "zone_code": "CPC", "zone_category": "Other", "ev_permitted": false}, "geometry": {"type": "Polygon", "coordinates": [[[-90.089733220645, 29.9221081290608], [-90.0893698501173, 29.9222380834485], [-90.0893922623665, 29.9222841485427], [-90.0897548528256, 29.9221530535165], [-90.089733220645, 29.9221081290608]]]}}, {"type": "Feature", "properties": {"zone_id": "02009CH9Q67N4RTM7K8IPX", "tract_id": "22071009600", "city": "NEW ORLEANS, LA", "zone_code": "IZD - BED AND BREAKFAST", "zone_category": "Other", "ev_permitted": false}, "geometry": {"type": "Polygon", "coordinates": [[[-90.0897063142217, 29.922052251284], [-90.0893429146362, 29.9221827222999], [-90.0893698501173, 29.9222380834485], [-90.089733220645, 29.9221081290608], [-90.0897063142217, 29.922052251284]]]}}, {"type": "Feature", "properties": {"zone_id": "0200W58GRWWEDQEEIGPVRM", "tract_id": "22071009600", "city": "NEW ORLEANS, LA", "zone_code": "HU-RD2", "zone_category": "Residential", "ev_permitted": false}, "geometry": {"type": "Polygon", "coordinates": [[[-90.089405886465, 29.9217836785133], [-90.0893328516438, 29.9218097263275], [-90.0894887917996, 29.9221302377406], [-90.0895617500631, 29.9221040321271], [-90.089405886465, 29.9217836785133]]]}}, {"type": "Feature", "properties": {"zone_id": "0205XKBB3R1WJV709FQMXH", "tract_id": "22071009600", "city": "NEW ORLEANS, LA", "zone_code": "IZD - BED AND BREAKFAST", "zone_category": "Other", "ev_permitted": false}, "geometry": {"type": "Polygon", "coordinates": [[[-90.0893328516438, 29.9218097263275], [-90.0892596654892, 29.9218354478672], [-90.089415855888, 29.9221564751033], [-90.0894887917996, 29.9221302377406], [-90.0893328516438, 29.9218097263275]]]}}, {"type": "Feature", "properties": {"zone_id": "02009ZEZ98Z085XLJSAZP8", "tract_id": "22071009600", "city": "NEW ORLEANS, LA", "zone_code": "IZD - BED AND BREAKFAST", "zone_category": "Other", "ev_permitted": false}, "geometry": {"type": "Polygon", "coordinates": [[[-90.0892596654892, 29.9218354478672], [-90.0891867103034, 29.9218616650711], [-90.0893429146362, 29.9221827222999], [-90.089415855888, 29.9221564751033], [-90.0892596654892, 29.9218354478672]]]}}, {"type": "Feature", "properties": {"zone_id": "0202FX3YZOC4GBR2FIPQCA", "tract_id": "22071009600", "city": "NEW ORLEANS, LA", "zone_code": "MAGAZINE STREET USE RESTRICTION", "zone_category": "Other", "ev_permitted": false}, "geometry": {"type": "Polygon", "coordinates": [[[-90.089884663459, 29.9216313877111], [-90.0897228468696, 29.9216781606623], [-90.0898760929524, 29.9220058306009], [-90.0900108187954, 29.9219658974403], [-90.089884663459, 29.9216313877111]]]}}, {"type": "Feature", "properties": {"zone_id": "0206P1Z2HYYG1HJTWYF6DY", "tract_id": "22071009600", "city": "NEW ORLEANS, LA", "zone_code": "HU-B1", "zone_category": "Commercial", "ev_permitted": true}, "geometry": {"type": "Polygon", "coordinates": [[[-90.0892511411595, 29.9223772620991], [-90.0891891050731, 29.9224029302634], [-90.0888692183081, 29.9225188796183], [-90.0889675927248, 29.9227209390451], [-90.0889871499789, 29.9227631300885], [-90.0890327611458, 29.9228552931017], [-90.0891394664662, 29.9228156686806], [-90.0894191558788, 29.9227157943258], [-90.0892511411595, 29.9223772620991]]]}}, {"type": "Feature", "properties": {"zone_id": "0200LH5J0E0GDH31Q6OH2X", "tract_id": "22071009600", "city": "NEW ORLEANS, LA", "zone_code": "IZD - NON-COMMERCIAL STR SPECIAL EXCEPTION", "zone_category": "Commercial", "ev_permitted": true}, "geometry": {"type": "Polygon", "coordinates": [[[-90.089055737679, 29.9221410595576], [-90.0887392110804, 29.9222548046517], [-90.0888692183081, 29.9225188796183], [-90.0891891050731, 29.9224029302634], [-90.0891465796336, 29.9223155728921], [-90.089121628285, 29.9222705519793], [-90.089055737679, 29.9221410595576]]]}}, {"type": "Feature", "properties": {"zone_id": "0200GRQHNCTRSE1ALGFR3N", "tract_id": "22071009600", "city": "NEW ORLEANS, LA", "zone_code": "IZD - NON-COMMERCIAL STR SPECIAL EXCEPTION", "zone_category": "Commercial", "ev_permitted": true}, "geometry": {"type": "Polygon", "coordinates": [[[-90.0885005684079, 29.9225922434148], [-90.0881386882695, 29.9227203517397], [-90.0881720021754, 29.9227974865885], [-90.0885348186006, 29.922662506623], [-90.0885005684079, 29.9225922434148]]]}}, {"type": "Feature", "properties": {"zone_id": "0202T9POL9D1961FBWJFUS", "tract_id": "22071009600", "city": "NEW ORLEANS, LA", "zone_code": "IZD - NON-COMMERCIAL STR SPECIAL EXCEPTION", "zone_category": "Commercial", "ev_permitted": true}, "geometry": {"type": "Polygon", "coordinates": [[[-90.0884613750169, 29.9225124816508], [-90.088101693924, 29.9226391030573], [-90.0881386882695, 29.9227203517397], [-90.0885005684079, 29.9225922434148], [-90.0884613750169, 29.9225124816508]]]}}, {"type": "Feature", "properties": {"zone_id": "02074ZZZCDV6ALMC2K7SC7", "tract_id": "22071009600", "city": "NEW ORLEANS, LA", "zone_code": "IZD - NON-COMMERCIAL STR SPECIAL EXCEPTION", "zone_category": "Commercial", "ev_permitted": true}, "geometry": {"type": "Polygon", "coordinates": [[[-90.0884229160088, 29.9224314763327], [-90.0880625096686, 29.9225587160129], [-90.088101693924, 29.9226391030573], [-90.0884613750169, 29.9225124816508], [-90.0884229160088, 29.9224314763327]]]}}, {"type": "Feature", "properties": {"zone_id": "0202NE9CM7LD2ILY5CY7BT", "tract_id": "22071009600", "city": "NEW ORLEANS, LA", "zone_code": "IZD - NON-COMMERCIAL STR SPECIAL EXCEPTION", "zone_category": "Commercial", "ev_permitted": true}, "geometry": {"type": "Polygon", "coordinates": [[[-90.0885397332622, 29.9226726373591], [-90.0884353390861, 29.9227114765739], [-90.0885045195792, 29.9228550265063], [-90.0885328414156, 29.9228449630848], [-90.0885360244307, 29.9228517617376], [-90.0886124718103, 29.9228233205545], [-90.0885397332622, 29.9226726373591]]]}}, {"type": "Feature", "properties": {"zone_id": "0202H3XPYBO0GCZOF0NYEV", "tract_id": "22071009600", "city": "NEW ORLEANS, LA", "zone_code": "IZD - NON-COMMERCIAL STR SPECIAL EXCEPTION", "zone_category": "Commercial", "ev_permitted": true}, "geometry": {"type": "Polygon", "coordinates": [[[-90.0879395195047, 29.9223218791389], [-90.0878591378261, 29.9223511244607], [-90.0880509045627, 29.9227548493672], [-90.0881386882695, 29.9227203517397], [-90.088101693924, 29.9226391030573], [-90.0879855834908, 29.9223973302944], [-90.0879395195047, 29.9223218791389]]]}}, {"type": "Feature", "properties": {"zone_id": "0205KQO743G5IDS6AFLG0S", "tract_id": "22071009600", "city": "NEW ORLEANS, LA", "zone_code": "IZD - NON-COMMERCIAL STR SPECIAL EXCEPTION", "zone_category": "Commercial", "ev_permitted": true}, "geometry": {"type": "Polygon", "coordinates": [[[-90.0878591378261, 29.9223511244607], [-90.0877632620719, 29.9223855362549], [-90.0879591436811, 29.9227909098392], [-90.0880509045627, 29.9227548493672], [-90.0878591378261, 29.9223511244607]]]}}, {"type": "Feature", "properties": {"zone_id": "0201OAXD8Q6PHOQR8IVFAO", "tract_id": "22071009600", "city": "NEW ORLEANS, LA", "zone_code": "IZD - BED AND BREAKFAST", "zone_category": "Other", "ev_permitted": false}, "geometry": {"type": "Polygon", "coordinates": [[[-90.0883844492655, 29.9223510961744], [-90.0880247598209, 29.9224783425351], [-90.0880625096686, 29.9225587160129], [-90.0884229160088, 29.9224314763327], [-90.0883844492655, 29.9223510961744]]]}}, {"type": "Feature", "properties": {"zone_id": "0200IXDQYNLHTYXJPN2JON", "tract_id": "22071009600", "city": "NEW ORLEANS, LA", "zone_code": "HU-RD2", "zone_category": "Residential", "ev_permitted": false}, "geometry": {"type": "Polygon", "coordinates": [[[-90.0883452638598, 29.9222707092014], [-90.0879855834908, 29.9223973302944], [-90.0880247598209, 29.9224783425351], [-90.0883844492655, 29.9223510961744], [-90.0883452638598, 29.9222707092014]]]}}, {"type": "Feature", "properties": {"zone_id": "0200XY67C1N0RRVJKKDHVV", "tract_id": "22071009600", "city": "NEW ORLEANS, LA", "zone_code": "IZD - NON-COMMERCIAL STR SPECIAL EXCEPTION", "zone_category": "Commercial", "ev_permitted": true}, "geometry": {"type": "Polygon", "coordinates": [[[-90.0883067962054, 29.922190329009], [-90.0879395195047, 29.9223218791389], [-90.0879855834908, 29.9223973302944], [-90.0883452638598, 29.9222707092014], [-90.0883067962054, 29.922190329009]]]}}, {"type": "Feature", "properties": {"zone_id": "0204YIXDXXAPVI47SKLDTS", "tract_id": "22071009600", "city": "NEW ORLEANS, LA", "zone_code": "IZD - BED AND BREAKFAST", "zone_category": "Other", "ev_permitted": false}, "geometry": {"type": "Polygon", "coordinates": [[[-90.0891867103034, 29.9218616650711], [-90.0891101046804, 29.9218895790858], [-90.0893041085299, 29.922288326759], [-90.0893811759141, 29.9222613616322], [-90.0891867103034, 29.9218616650711]]]}}, {"type": "Feature", "properties": {"zone_id": "0206LUUT0WWRMUTKHL4UM9", "tract_id": "22071009600", "city": "NEW ORLEANS, LA", "zone_code": "HU-RD2", "zone_category": "Residential", "ev_permitted": false}, "geometry": {"type": "Polygon", "coordinates": [[[-90.0891101046804, 29.9218895790858], [-90.0890372978359, 29.9219157714458], [-90.0892310025012, 29.92231390649], [-90.0893041085299, 29.922288326759], [-90.0891101046804, 29.9218895790858]]]}}, {"type": "Feature", "properties": {"zone_id": "0206FUWRB8JG7U9Z4EJ8K3", "tract_id": "22071009600", "city": "NEW ORLEANS, LA", "zone_code": "IZD - BED AND BREAKFAST", "zone_category": "Other", "ev_permitted": false}, "geometry": {"type": "Polygon", "coordinates": [[[-90.0890372978359, 29.9219157714458], [-90.0889644899287, 29.9219419628535], [-90.089055737679, 29.9221410595576], [-90.089121628285, 29.9222705519793], [-90.0891465796336, 29.9223155728921], [-90.0891582054104, 29.9223393772262], [-90.0892310025012, 29.92231390649], [-90.0890372978359, 29.9219157714458]]]}}, {"type": "Feature", "properties": {"zone_id": "0201W72XQSHGDXCVGJNFXK", "tract_id": "22071009600", "city": "NEW ORLEANS, LA", "zone_code": "IZD - BED AND BREAKFAST", "zone_category": "Other", "ev_permitted": false}, "geometry": {"type": "Polygon", "coordinates": [[[-90.0889644899287, 29.9219419628535], [-90.0886444173695, 29.9220577087021], [-90.0886850060892, 29.9221406098474], [-90.0887392110804, 29.9222548046517], [-90.089055737679, 29.9221410595576], [-90.0889644899287, 29.9219419628535]]]}}, {"type": "Feature", "properties": {"zone_id": "0205QC0LMSOFCNMJ3QS2NN", "tract_id": "22071009600", "city": "NEW ORLEANS, LA", "zone_code": "HU-RD2", "zone_category": "Residential", "ev_permitted": false}, "geometry": {"type": "Polygon", "coordinates": [[[-90.0888213168078, 29.9217663606122], [-90.0885483978275, 29.9218644238257], [-90.0885882765101, 29.9219466921373], [-90.088860765882, 29.9218486256782], [-90.0888213168078, 29.9217663606122]]]}}, {"type": "Feature", "properties": {"zone_id": "0207EEAEGD65TDFXL4MPVN", "tract_id": "22071009600", "city": "NEW ORLEANS, LA", "zone_code": "HU-RD2", "zone_category": "Residential", "ev_permitted": false}, "geometry": {"type": "Polygon", "coordinates": [[[-90.0887817316425, 29.9216834689997], [-90.0885085103895, 29.9217827797611], [-90.0885483978275, 29.9218644238257], [-90.0888213168078, 29.9217663606122], [-90.0887817316425, 29.9216834689997]]]}}, {"type": "Feature", "properties": {"zone_id": "0207MBTKQI0Q84KUA15O07", "tract_id": "22071009600", "city": "NEW ORLEANS, LA", "zone_code": "IZD - BED AND BREAKFAST", "zone_category": "Other", "ev_permitted": false}, "geometry": {"type": "Polygon", "coordinates": [[[-90.0888727858777, 29.9214601605006], [-90.0887985382145, 29.9214867135219], [-90.0889516052478, 29.9218151037651], [-90.0890258552055, 29.9217882998582], [-90.0888727858777, 29.9214601605006]]]}}, {"type": "Feature", "properties": {"zone_id": "0206FLFCLPHXQ1E75ROHN0", "tract_id": "22071009600", "city": "NEW ORLEANS, LA", "zone_code": "IZD - BED AND BREAKFAST", "zone_category": "Other", "ev_permitted": false}, "geometry": {"type": "Polygon", "coordinates": [[[-90.0888362794798, 29.92156771195], [-90.0884686250879, 29.9217011357031], [-90.0885085103895, 29.9217827797611], [-90.0888747317204, 29.9216493432401], [-90.0888362794798, 29.92156771195]]]}}, {"type": "Feature", "properties": {"zone_id": "0200QXI5SUQHSANP05QN5B", "tract_id": "22071009600", "city": "NEW ORLEANS, LA", "zone_code": "HU-RD2", "zone_category": "Residential", "ev_permitted": false}, "geometry": {"type": "Polygon", "coordinates": [[[-90.0888747317204, 29.9216493432401], [-90.0887817316425, 29.9216834689997], [-90.088860765882, 29.9218486256782], [-90.0889516052478, 29.9218151037651], [-90.0888747317204, 29.9216493432401]]]}}, {"type": "Feature", "properties": {"zone_id": "0203E89EMDW982C7L742MJ", "tract_id": "22071009600", "city": "NEW ORLEANS, LA", "zone_code": "HU-RD2", "zone_category": "Residential", "ev_permitted": false}, "geometry": {"type": "Polygon", "coordinates": [[[-90.0881752730516, 29.9219184041386], [-90.0878018661515, 29.9220523968353], [-90.0878403099431, 29.9221346526924], [-90.0878802115412, 29.9222150466024], [-90.0882536189558, 29.922081052784], [-90.0881752730516, 29.9219184041386]]]}}, {"type": "Feature", "properties": {"zone_id": "0202AKECYV32DA1SCIVHFX", "tract_id": "22071009600", "city": "NEW ORLEANS, LA", "zone_code": "HU-RD2", "zone_category": "Residential", "ev_permitted": false}, "geometry": {"type": "Polygon", "coordinates": [[[-90.0880948445428, 29.9217501085143], [-90.0877207137124, 29.9218847193712], [-90.0877620114794, 29.9219682527709], [-90.0878018661515, 29.9220523968353], [-90.0881752730516, 29.9219184041386], [-90.0880948445428, 29.9217501085143]]]}}, {"type": "Feature", "properties": {"zone_id": "02049AZKPHH246ME1DQ08Z", "tract_id": "22071009600", "city": "NEW ORLEANS, LA", "zone_code": "MAGAZINE STREET USE RESTRICTION", "zone_category": "Other", "ev_permitted": false}, "geometry": {"type": "Polygon", "coordinates": [[[-90.0936428037032, 29.9211621676137], [-90.0935423892336, 29.9211844211645], [-90.0935565829255, 29.9212348732138], [-90.0936281136829, 29.9215058392505], [-90.0937278159836, 29.9214837431268], [-90.0936428037032, 29.9211621676137]]]}}, {"type": "Feature", "properties": {"zone_id": "02079SYJQZJXQ8T148HXCY", "tract_id": "22071009600", "city": "NEW ORLEANS, LA", "zone_code": "HU-B1", "zone_category": "Commercial", "ev_permitted": true}, "geometry": {"type": "Polygon", "coordinates": [[[-90.0935565829255, 29.9212348732138], [-90.0934565552685, 29.9212557463246], [-90.0935284092667, 29.921527935279], [-90.0936281136829, 29.9215058392505], [-90.0935565829255, 29.9212348732138]]]}}, {"type": "Feature", "properties": {"zone_id": "0201NU6IAIXIJY3TBV7LMN", "tract_id": "22071009600", "city": "NEW ORLEANS, LA", "zone_code": "HU-B1", "zone_category": "Commercial", "ev_permitted": true}, "geometry": {"type": "Polygon", "coordinates": [[[-90.0934565552685, 29.9212557463246], [-90.0933478961525, 29.9212784200456], [-90.0934201000064, 29.9215519386371], [-90.0935284092667, 29.921527935279], [-90.0934565552685, 29.9212557463246]]]}}, {"type": "Feature", "properties": {"zone_id": "0202KU30NHDLRASDB5IR9V", "tract_id": "22071009600", "city": "NEW ORLEANS, LA", "zone_code": "IZD - NON-COMMERCIAL STR SPECIAL EXCEPTION", "zone_category": "Commercial", "ev_permitted": true}, "geometry": {"type": "Polygon", "coordinates": [[[-90.0939400970781, 29.92109628144], [-90.0936428037032, 29.9211621676137], [-90.0937278159836, 29.9214837431268], [-90.0940257240686, 29.9214177208966], [-90.0939400970781, 29.92109628144]]]}}, {"type": "Feature", "properties": {"zone_id": "0202DOP39PC00V2C8SM884", "tract_id": "22071009600", "city": "NEW ORLEANS, LA", "zone_code": "HU-RD2", "zone_category": "Residential", "ev_permitted": false}, "geometry": {"type": "Polygon", "coordinates": [[[-90.0938974229314, 29.9209355332233], [-90.0935394460536, 29.9210148671055], [-90.0935814009394, 29.9211757755754], [-90.0939400970781, 29.92109628144], [-90.0938974229314, 29.9209355332233]]]}}, {"type": "Feature", "properties": {"zone_id": "0205LST9E6Z5PDITXLQ7OV", "tract_id": "22071009600", "city": "NEW ORLEANS, LA", "zone_code": "HU-B1", "zone_category": "Commercial", "ev_permitted": true}, "geometry": {"type": "Polygon", "coordinates": [[[-90.0935660209645, 29.9211167637181], [-90.0932182197037, 29.9211933118177], [-90.0932471975845, 29.9212994328347], [-90.0935565829255, 29.9212348732138], [-90.0935423892336, 29.9211844211645], [-90.0935814009394, 29.9211757755754], [-90.0935660209645, 29.9211167637181]]]}}, {"type": "Feature", "properties": {"zone_id": "0202E93SCWN3ZNQ57UGB08", "tract_id": "22071009600", "city": "NEW ORLEANS, LA", "zone_code": "HU-RD2", "zone_category": "Residential", "ev_permitted": false}, "geometry": {"type": "Polygon", "coordinates": [[[-90.093849681833, 29.9207561251389], [-90.0936431653441, 29.9208010633691], [-90.0936699957168, 29.9209008249875], [-90.0938756658956, 29.9208552444717], [-90.093849681833, 29.9207561251389]]]}}, {"type": "Feature", "properties": {"zone_id": "0202IH3IGLHEVF58FER3FU", "tract_id": "22071009600", "city": "NEW ORLEANS, LA", "zone_code": "MAGAZINE STREET USE RESTRICTION", "zone_category": "Other", "ev_permitted": false}, "geometry": {"type": "Polygon", "coordinates": [[[-90.0938756658956, 29.9208552444717], [-90.0935184433057, 29.920934411272], [-90.0935394460536, 29.9210148671055], [-90.0938974229314, 29.9209355332233], [-90.0938756658956, 29.9208552444717]]]}}, {"type": "Feature", "properties": {"zone_id": "0201HKKJN4HOXZTILA8PDF", "tract_id": "22071009600", "city": "NEW ORLEANS, LA", "zone_code": "IZD - BED AND BREAKFAST", "zone_category": "Other", "ev_permitted": false}, "geometry": {"type": "Polygon", "coordinates": [[[-90.0935844786834, 29.9205956769662], [-90.0934775123116, 29.9206182151685], [-90.0935608344906, 29.9209250171137], [-90.0936699957168, 29.9209008249875], [-90.0936431653441, 29.9208010633691], [-90.0935844786834, 29.9205956769662]]]}}, {"type": "Feature", "properties": {"zone_id": "0201JS3I0WDBC0LSMT5QPE", "tract_id": "22071009600", "city": "NEW ORLEANS, LA", "zone_code": "IZD - BED AND BREAKFAST", "zone_category": "Other", "ev_permitted": false}, "geometry": {"type": "Polygon", "coordinates": [[[-90.0934775123116, 29.9206182151685], [-90.0933796550974, 29.9206391727333], [-90.0934628412017, 29.9209467340396], [-90.0935608344906, 29.9209250171137], [-90.0934775123116, 29.9206182151685]]]}}, {"type": "Feature", "properties": {"zone_id": "0206859ZAVM77LXQ4FRFPO", "tract_id": "22071009600", "city": "NEW ORLEANS, LA", "zone_code": "IZD - BED AND BREAKFAST", "zone_category": "Other", "ev_permitted": false}, "geometry": {"type": "Polygon", "coordinates": [[[-90.0937948327227, 29.920549942235], [-90.0936907902748, 29.9205729006334], [-90.0937456391717, 29.920779084482], [-90.093849681833, 29.9207561251389], [-90.0937948327227, 29.920549942235]]]}}, {"type": "Feature", "properties": {"zone_id": "0200XXJKCWXWLZY9MSLNNJ", "tract_id": "22071009600", "city": "NEW ORLEANS, LA", "zone_code": "IZD - BED AND BREAKFAST", "zone_category": "Other", "ev_permitted": false}, "geometry": {"type": "Polygon", "coordinates": [[[-90.0936907902748, 29.9205729006334], [-90.0935844786834, 29.9205956769662], [-90.0936431653441, 29.9208010633691], [-90.0937456391717, 29.920779084482], [-90.0936907902748, 29.9205729006334]]]}}, {"type": "Feature", "properties": {"zone_id": "0203GHH9TKSOC0LA7J7XV0", "tract_id": "22071009600", "city": "NEW ORLEANS, LA", "zone_code": "IZD - NON-COMMERCIAL STR SPECIAL EXCEPTION", "zone_category": "Commercial", "ev_permitted": true}, "geometry": {"type": "Polygon", "coordinates": [[[-90.0934696250504, 29.9201555475864], [-90.0933309470793, 29.9201831035951], [-90.0934116325653, 29.9204913189584], [-90.0935497876439, 29.9204613652192], [-90.0934696250504, 29.9201555475864]]]}}, {"type": "Feature", "properties": {"zone_id": "0200N1S87G9L6GSP0TM09H", "tract_id": "22071009600", "city": "NEW ORLEANS, LA", "zone_code": "HU-RD2", "zone_category": "Residential", "ev_permitted": false}, "geometry": {"type": "Polygon", "coordinates": [[[-90.0936222699397, 29.9202301265007], [-90.0934963425777, 29.920257695489], [-90.0935497876439, 29.9204613652192], [-90.0936757064482, 29.9204344213429], [-90.0936222699397, 29.9202301265007]]]}}, {"type": "Feature", "properties": {"zone_id": "0206RLF6GM51VBLAEGLSIZ", "tract_id": "22071009600", "city": "NEW ORLEANS, LA", "zone_code": "HU-RD2", "zone_category": "Residential", "ev_permitted": false}, "geometry": {"type": "Polygon", "coordinates": [[[-90.0937064541436, 29.920212166131], [-90.0936222699397, 29.9202301265007], [-90.0936757064482, 29.9204344213429], [-90.0937598918503, 29.9204164609493], [-90.0937064541436, 29.920212166131]]]}}, {"type": "Feature", "properties": {"zone_id": "02040GEZF0TBSE7ORZC6T7", "tract_id": "22071009600", "city": "NEW ORLEANS, LA", "zone_code": "HU-RD2", "zone_category": "Residential", "ev_permitted": false}, "geometry": {"type": "Polygon", "coordinates": [[[-90.0936797276135, 29.920110643433], [-90.0934696250504, 29.9201555475864], [-90.0934963425777, 29.920257695489], [-90.0937064541436, 29.920212166131], [-90.0936797276135, 29.920110643433]]]}}, {"type": "Feature", "properties": {"zone_id": "0205GLRMGSGJ1PPJXLMMVZ", "tract_id": "22071009600", "city": "NEW ORLEANS, LA", "zone_code": "HU-RD2", "zone_category": "Residential", "ev_permitted": false}, "geometry": {"type": "Polygon", "coordinates": [[[-90.0936584775378, 29.9200304270787], [-90.0934483596025, 29.9200765815432], [-90.0933112958924, 29.920105181289], [-90.0933309470793, 29.9201831035951], [-90.0934696250504, 29.9201555475864], [-90.0936797276135, 29.920110643433], [-90.0936584775378, 29.9200304270787]]]}}, {"type": "Feature", "properties": {"zone_id": "0206FHRXERLBUUN9NYTTAW", "tract_id": "22071009600", "city": "NEW ORLEANS, LA", "zone_code": "HU-RD2", "zone_category": "Residential", "ev_permitted": false}, "geometry": {"type": "Polygon", "coordinates": [[[-90.0936379529219, 29.9199495932137], [-90.0932897572971, 29.9200194504281], [-90.0933112958924, 29.920105181289], [-90.0934483596025, 29.9200765815432], [-90.0936584775378, 29.9200304270787], [-90.0936379529219, 29.9199495932137]]]}}, {"type": "Feature", "properties": {"zone_id": "02056MTUNKQK6MJMV2H0ZH", "tract_id": "22071009600", "city": "NEW ORLEANS, LA", "zone_code": "IZD - NON-COMMERCIAL STR SPECIAL EXCEPTION", "zone_category": "Commercial", "ev_permitted": true}, "geometry": {"type": "Polygon", "coordinates": [[[-90.0936167029141, 29.9198693768509], [-90.0932692485271, 29.9199373652586], [-90.0932897572971, 29.9200194504281], [-90.0936379529219, 29.9199495932137], [-90.0936167029141, 29.9198693768509]]]}}, {"type": "Feature", "properties": {"zone_id": "02070X3WCOWYHBN7GZ8TDR", "tract_id": "22071009600", "city": "NEW ORLEANS, LA", "zone_code": "HU-RD2", "zone_category": "Residential", "ev_permitted": false}, "geometry": {"type": "Polygon", "coordinates": [[[-90.0935968261867, 29.9197941735864], [-90.0934938726023, 29.9198210848326], [-90.0934067139644, 29.9198473933313], [-90.0934224719218, 29.9199075537126], [-90.0936167029141, 29.9198693768509], [-90.0935968261867, 29.9197941735864]]]}}, {"type": "Feature", "properties": {"zone_id": "0201HNPFEHAVPNROGG9GKS", "tract_id": "22071009600", "city": "NEW ORLEANS, LA", "zone_code": "HU-RD2", "zone_category": "Residential", "ev_permitted": false}, "geometry": {"type": "Polygon", "coordinates": [[[-90.0935351207824, 29.9195622953625], [-90.0934307910925, 29.9195844424432], [-90.0934938726023, 29.9198210848326], [-90.0935968261867, 29.9197941735864], [-90.0935351207824, 29.9195622953625]]]}}, {"type": "Feature", "properties": {"zone_id": "0204E1SWMWVAHCLIBBKRB0", "tract_id": "22071009600", "city": "NEW ORLEANS, LA", "zone_code": "HU-RD2", "zone_category": "Residential", "ev_permitted": false}, "geometry": {"type": "Polygon", "coordinates": [[[-90.0934307910925, 29.9195844424432], [-90.0933415691829, 29.9196036056344], [-90.0934067139644, 29.9198473933313], [-90.0934938726023, 29.9198210848326], [-90.0934307910925, 29.9195844424432]]]}}, {"type": "Feature", "properties": {"zone_id": "0203TPLTVNUVHLFANHKIE8", "tract_id": "22071009600", "city": "NEW ORLEANS, LA", "zone_code": "HU-RD2", "zone_category": "Residential", "ev_permitted": false}, "geometry": {"type": "Polygon", "coordinates": [[[-90.0934122008016, 29.9191363026655], [-90.0933220533726, 29.9191537140076], [-90.0933995963706, 29.9194493633129], [-90.0934893178137, 29.9194303292996], [-90.0934122008016, 29.9191363026655]]]}}, {"type": "Feature", "properties": {"zone_id": "0202KC23JQ67PYRZ7GSEKY", "tract_id": "22071009600", "city": "NEW ORLEANS, LA", "zone_code": "IZD - BED AND BREAKFAST", "zone_category": "Other", "ev_permitted": false}, "geometry": {"type": "Polygon", "coordinates": [[[-90.0930620127128, 29.9211613319461], [-90.092470007337, 29.921331409253], [-90.0925021573347, 29.9214191684026], [-90.0928365589921, 29.9213236662786], [-90.0928410154385, 29.9213356105246], [-90.0930896254408, 29.9212646089301], [-90.0930620127128, 29.9211613319461]]]}}, {"type": "Feature", "properties": {"zone_id": "0201QELA055Y919RV2F21V", "tract_id": "22071009600", "city": "NEW ORLEANS, LA", "zone_code": "HU-RD2", "zone_category": "Residential", "ev_permitted": false}, "geometry": {"type": "Polygon", "coordinates": [[[-90.0879206839377, 29.9227099043674], [-90.0875343349645, 29.9228456495254], [-90.087572794458, 29.9229266542067], [-90.0879591436811, 29.9227909098392], [-90.0879206839377, 29.9227099043674]]]}}, {"type": "Feature", "properties": {"zone_id": "02011B4TXYKUCNIMAL356Y", "tract_id": "22071009600", "city": "NEW ORLEANS, LA", "zone_code": "HU-B1", "zone_category": "Commercial", "ev_permitted": true}, "geometry": {"type": "Polygon", "coordinates": [[[-90.0879591436811, 29.9227909098392], [-90.087572794458, 29.9229266542067], [-90.0876105363087, 29.9230076529813], [-90.087996885794, 29.9228719085044], [-90.0879591436811, 29.9227909098392]]]}}, {"type": "Feature", "properties": {"zone_id": "02045U8UK7KDOBXFSAGYLN", "tract_id": "22071009600", "city": "NEW ORLEANS, LA", "zone_code": "CPC", "zone_category": "Other", "ev_permitted": false}, "geometry": {"type": "Polygon", "coordinates": [[[-90.0930896254408, 29.9212646089301], [-90.0929388504557, 29.9213076689826], [-90.093057993658, 29.9216227251754], [-90.0931764645828, 29.9215885640743], [-90.0930896254408, 29.9212646089301]]]}}, {"type": "Feature", "properties": {"zone_id": "0204H804FF4FRIXHQ5PK2G", "tract_id": "22071009600", "city": "NEW ORLEANS, LA", "zone_code": "IZD - BED AND BREAKFAST", "zone_category": "Other", "ev_permitted": false}, "geometry": {"type": "Polygon", "coordinates": [[[-90.0933478961525, 29.9212784200456], [-90.0932471975845, 29.9212994328347], [-90.0933225786341, 29.9215735507414], [-90.0934201000064, 29.9215519386371], [-90.0933478961525, 29.9212784200456]]]}}, {"type": "Feature", "properties": {"zone_id": "0207FEE5EGN0CQIJG46XRT", "tract_id": "22071009600", "city": "NEW ORLEANS, LA", "zone_code": "CPC", "zone_category": "Other", "ev_permitted": false}, "geometry": {"type": "Polygon", "coordinates": [[[-90.0927298108447, 29.9213541527804], [-90.0926086062645, 29.9213887676807], [-90.0927314433051, 29.9217168836092], [-90.0928525515642, 29.9216819636338], [-90.0927298108447, 29.9213541527804]]]}}, {"type": "Feature", "properties": {"zone_id": "0202T523I9YQ6IL2ABB3SD", "tract_id": "22071009600", "city": "NEW ORLEANS, LA", "zone_code": "HU-B1", "zone_category": "Commercial", "ev_permitted": true}, "geometry": {"type": "Polygon", "coordinates": [[[-90.0928365589921, 29.9213236662786], [-90.0927298108447, 29.9213541527804], [-90.0928525515642, 29.9216819636338], [-90.0929591955826, 29.9216512135], [-90.0928365589921, 29.9213236662786]]]}}, {"type": "Feature", "properties": {"zone_id": "0201M1CV480BFU1H10SO0H", "tract_id": "22071009600", "city": "NEW ORLEANS, LA", "zone_code": "MAGAZINE STREET USE RESTRICTION", "zone_category": "Other", "ev_permitted": false}, "geometry": {"type": "Polygon", "coordinates": [[[-90.0929388504557, 29.9213076689826], [-90.0928410154385, 29.9213356105246], [-90.0929591955826, 29.9216512135], [-90.093057993658, 29.9216227251754], [-90.0929388504557, 29.9213076689826]]]}}, {"type": "Feature", "properties": {"zone_id": "02065L24LLM1PF37AX65WU", "tract_id": "22071009600", "city": "NEW ORLEANS, LA", "zone_code": "IZD - BED AND BREAKFAST", "zone_category": "Other", "ev_permitted": false}, "geometry": {"type": "Polygon", "coordinates": [[[-90.0935497239686, 29.9210551168235], [-90.0932005852278, 29.9211319590275], [-90.0932182197037, 29.9211933118177], [-90.0935660209645, 29.9211167637181], [-90.0935497239686, 29.9210551168235]]]}}, {"type": "Feature", "properties": {"zone_id": "02031QD7P1JBMNHL3UJNPB", "tract_id": "22071009600", "city": "NEW ORLEANS, LA", "zone_code": "IZD - BED AND BREAKFAST", "zone_category": "Other", "ev_permitted": false}, "geometry": {"type": "Polygon", "coordinates": [[[-90.0935184433057, 29.920934411272], [-90.0933646359888, 29.9209684985178], [-90.093263966162, 29.9209866397902], [-90.0931682368823, 29.9210120228509], [-90.0932005852278, 29.9211319590275], [-90.0935497239686, 29.9210551168235], [-90.0935184433057, 29.920934411272]]]}}, {"type": "Feature", "properties": {"zone_id": "0203KNSASS7FWX6YMEGFX5", "tract_id": "22071009600", "city": "NEW ORLEANS, LA", "zone_code": "MAGAZINE STREET USE RESTRICTION", "zone_category": "Other", "ev_permitted": false}, "geometry": {"type": "Polygon", "coordinates": [[[-90.0930386885772, 29.9210748443914], [-90.0926935102823, 29.9211758301854], [-90.0927263945828, 29.9212581873369], [-90.0930620127128, 29.9211613319461], [-90.0930386885772, 29.9210748443914]]]}}, {"type": "Feature", "properties": {"zone_id": "02061SDU8FHUV9V0FWJ5ZP", "tract_id": "22071009600", "city": "NEW ORLEANS, LA", "zone_code": "HU-RD2", "zone_category": "Residential", "ev_permitted": false}, "geometry": {"type": "Polygon", "coordinates": [[[-90.0930146923555, 29.9209846008256], [-90.0928137289918, 29.9210445924044], [-90.0928463817393, 29.9211311679754], [-90.0930386885772, 29.9210748443914], [-90.0930146923555, 29.9209846008256]]]}}, {"type": "Feature", "properties": {"zone_id": "0207GYMGNP3U4ZNNJU19XE", "tract_id": "22071009600", "city": "NEW ORLEANS, LA", "zone_code": "IZD - BED AND BREAKFAST", "zone_category": "Other", "ev_permitted": false}, "geometry": {"type": "Polygon", "coordinates": [[[-90.0926086062645, 29.9213887676807], [-90.0925021573347, 29.9214191684026], [-90.0926250538154, 29.9217475601729], [-90.0927314433051, 29.9217168836092], [-90.0926086062645, 29.9213887676807]]]}}, {"type": "Feature", "properties": {"zone_id": "0207CJKMCQB7FQR1X4BW2O", "tract_id": "22071009600", "city": "NEW ORLEANS, LA", "zone_code": "IZD - COMMERCIAL SHORT TERM RENTAL", "zone_category": "Other", "ev_permitted": false}, "geometry": {"type": "Polygon", "coordinates": [[[-90.0922819624885, 29.9213015388718], [-90.0918909555223, 29.9214171655427], [-90.091921485643, 29.9215012203308], [-90.0923118768082, 29.9213857465503], [-90.0922819624885, 29.9213015388718]]]}}, {"type": "Feature", "properties": {"zone_id": "0205HHLKLDZFLHUVZF3GVL", "tract_id": "22071009600", "city": "NEW ORLEANS, LA", "zone_code": "CPC", "zone_category": "Other", "ev_permitted": false}, "geometry": {"type": "Polygon", "coordinates": [[[-90.0923118768082, 29.9213857465503], [-90.091921485643, 29.9215012203308], [-90.0919527179373, 29.9215865331302], [-90.0922465884637, 29.9214999122815], [-90.0922692117596, 29.9215618337598], [-90.0923646354912, 29.9215342632641], [-90.0923118768082, 29.9213857465503]]]}}, {"type": "Feature", "properties": {"zone_id": "0201VPLDSQ9554XNMLOX1K", "tract_id": "22071009600", "city": "NEW ORLEANS, LA", "zone_code": "IZD - BED AND BREAKFAST", "zone_category": "Other", "ev_permitted": false}, "geometry": {"type": "Polygon", "coordinates": [[[-90.0926935102823, 29.9211758301854], [-90.0924394389923, 29.9212504795588], [-90.092470007337, 29.921331409253], [-90.0927263945828, 29.9212581873369], [-90.0926935102823, 29.9211758301854]]]}}, {"type": "Feature", "properties": {"zone_id": "0205BAD6XJ6GUS13EVGL93", "tract_id": "22071009600", "city": "NEW ORLEANS, LA", "zone_code": "IZD - NON-COMMERCIAL STR SPECIAL EXCEPTION", "zone_category": "Commercial", "ev_permitted": true}, "geometry": {"type": "Polygon", "coordinates": [[[-90.0925656257806, 29.9208434721124], [-90.0924202822525, 29.9208864754367], [-90.092545313738, 29.9212195970949], [-90.0926935102823, 29.9211758301854], [-90.0925656257806, 29.9208434721124]]]}}, {"type": "Feature", "properties": {"zone_id": "0200ASN7W740LZ7H5C0Z9P", "tract_id": "22071009600", "city": "NEW ORLEANS, LA", "zone_code": "IZD - BED AND BREAKFAST", "zone_category": "Other", "ev_permitted": false}, "geometry": {"type": "Polygon", "coordinates": [[[-90.0924202822525, 29.9208864754367], [-90.092315124465, 29.9209173645625], [-90.0924394389923, 29.9212504795588], [-90.092545313738, 29.9212195970949], [-90.0924202822525, 29.9208864754367]]]}}, {"type": "Feature", "properties": {"zone_id": "02026D33HKJJBFETNTDVZC", "tract_id": "22071009600", "city": "NEW ORLEANS, LA", "zone_code": "MAGAZINE STREET USE RESTRICTION", "zone_category": "Other", "ev_permitted": false}, "geometry": {"type": "Polygon", "coordinates": [[[-90.0920619316143, 29.92099869529], [-90.0919704696347, 29.9210247123201], [-90.0920625690331, 29.9212844159451], [-90.0921541553934, 29.9212577422977], [-90.0920619316143, 29.92099869529]]]}}, {"type": "Feature", "properties": {"zone_id": "0201MI0SWXOP4X5OQ4RXW7", "tract_id": "22071009600", "city": "NEW ORLEANS, LA", "zone_code": "MAGAZINE STREET USE RESTRICTION", "zone_category": "Other", "ev_permitted": false}, "geometry": {"type": "Polygon", "coordinates": [[[-90.0921640339783, 29.9209695693644], [-90.0920619316143, 29.92099869529], [-90.0921541553934, 29.9212577422977], [-90.0922561131064, 29.9212287737269], [-90.0921640339783, 29.9209695693644]]]}}, {"type": "Feature", "properties": {"zone_id": "0201KIS0WJ1XT3GHNVO5FU", "tract_id": "22071009600", "city": "NEW ORLEANS, LA", "zone_code": "IZD - BED AND BREAKFAST", "zone_category": "Other", "ev_permitted": false}, "geometry": {"type": "Polygon", "coordinates": [[[-90.0922561131064, 29.9212287737269], [-90.0920625690331, 29.9212844159451], [-90.0920890271852, 29.9213590229116], [-90.0922819624885, 29.9213015388718], [-90.0922561131064, 29.9212287737269]]]}}, {"type": "Feature", "properties": {"zone_id": "0201M7V3L7UFOI0AZ44305", "tract_id": "22071009600", "city": "NEW ORLEANS, LA", "zone_code": "MAGAZINE STREET USE RESTRICTION", "zone_category": "Other", "ev_permitted": false}, "geometry": {"type": "Polygon", "coordinates": [[[-90.0933796550974, 29.9206391727333], [-90.0932803624872, 29.9206601166938], [-90.0933646359888, 29.9209684985178], [-90.0934628412017, 29.9209467340396], [-90.0933796550974, 29.9206391727333]]]}}, {"type": "Feature", "properties": {"zone_id": "0201AUZPQV1RE2ZJ6LNTR3", "tract_id": "22071009600", "city": "NEW ORLEANS, LA", "zone_code": "IZD - BED AND BREAKFAST", "zone_category": "Other", "ev_permitted": false}, "geometry": {"type": "Polygon", "coordinates": [[[-90.0932803624872, 29.9206601166938], [-90.0931824984811, 29.9206816974895], [-90.093263966162, 29.9209866397902], [-90.0933646359888, 29.9209684985178], [-90.0932803624872, 29.9206601166938]]]}}, {"type": "Feature", "properties": {"zone_id": "0204UOS4U5NVU40K99AB7W", "tract_id": "22071009600", "city": "NEW ORLEANS, LA", "zone_code": "HU-RD2", "zone_category": "Residential", "ev_permitted": false}, "geometry": {"type": "Polygon", "coordinates": [[[-90.093230919129, 29.9208630818043], [-90.0931331304274, 29.9208847534978], [-90.0931682368823, 29.9210120228509], [-90.093263966162, 29.9209866397902], [-90.093230919129, 29.9208630818043]]]}}, {"type": "Feature", "properties": {"zone_id": "02043G3KA90SBW7I5UURFQ", "tract_id": "22071009600", "city": "NEW ORLEANS, LA", "zone_code": "HU-RD2", "zone_category": "Residential", "ev_permitted": false}, "geometry": {"type": "Polygon", "coordinates": [[[-90.0931824984811, 29.9206816974895], [-90.093083923465, 29.9207026480678], [-90.0931331304274, 29.9208847534978], [-90.093230919129, 29.9208630818043], [-90.0931824984811, 29.9206816974895]]]}}, {"type": "Feature", "properties": {"zone_id": "0203G8S92YF95DIFA801UK", "tract_id": "22071009600", "city": "NEW ORLEANS, LA", "zone_code": "MAGAZINE STREET USE RESTRICTION", "zone_category": "Other", "ev_permitted": false}, "geometry": {"type": "Polygon", "coordinates": [[[-90.0928193145866, 29.9207683389085], [-90.0927206394407, 29.9207974155607], [-90.0928137289918, 29.9210445924044], [-90.0929124131373, 29.921014892325], [-90.0928193145866, 29.9207683389085]]]}}, {"type": "Feature", "properties": {"zone_id": "0201W4Y067XHYMLRZOCEB2", "tract_id": "22071009600", "city": "NEW ORLEANS, LA", "zone_code": "IZD - BED AND BREAKFAST", "zone_category": "Other", "ev_permitted": false}, "geometry": {"type": "Polygon", "coordinates": [[[-90.0929468013696, 29.9207307840462], [-90.0928193145866, 29.9207683389085], [-90.0929124131373, 29.921014892325], [-90.0930146923555, 29.9209846008256], [-90.0929468013696, 29.9207307840462]]]}}, {"type": "Feature", "properties": {"zone_id": "0201MX5V6YYN2FCCSE5XU0", "tract_id": "22071009600", "city": "NEW ORLEANS, LA", "zone_code": "MAGAZINE STREET USE RESTRICTION", "zone_category": "Other", "ev_permitted": false}, "geometry": {"type": "Polygon", "coordinates": [[[-90.0927206394407, 29.9207974155607], [-90.0925656257806, 29.9208434721124], [-90.0926935102823, 29.9211758301854], [-90.0928463817393, 29.9211311679754], [-90.0927206394407, 29.9207974155607]]]}}, {"type": "Feature", "properties": {"zone_id": "0206SLK1BX8DRL1R7U6VSP", "tract_id": "22071009600", "city": "NEW ORLEANS, LA", "zone_code": "IZD - NON-COMMERCIAL STR SPECIAL EXCEPTION", "zone_category": "Commercial", "ev_permitted": true}, "geometry": {"type": "Polygon", "coordinates": [[[-90.0928219775716, 29.9202994722957], [-90.0926901629665, 29.9203388619519], [-90.0928019270185, 29.9206424771263], [-90.0929041981305, 29.9206128099814], [-90.0928219775716, 29.9202994722957]]]}}, {"type": "Feature", "properties": {"zone_id": "0201O2M81IEBV3B40VGBTH", "tract_id": "22071009600", "city": "NEW ORLEANS, LA", "zone_code": "IZD - BED AND BREAKFAST", "zone_category": "Other", "ev_permitted": false}, "geometry": {"type": "Polygon", "coordinates": [[[-90.0923811504597, 29.9204315915687], [-90.0922716648002, 29.920464315564], [-90.092383442229, 29.920766680735], [-90.0924927539477, 29.9207345585963], [-90.0923811504597, 29.9204315915687]]]}}, {"type": "Feature", "properties": {"zone_id": "0205R3FDQTNW5BYO5TNHTR", "tract_id": "22071009600", "city": "NEW ORLEANS, LA", "zone_code": "IZD - NON-COMMERCIAL STR SPECIAL EXCEPTION", "zone_category": "Commercial", "ev_permitted": true}, "geometry": {"type": "Polygon", "coordinates": [[[-90.0924740704554, 29.9204037122748], [-90.0923811504597, 29.9204315915687], [-90.0924927539477, 29.9207345585963], [-90.0925858416939, 29.9207067024581], [-90.0924740704554, 29.9204037122748]]]}}, {"type": "Feature", "properties": {"zone_id": "02072BYTRBHU38WFBI1YSG", "tract_id": "22071009600", "city": "NEW ORLEANS, LA", "zone_code": "HU-RD2", "zone_category": "Residential", "ev_permitted": false}, "geometry": {"type": "Polygon", "coordinates": [[[-90.0925871588539, 29.9203697725064], [-90.0924740704554, 29.9204037122748], [-90.0925858416939, 29.9207067024581], [-90.0926989226272, 29.9206733877671], [-90.0925871588539, 29.9203697725064]]]}}, {"type": "Feature", "properties": {"zone_id": "0206WG1C6CJ2SGD1XI6CY3", "tract_id": "22071009600", "city": "NEW ORLEANS, LA", "zone_code": "HU-RD2", "zone_category": "Residential", "ev_permitted": false}, "geometry": {"type": "Polygon", "coordinates": [[[-90.0926901629665, 29.9203388619519], [-90.0925871588539, 29.9203697725064], [-90.0926989226272, 29.9206733877671], [-90.0928019270185, 29.9206424771263], [-90.0926901629665, 29.9203388619519]]]}}, {"type": "Feature", "properties": {"zone_id": "0201603WLROF6AY4YP3AJR", "tract_id": "22071009600", "city": "NEW ORLEANS, LA", "zone_code": "IZD - BED AND BREAKFAST", "zone_category": "Other", "ev_permitted": false}, "geometry": {"type": "Polygon", "coordinates": [[[-90.0922716648002, 29.920464315564], [-90.092181622134, 29.9204915966198], [-90.0922919727727, 29.9207933231615], [-90.092383442229, 29.920766680735], [-90.0922716648002, 29.920464315564]]]}}, {"type": "Feature", "properties": {"zone_id": "020417O3YH52INUT6NWB9Z", "tract_id": "22071009600", "city": "NEW ORLEANS, LA", "zone_code": "MAGAZINE STREET USE RESTRICTION", "zone_category": "Other", "ev_permitted": false}, "geometry": {"type": "Polygon", "coordinates": [[[-90.0918909555223, 29.9214171655427], [-90.0915099274327, 29.9215298429457], [-90.0915716903178, 29.9216992098173], [-90.0919527179373, 29.9215865331302], [-90.0918909555223, 29.9214171655427]]]}}, {"type": "Feature", "properties": {"zone_id": "0205Q1WVOSVXBDW40N6CWK", "tract_id": "22071009600", "city": "NEW ORLEANS, LA", "zone_code": "HU-RD2", "zone_category": "Residential", "ev_permitted": false}, "geometry": {"type": "Polygon", "coordinates": [[[-90.0914886520987, 29.9211633176862], [-90.0913849456754, 29.9211929701861], [-90.0915099274327, 29.9215298429457], [-90.0916093301404, 29.921500149719], [-90.0914886520987, 29.9211633176862]]]}}, {"type": "Feature", "properties": {"zone_id": "02039M0WAK1RO5X0QD8CAD", "tract_id": "22071009600", "city": "NEW ORLEANS, LA", "zone_code": "MAGAZINE STREET USE RESTRICTION", "zone_category": "Other", "ev_permitted": false}, "geometry": {"type": "Polygon", "coordinates": [[[-90.0915808397891, 29.9211366825946], [-90.0914886520987, 29.9211633176862], [-90.0916093301404, 29.921500149719], [-90.0916950444437, 29.9214747039285], [-90.0915808397891, 29.9211366825946]]]}}, {"type": "Feature", "properties": {"zone_id": "0200GNG24Q1ER0S7B9E7F5", "tract_id": "22071009600", "city": "NEW ORLEANS, LA", "zone_code": "HU-RD2", "zone_category": "Residential", "ev_permitted": false}, "geometry": {"type": "Polygon", "coordinates": [[[-90.0918696399346, 29.9210537662003], [-90.0917694822337, 29.9210865778197], [-90.0918909555223, 29.9214171655427], [-90.0919889148532, 29.9213880845564], [-90.0918696399346, 29.9210537662003]]]}}, {"type": "Feature", "properties": {"zone_id": "0203OT1NFZEXHW86IYQ1GL", "tract_id": "22071009600", "city": "NEW ORLEANS, LA", "zone_code": "HU-RD2", "zone_category": "Residential", "ev_permitted": false}, "geometry": {"type": "Polygon", "coordinates": [[[-90.0919704696347, 29.9210247123201], [-90.0918696399346, 29.9210537662003], [-90.0919889148532, 29.9213880845564], [-90.0920890271852, 29.9213590229116], [-90.0919704696347, 29.9210247123201]]]}}, {"type": "Feature", "properties": {"zone_id": "02021BABFM3TSYIO20UO16", "tract_id": "22071009600", "city": "NEW ORLEANS, LA", "zone_code": "HU-RD2", "zone_category": "Residential", "ev_permitted": false}, "geometry": {"type": "Polygon", "coordinates": [[[-90.0916787844282, 29.92110885129], [-90.0915808397891, 29.9211366825946], [-90.0916950444437, 29.9214747039285], [-90.0917987598682, 29.921444426925], [-90.0916787844282, 29.92110885129]]]}}, {"type": "Feature", "properties": {"zone_id": "0204ODVVT1XN72RXOPMR5X", "tract_id": "22071009600", "city": "NEW ORLEANS, LA", "zone_code": "IZD - BED AND BREAKFAST", "zone_category": "Other", "ev_permitted": false}, "geometry": {"type": "Polygon", "coordinates": [[[-90.0917694822337, 29.9210865778197], [-90.0916787844282, 29.92110885129], [-90.0917987598682, 29.921444426925], [-90.0918909555223, 29.9214171655427], [-90.0917694822337, 29.9210865778197]]]}}, {"type": "Feature", "properties": {"zone_id": "0201O7HFFI0LM0ZN8VBCFE", "tract_id": "22071009600", "city": "NEW ORLEANS, LA", "zone_code": "IZD - BED AND BREAKFAST", "zone_category": "Other", "ev_permitted": false}, "geometry": {"type": "Polygon", "coordinates": [[[-90.0910742595362, 29.921304434715], [-90.0908862650341, 29.9213601700243], [-90.0910035940298, 29.9216775919858], [-90.0911920183326, 29.9216219850725], [-90.0910742595362, 29.921304434715]]]}}, {"type": "Feature", "properties": {"zone_id": "0200PMSF9M8RAB4DOGM1P2", "tract_id": "22071009600", "city": "NEW ORLEANS, LA", "zone_code": "MAGAZINE STREET USE RESTRICTION", "zone_category": "Other", "ev_permitted": false}, "geometry": {"type": "Polygon", "coordinates": [[[-90.0912247949065, 29.9212602214792], [-90.0910742595362, 29.921304434715], [-90.0911920183326, 29.9216219850725], [-90.0913421274543, 29.9215774347522], [-90.0912247949065, 29.9212602214792]]]}}, {"type": "Feature", "properties": {"zone_id": "0200DWIMKS1ZO02O3EK35D", "tract_id": "22071009600", "city": "", "zone_code": "HU-RD2", "zone_category": "Residential", "ev_permitted": false}, "geometry": {"type": "Polygon", "coordinates": [[[-90.0907753357541, 29.9213935043945], [-90.0906738769864, 29.9214230287011], [-90.0907656234247, 29.921665583932], [-90.0908648881103, 29.9216362743112], [-90.0907753357541, 29.9213935043945]]]}}, {"type": "Feature", "properties": {"zone_id": "0203065FWIPS4CDL9Z23IJ", "tract_id": "22071009600", "city": "", "zone_code": "MAGAZINE STREET USE RESTRICTION", "zone_category": "Other", "ev_permitted": false}, "geometry": {"type": "Polygon", "coordinates": [[[-90.0906738769864, 29.9214230287011], [-90.0905742184348, 29.9214530390977], [-90.090665760041, 29.9216950583438], [-90.0907656234247, 29.921665583932], [-90.0906738769864, 29.9214230287011]]]}}, {"type": "Feature", "properties": {"zone_id": "02046M2OG0KUO3AQTTZZOZ", "tract_id": "22071009600", "city": "NEW ORLEANS, LA", "zone_code": "HU-RD2", "zone_category": "Residential", "ev_permitted": false}, "geometry": {"type": "Polygon", "coordinates": [[[-90.0908862650341, 29.9213601700243], [-90.0907753357541, 29.9213935043945], [-90.0908926711825, 29.9217103012719], [-90.0910035940298, 29.9216775919858], [-90.0908862650341, 29.9213601700243]]]}}, {"type": "Feature", "properties": {"zone_id": "0201ZBDI752GDII6F9E5W8", "tract_id": "22071009600", "city": "NEW ORLEANS, LA", "zone_code": "IZD - BED AND BREAKFAST", "zone_category": "Other", "ev_permitted": false}, "geometry": {"type": "Polygon", "coordinates": [[[-90.091075965557, 29.9208973907002], [-90.0909828710737, 29.9209240746164], [-90.091065531788, 29.9211463672635], [-90.0911589021405, 29.9211192528224], [-90.091075965557, 29.9208973907002]]]}}, {"type": "Feature", "properties": {"zone_id": "0206BZFF9AFJV50KAG4COX", "tract_id": "22071009600", "city": "NEW ORLEANS, LA", "zone_code": "IZD - BED AND BREAKFAST", "zone_category": "Other", "ev_permitted": false}, "geometry": {"type": "Polygon", "coordinates": [[[-90.0908813234973, 29.9209531218633], [-90.0907848074009, 29.9209815913153], [-90.0908674687573, 29.9212038840949], [-90.0909669327281, 29.9211750003307], [-90.0909251451846, 29.9210636686717], [-90.0908813234973, 29.9209531218633]]]}}, {"type": "Feature", "properties": {"zone_id": "0205V2GLSYEFBTJY3PX2Z3", "tract_id": "22071009600", "city": "NEW ORLEANS, LA", "zone_code": "IZD - NON-COMMERCIAL STR SPECIAL EXCEPTION", "zone_category": "Commercial", "ev_permitted": true}, "geometry": {"type": "Polygon", "coordinates": [[[-90.0909828710737, 29.9209240746164], [-90.0908813234973, 29.9209531218633], [-90.0909251451846, 29.9210636686717], [-90.0909669327281, 29.9211750003307], [-90.091065531788, 29.9211463672635], [-90.0909828710737, 29.9209240746164]]]}}, {"type": "Feature", "properties": {"zone_id": "0202OPAKZW7FG56HJ4VBV5", "tract_id": "22071009600", "city": "NEW ORLEANS, LA", "zone_code": "IZD - NON-COMMERCIAL STR SPECIAL EXCEPTION", "zone_category": "Commercial", "ev_permitted": true}, "geometry": {"type": "Polygon", "coordinates": [[[-90.0907848074009, 29.9209815913153], [-90.0907041160359, 29.9210040037492], [-90.0907867333154, 29.9212273283156], [-90.0908674687573, 29.9212038840949], [-90.0907848074009, 29.9209815913153]]]}}, {"type": "Feature", "properties": {"zone_id": "02019Y4DFP4TTFZH78U1TP", "tract_id": "22071009600", "city": "NEW ORLEANS, LA", "zone_code": "HU-RD2", "zone_category": "Residential", "ev_permitted": false}, "geometry": {"type": "Polygon", "coordinates": [[[-90.0917634857224, 29.9205301591444], [-90.091679940831, 29.9205543749616], [-90.0918224029449, 29.9209282956244], [-90.0919059636769, 29.9209028284714], [-90.0917634857224, 29.9205301591444]]]}}, {"type": "Feature", "properties": {"zone_id": "0204UKL6OO92847NCD6OAL", "tract_id": "22071009600", "city": "NEW ORLEANS, LA", "zone_code": "IZD - BED AND BREAKFAST", "zone_category": "Other", "ev_permitted": false}, "geometry": {"type": "Polygon", "coordinates": [[[-90.091679940831, 29.9205543749616], [-90.0915920664955, 29.9205804264947], [-90.0917237185606, 29.9209579948865], [-90.0918224029449, 29.9209282956244], [-90.091679940831, 29.9205543749616]]]}}, {"type": "Feature", "properties": {"zone_id": "0200TV8GKMHHHSLRWM96YD", "tract_id": "22071009600", "city": "NEW ORLEANS, LA", "zone_code": "IZD - NON-COMMERCIAL STR SPECIAL EXCEPTION", "zone_category": "Commercial", "ev_permitted": true}, "geometry": {"type": "Polygon", "coordinates": [[[-90.0915195291288, 29.9207003906513], [-90.0914323878575, 29.9207251985083], [-90.0915421987006, 29.9210125426517], [-90.0916279193438, 29.9209864717215], [-90.0915195291288, 29.9207003906513]]]}}, {"type": "Feature", "properties": {"zone_id": "0202LF64SY6MN85BWTBCIN", "tract_id": "22071009600", "city": "NEW ORLEANS, LA", "zone_code": "IZD - NON-COMMERCIAL STR SPECIAL EXCEPTION", "zone_category": "Commercial", "ev_permitted": true}, "geometry": {"type": "Polygon", "coordinates": [[[-90.0916232360247, 29.9206707389554], [-90.0915195291288, 29.9207003906513], [-90.0916279193438, 29.9209864717215], [-90.0917237185606, 29.9209579948865], [-90.0916232360247, 29.9206707389554]]]}}, {"type": "Feature", "properties": {"zone_id": "02072S6HNBSBP7DJ4J9Y3I", "tract_id": "22071009600", "city": "NEW ORLEANS, LA", "zone_code": "HU-RD2", "zone_category": "Residential", "ev_permitted": false}, "geometry": {"type": "Polygon", "coordinates": [[[-90.0914323878575, 29.9207251985083], [-90.0912293021383, 29.9207826675547], [-90.0912907556972, 29.920943190708], [-90.0914925974362, 29.9208827532125], [-90.0914323878575, 29.9207251985083]]]}}, {"type": "Feature", "properties": {"zone_id": "0204ARQG9UZAU2GNB3Z2UB", "tract_id": "22071009600", "city": "NEW ORLEANS, LA", "zone_code": "HU-RD2", "zone_category": "Residential", "ev_permitted": false}, "geometry": {"type": "Polygon", "coordinates": [[[-90.0914925974362, 29.9208827532125], [-90.0912907556972, 29.920943190708], [-90.0913405078896, 29.9210731512689], [-90.0915421987006, 29.9210125426517], [-90.0914925974362, 29.9208827532125]]]}}, {"type": "Feature", "properties": {"zone_id": "0202RALESPRVJACJIR44U8", "tract_id": "22071009600", "city": "NEW ORLEANS, LA", "zone_code": "IZD - BED AND BREAKFAST", "zone_category": "Other", "ev_permitted": false}, "geometry": {"type": "Polygon", "coordinates": [[[-90.091936735137, 29.9203905158703], [-90.0915643599594, 29.9205001479398], [-90.0915920664955, 29.9205804264947], [-90.0919658850803, 29.9204701818195], [-90.091936735137, 29.9203905158703]]]}}, {"type": "Feature", "properties": {"zone_id": "0202H80SQJZULMT82FWV3G", "tract_id": "22071009600", "city": "NEW ORLEANS, LA", "zone_code": "IZD - NON-COMMERCIAL STR SPECIAL EXCEPTION", "zone_category": "Commercial", "ev_permitted": true}, "geometry": {"type": "Polygon", "coordinates": [[[-90.0919658850803, 29.9204701818195], [-90.0917634857224, 29.9205301591444], [-90.0919059636769, 29.9209028284714], [-90.0919952891105, 29.9208755408331], [-90.0918677957563, 29.9205410970715], [-90.0919799231073, 29.9205078443714], [-90.0919658850803, 29.9204701818195]]]}}, {"type": "Feature", "properties": {"zone_id": "0205Y3E7P19JSC2E6C041U", "tract_id": "22071009600", "city": "NEW ORLEANS, LA", "zone_code": "IZD - NON-COMMERCIAL STR SPECIAL EXCEPTION", "zone_category": "Commercial", "ev_permitted": true}, "geometry": {"type": "Polygon", "coordinates": [[[-90.0919799231073, 29.9205078443714], [-90.0918677957563, 29.9205410970715], [-90.0919952891105, 29.9208755408331], [-90.0921047753118, 29.9208428170695], [-90.0919799231073, 29.9205078443714]]]}}, {"type": "Feature", "properties": {"zone_id": "0201UVKPBHNNVBAS5QROUJ", "tract_id": "22071009600", "city": "NEW ORLEANS, LA", "zone_code": "IZD - BED AND BREAKFAST", "zone_category": "Other", "ev_permitted": false}, "geometry": {"type": "Polygon", "coordinates": [[[-90.0915303986261, 29.9204035584544], [-90.0911292209765, 29.9205210455737], [-90.0911660604494, 29.9206170370982], [-90.0915643599594, 29.9205001479398], [-90.0915303986261, 29.9204035584544]]]}}, {"type": "Feature", "properties": {"zone_id": "0201AKQVOEO2CE9JA8SR8G", "tract_id": "22071009600", "city": "NEW ORLEANS, LA", "zone_code": "IZD - BED AND BREAKFAST", "zone_category": "Other", "ev_permitted": false}, "geometry": {"type": "Polygon", "coordinates": [[[-90.0915643599594, 29.9205001479398], [-90.0911660604494, 29.9206170370982], [-90.0912029452203, 29.9207136389459], [-90.0915978837219, 29.9205972818398], [-90.0915643599594, 29.9205001479398]]]}}, {"type": "Feature", "properties": {"zone_id": "0203XUIVM6HN493IMNEZGN", "tract_id": "22071009600", "city": "NEW ORLEANS, LA", "zone_code": "HU-RD2", "zone_category": "Residential", "ev_permitted": false}, "geometry": {"type": "Polygon", "coordinates": [[[-90.0915978837219, 29.9205972818398], [-90.0912029452203, 29.9207136389459], [-90.0912293021383, 29.9207826675547], [-90.0916232360247, 29.9206707389554], [-90.0915978837219, 29.9205972818398]]]}}, {"type": "Feature", "properties": {"zone_id": "0206XN33XUYY647A710EZI", "tract_id": "22071009600", "city": "NEW ORLEANS, LA", "zone_code": "HU-RD2", "zone_category": "Residential", "ev_permitted": false}, "geometry": {"type": "Polygon", "coordinates": [[[-90.0910149378646, 29.9207341368042], [-90.0906444225049, 29.9208415309822], [-90.090674166688, 29.92092281061], [-90.0910446958957, 29.9208137428403], [-90.0910149378646, 29.9207341368042]]]}}, {"type": "Feature", "properties": {"zone_id": "0202M17X2YGH7067WIPAKB", "tract_id": "22071009600", "city": "NEW ORLEANS, LA", "zone_code": "IZD - NON-COMMERCIAL STR SPECIAL EXCEPTION", "zone_category": "Commercial", "ev_permitted": true}, "geometry": {"type": "Polygon", "coordinates": [[[-90.0909844591718, 29.9206526040075], [-90.0906151482251, 29.9207603640535], [-90.0906256641008, 29.9207919692854], [-90.0906444225049, 29.9208415309822], [-90.0910149378646, 29.9207341368042], [-90.0909844591718, 29.9206526040075]]]}}, {"type": "Feature", "properties": {"zone_id": "02052RC4QCKRDCA8U48V9L", "tract_id": "22071009600", "city": "NEW ORLEANS, LA", "zone_code": "IZD - NON-COMMERCIAL STR SPECIAL EXCEPTION", "zone_category": "Commercial", "ev_permitted": true}, "geometry": {"type": "Polygon", "coordinates": [[[-90.0910446958957, 29.9208137428403], [-90.090674166688, 29.92092281061], [-90.0907041160359, 29.9210040037492], [-90.091075965557, 29.9208973907002], [-90.0910446958957, 29.9208137428403]]]}}, {"type": "Feature", "properties": {"zone_id": "0206YVVTGZN9YN1Z92ZQFX", "tract_id": "22071009600", "city": "NEW ORLEANS, LA", "zone_code": "HU-RD2", "zone_category": "Residential", "ev_permitted": false}, "geometry": {"type": "Polygon", "coordinates": [[[-90.0909598533427, 29.9205867803675], [-90.0905895661117, 29.9206941088758], [-90.0906151482251, 29.9207603640535], [-90.0909844591718, 29.9206526040075], [-90.0909598533427, 29.9205867803675]]]}}, {"type": "Feature", "properties": {"zone_id": "0202PJVNL4D51XEK8JRI0K", "tract_id": "22071009600", "city": "", "zone_code": "IZD - NON-COMMERCIAL STR SPECIAL EXCEPTION", "zone_category": "Commercial", "ev_permitted": true}, "geometry": {"type": "Polygon", "coordinates": [[[-90.0908455630972, 29.9202810438293], [-90.0907422083502, 29.9203104591475], [-90.0908561755261, 29.9206168324068], [-90.0909598533427, 29.9205867803675], [-90.0908455630972, 29.9202810438293]]]}}, {"type": "Feature", "properties": {"zone_id": "0204AQM44KHMCAGMC7X3WN", "tract_id": "22071009600", "city": "", "zone_code": "IZD - BED AND BREAKFAST", "zone_category": "Other", "ev_permitted": false}, "geometry": {"type": "Polygon", "coordinates": [[[-90.0907422083502, 29.9203104591475], [-90.0906536152398, 29.9203356741151], [-90.0907673050842, 29.920642590682], [-90.0908561755261, 29.9206168324068], [-90.0907422083502, 29.9203104591475]]]}}, {"type": "Feature", "properties": {"zone_id": "0203OFA6XEJ5ERY0B3K7CS", "tract_id": "22071009600", "city": "", "zone_code": "IZD - NON-COMMERCIAL STR SPECIAL EXCEPTION", "zone_category": "Commercial", "ev_permitted": true}, "geometry": {"type": "Polygon", "coordinates": [[[-90.0906536152398, 29.9203356741151], [-90.0905650210602, 29.920360888111], [-90.0906784356209, 29.920668349809], [-90.0907673050842, 29.920642590682], [-90.0906536152398, 29.9203356741151]]]}}, {"type": "Feature", "properties": {"zone_id": "02062RW4IIDH3587PBFKTT", "tract_id": "22071009600", "city": "NEW ORLEANS, LA", "zone_code": "IZD - NON-COMMERCIAL STR SPECIAL EXCEPTION", "zone_category": "Commercial", "ev_permitted": true}, "geometry": {"type": "Polygon", "coordinates": [[[-90.0930612185114, 29.9202428415525], [-90.0929638063801, 29.9202626770197], [-90.0930475481363, 29.9205691530618], [-90.0931418024691, 29.9205494122657], [-90.0930612185114, 29.9202428415525]]]}}, {"type": "Feature", "properties": {"zone_id": "0202M11TPD9S62S9GW66PZ", "tract_id": "22071009600", "city": "NEW ORLEANS, LA", "zone_code": "IZD - NON-COMMERCIAL STR SPECIAL EXCEPTION", "zone_category": "Commercial", "ev_permitted": true}, "geometry": {"type": "Polygon", "coordinates": [[[-90.0931508718578, 29.9202236826148], [-90.0930612185114, 29.9202428415525], [-90.0931418024691, 29.9205494122657], [-90.0932303075748, 29.9205302433484], [-90.0931508718578, 29.9202236826148]]]}}, {"type": "Feature", "properties": {"zone_id": "0201TZCQ1YTY4U0XFK95AZ", "tract_id": "22071009600", "city": "NEW ORLEANS, LA", "zone_code": "IZD - BED AND BREAKFAST", "zone_category": "Other", "ev_permitted": false}, "geometry": {"type": "Polygon", "coordinates": [[[-90.0933309470793, 29.9201831035951], [-90.0932415338466, 29.9202042832076], [-90.0931508718578, 29.9202236826148], [-90.0932303075748, 29.9205302433484], [-90.0934116325653, 29.9204913189584], [-90.0933309470793, 29.9201831035951]]]}}, {"type": "Feature", "properties": {"zone_id": "02027RI7FZ4WA10O3I7KWL", "tract_id": "22071009600", "city": "NEW ORLEANS, LA", "zone_code": "HU-RD2", "zone_category": "Residential", "ev_permitted": false}, "geometry": {"type": "Polygon", "coordinates": [[[-90.0933112958924, 29.920105181289], [-90.0929415239149, 29.920180985589], [-90.0929638063801, 29.9202626770197], [-90.0930612185114, 29.9202428415525], [-90.0932415338466, 29.9202042832076], [-90.0933309470793, 29.9201831035951], [-90.0933112958924, 29.920105181289]]]}}, {"type": "Feature", "properties": {"zone_id": "0204ZTXSCGS2CNMBZX1OG9", "tract_id": "22071009600", "city": "NEW ORLEANS, LA", "zone_code": "IZD - BED AND BREAKFAST", "zone_category": "Other", "ev_permitted": false}, "geometry": {"type": "Polygon", "coordinates": [[[-90.0932692485271, 29.9199373652586], [-90.0928951828035, 29.9200101037674], [-90.0929178210047, 29.9200940839123], [-90.0932897572971, 29.9200194504281], [-90.0932692485271, 29.9199373652586]]]}}, {"type": "Feature", "properties": {"zone_id": "02042WW92B894C7A55S8Y6", "tract_id": "22071009600", "city": "NEW ORLEANS, LA", "zone_code": "HU-RD2", "zone_category": "Residential", "ev_permitted": false}, "geometry": {"type": "Polygon", "coordinates": [[[-90.0932897572971, 29.9200194504281], [-90.0929178210047, 29.9200940839123], [-90.0929415239149, 29.920180985589], [-90.0933112958924, 29.920105181289], [-90.0932897572971, 29.9200194504281]]]}}, {"type": "Feature", "properties": {"zone_id": "02039JTJ8N0RWRK5XZA9OJ", "tract_id": "22071009600", "city": "NEW ORLEANS, LA", "zone_code": "IZD - NON-COMMERCIAL STR SPECIAL EXCEPTION", "zone_category": "Commercial", "ev_permitted": true}, "geometry": {"type": "Polygon", "coordinates": [[[-90.092990068192, 29.9196769071829], [-90.0929030613171, 29.9196951697879], [-90.0929844868428, 29.9199925358909], [-90.0930685185383, 29.9199763401563], [-90.092990068192, 29.9196769071829]]]}}, {"type": "Feature", "properties": {"zone_id": "0205255Y1NGT1OQWIMXGLY", "tract_id": "22071009600", "city": "NEW ORLEANS, LA", "zone_code": "IZD - BED AND BREAKFAST", "zone_category": "Other", "ev_permitted": false}, "geometry": {"type": "Polygon", "coordinates": [[[-90.0929637957782, 29.919916972979], [-90.0928744918029, 29.9199345408416], [-90.0928951828035, 29.9200101037674], [-90.0929844868428, 29.9199925358909], [-90.0929637957782, 29.919916972979]]]}}, {"type": "Feature", "properties": {"zone_id": "0204OVWXOIO2KKYEBNK4XI", "tract_id": "22071009600", "city": "NEW ORLEANS, LA", "zone_code": "IZD - BED AND BREAKFAST", "zone_category": "Other", "ev_permitted": false}, "geometry": {"type": "Polygon", "coordinates": [[[-90.0926794738087, 29.9197555189063], [-90.0919866485984, 29.9199546485059], [-90.092151786468, 29.9204094232676], [-90.0928000570899, 29.9202154980028], [-90.0926794738087, 29.9197555189063]]]}}, {"type": "Feature", "properties": {"zone_id": "0203FHIG3WSV2XOIBMAI62", "tract_id": "22071009600", "city": "", "zone_code": "IZD - NON-COMMERCIAL STR SPECIAL EXCEPTION", "zone_category": "Commercial", "ev_permitted": true}, "geometry": {"type": "Polygon", "coordinates": [[[-90.0928000570899, 29.9202154980028], [-90.0924860058, 29.9203094308333], [-90.0925158505185, 29.9203909789481], [-90.0928219775716, 29.9202994722957], [-90.0928000570899, 29.9202154980028]]]}}, {"type": "Feature", "properties": {"zone_id": "0207DO2YMMO1UFYGW9UEEQ", "tract_id": "22071009600", "city": "NEW ORLEANS, LA", "zone_code": "IZD - NON-COMMERCIAL STR SPECIAL EXCEPTION", "zone_category": "Commercial", "ev_permitted": true}, "geometry": {"type": "Polygon", "coordinates": [[[-90.0924860058, 29.9203094308333], [-90.092151786468, 29.9204094232676], [-90.092181622134, 29.9204915966198], [-90.0925158505185, 29.9203909789481], [-90.0924860058, 29.9203094308333]]]}}, {"type": "Feature", "properties": {"zone_id": "0204FLA1RMJT98U7JM8UFD", "tract_id": "22071009600", "city": "NEW ORLEANS, LA", "zone_code": "IZD - BED AND BREAKFAST", "zone_category": "Other", "ev_permitted": false}, "geometry": {"type": "Polygon", "coordinates": [[[-90.093162421066, 29.9196406738026], [-90.092990068192, 29.9196769071829], [-90.0930685185383, 29.9199763401563], [-90.093243355382, 29.9199421222121], [-90.093162421066, 29.9196406738026]]]}}, {"type": "Feature", "properties": {"zone_id": "0200453TWBPSQX8D8G5KOH", "tract_id": "22071009600", "city": "NEW ORLEANS, LA", "zone_code": "IZD - BED AND BREAKFAST", "zone_category": "Other", "ev_permitted": false}, "geometry": {"type": "Polygon", "coordinates": [[[-90.0932516451143, 29.9196215107524], [-90.093162421066, 29.9196406738026], [-90.093243355382, 29.9199421222121], [-90.0933325543136, 29.9199248346053], [-90.0932516451143, 29.9196215107524]]]}}, {"type": "Feature", "properties": {"zone_id": "0204ZWF49COP452XAVJOET", "tract_id": "22071009600", "city": "NEW ORLEANS, LA", "zone_code": "IZD - BED AND BREAKFAST", "zone_category": "Other", "ev_permitted": false}, "geometry": {"type": "Polygon", "coordinates": [[[-90.0933415691829, 29.9196036056344], [-90.0932516451143, 29.9196215107524], [-90.0933325543136, 29.9199248346053], [-90.0934224719218, 29.9199075537126], [-90.0933415691829, 29.9196036056344]]]}}, {"type": "Feature", "properties": {"zone_id": "02065NMD83D3MM4IHLXWRF", "tract_id": "22071009600", "city": "NEW ORLEANS, LA", "zone_code": "IZD - BED AND BREAKFAST", "zone_category": "Other", "ev_permitted": false}, "geometry": {"type": "Polygon", "coordinates": [[[-90.0929030613171, 29.9196951697879], [-90.0928141961428, 29.9197130304599], [-90.0928744918029, 29.9199345408416], [-90.0929637957782, 29.919916972979], [-90.0929030613171, 29.9196951697879]]]}}, {"type": "Feature", "properties": {"zone_id": "02069Q49YP43L7W7T4N33T", "tract_id": "22071009600", "city": "NEW ORLEANS, LA", "zone_code": "IZD - BED AND BREAKFAST", "zone_category": "Other", "ev_permitted": false}, "geometry": {"type": "Polygon", "coordinates": [[[-90.0933220533726, 29.9191537140076], [-90.0932313965971, 29.9191718549016], [-90.0933145525999, 29.9194676979246], [-90.0933995963706, 29.9194493633129], [-90.0933220533726, 29.9191537140076]]]}}, {"type": "Feature", "properties": {"zone_id": "0204HGKMRT3XS1F6NM1SWT", "tract_id": "22071009600", "city": "NEW ORLEANS, LA", "zone_code": "IZD - BED AND BREAKFAST", "zone_category": "Other", "ev_permitted": false}, "geometry": {"type": "Polygon", "coordinates": [[[-90.0930573156017, 29.9192055322937], [-90.0929616388458, 29.9192243212881], [-90.0930454573843, 29.9195245474531], [-90.0931353979847, 29.9195053912387], [-90.0930573156017, 29.9192055322937]]]}}, {"type": "Feature", "properties": {"zone_id": "0200QOKLQ2ENCE8VDHSZ6V", "tract_id": "22071009600", "city": "NEW ORLEANS, LA", "zone_code": "HU-RD2", "zone_category": "Residential", "ev_permitted": false}, "geometry": {"type": "Polygon", "coordinates": [[[-90.0931429159988, 29.9191891483059], [-90.0930573156017, 29.9192055322937], [-90.0931353979847, 29.9195053912387], [-90.0932253375038, 29.9194862358553], [-90.0931429159988, 29.9191891483059]]]}}, {"type": "Feature", "properties": {"zone_id": "0201884DUUQ2EFM89UKY3L", "tract_id": "22071009600", "city": "NEW ORLEANS, LA", "zone_code": "IZD - BED AND BREAKFAST", "zone_category": "Other", "ev_permitted": false}, "geometry": {"type": "Polygon", "coordinates": [[[-90.0932313965971, 29.9191718549016], [-90.0931429159988, 29.9191891483059], [-90.0932253375038, 29.9194862358553], [-90.0933145525999, 29.9194676979246], [-90.0932313965971, 29.9191718549016]]]}}, {"type": "Feature", "properties": {"zone_id": "0200TBG9XJGCBDV2342R9I", "tract_id": "22071009600", "city": "NEW ORLEANS, LA", "zone_code": "HU-RD2", "zone_category": "Residential", "ev_permitted": false}, "geometry": {"type": "Polygon", "coordinates": [[[-90.0929616388458, 29.9192243212881], [-90.092827844624, 29.919249941514], [-90.0929116317277, 29.9195526666482], [-90.0930454573843, 29.9195245474531], [-90.0929616388458, 29.9192243212881]]]}}, {"type": "Feature", "properties": {"zone_id": "02054CHSFM5YHEQFY84465", "tract_id": "22071009600", "city": "NEW ORLEANS, LA", "zone_code": "IZD - NON-COMMERCIAL STR SPECIAL EXCEPTION", "zone_category": "Commercial", "ev_permitted": true}, "geometry": {"type": "Polygon", "coordinates": [[[-90.092827844624, 29.919249941514], [-90.0926933249294, 29.9192761773006], [-90.0927778137656, 29.9195801605348], [-90.0929116317277, 29.9195526666482], [-90.092827844624, 29.919249941514]]]}}, {"type": "Feature", "properties": {"zone_id": "0200NMJ8OIRW04UT14UECI", "tract_id": "22071009600", "city": "NEW ORLEANS, LA", "zone_code": "IZD - NON-COMMERCIAL STR SPECIAL EXCEPTION", "zone_category": "Commercial", "ev_permitted": true}, "geometry": {"type": "Polygon", "coordinates": [[[-90.0924285298454, 29.9193912031414], [-90.0923421164195, 29.9194153932131], [-90.0924469503327, 29.9196989391117], [-90.0925336119978, 29.9196741269683], [-90.0924285298454, 29.9193912031414]]]}}, {"type": "Feature", "properties": {"zone_id": "0207C83DDFSCBTUHXULJVU", "tract_id": "22071009600", "city": "NEW ORLEANS, LA", "zone_code": "HU-RD2", "zone_category": "Residential", "ev_permitted": false}, "geometry": {"type": "Polygon", "coordinates": [[[-90.0920443477574, 29.9194119583216], [-90.0919557656649, 29.9194373781664], [-90.0920911593341, 29.9198024793522], [-90.0921804681963, 29.9197764410266], [-90.0920547930507, 29.9194376874515], [-90.0920443477574, 29.9194119583216]]]}}, {"type": "Feature", "properties": {"zone_id": "0206CLJPBHH45MDITRQCSL", "tract_id": "22071009600", "city": "NEW ORLEANS, LA", "zone_code": "IZD - BED AND BREAKFAST", "zone_category": "Other", "ev_permitted": false}, "geometry": {"type": "Polygon", "coordinates": [[[-90.0921281423946, 29.919389229707], [-90.0920443477574, 29.9194119583216], [-90.0920547930507, 29.9194376874515], [-90.0921804681963, 29.9197764410266], [-90.0922222490699, 29.9197637078019], [-90.0922668907715, 29.9197516268019], [-90.0921281423946, 29.919389229707]]]}}, {"type": "Feature", "properties": {"zone_id": "0201KKUYQ7Z0Q3AM5NEZIN", "tract_id": "22071009600", "city": "NEW ORLEANS, LA", "zone_code": "IZD - BED AND BREAKFAST", "zone_category": "Other", "ev_permitted": false}, "geometry": {"type": "Polygon", "coordinates": [[[-90.0922179543117, 29.9193631852783], [-90.0921281423946, 29.919389229707], [-90.0922668907715, 29.9197516268019], [-90.0923596232349, 29.9197243710683], [-90.0922179543117, 29.9193631852783]]]}}, {"type": "Feature", "properties": {"zone_id": "0206NVHZVW56QI10UJ3CHV", "tract_id": "22071009600", "city": "NEW ORLEANS, LA", "zone_code": "HU-RD2", "zone_category": "Residential", "ev_permitted": false}, "geometry": {"type": "Polygon", "coordinates": [[[-90.0923036106391, 29.9193378269746], [-90.0922179543117, 29.9193631852783], [-90.0923596232349, 29.9197243710683], [-90.0924469503327, 29.9196989391117], [-90.0923421164195, 29.9194153932131], [-90.0923036106391, 29.9193378269746]]]}}, {"type": "Feature", "properties": {"zone_id": "0200U3HTTBYKCO9N69DL83", "tract_id": "22071009600", "city": "NEW ORLEANS, LA", "zone_code": "HU-RD2", "zone_category": "Residential", "ev_permitted": false}, "geometry": {"type": "Polygon", "coordinates": [[[-90.0925487860205, 29.9193579562777], [-90.0924285298454, 29.9193912031414], [-90.0925336119978, 29.9196741269683], [-90.0926241167466, 29.9196480996241], [-90.0925487860205, 29.9193579562777]]]}}, {"type": "Feature", "properties": {"zone_id": "0200P16NIHZDZY3BPZBFFJ", "tract_id": "22071009600", "city": "NEW ORLEANS, LA", "zone_code": "IZD - NON-COMMERCIAL STR SPECIAL EXCEPTION", "zone_category": "Commercial", "ev_permitted": true}, "geometry": {"type": "Polygon", "coordinates": [[[-90.0919013215561, 29.9202951623658], [-90.0915303986261, 29.9204035584544], [-90.0915643599594, 29.9205001479398], [-90.091936735137, 29.9203905158703], [-90.0919013215561, 29.9202951623658]]]}}, {"type": "Feature", "properties": {"zone_id": "0200MZY52GWPKLOAJWU39V", "tract_id": "22071009600", "city": "NEW ORLEANS, LA", "zone_code": "IZD - NON-COMMERCIAL STR SPECIAL EXCEPTION", "zone_category": "Commercial", "ev_permitted": true}, "geometry": {"type": "Polygon", "coordinates": [[[-90.0912282136127, 29.9201781611614], [-90.0911316983757, 29.9202066299686], [-90.0912394159336, 29.9204889544687], [-90.0913366501354, 29.9204604914676], [-90.0912282136127, 29.9201781611614]]]}}, {"type": "Feature", "properties": {"zone_id": "0205WN0W6DO4KH070XTZO0", "tract_id": "22071009600", "city": "NEW ORLEANS, LA", "zone_code": "HU-RD2", "zone_category": "Residential", "ev_permitted": false}, "geometry": {"type": "Polygon", "coordinates": [[[-90.0912741954369, 29.9197938924485], [-90.090895907636, 29.9198937154829], [-90.0909696790826, 29.9200781993068], [-90.0913451021363, 29.9199794199551], [-90.0912741954369, 29.9197938924485]]]}}, {"type": "Feature", "properties": {"zone_id": "02027JB8LYI7NKTYEHUWXD", "tract_id": "22071009600", "city": "NEW ORLEANS, LA", "zone_code": "HU-RD2", "zone_category": "Residential", "ev_permitted": false}, "geometry": {"type": "Polygon", "coordinates": [[[-90.0906846550546, 29.9198152035718], [-90.0905765316533, 29.9198469980007], [-90.0906961964502, 29.9201739961098], [-90.0908090473265, 29.9201414441544], [-90.0906846550546, 29.9198152035718]]]}}, {"type": "Feature", "properties": {"zone_id": "0206GCT6Q5U30MVKM9TIPX", "tract_id": "22071009600", "city": "NEW ORLEANS, LA", "zone_code": "IZD - BED AND BREAKFAST", "zone_category": "Other", "ev_permitted": false}, "geometry": {"type": "Polygon", "coordinates": [[[-90.0919557656649, 29.9194373781664], [-90.0918607089693, 29.9194639864327], [-90.0919968199981, 29.9198290944878], [-90.0920911593341, 29.9198024793522], [-90.0919557656649, 29.9194373781664]]]}}, {"type": "Feature", "properties": {"zone_id": "0203TDRY3CKZBUIZAA9JA7", "tract_id": "22071009600", "city": "NEW ORLEANS, LA", "zone_code": "IZD - BED AND BREAKFAST", "zone_category": "Other", "ev_permitted": false}, "geometry": {"type": "Polygon", "coordinates": [[[-90.0915871579239, 29.9194751570194], [-90.0911967626153, 29.9195914947167], [-90.091256540825, 29.919747091257], [-90.0916447847097, 29.9196307321682], [-90.0915871579239, 29.9194751570194]]]}}, {"type": "Feature", "properties": {"zone_id": "020517RWJA9TE1FTI9GCXN", "tract_id": "22071009600", "city": "NEW ORLEANS, LA", "zone_code": "IZD - BED AND BREAKFAST", "zone_category": "Other", "ev_permitted": false}, "geometry": {"type": "Polygon", "coordinates": [[[-90.091451022239, 29.9196889147977], [-90.0913523389696, 29.9197186137858], [-90.0914425731557, 29.9199537740735], [-90.0915420725106, 29.9199275932993], [-90.091451022239, 29.9196889147977]]]}}, {"type": "Feature", "properties": {"zone_id": "0202MMSMU8KFH7A5GGHFGM", "tract_id": "22071009600", "city": "NEW ORLEANS, LA", "zone_code": "IZD - BED AND BREAKFAST", "zone_category": "Other", "ev_permitted": false}, "geometry": {"type": "Polygon", "coordinates": [[[-90.0924973567309, 29.9191655568178], [-90.0924325216988, 29.9191855746856], [-90.0924696241526, 29.9192893825521], [-90.0923036106391, 29.9193378269746], [-90.0923421164195, 29.9194153932131], [-90.0925487860205, 29.9193579562777], [-90.0924973567309, 29.9191655568178]]]}}, {"type": "Feature", "properties": {"zone_id": "0203CU5OXKHVGY6TTI2QOK", "tract_id": "22071009600", "city": "NEW ORLEANS, LA", "zone_code": "IZD - BED AND BREAKFAST", "zone_category": "Other", "ev_permitted": false}, "geometry": {"type": "Polygon", "coordinates": [[[-90.091795770894, 29.9200116092799], [-90.0917057954869, 29.920038417875], [-90.0918113447138, 29.9203213187082], [-90.0919013215561, 29.9202951623658], [-90.091795770894, 29.9200116092799]]]}}, {"type": "Feature", "properties": {"zone_id": "0206FMIZ3UD666CHQSHRKT", "tract_id": "22071009600", "city": "NEW ORLEANS, LA", "zone_code": "IZD - BED AND BREAKFAST", "zone_category": "Other", "ev_permitted": false}, "geometry": {"type": "Polygon", "coordinates": [[[-90.0917057954869, 29.920038417875], [-90.0915217024568, 29.9200921347199], [-90.0916272020228, 29.9203749107266], [-90.0918113447138, 29.9203213187082], [-90.0917057954869, 29.920038417875]]]}}, {"type": "Feature", "properties": {"zone_id": "020612RZH42K7E3QN0RO65", "tract_id": "22071009600", "city": "NEW ORLEANS, LA", "zone_code": "IZD - NON-COMMERCIAL STR SPECIAL EXCEPTION", "zone_category": "Commercial", "ev_permitted": true}, "geometry": {"type": "Polygon", "coordinates": [[[-90.0913268818377, 29.9201497108083], [-90.0912282136127, 29.9201781611614], [-90.0913366501354, 29.9204604914676], [-90.0914338832462, 29.9204320283846], [-90.0913268818377, 29.9201497108083]]]}}, {"type": "Feature", "properties": {"zone_id": "0207JE8TWBN84VGKE2FO2R", "tract_id": "22071009600", "city": "NEW ORLEANS, LA", "zone_code": "IZD - BED AND BREAKFAST", "zone_category": "Other", "ev_permitted": false}, "geometry": {"type": "Polygon", "coordinates": [[[-90.091431321449, 29.9201188156936], [-90.0913268818377, 29.9201497108083], [-90.0914338832462, 29.9204320283846], [-90.0915303986261, 29.9204035584544], [-90.091431321449, 29.9201188156936]]]}}, {"type": "Feature", "properties": {"zone_id": "02014Z5HJIP61MHB5PD71O", "tract_id": "22071009600", "city": "NEW ORLEANS, LA", "zone_code": "IZD - BED AND BREAKFAST", "zone_category": "Other", "ev_permitted": false}, "geometry": {"type": "Polygon", "coordinates": [[[-90.0915217024568, 29.9200921347199], [-90.091431321449, 29.9201188156936], [-90.0915303986261, 29.9204035584544], [-90.0916272020228, 29.9203749107266], [-90.0915217024568, 29.9200921347199]]]}}, {"type": "Feature", "properties": {"zone_id": "02019TMDULX4K11OWD19N8", "tract_id": "22071009600", "city": "NEW ORLEANS, LA", "zone_code": "HU-RD2", "zone_category": "Residential", "ev_permitted": false}, "geometry": {"type": "Polygon", "coordinates": [[[-90.0913523389696, 29.9197186137858], [-90.091256540825, 29.919747091257], [-90.0913451021363, 29.9199794199551], [-90.0914425731557, 29.9199537740735], [-90.0913523389696, 29.9197186137858]]]}}, {"type": "Feature", "properties": {"zone_id": "02017RZ1UBJYFMHKOBC9F1", "tract_id": "22071009600", "city": "NEW ORLEANS, LA", "zone_code": "IZD - BED AND BREAKFAST", "zone_category": "Other", "ev_permitted": false}, "geometry": {"type": "Polygon", "coordinates": [[[-90.0911316983757, 29.9202066299686], [-90.0910215026601, 29.9202387209747], [-90.0911292209765, 29.9205210455737], [-90.0912394159336, 29.9204889544687], [-90.0911316983757, 29.9202066299686]]]}}, {"type": "Feature", "properties": {"zone_id": "020430L09YJPIT2LGOA5KV", "tract_id": "22071009600", "city": "NEW ORLEANS, LA", "zone_code": "HU-RD2", "zone_category": "Residential", "ev_permitted": false}, "geometry": {"type": "Polygon", "coordinates": [[[-90.0918607089693, 29.9194639864327], [-90.0917865314869, 29.9194851653973], [-90.0919219178622, 29.9198508919371], [-90.0919968199981, 29.9198290944878], [-90.0918607089693, 29.9194639864327]]]}}, {"type": "Feature", "properties": {"zone_id": "0202MFLJBG9O8497LBDREI", "tract_id": "22071009600", "city": "NEW ORLEANS, LA", "zone_code": "HU-RD2", "zone_category": "Residential", "ev_permitted": false}, "geometry": {"type": "Polygon", "coordinates": [[[-90.0915439418032, 29.9196610361583], [-90.091451022239, 29.9196889147977], [-90.0915420725106, 29.9199275932993], [-90.0916367689687, 29.9199026771501], [-90.0915439418032, 29.9196610361583]]]}}, {"type": "Feature", "properties": {"zone_id": "0206RKA94Z5QJJIE283GAF", "tract_id": "22071009600", "city": "NEW ORLEANS, LA", "zone_code": "HU-RD2", "zone_category": "Residential", "ev_permitted": false}, "geometry": {"type": "Polygon", "coordinates": [[[-90.0916447847097, 29.9196307321682], [-90.0915439418032, 29.9196610361583], [-90.0916367689687, 29.9199026771501], [-90.0917363523748, 29.9198764753697], [-90.0916447847097, 29.9196307321682]]]}}, {"type": "Feature", "properties": {"zone_id": "02017D0ASYAGAVLFGKZA5Z", "tract_id": "22071009600", "city": "NEW ORLEANS, LA", "zone_code": "HU-RD2", "zone_category": "Residential", "ev_permitted": false}, "geometry": {"type": "Polygon", "coordinates": [[[-90.092062465221, 29.9192245916853], [-90.0917226098635, 29.9193164034381], [-90.091755954403, 29.9194048615801], [-90.0920944001007, 29.9193111597983], [-90.092062465221, 29.9192245916853]]]}}, {"type": "Feature", "properties": {"zone_id": "0203STW1ERNOOFP83B2AYF", "tract_id": "22071009600", "city": "NEW ORLEANS, LA", "zone_code": "HU-RD2", "zone_category": "Residential", "ev_permitted": false}, "geometry": {"type": "Polygon", "coordinates": [[[-90.0920944001007, 29.9193111597983], [-90.091755954403, 29.9194048615801], [-90.0917865314869, 29.9194851653973], [-90.0920443477574, 29.9194119583216], [-90.0921281423946, 29.919389229707], [-90.0920944001007, 29.9193111597983]]]}}, {"type": "Feature", "properties": {"zone_id": "0204670SO828OYJH818T9Q", "tract_id": "22071009600", "city": "NEW ORLEANS, LA", "zone_code": "HU-RD2", "zone_category": "Residential", "ev_permitted": false}, "geometry": {"type": "Polygon", "coordinates": [[[-90.0915579940652, 29.9193967404283], [-90.0911668813491, 29.919513072165], [-90.0911967626153, 29.9195914947167], [-90.0915871579239, 29.9194751570194], [-90.0915579940652, 29.9193967404283]]]}}, {"type": "Feature", "properties": {"zone_id": "02027YMV5J6E1EOAX22SSL", "tract_id": "22071009600", "city": "NEW ORLEANS, LA", "zone_code": "HU-RD2", "zone_category": "Residential", "ev_permitted": false}, "geometry": {"type": "Polygon", "coordinates": [[[-90.0915274405254, 29.9193145610403], [-90.091135603694, 29.9194315101899], [-90.0911668813491, 29.919513072165], [-90.0915579940652, 29.9193967404283], [-90.0915274405254, 29.9193145610403]]]}}, {"type": "Feature", "properties": {"zone_id": "0200KH1L459CN50919OJHC", "tract_id": "22071009600", "city": "NEW ORLEANS, LA", "zone_code": "HU-RD2", "zone_category": "Residential", "ev_permitted": false}, "geometry": {"type": "Polygon", "coordinates": [[[-90.0914947983297, 29.9192273599594], [-90.0912131710169, 29.9193109684829], [-90.0912407670139, 29.9193999977212], [-90.0915274405254, 29.9193145610403], [-90.0914947983297, 29.9192273599594]]]}}, {"type": "Feature", "properties": {"zone_id": "0200RD5SYP33LFC7O89YEV", "tract_id": "22071009600", "city": "NEW ORLEANS, LA", "zone_code": "IZD - NON-COMMERCIAL STR SPECIAL EXCEPTION", "zone_category": "Commercial", "ev_permitted": true}, "geometry": {"type": "Polygon", "coordinates": [[[-90.0911713883262, 29.9195253444599], [-90.090791522243, 29.9196320507385], [-90.0908221364621, 29.9197092316133], [-90.0912041241979, 29.91961099557], [-90.0911713883262, 29.9195253444599]]]}}, {"type": "Feature", "properties": {"zone_id": "0203C9U4A2605T0M9V4Z56", "tract_id": "22071009600", "city": "NEW ORLEANS, LA", "zone_code": "IZD - NON-COMMERCIAL STR SPECIAL EXCEPTION", "zone_category": "Commercial", "ev_permitted": true}, "geometry": {"type": "Polygon", "coordinates": [[[-90.0912041241979, 29.91961099557], [-90.0908221364621, 29.9197092316133], [-90.0908555503727, 29.9197920634294], [-90.0912103682475, 29.9197091477302], [-90.0912391476697, 29.9197031679399], [-90.0912041241979, 29.91961099557]]]}}, {"type": "Feature", "properties": {"zone_id": "0205TJ8UJ7QYVDOB54YEVK", "tract_id": "22071009600", "city": "NEW ORLEANS, LA", "zone_code": "IZD - NON-COMMERCIAL STR SPECIAL EXCEPTION", "zone_category": "Commercial", "ev_permitted": true}, "geometry": {"type": "Polygon", "coordinates": [[[-90.0912391476697, 29.9197031679399], [-90.0912103682475, 29.9197091477302], [-90.0908555503727, 29.9197920634294], [-90.090895907636, 29.9198937154829], [-90.0912741954369, 29.9197938924485], [-90.0912391476697, 29.9197031679399]]]}}, {"type": "Feature", "properties": {"zone_id": "0204KDU95JJ2MKBZVGF9Z8", "tract_id": "22071009600", "city": "NEW ORLEANS, LA", "zone_code": "HU-RD2", "zone_category": "Residential", "ev_permitted": false}, "geometry": {"type": "Polygon", "coordinates": [[[-90.0914621707116, 29.9191389085151], [-90.0910591406719, 29.9192326230774], [-90.0910779301091, 29.9192796849355], [-90.091135603694, 29.9194315101899], [-90.0912407670139, 29.9193999977212], [-90.0912131710169, 29.9193109684829], [-90.0914947983297, 29.9192273599594], [-90.0914621707116, 29.9191389085151]]]}}, {"type": "Feature", "properties": {"zone_id": "0205Z4OTZ6WELBCV56TYE6", "tract_id": "22071009600", "city": "NEW ORLEANS, LA", "zone_code": "IZD - NON-COMMERCIAL STR SPECIAL EXCEPTION", "zone_category": "Commercial", "ev_permitted": true}, "geometry": {"type": "Polygon", "coordinates": [[[-90.0910591406719, 29.9192326230774], [-90.090668347069, 29.9193233257837], [-90.0906878550426, 29.9193703944867], [-90.0910779301091, 29.9192796849355], [-90.0910591406719, 29.9192326230774]]]}}, {"type": "Feature", "properties": {"zone_id": "0206HDP9KO6S76Y6GT1MP7", "tract_id": "22071009600", "city": "NEW ORLEANS, LA", "zone_code": "HU-RD2", "zone_category": "Residential", "ev_permitted": false}, "geometry": {"type": "Polygon", "coordinates": [[[-90.0910779301091, 29.9192796849355], [-90.0906878550426, 29.9193703944867], [-90.0907421650984, 29.9195082432673], [-90.0911224733043, 29.9193971862424], [-90.0910779301091, 29.9192796849355]]]}}, {"type": "Feature", "properties": {"zone_id": "0201VJMA24MADVRDV5Y72S", "tract_id": "22071009600", "city": "NEW ORLEANS, LA", "zone_code": "HU-RD2", "zone_category": "Residential", "ev_permitted": false}, "geometry": {"type": "Polygon", "coordinates": [[[-90.0911224733043, 29.9193971862424], [-90.0907421650984, 29.9195082432673], [-90.090791522243, 29.9196320507385], [-90.0911713883262, 29.9195253444599], [-90.0911224733043, 29.9193971862424]]]}}, {"type": "Feature", "properties": {"zone_id": "0207NW57ZRQRTAJ0R8VDLH", "tract_id": "22071009600", "city": "", "zone_code": "IZD - BED AND BREAKFAST", "zone_category": "Other", "ev_permitted": false}, "geometry": {"type": "Polygon", "coordinates": [[[-90.0905742184348, 29.9214530390977], [-90.0904746078816, 29.9214831825006], [-90.0905659688491, 29.9217247192218], [-90.090665760041, 29.9216950583438], [-90.0905742184348, 29.9214530390977]]]}}, {"type": "Feature", "properties": {"zone_id": "0201BRGEKJLHD64EYN76GR", "tract_id": "22071009600", "city": "NEW ORLEANS, LA", "zone_code": "HU-RD2", "zone_category": "Residential", "ev_permitted": false}, "geometry": {"type": "Polygon", "coordinates": [[[-90.0906835325903, 29.9209482039434], [-90.0903054297733, 29.92104957258], [-90.0903483590871, 29.9211619242801], [-90.0907221578744, 29.9210535586636], [-90.0906835325903, 29.9209482039434]]]}}, {"type": "Feature", "properties": {"zone_id": "0205XX075R38767462774B", "tract_id": "22071009600", "city": "NEW ORLEANS, LA", "zone_code": "HU-RD2", "zone_category": "Residential", "ev_permitted": false}, "geometry": {"type": "Polygon", "coordinates": [[[-90.0907582716777, 29.9211501695903], [-90.0903844725678, 29.9212585353081], [-90.0904136604387, 29.9213350766344], [-90.0907867333154, 29.9212273283156], [-90.0907582716777, 29.9211501695903]]]}}, {"type": "Feature", "properties": {"zone_id": "02042POV3GPOAC2ZB34U8W", "tract_id": "22071009600", "city": "NEW ORLEANS, LA", "zone_code": "HU-RD2", "zone_category": "Residential", "ev_permitted": false}, "geometry": {"type": "Polygon", "coordinates": [[[-90.0907221578744, 29.9210535586636], [-90.0903483590871, 29.9211619242801], [-90.0903844725678, 29.9212585353081], [-90.0907582716777, 29.9211501695903], [-90.0907221578744, 29.9210535586636]]]}}, {"type": "Feature", "properties": {"zone_id": "0200OMQJSZ67LZSUEF0IR5", "tract_id": "22071009600", "city": "NEW ORLEANS, LA", "zone_code": "HU-RD2", "zone_category": "Residential", "ev_permitted": false}, "geometry": {"type": "Polygon", "coordinates": [[[-90.0900941733888, 29.9210082929571], [-90.0897955436126, 29.9210952113728], [-90.0898504869411, 29.9212423964448], [-90.0901507384832, 29.9211562736589], [-90.0900941733888, 29.9210082929571]]]}}, {"type": "Feature", "properties": {"zone_id": "0206KOOAC80QXTUKSMSJLA", "tract_id": "22071009600", "city": "NEW ORLEANS, LA", "zone_code": "HU-RD2", "zone_category": "Residential", "ev_permitted": false}, "geometry": {"type": "Polygon", "coordinates": [[[-90.0901507384832, 29.9211562736589], [-90.0899601989238, 29.9212109279852], [-90.0900486106968, 29.9214398249336], [-90.0902380178347, 29.9213859790006], [-90.0901507384832, 29.9211562736589]]]}}, {"type": "Feature", "properties": {"zone_id": "0204T8OFENKF6OZQ0EX0S9", "tract_id": "22071009600", "city": "NEW ORLEANS, LA", "zone_code": "HU-RD2", "zone_category": "Residential", "ev_permitted": false}, "geometry": {"type": "Polygon", "coordinates": [[[-90.0895951176454, 29.921205491651], [-90.0894973890623, 29.9212330509796], [-90.0896487422113, 29.9215551717415], [-90.0897461194975, 29.9215269837322], [-90.0895951176454, 29.921205491651]]]}}, {"type": "Feature", "properties": {"zone_id": "0203NL8IEUN1HDFPCJI7K1", "tract_id": "22071009600", "city": "NEW ORLEANS, LA", "zone_code": "HU-RD2", "zone_category": "Residential", "ev_permitted": false}, "geometry": {"type": "Polygon", "coordinates": [[[-90.0898137368731, 29.9211455464716], [-90.0895951176454, 29.921205491651], [-90.0897461194975, 29.9215269837322], [-90.0899376955886, 29.9214719082433], [-90.0898137368731, 29.9211455464716]]]}}, {"type": "Feature", "properties": {"zone_id": "0204XYYVNZ5BSH022H3AG9", "tract_id": "22071009600", "city": "NEW ORLEANS, LA", "zone_code": "IZD - NON-COMMERCIAL STR SPECIAL EXCEPTION", "zone_category": "Commercial", "ev_permitted": true}, "geometry": {"type": "Polygon", "coordinates": [[[-90.0899601989238, 29.9212109279852], [-90.0898504869411, 29.9212423964448], [-90.0899376955886, 29.9214719082433], [-90.0900486106968, 29.9214398249336], [-90.0899601989238, 29.9212109279852]]]}}, {"type": "Feature", "properties": {"zone_id": "0207FWH5NVDEP5OZ5RY35N", "tract_id": "22071009600", "city": "NEW ORLEANS, LA", "zone_code": "HU-RD2", "zone_category": "Residential", "ev_permitted": false}, "geometry": {"type": "Polygon", "coordinates": [[[-90.0892433048919, 29.9213271380485], [-90.0891762622912, 29.9213515092637], [-90.0893293371273, 29.9216792729891], [-90.089396373155, 29.9216555268786], [-90.0892433048919, 29.9213271380485]]]}}, {"type": "Feature", "properties": {"zone_id": "02026N9JCGEURN9B8Q8GSW", "tract_id": "22071009600", "city": "NEW ORLEANS, LA", "zone_code": "HU-RD2", "zone_category": "Residential", "ev_permitted": false}, "geometry": {"type": "Polygon", "coordinates": [[[-90.0893470988109, 29.9212906121599], [-90.0892433048919, 29.9213271380485], [-90.089396373155, 29.9216555268786], [-90.0894965721844, 29.9216195921207], [-90.0893470988109, 29.9212906121599]]]}}, {"type": "Feature", "properties": {"zone_id": "0205YOHKSZL3Y0P6IL6DZS", "tract_id": "22071009600", "city": "NEW ORLEANS, LA", "zone_code": "IZD - NON-COMMERCIAL STR SPECIAL EXCEPTION", "zone_category": "Commercial", "ev_permitted": true}, "geometry": {"type": "Polygon", "coordinates": [[[-90.0897955436126, 29.9210952113728], [-90.0894764080176, 29.9211890935058], [-90.0894973890623, 29.9212330509796], [-90.0898137368731, 29.9211455464716], [-90.0897955436126, 29.9210952113728]]]}}, {"type": "Feature", "properties": {"zone_id": "0200QBLWOZD1U59WWRE3Y5", "tract_id": "22071009600", "city": "NEW ORLEANS, LA", "zone_code": "IZD - NON-COMMERCIAL STR SPECIAL EXCEPTION", "zone_category": "Commercial", "ev_permitted": true}, "geometry": {"type": "Polygon", "coordinates": [[[-90.0897358970051, 29.9209398933125], [-90.08940509534, 29.9210377638091], [-90.0894764080176, 29.9211890935058], [-90.0897955436126, 29.9210952113728], [-90.0897664939215, 29.9210169335125], [-90.0897358970051, 29.9209398933125]]]}}, {"type": "Feature", "properties": {"zone_id": "0206K1GPUJP03PGH05Q8Y1", "tract_id": "22071009600", "city": "NEW ORLEANS, LA", "zone_code": "HU-RD2", "zone_category": "Residential", "ev_permitted": false}, "geometry": {"type": "Polygon", "coordinates": [[[-90.0905895661117, 29.9206941088758], [-90.0902114557069, 29.9208030586075], [-90.0902489809367, 29.9209015578561], [-90.0906256641008, 29.9207919692854], [-90.0906151482251, 29.9207603640535], [-90.0905895661117, 29.9206941088758]]]}}, {"type": "Feature", "properties": {"zone_id": "0201OQMGJDM44R10ESU2E1", "tract_id": "22071009600", "city": "NEW ORLEANS, LA", "zone_code": "IZD - BED AND BREAKFAST", "zone_category": "Other", "ev_permitted": false}, "geometry": {"type": "Polygon", "coordinates": [[[-90.0906256641008, 29.9207919692854], [-90.0902489809367, 29.9209015578561], [-90.0903054297733, 29.92104957258], [-90.0906835325903, 29.9209482039434], [-90.0906256641008, 29.9207919692854]]]}}, {"type": "Feature", "properties": {"zone_id": "02016MNHRI3L8ITEYJO5DV", "tract_id": "22071009600", "city": "", "zone_code": "HU-RD2", "zone_category": "Residential", "ev_permitted": false}, "geometry": {"type": "Polygon", "coordinates": [[[-90.0905319637087, 29.9205366577694], [-90.0901516852335, 29.9206468373334], [-90.0901772003475, 29.9207130423436], [-90.0905561689727, 29.9206034349745], [-90.0905319637087, 29.9205366577694]]]}}, {"type": "Feature", "properties": {"zone_id": "0206NE5ONQ9YIKJ7ZPW1U0", "tract_id": "22071009600", "city": "NEW ORLEANS, LA", "zone_code": "IZD - BED AND BREAKFAST", "zone_category": "Other", "ev_permitted": false}, "geometry": {"type": "Polygon", "coordinates": [[[-90.0904764278602, 29.9203861029591], [-90.0900940056917, 29.920495636853], [-90.0901238941958, 29.9205734344664], [-90.0905048890623, 29.9204632617529], [-90.0904764278602, 29.9203861029591]]]}}, {"type": "Feature", "properties": {"zone_id": "0203TFZII581YVNLRR4CNI", "tract_id": "22071009600", "city": "", "zone_code": "HU-RD2", "zone_category": "Residential", "ev_permitted": false}, "geometry": {"type": "Polygon", "coordinates": [[[-90.0905048890623, 29.9204632617529], [-90.0901238941958, 29.9205734344664], [-90.0901516852335, 29.9206468373334], [-90.0905319637087, 29.9205366577694], [-90.0905048890623, 29.9204632617529]]]}}, {"type": "Feature", "properties": {"zone_id": "0207DOUJZ1KPAVFRQYDPS2", "tract_id": "22071009600", "city": "NEW ORLEANS, LA", "zone_code": "HU-RD2", "zone_category": "Residential", "ev_permitted": false}, "geometry": {"type": "Polygon", "coordinates": [[[-90.0905561689727, 29.9206034349745], [-90.0901772003475, 29.9207130423436], [-90.0902114557069, 29.9208030586075], [-90.0905895661117, 29.9206941088758], [-90.0905561689727, 29.9206034349745]]]}}, {"type": "Feature", "properties": {"zone_id": "0205EE9POSZMED2ZG7E1G0", "tract_id": "22071009600", "city": "", "zone_code": "HU-RD2", "zone_category": "Residential", "ev_permitted": false}, "geometry": {"type": "Polygon", "coordinates": [[[-90.0905650210602, 29.920360888111], [-90.0904764278602, 29.9203861029591], [-90.0905895661117, 29.9206941088758], [-90.0906784356209, 29.920668349809], [-90.0905650210602, 29.920360888111]]]}}, {"type": "Feature", "properties": {"zone_id": "02026L6812T2WMYSQ37ZX8", "tract_id": "22071009600", "city": "NEW ORLEANS, LA", "zone_code": "IZD - NON-COMMERCIAL STR SPECIAL EXCEPTION", "zone_category": "Commercial", "ev_permitted": true}, "geometry": {"type": "Polygon", "coordinates": [[[-90.0900351050801, 29.9208533287615], [-90.0897358970051, 29.9209398933125], [-90.0897664939215, 29.9210169335125], [-90.0900642837309, 29.9209304962336], [-90.0900351050801, 29.9208533287615]]]}}, {"type": "Feature", "properties": {"zone_id": "0204G8WKM2XUBVR52A5TM4", "tract_id": "22071009600", "city": "NEW ORLEANS, LA", "zone_code": "HU-RD2", "zone_category": "Residential", "ev_permitted": false}, "geometry": {"type": "Polygon", "coordinates": [[[-90.0900642837309, 29.9209304962336], [-90.0897664939215, 29.9210169335125], [-90.0897955436126, 29.9210952113728], [-90.0900941733888, 29.9210082929571], [-90.0900642837309, 29.9209304962336]]]}}, {"type": "Feature", "properties": {"zone_id": "0204GEVXNV2NRICQLCY643", "tract_id": "22071009600", "city": "NEW ORLEANS, LA", "zone_code": "IZD - BED AND BREAKFAST", "zone_category": "Other", "ev_permitted": false}, "geometry": {"type": "Polygon", "coordinates": [[[-90.0900048649921, 29.9207749025618], [-90.0897056214195, 29.9208608414618], [-90.0897109966956, 29.9208786454695], [-90.0897358970051, 29.9209398933125], [-90.0900351050801, 29.9208533287615], [-90.0900048649921, 29.9207749025618]]]}}, {"type": "Feature", "properties": {"zone_id": "02035QV4WTDY7HP1N50BKP", "tract_id": "22071009600", "city": "NEW ORLEANS, LA", "zone_code": "IZD - NON-COMMERCIAL STR SPECIAL EXCEPTION", "zone_category": "Commercial", "ev_permitted": true}, "geometry": {"type": "Polygon", "coordinates": [[[-90.0899791725575, 29.9207058953185], [-90.0896768097097, 29.9207937327338], [-90.0897056214195, 29.9208608414618], [-90.0900048649921, 29.9207749025618], [-90.0899791725575, 29.9207058953185]]]}}, {"type": "Feature", "properties": {"zone_id": "0205Z4OXKMTPPKM6N7ORWV", "tract_id": "22071009600", "city": "NEW ORLEANS, LA", "zone_code": "HU-RD2", "zone_category": "Residential", "ev_permitted": false}, "geometry": {"type": "Polygon", "coordinates": [[[-90.0896201361655, 29.9206374881611], [-90.0892663171049, 29.9207432670598], [-90.0893103607366, 29.9208368271721], [-90.0896528953096, 29.9207383180966], [-90.0896507186514, 29.9207171681825], [-90.0896201361655, 29.9206374881611]]]}}, {"type": "Feature", "properties": {"zone_id": "02062IU2L2T7UXX0KSOHDI", "tract_id": "22071009600", "city": "NEW ORLEANS, LA", "zone_code": "IZD - NON-COMMERCIAL STR SPECIAL EXCEPTION", "zone_category": "Commercial", "ev_permitted": true}, "geometry": {"type": "Polygon", "coordinates": [[[-90.0896528953096, 29.9207383180966], [-90.0893103607366, 29.9208368271721], [-90.0893369272547, 29.9208933406083], [-90.0896768097097, 29.9207937327338], [-90.0896528953096, 29.9207383180966]]]}}, {"type": "Feature", "properties": {"zone_id": "0205OTVS8EGRHRHW86O3KI", "tract_id": "22071009600", "city": "NEW ORLEANS, LA", "zone_code": "IZD - NON-COMMERCIAL STR SPECIAL EXCEPTION", "zone_category": "Commercial", "ev_permitted": true}, "geometry": {"type": "Polygon", "coordinates": [[[-90.0896768097097, 29.9207937327338], [-90.0893369272547, 29.9208933406083], [-90.0893753796562, 29.9209749708569], [-90.0897109966956, 29.9208786454695], [-90.0897056214195, 29.9208608414618], [-90.0896768097097, 29.9207937327338]]]}}, {"type": "Feature", "properties": {"zone_id": "0202LAH7VC2QK31YS73Y5D", "tract_id": "22071009600", "city": "NEW ORLEANS, LA", "zone_code": "IZD - NON-COMMERCIAL STR SPECIAL EXCEPTION", "zone_category": "Commercial", "ev_permitted": true}, "geometry": {"type": "Polygon", "coordinates": [[[-90.0897109966956, 29.9208786454695], [-90.0893753796562, 29.9209749708569], [-90.08940509534, 29.9210377638091], [-90.0897358970051, 29.9209398933125], [-90.0897109966956, 29.9208786454695]]]}}, {"type": "Feature", "properties": {"zone_id": "0201EH542BRNE5WMDRYVYQ", "tract_id": "22071009600", "city": "NEW ORLEANS, LA", "zone_code": "IZD - BED AND BREAKFAST", "zone_category": "Other", "ev_permitted": false}, "geometry": {"type": "Polygon", "coordinates": [[[-90.0899190675379, 29.9205477959358], [-90.0896201361655, 29.9206374881611], [-90.0896507186514, 29.9207171681825], [-90.0899510388738, 29.9206312395866], [-90.0899190675379, 29.9205477959358]]]}}, {"type": "Feature", "properties": {"zone_id": "0200ZMP4E4MDA2A7PNQ2NV", "tract_id": "22071009600", "city": "NEW ORLEANS, LA", "zone_code": "HU-RD2", "zone_category": "Residential", "ev_permitted": false}, "geometry": {"type": "Polygon", "coordinates": [[[-90.0899510388738, 29.9206312395866], [-90.0896507186514, 29.9207171681825], [-90.0896528953096, 29.9207383180966], [-90.0896768097097, 29.9207937327338], [-90.0899791725575, 29.9207058953185], [-90.0899510388738, 29.9206312395866]]]}}, {"type": "Feature", "properties": {"zone_id": "0206IRV6454943WZHVRIW9", "tract_id": "22071009600", "city": "NEW ORLEANS, LA", "zone_code": "HU-RD2", "zone_category": "Residential", "ev_permitted": false}, "geometry": {"type": "Polygon", "coordinates": [[[-90.0892982313501, 29.9203254969471], [-90.0892019434449, 29.9203514582936], [-90.0892885925653, 29.9205724139374], [-90.0893843608984, 29.9205464385906], [-90.0892982313501, 29.9203254969471]]]}}, {"type": "Feature", "properties": {"zone_id": "0203GICZGHUGU1TF5FMKPT", "tract_id": "22071009600", "city": "NEW ORLEANS, LA", "zone_code": "IZD - NON-COMMERCIAL STR SPECIAL EXCEPTION", "zone_category": "Commercial", "ev_permitted": true}, "geometry": {"type": "Polygon", "coordinates": [[[-90.0888045337735, 29.9212936063244], [-90.0883503841552, 29.9214574682338], [-90.0884294476669, 29.9216201235767], [-90.0889715438203, 29.9214245878358], [-90.0889345347339, 29.9213423458809], [-90.0888415427347, 29.9213758483164], [-90.0888045337735, 29.9212936063244]]]}}, {"type": "Feature", "properties": {"zone_id": "0202LN6Z3RBBWIUXGXU4MJ", "tract_id": "22071009600", "city": "NEW ORLEANS, LA", "zone_code": "HU-RD2", "zone_category": "Residential", "ev_permitted": false}, "geometry": {"type": "Polygon", "coordinates": [[[-90.0890753457333, 29.9213874369902], [-90.0889715438203, 29.9214245878358], [-90.0891246191317, 29.9217523518062], [-90.0892284213286, 29.9217152008414], [-90.0890753457333, 29.9213874369902]]]}}, {"type": "Feature", "properties": {"zone_id": "02047MYJUYMG8H2YQVBX3S", "tract_id": "22071009600", "city": "NEW ORLEANS, LA", "zone_code": "HU-RD2", "zone_category": "Residential", "ev_permitted": false}, "geometry": {"type": "Polygon", "coordinates": [[[-90.0891762622912, 29.9213515092637], [-90.0890753457333, 29.9213874369902], [-90.0892284213286, 29.9217152008414], [-90.0893293371273, 29.9216792729891], [-90.0891762622912, 29.9213515092637]]]}}, {"type": "Feature", "properties": {"zone_id": "0206RMXZMR5WH3YYMIY3JE", "tract_id": "22071009600", "city": "NEW ORLEANS, LA", "zone_code": "HU-RD2", "zone_category": "Residential", "ev_permitted": false}, "geometry": {"type": "Polygon", "coordinates": [[[-90.0889715438203, 29.9214245878358], [-90.0888727858777, 29.9214601605006], [-90.0890258552055, 29.9217882998582], [-90.0891246191317, 29.9217523518062], [-90.0889715438203, 29.9214245878358]]]}}, {"type": "Feature", "properties": {"zone_id": "020507HIFZT39XO1LVI605", "tract_id": "22071009600", "city": "NEW ORLEANS, LA", "zone_code": "IZD - BED AND BREAKFAST", "zone_category": "Other", "ev_permitted": false}, "geometry": {"type": "Polygon", "coordinates": [[[-90.0887985382145, 29.9214867135219], [-90.0884294476669, 29.9216201235767], [-90.0884686250879, 29.9217011357031], [-90.0888362794798, 29.92156771195], [-90.0887985382145, 29.9214867135219]]]}}, {"type": "Feature", "properties": {"zone_id": "0202RIK9Q7KBC0DLDDVNA1", "tract_id": "22071009600", "city": "NEW ORLEANS, LA", "zone_code": "IZD - BED AND BREAKFAST", "zone_category": "Other", "ev_permitted": false}, "geometry": {"type": "Polygon", "coordinates": [[[-90.0892723713156, 29.9211254973996], [-90.0888975256972, 29.9212601048167], [-90.0889345347339, 29.9213423458809], [-90.0893093884029, 29.9212071131877], [-90.0892723713156, 29.9211254973996]]]}}, {"type": "Feature", "properties": {"zone_id": "0202LNOV7Z0PH7Z5KP6YBS", "tract_id": "22071009600", "city": "NEW ORLEANS, LA", "zone_code": "HU-RD2", "zone_category": "Residential", "ev_permitted": false}, "geometry": {"type": "Polygon", "coordinates": [[[-90.0893093884029, 29.9212071131877], [-90.0889345347339, 29.9213423458809], [-90.0889715438203, 29.9214245878358], [-90.0893470988109, 29.9212906121599], [-90.0893093884029, 29.9212071131877]]]}}, {"type": "Feature", "properties": {"zone_id": "0205T2HC7G393JBGFJ9ZEL", "tract_id": "22071009600", "city": "NEW ORLEANS, LA", "zone_code": "IZD - NON-COMMERCIAL STR SPECIAL EXCEPTION", "zone_category": "Commercial", "ev_permitted": true}, "geometry": {"type": "Polygon", "coordinates": [[[-90.0889354811464, 29.9208635086606], [-90.0888424828458, 29.9208976353785], [-90.0889919518966, 29.9212266159096], [-90.0890842348541, 29.9211924814163], [-90.0889354811464, 29.9208635086606]]]}}, {"type": "Feature", "properties": {"zone_id": "0201EI84832MXENXQ26H51", "tract_id": "22071009600", "city": "NEW ORLEANS, LA", "zone_code": "HU-RD2", "zone_category": "Residential", "ev_permitted": false}, "geometry": {"type": "Polygon", "coordinates": [[[-90.0891969409375, 29.9209591254515], [-90.0891017807702, 29.9209938571504], [-90.0891786541698, 29.9211596175566], [-90.0892723713156, 29.9211254973996], [-90.0891969409375, 29.9209591254515]]]}}, {"type": "Feature", "properties": {"zone_id": "0200QCI2EQZFMUN8X1LB4J", "tract_id": "22071009600", "city": "", "zone_code": "HU-RD2", "zone_category": "Residential", "ev_permitted": false}, "geometry": {"type": "Polygon", "coordinates": [[[-90.0886557808369, 29.9209646332567], [-90.0885613547727, 29.9209981219236], [-90.0887173055818, 29.9213252874679], [-90.0888045337735, 29.9212936063244], [-90.0886557808369, 29.9209646332567]]]}}, {"type": "Feature", "properties": {"zone_id": "0202NHK4K5403VWVEJWH9H", "tract_id": "22071009600", "city": "NEW ORLEANS, LA", "zone_code": "IZD - BED AND BREAKFAST", "zone_category": "Other", "ev_permitted": false}, "geometry": {"type": "Polygon", "coordinates": [[[-90.0887487725154, 29.9209311309507], [-90.0886557808369, 29.9209646332567], [-90.0888415427347, 29.9213758483164], [-90.0889345347339, 29.9213423458809], [-90.0887487725154, 29.9209311309507]]]}}, {"type": "Feature", "properties": {"zone_id": "02076KNZ4K98B9SICFO23G", "tract_id": "22071009600", "city": "NEW ORLEANS, LA", "zone_code": "HU-RD2", "zone_category": "Residential", "ev_permitted": false}, "geometry": {"type": "Polygon", "coordinates": [[[-90.0888424828458, 29.9208976353785], [-90.0887487725154, 29.9209311309507], [-90.0888975256972, 29.9212601048167], [-90.0889919518966, 29.9212266159096], [-90.0888424828458, 29.9208976353785]]]}}, {"type": "Feature", "properties": {"zone_id": "0202WPQCC695WWGIG8KM0A", "tract_id": "22071009600", "city": "NEW ORLEANS, LA", "zone_code": "IZD - NON-COMMERCIAL STR SPECIAL EXCEPTION", "zone_category": "Commercial", "ev_permitted": true}, "geometry": {"type": "Polygon", "coordinates": [[[-90.0885613547727, 29.9209981219236], [-90.0881915480456, 29.9211315236256], [-90.0882706099935, 29.9212941799631], [-90.0886389829031, 29.9211607635672], [-90.0885613547727, 29.9209981219236]]]}}, {"type": "Feature", "properties": {"zone_id": "02016WQWEA4NWG8ZYUX12J", "tract_id": "22071009600", "city": "NEW ORLEANS, LA", "zone_code": "HU-RD2", "zone_category": "Residential", "ev_permitted": false}, "geometry": {"type": "Polygon", "coordinates": [[[-90.0886389829031, 29.9211607635672], [-90.0882706099935, 29.9212941799631], [-90.0883503841552, 29.9214574682338], [-90.0887173055818, 29.9213252874679], [-90.0886389829031, 29.9211607635672]]]}}, {"type": "Feature", "properties": {"zone_id": "0205CC3WSSE6IOZS9SIJEE", "tract_id": "22071009600", "city": "NEW ORLEANS, LA", "zone_code": "IZD - NON-COMMERCIAL STR SPECIAL EXCEPTION", "zone_category": "Commercial", "ev_permitted": true}, "geometry": {"type": "Polygon", "coordinates": [[[-90.0890262962213, 29.9208318613056], [-90.0889354811464, 29.9208635086606], [-90.0890842348541, 29.9211924814163], [-90.0891786541698, 29.9211596175566], [-90.0890262962213, 29.9208318613056]]]}}, {"type": "Feature", "properties": {"zone_id": "02036XZTOL01OIPWT59CWK", "tract_id": "22071009600", "city": "NEW ORLEANS, LA", "zone_code": "IZD - NON-COMMERCIAL STR SPECIAL EXCEPTION", "zone_category": "Commercial", "ev_permitted": true}, "geometry": {"type": "Polygon", "coordinates": [[[-90.0891228983853, 29.9207965171535], [-90.0890262962213, 29.9208318613056], [-90.0891017807702, 29.9209938571504], [-90.0891969409375, 29.9209591254515], [-90.0891228983853, 29.9207965171535]]]}}, {"type": "Feature", "properties": {"zone_id": "0201TXSI2JDCXK15OANWEG", "tract_id": "22071009600", "city": "NEW ORLEANS, LA", "zone_code": "HU-RD2", "zone_category": "Residential", "ev_permitted": false}, "geometry": {"type": "Polygon", "coordinates": [[[-90.0892019434449, 29.9203514582936], [-90.0890729597958, 29.9203864619145], [-90.0891738885393, 29.9206029928367], [-90.0892885925653, 29.9205724139374], [-90.0892019434449, 29.9203514582936]]]}}, {"type": "Feature", "properties": {"zone_id": "0206UD8P2JTTWI4HIRKX5M", "tract_id": "22071009600", "city": "NEW ORLEANS, LA", "zone_code": "HU-RD2", "zone_category": "Residential", "ev_permitted": false}, "geometry": {"type": "Polygon", "coordinates": [[[-90.0889787114701, 29.9204946446132], [-90.088885535278, 29.920528613591], [-90.088976540218, 29.9207120110967], [-90.0890688216695, 29.9206778766021], [-90.0889787114701, 29.9204946446132]]]}}, {"type": "Feature", "properties": {"zone_id": "0207IH9FLT032PMHZJVZ5M", "tract_id": "22071009600", "city": "NEW ORLEANS, LA", "zone_code": "IZD - NON-COMMERCIAL STR SPECIAL EXCEPTION", "zone_category": "Commercial", "ev_permitted": true}, "geometry": {"type": "Polygon", "coordinates": [[[-90.0887239480964, 29.9204261856159], [-90.088537789269, 29.9204935430392], [-90.0886954060652, 29.9208131213081], [-90.0888821212591, 29.9207448748132], [-90.0887239480964, 29.9204261856159]]]}}, {"type": "Feature", "properties": {"zone_id": "0205S9KFRUPYLVQLQ7GVMT", "tract_id": "22071009600", "city": "NEW ORLEANS, LA", "zone_code": "IZD - NON-COMMERCIAL STR SPECIAL EXCEPTION", "zone_category": "Commercial", "ev_permitted": true}, "geometry": {"type": "Polygon", "coordinates": [[[-90.0888460581171, 29.9204501367141], [-90.0887526228711, 29.9204838658605], [-90.0888821212591, 29.9207448748132], [-90.088976540218, 29.9207120110967], [-90.0888460581171, 29.9204501367141]]]}}, {"type": "Feature", "properties": {"zone_id": "0205RQ13JI422KEH2I1NV4", "tract_id": "22071009600", "city": "", "zone_code": "HU-RD2", "zone_category": "Residential", "ev_permitted": false}, "geometry": {"type": "Polygon", "coordinates": [[[-90.0889403766012, 29.9204160892501], [-90.0888460581171, 29.9204501367141], [-90.088885535278, 29.920528613591], [-90.0889787114701, 29.9204946446132], [-90.0889403766012, 29.9204160892501]]]}}, {"type": "Feature", "properties": {"zone_id": "0204XUYFL8KKP17SUE67ZW", "tract_id": "22071009600", "city": "NEW ORLEANS, LA", "zone_code": "IZD - NON-COMMERCIAL STR SPECIAL EXCEPTION", "zone_category": "Commercial", "ev_permitted": true}, "geometry": {"type": "Polygon", "coordinates": [[[-90.0884212103067, 29.9207030059316], [-90.0880478093191, 29.9208369993571], [-90.0880995893303, 29.9209431353329], [-90.0884722807531, 29.9208085107004], [-90.0884212103067, 29.9207030059316]]]}}, {"type": "Feature", "properties": {"zone_id": "0201DPSKKKA4RCYMI0U0XN", "tract_id": "22071009600", "city": "NEW ORLEANS, LA", "zone_code": "HU-RD2", "zone_category": "Residential", "ev_permitted": false}, "geometry": {"type": "Polygon", "coordinates": [[[-90.0884722807531, 29.9208085107004], [-90.0880995893303, 29.9209431353329], [-90.0881345771042, 29.9210147310271], [-90.088507986437, 29.9208801121864], [-90.0884722807531, 29.9208085107004]]]}}, {"type": "Feature", "properties": {"zone_id": "0205OCHEXM22KB2YLZQPF5", "tract_id": "22071009600", "city": "NEW ORLEANS, LA", "zone_code": "IZD - NON-COMMERCIAL STR SPECIAL EXCEPTION", "zone_category": "Commercial", "ev_permitted": true}, "geometry": {"type": "Polygon", "coordinates": [[[-90.0884120610778, 29.9204584951625], [-90.0883183442642, 29.9204926147095], [-90.0883702923295, 29.9206002327333], [-90.088507986437, 29.9208801121864], [-90.0886024212393, 29.9208459983951], [-90.0884120610778, 29.9204584951625]]]}}, {"type": "Feature", "properties": {"zone_id": "0205SNU28AABM50DJMNB1O", "tract_id": "22071009600", "city": "NEW ORLEANS, LA", "zone_code": "HU-RD2", "zone_category": "Residential", "ev_permitted": false}, "geometry": {"type": "Polygon", "coordinates": [[[-90.088505051331, 29.9204249930168], [-90.0884120610778, 29.9204584951625], [-90.0886024212393, 29.9208459983951], [-90.0886954060652, 29.9208131213081], [-90.088537789269, 29.9204935430392], [-90.088505051331, 29.9204249930168]]]}}, {"type": "Feature", "properties": {"zone_id": "0204P1572QEYXBQ6PCGN2Y", "tract_id": "22071009600", "city": "NEW ORLEANS, LA", "zone_code": "IZD - BED AND BREAKFAST", "zone_category": "Other", "ev_permitted": false}, "geometry": {"type": "Polygon", "coordinates": [[[-90.088269663295, 29.9203921137061], [-90.0878955455908, 29.9205260999115], [-90.087998387362, 29.9207358777249], [-90.0883702923295, 29.9206002327333], [-90.088269663295, 29.9203921137061]]]}}, {"type": "Feature", "properties": {"zone_id": "0201T5FIZGSXO6274O48KY", "tract_id": "22071009600", "city": "NEW ORLEANS, LA", "zone_code": "IZD - BED AND BREAKFAST", "zone_category": "Other", "ev_permitted": false}, "geometry": {"type": "Polygon", "coordinates": [[[-90.0883702923295, 29.9206002327333], [-90.087998387362, 29.9207358777249], [-90.0880478093191, 29.9208369993571], [-90.0884212103067, 29.9207030059316], [-90.0883702923295, 29.9206002327333]]]}}, {"type": "Feature", "properties": {"zone_id": "020578MN5XF5ZQZOWP1JLK", "tract_id": "22071009600", "city": "NEW ORLEANS, LA", "zone_code": "IZD - NON-COMMERCIAL STR SPECIAL EXCEPTION", "zone_category": "Commercial", "ev_permitted": true}, "geometry": {"type": "Polygon", "coordinates": [[[-90.0900104984392, 29.920013248674], [-90.0899135266515, 29.9200422671461], [-90.0900380611081, 29.9203643974473], [-90.0901298894146, 29.9203375678011], [-90.0900104984392, 29.920013248674]]]}}, {"type": "Feature", "properties": {"zone_id": "0201UAWDTDK3STSMUMIHZL", "tract_id": "22071009600", "city": "NEW ORLEANS, LA", "zone_code": "IZD - BED AND BREAKFAST", "zone_category": "Other", "ev_permitted": false}, "geometry": {"type": "Polygon", "coordinates": [[[-90.0901120520639, 29.919983576914], [-90.0900104984392, 29.920013248674], [-90.0901298894146, 29.9203375678011], [-90.0902307178733, 29.9203085143398], [-90.0901120520639, 29.919983576914]]]}}, {"type": "Feature", "properties": {"zone_id": "0207AL8J0UI4RQQFXP0U2K", "tract_id": "22071009600", "city": "NEW ORLEANS, LA", "zone_code": "HU-RD2", "zone_category": "Residential", "ev_permitted": false}, "geometry": {"type": "Polygon", "coordinates": [[[-90.0902337741293, 29.9199478459292], [-90.0901120520639, 29.919983576914], [-90.0902307178733, 29.9203085143398], [-90.0903531501929, 29.9202734142985], [-90.0902337741293, 29.9199478459292]]]}}, {"type": "Feature", "properties": {"zone_id": "0201GJOUOD8IEJ8JE5U0ET", "tract_id": "22071009600", "city": "NEW ORLEANS, LA", "zone_code": "IZD - BED AND BREAKFAST", "zone_category": "Other", "ev_permitted": false}, "geometry": {"type": "Polygon", "coordinates": [[[-90.0903900715189, 29.9199018123738], [-90.0902337741293, 29.9199478459292], [-90.0903531501929, 29.9202734142985], [-90.0905094402418, 29.9202280066773], [-90.0903900715189, 29.9199018123738]]]}}, {"type": "Feature", "properties": {"zone_id": "020666UXO8DPIWREGQN332", "tract_id": "22071009600", "city": "NEW ORLEANS, LA", "zone_code": "IZD - BED AND BREAKFAST", "zone_category": "Other", "ev_permitted": false}, "geometry": {"type": "Polygon", "coordinates": [[[-90.0904831181204, 29.9198746682912], [-90.0903900715189, 29.9199018123738], [-90.0905094402418, 29.9202280066773], [-90.0906025091343, 29.9202009240711], [-90.0904831181204, 29.9198746682912]]]}}, {"type": "Feature", "properties": {"zone_id": "0201ZQAOXE174FGSFCU690", "tract_id": "22071009600", "city": "NEW ORLEANS, LA", "zone_code": "HU-RD2", "zone_category": "Residential", "ev_permitted": false}, "geometry": {"type": "Polygon", "coordinates": [[[-90.0905765316533, 29.9198469980007], [-90.0904831181204, 29.9198746682912], [-90.0906025091343, 29.9202009240711], [-90.0906961964502, 29.9201739961098], [-90.0905765316533, 29.9198469980007]]]}}, {"type": "Feature", "properties": {"zone_id": "0200MSRYL35582BR4YI549", "tract_id": "22071009600", "city": "NEW ORLEANS, LA", "zone_code": "IZD - NON-COMMERCIAL STR SPECIAL EXCEPTION", "zone_category": "Commercial", "ev_permitted": true}, "geometry": {"type": "Polygon", "coordinates": [[[-90.0902634222196, 29.9198549924739], [-90.0898841673967, 29.9199663249544], [-90.0899135266515, 29.9200422671461], [-90.0902928386158, 29.9199302755892], [-90.0902634222196, 29.9198549924739]]]}}, {"type": "Feature", "properties": {"zone_id": "02002EYDCN83FH63U2JLKJ", "tract_id": "22071009600", "city": "NEW ORLEANS, LA", "zone_code": "IZD - BED AND BREAKFAST", "zone_category": "Other", "ev_permitted": false}, "geometry": {"type": "Polygon", "coordinates": [[[-90.0902330374053, 29.9197765541211], [-90.0898543586787, 29.9198892191397], [-90.0898841673967, 29.9199663249544], [-90.0902634222196, 29.9198549924739], [-90.0902330374053, 29.9197765541211]]]}}, {"type": "Feature", "properties": {"zone_id": "0200MT135JUGEVTKJ5M9X5", "tract_id": "22071009600", "city": "NEW ORLEANS, LA", "zone_code": "IZD - NON-COMMERCIAL STR SPECIAL EXCEPTION", "zone_category": "Commercial", "ev_permitted": true}, "geometry": {"type": "Polygon", "coordinates": [[[-90.089749321929, 29.9201104265671], [-90.0896514021359, 29.9201363809322], [-90.0897717288564, 29.9204432050635], [-90.0898689234668, 29.9204178680955], [-90.089749321929, 29.9201104265671]]]}}, {"type": "Feature", "properties": {"zone_id": "0206VK81M34O8JFN79IZSY", "tract_id": "22071009600", "city": "NEW ORLEANS, LA", "zone_code": "HU-RD2", "zone_category": "Residential", "ev_permitted": false}, "geometry": {"type": "Polygon", "coordinates": [[[-90.0896514021359, 29.9201363809322], [-90.0895556441271, 29.9201617313223], [-90.0896759607344, 29.9204691797906], [-90.0897717288564, 29.9204432050635], [-90.0896514021359, 29.9201363809322]]]}}, {"type": "Feature", "properties": {"zone_id": "0203WV9Z9JAKSDSI2WGCRT", "tract_id": "22071009600", "city": "NEW ORLEANS, LA", "zone_code": "HU-RD2", "zone_category": "Residential", "ev_permitted": false}, "geometry": {"type": "Polygon", "coordinates": [[[-90.0893619640662, 29.9202130348703], [-90.0892647617346, 29.9202389966365], [-90.0893843608984, 29.9205464385906], [-90.089481563487, 29.9205204776392], [-90.0893619640662, 29.9202130348703]]]}}, {"type": "Feature", "properties": {"zone_id": "0206UI5M4FCGHKFRVK2VVX", "tract_id": "22071009600", "city": "NEW ORLEANS, LA", "zone_code": "IZD - COMMERCIAL SHORT TERM RENTAL", "zone_category": "Other", "ev_permitted": false}, "geometry": {"type": "Polygon", "coordinates": [[[-90.0894584419071, 29.9201876923296], [-90.0893619640662, 29.9202130348703], [-90.089481563487, 29.9205204776392], [-90.089578766025, 29.9204945166159], [-90.0894584419071, 29.9201876923296]]]}}, {"type": "Feature", "properties": {"zone_id": "0206VMM2Z6LQX5HV3HPBIU", "tract_id": "22071009600", "city": "NEW ORLEANS, LA", "zone_code": "IZD - NON-COMMERCIAL STR SPECIAL EXCEPTION", "zone_category": "Commercial", "ev_permitted": true}, "geometry": {"type": "Polygon", "coordinates": [[[-90.0895556441271, 29.9201617313223], [-90.0894584419071, 29.9201876923296], [-90.089578766025, 29.9204945166159], [-90.0896759607344, 29.9204691797906], [-90.0895556441271, 29.9201617313223]]]}}, {"type": "Feature", "properties": {"zone_id": "02077MXWJYZIPY6W023GYK", "tract_id": "22071009600", "city": "NEW ORLEANS, LA", "zone_code": "IZD - BED AND BREAKFAST", "zone_category": "Other", "ev_permitted": false}, "geometry": {"type": "Polygon", "coordinates": [[[-90.089634605692, 29.9198142819167], [-90.0895445862621, 29.9198396856533], [-90.0895981153579, 29.9199783449468], [-90.0896888292146, 29.9199548225735], [-90.089634605692, 29.9198142819167]]]}}, {"type": "Feature", "properties": {"zone_id": "0202K9XT4H4YZ9MZVUBEF5", "tract_id": "22071009600", "city": "NEW ORLEANS, LA", "zone_code": "HU-RD2", "zone_category": "Residential", "ev_permitted": false}, "geometry": {"type": "Polygon", "coordinates": [[[-90.0896888292146, 29.9199548225735], [-90.0894159552971, 29.9200266330726], [-90.089325928864, 29.9200526618408], [-90.0893551223265, 29.9201285782319], [-90.0897194338668, 29.9200326279618], [-90.0896888292146, 29.9199548225735]]]}}, {"type": "Feature", "properties": {"zone_id": "0200C4UZB68SXX0Y6UKWPR", "tract_id": "22071009600", "city": "NEW ORLEANS, LA", "zone_code": "IZD - NON-COMMERCIAL STR SPECIAL EXCEPTION", "zone_category": "Commercial", "ev_permitted": true}, "geometry": {"type": "Polygon", "coordinates": [[[-90.0897194338668, 29.9200326279618], [-90.0893551223265, 29.9201285782319], [-90.0893857200274, 29.9202070079759], [-90.089749321929, 29.9201104265671], [-90.0897194338668, 29.9200326279618]]]}}, {"type": "Feature", "properties": {"zone_id": "0203ZK8WR4BTURWLLX9S59", "tract_id": "22071009600", "city": "NEW ORLEANS, LA", "zone_code": "HU-RD2", "zone_category": "Residential", "ev_permitted": false}, "geometry": {"type": "Polygon", "coordinates": [[[-90.0892935960864, 29.9197104124796], [-90.089203568871, 29.9197364411552], [-90.089325928864, 29.9200526618408], [-90.0894159552971, 29.9200266330726], [-90.0892935960864, 29.9197104124796]]]}}, {"type": "Feature", "properties": {"zone_id": "0206H9UVH5GA43EQ3J3PWY", "tract_id": "22071009600", "city": "NEW ORLEANS, LA", "zone_code": "HU-RD2", "zone_category": "Residential", "ev_permitted": false}, "geometry": {"type": "Polygon", "coordinates": [[[-90.0893843243182, 29.9196856399615], [-90.0892935960864, 29.9197104124796], [-90.0894159552971, 29.9200266330726], [-90.0895073936679, 29.9200024924295], [-90.0893843243182, 29.9196856399615]]]}}, {"type": "Feature", "properties": {"zone_id": "0206HGN0DS7FUB62DWO59S", "tract_id": "22071009600", "city": "NEW ORLEANS, LA", "zone_code": "HU-RD2", "zone_category": "Residential", "ev_permitted": false}, "geometry": {"type": "Polygon", "coordinates": [[[-90.0894743504051, 29.9196596111521], [-90.0893843243182, 29.9196856399615], [-90.0895073936679, 29.9200024924295], [-90.0895981153579, 29.9199783449468], [-90.0894743504051, 29.9196596111521]]]}}, {"type": "Feature", "properties": {"zone_id": "0202F4YT306MYLZDDT1UI3", "tract_id": "22071009600", "city": "NEW ORLEANS, LA", "zone_code": "HU-RD2", "zone_category": "Residential", "ev_permitted": false}, "geometry": {"type": "Polygon", "coordinates": [[[-90.0905871785223, 29.9195593637646], [-90.0903766028923, 29.9196186960058], [-90.0904242269266, 29.9197479060362], [-90.0906374123684, 29.9196903568207], [-90.0905871785223, 29.9195593637646]]]}}, {"type": "Feature", "properties": {"zone_id": "0200ECBF0AHWDM0TOPGFTB", "tract_id": "22071009600", "city": "NEW ORLEANS, LA", "zone_code": "HU-RD2", "zone_category": "Residential", "ev_permitted": false}, "geometry": {"type": "Polygon", "coordinates": [[[-90.0906374123684, 29.9196903568207], [-90.0902413915323, 29.9197972625717], [-90.0902928386158, 29.9199302755892], [-90.0906846550546, 29.9198152035718], [-90.0906374123684, 29.9196903568207]]]}}, {"type": "Feature", "properties": {"zone_id": "02056TST1SDD0L3RWLE94U", "tract_id": "22071009600", "city": "NEW ORLEANS, LA", "zone_code": "IZD - NON-COMMERCIAL STR SPECIAL EXCEPTION", "zone_category": "Commercial", "ev_permitted": true}, "geometry": {"type": "Polygon", "coordinates": [[[-90.0903097094074, 29.9194355110731], [-90.090219707087, 29.9194596658405], [-90.0903342233167, 29.9197720608712], [-90.0904242269266, 29.9197479060362], [-90.0903097094074, 29.9194355110731]]]}}, {"type": "Feature", "properties": {"zone_id": "02004VJ54S8G3QYPUPVH7O", "tract_id": "22071009600", "city": "NEW ORLEANS, LA", "zone_code": "IZD - BED AND BREAKFAST", "zone_category": "Other", "ev_permitted": false}, "geometry": {"type": "Polygon", "coordinates": [[[-90.0901211108662, 29.9194866878118], [-90.0900239016634, 29.9195132744113], [-90.0901369173348, 29.9198051522457], [-90.0902330374053, 29.9197765541211], [-90.0902249358873, 29.919758598958], [-90.0901211108662, 29.9194866878118]]]}}, {"type": "Feature", "properties": {"zone_id": "0200XG5M68TPPGBR5LDEMD", "tract_id": "22071009600", "city": "NEW ORLEANS, LA", "zone_code": "IZD - NON-COMMERCIAL STR SPECIAL EXCEPTION", "zone_category": "Commercial", "ev_permitted": true}, "geometry": {"type": "Polygon", "coordinates": [[[-90.0900239016634, 29.9195132744113], [-90.089925966952, 29.9195404793271], [-90.0900398595129, 29.9198340292483], [-90.0901369173348, 29.9198051522457], [-90.0900239016634, 29.9195132744113]]]}}, {"type": "Feature", "properties": {"zone_id": "0202PXALLTDL59CER7ZWJZ", "tract_id": "22071009600", "city": "NEW ORLEANS, LA", "zone_code": "IZD - NON-COMMERCIAL STR SPECIAL EXCEPTION", "zone_category": "Commercial", "ev_permitted": true}, "geometry": {"type": "Polygon", "coordinates": [[[-90.090219707087, 29.9194596658405], [-90.0901211108662, 29.9194866878118], [-90.0902249358873, 29.919758598958], [-90.0902413915323, 29.9197972625717], [-90.0903342233167, 29.9197720608712], [-90.090219707087, 29.9194596658405]]]}}, {"type": "Feature", "properties": {"zone_id": "0201ICUO59ADLTH5PUEZX7", "tract_id": "22071009600", "city": "NEW ORLEANS, LA", "zone_code": "IZD - BED AND BREAKFAST", "zone_category": "Other", "ev_permitted": false}, "geometry": {"type": "Polygon", "coordinates": [[[-90.0905178716078, 29.9193779145851], [-90.0903097094074, 29.9194355110731], [-90.0903766028923, 29.9196186960058], [-90.0905871785223, 29.9195593637646], [-90.0905178716078, 29.9193779145851]]]}}, {"type": "Feature", "properties": {"zone_id": "0203J77ORLLFPN5EZI8249", "tract_id": "22071009600", "city": "NEW ORLEANS, LA", "zone_code": "HU-RD2", "zone_category": "Residential", "ev_permitted": false}, "geometry": {"type": "Polygon", "coordinates": [[[-90.0898359644554, 29.9195646329295], [-90.0897392030442, 29.9195913444519], [-90.0898543586787, 29.9198892191397], [-90.0899504934545, 29.9198606177505], [-90.0898359644554, 29.9195646329295]]]}}, {"type": "Feature", "properties": {"zone_id": "02016KE49OA6VV6YPE6ELZ", "tract_id": "22071009600", "city": "NEW ORLEANS, LA", "zone_code": "HU-RD2", "zone_category": "Residential", "ev_permitted": false}, "geometry": {"type": "Polygon", "coordinates": [[[-90.089925966952, 29.9195404793271], [-90.0898359644554, 29.9195646329295], [-90.0899504934545, 29.9198606177505], [-90.0900398595129, 29.9198340292483], [-90.089925966952, 29.9195404793271]]]}}, {"type": "Feature", "properties": {"zone_id": "0204LWLYJG2VN6D480ZQ7T", "tract_id": "22071009600", "city": "NEW ORLEANS, LA", "zone_code": "IZD - NON-COMMERCIAL STR SPECIAL EXCEPTION", "zone_category": "Commercial", "ev_permitted": true}, "geometry": {"type": "Polygon", "coordinates": [[[-90.0895650795814, 29.919634838519], [-90.0894743504051, 29.9196596111521], [-90.0895445862621, 29.9198396856533], [-90.089634605692, 29.9198142819167], [-90.0895650795814, 29.919634838519]]]}}, {"type": "Feature", "properties": {"zone_id": "0202C5P5ISLY0ZG4AJLMC6", "tract_id": "22071009600", "city": "NEW ORLEANS, LA", "zone_code": "HU-RD2", "zone_category": "Residential", "ev_permitted": false}, "geometry": {"type": "Polygon", "coordinates": [[[-90.0896486001918, 29.9190942682329], [-90.0895585424645, 29.9191227978422], [-90.0896878604233, 29.9194565872774], [-90.0897822534967, 29.9194255984838], [-90.0896486001918, 29.9190942682329]]]}}, {"type": "Feature", "properties": {"zone_id": "0205VXEDTBHD2TAT3AC5NK", "tract_id": "22071009600", "city": "NEW ORLEANS, LA", "zone_code": "IZD - BED AND BREAKFAST", "zone_category": "Other", "ev_permitted": false}, "geometry": {"type": "Polygon", "coordinates": [[[-90.0897530625847, 29.91906149893], [-90.0896486001918, 29.9190942682329], [-90.0897822534967, 29.9194255984838], [-90.0898780828831, 29.9193946232008], [-90.0897530625847, 29.91906149893]]]}}, {"type": "Feature", "properties": {"zone_id": "0205B32GXBT5N7YDKAO1UR", "tract_id": "22071009600", "city": "NEW ORLEANS, LA", "zone_code": "HU-RD2", "zone_category": "Residential", "ev_permitted": false}, "geometry": {"type": "Polygon", "coordinates": [[[-90.0893921160091, 29.9191756105159], [-90.0892020338924, 29.9192263234996], [-90.0893208438566, 29.9195393853119], [-90.089509498962, 29.9194880334138], [-90.0893921160091, 29.9191756105159]]]}}, {"type": "Feature", "properties": {"zone_id": "0200DHFBRIH58PC2K1PCIM", "tract_id": "22071009600", "city": "NEW ORLEANS, LA", "zone_code": "HU-RD2", "zone_category": "Residential", "ev_permitted": false}, "geometry": {"type": "Polygon", "coordinates": [[[-90.0893551223265, 29.9201285782319], [-90.0889967942304, 29.9202230548206], [-90.0890327752579, 29.9203002489929], [-90.0893857200274, 29.9202070079759], [-90.0893551223265, 29.9201285782319]]]}}, {"type": "Feature", "properties": {"zone_id": "02057OXCVBLHG4XK3RORKA", "tract_id": "22071009600", "city": "NEW ORLEANS, LA", "zone_code": "IZD - NON-COMMERCIAL STR SPECIAL EXCEPTION", "zone_category": "Commercial", "ev_permitted": true}, "geometry": {"type": "Polygon", "coordinates": [[[-90.0892647586201, 29.9202392465249], [-90.0890327752579, 29.9203002489929], [-90.0890729597958, 29.9203864619145], [-90.0892982313501, 29.9203254969471], [-90.0892647586201, 29.9202392465249]]]}}, {"type": "Feature", "properties": {"zone_id": "0206QBPESNZNKZNOI9AOAX", "tract_id": "22071009600", "city": "NEW ORLEANS, LA", "zone_code": "HU-RD2", "zone_category": "Residential", "ev_permitted": false}, "geometry": {"type": "Polygon", "coordinates": [[[-90.089325928864, 29.9200526618408], [-90.0892345205364, 29.9200743016595], [-90.0889611622765, 29.920146610084], [-90.0889967942304, 29.9202230548206], [-90.0893551223265, 29.9201285782319], [-90.089325928864, 29.9200526618408]]]}}, {"type": "Feature", "properties": {"zone_id": "020147KJD3GANL9K20AOXR", "tract_id": "22071009600", "city": "NEW ORLEANS, LA", "zone_code": "HU-RD2", "zone_category": "Residential", "ev_permitted": false}, "geometry": {"type": "Polygon", "coordinates": [[[-90.0887870949386, 29.9201022633964], [-90.0885520984628, 29.9201866196188], [-90.08859409052, 29.920272034181], [-90.0888290793666, 29.9201883030564], [-90.0887870949386, 29.9201022633964]]]}}, {"type": "Feature", "properties": {"zone_id": "02073W0DZ4FELKQPVWXN5O", "tract_id": "22071009600", "city": "NEW ORLEANS, LA", "zone_code": "HU-RD2", "zone_category": "Residential", "ev_permitted": false}, "geometry": {"type": "Polygon", "coordinates": [[[-90.0888290793666, 29.9201883030564], [-90.0884564102276, 29.9203213662314], [-90.088505051331, 29.9204249930168], [-90.0888788251075, 29.9202897513422], [-90.0888290793666, 29.9201883030564]]]}}, {"type": "Feature", "properties": {"zone_id": "02070FJ1I4MBQ8Q9GE9R46", "tract_id": "22071009600", "city": "NEW ORLEANS, LA", "zone_code": "HU-RD2", "zone_category": "Residential", "ev_permitted": false}, "geometry": {"type": "Polygon", "coordinates": [[[-90.0888788251075, 29.9202897513422], [-90.088505051331, 29.9204249930168], [-90.088537789269, 29.9204935430392], [-90.0889116096808, 29.9203573191828], [-90.0888788251075, 29.9202897513422]]]}}, {"type": "Feature", "properties": {"zone_id": "02068HS0EKY92EF6T7MQTR", "tract_id": "22071009600", "city": "NEW ORLEANS, LA", "zone_code": "IZD - BED AND BREAKFAST", "zone_category": "Other", "ev_permitted": false}, "geometry": {"type": "Polygon", "coordinates": [[[-90.0889116096808, 29.9203573191828], [-90.0887239480964, 29.9204261856159], [-90.0887526228711, 29.9204838658605], [-90.0889403766012, 29.9204160892501], [-90.0889116096808, 29.9203573191828]]]}}, {"type": "Feature", "properties": {"zone_id": "020107N5GKB93DVG71FW0P", "tract_id": "22071009600", "city": "NEW ORLEANS, LA", "zone_code": "IZD - BED AND BREAKFAST", "zone_category": "Other", "ev_permitted": false}, "geometry": {"type": "Polygon", "coordinates": [[[-90.089203568871, 29.9197364411552], [-90.0891135494016, 29.9197618445972], [-90.0892345205364, 29.9200743016595], [-90.089325928864, 29.9200526618408], [-90.089203568871, 29.9197364411552]]]}}, {"type": "Feature", "properties": {"zone_id": "0203H4J7ZYYDUJ8PHQ6V1V", "tract_id": "22071009600", "city": "NEW ORLEANS, LA", "zone_code": "IZD - NON-COMMERCIAL STR SPECIAL EXCEPTION", "zone_category": "Commercial", "ev_permitted": true}, "geometry": {"type": "Polygon", "coordinates": [[[-90.0890235241641, 29.919787873169], [-90.088820445713, 29.9198447142236], [-90.0888891914033, 29.9199922035558], [-90.0890818481309, 29.9199384793619], [-90.0890235241641, 29.919787873169]]]}}, {"type": "Feature", "properties": {"zone_id": "02034IUGNT8O6K6AVBVXZY", "tract_id": "22071009600", "city": "NEW ORLEANS, LA", "zone_code": "IZD - BED AND BREAKFAST", "zone_category": "Other", "ev_permitted": false}, "geometry": {"type": "Polygon", "coordinates": [[[-90.0891135494016, 29.9197618445972], [-90.0890235241641, 29.919787873169], [-90.0891437997069, 29.920098448901], [-90.0892345205364, 29.9200743016595], [-90.0891135494016, 29.9197618445972]]]}}, {"type": "Feature", "properties": {"zone_id": "0206A7CZ2XC678VO2A6NLV", "tract_id": "22071009600", "city": "NEW ORLEANS, LA", "zone_code": "IZD - NON-COMMERCIAL STR SPECIAL EXCEPTION", "zone_category": "Commercial", "ev_permitted": true}, "geometry": {"type": "Polygon", "coordinates": [[[-90.0890818481309, 29.9199384793619], [-90.0888891914033, 29.9199922035558], [-90.0889611622765, 29.920146610084], [-90.0891437997069, 29.920098448901], [-90.0890818481309, 29.9199384793619]]]}}, {"type": "Feature", "properties": {"zone_id": "0200LNFFY5TA66WUBYDK9V", "tract_id": "22071009600", "city": "NEW ORLEANS, LA", "zone_code": "HU-RD2", "zone_category": "Residential", "ev_permitted": false}, "geometry": {"type": "Polygon", "coordinates": [[[-90.0887073260732, 29.9199386632371], [-90.0884730525273, 29.9200227130836], [-90.0885129215798, 29.9201056065995], [-90.088747915019, 29.9200215643952], [-90.0887073260732, 29.9199386632371]]]}}, {"type": "Feature", "properties": {"zone_id": "0201M1R5VOQJC1U29S4KER", "tract_id": "22071009600", "city": "NEW ORLEANS, LA", "zone_code": "IZD - BED AND BREAKFAST", "zone_category": "Other", "ev_permitted": false}, "geometry": {"type": "Polygon", "coordinates": [[[-90.088747915019, 29.9200215643952], [-90.0885129215798, 29.9201056065995], [-90.0885520984628, 29.9201866196188], [-90.0887870949386, 29.9201022633964], [-90.088747915019, 29.9200215643952]]]}}, {"type": "Feature", "properties": {"zone_id": "0203TUKJWDUQXBUE6YT1B8", "tract_id": "22071009600", "city": "NEW ORLEANS, LA", "zone_code": "HU-RD2", "zone_category": "Residential", "ev_permitted": false}, "geometry": {"type": "Polygon", "coordinates": [[[-90.0883443486556, 29.9199833170925], [-90.0882045144341, 29.9200345502431], [-90.0884120610778, 29.9204584951625], [-90.088505051331, 29.9204249930168], [-90.0884564102276, 29.9203213662314], [-90.0885004150491, 29.9203055984734], [-90.0883443486556, 29.9199833170925]]]}}, {"type": "Feature", "properties": {"zone_id": "0200LJTVSGLSLAEDH60VXZ", "tract_id": "22071009600", "city": "NEW ORLEANS, LA", "zone_code": "HU-RD2", "zone_category": "Residential", "ev_permitted": false}, "geometry": {"type": "Polygon", "coordinates": [[[-90.0882045144341, 29.9200345502431], [-90.0881115145847, 29.9200686764282], [-90.0883183442642, 29.9204926147095], [-90.0884120610778, 29.9204584951625], [-90.0882045144341, 29.9200345502431]]]}}, {"type": "Feature", "properties": {"zone_id": "02016Q6CRA7HC9J3I4IGCL", "tract_id": "22071009600", "city": "NEW ORLEANS, LA", "zone_code": "HU-RD2", "zone_category": "Residential", "ev_permitted": false}, "geometry": {"type": "Polygon", "coordinates": [[[-90.088437369531, 29.9199492360544], [-90.0883443486556, 29.9199833170925], [-90.0885004150491, 29.9203055984734], [-90.08859409052, 29.920272034181], [-90.088437369531, 29.9199492360544]]]}}, {"type": "Feature", "properties": {"zone_id": "0201PF8FQA7ZVSNBRJ36KK", "tract_id": "22071009600", "city": "NEW ORLEANS, LA", "zone_code": "IZD - BED AND BREAKFAST", "zone_category": "Other", "ev_permitted": false}, "geometry": {"type": "Polygon", "coordinates": [[[-90.0881115145847, 29.9200686764282], [-90.0877374056819, 29.9202020370175], [-90.0877772918576, 29.9202836813324], [-90.0881506911386, 29.9201496886653], [-90.0881115145847, 29.9200686764282]]]}}, {"type": "Feature", "properties": {"zone_id": "0205FH5UA6DAVCFZ3O68ID", "tract_id": "22071009600", "city": "NEW ORLEANS, LA", "zone_code": "IZD - NON-COMMERCIAL STR SPECIAL EXCEPTION", "zone_category": "Commercial", "ev_permitted": true}, "geometry": {"type": "Polygon", "coordinates": [[[-90.0881506911386, 29.9201496886653], [-90.0877772918576, 29.9202836813324], [-90.0878171858997, 29.9203647004624], [-90.0881905854301, 29.9202307076835], [-90.0881506911386, 29.9201496886653]]]}}, {"type": "Feature", "properties": {"zone_id": "0205ZKULYVBJ3UZH3P6OJX", "tract_id": "22071009600", "city": "NEW ORLEANS, LA", "zone_code": "IZD - BED AND BREAKFAST", "zone_category": "Other", "ev_permitted": false}, "geometry": {"type": "Polygon", "coordinates": [[[-90.0881905854301, 29.9202307076835], [-90.0878171858997, 29.9203647004624], [-90.0878556592215, 29.920444455635], [-90.0882297766733, 29.9203104695416], [-90.0881905854301, 29.9202307076835]]]}}, {"type": "Feature", "properties": {"zone_id": "0201V4NM4BK3A4NC9N4R9P", "tract_id": "22071009600", "city": "NEW ORLEANS, LA", "zone_code": "IZD - BED AND BREAKFAST", "zone_category": "Other", "ev_permitted": false}, "geometry": {"type": "Polygon", "coordinates": [[[-90.0882297766733, 29.9203104695416], [-90.0878556592215, 29.920444455635], [-90.0878955455908, 29.9205260999115], [-90.088269663295, 29.9203921137061], [-90.0882297766733, 29.9203104695416]]]}}, {"type": "Feature", "properties": {"zone_id": "0206VIEBYH8UYLO9K2PJRS", "tract_id": "22071009600", "city": "NEW ORLEANS, LA", "zone_code": "HU-RD2", "zone_category": "Residential", "ev_permitted": false}, "geometry": {"type": "Polygon", "coordinates": [[[-90.0886716439812, 29.9198651853784], [-90.088437369531, 29.9199492360544], [-90.0884730525273, 29.9200227130836], [-90.0887073260732, 29.9199386632371], [-90.0886716439812, 29.9198651853784]]]}}, {"type": "Feature", "properties": {"zone_id": "0204UFFTRQ7C5R25S5VKB3", "tract_id": "22071009600", "city": "NEW ORLEANS, LA", "zone_code": "IZD - BED AND BREAKFAST", "zone_category": "Other", "ev_permitted": false}, "geometry": {"type": "Polygon", "coordinates": [[[-90.0890758286586, 29.9194806594942], [-90.088725799344, 29.9196081461539], [-90.0887642819309, 29.9196872759062], [-90.0891278825519, 29.9195906953067], [-90.0890758286586, 29.9194806594942]]]}}, {"type": "Feature", "properties": {"zone_id": "0206SXJ2DVR8UOSPYXI6RW", "tract_id": "22071009600", "city": "NEW ORLEANS, LA", "zone_code": "HU-RD2", "zone_category": "Residential", "ev_permitted": false}, "geometry": {"type": "Polygon", "coordinates": [[[-90.0892020338924, 29.9192263234996], [-90.0891065531331, 29.9192524250323], [-90.0892243598507, 29.9195653529357], [-90.0893208438566, 29.9195393853119], [-90.0892020338924, 29.9192263234996]]]}}, {"type": "Feature", "properties": {"zone_id": "0205GZRIZNWEN0PGA1ZC7M", "tract_id": "22071009600", "city": "NEW ORLEANS, LA", "zone_code": "IZD - NON-COMMERCIAL STR SPECIAL EXCEPTION", "zone_category": "Commercial", "ev_permitted": true}, "geometry": {"type": "Polygon", "coordinates": [[[-90.0891065531331, 29.9192524250323], [-90.0889816505389, 29.9192783744783], [-90.0890141792805, 29.919351571608], [-90.0890538187717, 29.9194299633697], [-90.0891278825519, 29.9195906953067], [-90.0892243598507, 29.9195653529357], [-90.0891065531331, 29.9192524250323]]]}}, {"type": "Feature", "properties": {"zone_id": "02027ZIGOL31WL1FIRL58B", "tract_id": "22071009600", "city": "NEW ORLEANS, LA", "zone_code": "HU-RD2", "zone_category": "Residential", "ev_permitted": false}, "geometry": {"type": "Polygon", "coordinates": [[[-90.0889283084029, 29.919162451087], [-90.0885704129657, 29.9192934880748], [-90.088609628568, 29.9193713743229], [-90.0889644234983, 29.9192416504152], [-90.0889283084029, 29.919162451087]]]}}, {"type": "Feature", "properties": {"zone_id": "02050KPYGM9OJR4OB62P1J", "tract_id": "22071009600", "city": "NEW ORLEANS, LA", "zone_code": "IZD - BED AND BREAKFAST", "zone_category": "Other", "ev_permitted": false}, "geometry": {"type": "Polygon", "coordinates": [[[-90.0890003892179, 29.9193205406585], [-90.0886474088947, 29.9194492469764], [-90.088725799344, 29.9196081461539], [-90.0890758286586, 29.9194806594942], [-90.0890141792805, 29.919351571608], [-90.0890003892179, 29.9193205406585]]]}}, {"type": "Feature", "properties": {"zone_id": "0201DFT2IULCXCDSISXQX5", "tract_id": "22071009600", "city": "NEW ORLEANS, LA", "zone_code": "IZD - NON-COMMERCIAL STR SPECIAL EXCEPTION", "zone_category": "Commercial", "ev_permitted": true}, "geometry": {"type": "Polygon", "coordinates": [[[-90.0889644234983, 29.9192416504152], [-90.088609628568, 29.9193713743229], [-90.0886474088947, 29.9194492469764], [-90.0890003892179, 29.9193205406585], [-90.0889644234983, 29.9192416504152]]]}}, {"type": "Feature", "properties": {"zone_id": "02069A40S5ZYJCNQD8I8CC", "tract_id": "22071009600", "city": "", "zone_code": "IZD - BED AND BREAKFAST", "zone_category": "Other", "ev_permitted": false}, "geometry": {"type": "Polygon", "coordinates": [[[-90.0884708566389, 29.9194507024399], [-90.0881904353854, 29.9195524444545], [-90.0883387710683, 29.9198570341167], [-90.0886184675485, 29.9197559110727], [-90.0884708566389, 29.9194507024399]]]}}, {"type": "Feature", "properties": {"zone_id": "0207CVN7LHTC5Z4SIVTZ7O", "tract_id": "22071009600", "city": "NEW ORLEANS, LA", "zone_code": "IZD - NON-COMMERCIAL STR SPECIAL EXCEPTION", "zone_category": "Commercial", "ev_permitted": true}, "geometry": {"type": "Polygon", "coordinates": [[[-90.0880974448039, 29.9195859463717], [-90.0879100125247, 29.9196541858602], [-90.0880590719389, 29.9199581574471], [-90.0882457724545, 29.9198911613095], [-90.0880974448039, 29.9195859463717]]]}}, {"type": "Feature", "properties": {"zone_id": "02034JWI0OYVEDW348E60B", "tract_id": "22071009600", "city": "NEW ORLEANS, LA", "zone_code": "IZD - BED AND BREAKFAST", "zone_category": "Other", "ev_permitted": false}, "geometry": {"type": "Polygon", "coordinates": [[[-90.0881904353854, 29.9195524444545], [-90.0880974448039, 29.9195859463717], [-90.0882457724545, 29.9198911613095], [-90.0883387710683, 29.9198570341167], [-90.0881904353854, 29.9195524444545]]]}}, {"type": "Feature", "properties": {"zone_id": "0202SX7153ZWHX2Q7LU87J", "tract_id": "22071009600", "city": "NEW ORLEANS, LA", "zone_code": "HU-RD2", "zone_category": "Residential", "ev_permitted": false}, "geometry": {"type": "Polygon", "coordinates": [[[-90.0884330764606, 29.9193728288335], [-90.0880596648658, 29.9195080726594], [-90.0880974448039, 29.9195859463717], [-90.0884708566389, 29.9194507024399], [-90.0884330764606, 29.9193728288335]]]}}, {"type": "Feature", "properties": {"zone_id": "0200FTCV436DEEHCX9F6C2", "tract_id": "22071009600", "city": "NEW ORLEANS, LA", "zone_code": "HU-RD2", "zone_category": "Residential", "ev_permitted": false}, "geometry": {"type": "Polygon", "coordinates": [[[-90.088349826712, 29.9192007560212], [-90.0879764146124, 29.9193359996039], [-90.0880149120886, 29.9194138801363], [-90.0883876057247, 29.9192786296433], [-90.088349826712, 29.9192007560212]]]}}, {"type": "Feature", "properties": {"zone_id": "0201VODLGG3BJIB1PW4TPE", "tract_id": "22071009600", "city": "NEW ORLEANS, LA", "zone_code": "HU-RD2", "zone_category": "Residential", "ev_permitted": false}, "geometry": {"type": "Polygon", "coordinates": [[[-90.0883876057247, 29.9192786296433], [-90.0880149120886, 29.9194138801363], [-90.0880596648658, 29.9195080726594], [-90.0884330764606, 29.9193728288335], [-90.0883876057247, 29.9192786296433]]]}}, {"type": "Feature", "properties": {"zone_id": "0203MOUQUL79PJOY434YVE", "tract_id": "22071009600", "city": "NEW ORLEANS, LA", "zone_code": "IZD - NON-COMMERCIAL STR SPECIAL EXCEPTION", "zone_category": "Commercial", "ev_permitted": true}, "geometry": {"type": "Polygon", "coordinates": [[[-90.0933896454637, 29.9190503050893], [-90.0930328808776, 29.9191196062542], [-90.0930573156017, 29.9192055322937], [-90.0934122008016, 29.9191363026655], [-90.0933896454637, 29.9190503050893]]]}}, {"type": "Feature", "properties": {"zone_id": "02004LUI9CR2TOZ6534IHC", "tract_id": "22071009600", "city": "NEW ORLEANS, LA", "zone_code": "IZD - BED AND BREAKFAST", "zone_category": "Other", "ev_permitted": false}, "geometry": {"type": "Polygon", "coordinates": [[[-90.0931301918011, 29.9187894801485], [-90.0930398161923, 29.9188078554328], [-90.0931172599447, 29.9191031512201], [-90.0932079138517, 29.9190858214829], [-90.0931301918011, 29.9187894801485]]]}}, {"type": "Feature", "properties": {"zone_id": "0202PUOZU1CPAQXQ9LW80Q", "tract_id": "22071009600", "city": "NEW ORLEANS, LA", "zone_code": "IZD - NON-COMMERCIAL STR SPECIAL EXCEPTION", "zone_category": "Commercial", "ev_permitted": true}, "geometry": {"type": "Polygon", "coordinates": [[[-90.0930398161923, 29.9188078554328], [-90.0929492713565, 29.9188255938893], [-90.0930328808776, 29.9191196062542], [-90.0931172599447, 29.9191031512201], [-90.0930398161923, 29.9188078554328]]]}}, {"type": "Feature", "properties": {"zone_id": "02050PK5GMG77BYY45F4IP", "tract_id": "22071009600", "city": "NEW ORLEANS, LA", "zone_code": "IZD - NON-COMMERCIAL STR SPECIAL EXCEPTION", "zone_category": "Commercial", "ev_permitted": true}, "geometry": {"type": "Polygon", "coordinates": [[[-90.0930328808776, 29.9191196062542], [-90.0926692750807, 29.9191903080533], [-90.0926933249294, 29.9192761773006], [-90.0930573156017, 29.9192055322937], [-90.0930328808776, 29.9191196062542]]]}}, {"type": "Feature", "properties": {"zone_id": "0202QK73KQQ4MI3IDPJ8XP", "tract_id": "22071009600", "city": "NEW ORLEANS, LA", "zone_code": "IZD - NON-COMMERCIAL STR SPECIAL EXCEPTION", "zone_category": "Commercial", "ev_permitted": true}, "geometry": {"type": "Polygon", "coordinates": [[[-90.0927659237405, 29.9188624035683], [-90.0926688090743, 29.9188814918604], [-90.0927462451447, 29.9191754055839], [-90.0928426424155, 29.9191563104671], [-90.0927659237405, 29.9188624035683]]]}}, {"type": "Feature", "properties": {"zone_id": "0201OUD6DSKEKAS2B7R5FO", "tract_id": "22071009600", "city": "NEW ORLEANS, LA", "zone_code": "IZD - BED AND BREAKFAST", "zone_category": "Other", "ev_permitted": false}, "geometry": {"type": "Polygon", "coordinates": [[[-90.0929492713565, 29.9188255938893], [-90.0928623284746, 29.918842683264], [-90.0929404672022, 29.9191378548894], [-90.0930328808776, 29.9191196062542], [-90.0929492713565, 29.9188255938893]]]}}, {"type": "Feature", "properties": {"zone_id": "02071A5EXH1VXMQVNJ31IN", "tract_id": "22071009600", "city": "NEW ORLEANS, LA", "zone_code": "IZD - NON-COMMERCIAL STR SPECIAL EXCEPTION", "zone_category": "Commercial", "ev_permitted": true}, "geometry": {"type": "Polygon", "coordinates": [[[-90.0928623284746, 29.918842683264], [-90.0927659237405, 29.9188624035683], [-90.0928426424155, 29.9191563104671], [-90.0929404672022, 29.9191378548894], [-90.0928623284746, 29.918842683264]]]}}, {"type": "Feature", "properties": {"zone_id": "0201ZZM2AZES8S73BVMO8F", "tract_id": "22071009600", "city": "NEW ORLEANS, LA", "zone_code": "IZD - NON-COMMERCIAL STR SPECIAL EXCEPTION", "zone_category": "Commercial", "ev_permitted": true}, "geometry": {"type": "Polygon", "coordinates": [[[-90.0932334517265, 29.9187695959439], [-90.0931301918011, 29.9187894801485], [-90.0932079138517, 29.9190858214829], [-90.0933110741578, 29.9190655591439], [-90.0932334517265, 29.9187695959439]]]}}, {"type": "Feature", "properties": {"zone_id": "0204717XTC3DY6LLSWJAYL", "tract_id": "22071009600", "city": "NEW ORLEANS, LA", "zone_code": "HU-RD2", "zone_category": "Residential", "ev_permitted": false}, "geometry": {"type": "Polygon", "coordinates": [[[-90.093312038585, 29.9187544061421], [-90.0932334517265, 29.9187695959439], [-90.0933110741578, 29.9190655591439], [-90.0933896454637, 29.9190503050893], [-90.093312038585, 29.9187544061421]]]}}, {"type": "Feature", "properties": {"zone_id": "02066K3BNQKXEIN7KGS9AE", "tract_id": "22071009600", "city": "NEW ORLEANS, LA", "zone_code": "IZD - NON-COMMERCIAL STR SPECIAL EXCEPTION", "zone_category": "Commercial", "ev_permitted": true}, "geometry": {"type": "Polygon", "coordinates": [[[-90.0926688090743, 29.9188814918604], [-90.0925882431423, 29.9188969847077], [-90.0926692750807, 29.9191903080533], [-90.0927462451447, 29.9191754055839], [-90.0926688090743, 29.9188814918604]]]}}, {"type": "Feature", "properties": {"zone_id": "0204H11YK0VAJVO0N8BK9W", "tract_id": "22071009600", "city": "NEW ORLEANS, LA", "zone_code": "HU-RD2", "zone_category": "Residential", "ev_permitted": false}, "geometry": {"type": "Polygon", "coordinates": [[[-90.0924405059379, 29.9189474765273], [-90.0923520000015, 29.9189666457997], [-90.0924325216988, 29.9191855746856], [-90.0924973567309, 29.9191655568178], [-90.0924405059379, 29.9189474765273]]]}}, {"type": "Feature", "properties": {"zone_id": "0203C2M273ZUAZQKWHRCVB", "tract_id": "22071009600", "city": "NEW ORLEANS, LA", "zone_code": "IZD - BED AND BREAKFAST", "zone_category": "Other", "ev_permitted": false}, "geometry": {"type": "Polygon", "coordinates": [[[-90.0923520000015, 29.9189666457997], [-90.0922476639454, 29.9189894162237], [-90.0923669832626, 29.9193199832813], [-90.0924696241526, 29.9192893825521], [-90.0924325216988, 29.9191855746856], [-90.0923520000015, 29.9189666457997]]]}}, {"type": "Feature", "properties": {"zone_id": "0206S6AZHFF6JWK4PXIHVJ", "tract_id": "22071009600", "city": "NEW ORLEANS, LA", "zone_code": "HU-RD2", "zone_category": "Residential", "ev_permitted": false}, "geometry": {"type": "Polygon", "coordinates": [[[-90.0920886391384, 29.9190241727131], [-90.0919958213689, 29.9190439263039], [-90.0920944001007, 29.9193111597983], [-90.0921281423946, 29.919389229707], [-90.0922179543117, 29.9193631852783], [-90.0922038550647, 29.9193384484224], [-90.0920886391384, 29.9190241727131]]]}}, {"type": "Feature", "properties": {"zone_id": "0202PGPEJKOKBS4TLUSJA2", "tract_id": "22071009600", "city": "NEW ORLEANS, LA", "zone_code": "IZD - BED AND BREAKFAST", "zone_category": "Other", "ev_permitted": false}, "geometry": {"type": "Polygon", "coordinates": [[[-90.0921728314104, 29.9190055881596], [-90.0920886391384, 29.9190241727131], [-90.0922038550647, 29.9193384484224], [-90.0922179543117, 29.9193631852783], [-90.0923036106391, 29.9193378269746], [-90.0922887564394, 29.9193204957297], [-90.0921728314104, 29.9190055881596]]]}}, {"type": "Feature", "properties": {"zone_id": "0201VBOK1Z62N4BZOXIXFR", "tract_id": "22071009600", "city": "NEW ORLEANS, LA", "zone_code": "HU-RD2", "zone_category": "Residential", "ev_permitted": false}, "geometry": {"type": "Polygon", "coordinates": [[[-90.0922476639454, 29.9189894162237], [-90.0921728314104, 29.9190055881596], [-90.0922887564394, 29.9193204957297], [-90.0923036106391, 29.9193378269746], [-90.0923669832626, 29.9193199832813], [-90.0922476639454, 29.9189894162237]]]}}, {"type": "Feature", "properties": {"zone_id": "0207O8YZED9XZ477A8GZVJ", "tract_id": "22071009600", "city": "NEW ORLEANS, LA", "zone_code": "HU-RD2", "zone_category": "Residential", "ev_permitted": false}, "geometry": {"type": "Polygon", "coordinates": [[[-90.0927202587027, 29.9185525358222], [-90.0925058773628, 29.9185955223249], [-90.0925511514709, 29.9187634827642], [-90.0927684048524, 29.9187205223705], [-90.0927202587027, 29.9185525358222]]]}}, {"type": "Feature", "properties": {"zone_id": "0203PFGK85GMJKPVD4YR3Z", "tract_id": "22071009600", "city": "NEW ORLEANS, LA", "zone_code": "IZD - NON-COMMERCIAL STR SPECIAL EXCEPTION", "zone_category": "Commercial", "ev_permitted": true}, "geometry": {"type": "Polygon", "coordinates": [[[-90.0923547982006, 29.9185890427578], [-90.0920396285399, 29.91865327064], [-90.0920756703669, 29.918739127769], [-90.0923780811456, 29.9186774996526], [-90.0923547982006, 29.9185890427578]]]}}, {"type": "Feature", "properties": {"zone_id": "0204F12YH3ROIQE5C994W2", "tract_id": "22071009600", "city": "NEW ORLEANS, LA", "zone_code": "IZD - NON-COMMERCIAL STR SPECIAL EXCEPTION", "zone_category": "Commercial", "ev_permitted": true}, "geometry": {"type": "Polygon", "coordinates": [[[-90.0923780811456, 29.9186774996526], [-90.0920756703669, 29.918739127769], [-90.0921047791976, 29.9188483061792], [-90.0924059549328, 29.9187827425423], [-90.0923780811456, 29.9186774996526]]]}}, {"type": "Feature", "properties": {"zone_id": "0202WSCKETIXXNC4S3AROA", "tract_id": "22071009600", "city": "NEW ORLEANS, LA", "zone_code": "IZD - NON-COMMERCIAL STR SPECIAL EXCEPTION", "zone_category": "Commercial", "ev_permitted": true}, "geometry": {"type": "Polygon", "coordinates": [[[-90.0932088505641, 29.9183295961746], [-90.0928585150647, 29.9183988076931], [-90.0928832281741, 29.9184890589871], [-90.093232853032, 29.9184192163575], [-90.0932088505641, 29.9183295961746]]]}}, {"type": "Feature", "properties": {"zone_id": "0204JYUO9CWIC8UJLKD5GB", "tract_id": "22071009600", "city": "NEW ORLEANS, LA", "zone_code": "HU-RD2", "zone_category": "Residential", "ev_permitted": false}, "geometry": {"type": "Polygon", "coordinates": [[[-90.093232853032, 29.9184192163575], [-90.0931413979434, 29.9184373920635], [-90.0931964781347, 29.9186366113769], [-90.0932856255136, 29.9186191284421], [-90.093232853032, 29.9184192163575]]]}}, {"type": "Feature", "properties": {"zone_id": "0204RCNK7Q3V4AQUEJ7QCE", "tract_id": "22071009600", "city": "NEW ORLEANS, LA", "zone_code": "IZD - BED AND BREAKFAST", "zone_category": "Other", "ev_permitted": false}, "geometry": {"type": "Polygon", "coordinates": [[[-90.0931413979434, 29.9184373920635], [-90.0930557104246, 29.9184544212213], [-90.0931108970844, 29.9186533943644], [-90.0931964781347, 29.9186366113769], [-90.0931413979434, 29.9184373920635]]]}}, {"type": "Feature", "properties": {"zone_id": "02031ADCUPT7I96DOLMS4Y", "tract_id": "22071009600", "city": "NEW ORLEANS, LA", "zone_code": "HU-RD2", "zone_category": "Residential", "ev_permitted": false}, "geometry": {"type": "Polygon", "coordinates": [[[-90.0930557104246, 29.9184544212213], [-90.0929745943917, 29.9184705415787], [-90.0929986054985, 29.918559535738], [-90.0930244729662, 29.9186703416728], [-90.0931108970844, 29.9186533943644], [-90.0930557104246, 29.9184544212213]]]}}, {"type": "Feature", "properties": {"zone_id": "02001JDM2M8TC1ORU1ATLH", "tract_id": "22071009600", "city": "NEW ORLEANS, LA", "zone_code": "HU-RD2", "zone_category": "Residential", "ev_permitted": false}, "geometry": {"type": "Polygon", "coordinates": [[[-90.0928358384618, 29.9183179524799], [-90.0926652655408, 29.9183582270568], [-90.0927684048524, 29.9187205223705], [-90.0929388928936, 29.918687124558], [-90.0928358384618, 29.9183179524799]]]}}, {"type": "Feature", "properties": {"zone_id": "0207IJ8888M3GQE6PP20XT", "tract_id": "22071009600", "city": "NEW ORLEANS, LA", "zone_code": "IZD - COMMERCIAL SHORT TERM RENTAL", "zone_category": "Other", "ev_permitted": false}, "geometry": {"type": "Polygon", "coordinates": [[[-90.0929745943917, 29.9184705415787], [-90.0928832281741, 29.9184890589871], [-90.0929388928936, 29.918687124558], [-90.0930244729662, 29.9186703416728], [-90.0929986054985, 29.918559535738], [-90.0929745943917, 29.9184705415787]]]}}, {"type": "Feature", "properties": {"zone_id": "02059IQ6OX1O81JTI6DPQQ", "tract_id": "22071009600", "city": "NEW ORLEANS, LA", "zone_code": "IZD - NON-COMMERCIAL STR SPECIAL EXCEPTION", "zone_category": "Commercial", "ev_permitted": true}, "geometry": {"type": "Polygon", "coordinates": [[[-90.093161546824, 29.9181516146983], [-90.0928083345433, 29.9182214242013], [-90.0928358384618, 29.9183179524799], [-90.0929273065403, 29.9182913096766], [-90.0931855580208, 29.918240608827], [-90.093161546824, 29.9181516146983]]]}}, {"type": "Feature", "properties": {"zone_id": "0203JK8BUC7DCEN5580HM8", "tract_id": "22071009600", "city": "NEW ORLEANS, LA", "zone_code": "EC OVERLAY", "zone_category": "Other", "ev_permitted": false}, "geometry": {"type": "Polygon", "coordinates": [[[-90.0928174364107, 29.9178933183001], [-90.092718309565, 29.9179011350265], [-90.0928083345433, 29.9182214242013], [-90.0929040142568, 29.9182023222788], [-90.0928174364107, 29.9178933183001]]]}}, {"type": "Feature", "properties": {"zone_id": "0200LSGRRP0JPL4XA0PF3Z", "tract_id": "22071009600", "city": "NEW ORLEANS, LA", "zone_code": "IZD - NON-COMMERCIAL STR SPECIAL EXCEPTION", "zone_category": "Commercial", "ev_permitted": true}, "geometry": {"type": "Polygon", "coordinates": [[[-90.0931855580208, 29.918240608827], [-90.0929273065403, 29.9182913096766], [-90.0928358384618, 29.9183179524799], [-90.0928585150647, 29.9183988076931], [-90.0932088505641, 29.9183295961746], [-90.0931855580208, 29.918240608827]]]}}, {"type": "Feature", "properties": {"zone_id": "02072UUBP9FRTD0CYGBZVO", "tract_id": "22071009600", "city": "NEW ORLEANS, LA", "zone_code": "EC OVERLAY", "zone_category": "Other", "ev_permitted": false}, "geometry": {"type": "Polygon", "coordinates": [[[-90.092718309565, 29.9179011350265], [-90.092539443971, 29.9179157015593], [-90.0926652655408, 29.9183582270568], [-90.0928358384618, 29.9183179524799], [-90.092718309565, 29.9179011350265]]]}}, {"type": "Feature", "properties": {"zone_id": "0203IHQFM57139G9Y0UXZQ", "tract_id": "22071009600", "city": "NEW ORLEANS, LA", "zone_code": "IZD - BED AND BREAKFAST", "zone_category": "Other", "ev_permitted": false}, "geometry": {"type": "Polygon", "coordinates": [[[-90.092539443971, 29.9179157015593], [-90.0923232295583, 29.9179330408017], [-90.0925058773628, 29.9185955223249], [-90.0927202587027, 29.9185525358222], [-90.092539443971, 29.9179157015593]]]}}, {"type": "Feature", "properties": {"zone_id": "0202J6L3C9AUXTCKPA2I0L", "tract_id": "22071009600", "city": "NEW ORLEANS, LA", "zone_code": "HU-RD2", "zone_category": "Residential", "ev_permitted": false}, "geometry": {"type": "Polygon", "coordinates": [[[-90.0923341052423, 29.918510111682], [-90.0920001480814, 29.918578168116], [-90.0920396285399, 29.91865327064], [-90.0923547982006, 29.9185890427578], [-90.0923341052423, 29.918510111682]]]}}, {"type": "Feature", "properties": {"zone_id": "02036FBBGBQQA858VVI47N", "tract_id": "22071009600", "city": "NEW ORLEANS, LA", "zone_code": "IZD - NON-COMMERCIAL STR SPECIAL EXCEPTION", "zone_category": "Commercial", "ev_permitted": true}, "geometry": {"type": "Polygon", "coordinates": [[[-90.0923110430784, 29.918422146771], [-90.0921722963244, 29.9184533188398], [-90.0919657565617, 29.9184969504693], [-90.0920001480814, 29.918578168116], [-90.0923341052423, 29.918510111682], [-90.0923110430784, 29.918422146771]]]}}, {"type": "Feature", "properties": {"zone_id": "0207BL99ICQ6HDRC4OSBEH", "tract_id": "22071009600", "city": "NEW ORLEANS, LA", "zone_code": "HU-RD2", "zone_category": "Residential", "ev_permitted": false}, "geometry": {"type": "Polygon", "coordinates": [[[-90.0922901573802, 29.9183424794519], [-90.0921705128463, 29.9183685248272], [-90.0919315693757, 29.9184162129229], [-90.0919657565617, 29.9184969504693], [-90.0921722963244, 29.9184533188398], [-90.0923110430784, 29.918422146771], [-90.0922901573802, 29.9183424794519]]]}}, {"type": "Feature", "properties": {"zone_id": "0204V9HE7XG5IUNKA2PQ9W", "tract_id": "22071009600", "city": "NEW ORLEANS, LA", "zone_code": "IZD - BED AND BREAKFAST", "zone_category": "Other", "ev_permitted": false}, "geometry": {"type": "Polygon", "coordinates": [[[-90.0920739674426, 29.9179521628112], [-90.0919604786368, 29.9179621242759], [-90.0920724248501, 29.9183082505167], [-90.0921768001265, 29.9182823552798], [-90.0920739674426, 29.9179521628112]]]}}, {"type": "Feature", "properties": {"zone_id": "0204QG5VHGCI0J5I2ONGDY", "tract_id": "22071009600", "city": "NEW ORLEANS, LA", "zone_code": "HU-RD2", "zone_category": "Residential", "ev_permitted": false}, "geometry": {"type": "Polygon", "coordinates": [[[-90.0922635496871, 29.9182600433285], [-90.0919645186057, 29.9183355766679], [-90.0919020230186, 29.918349150967], [-90.0919315693757, 29.9184162129229], [-90.0921110774428, 29.9183803872488], [-90.0922901573802, 29.9183424794519], [-90.0922635496871, 29.9182600433285]]]}}, {"type": "Feature", "properties": {"zone_id": "0201H8FNUW9D5XTJ3I6GRB", "tract_id": "22071009600", "city": "NEW ORLEANS, LA", "zone_code": "EC OVERLAY", "zone_category": "Other", "ev_permitted": false}, "geometry": {"type": "Polygon", "coordinates": [[[-90.0921853263181, 29.917942991354], [-90.0920739674426, 29.9179521628112], [-90.0921768001265, 29.9182823552798], [-90.0922635496871, 29.9182600433285], [-90.0921853263181, 29.917942991354]]]}}, {"type": "Feature", "properties": {"zone_id": "0200LSGKGH2WHQD9S27XQ3", "tract_id": "22071009600", "city": "NEW ORLEANS, LA", "zone_code": "HU-RD2", "zone_category": "Residential", "ev_permitted": false}, "geometry": {"type": "Polygon", "coordinates": [[[-90.0918785905548, 29.9190721054179], [-90.0917517955713, 29.9190971455149], [-90.0918233920938, 29.9192896129283], [-90.0919458006662, 29.9192561920482], [-90.0918785905548, 29.9190721054179]]]}}, {"type": "Feature", "properties": {"zone_id": "0207CXDQKQ2MYQBQKJ9ODR", "tract_id": "22071009600", "city": "NEW ORLEANS, LA", "zone_code": "IZD - COMMERCIAL SHORT TERM RENTAL", "zone_category": "Other", "ev_permitted": false}, "geometry": {"type": "Polygon", "coordinates": [[[-90.0919958213689, 29.9190439263039], [-90.0918785905548, 29.9190721054179], [-90.0919458006662, 29.9192561920482], [-90.092062465221, 29.9192245916853], [-90.0919958213689, 29.9190439263039]]]}}, {"type": "Feature", "properties": {"zone_id": "0203CZANGBLAYDIO2ETUQ5", "tract_id": "22071009600", "city": "NEW ORLEANS, LA", "zone_code": "IZD - BED AND BREAKFAST", "zone_category": "Other", "ev_permitted": false}, "geometry": {"type": "Polygon", "coordinates": [[[-90.0917517955713, 29.9190971455149], [-90.0916504351787, 29.9191188067445], [-90.0917226098635, 29.9193164034381], [-90.0918233920938, 29.9192896129283], [-90.0917517955713, 29.9190971455149]]]}}, {"type": "Feature", "properties": {"zone_id": "020713DJCDK3NEW5LNIQYV", "tract_id": "22071009600", "city": "NEW ORLEANS, LA", "zone_code": "HU-RD2", "zone_category": "Residential", "ev_permitted": false}, "geometry": {"type": "Polygon", "coordinates": [[[-90.0917000149079, 29.9185494548705], [-90.0915740084888, 29.9185844204556], [-90.0917049141587, 29.9189350160776], [-90.0918335671012, 29.918907138004], [-90.0917000149079, 29.9185494548705]]]}}, {"type": "Feature", "properties": {"zone_id": "0204JO9X9JHEAW5EJTSYTO", "tract_id": "22071009600", "city": "NEW ORLEANS, LA", "zone_code": "HU-RD2", "zone_category": "Residential", "ev_permitted": false}, "geometry": {"type": "Polygon", "coordinates": [[[-90.0918260378531, 29.9185144857125], [-90.0917000149079, 29.9185494548705], [-90.0918335671012, 29.918907138004], [-90.0919628992341, 29.9188791065201], [-90.0918260378531, 29.9185144857125]]]}}, {"type": "Feature", "properties": {"zone_id": "0200EZ9AB5J6D49XK9RLQ2", "tract_id": "22071009600", "city": "NEW ORLEANS, LA", "zone_code": "HU-RD2", "zone_category": "Residential", "ev_permitted": false}, "geometry": {"type": "Polygon", "coordinates": [[[-90.0919577103205, 29.9184779484439], [-90.0918260378531, 29.9185144857125], [-90.0919628992341, 29.9188791065201], [-90.0921047791976, 29.9188483061792], [-90.0920756703669, 29.918739127769], [-90.0920396285399, 29.91865327064], [-90.0920001480814, 29.918578168116], [-90.0919577103205, 29.9184779484439]]]}}, {"type": "Feature", "properties": {"zone_id": "02068DST4MNUSFJ7MZ8DZY", "tract_id": "22071009600", "city": "NEW ORLEANS, LA", "zone_code": "IZD - BED AND BREAKFAST", "zone_category": "Other", "ev_permitted": false}, "geometry": {"type": "Polygon", "coordinates": [[[-90.0915740084888, 29.9185844204556], [-90.0914479812135, 29.9186193902349], [-90.0915763065258, 29.9189630758021], [-90.0917049141587, 29.9189350160776], [-90.0915740084888, 29.9185844204556]]]}}, {"type": "Feature", "properties": {"zone_id": "02046QKZH8WHT8392WJAHR", "tract_id": "22071009600", "city": "NEW ORLEANS, LA", "zone_code": "HU-RD2", "zone_category": "Residential", "ev_permitted": false}, "geometry": {"type": "Polygon", "coordinates": [[[-90.0908097744023, 29.918915204344], [-90.09054985117, 29.9189846385217], [-90.0905783286208, 29.9190605478808], [-90.0908367233387, 29.918998600352], [-90.0908097744023, 29.918915204344]]]}}, {"type": "Feature", "properties": {"zone_id": "0202HY1D2DIG4FKEA3LBSO", "tract_id": "22071009600", "city": "NEW ORLEANS, LA", "zone_code": "HU-RD2", "zone_category": "Residential", "ev_permitted": false}, "geometry": {"type": "Polygon", "coordinates": [[[-90.0912710879696, 29.9186876600021], [-90.0911862119753, 29.9187124232139], [-90.091307133901, 29.9190261725987], [-90.0913899065466, 29.9190063246488], [-90.0912710879696, 29.9186876600021]]]}}, {"type": "Feature", "properties": {"zone_id": "020370SXJP0SZJOX2350S7", "tract_id": "22071009600", "city": "NEW ORLEANS, LA", "zone_code": "IZD - BED AND BREAKFAST", "zone_category": "Other", "ev_permitted": false}, "geometry": {"type": "Polygon", "coordinates": [[[-90.0911862119753, 29.9187124232139], [-90.0910918578786, 29.9187402871467], [-90.0912106897952, 29.9190490167219], [-90.091307133901, 29.9190261725987], [-90.0911862119753, 29.9187124232139]]]}}, {"type": "Feature", "properties": {"zone_id": "0203P3Z8FL0CUZNSTW8ZTQ", "tract_id": "22071009600", "city": "NEW ORLEANS, LA", "zone_code": "HU-RD2", "zone_category": "Residential", "ev_permitted": false}, "geometry": {"type": "Polygon", "coordinates": [[[-90.0909953439818, 29.9187687567611], [-90.0908970855938, 29.9187973334331], [-90.0910091515905, 29.9190977492895], [-90.0911127937175, 29.9190730975539], [-90.0909953439818, 29.9187687567611]]]}}, {"type": "Feature", "properties": {"zone_id": "0207DXHVEDZADE6IFDQGWF", "tract_id": "22071009600", "city": "NEW ORLEANS, LA", "zone_code": "HU-RD2", "zone_category": "Residential", "ev_permitted": false}, "geometry": {"type": "Polygon", "coordinates": [[[-90.0910918578786, 29.9187402871467], [-90.0909953439818, 29.9187687567611], [-90.0911127937175, 29.9190730975539], [-90.0912106897952, 29.9190490167219], [-90.0910918578786, 29.9187402871467]]]}}, {"type": "Feature", "properties": {"zone_id": "0203AD1PD2OAEOM1QK30E5", "tract_id": "22071009600", "city": "NEW ORLEANS, LA", "zone_code": "IZD - NON-COMMERCIAL STR SPECIAL EXCEPTION", "zone_category": "Commercial", "ev_permitted": true}, "geometry": {"type": "Polygon", "coordinates": [[[-90.091236442713, 29.918594167625], [-90.0908549715255, 29.9186855850473], [-90.0908970855938, 29.9187973334331], [-90.0912710879696, 29.9186876600021], [-90.091236442713, 29.918594167625]]]}}, {"type": "Feature", "properties": {"zone_id": "0205F1EXMWVSRKOX3TN83G", "tract_id": "22071009600", "city": "NEW ORLEANS, LA", "zone_code": "HU-RD2", "zone_category": "Residential", "ev_permitted": false}, "geometry": {"type": "Polygon", "coordinates": [[[-90.0908438644666, 29.9186554728445], [-90.0904595074985, 29.9187481123574], [-90.0904893801958, 29.9188271602495], [-90.0908737374294, 29.9187345215525], [-90.0908438644666, 29.9186554728445]]]}}, {"type": "Feature", "properties": {"zone_id": "0201NRIDTDHFNMDHE32P6B", "tract_id": "22071009600", "city": "NEW ORLEANS, LA", "zone_code": "IZD - BED AND BREAKFAST", "zone_category": "Other", "ev_permitted": false}, "geometry": {"type": "Polygon", "coordinates": [[[-90.0908737374294, 29.9187345215525], [-90.0904893801958, 29.9188271602495], [-90.0905213447089, 29.918911228962], [-90.0909060946481, 29.9188215956], [-90.0908737374294, 29.9187345215525]]]}}, {"type": "Feature", "properties": {"zone_id": "0200W5O0KMW3WFQKZUKLQL", "tract_id": "22071009600", "city": "NEW ORLEANS, LA", "zone_code": "HU-RD2", "zone_category": "Residential", "ev_permitted": false}, "geometry": {"type": "Polygon", "coordinates": [[[-90.0909060946481, 29.9188215956], [-90.0905213447089, 29.918911228962], [-90.09054985117, 29.9189846385217], [-90.0908097744023, 29.918915204344], [-90.0909306927242, 29.9188863401284], [-90.0909060946481, 29.9188215956]]]}}, {"type": "Feature", "properties": {"zone_id": "0203VBY6CP1P6P16VRUT99", "tract_id": "22071009600", "city": "NEW ORLEANS, LA", "zone_code": "HU-RD2", "zone_category": "Residential", "ev_permitted": false}, "geometry": {"type": "Polygon", "coordinates": [[[-90.0919020230186, 29.918349150967], [-90.0918147125257, 29.9183733313194], [-90.0918322317295, 29.9184274401351], [-90.0914194534788, 29.9185429843633], [-90.0914479812135, 29.9186193902349], [-90.0919577103205, 29.9184779484439], [-90.0919020230186, 29.918349150967]]]}}, {"type": "Feature", "properties": {"zone_id": "0205T1TER5ZY85KCD6S96N", "tract_id": "22071009600", "city": "NEW ORLEANS, LA", "zone_code": "IZD - NON-COMMERCIAL STR SPECIAL EXCEPTION", "zone_category": "Commercial", "ev_permitted": true}, "geometry": {"type": "Polygon", "coordinates": [[[-90.0919604786368, 29.9179621242759], [-90.0918735565092, 29.9179694303036], [-90.0919889207558, 29.9183293415774], [-90.0920724248501, 29.9183082505167], [-90.0919604786368, 29.9179621242759]]]}}, {"type": "Feature", "properties": {"zone_id": "0206ZMD9196IK6H2QNIROV", "tract_id": "22071009600", "city": "NEW ORLEANS, LA", "zone_code": "EC OVERLAY", "zone_category": "Other", "ev_permitted": false}, "geometry": {"type": "Polygon", "coordinates": [[[-90.0914461186148, 29.9180066534516], [-90.0912262999647, 29.9180252073567], [-90.0913589371363, 29.9183809064929], [-90.0915490554236, 29.9183270654274], [-90.0914461186148, 29.9180066534516]]]}}, {"type": "Feature", "properties": {"zone_id": "0200F0QG97838Y49JJIJOV", "tract_id": "22071009600", "city": "NEW ORLEANS, LA", "zone_code": "HU-RD2", "zone_category": "Residential", "ev_permitted": false}, "geometry": {"type": "Polygon", "coordinates": [[[-90.0909306927242, 29.9188863401284], [-90.0908097744023, 29.918915204344], [-90.0908367233387, 29.918998600352], [-90.0905783286208, 29.9190605478808], [-90.0906269450594, 29.9191904078068], [-90.0910091515905, 29.9190977492895], [-90.0909306927242, 29.9188863401284]]]}}, {"type": "Feature", "properties": {"zone_id": "020123TPVYD0R6P5M8C2HN", "tract_id": "22071009600", "city": "NEW ORLEANS, LA", "zone_code": "HU-RD2", "zone_category": "Residential", "ev_permitted": false}, "geometry": {"type": "Polygon", "coordinates": [[[-90.0917562630713, 29.9182687777067], [-90.0913589371363, 29.9183809064929], [-90.0913892048067, 29.9184619707844], [-90.0917831117149, 29.9183517097309], [-90.0917562630713, 29.9182687777067]]]}}, {"type": "Feature", "properties": {"zone_id": "020475MI84GMYT8UBMH6BK", "tract_id": "22071009600", "city": "NEW ORLEANS, LA", "zone_code": "HU-RD2", "zone_category": "Residential", "ev_permitted": false}, "geometry": {"type": "Polygon", "coordinates": [[[-90.0918056671591, 29.9183453958918], [-90.0913892048067, 29.9184619707844], [-90.0914194534788, 29.9185429843633], [-90.0918322317295, 29.9184274401351], [-90.0918056671591, 29.9183453958918]]]}}, {"type": "Feature", "properties": {"zone_id": "02049D0G6ECWGUZ3YDX5DF", "tract_id": "22071009600", "city": "NEW ORLEANS, LA", "zone_code": "HU-MU", "zone_category": "Mixed Use", "ev_permitted": true}, "geometry": {"type": "Polygon", "coordinates": [[[-90.0917844756901, 29.917977341144], [-90.0916903712506, 29.9179852045033], [-90.0918147125257, 29.9183733313194], [-90.0919020230186, 29.918349150967], [-90.0917844756901, 29.917977341144]]]}}, {"type": "Feature", "properties": {"zone_id": "02047BNM2OBITFY7SWM3TP", "tract_id": "22071009600", "city": "NEW ORLEANS, LA", "zone_code": "EC OVERLAY", "zone_category": "Other", "ev_permitted": false}, "geometry": {"type": "Polygon", "coordinates": [[[-90.0916903712506, 29.9179852045033], [-90.0916135030265, 29.9179919809206], [-90.091706760624, 29.9182829193556], [-90.0917562630713, 29.9182687777067], [-90.0917831117149, 29.9183517097309], [-90.0918056671591, 29.9183453958918], [-90.0916903712506, 29.9179852045033]]]}}, {"type": "Feature", "properties": {"zone_id": "0200E5MJC5YRGF6UR8ENXW", "tract_id": "22071009600", "city": "NEW ORLEANS, LA", "zone_code": "IZD - PRESERVING RESIDENTIAL CHARACTER", "zone_category": "Residential", "ev_permitted": false}, "geometry": {"type": "Polygon", "coordinates": [[[-90.0918735565092, 29.9179694303036], [-90.0917844756901, 29.917977341144], [-90.0919020230186, 29.918349150967], [-90.0919645186057, 29.9183355766679], [-90.0919889207558, 29.9183293415774], [-90.0918735565092, 29.9179694303036]]]}}, {"type": "Feature", "properties": {"zone_id": "0203MHVLMPPKJ9N1GSGJZP", "tract_id": "22071009600", "city": "NEW ORLEANS, LA", "zone_code": "IZD - PRESERVING RESIDENTIAL CHARACTER", "zone_category": "Residential", "ev_permitted": false}, "geometry": {"type": "Polygon", "coordinates": [[[-90.0915366348031, 29.9179987563909], [-90.0914461186148, 29.9180066534516], [-90.0915490554236, 29.9183270654274], [-90.0916340260375, 29.9183034875061], [-90.0915366348031, 29.9179987563909]]]}}, {"type": "Feature", "properties": {"zone_id": "0200QEQEM1KIT4381H6W5C", "tract_id": "22071009600", "city": "NEW ORLEANS, LA", "zone_code": "EC OVERLAY", "zone_category": "Other", "ev_permitted": false}, "geometry": {"type": "Polygon", "coordinates": [[[-90.0916135030265, 29.9179919809206], [-90.0915366348031, 29.9179987563909], [-90.0916340260375, 29.9183034875061], [-90.091706760624, 29.9182829193556], [-90.0916135030265, 29.9179919809206]]]}}, {"type": "Feature", "properties": {"zone_id": "0202GS7IRB48CJW0QSR41Y", "tract_id": "22071009600", "city": "NEW ORLEANS, LA", "zone_code": "IZD - NON-COMMERCIAL STR SPECIAL EXCEPTION", "zone_category": "Commercial", "ev_permitted": true}, "geometry": {"type": "Polygon", "coordinates": [[[-90.0912065772736, 29.9185144947279], [-90.0908258162548, 29.9186065431138], [-90.0908549715255, 29.9186855850473], [-90.091236442713, 29.918594167625], [-90.0912065772736, 29.9185144947279]]]}}, {"type": "Feature", "properties": {"zone_id": "0203V8DSSL6OMEF3ETKIE5", "tract_id": "22071009600", "city": "NEW ORLEANS, LA", "zone_code": "HU-RD2", "zone_category": "Residential", "ev_permitted": false}, "geometry": {"type": "Polygon", "coordinates": [[[-90.0911753232273, 29.918431058137], [-90.0907945614736, 29.9185231055215], [-90.0908258162548, 29.9186065431138], [-90.0912065772736, 29.9185144947279], [-90.0911753232273, 29.918431058137]]]}}, {"type": "Feature", "properties": {"zone_id": "0205J7ZT8T0KT3PPEGCWUG", "tract_id": "22071009600", "city": "NEW ORLEANS, LA", "zone_code": "HU-RD2", "zone_category": "Residential", "ev_permitted": false}, "geometry": {"type": "Polygon", "coordinates": [[[-90.0911419862721, 29.9183419746548], [-90.0907851439157, 29.9184264977362], [-90.0907612258406, 29.9184340237579], [-90.0907945614736, 29.9185231055215], [-90.0911753232273, 29.918431058137], [-90.0911419862721, 29.9183419746548]]]}}, {"type": "Feature", "properties": {"zone_id": "0202TZQJT3YIAMED2IU14R", "tract_id": "22071009600", "city": "NEW ORLEANS, LA", "zone_code": "IZD - NON-COMMERCIAL STR SPECIAL EXCEPTION", "zone_category": "Commercial", "ev_permitted": true}, "geometry": {"type": "Polygon", "coordinates": [[[-90.0910329682283, 29.9180490112187], [-90.090672600944, 29.9180803178104], [-90.0907804678247, 29.9183694948442], [-90.0907413720933, 29.9183817964467], [-90.0907612258406, 29.9184340237579], [-90.0907851439157, 29.9184264977362], [-90.0911419862721, 29.9183419746548], [-90.0910329682283, 29.9180490112187]]]}}, {"type": "Feature", "properties": {"zone_id": "0205ESODACYPFXE0FGIPRT", "tract_id": "22071009600", "city": "", "zone_code": "IZD - NON-COMMERCIAL STR SPECIAL EXCEPTION", "zone_category": "Commercial", "ev_permitted": true}, "geometry": {"type": "Polygon", "coordinates": [[[-90.093087525692, 29.9178714851814], [-90.0928174364107, 29.9178933183001], [-90.0929040142568, 29.9182023222788], [-90.093161546824, 29.9181516146983], [-90.093087525692, 29.9178714851814]]]}}, {"type": "Feature", "properties": {"zone_id": "02077TF2EZGUFZXDYQZR1C", "tract_id": "22071009600", "city": "NEW ORLEANS, LA", "zone_code": "HU-RD2", "zone_category": "Residential", "ev_permitted": false}, "geometry": {"type": "Polygon", "coordinates": [[[-90.0903160796526, 29.9188844663003], [-90.0902134405063, 29.9189139078076], [-90.0903415082942, 29.9192436139117], [-90.090439129466, 29.9192119450991], [-90.0903160796526, 29.9188844663003]]]}}, {"type": "Feature", "properties": {"zone_id": "0207C2EW631N4HXRVBIBIN", "tract_id": "22071009600", "city": "NEW ORLEANS, LA", "zone_code": "HU-RD2", "zone_category": "Residential", "ev_permitted": false}, "geometry": {"type": "Polygon", "coordinates": [[[-90.090027646113, 29.9189672004743], [-90.0899357648484, 29.9189982140869], [-90.0900654266494, 29.9193332568876], [-90.0901569342936, 29.9193034901435], [-90.090027646113, 29.9189672004743]]]}}, {"type": "Feature", "properties": {"zone_id": "0207CPZX401KFI7A48GU54", "tract_id": "22071009600", "city": "NEW ORLEANS, LA", "zone_code": "IZD - NON-COMMERCIAL STR SPECIAL EXCEPTION", "zone_category": "Commercial", "ev_permitted": true}, "geometry": {"type": "Polygon", "coordinates": [[[-90.0901205438522, 29.9189405541787], [-90.090027646113, 29.9189672004743], [-90.0901569342936, 29.9193034901435], [-90.0902487143569, 29.9192737168883], [-90.0901205438522, 29.9189405541787]]]}}, {"type": "Feature", "properties": {"zone_id": "0204YPHJFNYE424ERWWBWU", "tract_id": "22071009600", "city": "NEW ORLEANS, LA", "zone_code": "HU-RD2", "zone_category": "Residential", "ev_permitted": false}, "geometry": {"type": "Polygon", "coordinates": [[[-90.0902134405063, 29.9189139078076], [-90.0901205438522, 29.9189405541787], [-90.0902487143569, 29.9192737168883], [-90.0903415082942, 29.9192436139117], [-90.0902134405063, 29.9189139078076]]]}}, {"type": "Feature", "properties": {"zone_id": "0207JNQLAX2SGZVUBHEAKT", "tract_id": "22071009600", "city": "NEW ORLEANS, LA", "zone_code": "HU-RD2", "zone_category": "Residential", "ev_permitted": false}, "geometry": {"type": "Polygon", "coordinates": [[[-90.0899357648484, 29.9189982140869], [-90.0898431191543, 29.9190329700797], [-90.0899674298372, 29.9193654623101], [-90.0900654266494, 29.9193332568876], [-90.0899357648484, 29.9189982140869]]]}}, {"type": "Feature", "properties": {"zone_id": "0201IF3XP4PI8V3GSC6WO2", "tract_id": "22071009600", "city": "NEW ORLEANS, LA", "zone_code": "HU-RD2", "zone_category": "Residential", "ev_permitted": false}, "geometry": {"type": "Polygon", "coordinates": [[[-90.0908119096171, 29.918570779055], [-90.090426834247, 29.9186634116844], [-90.0904595074985, 29.9187481123574], [-90.0908438644666, 29.9186554728445], [-90.0908119096171, 29.918570779055]]]}}, {"type": "Feature", "properties": {"zone_id": "02005CHR2RZM8OQEWKB0WD", "tract_id": "22071009600", "city": "NEW ORLEANS, LA", "zone_code": "IZD - BED AND BREAKFAST", "zone_category": "Other", "ev_permitted": false}, "geometry": {"type": "Polygon", "coordinates": [[[-90.0902759731903, 29.9187777251295], [-90.0898926173962, 29.9188864411825], [-90.0899357648484, 29.9189982140869], [-90.090027646113, 29.9189672004743], [-90.0903160796526, 29.9188844663003], [-90.0902759731903, 29.9187777251295]]]}}, {"type": "Feature", "properties": {"zone_id": "02037BREKO0FY13DFC5MLG", "tract_id": "22071009600", "city": "NEW ORLEANS, LA", "zone_code": "IZD - NON-COMMERCIAL STR SPECIAL EXCEPTION", "zone_category": "Commercial", "ev_permitted": true}, "geometry": {"type": "Polygon", "coordinates": [[[-90.0902464660269, 29.9186991967171], [-90.08986232159, 29.9188081380027], [-90.0898926173962, 29.9188864411825], [-90.0902759731903, 29.9187777251295], [-90.0902464660269, 29.9186991967171]]]}}, {"type": "Feature", "properties": {"zone_id": "02029PI2G8J3LJEMJ8XLNP", "tract_id": "22071009600", "city": "NEW ORLEANS, LA", "zone_code": "IZD - NON-COMMERCIAL STR SPECIAL EXCEPTION", "zone_category": "Commercial", "ev_permitted": true}, "geometry": {"type": "Polygon", "coordinates": [[[-90.0902172406413, 29.9186214153], [-90.0898319722636, 29.9187304766969], [-90.08986232159, 29.9188081380027], [-90.0902464660269, 29.9186991967171], [-90.0902172406413, 29.9186214153]]]}}, {"type": "Feature", "properties": {"zone_id": "02022VQFNREU5MP6P37LSI", "tract_id": "22071009600", "city": "NEW ORLEANS, LA", "zone_code": "HU-RD2", "zone_category": "Residential", "ev_permitted": false}, "geometry": {"type": "Polygon", "coordinates": [[[-90.0898825873823, 29.9188601825807], [-90.0895008179707, 29.9189753472032], [-90.0895293413513, 29.9190475066586], [-90.0899103855534, 29.9189329603425], [-90.0898825873823, 29.9188601825807]]]}}, {"type": "Feature", "properties": {"zone_id": "0207LICGM7N2D2KA783QTX", "tract_id": "22071009600", "city": "NEW ORLEANS, LA", "zone_code": "HU-RD2", "zone_category": "Residential", "ev_permitted": false}, "geometry": {"type": "Polygon", "coordinates": [[[-90.0899103855534, 29.9189329603425], [-90.0895293413513, 29.9190475066586], [-90.0895585424645, 29.9191227978422], [-90.0898431191543, 29.9190329700797], [-90.0899357648484, 29.9189982140869], [-90.0899103855534, 29.9189329603425]]]}}, {"type": "Feature", "properties": {"zone_id": "02075T0GHKKAYZGODKK1KO", "tract_id": "22071009600", "city": "NEW ORLEANS, LA", "zone_code": "IZD - COMMERCIAL SHORT TERM RENTAL", "zone_category": "Other", "ev_permitted": false}, "geometry": {"type": "Polygon", "coordinates": [[[-90.0898431191543, 29.9190329700797], [-90.0897530625847, 29.91906149893], [-90.0898780828831, 29.9193946232008], [-90.0899674298372, 29.9193654623101], [-90.0898431191543, 29.9190329700797]]]}}, {"type": "Feature", "properties": {"zone_id": "0202GAA9WR9MUQ58QQNXNX", "tract_id": "22071009600", "city": "NEW ORLEANS, LA", "zone_code": "HU-RD2", "zone_category": "Residential", "ev_permitted": false}, "geometry": {"type": "Polygon", "coordinates": [[[-90.0898554690102, 29.9187905374676], [-90.0894729977391, 29.9189044457837], [-90.0895008179707, 29.9189753472032], [-90.0898825873823, 29.9188601825807], [-90.0898554690102, 29.9187905374676]]]}}, {"type": "Feature", "properties": {"zone_id": "0203FUU5GXLXPHDWTULPFW", "tract_id": "22071009600", "city": "NEW ORLEANS, LA", "zone_code": "IZD - NON-COMMERCIAL STR SPECIAL EXCEPTION", "zone_category": "Commercial", "ev_permitted": true}, "geometry": {"type": "Polygon", "coordinates": [[[-90.0898220853471, 29.9187052046784], [-90.089442855015, 29.9188182061266], [-90.0894729977391, 29.9189044457837], [-90.0898554690102, 29.9187905374676], [-90.0898220853471, 29.9187052046784]]]}}, {"type": "Feature", "properties": {"zone_id": "0202G7Y9CJJ0FQO9FLPGWW", "tract_id": "22071009600", "city": "NEW ORLEANS, LA", "zone_code": "IZD - NON-COMMERCIAL STR SPECIAL EXCEPTION", "zone_category": "Commercial", "ev_permitted": true}, "geometry": {"type": "Polygon", "coordinates": [[[-90.0897845535756, 29.9186073304528], [-90.0894027850292, 29.9187224938922], [-90.089442855015, 29.9188182061266], [-90.0898220853471, 29.9187052046784], [-90.0897845535756, 29.9186073304528]]]}}, {"type": "Feature", "properties": {"zone_id": "0205T6R9B8UI2EWWKIKB6A", "tract_id": "22071009600", "city": "NEW ORLEANS, LA", "zone_code": "HU-RD2", "zone_category": "Residential", "ev_permitted": false}, "geometry": {"type": "Polygon", "coordinates": [[[-90.0907806626299, 29.9184867171889], [-90.0903955808171, 29.9185799740077], [-90.090426834247, 29.9186634116844], [-90.0908119096171, 29.918570779055], [-90.0907806626299, 29.9184867171889]]]}}, {"type": "Feature", "properties": {"zone_id": "0205DBO2YND28IWSG6F03Z", "tract_id": "22071009600", "city": "NEW ORLEANS, LA", "zone_code": "IZD - NON-COMMERCIAL STR SPECIAL EXCEPTION", "zone_category": "Commercial", "ev_permitted": true}, "geometry": {"type": "Polygon", "coordinates": [[[-90.0907413720933, 29.9183817964467], [-90.0903636097666, 29.9184965304431], [-90.0903955808171, 29.9185799740077], [-90.0907806626299, 29.9184867171889], [-90.0907413720933, 29.9183817964467]]]}}, {"type": "Feature", "properties": {"zone_id": "0205ANJEL6MBSXMDN0Y3H1", "tract_id": "22071009600", "city": "NEW ORLEANS, LA", "zone_code": "HU-RD2", "zone_category": "Residential", "ev_permitted": false}, "geometry": {"type": "Polygon", "coordinates": [[[-90.0901585543739, 29.9184652294825], [-90.0897716806888, 29.9185743305638], [-90.0898018825061, 29.9186525182963], [-90.0901880132637, 29.9185436311498], [-90.0901585543739, 29.9184652294825]]]}}, {"type": "Feature", "properties": {"zone_id": "0204XRR8MF4SA2LT8EHBTR", "tract_id": "22071009600", "city": "NEW ORLEANS, LA", "zone_code": "IZD - BED AND BREAKFAST", "zone_category": "Other", "ev_permitted": false}, "geometry": {"type": "Polygon", "coordinates": [[[-90.0901880132637, 29.9185436311498], [-90.0898018825061, 29.9186525182963], [-90.0898319722636, 29.9187304766969], [-90.0902172406413, 29.9186214153], [-90.0901880132637, 29.9185436311498]]]}}, {"type": "Feature", "properties": {"zone_id": "0203CAHJ8P522LO97NWC4M", "tract_id": "22071009600", "city": "NEW ORLEANS, LA", "zone_code": "HU-MU", "zone_category": "Mixed Use", "ev_permitted": true}, "geometry": {"type": "Polygon", "coordinates": [[[-90.0903347050099, 29.9181093032097], [-90.0902204866682, 29.9181188511807], [-90.0903636097666, 29.9184965304431], [-90.0904761612162, 29.9184623465254], [-90.0903347050099, 29.9181093032097]]]}}, {"type": "Feature", "properties": {"zone_id": "0205G8432ZK60Q5OPVX7LM", "tract_id": "22071009600", "city": "NEW ORLEANS, LA", "zone_code": "IZD - NON-COMMERCIAL STR SPECIAL EXCEPTION", "zone_category": "Commercial", "ev_permitted": true}, "geometry": {"type": "Polygon", "coordinates": [[[-90.090672600944, 29.9180803178104], [-90.0903347050099, 29.9181093032097], [-90.0904761612162, 29.9184623465254], [-90.0907804678247, 29.9183694948442], [-90.090672600944, 29.9180803178104]]]}}, {"type": "Feature", "properties": {"zone_id": "02041MWIF2UYF5DHJJTUTW", "tract_id": "22071009600", "city": "NEW ORLEANS, LA", "zone_code": "HU-RD2", "zone_category": "Residential", "ev_permitted": false}, "geometry": {"type": "Polygon", "coordinates": [[[-90.0900308930514, 29.9181254698291], [-90.0899303815742, 29.9181342376598], [-90.0900426681861, 29.9184519883357], [-90.090149503979, 29.9184411437076], [-90.0900308930514, 29.9181254698291]]]}}, {"type": "Feature", "properties": {"zone_id": "02012DXYLKTPETE62SJH2Q", "tract_id": "22071009600", "city": "NEW ORLEANS, LA", "zone_code": "IZD - BED AND BREAKFAST", "zone_category": "Other", "ev_permitted": false}, "geometry": {"type": "Polygon", "coordinates": [[[-90.090149503979, 29.9184411437076], [-90.0897366488541, 29.9184830527072], [-90.0897716806888, 29.9185743305638], [-90.0901585543739, 29.9184652294825], [-90.090149503979, 29.9184411437076]]]}}, {"type": "Feature", "properties": {"zone_id": "02000I19S36AED3KZBWA6L", "tract_id": "22071009600", "city": "NEW ORLEANS, LA", "zone_code": "IZD - BED AND BREAKFAST", "zone_category": "Other", "ev_permitted": false}, "geometry": {"type": "Polygon", "coordinates": [[[-90.0897477006065, 29.9185125879591], [-90.0893652235331, 29.9186271202457], [-90.0894027850292, 29.9187224938922], [-90.0897845535756, 29.9186073304528], [-90.0897477006065, 29.9185125879591]]]}}, {"type": "Feature", "properties": {"zone_id": "02025TJTFZKOR0K0S4DV2R", "tract_id": "22071009600", "city": "NEW ORLEANS, LA", "zone_code": "HU-RD2", "zone_category": "Residential", "ev_permitted": false}, "geometry": {"type": "Polygon", "coordinates": [[[-90.0897179382725, 29.918434130089], [-90.089335099201, 29.9185493914754], [-90.0893652235331, 29.9186271202457], [-90.0897477006065, 29.9185125879591], [-90.0897179382725, 29.918434130089]]]}}, {"type": "Feature", "properties": {"zone_id": "0206X4T2FEDAXXH9SNHI1U", "tract_id": "22071009600", "city": "NEW ORLEANS, LA", "zone_code": "EC OVERLAY", "zone_category": "Other", "ev_permitted": false}, "geometry": {"type": "Polygon", "coordinates": [[[-90.0893046420323, 29.9181880694856], [-90.0891983621481, 29.9181967055123], [-90.089335099201, 29.9185493914754], [-90.0894398203902, 29.918517758975], [-90.0893046420323, 29.9181880694856]]]}}, {"type": "Feature", "properties": {"zone_id": "0201RRVQFIBX8D5UFI6WZV", "tract_id": "22071009600", "city": "NEW ORLEANS, LA", "zone_code": "IZD - BED AND BREAKFAST", "zone_category": "Other", "ev_permitted": false}, "geometry": {"type": "Polygon", "coordinates": [[[-90.0894878656867, 29.9181719371702], [-90.0893046420323, 29.9181880694856], [-90.0894398203902, 29.918517758975], [-90.0896001862168, 29.9184694840021], [-90.0894878656867, 29.9181719371702]]]}}, {"type": "Feature", "properties": {"zone_id": "0203YXAMIADAJXFJDB4JAP", "tract_id": "22071009600", "city": "NEW ORLEANS, LA", "zone_code": "IZD - NON-COMMERCIAL STR SPECIAL EXCEPTION", "zone_category": "Commercial", "ev_permitted": true}, "geometry": {"type": "Polygon", "coordinates": [[[-90.0898269415563, 29.918142636685], [-90.0897177457058, 29.9181522317017], [-90.0898387154657, 29.918472691948], [-90.0899481355576, 29.9184615850048], [-90.0898269415563, 29.918142636685]]]}}, {"type": "Feature", "properties": {"zone_id": "0205UGBJN5SJLHVZTMLG06", "tract_id": "22071009600", "city": "NEW ORLEANS, LA", "zone_code": "EC OVERLAY", "zone_category": "Other", "ev_permitted": false}, "geometry": {"type": "Polygon", "coordinates": [[[-90.0897177457058, 29.9181522317017], [-90.0896121459199, 29.9181612353844], [-90.0897366488541, 29.9184830527072], [-90.0898387154657, 29.918472691948], [-90.0897177457058, 29.9181522317017]]]}}, {"type": "Feature", "properties": {"zone_id": "0204296I4LF6KCLHB08UIS", "tract_id": "22071009600", "city": "NEW ORLEANS, LA", "zone_code": "EC OVERLAY", "zone_category": "Other", "ev_permitted": false}, "geometry": {"type": "Polygon", "coordinates": [[[-90.0899303815742, 29.9181342376598], [-90.0898269415563, 29.918142636685], [-90.0899481355576, 29.9184615850048], [-90.0900426681861, 29.9184519883357], [-90.0899303815742, 29.9181342376598]]]}}, {"type": "Feature", "properties": {"zone_id": "0202T8LW77GXSZB3SJ7OIZ", "tract_id": "22071009600", "city": "NEW ORLEANS, LA", "zone_code": "IZD - NON-COMMERCIAL STR SPECIAL EXCEPTION", "zone_category": "Commercial", "ev_permitted": true}, "geometry": {"type": "Polygon", "coordinates": [[[-90.0896121459199, 29.9181612353844], [-90.0894878656867, 29.9181719371702], [-90.0896001862168, 29.9184694840021], [-90.0897179382725, 29.918434130089], [-90.0896121459199, 29.9181612353844]]]}}, {"type": "Feature", "properties": {"zone_id": "02040JI6X37W7KAETN3MKR", "tract_id": "22071009600", "city": "NEW ORLEANS, LA", "zone_code": "HU-RD2", "zone_category": "Residential", "ev_permitted": false}, "geometry": {"type": "Polygon", "coordinates": [[[-90.0892705991924, 29.918849395694], [-90.088861633167, 29.9189586749307], [-90.088837685624, 29.9189643056415], [-90.0888638196937, 29.9190365860948], [-90.0889089409797, 29.9191184672676], [-90.0893306398418, 29.9190124958823], [-90.0892705991924, 29.918849395694]]]}}, {"type": "Feature", "properties": {"zone_id": "02078EST5W1RTR2Y5BPWGH", "tract_id": "22071009600", "city": "NEW ORLEANS, LA", "zone_code": "IZD - NON-COMMERCIAL STR SPECIAL EXCEPTION", "zone_category": "Commercial", "ev_permitted": true}, "geometry": {"type": "Polygon", "coordinates": [[[-90.0893306398418, 29.9190124958823], [-90.0889089409797, 29.9191184672676], [-90.0889441738169, 29.9191984810898], [-90.0893615643314, 29.9190934297204], [-90.0893306398418, 29.9190124958823]]]}}, {"type": "Feature", "properties": {"zone_id": "0202L8ZJDYP9Z7PH1Z5EA8", "tract_id": "22071009600", "city": "NEW ORLEANS, LA", "zone_code": "IZD - NON-COMMERCIAL STR SPECIAL EXCEPTION", "zone_category": "Commercial", "ev_permitted": true}, "geometry": {"type": "Polygon", "coordinates": [[[-90.0893615643314, 29.9190934297204], [-90.0889441738169, 29.9191984810898], [-90.0889816505389, 29.9192783744783], [-90.0891065531331, 29.9192524250323], [-90.0893921160091, 29.9191756105159], [-90.0893615643314, 29.9190934297204]]]}}, {"type": "Feature", "properties": {"zone_id": "02036ULRZWJ72DSH3THS5Z", "tract_id": "22071009600", "city": "NEW ORLEANS, LA", "zone_code": "IZD - BED AND BREAKFAST", "zone_category": "Other", "ev_permitted": false}, "geometry": {"type": "Polygon", "coordinates": [[[-90.0887806424377, 29.9188392247112], [-90.0884136691737, 29.9189725644842], [-90.0884528455427, 29.9190535766427], [-90.0888183145916, 29.918920783715], [-90.0887806424377, 29.9188392247112]]]}}, {"type": "Feature", "properties": {"zone_id": "02017XJIHMGGLSVFGJ9COT", "tract_id": "22071009600", "city": "NEW ORLEANS, LA", "zone_code": "HU-RD2", "zone_category": "Residential", "ev_permitted": false}, "geometry": {"type": "Polygon", "coordinates": [[[-90.0888183145916, 29.918920783715], [-90.0884528455427, 29.9190535766427], [-90.0884927552349, 29.9191333452363], [-90.0888516739898, 29.9190029325623], [-90.088837685624, 29.9189643056415], [-90.0888183145916, 29.918920783715]]]}}, {"type": "Feature", "properties": {"zone_id": "02037VALRRJEEVJW8BWLN3", "tract_id": "22071009600", "city": "NEW ORLEANS, LA", "zone_code": "IZD - BED AND BREAKFAST", "zone_category": "Other", "ev_permitted": false}, "geometry": {"type": "Polygon", "coordinates": [[[-90.0888894773426, 29.9190831989853], [-90.0885319473241, 29.9192131070253], [-90.0885704129657, 29.9192934880748], [-90.0889283084029, 29.919162451087], [-90.0889089409797, 29.9191184672676], [-90.0888894773426, 29.9190831989853]]]}}, {"type": "Feature", "properties": {"zone_id": "0206RIR29O7683FG3DCGD4", "tract_id": "22071009600", "city": "NEW ORLEANS, LA", "zone_code": "HU-RD2", "zone_category": "Residential", "ev_permitted": false}, "geometry": {"type": "Polygon", "coordinates": [[[-90.0888516739898, 29.9190029325623], [-90.0884927552349, 29.9191333452363], [-90.0885319473241, 29.9192131070253], [-90.0888894773426, 29.9190831989853], [-90.0888640632887, 29.9190371513914], [-90.0888516739898, 29.9190029325623]]]}}, {"type": "Feature", "properties": {"zone_id": "02039EHQR42242E2J4UWO0", "tract_id": "22071009600", "city": "NEW ORLEANS, LA", "zone_code": "IZD - BED AND BREAKFAST", "zone_category": "Other", "ev_permitted": false}, "geometry": {"type": "Polygon", "coordinates": [[[-90.089209490566, 29.9186856592235], [-90.0888005329393, 29.9187943131005], [-90.088764639669, 29.9188048336417], [-90.0888012999996, 29.9188837269101], [-90.0892393310867, 29.9187672080889], [-90.089209490566, 29.9186856592235]]]}}, {"type": "Feature", "properties": {"zone_id": "0205BLMDADG934NDYMIEW3", "tract_id": "22071009600", "city": "NEW ORLEANS, LA", "zone_code": "HU-RD2", "zone_category": "Residential", "ev_permitted": false}, "geometry": {"type": "Polygon", "coordinates": [[[-90.0892393310867, 29.9187672080889], [-90.0888012999996, 29.9188837269101], [-90.088837685624, 29.9189643056415], [-90.088861633167, 29.9189586749307], [-90.0892705991924, 29.918849395694], [-90.0892393310867, 29.9187672080889]]]}}, {"type": "Feature", "properties": {"zone_id": "0203UOKZ1RADSGBHOXDWLE", "tract_id": "22071009600", "city": "NEW ORLEANS, LA", "zone_code": "IZD - NON-COMMERCIAL STR SPECIAL EXCEPTION", "zone_category": "Commercial", "ev_permitted": true}, "geometry": {"type": "Polygon", "coordinates": [[[-90.0891781420311, 29.9186041159355], [-90.0887274853885, 29.9187248584246], [-90.088764639669, 29.9188048336417], [-90.0888005329393, 29.9187943131005], [-90.089209490566, 29.9186856592235], [-90.0891781420311, 29.9186041159355]]]}}, {"type": "Feature", "properties": {"zone_id": "02054246D8FM9JDZLP7NFU", "tract_id": "22071009600", "city": "NEW ORLEANS, LA", "zone_code": "IZD - NON-COMMERCIAL STR SPECIAL EXCEPTION", "zone_category": "Commercial", "ev_permitted": true}, "geometry": {"type": "Polygon", "coordinates": [[[-90.0882735579494, 29.9190443776691], [-90.087901588429, 29.9191790094464], [-90.0879386504524, 29.9192568764124], [-90.0883113446412, 29.9191216261427], [-90.0882735579494, 29.9190443776691]]]}}, {"type": "Feature", "properties": {"zone_id": "0205SURFN2XFG6BKGLDBIE", "tract_id": "22071009600", "city": "NEW ORLEANS, LA", "zone_code": "IZD - NON-COMMERCIAL STR SPECIAL EXCEPTION", "zone_category": "Commercial", "ev_permitted": true}, "geometry": {"type": "Polygon", "coordinates": [[[-90.0883113446412, 29.9191216261427], [-90.0879386504524, 29.9192568764124], [-90.0879764146124, 29.9193359996039], [-90.088349826712, 29.9192007560212], [-90.0883113446412, 29.9191216261427]]]}}, {"type": "Feature", "properties": {"zone_id": "0206TUPY1JTHY1TPYKWI6H", "tract_id": "22071009600", "city": "NEW ORLEANS, LA", "zone_code": "HU-RD2", "zone_category": "Residential", "ev_permitted": false}, "geometry": {"type": "Polygon", "coordinates": [[[-90.088235091596, 29.9189639974226], [-90.0878624523623, 29.9190979532936], [-90.087901588429, 29.9191790094464], [-90.0882735579494, 29.9190443776691], [-90.088235091596, 29.9189639974226]]]}}, {"type": "Feature", "properties": {"zone_id": "02077066XAOGZ9LY0JUI62", "tract_id": "22071009600", "city": "NEW ORLEANS, LA", "zone_code": "IZD - NON-COMMERCIAL STR SPECIAL EXCEPTION", "zone_category": "Commercial", "ev_permitted": true}, "geometry": {"type": "Polygon", "coordinates": [[[-90.0887429024276, 29.9187580457946], [-90.0883737684421, 29.9188921707027], [-90.0884136691737, 29.9189725644842], [-90.0887806424377, 29.9188392247112], [-90.0887429024276, 29.9187580457946]]]}}, {"type": "Feature", "properties": {"zone_id": "02066I46R1U3W0C0RZ2SUC", "tract_id": "22071009600", "city": "NEW ORLEANS, LA", "zone_code": "IZD - NON-COMMERCIAL STR SPECIAL EXCEPTION", "zone_category": "Commercial", "ev_permitted": true}, "geometry": {"type": "Polygon", "coordinates": [[[-90.0886514801498, 29.9185759839243], [-90.0882323913754, 29.9186051492745], [-90.0882953780799, 29.9187332712912], [-90.0886648244404, 29.9185988085175], [-90.0886514801498, 29.9185759839243]]]}}, {"type": "Feature", "properties": {"zone_id": "0203EMIELMEADYPQXUIUTV", "tract_id": "22071009600", "city": "NEW ORLEANS, LA", "zone_code": "IZD - NON-COMMERCIAL STR SPECIAL EXCEPTION", "zone_category": "Commercial", "ev_permitted": true}, "geometry": {"type": "Polygon", "coordinates": [[[-90.0886648244404, 29.9185988085175], [-90.0882953780799, 29.9187332712912], [-90.088334577652, 29.918812407971], [-90.0887077766708, 29.9186815967357], [-90.0886873137494, 29.9186372731992], [-90.0886648244404, 29.9185988085175]]]}}, {"type": "Feature", "properties": {"zone_id": "0207JWUJNMS3HED3TI2PSE", "tract_id": "22071009600", "city": "NEW ORLEANS, LA", "zone_code": "HU-RD2", "zone_category": "Residential", "ev_permitted": false}, "geometry": {"type": "Polygon", "coordinates": [[[-90.0887077766708, 29.9186815967357], [-90.088334577652, 29.918812407971], [-90.0883737684421, 29.9188921707027], [-90.0887429024276, 29.9187580457946], [-90.0887077766708, 29.9186815967357]]]}}, {"type": "Feature", "properties": {"zone_id": "0201QY5NV45BFJ3KQZG0Z2", "tract_id": "22071009600", "city": "NEW ORLEANS, LA", "zone_code": "IZD - BED AND BREAKFAST", "zone_category": "Other", "ev_permitted": false}, "geometry": {"type": "Polygon", "coordinates": [[[-90.0890330744394, 29.9182157706299], [-90.0886415803083, 29.9182476992906], [-90.0885115772849, 29.9182570955105], [-90.0886514801498, 29.9185759839243], [-90.0886873137494, 29.9186372731992], [-90.0887274853885, 29.9187248584246], [-90.0891781420311, 29.9186041159355], [-90.0891483733121, 29.9185225478838], [-90.0890330744394, 29.9182157706299]]]}}, {"type": "Feature", "properties": {"zone_id": "0205ZN7DZ1WIORLNC8GNH1", "tract_id": "22071009600", "city": "NEW ORLEANS, LA", "zone_code": "EC OVERLAY", "zone_category": "Other", "ev_permitted": false}, "geometry": {"type": "Polygon", "coordinates": [[[-90.0885115772849, 29.9182570955105], [-90.0880791288724, 29.9182930107316], [-90.0882323913754, 29.9186051492745], [-90.0886514801498, 29.9185759839243], [-90.0885115772849, 29.9182570955105]]]}}, {"type": "Feature", "properties": {"zone_id": "0200FC44QB81UWGWF3HKB5", "tract_id": "22071009600", "city": "NEW ORLEANS, LA", "zone_code": "IZD - BED AND BREAKFAST", "zone_category": "Other", "ev_permitted": false}, "geometry": {"type": "Polygon", "coordinates": [[[-90.0878087607875, 29.9229376403385], [-90.0876105363087, 29.9230076529813], [-90.0877607419352, 29.9233227727227], [-90.0879586106299, 29.9232520130452], [-90.0878087607875, 29.9229376403385]]]}}, {"type": "Feature", "properties": {"zone_id": "02059YYBRFNVJ0DWWMRF3M", "tract_id": "22071009600", "city": "NEW ORLEANS, LA", "zone_code": "IZD - NON-COMMERCIAL STR SPECIAL EXCEPTION", "zone_category": "Commercial", "ev_permitted": true}, "geometry": {"type": "Polygon", "coordinates": [[[-90.0877632620719, 29.9223855362549], [-90.0876843323093, 29.9224135447275], [-90.0878370728563, 29.9227391181995], [-90.0879206839377, 29.9227099043674], [-90.0877632620719, 29.9223855362549]]]}}, {"type": "Feature", "properties": {"zone_id": "0203NY6433XCH78DDXN13T", "tract_id": "22071009600", "city": "NEW ORLEANS, LA", "zone_code": "HU-RD2", "zone_category": "Residential", "ev_permitted": false}, "geometry": {"type": "Polygon", "coordinates": [[[-90.0876843323093, 29.9224135447275], [-90.0875686299784, 29.922455269772], [-90.0877253531283, 29.9227780688401], [-90.0878370728563, 29.9227391181995], [-90.0876843323093, 29.9224135447275]]]}}, {"type": "Feature", "properties": {"zone_id": "020579ARKGADPCI43FDRYM", "tract_id": "22071009600", "city": "NEW ORLEANS, LA", "zone_code": "CPC", "zone_category": "Other", "ev_permitted": false}, "geometry": {"type": "Polygon", "coordinates": [[[-90.0876369717362, 29.9225960324638], [-90.0874488439069, 29.9226642530097], [-90.0875343349645, 29.9228456495254], [-90.0877253531283, 29.9227780688401], [-90.0876369717362, 29.9225960324638]]]}}, {"type": "Feature", "properties": {"zone_id": "0206X4GDEX5QI3EZILTSKK", "tract_id": "22071009600", "city": "NEW ORLEANS, LA", "zone_code": "CPC", "zone_category": "Other", "ev_permitted": false}, "geometry": {"type": "Polygon", "coordinates": [[[-90.0875686299784, 29.922455269772], [-90.0873819262836, 29.9225222649463], [-90.0874488439069, 29.9226642530097], [-90.0876369717362, 29.9225960324638], [-90.0875686299784, 29.922455269772]]]}}, {"type": "Feature", "properties": {"zone_id": "0200LN07UJ1YXP731NJRTS", "tract_id": "22071009600", "city": "NEW ORLEANS, LA", "zone_code": "IZD - NON-COMMERCIAL STR SPECIAL EXCEPTION", "zone_category": "Commercial", "ev_permitted": true}, "geometry": {"type": "Polygon", "coordinates": [[[-90.0872578469794, 29.9220566213822], [-90.0871749461333, 29.9220864667663], [-90.0873301841907, 29.922413003743], [-90.0874130863085, 29.92238315737], [-90.0872578469794, 29.9220566213822]]]}}, {"type": "Feature", "properties": {"zone_id": "02006MJ29YS418A9IHD257", "tract_id": "22071009600", "city": "NEW ORLEANS, LA", "zone_code": "IZD - BED AND BREAKFAST", "zone_category": "Other", "ev_permitted": false}, "geometry": {"type": "Polygon", "coordinates": [[[-90.0871161718445, 29.9222745149152], [-90.0870054372466, 29.9223214364614], [-90.0871025556018, 29.9224917151843], [-90.0872001582054, 29.9224480182322], [-90.0871161718445, 29.9222745149152]]]}}, {"type": "Feature", "properties": {"zone_id": "0207FOOI9LRBB8X1HW4A8W", "tract_id": "22071009600", "city": "NEW ORLEANS, LA", "zone_code": "HU-RD2", "zone_category": "Residential", "ev_permitted": false}, "geometry": {"type": "Polygon", "coordinates": [[[-90.087075639313, 29.9221907801468], [-90.086959093558, 29.9222401620156], [-90.0870054372466, 29.9223214364614], [-90.0871161718445, 29.9222745149152], [-90.087075639313, 29.9221907801468]]]}}, {"type": "Feature", "properties": {"zone_id": "020761IGEN7HGTA1KMR29B", "tract_id": "22071009600", "city": "NEW ORLEANS, LA", "zone_code": "HU-RD2", "zone_category": "Residential", "ev_permitted": false}, "geometry": {"type": "Polygon", "coordinates": [[[-90.087487098578, 29.9213980344448], [-90.0873940826411, 29.9214334104702], [-90.0875969903113, 29.9218504160153], [-90.0876907008443, 29.92181692216], [-90.0876822701043, 29.9218024643787], [-90.0875808700285, 29.9215895855048], [-90.087487098578, 29.9213980344448]]]}}, {"type": "Feature", "properties": {"zone_id": "0204J9QQUJOC32TZIAYBJX", "tract_id": "22071009600", "city": "NEW ORLEANS, LA", "zone_code": "HU-RD2", "zone_category": "Residential", "ev_permitted": false}, "geometry": {"type": "Polygon", "coordinates": [[[-90.0873940826411, 29.9214334104702], [-90.0873010744313, 29.9214681621601], [-90.0875047150756, 29.9218839243004], [-90.0875969903113, 29.9218504160153], [-90.0873940826411, 29.9214334104702]]]}}, {"type": "Feature", "properties": {"zone_id": "0204V1ZJMJTSZN1AN3GIAO", "tract_id": "22071009600", "city": "NEW ORLEANS, LA", "zone_code": "HU-RD2", "zone_category": "Residential", "ev_permitted": false}, "geometry": {"type": "Polygon", "coordinates": [[[-90.0876907008443, 29.92181692216], [-90.0875969903113, 29.9218504160153], [-90.0877872116206, 29.9222491725684], [-90.0878802115412, 29.9222150466024], [-90.0878403099431, 29.9221346526924], [-90.0877620114794, 29.9219682527709], [-90.0877207137124, 29.9218847193712], [-90.0876907008443, 29.92181692216]]]}}, {"type": "Feature", "properties": {"zone_id": "02032SJ88THZRN76VDCPZ9", "tract_id": "22071009600", "city": "NEW ORLEANS, LA", "zone_code": "IZD - BED AND BREAKFAST", "zone_category": "Other", "ev_permitted": false}, "geometry": {"type": "Polygon", "coordinates": [[[-90.087631971276, 29.9219226370166], [-90.087538260624, 29.9219561308296], [-90.0876927897805, 29.922282035415], [-90.0877872116206, 29.9222491725684], [-90.087631971276, 29.9219226370166]]]}}, {"type": "Feature", "properties": {"zone_id": "0200VR131RV10N9CMDE2VD", "tract_id": "22071009600", "city": "NEW ORLEANS, LA", "zone_code": "HU-RD2", "zone_category": "Residential", "ev_permitted": false}, "geometry": {"type": "Polygon", "coordinates": [[[-90.087538260624, 29.9219561308296], [-90.0874452675843, 29.9219896322755], [-90.0875997897222, 29.9223161621504], [-90.0876927897805, 29.922282035415], [-90.087538260624, 29.9219561308296]]]}}, {"type": "Feature", "properties": {"zone_id": "0200V3URSRU9JKO4MRCCNF", "tract_id": "22071009600", "city": "NEW ORLEANS, LA", "zone_code": "IZD - NON-COMMERCIAL STR SPECIAL EXCEPTION", "zone_category": "Commercial", "ev_permitted": true}, "geometry": {"type": "Polygon", "coordinates": [[[-90.0874452675843, 29.9219896322755], [-90.0873522744822, 29.9220231336555], [-90.0875067885759, 29.9223502879078], [-90.0875997897222, 29.9223161621504], [-90.0874452675843, 29.9219896322755]]]}}, {"type": "Feature", "properties": {"zone_id": "02018E9GKT56V3WMPT71XI", "tract_id": "22071009600", "city": "NEW ORLEANS, LA", "zone_code": "IZD - NON-COMMERCIAL STR SPECIAL EXCEPTION", "zone_category": "Commercial", "ev_permitted": true}, "geometry": {"type": "Polygon", "coordinates": [[[-90.0873522744822, 29.9220231336555], [-90.0872578469794, 29.9220566213822], [-90.0874130863085, 29.92238315737], [-90.0875067885759, 29.9223502879078], [-90.0873522744822, 29.9220231336555]]]}}, {"type": "Feature", "properties": {"zone_id": "0205UW9BTWYPX12MTNO87J", "tract_id": "22071009600", "city": "NEW ORLEANS, LA", "zone_code": "IZD - NON-COMMERCIAL STR SPECIAL EXCEPTION", "zone_category": "Commercial", "ev_permitted": true}, "geometry": {"type": "Polygon", "coordinates": [[[-90.0875969903113, 29.9218504160153], [-90.087140675323, 29.9220148776161], [-90.0871749461333, 29.9220864667663], [-90.087631971276, 29.9219226370166], [-90.0875969903113, 29.9218504160153]]]}}, {"type": "Feature", "properties": {"zone_id": "0205PXEJJK7CY8M39LO94U", "tract_id": "22071009600", "city": "NEW ORLEANS, LA", "zone_code": "IZD - NON-COMMERCIAL STR SPECIAL EXCEPTION", "zone_category": "Commercial", "ev_permitted": true}, "geometry": {"type": "Polygon", "coordinates": [[[-90.0880157970731, 29.9215862026293], [-90.0876431088863, 29.9217202016755], [-90.0876822701043, 29.9218024643787], [-90.0880556751944, 29.9216684720074], [-90.0880157970731, 29.9215862026293]]]}}, {"type": "Feature", "properties": {"zone_id": "0205KCI21NZQYTUX3UMXS4", "tract_id": "22071009600", "city": "NEW ORLEANS, LA", "zone_code": "IZD - NON-COMMERCIAL STR SPECIAL EXCEPTION", "zone_category": "Commercial", "ev_permitted": true}, "geometry": {"type": "Polygon", "coordinates": [[[-90.0880556751944, 29.9216684720074], [-90.0876822701043, 29.9218024643787], [-90.0876907008443, 29.92181692216], [-90.0877207137124, 29.9218847193712], [-90.0880948445428, 29.9217501085143], [-90.0880556751944, 29.9216684720074]]]}}, {"type": "Feature", "properties": {"zone_id": "0201F4M64B4509XAHJB00F", "tract_id": "22071009600", "city": "NEW ORLEANS, LA", "zone_code": "IZD - BED AND BREAKFAST", "zone_category": "Other", "ev_permitted": false}, "geometry": {"type": "Polygon", "coordinates": [[[-90.0873010744313, 29.9214681621601], [-90.0872080739729, 29.9215022877101], [-90.0872536382423, 29.9215889870237], [-90.0873690126689, 29.9218320040033], [-90.0874627232725, 29.9217985094082], [-90.0873010744313, 29.9214681621601]]]}}, {"type": "Feature", "properties": {"zone_id": "02075ZGU50E8XDZYARNTNT", "tract_id": "22071009600", "city": "NEW ORLEANS, LA", "zone_code": "HU-RD2", "zone_category": "Residential", "ev_permitted": false}, "geometry": {"type": "Polygon", "coordinates": [[[-90.0873186683539, 29.9217258804465], [-90.0870497740234, 29.9218233534418], [-90.0871001191373, 29.9219294771101], [-90.0873690126689, 29.9218320040033], [-90.0873186683539, 29.9217258804465]]]}}, {"type": "Feature", "properties": {"zone_id": "0202POVQBLNXQ4BV6JIMFB", "tract_id": "22071009600", "city": "NEW ORLEANS, LA", "zone_code": "IZD - NON-COMMERCIAL STR SPECIAL EXCEPTION", "zone_category": "Commercial", "ev_permitted": true}, "geometry": {"type": "Polygon", "coordinates": [[[-90.0874627232725, 29.9217985094082], [-90.0871001191373, 29.9219294771101], [-90.087140675323, 29.9220148776161], [-90.0875047150756, 29.9218839243004], [-90.0874627232725, 29.9217985094082]]]}}, {"type": "Feature", "properties": {"zone_id": "0204JZGSC16OY4VC6RNISQ", "tract_id": "22071009600", "city": "NEW ORLEANS, LA", "zone_code": "IZD - BED AND BREAKFAST", "zone_category": "Other", "ev_permitted": false}, "geometry": {"type": "Polygon", "coordinates": [[[-90.0872536382423, 29.9215889870237], [-90.0869847442282, 29.9216864589858], [-90.0870246059275, 29.921769979019], [-90.087294208983, 29.9216731380347], [-90.0872536382423, 29.9215889870237]]]}}, {"type": "Feature", "properties": {"zone_id": "02016TU78PZF5F6ULAN4IX", "tract_id": "22071009600", "city": "NEW ORLEANS, LA", "zone_code": "IZD - NON-COMMERCIAL STR SPECIAL EXCEPTION", "zone_category": "Commercial", "ev_permitted": true}, "geometry": {"type": "Polygon", "coordinates": [[[-90.087294208983, 29.9216731380347], [-90.0870246059275, 29.921769979019], [-90.0870497740234, 29.9218233534418], [-90.0873186683539, 29.9217258804465], [-90.087294208983, 29.9216731380347]]]}}, {"type": "Feature", "properties": {"zone_id": "0202A4AO6Y3XF4TDMTZETZ", "tract_id": "22071009600", "city": "NEW ORLEANS, LA", "zone_code": "HU-RD2", "zone_category": "Residential", "ev_permitted": false}, "geometry": {"type": "Polygon", "coordinates": [[[-90.0879531984408, 29.9214555841325], [-90.0875808700285, 29.9215895855048], [-90.0876431088863, 29.9217202016755], [-90.0880157970731, 29.9215862026293], [-90.0879531984408, 29.9214555841325]]]}}, {"type": "Feature", "properties": {"zone_id": "0201BD2H5LKW9ANJOCRHMN", "tract_id": "22071009600", "city": "NEW ORLEANS, LA", "zone_code": "IZD - BED AND BREAKFAST", "zone_category": "Other", "ev_permitted": false}, "geometry": {"type": "Polygon", "coordinates": [[[-90.0878982906652, 29.9213412912007], [-90.0875248855634, 29.921475282219], [-90.0875808700285, 29.9215895855048], [-90.0879531984408, 29.9214555841325], [-90.0878982906652, 29.9213412912007]]]}}, {"type": "Feature", "properties": {"zone_id": "0201K3CIQ6PMPUYAZRI1BD", "tract_id": "22071009600", "city": "NEW ORLEANS, LA", "zone_code": "IZD - BED AND BREAKFAST", "zone_category": "Other", "ev_permitted": false}, "geometry": {"type": "Polygon", "coordinates": [[[-90.0878591304857, 29.9212590285667], [-90.087487098578, 29.9213980344448], [-90.0875248855634, 29.921475282219], [-90.0878982906652, 29.9213412912007], [-90.0878591304857, 29.9212590285667]]]}}, {"type": "Feature", "properties": {"zone_id": "02056ZKFQRRYVBSLX8932X", "tract_id": "22071009600", "city": "NEW ORLEANS, LA", "zone_code": "IZD - BED AND BREAKFAST", "zone_category": "Other", "ev_permitted": false}, "geometry": {"type": "Polygon", "coordinates": [[[-90.087780090569, 29.921094496446], [-90.0874808738474, 29.9211996237134], [-90.0875076365676, 29.9212552795579], [-90.0878066640905, 29.9211503850174], [-90.087780090569, 29.921094496446]]]}}, {"type": "Feature", "properties": {"zone_id": "0207LNH1GV6Y2P6RSTSH4O", "tract_id": "22071009600", "city": "NEW ORLEANS, LA", "zone_code": "HU-RD2", "zone_category": "Residential", "ev_permitted": false}, "geometry": {"type": "Polygon", "coordinates": [[[-90.0874095143858, 29.9203248361372], [-90.0871860744037, 29.9204068281851], [-90.0872438796113, 29.9205311798886], [-90.0874677477845, 29.9204473458334], [-90.0874095143858, 29.9203248361372]]]}}, {"type": "Feature", "properties": {"zone_id": "02013FKD88R8V8556N9PJG", "tract_id": "22071009600", "city": "NEW ORLEANS, LA", "zone_code": "HU-RD2", "zone_category": "Residential", "ev_permitted": false}, "geometry": {"type": "Polygon", "coordinates": [[[-90.0874677477845, 29.9204473458334], [-90.0871083268598, 29.9205824073306], [-90.0871642312823, 29.9207029607115], [-90.0875261766491, 29.9205669855518], [-90.0874677477845, 29.9204473458334]]]}}, {"type": "Feature", "properties": {"zone_id": "0206DG9I7V346DQ90YZ3N7", "tract_id": "22071009600", "city": "NEW ORLEANS, LA", "zone_code": "IZD - BED AND BREAKFAST", "zone_category": "Other", "ev_permitted": false}, "geometry": {"type": "Polygon", "coordinates": [[[-90.0875261766491, 29.9205669855518], [-90.0871642312823, 29.9207029607115], [-90.0871739053126, 29.9207230963165], [-90.0870802423748, 29.9207574915797], [-90.0871173480415, 29.9208369191322], [-90.0875779325466, 29.9206749981544], [-90.0875261766491, 29.9205669855518]]]}}, {"type": "Feature", "properties": {"zone_id": "0202X5UNJGRM3QLM53QPCX", "tract_id": "22071009600", "city": "NEW ORLEANS, LA", "zone_code": "IZD - NON-COMMERCIAL STR SPECIAL EXCEPTION", "zone_category": "Commercial", "ev_permitted": true}, "geometry": {"type": "Polygon", "coordinates": [[[-90.0871173480415, 29.9208369191322], [-90.0866587832933, 29.9210077518403], [-90.0867008452327, 29.9210967576479], [-90.0871585871845, 29.9209262345821], [-90.0871173480415, 29.9208369191322]]]}}, {"type": "Feature", "properties": {"zone_id": "0202W917MM0X3HJQNMLGGV", "tract_id": "22071009600", "city": "NEW ORLEANS, LA", "zone_code": "IZD - BED AND BREAKFAST", "zone_category": "Other", "ev_permitted": false}, "geometry": {"type": "Polygon", "coordinates": [[[-90.0870802423748, 29.9207574915797], [-90.0866200676534, 29.9209264764677], [-90.0866587832933, 29.9210077518403], [-90.0871173480415, 29.9208369191322], [-90.0870802423748, 29.9207574915797]]]}}, {"type": "Feature", "properties": {"zone_id": "0202PUZZ44M6VY03KFP4J9", "tract_id": "22071009600", "city": "NEW ORLEANS, LA", "zone_code": "IZD - NON-COMMERCIAL STR SPECIAL EXCEPTION", "zone_category": "Commercial", "ev_permitted": true}, "geometry": {"type": "Polygon", "coordinates": [[[-90.0866159680642, 29.9206160260509], [-90.0864911610928, 29.9206618231316], [-90.0866009211276, 29.9208871670583], [-90.0867262177282, 29.9208419907364], [-90.0866903654404, 29.9207641520486], [-90.0866724698152, 29.9207387127672], [-90.0866159680642, 29.9206160260509]]]}}, {"type": "Feature", "properties": {"zone_id": "02023G5UIWO6ODDB5A7GPV", "tract_id": "22071009600", "city": "NEW ORLEANS, LA", "zone_code": "HU-RD2", "zone_category": "Residential", "ev_permitted": false}, "geometry": {"type": "Polygon", "coordinates": [[[-90.0867761681024, 29.9208249012894], [-90.0866009211276, 29.9208871670583], [-90.0866200676534, 29.9209264764677], [-90.0867938227801, 29.9208626708635], [-90.0867761681024, 29.9208249012894]]]}}, {"type": "Feature", "properties": {"zone_id": "0205CG7DONCAZ3WMOSKVWL", "tract_id": "22071009600", "city": "NEW ORLEANS, LA", "zone_code": "HU-RD2", "zone_category": "Residential", "ev_permitted": false}, "geometry": {"type": "Polygon", "coordinates": [[[-90.0870498152136, 29.9204568281555], [-90.0869571329588, 29.9204908374448], [-90.0870802423748, 29.9207574915797], [-90.0871739053126, 29.9207230963165], [-90.0870498152136, 29.9204568281555]]]}}, {"type": "Feature", "properties": {"zone_id": "0200DKTN3MKD63HQGX2FXZ", "tract_id": "22071009600", "city": "NEW ORLEANS, LA", "zone_code": "HU-RD2", "zone_category": "Residential", "ev_permitted": false}, "geometry": {"type": "Polygon", "coordinates": [[[-90.0869571329588, 29.9204908374448], [-90.0868631562616, 29.9205253216076], [-90.0869882837223, 29.9207912605367], [-90.0870802423748, 29.9207574915797], [-90.0869571329588, 29.9204908374448]]]}}, {"type": "Feature", "properties": {"zone_id": "0205C2CZ5E7UCLNZQIOOI3", "tract_id": "22071009600", "city": "NEW ORLEANS, LA", "zone_code": "HU-RD2", "zone_category": "Residential", "ev_permitted": false}, "geometry": {"type": "Polygon", "coordinates": [[[-90.0871860744037, 29.9204068281851], [-90.0870498152136, 29.9204568281555], [-90.0871083268598, 29.9205824073306], [-90.0872438796113, 29.9205311798886], [-90.0871860744037, 29.9204068281851]]]}}, {"type": "Feature", "properties": {"zone_id": "020250A3AJRGIR0JJ41IN9", "tract_id": "22071009600", "city": "NEW ORLEANS, LA", "zone_code": "IZD - NON-COMMERCIAL STR SPECIAL EXCEPTION", "zone_category": "Commercial", "ev_permitted": true}, "geometry": {"type": "Polygon", "coordinates": [[[-90.0872316104761, 29.9210844549295], [-90.0870986342513, 29.9211339934371], [-90.0871461250965, 29.9212335218193], [-90.0872055246908, 29.9213616103285], [-90.0873381530951, 29.9213147318018], [-90.0872316104761, 29.9210844549295]]]}}, {"type": "Feature", "properties": {"zone_id": "0204V74UQJ7NDQFCYCU2P4", "tract_id": "22071009600", "city": "NEW ORLEANS, LA", "zone_code": "IZD - BED AND BREAKFAST", "zone_category": "Other", "ev_permitted": false}, "geometry": {"type": "Polygon", "coordinates": [[[-90.0874808738474, 29.9211996237134], [-90.0873122995334, 29.9212588508569], [-90.0873381530951, 29.9213147318018], [-90.0875076365676, 29.9212552795579], [-90.0874808738474, 29.9211996237134]]]}}, {"type": "Feature", "properties": {"zone_id": "0202XDXH2FJWAM8444C2GK", "tract_id": "22071009600", "city": "NEW ORLEANS, LA", "zone_code": "IZD - NON-COMMERCIAL STR SPECIAL EXCEPTION", "zone_category": "Commercial", "ev_permitted": true}, "geometry": {"type": "Polygon", "coordinates": [[[-90.0871585871845, 29.9209262345821], [-90.0867008452327, 29.9210967576479], [-90.0867721176594, 29.9212556311143], [-90.0872316104761, 29.9210844549295], [-90.0871585871845, 29.9209262345821]]]}}, {"type": "Feature", "properties": {"zone_id": "0200VITTGS5W1BHGFD73UB", "tract_id": "22071009600", "city": "NEW ORLEANS, LA", "zone_code": "IZD - NON-COMMERCIAL STR SPECIAL EXCEPTION", "zone_category": "Commercial", "ev_permitted": true}, "geometry": {"type": "Polygon", "coordinates": [[[-90.0872080739729, 29.9215022877101], [-90.0869441883205, 29.921601057526], [-90.0869847442282, 29.9216864589858], [-90.0872536382423, 29.9215889870237], [-90.0872080739729, 29.9215022877101]]]}}, {"type": "Feature", "properties": {"zone_id": "0206KVUK96RUTX98N89JJ2", "tract_id": "22071009600", "city": "NEW ORLEANS, LA", "zone_code": "IZD - BED AND BREAKFAST", "zone_category": "Other", "ev_permitted": false}, "geometry": {"type": "Polygon", "coordinates": [[[-90.0871743921629, 29.9212941876356], [-90.0868539302669, 29.9214135704604], [-90.0868833301326, 29.9214748308168], [-90.0872055246908, 29.9213616103285], [-90.0871743921629, 29.9212941876356]]]}}, {"type": "Feature", "properties": {"zone_id": "0203TNVZ9TINM9X93ZLTG0", "tract_id": "22071009600", "city": "NEW ORLEANS, LA", "zone_code": "IZD - NON-COMMERCIAL STR SPECIAL EXCEPTION", "zone_category": "Commercial", "ev_permitted": true}, "geometry": {"type": "Polygon", "coordinates": [[[-90.0871350309929, 29.9212101536015], [-90.0868126504734, 29.9213302525637], [-90.0868217778387, 29.9213467217609], [-90.0868539302669, 29.9214135704604], [-90.0871743921629, 29.9212941876356], [-90.0871350309929, 29.9212101536015]]]}}, {"type": "Feature", "properties": {"zone_id": "02017VEOY4KNPO6IYGRJKK", "tract_id": "22071009600", "city": "NEW ORLEANS, LA", "zone_code": "IZD - BED AND BREAKFAST", "zone_category": "Other", "ev_permitted": false}, "geometry": {"type": "Polygon", "coordinates": [[[-90.0870986342513, 29.9211339934371], [-90.0867721176594, 29.9212556311143], [-90.0867754583712, 29.9212631413627], [-90.0868126504734, 29.9213302525637], [-90.0871350309929, 29.9212101536015], [-90.0870986342513, 29.9211339934371]]]}}, {"type": "Feature", "properties": {"zone_id": "0202XN5DNF7KQ3EGMKHPX7", "tract_id": "22071009600", "city": "NEW ORLEANS, LA", "zone_code": "HU-RD2", "zone_category": "Residential", "ev_permitted": false}, "geometry": {"type": "Polygon", "coordinates": [[[-90.0876181459038, 29.9207591456916], [-90.0871564772813, 29.9209216808844], [-90.0873122995334, 29.9212588508569], [-90.087780090569, 29.921094496446], [-90.0876181459038, 29.9207591456916]]]}}, {"type": "Feature", "properties": {"zone_id": "0200VQG4JB6IR7OLB2AAX2", "tract_id": "22071009600", "city": "NEW ORLEANS, LA", "zone_code": "HU-RD2", "zone_category": "Residential", "ev_permitted": false}, "geometry": {"type": "Polygon", "coordinates": [[[-90.0875779325466, 29.9206749981544], [-90.0871173480415, 29.9208369191322], [-90.0871564772813, 29.9209216808844], [-90.0876181459038, 29.9207591456916], [-90.0875779325466, 29.9206749981544]]]}}, {"type": "Feature", "properties": {"zone_id": "0201KX4E1O1IQ66V5SBLAU", "tract_id": "22071009600", "city": "NEW ORLEANS, LA", "zone_code": "IZD - BED AND BREAKFAST", "zone_category": "Other", "ev_permitted": false}, "geometry": {"type": "Polygon", "coordinates": [[[-90.0868631562616, 29.9205253216076], [-90.0867705196491, 29.9205593149587], [-90.0868956060211, 29.9208252932855], [-90.0869882837223, 29.9207912605367], [-90.0868631562616, 29.9205253216076]]]}}, {"type": "Feature", "properties": {"zone_id": "02068XT0UD9LK6WV310WPR", "tract_id": "22071009600", "city": "NEW ORLEANS, LA", "zone_code": "IZD - BED AND BREAKFAST", "zone_category": "Other", "ev_permitted": false}, "geometry": {"type": "Polygon", "coordinates": [[[-90.0867705196491, 29.9205593149587], [-90.0866693685818, 29.9205964313703], [-90.0867938227801, 29.9208626708635], [-90.0868956060211, 29.9208252932855], [-90.0867705196491, 29.9205593149587]]]}}, {"type": "Feature", "properties": {"zone_id": "02043SYD4KFR3HYMEQLTJI", "tract_id": "22071009600", "city": "NEW ORLEANS, LA", "zone_code": "IZD - NON-COMMERCIAL STR SPECIAL EXCEPTION", "zone_category": "Commercial", "ev_permitted": true}, "geometry": {"type": "Polygon", "coordinates": [[[-90.0866693685818, 29.9205964313703], [-90.0866159680642, 29.9206160260509], [-90.0866724698152, 29.9207387127672], [-90.0866903654404, 29.9207641520486], [-90.0867262177282, 29.9208419907364], [-90.0867761681024, 29.9208249012894], [-90.0866693685818, 29.9205964313703]]]}}, {"type": "Feature", "properties": {"zone_id": "0203ABY1SDCXO3JJ9HRE91", "tract_id": "22071009600", "city": "NEW ORLEANS, LA", "zone_code": "IZD - NON-COMMERCIAL STR SPECIAL EXCEPTION", "zone_category": "Commercial", "ev_permitted": true}, "geometry": {"type": "Polygon", "coordinates": [[[-90.0865124759043, 29.920312956618], [-90.0863473786561, 29.9203739044571], [-90.0864285520249, 29.9205397072951], [-90.086593641689, 29.9204793845272], [-90.0865124759043, 29.920312956618]]]}}, {"type": "Feature", "properties": {"zone_id": "0203B1Z6D7UIEFPDUJ725U", "tract_id": "22071009600", "city": "NEW ORLEANS, LA", "zone_code": "IZD - BED AND BREAKFAST", "zone_category": "Other", "ev_permitted": false}, "geometry": {"type": "Polygon", "coordinates": [[[-90.0880213074934, 29.9198815235402], [-90.0876471835674, 29.92001613422], [-90.0876849477766, 29.920092768233], [-90.0880590719389, 29.9199581574471], [-90.0880213074934, 29.9198815235402]]]}}, {"type": "Feature", "properties": {"zone_id": "0206GNI79C16K53LQ54KPO", "tract_id": "22071009600", "city": "NEW ORLEANS, LA", "zone_code": "IZD - BED AND BREAKFAST", "zone_category": "Other", "ev_permitted": false}, "geometry": {"type": "Polygon", "coordinates": [[[-90.0879841218834, 29.9198055690676], [-90.0876099981919, 29.919940179643], [-90.0876471835674, 29.92001613422], [-90.0880213074934, 29.9198815235402], [-90.0879841218834, 29.9198055690676]]]}}, {"type": "Feature", "properties": {"zone_id": "0204UDX0TBI9Q5LY21Y009", "tract_id": "22071009600", "city": "NEW ORLEANS, LA", "zone_code": "IZD - BED AND BREAKFAST", "zone_category": "Other", "ev_permitted": false}, "geometry": {"type": "Polygon", "coordinates": [[[-90.0879472599433, 29.9197294940421], [-90.0875728680075, 29.9198642057277], [-90.0876099981919, 29.919940179643], [-90.0879841218834, 29.9198055690676], [-90.0879472599433, 29.9197294940421]]]}}, {"type": "Feature", "properties": {"zone_id": "0202J3R327G725XVFTSD1I", "tract_id": "22071009600", "city": "NEW ORLEANS, LA", "zone_code": "HU-RD2", "zone_category": "Residential", "ev_permitted": false}, "geometry": {"type": "Polygon", "coordinates": [[[-90.0871075145005, 29.9196703400264], [-90.0865867882439, 29.9198573974801], [-90.0866129789225, 29.919907952303], [-90.0866226620081, 29.9199370498964], [-90.0866478752302, 29.9199866742696], [-90.0866579309231, 29.9200018620909], [-90.0868370160534, 29.9199379950771], [-90.0867918579178, 29.9198441591848], [-90.0871336572286, 29.9197222638767], [-90.0871075145005, 29.9196703400264]]]}}, {"type": "Feature", "properties": {"zone_id": "02000Y9WSPG5GYEX3WJ75E", "tract_id": "22071009600", "city": "NEW ORLEANS, LA", "zone_code": "IZD - BED AND BREAKFAST", "zone_category": "Other", "ev_permitted": false}, "geometry": {"type": "Polygon", "coordinates": [[[-90.0872187618712, 29.9198989401718], [-90.0867001749736, 29.920087033355], [-90.0867451297918, 29.9201750082623], [-90.0868981080382, 29.9201190715655], [-90.0872598035862, 29.9199837200238], [-90.0872187618712, 29.9198989401718]]]}}, {"type": "Feature", "properties": {"zone_id": "0207J167KDL7Z5US73XNQA", "tract_id": "22071009600", "city": "NEW ORLEANS, LA", "zone_code": "IZD - BED AND BREAKFAST", "zone_category": "Other", "ev_permitted": false}, "geometry": {"type": "Polygon", "coordinates": [[[-90.0871788156416, 29.9198160987509], [-90.0866579309231, 29.9200018620909], [-90.0866670341074, 29.9200156117504], [-90.0867001749736, 29.920087033355], [-90.0872187618712, 29.9198989401718], [-90.0871788156416, 29.9198160987509]]]}}, {"type": "Feature", "properties": {"zone_id": "02063KXTCT0LKHES3DSGR9", "tract_id": "22071009600", "city": "NEW ORLEANS, LA", "zone_code": "IZD - NON-COMMERCIAL STR SPECIAL EXCEPTION", "zone_category": "Commercial", "ev_permitted": true}, "geometry": {"type": "Polygon", "coordinates": [[[-90.0868981080382, 29.9201190715655], [-90.0867451297918, 29.9201750082623], [-90.0868488444423, 29.9203861594552], [-90.0870211405324, 29.9203234034605], [-90.0868981080382, 29.9201190715655]]]}}, {"type": "Feature", "properties": {"zone_id": "0204532W2OHCUFO4ZW8JC7", "tract_id": "22071009600", "city": "NEW ORLEANS, LA", "zone_code": "HU-RD2", "zone_category": "Residential", "ev_permitted": false}, "geometry": {"type": "Polygon", "coordinates": [[[-90.087339618862, 29.9201461540352], [-90.0870267718853, 29.920254132117], [-90.087054302394, 29.9203112154511], [-90.0873650123066, 29.920197884877], [-90.087339618862, 29.9201461540352]]]}}, {"type": "Feature", "properties": {"zone_id": "0205PDOQ90VK5BYBRN6EQC", "tract_id": "22071009600", "city": "NEW ORLEANS, LA", "zone_code": "IZD - BED AND BREAKFAST", "zone_category": "Other", "ev_permitted": false}, "geometry": {"type": "Polygon", "coordinates": [[[-90.0872984167237, 29.920062598823], [-90.0870779103845, 29.9201442611916], [-90.0869420955334, 29.9201921278747], [-90.0870211405324, 29.9203234034605], [-90.087054302394, 29.9203112154511], [-90.0870267718853, 29.920254132117], [-90.087339618862, 29.9201461540352], [-90.0872984167237, 29.920062598823]]]}}, {"type": "Feature", "properties": {"zone_id": "0203EW8MR95C2615A0D8UC", "tract_id": "22071009600", "city": "NEW ORLEANS, LA", "zone_code": "HU-RD2", "zone_category": "Residential", "ev_permitted": false}, "geometry": {"type": "Polygon", "coordinates": [[[-90.0867001749736, 29.920087033355], [-90.0866305994655, 29.9201059090442], [-90.0867796400318, 29.9204111333093], [-90.0868488444423, 29.9203861594552], [-90.0867451297918, 29.9201750082623], [-90.0867001749736, 29.920087033355]]]}}, {"type": "Feature", "properties": {"zone_id": "0205JFZHIIACSXASX7OAB2", "tract_id": "22071009600", "city": "NEW ORLEANS, LA", "zone_code": "IZD - NON-COMMERCIAL STR SPECIAL EXCEPTION", "zone_category": "Commercial", "ev_permitted": true}, "geometry": {"type": "Polygon", "coordinates": [[[-90.0866305994655, 29.9201059090442], [-90.086538317709, 29.9201400418308], [-90.0866873580441, 29.9204452661991], [-90.0867796400318, 29.9204111333093], [-90.0866305994655, 29.9201059090442]]]}}, {"type": "Feature", "properties": {"zone_id": "0204IWSLJ614FQJRIVFWGQ", "tract_id": "22071009600", "city": "NEW ORLEANS, LA", "zone_code": "HU-RD2", "zone_category": "Residential", "ev_permitted": false}, "geometry": {"type": "Polygon", "coordinates": [[[-90.086538317709, 29.9201400418308], [-90.0864446005539, 29.9201741600442], [-90.086593641689, 29.9204793845272], [-90.0866873580441, 29.9204452661991], [-90.086538317709, 29.9201400418308]]]}}, {"type": "Feature", "properties": {"zone_id": "0202SQJ6DASMJ7LSJ3DUPT", "tract_id": "22071009600", "city": "NEW ORLEANS, LA", "zone_code": "IZD - NON-COMMERCIAL STR SPECIAL EXCEPTION", "zone_category": "Commercial", "ev_permitted": true}, "geometry": {"type": "Polygon", "coordinates": [[[-90.0872598035862, 29.9199837200238], [-90.0868981080382, 29.9201190715655], [-90.0869420955334, 29.9201921278747], [-90.0870779103845, 29.9201442611916], [-90.0872984167237, 29.920062598823], [-90.0872598035862, 29.9199837200238]]]}}, {"type": "Feature", "properties": {"zone_id": "02039L7Z7WFD9JOV79N6TF", "tract_id": "22071009600", "city": "NEW ORLEANS, LA", "zone_code": "IZD - BED AND BREAKFAST", "zone_category": "Other", "ev_permitted": false}, "geometry": {"type": "Polygon", "coordinates": [[[-90.0871336572286, 29.9197222638767], [-90.0867918579178, 29.9198441591848], [-90.0868370160534, 29.9199379950771], [-90.0871788156416, 29.9198160987509], [-90.0871336572286, 29.9197222638767]]]}}, {"type": "Feature", "properties": {"zone_id": "0200O0RZUCX7RFVHO8YTLA", "tract_id": "22071009600", "city": "NEW ORLEANS, LA", "zone_code": "IZD - NON-COMMERCIAL STR SPECIAL EXCEPTION", "zone_category": "Commercial", "ev_permitted": true}, "geometry": {"type": "Polygon", "coordinates": [[[-90.0879100125247, 29.9196541858602], [-90.0875353914149, 29.9197883575389], [-90.0875728680075, 29.9198642057277], [-90.0879472599433, 29.9197294940421], [-90.0879100125247, 29.9196541858602]]]}}, {"type": "Feature", "properties": {"zone_id": "0202TMJZ4NNBLKJVXYY2ZX", "tract_id": "22071009600", "city": "NEW ORLEANS, LA", "zone_code": "IZD - BED AND BREAKFAST", "zone_category": "Other", "ev_permitted": false}, "geometry": {"type": "Polygon", "coordinates": [[[-90.0870738986684, 29.9196021070167], [-90.0865524299059, 29.9197894279676], [-90.0865867882439, 29.9198573974801], [-90.0871075145005, 29.9196703400264], [-90.0870738986684, 29.9196021070167]]]}}, {"type": "Feature", "properties": {"zone_id": "0207GSZESFNLW5NT72X8TP", "tract_id": "22071009600", "city": "NEW ORLEANS, LA", "zone_code": "IZD - BED AND BREAKFAST", "zone_category": "Other", "ev_permitted": false}, "geometry": {"type": "Polygon", "coordinates": [[[-90.0870375325772, 29.9195277732193], [-90.0867729650062, 29.9196241606339], [-90.0866741142253, 29.9196551375099], [-90.0865783253814, 29.9196947055044], [-90.0865176269442, 29.9197167599236], [-90.0865372374357, 29.919766831049], [-90.0865476935549, 29.9197800576165], [-90.0865524299059, 29.9197894279676], [-90.0870738986684, 29.9196021070167], [-90.0870375325772, 29.9195277732193]]]}}, {"type": "Feature", "properties": {"zone_id": "0206OKCQHG0H3EPA7DH4K6", "tract_id": "22071009600", "city": "NEW ORLEANS, LA", "zone_code": "HU-RD2", "zone_category": "Residential", "ev_permitted": false}, "geometry": {"type": "Polygon", "coordinates": [[[-90.0865686294547, 29.919207015582], [-90.0864720279472, 29.9192423560612], [-90.0866741142253, 29.9196551375099], [-90.0867729650062, 29.9196241606339], [-90.0867645351148, 29.9196095773847], [-90.0866869180286, 29.919446308519], [-90.0865686294547, 29.919207015582]]]}}, {"type": "Feature", "properties": {"zone_id": "0200YN7RJATBXFU9LDIF4Z", "tract_id": "22071009600", "city": "NEW ORLEANS, LA", "zone_code": "HU-RD2", "zone_category": "Residential", "ev_permitted": false}, "geometry": {"type": "Polygon", "coordinates": [[[-90.0864720279472, 29.9192423560612], [-90.0863747008718, 29.9192783166421], [-90.0865783253814, 29.9196947055044], [-90.0866741142253, 29.9196551375099], [-90.0864720279472, 29.9192423560612]]]}}, {"type": "Feature", "properties": {"zone_id": "0204NGDTUQAC6DMYWE0VWH", "tract_id": "22071009600", "city": "NEW ORLEANS, LA", "zone_code": "IZD - BED AND BREAKFAST", "zone_category": "Other", "ev_permitted": false}, "geometry": {"type": "Polygon", "coordinates": [[[-90.0869906522054, 29.9194316844423], [-90.0867260775665, 29.9195285715307], [-90.0867645351148, 29.9196095773847], [-90.0867729650062, 29.9196241606339], [-90.0870375325772, 29.9195277732193], [-90.0869906522054, 29.9194316844423]]]}}, {"type": "Feature", "properties": {"zone_id": "0203OLKQJT5CQKVR3VOTJ3", "tract_id": "22071009600", "city": "NEW ORLEANS, LA", "zone_code": "HU-RD2", "zone_category": "Residential", "ev_permitted": false}, "geometry": {"type": "Polygon", "coordinates": [[[-90.0869514924875, 29.9193494215083], [-90.0866869180286, 29.919446308519], [-90.0867260775665, 29.9195285715307], [-90.0869906522054, 29.9194316844423], [-90.0869514924875, 29.9193494215083]]]}}, {"type": "Feature", "properties": {"zone_id": "0200YKUZCLEZXVZEGG7M6D", "tract_id": "22071009600", "city": "NEW ORLEANS, LA", "zone_code": "HU-RD2", "zone_category": "Residential", "ev_permitted": false}, "geometry": {"type": "Polygon", "coordinates": [[[-90.0869116005895, 29.9192684021151], [-90.0866470252598, 29.9193652899389], [-90.0866869180286, 29.919446308519], [-90.0869514924875, 29.9193494215083], [-90.0869116005895, 29.9192684021151]]]}}, {"type": "Feature", "properties": {"zone_id": "02006XSGYESW3DKGUTRI7R", "tract_id": "22071009600", "city": "NEW ORLEANS, LA", "zone_code": "IZD - BED AND BREAKFAST", "zone_category": "Other", "ev_permitted": false}, "geometry": {"type": "Polygon", "coordinates": [[[-90.0868332034054, 29.9191101279042], [-90.0865686294547, 29.919207015582], [-90.0866470252598, 29.9193652899389], [-90.0869116005895, 29.9192684021151], [-90.0868332034054, 29.9191101279042]]]}}, {"type": "Feature", "properties": {"zone_id": "02050CBNDWTMEQOQHFPP2W", "tract_id": "22071009600", "city": "NEW ORLEANS, LA", "zone_code": "IZD - BED AND BREAKFAST", "zone_category": "Other", "ev_permitted": false}, "geometry": {"type": "Polygon", "coordinates": [[[-90.0864446005539, 29.9201741600442], [-90.086277878378, 29.9202311334036], [-90.0863473786561, 29.9203739044571], [-90.0865124759043, 29.920312956618], [-90.0864446005539, 29.9201741600442]]]}}, {"type": "Feature", "properties": {"zone_id": "0204PXLT28GB0ZZ7QONXR4", "tract_id": "22071009600", "city": "NEW ORLEANS, LA", "zone_code": "IZD - BED AND BREAKFAST", "zone_category": "Other", "ev_permitted": false}, "geometry": {"type": "Polygon", "coordinates": [[[-90.0861602666203, 29.9203014912427], [-90.085906996699, 29.920412237493], [-90.0859484708662, 29.920485878406], [-90.0861985271992, 29.9203810067074], [-90.0861602666203, 29.9203014912427]]]}}, {"type": "Feature", "properties": {"zone_id": "0205T5C5N517HNXJJZTZLM", "tract_id": "22071009600", "city": "NEW ORLEANS, LA", "zone_code": "HU-RD2", "zone_category": "Residential", "ev_permitted": false}, "geometry": {"type": "Polygon", "coordinates": [[[-90.0861246175089, 29.9202255129111], [-90.0857220937647, 29.9204073856004], [-90.0857535447493, 29.9204601675692], [-90.0857333357554, 29.9204693527794], [-90.085741759322, 29.9204844358697], [-90.0861602666203, 29.9203014912427], [-90.0861246175089, 29.9202255129111]]]}}, {"type": "Feature", "properties": {"zone_id": "0200JQ05OMZQC1GGWCTMRK", "tract_id": "22071009600", "city": "NEW ORLEANS, LA", "zone_code": "IZD - NON-COMMERCIAL STR SPECIAL EXCEPTION", "zone_category": "Commercial", "ev_permitted": true}, "geometry": {"type": "Polygon", "coordinates": [[[-90.0860869993524, 29.920147642867], [-90.0856761609432, 29.9203295222872], [-90.0857220937647, 29.9204073856004], [-90.0861246175089, 29.9202255129111], [-90.0860869993524, 29.920147642867]]]}}, {"type": "Feature", "properties": {"zone_id": "0200QK1U5ZU881TFDANZ60", "tract_id": "22071009600", "city": "NEW ORLEANS, LA", "zone_code": "IZD - NON-COMMERCIAL STR SPECIAL EXCEPTION", "zone_category": "Commercial", "ev_permitted": true}, "geometry": {"type": "Polygon", "coordinates": [[[-90.0860505341623, 29.9200722477359], [-90.0856324237081, 29.9202552399854], [-90.0856761609432, 29.9203295222872], [-90.0860869993524, 29.920147642867], [-90.0860505341623, 29.9200722477359]]]}}, {"type": "Feature", "properties": {"zone_id": "0206G8HTHID3Q56DJ5DO3J", "tract_id": "22071009600", "city": "NEW ORLEANS, LA", "zone_code": "HU-RD2", "zone_category": "Residential", "ev_permitted": false}, "geometry": {"type": "Polygon", "coordinates": [[[-90.0866478752302, 29.9199866742696], [-90.0862326313193, 29.920138394491], [-90.086277878378, 29.9202311334036], [-90.0864446005539, 29.9201741600442], [-90.0866305994655, 29.9201059090442], [-90.0867001749736, 29.920087033355], [-90.0866670341074, 29.9200156117504], [-90.0866478752302, 29.9199866742696]]]}}, {"type": "Feature", "properties": {"zone_id": "02066FOA0H9I1KFJMWQRH8", "tract_id": "22071009600", "city": "NEW ORLEANS, LA", "zone_code": "IZD - NON-COMMERCIAL STR SPECIAL EXCEPTION", "zone_category": "Commercial", "ev_permitted": true}, "geometry": {"type": "Polygon", "coordinates": [[[-90.0866200066559, 29.9199290697603], [-90.0862044140951, 29.9200811889825], [-90.0862321632851, 29.9201375563924], [-90.0866478752302, 29.9199866742696], [-90.0866226620081, 29.9199370498964], [-90.0866200066559, 29.9199290697603]]]}}, {"type": "Feature", "properties": {"zone_id": "0200RJW9O2C8X41JEMGSL8", "tract_id": "22071009600", "city": "NEW ORLEANS, LA", "zone_code": "IZD - NON-COMMERCIAL STR SPECIAL EXCEPTION", "zone_category": "Commercial", "ev_permitted": true}, "geometry": {"type": "Polygon", "coordinates": [[[-90.0865867882439, 29.9198573974801], [-90.086166155368, 29.9200025288477], [-90.0862044140951, 29.9200811889825], [-90.0866200066559, 29.9199290697603], [-90.0866129789225, 29.919907952303], [-90.0865867882439, 29.9198573974801]]]}}, {"type": "Feature", "properties": {"zone_id": "02005F8KKMK0THGJYLYNWH", "tract_id": "22071009600", "city": "NEW ORLEANS, LA", "zone_code": "IZD - BED AND BREAKFAST", "zone_category": "Other", "ev_permitted": false}, "geometry": {"type": "Polygon", "coordinates": [[[-90.086505012607, 29.9197040136343], [-90.0860919711074, 29.9198517943934], [-90.086166155368, 29.9200025288477], [-90.0865867882439, 29.9198573974801], [-90.0865476935549, 29.9197800576165], [-90.0865372374357, 29.919766831049], [-90.0865176269442, 29.9197167599236], [-90.086505012607, 29.9197040136343]]]}}, {"type": "Feature", "properties": {"zone_id": "020516262BFL7IKW59XWZV", "tract_id": "22071009600", "city": "NEW ORLEANS, LA", "zone_code": "HU-RD2", "zone_category": "Residential", "ev_permitted": false}, "geometry": {"type": "Polygon", "coordinates": [[[-90.085977711414, 29.919920234133], [-90.0855428176148, 29.9201040476663], [-90.0855882555973, 29.9201807153917], [-90.0860140174075, 29.9199960933283], [-90.085977711414, 29.919920234133]]]}}, {"type": "Feature", "properties": {"zone_id": "02045XDJXI9OA3TXF32YDH", "tract_id": "22071009600", "city": "NEW ORLEANS, LA", "zone_code": "IZD - BED AND BREAKFAST", "zone_category": "Other", "ev_permitted": false}, "geometry": {"type": "Polygon", "coordinates": [[[-90.0860140174075, 29.9199960933283], [-90.0855882555973, 29.9201807153917], [-90.0856324237081, 29.9202552399854], [-90.0860505341623, 29.9200722477359], [-90.0860140174075, 29.9199960933283]]]}}, {"type": "Feature", "properties": {"zone_id": "02073EG8RGI2MUBTV0JT80", "tract_id": "22071009600", "city": "NEW ORLEANS, LA", "zone_code": "HU-MU", "zone_category": "Mixed Use", "ev_permitted": true}, "geometry": {"type": "Polygon", "coordinates": [[[-90.0859413646943, 29.9198443231131], [-90.085587795377, 29.9199991271449], [-90.0856291384521, 29.9200675628554], [-90.085977711414, 29.919920234133], [-90.0859413646943, 29.9198443231131]]]}}, {"type": "Feature", "properties": {"zone_id": "0206ITAR9LW1NNZ0VO0ZLG", "tract_id": "22071009600", "city": "NEW ORLEANS, LA", "zone_code": "IZD - BED AND BREAKFAST", "zone_category": "Other", "ev_permitted": false}, "geometry": {"type": "Polygon", "coordinates": [[[-90.0861605877404, 29.9193569280889], [-90.0860675878236, 29.919391052832], [-90.0862306645479, 29.9197214161938], [-90.0863229392478, 29.9196879088029], [-90.0861605877404, 29.9193569280889]]]}}, {"type": "Feature", "properties": {"zone_id": "02022HAJY7GMF9430RSTYF", "tract_id": "22071009600", "city": "NEW ORLEANS, LA", "zone_code": "HU-RD2", "zone_category": "Residential", "ev_permitted": false}, "geometry": {"type": "Polygon", "coordinates": [[[-90.0864700020087, 29.9196342920985], [-90.0863810745668, 29.9196584544383], [-90.0863229392478, 29.9196879088029], [-90.0862306645479, 29.9197214161938], [-90.0861377668671, 29.9197474164662], [-90.0860563029449, 29.9197772747636], [-90.0860919711074, 29.9198517943934], [-90.086505012607, 29.9197040136343], [-90.0864700020087, 29.9196342920985]]]}}, {"type": "Feature", "properties": {"zone_id": "0207DW5MYIH098DN9OK6W8", "tract_id": "22071009600", "city": "NEW ORLEANS, LA", "zone_code": "HU-RD2", "zone_category": "Residential", "ev_permitted": false}, "geometry": {"type": "Polygon", "coordinates": [[[-90.0859796271328, 29.9194239757066], [-90.085898163416, 29.9194538348093], [-90.0860563029449, 29.9197772747636], [-90.0861377668671, 29.9197474164662], [-90.0859796271328, 29.9194239757066]]]}}, {"type": "Feature", "properties": {"zone_id": "0202PWTBCSEUHX7CEQ268P", "tract_id": "22071009600", "city": "NEW ORLEANS, LA", "zone_code": "HU-RD2", "zone_category": "Residential", "ev_permitted": false}, "geometry": {"type": "Polygon", "coordinates": [[[-90.0860675878236, 29.919391052832], [-90.0859796271328, 29.9194239757066], [-90.0861377668671, 29.9197474164662], [-90.0862306645479, 29.9197214161938], [-90.0860675878236, 29.919391052832]]]}}, {"type": "Feature", "properties": {"zone_id": "02019STZKF34OY3KF6I6GR", "tract_id": "22071009600", "city": "NEW ORLEANS, LA", "zone_code": "HU-RD2", "zone_category": "Residential", "ev_permitted": false}, "geometry": {"type": "Polygon", "coordinates": [[[-90.0863040549903, 29.9193039027265], [-90.0862233003007, 29.9193343930949], [-90.0863810745668, 29.9196584544383], [-90.0864700020087, 29.9196342920985], [-90.0863040549903, 29.9193039027265]]]}}, {"type": "Feature", "properties": {"zone_id": "0206POEWUPKL9UM30RBB7D", "tract_id": "22071009600", "city": "NEW ORLEANS, LA", "zone_code": "HU-RD2", "zone_category": "Residential", "ev_permitted": false}, "geometry": {"type": "Polygon", "coordinates": [[[-90.0863747008718, 29.9192783166421], [-90.0863040549903, 29.9193039027265], [-90.086505012607, 29.9197040136343], [-90.0865176269442, 29.9197167599236], [-90.0865783253814, 29.9196947055044], [-90.0863747008718, 29.9192783166421]]]}}, {"type": "Feature", "properties": {"zone_id": "0200VDT97OEHL71GUWHVZO", "tract_id": "22071009600", "city": "NEW ORLEANS, LA", "zone_code": "HU-RD2", "zone_category": "Residential", "ev_permitted": false}, "geometry": {"type": "Polygon", "coordinates": [[[-90.0862233003007, 29.9193343930949], [-90.0861605877404, 29.9193569280889], [-90.0863229392478, 29.9196879088029], [-90.0863810745668, 29.9196584544383], [-90.0862233003007, 29.9193343930949]]]}}, {"type": "Feature", "properties": {"zone_id": "0204DL8F48RQHPR5A2W6E9", "tract_id": "22071009600", "city": "NEW ORLEANS, LA", "zone_code": "HU-RD2", "zone_category": "Residential", "ev_permitted": false}, "geometry": {"type": "Polygon", "coordinates": [[[-90.0860860448423, 29.9191610813754], [-90.0858070260625, 29.9192653317085], [-90.0858445628778, 29.9193399701862], [-90.0861241072294, 29.9192366080404], [-90.0860860448423, 29.9191610813754]]]}}, {"type": "Feature", "properties": {"zone_id": "0202683IPRLHZO13AGL1L0", "tract_id": "22071009600", "city": "NEW ORLEANS, LA", "zone_code": "HU-MU", "zone_category": "Mixed Use", "ev_permitted": true}, "geometry": {"type": "Polygon", "coordinates": [[[-90.0857826004583, 29.9195133768505], [-90.0856474456893, 29.9195902353331], [-90.085817978282, 29.9198981637815], [-90.0859413646943, 29.9198443231131], [-90.0857826004583, 29.9195133768505]]]}}, {"type": "Feature", "properties": {"zone_id": "0200HXFXYZTU448WW5G75Y", "tract_id": "22071009600", "city": "NEW ORLEANS, LA", "zone_code": "EC OVERLAY", "zone_category": "Other", "ev_permitted": false}, "geometry": {"type": "Polygon", "coordinates": [[[-90.0879090833596, 29.9182907755456], [-90.0868647895781, 29.9184196612162], [-90.0875353914149, 29.9197883575389], [-90.0879100125247, 29.9196541858602], [-90.0880974448039, 29.9195859463717], [-90.0878624523623, 29.9190979532936], [-90.088235091596, 29.9189639974226], [-90.0879090833596, 29.9182907755456]]]}}, {"type": "Feature", "properties": {"zone_id": "0202LF1YEJO93YDBTB8DX3", "tract_id": "22071009600", "city": "NEW ORLEANS, LA", "zone_code": "EC OVERLAY", "zone_category": "Other", "ev_permitted": false}, "geometry": {"type": "Polygon", "coordinates": [[[-90.0865099817536, 29.9184855871115], [-90.0857891334522, 29.9185725220098], [-90.085686370198, 29.918584049533], [-90.0858096160094, 29.9188283931959], [-90.0856236111023, 29.9188972682181], [-90.0856599780695, 29.9189732526133], [-90.0856985038085, 29.9190486340318], [-90.0861633178984, 29.91887523846], [-90.0863123947643, 29.9191724879564], [-90.0864079448881, 29.9191408882013], [-90.0867799626407, 29.9190036265723], [-90.0865099817536, 29.9184855871115]]]}}, {"type": "Feature", "properties": {"zone_id": "0200YK99E1UNCP31HH4XLO", "tract_id": "22071009600", "city": "NEW ORLEANS, LA", "zone_code": "HU-RD2", "zone_category": "Residential", "ev_permitted": false}, "geometry": {"type": "Polygon", "coordinates": [[[-90.0861633178984, 29.91887523846], [-90.0860708295112, 29.9189097397725], [-90.0862189974714, 29.9192051943399], [-90.0863123947643, 29.9191724879564], [-90.0861633178984, 29.91887523846]]]}}, {"type": "Feature", "properties": {"zone_id": "0203VP6QLHZVP1XPBY8546", "tract_id": "22071009600", "city": "NEW ORLEANS, LA", "zone_code": "HU-RD2", "zone_category": "Residential", "ev_permitted": false}, "geometry": {"type": "Polygon", "coordinates": [[[-90.0860708295112, 29.9189097397725], [-90.0859779539487, 29.918944387119], [-90.0861241072294, 29.9192366080404], [-90.0862189974714, 29.9192051943399], [-90.0860708295112, 29.9189097397725]]]}}, {"type": "Feature", "properties": {"zone_id": "02067HAL3ZX6VNYPB7EV33", "tract_id": "22071009600", "city": "NEW ORLEANS, LA", "zone_code": "HU-RD2", "zone_category": "Residential", "ev_permitted": false}, "geometry": {"type": "Polygon", "coordinates": [[[-90.0859779539487, 29.918944387119], [-90.0856985038085, 29.9190486340318], [-90.0857363208007, 29.9191233825671], [-90.0860153402932, 29.9190191323919], [-90.0859779539487, 29.918944387119]]]}}, {"type": "Feature", "properties": {"zone_id": "0204BJ4MT07X7K4ZICO5H4", "tract_id": "22071009600", "city": "NEW ORLEANS, LA", "zone_code": "IZD - NON-COMMERCIAL STR SPECIAL EXCEPTION", "zone_category": "Commercial", "ev_permitted": true}, "geometry": {"type": "Polygon", "coordinates": [[[-90.0860153402932, 29.9190191323919], [-90.0857363208007, 29.9191233825671], [-90.0857713307186, 29.9191931034005], [-90.0860503415218, 29.9190894783142], [-90.0860153402932, 29.9190191323919]]]}}, {"type": "Feature", "properties": {"zone_id": "02072DY5EKAF447WZMVP74", "tract_id": "22071009600", "city": "NEW ORLEANS, LA", "zone_code": "HU-RD2", "zone_category": "Residential", "ev_permitted": false}, "geometry": {"type": "Polygon", "coordinates": [[[-90.0860503415218, 29.9190894783142], [-90.0857713307186, 29.9191931034005], [-90.0858070260625, 29.9192653317085], [-90.0860860448423, 29.9191610813754], [-90.0860503415218, 29.9190894783142]]]}}, {"type": "Feature", "properties": {"zone_id": "0200J4P6ZTAUH6IYQTZ0CQ", "tract_id": "22071009600", "city": "NEW ORLEANS, LA", "zone_code": "IZD - PRESERVING RESIDENTIAL CHARACTER", "zone_category": "Residential", "ev_permitted": false}, "geometry": {"type": "Polygon", "coordinates": [[[-90.085686370198, 29.918584049533], [-90.0854779604458, 29.9186083274786], [-90.0856236111023, 29.9188972682181], [-90.0858096160094, 29.9188283931959], [-90.085686370198, 29.918584049533]]]}}]}