{"type": "FeatureCollection", "features": [{"type": "Feature", "properties": {"zone_id": "0204I74HKOHCPAY2JN9PXN", "tract_id": "34017000102", "city": "JERSEY CITY, NJ", "zone_code": "R-1", "zone_category": "Residential", "ev_permitted": false}, "geometry": {"type": "Polygon", "coordinates": [[[-74.0484739723559, 40.7581389441918], [-74.0484325395767, 40.7581999085499], [-74.048797169065, 40.7583267729671], [-74.0488389854822, 40.7582659603769], [-74.0484739723559, 40.7581389441918]]]}}, {"type": "Feature", "properties": {"zone_id": "02008MJKOOLT7DXSSUEOWJ", "tract_id": "34017000102", "city": "JERSEY CITY, NJ", "zone_code": "R-1", "zone_category": "Residential", "ev_permitted": false}, "geometry": {"type": "Polygon", "coordinates": [[[-74.0487854891761, 40.7578467961968], [-74.0487439340175, 40.7579077124608], [-74.0490124869245, 40.7580136382922], [-74.0490543029474, 40.7579528256186], [-74.0487854891761, 40.7578467961968]]]}}, {"type": "Feature", "properties": {"zone_id": "020707063I0G082BSWYSPF", "tract_id": "34017000102", "city": "JERSEY CITY, NJ", "zone_code": "R-1", "zone_category": "Residential", "ev_permitted": false}, "geometry": {"type": "Polygon", "coordinates": [[[-74.0485253496086, 40.7580633481524], [-74.0484739723559, 40.7581389441918], [-74.0488389854822, 40.7582659603769], [-74.0488824740056, 40.7582027146156], [-74.0485253496086, 40.7580633481524]]]}}, {"type": "Feature", "properties": {"zone_id": "020789WWIICVEPIZDCJ6LU", "tract_id": "34017000102", "city": "JERSEY CITY, NJ", "zone_code": "R-1", "zone_category": "Residential", "ev_permitted": false}, "geometry": {"type": "Polygon", "coordinates": [[[-74.0487439340175, 40.7579077124608], [-74.048702379967, 40.7579686287134], [-74.0489706708189, 40.7580744518502], [-74.0490124869245, 40.7580136382922], [-74.0487439340175, 40.7579077124608]]]}}, {"type": "Feature", "properties": {"zone_id": "02074C9Y9WSMMAZ983TB0R", "tract_id": "34017000102", "city": "JERSEY CITY, NJ", "zone_code": "R-1", "zone_category": "Residential", "ev_permitted": false}, "geometry": {"type": "Polygon", "coordinates": [[[-74.0485721055895, 40.7579945505586], [-74.0485253496086, 40.7580633481524], [-74.0488824740056, 40.7582027146156], [-74.0489288546368, 40.7581352653919], [-74.0485721055895, 40.7579945505586]]]}}, {"type": "Feature", "properties": {"zone_id": "0205ORVLMQSOTHJXXZ00BU", "tract_id": "34017000102", "city": "JERSEY CITY, NJ", "zone_code": "R-1", "zone_category": "Residential", "ev_permitted": false}, "geometry": {"type": "Polygon", "coordinates": [[[-74.048702379967, 40.7579686287134], [-74.048660824662, 40.7580295440449], [-74.0489288546368, 40.7581352653919], [-74.0489706708189, 40.7580744518502], [-74.048702379967, 40.7579686287134]]]}}, {"type": "Feature", "properties": {"zone_id": "0202VT8DXINLE82YYIVQJY", "tract_id": "34017000102", "city": "JERSEY CITY, NJ", "zone_code": "R-1", "zone_category": "Residential", "ev_permitted": false}, "geometry": {"type": "Polygon", "coordinates": [[[-74.0488270442585, 40.7577858799168], [-74.0487854891761, 40.7578467961968], [-74.0490543029474, 40.7579528256186], [-74.0490961188998, 40.7578920120282], [-74.0488270442585, 40.7577858799168]]]}}, {"type": "Feature", "properties": {"zone_id": "0203SSD3IX30ST1U63IEVG", "tract_id": "34017000102", "city": "JERSEY CITY, NJ", "zone_code": "R-1", "zone_category": "Residential", "ev_permitted": false}, "geometry": {"type": "Polygon", "coordinates": [[[-74.048751043413, 40.7577559021243], [-74.0485873289453, 40.7580005548809], [-74.048660824662, 40.7580295440449], [-74.0488270442585, 40.7577858799168], [-74.048751043413, 40.7577559021243]]]}}, {"type": "Feature", "properties": {"zone_id": "0204KIF38QJQBMYFU81OHH", "tract_id": "34017000102", "city": "JERSEY CITY, NJ", "zone_code": "R-1", "zone_category": "Residential", "ev_permitted": false}, "geometry": {"type": "Polygon", "coordinates": [[[-74.0485869216519, 40.7576911654963], [-74.048420745119, 40.7579348474619], [-74.0485008329796, 40.7579664373008], [-74.048667031742, 40.7577227643137], [-74.0485869216519, 40.7576911654963]]]}}, {"type": "Feature", "properties": {"zone_id": "02009QO73U6UB3FVXWP3J5", "tract_id": "34017000102", "city": "JERSEY CITY, NJ", "zone_code": "R-1", "zone_category": "Residential", "ev_permitted": false}, "geometry": {"type": "Polygon", "coordinates": [[[-74.048667031742, 40.7577227643137], [-74.0485008329796, 40.7579664373008], [-74.0485873289453, 40.7580005548809], [-74.048751043413, 40.7577559021243], [-74.048667031742, 40.7577227643137]]]}}, {"type": "Feature", "properties": {"zone_id": "0205SP87Z1ROBBQ5E37F6W", "tract_id": "34017000102", "city": "JERSEY CITY, NJ", "zone_code": "R-1", "zone_category": "Residential", "ev_permitted": false}, "geometry": {"type": "Polygon", "coordinates": [[[-74.048491973963, 40.7579629425863], [-74.0483503443823, 40.7581713102742], [-74.0484325395767, 40.7581999085499], [-74.0485721055895, 40.7579945505586], [-74.048491973963, 40.7579629425863]]]}}, {"type": "Feature", "properties": {"zone_id": "0202MEK0MKOCWOM0HEU9LZ", "tract_id": "34017000102", "city": "JERSEY CITY, NJ", "zone_code": "R-1", "zone_category": "Residential", "ev_permitted": false}, "geometry": {"type": "Polygon", "coordinates": [[[-74.0482516657528, 40.7578681546979], [-74.0481037568619, 40.7580855141871], [-74.0481859530219, 40.758114113543], [-74.0483317758937, 40.7578997537473], [-74.0482516657528, 40.7578681546979]]]}}, {"type": "Feature", "properties": {"zone_id": "0201W4AFT31SLU354EM6ZP", "tract_id": "34017000102", "city": "JERSEY CITY, NJ", "zone_code": "R-1", "zone_category": "Residential", "ev_permitted": false}, "geometry": {"type": "Polygon", "coordinates": [[[-74.0483317758937, 40.7578997537473], [-74.0481859530219, 40.758114113543], [-74.0482681480745, 40.7581427119354], [-74.0484118861109, 40.7579313527413], [-74.0483317758937, 40.7578997537473]]]}}, {"type": "Feature", "properties": {"zone_id": "02025NE0JZUMPD0XSK7286", "tract_id": "34017000102", "city": "JERSEY CITY, NJ", "zone_code": "R-1", "zone_category": "Residential", "ev_permitted": false}, "geometry": {"type": "Polygon", "coordinates": [[[-74.0484118861109, 40.7579313527413], [-74.0482681480745, 40.7581427119354], [-74.0483503443823, 40.7581713102742], [-74.048491973963, 40.7579629425863], [-74.0484118861109, 40.7579313527413]]]}}, {"type": "Feature", "properties": {"zone_id": "0202IJ66T5GW6IPW0FRPJZ", "tract_id": "34017000102", "city": "JERSEY CITY, NJ", "zone_code": "R-1", "zone_category": "Residential", "ev_permitted": false}, "geometry": {"type": "Polygon", "coordinates": [[[-74.048171555682, 40.7578365564937], [-74.0480215619511, 40.7580569156781], [-74.0481037568619, 40.7580855141871], [-74.0482516657528, 40.7578681546979], [-74.048171555682, 40.7578365564937]]]}}, {"type": "Feature", "properties": {"zone_id": "020664S7WAIK9C7CV0GBPU", "tract_id": "34017000102", "city": "JERSEY CITY, NJ", "zone_code": "R-1", "zone_category": "Residential", "ev_permitted": false}, "geometry": {"type": "Polygon", "coordinates": [[[-74.0480914456936, 40.7578049573335], [-74.0479393659268, 40.7580283171062], [-74.0480215619511, 40.7580569156781], [-74.048171555682, 40.7578365564937], [-74.0480914456936, 40.7578049573335]]]}}, {"type": "Feature", "properties": {"zone_id": "02027R1ASAHO55H65RHY0A", "tract_id": "34017000102", "city": "JERSEY CITY, NJ", "zone_code": "R-1", "zone_category": "Residential", "ev_permitted": false}, "geometry": {"type": "Polygon", "coordinates": [[[-74.0484267016944, 40.757627968596], [-74.0482605247441, 40.7578716494307], [-74.0483406348934, 40.757903248474], [-74.048506811632, 40.7576595675241], [-74.0484267016944, 40.757627968596]]]}}, {"type": "Feature", "properties": {"zone_id": "0202XT5WY89PI5TVJEXBTR", "tract_id": "34017000102", "city": "JERSEY CITY, NJ", "zone_code": "R-1", "zone_category": "Residential", "ev_permitted": false}, "geometry": {"type": "Polygon", "coordinates": [[[-74.048506811632, 40.7576595675241], [-74.0483406348934, 40.757903248474], [-74.048420745119, 40.7579348474619], [-74.0485869216519, 40.7576911654963], [-74.048506811632, 40.7576595675241]]]}}, {"type": "Feature", "properties": {"zone_id": "0206AJJDN9FMYX7UQNM3FZ", "tract_id": "34017000102", "city": "JERSEY CITY, NJ", "zone_code": "R-1", "zone_category": "Residential", "ev_permitted": false}, "geometry": {"type": "Polygon", "coordinates": [[[-74.0482664820479, 40.7575647705735], [-74.0481003046741, 40.757808451178], [-74.048180414671, 40.757840050332], [-74.048346591833, 40.7575963696124], [-74.0482664820479, 40.7575647705735]]]}}, {"type": "Feature", "properties": {"zone_id": "02054432SYWNLFQ9DC034L", "tract_id": "34017000102", "city": "JERSEY CITY, NJ", "zone_code": "R-1", "zone_category": "Residential", "ev_permitted": false}, "geometry": {"type": "Polygon", "coordinates": [[[-74.048346591833, 40.7575963696124], [-74.048180414671, 40.757840050332], [-74.0482605247441, 40.7578716494307], [-74.0484267016944, 40.757627968596], [-74.048346591833, 40.7575963696124]]]}}, {"type": "Feature", "properties": {"zone_id": "0205C4DD94T1Q0EETKBSQ9", "tract_id": "34017000102", "city": "JERSEY CITY, NJ", "zone_code": "R-1", "zone_category": "Residential", "ev_permitted": false}, "geometry": {"type": "Polygon", "coordinates": [[[-74.0480113357815, 40.7577733581179], [-74.0478571711576, 40.7579997184805], [-74.0479393659268, 40.7580283171062], [-74.0480914456936, 40.7578049573335], [-74.0480113357815, 40.7577733581179]]]}}, {"type": "Feature", "properties": {"zone_id": "0206XFYTREWK6V6NODOJ5Z", "tract_id": "34017000102", "city": "JERSEY CITY, NJ", "zone_code": "R-1", "zone_category": "Residential", "ev_permitted": false}, "geometry": {"type": "Polygon", "coordinates": [[[-74.048186372339, 40.7575331714792], [-74.0480201959378, 40.7577768519732], [-74.0481003046741, 40.757808451178], [-74.0482664820479, 40.7575647705735], [-74.048186372339, 40.7575331714792]]]}}, {"type": "Feature", "properties": {"zone_id": "0207CH0UH2TMUCVHH8N4N1", "tract_id": "34017000102", "city": "JERSEY CITY, NJ", "zone_code": "R-1", "zone_category": "Residential", "ev_permitted": false}, "geometry": {"type": "Polygon", "coordinates": [[[-74.0479312259455, 40.757741758847], [-74.0477749752751, 40.757971119792], [-74.0478571711576, 40.7579997184805], [-74.0480113357815, 40.7577733581179], [-74.0479312259455, 40.757741758847]]]}}, {"type": "Feature", "properties": {"zone_id": "0205PLVAH183FEM89I2CIC", "tract_id": "34017000102", "city": "JERSEY CITY, NJ", "zone_code": "R-1", "zone_category": "Residential", "ev_permitted": false}, "geometry": {"type": "Polygon", "coordinates": [[[-74.049150245861, 40.7573409162804], [-74.0491087090694, 40.7574018399584], [-74.0493639724024, 40.7575024680369], [-74.0494053224984, 40.7574423324536], [-74.049150245861, 40.7573409162804]]]}}, {"type": "Feature", "properties": {"zone_id": "0200UW3R8NBLSDZB6C9GUS", "tract_id": "34017000102", "city": "JERSEY CITY, NJ", "zone_code": "R-1", "zone_category": "Residential", "ev_permitted": false}, "geometry": {"type": "Polygon", "coordinates": [[[-74.0492748522255, 40.7571581451365], [-74.0492333168469, 40.7572190688671], [-74.0494889518445, 40.7573207067813], [-74.0495312346623, 40.7572592140038], [-74.0492748522255, 40.7571581451365]]]}}, {"type": "Feature", "properties": {"zone_id": "0203VXY75HESZMRY98E8K3", "tract_id": "34017000102", "city": "JERSEY CITY, NJ", "zone_code": "R-1", "zone_category": "Residential", "ev_permitted": false}, "geometry": {"type": "Polygon", "coordinates": [[[-74.0491917813921, 40.7572799925818], [-74.049150245861, 40.7573409162804], [-74.0494053224984, 40.7574423324536], [-74.0494471378019, 40.7573815196278], [-74.0491917813921, 40.7572799925818]]]}}, {"type": "Feature", "properties": {"zone_id": "0202SR50PG0WZJYB2AHDV7", "tract_id": "34017000102", "city": "JERSEY CITY, NJ", "zone_code": "R-1", "zone_category": "Residential", "ev_permitted": false}, "geometry": {"type": "Polygon", "coordinates": [[[-74.0492333168469, 40.7572190688671], [-74.0491917813921, 40.7572799925818], [-74.0494471378019, 40.7573815196278], [-74.0494889518445, 40.7573207067813], [-74.0492333168469, 40.7572190688671]]]}}, {"type": "Feature", "properties": {"zone_id": "0202QEMGZZIRVC4X3BC4EN", "tract_id": "34017000102", "city": "JERSEY CITY, NJ", "zone_code": "R-1", "zone_category": "Residential", "ev_permitted": false}, "geometry": {"type": "Polygon", "coordinates": [[[-74.0494832244069, 40.7568210645817], [-74.0494411413724, 40.7568817701123], [-74.0497152204173, 40.7569916361542], [-74.049757033975, 40.7569308223033], [-74.0494832244069, 40.7568210645817]]]}}, {"type": "Feature", "properties": {"zone_id": "0205927F5GKR5ZOTXXKQST", "tract_id": "34017000102", "city": "JERSEY CITY, NJ", "zone_code": "R-1", "zone_category": "Residential", "ev_permitted": false}, "geometry": {"type": "Polygon", "coordinates": [[[-74.0494411413724, 40.7568817701123], [-74.0493990570828, 40.7569424747215], [-74.0496734056048, 40.7570524490838], [-74.0497152204173, 40.7569916361542], [-74.0494411413724, 40.7568817701123]]]}}, {"type": "Feature", "properties": {"zone_id": "0205ZBPYWJWJ1UWZB9RW63", "tract_id": "34017000102", "city": "JERSEY CITY, NJ", "zone_code": "R-1", "zone_category": "Residential", "ev_permitted": false}, "geometry": {"type": "Polygon", "coordinates": [[[-74.0493990570828, 40.7569424747215], [-74.0493559800359, 40.7570046127758], [-74.0496315907158, 40.7571132619971], [-74.0496734056048, 40.7570524490838], [-74.0493990570828, 40.7569424747215]]]}}, {"type": "Feature", "properties": {"zone_id": "0200LNK5NDB8OHH5LQ76FK", "tract_id": "34017000102", "city": "JERSEY CITY, NJ", "zone_code": "R-1", "zone_category": "Residential", "ev_permitted": false}, "geometry": {"type": "Polygon", "coordinates": [[[-74.0495662524377, 40.7567003055588], [-74.0495247081689, 40.7567612248622], [-74.0497992182174, 40.7568694722317], [-74.0498410327995, 40.7568086592534], [-74.0495662524377, 40.7567003055588]]]}}, {"type": "Feature", "properties": {"zone_id": "0202SZ8M0AH23EJL1T3HIM", "tract_id": "34017000102", "city": "JERSEY CITY, NJ", "zone_code": "R-1", "zone_category": "Residential", "ev_permitted": false}, "geometry": {"type": "Polygon", "coordinates": [[[-74.0495247081689, 40.7567612248622], [-74.0494832244069, 40.7568210645817], [-74.049757033975, 40.7569308223033], [-74.0497992182174, 40.7568694722317], [-74.0495247081689, 40.7567612248622]]]}}, {"type": "Feature", "properties": {"zone_id": "0201R6TQBQEOOC3E7SY8S3", "tract_id": "34017000102", "city": "JERSEY CITY, NJ", "zone_code": "R-1", "zone_category": "Residential", "ev_permitted": false}, "geometry": {"type": "Polygon", "coordinates": [[[-74.0496912484108, 40.7565170158234], [-74.0495662524377, 40.7567003055588], [-74.0496661007394, 40.7567396780427], [-74.0497913822455, 40.756556518098], [-74.0496912484108, 40.7565170158234]]]}}, {"type": "Feature", "properties": {"zone_id": "02009A6AHPZHS8R3DPJTGM", "tract_id": "34017000102", "city": "JERSEY CITY, NJ", "zone_code": "R-1", "zone_category": "Residential", "ev_permitted": false}, "geometry": {"type": "Polygon", "coordinates": [[[-74.0497261992079, 40.7566518143508], [-74.0496661007394, 40.7567396780427], [-74.0498410327995, 40.7568086592534], [-74.0499014461257, 40.7567207966991], [-74.0497261992079, 40.7566518143508]]]}}, {"type": "Feature", "properties": {"zone_id": "02053QX2GPVWJMC5TXKYLH", "tract_id": "34017000102", "city": "JERSEY CITY, NJ", "zone_code": "R-1", "zone_category": "Residential", "ev_permitted": false}, "geometry": {"type": "Polygon", "coordinates": [[[-74.0497913822455, 40.756556518098], [-74.0497261992079, 40.7566518143508], [-74.0499014461257, 40.7567207966991], [-74.0499668157738, 40.7566257253222], [-74.0497913822455, 40.756556518098]]]}}, {"type": "Feature", "properties": {"zone_id": "0203R0DFRM3QADBBY2368O", "tract_id": "34017000102", "city": "JERSEY CITY, NJ", "zone_code": "R-1", "zone_category": "Residential", "ev_permitted": false}, "geometry": {"type": "Polygon", "coordinates": [[[-74.0492822032484, 40.7566655965856], [-74.0491156228642, 40.7569098607049], [-74.0491957418453, 40.7569414447839], [-74.0493623172252, 40.7566971886357], [-74.0492822032484, 40.7566655965856]]]}}, {"type": "Feature", "properties": {"zone_id": "0206K0GF76A5YUBY4PM4GM", "tract_id": "34017000102", "city": "JERSEY CITY, NJ", "zone_code": "R-1", "zone_category": "Residential", "ev_permitted": false}, "geometry": {"type": "Polygon", "coordinates": [[[-74.0493623172252, 40.7566971886357], [-74.0491957418453, 40.7569414447839], [-74.0492758609025, 40.7569730288075], [-74.0494424300999, 40.7567287797253], [-74.0493623172252, 40.7566971886357]]]}}, {"type": "Feature", "properties": {"zone_id": "02009S9ADXGRYW7ZT6HMJ9", "tract_id": "34017000102", "city": "JERSEY CITY, NJ", "zone_code": "R-1", "zone_category": "Residential", "ev_permitted": false}, "geometry": {"type": "Polygon", "coordinates": [[[-74.0496111416644, 40.7564854141224], [-74.0494445940376, 40.7567296329243], [-74.0495247081689, 40.7567612248622], [-74.0496912484108, 40.7565170158234], [-74.0496111416644, 40.7564854141224]]]}}, {"type": "Feature", "properties": {"zone_id": "0204HQVXADIOKSQCXQ1KB0", "tract_id": "34017000102", "city": "JERSEY CITY, NJ", "zone_code": "R-1", "zone_category": "Residential", "ev_permitted": false}, "geometry": {"type": "Polygon", "coordinates": [[[-74.0494424300999, 40.7567287797253], [-74.0492758609025, 40.7569730288075], [-74.0493559800359, 40.7570046127758], [-74.0495247081689, 40.7567612248622], [-74.0494424300999, 40.7567287797253]]]}}, {"type": "Feature", "properties": {"zone_id": "02011OE732OFT8VDW4T5G4", "tract_id": "34017000102", "city": "JERSEY CITY, NJ", "zone_code": "R-1", "zone_category": "Residential", "ev_permitted": false}, "geometry": {"type": "Polygon", "coordinates": [[[-74.0490739414114, 40.7575431143642], [-74.0489908697267, 40.7576649616522], [-74.0491964768658, 40.757746060426], [-74.0492797577072, 40.7576249441845], [-74.0490739414114, 40.7575431143642]]]}}, {"type": "Feature", "properties": {"zone_id": "0202DQ6QL1O22INKU6FNK5", "tract_id": "34017000102", "city": "JERSEY CITY, NJ", "zone_code": "R-1", "zone_category": "Residential", "ev_permitted": false}, "geometry": {"type": "Polygon", "coordinates": [[[-74.0490136781454, 40.7573643770542], [-74.0489721423992, 40.7574253006867], [-74.0493221569467, 40.7575632808305], [-74.0493639724024, 40.7575024680369], [-74.0490136781454, 40.7573643770542]]]}}, {"type": "Feature", "properties": {"zone_id": "0203PIG8WOXXF8M7PCUJAI", "tract_id": "34017000102", "city": "JERSEY CITY, NJ", "zone_code": "R-1", "zone_category": "Residential", "ev_permitted": false}, "geometry": {"type": "Polygon", "coordinates": [[[-74.048937436611, 40.7573343218924], [-74.0487711111545, 40.7575782811794], [-74.0488473445092, 40.7576083499269], [-74.0490136781454, 40.7573643770542], [-74.048937436611, 40.7573343218924]]]}}, {"type": "Feature", "properties": {"zone_id": "02073DCLDINLQV0W16N3YB", "tract_id": "34017000102", "city": "JERSEY CITY, NJ", "zone_code": "R-1", "zone_category": "Residential", "ev_permitted": false}, "geometry": {"type": "Polygon", "coordinates": [[[-74.0489721423992, 40.7574253006867], [-74.0489303996327, 40.757486527893], [-74.0492797577072, 40.7576249441845], [-74.0493221569467, 40.7575632808305], [-74.0489721423992, 40.7574253006867]]]}}, {"type": "Feature", "properties": {"zone_id": "02016N0U9IXRF9662QBNG7", "tract_id": "34017000102", "city": "JERSEY CITY, NJ", "zone_code": "R-1", "zone_category": "Residential", "ev_permitted": false}, "geometry": {"type": "Polygon", "coordinates": [[[-74.0489303996327, 40.757486527893], [-74.0488473445092, 40.7576083499269], [-74.0489908697267, 40.7576649616522], [-74.0490739414114, 40.7575431143642], [-74.0489303996327, 40.757486527893]]]}}, {"type": "Feature", "properties": {"zone_id": "0200GZG15M4ENSLXB39GR0", "tract_id": "34017000102", "city": "JERSEY CITY, NJ", "zone_code": "R-1", "zone_category": "Residential", "ev_permitted": false}, "geometry": {"type": "Polygon", "coordinates": [[[-74.0487790891283, 40.7572718982957], [-74.0486127823905, 40.7575158295115], [-74.0486928922833, 40.7575474283109], [-74.048859208381, 40.7573034826078], [-74.0487790891283, 40.7572718982957]]]}}, {"type": "Feature", "properties": {"zone_id": "0205CFQYOBCP3HZCX1K1SC", "tract_id": "34017000102", "city": "JERSEY CITY, NJ", "zone_code": "R-1", "zone_category": "Residential", "ev_permitted": false}, "geometry": {"type": "Polygon", "coordinates": [[[-74.048859208381, 40.7573034826078], [-74.0486928922833, 40.7575474283109], [-74.0487711111545, 40.7575782811794], [-74.048937436611, 40.7573343218924], [-74.048859208381, 40.7573034826078]]]}}, {"type": "Feature", "properties": {"zone_id": "0200WSJS3YBHQZB7D4NY0A", "tract_id": "34017000102", "city": "JERSEY CITY, NJ", "zone_code": "R-1", "zone_category": "Residential", "ev_permitted": false}, "geometry": {"type": "Polygon", "coordinates": [[[-74.0489906853949, 40.7570461222503], [-74.0488245426718, 40.7572898166685], [-74.0489228323048, 40.7573285640946], [-74.0490889759462, 40.7570848704404], [-74.0489906853949, 40.7570461222503]]]}}, {"type": "Feature", "properties": {"zone_id": "0200XP1G3LWXWOIPNKK1T4", "tract_id": "34017000102", "city": "JERSEY CITY, NJ", "zone_code": "R-1", "zone_category": "Residential", "ev_permitted": false}, "geometry": {"type": "Polygon", "coordinates": [[[-74.0491947329473, 40.757126561112], [-74.0490285895794, 40.7573702558188], [-74.0491087090694, 40.7574018399584], [-74.0492748522255, 40.7571581451365], [-74.0491947329473, 40.757126561112]], [[-74.049199754638, 40.7571339115094], [-74.049213833632, 40.7571392367397], [-74.0492182668585, 40.7571509481842], [-74.0492316606311, 40.7571560230743], [-74.0492439587243, 40.7571525308976], [-74.0492580730726, 40.7571578832782], [-74.0492623300035, 40.7571690446741], [-74.0492156415209, 40.7572403149353], [-74.0492051278551, 40.757236321191], [-74.0491860516468, 40.7572654257127], [-74.0491942606562, 40.7572685323837], [-74.0491330923791, 40.7573618698819], [-74.049065838114, 40.757336469928], [-74.0490799171492, 40.7573149765801], [-74.0490741746483, 40.7573128170495], [-74.0491954963684, 40.7571348720138], [-74.049199754638, 40.7571339115094]]]}}, {"type": "Feature", "properties": {"zone_id": "0204GDJL9OAODBTJJZX9LI", "tract_id": "34017000102", "city": "JERSEY CITY, NJ", "zone_code": "R-1", "zone_category": "Residential", "ev_permitted": false}, "geometry": {"type": "Polygon", "coordinates": [[[-74.0490889759462, 40.7570848704404], [-74.0489228323048, 40.7573285640946], [-74.0490285895794, 40.7573702558188], [-74.0491947329473, 40.757126561112], [-74.0490889759462, 40.7570848704404]]]}}, {"type": "Feature", "properties": {"zone_id": "0205BROWYXSUC4UH5GD8H2", "tract_id": "34017000102", "city": "JERSEY CITY, NJ", "zone_code": "R-1", "zone_category": "Residential", "ev_permitted": false}, "geometry": {"type": "Polygon", "coordinates": [[[-74.0491027422515, 40.7572709153565], [-74.0490811436989, 40.7573025955927], [-74.049154023518, 40.7573299312622], [-74.0491749534525, 40.7572979926338], [-74.0491027422515, 40.7572709153565]]]}}, {"type": "Feature", "properties": {"zone_id": "0204XKC2UYI50TFEVUT5TB", "tract_id": "34017000102", "city": "JERSEY CITY, NJ", "zone_code": "R-1", "zone_category": "Residential", "ev_permitted": false}, "geometry": {"type": "Polygon", "coordinates": [[[-74.0490811436989, 40.7573025955927], [-74.0490741746483, 40.7573128170495], [-74.0490799171492, 40.7573149765801], [-74.049065838114, 40.757336469928], [-74.0491330923791, 40.7573618698819], [-74.049154023518, 40.7573299312622], [-74.0490811436989, 40.7573025955927]]]}}, {"type": "Feature", "properties": {"zone_id": "0205EIUOUI8UW3ULDW90G1", "tract_id": "34017000102", "city": "JERSEY CITY, NJ", "zone_code": "R-1", "zone_category": "Residential", "ev_permitted": false}, "geometry": {"type": "Polygon", "coordinates": [[[-74.0491459416576, 40.7572075557809], [-74.0491243419679, 40.7572392351206], [-74.0491877581112, 40.7572628215753], [-74.0492051278551, 40.757236321191], [-74.0492156415209, 40.7572403149353], [-74.0492190975434, 40.7572350383832], [-74.0491459416576, 40.7572075557809]]]}}, {"type": "Feature", "properties": {"zone_id": "02013AGINQWMW6FOHFYVZC", "tract_id": "34017000102", "city": "JERSEY CITY, NJ", "zone_code": "R-1", "zone_category": "Residential", "ev_permitted": false}, "geometry": {"type": "Polygon", "coordinates": [[[-74.049199754638, 40.7571339115094], [-74.0491954963684, 40.7571348720138], [-74.0491675401484, 40.7571758755317], [-74.0492400226976, 40.757203097022], [-74.0492623300035, 40.7571690446741], [-74.0492580730726, 40.7571578832782], [-74.0492439587243, 40.7571525308976], [-74.0492316606311, 40.7571560230743], [-74.0492182668585, 40.7571509481842], [-74.049213833632, 40.7571392367397], [-74.049199754638, 40.7571339115094]]]}}, {"type": "Feature", "properties": {"zone_id": "0206G8PEXJ32VSVJK2BQZJ", "tract_id": "34017000102", "city": "JERSEY CITY, NJ", "zone_code": "R-1", "zone_category": "Residential", "ev_permitted": false}, "geometry": {"type": "Polygon", "coordinates": [[[-74.0491675401484, 40.7571758755317], [-74.0491459416576, 40.7572075557809], [-74.0492190975434, 40.7572350383832], [-74.0492400226976, 40.757203097022], [-74.0491675401484, 40.7571758755317]]]}}, {"type": "Feature", "properties": {"zone_id": "020303OAZ78KNQHQOJUVF6", "tract_id": "34017000102", "city": "JERSEY CITY, NJ", "zone_code": "R-1", "zone_category": "Residential", "ev_permitted": false}, "geometry": {"type": "Polygon", "coordinates": [[[-74.0491243419679, 40.7572392351206], [-74.0491027422515, 40.7572709153565], [-74.0491749534525, 40.7572979926338], [-74.0491942606562, 40.7572685323837], [-74.0491860516468, 40.7572654257127], [-74.0491877581112, 40.7572628215753], [-74.0491243419679, 40.7572392351206]]]}}, {"type": "Feature", "properties": {"zone_id": "0202U29HCRUW9U6UT2DE0Q", "tract_id": "34017000102", "city": "JERSEY CITY, NJ", "zone_code": "R-1", "zone_category": "Residential", "ev_permitted": false}, "geometry": {"type": "Polygon", "coordinates": [[[-74.0488923961365, 40.757007374882], [-74.0487262519692, 40.7572510691543], [-74.0488245426718, 40.7572898166685], [-74.0489906853949, 40.7570461222503], [-74.0488923961365, 40.757007374882]]]}}, {"type": "Feature", "properties": {"zone_id": "02077HR1IJZ2TIKDDC2UL2", "tract_id": "34017000102", "city": "JERSEY CITY, NJ", "zone_code": "R-1", "zone_category": "Residential", "ev_permitted": false}, "geometry": {"type": "Polygon", "coordinates": [[[-74.0486188508515, 40.7572087295052], [-74.0484525628337, 40.7574526317467], [-74.048532672574, 40.7574842306568], [-74.0486989699518, 40.7572403139282], [-74.0486188508515, 40.7572087295052]]]}}, {"type": "Feature", "properties": {"zone_id": "0203QMG0OVLPSAOTC9Z7ZR", "tract_id": "34017000102", "city": "JERSEY CITY, NJ", "zone_code": "R-1", "zone_category": "Residential", "ev_permitted": false}, "geometry": {"type": "Polygon", "coordinates": [[[-74.0486989699518, 40.7572403139282], [-74.048532672574, 40.7574842306568], [-74.0486127823905, 40.7575158295115], [-74.0487790891283, 40.7572718982957], [-74.0486989699518, 40.7572403139282]]]}}, {"type": "Feature", "properties": {"zone_id": "0205XGRUT546OJRUCLTF3P", "tract_id": "34017000102", "city": "JERSEY CITY, NJ", "zone_code": "R-1", "zone_category": "Residential", "ev_permitted": false}, "geometry": {"type": "Polygon", "coordinates": [[[-74.0479716790175, 40.7574484870036], [-74.047805502055, 40.7576921662884], [-74.0479112460407, 40.757733877894], [-74.0480774227299, 40.7574901975567], [-74.0479716790175, 40.7574484870036]]]}}, {"type": "Feature", "properties": {"zone_id": "0207K753TG7A0LPP0JR3C9", "tract_id": "34017000102", "city": "JERSEY CITY, NJ", "zone_code": "R-1", "zone_category": "Residential", "ev_permitted": false}, "geometry": {"type": "Polygon", "coordinates": [[[-74.0480774227299, 40.7574901975567], [-74.0479112460407, 40.757733877894], [-74.0480201959378, 40.7577768519732], [-74.048186372339, 40.7575331714792], [-74.0480774227299, 40.7574901975567]]]}}, {"type": "Feature", "properties": {"zone_id": "0202VA3PC18DA3I192J61U", "tract_id": "34017000102", "city": "JERSEY CITY, NJ", "zone_code": "R-1", "zone_category": "Residential", "ev_permitted": false}, "geometry": {"type": "Polygon", "coordinates": [[[-74.0483784940141, 40.7571139750036], [-74.0482122340642, 40.7573578355846], [-74.0482923435758, 40.7573894346609], [-74.0484586128857, 40.7571455595927], [-74.0483784940141, 40.7571139750036]]]}}, {"type": "Feature", "properties": {"zone_id": "02055XPBWQMQ5RWT0WT6H3", "tract_id": "34017000102", "city": "JERSEY CITY, NJ", "zone_code": "R-1", "zone_category": "Residential", "ev_permitted": false}, "geometry": {"type": "Polygon", "coordinates": [[[-74.0484586128857, 40.7571455595927], [-74.0482923435758, 40.7573894346609], [-74.0483724531636, 40.7574210336817], [-74.0485387318275, 40.7571771450269], [-74.0484586128857, 40.7571455595927]]]}}, {"type": "Feature", "properties": {"zone_id": "02070JLUMYQQIWODKDG94R", "tract_id": "34017000102", "city": "JERSEY CITY, NJ", "zone_code": "R-1", "zone_category": "Residential", "ev_permitted": false}, "geometry": {"type": "Polygon", "coordinates": [[[-74.0485387318275, 40.7571771450269], [-74.0483724531636, 40.7574210336817], [-74.0484525628337, 40.7574526317467], [-74.0486188508515, 40.7572087295052], [-74.0485387318275, 40.7571771450269]]]}}, {"type": "Feature", "properties": {"zone_id": "0203JD9XFDBVUL221J956S", "tract_id": "34017000102", "city": "JERSEY CITY, NJ", "zone_code": "R-1", "zone_category": "Residential", "ev_permitted": false}, "geometry": {"type": "Polygon", "coordinates": [[[-74.0482983752187, 40.7570823903591], [-74.0481321246289, 40.757326236453], [-74.0482122340642, 40.7573578355846], [-74.0483784940141, 40.7571139750036], [-74.0482983752187, 40.7570823903591]]]}}, {"type": "Feature", "properties": {"zone_id": "0202JB9VLFT7XAOA093H13", "tract_id": "34017000102", "city": "JERSEY CITY, NJ", "zone_code": "R-1", "zone_category": "Residential", "ev_permitted": false}, "geometry": {"type": "Polygon", "coordinates": [[[-74.0482182564995, 40.7570508056592], [-74.048052016448, 40.7572946381712], [-74.0481321246289, 40.757326236453], [-74.0482983752187, 40.7570823903591], [-74.0482182564995, 40.7570508056592]]]}}, {"type": "Feature", "properties": {"zone_id": "02074NJFOB1BMJYZQFXWDP", "tract_id": "34017000102", "city": "JERSEY CITY, NJ", "zone_code": "R-1", "zone_category": "Residential", "ev_permitted": false}, "geometry": {"type": "Polygon", "coordinates": [[[-74.0481381378565, 40.7570192209039], [-74.0479719071652, 40.7572630389288], [-74.048052016448, 40.7572946381712], [-74.0482182564995, 40.7570508056592], [-74.0481381378565, 40.7570192209039]]]}}, {"type": "Feature", "properties": {"zone_id": "02071EZBX6J89UU1FMJGUE", "tract_id": "34017000102", "city": "JERSEY CITY, NJ", "zone_code": "R-1", "zone_category": "Residential", "ev_permitted": false}, "geometry": {"type": "Polygon", "coordinates": [[[-74.04863390014, 40.756905470489], [-74.0484677564736, 40.7571491643944], [-74.0485478754301, 40.7571807489218], [-74.0487140188847, 40.7569370549012], [-74.04863390014, 40.756905470489]]]}}, {"type": "Feature", "properties": {"zone_id": "0200QULC50VF4FB2WAD1XY", "tract_id": "34017000102", "city": "JERSEY CITY, NJ", "zone_code": "R-1", "zone_category": "Residential", "ev_permitted": false}, "geometry": {"type": "Polygon", "coordinates": [[[-74.0487941377057, 40.7569686392581], [-74.0486279944629, 40.7572123333938], [-74.0487262519692, 40.7572510691543], [-74.0488923961365, 40.757007374882], [-74.0487941377057, 40.7569686392581]]]}}, {"type": "Feature", "properties": {"zone_id": "0202OFXQPVJJAVEERRBWKF", "tract_id": "34017000102", "city": "JERSEY CITY, NJ", "zone_code": "R-1", "zone_category": "Residential", "ev_permitted": false}, "geometry": {"type": "Polygon", "coordinates": [[[-74.0487140188847, 40.7569370549012], [-74.0485478754301, 40.7571807489218], [-74.0486279944629, 40.7572123333938], [-74.0487941377057, 40.7569686392581], [-74.0487140188847, 40.7569370549012]]]}}, {"type": "Feature", "properties": {"zone_id": "0203NAGV8JIE0RO1PX89WZ", "tract_id": "34017000102", "city": "JERSEY CITY, NJ", "zone_code": "R-1", "zone_category": "Residential", "ev_permitted": false}, "geometry": {"type": "Polygon", "coordinates": [[[-74.04896175046, 40.7565392296414], [-74.0487951488927, 40.7567835229389], [-74.0488752675628, 40.7568151081401], [-74.0490418629536, 40.7565708210079], [-74.04896175046, 40.7565392296414]]]}}, {"type": "Feature", "properties": {"zone_id": "0201ZP86HJQTCWZ3258ORK", "tract_id": "34017000102", "city": "JERSEY CITY, NJ", "zone_code": "R-1", "zone_category": "Residential", "ev_permitted": false}, "geometry": {"type": "Polygon", "coordinates": [[[-74.0491219767017, 40.7566024132242], [-74.0489553851309, 40.7568466923806], [-74.0490355039594, 40.7568782765705], [-74.0492020905261, 40.7566340053852], [-74.0491219767017, 40.7566024132242]]]}}, {"type": "Feature", "properties": {"zone_id": "0203R1GX3CZ2Q9S6WBABXX", "tract_id": "34017000102", "city": "JERSEY CITY, NJ", "zone_code": "R-1", "zone_category": "Residential", "ev_permitted": false}, "geometry": {"type": "Polygon", "coordinates": [[[-74.0492020905261, 40.7566340053852], [-74.0490355039594, 40.7568782765705], [-74.0491156228642, 40.7569098607049], [-74.0492822032484, 40.7566655965856], [-74.0492020905261, 40.7566340053852]]]}}, {"type": "Feature", "properties": {"zone_id": "0200F8KC4L1IRO4164ZTWH", "tract_id": "34017000102", "city": "JERSEY CITY, NJ", "zone_code": "R-1", "zone_category": "Residential", "ev_permitted": false}, "geometry": {"type": "Polygon", "coordinates": [[[-74.0490418629536, 40.7565708210079], [-74.0488752675628, 40.7568151081401], [-74.0489553851309, 40.7568466923806], [-74.0491219767017, 40.7566024132242], [-74.0490418629536, 40.7565708210079]]]}}, {"type": "Feature", "properties": {"zone_id": "0200QTSZVKXBCVNTLPK0X2", "tract_id": "34017000102", "city": "JERSEY CITY, NJ", "zone_code": "R-1", "zone_category": "Residential", "ev_permitted": false}, "geometry": {"type": "Polygon", "coordinates": [[[-74.0488816368643, 40.7565076373143], [-74.0487150302927, 40.7567519385829], [-74.0487951488927, 40.7567835229389], [-74.04896175046, 40.7565392296414], [-74.0488816368643, 40.7565076373143]]]}}, {"type": "Feature", "properties": {"zone_id": "0201AFS5PT1VORPUT3J0MQ", "tract_id": "34017000102", "city": "JERSEY CITY, NJ", "zone_code": "R-1", "zone_category": "Residential", "ev_permitted": false}, "geometry": {"type": "Polygon", "coordinates": [[[-74.0487708840457, 40.7565358808632], [-74.0487269600735, 40.7567195388617], [-74.0488349784998, 40.7565611479602], [-74.0487708840457, 40.7565358808632]]]}}, {"type": "Feature", "properties": {"zone_id": "0202C4PJSLB8W45089SPMG", "tract_id": "34017000102", "city": "JERSEY CITY, NJ", "zone_code": "R-1", "zone_category": "Residential", "ev_permitted": false}, "geometry": {"type": "Polygon", "coordinates": [[[-74.0487708840457, 40.7565358808632], [-74.0486628655093, 40.7566942717048], [-74.0487269600735, 40.7567195388617], [-74.0487708840457, 40.7565358808632]]]}}, {"type": "Feature", "properties": {"zone_id": "0200JSY9QQTLGLZ7YF8WTR", "tract_id": "34017000102", "city": "JERSEY CITY, NJ", "zone_code": "R-1", "zone_category": "Residential", "ev_permitted": false}, "geometry": {"type": "Polygon", "coordinates": [[[-74.0483935455475, 40.7568107169245], [-74.0482274000612, 40.75705441048], [-74.0484677564736, 40.7571491643944], [-74.04863390014, 40.756905470489], [-74.0483935455475, 40.7568107169245]], [[-74.0483481998856, 40.7568939942229], [-74.0485730653106, 40.7569821886569], [-74.0484638470682, 40.7571431980171], [-74.0482389706144, 40.7570549997267], [-74.0483481998856, 40.7568939942229]]]}}, {"type": "Feature", "properties": {"zone_id": "0203R76VMWCF3YV0AS3SQT", "tract_id": "34017000102", "city": "JERSEY CITY, NJ", "zone_code": "R-1", "zone_category": "Residential", "ev_permitted": false}, "geometry": {"type": "Polygon", "coordinates": [[[-74.0483134271076, 40.7567791322907], [-74.0481472814156, 40.7570228248305], [-74.0482274000612, 40.75705441048], [-74.0483935455475, 40.7568107169245], [-74.0483134271076, 40.7567791322907]]]}}, {"type": "Feature", "properties": {"zone_id": "0203OOOKX05YQKBBUU76XY", "tract_id": "34017000102", "city": "JERSEY CITY, NJ", "zone_code": "R-1", "zone_category": "Residential", "ev_permitted": false}, "geometry": {"type": "Polygon", "coordinates": [[[-74.0484623118433, 40.7570406736322], [-74.0484077032019, 40.757121177824], [-74.0484638470682, 40.7571431980171], [-74.0485184556604, 40.7570626937988], [-74.0484623118433, 40.7570406736322]]]}}, {"type": "Feature", "properties": {"zone_id": "0200A1KKVTRJYZZ6QMJSI9", "tract_id": "34017000102", "city": "JERSEY CITY, NJ", "zone_code": "R-1", "zone_category": "Residential", "ev_permitted": false}, "geometry": {"type": "Polygon", "coordinates": [[[-74.0484061680635, 40.7570186534385], [-74.0483515593667, 40.7570991585043], [-74.0484077032019, 40.757121177824], [-74.0484623118433, 40.7570406736322], [-74.0484061680635, 40.7570186534385]]]}}, {"type": "Feature", "properties": {"zone_id": "020669QNRCOFKJ49O3L8U6", "tract_id": "34017000102", "city": "JERSEY CITY, NJ", "zone_code": "R-1", "zone_category": "Residential", "ev_permitted": false}, "geometry": {"type": "Polygon", "coordinates": [[[-74.0485169215427, 40.7569601685168], [-74.0484623118433, 40.7570406736322], [-74.0485184556604, 40.7570626937988], [-74.0485730653106, 40.7569821886569], [-74.0485169215427, 40.7569601685168]]]}}, {"type": "Feature", "properties": {"zone_id": "0203WJMEOMI2RVCVB8NJ9W", "tract_id": "34017000102", "city": "JERSEY CITY, NJ", "zone_code": "R-1", "zone_category": "Residential", "ev_permitted": false}, "geometry": {"type": "Polygon", "coordinates": [[[-74.0482935853132, 40.7569744974389], [-74.0482389706144, 40.7570549997267], [-74.0482954155749, 40.7570771382568], [-74.0483500243209, 40.7569966332174], [-74.0482935853132, 40.7569744974389]]]}}, {"type": "Feature", "properties": {"zone_id": "02042S0SGK4KDMJRV0I6K5", "tract_id": "34017000102", "city": "JERSEY CITY, NJ", "zone_code": "R-1", "zone_category": "Residential", "ev_permitted": false}, "geometry": {"type": "Polygon", "coordinates": [[[-74.0483500243209, 40.7569966332174], [-74.0482954155749, 40.7570771382568], [-74.0483515593667, 40.7570991585043], [-74.0484061680635, 40.7570186534385], [-74.0483500243209, 40.7569966332174]]]}}, {"type": "Feature", "properties": {"zone_id": "0201NJMU0QZI6A5TK6M9PG", "tract_id": "34017000102", "city": "JERSEY CITY, NJ", "zone_code": "R-1", "zone_category": "Residential", "ev_permitted": false}, "geometry": {"type": "Polygon", "coordinates": [[[-74.0484046341127, 40.7569161290557], [-74.0483500243209, 40.7569966332174], [-74.0484061680635, 40.7570186534385], [-74.0484607778121, 40.7569381483496], [-74.0484046341127, 40.7569161290557]]]}}, {"type": "Feature", "properties": {"zone_id": "0201TN65V7TGBQ1B4BMWSU", "tract_id": "34017000102", "city": "JERSEY CITY, NJ", "zone_code": "R-1", "zone_category": "Residential", "ev_permitted": false}, "geometry": {"type": "Polygon", "coordinates": [[[-74.0484607778121, 40.7569381483496], [-74.0484061680635, 40.7570186534385], [-74.0484623118433, 40.7570406736322], [-74.0485169215427, 40.7569601685168], [-74.0484607778121, 40.7569381483496]]]}}, {"type": "Feature", "properties": {"zone_id": "0206S8JANJBZDDH8CLLFQG", "tract_id": "34017000102", "city": "JERSEY CITY, NJ", "zone_code": "R-1", "zone_category": "Residential", "ev_permitted": false}, "geometry": {"type": "Polygon", "coordinates": [[[-74.0483481998856, 40.7568939942229], [-74.0482935853132, 40.7569744974389], [-74.0483500243209, 40.7569966332174], [-74.0484046341127, 40.7569161290557], [-74.0483481998856, 40.7568939942229]]]}}, {"type": "Feature", "properties": {"zone_id": "0203B7TNI9G8QTN4I4EOF0", "tract_id": "34017000102", "city": "JERSEY CITY, NJ", "zone_code": "R-1", "zone_category": "Residential", "ev_permitted": false}, "geometry": {"type": "Polygon", "coordinates": [[[-74.0478977823909, 40.7569244654052], [-74.047731579774, 40.7571682408694], [-74.0478116888282, 40.7571998402779], [-74.0479779007992, 40.7569560512272], [-74.0478977823909, 40.7569244654052]]]}}, {"type": "Feature", "properties": {"zone_id": "02042T9W4V3TCJ0U5RX8WU", "tract_id": "34017000102", "city": "JERSEY CITY, NJ", "zone_code": "R-1", "zone_category": "Residential", "ev_permitted": false}, "geometry": {"type": "Polygon", "coordinates": [[[-74.0479779007992, 40.7569560512272], [-74.0478116888282, 40.7571998402779], [-74.0478917979586, 40.7572314396311], [-74.0480580192897, 40.7569876360933], [-74.0479779007992, 40.7569560512272]]]}}, {"type": "Feature", "properties": {"zone_id": "0204IWJ2781AKDOWNID44M", "tract_id": "34017000102", "city": "JERSEY CITY, NJ", "zone_code": "R-1", "zone_category": "Residential", "ev_permitted": false}, "geometry": {"type": "Polygon", "coordinates": [[[-74.0480580192897, 40.7569876360933], [-74.0478917979586, 40.7572314396311], [-74.0479719071652, 40.7572630389288], [-74.0481381378565, 40.7570192209039], [-74.0480580192897, 40.7569876360933]]]}}, {"type": "Feature", "properties": {"zone_id": "0205SNCRX5BT3NWDS7E0ZO", "tract_id": "34017000102", "city": "JERSEY CITY, NJ", "zone_code": "R-1", "zone_category": "Residential", "ev_permitted": false}, "geometry": {"type": "Polygon", "coordinates": [[[-74.048233308744, 40.7567475476015], [-74.0480671628402, 40.7569912400261], [-74.0481472814156, 40.7570228248305], [-74.0483134271076, 40.7567791322907], [-74.048233308744, 40.7567475476015]]]}}, {"type": "Feature", "properties": {"zone_id": "0206VIS3FK04POUW0T0F8L", "tract_id": "34017000102", "city": "JERSEY CITY, NJ", "zone_code": "R-1", "zone_category": "Residential", "ev_permitted": false}, "geometry": {"type": "Polygon", "coordinates": [[[-74.0479929541164, 40.756652792301], [-74.047826807571, 40.7568964852808], [-74.04791146638, 40.7569298603935], [-74.0480776115172, 40.7566861672874], [-74.0479929541164, 40.756652792301]]]}}, {"type": "Feature", "properties": {"zone_id": "0205Q9HCU7H70BQ5G5EXQ1", "tract_id": "34017000102", "city": "JERSEY CITY, NJ", "zone_code": "R-1", "zone_category": "Residential", "ev_permitted": false}, "geometry": {"type": "Polygon", "coordinates": [[[-74.0481531904626, 40.7567159619564], [-74.0479870443409, 40.7569596551664], [-74.0480671628402, 40.7569912400261], [-74.048233308744, 40.7567475476015], [-74.0481531904626, 40.7567159619564]]]}}, {"type": "Feature", "properties": {"zone_id": "020543LGPRXM2OOWQ0ZILZ", "tract_id": "34017000102", "city": "JERSEY CITY, NJ", "zone_code": "R-1", "zone_category": "Residential", "ev_permitted": false}, "geometry": {"type": "Polygon", "coordinates": [[[-74.0480776115172, 40.7566861672874], [-74.04791146638, 40.7569298603935], [-74.0479870443409, 40.7569596551664], [-74.0481531904626, 40.7567159619564], [-74.0480776115172, 40.7566861672874]]]}}, {"type": "Feature", "properties": {"zone_id": "02024QENYXJ1D2LTCTAMLW", "tract_id": "34017000102", "city": "JERSEY CITY, NJ", "zone_code": "R-1", "zone_category": "Residential", "ev_permitted": false}, "geometry": {"type": "Polygon", "coordinates": [[[-74.0479128360576, 40.7566212073903], [-74.0477466893004, 40.7568649002549], [-74.047826807571, 40.7568964852808], [-74.0479929541164, 40.756652792301], [-74.0479128360576, 40.7566212073903]]]}}, {"type": "Feature", "properties": {"zone_id": "0201D07FBMRD5BQYPP1RJX", "tract_id": "34017000102", "city": "JERSEY CITY, NJ", "zone_code": "R-1", "zone_category": "Residential", "ev_permitted": false}, "geometry": {"type": "Polygon", "coordinates": [[[-74.0498979681047, 40.7562986065707], [-74.049836463152, 40.7563887604701], [-74.0500671699189, 40.7564797720102], [-74.0501290549816, 40.7563897689681], [-74.0498979681047, 40.7562986065707]]]}}, {"type": "Feature", "properties": {"zone_id": "0204C1GZW7YCNPAQSCW1II", "tract_id": "34017000102", "city": "JERSEY CITY, NJ", "zone_code": "R-1", "zone_category": "Residential", "ev_permitted": false}, "geometry": {"type": "Polygon", "coordinates": [[[-74.0499309390926, 40.7560394973874], [-74.0498893813912, 40.7561004122748], [-74.0502344198489, 40.7562365276669], [-74.05027623364, 40.7561757136195], [-74.0499309390926, 40.7560394973874]]]}}, {"type": "Feature", "properties": {"zone_id": "02050CTX6AF7N1P62MSFW8", "tract_id": "34017000102", "city": "JERSEY CITY, NJ", "zone_code": "R-1", "zone_category": "Residential", "ev_permitted": false}, "geometry": {"type": "Polygon", "coordinates": [[[-74.0498893813912, 40.7561004122748], [-74.0497231569961, 40.7563440617857], [-74.049836463152, 40.7563887604701], [-74.049947322409, 40.7562262648097], [-74.0499213151574, 40.7562160047616], [-74.049976680019, 40.7561348507607], [-74.0498893813912, 40.7561004122748]]]}}, {"type": "Feature", "properties": {"zone_id": "0203JZQZNTZW28Z9Y5R70L", "tract_id": "34017000102", "city": "JERSEY CITY, NJ", "zone_code": "R-1", "zone_category": "Residential", "ev_permitted": false}, "geometry": {"type": "Polygon", "coordinates": [[[-74.0495689576601, 40.7559740056928], [-74.0494027312341, 40.7562176547384], [-74.0494828375603, 40.7562492565833], [-74.0496490637746, 40.7560056074225], [-74.0495689576601, 40.7559740056928]]]}}, {"type": "Feature", "properties": {"zone_id": "02077Q4F2T7YAQ8AIM6IM5", "tract_id": "34017000102", "city": "JERSEY CITY, NJ", "zone_code": "R-1", "zone_category": "Residential", "ev_permitted": false}, "geometry": {"type": "Polygon", "coordinates": [[[-74.0499724967177, 40.755978582484], [-74.0499309390926, 40.7560394973874], [-74.05027623364, 40.7561757136195], [-74.0503180473546, 40.756114899556], [-74.0499724967177, 40.755978582484]]]}}, {"type": "Feature", "properties": {"zone_id": "02019QXAIVSX0XO1HUD26L", "tract_id": "34017000102", "city": "JERSEY CITY, NJ", "zone_code": "R-1", "zone_category": "Residential", "ev_permitted": false}, "geometry": {"type": "Polygon", "coordinates": [[[-74.0499747305084, 40.755826287402], [-74.049809275048, 40.7560688107112], [-74.0498893813912, 40.7561004122748], [-74.0500548414206, 40.7558578825655], [-74.0499747305084, 40.755826287402]]]}}, {"type": "Feature", "properties": {"zone_id": "0200XAK9AP7V3BJRNSUIPG", "tract_id": "34017000102", "city": "JERSEY CITY, NJ", "zone_code": "R-1", "zone_category": "Residential", "ev_permitted": false}, "geometry": {"type": "Polygon", "coordinates": [[[-74.049976680019, 40.7561348507607], [-74.0499213151574, 40.7562160047616], [-74.050178712667, 40.7563175471691], [-74.0502344198489, 40.7562365276669], [-74.049976680019, 40.7561348507607]]]}}, {"type": "Feature", "properties": {"zone_id": "02075BTQQQ53MSJUW1YMPJ", "tract_id": "34017000102", "city": "JERSEY CITY, NJ", "zone_code": "R-1", "zone_category": "Residential", "ev_permitted": false}, "geometry": {"type": "Polygon", "coordinates": [[[-74.049947322409, 40.7562262648097], [-74.0498979681047, 40.7562986065707], [-74.0501290549816, 40.7563897689681], [-74.050178712667, 40.7563175471691], [-74.049947322409, 40.7562262648097]]]}}, {"type": "Feature", "properties": {"zone_id": "0202X555G63IL4FAP945SU", "tract_id": "34017000102", "city": "JERSEY CITY, NJ", "zone_code": "R-1", "zone_category": "Residential", "ev_permitted": false}, "geometry": {"type": "Polygon", "coordinates": [[[-74.0494509295846, 40.7564222105589], [-74.0492843671819, 40.7566664497875], [-74.0493484583625, 40.7566917228906], [-74.0495150146192, 40.7564474916516], [-74.0494509295846, 40.7564222105589]]]}}, {"type": "Feature", "properties": {"zone_id": "0202GE1QOUQZ25Y9959QA8", "tract_id": "34017000102", "city": "JERSEY CITY, NJ", "zone_code": "R-1", "zone_category": "Residential", "ev_permitted": false}, "geometry": {"type": "Polygon", "coordinates": [[[-74.0495150146192, 40.7564474916516], [-74.0493484583625, 40.7566917228906], [-74.0494445940376, 40.7567296329243], [-74.0496111416644, 40.7564854141224], [-74.0495150146192, 40.7564474916516]]]}}, {"type": "Feature", "properties": {"zone_id": "0200E7HUMPT63JPWUJ1DIK", "tract_id": "34017000102", "city": "JERSEY CITY, NJ", "zone_code": "R-1", "zone_category": "Residential", "ev_permitted": false}, "geometry": {"type": "Polygon", "coordinates": [[[-74.0493708230669, 40.7563906086919], [-74.0492020905261, 40.7566340053852], [-74.0492843671819, 40.7566664497875], [-74.0494509295846, 40.7564222105589], [-74.0493708230669, 40.7563906086919]]]}}, {"type": "Feature", "properties": {"zone_id": "0205E23BJOVSFC84CUP5BX", "tract_id": "34017000102", "city": "JERSEY CITY, NJ", "zone_code": "R-1", "zone_category": "Residential", "ev_permitted": false}, "geometry": {"type": "Polygon", "coordinates": [[[-74.0492886070394, 40.7563581744932], [-74.0491219767017, 40.7566024132242], [-74.0492020905261, 40.7566340053852], [-74.0493708230669, 40.7563906086919], [-74.0492886070394, 40.7563581744932]]]}}, {"type": "Feature", "properties": {"zone_id": "0204X32NIN2BXE91UFSOWG", "tract_id": "34017000102", "city": "JERSEY CITY, NJ", "zone_code": "R-1", "zone_category": "Residential", "ev_permitted": false}, "geometry": {"type": "Polygon", "coordinates": [[[-74.0496490637746, 40.7560056074225], [-74.0494828375603, 40.7562492565833], [-74.0495629439626, 40.7562808583728], [-74.0497291687811, 40.7560372090922], [-74.0496490637746, 40.7560056074225]]]}}, {"type": "Feature", "properties": {"zone_id": "0201XMA2UJ6XPU0QRQ2BRA", "tract_id": "34017000102", "city": "JERSEY CITY, NJ", "zone_code": "R-1", "zone_category": "Residential", "ev_permitted": false}, "geometry": {"type": "Polygon", "coordinates": [[[-74.0497291687811, 40.7560372090922], [-74.0495629439626, 40.7562808583728], [-74.0496430504413, 40.7563124601069], [-74.049809275048, 40.7560688107112], [-74.0497291687811, 40.7560372090922]]]}}, {"type": "Feature", "properties": {"zone_id": "020164WDH7HFL3JPNUK4QF", "tract_id": "34017000102", "city": "JERSEY CITY, NJ", "zone_code": "R-1", "zone_category": "Residential", "ev_permitted": false}, "geometry": {"type": "Polygon", "coordinates": [[[-74.049809275048, 40.7560688107112], [-74.0496430504413, 40.7563124601069], [-74.0497231569961, 40.7563440617857], [-74.0498893813912, 40.7561004122748], [-74.049809275048, 40.7560688107112]]]}}, {"type": "Feature", "properties": {"zone_id": "0202DP7P3MPB0KSZKVZXOY", "tract_id": "34017000102", "city": "JERSEY CITY, NJ", "zone_code": "R-1", "zone_category": "Residential", "ev_permitted": false}, "geometry": {"type": "Polygon", "coordinates": [[[-74.0500140542665, 40.7559176675647], [-74.0499724967177, 40.755978582484], [-74.0503180473546, 40.756114899556], [-74.0503598609866, 40.7560540863768], [-74.0500140542665, 40.7559176675647]]]}}, {"type": "Feature", "properties": {"zone_id": "0205C1OJTUD7ECOI2UJN9F", "tract_id": "34017000102", "city": "JERSEY CITY, NJ", "zone_code": "R-1", "zone_category": "Residential", "ev_permitted": false}, "geometry": {"type": "Polygon", "coordinates": [[[-74.0500548414206, 40.7558578825655], [-74.0500140542665, 40.7559176675647], [-74.0503598609866, 40.7560540863768], [-74.0504009186575, 40.755994370755], [-74.0500548414206, 40.7558578825655]]]}}, {"type": "Feature", "properties": {"zone_id": "0200FS1Z4OIYPCC1WDR5CE", "tract_id": "34017000102", "city": "JERSEY CITY, NJ", "zone_code": "R-1", "zone_category": "Residential", "ev_permitted": false}, "geometry": {"type": "Polygon", "coordinates": [[[-74.0503027797384, 40.755460805332], [-74.0501357650578, 40.755704266868], [-74.0502158759013, 40.75573586192], [-74.0503827910988, 40.7554925448762], [-74.0503027797384, 40.755460805332]]]}}, {"type": "Feature", "properties": {"zone_id": "0204KMRPQX3RRUE9MSEJQP", "tract_id": "34017000102", "city": "JERSEY CITY, NJ", "zone_code": "R-1", "zone_category": "Residential", "ev_permitted": false}, "geometry": {"type": "Polygon", "coordinates": [[[-74.0503827910988, 40.7554925448762], [-74.0503330960622, 40.7555649863723], [-74.050618347928, 40.7556781404386], [-74.0506681325165, 40.7556057333918], [-74.0503827910988, 40.7554925448762]]]}}, {"type": "Feature", "properties": {"zone_id": "0206EQMY5P8ZLTDYXW5QIR", "tract_id": "34017000102", "city": "JERSEY CITY, NJ", "zone_code": "R-1", "zone_category": "Residential", "ev_permitted": false}, "geometry": {"type": "Polygon", "coordinates": [[[-74.0503330960622, 40.7555649863723], [-74.0502158759013, 40.75573586192], [-74.0503796319038, 40.7558004453263], [-74.0504330240952, 40.7557226137878], [-74.0504064598381, 40.7557120760988], [-74.0504700853919, 40.7556193274443], [-74.0503330960622, 40.7555649863723]]]}}, {"type": "Feature", "properties": {"zone_id": "02044D36OLVSDFAZTJQ858", "tract_id": "34017000102", "city": "JERSEY CITY, NJ", "zone_code": "R-1", "zone_category": "Residential", "ev_permitted": false}, "geometry": {"type": "Polygon", "coordinates": [[[-74.0504700853919, 40.7556193274443], [-74.0504064598381, 40.7557120760988], [-74.0504330240952, 40.7557226137878], [-74.0503796319038, 40.7558004453263], [-74.0505012720729, 40.7558484179446], [-74.050618347928, 40.7556781404386], [-74.0504700853919, 40.7556193274443]]]}}, {"type": "Feature", "properties": {"zone_id": "0202E9N84TW2JLLPCZ536Z", "tract_id": "34017000102", "city": "JERSEY CITY, NJ", "zone_code": "R-1", "zone_category": "Residential", "ev_permitted": false}, "geometry": {"type": "Polygon", "coordinates": [[[-74.0496804694558, 40.7557102336278], [-74.0495150299717, 40.7559527313648], [-74.0495689576601, 40.7559740056928], [-74.0497343994014, 40.755731503385], [-74.0496804694558, 40.7557102336278]]]}}, {"type": "Feature", "properties": {"zone_id": "0201D67M01U4UN9MDOF1AG", "tract_id": "34017000102", "city": "JERSEY CITY, NJ", "zone_code": "R-1", "zone_category": "Residential", "ev_permitted": false}, "geometry": {"type": "Polygon", "coordinates": [[[-74.0498946196664, 40.7557946930837], [-74.0497291687811, 40.7560372090922], [-74.049809275048, 40.7560688107112], [-74.0499747305084, 40.755826287402], [-74.0498946196664, 40.7557946930837]]]}}, {"type": "Feature", "properties": {"zone_id": "0206E1O84IX3QBNRMO6QAG", "tract_id": "34017000102", "city": "JERSEY CITY, NJ", "zone_code": "R-1", "zone_category": "Residential", "ev_permitted": false}, "geometry": {"type": "Polygon", "coordinates": [[[-74.0497343994014, 40.755731503385], [-74.0495689576601, 40.7559740056928], [-74.0496490637746, 40.7560056074225], [-74.0498145100909, 40.7557630978141], [-74.0497343994014, 40.755731503385]]]}}, {"type": "Feature", "properties": {"zone_id": "0201ULY6Z6JM6TYFJR4CMT", "tract_id": "34017000102", "city": "JERSEY CITY, NJ", "zone_code": "R-1", "zone_category": "Residential", "ev_permitted": false}, "geometry": {"type": "Polygon", "coordinates": [[[-74.0498145100909, 40.7557630978141], [-74.0496490637746, 40.7560056074225], [-74.0497291687811, 40.7560372090922], [-74.0498946196664, 40.7557946930837], [-74.0498145100909, 40.7557630978141]]]}}, {"type": "Feature", "properties": {"zone_id": "0203G1728K5KZX9H3RWW8Q", "tract_id": "34017000102", "city": "JERSEY CITY, NJ", "zone_code": "R-1", "zone_category": "Residential", "ev_permitted": false}, "geometry": {"type": "Polygon", "coordinates": [[[-74.0493286397741, 40.7558792001714], [-74.0491624138974, 40.7561228488761], [-74.0492425199948, 40.7561544508871], [-74.0494087456599, 40.7559108020672], [-74.0493286397741, 40.7558792001714]]]}}, {"type": "Feature", "properties": {"zone_id": "02055X1RCUZHVNDW8195DE", "tract_id": "34017000102", "city": "JERSEY CITY, NJ", "zone_code": "R-1", "zone_category": "Residential", "ev_permitted": false}, "geometry": {"type": "Polygon", "coordinates": [[[-74.0494087456599, 40.7559108020672], [-74.0492425199948, 40.7561544508871], [-74.0492953894237, 40.7561753078393], [-74.0494616161333, 40.7559316589481], [-74.0494087456599, 40.7559108020672]]]}}, {"type": "Feature", "properties": {"zone_id": "0205YKGWD94O6CI4I24HH4", "tract_id": "34017000102", "city": "JERSEY CITY, NJ", "zone_code": "R-1", "zone_category": "Residential", "ev_permitted": false}, "geometry": {"type": "Polygon", "coordinates": [[[-74.0494616161333, 40.7559316589481], [-74.0492953894237, 40.7561753078393], [-74.0493488045876, 40.7561963803375], [-74.0495150299717, 40.7559527313648], [-74.0494616161333, 40.7559316589481]]]}}, {"type": "Feature", "properties": {"zone_id": "02066CBE9K7VHGGIC150O5", "tract_id": "34017000102", "city": "JERSEY CITY, NJ", "zone_code": "R-1", "zone_category": "Residential", "ev_permitted": false}, "geometry": {"type": "Polygon", "coordinates": [[[-74.0495150299717, 40.7559527313648], [-74.0493488045876, 40.7561963803375], [-74.0494027312341, 40.7562176547384], [-74.0495689576601, 40.7559740056928], [-74.0495150299717, 40.7559527313648]]]}}, {"type": "Feature", "properties": {"zone_id": "02044JOMO4MSEUIRGWS4M2", "tract_id": "34017000102", "city": "JERSEY CITY, NJ", "zone_code": "R-1", "zone_category": "Residential", "ev_permitted": false}, "geometry": {"type": "Polygon", "coordinates": [[[-74.0496270521746, 40.7556891657764], [-74.0494616161333, 40.7559316589481], [-74.0495150299717, 40.7559527313648], [-74.0496804694558, 40.7557102336278], [-74.0496270521746, 40.7556891657764]]]}}, {"type": "Feature", "properties": {"zone_id": "0202YEO859VWWUW7DM81IJ", "tract_id": "34017000102", "city": "JERSEY CITY, NJ", "zone_code": "R-1", "zone_category": "Residential", "ev_permitted": false}, "geometry": {"type": "Polygon", "coordinates": [[[-74.049413959786, 40.7556051233231], [-74.0492485351488, 40.7558475982248], [-74.0493286397741, 40.7558792001714], [-74.0494950729759, 40.7556371145443], [-74.049413959786, 40.7556051233231]]]}}, {"type": "Feature", "properties": {"zone_id": "0203VZUHSGNB5XAU9BKPEF", "tract_id": "34017000102", "city": "JERSEY CITY, NJ", "zone_code": "R-1", "zone_category": "Residential", "ev_permitted": false}, "geometry": {"type": "Polygon", "coordinates": [[[-74.0494950729759, 40.7556371145443], [-74.0493286397741, 40.7558792001714], [-74.0494087456599, 40.7559108020672], [-74.0495741794412, 40.7556683134648], [-74.0494950729759, 40.7556371145443]]]}}, {"type": "Feature", "properties": {"zone_id": "0205ZRQCO22TJ4PCPTA601", "tract_id": "34017000102", "city": "JERSEY CITY, NJ", "zone_code": "R-1", "zone_category": "Residential", "ev_permitted": false}, "geometry": {"type": "Polygon", "coordinates": [[[-74.0495741794412, 40.7556683134648], [-74.0494087456599, 40.7559108020672], [-74.0494616161333, 40.7559316589481], [-74.0496270521746, 40.7556891657764], [-74.0495741794412, 40.7556683134648]]]}}, {"type": "Feature", "properties": {"zone_id": "02069I974NWBSE753KM1NQ", "tract_id": "34017000102", "city": "JERSEY CITY, NJ", "zone_code": "R-1", "zone_category": "Residential", "ev_permitted": false}, "geometry": {"type": "Polygon", "coordinates": [[[-74.0493338494775, 40.7555735286171], [-74.0491684294155, 40.7558159962182], [-74.0492485351488, 40.7558475982248], [-74.049413959786, 40.7556051233231], [-74.0493338494775, 40.7555735286171]]]}}, {"type": "Feature", "properties": {"zone_id": "0204T1AW3MBENT0S80TFVL", "tract_id": "34017000102", "city": "JERSEY CITY, NJ", "zone_code": "R-1", "zone_category": "Residential", "ev_permitted": false}, "geometry": {"type": "Polygon", "coordinates": [[[-74.0492085006762, 40.7563265725139], [-74.0490418629536, 40.7565708210079], [-74.0491219767017, 40.7566024132242], [-74.0492886070394, 40.7563581744932], [-74.0492085006762, 40.7563265725139]]]}}, {"type": "Feature", "properties": {"zone_id": "0202K09UN2TACPDNUBBJSV", "tract_id": "34017000102", "city": "JERSEY CITY, NJ", "zone_code": "R-1", "zone_category": "Residential", "ev_permitted": false}, "geometry": {"type": "Polygon", "coordinates": [[[-74.0489681832283, 40.7562317662484], [-74.0488015233388, 40.7564760458324], [-74.0488816368643, 40.7565076373143], [-74.0490482893628, 40.7562633683938], [-74.0489681832283, 40.7562317662484]]]}}, {"type": "Feature", "properties": {"zone_id": "0206CUK9K1SD25OWZ3YGLG", "tract_id": "34017000102", "city": "JERSEY CITY, NJ", "zone_code": "R-1", "zone_category": "Residential", "ev_permitted": false}, "geometry": {"type": "Polygon", "coordinates": [[[-74.0490482893628, 40.7562633683938], [-74.0488816368643, 40.7565076373143], [-74.04896175046, 40.7565392296414], [-74.0491283943892, 40.7562949704792], [-74.0490482893628, 40.7562633683938]]]}}, {"type": "Feature", "properties": {"zone_id": "0201G987LHA8906YS98HNF", "tract_id": "34017000102", "city": "JERSEY CITY, NJ", "zone_code": "R-1", "zone_category": "Residential", "ev_permitted": false}, "geometry": {"type": "Polygon", "coordinates": [[[-74.0491283943892, 40.7562949704792], [-74.04896175046, 40.7565392296414], [-74.0490418629536, 40.7565708210079], [-74.0492085006762, 40.7563265725139], [-74.0491283943892, 40.7562949704792]]]}}, {"type": "Feature", "properties": {"zone_id": "0202BX6EK04LVA9CSBDBQT", "tract_id": "34017000102", "city": "JERSEY CITY, NJ", "zone_code": "R-1", "zone_category": "Residential", "ev_permitted": false}, "geometry": {"type": "Polygon", "coordinates": [[[-74.0488015233388, 40.7564760458324], [-74.048634911769, 40.7567203541715], [-74.0487150302927, 40.7567519385829], [-74.0488816368643, 40.7565076373143], [-74.0488015233388, 40.7564760458324]], [[-74.0487708840457, 40.7565358808632], [-74.0488349784998, 40.7565611479602], [-74.0487269600735, 40.7567195388617], [-74.0486628655093, 40.7566942717048], [-74.0487708840457, 40.7565358808632]]]}}, {"type": "Feature", "properties": {"zone_id": "02019PWM4ONIAJAJX1LUF7", "tract_id": "34017000102", "city": "JERSEY CITY, NJ", "zone_code": "R-1", "zone_category": "Residential", "ev_permitted": false}, "geometry": {"type": "Polygon", "coordinates": [[[-74.0487214110799, 40.7564444533992], [-74.0485547933215, 40.7566887697047], [-74.048634911769, 40.7567203541715], [-74.0488015233388, 40.7564760458324], [-74.0487214110799, 40.7564444533992]]]}}, {"type": "Feature", "properties": {"zone_id": "0205VRRU1FPB56EX8Q15SL", "tract_id": "34017000102", "city": "JERSEY CITY, NJ", "zone_code": "R-1", "zone_category": "Residential", "ev_permitted": false}, "geometry": {"type": "Polygon", "coordinates": [[[-74.0486412977068, 40.7564128618065], [-74.0484746749501, 40.7566571851826], [-74.0485547933215, 40.7566887697047], [-74.0487214110799, 40.7564444533992], [-74.0486412977068, 40.7564128618065]]]}}, {"type": "Feature", "properties": {"zone_id": "0207GDRM7CBAC27YT0JZNB", "tract_id": "34017000102", "city": "JERSEY CITY, NJ", "zone_code": "R-1", "zone_category": "Residential", "ev_permitted": false}, "geometry": {"type": "Polygon", "coordinates": [[[-74.048647760637, 40.7561053571175], [-74.0484810723858, 40.7563496766585], [-74.0485611844161, 40.7563812692578], [-74.0487278652823, 40.7561369594798], [-74.048647760637, 40.7561053571175]]]}}, {"type": "Feature", "properties": {"zone_id": "0204KF2NVO7051PY956XYF", "tract_id": "34017000102", "city": "JERSEY CITY, NJ", "zone_code": "R-1", "zone_category": "Residential", "ev_permitted": false}, "geometry": {"type": "Polygon", "coordinates": [[[-74.0487278652823, 40.7561369594798], [-74.0485611844161, 40.7563812692578], [-74.0486412977068, 40.7564128618065], [-74.048807971188, 40.7561685617914], [-74.0487278652823, 40.7561369594798]]]}}, {"type": "Feature", "properties": {"zone_id": "0203RS5855FHCUM6WDHSAX", "tract_id": "34017000102", "city": "JERSEY CITY, NJ", "zone_code": "R-1", "zone_category": "Residential", "ev_permitted": false}, "geometry": {"type": "Polygon", "coordinates": [[[-74.048807971188, 40.7561685617914], [-74.0486412977068, 40.7564128618065], [-74.0487214110799, 40.7564444533992], [-74.04888807717, 40.7562001640476], [-74.048807971188, 40.7561685617914]]]}}, {"type": "Feature", "properties": {"zone_id": "02068M01CNL9CR14JL5G3R", "tract_id": "34017000102", "city": "JERSEY CITY, NJ", "zone_code": "R-1", "zone_category": "Residential", "ev_permitted": false}, "geometry": {"type": "Polygon", "coordinates": [[[-74.04888807717, 40.7562001640476], [-74.0487214110799, 40.7564444533992], [-74.0488015233388, 40.7564760458324], [-74.0489681832283, 40.7562317662484], [-74.04888807717, 40.7562001640476]]]}}, {"type": "Feature", "properties": {"zone_id": "0206XN80GHE1OD8TFUGMG9", "tract_id": "34017000102", "city": "JERSEY CITY, NJ", "zone_code": "R-1", "zone_category": "Residential", "ev_permitted": false}, "geometry": {"type": "Polygon", "coordinates": [[[-74.0483208461793, 40.7562864921848], [-74.048154202233, 40.7565308456395], [-74.0482343202995, 40.7565624303832], [-74.0484009592414, 40.7563180848996], [-74.0483208461793, 40.7562864921848]]]}}, {"type": "Feature", "properties": {"zone_id": "0205P1NGWEFIA9AK64O84V", "tract_id": "34017000102", "city": "JERSEY CITY, NJ", "zone_code": "R-1", "zone_category": "Residential", "ev_permitted": false}, "geometry": {"type": "Polygon", "coordinates": [[[-74.0484009592414, 40.7563180848996], [-74.0482343202995, 40.7565624303832], [-74.0483144384361, 40.7565940159721], [-74.0484810723858, 40.7563496766585], [-74.0484009592414, 40.7563180848996]]]}}, {"type": "Feature", "properties": {"zone_id": "0203PZJGTNRTSYBGOJYTVN", "tract_id": "34017000102", "city": "JERSEY CITY, NJ", "zone_code": "R-1", "zone_category": "Residential", "ev_permitted": false}, "geometry": {"type": "Polygon", "coordinates": [[[-74.0484810723858, 40.7563496766585], [-74.0483144384361, 40.7565940159721], [-74.048394556655, 40.756625600605], [-74.0485611844161, 40.7563812692578], [-74.0484810723858, 40.7563496766585]]]}}, {"type": "Feature", "properties": {"zone_id": "02065MBIEGWGWIVS48QH2E", "tract_id": "34017000102", "city": "JERSEY CITY, NJ", "zone_code": "R-1", "zone_category": "Residential", "ev_permitted": false}, "geometry": {"type": "Polygon", "coordinates": [[[-74.0485611844161, 40.7563812692578], [-74.048394556655, 40.756625600605], [-74.0484746749501, 40.7566571851826], [-74.0486412977068, 40.7564128618065], [-74.0485611844161, 40.7563812692578]]]}}, {"type": "Feature", "properties": {"zone_id": "0206DIQAV6VHABMHOI1ZLF", "tract_id": "34017000102", "city": "JERSEY CITY, NJ", "zone_code": "R-1", "zone_category": "Residential", "ev_permitted": false}, "geometry": {"type": "Polygon", "coordinates": [[[-74.0482361951307, 40.7562531101953], [-74.0480695449836, 40.7564974716097], [-74.048154202233, 40.7565308456395], [-74.0483208461793, 40.7562864921848], [-74.0482361951307, 40.7562531101953]]]}}, {"type": "Feature", "properties": {"zone_id": "0202LNCICZRMYRV6HBA7KO", "tract_id": "34017000102", "city": "JERSEY CITY, NJ", "zone_code": "R-1", "zone_category": "Residential", "ev_permitted": false}, "geometry": {"type": "Polygon", "coordinates": [[[-74.048160621462, 40.7562233074943], [-74.0479939663287, 40.7564676759858], [-74.0480695449836, 40.7564974716097], [-74.0482361951307, 40.7562531101953], [-74.048160621462, 40.7562233074943]]]}}, {"type": "Feature", "properties": {"zone_id": "02068X7GEZJ3XSY5DMQJMC", "tract_id": "34017000102", "city": "JERSEY CITY, NJ", "zone_code": "R-1", "zone_category": "Residential", "ev_permitted": false}, "geometry": {"type": "Polygon", "coordinates": [[[-74.0483273380752, 40.7559789479966], [-74.048160621462, 40.7562233074943], [-74.0482361951307, 40.7562531101953], [-74.0484029043769, 40.7560087595664], [-74.0483273380752, 40.7559789479966]]]}}, {"type": "Feature", "properties": {"zone_id": "0207KEXSIRCOC155HZW3DQ", "tract_id": "34017000102", "city": "JERSEY CITY, NJ", "zone_code": "R-1", "zone_category": "Residential", "ev_permitted": false}, "geometry": {"type": "Polygon", "coordinates": [[[-74.0484029043769, 40.7560087595664], [-74.0482361951307, 40.7562531101953], [-74.0484009592414, 40.7563180848996], [-74.0485676548837, 40.7560737546952], [-74.0484029043769, 40.7560087595664]]]}}, {"type": "Feature", "properties": {"zone_id": "0205HUJPBYNQI744PW1NPD", "tract_id": "34017000102", "city": "JERSEY CITY, NJ", "zone_code": "R-1", "zone_category": "Residential", "ev_permitted": false}, "geometry": {"type": "Polygon", "coordinates": [[[-74.0485676548837, 40.7560737546952], [-74.0484009592414, 40.7563180848996], [-74.0484810723858, 40.7563496766585], [-74.048647760637, 40.7561053571175], [-74.0485676548837, 40.7560737546952]]]}}, {"type": "Feature", "properties": {"zone_id": "02056BC8NJK1DI6ZR02AKX", "tract_id": "34017000102", "city": "JERSEY CITY, NJ", "zone_code": "R-1", "zone_category": "Residential", "ev_permitted": false}, "geometry": {"type": "Polygon", "coordinates": [[[-74.0480805098068, 40.7561917155186], [-74.0479138484908, 40.7564360910759], [-74.0479939663287, 40.7564676759858], [-74.048160621462, 40.7562233074943], [-74.0480805098068, 40.7561917155186]]]}}, {"type": "Feature", "properties": {"zone_id": "0200H0KSZYY93XFWZI283C", "tract_id": "34017000102", "city": "JERSEY CITY, NJ", "zone_code": "R-1", "zone_category": "Residential", "ev_permitted": false}, "geometry": {"type": "Polygon", "coordinates": [[[-74.0479202843625, 40.7561285304912], [-74.0477536130438, 40.75637292109], [-74.0478337307292, 40.7564045061107], [-74.0480003970496, 40.7561601225823], [-74.0479202843625, 40.7561285304912]], [[-74.0478723823714, 40.7562096001649], [-74.0479364761685, 40.7562348677589], [-74.0478284561525, 40.7563932578199], [-74.0477643622453, 40.756367990166], [-74.0478723823714, 40.7562096001649]]]}}, {"type": "Feature", "properties": {"zone_id": "0200Q0S9YFA8FA9WA04CDM", "tract_id": "34017000102", "city": "JERSEY CITY, NJ", "zone_code": "R-1", "zone_category": "Residential", "ev_permitted": false}, "geometry": {"type": "Polygon", "coordinates": [[[-74.0480003970496, 40.7561601225823], [-74.0478337307292, 40.7564045061107], [-74.0479138484908, 40.7564360910759], [-74.0480805098068, 40.7561917155186], [-74.0480003970496, 40.7561601225823]]]}}, {"type": "Feature", "properties": {"zone_id": "02038S0UBF3N6AMMTWIRZS", "tract_id": "34017000102", "city": "JERSEY CITY, NJ", "zone_code": "R-1", "zone_category": "Residential", "ev_permitted": false}, "geometry": {"type": "Polygon", "coordinates": [[[-74.0478723823714, 40.7562096001649], [-74.0478284561525, 40.7563932578199], [-74.0479364761685, 40.7562348677589], [-74.0478723823714, 40.7562096001649]]]}}, {"type": "Feature", "properties": {"zone_id": "0200GEQ9J5GXYXVWVQ52QE", "tract_id": "34017000102", "city": "JERSEY CITY, NJ", "zone_code": "R-1", "zone_category": "Residential", "ev_permitted": false}, "geometry": {"type": "Polygon", "coordinates": [[[-74.048928112673, 40.7557211898662], [-74.0487618857382, 40.7559648379951], [-74.0488419914544, 40.7559964402829], [-74.0490082181776, 40.7557527920389], [-74.048928112673, 40.7557211898662]]]}}, {"type": "Feature", "properties": {"zone_id": "0200J6W77VUIO9GNYKWSPX", "tract_id": "34017000102", "city": "JERSEY CITY, NJ", "zone_code": "R-1", "zone_category": "Residential", "ev_permitted": false}, "geometry": {"type": "Polygon", "coordinates": [[[-74.0491684294155, 40.7558159962182], [-74.0490022019313, 40.756059644688], [-74.0490823078762, 40.7560912468097], [-74.0492485351488, 40.7558475982248], [-74.0491684294155, 40.7558159962182]]]}}, {"type": "Feature", "properties": {"zone_id": "02042JVDJ4IY15DCXQXNOC", "tract_id": "34017000102", "city": "JERSEY CITY, NJ", "zone_code": "R-1", "zone_category": "Residential", "ev_permitted": false}, "geometry": {"type": "Polygon", "coordinates": [[[-74.0492485351488, 40.7558475982248], [-74.0490823078762, 40.7560912468097], [-74.0491624138974, 40.7561228488761], [-74.0493286397741, 40.7558792001714], [-74.0492485351488, 40.7558475982248]]]}}, {"type": "Feature", "properties": {"zone_id": "02024BYI26WIO9WT1QZW85", "tract_id": "34017000102", "city": "JERSEY CITY, NJ", "zone_code": "R-1", "zone_category": "Residential", "ev_permitted": false}, "geometry": {"type": "Polygon", "coordinates": [[[-74.0490082181776, 40.7557527920389], [-74.0488419914544, 40.7559964402829], [-74.0489220972469, 40.7560280425155], [-74.0490883237584, 40.7557843941563], [-74.0490082181776, 40.7557527920389]]]}}, {"type": "Feature", "properties": {"zone_id": "0204HQ7ITMEAZ88HC1Z7MR", "tract_id": "34017000102", "city": "JERSEY CITY, NJ", "zone_code": "R-1", "zone_category": "Residential", "ev_permitted": false}, "geometry": {"type": "Polygon", "coordinates": [[[-74.0490883237584, 40.7557843941563], [-74.0489220972469, 40.7560280425155], [-74.0490022019313, 40.756059644688], [-74.0491684294155, 40.7558159962182], [-74.0490883237584, 40.7557843941563]]]}}, {"type": "Feature", "properties": {"zone_id": "0202QN4KOMVJLJ3R5LD46W", "tract_id": "34017000102", "city": "JERSEY CITY, NJ", "zone_code": "R-1", "zone_category": "Residential", "ev_permitted": false}, "geometry": {"type": "Polygon", "coordinates": [[[-74.0490935202059, 40.7554787423705], [-74.048928112673, 40.7557211898662], [-74.0490082181776, 40.7557527920389], [-74.0491736302796, 40.7555103381431], [-74.0490935202059, 40.7554787423705]]]}}, {"type": "Feature", "properties": {"zone_id": "0201IX7P1G8GCAHTQ27162", "tract_id": "34017000102", "city": "JERSEY CITY, NJ", "zone_code": "R-1", "zone_category": "Residential", "ev_permitted": false}, "geometry": {"type": "Polygon", "coordinates": [[[-74.0491736302796, 40.7555103381431], [-74.0490082181776, 40.7557527920389], [-74.0490883237584, 40.7557843941563], [-74.0492537392514, 40.7555419329552], [-74.0491736302796, 40.7555103381431]]]}}, {"type": "Feature", "properties": {"zone_id": "02065RUQP25RNM7IS86GVR", "tract_id": "34017000102", "city": "JERSEY CITY, NJ", "zone_code": "R-1", "zone_category": "Residential", "ev_permitted": false}, "geometry": {"type": "Polygon", "coordinates": [[[-74.0492537392514, 40.7555419329552], [-74.0490883237584, 40.7557843941563], [-74.0491684294155, 40.7558159962182], [-74.0493338494775, 40.7555735286171], [-74.0492537392514, 40.7555419329552]]]}}, {"type": "Feature", "properties": {"zone_id": "0206EHTVJC80H4AVK1UNVQ", "tract_id": "34017000102", "city": "JERSEY CITY, NJ", "zone_code": "R-1", "zone_category": "Residential", "ev_permitted": false}, "geometry": {"type": "Polygon", "coordinates": [[[-74.0486076925952, 40.7555947815268], [-74.0484414648199, 40.7558384282945], [-74.0485215690469, 40.7558700307992], [-74.0486877977948, 40.755626383921], [-74.0486076925952, 40.7555947815268]]]}}, {"type": "Feature", "properties": {"zone_id": "0200C5XRUDCYDKLGLZAXAE", "tract_id": "34017000102", "city": "JERSEY CITY, NJ", "zone_code": "R-1", "zone_category": "Residential", "ev_permitted": false}, "geometry": {"type": "Polygon", "coordinates": [[[-74.0486877977948, 40.755626383921], [-74.0485215690469, 40.7558700307992], [-74.0486016745344, 40.7559016332532], [-74.0487679030768, 40.7556579853593], [-74.0486877977948, 40.755626383921]]]}}, {"type": "Feature", "properties": {"zone_id": "0200WB7W8U6D91VDZQUM3H", "tract_id": "34017000102", "city": "JERSEY CITY, NJ", "zone_code": "R-1", "zone_category": "Residential", "ev_permitted": false}, "geometry": {"type": "Polygon", "coordinates": [[[-74.0487679030768, 40.7556579853593], [-74.0486016745344, 40.7559016332532], [-74.0486817800982, 40.7559332356518], [-74.0488480084289, 40.7556895876428], [-74.0487679030768, 40.7556579853593]]]}}, {"type": "Feature", "properties": {"zone_id": "0204DEYK0S0UTFBYS4LBPZ", "tract_id": "34017000102", "city": "JERSEY CITY, NJ", "zone_code": "R-1", "zone_category": "Residential", "ev_permitted": false}, "geometry": {"type": "Polygon", "coordinates": [[[-74.0488480084289, 40.7556895876428], [-74.0486817800982, 40.7559332356518], [-74.0487618857382, 40.7559648379951], [-74.048928112673, 40.7557211898662], [-74.0488480084289, 40.7556895876428]]]}}, {"type": "Feature", "properties": {"zone_id": "0203K8TN1YMFM0D7YWP17E", "tract_id": "34017000102", "city": "JERSEY CITY, NJ", "zone_code": "R-1", "zone_category": "Residential", "ev_permitted": false}, "geometry": {"type": "Polygon", "coordinates": [[[-74.0482472338112, 40.7559473453575], [-74.0480805098068, 40.7561917155186], [-74.048160621462, 40.7562233074943], [-74.0483273380752, 40.7559789479966], [-74.0482472338112, 40.7559473453575]]]}}, {"type": "Feature", "properties": {"zone_id": "0206M26USEOOVO96P3CXZN", "tract_id": "34017000102", "city": "JERSEY CITY, NJ", "zone_code": "R-1", "zone_category": "Residential", "ev_permitted": false}, "geometry": {"type": "Polygon", "coordinates": [[[-74.0480870231432, 40.7558841399038], [-74.0479202843625, 40.7561285304912], [-74.0480003970496, 40.7561601225823], [-74.0481671284391, 40.7559157426583], [-74.0480870231432, 40.7558841399038]]]}}, {"type": "Feature", "properties": {"zone_id": "0206BWWF8L8PPR26EY2KG1", "tract_id": "34017000102", "city": "JERSEY CITY, NJ", "zone_code": "R-1", "zone_category": "Residential", "ev_permitted": false}, "geometry": {"type": "Polygon", "coordinates": [[[-74.0480023787223, 40.7558507460596], [-74.0478356337227, 40.7560951473084], [-74.0479202843625, 40.7561285304912], [-74.0480870231432, 40.7558841399038], [-74.0480023787223, 40.7558507460596]]]}}, {"type": "Feature", "properties": {"zone_id": "0200ZWI30CIJUP2Y6EUKKR", "tract_id": "34017000102", "city": "JERSEY CITY, NJ", "zone_code": "R-1", "zone_category": "Residential", "ev_permitted": false}, "geometry": {"type": "Polygon", "coordinates": [[[-74.0481671284391, 40.7559157426583], [-74.0480003970496, 40.7561601225823], [-74.0480805098068, 40.7561917155186], [-74.0482472338112, 40.7559473453575], [-74.0481671284391, 40.7559157426583]]]}}, {"type": "Feature", "properties": {"zone_id": "0201Q4PBFKXK2VG0187RSN", "tract_id": "34017000102", "city": "JERSEY CITY, NJ", "zone_code": "R-1", "zone_category": "Residential", "ev_permitted": false}, "geometry": {"type": "Polygon", "coordinates": [[[-74.0479268127802, 40.7558209342286], [-74.0477600604136, 40.7560653443463], [-74.0478356337227, 40.7560951473084], [-74.0480023787223, 40.7558507460596], [-74.0479268127802, 40.7558209342286]]]}}, {"type": "Feature", "properties": {"zone_id": "0203NEMWKHEKFRIJ1GMZ2V", "tract_id": "34017000102", "city": "JERSEY CITY, NJ", "zone_code": "R-1", "zone_category": "Residential", "ev_permitted": false}, "geometry": {"type": "Polygon", "coordinates": [[[-74.0482872737432, 40.755468371401], [-74.0481210439371, 40.7557120177033], [-74.0482011490435, 40.7557436204341], [-74.0483673786379, 40.7554999740167], [-74.0482872737432, 40.755468371401]]]}}, {"type": "Feature", "properties": {"zone_id": "0200GNTI7WQXISE4AD56EJ", "tract_id": "34017000102", "city": "JERSEY CITY, NJ", "zone_code": "R-1", "zone_category": "Residential", "ev_permitted": false}, "geometry": {"type": "Polygon", "coordinates": [[[-74.0483673786379, 40.7554999740167], [-74.0482011490435, 40.7557436204341], [-74.048281254226, 40.7557752231096], [-74.0484474836088, 40.755531576577], [-74.0483673786379, 40.7554999740167]]]}}, {"type": "Feature", "properties": {"zone_id": "0200YWGB50CZNKI4OANTNA", "tract_id": "34017000102", "city": "JERSEY CITY, NJ", "zone_code": "R-1", "zone_category": "Residential", "ev_permitted": false}, "geometry": {"type": "Polygon", "coordinates": [[[-74.0484474836088, 40.755531576577], [-74.048281254226, 40.7557752231096], [-74.0483613594849, 40.7558068257297], [-74.0485275874717, 40.7555631790773], [-74.0484474836088, 40.755531576577]]]}}, {"type": "Feature", "properties": {"zone_id": "020738GQCPHV0OI21QRPS6", "tract_id": "34017000102", "city": "JERSEY CITY, NJ", "zone_code": "R-1", "zone_category": "Residential", "ev_permitted": false}, "geometry": {"type": "Polygon", "coordinates": [[[-74.0485275874717, 40.7555631790773], [-74.0483613594849, 40.7558068257297], [-74.0484414648199, 40.7558384282945], [-74.0486076925952, 40.7555947815268], [-74.0485275874717, 40.7555631790773]]]}}, {"type": "Feature", "properties": {"zone_id": "0204WCTQ40E0QICLA726TA", "tract_id": "34017000102", "city": "JERSEY CITY, NJ", "zone_code": "R-1", "zone_category": "Residential", "ev_permitted": false}, "geometry": {"type": "Polygon", "coordinates": [[[-74.0533032910656, 40.7544534388125], [-74.0532630627755, 40.754514868014], [-74.0535831291788, 40.7546368050786], [-74.0536235509753, 40.7545754503632], [-74.0533032910656, 40.7544534388125]]]}}, {"type": "Feature", "properties": {"zone_id": "0200VUDQTM0I948Z36FDUA", "tract_id": "34017000102", "city": "JERSEY CITY, NJ", "zone_code": "R-1", "zone_category": "Residential", "ev_permitted": false}, "geometry": {"type": "Polygon", "coordinates": [[[-74.0532228344109, 40.7545762972004], [-74.0531826059719, 40.7546377263717], [-74.0535022853497, 40.754759516265], [-74.0535427073016, 40.7546981606794], [-74.0532228344109, 40.7545762972004]]]}}, {"type": "Feature", "properties": {"zone_id": "0206RZ5EXUTDOKCNG05JLF", "tract_id": "34017000102", "city": "JERSEY CITY, NJ", "zone_code": "R-1", "zone_category": "Residential", "ev_permitted": false}, "geometry": {"type": "Polygon", "coordinates": [[[-74.0532630627755, 40.754514868014], [-74.0532228344109, 40.7545762972004], [-74.0535427073016, 40.7546981606794], [-74.0535831291788, 40.7546368050786], [-74.0532630627755, 40.754514868014]]]}}, {"type": "Feature", "properties": {"zone_id": "0206RHAPNQTDBTFZ4RRAKL", "tract_id": "34017000102", "city": "JERSEY CITY, NJ", "zone_code": "R-1", "zone_category": "Residential", "ev_permitted": false}, "geometry": {"type": "Polygon", "coordinates": [[[-74.0534693584087, 40.7542012143382], [-74.0534291981681, 40.7542618999783], [-74.0537475486, 40.754387234174], [-74.0537875657005, 40.7543264929349], [-74.0534693584087, 40.7542012143382]]]}}, {"type": "Feature", "properties": {"zone_id": "0200HYSLUN1LSUPXNXM44E", "tract_id": "34017000102", "city": "JERSEY CITY, NJ", "zone_code": "R-1", "zone_category": "Residential", "ev_permitted": false}, "geometry": {"type": "Polygon", "coordinates": [[[-74.0533435192813, 40.754392009596], [-74.0533032910656, 40.7544534388125], [-74.0536235509753, 40.7545754503632], [-74.0536639727031, 40.754514094732], [-74.0533435192813, 40.754392009596]]]}}, {"type": "Feature", "properties": {"zone_id": "02079I16UUEA4JR4JI9GF2", "tract_id": "34017000102", "city": "JERSEY CITY, NJ", "zone_code": "R-1", "zone_category": "Residential", "ev_permitted": false}, "geometry": {"type": "Polygon", "coordinates": [[[-74.0534291981681, 40.7542618999783], [-74.0533837474226, 40.7543305803644], [-74.0537043943562, 40.7544527390856], [-74.0537475486, 40.754387234174], [-74.0534291981681, 40.7542618999783]]]}}, {"type": "Feature", "properties": {"zone_id": "0203QSZHZE3XK2W89CKELH", "tract_id": "34017000102", "city": "JERSEY CITY, NJ", "zone_code": "R-1", "zone_category": "Residential", "ev_permitted": false}, "geometry": {"type": "Polygon", "coordinates": [[[-74.0533837474226, 40.7543305803644], [-74.0533435192813, 40.754392009596], [-74.0536639727031, 40.754514094732], [-74.0537043943562, 40.7544527390856], [-74.0533837474226, 40.7543305803644]]]}}, {"type": "Feature", "properties": {"zone_id": "0205F9D3SVYW49LN627IAX", "tract_id": "34017000102", "city": "JERSEY CITY, NJ", "zone_code": "R-1", "zone_category": "Residential", "ev_permitted": false}, "geometry": {"type": "Polygon", "coordinates": [[[-74.0536300010179, 40.7539584698361], [-74.0535898410709, 40.7540191555362], [-74.0539076153844, 40.7541442682232], [-74.0539476321921, 40.7540835269245], [-74.0536300010179, 40.7539584698361]]]}}, {"type": "Feature", "properties": {"zone_id": "0205UFFBS5RKNYWMVSXVCM", "tract_id": "34017000102", "city": "JERSEY CITY, NJ", "zone_code": "R-1", "zone_category": "Residential", "ev_permitted": false}, "geometry": {"type": "Polygon", "coordinates": [[[-74.0535898410709, 40.7540191555362], [-74.0535496798601, 40.7540798421172], [-74.0538675996818, 40.7542050104121], [-74.0539076153844, 40.7541442682232], [-74.0535898410709, 40.7540191555362]]]}}, {"type": "Feature", "properties": {"zone_id": "0207HVK5C6OKK86S1V0Y77", "tract_id": "34017000102", "city": "JERSEY CITY, NJ", "zone_code": "R-1", "zone_category": "Residential", "ev_permitted": false}, "geometry": {"type": "Polygon", "coordinates": [[[-74.0535496798601, 40.7540798421172], [-74.0535095197663, 40.7541405277872], [-74.0538275827278, 40.754265751681], [-74.0538675996818, 40.7542050104121], [-74.0535496798601, 40.7540798421172]]]}}, {"type": "Feature", "properties": {"zone_id": "0200KPENKGFS6JBB65KRGS", "tract_id": "34017000102", "city": "JERSEY CITY, NJ", "zone_code": "R-1", "zone_category": "Residential", "ev_permitted": false}, "geometry": {"type": "Polygon", "coordinates": [[[-74.0535095197663, 40.7541405277872], [-74.0534693584087, 40.7542012143382], [-74.0537875657005, 40.7543264929349], [-74.0538275827278, 40.754265751681], [-74.0535095197663, 40.7541405277872]]]}}, {"type": "Feature", "properties": {"zone_id": "0200Y2PO16QFLBPTNBLIZN", "tract_id": "34017000102", "city": "JERSEY CITY, NJ", "zone_code": "R-1", "zone_category": "Residential", "ev_permitted": false}, "geometry": {"type": "Polygon", "coordinates": [[[-74.0532320945868, 40.7539583036104], [-74.0531922272268, 40.7540191019771], [-74.0535095197663, 40.7541405277872], [-74.0535496798601, 40.7540798421172], [-74.0532320945868, 40.7539583036104]]]}}, {"type": "Feature", "properties": {"zone_id": "0205VBHDUGS6JW9SM6N1DR", "tract_id": "34017000102", "city": "JERSEY CITY, NJ", "zone_code": "R-1", "zone_category": "Residential", "ev_permitted": false}, "geometry": {"type": "Polygon", "coordinates": [[[-74.0539505948205, 40.753474017633], [-74.0539103959821, 40.7535347627389], [-74.0542281474184, 40.7536577274609], [-74.0542681636396, 40.753596986043], [-74.0539505948205, 40.753474017633]]]}}, {"type": "Feature", "properties": {"zone_id": "0202F4QFVL47IG953QBHNO", "tract_id": "34017000102", "city": "JERSEY CITY, NJ", "zone_code": "R-1", "zone_category": "Residential", "ev_permitted": false}, "geometry": {"type": "Polygon", "coordinates": [[[-74.0539103959821, 40.7535347627389], [-74.0538702365415, 40.7535954494442], [-74.054188131124, 40.753718468864], [-74.0542281474184, 40.7536577274609], [-74.0539103959821, 40.7535347627389]]]}}, {"type": "Feature", "properties": {"zone_id": "0202Y2PGAU3JQWR1PD7LXI", "tract_id": "34017000102", "city": "JERSEY CITY, NJ", "zone_code": "R-1", "zone_category": "Residential", "ev_permitted": false}, "geometry": {"type": "Polygon", "coordinates": [[[-74.0539917614358, 40.7534118100946], [-74.0539505948205, 40.753474017633], [-74.0542681636396, 40.753596986043], [-74.0543097805818, 40.7535338138003], [-74.0539917614358, 40.7534118100946]], [[-74.0540673323526, 40.7534502717377], [-74.0542725730954, 40.7535290095669], [-74.0542393596861, 40.753579425001], [-74.0540343871334, 40.7535000568373], [-74.0540673323526, 40.7534502717377]]]}}, {"type": "Feature", "properties": {"zone_id": "0205YFO2O77MPEJY99I6CG", "tract_id": "34017000102", "city": "JERSEY CITY, NJ", "zone_code": "R-1", "zone_category": "Residential", "ev_permitted": false}, "geometry": {"type": "Polygon", "coordinates": [[[-74.054169952074, 40.7534896402452], [-74.0541365024458, 40.7535395972387], [-74.0542393596861, 40.753579425001], [-74.0542725730954, 40.7535290095669], [-74.054169952074, 40.7534896402452]]]}}, {"type": "Feature", "properties": {"zone_id": "0201A8ROL9F5JHJ5C6GRKA", "tract_id": "34017000102", "city": "JERSEY CITY, NJ", "zone_code": "R-1", "zone_category": "Residential", "ev_permitted": false}, "geometry": {"type": "Polygon", "coordinates": [[[-74.0537897164694, 40.7537171237298], [-74.0537504816089, 40.7537764117501], [-74.0540676821817, 40.7539013020386], [-74.0541076975122, 40.7538405606757], [-74.0537897164694, 40.7537171237298]]]}}, {"type": "Feature", "properties": {"zone_id": "0207BR3VM0KZ15CZJ2J92G", "tract_id": "34017000102", "city": "JERSEY CITY, NJ", "zone_code": "R-1", "zone_category": "Residential", "ev_permitted": false}, "geometry": {"type": "Polygon", "coordinates": [[[-74.0536701608915, 40.7538977841211], [-74.0536300010179, 40.7539584698361], [-74.0539476321921, 40.7540835269245], [-74.0539876489265, 40.7540227856109], [-74.0536701608915, 40.7538977841211]]]}}, {"type": "Feature", "properties": {"zone_id": "02078J8XGJ66NZNVB3CTYG", "tract_id": "34017000102", "city": "JERSEY CITY, NJ", "zone_code": "R-1", "zone_category": "Residential", "ev_permitted": false}, "geometry": {"type": "Polygon", "coordinates": [[[-74.0537504816089, 40.7537764117501], [-74.053710321882, 40.7538370974951], [-74.0540276655877, 40.7539620442825], [-74.0540676821817, 40.7539013020386], [-74.0537504816089, 40.7537764117501]]]}}, {"type": "Feature", "properties": {"zone_id": "0206HQSY2M33MC31QBVI4J", "tract_id": "34017000102", "city": "JERSEY CITY, NJ", "zone_code": "R-1", "zone_category": "Residential", "ev_permitted": false}, "geometry": {"type": "Polygon", "coordinates": [[[-74.053710321882, 40.7538370974951], [-74.0536701608915, 40.7538977841211], [-74.0539876489265, 40.7540227856109], [-74.0540276655877, 40.7539620442825], [-74.053710321882, 40.7538370974951]]]}}, {"type": "Feature", "properties": {"zone_id": "0205HRVP78640X74LI44Y5", "tract_id": "34017000102", "city": "JERSEY CITY, NJ", "zone_code": "R-1", "zone_category": "Residential", "ev_permitted": false}, "geometry": {"type": "Polygon", "coordinates": [[[-74.053391559744, 40.7537151099819], [-74.0533516938603, 40.7537759084124], [-74.0536701608915, 40.7538977841211], [-74.053710321882, 40.7538370974951], [-74.053391559744, 40.7537151099819]]]}}, {"type": "Feature", "properties": {"zone_id": "0207FNFXDV22E8H8HZ7IB2", "tract_id": "34017000102", "city": "JERSEY CITY, NJ", "zone_code": "R-1", "zone_category": "Residential", "ev_permitted": false}, "geometry": {"type": "Polygon", "coordinates": [[[-74.0533118267193, 40.7538367068234], [-74.0532719606896, 40.7538975052243], [-74.0535898410709, 40.7540191555362], [-74.0536300010179, 40.7539584698361], [-74.0533118267193, 40.7538367068234]]]}}, {"type": "Feature", "properties": {"zone_id": "0207CO6154LPGX4DVCWB8B", "tract_id": "34017000102", "city": "JERSEY CITY, NJ", "zone_code": "R-1", "zone_category": "Residential", "ev_permitted": false}, "geometry": {"type": "Polygon", "coordinates": [[[-74.0532719606896, 40.7538975052243], [-74.0532320945868, 40.7539583036104], [-74.0535496798601, 40.7540798421172], [-74.0535898410709, 40.7540191555362], [-74.0532719606896, 40.7538975052243]]]}}, {"type": "Feature", "properties": {"zone_id": "0204DNVZJXJPF3AL766BEV", "tract_id": "34017000102", "city": "JERSEY CITY, NJ", "zone_code": "R-1", "zone_category": "Residential", "ev_permitted": false}, "geometry": {"type": "Polygon", "coordinates": [[[-74.0533516938603, 40.7537759084124], [-74.0533118267193, 40.7538367068234], [-74.0536300010179, 40.7539584698361], [-74.0536701608915, 40.7538977841211], [-74.0533516938603, 40.7537759084124]]]}}, {"type": "Feature", "properties": {"zone_id": "02042V529E70JVVNRGC59Q", "tract_id": "34017000102", "city": "JERSEY CITY, NJ", "zone_code": "R-1", "zone_category": "Residential", "ev_permitted": false}, "geometry": {"type": "Polygon", "coordinates": [[[-74.0538300770336, 40.7536561352339], [-74.0537897164694, 40.7537171237298], [-74.0541076975122, 40.7538405606757], [-74.0541481147564, 40.7537792102522], [-74.0538300770336, 40.7536561352339]]]}}, {"type": "Feature", "properties": {"zone_id": "0201XCVP6QY0TDUXA4EHK0", "tract_id": "34017000102", "city": "JERSEY CITY, NJ", "zone_code": "R-1", "zone_category": "Residential", "ev_permitted": false}, "geometry": {"type": "Polygon", "coordinates": [[[-74.0535908892518, 40.7534111176123], [-74.0535510213465, 40.7534719188093], [-74.0538702365415, 40.7535954494442], [-74.0539103959821, 40.7535347627389], [-74.0535908892518, 40.7534111176123]]]}}, {"type": "Feature", "properties": {"zone_id": "0202IEC7AIZILXSSF5O2SM", "tract_id": "34017000102", "city": "JERSEY CITY, NJ", "zone_code": "R-1", "zone_category": "Residential", "ev_permitted": false}, "geometry": {"type": "Polygon", "coordinates": [[[-74.0535510213465, 40.7534719188093], [-74.0535111557548, 40.7535327172989], [-74.0538300770336, 40.7536561352339], [-74.0538702365415, 40.7535954494442], [-74.0535510213465, 40.7534719188093]]]}}, {"type": "Feature", "properties": {"zone_id": "0204YFX6QC27MDKOE1LUWL", "tract_id": "34017000102", "city": "JERSEY CITY, NJ", "zone_code": "R-1", "zone_category": "Residential", "ev_permitted": false}, "geometry": {"type": "Polygon", "coordinates": [[[-74.0538702365415, 40.7535954494442], [-74.0538300770336, 40.7536561352339], [-74.0541481147564, 40.7537792102522], [-74.054188131124, 40.753718468864], [-74.0538702365415, 40.7535954494442]]]}}, {"type": "Feature", "properties": {"zone_id": "0202PIKZKT96OQYB9J8U2V", "tract_id": "34017000102", "city": "JERSEY CITY, NJ", "zone_code": "R-1", "zone_category": "Residential", "ev_permitted": false}, "geometry": {"type": "Polygon", "coordinates": [[[-74.0535111557548, 40.7535327172989], [-74.0534712924827, 40.7535935121806], [-74.0537897164694, 40.7537171237298], [-74.0538300770336, 40.7536561352339], [-74.0535111557548, 40.7535327172989]]]}}, {"type": "Feature", "properties": {"zone_id": "0203E102KR3TD6U006LRSO", "tract_id": "34017000102", "city": "JERSEY CITY, NJ", "zone_code": "R-1", "zone_category": "Residential", "ev_permitted": false}, "geometry": {"type": "Polygon", "coordinates": [[[-74.0534712924827, 40.7535935121806], [-74.0534314255547, 40.7536543115367], [-74.0537504816089, 40.7537764117501], [-74.0537897164694, 40.7537171237298], [-74.0534712924827, 40.7535935121806]]]}}, {"type": "Feature", "properties": {"zone_id": "0206W8CAQA7H0DEYEWKYWH", "tract_id": "34017000102", "city": "JERSEY CITY, NJ", "zone_code": "R-1", "zone_category": "Residential", "ev_permitted": false}, "geometry": {"type": "Polygon", "coordinates": [[[-74.0534314255547, 40.7536543115367], [-74.053391559744, 40.7537151099819], [-74.053710321882, 40.7538370974951], [-74.0537504816089, 40.7537764117501], [-74.0534314255547, 40.7536543115367]]]}}, {"type": "Feature", "properties": {"zone_id": "0206VZALUZVZH6ZCX3JDEP", "tract_id": "34017000102", "city": "JERSEY CITY, NJ", "zone_code": "R-1", "zone_category": "Residential", "ev_permitted": false}, "geometry": {"type": "Polygon", "coordinates": [[[-74.0541506344213, 40.7531717327379], [-74.0541109156905, 40.7532317520968], [-74.0544281105641, 40.7533541953842], [-74.054467686152, 40.7532941213293], [-74.0541506344213, 40.7531717327379]]]}}, {"type": "Feature", "properties": {"zone_id": "02024XIXM1VKHKV2LBEA4F", "tract_id": "34017000102", "city": "JERSEY CITY, NJ", "zone_code": "R-1", "zone_category": "Residential", "ev_permitted": false}, "geometry": {"type": "Polygon", "coordinates": [[[-74.0541109156905, 40.7532317520968], [-74.0540711980721, 40.7532917714456], [-74.0543885349047, 40.7534142694246], [-74.0544281105641, 40.7533541953842], [-74.0541109156905, 40.7532317520968]]]}}, {"type": "Feature", "properties": {"zone_id": "0205YLJWMHTK4HA76OCGHC", "tract_id": "34017000102", "city": "JERSEY CITY, NJ", "zone_code": "R-1", "zone_category": "Residential", "ev_permitted": false}, "geometry": {"type": "Polygon", "coordinates": [[[-74.0540711980721, 40.7532917714456], [-74.0540314791978, 40.7533517907751], [-74.0543489579834, 40.7534743443464], [-74.0543885349047, 40.7534142694246], [-74.0540711980721, 40.7532917714456]]]}}, {"type": "Feature", "properties": {"zone_id": "0205CTJ8ILWLWIRWGO7OGN", "tract_id": "34017000102", "city": "JERSEY CITY, NJ", "zone_code": "R-1", "zone_category": "Residential", "ev_permitted": false}, "geometry": {"type": "Polygon", "coordinates": [[[-74.0540314791978, 40.7533517907751], [-74.0539917614358, 40.7534118100946], [-74.0543097805818, 40.7535338138003], [-74.0543489579834, 40.7534743443464], [-74.0540314791978, 40.7533517907751]]]}}, {"type": "Feature", "properties": {"zone_id": "0203KHLZYSD262VQJJ0GK8", "tract_id": "34017000102", "city": "JERSEY CITY, NJ", "zone_code": "R-1", "zone_category": "Residential", "ev_permitted": false}, "geometry": {"type": "Polygon", "coordinates": [[[-74.0540673323526, 40.7534502717377], [-74.0540343871334, 40.7535000568373], [-74.0541365024458, 40.7535395972387], [-74.054169952074, 40.7534896402452], [-74.0540673323526, 40.7534502717377]]]}}, {"type": "Feature", "properties": {"zone_id": "0203Q3H7YA8QHJZ7RB73SC", "tract_id": "34017000102", "city": "JERSEY CITY, NJ", "zone_code": "R-1", "zone_category": "Residential", "ev_permitted": false}, "geometry": {"type": "Polygon", "coordinates": [[[-74.0544076699064, 40.7528949560617], [-74.0542871679042, 40.7530817942052], [-74.0543519801962, 40.7531059677097], [-74.0544721589581, 40.7529196316801], [-74.0544076699064, 40.7528949560617]]]}}, {"type": "Feature", "properties": {"zone_id": "0205JICY0KCL2BS3PP6FL9", "tract_id": "34017000102", "city": "JERSEY CITY, NJ", "zone_code": "R-1", "zone_category": "Residential", "ev_permitted": false}, "geometry": {"type": "Polygon", "coordinates": [[[-74.0544721589581, 40.7529196316801], [-74.0543519801962, 40.7531059677097], [-74.0544167925294, 40.7531301420785], [-74.0545366480576, 40.7529443072627], [-74.0544721589581, 40.7529196316801]]]}}, {"type": "Feature", "properties": {"zone_id": "020069JUPJZXND3UOCNQWI", "tract_id": "34017000102", "city": "JERSEY CITY, NJ", "zone_code": "R-1", "zone_category": "Residential", "ev_permitted": false}, "geometry": {"type": "Polygon", "coordinates": [[[-74.0546011372051, 40.7529689828093], [-74.0544816061001, 40.753154315515], [-74.0545443665644, 40.7531777235962], [-74.0546656252163, 40.7529936583155], [-74.0546011372051, 40.7529689828093]]]}}, {"type": "Feature", "properties": {"zone_id": "0205XAJJ1EDO0A783TWXHK", "tract_id": "34017000102", "city": "JERSEY CITY, NJ", "zone_code": "R-1", "zone_category": "Residential", "ev_permitted": false}, "geometry": {"type": "Polygon", "coordinates": [[[-74.0545366480576, 40.7529443072627], [-74.0544167925294, 40.7531301420785], [-74.0544816061001, 40.753154315515], [-74.0546011372051, 40.7529689828093], [-74.0545366480576, 40.7529443072627]]]}}, {"type": "Feature", "properties": {"zone_id": "0206W2JHVQJXNQ4C7OFI3Q", "tract_id": "34017000102", "city": "JERSEY CITY, NJ", "zone_code": "R-1", "zone_category": "Residential", "ev_permitted": false}, "geometry": {"type": "Polygon", "coordinates": [[[-74.0542246344354, 40.7530584706155], [-74.0541881099437, 40.7531151017186], [-74.0545058702585, 40.7532361600725], [-74.0545443665644, 40.7531777235962], [-74.0542246344354, 40.7530584706155]]]}}, {"type": "Feature", "properties": {"zone_id": "0202MD8PC4YLGI6PX08KF3", "tract_id": "34017000102", "city": "JERSEY CITY, NJ", "zone_code": "R-1", "zone_category": "Residential", "ev_permitted": false}, "geometry": {"type": "Polygon", "coordinates": [[[-74.0541881099437, 40.7531151017186], [-74.0541506344213, 40.7531717327379], [-74.054467686152, 40.7532941213293], [-74.0545058702585, 40.7532361600725], [-74.0541881099437, 40.7531151017186]]]}}, {"type": "Feature", "properties": {"zone_id": "02056O2CQEA52FK2YWDUC1", "tract_id": "34017000102", "city": "JERSEY CITY, NJ", "zone_code": "R-1", "zone_category": "Residential", "ev_permitted": false}, "geometry": {"type": "Polygon", "coordinates": [[[-74.0536308336585, 40.7533501996203], [-74.0535908892518, 40.7534111176123], [-74.0539103959821, 40.7535347627389], [-74.0539505948205, 40.753474017633], [-74.0536308336585, 40.7533501996203]]]}}, {"type": "Feature", "properties": {"zone_id": "0200K1PNUIP7HWICUJQ91A", "tract_id": "34017000102", "city": "JERSEY CITY, NJ", "zone_code": "R-1", "zone_category": "Residential", "ev_permitted": false}, "geometry": {"type": "Polygon", "coordinates": [[[-74.0537503553695, 40.7531679180617], [-74.0537109268588, 40.7532280500776], [-74.0540314791978, 40.7533517907751], [-74.0540711980721, 40.7532917714456], [-74.0537503553695, 40.7531679180617]]]}}, {"type": "Feature", "properties": {"zone_id": "0204Q5ELDPDQHQRENPI8B3", "tract_id": "34017000102", "city": "JERSEY CITY, NJ", "zone_code": "R-1", "zone_category": "Residential", "ev_permitted": false}, "geometry": {"type": "Polygon", "coordinates": [[[-74.0537109268588, 40.7532280500776], [-74.0536710986568, 40.7532887911323], [-74.0539917614358, 40.7534118100946], [-74.0540314791978, 40.7533517907751], [-74.0537109268588, 40.7532280500776]]]}}, {"type": "Feature", "properties": {"zone_id": "0206PRZTUNZ0DMOIKKKDXW", "tract_id": "34017000102", "city": "JERSEY CITY, NJ", "zone_code": "R-1", "zone_category": "Residential", "ev_permitted": false}, "geometry": {"type": "Polygon", "coordinates": [[[-74.0536710986568, 40.7532887911323], [-74.0536308336585, 40.7533501996203], [-74.0539505948205, 40.753474017633], [-74.0539917614358, 40.7534118100946], [-74.0536710986568, 40.7532887911323]]]}}, {"type": "Feature", "properties": {"zone_id": "0206BC5M93TY11UJ78GYC6", "tract_id": "34017000102", "city": "JERSEY CITY, NJ", "zone_code": "R-1", "zone_category": "Residential", "ev_permitted": false}, "geometry": {"type": "Polygon", "coordinates": [[[-74.0537897826186, 40.7531077869274], [-74.0537503553695, 40.7531679180617], [-74.0540711980721, 40.7532917714456], [-74.0541109156905, 40.7532317520968], [-74.0537897826186, 40.7531077869274]]]}}, {"type": "Feature", "properties": {"zone_id": "0203WZWEW9WHVUBG1S44U4", "tract_id": "34017000102", "city": "JERSEY CITY, NJ", "zone_code": "R-1", "zone_category": "Residential", "ev_permitted": false}, "geometry": {"type": "Polygon", "coordinates": [[[-74.0538642027898, 40.7529942898052], [-74.0538292109806, 40.7530476557831], [-74.0541506344213, 40.7531717327379], [-74.0541881099437, 40.7531151017186], [-74.0538642027898, 40.7529942898052]]]}}, {"type": "Feature", "properties": {"zone_id": "02060I7VLXX71ZAANECOU3", "tract_id": "34017000102", "city": "JERSEY CITY, NJ", "zone_code": "R-1", "zone_category": "Residential", "ev_permitted": false}, "geometry": {"type": "Polygon", "coordinates": [[[-74.0538292109806, 40.7530476557831], [-74.0537897826186, 40.7531077869274], [-74.0541109156905, 40.7532317520968], [-74.0541506344213, 40.7531717327379], [-74.0538292109806, 40.7530476557831]]]}}, {"type": "Feature", "properties": {"zone_id": "0201877R3G9FM6BWV5AOPT", "tract_id": "34017000102", "city": "JERSEY CITY, NJ", "zone_code": "R-1", "zone_category": "Residential", "ev_permitted": false}, "geometry": {"type": "Polygon", "coordinates": [[[-74.0532120152445, 40.7529445751841], [-74.0531539891272, 40.7530345309419], [-74.0535079526144, 40.7531685205565], [-74.053567791923, 40.7530772603795], [-74.0532120152445, 40.7529445751841]], [[-74.05328537321, 40.7529849479278], [-74.0535194500058, 40.7530735556801], [-74.0534743455759, 40.7531437126204], [-74.0532402685897, 40.7530551056773], [-74.05328537321, 40.7529849479278]]]}}, {"type": "Feature", "properties": {"zone_id": "0200MT3HDK2RMTCKSUD5PL", "tract_id": "34017000102", "city": "JERSEY CITY, NJ", "zone_code": "R-1", "zone_category": "Residential", "ev_permitted": false}, "geometry": {"type": "Polygon", "coordinates": [[[-74.0532626856886, 40.7530202361186], [-74.0532402685897, 40.7530551056773], [-74.0534743455759, 40.7531437126204], [-74.0534970318382, 40.7531084252844], [-74.0532626856886, 40.7530202361186]]]}}, {"type": "Feature", "properties": {"zone_id": "0202WYKBKXJR0XSOIB9LHK", "tract_id": "34017000102", "city": "JERSEY CITY, NJ", "zone_code": "R-1", "zone_category": "Residential", "ev_permitted": false}, "geometry": {"type": "Polygon", "coordinates": [[[-74.05328537321, 40.7529849479278], [-74.0532626856886, 40.7530202361186], [-74.0534970318382, 40.7531084252844], [-74.0535194500058, 40.7530735556801], [-74.05328537321, 40.7529849479278]]]}}, {"type": "Feature", "properties": {"zone_id": "02016XOCCUS4UEJQU1IWYT", "tract_id": "34017000102", "city": "JERSEY CITY, NJ", "zone_code": "R-1", "zone_category": "Residential", "ev_permitted": false}, "geometry": {"type": "Polygon", "coordinates": [[[-74.0542648382939, 40.752840304387], [-74.0541070946502, 40.7530848847177], [-74.0541881099437, 40.7531151017186], [-74.0543454488956, 40.7528711483261], [-74.0542648382939, 40.752840304387]]]}}, {"type": "Feature", "properties": {"zone_id": "0206O6TE6NNOB2E9ZU5G8L", "tract_id": "34017000102", "city": "JERSEY CITY, NJ", "zone_code": "R-1", "zone_category": "Residential", "ev_permitted": false}, "geometry": {"type": "Polygon", "coordinates": [[[-74.0541036161369, 40.7527786154355], [-74.0539450631063, 40.7530244496408], [-74.0540260782522, 40.753054666755], [-74.0541842277731, 40.7528094594913], [-74.0541036161369, 40.7527786154355]]]}}, {"type": "Feature", "properties": {"zone_id": "0202LRMM012KNMMSD8P1RT", "tract_id": "34017000102", "city": "JERSEY CITY, NJ", "zone_code": "R-1", "zone_category": "Residential", "ev_permitted": false}, "geometry": {"type": "Polygon", "coordinates": [[[-74.0543454488956, 40.7528711483261], [-74.0542246344354, 40.7530584706155], [-74.0542871679042, 40.7530817942052], [-74.0544076699064, 40.7528949560617], [-74.0543454488956, 40.7528711483261]]]}}, {"type": "Feature", "properties": {"zone_id": "0202G9N8AGB40BI0B84V69", "tract_id": "34017000102", "city": "JERSEY CITY, NJ", "zone_code": "R-1", "zone_category": "Residential", "ev_permitted": false}, "geometry": {"type": "Polygon", "coordinates": [[[-74.0541842277731, 40.7528094594913], [-74.0540260782522, 40.753054666755], [-74.0541070946502, 40.7530848847177], [-74.0542648382939, 40.752840304387], [-74.0541842277731, 40.7528094594913]]]}}, {"type": "Feature", "properties": {"zone_id": "0201GWS70LWLD2FRU50PBR", "tract_id": "34017000102", "city": "JERSEY CITY, NJ", "zone_code": "R-1", "zone_category": "Residential", "ev_permitted": false}, "geometry": {"type": "Polygon", "coordinates": [[[-74.0537517315464, 40.7526439683421], [-74.0535927612848, 40.7528904209599], [-74.0536707350623, 40.7529202618219], [-74.0538318077357, 40.7526746106435], [-74.0537517315464, 40.7526439683421]]]}}, {"type": "Feature", "properties": {"zone_id": "0200B7ATNZMLB7CZEGDDUU", "tract_id": "34017000102", "city": "JERSEY CITY, NJ", "zone_code": "R-1", "zone_category": "Residential", "ev_permitted": false}, "geometry": {"type": "Polygon", "coordinates": [[[-74.0540252737504, 40.7527486383526], [-74.0538642027898, 40.7529942898052], [-74.0539450631063, 40.7530244496408], [-74.0541036161369, 40.7527786154355], [-74.0540252737504, 40.7527486383526]]]}}, {"type": "Feature", "properties": {"zone_id": "02069FIFBZXBO6UQP1522P", "tract_id": "34017000102", "city": "JERSEY CITY, NJ", "zone_code": "R-1", "zone_category": "Residential", "ev_permitted": false}, "geometry": {"type": "Polygon", "coordinates": [[[-74.0535915805677, 40.7525826844785], [-74.0534326134596, 40.7528291305858], [-74.0535126873352, 40.7528597758005], [-74.0536716566092, 40.7526133268906], [-74.0535915805677, 40.7525826844785]]]}}, {"type": "Feature", "properties": {"zone_id": "020655IGO8AQZE42WR2FD7", "tract_id": "34017000102", "city": "JERSEY CITY, NJ", "zone_code": "R-1", "zone_category": "Residential", "ev_permitted": false}, "geometry": {"type": "Polygon", "coordinates": [[[-74.0536716566092, 40.7526133268906], [-74.0535126873352, 40.7528597758005], [-74.0535927612848, 40.7528904209599], [-74.0537517315464, 40.7526439683421], [-74.0536716566092, 40.7526133268906]]]}}, {"type": "Feature", "properties": {"zone_id": "0203DKYENLODX9NEEMK9M5", "tract_id": "34017000102", "city": "JERSEY CITY, NJ", "zone_code": "R-1", "zone_category": "Residential", "ev_permitted": false}, "geometry": {"type": "Polygon", "coordinates": [[[-74.0533090316901, 40.7528652711671], [-74.053269303056, 40.7529268617269], [-74.0532323349358, 40.752913074717], [-74.0532120152445, 40.7529445751841], [-74.053567791923, 40.7530772603795], [-74.0536276298768, 40.7529860010652], [-74.0533090316901, 40.7528652711671]]]}}, {"type": "Feature", "properties": {"zone_id": "020144ZJ0DPE8ID0PIDGGW", "tract_id": "34017000102", "city": "JERSEY CITY, NJ", "zone_code": "R-1", "zone_category": "Residential", "ev_permitted": false}, "geometry": {"type": "Polygon", "coordinates": [[[-74.053352195914, 40.7527983543008], [-74.0533090316901, 40.7528652711671], [-74.0536276298768, 40.7529860010652], [-74.0536707350623, 40.7529202618219], [-74.053352195914, 40.7527983543008]]]}}, {"type": "Feature", "properties": {"zone_id": "02078CAJCMENLCZ7AWCQ2C", "tract_id": "34017000102", "city": "JERSEY CITY, NJ", "zone_code": "R-1", "zone_category": "Residential", "ev_permitted": false}, "geometry": {"type": "Polygon", "coordinates": [[[-74.0535111620414, 40.7525519110013], [-74.053352195914, 40.7527983543008], [-74.0534326134596, 40.7528291305858], [-74.0535915805677, 40.7525826844785], [-74.0535111620414, 40.7525519110013]]]}}, {"type": "Feature", "properties": {"zone_id": "02030Q7NNG4PBMXIVA9MGP", "tract_id": "34017000102", "city": "JERSEY CITY, NJ", "zone_code": "R-1", "zone_category": "Residential", "ev_permitted": false}, "geometry": {"type": "Polygon", "coordinates": [[[-74.052856194521, 40.7552900693001], [-74.0528195370128, 40.7553460447023], [-74.0530566961404, 40.7554358558875], [-74.053093530702, 40.7553799468392], [-74.052856194521, 40.7552900693001]]]}}, {"type": "Feature", "properties": {"zone_id": "02058E8JZZH41N184ZYJI2", "tract_id": "34017000102", "city": "JERSEY CITY, NJ", "zone_code": "R-1", "zone_category": "Residential", "ev_permitted": false}, "geometry": {"type": "Polygon", "coordinates": [[[-74.0528195370128, 40.7553460447023], [-74.0527836284955, 40.755400874745], [-74.0530184066002, 40.7554939738339], [-74.0530566961404, 40.7554358558875], [-74.0528195370128, 40.7553460447023]]]}}, {"type": "Feature", "properties": {"zone_id": "02024TXGQCVQBF5X82H638", "tract_id": "34017000102", "city": "JERSEY CITY, NJ", "zone_code": "R-1", "zone_category": "Residential", "ev_permitted": false}, "geometry": {"type": "Polygon", "coordinates": [[[-74.05277542838, 40.7552594830972], [-74.0527036112963, 40.7553691449461], [-74.0527836284955, 40.755400874745], [-74.052856194521, 40.7552900693001], [-74.05277542838, 40.7552594830972]]]}}, {"type": "Feature", "properties": {"zone_id": "02069SLBFXBAIKUFAHVHZV", "tract_id": "34017000102", "city": "JERSEY CITY, NJ", "zone_code": "R-1", "zone_category": "Residential", "ev_permitted": false}, "geometry": {"type": "Polygon", "coordinates": [[[-74.0529319809195, 40.7550204296882], [-74.0528917531326, 40.7550818578546], [-74.0532104159497, 40.7552025332855], [-74.053250838435, 40.7551411787102], [-74.0529319809195, 40.7550204296882]]]}}, {"type": "Feature", "properties": {"zone_id": "0204KX167G2C5OUMCPPGF3", "tract_id": "34017000102", "city": "JERSEY CITY, NJ", "zone_code": "R-1", "zone_category": "Residential", "ev_permitted": false}, "geometry": {"type": "Polygon", "coordinates": [[[-74.0528917531326, 40.7550818578546], [-74.0528273873356, 40.7551801427049], [-74.0531457409997, 40.7553007009392], [-74.0532104159497, 40.7552025332855], [-74.0528917531326, 40.7550818578546]], [[-74.0530423836057, 40.7551603655674], [-74.0531910195991, 40.7552166532621], [-74.0531425136659, 40.7552902794489], [-74.0529938763662, 40.7552339916873], [-74.0530423836057, 40.7551603655674]]]}}, {"type": "Feature", "properties": {"zone_id": "0206Y1E1Z3K2LZCV5LZSQV", "tract_id": "34017000102", "city": "JERSEY CITY, NJ", "zone_code": "R-1", "zone_category": "Residential", "ev_permitted": false}, "geometry": {"type": "Polygon", "coordinates": [[[-74.0530181299994, 40.7551971786301], [-74.0529938763662, 40.7552339916873], [-74.0531425136659, 40.7552902794489], [-74.0531667660538, 40.755253466356], [-74.0530181299994, 40.7551971786301]]]}}, {"type": "Feature", "properties": {"zone_id": "0206D73M36S6U4RTE3S6OI", "tract_id": "34017000102", "city": "JERSEY CITY, NJ", "zone_code": "R-1", "zone_category": "Residential", "ev_permitted": false}, "geometry": {"type": "Polygon", "coordinates": [[[-74.0530423836057, 40.7551603655674], [-74.0530181299994, 40.7551971786301], [-74.0531667660538, 40.755253466356], [-74.0531910195991, 40.7552166532621], [-74.0530423836057, 40.7551603655674]]]}}, {"type": "Feature", "properties": {"zone_id": "0204WHM6M3Y7I3QR2Z9Z8S", "tract_id": "34017000102", "city": "JERSEY CITY, NJ", "zone_code": "R-1", "zone_category": "Residential", "ev_permitted": false}, "geometry": {"type": "Polygon", "coordinates": [[[-74.0525574785747, 40.7549870093188], [-74.0525059849223, 40.75506563723], [-74.0528194709711, 40.7551922312433], [-74.0528709631702, 40.755113603188], [-74.0525574785747, 40.7549870093188]]]}}, {"type": "Feature", "properties": {"zone_id": "0206DCB4FPROUH1D3DRDSR", "tract_id": "34017000102", "city": "JERSEY CITY, NJ", "zone_code": "R-1", "zone_category": "Residential", "ev_permitted": false}, "geometry": {"type": "Polygon", "coordinates": [[[-74.0528273873356, 40.7551801427049], [-74.05277542838, 40.7552594830972], [-74.053093530702, 40.7553799468392], [-74.0531457409997, 40.7553007009392], [-74.0528273873356, 40.7551801427049]]]}}, {"type": "Feature", "properties": {"zone_id": "020420ZU54IHYCE9DD1OT3", "tract_id": "34017000102", "city": "JERSEY CITY, NJ", "zone_code": "R-1", "zone_category": "Residential", "ev_permitted": false}, "geometry": {"type": "Polygon", "coordinates": [[[-74.0525059849223, 40.75506563723], [-74.0524693588527, 40.7551214910654], [-74.0527840698666, 40.7552462878476], [-74.0528194709711, 40.7551922312433], [-74.0525059849223, 40.75506563723]]]}}, {"type": "Feature", "properties": {"zone_id": "0201FOPDXGJNZEC186RIZB", "tract_id": "34017000102", "city": "JERSEY CITY, NJ", "zone_code": "R-1", "zone_category": "Residential", "ev_permitted": false}, "geometry": {"type": "Polygon", "coordinates": [[[-74.0524693588527, 40.7551214910654], [-74.0524290892387, 40.7551829026961], [-74.0527438406217, 40.7553077159541], [-74.0527840698666, 40.7552462878476], [-74.0524693588527, 40.7551214910654]]]}}, {"type": "Feature", "properties": {"zone_id": "0200LZ5YTPDIKIX6Y9OZSP", "tract_id": "34017000102", "city": "JERSEY CITY, NJ", "zone_code": "R-1", "zone_category": "Residential", "ev_permitted": false}, "geometry": {"type": "Polygon", "coordinates": [[[-74.0524290892387, 40.7551829026961], [-74.052388818366, 40.7552443143071], [-74.0527036112963, 40.7553691449461], [-74.0527438406217, 40.7553077159541], [-74.0524290892387, 40.7551829026961]]]}}, {"type": "Feature", "properties": {"zone_id": "02058GEI4W9F7XA5O2P8HT", "tract_id": "34017000102", "city": "JERSEY CITY, NJ", "zone_code": "R-1", "zone_category": "Residential", "ev_permitted": false}, "geometry": {"type": "Polygon", "coordinates": [[[-74.0519283694322, 40.7549842993365], [-74.0518865083455, 40.7550450858962], [-74.0521967469463, 40.7551681485929], [-74.0522370179546, 40.7551067361482], [-74.0519283694322, 40.7549842993365]]]}}, {"type": "Feature", "properties": {"zone_id": "0205CZEDINMJXM4PGUE2O3", "tract_id": "34017000102", "city": "JERSEY CITY, NJ", "zone_code": "R-1", "zone_category": "Residential", "ev_permitted": false}, "geometry": {"type": "Polygon", "coordinates": [[[-74.0529762325883, 40.7549528579718], [-74.0529319809195, 40.7550204296882], [-74.053250838435, 40.7551411787102], [-74.0532953024898, 40.7550736887477], [-74.0529762325883, 40.7549528579718]]]}}, {"type": "Feature", "properties": {"zone_id": "0206GP9D7JUYXMXEFZHZBW", "tract_id": "34017000102", "city": "JERSEY CITY, NJ", "zone_code": "R-1", "zone_category": "Residential", "ev_permitted": false}, "geometry": {"type": "Polygon", "coordinates": [[[-74.0530615385126, 40.7548225967989], [-74.0530202245145, 40.7548856832915], [-74.0533395056371, 40.7550065931154], [-74.0533810190457, 40.7549435829305], [-74.0530615385126, 40.7548225967989]]]}}, {"type": "Feature", "properties": {"zone_id": "0203A2ZOKO3ZXMYE6MDOND", "tract_id": "34017000102", "city": "JERSEY CITY, NJ", "zone_code": "R-1", "zone_category": "Residential", "ev_permitted": false}, "geometry": {"type": "Polygon", "coordinates": [[[-74.0530202245145, 40.7548856832915], [-74.0529762325883, 40.7549528579718], [-74.0532953024898, 40.7550736887477], [-74.0533395056371, 40.7550065931154], [-74.0530202245145, 40.7548856832915]]]}}, {"type": "Feature", "properties": {"zone_id": "0205LY1ZY832GSHYYRNWD9", "tract_id": "34017000102", "city": "JERSEY CITY, NJ", "zone_code": "R-1", "zone_category": "Residential", "ev_permitted": false}, "geometry": {"type": "Polygon", "coordinates": [[[-74.0531021488645, 40.7547605855698], [-74.0530615385126, 40.7548225967989], [-74.0533810190457, 40.7549435829305], [-74.0534214412217, 40.7548822273905], [-74.0531021488645, 40.7547605855698]]]}}, {"type": "Feature", "properties": {"zone_id": "0201ZN6D163Z980ZJBRMXI", "tract_id": "34017000102", "city": "JERSEY CITY, NJ", "zone_code": "R-1", "zone_category": "Residential", "ev_permitted": false}, "geometry": {"type": "Polygon", "coordinates": [[[-74.0526380692159, 40.7548642077617], [-74.0525977999201, 40.754925618555], [-74.0529111921798, 40.7550521750339], [-74.0529514199368, 40.7549907459596], [-74.0526380692159, 40.7548642077617]]]}}, {"type": "Feature", "properties": {"zone_id": "0205SR1J08AR2LHB0NN4IB", "tract_id": "34017000102", "city": "JERSEY CITY, NJ", "zone_code": "R-1", "zone_category": "Residential", "ev_permitted": false}, "geometry": {"type": "Polygon", "coordinates": [[[-74.0527186087804, 40.7547413843332], [-74.0526782982807, 40.754802780587], [-74.0529916487976, 40.7549293177754], [-74.0530318763997, 40.7548678895715], [-74.0527186087804, 40.7547413843332]]]}}, {"type": "Feature", "properties": {"zone_id": "020079VMPDY0T6P4W7GU8B", "tract_id": "34017000102", "city": "JERSEY CITY, NJ", "zone_code": "R-1", "zone_category": "Residential", "ev_permitted": false}, "geometry": {"type": "Polygon", "coordinates": [[[-74.0525977999201, 40.754925618555], [-74.0525574785747, 40.7549870093188], [-74.0528709631702, 40.755113603188], [-74.0529111921798, 40.7550521750339], [-74.0525977999201, 40.754925618555]]]}}, {"type": "Feature", "properties": {"zone_id": "0204L04HWH8LBLEA68XM8G", "tract_id": "34017000102", "city": "JERSEY CITY, NJ", "zone_code": "R-1", "zone_category": "Residential", "ev_permitted": false}, "geometry": {"type": "Polygon", "coordinates": [[[-74.0526782982807, 40.754802780587], [-74.0526380692159, 40.7548642077617], [-74.0529514199368, 40.7549907459596], [-74.0529916487976, 40.7549293177754], [-74.0526782982807, 40.754802780587]]]}}, {"type": "Feature", "properties": {"zone_id": "0207FGS09X2H0EUNJJQ7SH", "tract_id": "34017000102", "city": "JERSEY CITY, NJ", "zone_code": "R-1", "zone_category": "Residential", "ev_permitted": false}, "geometry": {"type": "Polygon", "coordinates": [[[-74.052909762667, 40.7544498715853], [-74.0528694926774, 40.754511284277], [-74.0531826059719, 40.7546377263717], [-74.0532228344109, 40.7545762972004], [-74.052909762667, 40.7544498715853]], [[-74.0529465622408, 40.7544712572046], [-74.0531499340247, 40.7545527617892], [-74.0531174291313, 40.7546023970219], [-74.0529137023074, 40.7545213692174], [-74.0529465622408, 40.7544712572046]]]}}, {"type": "Feature", "properties": {"zone_id": "02051GS5Z0PQ75X3YRQHA0", "tract_id": "34017000102", "city": "JERSEY CITY, NJ", "zone_code": "R-1", "zone_category": "Residential", "ev_permitted": false}, "geometry": {"type": "Polygon", "coordinates": [[[-74.0531826059719, 40.7546377263717], [-74.0531423774585, 40.754699155528], [-74.0534618633231, 40.7548208718353], [-74.0535022853497, 40.754759516265], [-74.0531826059719, 40.7546377263717]]]}}, {"type": "Feature", "properties": {"zone_id": "020520TACS3M6NACGSGBHI", "tract_id": "34017000102", "city": "JERSEY CITY, NJ", "zone_code": "R-1", "zone_category": "Residential", "ev_permitted": false}, "geometry": {"type": "Polygon", "coordinates": [[[-74.0531423774585, 40.754699155528], [-74.0531021488645, 40.7547605855698], [-74.0534214412217, 40.7548822273905], [-74.0534618633231, 40.7548208718353], [-74.0531423774585, 40.754699155528]]]}}, {"type": "Feature", "properties": {"zone_id": "0200O1VA6KAGBO01ET1997", "tract_id": "34017000102", "city": "JERSEY CITY, NJ", "zone_code": "R-1", "zone_category": "Residential", "ev_permitted": false}, "geometry": {"type": "Polygon", "coordinates": [[[-74.0528694926774, 40.754511284277], [-74.0528292226195, 40.7545726960531], [-74.0531423774585, 40.754699155528], [-74.0531826059719, 40.7546377263717], [-74.0528694926774, 40.754511284277]]]}}, {"type": "Feature", "properties": {"zone_id": "0202SXLLF6KCT7KIM7G5O3", "tract_id": "34017000102", "city": "JERSEY CITY, NJ", "zone_code": "R-1", "zone_category": "Residential", "ev_permitted": false}, "geometry": {"type": "Polygon", "coordinates": [[[-74.0530482486655, 40.7545120090935], [-74.0530155656572, 40.7545618831644], [-74.0531174291313, 40.7546023970219], [-74.0531499340247, 40.7545527617892], [-74.0530482486655, 40.7545120090935]]]}}, {"type": "Feature", "properties": {"zone_id": "0200JWSMZJRJ5I8AEM5UNB", "tract_id": "34017000102", "city": "JERSEY CITY, NJ", "zone_code": "R-1", "zone_category": "Residential", "ev_permitted": false}, "geometry": {"type": "Polygon", "coordinates": [[[-74.0527550901266, 40.7546856802518], [-74.0527186087804, 40.7547413843332], [-74.0530318763997, 40.7548678895715], [-74.0530683563712, 40.7548121853868], [-74.0527550901266, 40.7546856802518]]]}}, {"type": "Feature", "properties": {"zone_id": "0202WFVLQQ0FBFT6P4F79X", "tract_id": "34017000102", "city": "JERSEY CITY, NJ", "zone_code": "R-1", "zone_category": "Residential", "ev_permitted": false}, "geometry": {"type": "Polygon", "coordinates": [[[-74.0528292226195, 40.7545726960531], [-74.0527888827964, 40.7546340805264], [-74.0531021488645, 40.7547605855698], [-74.0531423774585, 40.754699155528], [-74.0528292226195, 40.7545726960531]]]}}, {"type": "Feature", "properties": {"zone_id": "0206A4396KR7F0RHPSBJBE", "tract_id": "34017000102", "city": "JERSEY CITY, NJ", "zone_code": "R-1", "zone_category": "Residential", "ev_permitted": false}, "geometry": {"type": "Polygon", "coordinates": [[[-74.0527888827964, 40.7546340805264], [-74.0527550901266, 40.7546856802518], [-74.0530683563712, 40.7548121853868], [-74.0531021488645, 40.7547605855698], [-74.0527888827964, 40.7546340805264]]]}}, {"type": "Feature", "properties": {"zone_id": "0202PXEGR9BD71MZIAWAPH", "tract_id": "34017000102", "city": "JERSEY CITY, NJ", "zone_code": "R-1", "zone_category": "Residential", "ev_permitted": false}, "geometry": {"type": "Polygon", "coordinates": [[[-74.0519949815195, 40.7547784358702], [-74.0519517265016, 40.7548413694501], [-74.052314728729, 40.7549882284576], [-74.0523577049036, 40.754922689161], [-74.0519949815195, 40.7547784358702]]]}}, {"type": "Feature", "properties": {"zone_id": "0202CQ3UJ328GAEAPO9048", "tract_id": "34017000102", "city": "JERSEY CITY, NJ", "zone_code": "R-1", "zone_category": "Residential", "ev_permitted": false}, "geometry": {"type": "Polygon", "coordinates": [[[-74.0520104385817, 40.7548651234221], [-74.0519702292641, 40.7549235118555], [-74.0522772876981, 40.7550453245844], [-74.052314728729, 40.7549882284576], [-74.0520104385817, 40.7548651234221]], [[-74.0520871809359, 40.7549064574713], [-74.0522705412228, 40.7549806389032], [-74.0522403260833, 40.7550267173393], [-74.0520562154721, 40.7549536793961], [-74.0520871809359, 40.7549064574713]]]}}, {"type": "Feature", "properties": {"zone_id": "0206FPLQ0RTANDAB3RA702", "tract_id": "34017000102", "city": "JERSEY CITY, NJ", "zone_code": "R-1", "zone_category": "Residential", "ev_permitted": false}, "geometry": {"type": "Polygon", "coordinates": [[[-74.0520404526015, 40.7547122777639], [-74.0519949815195, 40.7547784358702], [-74.0523577049036, 40.754922689161], [-74.0524015197545, 40.7548558724642], [-74.0520404526015, 40.7547122777639]]]}}, {"type": "Feature", "properties": {"zone_id": "0200JNPKYSNEXNJI9DN3QO", "tract_id": "34017000102", "city": "JERSEY CITY, NJ", "zone_code": "R-1", "zone_category": "Residential", "ev_permitted": false}, "geometry": {"type": "Polygon", "coordinates": [[[-74.0519702292641, 40.7549235118555], [-74.0519283694322, 40.7549842993365], [-74.0522370179546, 40.7551067361482], [-74.0522772876981, 40.7550453245844], [-74.0519702292641, 40.7549235118555]]]}}, {"type": "Feature", "properties": {"zone_id": "0205KFVF2GM42AA27Z2KQ7", "tract_id": "34017000102", "city": "JERSEY CITY, NJ", "zone_code": "R-1", "zone_category": "Residential", "ev_permitted": false}, "geometry": {"type": "Polygon", "coordinates": [[[-74.0521788610281, 40.7549435482235], [-74.052148270138, 40.7549901979517], [-74.0522403260833, 40.7550267173393], [-74.0522705412228, 40.7549806389032], [-74.0521788610281, 40.7549435482235]]]}}, {"type": "Feature", "properties": {"zone_id": "02004NR1VYY84Z87D6VGUZ", "tract_id": "34017000102", "city": "JERSEY CITY, NJ", "zone_code": "R-1", "zone_category": "Residential", "ev_permitted": false}, "geometry": {"type": "Polygon", "coordinates": [[[-74.0520871809359, 40.7549064574713], [-74.0520562154721, 40.7549536793961], [-74.052148270138, 40.7549901979517], [-74.0521788610281, 40.7549435482235], [-74.0520871809359, 40.7549064574713]]]}}, {"type": "Feature", "properties": {"zone_id": "0202WXC3WJZ2ZT2EGSMQ4Z", "tract_id": "34017000102", "city": "JERSEY CITY, NJ", "zone_code": "R-1", "zone_category": "Residential", "ev_permitted": false}, "geometry": {"type": "Polygon", "coordinates": [[[-74.0522697040696, 40.75444042248], [-74.0522079931725, 40.7545346475377], [-74.0525273544534, 40.7546639750164], [-74.0525935260891, 40.7545630622046], [-74.0522697040696, 40.75444042248]]]}}, {"type": "Feature", "properties": {"zone_id": "0205VRNE19SWFK9CLUCO5E", "tract_id": "34017000102", "city": "JERSEY CITY, NJ", "zone_code": "R-1", "zone_category": "Residential", "ev_permitted": false}, "geometry": {"type": "Polygon", "coordinates": [[[-74.0521724354309, 40.7545202487606], [-74.0521287525885, 40.7545838057581], [-74.0524866029795, 40.7547261205845], [-74.0525273544534, 40.7546639750164], [-74.0521724354309, 40.7545202487606]]]}}, {"type": "Feature", "properties": {"zone_id": "0204Y0LTQOGV3QLERLMTDW", "tract_id": "34017000102", "city": "JERSEY CITY, NJ", "zone_code": "R-1", "zone_category": "Residential", "ev_permitted": false}, "geometry": {"type": "Polygon", "coordinates": [[[-74.0521287525885, 40.7545838057581], [-74.0520846032298, 40.7546480417723], [-74.0524440614055, 40.7547909969831], [-74.0524866029795, 40.7547261205845], [-74.0521287525885, 40.7545838057581]]]}}, {"type": "Feature", "properties": {"zone_id": "02055X4WC8KYRNR4BQWUQP", "tract_id": "34017000102", "city": "JERSEY CITY, NJ", "zone_code": "R-1", "zone_category": "Residential", "ev_permitted": false}, "geometry": {"type": "Polygon", "coordinates": [[[-74.0520846032298, 40.7546480417723], [-74.0520404526015, 40.7547122777639], [-74.0524015197545, 40.7548558724642], [-74.0524440614055, 40.7547909969831], [-74.0520846032298, 40.7546480417723]]]}}, {"type": "Feature", "properties": {"zone_id": "0201RBOBFV7LGPOUSJ1XMP", "tract_id": "34017000102", "city": "JERSEY CITY, NJ", "zone_code": "R-1", "zone_category": "Residential", "ev_permitted": false}, "geometry": {"type": "Polygon", "coordinates": [[[-74.0505497433462, 40.7552491718868], [-74.0504662673754, 40.7553708584138], [-74.0507517572374, 40.7554841067415], [-74.0508353828423, 40.7553624791305], [-74.0505497433462, 40.7552491718868]]]}}, {"type": "Feature", "properties": {"zone_id": "0206L68WBQ9IYLVWAV8B1O", "tract_id": "34017000102", "city": "JERSEY CITY, NJ", "zone_code": "R-1", "zone_category": "Residential", "ev_permitted": false}, "geometry": {"type": "Polygon", "coordinates": [[[-74.0507320399395, 40.7549780941528], [-74.0506903596154, 40.7550389602326], [-74.0509791829984, 40.7551533314052], [-74.0510209954257, 40.7550925170695], [-74.0507320399395, 40.7549780941528]]]}}, {"type": "Feature", "properties": {"zone_id": "0206K5N9B9S4CKJ1EH9R55", "tract_id": "34017000102", "city": "JERSEY CITY, NJ", "zone_code": "R-1", "zone_category": "Residential", "ev_permitted": false}, "geometry": {"type": "Polygon", "coordinates": [[[-74.0506903596154, 40.7550389602326], [-74.050647153051, 40.7551020529116], [-74.0509357331579, 40.7552165268124], [-74.0509791829984, 40.7551533314052], [-74.0506903596154, 40.7550389602326]]]}}, {"type": "Feature", "properties": {"zone_id": "0206DLI270AW3X8LFZWRUV", "tract_id": "34017000102", "city": "JERSEY CITY, NJ", "zone_code": "R-1", "zone_category": "Residential", "ev_permitted": false}, "geometry": {"type": "Polygon", "coordinates": [[[-74.0519312971599, 40.7548331046951], [-74.051807027136, 40.7550135574865], [-74.0518865083455, 40.7550450858962], [-74.0520104385817, 40.7548651234221], [-74.0519312971599, 40.7548331046951]]]}}, {"type": "Feature", "properties": {"zone_id": "02039DJ6HYT25MRR4UMYA6", "tract_id": "34017000102", "city": "JERSEY CITY, NJ", "zone_code": "R-1", "zone_category": "Residential", "ev_permitted": false}, "geometry": {"type": "Polygon", "coordinates": [[[-74.051576417636, 40.7547672821232], [-74.0515346165536, 40.754828100311], [-74.0518488882808, 40.754952770055], [-74.0518907505394, 40.7548919817113], [-74.051576417636, 40.7547672821232]]]}}, {"type": "Feature", "properties": {"zone_id": "0205V64793PQ01TPUMF008", "tract_id": "34017000102", "city": "JERSEY CITY, NJ", "zone_code": "R-1", "zone_category": "Residential", "ev_permitted": false}, "geometry": {"type": "Polygon", "coordinates": [[[-74.0515346165536, 40.754828100311], [-74.0514928154008, 40.754888917582], [-74.051807027136, 40.7550135574865], [-74.0518488882808, 40.754952770055], [-74.0515346165536, 40.754828100311]], [[-74.0515418641772, 40.754841361712], [-74.0517579512847, 40.7549270860716], [-74.0517238375638, 40.7549766209974], [-74.0515077515252, 40.7548908965787], [-74.0515418641772, 40.754841361712]]]}}, {"type": "Feature", "properties": {"zone_id": "0205PW3JGF1Y05VWN6BORF", "tract_id": "34017000102", "city": "JERSEY CITY, NJ", "zone_code": "R-1", "zone_category": "Residential", "ev_permitted": false}, "geometry": {"type": "Polygon", "coordinates": [[[-74.0515418641772, 40.754841361712], [-74.0515248072654, 40.7548661291444], [-74.0517406875255, 40.7549521544292], [-74.0517579512847, 40.7549270860716], [-74.0515418641772, 40.754841361712]]]}}, {"type": "Feature", "properties": {"zone_id": "0204I1V7S0HZ8PWLO8ZE3S", "tract_id": "34017000102", "city": "JERSEY CITY, NJ", "zone_code": "R-1", "zone_category": "Residential", "ev_permitted": false}, "geometry": {"type": "Polygon", "coordinates": [[[-74.0515248072654, 40.7548661291444], [-74.0515077515252, 40.7548908965787], [-74.0517238375638, 40.7549766209974], [-74.0517406875255, 40.7549521544292], [-74.0515248072654, 40.7548661291444]]]}}, {"type": "Feature", "properties": {"zone_id": "02051KEWN73YW38WMKQSU9", "tract_id": "34017000102", "city": "JERSEY CITY, NJ", "zone_code": "R-1", "zone_category": "Residential", "ev_permitted": false}, "geometry": {"type": "Polygon", "coordinates": [[[-74.0517083038345, 40.7545753964725], [-74.0516629078658, 40.7546414448693], [-74.0519949815195, 40.7547784358702], [-74.0520404526015, 40.7547122777639], [-74.0517083038345, 40.7545753964725]]]}}, {"type": "Feature", "properties": {"zone_id": "02045RA4KWLMQ0GDQSRC7C", "tract_id": "34017000102", "city": "JERSEY CITY, NJ", "zone_code": "R-1", "zone_category": "Residential", "ev_permitted": false}, "geometry": {"type": "Polygon", "coordinates": [[[-74.0516629078658, 40.7546414448693], [-74.0516182317837, 40.7547064468591], [-74.0519517265016, 40.7548413694501], [-74.0519949815195, 40.7547784358702], [-74.0516629078658, 40.7546414448693]]]}}, {"type": "Feature", "properties": {"zone_id": "0205P6W7UZO3OC31C56EFQ", "tract_id": "34017000102", "city": "JERSEY CITY, NJ", "zone_code": "R-1", "zone_category": "Residential", "ev_permitted": false}, "geometry": {"type": "Polygon", "coordinates": [[[-74.0516182317837, 40.7547064468591], [-74.051576417636, 40.7547672821232], [-74.0518907505394, 40.7548919817113], [-74.0519312971599, 40.7548331046951], [-74.0516182317837, 40.7547064468591]]]}}, {"type": "Feature", "properties": {"zone_id": "02060UTN2Q3179KOM605PC", "tract_id": "34017000102", "city": "JERSEY CITY, NJ", "zone_code": "R-1", "zone_category": "Residential", "ev_permitted": false}, "geometry": {"type": "Polygon", "coordinates": [[[-74.0517946990705, 40.7544496983371], [-74.0517514261469, 40.7545126569925], [-74.0520846032298, 40.7546480417723], [-74.0521287525885, 40.7545838057581], [-74.0517946990705, 40.7544496983371]]]}}, {"type": "Feature", "properties": {"zone_id": "0203A6BKTTP2IGE6ZBHBVA", "tract_id": "34017000102", "city": "JERSEY CITY, NJ", "zone_code": "R-1", "zone_category": "Residential", "ev_permitted": false}, "geometry": {"type": "Polygon", "coordinates": [[[-74.0517514261469, 40.7545126569925], [-74.0517083038345, 40.7545753964725], [-74.0520404526015, 40.7547122777639], [-74.0520846032298, 40.7546480417723], [-74.0517514261469, 40.7545126569925]]]}}, {"type": "Feature", "properties": {"zone_id": "0204AUHNOI8E1461B52I5V", "tract_id": "34017000102", "city": "JERSEY CITY, NJ", "zone_code": "R-1", "zone_category": "Residential", "ev_permitted": false}, "geometry": {"type": "Polygon", "coordinates": [[[-74.0508570804536, 40.7547954958169], [-74.0508154003586, 40.7548563619449], [-74.0511046200385, 40.7549708901505], [-74.0511464322361, 40.7549100757662], [-74.0508570804536, 40.7547954958169]], [[-74.0509010001818, 40.7548190775103], [-74.0510762880039, 40.7548884896323], [-74.0510411661992, 40.7549395730483], [-74.0508658782804, 40.754870160873], [-74.0509010001818, 40.7548190775103]]]}}, {"type": "Feature", "properties": {"zone_id": "02032QHK0CJ7BRXVDIECGZ", "tract_id": "34017000102", "city": "JERSEY CITY, NJ", "zone_code": "R-1", "zone_category": "Residential", "ev_permitted": false}, "geometry": {"type": "Polygon", "coordinates": [[[-74.0508987616564, 40.7547346296773], [-74.0508570804536, 40.7547954958169], [-74.0511464322361, 40.7549100757662], [-74.0511882443511, 40.7548492622663], [-74.0508987616564, 40.7547346296773]]]}}, {"type": "Feature", "properties": {"zone_id": "0206OP7FC1QKFV0W09DNTY", "tract_id": "34017000102", "city": "JERSEY CITY, NJ", "zone_code": "R-1", "zone_category": "Residential", "ev_permitted": false}, "geometry": {"type": "Polygon", "coordinates": [[[-74.0509010001818, 40.7548190775103], [-74.0508834392379, 40.7548446191931], [-74.0510587271083, 40.7549140313417], [-74.0510762880039, 40.7548884896323], [-74.0509010001818, 40.7548190775103]]]}}, {"type": "Feature", "properties": {"zone_id": "0206YRFML52RJG66TKVMXY", "tract_id": "34017000102", "city": "JERSEY CITY, NJ", "zone_code": "R-1", "zone_category": "Residential", "ev_permitted": false}, "geometry": {"type": "Polygon", "coordinates": [[[-74.0508834392379, 40.7548446191931], [-74.0508658782804, 40.754870160873], [-74.0510411661992, 40.7549395730483], [-74.0510587271083, 40.7549140313417], [-74.0508834392379, 40.7548446191931]]]}}, {"type": "Feature", "properties": {"zone_id": "02067YSEC4OC428DRGIJVR", "tract_id": "34017000102", "city": "JERSEY CITY, NJ", "zone_code": "R-1", "zone_category": "Residential", "ev_permitted": false}, "geometry": {"type": "Polygon", "coordinates": [[[-74.050655320194, 40.7547929714294], [-74.0504871310788, 40.7550385750344], [-74.0505671420237, 40.7550703144509], [-74.050735359646, 40.7548246667125], [-74.050655320194, 40.7547929714294]]]}}, {"type": "Feature", "properties": {"zone_id": "0206BCL7TO3W3VP7DC64RS", "tract_id": "34017000102", "city": "JERSEY CITY, NJ", "zone_code": "R-1", "zone_category": "Residential", "ev_permitted": false}, "geometry": {"type": "Polygon", "coordinates": [[[-74.0507737201873, 40.7549172280569], [-74.0507320399395, 40.7549780941528], [-74.0510209954257, 40.7550925170695], [-74.0510628077704, 40.7550317036181], [-74.0507737201873, 40.7549172280569]]]}}, {"type": "Feature", "properties": {"zone_id": "0204TU0UWQETEACCU68SXF", "tract_id": "34017000102", "city": "JERSEY CITY, NJ", "zone_code": "R-1", "zone_category": "Residential", "ev_permitted": false}, "geometry": {"type": "Polygon", "coordinates": [[[-74.050735359646, 40.7548246667125], [-74.0505671420237, 40.7550703144509], [-74.050647153051, 40.7551020529116], [-74.0508154003586, 40.7548563619449], [-74.050735359646, 40.7548246667125]]]}}, {"type": "Feature", "properties": {"zone_id": "02037TV2X3RVZBK3P37WYU", "tract_id": "34017000102", "city": "JERSEY CITY, NJ", "zone_code": "R-1", "zone_category": "Residential", "ev_permitted": false}, "geometry": {"type": "Polygon", "coordinates": [[[-74.0508154003586, 40.7548563619449], [-74.0507737201873, 40.7549172280569], [-74.0510628077704, 40.7550317036181], [-74.0511046200385, 40.7549708901505], [-74.0508154003586, 40.7548563619449]]]}}, {"type": "Feature", "properties": {"zone_id": "0203FQAP4THXAV52GOF4QQ", "tract_id": "34017000102", "city": "JERSEY CITY, NJ", "zone_code": "R-1", "zone_category": "Residential", "ev_permitted": false}, "geometry": {"type": "Polygon", "coordinates": [[[-74.0509404415926, 40.7546737644176], [-74.0508987616564, 40.7547346296773], [-74.0511882443511, 40.7548492622663], [-74.0512300563895, 40.7547884487501], [-74.0509404415926, 40.7546737644176]]]}}, {"type": "Feature", "properties": {"zone_id": "0201Q85KOVWAAYEU6SIDO2", "tract_id": "34017000102", "city": "JERSEY CITY, NJ", "zone_code": "R-1", "zone_category": "Residential", "ev_permitted": false}, "geometry": {"type": "Polygon", "coordinates": [[[-74.0509821214584, 40.7546128982412], [-74.0509404415926, 40.7546737644176], [-74.0512300563895, 40.7547884487501], [-74.0512718683574, 40.7547276343173], [-74.0509821214584, 40.7546128982412]]]}}, {"type": "Feature", "properties": {"zone_id": "0200D6M40NDGXWTURUFVZ4", "tract_id": "34017000102", "city": "JERSEY CITY, NJ", "zone_code": "R-1", "zone_category": "Residential", "ev_permitted": false}, "geometry": {"type": "Polygon", "coordinates": [[[-74.0506619610993, 40.7544861165455], [-74.0504952391568, 40.7547295797876], [-74.0505752796342, 40.7547612760864], [-74.0507420013721, 40.7545178118284], [-74.0506619610993, 40.7544861165455]]]}}, {"type": "Feature", "properties": {"zone_id": "02073VKR4G3BP485DVHT6U", "tract_id": "34017000102", "city": "JERSEY CITY, NJ", "zone_code": "R-1", "zone_category": "Residential", "ev_permitted": false}, "geometry": {"type": "Polygon", "coordinates": [[[-74.0508220405309, 40.7545495079519], [-74.050655320194, 40.7547929714294], [-74.050735359646, 40.7548246667125], [-74.0509020809564, 40.7545812031242], [-74.0508220405309, 40.7545495079519]]]}}, {"type": "Feature", "properties": {"zone_id": "0200ZL6B5OPZEMC1JWAKXT", "tract_id": "34017000102", "city": "JERSEY CITY, NJ", "zone_code": "R-1", "zone_category": "Residential", "ev_permitted": false}, "geometry": {"type": "Polygon", "coordinates": [[[-74.0509020809564, 40.7545812031242], [-74.050735359646, 40.7548246667125], [-74.0508154003586, 40.7548563619449], [-74.0509821214584, 40.7546128982412], [-74.0509020809564, 40.7545812031242]]]}}, {"type": "Feature", "properties": {"zone_id": "0200E9UHGIJ5L03C0TO6BP", "tract_id": "34017000102", "city": "JERSEY CITY, NJ", "zone_code": "R-1", "zone_category": "Residential", "ev_permitted": false}, "geometry": {"type": "Polygon", "coordinates": [[[-74.0507420013721, 40.7545178118284], [-74.0505752796342, 40.7547612760864], [-74.050655320194, 40.7547929714294], [-74.0508220405309, 40.7545495079519], [-74.0507420013721, 40.7545178118284]]]}}, {"type": "Feature", "properties": {"zone_id": "0200ETBMAODU7NRD9FYN6C", "tract_id": "34017000102", "city": "JERSEY CITY, NJ", "zone_code": "R-1", "zone_category": "Residential", "ev_permitted": false}, "geometry": {"type": "Polygon", "coordinates": [[[-74.0530708418741, 40.7542042215681], [-74.0530305721886, 40.7542656334196], [-74.0533435192813, 40.754392009596], [-74.0533837474226, 40.7543305803644], [-74.0530708418741, 40.7542042215681]]]}}, {"type": "Feature", "properties": {"zone_id": "0204N56F9QXO7WFNWEBGT3", "tract_id": "34017000102", "city": "JERSEY CITY, NJ", "zone_code": "R-1", "zone_category": "Residential", "ev_permitted": false}, "geometry": {"type": "Polygon", "coordinates": [[[-74.0529903024226, 40.7543270461566], [-74.052950032582, 40.7543884588785], [-74.0532630627755, 40.754514868014], [-74.0533032910656, 40.7544534388125], [-74.0529903024226, 40.7543270461566]]]}}, {"type": "Feature", "properties": {"zone_id": "0201V1LOYVXLF094UQMEAJ", "tract_id": "34017000102", "city": "JERSEY CITY, NJ", "zone_code": "R-1", "zone_category": "Residential", "ev_permitted": false}, "geometry": {"type": "Polygon", "coordinates": [[[-74.052950032582, 40.7543884588785], [-74.052909762667, 40.7544498715853], [-74.0532228344109, 40.7545762972004], [-74.0532630627755, 40.754514868014], [-74.052950032582, 40.7543884588785]]]}}, {"type": "Feature", "properties": {"zone_id": "0203WZFOLCF532CQNZ8AWP", "tract_id": "34017000102", "city": "JERSEY CITY, NJ", "zone_code": "R-1", "zone_category": "Residential", "ev_permitted": false}, "geometry": {"type": "Polygon", "coordinates": [[[-74.0530305721886, 40.7542656334196], [-74.0529903024226, 40.7543270461566], [-74.0533032910656, 40.7544534388125], [-74.0533435192813, 40.754392009596], [-74.0530305721886, 40.7542656334196]]]}}, {"type": "Feature", "properties": {"zone_id": "0204ACJ04F5A77TPS2D7LQ", "tract_id": "34017000102", "city": "JERSEY CITY, NJ", "zone_code": "R-1", "zone_category": "Residential", "ev_permitted": false}, "geometry": {"type": "Polygon", "coordinates": [[[-74.0529465622408, 40.7544712572046], [-74.0529137023074, 40.7545213692174], [-74.0530155656572, 40.7545618831644], [-74.0530482486655, 40.7545120090935], [-74.0529465622408, 40.7544712572046]]]}}, {"type": "Feature", "properties": {"zone_id": "0207EXHGGDAUKYRN25M1CY", "tract_id": "34017000102", "city": "JERSEY CITY, NJ", "zone_code": "R-1", "zone_category": "Residential", "ev_permitted": false}, "geometry": {"type": "Polygon", "coordinates": [[[-74.053152360972, 40.7540799012341], [-74.0531124946502, 40.7541406995759], [-74.0534291981681, 40.7542618999783], [-74.0534693584087, 40.7542012143382], [-74.053152360972, 40.7540799012341]]]}}, {"type": "Feature", "properties": {"zone_id": "0201X5YXS5SGTSL3VORME3", "tract_id": "34017000102", "city": "JERSEY CITY, NJ", "zone_code": "R-1", "zone_category": "Residential", "ev_permitted": false}, "geometry": {"type": "Polygon", "coordinates": [[[-74.0531124946502, 40.7541406995759], [-74.0530708418741, 40.7542042215681], [-74.0533837474226, 40.7543305803644], [-74.0534291981681, 40.7542618999783], [-74.0531124946502, 40.7541406995759]]]}}, {"type": "Feature", "properties": {"zone_id": "0201OOIBKCMN92QSFSLCES", "tract_id": "34017000102", "city": "JERSEY CITY, NJ", "zone_code": "R-1", "zone_category": "Residential", "ev_permitted": false}, "geometry": {"type": "Polygon", "coordinates": [[[-74.0531922272268, 40.7540191019771], [-74.053152360972, 40.7540799012341], [-74.0534693584087, 40.7542012143382], [-74.0535095197663, 40.7541405277872], [-74.0531922272268, 40.7540191019771]]]}}, {"type": "Feature", "properties": {"zone_id": "0205BR6VCYPU75GW989VFL", "tract_id": "34017000102", "city": "JERSEY CITY, NJ", "zone_code": "R-1", "zone_category": "Residential", "ev_permitted": false}, "geometry": {"type": "Polygon", "coordinates": [[[-74.052578721364, 40.753939439467], [-74.0525382769718, 40.7540021365117], [-74.0528754224262, 40.7541331647513], [-74.0529191907689, 40.7540664170125], [-74.052578721364, 40.753939439467]]]}}, {"type": "Feature", "properties": {"zone_id": "0202FIOTNH7UXP4TLDYK6S", "tract_id": "34017000102", "city": "JERSEY CITY, NJ", "zone_code": "R-1", "zone_category": "Residential", "ev_permitted": false}, "geometry": {"type": "Polygon", "coordinates": [[[-74.0525530042666, 40.7540078592086], [-74.0525110884798, 40.7540718590928], [-74.0528351466113, 40.7541945873185], [-74.0528754224262, 40.7541331647513], [-74.0525530042666, 40.7540078592086]]]}}, {"type": "Feature", "properties": {"zone_id": "02034KO57TKQ6FAHEZF1MK", "tract_id": "34017000102", "city": "JERSEY CITY, NJ", "zone_code": "R-1", "zone_category": "Residential", "ev_permitted": false}, "geometry": {"type": "Polygon", "coordinates": [[[-74.0523903972048, 40.7542561404062], [-74.0523501658415, 40.7543175674775], [-74.0526740665631, 40.7544402370028], [-74.0527143366884, 40.7543788243792], [-74.0523903972048, 40.7542561404062]]]}}, {"type": "Feature", "properties": {"zone_id": "0206FHL9P90X6K536WXW6W", "tract_id": "34017000102", "city": "JERSEY CITY, NJ", "zone_code": "R-1", "zone_category": "Residential", "ev_permitted": false}, "geometry": {"type": "Polygon", "coordinates": [[[-74.0523501658415, 40.7543175674775], [-74.0523099355819, 40.7543789954389], [-74.0526337963634, 40.7545016496112], [-74.0526740665631, 40.7544402370028], [-74.0523501658415, 40.7543175674775]]]}}, {"type": "Feature", "properties": {"zone_id": "0205U1E9SXINX3SMX45RVY", "tract_id": "34017000102", "city": "JERSEY CITY, NJ", "zone_code": "R-1", "zone_category": "Residential", "ev_permitted": false}, "geometry": {"type": "Polygon", "coordinates": [[[-74.0523099355819, 40.7543789954389], [-74.0522697040696, 40.75444042248], [-74.0525935260891, 40.7545630622046], [-74.0526337963634, 40.7545016496112], [-74.0523099355819, 40.7543789954389]]]}}, {"type": "Feature", "properties": {"zone_id": "0201BQLJW1OFQURJIVKY6R", "tract_id": "34017000102", "city": "JERSEY CITY, NJ", "zone_code": "R-1", "zone_category": "Residential", "ev_permitted": false}, "geometry": {"type": "Polygon", "coordinates": [[[-74.0524306273095, 40.7541947133153], [-74.0523903972048, 40.7542561404062], [-74.0527143366884, 40.7543788243792], [-74.0527546067332, 40.7543174126411], [-74.0524306273095, 40.7541947133153]]]}}, {"type": "Feature", "properties": {"zone_id": "0206Y30QCHYBI0QNA43DPT", "tract_id": "34017000102", "city": "JERSEY CITY, NJ", "zone_code": "R-1", "zone_category": "Residential", "ev_permitted": false}, "geometry": {"type": "Polygon", "coordinates": [[[-74.0519202680816, 40.754267001815], [-74.0518815771669, 40.7543232950471], [-74.0522540304705, 40.7544643542396], [-74.0522912610814, 40.7544075076613], [-74.0519202680816, 40.754267001815]]]}}, {"type": "Feature", "properties": {"zone_id": "0201BWILLBPMM75IY5GQIO", "tract_id": "34017000102", "city": "JERSEY CITY, NJ", "zone_code": "R-1", "zone_category": "Residential", "ev_permitted": false}, "geometry": {"type": "Polygon", "coordinates": [[[-74.0518815771669, 40.7543232950471], [-74.0518389406634, 40.7543853286024], [-74.0522079931725, 40.7545346475377], [-74.0522540304705, 40.7544643542396], [-74.0518815771669, 40.7543232950471]]]}}, {"type": "Feature", "properties": {"zone_id": "02002O8T079OWAZO8GADTK", "tract_id": "34017000102", "city": "JERSEY CITY, NJ", "zone_code": "R-1", "zone_category": "Residential", "ev_permitted": false}, "geometry": {"type": "Polygon", "coordinates": [[[-74.0518389406634, 40.7543853286024], [-74.0517946990705, 40.7544496983371], [-74.0521287525885, 40.7545838057581], [-74.0521724354309, 40.7545202487606], [-74.0518389406634, 40.7543853286024]]]}}, {"type": "Feature", "properties": {"zone_id": "0207MNSW6PXMJGJ016HHBH", "tract_id": "34017000102", "city": "JERSEY CITY, NJ", "zone_code": "R-1", "zone_category": "Residential", "ev_permitted": false}, "geometry": {"type": "Polygon", "coordinates": [[[-74.0519590928794, 40.7542105136613], [-74.0519202680816, 40.754267001815], [-74.0522912610814, 40.7544075076613], [-74.0523286208455, 40.7543504652432], [-74.0519590928794, 40.7542105136613]]]}}, {"type": "Feature", "properties": {"zone_id": "0201998XMJUOUXA2XORNW9", "tract_id": "34017000102", "city": "JERSEY CITY, NJ", "zone_code": "R-1", "zone_category": "Residential", "ev_permitted": false}, "geometry": {"type": "Polygon", "coordinates": [[[-74.052470858524, 40.7541332862139], [-74.0524306273095, 40.7541947133153], [-74.0527546067332, 40.7543174126411], [-74.0527948767095, 40.7542559999874], [-74.052470858524, 40.7541332862139]]]}}, {"type": "Feature", "properties": {"zone_id": "0207M5LRGP53E4TAJUY82F", "tract_id": "34017000102", "city": "JERSEY CITY, NJ", "zone_code": "R-1", "zone_category": "Residential", "ev_permitted": false}, "geometry": {"type": "Polygon", "coordinates": [[[-74.0525110884798, 40.7540718590928], [-74.052470858524, 40.7541332862139], [-74.0527948767095, 40.7542559999874], [-74.0528351466113, 40.7541945873185], [-74.0525110884798, 40.7540718590928]]]}}, {"type": "Feature", "properties": {"zone_id": "0203E5V5BH66FE1EP5HPW4", "tract_id": "34017000102", "city": "JERSEY CITY, NJ", "zone_code": "R-1", "zone_category": "Residential", "ev_permitted": false}, "geometry": {"type": "Polygon", "coordinates": [[[-74.051998501253, 40.7541531749024], [-74.0519590928794, 40.7542105136613], [-74.0523286208455, 40.7543504652432], [-74.0523665429275, 40.7542925631306], [-74.051998501253, 40.7541531749024]]]}}, {"type": "Feature", "properties": {"zone_id": "0204HC9SMJRBNYL2BFGU0K", "tract_id": "34017000102", "city": "JERSEY CITY, NJ", "zone_code": "R-1", "zone_category": "Residential", "ev_permitted": false}, "geometry": {"type": "Polygon", "coordinates": [[[-74.0521526119204, 40.7539289511154], [-74.0521141881049, 40.7539848555112], [-74.0524778642455, 40.7541225900775], [-74.0525148360294, 40.7540661368772], [-74.0521526119204, 40.7539289511154]]]}}, {"type": "Feature", "properties": {"zone_id": "02028PXSFHF57BXCTP0UI5", "tract_id": "34017000102", "city": "JERSEY CITY, NJ", "zone_code": "R-1", "zone_category": "Residential", "ev_permitted": false}, "geometry": {"type": "Polygon", "coordinates": [[[-74.0521141881049, 40.7539848555112], [-74.0520757654151, 40.7540407589974], [-74.0524408912206, 40.7541790423599], [-74.0524778642455, 40.7541225900775], [-74.0521141881049, 40.7539848555112]]]}}, {"type": "Feature", "properties": {"zone_id": "02025DEUVHDILA7J6JJGXM", "tract_id": "34017000102", "city": "JERSEY CITY, NJ", "zone_code": "R-1", "zone_category": "Residential", "ev_permitted": false}, "geometry": {"type": "Polygon", "coordinates": [[[-74.0520757654151, 40.7540407589974], [-74.0520370257199, 40.7540971250425], [-74.0524036118161, 40.754235962648], [-74.0524408912206, 40.7541790423599], [-74.0520757654151, 40.7540407589974]]]}}, {"type": "Feature", "properties": {"zone_id": "02074AO50ER901SHJ85YUE", "tract_id": "34017000102", "city": "JERSEY CITY, NJ", "zone_code": "R-1", "zone_category": "Residential", "ev_permitted": false}, "geometry": {"type": "Polygon", "coordinates": [[[-74.0520370257199, 40.7540971250425], [-74.051998501253, 40.7541531749024], [-74.0523665429275, 40.7542925631306], [-74.0524036118161, 40.754235962648], [-74.0520370257199, 40.7540971250425]]]}}, {"type": "Feature", "properties": {"zone_id": "0205FMVM1WQNE9H1MDIXKA", "tract_id": "34017000102", "city": "JERSEY CITY, NJ", "zone_code": "R-1", "zone_category": "Residential", "ev_permitted": false}, "geometry": {"type": "Polygon", "coordinates": [[[-74.0526931789751, 40.7537620043721], [-74.05265383457, 40.7538229982076], [-74.0529952993921, 40.7539503468287], [-74.0530351668893, 40.75388954853], [-74.0526931789751, 40.7537620043721]]]}}, {"type": "Feature", "properties": {"zone_id": "0203LJJ2UIL66O2IOPNAY1", "tract_id": "34017000102", "city": "JERSEY CITY, NJ", "zone_code": "R-1", "zone_category": "Residential", "ev_permitted": false}, "geometry": {"type": "Polygon", "coordinates": [[[-74.05265383457, 40.7538229982076], [-74.052616873969, 40.753880294449], [-74.0529578487528, 40.7540074611627], [-74.0529952993921, 40.7539503468287], [-74.05265383457, 40.7538229982076]]]}}, {"type": "Feature", "properties": {"zone_id": "0203LPG2PB14KQX4USJ9JP", "tract_id": "34017000102", "city": "JERSEY CITY, NJ", "zone_code": "R-1", "zone_category": "Residential", "ev_permitted": false}, "geometry": {"type": "Polygon", "coordinates": [[[-74.052616873969, 40.753880294449], [-74.052578721364, 40.753939439467], [-74.0529191907689, 40.7540664170125], [-74.0529578487528, 40.7540074611627], [-74.052616873969, 40.753880294449]]]}}, {"type": "Feature", "properties": {"zone_id": "0206NSY5BDXUFX92P55D2B", "tract_id": "34017000102", "city": "JERSEY CITY, NJ", "zone_code": "R-1", "zone_category": "Residential", "ev_permitted": false}, "geometry": {"type": "Polygon", "coordinates": [[[-74.0527315599515, 40.7537025044668], [-74.0526931789751, 40.7537620043721], [-74.0530351668893, 40.75388954853], [-74.0530740579782, 40.7538302378097], [-74.0527315599515, 40.7537025044668]]]}}, {"type": "Feature", "properties": {"zone_id": "0205385FX6NJ0KHHY7AJ9Y", "tract_id": "34017000102", "city": "JERSEY CITY, NJ", "zone_code": "R-1", "zone_category": "Residential", "ev_permitted": false}, "geometry": {"type": "Polygon", "coordinates": [[[-74.0528858466503, 40.7534633233926], [-74.0528470590715, 40.7535234539896], [-74.0531910885838, 40.7536517593916], [-74.0532303921731, 40.7535918207016], [-74.0528858466503, 40.7534633233926]]]}}, {"type": "Feature", "properties": {"zone_id": "0207NREYLSSS5NJQGVDNKL", "tract_id": "34017000102", "city": "JERSEY CITY, NJ", "zone_code": "R-1", "zone_category": "Residential", "ev_permitted": false}, "geometry": {"type": "Polygon", "coordinates": [[[-74.0528470590715, 40.7535234539896], [-74.0528082714225, 40.7535835845726], [-74.0531517861078, 40.7537116980718], [-74.0531910885838, 40.7536517593916], [-74.0528470590715, 40.7535234539896]]]}}, {"type": "Feature", "properties": {"zone_id": "02042CZPR286BXRO565CRT", "tract_id": "34017000102", "city": "JERSEY CITY, NJ", "zone_code": "R-1", "zone_category": "Residential", "ev_permitted": false}, "geometry": {"type": "Polygon", "coordinates": [[[-74.0528082714225, 40.7535835845726], [-74.0527690720495, 40.7536443511627], [-74.0531124835608, 40.7537716367377], [-74.0531517861078, 40.7537116980718], [-74.0528082714225, 40.7535835845726]]]}}, {"type": "Feature", "properties": {"zone_id": "02035N0QWGEUWBAL628W3E", "tract_id": "34017000102", "city": "JERSEY CITY, NJ", "zone_code": "R-1", "zone_category": "Residential", "ev_permitted": false}, "geometry": {"type": "Polygon", "coordinates": [[[-74.0527690720495, 40.7536443511627], [-74.0527315599515, 40.7537025044668], [-74.0530740579782, 40.7538302378097], [-74.0531124835608, 40.7537716367377], [-74.0527690720495, 40.7536443511627]]]}}, {"type": "Feature", "properties": {"zone_id": "0206XKLBC8OTCBXVKPS7BS", "tract_id": "34017000102", "city": "JERSEY CITY, NJ", "zone_code": "R-1", "zone_category": "Residential", "ev_permitted": false}, "geometry": {"type": "Polygon", "coordinates": [[[-74.0523120279904, 40.7536970053364], [-74.0522718990176, 40.7537553905973], [-74.0526149209326, 40.7538833209595], [-74.0526530615038, 40.7538241947945], [-74.0523120279904, 40.7536970053364]]]}}, {"type": "Feature", "properties": {"zone_id": "02066WILSKGELGXO0CQ0FH", "tract_id": "34017000102", "city": "JERSEY CITY, NJ", "zone_code": "R-1", "zone_category": "Residential", "ev_permitted": false}, "geometry": {"type": "Polygon", "coordinates": [[[-74.0522718990176, 40.7537553905973], [-74.0522317711584, 40.7538137758479], [-74.0525767802874, 40.7539424480115], [-74.0526149209326, 40.7538833209595], [-74.0522718990176, 40.7537553905973]]]}}, {"type": "Feature", "properties": {"zone_id": "0204K1YMV4NG0I5V09UWKU", "tract_id": "34017000102", "city": "JERSEY CITY, NJ", "zone_code": "R-1", "zone_category": "Residential", "ev_permitted": false}, "geometry": {"type": "Polygon", "coordinates": [[[-74.0522317711584, 40.7538137758479], [-74.0521942157323, 40.7538684183144], [-74.0525382769718, 40.7540021365117], [-74.0525767802874, 40.7539424480115], [-74.0522317711584, 40.7538137758479]], [[-74.0522865626054, 40.7538436880028], [-74.0525060627645, 40.7539255507839], [-74.0524761997416, 40.7539718449964], [-74.0522570249055, 40.7538866638534], [-74.0522865626054, 40.7538436880028]]]}}, {"type": "Feature", "properties": {"zone_id": "0200IULIMJP50GLPK4QMFX", "tract_id": "34017000102", "city": "JERSEY CITY, NJ", "zone_code": "R-1", "zone_category": "Residential", "ev_permitted": false}, "geometry": {"type": "Polygon", "coordinates": [[[-74.0521942157323, 40.7538684183144], [-74.0521526119204, 40.7539289511154], [-74.0525148360294, 40.7540661368772], [-74.0525530042666, 40.7540078592086], [-74.0521942157323, 40.7538684183144]]]}}, {"type": "Feature", "properties": {"zone_id": "0201FZCCS3EFRWWYIHJWKD", "tract_id": "34017000102", "city": "JERSEY CITY, NJ", "zone_code": "R-1", "zone_category": "Residential", "ev_permitted": false}, "geometry": {"type": "Polygon", "coordinates": [[[-74.0523963126172, 40.7538846194453], [-74.0523663760128, 40.753929162601], [-74.0524761997416, 40.7539718449964], [-74.0525060627645, 40.7539255507839], [-74.0523963126172, 40.7538846194453]]]}}, {"type": "Feature", "properties": {"zone_id": "02000KNBSDX3290N75ZPVA", "tract_id": "34017000102", "city": "JERSEY CITY, NJ", "zone_code": "R-1", "zone_category": "Residential", "ev_permitted": false}, "geometry": {"type": "Polygon", "coordinates": [[[-74.0522865626054, 40.7538436880028], [-74.0522570249055, 40.7538866638534], [-74.0523663760128, 40.753929162601], [-74.0523963126172, 40.7538846194453], [-74.0522865626054, 40.7538436880028]]]}}, {"type": "Feature", "properties": {"zone_id": "0206NSL7ZTYJ4XPUWLLIRS", "tract_id": "34017000102", "city": "JERSEY CITY, NJ", "zone_code": "R-1", "zone_category": "Residential", "ev_permitted": false}, "geometry": {"type": "Polygon", "coordinates": [[[-74.052475046334, 40.7534598147603], [-74.0524340828676, 40.7535194162409], [-74.0527690720495, 40.7536443511627], [-74.0528082714225, 40.7535835845726], [-74.052475046334, 40.7534598147603]]]}}, {"type": "Feature", "properties": {"zone_id": "0206ONACFBM97IY37EKPES", "tract_id": "34017000102", "city": "JERSEY CITY, NJ", "zone_code": "R-1", "zone_category": "Residential", "ev_permitted": false}, "geometry": {"type": "Polygon", "coordinates": [[[-74.0524340828676, 40.7535194162409], [-74.0523931193278, 40.7535790177059], [-74.0527301370637, 40.7537047098964], [-74.0527690720495, 40.7536443511627], [-74.0524340828676, 40.7535194162409]]]}}, {"type": "Feature", "properties": {"zone_id": "0206F90WH3A8IW986JM05C", "tract_id": "34017000102", "city": "JERSEY CITY, NJ", "zone_code": "R-1", "zone_category": "Residential", "ev_permitted": false}, "geometry": {"type": "Polygon", "coordinates": [[[-74.0523931193278, 40.7535790177059], [-74.0523521557145, 40.7536386191554], [-74.0526912020071, 40.753765068616], [-74.0527301370637, 40.7537047098964], [-74.0523931193278, 40.7535790177059]]]}}, {"type": "Feature", "properties": {"zone_id": "020617ZKX3CI12SGR77COH", "tract_id": "34017000102", "city": "JERSEY CITY, NJ", "zone_code": "R-1", "zone_category": "Residential", "ev_permitted": false}, "geometry": {"type": "Polygon", "coordinates": [[[-74.0523521557145, 40.7536386191554], [-74.0523120279904, 40.7536970053364], [-74.0526530615038, 40.7538241947945], [-74.0526912020071, 40.753765068616], [-74.0523521557145, 40.7536386191554]]]}}, {"type": "Feature", "properties": {"zone_id": "020527IPHME1S9X88UMUKY", "tract_id": "34017000102", "city": "JERSEY CITY, NJ", "zone_code": "R-1", "zone_category": "Residential", "ev_permitted": false}, "geometry": {"type": "Polygon", "coordinates": [[[-74.0520156217297, 40.7535101755416], [-74.051867243821, 40.7537260612629], [-74.0519466698413, 40.7537576488607], [-74.052094369462, 40.7535427492516], [-74.0520156217297, 40.7535101755416]]]}}, {"type": "Feature", "properties": {"zone_id": "020781OUF6D17CBRD2DWTW", "tract_id": "34017000102", "city": "JERSEY CITY, NJ", "zone_code": "R-1", "zone_category": "Residential", "ev_permitted": false}, "geometry": {"type": "Polygon", "coordinates": [[[-74.0512132584057, 40.7542882545209], [-74.0511718494423, 40.754349227207], [-74.0514617763218, 40.7544631421741], [-74.0515035784229, 40.7544023240126], [-74.0512132584057, 40.7542882545209]]]}}, {"type": "Feature", "properties": {"zone_id": "0203O51CTBEWZWKCVDNETC", "tract_id": "34017000102", "city": "JERSEY CITY, NJ", "zone_code": "R-1", "zone_category": "Residential", "ev_permitted": false}, "geometry": {"type": "Polygon", "coordinates": [[[-74.0512546672931, 40.7542272818189], [-74.0512132584057, 40.7542882545209], [-74.0515035784229, 40.7544023240126], [-74.0515453792693, 40.7543415049297], [-74.0512546672931, 40.7542272818189]]]}}, {"type": "Feature", "properties": {"zone_id": "0205RYUX297GWOQH24ONL4", "tract_id": "34017000102", "city": "JERSEY CITY, NJ", "zone_code": "R-1", "zone_category": "Residential", "ev_permitted": false}, "geometry": {"type": "Polygon", "coordinates": [[[-74.0513327721609, 40.754412455478], [-74.0512506264482, 40.7545334110837], [-74.0513786299426, 40.754584113794], [-74.0514617763218, 40.7544631421741], [-74.0513327721609, 40.754412455478]]]}}, {"type": "Feature", "properties": {"zone_id": "0201903BNB9H7OQC3WXX51", "tract_id": "34017000102", "city": "JERSEY CITY, NJ", "zone_code": "R-1", "zone_category": "Residential", "ev_permitted": false}, "geometry": {"type": "Polygon", "coordinates": [[[-74.0513406597051, 40.7539520983454], [-74.0511750247047, 40.7541959891984], [-74.0512546672931, 40.7542272818189], [-74.051420300904, 40.7539833899466], [-74.0513406597051, 40.7539520983454]]]}}, {"type": "Feature", "properties": {"zone_id": "0206UC8ITRLW3RPHO8L6XI", "tract_id": "34017000102", "city": "JERSEY CITY, NJ", "zone_code": "R-1", "zone_category": "Residential", "ev_permitted": false}, "geometry": {"type": "Polygon", "coordinates": [[[-74.0512960749201, 40.7541663090964], [-74.0512546672931, 40.7542272818189], [-74.0515453792693, 40.7543415049297], [-74.0515871812173, 40.7542806867358], [-74.0512960749201, 40.7541663090964]]]}}, {"type": "Feature", "properties": {"zone_id": "0201P4L2CVSCO40SFT5ASQ", "tract_id": "34017000102", "city": "JERSEY CITY, NJ", "zone_code": "R-1", "zone_category": "Residential", "ev_permitted": false}, "geometry": {"type": "Polygon", "coordinates": [[[-74.051420300904, 40.7539833899466], [-74.0513788923208, 40.7540443627123], [-74.0516707837055, 40.7541590493944], [-74.0517125854239, 40.7540982311519], [-74.051420300904, 40.7539833899466]]]}}, {"type": "Feature", "properties": {"zone_id": "0206T4MJCHMMORXD00GSWM", "tract_id": "34017000102", "city": "JERSEY CITY, NJ", "zone_code": "R-1", "zone_category": "Residential", "ev_permitted": false}, "geometry": {"type": "Polygon", "coordinates": [[[-74.0513788923208, 40.7540443627123], [-74.0513374836554, 40.7541053363626], [-74.0516289830888, 40.7542198685258], [-74.0516707837055, 40.7541590493944], [-74.0513788923208, 40.7540443627123]]]}}, {"type": "Feature", "properties": {"zone_id": "0200LQOW423X1DA3N9KLKR", "tract_id": "34017000102", "city": "JERSEY CITY, NJ", "zone_code": "R-1", "zone_category": "Residential", "ev_permitted": false}, "geometry": {"type": "Polygon", "coordinates": [[[-74.0513374836554, 40.7541053363626], [-74.0512960749201, 40.7541663090964], [-74.0515871812173, 40.7542806867358], [-74.0516289830888, 40.7542198685258], [-74.0513374836554, 40.7541053363626]]]}}, {"type": "Feature", "properties": {"zone_id": "0206KXDW5D9NO8KTS8YZXA", "tract_id": "34017000102", "city": "JERSEY CITY, NJ", "zone_code": "R-1", "zone_category": "Residential", "ev_permitted": false}, "geometry": {"type": "Polygon", "coordinates": [[[-74.0511750247047, 40.7541959891984], [-74.0510104733665, 40.7544382854738], [-74.0510908207857, 40.7544701113947], [-74.0512546672931, 40.7542272818189], [-74.0511750247047, 40.7541959891984]]]}}, {"type": "Feature", "properties": {"zone_id": "0207MTT8BN3O4L87BD3UYZ", "tract_id": "34017000102", "city": "JERSEY CITY, NJ", "zone_code": "R-1", "zone_category": "Residential", "ev_permitted": false}, "geometry": {"type": "Polygon", "coordinates": [[[-74.0510953833695, 40.7541646974282], [-74.0509309669942, 40.7544067932852], [-74.0510104733665, 40.7544382854738], [-74.0511750247047, 40.7541959891984], [-74.0510953833695, 40.7541646974282]]]}}, {"type": "Feature", "properties": {"zone_id": "0202XJY0PA57C5XLZNZ2RS", "tract_id": "34017000102", "city": "JERSEY CITY, NJ", "zone_code": "R-1", "zone_category": "Residential", "ev_permitted": false}, "geometry": {"type": "Polygon", "coordinates": [[[-74.0511726927993, 40.7543495583008], [-74.0510908207857, 40.7544701113947], [-74.051144089306, 40.7544912113155], [-74.0512260521561, 40.7543705243498], [-74.0511726927993, 40.7543495583008]]]}}, {"type": "Feature", "properties": {"zone_id": "0202X29FGOCNCNG29VIXK8", "tract_id": "34017000102", "city": "JERSEY CITY, NJ", "zone_code": "R-1", "zone_category": "Residential", "ev_permitted": false}, "geometry": {"type": "Polygon", "coordinates": [[[-74.0512260521561, 40.7543705243498], [-74.051144089306, 40.7544912113155], [-74.0511973578602, 40.7545123112118], [-74.0512794115525, 40.7543914894736], [-74.0512260521561, 40.7543705243498]]]}}, {"type": "Feature", "properties": {"zone_id": "02073XVE81WZQ5TQ18IL25", "tract_id": "34017000102", "city": "JERSEY CITY, NJ", "zone_code": "R-1", "zone_category": "Residential", "ev_permitted": false}, "geometry": {"type": "Polygon", "coordinates": [[[-74.0512794115525, 40.7543914894736], [-74.0511973578602, 40.7545123112118], [-74.0512506264482, 40.7545334110837], [-74.0513327721609, 40.754412455478], [-74.0512794115525, 40.7543914894736]]]}}, {"type": "Feature", "properties": {"zone_id": "0207JCAUJYNMDBKD0GMHUU", "tract_id": "34017000102", "city": "JERSEY CITY, NJ", "zone_code": "R-1", "zone_category": "Residential", "ev_permitted": false}, "geometry": {"type": "Polygon", "coordinates": [[[-74.0511813763543, 40.7538895140734], [-74.0510157421094, 40.7541334056034], [-74.0510953833695, 40.7541646974282], [-74.051261017397, 40.7539208066848], [-74.0511813763543, 40.7538895140734]]]}}, {"type": "Feature", "properties": {"zone_id": "0204UD00HYJVXX95RGX5ER", "tract_id": "34017000102", "city": "JERSEY CITY, NJ", "zone_code": "R-1", "zone_category": "Residential", "ev_permitted": false}, "geometry": {"type": "Polygon", "coordinates": [[[-74.051261017397, 40.7539208066848], [-74.0510953833695, 40.7541646974282], [-74.0511750247047, 40.7541959891984], [-74.0513406597051, 40.7539520983454], [-74.051261017397, 40.7539208066848]]]}}, {"type": "Feature", "properties": {"zone_id": "0202KBXTG9GN0D47R9YGCP", "tract_id": "34017000102", "city": "JERSEY CITY, NJ", "zone_code": "R-1", "zone_category": "Residential", "ev_permitted": false}, "geometry": {"type": "Polygon", "coordinates": [[[-74.0510157421094, 40.7541334056034], [-74.0508514618816, 40.7543753010466], [-74.0509309669942, 40.7544067932852], [-74.0510953833695, 40.7541646974282], [-74.0510157421094, 40.7541334056034]]]}}, {"type": "Feature", "properties": {"zone_id": "0203U21WPLB8MIA4U9V54M", "tract_id": "34017000102", "city": "JERSEY CITY, NJ", "zone_code": "R-1", "zone_category": "Residential", "ev_permitted": false}, "geometry": {"type": "Polygon", "coordinates": [[[-74.0509361009305, 40.7541021128232], [-74.0507719556661, 40.7543438078483], [-74.0508514618816, 40.7543753010466], [-74.0510157421094, 40.7541334056034], [-74.0509361009305, 40.7541021128232]]]}}, {"type": "Feature", "properties": {"zone_id": "0205IRT8VJTA5EWFOIZCWR", "tract_id": "34017000102", "city": "JERSEY CITY, NJ", "zone_code": "R-1", "zone_category": "Residential", "ev_permitted": false}, "geometry": {"type": "Polygon", "coordinates": [[[-74.0515431369573, 40.7533147321578], [-74.0513906916659, 40.753536532741], [-74.0517878178762, 40.7536944736107], [-74.0519368740746, 40.753477601778], [-74.0515431369573, 40.7533147321578]]]}}, {"type": "Feature", "properties": {"zone_id": "0200PCREXLAFPFLOO7NDEZ", "tract_id": "34017000102", "city": "JERSEY CITY, NJ", "zone_code": "R-1", "zone_category": "Residential", "ev_permitted": false}, "geometry": {"type": "Polygon", "coordinates": [[[-74.0516240962353, 40.7538090255922], [-74.0515867256903, 40.7538633984023], [-74.0518129082955, 40.7539522662197], [-74.0518496926792, 40.7538987466197], [-74.0516240962353, 40.7538090255922]]]}}, {"type": "Feature", "properties": {"zone_id": "02041U5W0EIGFGQNT37JXF", "tract_id": "34017000102", "city": "JERSEY CITY, NJ", "zone_code": "R-1", "zone_category": "Residential", "ev_permitted": false}, "geometry": {"type": "Polygon", "coordinates": [[[-74.0516842893768, 40.7537214484844], [-74.0516541928259, 40.7537652370425], [-74.0518797891634, 40.7538549580112], [-74.0519098844235, 40.7538111693898], [-74.0516842893768, 40.7537214484844]]]}}, {"type": "Feature", "properties": {"zone_id": "0205EMI1Q9NQ7Z3BQ3FAG2", "tract_id": "34017000102", "city": "JERSEY CITY, NJ", "zone_code": "R-1", "zone_category": "Residential", "ev_permitted": false}, "geometry": {"type": "Polygon", "coordinates": [[[-74.0516541928259, 40.7537652370425], [-74.0516240962353, 40.7538090255922], [-74.0518496926792, 40.7538987466197], [-74.0518797891634, 40.7538549580112], [-74.0516541928259, 40.7537652370425]]]}}, {"type": "Feature", "properties": {"zone_id": "0203RX5H40BC7CJAF8R02J", "tract_id": "34017000102", "city": "JERSEY CITY, NJ", "zone_code": "R-1", "zone_category": "Residential", "ev_permitted": false}, "geometry": {"type": "Polygon", "coordinates": [[[-74.0519368740746, 40.753477601778], [-74.0517878178762, 40.7536944736107], [-74.051867243821, 40.7537260612629], [-74.0520156217297, 40.7535101755416], [-74.0519368740746, 40.753477601778]]]}}, {"type": "Feature", "properties": {"zone_id": "02004R59TQCLG187STJVPF", "tract_id": "34017000102", "city": "JERSEY CITY, NJ", "zone_code": "R-1", "zone_category": "Residential", "ev_permitted": false}, "geometry": {"type": "Polygon", "coordinates": [[[-74.0517210737344, 40.753667928923], [-74.0516842893768, 40.7537214484844], [-74.0519098844235, 40.7538111693898], [-74.0519466698413, 40.7537576488607], [-74.0517210737344, 40.753667928923]]]}}, {"type": "Feature", "properties": {"zone_id": "02061QL8JW69IQCFI9MMMK", "tract_id": "34017000102", "city": "JERSEY CITY, NJ", "zone_code": "R-1", "zone_category": "Residential", "ev_permitted": false}, "geometry": {"type": "Polygon", "coordinates": [[[-74.0514160443925, 40.7535466152035], [-74.0512809039585, 40.7537432376052], [-74.0514401858779, 40.7538058208349], [-74.0515733235687, 40.7536091670516], [-74.0514160443925, 40.7535466152035]]]}}, {"type": "Feature", "properties": {"zone_id": "0200JYBQPBKDNJ5502IO3D", "tract_id": "34017000102", "city": "JERSEY CITY, NJ", "zone_code": "R-1", "zone_category": "Residential", "ev_permitted": false}, "geometry": {"type": "Polygon", "coordinates": [[[-74.0515733235687, 40.7536091670516], [-74.0514401858779, 40.7538058208349], [-74.051519826944, 40.7538371132682], [-74.0516543473614, 40.7536413914705], [-74.0515733235687, 40.7536091670516]]]}}, {"type": "Feature", "properties": {"zone_id": "0203VMP2QX0XVY1PAYIJKD", "tract_id": "34017000102", "city": "JERSEY CITY, NJ", "zone_code": "R-1", "zone_category": "Residential", "ev_permitted": false}, "geometry": {"type": "Polygon", "coordinates": [[[-74.0516543473614, 40.7536413914705], [-74.051519826944, 40.7538371132682], [-74.0515867256903, 40.7538633984023], [-74.0517210737344, 40.753667928923], [-74.0516543473614, 40.7536413914705]]]}}, {"type": "Feature", "properties": {"zone_id": "0202RK8EFBUVIJELK0Z9AY", "tract_id": "34017000102", "city": "JERSEY CITY, NJ", "zone_code": "R-1", "zone_category": "Residential", "ev_permitted": false}, "geometry": {"type": "Polygon", "coordinates": [[[-74.0513366330514, 40.7535150327007], [-74.0512012855576, 40.7537119541009], [-74.0512809039585, 40.7537432376052], [-74.0514160443925, 40.7535466152035], [-74.0513366330514, 40.7535150327007]]]}}, {"type": "Feature", "properties": {"zone_id": "0202LF3GOL6M0FWL2FAN14", "tract_id": "34017000102", "city": "JERSEY CITY, NJ", "zone_code": "R-1", "zone_category": "Residential", "ev_permitted": false}, "geometry": {"type": "Polygon", "coordinates": [[[-74.0511017353805, 40.753858222308], [-74.0509361009305, 40.7541021128232], [-74.0510157421094, 40.7541334056034], [-74.0511813763543, 40.7538895140734], [-74.0511017353805, 40.753858222308]]]}}, {"type": "Feature", "properties": {"zone_id": "0200N469KPLMIZQFYNASMB", "tract_id": "34017000102", "city": "JERSEY CITY, NJ", "zone_code": "R-1", "zone_category": "Residential", "ev_permitted": false}, "geometry": {"type": "Polygon", "coordinates": [[[-74.0510220944879, 40.7538269295872], [-74.0508564598205, 40.7540708208889], [-74.0509361009305, 40.7541021128232], [-74.0511017353805, 40.753858222308], [-74.0510220944879, 40.7538269295872]]]}}, {"type": "Feature", "properties": {"zone_id": "0201TLQ7XR4S3YXMA9A6GU", "tract_id": "34017000102", "city": "JERSEY CITY, NJ", "zone_code": "R-1", "zone_category": "Residential", "ev_permitted": false}, "geometry": {"type": "Polygon", "coordinates": [[[-74.0509424536643, 40.7537956377122], [-74.0507768187855, 40.7540395288999], [-74.0508564598205, 40.7540708208889], [-74.0510220944879, 40.7538269295872], [-74.0509424536643, 40.7537956377122]]]}}, {"type": "Feature", "properties": {"zone_id": "0207E7IKQ1K84Q6V6JSK2Y", "tract_id": "34017000102", "city": "JERSEY CITY, NJ", "zone_code": "R-1", "zone_category": "Residential", "ev_permitted": false}, "geometry": {"type": "Polygon", "coordinates": [[[-74.0512730853716, 40.7534897592018], [-74.0511375726995, 40.7536869203428], [-74.0512012855576, 40.7537119541009], [-74.0513366330514, 40.7535150327007], [-74.0512730853716, 40.7534897592018]]]}}, {"type": "Feature", "properties": {"zone_id": "0205TBLKSFDZ90M8D2J4ZI", "tract_id": "34017000102", "city": "JERSEY CITY, NJ", "zone_code": "R-1", "zone_category": "Residential", "ev_permitted": false}, "geometry": {"type": "Polygon", "coordinates": [[[-74.0511706966312, 40.7535212571984], [-74.0510740016297, 40.7536619420369], [-74.0511375726995, 40.7536869203428], [-74.051234942131, 40.7535452546317], [-74.0511706966312, 40.7535212571984]]]}}, {"type": "Feature", "properties": {"zone_id": "020378FJRCFKUVXJK04GX2", "tract_id": "34017000102", "city": "JERSEY CITY, NJ", "zone_code": "R-1", "zone_category": "Residential", "ev_permitted": false}, "geometry": {"type": "Polygon", "coordinates": [[[-74.0510396352586, 40.753472300304], [-74.0509443142408, 40.7536109856704], [-74.0510102888675, 40.7536369082088], [-74.0511063094319, 40.7534972051429], [-74.0510396352586, 40.753472300304]]]}}, {"type": "Feature", "properties": {"zone_id": "020372XBEG9NKVHY245P0R", "tract_id": "34017000102", "city": "JERSEY CITY, NJ", "zone_code": "R-1", "zone_category": "Residential", "ev_permitted": false}, "geometry": {"type": "Polygon", "coordinates": [[[-74.0511063094319, 40.7534972051429], [-74.0510102888675, 40.7536369082088], [-74.0510740016297, 40.7536619420369], [-74.0511706966312, 40.7535212571984], [-74.0511063094319, 40.7534972051429]]]}}, {"type": "Feature", "properties": {"zone_id": "0200M05KQEHCCKIKL0UDIZ", "tract_id": "34017000102", "city": "JERSEY CITY, NJ", "zone_code": "R-1", "zone_category": "Residential", "ev_permitted": false}, "geometry": {"type": "Polygon", "coordinates": [[[-74.0509068659113, 40.7534227053023], [-74.0506013535473, 40.7534762304276], [-74.0509443142408, 40.7536109856704], [-74.0510396352586, 40.753472300304], [-74.0509068659113, 40.7534227053023]]]}}, {"type": "Feature", "properties": {"zone_id": "02075ZJ2WZC2D8LUTYB8RG", "tract_id": "34017000102", "city": "JERSEY CITY, NJ", "zone_code": "R-1", "zone_category": "Residential", "ev_permitted": false}, "geometry": {"type": "Polygon", "coordinates": [[[-74.0503897211164, 40.7551856938749], [-74.0502227684485, 40.7554290666331], [-74.0503027797384, 40.755460805332], [-74.0504697321961, 40.7552174324582], [-74.0503897211164, 40.7551856938749]]]}}, {"type": "Feature", "properties": {"zone_id": "0204J7EA4DPZFSBUO9JVNT", "tract_id": "34017000102", "city": "JERSEY CITY, NJ", "zone_code": "R-1", "zone_category": "Residential", "ev_permitted": false}, "geometry": {"type": "Polygon", "coordinates": [[[-74.0504662673754, 40.7553708584138], [-74.0504245286832, 40.7554317016507], [-74.0507099455074, 40.755544920077], [-74.0507517572374, 40.7554841067415], [-74.0504662673754, 40.7553708584138]]]}}, {"type": "Feature", "properties": {"zone_id": "0206QZUAYKDFJWULKBCWOJ", "tract_id": "34017000102", "city": "JERSEY CITY, NJ", "zone_code": "R-1", "zone_category": "Residential", "ev_permitted": false}, "geometry": {"type": "Polygon", "coordinates": [[[-74.0504697321961, 40.7552174324582], [-74.0503027797384, 40.755460805332], [-74.0503827910988, 40.7554925448762], [-74.0505497433462, 40.7552491718868], [-74.0504697321961, 40.7552174324582]]]}}, {"type": "Feature", "properties": {"zone_id": "0204WVPOKMWWUOI6C1QX0G", "tract_id": "34017000102", "city": "JERSEY CITY, NJ", "zone_code": "R-1", "zone_category": "Residential", "ev_permitted": false}, "geometry": {"type": "Polygon", "coordinates": [[[-74.0504245286832, 40.7554317016507], [-74.0503827910988, 40.7554925448762], [-74.0506681325165, 40.7556057333918], [-74.0507099455074, 40.755544920077], [-74.0504245286832, 40.7554317016507]]]}}, {"type": "Feature", "properties": {"zone_id": "0203BU5YO6LTC73EOP5L66", "tract_id": "34017000102", "city": "JERSEY CITY, NJ", "zone_code": "R-1", "zone_category": "Residential", "ev_permitted": false}, "geometry": {"type": "Polygon", "coordinates": [[[-74.0502227684485, 40.7554290666331], [-74.0500556542844, 40.7556726726612], [-74.0501357650578, 40.755704266868], [-74.0503027797384, 40.755460805332], [-74.0502227684485, 40.7554290666331]]]}}, {"type": "Feature", "properties": {"zone_id": "020662S5CW25BEFZ32LHPU", "tract_id": "34017000102", "city": "JERSEY CITY, NJ", "zone_code": "R-1", "zone_category": "Residential", "ev_permitted": false}, "geometry": {"type": "Polygon", "coordinates": [[[-74.0499827350496, 40.755333848404], [-74.0498153224339, 40.7555778879073], [-74.0498954329786, 40.7556094822803], [-74.050062746104, 40.7553655881691], [-74.0499827350496, 40.755333848404]]]}}, {"type": "Feature", "properties": {"zone_id": "0206OXSVXXQSDZM65TYE8D", "tract_id": "34017000102", "city": "JERSEY CITY, NJ", "zone_code": "R-1", "zone_category": "Residential", "ev_permitted": false}, "geometry": {"type": "Polygon", "coordinates": [[[-74.050062746104, 40.7553655881691], [-74.0498954329786, 40.7556094822803], [-74.0499755435934, 40.7556410774984], [-74.050142757241, 40.7553973269785], [-74.050062746104, 40.7553655881691]]]}}, {"type": "Feature", "properties": {"zone_id": "0205W2TN76G6Z0T4HLBFAQ", "tract_id": "34017000102", "city": "JERSEY CITY, NJ", "zone_code": "R-1", "zone_category": "Residential", "ev_permitted": false}, "geometry": {"type": "Polygon", "coordinates": [[[-74.050142757241, 40.7553973269785], [-74.0499755435934, 40.7556410774984], [-74.0500556542844, 40.7556726726612], [-74.0502227684485, 40.7554290666331], [-74.050142757241, 40.7553973269785]]]}}, {"type": "Feature", "properties": {"zone_id": "02075L7P157GDJ1Q5GP2G6", "tract_id": "34017000102", "city": "JERSEY CITY, NJ", "zone_code": "R-1", "zone_category": "Residential", "ev_permitted": false}, "geometry": {"type": "Polygon", "coordinates": [[[-74.0503097101193, 40.7551539543357], [-74.050142757241, 40.7553973269785], [-74.0502227684485, 40.7554290666331], [-74.0503897211164, 40.7551856938749], [-74.0503097101193, 40.7551539543357]]]}}, {"type": "Feature", "properties": {"zone_id": "0205EFK1OC4JF7TQL02ZAK", "tract_id": "34017000102", "city": "JERSEY CITY, NJ", "zone_code": "R-1", "zone_category": "Residential", "ev_permitted": false}, "geometry": {"type": "Polygon", "coordinates": [[[-74.0501496883422, 40.7550904768929], [-74.0499827350496, 40.755333848404], [-74.050062746104, 40.7553655881691], [-74.0502296991925, 40.7551222156419], [-74.0501496883422, 40.7550904768929]]]}}, {"type": "Feature", "properties": {"zone_id": "02065Q1U0QE8611ZWY8SPI", "tract_id": "34017000102", "city": "JERSEY CITY, NJ", "zone_code": "R-1", "zone_category": "Residential", "ev_permitted": false}, "geometry": {"type": "Polygon", "coordinates": [[[-74.0502296991925, 40.7551222156419], [-74.050062746104, 40.7553655881691], [-74.050142757241, 40.7553973269785], [-74.0503097101193, 40.7551539543357], [-74.0502296991925, 40.7551222156419]]]}}, {"type": "Feature", "properties": {"zone_id": "02034CJNO2X84H93HNP6W9", "tract_id": "34017000102", "city": "JERSEY CITY, NJ", "zone_code": "R-1", "zone_category": "Residential", "ev_permitted": false}, "geometry": {"type": "Polygon", "coordinates": [[[-74.0499896668772, 40.7550269983285], [-74.049822713164, 40.7552703696085], [-74.0499027240655, 40.7553021094842], [-74.0500696775745, 40.755058737188], [-74.0499896668772, 40.7550269983285]], [[-74.0499927280989, 40.7550344049915], [-74.0500535369401, 40.7550585265669], [-74.0499233133623, 40.7552483562416], [-74.0498625043965, 40.7552242345976], [-74.0499927280989, 40.7550344049915]]]}}, {"type": "Feature", "properties": {"zone_id": "02022VO8OE3X28DQ8S9FWF", "tract_id": "34017000102", "city": "JERSEY CITY, NJ", "zone_code": "R-1", "zone_category": "Residential", "ev_permitted": false}, "geometry": {"type": "Polygon", "coordinates": [[[-74.0500696775745, 40.755058737188], [-74.0499027240655, 40.7553021094842], [-74.0499827350496, 40.755333848404], [-74.0501496883422, 40.7550904768929], [-74.0500696775745, 40.755058737188]], [[-74.0500622496274, 40.7550873703391], [-74.0501230573579, 40.7551114918735], [-74.050063314226, 40.7551985808767], [-74.0500025064383, 40.7551744593109], [-74.0500622496274, 40.7550873703391]]]}}, {"type": "Feature", "properties": {"zone_id": "0202A4T0IASZZPWDUHW5O0", "tract_id": "34017000102", "city": "JERSEY CITY, NJ", "zone_code": "R-1", "zone_category": "Residential", "ev_permitted": false}, "geometry": {"type": "Polygon", "coordinates": [[[-74.0500323780555, 40.7551309143788], [-74.0500025064383, 40.7551744593109], [-74.050063314226, 40.7551985808767], [-74.0500931858085, 40.7551550368295], [-74.0500323780555, 40.7551309143788]]]}}, {"type": "Feature", "properties": {"zone_id": "020443GNK9T13Q68YX37EF", "tract_id": "34017000102", "city": "JERSEY CITY, NJ", "zone_code": "R-1", "zone_category": "Residential", "ev_permitted": false}, "geometry": {"type": "Polygon", "coordinates": [[[-74.0500622496274, 40.7550873703391], [-74.0500323780555, 40.7551309143788], [-74.0500931858085, 40.7551550368295], [-74.0501230573579, 40.7551114918735], [-74.0500622496274, 40.7550873703391]]]}}, {"type": "Feature", "properties": {"zone_id": "0203NWGTCEVKP6TNWQIQIV", "tract_id": "34017000102", "city": "JERSEY CITY, NJ", "zone_code": "R-1", "zone_category": "Residential", "ev_permitted": false}, "geometry": {"type": "Polygon", "coordinates": [[[-74.0499276169329, 40.7551293198165], [-74.0498625043965, 40.7552242345976], [-74.0499233133623, 40.7552483562416], [-74.0499884246521, 40.7551534414216], [-74.0499276169329, 40.7551293198165]]]}}, {"type": "Feature", "properties": {"zone_id": "0202T34EDB748DZGY0YH5K", "tract_id": "34017000102", "city": "JERSEY CITY, NJ", "zone_code": "R-1", "zone_category": "Residential", "ev_permitted": false}, "geometry": {"type": "Polygon", "coordinates": [[[-74.0499927280989, 40.7550344049915], [-74.0499276169329, 40.7551293198165], [-74.0499884246521, 40.7551534414216], [-74.0500535369401, 40.7550585265669], [-74.0499927280989, 40.7550344049915]]]}}, {"type": "Feature", "properties": {"zone_id": "0206DMDEZ5QZJI6VC4LV45", "tract_id": "34017000102", "city": "JERSEY CITY, NJ", "zone_code": "R-1", "zone_category": "Residential", "ev_permitted": false}, "geometry": {"type": "Polygon", "coordinates": [[[-74.0496626915843, 40.7552068905921], [-74.0494948822139, 40.7554515080652], [-74.0495749924537, 40.7554831026597], [-74.0497427023328, 40.7552386305782], [-74.0496626915843, 40.7552068905921]]]}}, {"type": "Feature", "properties": {"zone_id": "0207BNBY8Q0UYSHUUCY45B", "tract_id": "34017000102", "city": "JERSEY CITY, NJ", "zone_code": "R-1", "zone_category": "Residential", "ev_permitted": false}, "geometry": {"type": "Polygon", "coordinates": [[[-74.049822713164, 40.7552703696085], [-74.0496551027636, 40.7555146980993], [-74.0497352131558, 40.755546292583], [-74.0499027240655, 40.7553021094842], [-74.049822713164, 40.7552703696085]]]}}, {"type": "Feature", "properties": {"zone_id": "0200QDRQU1II762T4DB5CK", "tract_id": "34017000102", "city": "JERSEY CITY, NJ", "zone_code": "R-1", "zone_category": "Residential", "ev_permitted": false}, "geometry": {"type": "Polygon", "coordinates": [[[-74.0497427023328, 40.7552386305782], [-74.0495749924537, 40.7554831026597], [-74.0496551027636, 40.7555146980993], [-74.049822713164, 40.7552703696085], [-74.0497427023328, 40.7552386305782]]]}}, {"type": "Feature", "properties": {"zone_id": "0200U31VSRFGXQJP9V9D8E", "tract_id": "34017000102", "city": "JERSEY CITY, NJ", "zone_code": "R-1", "zone_category": "Residential", "ev_permitted": false}, "geometry": {"type": "Polygon", "coordinates": [[[-74.0499027240655, 40.7553021094842], [-74.0497352131558, 40.755546292583], [-74.0498153224339, 40.7555778879073], [-74.0499827350496, 40.755333848404], [-74.0499027240655, 40.7553021094842]]]}}, {"type": "Feature", "properties": {"zone_id": "0201V2L2SRPBW36HXBAFLK", "tract_id": "34017000102", "city": "JERSEY CITY, NJ", "zone_code": "R-1", "zone_category": "Residential", "ev_permitted": false}, "geometry": {"type": "Polygon", "coordinates": [[[-74.0499096562624, 40.7549952585131], [-74.0497427023328, 40.7552386305782], [-74.049822713164, 40.7552703696085], [-74.0499896668772, 40.7550269983285], [-74.0499096562624, 40.7549952585131]]]}}, {"type": "Feature", "properties": {"zone_id": "0202XD2D5ODEUCCWWXMJ7M", "tract_id": "34017000102", "city": "JERSEY CITY, NJ", "zone_code": "R-1", "zone_category": "Residential", "ev_permitted": false}, "geometry": {"type": "Polygon", "coordinates": [[[-74.0497496352561, 40.7549317796173], [-74.0495826809061, 40.7551751514513], [-74.0496626915843, 40.7552068905921], [-74.049829645718, 40.7549635195431], [-74.0497496352561, 40.7549317796173]], [[-74.0497489748396, 40.7549592773918], [-74.0498092567296, 40.7549831908057], [-74.0497423117953, 40.7550807767219], [-74.0496820298357, 40.7550568641737], [-74.0497489748396, 40.7549592773918]]]}}, {"type": "Feature", "properties": {"zone_id": "0200731EGRPX57II77DBI3", "tract_id": "34017000102", "city": "JERSEY CITY, NJ", "zone_code": "R-1", "zone_category": "Residential", "ev_permitted": false}, "geometry": {"type": "Polygon", "coordinates": [[[-74.049829645718, 40.7549635195431], [-74.0496626915843, 40.7552068905921], [-74.0497427023328, 40.7552386305782], [-74.0499096562624, 40.7549952585131], [-74.049829645718, 40.7549635195431]]]}}, {"type": "Feature", "properties": {"zone_id": "0207L1T4FALWSRTOHQNAJJ", "tract_id": "34017000102", "city": "JERSEY CITY, NJ", "zone_code": "R-1", "zone_category": "Residential", "ev_permitted": false}, "geometry": {"type": "Polygon", "coordinates": [[[-74.0495826809061, 40.7551751514513], [-74.0494147720564, 40.7554199125148], [-74.0494948822139, 40.7554515080652], [-74.0496626915843, 40.7552068905921], [-74.0495826809061, 40.7551751514513]]]}}, {"type": "Feature", "properties": {"zone_id": "0203EW1UNR7QM01NF2R0K0", "tract_id": "34017000102", "city": "JERSEY CITY, NJ", "zone_code": "R-1", "zone_category": "Residential", "ev_permitted": false}, "geometry": {"type": "Polygon", "coordinates": [[[-74.0493426493364, 40.7550799327969], [-74.0491744432195, 40.7553251264364], [-74.0492545531483, 40.755356722153], [-74.0494226597852, 40.7551116721035], [-74.0493426493364, 40.7550799327969]]]}}, {"type": "Feature", "properties": {"zone_id": "0205FNZSQS1OKBCTN8M6R1", "tract_id": "34017000102", "city": "JERSEY CITY, NJ", "zone_code": "R-1", "zone_category": "Residential", "ev_permitted": false}, "geometry": {"type": "Polygon", "coordinates": [[[-74.0494226597852, 40.7551116721035], [-74.0492545531483, 40.755356722153], [-74.0493346631594, 40.7553883169136], [-74.0495026703044, 40.7551434122553], [-74.0494226597852, 40.7551116721035]]]}}, {"type": "Feature", "properties": {"zone_id": "02044K1TTQJIDIPTH78Z9V", "tract_id": "34017000102", "city": "JERSEY CITY, NJ", "zone_code": "R-1", "zone_category": "Residential", "ev_permitted": false}, "geometry": {"type": "Polygon", "coordinates": [[[-74.0495026703044, 40.7551434122553], [-74.0493346631594, 40.7553883169136], [-74.0494147720564, 40.7554199125148], [-74.0495826809061, 40.7551751514513], [-74.0495026703044, 40.7551434122553]]]}}, {"type": "Feature", "properties": {"zone_id": "0207MDAK9RI3ZG8P2FLNA3", "tract_id": "34017000102", "city": "JERSEY CITY, NJ", "zone_code": "R-1", "zone_category": "Residential", "ev_permitted": false}, "geometry": {"type": "Polygon", "coordinates": [[[-74.0502921775377, 40.7547110660629], [-74.0501574558338, 40.7549077977045], [-74.0502470998753, 40.7549433582592], [-74.0503818536914, 40.7547465780073], [-74.0502921775377, 40.7547110660629]]]}}, {"type": "Feature", "properties": {"zone_id": "0205GLSR0MFOUDK86NG2KQ", "tract_id": "34017000102", "city": "JERSEY CITY, NJ", "zone_code": "R-1", "zone_category": "Residential", "ev_permitted": false}, "geometry": {"type": "Polygon", "coordinates": [[[-74.0505752796342, 40.7547612760864], [-74.0504071213887, 40.7550068364678], [-74.0504871310788, 40.7550385750344], [-74.050655320194, 40.7547929714294], [-74.0505752796342, 40.7547612760864]]]}}, {"type": "Feature", "properties": {"zone_id": "020204XZN8FEBC35K5PBA8", "tract_id": "34017000102", "city": "JERSEY CITY, NJ", "zone_code": "R-1", "zone_category": "Residential", "ev_permitted": false}, "geometry": {"type": "Polygon", "coordinates": [[[-74.0504151987497, 40.754697884334], [-74.0502470998753, 40.7549433582592], [-74.0503271105968, 40.7549750969409], [-74.0504952391568, 40.7547295797876], [-74.0504151987497, 40.754697884334]]]}}, {"type": "Feature", "properties": {"zone_id": "0204IDG9K8W1D7VJN4RKY0", "tract_id": "34017000102", "city": "JERSEY CITY, NJ", "zone_code": "R-1", "zone_category": "Residential", "ev_permitted": false}, "geometry": {"type": "Polygon", "coordinates": [[[-74.0504952391568, 40.7547295797876], [-74.0503271105968, 40.7549750969409], [-74.0504071213887, 40.7550068364678], [-74.0505752796342, 40.7547612760864], [-74.0504952391568, 40.7547295797876]]]}}, {"type": "Feature", "properties": {"zone_id": "0203BJGBMN5MECUXENJER4", "tract_id": "34017000102", "city": "JERSEY CITY, NJ", "zone_code": "R-1", "zone_category": "Residential", "ev_permitted": false}, "geometry": {"type": "Polygon", "coordinates": [[[-74.050581920903, 40.7544544212074], [-74.0504151987497, 40.754697884334], [-74.0504952391568, 40.7547295797876], [-74.0506619610993, 40.7544861165455], [-74.050581920903, 40.7544544212074]], [[-74.0505620807371, 40.7544967616404], [-74.050627061376, 40.7545224941024], [-74.0505727173991, 40.7546018530416], [-74.0505402264534, 40.7545889867975], [-74.0505216205744, 40.7546161571227], [-74.0504891308159, 40.754603290869], [-74.0505620807371, 40.7544967616404]]]}}, {"type": "Feature", "properties": {"zone_id": "02006S61UBYH1FYP4L9QLS", "tract_id": "34017000102", "city": "JERSEY CITY, NJ", "zone_code": "R-1", "zone_category": "Residential", "ev_permitted": false}, "geometry": {"type": "Polygon", "coordinates": [[[-74.0505945704582, 40.7545096278736], [-74.0505402264534, 40.7545889867975], [-74.0505727173991, 40.7546018530416], [-74.050627061376, 40.7545224941024], [-74.0505945704582, 40.7545096278736]]]}}, {"type": "Feature", "properties": {"zone_id": "0203598Z7YMDKT5GVWTM68", "tract_id": "34017000102", "city": "JERSEY CITY, NJ", "zone_code": "R-1", "zone_category": "Residential", "ev_permitted": false}, "geometry": {"type": "Polygon", "coordinates": [[[-74.0505620807371, 40.7544967616404], [-74.0504891308159, 40.754603290869], [-74.0505216205744, 40.7546161571227], [-74.0505945704582, 40.7545096278736], [-74.0505620807371, 40.7544967616404]]]}}, {"type": "Feature", "properties": {"zone_id": "0202Z1RDW6SFCN79FUGLYU", "tract_id": "34017000102", "city": "JERSEY CITY, NJ", "zone_code": "R-1", "zone_category": "Residential", "ev_permitted": false}, "geometry": {"type": "Polygon", "coordinates": [[[-74.0501075729699, 40.754637962747], [-74.0499729190507, 40.7548345944741], [-74.0500651873945, 40.7548711956757], [-74.0501998757951, 40.754674514444], [-74.0501075729699, 40.754637962747]]]}}, {"type": "Feature", "properties": {"zone_id": "02046B7GSPNMZUNL8YPJQK", "tract_id": "34017000102", "city": "JERSEY CITY, NJ", "zone_code": "R-1", "zone_category": "Residential", "ev_permitted": false}, "geometry": {"type": "Polygon", "coordinates": [[[-74.0501998757951, 40.754674514444], [-74.0500651873945, 40.7548711956757], [-74.0501574558338, 40.7549077977045], [-74.0502921775377, 40.7547110660629], [-74.0501998757951, 40.754674514444]]]}}, {"type": "Feature", "properties": {"zone_id": "02003VG8H526QS5JSBDS4J", "tract_id": "34017000102", "city": "JERSEY CITY, NJ", "zone_code": "R-1", "zone_category": "Residential", "ev_permitted": false}, "geometry": {"type": "Polygon", "coordinates": [[[-74.0500178971095, 40.7546024505903], [-74.0498832753028, 40.7547990337072], [-74.0499729190507, 40.7548345944741], [-74.0501075729699, 40.754637962747], [-74.0500178971095, 40.7546024505903]]]}}, {"type": "Feature", "properties": {"zone_id": "0200NGITUKXEY37WJEW78Z", "tract_id": "34017000102", "city": "JERSEY CITY, NJ", "zone_code": "R-1", "zone_category": "Residential", "ev_permitted": false}, "geometry": {"type": "Polygon", "coordinates": [[[-74.0496696248647, 40.7549000405368], [-74.0495026703044, 40.7551434122553], [-74.0495826809061, 40.7551751514513], [-74.0497496352561, 40.7549317796173], [-74.0496696248647, 40.7549000405368]]]}}, {"type": "Feature", "properties": {"zone_id": "0205DZUSPQWSDKXH4YSI0K", "tract_id": "34017000102", "city": "JERSEY CITY, NJ", "zone_code": "R-1", "zone_category": "Residential", "ev_permitted": false}, "geometry": {"type": "Polygon", "coordinates": [[[-74.0497791151871, 40.7549712341003], [-74.0497121713992, 40.7550688209043], [-74.0497423117953, 40.7550807767219], [-74.0498092567296, 40.7549831908057], [-74.0497791151871, 40.7549712341003]]]}}, {"type": "Feature", "properties": {"zone_id": "020118G2X4SOXRJ1URNZAU", "tract_id": "34017000102", "city": "JERSEY CITY, NJ", "zone_code": "R-1", "zone_category": "Residential", "ev_permitted": false}, "geometry": {"type": "Polygon", "coordinates": [[[-74.0497489748396, 40.7549592773918], [-74.0496820298357, 40.7550568641737], [-74.0497121713992, 40.7550688209043], [-74.0497791151871, 40.7549712341003], [-74.0497489748396, 40.7549592773918]]]}}, {"type": "Feature", "properties": {"zone_id": "0201G08HPTH6DBHC6DTN4U", "tract_id": "34017000102", "city": "JERSEY CITY, NJ", "zone_code": "R-1", "zone_category": "Residential", "ev_permitted": false}, "geometry": {"type": "Polygon", "coordinates": [[[-74.0495096043173, 40.7548365613095], [-74.0493426493364, 40.7550799327969], [-74.0494226597852, 40.7551116721035], [-74.0495896145558, 40.7548683005004], [-74.0495096043173, 40.7548365613095]]]}}, {"type": "Feature", "properties": {"zone_id": "02003RH8RLLBL9DCKFC540", "tract_id": "34017000102", "city": "JERSEY CITY, NJ", "zone_code": "R-1", "zone_category": "Residential", "ev_permitted": false}, "geometry": {"type": "Polygon", "coordinates": [[[-74.0495896145558, 40.7548683005004], [-74.0494226597852, 40.7551116721035], [-74.0495026703044, 40.7551434122553], [-74.0496696248647, 40.7549000405368], [-74.0495896145558, 40.7548683005004]]]}}, {"type": "Feature", "properties": {"zone_id": "0205AZRC1T8WVHK555M5O8", "tract_id": "34017000102", "city": "JERSEY CITY, NJ", "zone_code": "R-1", "zone_category": "Residential", "ev_permitted": false}, "geometry": {"type": "Polygon", "coordinates": [[[-74.0492695740727, 40.7547413416039], [-74.0491026196454, 40.7549847127494], [-74.0491826298587, 40.7550164531223], [-74.0493495840757, 40.7547730818612], [-74.0492695740727, 40.7547413416039]]]}}, {"type": "Feature", "properties": {"zone_id": "02040R4QZ32ZQVMVIKFP38", "tract_id": "34017000102", "city": "JERSEY CITY, NJ", "zone_code": "R-1", "zone_category": "Residential", "ev_permitted": false}, "geometry": {"type": "Polygon", "coordinates": [[[-74.0494295941613, 40.7548048211627], [-74.0492626389702, 40.7550481925346], [-74.0493426493364, 40.7550799327969], [-74.0495096043173, 40.7548365613095], [-74.0494295941613, 40.7548048211627]]]}}, {"type": "Feature", "properties": {"zone_id": "02053IJN16NNW3CRTRAUJJ", "tract_id": "34017000102", "city": "JERSEY CITY, NJ", "zone_code": "R-1", "zone_category": "Residential", "ev_permitted": false}, "geometry": {"type": "Polygon", "coordinates": [[[-74.0493495840757, 40.7547730818612], [-74.0491826298587, 40.7550164531223], [-74.0492626389702, 40.7550481925346], [-74.0494295941613, 40.7548048211627], [-74.0493495840757, 40.7547730818612]], [[-74.049344299013, 40.7547926571162], [-74.0494115067845, 40.7548193184577], [-74.0493029858645, 40.7549775098606], [-74.0492357779782, 40.754950848456], [-74.049344299013, 40.7547926571162]]]}}, {"type": "Feature", "properties": {"zone_id": "0206UH7K3SS9JLDF49IKKQ", "tract_id": "34017000102", "city": "JERSEY CITY, NJ", "zone_code": "R-1", "zone_category": "Residential", "ev_permitted": false}, "geometry": {"type": "Polygon", "coordinates": [[[-74.049344299013, 40.7547926571162], [-74.0492357779782, 40.754950848456], [-74.0492693825098, 40.7549641787152], [-74.049377902303, 40.7548059873392], [-74.049344299013, 40.7547926571162]]]}}, {"type": "Feature", "properties": {"zone_id": "0200LA6QYJXICVGHAGU3XI", "tract_id": "34017000102", "city": "JERSEY CITY, NJ", "zone_code": "R-1", "zone_category": "Residential", "ev_permitted": false}, "geometry": {"type": "Polygon", "coordinates": [[[-74.049377902303, 40.7548059873392], [-74.0492693825098, 40.7549641787152], [-74.0493029858645, 40.7549775098606], [-74.0494115067845, 40.7548193184577], [-74.049377902303, 40.7548059873392]]]}}, {"type": "Feature", "properties": {"zone_id": "0207IZN8VKY5BVV55KENF7", "tract_id": "34017000102", "city": "JERSEY CITY, NJ", "zone_code": "R-1", "zone_category": "Residential", "ev_permitted": false}, "geometry": {"type": "Polygon", "coordinates": [[[-74.0496948408986, 40.754412621873], [-74.0495270068475, 40.7546577040363], [-74.0496070168807, 40.7546894432151], [-74.0497748806181, 40.7544443178241], [-74.0496948408986, 40.754412621873]]]}}, {"type": "Feature", "properties": {"zone_id": "0204ASGAH8QEE7KJ8PPG52", "tract_id": "34017000102", "city": "JERSEY CITY, NJ", "zone_code": "R-1", "zone_category": "Residential", "ev_permitted": false}, "geometry": {"type": "Polygon", "coordinates": [[[-74.0497415352287, 40.7544930104121], [-74.0496070168807, 40.7546894432151], [-74.0497020049739, 40.754727124319], [-74.0498365589944, 40.7545306402119], [-74.0497415352287, 40.7544930104121]]]}}, {"type": "Feature", "properties": {"zone_id": "02046OIYM2VJC6F4UQKZMO", "tract_id": "34017000102", "city": "JERSEY CITY, NJ", "zone_code": "R-1", "zone_category": "Residential", "ev_permitted": false}, "geometry": {"type": "Polygon", "coordinates": [[[-74.0498365589944, 40.7545306402119], [-74.0497020049739, 40.754727124319], [-74.0497926406814, 40.7547630790509], [-74.0499272280029, 40.7545665454366], [-74.0498365589944, 40.7545306402119]]]}}, {"type": "Feature", "properties": {"zone_id": "02026ES8ZAFRJVUFFTRUDH", "tract_id": "34017000102", "city": "JERSEY CITY, NJ", "zone_code": "R-1", "zone_category": "Residential", "ev_permitted": false}, "geometry": {"type": "Polygon", "coordinates": [[[-74.0499272280029, 40.7545665454366], [-74.0497926406814, 40.7547630790509], [-74.0498832753028, 40.7547990337072], [-74.0500178971095, 40.7546024505903], [-74.0499272280029, 40.7545665454366]]]}}, {"type": "Feature", "properties": {"zone_id": "0204C1Y6XY1MDFOW64I57O", "tract_id": "34017000102", "city": "JERSEY CITY, NJ", "zone_code": "R-1", "zone_category": "Residential", "ev_permitted": false}, "geometry": {"type": "Polygon", "coordinates": [[[-74.0489333014654, 40.7554155515642], [-74.0487679030768, 40.7556579853593], [-74.048928112673, 40.7557211898662], [-74.0490935202059, 40.7554787423705], [-74.0489333014654, 40.7554155515642]]]}}, {"type": "Feature", "properties": {"zone_id": "02000TKDG24SLJEKZG6FX4", "tract_id": "34017000102", "city": "JERSEY CITY, NJ", "zone_code": "R-1", "zone_category": "Residential", "ev_permitted": false}, "geometry": {"type": "Polygon", "coordinates": [[[-74.0488531916142, 40.755383956526], [-74.0486877977948, 40.755626383921], [-74.0487679030768, 40.7556579853593], [-74.0489333014654, 40.7554155515642], [-74.0488531916142, 40.755383956526]]]}}, {"type": "Feature", "properties": {"zone_id": "0207GJLJ2380XTNZEO7GEN", "tract_id": "34017000102", "city": "JERSEY CITY, NJ", "zone_code": "R-1", "zone_category": "Residential", "ev_permitted": false}, "geometry": {"type": "Polygon", "coordinates": [[[-74.0487730830297, 40.7553523605364], [-74.0486076925952, 40.7555947815268], [-74.0486877977948, 40.755626383921], [-74.0488531916142, 40.755383956526], [-74.0487730830297, 40.7553523605364]]]}}, {"type": "Feature", "properties": {"zone_id": "0201NZW7OAVQBHA0UFM950", "tract_id": "34017000102", "city": "JERSEY CITY, NJ", "zone_code": "R-1", "zone_category": "Residential", "ev_permitted": false}, "geometry": {"type": "Polygon", "coordinates": [[[-74.0486128637147, 40.7552891692825], [-74.0484474836088, 40.755531576577], [-74.0485275874717, 40.7555631790773], [-74.048692973331, 40.7553207653875], [-74.0486128637147, 40.7552891692825]], [[-74.0486161040801, 40.7553185717376], [-74.0486595399307, 40.7553357077827], [-74.0486549837437, 40.7553423849344], [-74.0486646680516, 40.7553462052752], [-74.0485542425734, 40.7555080611049], [-74.048491474621, 40.755483297964], [-74.0486019002093, 40.7553214421943], [-74.0486115490742, 40.7553252488922], [-74.0486161040801, 40.7553185717376]]]}}, {"type": "Feature", "properties": {"zone_id": "02000ELNYJ8V5QIVGAQN5F", "tract_id": "34017000102", "city": "JERSEY CITY, NJ", "zone_code": "R-1", "zone_category": "Residential", "ev_permitted": false}, "geometry": {"type": "Polygon", "coordinates": [[[-74.048692973331, 40.7553207653875], [-74.0485275874717, 40.7555631790773], [-74.0486076925952, 40.7555947815268], [-74.0487730830297, 40.7553523605364], [-74.048692973331, 40.7553207653875]], [[-74.0486970393627, 40.7553504934792], [-74.0487404740769, 40.7553676285888], [-74.04873591908, 40.7553743057483], [-74.048745602213, 40.7553781260778], [-74.0486351768768, 40.7555399819847], [-74.0485724100423, 40.7555152197928], [-74.0486828354886, 40.7553533639459], [-74.0486924831845, 40.7553571697318], [-74.0486970393627, 40.7553504934792]]]}}, {"type": "Feature", "properties": {"zone_id": "02053JGHQ5JTR1EVCAFIX5", "tract_id": "34017000102", "city": "JERSEY CITY, NJ", "zone_code": "R-1", "zone_category": "Residential", "ev_permitted": false}, "geometry": {"type": "Polygon", "coordinates": [[[-74.0487187573092, 40.7553590610384], [-74.0486037934507, 40.7555276013433], [-74.0486351768768, 40.7555399819847], [-74.048745602213, 40.7553781260778], [-74.04873591908, 40.7553743057483], [-74.0487404740769, 40.7553676285888], [-74.0487187573092, 40.7553590610384]]]}}, {"type": "Feature", "properties": {"zone_id": "0204CPDH5LTACTMI1MJL62", "tract_id": "34017000102", "city": "JERSEY CITY, NJ", "zone_code": "R-1", "zone_category": "Residential", "ev_permitted": false}, "geometry": {"type": "Polygon", "coordinates": [[[-74.0486970393627, 40.7553504934792], [-74.0486924831845, 40.7553571697318], [-74.0486828354886, 40.7553533639459], [-74.0485724100423, 40.7555152197928], [-74.0486037934507, 40.7555276013433], [-74.0487187573092, 40.7553590610384], [-74.0486970393627, 40.7553504934792]]]}}, {"type": "Feature", "properties": {"zone_id": "02063XLT3R652OFPDKAAOQ", "tract_id": "34017000102", "city": "JERSEY CITY, NJ", "zone_code": "R-1", "zone_category": "Residential", "ev_permitted": false}, "geometry": {"type": "Polygon", "coordinates": [[[-74.0486378220056, 40.7553271393119], [-74.0485228591835, 40.755495679541], [-74.0485542425734, 40.7555080611049], [-74.0486646680516, 40.7553462052752], [-74.0486549837437, 40.7553423849344], [-74.0486595399307, 40.7553357077827], [-74.0486378220056, 40.7553271393119]]]}}, {"type": "Feature", "properties": {"zone_id": "02008KDTDU2Z3B9R68WGZS", "tract_id": "34017000102", "city": "JERSEY CITY, NJ", "zone_code": "R-1", "zone_category": "Residential", "ev_permitted": false}, "geometry": {"type": "Polygon", "coordinates": [[[-74.0486161040801, 40.7553185717376], [-74.0486115490742, 40.7553252488922], [-74.0486019002093, 40.7553214421943], [-74.048491474621, 40.755483297964], [-74.0485228591835, 40.755495679541], [-74.0486378220056, 40.7553271393119], [-74.0486161040801, 40.7553185717376]]]}}, {"type": "Feature", "properties": {"zone_id": "02076US7MWW9PQLRLRLHT2", "tract_id": "34017000102", "city": "JERSEY CITY, NJ", "zone_code": "R-1", "zone_category": "Residential", "ev_permitted": false}, "geometry": {"type": "Polygon", "coordinates": [[[-74.0492626389702, 40.7550481925346], [-74.0490943333609, 40.755293531565], [-74.0491744432195, 40.7553251264364], [-74.0493426493364, 40.7550799327969], [-74.0492626389702, 40.7550481925346]]]}}, {"type": "Feature", "properties": {"zone_id": "0204U04SZHW6EMBKA4FYC1", "tract_id": "34017000102", "city": "JERSEY CITY, NJ", "zone_code": "R-1", "zone_category": "Residential", "ev_permitted": false}, "geometry": {"type": "Polygon", "coordinates": [[[-74.0490226095025, 40.754952973222], [-74.0488540054387, 40.7551987448221], [-74.0489341138844, 40.755230339855], [-74.0491026196454, 40.7549847127494], [-74.0490226095025, 40.754952973222]]]}}, {"type": "Feature", "properties": {"zone_id": "0201335MH7BJIHQSFVRPMW", "tract_id": "34017000102", "city": "JERSEY CITY, NJ", "zone_code": "R-1", "zone_category": "Residential", "ev_permitted": false}, "geometry": {"type": "Polygon", "coordinates": [[[-74.0491026196454, 40.7549847127494], [-74.0489341138844, 40.755230339855], [-74.0490142235845, 40.7552619357377], [-74.0491826298587, 40.7550164531223], [-74.0491026196454, 40.7549847127494]]]}}, {"type": "Feature", "properties": {"zone_id": "0200IIS7COG9LA5D0SWZVZ", "tract_id": "34017000102", "city": "JERSEY CITY, NJ", "zone_code": "R-1", "zone_category": "Residential", "ev_permitted": false}, "geometry": {"type": "Polygon", "coordinates": [[[-74.0491826298587, 40.7550164531223], [-74.0490142235845, 40.7552619357377], [-74.0490943333609, 40.755293531565], [-74.0492626389702, 40.7550481925346], [-74.0491826298587, 40.7550164531223]], [[-74.0491427342051, 40.7551241003424], [-74.0491942905588, 40.755144434376], [-74.0491270981582, 40.7552423810008], [-74.0490755405716, 40.7552220460321], [-74.0491427342051, 40.7551241003424]]]}}, {"type": "Feature", "properties": {"zone_id": "0200QBH47DSKSBGE0724W5", "tract_id": "34017000102", "city": "JERSEY CITY, NJ", "zone_code": "R-1", "zone_category": "Residential", "ev_permitted": false}, "geometry": {"type": "Polygon", "coordinates": [[[-74.04910913741, 40.7551730736428], [-74.0490755405716, 40.7552220460321], [-74.0491270981582, 40.7552423810008], [-74.049160630398, 40.7551935002042], [-74.04910913741, 40.7551730736428]]]}}, {"type": "Feature", "properties": {"zone_id": "020668IEYI4KEPVJKUULCT", "tract_id": "34017000102", "city": "JERSEY CITY, NJ", "zone_code": "R-1", "zone_category": "Residential", "ev_permitted": false}, "geometry": {"type": "Polygon", "coordinates": [[[-74.0491427342051, 40.7551241003424], [-74.04910913741, 40.7551730736428], [-74.049160630398, 40.7551935002042], [-74.0491942905588, 40.755144434376], [-74.0491427342051, 40.7551241003424]]]}}, {"type": "Feature", "properties": {"zone_id": "0200FJAC5WPLGPXO8CK62N", "tract_id": "34017000102", "city": "JERSEY CITY, NJ", "zone_code": "R-1", "zone_category": "Residential", "ev_permitted": false}, "geometry": {"type": "Polygon", "coordinates": [[[-74.048453649872, 40.7552263734955], [-74.0482882765447, 40.7554687670815], [-74.0483673786379, 40.7554999740167], [-74.0485327553527, 40.7552575740274], [-74.048453649872, 40.7552263734955]]]}}, {"type": "Feature", "properties": {"zone_id": "0204GSYGU52Q1O2XLRVVG3", "tract_id": "34017000102", "city": "JERSEY CITY, NJ", "zone_code": "R-1", "zone_category": "Residential", "ev_permitted": false}, "geometry": {"type": "Polygon", "coordinates": [[[-74.0483326843964, 40.7551786643294], [-74.0481673191143, 40.7554210469681], [-74.0482882765447, 40.7554687670815], [-74.048453649872, 40.7552263734955], [-74.0483326843964, 40.7551786643294]]]}}, {"type": "Feature", "properties": {"zone_id": "02042GPM44ZMAPGR8UH2BQ", "tract_id": "34017000102", "city": "JERSEY CITY, NJ", "zone_code": "R-1", "zone_category": "Residential", "ev_permitted": false}, "geometry": {"type": "Polygon", "coordinates": [[[-74.0485327553527, 40.7552575740274], [-74.0483673786379, 40.7554999740167], [-74.0484474836088, 40.755531576577], [-74.0486128637147, 40.7552891692825], [-74.0485327553527, 40.7552575740274]]]}}, {"type": "Feature", "properties": {"zone_id": "0203M5RQJ1CCA5VLZLU6F2", "tract_id": "34017000102", "city": "JERSEY CITY, NJ", "zone_code": "R-1", "zone_category": "Residential", "ev_permitted": false}, "geometry": {"type": "Polygon", "coordinates": [[[-74.0481270641825, 40.7554051660035], [-74.0479608351375, 40.7556488120801], [-74.0480409400914, 40.7556804149217], [-74.0482071689247, 40.7554367687299], [-74.0481270641825, 40.7554051660035]]]}}, {"type": "Feature", "properties": {"zone_id": "02016G1WMZM5IMT0W1M0S9", "tract_id": "34017000102", "city": "JERSEY CITY, NJ", "zone_code": "R-1", "zone_category": "Residential", "ev_permitted": false}, "geometry": {"type": "Polygon", "coordinates": [[[-74.0482071689247, 40.7554367687299], [-74.0480409400914, 40.7556804149217], [-74.0481210439371, 40.7557120177033], [-74.0482872737432, 40.755468371401], [-74.0482071689247, 40.7554367687299]]]}}, {"type": "Feature", "properties": {"zone_id": "02022XLRWNVCFONFCC8LGE", "tract_id": "34017000102", "city": "JERSEY CITY, NJ", "zone_code": "R-1", "zone_category": "Residential", "ev_permitted": false}, "geometry": {"type": "Polygon", "coordinates": [[[-74.0479668561111, 40.7553419603892], [-74.0478006254524, 40.7555856071313], [-74.0478807302538, 40.7556172100837], [-74.0480469595165, 40.7553735632217], [-74.0479668561111, 40.7553419603892]]]}}, {"type": "Feature", "properties": {"zone_id": "0206E156WH6ZE837PDVDOL", "tract_id": "34017000102", "city": "JERSEY CITY, NJ", "zone_code": "R-1", "zone_category": "Residential", "ev_permitted": false}, "geometry": {"type": "Polygon", "coordinates": [[[-74.0480469595165, 40.7553735632217], [-74.0478807302538, 40.7556172100837], [-74.0479608351375, 40.7556488120801], [-74.0481270641825, 40.7554051660035], [-74.0480469595165, 40.7553735632217]]]}}, {"type": "Feature", "properties": {"zone_id": "02001S31W86Z5JTZ0H1P9W", "tract_id": "34017000102", "city": "JERSEY CITY, NJ", "zone_code": "R-1", "zone_category": "Residential", "ev_permitted": false}, "geometry": {"type": "Polygon", "coordinates": [[[-74.0481322111518, 40.7550995942056], [-74.0479668561111, 40.7553419603892], [-74.0480463618578, 40.7553733267284], [-74.0482117202851, 40.7551309541411], [-74.0481322111518, 40.7550995942056]]]}}, {"type": "Feature", "properties": {"zone_id": "0205L6MKR17QK59X0X882P", "tract_id": "34017000102", "city": "JERSEY CITY, NJ", "zone_code": "R-1", "zone_category": "Residential", "ev_permitted": false}, "geometry": {"type": "Polygon", "coordinates": [[[-74.0480521020629, 40.7550679986136], [-74.0478867515975, 40.7553103574966], [-74.0479668561111, 40.7553419603892], [-74.0481322111518, 40.7550995942056], [-74.0480521020629, 40.7550679986136]], [[-74.0480392655843, 40.7551046959309], [-74.0481033524058, 40.7551299724142], [-74.0479936950779, 40.7552907004822], [-74.0479296117342, 40.7552654185487], [-74.0480392655843, 40.7551046959309]]]}}, {"type": "Feature", "properties": {"zone_id": "0205QOQAC1WE84A6N370B1", "tract_id": "34017000102", "city": "JERSEY CITY, NJ", "zone_code": "R-1", "zone_category": "Residential", "ev_permitted": false}, "geometry": {"type": "Polygon", "coordinates": [[[-74.0482117202851, 40.7551309541411], [-74.0480463618578, 40.7553733267284], [-74.0481673191143, 40.7554210469681], [-74.0483326843964, 40.7551786643294], [-74.0482117202851, 40.7551309541411]]]}}, {"type": "Feature", "properties": {"zone_id": "0200NKQ025A68G7D6UY0VJ", "tract_id": "34017000102", "city": "JERSEY CITY, NJ", "zone_code": "R-1", "zone_category": "Residential", "ev_permitted": false}, "geometry": {"type": "Polygon", "coordinates": [[[-74.0479719930563, 40.7550364020656], [-74.0478066471603, 40.7552787545487], [-74.0478867515975, 40.7553103574966], [-74.0480521020629, 40.7550679986136], [-74.0479719930563, 40.7550364020656]]]}}, {"type": "Feature", "properties": {"zone_id": "020729F29D9ET8P96FB3RX", "tract_id": "34017000102", "city": "JERSEY CITY, NJ", "zone_code": "R-1", "zone_category": "Residential", "ev_permitted": false}, "geometry": {"type": "Polygon", "coordinates": [[[-74.0479844399312, 40.7551850541064], [-74.0479296117342, 40.7552654185487], [-74.0479936950779, 40.7552907004822], [-74.048048523213, 40.7552103369101], [-74.0479844399312, 40.7551850541064]]]}}, {"type": "Feature", "properties": {"zone_id": "020598RGHNYOD2AYTFO07A", "tract_id": "34017000102", "city": "JERSEY CITY, NJ", "zone_code": "R-1", "zone_category": "Residential", "ev_permitted": false}, "geometry": {"type": "Polygon", "coordinates": [[[-74.0480392655843, 40.7551046959309], [-74.0479844399312, 40.7551850541064], [-74.048048523213, 40.7552103369101], [-74.0481033524058, 40.7551299724142], [-74.0480392655843, 40.7551046959309]]]}}, {"type": "Feature", "properties": {"zone_id": "0206R84SO7M4FZKQ4UYTR1", "tract_id": "34017000102", "city": "JERSEY CITY, NJ", "zone_code": "R-1", "zone_category": "Residential", "ev_permitted": false}, "geometry": {"type": "Polygon", "coordinates": [[[-74.0491895641401, 40.754709602192], [-74.0490226095025, 40.754952973222], [-74.0491026196454, 40.7549847127494], [-74.0492695740727, 40.7547413416039], [-74.0491895641401, 40.754709602192]]]}}, {"type": "Feature", "properties": {"zone_id": "0204EK7ESMKLASBY2VYV06", "tract_id": "34017000102", "city": "JERSEY CITY, NJ", "zone_code": "R-1", "zone_category": "Residential", "ev_permitted": false}, "geometry": {"type": "Polygon", "coordinates": [[[-74.0491095554682, 40.7546778627294], [-74.0489425994422, 40.7549212327387], [-74.0490226095025, 40.754952973222], [-74.0491895641401, 40.754709602192], [-74.0491095554682, 40.7546778627294]]]}}, {"type": "Feature", "properties": {"zone_id": "0205TIKZ5WO32G2D7FE85D", "tract_id": "34017000102", "city": "JERSEY CITY, NJ", "zone_code": "R-1", "zone_category": "Residential", "ev_permitted": false}, "geometry": {"type": "Polygon", "coordinates": [[[-74.0489425994422, 40.7549212327387], [-74.048773895891, 40.7551671488287], [-74.0488540054387, 40.7551987448221], [-74.0490226095025, 40.754952973222], [-74.0489425994422, 40.7549212327387]]]}}, {"type": "Feature", "properties": {"zone_id": "0200LIK4K2VD7LNG79UYKR", "tract_id": "34017000102", "city": "JERSEY CITY, NJ", "zone_code": "R-1", "zone_category": "Residential", "ev_permitted": false}, "geometry": {"type": "Polygon", "coordinates": [[[-74.0486225599534, 40.7547942720542], [-74.0484534596346, 40.7550407661069], [-74.0485335676931, 40.7550723623172], [-74.0487025697079, 40.7548260127585], [-74.0486225599534, 40.7547942720542]]]}}, {"type": "Feature", "properties": {"zone_id": "0200QA79MRJC3419WB8AHC", "tract_id": "34017000102", "city": "JERSEY CITY, NJ", "zone_code": "R-1", "zone_category": "Residential", "ev_permitted": false}, "geometry": {"type": "Polygon", "coordinates": [[[-74.0487025697079, 40.7548260127585], [-74.0485335676931, 40.7550723623172], [-74.0486136770182, 40.7551039575762], [-74.0487825795449, 40.754857752507], [-74.0487025697079, 40.7548260127585]]]}}, {"type": "Feature", "properties": {"zone_id": "0207IWG10Y2U098IKSPY0S", "tract_id": "34017000102", "city": "JERSEY CITY, NJ", "zone_code": "R-1", "zone_category": "Residential", "ev_permitted": false}, "geometry": {"type": "Polygon", "coordinates": [[[-74.0487825795449, 40.754857752507], [-74.0486136770182, 40.7551039575762], [-74.0486937864135, 40.7551355536804], [-74.0488625894522, 40.7548894931007], [-74.0487825795449, 40.754857752507]]]}}, {"type": "Feature", "properties": {"zone_id": "0205V7I8EORJJV8LNLMUAG", "tract_id": "34017000102", "city": "JERSEY CITY, NJ", "zone_code": "R-1", "zone_category": "Residential", "ev_permitted": false}, "geometry": {"type": "Polygon", "coordinates": [[[-74.0488625894522, 40.7548894931007], [-74.0486937864135, 40.7551355536804], [-74.048773895891, 40.7551671488287], [-74.0489425994422, 40.7549212327387], [-74.0488625894522, 40.7548894931007]]]}}, {"type": "Feature", "properties": {"zone_id": "02077K4L2AWLY3LXU26WAI", "tract_id": "34017000102", "city": "JERSEY CITY, NJ", "zone_code": "R-1", "zone_category": "Residential", "ev_permitted": false}, "geometry": {"type": "Polygon", "coordinates": [[[-74.0490295456946, 40.7546461223064], [-74.0488625894522, 40.7548894931007], [-74.0489425994422, 40.7549212327387], [-74.0491095554682, 40.7546778627294], [-74.0490295456946, 40.7546461223064]]]}}, {"type": "Feature", "properties": {"zone_id": "0200E30PACRFUD0GLP5HPD", "tract_id": "34017000102", "city": "JERSEY CITY, NJ", "zone_code": "R-1", "zone_category": "Residential", "ev_permitted": false}, "geometry": {"type": "Polygon", "coordinates": [[[-74.0489495359914, 40.7546143827287], [-74.0487825795449, 40.754857752507], [-74.0488625894522, 40.7548894931007], [-74.0490295456946, 40.7546461223064], [-74.0489495359914, 40.7546143827287]]]}}, {"type": "Feature", "properties": {"zone_id": "0206MY2UKQLDMUTEP3UDXN", "tract_id": "34017000102", "city": "JERSEY CITY, NJ", "zone_code": "R-1", "zone_category": "Residential", "ev_permitted": false}, "geometry": {"type": "Polygon", "coordinates": [[[-74.0486294979554, 40.7544874220645], [-74.0484625406618, 40.7547307922812], [-74.0486225599534, 40.7547942720542], [-74.0487895168205, 40.7545509025071], [-74.0486294979554, 40.7544874220645]]]}}, {"type": "Feature", "properties": {"zone_id": "0207CN2Z612E8280UEYDG6", "tract_id": "34017000102", "city": "JERSEY CITY, NJ", "zone_code": "R-1", "zone_category": "Residential", "ev_permitted": false}, "geometry": {"type": "Polygon", "coordinates": [[[-74.0487895168205, 40.7545509025071], [-74.0486225599534, 40.7547942720542], [-74.0487025697079, 40.7548260127585], [-74.0488695263707, 40.7545826421952], [-74.0487895168205, 40.7545509025071]]]}}, {"type": "Feature", "properties": {"zone_id": "020707B5MQVV1QOEZSEHUH", "tract_id": "34017000102", "city": "JERSEY CITY, NJ", "zone_code": "R-1", "zone_category": "Residential", "ev_permitted": false}, "geometry": {"type": "Polygon", "coordinates": [[[-74.0488695263707, 40.7545826421952], [-74.0487025697079, 40.7548260127585], [-74.0487825795449, 40.754857752507], [-74.0489495359914, 40.7546143827287], [-74.0488695263707, 40.7545826421952]]]}}, {"type": "Feature", "properties": {"zone_id": "0200YJS19E6CRKVDUBRWMW", "tract_id": "34017000102", "city": "JERSEY CITY, NJ", "zone_code": "R-1", "zone_category": "Residential", "ev_permitted": false}, "geometry": {"type": "Polygon", "coordinates": [[[-74.0484625406618, 40.7547307922812], [-74.0482932413716, 40.7549775744114], [-74.0483733504681, 40.7550091698365], [-74.0485425502694, 40.7547625321953], [-74.0484625406618, 40.7547307922812]]]}}, {"type": "Feature", "properties": {"zone_id": "0201XM2GBS0935XM1KX0VB", "tract_id": "34017000102", "city": "JERSEY CITY, NJ", "zone_code": "R-1", "zone_category": "Residential", "ev_permitted": false}, "geometry": {"type": "Polygon", "coordinates": [[[-74.0483825311368, 40.7546990514112], [-74.0482131323575, 40.7549459780303], [-74.0482932413716, 40.7549775744114], [-74.0484625406618, 40.7547307922812], [-74.0483825311368, 40.7546990514112]]]}}, {"type": "Feature", "properties": {"zone_id": "0205H3KLXCA732OKC5YOOD", "tract_id": "34017000102", "city": "JERSEY CITY, NJ", "zone_code": "R-1", "zone_category": "Residential", "ev_permitted": false}, "geometry": {"type": "Polygon", "coordinates": [[[-74.0483025216822, 40.7546673113866], [-74.0481330234135, 40.7549143824944], [-74.0482131323575, 40.7549459780303], [-74.0483825311368, 40.7546990514112], [-74.0483025216822, 40.7546673113866]]]}}, {"type": "Feature", "properties": {"zone_id": "0201TOF1XDJD3DKNI6OG9D", "tract_id": "34017000102", "city": "JERSEY CITY, NJ", "zone_code": "R-1", "zone_category": "Residential", "ev_permitted": false}, "geometry": {"type": "Polygon", "coordinates": [[[-74.0485425502694, 40.7547625321953], [-74.0483733504681, 40.7550091698365], [-74.0484534596346, 40.7550407661069], [-74.0486225599534, 40.7547942720542], [-74.0485425502694, 40.7547625321953]]]}}, {"type": "Feature", "properties": {"zone_id": "0203Z4NDNVETI33AJ0Z87V", "tract_id": "34017000102", "city": "JERSEY CITY, NJ", "zone_code": "R-1", "zone_category": "Residential", "ev_permitted": false}, "geometry": {"type": "Polygon", "coordinates": [[[-74.047860374836, 40.7547297883952], [-74.0478184338942, 40.7547903020874], [-74.048072141238, 40.754890369492], [-74.0481134331906, 40.7548301800809], [-74.047860374836, 40.7547297883952]]]}}, {"type": "Feature", "properties": {"zone_id": "02030C28XU8GPQH0S31TCS", "tract_id": "34017000102", "city": "JERSEY CITY, NJ", "zone_code": "R-1", "zone_category": "Residential", "ev_permitted": false}, "geometry": {"type": "Polygon", "coordinates": [[[-74.0481588205245, 40.7547640204802], [-74.048072141238, 40.754890369492], [-74.0481330234135, 40.7549143824944], [-74.0482196272643, 40.7547881430136], [-74.0481588205245, 40.7547640204802]]]}}, {"type": "Feature", "properties": {"zone_id": "0207O08C8D5M4H53ZNZHNG", "tract_id": "34017000102", "city": "JERSEY CITY, NJ", "zone_code": "R-1", "zone_category": "Residential", "ev_permitted": false}, "geometry": {"type": "Polygon", "coordinates": [[[-74.0485494886406, 40.75445568131], [-74.0483825311368, 40.7546990514112], [-74.0484625406618, 40.7547307922812], [-74.0486294979554, 40.7544874220645], [-74.0485494886406, 40.75445568131]]]}}, {"type": "Feature", "properties": {"zone_id": "0202WHSV0IV9I1P5ODSRK4", "tract_id": "34017000102", "city": "JERSEY CITY, NJ", "zone_code": "R-1", "zone_category": "Residential", "ev_permitted": false}, "geometry": {"type": "Polygon", "coordinates": [[[-74.0484694793962, 40.7544239414009], [-74.0483025216822, 40.7546673113866], [-74.0483825311368, 40.7546990514112], [-74.0485494886406, 40.75445568131], [-74.0484694793962, 40.7544239414009]]]}}, {"type": "Feature", "properties": {"zone_id": "0205TB9EG4HZJCSJHY0E1O", "tract_id": "34017000102", "city": "JERSEY CITY, NJ", "zone_code": "R-1", "zone_category": "Residential", "ev_permitted": false}, "geometry": {"type": "Polygon", "coordinates": [[[-74.0480322943941, 40.7544827082504], [-74.0479896304245, 40.7545431831528], [-74.0483025216822, 40.7546673113866], [-74.0483442618175, 40.7546064689167], [-74.0480322943941, 40.7544827082504]]]}}, {"type": "Feature", "properties": {"zone_id": "0202ST2PYGXJE498PNH851", "tract_id": "34017000102", "city": "JERSEY CITY, NJ", "zone_code": "R-1", "zone_category": "Residential", "ev_permitted": false}, "geometry": {"type": "Polygon", "coordinates": [[[-74.0479229572239, 40.7546394902475], [-74.047897711174, 40.7546759155964], [-74.0480195818334, 40.7547242627797], [-74.0480279294515, 40.754712094306], [-74.0482196272643, 40.7547881430136], [-74.0482403305603, 40.7547579652029], [-74.0480587550385, 40.7546859322629], [-74.0480547480919, 40.7546917730951], [-74.0479229572239, 40.7546394902475]]]}}, {"type": "Feature", "properties": {"zone_id": "0207LJIMXJ72GFZ7YMDGCF", "tract_id": "34017000102", "city": "JERSEY CITY, NJ", "zone_code": "R-1", "zone_category": "Residential", "ev_permitted": false}, "geometry": {"type": "Polygon", "coordinates": [[[-74.047897711174, 40.7546759155964], [-74.047860374836, 40.7547297883952], [-74.0481134331906, 40.7548301800809], [-74.0481588205245, 40.7547640204802], [-74.0480279294515, 40.754712094306], [-74.0480195818334, 40.7547242627797], [-74.047897711174, 40.7546759155964]]]}}, {"type": "Feature", "properties": {"zone_id": "0202VENXZ4GTQPKBMY606C", "tract_id": "34017000102", "city": "JERSEY CITY, NJ", "zone_code": "R-1", "zone_category": "Residential", "ev_permitted": false}, "geometry": {"type": "Polygon", "coordinates": [[[-74.0479896304245, 40.7545431831528], [-74.0479482857837, 40.7546029436365], [-74.0480827010539, 40.7546562679049], [-74.048082033624, 40.7546572415287], [-74.0482607826546, 40.7547281538449], [-74.0483025216822, 40.7546673113866], [-74.0479896304245, 40.7545431831528]]]}}, {"type": "Feature", "properties": {"zone_id": "0204M3HMU48XO630ZCJI6Z", "tract_id": "34017000102", "city": "JERSEY CITY, NJ", "zone_code": "R-1", "zone_category": "Residential", "ev_permitted": false}, "geometry": {"type": "Polygon", "coordinates": [[[-74.0479482857837, 40.7546029436365], [-74.0479229572239, 40.7546394902475], [-74.0480547480919, 40.7546917730951], [-74.0480587550385, 40.7546859322629], [-74.0482403305603, 40.7547579652029], [-74.0482607826546, 40.7547281538449], [-74.048082033624, 40.7546572415287], [-74.0480827010539, 40.7546562679049], [-74.0479482857837, 40.7546029436365]]]}}, {"type": "Feature", "properties": {"zone_id": "0206TL1N6JEIYW7FLVCZ46", "tract_id": "34017000102", "city": "JERSEY CITY, NJ", "zone_code": "R-1", "zone_category": "Residential", "ev_permitted": false}, "geometry": {"type": "Polygon", "coordinates": [[[-74.0502750415746, 40.7535333985286], [-74.0497279397031, 40.7536273995439], [-74.0499007700101, 40.7536953097964], [-74.0497383911579, 40.7539343976476], [-74.0507719556661, 40.7543438078483], [-74.0509361009305, 40.7541021128232], [-74.0507768187855, 40.7540395288999], [-74.0509424536643, 40.7537956377122], [-74.0502750415746, 40.7535333985286]]]}}, {"type": "Feature", "properties": {"zone_id": "02063DMZ0N53GZV8U6S3UQ", "tract_id": "34017000102", "city": "JERSEY CITY, NJ", "zone_code": "R-1", "zone_category": "Residential", "ev_permitted": false}, "geometry": {"type": "Polygon", "coordinates": [[[-74.0501016825194, 40.7542642471216], [-74.0499016149751, 40.7545564030952], [-74.0503818536914, 40.7547465780073], [-74.050581920903, 40.7544544212074], [-74.0501016825194, 40.7542642471216]]]}}, {"type": "Feature", "properties": {"zone_id": "0207H00RU028IF6PXXXSKG", "tract_id": "34017000102", "city": "JERSEY CITY, NJ", "zone_code": "R-1", "zone_category": "Residential", "ev_permitted": false}, "geometry": {"type": "Polygon", "coordinates": [[[-74.0500216428578, 40.7542325513965], [-74.0498215750668, 40.754524706331], [-74.0499016149751, 40.7545564030952], [-74.0501016825194, 40.7542642471216], [-74.0500216428578, 40.7542325513965]]]}}, {"type": "Feature", "properties": {"zone_id": "0206NTD7SKUVPFEEB4P0JD", "tract_id": "34017000102", "city": "JERSEY CITY, NJ", "zone_code": "R-1", "zone_category": "Residential", "ev_permitted": false}, "geometry": {"type": "Polygon", "coordinates": [[[-74.0496148012555, 40.7543809258666], [-74.0494469968968, 40.7546259639016], [-74.0495270068475, 40.7546577040363], [-74.0496948408986, 40.754412621873], [-74.0496148012555, 40.7543809258666]]]}}, {"type": "Feature", "properties": {"zone_id": "02071J8JBEI1KPFBEVJAYD", "tract_id": "34017000102", "city": "JERSEY CITY, NJ", "zone_code": "R-1", "zone_category": "Residential", "ev_permitted": false}, "geometry": {"type": "Polygon", "coordinates": [[[-74.049861564948, 40.754169159785], [-74.0496948408986, 40.754412621873], [-74.0497748806181, 40.7544443178241], [-74.0499416032726, 40.7542008556161], [-74.049861564948, 40.754169159785]]]}}, {"type": "Feature", "properties": {"zone_id": "0201OEO7EPKLMFL5X53D89", "tract_id": "34017000102", "city": "JERSEY CITY, NJ", "zone_code": "R-1", "zone_category": "Residential", "ev_permitted": false}, "geometry": {"type": "Polygon", "coordinates": [[[-74.0499416032726, 40.7542008556161], [-74.0497415352287, 40.7544930104121], [-74.0498215750668, 40.754524706331], [-74.0500216428578, 40.7542325513965], [-74.0499416032726, 40.7542008556161]]]}}, {"type": "Feature", "properties": {"zone_id": "02066A5H7W1Z4HA1RVQBVH", "tract_id": "34017000102", "city": "JERSEY CITY, NJ", "zone_code": "R-1", "zone_category": "Residential", "ev_permitted": false}, "geometry": {"type": "Polygon", "coordinates": [[[-74.0492946446373, 40.7542541403923], [-74.0491269578465, 40.7544990046119], [-74.0492069674913, 40.7545307449674], [-74.0493746839748, 40.7542858366198], [-74.0492946446373, 40.7542541403923]]]}}, {"type": "Feature", "properties": {"zone_id": "0204ZKDI7LSUC6W9RVTPZ8", "tract_id": "34017000102", "city": "JERSEY CITY, NJ", "zone_code": "R-1", "zone_category": "Residential", "ev_permitted": false}, "geometry": {"type": "Polygon", "coordinates": [[[-74.0493746839748, 40.7542858366198], [-74.0492069674913, 40.7545307449674], [-74.0492869772187, 40.7545624843672], [-74.0494547233887, 40.754317532792], [-74.0493746839748, 40.7542858366198]]]}}, {"type": "Feature", "properties": {"zone_id": "0203Z9XCWE5DMMUM7X2KBI", "tract_id": "34017000102", "city": "JERSEY CITY, NJ", "zone_code": "R-1", "zone_category": "Residential", "ev_permitted": false}, "geometry": {"type": "Polygon", "coordinates": [[[-74.0497014861657, 40.7541057670472], [-74.0495347616887, 40.7543492298049], [-74.0496148012555, 40.7543809258666], [-74.0497815255156, 40.754137463894], [-74.0497014861657, 40.7541057670472]]]}}, {"type": "Feature", "properties": {"zone_id": "0200MPDA6SS4XPJ955F00Q", "tract_id": "34017000102", "city": "JERSEY CITY, NJ", "zone_code": "R-1", "zone_category": "Residential", "ev_permitted": false}, "geometry": {"type": "Polygon", "coordinates": [[[-74.0497815255156, 40.754137463894], [-74.0496148012555, 40.7543809258666], [-74.0496948408986, 40.754412621873], [-74.049861564948, 40.754169159785], [-74.0497815255156, 40.754137463894]]]}}, {"type": "Feature", "properties": {"zone_id": "020067JOGPHW0ZQIP1CLHQ", "tract_id": "34017000102", "city": "JERSEY CITY, NJ", "zone_code": "R-1", "zone_category": "Residential", "ev_permitted": false}, "geometry": {"type": "Polygon", "coordinates": [[[-74.049621446886, 40.7540740710457], [-74.0494547233887, 40.754317532792], [-74.0495347616887, 40.7543492298049], [-74.0497014861657, 40.7541057670472], [-74.049621446886, 40.7540740710457]], [[-74.0496016581014, 40.7541118833598], [-74.0496680896017, 40.754138191196], [-74.0495593029946, 40.7542970500605], [-74.0494928701899, 40.7542707430577], [-74.0496016581014, 40.7541118833598]]]}}, {"type": "Feature", "properties": {"zone_id": "0200DSETEYI3EC8UKFTNMV", "tract_id": "34017000102", "city": "JERSEY CITY, NJ", "zone_code": "R-1", "zone_category": "Residential", "ev_permitted": false}, "geometry": {"type": "Polygon", "coordinates": [[[-74.0496016581014, 40.7541118833598], [-74.0495472642137, 40.7541913127722], [-74.0496136969553, 40.7542176206443], [-74.0496680896017, 40.754138191196], [-74.0496016581014, 40.7541118833598]]]}}, {"type": "Feature", "properties": {"zone_id": "0204NQH379K94I9JNNIH1J", "tract_id": "34017000102", "city": "JERSEY CITY, NJ", "zone_code": "R-1", "zone_category": "Residential", "ev_permitted": false}, "geometry": {"type": "Polygon", "coordinates": [[[-74.0493012917156, 40.7539472864913], [-74.0491345661914, 40.7541907477714], [-74.0492146053761, 40.7542224441095], [-74.0493813306897, 40.753978982714], [-74.0493012917156, 40.7539472864913]]]}}, {"type": "Feature", "properties": {"zone_id": "02049IVMWOZ1FWIKNQHI8V", "tract_id": "34017000102", "city": "JERSEY CITY, NJ", "zone_code": "R-1", "zone_category": "Residential", "ev_permitted": false}, "geometry": {"type": "Polygon", "coordinates": [[[-74.0497279397031, 40.7536273995439], [-74.04955781959, 40.75365895155], [-74.0494372398363, 40.7536838729609], [-74.0493402507956, 40.753706520519], [-74.0492343077607, 40.7537347184715], [-74.0495793820856, 40.7538714114749], [-74.0497414886382, 40.7536327235447], [-74.0497279397031, 40.7536273995439]]]}}, {"type": "Feature", "properties": {"zone_id": "0207FK63U8QZYRJQXL3QPD", "tract_id": "34017000102", "city": "JERSEY CITY, NJ", "zone_code": "R-1", "zone_category": "Residential", "ev_permitted": false}, "geometry": {"type": "Polygon", "coordinates": [[[-74.0494547233887, 40.754317532792], [-74.0492869772187, 40.7545624843672], [-74.0493669870165, 40.7545942246123], [-74.0495347616887, 40.7543492298049], [-74.0494547233887, 40.754317532792]]]}}, {"type": "Feature", "properties": {"zone_id": "0206WRAQ2PD2R8FFRQ559P", "tract_id": "34017000102", "city": "JERSEY CITY, NJ", "zone_code": "R-1", "zone_category": "Residential", "ev_permitted": false}, "geometry": {"type": "Polygon", "coordinates": [[[-74.0495347616887, 40.7543492298049], [-74.0493669870165, 40.7545942246123], [-74.0494469968968, 40.7546259639016], [-74.0496148012555, 40.7543809258666], [-74.0495347616887, 40.7543492298049]]]}}, {"type": "Feature", "properties": {"zone_id": "02003JI5VKCIXHSKP0QO6E", "tract_id": "34017000102", "city": "JERSEY CITY, NJ", "zone_code": "R-1", "zone_category": "Residential", "ev_permitted": false}, "geometry": {"type": "Polygon", "coordinates": [[[-74.0493813306897, 40.753978982714], [-74.0492146053761, 40.7542224441095], [-74.0492946446373, 40.7542541403923], [-74.0494613697402, 40.7540106788814], [-74.0493813306897, 40.753978982714]]]}}, {"type": "Feature", "properties": {"zone_id": "0205YUL9WPIZ7VFOLM9T80", "tract_id": "34017000102", "city": "JERSEY CITY, NJ", "zone_code": "R-1", "zone_category": "Residential", "ev_permitted": false}, "geometry": {"type": "Polygon", "coordinates": [[[-74.0494613697402, 40.7540106788814], [-74.0492946446373, 40.7542541403923], [-74.0493746839748, 40.7542858366198], [-74.0495414076828, 40.7540423749888], [-74.0494613697402, 40.7540106788814]]]}}, {"type": "Feature", "properties": {"zone_id": "02028O8LNIX28MSAU0CNMI", "tract_id": "34017000102", "city": "JERSEY CITY, NJ", "zone_code": "R-1", "zone_category": "Residential", "ev_permitted": false}, "geometry": {"type": "Polygon", "coordinates": [[[-74.0495414076828, 40.7540423749888], [-74.0493746839748, 40.7542858366198], [-74.0494547233887, 40.754317532792], [-74.049621446886, 40.7540740710457], [-74.0495414076828, 40.7540423749888]]]}}, {"type": "Feature", "properties": {"zone_id": "0202ZKKI9KQVRL5R5EQ85Q", "tract_id": "34017000102", "city": "JERSEY CITY, NJ", "zone_code": "R-1", "zone_category": "Residential", "ev_permitted": false}, "geometry": {"type": "Polygon", "coordinates": [[[-74.0495472642137, 40.7541913127722], [-74.0494928701899, 40.7542707430577], [-74.0495593029946, 40.7542970500605], [-74.0496136969553, 40.7542176206443], [-74.0495472642137, 40.7541913127722]]]}}, {"type": "Feature", "properties": {"zone_id": "0200P3DJSAUE8HE3319NGT", "tract_id": "34017000102", "city": "JERSEY CITY, NJ", "zone_code": "R-1", "zone_category": "Residential", "ev_permitted": false}, "geometry": {"type": "Polygon", "coordinates": [[[-74.0497414886382, 40.7536327235447], [-74.0495793820856, 40.7538714114749], [-74.0497383911579, 40.7539343976476], [-74.0499007700101, 40.7536953097964], [-74.0497414886382, 40.7536327235447]]]}}, {"type": "Feature", "properties": {"zone_id": "02060R1JMHFQL52MRZI17S", "tract_id": "34017000102", "city": "JERSEY CITY, NJ", "zone_code": "R-1", "zone_category": "Residential", "ev_permitted": false}, "geometry": {"type": "Polygon", "coordinates": [[[-74.0490545282673, 40.7541590513827], [-74.0488869293587, 40.7544037850148], [-74.0489669387802, 40.7544355246355], [-74.0491345661914, 40.7541907477714], [-74.0490545282673, 40.7541590513827]], [[-74.0490081577913, 40.7542410290318], [-74.0490724226991, 40.7542665227177], [-74.0489614731276, 40.7544285363274], [-74.0488972081072, 40.7544030425799], [-74.0490081577913, 40.7542410290318]]]}}, {"type": "Feature", "properties": {"zone_id": "0205DZ5BJMQGTHEJPNPPWN", "tract_id": "34017000102", "city": "JERSEY CITY, NJ", "zone_code": "R-1", "zone_category": "Residential", "ev_permitted": false}, "geometry": {"type": "Polygon", "coordinates": [[[-74.0491345661914, 40.7541907477714], [-74.0489669387802, 40.7544355246355], [-74.0490469482721, 40.7544672651016], [-74.0492146053761, 40.7542224441095], [-74.0491345661914, 40.7541907477714]]]}}, {"type": "Feature", "properties": {"zone_id": "0205N4HFGB8OL8LJN4ASE2", "tract_id": "34017000102", "city": "JERSEY CITY, NJ", "zone_code": "R-1", "zone_category": "Residential", "ev_permitted": false}, "geometry": {"type": "Polygon", "coordinates": [[[-74.0492146053761, 40.7542224441095], [-74.0490469482721, 40.7544672651016], [-74.0491269578465, 40.7544990046119], [-74.0492946446373, 40.7542541403923], [-74.0492146053761, 40.7542224441095]]]}}, {"type": "Feature", "properties": {"zone_id": "02073PJBS2OO79ZMZLJOW6", "tract_id": "34017000102", "city": "JERSEY CITY, NJ", "zone_code": "R-1", "zone_category": "Residential", "ev_permitted": false}, "geometry": {"type": "Polygon", "coordinates": [[[-74.0490402902421, 40.754253775429], [-74.0489291882464, 40.7544157289735], [-74.0489614731276, 40.7544285363274], [-74.0490724226991, 40.7542665227177], [-74.0490402902421, 40.754253775429]]]}}, {"type": "Feature", "properties": {"zone_id": "02068CJXSBV3AMK8TC0WNP", "tract_id": "34017000102", "city": "JERSEY CITY, NJ", "zone_code": "R-1", "zone_category": "Residential", "ev_permitted": false}, "geometry": {"type": "Polygon", "coordinates": [[[-74.0490081577913, 40.7542410290318], [-74.0488972081072, 40.7544030425799], [-74.0489291882464, 40.7544157289735], [-74.0490402902421, 40.754253775429], [-74.0490081577913, 40.7542410290318]]]}}, {"type": "Feature", "properties": {"zone_id": "0205PA2SDXI9QL8OO8WBK8", "tract_id": "34017000102", "city": "JERSEY CITY, NJ", "zone_code": "R-1", "zone_category": "Residential", "ev_permitted": false}, "geometry": {"type": "Polygon", "coordinates": [[[-74.049221252824, 40.7539155893128], [-74.0490545282673, 40.7541590513827], [-74.0491345661914, 40.7541907477714], [-74.0493012917156, 40.7539472864913], [-74.049221252824, 40.7539155893128]]]}}, {"type": "Feature", "properties": {"zone_id": "02077ZNKAE21MI926AVEZW", "tract_id": "34017000102", "city": "JERSEY CITY, NJ", "zone_code": "R-1", "zone_category": "Residential", "ev_permitted": false}, "geometry": {"type": "Polygon", "coordinates": [[[-74.0489744892353, 40.7541273549341], [-74.0488069200198, 40.7543720444382], [-74.0488869293587, 40.7544037850148], [-74.0490545282673, 40.7541590513827], [-74.0489744892353, 40.7541273549341]]]}}, {"type": "Feature", "properties": {"zone_id": "0202LRRHSJ364S0FJSFF51", "tract_id": "34017000102", "city": "JERSEY CITY, NJ", "zone_code": "R-1", "zone_category": "Residential", "ev_permitted": false}, "geometry": {"type": "Polygon", "coordinates": [[[-74.0486144722265, 40.7539847811872], [-74.0485390365204, 40.754032279434], [-74.0488527688503, 40.7541565229491], [-74.0488944502858, 40.7540956575296], [-74.0486144722265, 40.7539847811872]]]}}, {"type": "Feature", "properties": {"zone_id": "0201EXMF9RR2AJ0WSZKF4D", "tract_id": "34017000102", "city": "JERSEY CITY, NJ", "zone_code": "R-1", "zone_category": "Residential", "ev_permitted": false}, "geometry": {"type": "Polygon", "coordinates": [[[-74.0488944502858, 40.7540956575296], [-74.0487269107513, 40.754340304707], [-74.0488069200198, 40.7543720444382], [-74.0489744892353, 40.7541273549341], [-74.0488944502858, 40.7540956575296]]]}}, {"type": "Feature", "properties": {"zone_id": "0203A9ZGWWNDZD1GZWPWBV", "tract_id": "34017000102", "city": "JERSEY CITY, NJ", "zone_code": "R-1", "zone_category": "Residential", "ev_permitted": false}, "geometry": {"type": "Polygon", "coordinates": [[[-74.0485390365204, 40.754032279434], [-74.0484648417212, 40.7540817205511], [-74.0487302661047, 40.7541868342249], [-74.0486469027435, 40.7543085649252], [-74.0487269107513, 40.754340304707], [-74.0488527688503, 40.7541565229491], [-74.0485390365204, 40.754032279434]]]}}, {"type": "Feature", "properties": {"zone_id": "0207FYZBBBPRT8D5PN9RFN", "tract_id": "34017000102", "city": "JERSEY CITY, NJ", "zone_code": "R-1", "zone_category": "Residential", "ev_permitted": false}, "geometry": {"type": "Polygon", "coordinates": [[[-74.0486925795153, 40.753938341622], [-74.0486144722265, 40.7539847811872], [-74.0490545282673, 40.7541590513827], [-74.049096209521, 40.7540981858894], [-74.0486925795153, 40.753938341622]]]}}, {"type": "Feature", "properties": {"zone_id": "02068CJX6IQYT2RBJZ08BJ", "tract_id": "34017000102", "city": "JERSEY CITY, NJ", "zone_code": "R-1", "zone_category": "Residential", "ev_permitted": false}, "geometry": {"type": "Polygon", "coordinates": [[[-74.0484648417212, 40.7540817205511], [-74.0483964728044, 40.7541305648119], [-74.0486893667129, 40.7542465570941], [-74.0487302661047, 40.7541868342249], [-74.0484648417212, 40.7540817205511]]]}}, {"type": "Feature", "properties": {"zone_id": "0207OG929EHA9ZGOMRLX7K", "tract_id": "34017000102", "city": "JERSEY CITY, NJ", "zone_code": "R-1", "zone_category": "Residential", "ev_permitted": false}, "geometry": {"type": "Polygon", "coordinates": [[[-74.0481798475275, 40.7543090411389], [-74.0481465608424, 40.7543415544335], [-74.0481249722175, 40.7543646717564], [-74.0484277406746, 40.7544847839239], [-74.0484694793962, 40.7544239414009], [-74.0481798475275, 40.7543090411389]]]}}, {"type": "Feature", "properties": {"zone_id": "0204JLJ3D2FCCVSK61XME7", "tract_id": "34017000102", "city": "JERSEY CITY, NJ", "zone_code": "R-1", "zone_category": "Residential", "ev_permitted": false}, "geometry": {"type": "Polygon", "coordinates": [[[-74.0481249722175, 40.7543646717564], [-74.0481041196438, 40.7543885718663], [-74.0480766744615, 40.7544229127904], [-74.0483860006922, 40.754545626426], [-74.0484277406746, 40.7544847839239], [-74.0481249722175, 40.7543646717564]]]}}, {"type": "Feature", "properties": {"zone_id": "02001NW3ORO3QYT6NGPSGZ", "tract_id": "34017000102", "city": "JERSEY CITY, NJ", "zone_code": "R-1", "zone_category": "Residential", "ev_permitted": false}, "geometry": {"type": "Polygon", "coordinates": [[[-74.0480766744615, 40.7544229127904], [-74.0480322943941, 40.7544827082504], [-74.0483442618175, 40.7546064689167], [-74.0483860006922, 40.754545626426], [-74.0480766744615, 40.7544229127904]]]}}, {"type": "Feature", "properties": {"zone_id": "02029DTO08M1EBKTWI98M5", "tract_id": "34017000102", "city": "JERSEY CITY, NJ", "zone_code": "R-1", "zone_category": "Residential", "ev_permitted": false}, "geometry": {"type": "Polygon", "coordinates": [[[-74.0483964728044, 40.7541305648119], [-74.0483290813453, 40.7541824820606], [-74.0486469027435, 40.7543085649252], [-74.0486893667129, 40.7542465570941], [-74.0483964728044, 40.7541305648119]]]}}, {"type": "Feature", "properties": {"zone_id": "020175ON9X1JNG2JX9WIUB", "tract_id": "34017000102", "city": "JERSEY CITY, NJ", "zone_code": "R-1", "zone_category": "Residential", "ev_permitted": false}, "geometry": {"type": "Polygon", "coordinates": [[[-74.0487746717958, 40.7538934801035], [-74.0486925795153, 40.753938341622], [-74.049096209521, 40.7540981858894], [-74.0491378906984, 40.75403732038], [-74.0487746717958, 40.7538934801035]]]}}, {"type": "Feature", "properties": {"zone_id": "0201XEWLSUO7HHRBTSEK1Q", "tract_id": "34017000102", "city": "JERSEY CITY, NJ", "zone_code": "R-1", "zone_category": "Residential", "ev_permitted": false}, "geometry": {"type": "Polygon", "coordinates": [[[-74.0489597311472, 40.7538120230154], [-74.0488981283272, 40.7538367384468], [-74.0488542941346, 40.7538555406972], [-74.048814800282, 40.753873646633], [-74.0487746717958, 40.7538934801035], [-74.0491378906984, 40.75403732038], [-74.049221252824, 40.7539155893128], [-74.0489597311472, 40.7538120230154]]]}}, {"type": "Feature", "properties": {"zone_id": "020435AEOOEEJ4X5O1L3KL", "tract_id": "34017000102", "city": "JERSEY CITY, NJ", "zone_code": "R-1", "zone_category": "Residential", "ev_permitted": false}, "geometry": {"type": "Polygon", "coordinates": [[[-74.0530424107376, 40.7532206107082], [-74.0530034762488, 40.7532809695411], [-74.0533484461311, 40.7534117799541], [-74.0533878954205, 40.7533516166244], [-74.0530424107376, 40.7532206107082]]]}}, {"type": "Feature", "properties": {"zone_id": "0206X2ZQ9VJW0RLYZ9KRWG", "tract_id": "34017000102", "city": "JERSEY CITY, NJ", "zone_code": "R-1", "zone_category": "Residential", "ev_permitted": false}, "geometry": {"type": "Polygon", "coordinates": [[[-74.052924635343, 40.7534031927862], [-74.0528858466503, 40.7534633233926], [-74.0532303921731, 40.7535918207016], [-74.0532696945072, 40.7535318819927], [-74.052924635343, 40.7534031927862]]]}}, {"type": "Feature", "properties": {"zone_id": "020296UDQMLUBURC62MC9H", "tract_id": "34017000102", "city": "JERSEY CITY, NJ", "zone_code": "R-1", "zone_category": "Residential", "ev_permitted": false}, "geometry": {"type": "Polygon", "coordinates": [[[-74.0530813451555, 40.7531602518611], [-74.0530424107376, 40.7532206107082], [-74.0533878954205, 40.7533516166244], [-74.0534274439426, 40.7532913023657], [-74.0530813451555, 40.7531602518611]]]}}, {"type": "Feature", "properties": {"zone_id": "0204P3TBF3SGLWXGKSA4QJ", "tract_id": "34017000102", "city": "JERSEY CITY, NJ", "zone_code": "R-1", "zone_category": "Residential", "ev_permitted": false}, "geometry": {"type": "Polygon", "coordinates": [[[-74.0530034762488, 40.7532809695411], [-74.0529645416953, 40.7533413274594], [-74.0533089967703, 40.7534719432693], [-74.0533484461311, 40.7534117799541], [-74.0530034762488, 40.7532809695411]]]}}, {"type": "Feature", "properties": {"zone_id": "02063U4S4Z5IG7RVYVBZBY", "tract_id": "34017000102", "city": "JERSEY CITY, NJ", "zone_code": "R-1", "zone_category": "Residential", "ev_permitted": false}, "geometry": {"type": "Polygon", "coordinates": [[[-74.0529645416953, 40.7533413274594], [-74.052924635343, 40.7534031927862], [-74.0532696945072, 40.7535318819927], [-74.0533089967703, 40.7534719432693], [-74.0529645416953, 40.7533413274594]]]}}, {"type": "Feature", "properties": {"zone_id": "0207MUA9OFHQMU42XWQC74", "tract_id": "34017000102", "city": "JERSEY CITY, NJ", "zone_code": "R-1", "zone_category": "Residential", "ev_permitted": false}, "geometry": {"type": "Polygon", "coordinates": [[[-74.0526397366172, 40.75322019073], [-74.0525795451769, 40.7533077692533], [-74.0527566120555, 40.7533738067282], [-74.0528378996181, 40.7533995822282], [-74.0529096969251, 40.7534263502801], [-74.0529645416953, 40.7533413274594], [-74.0526397366172, 40.75322019073]]]}}, {"type": "Feature", "properties": {"zone_id": "0200SXMJFKW0X780JK8WLV", "tract_id": "34017000102", "city": "JERSEY CITY, NJ", "zone_code": "R-1", "zone_category": "Residential", "ev_permitted": false}, "geometry": {"type": "Polygon", "coordinates": [[[-74.0526806997145, 40.7531605891714], [-74.0526397366172, 40.75322019073], [-74.0529645416953, 40.7533413274594], [-74.0530034762488, 40.7532809695411], [-74.0526806997145, 40.7531605891714]]]}}, {"type": "Feature", "properties": {"zone_id": "0201LLHT1AM7L3RDVBMMHS", "tract_id": "34017000102", "city": "JERSEY CITY, NJ", "zone_code": "R-1", "zone_category": "Residential", "ev_permitted": false}, "geometry": {"type": "Polygon", "coordinates": [[[-74.0525795451769, 40.7533077692533], [-74.0525168456941, 40.7533989962085], [-74.0528470590715, 40.7535234539896], [-74.0529096969251, 40.7534263502801], [-74.0528378996181, 40.7533995822282], [-74.0527566120555, 40.7533738067282], [-74.0525795451769, 40.7533077692533]]]}}, {"type": "Feature", "properties": {"zone_id": "0206Z889KLP4SSV2F7G596", "tract_id": "34017000102", "city": "JERSEY CITY, NJ", "zone_code": "R-1", "zone_category": "Residential", "ev_permitted": false}, "geometry": {"type": "Polygon", "coordinates": [[[-74.0525168456941, 40.7533989962085], [-74.052475046334, 40.7534598147603], [-74.0528082714225, 40.7535835845726], [-74.0528470590715, 40.7535234539896], [-74.0525168456941, 40.7533989962085]]]}}, {"type": "Feature", "properties": {"zone_id": "0203PNKU56RU6V0H8VV7BI", "tract_id": "34017000102", "city": "JERSEY CITY, NJ", "zone_code": "R-1", "zone_category": "Residential", "ev_permitted": false}, "geometry": {"type": "Polygon", "coordinates": [[[-74.0531909584822, 40.7530483179814], [-74.053151229629, 40.7531099084975], [-74.0534676983188, 40.7532299110183], [-74.0535079526144, 40.7531685205565], [-74.0531909584822, 40.7530483179814]]]}}, {"type": "Feature", "properties": {"zone_id": "0206AC1439GL6LPFHSOQDX", "tract_id": "34017000102", "city": "JERSEY CITY, NJ", "zone_code": "R-1", "zone_category": "Residential", "ev_permitted": false}, "geometry": {"type": "Polygon", "coordinates": [[[-74.053151229629, 40.7531099084975], [-74.053111500702, 40.7531714989988], [-74.0534274439426, 40.7532913023657], [-74.0534676983188, 40.7532299110183], [-74.053151229629, 40.7531099084975]]]}}, {"type": "Feature", "properties": {"zone_id": "0203H8S7GICU3APSC4L3KX", "tract_id": "34017000102", "city": "JERSEY CITY, NJ", "zone_code": "R-1", "zone_category": "Residential", "ev_permitted": false}, "geometry": {"type": "Polygon", "coordinates": [[[-74.0527216627382, 40.7531009875973], [-74.0526806997145, 40.7531605891714], [-74.0530034762488, 40.7532809695411], [-74.0530424107376, 40.7532206107082], [-74.0527216627382, 40.7531009875973]]]}}, {"type": "Feature", "properties": {"zone_id": "0202594TGMC3SKXQJJIBW6", "tract_id": "34017000102", "city": "JERSEY CITY, NJ", "zone_code": "R-1", "zone_category": "Residential", "ev_permitted": false}, "geometry": {"type": "Polygon", "coordinates": [[[-74.0528462244632, 40.7529197486698], [-74.0528044257062, 40.7529805673491], [-74.053151229629, 40.7531099084975], [-74.0531909584822, 40.7530483179814], [-74.0528462244632, 40.7529197486698]]]}}, {"type": "Feature", "properties": {"zone_id": "02053TOR2ZU8IQUG8LKV9U", "tract_id": "34017000102", "city": "JERSEY CITY, NJ", "zone_code": "R-1", "zone_category": "Residential", "ev_permitted": false}, "geometry": {"type": "Polygon", "coordinates": [[[-74.0528044257062, 40.7529805673491], [-74.0527626256945, 40.7530413851071], [-74.053111500702, 40.7531714989988], [-74.053151229629, 40.7531099084975], [-74.0528044257062, 40.7529805673491]]]}}, {"type": "Feature", "properties": {"zone_id": "0202LULJ72Y06OXL1X1EBT", "tract_id": "34017000102", "city": "JERSEY CITY, NJ", "zone_code": "R-1", "zone_category": "Residential", "ev_permitted": false}, "geometry": {"type": "Polygon", "coordinates": [[[-74.0527626256945, 40.7530413851071], [-74.0527216627382, 40.7531009875973], [-74.0530424107376, 40.7532206107082], [-74.0530813451555, 40.7531602518611], [-74.0527626256945, 40.7530413851071]]]}}, {"type": "Feature", "properties": {"zone_id": "0202J9SW6AYUS7T5G6T2CS", "tract_id": "34017000102", "city": "JERSEY CITY, NJ", "zone_code": "R-1", "zone_category": "Residential", "ev_permitted": false}, "geometry": {"type": "Polygon", "coordinates": [[[-74.0522666810223, 40.7527939726727], [-74.0518348886415, 40.7530055209479], [-74.0523171722294, 40.753218575233], [-74.0525048590757, 40.7529454909722], [-74.0522666810223, 40.7527939726727]]]}}, {"type": "Feature", "properties": {"zone_id": "0205TRO6E7DDODBTFCGWN6", "tract_id": "34017000102", "city": "JERSEY CITY, NJ", "zone_code": "R-1", "zone_category": "Residential", "ev_permitted": false}, "geometry": {"type": "Polygon", "coordinates": [[[-74.052084431806, 40.7531157598513], [-74.0519333760791, 40.7533355420328], [-74.0521696199602, 40.7534332622737], [-74.0523171722294, 40.753218575233], [-74.052084431806, 40.7531157598513]]]}}, {"type": "Feature", "properties": {"zone_id": "02053BELNRA1LYZZ1YH9EI", "tract_id": "34017000102", "city": "JERSEY CITY, NJ", "zone_code": "R-1", "zone_category": "Residential", "ev_permitted": false}, "geometry": {"type": "Polygon", "coordinates": [[[-74.0530176833295, 40.7526702726456], [-74.0529704506485, 40.752738997321], [-74.0533090316901, 40.7528652711671], [-74.053353911942, 40.7527956952005], [-74.0530176833295, 40.7526702726456]]]}}, {"type": "Feature", "properties": {"zone_id": "0202H16S3X595ELX064VH7", "tract_id": "34017000102", "city": "JERSEY CITY, NJ", "zone_code": "R-1", "zone_category": "Residential", "ev_permitted": false}, "geometry": {"type": "Polygon", "coordinates": [[[-74.0528868523347, 40.7528606338545], [-74.0528462244632, 40.7529197486698], [-74.0531539891272, 40.7530345309419], [-74.0531926062023, 40.7529746652493], [-74.0528868523347, 40.7528606338545]], [[-74.0529017653732, 40.7528753676127], [-74.0531170883465, 40.7529556730542], [-74.0530880100196, 40.7530007519763], [-74.0528726869369, 40.7529204464806], [-74.0529017653732, 40.7528753676127]]]}}, {"type": "Feature", "properties": {"zone_id": "0206UB55JUZKKSLJ7EEFQW", "tract_id": "34017000102", "city": "JERSEY CITY, NJ", "zone_code": "R-1", "zone_category": "Residential", "ev_permitted": false}, "geometry": {"type": "Polygon", "coordinates": [[[-74.0529704506485, 40.752738997321], [-74.052928652125, 40.7527998151479], [-74.053269303056, 40.7529268617269], [-74.0533090316901, 40.7528652711671], [-74.0529704506485, 40.752738997321]]]}}, {"type": "Feature", "properties": {"zone_id": "0207A8DEQXZMPLJ3APOXJO", "tract_id": "34017000102", "city": "JERSEY CITY, NJ", "zone_code": "R-1", "zone_category": "Residential", "ev_permitted": false}, "geometry": {"type": "Polygon", "coordinates": [[[-74.052928652125, 40.7527998151479], [-74.0528868523347, 40.7528606338545], [-74.0531926062023, 40.7529746652493], [-74.0532323349358, 40.752913074717], [-74.052928652125, 40.7527998151479]]]}}, {"type": "Feature", "properties": {"zone_id": "0204RGR9PZFG9B16Q4JQ4D", "tract_id": "34017000102", "city": "JERSEY CITY, NJ", "zone_code": "R-1", "zone_category": "Residential", "ev_permitted": false}, "geometry": {"type": "Polygon", "coordinates": [[[-74.0529017653732, 40.7528753676127], [-74.0528872267521, 40.7528979070499], [-74.0531025497801, 40.7529782125185], [-74.0531170883465, 40.7529556730542], [-74.0529017653732, 40.7528753676127]]]}}, {"type": "Feature", "properties": {"zone_id": "0204DSQZWW4MQNVR644LR2", "tract_id": "34017000102", "city": "JERSEY CITY, NJ", "zone_code": "R-1", "zone_category": "Residential", "ev_permitted": false}, "geometry": {"type": "Polygon", "coordinates": [[[-74.0528872267521, 40.7528979070499], [-74.0528726869369, 40.7529204464806], [-74.0530880100196, 40.7530007519763], [-74.0531025497801, 40.7529782125185], [-74.0528872267521, 40.7528979070499]]]}}, {"type": "Feature", "properties": {"zone_id": "02028L2TH27TDC2CKO3KJH", "tract_id": "34017000102", "city": "JERSEY CITY, NJ", "zone_code": "R-1", "zone_category": "Residential", "ev_permitted": false}, "geometry": {"type": "Polygon", "coordinates": [[[-74.0531012799799, 40.7525486360063], [-74.053059481696, 40.7526094538838], [-74.0533936535843, 40.7527340839468], [-74.0534333819877, 40.7526724933409], [-74.0531012799799, 40.7525486360063]]]}}, {"type": "Feature", "properties": {"zone_id": "0200XNPOURA0S03QYJECN6", "tract_id": "34017000102", "city": "JERSEY CITY, NJ", "zone_code": "R-1", "zone_category": "Residential", "ev_permitted": false}, "geometry": {"type": "Polygon", "coordinates": [[[-74.053059481696, 40.7526094538838], [-74.0530176833295, 40.7526702726456], [-74.053353911942, 40.7527956952005], [-74.0533936535843, 40.7527340839468], [-74.053059481696, 40.7526094538838]]]}}, {"type": "Feature", "properties": {"zone_id": "0204VNHHETAOUQ17MXQW8C", "tract_id": "34017000102", "city": "JERSEY CITY, NJ", "zone_code": "R-1", "zone_category": "Residential", "ev_permitted": false}, "geometry": {"type": "Polygon", "coordinates": [[[-74.0531848476254, 40.7524270406182], [-74.0531012799799, 40.7525486360063], [-74.0534333819877, 40.7526724933409], [-74.0535111620414, 40.7525519110013], [-74.0531848476254, 40.7524270406182]]]}}, {"type": "Feature", "properties": {"zone_id": "0204HNMMZZMIKGAMNZ5BV6", "tract_id": "34017000102", "city": "JERSEY CITY, NJ", "zone_code": "R-1", "zone_category": "Residential", "ev_permitted": false}, "geometry": {"type": "Polygon", "coordinates": [[[-74.0524185231582, 40.7527202342757], [-74.0522666810223, 40.7527939726727], [-74.0525048590757, 40.7529454909722], [-74.0525884581908, 40.7528238547214], [-74.0524185231582, 40.7527202342757]]]}}, {"type": "Feature", "properties": {"zone_id": "02063JHBKDUWXT7HF58G9M", "tract_id": "34017000102", "city": "JERSEY CITY, NJ", "zone_code": "R-1", "zone_category": "Residential", "ev_permitted": false}, "geometry": {"type": "Polygon", "coordinates": [[[-74.0527804816004, 40.7525444565665], [-74.0524185231582, 40.7527202342757], [-74.0525884581908, 40.7528238547214], [-74.0527804816004, 40.7525444565665]]]}}, {"type": "Feature", "properties": {"zone_id": "0201UD7JRVD5VVYBXQ30HF", "tract_id": "34017000102", "city": "JERSEY CITY, NJ", "zone_code": "R-1", "zone_category": "Residential", "ev_permitted": false}, "geometry": {"type": "Polygon", "coordinates": [[[-74.0518348886415, 40.7530055209479], [-74.0515156256133, 40.75316273836], [-74.0519333760791, 40.7533355420328], [-74.052084431806, 40.7531157598513], [-74.0518348886415, 40.7530055209479]]]}}, {"type": "Feature", "properties": {"zone_id": "0201HMMHBJ59ZF1BEMG0AX", "tract_id": "34017000102", "city": "JERSEY CITY, NJ", "zone_code": "R-1", "zone_category": "Residential", "ev_permitted": false}, "geometry": {"type": "Polygon", "coordinates": [[[-74.051196793597, 40.7533197413182], [-74.0511181805898, 40.753358452673], [-74.0514283121431, 40.7534817962245], [-74.0514660832436, 40.7534268414376], [-74.051196793597, 40.7533197413182]]]}}, {"type": "Feature", "properties": {"zone_id": "0205LO1Z5BHCAWYVU2HR20", "tract_id": "34017000102", "city": "JERSEY CITY, NJ", "zone_code": "R-1", "zone_category": "Residential", "ev_permitted": false}, "geometry": {"type": "Polygon", "coordinates": [[[-74.0513604368311, 40.7532391580119], [-74.0512670902565, 40.7532851258715], [-74.0514998585551, 40.7533777006171], [-74.0515431369573, 40.7533147321578], [-74.0513604368311, 40.7532391580119]]]}}, {"type": "Feature", "properties": {"zone_id": "0205WV4SRB6HKU7Y2WXH3B", "tract_id": "34017000102", "city": "JERSEY CITY, NJ", "zone_code": "R-1", "zone_category": "Residential", "ev_permitted": false}, "geometry": {"type": "Polygon", "coordinates": [[[-74.0512670902565, 40.7532851258715], [-74.051196793597, 40.7533197413182], [-74.0514660832436, 40.7534268414376], [-74.0514998585551, 40.7533777006171], [-74.0512670902565, 40.7532851258715]]]}}, {"type": "Feature", "properties": {"zone_id": "0201PIEX5JP4HZS4AHUBTZ", "tract_id": "34017000102", "city": "JERSEY CITY, NJ", "zone_code": "R-1", "zone_category": "Residential", "ev_permitted": false}, "geometry": {"type": "Polygon", "coordinates": [[[-74.0510398811737, 40.7533970102926], [-74.0510323431722, 40.7534007220124], [-74.0509068659113, 40.7534227053023], [-74.051234942131, 40.7535452546317], [-74.0512730853716, 40.7534897592018], [-74.0510398811737, 40.7533970102926]]]}}, {"type": "Feature", "properties": {"zone_id": "0205RK2G4BNIWTWQK1UBQ7", "tract_id": "34017000102", "city": "JERSEY CITY, NJ", "zone_code": "R-1", "zone_category": "Residential", "ev_permitted": false}, "geometry": {"type": "Polygon", "coordinates": [[[-74.0511181805898, 40.753358452673], [-74.0510398811737, 40.7533970102926], [-74.0513906916659, 40.753536532741], [-74.0514283121431, 40.7534817962245], [-74.0511181805898, 40.753358452673]]]}}, {"type": "Feature", "properties": {"zone_id": "02079LBP1VGL2HXGGWGG1G", "tract_id": "34017000102", "city": "JERSEY CITY, NJ", "zone_code": "R-1", "zone_category": "Residential", "ev_permitted": false}, "geometry": {"type": "Polygon", "coordinates": [[[-74.0476107885485, 40.7576153612141], [-74.0474461948222, 40.7578567244638], [-74.0475283904213, 40.7578853233857], [-74.0476908980794, 40.7576469607066], [-74.0476107885485, 40.7576153612141]]]}}, {"type": "Feature", "properties": {"zone_id": "02056RCCOGX03W465PPVYS", "tract_id": "34017000102", "city": "JERSEY CITY, NJ", "zone_code": "R-1", "zone_category": "Residential", "ev_permitted": false}, "geometry": {"type": "Polygon", "coordinates": [[[-74.0476908980794, 40.7576469607066], [-74.0475283904213, 40.7578853233857], [-74.0476105849069, 40.7579139222445], [-74.0477710076867, 40.7576785601436], [-74.0476908980794, 40.7576469607066]]]}}, {"type": "Feature", "properties": {"zone_id": "02010I65FM8U81UTJRTL3D", "tract_id": "34017000102", "city": "JERSEY CITY, NJ", "zone_code": "R-1", "zone_category": "Residential", "ev_permitted": false}, "geometry": {"type": "Polygon", "coordinates": [[[-74.0477710076867, 40.7576785601436], [-74.0476105849069, 40.7579139222445], [-74.0476927806477, 40.7579425210497], [-74.0478511173701, 40.7577101595253], [-74.0477710076867, 40.7576785601436]]]}}, {"type": "Feature", "properties": {"zone_id": "020062GB65Y4OK4MCNB9LE", "tract_id": "34017000102", "city": "JERSEY CITY, NJ", "zone_code": "R-1", "zone_category": "Residential", "ev_permitted": false}, "geometry": {"type": "Polygon", "coordinates": [[[-74.0478511173701, 40.7577101595253], [-74.0476927806477, 40.7579425210497], [-74.0477749752751, 40.757971119792], [-74.0479312259455, 40.757741758847], [-74.0478511173701, 40.7577101595253]]]}}, {"type": "Feature", "properties": {"zone_id": "0203WG3LTQPVOBQ16X6YRG", "tract_id": "34017000102", "city": "JERSEY CITY, NJ", "zone_code": "R-1", "zone_category": "Residential", "ev_permitted": false}, "geometry": {"type": "Polygon", "coordinates": [[[-74.0474505697152, 40.7575521620631], [-74.0472818050272, 40.7577995255494], [-74.0473640004845, 40.7578281245878], [-74.0475306790937, 40.7575837616663], [-74.0474505697152, 40.7575521620631]]]}}, {"type": "Feature", "properties": {"zone_id": "0202D7KAR6RLN4CX7SXFYJ", "tract_id": "34017000102", "city": "JERSEY CITY, NJ", "zone_code": "R-1", "zone_category": "Residential", "ev_permitted": false}, "geometry": {"type": "Polygon", "coordinates": [[[-74.0475306790937, 40.7575837616663], [-74.0473640004845, 40.7578281245878], [-74.0474461948222, 40.7578567244638], [-74.0476107885485, 40.7576153612141], [-74.0475306790937, 40.7575837616663]]]}}, {"type": "Feature", "properties": {"zone_id": "02038GFBGQ8PVZM58NCBZA", "tract_id": "34017000102", "city": "JERSEY CITY, NJ", "zone_code": "R-1", "zone_category": "Residential", "ev_permitted": false}, "geometry": {"type": "Polygon", "coordinates": [[[-74.0478659342598, 40.7574067754489], [-74.0476997570117, 40.7576504554822], [-74.047805502055, 40.7576921662884], [-74.0479716790175, 40.7574484870036], [-74.0478659342598, 40.7574067754489]]]}}, {"type": "Feature", "properties": {"zone_id": "0203U5XSO8NUSSUBE8N5WN", "tract_id": "34017000102", "city": "JERSEY CITY, NJ", "zone_code": "R-1", "zone_category": "Residential", "ev_permitted": false}, "geometry": {"type": "Polygon", "coordinates": [[[-74.047785820201, 40.7573751751586], [-74.0476196474723, 40.7576188559959], [-74.0476997570117, 40.7576504554822], [-74.0478659342598, 40.7574067754489], [-74.047785820201, 40.7573751751586]]]}}, {"type": "Feature", "properties": {"zone_id": "0203PNX5OGGLOK2MPTA2T5", "tract_id": "34017000102", "city": "JERSEY CITY, NJ", "zone_code": "R-1", "zone_category": "Residential", "ev_permitted": false}, "geometry": {"type": "Polygon", "coordinates": [[[-74.0477057156746, 40.7573435775517], [-74.0475395380091, 40.7575872564542], [-74.0476196474723, 40.7576188559959], [-74.047785820201, 40.7573751751586], [-74.0477057156746, 40.7573435775517]]]}}, {"type": "Feature", "properties": {"zone_id": "020059CVD4JKY868KA2PST", "tract_id": "34017000102", "city": "JERSEY CITY, NJ", "zone_code": "R-1", "zone_category": "Residential", "ev_permitted": false}, "geometry": {"type": "Polygon", "coordinates": [[[-74.0476256064994, 40.7573119780698], [-74.0474594286222, 40.7575556568571], [-74.0475395380091, 40.7575872564542], [-74.0477057156746, 40.7573435775517], [-74.0476256064994, 40.7573119780698]]]}}, {"type": "Feature", "properties": {"zone_id": "0206OQPP2UZO3Y8ICGZA2U", "tract_id": "34017000102", "city": "JERSEY CITY, NJ", "zone_code": "R-1", "zone_category": "Residential", "ev_permitted": false}, "geometry": {"type": "Polygon", "coordinates": [[[-74.0475454974004, 40.7572803785325], [-74.0473793193115, 40.7575240572047], [-74.0474594286222, 40.7575556568571], [-74.0476256064994, 40.7573119780698], [-74.0475454974004, 40.7572803785325]]]}}, {"type": "Feature", "properties": {"zone_id": "0202LYIZ1719P6QPDD0VDM", "tract_id": "34017000102", "city": "JERSEY CITY, NJ", "zone_code": "R-1", "zone_category": "Residential", "ev_permitted": false}, "geometry": {"type": "Polygon", "coordinates": [[[-74.0473704604069, 40.7575205633051], [-74.0471996108251, 40.7577709264573], [-74.0472818050272, 40.7577995255494], [-74.0474505697152, 40.7575521620631], [-74.0473704604069, 40.7575205633051]]]}}, {"type": "Feature", "properties": {"zone_id": "0202CPRKS3GBC8BVB8VYPQ", "tract_id": "34017000102", "city": "JERSEY CITY, NJ", "zone_code": "R-1", "zone_category": "Residential", "ev_permitted": false}, "geometry": {"type": "Polygon", "coordinates": [[[-74.0472903511808, 40.7574889635911], [-74.0471174155095, 40.7577423273022], [-74.0471996108251, 40.7577709264573], [-74.0473704604069, 40.7575205633051], [-74.0472903511808, 40.7574889635911]]]}}, {"type": "Feature", "properties": {"zone_id": "020208QYR6GUIQYKPSTAWE", "tract_id": "34017000102", "city": "JERSEY CITY, NJ", "zone_code": "R-1", "zone_category": "Residential", "ev_permitted": false}, "geometry": {"type": "Polygon", "coordinates": [[[-74.047460870353, 40.7572469969734], [-74.0472992112613, 40.7574924575015], [-74.0473793193115, 40.7575240572047], [-74.0475454974004, 40.7572803785325], [-74.047460870353, 40.7572469969734]]]}}, {"type": "Feature", "properties": {"zone_id": "0205ZW41ZI0IQHAZ28Q0N2", "tract_id": "34017000102", "city": "JERSEY CITY, NJ", "zone_code": "R-1", "zone_category": "Residential", "ev_permitted": false}, "geometry": {"type": "Polygon", "coordinates": [[[-74.0473852806094, 40.757217180197], [-74.0472191021031, 40.7574608577383], [-74.0472992112613, 40.7574924575015], [-74.047460870353, 40.7572469969734], [-74.0473852806094, 40.757217180197]]]}}, {"type": "Feature", "properties": {"zone_id": "0200QC5Y475LXKHH3YT0WV", "tract_id": "34017000102", "city": "JERSEY CITY, NJ", "zone_code": "R-1", "zone_category": "Residential", "ev_permitted": false}, "geometry": {"type": "Polygon", "coordinates": [[[-74.0473051717392, 40.7571855804935], [-74.0471389930151, 40.7574292588202], [-74.0472191021031, 40.7574608577383], [-74.0473852806094, 40.757217180197], [-74.0473051717392, 40.7571855804935]]]}}, {"type": "Feature", "properties": {"zone_id": "020356U26RODEH0XNG8LO8", "tract_id": "34017000102", "city": "JERSEY CITY, NJ", "zone_code": "R-1", "zone_category": "Residential", "ev_permitted": false}, "geometry": {"type": "Polygon", "coordinates": [[[-74.0472250629451, 40.7571539807347], [-74.0470588840093, 40.7573976589463], [-74.0471389930151, 40.7574292588202], [-74.0473051717392, 40.7571855804935], [-74.0472250629451, 40.7571539807347]]]}}, {"type": "Feature", "properties": {"zone_id": "0200VK8I4DLCP9AYNW9R95", "tract_id": "34017000102", "city": "JERSEY CITY, NJ", "zone_code": "R-1", "zone_category": "Residential", "ev_permitted": false}, "geometry": {"type": "Polygon", "coordinates": [[[-74.0465605233925, 40.7572010733562], [-74.0463665164821, 40.7574810519772], [-74.0467886373248, 40.7576279301083], [-74.0469699162235, 40.7573625641862], [-74.0465605233925, 40.7572010733562]]]}}, {"type": "Feature", "properties": {"zone_id": "0204C6TV0N3Y79PRIYYLB1", "tract_id": "34017000102", "city": "JERSEY CITY, NJ", "zone_code": "R-1", "zone_category": "Residential", "ev_permitted": false}, "geometry": {"type": "Polygon", "coordinates": [[[-74.0469699162235, 40.7573625641862], [-74.0467886373248, 40.7576279301083], [-74.0468708323568, 40.7576565294965], [-74.0470500251445, 40.7573941641216], [-74.0469699162235, 40.7573625641862]]]}}, {"type": "Feature", "properties": {"zone_id": "02032ZTYTPVFQ1VXSRX459", "tract_id": "34017000102", "city": "JERSEY CITY, NJ", "zone_code": "R-1", "zone_category": "Residential", "ev_permitted": false}, "geometry": {"type": "Polygon", "coordinates": [[[-74.0472102420311, 40.7574573638218], [-74.0470352214492, 40.7577137280935], [-74.0471174155095, 40.7577423273022], [-74.0472903511808, 40.7574889635911], [-74.0472102420311, 40.7574573638218]]]}}, {"type": "Feature", "properties": {"zone_id": "0205DRSSXG2VD3H1DOHOAI", "tract_id": "34017000102", "city": "JERSEY CITY, NJ", "zone_code": "R-1", "zone_category": "Residential", "ev_permitted": false}, "geometry": {"type": "Polygon", "coordinates": [[[-74.0471301341419, 40.7574257640017], [-74.0469530262754, 40.7576851288219], [-74.0470352214492, 40.7577137280935], [-74.0472102420311, 40.7574573638218], [-74.0471301341419, 40.7574257640017]]]}}, {"type": "Feature", "properties": {"zone_id": "0206VAMC22RXO3YJFTA14I", "tract_id": "34017000102", "city": "JERSEY CITY, NJ", "zone_code": "R-1", "zone_category": "Residential", "ev_permitted": false}, "geometry": {"type": "Polygon", "coordinates": [[[-74.0470500251445, 40.7573941641216], [-74.0468708323568, 40.7576565294965], [-74.0469530262754, 40.7576851288219], [-74.0471301341419, 40.7574257640017], [-74.0470500251445, 40.7573941641216]]]}}, {"type": "Feature", "properties": {"zone_id": "02076XQAKW4R5NHQY8XH4L", "tract_id": "34017000102", "city": "JERSEY CITY, NJ", "zone_code": "R-1", "zone_category": "Residential", "ev_permitted": false}, "geometry": {"type": "Polygon", "coordinates": [[[-74.0471449542274, 40.7571223809205], [-74.0469787750799, 40.7573660590169], [-74.0470588840093, 40.7573976589463], [-74.0472250629451, 40.7571539807347], [-74.0471449542274, 40.7571223809205]]]}}, {"type": "Feature", "properties": {"zone_id": "02031L0D1CAEEH7E4CFWSE", "tract_id": "34017000102", "city": "JERSEY CITY, NJ", "zone_code": "R-1", "zone_category": "Residential", "ev_permitted": false}, "geometry": {"type": "Polygon", "coordinates": [[[-74.0470648455797, 40.7570907819515], [-74.0468986662266, 40.7573344590322], [-74.0469787750799, 40.7573660590169], [-74.0471449542274, 40.7571223809205], [-74.0470648455797, 40.7570907819515]]]}}, {"type": "Feature", "properties": {"zone_id": "0202KFD2QQRO5VU1YU8TI4", "tract_id": "34017000102", "city": "JERSEY CITY, NJ", "zone_code": "R-1", "zone_category": "Residential", "ev_permitted": false}, "geometry": {"type": "Polygon", "coordinates": [[[-74.0469847370144, 40.7570591820265], [-74.0468185574496, 40.7573028589921], [-74.0468986662266, 40.7573344590322], [-74.0470648455797, 40.7570907819515], [-74.0469847370144, 40.7570591820265]]]}}, {"type": "Feature", "properties": {"zone_id": "0205SMVGUQRX4PQL8EAXRY", "tract_id": "34017000102", "city": "JERSEY CITY, NJ", "zone_code": "R-1", "zone_category": "Residential", "ev_permitted": false}, "geometry": {"type": "Polygon", "coordinates": [[[-74.0469046285254, 40.7570275820462], [-74.0467384487488, 40.7572712588967], [-74.0468185574496, 40.7573028589921], [-74.0469847370144, 40.7570591820265], [-74.0469046285254, 40.7570275820462]]]}}, {"type": "Feature", "properties": {"zone_id": "0203CWPJF0ME0KP2LO9DMT", "tract_id": "34017000102", "city": "JERSEY CITY, NJ", "zone_code": "R-1", "zone_category": "Residential", "ev_permitted": false}, "geometry": {"type": "Polygon", "coordinates": [[[-74.0477330266006, 40.7568595134358], [-74.0475668426923, 40.7571032599194], [-74.04765147079, 40.7571366423061], [-74.0478176652371, 40.756892880433], [-74.0477330266006, 40.7568595134358]]]}}, {"type": "Feature", "properties": {"zone_id": "02015ASK19UR3T2P6SG1S7", "tract_id": "34017000102", "city": "JERSEY CITY, NJ", "zone_code": "R-1", "zone_category": "Residential", "ev_permitted": false}, "geometry": {"type": "Polygon", "coordinates": [[[-74.0476529084192, 40.756827928345], [-74.0474867338712, 40.7570716603416], [-74.0475668426923, 40.7571032599194], [-74.0477330266006, 40.7568595134358], [-74.0476529084192, 40.756827928345]]]}}, {"type": "Feature", "properties": {"zone_id": "0203ME37RCNJJ4V415MW8M", "tract_id": "34017000102", "city": "JERSEY CITY, NJ", "zone_code": "R-1", "zone_category": "Residential", "ev_permitted": false}, "geometry": {"type": "Polygon", "coordinates": [[[-74.0478176652371, 40.756892880433], [-74.04765147079, 40.7571366423061], [-74.047731579774, 40.7571682408694], [-74.0478977823909, 40.7569244654052], [-74.0478176652371, 40.756892880433]]]}}, {"type": "Feature", "properties": {"zone_id": "02011GMAJTHSTFUOO1LZL9", "tract_id": "34017000102", "city": "JERSEY CITY, NJ", "zone_code": "R-1", "zone_category": "Residential", "ev_permitted": false}, "geometry": {"type": "Polygon", "coordinates": [[[-74.0474971926466, 40.7567665399719], [-74.0473310356347, 40.7570102447973], [-74.0474111443138, 40.7570418435822], [-74.0475773106799, 40.7567981251702], [-74.0474971926466, 40.7567665399719]]]}}, {"type": "Feature", "properties": {"zone_id": "0201NAUT6THHZSDNC9H198", "tract_id": "34017000102", "city": "JERSEY CITY, NJ", "zone_code": "R-1", "zone_category": "Residential", "ev_permitted": false}, "geometry": {"type": "Polygon", "coordinates": [[[-74.0475725575172, 40.7564870580046], [-74.0474064098604, 40.7567307503801], [-74.0474865278073, 40.7567623356413], [-74.0476526752523, 40.7565186431506], [-74.0475725575172, 40.7564870580046]]]}}, {"type": "Feature", "properties": {"zone_id": "020601B1CQCEST22LNVY9U", "tract_id": "34017000102", "city": "JERSEY CITY, NJ", "zone_code": "R-1", "zone_category": "Residential", "ev_permitted": false}, "geometry": {"type": "Polygon", "coordinates": [[[-74.0478416914651, 40.7565931599654], [-74.0477885075407, 40.7566711667188], [-74.0477917120716, 40.7566724301911], [-74.04771197902, 40.7567893769516], [-74.047708774485, 40.7567881134772], [-74.0476755445198, 40.7568368527277], [-74.0477466893004, 40.7568649002549], [-74.0479128360576, 40.7566212073903], [-74.0478416914651, 40.7565931599654]]]}}, {"type": "Feature", "properties": {"zone_id": "0202FTJ72TM16FB45M0OPY", "tract_id": "34017000102", "city": "JERSEY CITY, NJ", "zone_code": "R-1", "zone_category": "Residential", "ev_permitted": false}, "geometry": {"type": "Polygon", "coordinates": [[[-74.0477327930637, 40.7565502282412], [-74.0475666458305, 40.756793920847], [-74.0476755445198, 40.7568368527277], [-74.047708774485, 40.7567881134772], [-74.04771197902, 40.7567893769516], [-74.0477917120716, 40.7566724301911], [-74.0477885075407, 40.7566711667188], [-74.0478416914651, 40.7565931599654], [-74.0477327930637, 40.7565502282412]]]}}, {"type": "Feature", "properties": {"zone_id": "0204U1VWPROU1ON1S58PCQ", "tract_id": "34017000102", "city": "JERSEY CITY, NJ", "zone_code": "R-1", "zone_category": "Residential", "ev_permitted": false}, "geometry": {"type": "Polygon", "coordinates": [[[-74.047603516964, 40.7566678921671], [-74.047558065129, 40.7567345565018], [-74.0475791715623, 40.7567428778173], [-74.0475934473338, 40.7567219401822], [-74.0476090719296, 40.7567281002075], [-74.0476402479761, 40.7566823725948], [-74.047603516964, 40.7566678921671]]]}}, {"type": "Feature", "properties": {"zone_id": "02046K49W3CNXYAZIVLIVT", "tract_id": "34017000102", "city": "JERSEY CITY, NJ", "zone_code": "R-1", "zone_category": "Residential", "ev_permitted": false}, "geometry": {"type": "Polygon", "coordinates": [[[-74.0472568390101, 40.7566717831438], [-74.0470907100734, 40.7569154454089], [-74.0471708185176, 40.7569470452604], [-74.0473369568148, 40.7567033685083], [-74.0472568390101, 40.7566717831438]]]}}, {"type": "Feature", "properties": {"zone_id": "0200VLRZ0V6QHPIU5RJBIW", "tract_id": "34017000102", "city": "JERSEY CITY, NJ", "zone_code": "R-1", "zone_category": "Residential", "ev_permitted": false}, "geometry": {"type": "Polygon", "coordinates": [[[-74.0474170746895, 40.7567349547181], [-74.047250927038, 40.7569786450566], [-74.0473310356347, 40.7570102447973], [-74.0474971926466, 40.7567665399719], [-74.0474170746895, 40.7567349547181]]]}}, {"type": "Feature", "properties": {"zone_id": "0204L46ALY6DMOD3TXZAAV", "tract_id": "34017000102", "city": "JERSEY CITY, NJ", "zone_code": "R-1", "zone_category": "Residential", "ev_permitted": false}, "geometry": {"type": "Polygon", "coordinates": [[[-74.0468245201126, 40.7569959820105], [-74.0466583413086, 40.7572396587505], [-74.0467384487488, 40.7572712588967], [-74.0469046285254, 40.7570275820462], [-74.0468245201126, 40.7569959820105]]]}}, {"type": "Feature", "properties": {"zone_id": "0200KAVJM5FOGIUF53X0AY", "tract_id": "34017000102", "city": "JERSEY CITY, NJ", "zone_code": "R-1", "zone_category": "Residential", "ev_permitted": false}, "geometry": {"type": "Polygon", "coordinates": [[[-74.0467380027327, 40.7569618540164], [-74.0465717788126, 40.7572055133444], [-74.0466583413086, 40.7572396587505], [-74.0468245201126, 40.7569959820105], [-74.0467380027327, 40.7569618540164]]]}}, {"type": "Feature", "properties": {"zone_id": "0207FZUVO1E0QRV6G9CHMM", "tract_id": "34017000102", "city": "JERSEY CITY, NJ", "zone_code": "R-1", "zone_category": "Residential", "ev_permitted": false}, "geometry": {"type": "Polygon", "coordinates": [[[-74.0466643035096, 40.7569327826736], [-74.0464980794008, 40.7571764409951], [-74.0465717788126, 40.7572055133444], [-74.0467380027327, 40.7569618540164], [-74.0466643035096, 40.7569327826736]]]}}, {"type": "Feature", "properties": {"zone_id": "0201NXZKQ9R9CTNYH2OBM6", "tract_id": "34017000102", "city": "JERSEY CITY, NJ", "zone_code": "R-1", "zone_category": "Residential", "ev_permitted": false}, "geometry": {"type": "Polygon", "coordinates": [[[-74.0464079578208, 40.7568316625542], [-74.0463659912826, 40.7568924151485], [-74.0466227470046, 40.7569936972757], [-74.0466643035096, 40.7569327826736], [-74.0464079578208, 40.7568316625542]]]}}, {"type": "Feature", "properties": {"zone_id": "020459LIDBOMBJSRKPRJCH", "tract_id": "34017000102", "city": "JERSEY CITY, NJ", "zone_code": "R-1", "zone_category": "Residential", "ev_permitted": false}, "geometry": {"type": "Polygon", "coordinates": [[[-74.0470966036295, 40.7566086122485], [-74.0469304934075, 40.7568522464403], [-74.0470106017054, 40.756883845502], [-74.0471767212817, 40.7566401977238], [-74.0470966036295, 40.7566086122485]]]}}, {"type": "Feature", "properties": {"zone_id": "0202P3LKE1OAQPEXH44ZAD", "tract_id": "34017000102", "city": "JERSEY CITY, NJ", "zone_code": "R-1", "zone_category": "Residential", "ev_permitted": false}, "geometry": {"type": "Polygon", "coordinates": [[[-74.0475773106799, 40.7567981251702], [-74.0474111443138, 40.7570418435822], [-74.0474867338712, 40.7570716603416], [-74.0476529084192, 40.756827928345], [-74.0475773106799, 40.7567981251702]]]}}, {"type": "Feature", "properties": {"zone_id": "02031HWC82CNSIPHRXMWJP", "tract_id": "34017000102", "city": "JERSEY CITY, NJ", "zone_code": "R-1", "zone_category": "Residential", "ev_permitted": false}, "geometry": {"type": "Polygon", "coordinates": [[[-74.0476526752523, 40.7565186431506], [-74.0474865278073, 40.7567623356413], [-74.0475666458305, 40.756793920847], [-74.0477327930637, 40.7565502282412], [-74.0476526752523, 40.7565186431506]], [[-74.0476441147219, 40.7565399886463], [-74.0477175778181, 40.7565689503695], [-74.0476090719296, 40.7567281002075], [-74.0475934473338, 40.7567219401822], [-74.0475791715623, 40.7567428778173], [-74.0475316162349, 40.7567241302781], [-74.0475458920172, 40.7567031926488], [-74.0475356087067, 40.7566991384154], [-74.0476441147219, 40.7565399886463]]]}}, {"type": "Feature", "properties": {"zone_id": "02046Q16MCTSY89P6PNNZ0", "tract_id": "34017000102", "city": "JERSEY CITY, NJ", "zone_code": "R-1", "zone_category": "Residential", "ev_permitted": false}, "geometry": {"type": "Polygon", "coordinates": [[[-74.0476422794407, 40.7566110369115], [-74.047603516964, 40.7566678921671], [-74.0476402479761, 40.7566823725948], [-74.0476790116084, 40.7566255182321], [-74.0476422794407, 40.7566110369115]]]}}, {"type": "Feature", "properties": {"zone_id": "0204NWTBE216RC1KAO1OGV", "tract_id": "34017000102", "city": "JERSEY CITY, NJ", "zone_code": "R-1", "zone_category": "Residential", "ev_permitted": false}, "geometry": {"type": "Polygon", "coordinates": [[[-74.0476055472829, 40.7565965564798], [-74.0475667847896, 40.7566534108225], [-74.047603516964, 40.7566678921671], [-74.0476422794407, 40.7566110369115], [-74.0476055472829, 40.7565965564798]]]}}, {"type": "Feature", "properties": {"zone_id": "0205LBEFWQNQC8Q2LZ8DB3", "tract_id": "34017000102", "city": "JERSEY CITY, NJ", "zone_code": "R-1", "zone_category": "Residential", "ev_permitted": false}, "geometry": {"type": "Polygon", "coordinates": [[[-74.0475667847896, 40.7566534108225], [-74.0475356087067, 40.7566991384154], [-74.0475458920172, 40.7567031926488], [-74.0475316162349, 40.7567241302781], [-74.047558065129, 40.7567345565018], [-74.047603516964, 40.7566678921671], [-74.0475667847896, 40.7566534108225]]]}}, {"type": "Feature", "properties": {"zone_id": "0200LM3Y8C35PH441KVMW1", "tract_id": "34017000102", "city": "JERSEY CITY, NJ", "zone_code": "R-1", "zone_category": "Residential", "ev_permitted": false}, "geometry": {"type": "Polygon", "coordinates": [[[-74.0473369568148, 40.7567033685083], [-74.0471708185176, 40.7569470452604], [-74.047250927038, 40.7569786450566], [-74.0474170746895, 40.7567349547181], [-74.0473369568148, 40.7567033685083]]]}}, {"type": "Feature", "properties": {"zone_id": "0200SXNO4DQ8MYFQC2DABO", "tract_id": "34017000102", "city": "JERSEY CITY, NJ", "zone_code": "R-1", "zone_category": "Residential", "ev_permitted": false}, "geometry": {"type": "Polygon", "coordinates": [[[-74.0471767212817, 40.7566401977238], [-74.0470106017054, 40.756883845502], [-74.0470907100734, 40.7569154454089], [-74.0472568390101, 40.7566717831438], [-74.0471767212817, 40.7566401977238]]]}}, {"type": "Feature", "properties": {"zone_id": "0206AH4MXB8JIN32S3GGEI", "tract_id": "34017000102", "city": "JERSEY CITY, NJ", "zone_code": "R-1", "zone_category": "Residential", "ev_permitted": false}, "geometry": {"type": "Polygon", "coordinates": [[[-74.0470005142815, 40.7565707301613], [-74.0468343637961, 40.7568143262333], [-74.0469304934075, 40.7568522464403], [-74.0470966036295, 40.7566086122485], [-74.0470005142815, 40.7565707301613]]]}}, {"type": "Feature", "properties": {"zone_id": "0205DG483MTQU3K8EGL5VB", "tract_id": "34017000102", "city": "JERSEY CITY, NJ", "zone_code": "R-1", "zone_category": "Residential", "ev_permitted": false}, "geometry": {"type": "Polygon", "coordinates": [[[-74.0468901608284, 40.7566045616171], [-74.0467652618077, 40.7567870678764], [-74.0468343637961, 40.7568143262333], [-74.0469589378965, 40.756631686238], [-74.0468901608284, 40.7566045616171]]]}}, {"type": "Feature", "properties": {"zone_id": "0202A8U5WZLL8NDOW2OYSG", "tract_id": "34017000102", "city": "JERSEY CITY, NJ", "zone_code": "R-1", "zone_category": "Residential", "ev_permitted": false}, "geometry": {"type": "Polygon", "coordinates": [[[-74.0465656647653, 40.7566033583237], [-74.0465086791075, 40.7566858542875], [-74.0467652618077, 40.7567870678764], [-74.0468216992869, 40.7567043390841], [-74.0465656647653, 40.7566033583237]]]}}, {"type": "Feature", "properties": {"zone_id": "020110LGIQJ3555YZWQC6T", "tract_id": "34017000102", "city": "JERSEY CITY, NJ", "zone_code": "R-1", "zone_category": "Residential", "ev_permitted": false}, "geometry": {"type": "Polygon", "coordinates": [[[-74.0462400900292, 40.7570746719285], [-74.0461981231839, 40.7571354244577], [-74.0465173763405, 40.7572633397538], [-74.0465605233925, 40.7572010733562], [-74.0462400900292, 40.7570746719285]]]}}, {"type": "Feature", "properties": {"zone_id": "02077SV0E3OK4TZAOKXPV0", "tract_id": "34017000102", "city": "JERSEY CITY, NJ", "zone_code": "R-1", "zone_category": "Residential", "ev_permitted": false}, "geometry": {"type": "Polygon", "coordinates": [[[-74.0461981231839, 40.7571354244577], [-74.0461561562618, 40.7571961769705], [-74.046475308051, 40.7573240514569], [-74.0465173763405, 40.7572633397538], [-74.0461981231839, 40.7571354244577]]]}}, {"type": "Feature", "properties": {"zone_id": "020416Z2RP6LOF71MMNRKZ", "tract_id": "34017000102", "city": "JERSEY CITY, NJ", "zone_code": "R-1", "zone_category": "Residential", "ev_permitted": false}, "geometry": {"type": "Polygon", "coordinates": [[[-74.0461561562618, 40.7571961769705], [-74.0461167358037, 40.7572532425705], [-74.0464400537438, 40.7573749275899], [-74.046475308051, 40.7573240514569], [-74.0461561562618, 40.7571961769705]]]}}, {"type": "Feature", "properties": {"zone_id": "0202AMW86RT5WDEIJ8TH2G", "tract_id": "34017000102", "city": "JERSEY CITY, NJ", "zone_code": "R-1", "zone_category": "Residential", "ev_permitted": false}, "geometry": {"type": "Polygon", "coordinates": [[[-74.0461167358037, 40.7572532425705], [-74.0460382666812, 40.7573668348382], [-74.0463665164821, 40.7574810519772], [-74.0464400537438, 40.7573749275899], [-74.0461167358037, 40.7572532425705]]]}}, {"type": "Feature", "properties": {"zone_id": "02009T69RE6LK61NZRM6OH", "tract_id": "34017000102", "city": "JERSEY CITY, NJ", "zone_code": "R-1", "zone_category": "Residential", "ev_permitted": false}, "geometry": {"type": "Polygon", "coordinates": [[[-74.0463659912826, 40.7568924151485], [-74.0463240246738, 40.756953166826], [-74.0465811916077, 40.7570546118664], [-74.0466227470046, 40.7569936972757], [-74.0463659912826, 40.7568924151485]]]}}, {"type": "Feature", "properties": {"zone_id": "02049YC6L6R9GAMEHHYYYY", "tract_id": "34017000102", "city": "JERSEY CITY, NJ", "zone_code": "R-1", "zone_category": "Residential", "ev_permitted": false}, "geometry": {"type": "Polygon", "coordinates": [[[-74.0463240246738, 40.756953166826], [-74.0462820567977, 40.7570139193831], [-74.0465396349502, 40.7571155264364], [-74.0465811916077, 40.7570546118664], [-74.0463240246738, 40.756953166826]]]}}, {"type": "Feature", "properties": {"zone_id": "0206F3HVUOW440VMATQC9I", "tract_id": "34017000102", "city": "JERSEY CITY, NJ", "zone_code": "R-1", "zone_category": "Residential", "ev_permitted": false}, "geometry": {"type": "Polygon", "coordinates": [[[-74.0462820567977, 40.7570139193831], [-74.0462400900292, 40.7570746719285], [-74.0464980794008, 40.7571764409951], [-74.0465396349502, 40.7571155264364], [-74.0462820567977, 40.7570139193831]]]}}, {"type": "Feature", "properties": {"zone_id": "0202PL1PB97SF8M3RFYRJV", "tract_id": "34017000102", "city": "JERSEY CITY, NJ", "zone_code": "R-1", "zone_category": "Residential", "ev_permitted": false}, "geometry": {"type": "Polygon", "coordinates": [[[-74.0476808468572, 40.7565544690658], [-74.0476422794407, 40.7566110369115], [-74.0476790116084, 40.7566255182321], [-74.0477175778181, 40.7565689503695], [-74.0476808468572, 40.7565544690658]]]}}, {"type": "Feature", "properties": {"zone_id": "0204FBS5GH8FCM09Z87W1R", "tract_id": "34017000102", "city": "JERSEY CITY, NJ", "zone_code": "R-1", "zone_category": "Residential", "ev_permitted": false}, "geometry": {"type": "Polygon", "coordinates": [[[-74.0476441147219, 40.7565399886463], [-74.0476055472829, 40.7565965564798], [-74.0476422794407, 40.7566110369115], [-74.0476808468572, 40.7565544690658], [-74.0476441147219, 40.7565399886463]]]}}, {"type": "Feature", "properties": {"zone_id": "0203U10VU7SSRLOFGV59DK", "tract_id": "34017000102", "city": "JERSEY CITY, NJ", "zone_code": "R-1", "zone_category": "Residential", "ev_permitted": false}, "geometry": {"type": "Polygon", "coordinates": [[[-74.0474924398583, 40.7564554728032], [-74.0473262919897, 40.7566991650636], [-74.0474064098604, 40.7567307503801], [-74.0475725575172, 40.7564870580046], [-74.0474924398583, 40.7564554728032]]]}}, {"type": "Feature", "properties": {"zone_id": "0202SRAIEH23UF1R1YBRG5", "tract_id": "34017000102", "city": "JERSEY CITY, NJ", "zone_code": "R-1", "zone_category": "Residential", "ev_permitted": false}, "geometry": {"type": "Polygon", "coordinates": [[[-74.0474123222756, 40.7564238875464], [-74.0472461742013, 40.7566675787911], [-74.0473262919897, 40.7566991650636], [-74.0474924398583, 40.7564554728032], [-74.0474123222756, 40.7564238875464]]]}}, {"type": "Feature", "properties": {"zone_id": "0206K1BHKQECEGGBLHU98U", "tract_id": "34017000102", "city": "JERSEY CITY, NJ", "zone_code": "R-1", "zone_category": "Residential", "ev_permitted": false}, "geometry": {"type": "Polygon", "coordinates": [[[-74.0473322047752, 40.7563923013336], [-74.047166056483, 40.7566359933638], [-74.0472461742013, 40.7566675787911], [-74.0474123222756, 40.7564238875464], [-74.0473322047752, 40.7563923013336]]]}}, {"type": "Feature", "properties": {"zone_id": "0200N8V3UYNRGXZK0Q6GO4", "tract_id": "34017000102", "city": "JERSEY CITY, NJ", "zone_code": "R-1", "zone_category": "Residential", "ev_permitted": false}, "geometry": {"type": "Polygon", "coordinates": [[[-74.047252087345, 40.7563607159661], [-74.0470859388409, 40.7566044078811], [-74.047166056483, 40.7566359933638], [-74.0473322047752, 40.7563923013336], [-74.047252087345, 40.7563607159661]]]}}, {"type": "Feature", "properties": {"zone_id": "0207CMWNQWV47PE0Z6PKXJ", "tract_id": "34017000102", "city": "JERSEY CITY, NJ", "zone_code": "R-1", "zone_category": "Residential", "ev_permitted": false}, "geometry": {"type": "Polygon", "coordinates": [[[-74.0478356337227, 40.7560951473084], [-74.0476689562031, 40.7563395458671], [-74.0477536130438, 40.75637292109], [-74.0479202843625, 40.7561285304912], [-74.0478356337227, 40.7560951473084]]]}}, {"type": "Feature", "properties": {"zone_id": "0201SC53OD1K93AORS316W", "tract_id": "34017000102", "city": "JERSEY CITY, NJ", "zone_code": "R-1", "zone_category": "Residential", "ev_permitted": false}, "geometry": {"type": "Polygon", "coordinates": [[[-74.0477600604136, 40.7560653443463], [-74.0475933779076, 40.7563097499819], [-74.0476689562031, 40.7563395458671], [-74.0478356337227, 40.7560951473084], [-74.0477600604136, 40.7560653443463]]]}}, {"type": "Feature", "properties": {"zone_id": "0204BNQSDFTTFA2OW994QC", "tract_id": "34017000102", "city": "JERSEY CITY, NJ", "zone_code": "R-1", "zone_category": "Residential", "ev_permitted": false}, "geometry": {"type": "Polygon", "coordinates": [[[-74.0476799479551, 40.756033752089], [-74.0475132604508, 40.7562781647951], [-74.0475933779076, 40.7563097499819], [-74.0477600604136, 40.7560653443463], [-74.0476799479551, 40.756033752089]]]}}, {"type": "Feature", "properties": {"zone_id": "0206L6VBD8I2HDHN5O8564", "tract_id": "34017000102", "city": "JERSEY CITY, NJ", "zone_code": "R-1", "zone_category": "Residential", "ev_permitted": false}, "geometry": {"type": "Polygon", "coordinates": [[[-74.0476260172272, 40.7560124840721], [-74.0474593259904, 40.7562569020899], [-74.0475132604508, 40.7562781647951], [-74.0476799479551, 40.756033752089], [-74.0476260172272, 40.7560124840721]]]}}, {"type": "Feature", "properties": {"zone_id": "0203N00EHHOFEE3G9OCGI2", "tract_id": "34017000102", "city": "JERSEY CITY, NJ", "zone_code": "R-1", "zone_category": "Residential", "ev_permitted": false}, "geometry": {"type": "Polygon", "coordinates": [[[-74.0475733999886, 40.7559917336134], [-74.0474067050289, 40.7562361560442], [-74.0474593259904, 40.7562569020899], [-74.0476260172272, 40.7560124840721], [-74.0475733999886, 40.7559917336134]]]}}, {"type": "Feature", "properties": {"zone_id": "0200CS6K50UQKYU3MNSNRJ", "tract_id": "34017000102", "city": "JERSEY CITY, NJ", "zone_code": "R-1", "zone_category": "Residential", "ev_permitted": false}, "geometry": {"type": "Polygon", "coordinates": [[[-74.0478723823714, 40.7562096001649], [-74.0477643622453, 40.756367990166], [-74.0478284561525, 40.7563932578199], [-74.0478723823714, 40.7562096001649]]]}}, {"type": "Feature", "properties": {"zone_id": "020207PNM63PWO6L0QDT59", "tract_id": "34017000102", "city": "JERSEY CITY, NJ", "zone_code": "R-1", "zone_category": "Residential", "ev_permitted": false}, "geometry": {"type": "Polygon", "coordinates": [[[-74.0475197244574, 40.7559705665124], [-74.0473530257659, 40.7562149942552], [-74.0474067050289, 40.7562361560442], [-74.0475733999886, 40.7559917336134], [-74.0475197244574, 40.7559705665124]]]}}, {"type": "Feature", "properties": {"zone_id": "0202T6F5DRSDQWPFRK2E3O", "tract_id": "34017000102", "city": "JERSEY CITY, NJ", "zone_code": "R-1", "zone_category": "Residential", "ev_permitted": false}, "geometry": {"type": "Polygon", "coordinates": [[[-74.04712390009, 40.7563101790845], [-74.046957751247, 40.7565538708153], [-74.0470859388409, 40.7566044078811], [-74.047252087345, 40.7563607159661], [-74.04712390009, 40.7563101790845]]]}}, {"type": "Feature", "properties": {"zone_id": "020610ESCPLIMJYX4ABZZV", "tract_id": "34017000102", "city": "JERSEY CITY, NJ", "zone_code": "R-1", "zone_category": "Residential", "ev_permitted": false}, "geometry": {"type": "Polygon", "coordinates": [[[-74.0468443234245, 40.7561999574855], [-74.0468023576846, 40.7562607102494], [-74.0470503158977, 40.7563584671105], [-74.0469257049697, 40.7565412367542], [-74.046957751247, 40.7565538708153], [-74.04712390009, 40.7563101790845], [-74.0468443234245, 40.7561999574855]], [[-74.046844910108, 40.7562072176246], [-74.0470710260933, 40.7562963619147], [-74.0470603987638, 40.7563119481043], [-74.0470713056427, 40.756316247986], [-74.0470547354228, 40.7563405501542], [-74.0470438297192, 40.7563362511761], [-74.0470363472754, 40.7563472251887], [-74.0468102323497, 40.7562580808355], [-74.046844910108, 40.7562072176246]]]}}, {"type": "Feature", "properties": {"zone_id": "0207O8P4DRALTB5IVKSSR5", "tract_id": "34017000102", "city": "JERSEY CITY, NJ", "zone_code": "R-1", "zone_category": "Residential", "ev_permitted": false}, "geometry": {"type": "Polygon", "coordinates": [[[-74.0467603906837, 40.7563214629923], [-74.046676456427, 40.7564429720315], [-74.0469257049697, 40.7565412367542], [-74.0470087801903, 40.756419389145], [-74.0467603906837, 40.7563214629923]]]}}, {"type": "Feature", "properties": {"zone_id": "0204I7BD4ZP23FMC9VD4AH", "tract_id": "34017000102", "city": "JERSEY CITY, NJ", "zone_code": "R-1", "zone_category": "Residential", "ev_permitted": false}, "geometry": {"type": "Polygon", "coordinates": [[[-74.046676456427, 40.7564429720315], [-74.04663449038, 40.7565037247301], [-74.0469589378965, 40.756631686238], [-74.0470005142815, 40.7565707301613], [-74.046676456427, 40.7564429720315]]]}}, {"type": "Feature", "properties": {"zone_id": "02050JLSWWIERO4MMFF8A2", "tract_id": "34017000102", "city": "JERSEY CITY, NJ", "zone_code": "R-1", "zone_category": "Residential", "ev_permitted": false}, "geometry": {"type": "Polygon", "coordinates": [[[-74.04663449038, 40.7565037247301], [-74.0465656647653, 40.7566033583237], [-74.0468218587456, 40.7567044018508], [-74.0468901608284, 40.7566045616171], [-74.04663449038, 40.7565037247301]]]}}, {"type": "Feature", "properties": {"zone_id": "02076GR90T7IJUVKIM69VL", "tract_id": "34017000102", "city": "JERSEY CITY, NJ", "zone_code": "R-1", "zone_category": "Residential", "ev_permitted": false}, "geometry": {"type": "Polygon", "coordinates": [[[-74.0468023576846, 40.7562607102494], [-74.0467603906837, 40.7563214629923], [-74.0470087801903, 40.756419389145], [-74.0470503158977, 40.7563584671105], [-74.0468023576846, 40.7562607102494]]]}}, {"type": "Feature", "properties": {"zone_id": "0206HQW7CSAKYJ9KWF1GUZ", "tract_id": "34017000102", "city": "JERSEY CITY, NJ", "zone_code": "R-1", "zone_category": "Residential", "ev_permitted": false}, "geometry": {"type": "Polygon", "coordinates": [[[-74.0470112178276, 40.7562727839532], [-74.0469938795961, 40.756298215137], [-74.0470645923898, 40.7563260929806], [-74.0470713056427, 40.756316247986], [-74.0470603987638, 40.7563119481043], [-74.0470710260933, 40.7562963619147], [-74.0470112178276, 40.7562727839532]]]}}, {"type": "Feature", "properties": {"zone_id": "0204OJCBVK8JIX4DKH7SD9", "tract_id": "34017000102", "city": "JERSEY CITY, NJ", "zone_code": "R-1", "zone_category": "Residential", "ev_permitted": false}, "geometry": {"type": "Polygon", "coordinates": [[[-74.0469938795961, 40.756298215137], [-74.0469765401671, 40.7563236463134], [-74.0470363472754, 40.7563472251887], [-74.0470438297192, 40.7563362511761], [-74.0470547354228, 40.7563405501542], [-74.0470645923898, 40.7563260929806], [-74.0469938795961, 40.756298215137]]]}}, {"type": "Feature", "properties": {"zone_id": "0200HOQHHFOLJ7F10O3ACO", "tract_id": "34017000102", "city": "JERSEY CITY, NJ", "zone_code": "R-1", "zone_category": "Residential", "ev_permitted": false}, "geometry": {"type": "Polygon", "coordinates": [[[-74.0469254712795, 40.75623897793], [-74.0469081318401, 40.7562644090963], [-74.0469938795961, 40.756298215137], [-74.0470112178276, 40.7562727839532], [-74.0469254712795, 40.75623897793]]]}}, {"type": "Feature", "properties": {"zone_id": "0203T0GLX7WZ8NRSVBKFIS", "tract_id": "34017000102", "city": "JERSEY CITY, NJ", "zone_code": "R-1", "zone_category": "Residential", "ev_permitted": false}, "geometry": {"type": "Polygon", "coordinates": [[[-74.0469081318401, 40.7562644090963], [-74.0468907923813, 40.7562898411604], [-74.0469765401671, 40.7563236463134], [-74.0469938795961, 40.756298215137], [-74.0469081318401, 40.7562644090963]]]}}, {"type": "Feature", "properties": {"zone_id": "0200W9XE65ERYPLKUWRG9R", "tract_id": "34017000102", "city": "JERSEY CITY, NJ", "zone_code": "R-1", "zone_category": "Residential", "ev_permitted": false}, "geometry": {"type": "Polygon", "coordinates": [[[-74.046844910108, 40.7562072176246], [-74.0468275718307, 40.7562326487835], [-74.0469081318401, 40.7562644090963], [-74.0469254712795, 40.75623897793], [-74.046844910108, 40.7562072176246]]]}}, {"type": "Feature", "properties": {"zone_id": "0203AKQ9MNN2MAS2C3VXI0", "tract_id": "34017000102", "city": "JERSEY CITY, NJ", "zone_code": "R-1", "zone_category": "Residential", "ev_permitted": false}, "geometry": {"type": "Polygon", "coordinates": [[[-74.0468275718307, 40.7562326487835], [-74.0468102323497, 40.7562580808355], [-74.0468907923813, 40.7562898411604], [-74.0469081318401, 40.7562644090963], [-74.0468275718307, 40.7562326487835]]]}}, {"type": "Feature", "properties": {"zone_id": "0202J4EHPIGWZEBHF3EZPR", "tract_id": "34017000102", "city": "JERSEY CITY, NJ", "zone_code": "R-1", "zone_category": "Residential", "ev_permitted": false}, "geometry": {"type": "Polygon", "coordinates": [[[-74.0478467088974, 40.7557893313126], [-74.0476799479551, 40.756033752089], [-74.0477600604136, 40.7560653443463], [-74.0479268127802, 40.7558209342286], [-74.0478467088974, 40.7557893313126]]]}}, {"type": "Feature", "properties": {"zone_id": "0203D56LMFDZRSXEFTLHZG", "tract_id": "34017000102", "city": "JERSEY CITY, NJ", "zone_code": "R-1", "zone_category": "Residential", "ev_permitted": false}, "geometry": {"type": "Polygon", "coordinates": [[[-74.0477666039065, 40.7557577283366], [-74.0475998367634, 40.7560021588804], [-74.0476799479551, 40.756033752089], [-74.0478467088974, 40.7557893313126], [-74.0477666039065, 40.7557577283366]]]}}, {"type": "Feature", "properties": {"zone_id": "0202BJLIVHC759XSYOBYKZ", "tract_id": "34017000102", "city": "JERSEY CITY, NJ", "zone_code": "R-1", "zone_category": "Residential", "ev_permitted": false}, "geometry": {"type": "Polygon", "coordinates": [[[-74.0476864989918, 40.7557261253052], [-74.0475197244574, 40.7559705665124], [-74.0475998367634, 40.7560021588804], [-74.0477666039065, 40.7557577283366], [-74.0476864989918, 40.7557261253052]]]}}, {"type": "Feature", "properties": {"zone_id": "0203OMSU8UKJSVYLV2KAUV", "tract_id": "34017000102", "city": "JERSEY CITY, NJ", "zone_code": "R-1", "zone_category": "Residential", "ev_permitted": false}, "geometry": {"type": "Polygon", "coordinates": [[[-74.0474396122338, 40.7559389731884], [-74.047272909722, 40.7561834089069], [-74.0473530257659, 40.7562149942552], [-74.0475197244574, 40.7559705665124], [-74.0474396122338, 40.7559389731884]]]}}, {"type": "Feature", "properties": {"zone_id": "0206BDFV9T3RK51YE8PU0J", "tract_id": "34017000102", "city": "JERSEY CITY, NJ", "zone_code": "R-1", "zone_category": "Residential", "ev_permitted": false}, "geometry": {"type": "Polygon", "coordinates": [[[-74.0473595012645, 40.7559073807143], [-74.04719279257, 40.7561518234985], [-74.047272909722, 40.7561834089069], [-74.0474396122338, 40.7559389731884], [-74.0473595012645, 40.7559073807143]]]}}, {"type": "Feature", "properties": {"zone_id": "0201PZFEAGOB4PQYYWSL0G", "tract_id": "34017000102", "city": "JERSEY CITY, NJ", "zone_code": "R-1", "zone_category": "Residential", "ev_permitted": false}, "geometry": {"type": "Polygon", "coordinates": [[[-74.0470709389952, 40.7558718912055], [-74.04702897367, 40.7559326440574], [-74.0472758677656, 40.7560300099097], [-74.0473174136125, 40.7559690923171], [-74.0470709389952, 40.7558718912055]]]}}, {"type": "Feature", "properties": {"zone_id": "0204M7ELBSX7DH8SSL6ZP7", "tract_id": "34017000102", "city": "JERSEY CITY, NJ", "zone_code": "R-1", "zone_category": "Residential", "ev_permitted": false}, "geometry": {"type": "Polygon", "coordinates": [[[-74.0471134508461, 40.7558103470644], [-74.0470709389952, 40.7558718912055], [-74.0473174136125, 40.7559690923171], [-74.0473595012645, 40.7559073807143], [-74.0471134508461, 40.7558103470644]]]}}, {"type": "Feature", "properties": {"zone_id": "0207KF785HYQXJQNG59W6M", "tract_id": "34017000102", "city": "JERSEY CITY, NJ", "zone_code": "R-1", "zone_category": "Residential", "ev_permitted": false}, "geometry": {"type": "Polygon", "coordinates": [[[-74.0476063941534, 40.7556945222184], [-74.0474396122338, 40.7559389731884], [-74.0475197244574, 40.7559705665124], [-74.0476864989918, 40.7557261253052], [-74.0476063941534, 40.7556945222184]]]}}, {"type": "Feature", "properties": {"zone_id": "0207L3NW31JF19Y3ANHM8S", "tract_id": "34017000102", "city": "JERSEY CITY, NJ", "zone_code": "R-1", "zone_category": "Residential", "ev_permitted": false}, "geometry": {"type": "Polygon", "coordinates": [[[-74.0472818911443, 40.7555664974546], [-74.0472399262049, 40.7556272503885], [-74.0474847309309, 40.7557238321954], [-74.0475262893912, 40.7556629190763], [-74.0472818911443, 40.7555664974546]]]}}, {"type": "Feature", "properties": {"zone_id": "0206VM33OA0SZSGDQN7CJR", "tract_id": "34017000102", "city": "JERSEY CITY, NJ", "zone_code": "R-1", "zone_category": "Residential", "ev_permitted": false}, "geometry": {"type": "Polygon", "coordinates": [[[-74.0472399262049, 40.7556272503885], [-74.0471979611888, 40.7556880033061], [-74.0474431712101, 40.7557847452939], [-74.0474847309309, 40.7557238321954], [-74.0472399262049, 40.7556272503885]]]}}, {"type": "Feature", "properties": {"zone_id": "0205W73N2AKL4L4EMZG8VR", "tract_id": "34017000102", "city": "JERSEY CITY, NJ", "zone_code": "R-1", "zone_category": "Residential", "ev_permitted": false}, "geometry": {"type": "Polygon", "coordinates": [[[-74.0471979611888, 40.7556880033061], [-74.0471559960959, 40.7557487562074], [-74.0474016125974, 40.7558456583811], [-74.0474431712101, 40.7557847452939], [-74.0471979611888, 40.7556880033061]]]}}, {"type": "Feature", "properties": {"zone_id": "02049T3KY2TSXEQ16JVRE0", "tract_id": "34017000102", "city": "JERSEY CITY, NJ", "zone_code": "R-1", "zone_category": "Residential", "ev_permitted": false}, "geometry": {"type": "Polygon", "coordinates": [[[-74.0471559960959, 40.7557487562074], [-74.0471134508461, 40.7558103470644], [-74.0473595012645, 40.7559073807143], [-74.0474016125974, 40.7558456583811], [-74.0471559960959, 40.7557487562074]]]}}, {"type": "Feature", "properties": {"zone_id": "02065ED3OQNA2EFWM4VC00", "tract_id": "34017000102", "city": "JERSEY CITY, NJ", "zone_code": "R-1", "zone_category": "Residential", "ev_permitted": false}, "geometry": {"type": "Polygon", "coordinates": [[[-74.0475262893912, 40.7556629190763], [-74.0473595012645, 40.7559073807143], [-74.0474396122338, 40.7559389731884], [-74.0476063941534, 40.7556945222184], [-74.0475262893912, 40.7556629190763]]]}}, {"type": "Feature", "properties": {"zone_id": "0200R506053K1BMARW0TY3", "tract_id": "34017000102", "city": "JERSEY CITY, NJ", "zone_code": "R-1", "zone_category": "Residential", "ev_permitted": false}, "geometry": {"type": "Polygon", "coordinates": [[[-74.0463754805457, 40.755525837778], [-74.0462924053125, 40.7556476831488], [-74.0462906489504, 40.7556469899964], [-74.0462104946289, 40.7557645527859], [-74.0466245711673, 40.7559278041195], [-74.0468314529057, 40.7556283075664], [-74.0465772494484, 40.7555280868996], [-74.0465357126442, 40.7555890096689], [-74.0463754805457, 40.755525837778]]]}}, {"type": "Feature", "properties": {"zone_id": "020273KXSLZCOGLDISXADU", "tract_id": "34017000102", "city": "JERSEY CITY, NJ", "zone_code": "R-1", "zone_category": "Residential", "ev_permitted": false}, "geometry": {"type": "Polygon", "coordinates": [[[-74.04702897367, 40.7559326440574], [-74.0469870082679, 40.755993396893], [-74.0472343218365, 40.7560909283869], [-74.0472758677656, 40.7560300099097], [-74.04702897367, 40.7559326440574]]]}}, {"type": "Feature", "properties": {"zone_id": "0200OY2O5A5AY8EBBSPKLE", "tract_id": "34017000102", "city": "JERSEY CITY, NJ", "zone_code": "R-1", "zone_category": "Residential", "ev_permitted": false}, "geometry": {"type": "Polygon", "coordinates": [[[-74.0469870082679, 40.755993396893], [-74.0469450427891, 40.7560541497124], [-74.04719279257, 40.7561518234985], [-74.0472343218365, 40.7560909283869], [-74.0469870082679, 40.755993396893]]]}}, {"type": "Feature", "properties": {"zone_id": "02060UMOXE29BJPOVEPKAT", "tract_id": "34017000102", "city": "JERSEY CITY, NJ", "zone_code": "R-1", "zone_category": "Residential", "ev_permitted": false}, "geometry": {"type": "Polygon", "coordinates": [[[-74.0459718199564, 40.7555212893617], [-74.0459298680262, 40.7555820481734], [-74.0462491118104, 40.7557079126594], [-74.0462906489504, 40.7556469899964], [-74.0459718199564, 40.7555212893617]]]}}, {"type": "Feature", "properties": {"zone_id": "0203VCQEPB3TUZ7EOWD8KC", "tract_id": "34017000102", "city": "JERSEY CITY, NJ", "zone_code": "R-1", "zone_category": "Residential", "ev_permitted": false}, "geometry": {"type": "Polygon", "coordinates": [[[-74.0459298680262, 40.7555820481734], [-74.0458908644117, 40.7556385362754], [-74.0462104946289, 40.7557645527859], [-74.0462491118104, 40.7557079126594], [-74.0459298680262, 40.7555820481734]]]}}, {"type": "Feature", "properties": {"zone_id": "0204QBZXMPCLYRGYIGPFXI", "tract_id": "34017000102", "city": "JERSEY CITY, NJ", "zone_code": "R-1", "zone_category": "Residential", "ev_permitted": false}, "geometry": {"type": "Polygon", "coordinates": [[[-74.0478066471603, 40.7552787545487], [-74.0476404172627, 40.7555224010652], [-74.0477205207273, 40.7555540041236], [-74.0478867515975, 40.7553103574966], [-74.0478066471603, 40.7552787545487]]]}}, {"type": "Feature", "properties": {"zone_id": "0204278QD1ZNXXT2OLFB5R", "tract_id": "34017000102", "city": "JERSEY CITY, NJ", "zone_code": "R-1", "zone_category": "Residential", "ev_permitted": false}, "geometry": {"type": "Polygon", "coordinates": [[[-74.0478867515975, 40.7553103574966], [-74.0477205207273, 40.7555540041236], [-74.0478006254524, 40.7555856071313], [-74.0479668561111, 40.7553419603892], [-74.0478867515975, 40.7553103574966]]]}}, {"type": "Feature", "properties": {"zone_id": "0202HNICCFMZIHHXB680EQ", "tract_id": "34017000102", "city": "JERSEY CITY, NJ", "zone_code": "R-1", "zone_category": "Residential", "ev_permitted": false}, "geometry": {"type": "Polygon", "coordinates": [[[-74.0474665330755, 40.7552991913651], [-74.0474245684678, 40.7553599452713], [-74.0476819694779, 40.7554614959683], [-74.0477235287775, 40.7554005827782], [-74.0474665330755, 40.7552991913651]]]}}, {"type": "Feature", "properties": {"zone_id": "02060VCPYX0BY26MKMCIWB", "tract_id": "34017000102", "city": "JERSEY CITY, NJ", "zone_code": "R-1", "zone_category": "Residential", "ev_permitted": false}, "geometry": {"type": "Polygon", "coordinates": [[[-74.0474245684678, 40.7553599452713], [-74.0473826085877, 40.7554206892735], [-74.0476404172627, 40.7555224010652], [-74.0476819694779, 40.7554614959683], [-74.0474245684678, 40.7553599452713]]]}}, {"type": "Feature", "properties": {"zone_id": "0202ZCGLDDXU02BUGWRVA8", "tract_id": "34017000102", "city": "JERSEY CITY, NJ", "zone_code": "R-1", "zone_category": "Residential", "ev_permitted": false}, "geometry": {"type": "Polygon", "coordinates": [[[-74.0476763596933, 40.7549954225087], [-74.0476343942852, 40.7550561764918], [-74.047889765238, 40.7551569262553], [-74.0479313241565, 40.7550960129851], [-74.0476763596933, 40.7549954225087]]]}}, {"type": "Feature", "properties": {"zone_id": "020723V5DJZEMS3DS6IZ8X", "tract_id": "34017000102", "city": "JERSEY CITY, NJ", "zone_code": "R-1", "zone_category": "Residential", "ev_permitted": false}, "geometry": {"type": "Polygon", "coordinates": [[[-74.0476343942852, 40.7550561764918], [-74.0475924288003, 40.7551169304585], [-74.0478482062373, 40.75521784041], [-74.047889765238, 40.7551569262553], [-74.0476343942852, 40.7550561764918]]]}}, {"type": "Feature", "properties": {"zone_id": "020499OHBANPFXCQISNH6E", "tract_id": "34017000102", "city": "JERSEY CITY, NJ", "zone_code": "R-1", "zone_category": "Residential", "ev_permitted": false}, "geometry": {"type": "Polygon", "coordinates": [[[-74.0475084987907, 40.7552384374472], [-74.0474665330755, 40.7552991913651], [-74.0477235287775, 40.7554005827782], [-74.047765088007, 40.7553396686714], [-74.0475084987907, 40.7552384374472]]]}}, {"type": "Feature", "properties": {"zone_id": "02058X854U7FOQ4PTYND0H", "tract_id": "34017000102", "city": "JERSEY CITY, NJ", "zone_code": "R-1", "zone_category": "Residential", "ev_permitted": false}, "geometry": {"type": "Polygon", "coordinates": [[[-74.0475924288003, 40.7551169304585], [-74.0475504644291, 40.7551776835131], [-74.0478066471603, 40.7552787545487], [-74.0478482062373, 40.75521784041], [-74.0475924288003, 40.7551169304585]]]}}, {"type": "Feature", "properties": {"zone_id": "0201LU9IF4QFKJB7R2BHPV", "tract_id": "34017000102", "city": "JERSEY CITY, NJ", "zone_code": "R-1", "zone_category": "Residential", "ev_permitted": false}, "geometry": {"type": "Polygon", "coordinates": [[[-74.0475504644291, 40.7551776835131], [-74.0475084987907, 40.7552384374472], [-74.047765088007, 40.7553396686714], [-74.0478066471603, 40.7552787545487], [-74.0475504644291, 40.7551776835131]]]}}, {"type": "Feature", "properties": {"zone_id": "02000G9IUI9J9RQ70MZQ6N", "tract_id": "34017000102", "city": "JERSEY CITY, NJ", "zone_code": "R-1", "zone_category": "Residential", "ev_permitted": false}, "geometry": {"type": "Polygon", "coordinates": [[[-74.0465388429062, 40.7552862317665], [-74.0463754805457, 40.755525837778], [-74.0465357126442, 40.7555890096689], [-74.0466988078337, 40.7553497941389], [-74.0465388429062, 40.7552862317665]]]}}, {"type": "Feature", "properties": {"zone_id": "0205E1E5Y86USS4UQGE83L", "tract_id": "34017000102", "city": "JERSEY CITY, NJ", "zone_code": "R-1", "zone_category": "Residential", "ev_permitted": false}, "geometry": {"type": "Polygon", "coordinates": [[[-74.0466988078337, 40.7553497941389], [-74.0465772494484, 40.7555280868996], [-74.0468314529057, 40.7556283075664], [-74.0469536073074, 40.7554514668263], [-74.0466988078337, 40.7553497941389]]]}}, {"type": "Feature", "properties": {"zone_id": "0204QLTV1B4KDQDO8WSOHH", "tract_id": "34017000102", "city": "JERSEY CITY, NJ", "zone_code": "R-1", "zone_category": "Residential", "ev_permitted": false}, "geometry": {"type": "Polygon", "coordinates": [[[-74.0469304122215, 40.755018881107], [-74.0468885736931, 40.7550796839475], [-74.0471410298677, 40.7551801357343], [-74.0471829957961, 40.7551193828353], [-74.0469304122215, 40.755018881107]]]}}, {"type": "Feature", "properties": {"zone_id": "02007YW9G5MSJK8P1GPEFY", "tract_id": "34017000102", "city": "JERSEY CITY, NJ", "zone_code": "R-1", "zone_category": "Residential", "ev_permitted": false}, "geometry": {"type": "Polygon", "coordinates": [[[-74.0468922918357, 40.7549262626998], [-74.0467222831677, 40.7551733342156], [-74.0468022649577, 40.7552051148501], [-74.0469722506794, 40.7549580773498], [-74.0468922918357, 40.7549262626998]]]}}, {"type": "Feature", "properties": {"zone_id": "02047VATTPN3IJZBZ4R5SA", "tract_id": "34017000102", "city": "JERSEY CITY, NJ", "zone_code": "R-1", "zone_category": "Residential", "ev_permitted": false}, "geometry": {"type": "Polygon", "coordinates": [[[-74.0468885736931, 40.7550796839475], [-74.0468022649577, 40.7552051148501], [-74.0470543252896, 40.7553056589316], [-74.0471410298677, 40.7551801357343], [-74.0468885736931, 40.7550796839475]]]}}, {"type": "Feature", "properties": {"zone_id": "0206N5URR320THMCICUEVX", "tract_id": "34017000102", "city": "JERSEY CITY, NJ", "zone_code": "R-1", "zone_category": "Residential", "ev_permitted": false}, "geometry": {"type": "Polygon", "coordinates": [[[-74.0466459328594, 40.7549882580302], [-74.0465623198293, 40.75510977098], [-74.0466423014602, 40.7551415526254], [-74.0467258904677, 40.7550200737462], [-74.0466459328594, 40.7549882580302]]]}}, {"type": "Feature", "properties": {"zone_id": "0205LMKF448SIOZGZSOYDD", "tract_id": "34017000102", "city": "JERSEY CITY, NJ", "zone_code": "R-1", "zone_category": "Residential", "ev_permitted": false}, "geometry": {"type": "Polygon", "coordinates": [[[-74.0477174313367, 40.7549359987777], [-74.0476763596933, 40.7549954225087], [-74.0479313241565, 40.7550960129851], [-74.0479719930563, 40.7550364020656], [-74.0477174313367, 40.7549359987777]]]}}, {"type": "Feature", "properties": {"zone_id": "0206VCYURZ0DQOIZAF31CC", "tract_id": "34017000102", "city": "JERSEY CITY, NJ", "zone_code": "R-1", "zone_category": "Residential", "ev_permitted": false}, "geometry": {"type": "Polygon", "coordinates": [[[-74.0472323369027, 40.754744666208], [-74.0471029889286, 40.7549326481291], [-74.047266925048, 40.7549978778797], [-74.0473969745955, 40.754809603135], [-74.0472323369027, 40.754744666208]]]}}, {"type": "Feature", "properties": {"zone_id": "0203PINRFGXCJ9EQUQOAUL", "tract_id": "34017000102", "city": "JERSEY CITY, NJ", "zone_code": "R-1", "zone_category": "Residential", "ev_permitted": false}, "geometry": {"type": "Polygon", "coordinates": [[[-74.0471432685775, 40.7547095351522], [-74.0470140878704, 40.7548972744722], [-74.0471029889286, 40.7549326481291], [-74.0472323369027, 40.754744666208], [-74.0471432685775, 40.7547095351522]]]}}, {"type": "Feature", "properties": {"zone_id": "0200K7IOEOGAOR88T5NDOI", "tract_id": "34017000102", "city": "JERSEY CITY, NJ", "zone_code": "R-1", "zone_category": "Residential", "ev_permitted": false}, "geometry": {"type": "Polygon", "coordinates": [[[-74.0470631604357, 40.754677937976], [-74.0468922918357, 40.7549262626998], [-74.0469722506794, 40.7549580773498], [-74.0471432685775, 40.7547095351522], [-74.0470631604357, 40.754677937976]]]}}, {"type": "Feature", "properties": {"zone_id": "02035V6KTOOMR8OLFTF4W4", "tract_id": "34017000102", "city": "JERSEY CITY, NJ", "zone_code": "R-1", "zone_category": "Residential", "ev_permitted": false}, "geometry": {"type": "Polygon", "coordinates": [[[-74.0470140878704, 40.7548972744722], [-74.0469722506794, 40.7549580773498], [-74.0472249604635, 40.7550586299154], [-74.047266925048, 40.7549978778797], [-74.0470140878704, 40.7548972744722]]]}}, {"type": "Feature", "properties": {"zone_id": "02052YBHW06IJ6HJUECHH4", "tract_id": "34017000102", "city": "JERSEY CITY, NJ", "zone_code": "R-1", "zone_category": "Residential", "ev_permitted": false}, "geometry": {"type": "Polygon", "coordinates": [[[-74.0469722506794, 40.7549580773498], [-74.0469304122215, 40.755018881107], [-74.0471829957961, 40.7551193828353], [-74.0472249604635, 40.7550586299154], [-74.0469722506794, 40.7549580773498]]]}}, {"type": "Feature", "properties": {"zone_id": "02049HBEWH13TTA6BNVS3A", "tract_id": "34017000102", "city": "JERSEY CITY, NJ", "zone_code": "R-1", "zone_category": "Residential", "ev_permitted": false}, "geometry": {"type": "Polygon", "coordinates": [[[-74.0464058254428, 40.7548927186681], [-74.0463666491927, 40.754949460226], [-74.0466068606902, 40.7550450415048], [-74.0466459328594, 40.7549882580302], [-74.0464058254428, 40.7548927186681]]]}}, {"type": "Feature", "properties": {"zone_id": "02069ITO2YKABZN4BFMVJF", "tract_id": "34017000102", "city": "JERSEY CITY, NJ", "zone_code": "R-1", "zone_category": "Residential", "ev_permitted": false}, "geometry": {"type": "Polygon", "coordinates": [[[-74.0464925023437, 40.7547671850342], [-74.0464505513721, 40.7548279431476], [-74.0467704957025, 40.7549552498976], [-74.046812334259, 40.7548944470988], [-74.0464925023437, 40.7547671850342]]]}}, {"type": "Feature", "properties": {"zone_id": "0200TOBJFDKDC59ZKDWRCU", "tract_id": "34017000102", "city": "JERSEY CITY, NJ", "zone_code": "R-1", "zone_category": "Residential", "ev_permitted": false}, "geometry": {"type": "Polygon", "coordinates": [[[-74.0464505513721, 40.7548279431476], [-74.0464058254428, 40.7548927186681], [-74.0467258904677, 40.7550200737462], [-74.0467704957025, 40.7549552498976], [-74.0464505513721, 40.7548279431476]], [[-74.0464791783574, 40.7548455297481], [-74.0466552070095, 40.7549155728953], [-74.0466172963192, 40.7549706678315], [-74.0464411648005, 40.7549005845968], [-74.0464791783574, 40.7548455297481]]]}}, {"type": "Feature", "properties": {"zone_id": "02013WYDSJHVKF5CMZ2CBO", "tract_id": "34017000102", "city": "JERSEY CITY, NJ", "zone_code": "R-1", "zone_category": "Residential", "ev_permitted": false}, "geometry": {"type": "Polygon", "coordinates": [[[-74.046812334259, 40.7548944470988], [-74.0466423014602, 40.7551415526254], [-74.0467222831677, 40.7551733342156], [-74.0468922918357, 40.7549262626998], [-74.046812334259, 40.7548944470988]]]}}, {"type": "Feature", "properties": {"zone_id": "02032KOKVO8XLMGFCRRX5Y", "tract_id": "34017000102", "city": "JERSEY CITY, NJ", "zone_code": "R-1", "zone_category": "Residential", "ev_permitted": false}, "geometry": {"type": "Polygon", "coordinates": [[[-74.0465344532446, 40.754706426004], [-74.0464925023437, 40.7547671850342], [-74.046812334259, 40.7548944470988], [-74.0468541715608, 40.7548336433785], [-74.0465344532446, 40.754706426004]]]}}, {"type": "Feature", "properties": {"zone_id": "02004PADEQ4MG0Q4DMWONJ", "tract_id": "34017000102", "city": "JERSEY CITY, NJ", "zone_code": "R-1", "zone_category": "Residential", "ev_permitted": false}, "geometry": {"type": "Polygon", "coordinates": [[[-74.0464791783574, 40.7548455297481], [-74.0464411648005, 40.7549005845968], [-74.0465292305103, 40.7549356266979], [-74.0465671920419, 40.7548805518031], [-74.0464791783574, 40.7548455297481]]]}}, {"type": "Feature", "properties": {"zone_id": "0206NFLBNQEHQFLWFVOT6F", "tract_id": "34017000102", "city": "JERSEY CITY, NJ", "zone_code": "R-1", "zone_category": "Residential", "ev_permitted": false}, "geometry": {"type": "Polygon", "coordinates": [[[-74.0465671920419, 40.7548805518031], [-74.0465292305103, 40.7549356266979], [-74.0466172963192, 40.7549706678315], [-74.0466552070095, 40.7549155728953], [-74.0465671920419, 40.7548805518031]]]}}, {"type": "Feature", "properties": {"zone_id": "02014DNPEJ5G629VXNDYKM", "tract_id": "34017000102", "city": "JERSEY CITY, NJ", "zone_code": "R-1", "zone_category": "Residential", "ev_permitted": false}, "geometry": {"type": "Polygon", "coordinates": [[[-74.046902572316, 40.7546145979028], [-74.0468162769801, 40.7547411140877], [-74.0468960099642, 40.7547728405473], [-74.046812334259, 40.7548944470988], [-74.0468922918357, 40.7549262626998], [-74.0470631604357, 40.754677937976], [-74.046902572316, 40.7546145979028]]]}}, {"type": "Feature", "properties": {"zone_id": "0204RVE4AYPUZT7VHQU5AS", "tract_id": "34017000102", "city": "JERSEY CITY, NJ", "zone_code": "R-1", "zone_category": "Residential", "ev_permitted": false}, "geometry": {"type": "Polygon", "coordinates": [[[-74.0465764040626, 40.7546456678581], [-74.0465344532446, 40.754706426004], [-74.0468541715608, 40.7548336433785], [-74.0468960099642, 40.7547728405473], [-74.0465764040626, 40.7546456678581]]]}}, {"type": "Feature", "properties": {"zone_id": "0205OZZVOBBE0ZFWM1A959", "tract_id": "34017000102", "city": "JERSEY CITY, NJ", "zone_code": "R-1", "zone_category": "Residential", "ev_permitted": false}, "geometry": {"type": "Polygon", "coordinates": [[[-74.0466630791344, 40.7545201340827], [-74.0465764040626, 40.7546456678581], [-74.0468162769801, 40.7547411140877], [-74.046902572316, 40.7546145979028], [-74.0466630791344, 40.7545201340827]]]}}, {"type": "Feature", "properties": {"zone_id": "0206E7NK2WLR5N4G2OX76Q", "tract_id": "34017000102", "city": "JERSEY CITY, NJ", "zone_code": "R-1", "zone_category": "Residential", "ev_permitted": false}, "geometry": {"type": "Polygon", "coordinates": [[[-74.0461396292786, 40.7552782539614], [-74.0460976764711, 40.7553390128336], [-74.0464170174558, 40.7554649150662], [-74.0464585542897, 40.7554039923385], [-74.0461396292786, 40.7552782539614]]]}}, {"type": "Feature", "properties": {"zone_id": "020383N5BXSAPRGK4XG9FE", "tract_id": "34017000102", "city": "JERSEY CITY, NJ", "zone_code": "R-1", "zone_category": "Residential", "ev_permitted": false}, "geometry": {"type": "Polygon", "coordinates": [[[-74.0460976764711, 40.7553390128336], [-74.0460557247711, 40.7553997716942], [-74.0463754805457, 40.755525837778], [-74.0464170174558, 40.7554649150662], [-74.0460976764711, 40.7553390128336]], [[-74.0461026108642, 40.7553481587959], [-74.0463218852905, 40.7554346101139], [-74.0462880623418, 40.7554835970083], [-74.0460687866153, 40.7553971456216], [-74.0461026108642, 40.7553481587959]]]}}, {"type": "Feature", "properties": {"zone_id": "0204CIZEN2U1RE4XNSCV2V", "tract_id": "34017000102", "city": "JERSEY CITY, NJ", "zone_code": "R-1", "zone_category": "Residential", "ev_permitted": false}, "geometry": {"type": "Polygon", "coordinates": [[[-74.0460557247711, 40.7553997716942], [-74.04601377181, 40.7554605305338], [-74.0463339435593, 40.7555867604737], [-74.0463754805457, 40.755525837778], [-74.0460557247711, 40.7553997716942]]]}}, {"type": "Feature", "properties": {"zone_id": "0202Y8UIZGAEGKEAQO61YX", "tract_id": "34017000102", "city": "JERSEY CITY, NJ", "zone_code": "R-1", "zone_category": "Residential", "ev_permitted": false}, "geometry": {"type": "Polygon", "coordinates": [[[-74.04601377181, 40.7554605305338], [-74.0459718199564, 40.7555212893617], [-74.0462924053125, 40.7556476831488], [-74.0463339435593, 40.7555867604737], [-74.04601377181, 40.7554605305338]]]}}, {"type": "Feature", "properties": {"zone_id": "0204KJT14OQYVK3ZR0H5X7", "tract_id": "34017000102", "city": "JERSEY CITY, NJ", "zone_code": "R-1", "zone_category": "Residential", "ev_permitted": false}, "geometry": {"type": "Polygon", "coordinates": [[[-74.0464220055308, 40.7552398120516], [-74.0463415253712, 40.7553578527736], [-74.0464585542897, 40.7554039923385], [-74.0465388429062, 40.7552862317665], [-74.0464220055308, 40.7552398120516]]]}}, {"type": "Feature", "properties": {"zone_id": "02059TXYMYDCZZAXBI58AZ", "tract_id": "34017000102", "city": "JERSEY CITY, NJ", "zone_code": "R-1", "zone_category": "Residential", "ev_permitted": false}, "geometry": {"type": "Polygon", "coordinates": [[[-74.0461026108642, 40.7553481587959], [-74.0460856981538, 40.7553726522077], [-74.0463049738223, 40.7554591035625], [-74.0463218852905, 40.7554346101139], [-74.0461026108642, 40.7553481587959]]]}}, {"type": "Feature", "properties": {"zone_id": "0205XF8R0LLYA1S22LZ9PY", "tract_id": "34017000102", "city": "JERSEY CITY, NJ", "zone_code": "R-1", "zone_category": "Residential", "ev_permitted": false}, "geometry": {"type": "Polygon", "coordinates": [[[-74.0460856981538, 40.7553726522077], [-74.0460687866153, 40.7553971456216], [-74.0462880623418, 40.7554835970083], [-74.0463049738223, 40.7554591035625], [-74.0460856981538, 40.7553726522077]]]}}, {"type": "Feature", "properties": {"zone_id": "0206QOUW3CUP9VXWA97S8S", "tract_id": "34017000102", "city": "JERSEY CITY, NJ", "zone_code": "R-1", "zone_category": "Residential", "ev_permitted": false}, "geometry": {"type": "Polygon", "coordinates": [[[-74.0463018549032, 40.755263733109], [-74.0462823048281, 40.7552924084182], [-74.0463391331466, 40.7553148078847], [-74.0463588840044, 40.7552862108057], [-74.0463018549032, 40.755263733109]]]}}, {"type": "Feature", "properties": {"zone_id": "0200V327SRVJVWOWJT84ZM", "tract_id": "34017000102", "city": "JERSEY CITY, NJ", "zone_code": "R-1", "zone_category": "Residential", "ev_permitted": false}, "geometry": {"type": "Polygon", "coordinates": [[[-74.0461888220417, 40.7552191824242], [-74.0461690664187, 40.7552477758533], [-74.0462256749735, 40.7552700880551], [-74.0462452250601, 40.755241413656], [-74.0461888220417, 40.7552191824242]]]}}, {"type": "Feature", "properties": {"zone_id": "02075MCN6NELP1MYVUW7QA", "tract_id": "34017000102", "city": "JERSEY CITY, NJ", "zone_code": "R-1", "zone_category": "Residential", "ev_permitted": false}, "geometry": {"type": "Polygon", "coordinates": [[[-74.0462452250601, 40.755241413656], [-74.0462256749735, 40.7552700880551], [-74.0462823048281, 40.7552924084182], [-74.0463018549032, 40.755263733109], [-74.0462452250601, 40.755241413656]]]}}, {"type": "Feature", "properties": {"zone_id": "0204VVNABJGZ45TSG5RJMN", "tract_id": "34017000102", "city": "JERSEY CITY, NJ", "zone_code": "R-1", "zone_category": "Residential", "ev_permitted": false}, "geometry": {"type": "Polygon", "coordinates": [[[-74.0462212405957, 40.7551600557207], [-74.0461843234517, 40.755213522553], [-74.0463857776531, 40.7552929475386], [-74.0464220055308, 40.7552398120516], [-74.0462212405957, 40.7551600557207]]]}}, {"type": "Feature", "properties": {"zone_id": "0203OPERDTJIPKD3XZOFOD", "tract_id": "34017000102", "city": "JERSEY CITY, NJ", "zone_code": "R-1", "zone_category": "Residential", "ev_permitted": false}, "geometry": {"type": "Polygon", "coordinates": [[[-74.0461690664187, 40.7552477758533], [-74.0461493107726, 40.7552763701794], [-74.04620612487, 40.7552987624507], [-74.0462256749735, 40.7552700880551], [-74.0461690664187, 40.7552477758533]]]}}, {"type": "Feature", "properties": {"zone_id": "0200HREP6NT4XD2DLQZN2A", "tract_id": "34017000102", "city": "JERSEY CITY, NJ", "zone_code": "R-1", "zone_category": "Residential", "ev_permitted": false}, "geometry": {"type": "Polygon", "coordinates": [[[-74.0462256749735, 40.7552700880551], [-74.04620612487, 40.7552987624507], [-74.0462627547422, 40.7553210828233], [-74.0462823048281, 40.7552924084182], [-74.0462256749735, 40.7552700880551]]]}}, {"type": "Feature", "properties": {"zone_id": "02009L6LB0KZQQ1VL9NIUA", "tract_id": "34017000102", "city": "JERSEY CITY, NJ", "zone_code": "R-1", "zone_category": "Residential", "ev_permitted": false}, "geometry": {"type": "Polygon", "coordinates": [[[-74.0462823048281, 40.7552924084182], [-74.0462627547422, 40.7553210828233], [-74.0463193834743, 40.7553434022631], [-74.0463391331466, 40.7553148078847], [-74.0462823048281, 40.7552924084182]]]}}, {"type": "Feature", "properties": {"zone_id": "02010MHGWFS5LYMK3S45GJ", "tract_id": "34017000102", "city": "JERSEY CITY, NJ", "zone_code": "R-1", "zone_category": "Residential", "ev_permitted": false}, "geometry": {"type": "Polygon", "coordinates": [[[-74.0461843234517, 40.755213522553], [-74.0461396292786, 40.7552782539614], [-74.0463415253712, 40.7553578527736], [-74.0463857776531, 40.7552929475386], [-74.0461843234517, 40.755213522553]], [[-74.0461888220417, 40.7552191824242], [-74.0463588840044, 40.7552862108057], [-74.0463193834743, 40.7553434022631], [-74.0461493107726, 40.7552763701794], [-74.0461888220417, 40.7552191824242]]]}}, {"type": "Feature", "properties": {"zone_id": "020531K81Z73I4746YVE5X", "tract_id": "34017000102", "city": "JERSEY CITY, NJ", "zone_code": "R-1", "zone_category": "Residential", "ev_permitted": false}, "geometry": {"type": "Polygon", "coordinates": [[[-74.0463666491927, 40.754949460226], [-74.046321924284, 40.7550142357164], [-74.0465623198293, 40.75510977098], [-74.0466068606902, 40.7550450415048], [-74.0463666491927, 40.754949460226]]]}}, {"type": "Feature", "properties": {"zone_id": "020582MK31KAOJ64QD8499", "tract_id": "34017000102", "city": "JERSEY CITY, NJ", "zone_code": "R-1", "zone_category": "Residential", "ev_permitted": false}, "geometry": {"type": "Polygon", "coordinates": [[[-74.0475761785549, 40.7542305487091], [-74.047488682166, 40.7543568301489], [-74.0476628753751, 40.7544259360622], [-74.0477083049981, 40.7543610754479], [-74.0477526628923, 40.7543005631566], [-74.0475761785549, 40.7542305487091]]]}}, {"type": "Feature", "properties": {"zone_id": "0204FXR9EQ32G116VKC73Q", "tract_id": "34017000102", "city": "JERSEY CITY, NJ", "zone_code": "R-1", "zone_category": "Residential", "ev_permitted": false}, "geometry": {"type": "Polygon", "coordinates": [[[-74.0475683778589, 40.7543884470285], [-74.0474046524703, 40.7546270984959], [-74.0474509553914, 40.7546453611679], [-74.047614622064, 40.75440679316], [-74.0475683778589, 40.7543884470285]]]}}, {"type": "Feature", "properties": {"zone_id": "020753DKVO4ZDJJDB4JSH4", "tract_id": "34017000102", "city": "JERSEY CITY, NJ", "zone_code": "R-1", "zone_category": "Residential", "ev_permitted": false}, "geometry": {"type": "Polygon", "coordinates": [[[-74.047614622064, 40.75440679316], [-74.0474509553914, 40.7546453611679], [-74.0474979953713, 40.7546639139987], [-74.0476628753751, 40.7544259360622], [-74.047614622064, 40.75440679316]]]}}, {"type": "Feature", "properties": {"zone_id": "02073D2QEVLLVN6H2BGONO", "tract_id": "34017000102", "city": "JERSEY CITY, NJ", "zone_code": "R-1", "zone_category": "Residential", "ev_permitted": false}, "geometry": {"type": "Polygon", "coordinates": [[[-74.0474616783653, 40.7543461171447], [-74.0472978211255, 40.7545849606707], [-74.047351236781, 40.7546060295956], [-74.0475150280951, 40.7543672820989], [-74.0474616783653, 40.7543461171447]]]}}, {"type": "Feature", "properties": {"zone_id": "0203SOLRB9CYRE41AG1E13", "tract_id": "34017000102", "city": "JERSEY CITY, NJ", "zone_code": "R-1", "zone_category": "Residential", "ev_permitted": false}, "geometry": {"type": "Polygon", "coordinates": [[[-74.0475150280951, 40.7543672820989], [-74.047351236781, 40.7546060295956], [-74.0474046524703, 40.7546270984959], [-74.0475683778589, 40.7543884470285], [-74.0475150280951, 40.7543672820989]]]}}, {"type": "Feature", "properties": {"zone_id": "0201II1WNIPB6BRE7BE2XB", "tract_id": "34017000102", "city": "JERSEY CITY, NJ", "zone_code": "R-1", "zone_category": "Residential", "ev_permitted": false}, "geometry": {"type": "Polygon", "coordinates": [[[-74.0474075822028, 40.7543246565476], [-74.0472444054979, 40.7545638926217], [-74.0472978211255, 40.7545849606707], [-74.0474616783653, 40.7543461171447], [-74.0474075822028, 40.7543246565476]]]}}, {"type": "Feature", "properties": {"zone_id": "0204DAIWQDFFP8RDV41AEP", "tract_id": "34017000102", "city": "JERSEY CITY, NJ", "zone_code": "R-1", "zone_category": "Residential", "ev_permitted": false}, "geometry": {"type": "Polygon", "coordinates": [[[-74.0472475652102, 40.7542611741963], [-74.04708419072, 40.7545006992593], [-74.0471642974818, 40.7545322955156], [-74.0473275736713, 40.7542929149493], [-74.0472475652102, 40.7542611741963]]]}}, {"type": "Feature", "properties": {"zone_id": "0203SGDEK32RXCNILC00GP", "tract_id": "34017000102", "city": "JERSEY CITY, NJ", "zone_code": "R-1", "zone_category": "Residential", "ev_permitted": false}, "geometry": {"type": "Polygon", "coordinates": [[[-74.0473275736713, 40.7542929149493], [-74.0471642974818, 40.7545322955156], [-74.0472444054979, 40.7545638926217], [-74.0474075822028, 40.7543246565476], [-74.0473275736713, 40.7542929149493]]]}}, {"type": "Feature", "properties": {"zone_id": "0200OLEGD15J2QHZPGVN7Z", "tract_id": "34017000102", "city": "JERSEY CITY, NJ", "zone_code": "R-1", "zone_category": "Residential", "ev_permitted": false}, "geometry": {"type": "Polygon", "coordinates": [[[-74.0475812189582, 40.7540715552565], [-74.0474075822028, 40.7543246565476], [-74.047488682166, 40.7543568301489], [-74.0476636746111, 40.7541042671984], [-74.0475812189582, 40.7540715552565]]]}}, {"type": "Feature", "properties": {"zone_id": "02073SKHO561QNHD0ADM4K", "tract_id": "34017000102", "city": "JERSEY CITY, NJ", "zone_code": "R-1", "zone_category": "Residential", "ev_permitted": false}, "geometry": {"type": "Polygon", "coordinates": [[[-74.0476636746111, 40.7541042671984], [-74.0476199266246, 40.7541674079626], [-74.0478007516771, 40.7542398078975], [-74.0478201918154, 40.75421725319], [-74.0478546875818, 40.7541800454579], [-74.0476636746111, 40.7541042671984]]]}}, {"type": "Feature", "properties": {"zone_id": "02012R7AFPAJWTJ3I9FOY5", "tract_id": "34017000102", "city": "JERSEY CITY, NJ", "zone_code": "R-1", "zone_category": "Residential", "ev_permitted": false}, "geometry": {"type": "Polygon", "coordinates": [[[-74.0476199266246, 40.7541674079626], [-74.0475761785549, 40.7542305487091], [-74.0477526628923, 40.7543005631566], [-74.0478007516771, 40.7542398078975], [-74.0476199266246, 40.7541674079626]]]}}, {"type": "Feature", "properties": {"zone_id": "0202S20768S996M4J7S70R", "tract_id": "34017000102", "city": "JERSEY CITY, NJ", "zone_code": "R-1", "zone_category": "Residential", "ev_permitted": false}, "geometry": {"type": "Polygon", "coordinates": [[[-74.0474236496595, 40.7540090436695], [-74.0472924061396, 40.7541984665417], [-74.0472475652102, 40.7542611741963], [-74.0473275736713, 40.7542929149493], [-74.0475012106454, 40.7540398137783], [-74.0474236496595, 40.7540090436695]]]}}, {"type": "Feature", "properties": {"zone_id": "0207C6O45AR9EY85GJ5N1P", "tract_id": "34017000102", "city": "JERSEY CITY, NJ", "zone_code": "R-1", "zone_category": "Residential", "ev_permitted": false}, "geometry": {"type": "Polygon", "coordinates": [[[-74.0475012106454, 40.7540398137783], [-74.0473275736713, 40.7542929149493], [-74.0474075822028, 40.7543246565476], [-74.0475812189582, 40.7540715552565], [-74.0475012106454, 40.7540398137783]]]}}, {"type": "Feature", "properties": {"zone_id": "0204SBFEE03W4S846ORBQP", "tract_id": "34017000102", "city": "JERSEY CITY, NJ", "zone_code": "R-1", "zone_category": "Residential", "ev_permitted": false}, "geometry": {"type": "Polygon", "coordinates": [[[-74.0468896130626, 40.7541920344144], [-74.0468476628115, 40.7542527935826], [-74.0471672914148, 40.7543788641974], [-74.0472088410496, 40.7543179475407], [-74.0468896130626, 40.7541920344144]]]}}, {"type": "Feature", "properties": {"zone_id": "0205EWXUXMLZEN44AXWIW7", "tract_id": "34017000102", "city": "JERSEY CITY, NJ", "zone_code": "R-1", "zone_category": "Residential", "ev_permitted": false}, "geometry": {"type": "Polygon", "coordinates": [[[-74.0468476628115, 40.7542527935826], [-74.0467637608947, 40.7543743118654], [-74.04708419072, 40.7545006992593], [-74.0471672914148, 40.7543788641974], [-74.0468476628115, 40.7542527935826]]]}}, {"type": "Feature", "properties": {"zone_id": "0200M47SPH3V2FTNUKLOBS", "tract_id": "34017000102", "city": "JERSEY CITY, NJ", "zone_code": "R-1", "zone_category": "Residential", "ev_permitted": false}, "geometry": {"type": "Polygon", "coordinates": [[[-74.0470163627644, 40.7540084562909], [-74.0469291077394, 40.75413483372], [-74.0472475652102, 40.7542611741963], [-74.0473361532712, 40.7541353258991], [-74.0470163627644, 40.7540084562909]]]}}, {"type": "Feature", "properties": {"zone_id": "0201D4P62UKWFWM12WWGP8", "tract_id": "34017000102", "city": "JERSEY CITY, NJ", "zone_code": "R-1", "zone_category": "Residential", "ev_permitted": false}, "geometry": {"type": "Polygon", "coordinates": [[[-74.0469291077394, 40.75413483372], [-74.0468896130626, 40.7541920344144], [-74.0472088410496, 40.7543179475407], [-74.0472475652102, 40.7542611741963], [-74.0469291077394, 40.75413483372]]]}}, {"type": "Feature", "properties": {"zone_id": "0205BW8XSAVWIJM6VR8FYA", "tract_id": "34017000102", "city": "JERSEY CITY, NJ", "zone_code": "R-1", "zone_category": "Residential", "ev_permitted": false}, "geometry": {"type": "Polygon", "coordinates": [[[-74.0471036186416, 40.753882078796], [-74.0470163627644, 40.7540084562909], [-74.0473361532712, 40.7541353258991], [-74.0474236496595, 40.7540090436695], [-74.0471036186416, 40.753882078796]]]}}]}