{"type": "FeatureCollection", "features": [{"type": "Feature", "properties": {"zone_id": "0202XPZFJEZVBA02AVTWQV", "tract_id": "06037127606", "city": "VAN NUYS, CA", "zone_code": "RD1.5-1", "zone_category": "Residential", "ev_permitted": false}, "geometry": {"type": "Polygon", "coordinates": [[[-118.477131954304, 34.1936197694929], [-118.476749842287, 34.1936200670007], [-118.476750004051, 34.1937986799995], [-118.477066042645, 34.1937983957823], [-118.477076408919, 34.1937977026996], [-118.47708651599, 34.1937956751273], [-118.477096114347, 34.1937923631194], [-118.477104967037, 34.1937878484387], [-118.477112855515, 34.1937822425379], [-118.477119585041, 34.1937756838087], [-118.477124989484, 34.1937683341646], [-118.477128935425, 34.1937603750447], [-118.477131325453, 34.1937520029339], [-118.477132100564, 34.1937434245126], [-118.477131954304, 34.1936197694929]]]}}, {"type": "Feature", "properties": {"zone_id": "0201D5RKN397EL3BIRRK2B", "tract_id": "06037127606", "city": "VAN NUYS, CA", "zone_code": "R3-1", "zone_category": "Residential", "ev_permitted": false}, "geometry": {"type": "Polygon", "coordinates": [[[-118.4810505198, 34.1933337737205], [-118.48071983104, 34.1933340166598], [-118.480720457015, 34.1937929139086], [-118.481051147592, 34.1937926709675], [-118.4810505198, 34.1933337737205]]]}}, {"type": "Feature", "properties": {"zone_id": "0203KAMG4KDHYFKQ86MAR6", "tract_id": "06037127606", "city": "VAN NUYS, CA", "zone_code": "R3-1", "zone_category": "Residential", "ev_permitted": false}, "geometry": {"type": "Polygon", "coordinates": [[[-118.481381638445, 34.1933335281664], [-118.4810505198, 34.1933337737205], [-118.481051147592, 34.1937926709675], [-118.481316028479, 34.1937924416821], [-118.481327535216, 34.1937915763655], [-118.481338685712, 34.1937890721832], [-118.481349141469, 34.1937850051557], [-118.481358585077, 34.1937794987471], [-118.481366729851, 34.1937727201175], [-118.481373328539, 34.1937648750483], [-118.48137818082, 34.1937562016951], [-118.481381139392, 34.1937469633584], [-118.48138211444, 34.1937374404899], [-118.481381638445, 34.1933335281664]]]}}, {"type": "Feature", "properties": {"zone_id": "0206CUOJ7843PKAEDJPGXQ", "tract_id": "06037127606", "city": "VAN NUYS, CA", "zone_code": "R3-1", "zone_category": "Residential", "ev_permitted": false}, "geometry": {"type": "Polygon", "coordinates": [[[-118.481381344453, 34.1930587390669], [-118.48113331014, 34.193058928978], [-118.481133679707, 34.1933337040347], [-118.481381638445, 34.1933335281664], [-118.481381344453, 34.1930587390669]]]}}, {"type": "Feature", "properties": {"zone_id": "0204CA3TNFRBRHDA9FLOR5", "tract_id": "06037127606", "city": "VAN NUYS, CA", "zone_code": "R3-1", "zone_category": "Residential", "ev_permitted": false}, "geometry": {"type": "Polygon", "coordinates": [[[-118.480885294465, 34.1930591251762], [-118.480637278809, 34.1930593243007], [-118.480637646814, 34.1933341113808], [-118.480885663256, 34.1933339071033], [-118.480885294465, 34.1930591251762]]]}}, {"type": "Feature", "properties": {"zone_id": "0201IMAAWE31319LTX302L", "tract_id": "06037127606", "city": "VAN NUYS, CA", "zone_code": "R3-1", "zone_category": "Residential", "ev_permitted": false}, "geometry": {"type": "Polygon", "coordinates": [[[-118.48113331014, 34.193058928978], [-118.480885294465, 34.1930591251762], [-118.480885663256, 34.1933339071033], [-118.481133679707, 34.1933337040347], [-118.48113331014, 34.193058928978]]]}}, {"type": "Feature", "properties": {"zone_id": "0206PCCO1ER23JNOYZQ6W2", "tract_id": "06037127606", "city": "VAN NUYS, CA", "zone_code": "R1-1", "zone_category": "Residential", "ev_permitted": false}, "geometry": {"type": "Polygon", "coordinates": [[[-118.481381017395, 34.1927839500994], [-118.480388461938, 34.1927847358425], [-118.480388818641, 34.193059497203], [-118.481381344453, 34.1930587390669], [-118.481381017395, 34.1927839500994]]]}}, {"type": "Feature", "properties": {"zone_id": "0202ZUHD382GSZ5RU79VKS", "tract_id": "06037127606", "city": "VAN NUYS, CA", "zone_code": "R1-1", "zone_category": "Residential", "ev_permitted": false}, "geometry": {"type": "Polygon", "coordinates": [[[-118.480967498504, 34.1926468808781], [-118.480388266816, 34.1926473140105], [-118.480388461938, 34.1927847358425], [-118.481381017395, 34.1927839500994], [-118.481380879959, 34.1926740345388], [-118.480967522393, 34.1926743598094], [-118.480967498504, 34.1926468808781]]]}}, {"type": "Feature", "properties": {"zone_id": "02074BXL6TU5ZGOAVB45M1", "tract_id": "06037127606", "city": "VAN NUYS, CA", "zone_code": "R1-1", "zone_category": "Residential", "ev_permitted": false}, "geometry": {"type": "Polygon", "coordinates": [[[-118.481050007069, 34.1925094324444], [-118.480388072011, 34.1925099471354], [-118.480388266816, 34.1926473140105], [-118.480967498504, 34.1926468808781], [-118.480967522393, 34.1926743598094], [-118.481380879959, 34.1926740345388], [-118.481380886935, 34.1926465554841], [-118.481050170053, 34.1926468269284], [-118.481050007069, 34.1925094324444]]]}}, {"type": "Feature", "properties": {"zone_id": "0202Q66KKIAAV6BNIXNCB6", "tract_id": "06037127606", "city": "VAN NUYS, CA", "zone_code": "R1-1", "zone_category": "Residential", "ev_permitted": false}, "geometry": {"type": "Polygon", "coordinates": [[[-118.481380692406, 34.192509161124], [-118.481050007069, 34.1925094324444], [-118.481050170053, 34.1926468269284], [-118.481380886935, 34.1926465554841], [-118.481380692406, 34.192509161124]]]}}, {"type": "Feature", "properties": {"zone_id": "0203T2JYGJLLRXO8RZ6H78", "tract_id": "06037127606", "city": "VAN NUYS, CA", "zone_code": "R3-1", "zone_category": "Residential", "ev_permitted": false}, "geometry": {"type": "Polygon", "coordinates": [[[-118.480554486738, 34.1933341515297], [-118.480058488807, 34.1933345271654], [-118.480059076013, 34.193793424557], [-118.480555111804, 34.1937930487793], [-118.480554486738, 34.1933341515297]]]}}, {"type": "Feature", "properties": {"zone_id": "02016SAQYI7K9OL08G4ONR", "tract_id": "06037127606", "city": "VAN NUYS, CA", "zone_code": "R3-1", "zone_category": "Residential", "ev_permitted": false}, "geometry": {"type": "Polygon", "coordinates": [[[-118.48071983104, 34.1933340166598], [-118.480554486738, 34.1933341515297], [-118.480555123465, 34.1938011825246], [-118.480720469166, 34.1938011300891], [-118.48071983104, 34.1933340166598]]]}}, {"type": "Feature", "properties": {"zone_id": "0207C9ON04LTS4XWRQT5C0", "tract_id": "06037127606", "city": "VAN NUYS, CA", "zone_code": "R3-1", "zone_category": "Residential", "ev_permitted": false}, "geometry": {"type": "Polygon", "coordinates": [[[-118.480637278809, 34.1930593243007], [-118.480388818641, 34.193059497203], [-118.480389142436, 34.1933342861735], [-118.480637646814, 34.1933341113808], [-118.480637278809, 34.1930593243007]]]}}, {"type": "Feature", "properties": {"zone_id": "0204LANKS1GK7CYL76MKL5", "tract_id": "06037127606", "city": "VAN NUYS, CA", "zone_code": "R3-1", "zone_category": "Residential", "ev_permitted": false}, "geometry": {"type": "Polygon", "coordinates": [[[-118.48038901774, 34.1931968915405], [-118.47939671762, 34.1931976406334], [-118.479396915088, 34.1933350349726], [-118.480389142436, 34.1933342861735], [-118.48038901774, 34.1931968915405]]]}}, {"type": "Feature", "properties": {"zone_id": "0200LE0BYT48GHE8XFGBV7", "tract_id": "06037127606", "city": "VAN NUYS, CA", "zone_code": "R2-1", "zone_category": "Residential", "ev_permitted": false}, "geometry": {"type": "Polygon", "coordinates": [[[-118.480388818641, 34.193059497203], [-118.479396557513, 34.1930602736253], [-118.47939671762, 34.1931976406334], [-118.48038901774, 34.1931968915405], [-118.480388818641, 34.193059497203]]]}}, {"type": "Feature", "properties": {"zone_id": "02057YSAW75TI8AN7B750Y", "tract_id": "06037127606", "city": "VAN NUYS, CA", "zone_code": "R3-1", "zone_category": "Residential", "ev_permitted": false}, "geometry": {"type": "Polygon", "coordinates": [[[-118.480058488807, 34.1933345271654], [-118.479727800199, 34.1933347948711], [-118.47972838543, 34.193793664786], [-118.480059076013, 34.193793424557], [-118.480058488807, 34.1933345271654]]]}}, {"type": "Feature", "properties": {"zone_id": "02011AN0ZILFL0ZLFC14CP", "tract_id": "06037127606", "city": "VAN NUYS, CA", "zone_code": "R3-1", "zone_category": "Residential", "ev_permitted": false}, "geometry": {"type": "Polygon", "coordinates": [[[-118.479727800199, 34.1933347948711], [-118.479396915088, 34.1933350349726], [-118.479397508771, 34.1938021760347], [-118.479728397642, 34.193801908445], [-118.479727800199, 34.1933347948711]]]}}, {"type": "Feature", "properties": {"zone_id": "0207NHCEIASW5V1Y1KKJA4", "tract_id": "06037127606", "city": "VAN NUYS, CA", "zone_code": "R2-1", "zone_category": "Residential", "ev_permitted": false}, "geometry": {"type": "Polygon", "coordinates": [[[-118.480388461938, 34.1927847358425], [-118.479396203916, 34.1927854847835], [-118.479396242075, 34.1928267031687], [-118.479905664851, 34.1928263044555], [-118.479905759124, 34.1929175344443], [-118.479824707801, 34.1929176086631], [-118.479824897183, 34.1930599492607], [-118.480388818641, 34.193059497203], [-118.480388461938, 34.1927847358425]]]}}, {"type": "Feature", "properties": {"zone_id": "0206RV9BVKLN2YBRUGEPRB", "tract_id": "06037127606", "city": "VAN NUYS, CA", "zone_code": "R2-1", "zone_category": "Residential", "ev_permitted": false}, "geometry": {"type": "Polygon", "coordinates": [[[-118.480388266816, 34.1926473140105], [-118.479396012652, 34.1926480904201], [-118.479396203916, 34.1927854847835], [-118.480388461938, 34.1927847358425], [-118.480388266816, 34.1926473140105]]]}}, {"type": "Feature", "properties": {"zone_id": "02025W0813W0HEC5GSI6EH", "tract_id": "06037127606", "city": "VAN NUYS, CA", "zone_code": "R2-1", "zone_category": "Residential", "ev_permitted": false}, "geometry": {"type": "Polygon", "coordinates": [[[-118.480388072011, 34.1925099471354], [-118.479395852389, 34.192510695934], [-118.479396012652, 34.1926480904201], [-118.480388266816, 34.1926473140105], [-118.480388072011, 34.1925099471354]]]}}, {"type": "Feature", "properties": {"zone_id": "02037W9S7U07TZU3VDSSTD", "tract_id": "06037127606", "city": "VAN NUYS, CA", "zone_code": "R2-1", "zone_category": "Residential", "ev_permitted": false}, "geometry": {"type": "Polygon", "coordinates": [[[-118.479905664851, 34.1928263044555], [-118.479396242075, 34.1928267031687], [-118.479396557513, 34.1930602736253], [-118.479824897183, 34.1930599492607], [-118.479824707801, 34.1929176086631], [-118.479905759124, 34.1929175344443], [-118.479905664851, 34.1928263044555]]]}}, {"type": "Feature", "properties": {"zone_id": "0201GMSQ7LLJ38DSY4C4PD", "tract_id": "06037127606", "city": "VAN NUYS, CA", "zone_code": "R1-1", "zone_category": "Residential", "ev_permitted": false}, "geometry": {"type": "Polygon", "coordinates": [[[-118.481380069459, 34.1919596105461], [-118.480387358301, 34.1919603694598], [-118.480387717221, 34.1922351582892], [-118.481380429579, 34.1922343993808], [-118.481380069459, 34.1919596105461]]]}}, {"type": "Feature", "properties": {"zone_id": "0202E95N9Z12KKTR772VXY", "tract_id": "06037127606", "city": "VAN NUYS, CA", "zone_code": "R1-1", "zone_category": "Residential", "ev_permitted": false}, "geometry": {"type": "Polygon", "coordinates": [[[-118.481380429579, 34.1922343993808], [-118.481132416323, 34.1922345909335], [-118.481132678404, 34.1925093646991], [-118.481380692406, 34.192509161124], [-118.481380429579, 34.1922343993808]]]}}, {"type": "Feature", "properties": {"zone_id": "0202T703VP7C89YUVQK3X3", "tract_id": "06037127606", "city": "VAN NUYS, CA", "zone_code": "R1-1", "zone_category": "Residential", "ev_permitted": false}, "geometry": {"type": "Polygon", "coordinates": [[[-118.480884403057, 34.1922347802603], [-118.48063638979, 34.1922349690785], [-118.480636650307, 34.192509754867], [-118.480884664371, 34.1925095626134], [-118.480884403057, 34.1922347802603]]]}}, {"type": "Feature", "properties": {"zone_id": "0203PUG7VULAKQ4FD3EOGT", "tract_id": "06037127606", "city": "VAN NUYS, CA", "zone_code": "R1-1", "zone_category": "Residential", "ev_permitted": false}, "geometry": {"type": "Polygon", "coordinates": [[[-118.481132416323, 34.1922345909335], [-118.480884403057, 34.1922347802603], [-118.480884664371, 34.1925095626134], [-118.481132678404, 34.1925093646991], [-118.481132416323, 34.1922345909335]]]}}, {"type": "Feature", "properties": {"zone_id": "0202TIPLMAF3BWD9PNIMK6", "tract_id": "06037127606", "city": "VAN NUYS, CA", "zone_code": "R1-1", "zone_category": "Residential", "ev_permitted": false}, "geometry": {"type": "Polygon", "coordinates": [[[-118.480870199636, 34.191410436746], [-118.480386677825, 34.1914108191329], [-118.480386839874, 34.1915482410953], [-118.480820131761, 34.1915478660296], [-118.480920044486, 34.1916302356667], [-118.481379692293, 34.1916298637263], [-118.481379640111, 34.1915749058807], [-118.480956367557, 34.1915752431128], [-118.480870307617, 34.1915038650051], [-118.480870199636, 34.191410436746]]]}}, {"type": "Feature", "properties": {"zone_id": "0206DMNX722D5M4GEXWEVY", "tract_id": "06037127606", "city": "VAN NUYS, CA", "zone_code": "R1-1", "zone_category": "Residential", "ev_permitted": false}, "geometry": {"type": "Polygon", "coordinates": [[[-118.480820131761, 34.1915478660296], [-118.480386839874, 34.1915482410953], [-118.480387001607, 34.191685608101], [-118.481379742409, 34.1916848215803], [-118.481379692293, 34.1916298637263], [-118.480920044486, 34.1916302356667], [-118.480820131761, 34.1915478660296]]]}}, {"type": "Feature", "properties": {"zone_id": "0204HY4PQCTAVS9X6ZJS9G", "tract_id": "06037127606", "city": "VAN NUYS, CA", "zone_code": "R1-1", "zone_category": "Residential", "ev_permitted": false}, "geometry": {"type": "Polygon", "coordinates": [[[-118.481049060336, 34.1916850928981], [-118.480387001607, 34.191685608101], [-118.480387196566, 34.1918230024539], [-118.481033584064, 34.191822494617], [-118.481137324971, 34.1919213637482], [-118.48138001309, 34.1919211401331], [-118.481379989789, 34.1918826695883], [-118.48115836828, 34.1918828643665], [-118.481049170259, 34.1917788234196], [-118.481049060336, 34.1916850928981]]]}}, {"type": "Feature", "properties": {"zone_id": "0206D99HNJRKIZVOJQOGMF", "tract_id": "06037127606", "city": "VAN NUYS, CA", "zone_code": "R1-1", "zone_category": "Residential", "ev_permitted": false}, "geometry": {"type": "Polygon", "coordinates": [[[-118.481033584064, 34.191822494617], [-118.480387196566, 34.1918230024539], [-118.480387358301, 34.1919603694598], [-118.481380069459, 34.1919596105461], [-118.48138001309, 34.1919211401331], [-118.481137324971, 34.1919213637482], [-118.481033584064, 34.191822494617]]]}}, {"type": "Feature", "properties": {"zone_id": "020505ZBDIRDVHQKFQJWR4", "tract_id": "06037127606", "city": "VAN NUYS, CA", "zone_code": "R1-1", "zone_category": "Residential", "ev_permitted": false}, "geometry": {"type": "Polygon", "coordinates": [[[-118.481379742409, 34.1916848215803], [-118.481049060336, 34.1916850928981], [-118.481049170259, 34.1917788234196], [-118.48115836828, 34.1918828643665], [-118.481379989789, 34.1918826695883], [-118.481379742409, 34.1916848215803]]]}}, {"type": "Feature", "properties": {"zone_id": "0204H4O3IKMLTOWHARAR4K", "tract_id": "06037127606", "city": "VAN NUYS, CA", "zone_code": "R1-1", "zone_category": "Residential", "ev_permitted": false}, "geometry": {"type": "Polygon", "coordinates": [[[-118.481379448587, 34.1914100599617], [-118.480870199636, 34.191410436746], [-118.480870307617, 34.1915038650051], [-118.480956367557, 34.1915752431128], [-118.481379640111, 34.1915749058807], [-118.481379448587, 34.1914100599617]]]}}, {"type": "Feature", "properties": {"zone_id": "0202VNDXMA2FUMMZ17W67B", "tract_id": "06037127606", "city": "VAN NUYS, CA", "zone_code": "R1-1", "zone_category": "Residential", "ev_permitted": false}, "geometry": {"type": "Polygon", "coordinates": [[[-118.48063638979, 34.1922349690785], [-118.480387717221, 34.1922351582892], [-118.480388072011, 34.1925099471354], [-118.480636650307, 34.192509754867], [-118.48063638979, 34.1922349690785]]]}}, {"type": "Feature", "properties": {"zone_id": "0206ZZ4GJEF3AWK6E20S5N", "tract_id": "06037127606", "city": "VAN NUYS, CA", "zone_code": "R2-1", "zone_category": "Residential", "ev_permitted": false}, "geometry": {"type": "Polygon", "coordinates": [[[-118.480387910116, 34.1923725526507], [-118.479736262316, 34.1923730229245], [-118.479736407329, 34.1924554869025], [-118.479395766376, 34.1924557382264], [-118.479395852389, 34.192510695934], [-118.480388072011, 34.1925099471354], [-118.480387910116, 34.1923725526507]]]}}, {"type": "Feature", "properties": {"zone_id": "0201PEDFDTTAXV9ZXRGNIS", "tract_id": "06037127606", "city": "VAN NUYS, CA", "zone_code": "R2-1", "zone_category": "Residential", "ev_permitted": false}, "geometry": {"type": "Polygon", "coordinates": [[[-118.480387358301, 34.1919603694598], [-118.479395143298, 34.1919611457391], [-118.479395496888, 34.1922359345796], [-118.480387717221, 34.1922351582892], [-118.480387358301, 34.1919603694598]]]}}, {"type": "Feature", "properties": {"zone_id": "02044TK8XH6BMYLBL71KLX", "tract_id": "06037127606", "city": "VAN NUYS, CA", "zone_code": "RIO", "zone_category": "Other", "ev_permitted": false}, "geometry": {"type": "Polygon", "coordinates": [[[-118.480387717221, 34.1922351582892], [-118.479395496888, 34.1922359345796], [-118.479395547607, 34.192290864948], [-118.479736152911, 34.1922906412425], [-118.479736262316, 34.1923730229245], [-118.480387910116, 34.1923725526507], [-118.480387717221, 34.1922351582892]]]}}, {"type": "Feature", "properties": {"zone_id": "0200DT766G8EP415ZJ2P1T", "tract_id": "06037127606", "city": "VAN NUYS, CA", "zone_code": "R2-1", "zone_category": "Residential", "ev_permitted": false}, "geometry": {"type": "Polygon", "coordinates": [[[-118.479736152911, 34.1922906412425], [-118.479395547607, 34.192290864948], [-118.479395766376, 34.1924557382264], [-118.479736407329, 34.1924554869025], [-118.479736152911, 34.1922906412425]]]}}, {"type": "Feature", "properties": {"zone_id": "0205KVRUNOZ06XQC99E9JB", "tract_id": "06037127606", "city": "VAN NUYS, CA", "zone_code": "R2-1", "zone_category": "Residential", "ev_permitted": false}, "geometry": {"type": "Polygon", "coordinates": [[[-118.480386938003, 34.1916396909021], [-118.48035939159, 34.1916856078312], [-118.480387001607, 34.191685608101], [-118.480386938003, 34.1916396909021]]]}}, {"type": "Feature", "properties": {"zone_id": "0201RAPSYCNRCYGMJ3BHJM", "tract_id": "06037127606", "city": "VAN NUYS, CA", "zone_code": "RIO", "zone_category": "Other", "ev_permitted": false}, "geometry": {"type": "Polygon", "coordinates": [[[-118.480386839874, 34.1915482410953], [-118.479807917385, 34.1915486427719], [-118.47980785212, 34.1916585316505], [-118.479394764272, 34.1916588779757], [-118.479394756643, 34.1916863570301], [-118.48035939159, 34.1916856078312], [-118.480386938003, 34.1916396909021], [-118.480386839874, 34.1915482410953]]]}}, {"type": "Feature", "properties": {"zone_id": "0207LSIVI8YQVPC55G4H80", "tract_id": "06037127606", "city": "VAN NUYS, CA", "zone_code": "R2-1", "zone_category": "Residential", "ev_permitted": false}, "geometry": {"type": "Polygon", "coordinates": [[[-118.48035939159, 34.1916856078312], [-118.479394756643, 34.1916863570301], [-118.479394952037, 34.1918237513764], [-118.480056282312, 34.1918232444985], [-118.480056476728, 34.191960638852], [-118.480387358301, 34.1919603694598], [-118.480387001607, 34.191685608101], [-118.48035939159, 34.1916856078312]]]}}, {"type": "Feature", "properties": {"zone_id": "0200P3I6HIB5111XAKDAUV", "tract_id": "06037127606", "city": "VAN NUYS, CA", "zone_code": "R2-1", "zone_category": "Residential", "ev_permitted": false}, "geometry": {"type": "Polygon", "coordinates": [[[-118.480056282312, 34.1918232444985], [-118.479394952037, 34.1918237513764], [-118.479395143298, 34.1919611457391], [-118.480056476728, 34.191960638852], [-118.480056282312, 34.1918232444985]]]}}, {"type": "Feature", "properties": {"zone_id": "0201WOE2YCPC3XO5YSRB0S", "tract_id": "06037127606", "city": "VAN NUYS, CA", "zone_code": "R2-1", "zone_category": "Residential", "ev_permitted": false}, "geometry": {"type": "Polygon", "coordinates": [[[-118.480386677825, 34.1914108191329], [-118.479394405125, 34.1914115681822], [-118.479394428496, 34.1914390471137], [-118.479650541101, 34.1914388561956], [-118.479708955855, 34.1915050138734], [-118.479807917385, 34.1915486427719], [-118.480386839874, 34.1915482410953], [-118.480386677825, 34.1914108191329]]]}}, {"type": "Feature", "properties": {"zone_id": "02073YQLCPZ39XPMIA921P", "tract_id": "06037127606", "city": "VAN NUYS, CA", "zone_code": "R2-1", "zone_category": "Residential", "ev_permitted": false}, "geometry": {"type": "Polygon", "coordinates": [[[-118.479650541101, 34.1914388561956], [-118.479394428496, 34.1914390471137], [-118.479394764272, 34.1916588779757], [-118.47980785212, 34.1916585316505], [-118.479807917385, 34.1915486427719], [-118.479708955855, 34.1915050138734], [-118.479650541101, 34.1914388561956]]]}}, {"type": "Feature", "properties": {"zone_id": "0206R9UH6D9LU4A1QFSUAU", "tract_id": "06037127606", "city": "VAN NUYS, CA", "zone_code": "R3-1", "zone_category": "Residential", "ev_permitted": false}, "geometry": {"type": "Polygon", "coordinates": [[[-118.479198501889, 34.1933351891238], [-118.478867813276, 34.1933354544786], [-118.478868403842, 34.1938025680648], [-118.479132956307, 34.1938023723391], [-118.479144463973, 34.1938015090765], [-118.479155615664, 34.1937990063237], [-118.479166072653, 34.1937949401011], [-118.479175517309, 34.1937894339188], [-118.479183662756, 34.1937826550254], [-118.479190261576, 34.1937748093277], [-118.479195113332, 34.1937661351364], [-118.479198070654, 34.1937568959275], [-118.479199043714, 34.1937473723395], [-118.479198501889, 34.1933351891238]]]}}, {"type": "Feature", "properties": {"zone_id": "0207O9MVKHWOUPPDBTK0YT", "tract_id": "06037127606", "city": "VAN NUYS, CA", "zone_code": "R3-1", "zone_category": "Residential", "ev_permitted": false}, "geometry": {"type": "Polygon", "coordinates": [[[-118.478867813276, 34.1933354544786], [-118.478702468831, 34.1933355627734], [-118.47870305861, 34.193802700404], [-118.478868403842, 34.1938025680648], [-118.478867813276, 34.1933354544786]]]}}, {"type": "Feature", "properties": {"zone_id": "0203WLWSX35QYDF1RMZKBT", "tract_id": "06037127606", "city": "VAN NUYS, CA", "zone_code": "R3-1", "zone_category": "Residential", "ev_permitted": false}, "geometry": {"type": "Polygon", "coordinates": [[[-118.479198304748, 34.1931977947842], [-118.478735376459, 34.1931981439053], [-118.478735537704, 34.1933355383846], [-118.479198501889, 34.1933351891238], [-118.479198304748, 34.1931977947842]]]}}, {"type": "Feature", "properties": {"zone_id": "0206KVG7NW5C70BEBYUNC8", "tract_id": "06037127606", "city": "VAN NUYS, CA", "zone_code": "R1-1", "zone_category": "Residential", "ev_permitted": false}, "geometry": {"type": "Polygon", "coordinates": [[[-118.479198178035, 34.1930604276448], [-118.478751716697, 34.193060766555], [-118.478751910879, 34.1931981334249], [-118.479198304748, 34.1931977947842], [-118.479198178035, 34.1930604276448]]]}}, {"type": "Feature", "properties": {"zone_id": "0200WE675DPIP5J5TZUD24", "tract_id": "06037127606", "city": "VAN NUYS, CA", "zone_code": "R3-1", "zone_category": "Residential", "ev_permitted": false}, "geometry": {"type": "Polygon", "coordinates": [[[-118.478702468831, 34.1933355627734], [-118.478537124513, 34.1933356931683], [-118.478537746446, 34.1938028323863], [-118.47870305861, 34.193802700404], [-118.478702468831, 34.1933355627734]]]}}, {"type": "Feature", "properties": {"zone_id": "02041IRG159DT9UOJ3HWDB", "tract_id": "06037127606", "city": "VAN NUYS, CA", "zone_code": "R3-1", "zone_category": "Residential", "ev_permitted": false}, "geometry": {"type": "Polygon", "coordinates": [[[-118.478537124513, 34.1933356931683], [-118.478371780194, 34.1933358233373], [-118.478372401055, 34.1938029367952], [-118.478537746446, 34.1938028323863], [-118.478537124513, 34.1933356931683]]]}}, {"type": "Feature", "properties": {"zone_id": "02056720VXM5MCQC60U06P", "tract_id": "06037127606", "city": "VAN NUYS, CA", "zone_code": "R3-1", "zone_category": "Residential", "ev_permitted": false}, "geometry": {"type": "Polygon", "coordinates": [[[-118.478313061919, 34.1931481264938], [-118.478294770104, 34.1931605784265], [-118.478274396387, 34.1931705772328], [-118.478252417427, 34.1931778889836], [-118.47822934744, 34.1931823426157], [-118.478205726166, 34.1931838339331], [-118.478206436514, 34.1933360649113], [-118.478735537704, 34.1933355383846], [-118.478735376459, 34.1931981439053], [-118.478371683618, 34.193198428604], [-118.478313061919, 34.1931481264938]]]}}, {"type": "Feature", "properties": {"zone_id": "02075M4P08YLFL5LTULVPR", "tract_id": "06037127606", "city": "VAN NUYS, CA", "zone_code": "R3-1", "zone_category": "Residential", "ev_permitted": false}, "geometry": {"type": "Polygon", "coordinates": [[[-118.478371780194, 34.1933358233373], [-118.478206436514, 34.1933360649113], [-118.478207022753, 34.1938030685871], [-118.478372401055, 34.1938029367952], [-118.478371780194, 34.1933358233373]]]}}, {"type": "Feature", "properties": {"zone_id": "0203O70JSLBNORJ6CC5ODO", "tract_id": "06037127606", "city": "VAN NUYS, CA", "zone_code": "R3-1", "zone_category": "Residential", "ev_permitted": false}, "geometry": {"type": "Polygon", "coordinates": [[[-118.478041091418, 34.1933360589536], [-118.478041679291, 34.1937977316898], [-118.478207024357, 34.1937975727762], [-118.478206436514, 34.1933360649113], [-118.478041091418, 34.1933360589536]]]}}, {"type": "Feature", "properties": {"zone_id": "0202DPNTNM4NBIY14M283M", "tract_id": "06037127606", "city": "VAN NUYS, CA", "zone_code": "R1-1", "zone_category": "Residential", "ev_permitted": false}, "geometry": {"type": "Polygon", "coordinates": [[[-118.478751716697, 34.193060766555], [-118.47836097614, 34.1930610483537], [-118.478358027162, 34.1930804745397], [-118.478351576538, 34.193099312203], [-118.478341771266, 34.1931171320647], [-118.478328834793, 34.1931335280404], [-118.478313061919, 34.1931481264938], [-118.478371683618, 34.193198428604], [-118.478751910879, 34.1931981334249], [-118.478751716697, 34.193060766555]]]}}, {"type": "Feature", "properties": {"zone_id": "020175JQVWBSLRH1K3JRIY", "tract_id": "06037127606", "city": "VAN NUYS, CA", "zone_code": "R3-1", "zone_category": "Residential", "ev_permitted": false}, "geometry": {"type": "Polygon", "coordinates": [[[-118.478072796516, 34.1931215972778], [-118.477911881433, 34.1932426736887], [-118.477911986422, 34.1933361569083], [-118.478206436514, 34.1933360649113], [-118.478205726166, 34.1931838339331], [-118.478179242674, 34.1931819336319], [-118.478153539197, 34.1931763245768], [-118.478129369132, 34.1931671711744], [-118.478107440929, 34.1931547417199], [-118.478088397327, 34.1931394005325], [-118.478072796516, 34.1931215972778]]]}}, {"type": "Feature", "properties": {"zone_id": "0201HVOVR1FG0IQG7S2Y91", "tract_id": "06037127606", "city": "VAN NUYS, CA", "zone_code": "RIO", "zone_category": "Other", "ev_permitted": false}, "geometry": {"type": "Polygon", "coordinates": [[[-118.479197792023, 34.1927856389335], [-118.478701663004, 34.1927860095379], [-118.478701722921, 34.1929234044178], [-118.479197951961, 34.1929230334201], [-118.479197792023, 34.1927856389335]]]}}, {"type": "Feature", "properties": {"zone_id": "0204KR8IRARDQ8P5FLTT3K", "tract_id": "06037127606", "city": "VAN NUYS, CA", "zone_code": "R1-1", "zone_category": "Residential", "ev_permitted": false}, "geometry": {"type": "Polygon", "coordinates": [[[-118.479197951961, 34.1929230334201], [-118.478701722921, 34.1929234044178], [-118.478701782839, 34.1930607992977], [-118.479198178035, 34.1930604276448], [-118.479197951961, 34.1929230334201]]]}}, {"type": "Feature", "properties": {"zone_id": "0202F43U2FGO8IPH8K5GHD", "tract_id": "06037127606", "city": "VAN NUYS, CA", "zone_code": "R1-1", "zone_category": "Residential", "ev_permitted": false}, "geometry": {"type": "Polygon", "coordinates": [[[-118.479197441937, 34.1925109874753], [-118.478750917084, 34.1925112716877], [-118.478750978084, 34.1925799690049], [-118.479197536372, 34.1925796846612], [-118.479197441937, 34.1925109874753]]]}}, {"type": "Feature", "properties": {"zone_id": "02051UK1IPLXQFYJWKYQ5L", "tract_id": "06037127606", "city": "VAN NUYS, CA", "zone_code": "R1-1", "zone_category": "Residential", "ev_permitted": false}, "geometry": {"type": "Polygon", "coordinates": [[[-118.479197536372, 34.1925796846612], [-118.478750978084, 34.1925799690049], [-118.478751266017, 34.1927859781039], [-118.479197792023, 34.1927856389335], [-118.479197536372, 34.1925796846612]]]}}, {"type": "Feature", "properties": {"zone_id": "0200S8XE9KT03K1IEX7VXR", "tract_id": "06037127606", "city": "VAN NUYS, CA", "zone_code": "R1-1", "zone_category": "Residential", "ev_permitted": false}, "geometry": {"type": "Polygon", "coordinates": [[[-118.478750978084, 34.1925799690049], [-118.478205379193, 34.192580286049], [-118.478205600117, 34.192786377846], [-118.478751266017, 34.1927859781039], [-118.478750978084, 34.1925799690049]]]}}, {"type": "Feature", "properties": {"zone_id": "0205UGWCBA9R87V13TMV1S", "tract_id": "06037127606", "city": "VAN NUYS, CA", "zone_code": "RIO", "zone_category": "Other", "ev_permitted": false}, "geometry": {"type": "Polygon", "coordinates": [[[-118.478701722921, 34.1929234044178], [-118.47830605586, 34.1929237055376], [-118.478310005674, 34.1929402123737], [-118.478316527914, 34.1929561511564], [-118.478325510857, 34.1929712488667], [-118.478336800634, 34.1929852468932], [-118.478348070473, 34.1930028165722], [-118.478355965802, 34.1930216033016], [-118.478360301567, 34.1930411667432], [-118.47836097614, 34.1930610483537], [-118.478701782839, 34.1930607992977], [-118.478701722921, 34.1929234044178]]]}}, {"type": "Feature", "properties": {"zone_id": "020265SRO67J1ZBT79F69N", "tract_id": "06037127606", "city": "VAN NUYS, CA", "zone_code": "R1-1", "zone_category": "Residential", "ev_permitted": false}, "geometry": {"type": "Polygon", "coordinates": [[[-118.478701663004, 34.1927860095379], [-118.478304874347, 34.192786315095], [-118.478304909249, 34.1929082668605], [-118.47830605586, 34.1929237055376], [-118.478701722921, 34.1929234044178], [-118.478701663004, 34.1927860095379]]]}}, {"type": "Feature", "properties": {"zone_id": "0203OB7H1LER4F7GJHVG4I", "tract_id": "06037127606", "city": "VAN NUYS, CA", "zone_code": "R1-1", "zone_category": "Residential", "ev_permitted": false}, "geometry": {"type": "Polygon", "coordinates": [[[-118.478750785282, 34.1924082258716], [-118.478304364315, 34.1924085080267], [-118.478304584976, 34.1925802235678], [-118.478750978084, 34.1925799690049], [-118.478750785282, 34.1924082258716]]]}}, {"type": "Feature", "properties": {"zone_id": "0204FC5ZCWDGIWT20DZCRR", "tract_id": "06037127606", "city": "VAN NUYS, CA", "zone_code": "R1-1", "zone_category": "Residential", "ev_permitted": false}, "geometry": {"type": "Polygon", "coordinates": [[[-118.478205379193, 34.192580286049], [-118.478195458647, 34.1925802977883], [-118.478195712614, 34.1927863894546], [-118.478205600117, 34.192786377846], [-118.478205379193, 34.192580286049]]]}}, {"type": "Feature", "properties": {"zone_id": "02021TQOYGE8E5RYXZ00UB", "tract_id": "06037127606", "city": "VAN NUYS, CA", "zone_code": "R1-1", "zone_category": "Residential", "ev_permitted": false}, "geometry": {"type": "Polygon", "coordinates": [[[-118.47830453777, 34.1925719800476], [-118.478205398134, 34.1925720422673], [-118.478205379193, 34.192580286049], [-118.478304584976, 34.1925802235678], [-118.47830453777, 34.1925719800476]]]}}, {"type": "Feature", "properties": {"zone_id": "0203YATLGJLS6LCERB9V6A", "tract_id": "06037127606", "city": "VAN NUYS, CA", "zone_code": "R3-1", "zone_category": "Residential", "ev_permitted": false}, "geometry": {"type": "Polygon", "coordinates": [[[-118.478041091418, 34.1933360589536], [-118.477316781943, 34.1933366109397], [-118.477317287209, 34.1937432984671], [-118.477318085221, 34.1937518759846], [-118.477320496588, 34.1937602444542], [-118.477324461864, 34.193768197572], [-118.477329883295, 34.1937755392737], [-118.477336627229, 34.1937820885682], [-118.477344527411, 34.1937876839988], [-118.477353389082, 34.1937921876245], [-118.477362993778, 34.1937954884195], [-118.477373104721, 34.1937975050111], [-118.477383472649, 34.1937981876854], [-118.478041679291, 34.1937977316898], [-118.478041091418, 34.1933360589536]]]}}, {"type": "Feature", "properties": {"zone_id": "0204SV5J16LLSBN45QDT7N", "tract_id": "06037127606", "city": "VAN NUYS, CA", "zone_code": "R1-1", "zone_category": "Residential", "ev_permitted": false}, "geometry": {"type": "Polygon", "coordinates": [[[-118.478051110034, 34.1930418839028], [-118.477666919752, 34.1930422474893], [-118.477667089808, 34.1931879955508], [-118.477898571338, 34.1931877957082], [-118.478056786555, 34.193091543542], [-118.478052309717, 34.1930752390268], [-118.478050406994, 34.1930585935274], [-118.478051110034, 34.1930418839028]]]}}, {"type": "Feature", "properties": {"zone_id": "0202C53P7DP449J0C2V01L", "tract_id": "06037127606", "city": "VAN NUYS, CA", "zone_code": "R3-1", "zone_category": "Residential", "ev_permitted": false}, "geometry": {"type": "Polygon", "coordinates": [[[-118.478056786555, 34.193091543542], [-118.477898571338, 34.1931877957082], [-118.477626580313, 34.1931879906341], [-118.477626802586, 34.1933363764756], [-118.477911986422, 34.1933361569083], [-118.477911881433, 34.1932426736887], [-118.478072796516, 34.1931215972778], [-118.478063619359, 34.1931069976311], [-118.478056786555, 34.193091543542]]]}}, {"type": "Feature", "properties": {"zone_id": "0207L5NATS8V5ZWFI07V8D", "tract_id": "06037127606", "city": "VAN NUYS, CA", "zone_code": "R3-1", "zone_category": "Residential", "ev_permitted": false}, "geometry": {"type": "Polygon", "coordinates": [[[-118.477626580313, 34.1931879906341], [-118.477316595356, 34.193188224959], [-118.477316781943, 34.1933366109397], [-118.477626802586, 34.1933363764756], [-118.477626580313, 34.1931879906341]]]}}, {"type": "Feature", "properties": {"zone_id": "0200F7RUILRB1V20E7D5NW", "tract_id": "06037127606", "city": "VAN NUYS, CA", "zone_code": "R3-1", "zone_category": "Residential", "ev_permitted": false}, "geometry": {"type": "Polygon", "coordinates": [[[-118.476749576559, 34.1932780366742], [-118.47641885494, 34.1932782679861], [-118.476419297608, 34.1937961358636], [-118.47674998821, 34.1937959046809], [-118.476749576559, 34.1932780366742]]]}}, {"type": "Feature", "properties": {"zone_id": "0202RJHULBLLMVTRKJ8H95", "tract_id": "06037127606", "city": "VAN NUYS, CA", "zone_code": "RD1.5-1", "zone_category": "Residential", "ev_permitted": false}, "geometry": {"type": "Polygon", "coordinates": [[[-118.477131637407, 34.1933037894753], [-118.476749592815, 34.193304059243], [-118.476749756645, 34.1934826722334], [-118.477131830831, 34.1934823748727], [-118.477131637407, 34.1933037894753]]]}}, {"type": "Feature", "properties": {"zone_id": "02054ELI8TCXEB63FKMFZA", "tract_id": "06037127606", "city": "VAN NUYS, CA", "zone_code": "RD1.5-1", "zone_category": "Residential", "ev_permitted": false}, "geometry": {"type": "Polygon", "coordinates": [[[-118.477131830831, 34.1934823748727], [-118.476749756645, 34.1934826722334], [-118.476749842287, 34.1936200670007], [-118.477131954304, 34.1936197694929], [-118.477131830831, 34.1934823748727]]]}}, {"type": "Feature", "properties": {"zone_id": "0202F7BTS06HH6WTIC8S8D", "tract_id": "06037127606", "city": "VAN NUYS, CA", "zone_code": "R1-1", "zone_category": "Residential", "ev_permitted": false}, "geometry": {"type": "Polygon", "coordinates": [[[-118.477131480868, 34.1931663949857], [-118.476749470129, 34.193166692101], [-118.476749592815, 34.193304059243], [-118.477131637407, 34.1933037894753], [-118.477131480868, 34.1931663949857]]]}}, {"type": "Feature", "properties": {"zone_id": "0204AAGWIGC16P90YZJYZ5", "tract_id": "06037127606", "city": "VAN NUYS, CA", "zone_code": "R1-1", "zone_category": "Residential", "ev_permitted": false}, "geometry": {"type": "Polygon", "coordinates": [[[-118.477131291261, 34.1930290006266], [-118.476749382265, 34.1930292698638], [-118.476749470129, 34.193166692101], [-118.477131480868, 34.1931663949857], [-118.477131291261, 34.1930290006266]]]}}, {"type": "Feature", "properties": {"zone_id": "0206G2EE4RMPR7U3XTY8U9", "tract_id": "06037127606", "city": "VAN NUYS, CA", "zone_code": "R1-1", "zone_category": "Residential", "ev_permitted": false}, "geometry": {"type": "Polygon", "coordinates": [[[-118.476502026709, 34.1930295849989], [-118.476484857897, 34.1930447368487], [-118.476464852654, 34.1930572842765], [-118.476442580979, 34.1930668697762], [-118.476418677448, 34.1930732202344], [-118.47641885494, 34.1932782679861], [-118.476749576559, 34.1932780366742], [-118.476749492636, 34.1931818604318], [-118.476502026709, 34.1930295849989]]]}}, {"type": "Feature", "properties": {"zone_id": "0204EYMJKQDPCTUA8WRNYL", "tract_id": "06037127606", "city": "VAN NUYS, CA", "zone_code": "R1-1", "zone_category": "Residential", "ev_permitted": false}, "geometry": {"type": "Polygon", "coordinates": [[[-118.478057353394, 34.1928962753674], [-118.477666748415, 34.1928966368279], [-118.477666919752, 34.1930422474893], [-118.478051110034, 34.1930418839028], [-118.478056096286, 34.1930199444413], [-118.478065494231, 34.1929990178232], [-118.478079033406, 34.1929797062952], [-118.478096324168, 34.1929625656235], [-118.478100877487, 34.1929566593015], [-118.478104156775, 34.1929502008162], [-118.478106067441, 34.1929433764624], [-118.478106554372, 34.1929363830885], [-118.478105603523, 34.1929294224181], [-118.47810324232, 34.1929226952317], [-118.478099538872, 34.1929163955749], [-118.478094600007, 34.1929107051614], [-118.478088568184, 34.1929057881311], [-118.478073948125, 34.1928988151481], [-118.478057353394, 34.1928962753674]]]}}, {"type": "Feature", "properties": {"zone_id": "0200IK6K1Z08K6RFMZ8L3Z", "tract_id": "06037127606", "city": "VAN NUYS, CA", "zone_code": "RIO", "zone_category": "Other", "ev_permitted": false}, "geometry": {"type": "Polygon", "coordinates": [[[-118.477666748415, 34.1928966368279], [-118.47749148439, 34.1928967792061], [-118.477491825015, 34.1931881104512], [-118.477667089808, 34.1931879955508], [-118.477666748415, 34.1928966368279]]]}}, {"type": "Feature", "properties": {"zone_id": "02002WPVYHU9IM6908INZ2", "tract_id": "06037127606", "city": "VAN NUYS, CA", "zone_code": "R1-1", "zone_category": "Residential", "ev_permitted": false}, "geometry": {"type": "Polygon", "coordinates": [[[-118.47749148439, 34.1928967792061], [-118.477357193004, 34.1928975459287], [-118.477348830777, 34.1928994295106], [-118.477340990199, 34.1929024841245], [-118.477333908896, 34.1929066171935], [-118.477327801481, 34.1929117034558], [-118.477322853052, 34.1929175887612], [-118.477319213584, 34.1929240947425], [-118.477316993377, 34.192931024222], [-118.47731625972, 34.1929381671866], [-118.477316595356, 34.193188224959], [-118.477491825015, 34.1931881104512], [-118.47749148439, 34.1928967792061]]]}}, {"type": "Feature", "properties": {"zone_id": "020010IUS49SRIYUFQ8J08", "tract_id": "06037127606", "city": "VAN NUYS, CA", "zone_code": "R1-1", "zone_category": "Residential", "ev_permitted": false}, "geometry": {"type": "Polygon", "coordinates": [[[-118.478106078143, 34.1925113489997], [-118.477709256125, 34.192511735177], [-118.477709522277, 34.1927317311767], [-118.478056742359, 34.1927313761679], [-118.478072097308, 34.1927293349346], [-118.478085936483, 34.1927234661368], [-118.478096903202, 34.192714345103], [-118.478100959306, 34.1927088341831], [-118.47810571935, 34.192696587682], [-118.478106078143, 34.1925113489997]]]}}, {"type": "Feature", "properties": {"zone_id": "0206GW3CQJF6OK9RPM8EEO", "tract_id": "06037127606", "city": "VAN NUYS, CA", "zone_code": "R1-1", "zone_category": "Residential", "ev_permitted": false}, "geometry": {"type": "Polygon", "coordinates": [[[-118.47770926951, 34.1925256395094], [-118.477315719239, 34.1925260389537], [-118.477315935656, 34.192690857271], [-118.477318342631, 34.1927035723269], [-118.477321318697, 34.1927095394487], [-118.47733045038, 34.1927199598231], [-118.477343032098, 34.192727531539], [-118.477357828858, 34.1927315113758], [-118.477709522277, 34.1927317311767], [-118.47770926951, 34.1925256395094]]]}}, {"type": "Feature", "properties": {"zone_id": "020069ZG9333LNULS0IEB4", "tract_id": "06037127606", "city": "VAN NUYS, CA", "zone_code": "R1-1", "zone_category": "Residential", "ev_permitted": false}, "geometry": {"type": "Polygon", "coordinates": [[[-118.476749141813, 34.1927322225959], [-118.476507733333, 34.192882165053], [-118.476519672138, 34.1928992346575], [-118.476528193012, 34.1929176524651], [-118.476533081003, 34.192936953856], [-118.476534212803, 34.1929566519212], [-118.47653155986, 34.1929762497449], [-118.476525189099, 34.1929952529406], [-118.476515261234, 34.1930131821225], [-118.476502026709, 34.1930295849989], [-118.476749492636, 34.1931818604318], [-118.476749141813, 34.1927322225959]]]}}, {"type": "Feature", "properties": {"zone_id": "0202K72BDGO2QM6HI94BSB", "tract_id": "06037127606", "city": "VAN NUYS, CA", "zone_code": "RIO", "zone_category": "Other", "ev_permitted": false}, "geometry": {"type": "Polygon", "coordinates": [[[-118.477130947183, 34.1927542117702], [-118.476749134672, 34.19275450811], [-118.476749257356, 34.1928918752517], [-118.477131101654, 34.1928916062677], [-118.477130947183, 34.1927542117702]]]}}, {"type": "Feature", "properties": {"zone_id": "0205HY68WV36OVCYXSQ6QD", "tract_id": "06037127606", "city": "VAN NUYS, CA", "zone_code": "R1-1", "zone_category": "Residential", "ev_permitted": false}, "geometry": {"type": "Polygon", "coordinates": [[[-118.477131101654, 34.1928916062677], [-118.476749257356, 34.1928918752517], [-118.476749382265, 34.1930292698638], [-118.477131291261, 34.1930290006266], [-118.477131101654, 34.1928916062677]]]}}, {"type": "Feature", "properties": {"zone_id": "0205YH6OD2IIVEZ8DK1ICZ", "tract_id": "06037127606", "city": "VAN NUYS, CA", "zone_code": "R1-1", "zone_category": "Residential", "ev_permitted": false}, "geometry": {"type": "Polygon", "coordinates": [[[-118.477130567973, 34.1924794230528], [-118.476748922058, 34.1924797187397], [-118.476749046965, 34.1926171133515], [-118.477130755511, 34.1926168174196], [-118.477130567973, 34.1924794230528]]]}}, {"type": "Feature", "properties": {"zone_id": "0207L4SFOMXS6WBTBO6C3P", "tract_id": "06037127606", "city": "VAN NUYS, CA", "zone_code": "R1-1", "zone_category": "Residential", "ev_permitted": false}, "geometry": {"type": "Polygon", "coordinates": [[[-118.477130755511, 34.1926168174196], [-118.476749046965, 34.1926171133515], [-118.476749134672, 34.19275450811], [-118.477130947183, 34.1927542117702], [-118.477130755511, 34.1926168174196]]]}}, {"type": "Feature", "properties": {"zone_id": "02053W8TTN18K04X90ECLM", "tract_id": "06037127606", "city": "VAN NUYS, CA", "zone_code": "R1-1", "zone_category": "Residential", "ev_permitted": false}, "geometry": {"type": "Polygon", "coordinates": [[[-118.476748932328, 34.1924988990558], [-118.476583194611, 34.1924989750963], [-118.476439389404, 34.1928374236211], [-118.476459310676, 34.1928453234746], [-118.476477602036, 34.1928555714242], [-118.476493861914, 34.1928679424831], [-118.476507733333, 34.192882165053], [-118.476749141813, 34.1927322225959], [-118.476748932328, 34.1924988990558]]]}}, {"type": "Feature", "properties": {"zone_id": "020394DSD7ZTYI3CEH8A70", "tract_id": "06037127606", "city": "VAN NUYS, CA", "zone_code": "R1-1", "zone_category": "Residential", "ev_permitted": false}, "geometry": {"type": "Polygon", "coordinates": [[[-118.479196734151, 34.1919614372793], [-118.478651141369, 34.1919617563258], [-118.478651265271, 34.1920991509515], [-118.479196894085, 34.1920988317653], [-118.479196734151, 34.1919614372793]]]}}, {"type": "Feature", "properties": {"zone_id": "02062M63PMXMWOGDVGURA3", "tract_id": "06037127606", "city": "VAN NUYS, CA", "zone_code": "R1-1", "zone_category": "Residential", "ev_permitted": false}, "geometry": {"type": "Polygon", "coordinates": [[[-118.479197087088, 34.1922362261204], [-118.478750563547, 34.1922364828531], [-118.478750917084, 34.1925112716877], [-118.479197441937, 34.1925109874753], [-118.479197087088, 34.1922362261204]]]}}, {"type": "Feature", "properties": {"zone_id": "02030FKK18C67AIL35QT82", "tract_id": "06037127606", "city": "VAN NUYS, CA", "zone_code": "R1-1", "zone_category": "Residential", "ev_permitted": false}, "geometry": {"type": "Polygon", "coordinates": [[[-118.478750470482, 34.1920990881047], [-118.478303982964, 34.1920993705282], [-118.478304139364, 34.1922367650236], [-118.478750563547, 34.1922364828531], [-118.478750470482, 34.1920990881047]]]}}, {"type": "Feature", "properties": {"zone_id": "0206YBB1X5U1A1I6J1OSG6", "tract_id": "06037127606", "city": "VAN NUYS, CA", "zone_code": "R1-1", "zone_category": "Residential", "ev_permitted": false}, "geometry": {"type": "Polygon", "coordinates": [[[-118.478651141369, 34.1919617563258], [-118.478303789364, 34.1919619761799], [-118.478303982964, 34.1920993705282], [-118.478651265271, 34.1920991509515], [-118.478651141369, 34.1919617563258]]]}}, {"type": "Feature", "properties": {"zone_id": "0207120C56K0FY8FLLSIFC", "tract_id": "06037127606", "city": "VAN NUYS, CA", "zone_code": "RIO", "zone_category": "Other", "ev_permitted": false}, "geometry": {"type": "Polygon", "coordinates": [[[-118.479196383283, 34.1916866484305], [-118.478673805916, 34.1916869863242], [-118.478673995833, 34.1918243532096], [-118.479196543216, 34.1918240429162], [-118.479196383283, 34.1916866484305]]]}}, {"type": "Feature", "properties": {"zone_id": "02006VMKC9STU161MGGN08", "tract_id": "06037127606", "city": "VAN NUYS, CA", "zone_code": "R1-1", "zone_category": "Residential", "ev_permitted": false}, "geometry": {"type": "Polygon", "coordinates": [[[-118.479195997441, 34.1914118871996], [-118.478749511374, 34.1914121437975], [-118.478749701572, 34.1915495381609], [-118.479196188216, 34.191549254084], [-118.479195997441, 34.1914118871996]]]}}, {"type": "Feature", "properties": {"zone_id": "02019L51WNY2UZDV1PAALG", "tract_id": "06037127606", "city": "VAN NUYS, CA", "zone_code": "R1-1", "zone_category": "Residential", "ev_permitted": false}, "geometry": {"type": "Polygon", "coordinates": [[[-118.478667450502, 34.1918243791105], [-118.478303630899, 34.1918245816929], [-118.478303789364, 34.1919619761799], [-118.478667640409, 34.191961745996], [-118.478667450502, 34.1918243791105]]]}}, {"type": "Feature", "properties": {"zone_id": "0204TSKQZ3ND98AVW5CO98", "tract_id": "06037127606", "city": "VAN NUYS, CA", "zone_code": "R1-1", "zone_category": "Residential", "ev_permitted": false}, "geometry": {"type": "Polygon", "coordinates": [[[-118.478673805916, 34.1916869863242], [-118.478303441434, 34.1916871873286], [-118.478303630899, 34.1918245816929], [-118.478673995833, 34.1918243532096], [-118.478673805916, 34.1916869863242]]]}}, {"type": "Feature", "properties": {"zone_id": "02052J3TVJPLYBCG1KDEE6", "tract_id": "06037127606", "city": "VAN NUYS, CA", "zone_code": "R1-1", "zone_category": "Residential", "ev_permitted": false}, "geometry": {"type": "Polygon", "coordinates": [[[-118.478105701713, 34.1922090812395], [-118.477708881288, 34.192209494894], [-118.477709038775, 34.1923468893822], [-118.478105826785, 34.1923464758578], [-118.478105701713, 34.1922090812395]]]}}, {"type": "Feature", "properties": {"zone_id": "0200E1WDJD5XWW7YSMHMMT", "tract_id": "06037127606", "city": "VAN NUYS, CA", "zone_code": "R1-1", "zone_category": "Residential", "ev_permitted": false}, "geometry": {"type": "Polygon", "coordinates": [[[-118.478105826785, 34.1923464758578], [-118.477709038775, 34.1923468893822], [-118.477709256125, 34.192511735177], [-118.478106078143, 34.1925113489997], [-118.478105826785, 34.1923464758578]]]}}, {"type": "Feature", "properties": {"zone_id": "02057AQQXSPBFK0DI33ZT9", "tract_id": "06037127606", "city": "VAN NUYS, CA", "zone_code": "R1-1", "zone_category": "Residential", "ev_permitted": false}, "geometry": {"type": "Polygon", "coordinates": [[[-118.477708881288, 34.192209494894], [-118.477315334416, 34.1922098668505], [-118.477315491256, 34.1923472613392], [-118.477709038775, 34.1923468893822], [-118.477708881288, 34.192209494894]]]}}, {"type": "Feature", "properties": {"zone_id": "0200QFN00RBSZG4PJRG5CZ", "tract_id": "06037127606", "city": "VAN NUYS, CA", "zone_code": "RIO", "zone_category": "Other", "ev_permitted": false}, "geometry": {"type": "Polygon", "coordinates": [[[-118.477709038775, 34.1923468893822], [-118.477315491256, 34.1923472613392], [-118.477315719239, 34.1925260389537], [-118.47770926951, 34.1925256395094], [-118.477709038775, 34.1923468893822]]]}}, {"type": "Feature", "properties": {"zone_id": "0201DKGA1M4JZNE6SNCB9O", "tract_id": "06037127606", "city": "VAN NUYS, CA", "zone_code": "RIO", "zone_category": "Other", "ev_permitted": false}, "geometry": {"type": "Polygon", "coordinates": [[[-118.47810535459, 34.1919343198655], [-118.477708535314, 34.1919347060404], [-118.477708723801, 34.192072100406], [-118.478105512729, 34.1920717143529], [-118.47810535459, 34.1919343198655]]]}}, {"type": "Feature", "properties": {"zone_id": "0205PYLMRE53ZZTRKL5W0T", "tract_id": "06037127606", "city": "VAN NUYS, CA", "zone_code": "RIO", "zone_category": "Other", "ev_permitted": false}, "geometry": {"type": "Polygon", "coordinates": [[[-118.478105512729, 34.1920717143529], [-118.477708723801, 34.192072100406], [-118.477708881288, 34.192209494894], [-118.478105701713, 34.1922090812395], [-118.478105512729, 34.1920717143529]]]}}, {"type": "Feature", "properties": {"zone_id": "0201XFED60CVSI5J8U3Z6I", "tract_id": "06037127606", "city": "VAN NUYS, CA", "zone_code": "RIO", "zone_category": "Other", "ev_permitted": false}, "geometry": {"type": "Polygon", "coordinates": [[[-118.477708535314, 34.1919347060404], [-118.477314987827, 34.1919351054825], [-118.477315144666, 34.1920724999709], [-118.477708723801, 34.192072100406], [-118.477708535314, 34.1919347060404]]]}}, {"type": "Feature", "properties": {"zone_id": "0206UQAAETX5FTSL8GCBD1", "tract_id": "06037127606", "city": "VAN NUYS, CA", "zone_code": "R1-1", "zone_category": "Residential", "ev_permitted": false}, "geometry": {"type": "Polygon", "coordinates": [[[-118.477708723801, 34.192072100406], [-118.477315144666, 34.1920724999709], [-118.477315334416, 34.1922098668505], [-118.477708881288, 34.192209494894], [-118.477708723801, 34.192072100406]]]}}, {"type": "Feature", "properties": {"zone_id": "0207H3OAJKCTU2V2674NTN", "tract_id": "06037127606", "city": "VAN NUYS, CA", "zone_code": "R1-1", "zone_category": "Residential", "ev_permitted": false}, "geometry": {"type": "Polygon", "coordinates": [[[-118.479196894085, 34.1920988317653], [-118.478750470482, 34.1920990881047], [-118.478750563547, 34.1922364828531], [-118.479197087088, 34.1922362261204], [-118.479196894085, 34.1920988317653]]]}}, {"type": "Feature", "properties": {"zone_id": "0200IQU6L350UR9RWQ96B2", "tract_id": "06037127606", "city": "VAN NUYS, CA", "zone_code": "R1-1", "zone_category": "Residential", "ev_permitted": false}, "geometry": {"type": "Polygon", "coordinates": [[[-118.478750563547, 34.1922364828531], [-118.478304139364, 34.1922367650236], [-118.478304364315, 34.1924085080267], [-118.478750785282, 34.1924082258716], [-118.478750563547, 34.1922364828531]]]}}, {"type": "Feature", "properties": {"zone_id": "0202EE0OGFJDDS6GUGQEYW", "tract_id": "06037127606", "city": "VAN NUYS, CA", "zone_code": "R1-1", "zone_category": "Residential", "ev_permitted": false}, "geometry": {"type": "Polygon", "coordinates": [[[-118.479196543216, 34.1918240429162], [-118.478667450502, 34.1918243791105], [-118.478667640409, 34.191961745996], [-118.479196734151, 34.1919614372793], [-118.479196543216, 34.1918240429162]]]}}, {"type": "Feature", "properties": {"zone_id": "0204IQ91OC7ND0PWY7BRIA", "tract_id": "06037127606", "city": "VAN NUYS, CA", "zone_code": "R1-1", "zone_category": "Residential", "ev_permitted": false}, "geometry": {"type": "Polygon", "coordinates": [[[-118.479196188216, 34.191549254084], [-118.478749701572, 34.1915495381609], [-118.478749862837, 34.191686932639], [-118.479196383283, 34.1916866484305], [-118.479196188216, 34.191549254084]]]}}, {"type": "Feature", "properties": {"zone_id": "0203G9EFPS5B1NFOFKNZUM", "tract_id": "06037127606", "city": "VAN NUYS, CA", "zone_code": "R1-1", "zone_category": "Residential", "ev_permitted": false}, "geometry": {"type": "Polygon", "coordinates": [[[-118.478749511374, 34.1914121437975], [-118.478303122755, 34.1914124533199], [-118.478303281061, 34.1915498203282], [-118.478749701572, 34.1915495381609], [-118.478749511374, 34.1914121437975]]]}}, {"type": "Feature", "properties": {"zone_id": "020000X0BZDA9ICTLWIE6R", "tract_id": "06037127606", "city": "VAN NUYS, CA", "zone_code": "R1-1", "zone_category": "Residential", "ev_permitted": false}, "geometry": {"type": "Polygon", "coordinates": [[[-118.478749701572, 34.1915495381609], [-118.478303281061, 34.1915498203282], [-118.478303441434, 34.1916871873286], [-118.478749862837, 34.191686932639], [-118.478749701572, 34.1915495381609]]]}}, {"type": "Feature", "properties": {"zone_id": "0202W07KUYGH5NL6DPBJN6", "tract_id": "06037127606", "city": "VAN NUYS, CA", "zone_code": "R1-1", "zone_category": "Residential", "ev_permitted": false}, "geometry": {"type": "Polygon", "coordinates": [[[-118.477130411437, 34.1923420285638], [-118.476748834352, 34.1923423239815], [-118.476748922058, 34.1924797187397], [-118.477130567973, 34.1924794230528], [-118.477130411437, 34.1923420285638]]]}}, {"type": "Feature", "properties": {"zone_id": "0203KIHG4CECPDJ84ZZCZJ", "tract_id": "06037127606", "city": "VAN NUYS, CA", "zone_code": "R1-1", "zone_category": "Residential", "ev_permitted": false}, "geometry": {"type": "Polygon", "coordinates": [[[-118.477130219924, 34.1922046616919], [-118.476748711512, 34.1922049293617], [-118.476748834352, 34.1923423239815], [-118.477130411437, 34.1923420285638], [-118.477130219924, 34.1922046616919]]]}}, {"type": "Feature", "properties": {"zone_id": "0204G8LJ4WMBPC7030WRLV", "tract_id": "06037127606", "city": "VAN NUYS, CA", "zone_code": "R1-1", "zone_category": "Residential", "ev_permitted": false}, "geometry": {"type": "Polygon", "coordinates": [[[-118.477130032231, 34.192067239847], [-118.476748586605, 34.1920675347502], [-118.476748711512, 34.1922049293617], [-118.477130219924, 34.1922046616919], [-118.477130032231, 34.192067239847]]]}}, {"type": "Feature", "properties": {"zone_id": "0206OQ3LVOTVBKS00QRIAF", "tract_id": "06037127606", "city": "VAN NUYS, CA", "zone_code": "R1-1", "zone_category": "Residential", "ev_permitted": false}, "geometry": {"type": "Polygon", "coordinates": [[[-118.477129840719, 34.1919298729753], [-118.47674849699, 34.1919301674788], [-118.476748586605, 34.1920675347502], [-118.477130032231, 34.192067239847], [-118.477129840719, 34.1919298729753]]]}}, {"type": "Feature", "properties": {"zone_id": "0205MR47LMEUE271X8CBJJ", "tract_id": "06037127606", "city": "VAN NUYS, CA", "zone_code": "R1-1", "zone_category": "Residential", "ev_permitted": false}, "geometry": {"type": "Polygon", "coordinates": [[[-118.47810500318, 34.1916595310298], [-118.477708185208, 34.1916599172037], [-118.477708375761, 34.1917973115608], [-118.478105194542, 34.1917969528648], [-118.47810500318, 34.1916595310298]]]}}, {"type": "Feature", "properties": {"zone_id": "0205JE9BS1YDP7L0OPREEJ", "tract_id": "06037127606", "city": "VAN NUYS, CA", "zone_code": "RIO", "zone_category": "Other", "ev_permitted": false}, "geometry": {"type": "Polygon", "coordinates": [[[-118.478105194542, 34.1917969528648], [-118.477708375761, 34.1917973115608], [-118.477708535314, 34.1919347060404], [-118.47810535459, 34.1919343198655], [-118.478105194542, 34.1917969528648]]]}}, {"type": "Feature", "properties": {"zone_id": "0200II5NB3RARRV47YJVLQ", "tract_id": "06037127606", "city": "VAN NUYS, CA", "zone_code": "R1-1", "zone_category": "Residential", "ev_permitted": false}, "geometry": {"type": "Polygon", "coordinates": [[[-118.477708375761, 34.1917973115608], [-118.477314799988, 34.1917977111165], [-118.477314987827, 34.1919351054825], [-118.477708535314, 34.1919347060404], [-118.477708375761, 34.1917973115608]]]}}, {"type": "Feature", "properties": {"zone_id": "0202L0WRCDQMAQI6KPF5VG", "tract_id": "06037127606", "city": "VAN NUYS, CA", "zone_code": "R1-1", "zone_category": "Residential", "ev_permitted": false}, "geometry": {"type": "Polygon", "coordinates": [[[-118.477708185208, 34.1916599172037], [-118.47731464315, 34.1916603166283], [-118.477314799988, 34.1917977111165], [-118.477708375761, 34.1917973115608], [-118.477708185208, 34.1916599172037]]]}}, {"type": "Feature", "properties": {"zone_id": "02009F25ZGNOBCKL9KU2RT", "tract_id": "06037127606", "city": "VAN NUYS, CA", "zone_code": "RIO", "zone_category": "Other", "ev_permitted": false}, "geometry": {"type": "Polygon", "coordinates": [[[-118.478104653838, 34.1913847421865], [-118.477707837329, 34.1913851558376], [-118.47770802979, 34.191522522708], [-118.478104847109, 34.1915221365346], [-118.478104653838, 34.1913847421865]]]}}, {"type": "Feature", "properties": {"zone_id": "0200W1G8XQWAD376VDV62R", "tract_id": "06037127606", "city": "VAN NUYS, CA", "zone_code": "RIO", "zone_category": "Other", "ev_permitted": false}, "geometry": {"type": "Polygon", "coordinates": [[[-118.478104847109, 34.1915221365346], [-118.47770802979, 34.191522522708], [-118.477708185208, 34.1916599172037], [-118.47810500318, 34.1916595310298], [-118.478104847109, 34.1915221365346]]]}}, {"type": "Feature", "properties": {"zone_id": "02071WMTEMZAI3N9QEPK79", "tract_id": "06037127606", "city": "VAN NUYS, CA", "zone_code": "R1-1", "zone_category": "Residential", "ev_permitted": false}, "geometry": {"type": "Polygon", "coordinates": [[[-118.477707837329, 34.1913851558376], [-118.477314263498, 34.1913855553915], [-118.477314451178, 34.1915229222788], [-118.47770802979, 34.191522522708], [-118.477707837329, 34.1913851558376]]]}}, {"type": "Feature", "properties": {"zone_id": "0201REYF7GMG7N6R1TRYE0", "tract_id": "06037127606", "city": "VAN NUYS, CA", "zone_code": "R1-1", "zone_category": "Residential", "ev_permitted": false}, "geometry": {"type": "Polygon", "coordinates": [[[-118.47770802979, 34.191522522708], [-118.477314451178, 34.1915229222788], [-118.47731464315, 34.1916603166283], [-118.477708185208, 34.1916599172037], [-118.47770802979, 34.191522522708]]]}}, {"type": "Feature", "properties": {"zone_id": "0201OJG2K0E3JWIRXFIEC6", "tract_id": "06037127606", "city": "VAN NUYS, CA", "zone_code": "R1-1", "zone_category": "Residential", "ev_permitted": false}, "geometry": {"type": "Polygon", "coordinates": [[[-118.477129494584, 34.1916550841287], [-118.476748251313, 34.1916553782402], [-118.476748378285, 34.1917927728431], [-118.477129686252, 34.1917924784786], [-118.477129494584, 34.1916550841287]]]}}, {"type": "Feature", "properties": {"zone_id": "02028T6CPBMICYX5P7TDTS", "tract_id": "06037127606", "city": "VAN NUYS, CA", "zone_code": "R1-1", "zone_category": "Residential", "ev_permitted": false}, "geometry": {"type": "Polygon", "coordinates": [[[-118.477129686252, 34.1917924784786], [-118.476748378285, 34.1917927728431], [-118.47674849699, 34.1919301674788], [-118.477129840719, 34.1919298729753], [-118.477129686252, 34.1917924784786]]]}}, {"type": "Feature", "properties": {"zone_id": "0201AZIJ9BQFCDA019PGNA", "tract_id": "06037127606", "city": "VAN NUYS, CA", "zone_code": "R1-1", "zone_category": "Residential", "ev_permitted": false}, "geometry": {"type": "Polygon", "coordinates": [[[-118.477129150518, 34.1913802952744], [-118.476748040771, 34.1913805888635], [-118.476748161542, 34.1915179834907], [-118.477129307051, 34.1915176897627], [-118.477129150518, 34.1913802952744]]]}}, {"type": "Feature", "properties": {"zone_id": "0205R0AY9AHD00ADXBVEIE", "tract_id": "06037127606", "city": "VAN NUYS, CA", "zone_code": "R1-1", "zone_category": "Residential", "ev_permitted": false}, "geometry": {"type": "Polygon", "coordinates": [[[-118.477129307051, 34.1915176897627], [-118.476748161542, 34.1915179834907], [-118.476748251313, 34.1916553782402], [-118.477129494584, 34.1916550841287], [-118.477129307051, 34.1915176897627]]]}}, {"type": "Feature", "properties": {"zone_id": "0205277XDM9ZJHABP3OYA8", "tract_id": "06037127606", "city": "VAN NUYS, CA", "zone_code": "R1-1", "zone_category": "Residential", "ev_permitted": false}, "geometry": {"type": "Polygon", "coordinates": [[[-118.480973748019, 34.1908608017638], [-118.480385931066, 34.1908612415921], [-118.480386166129, 34.1910343585179], [-118.480940850185, 34.1910339405173], [-118.480940992892, 34.1911850745932], [-118.481379210253, 34.1911847328917], [-118.481379125675, 34.1911352709803], [-118.48097404273, 34.1911355908527], [-118.480973748019, 34.1908608017638]]]}}, {"type": "Feature", "properties": {"zone_id": "02073T16CE4P4V7SY5MDZD", "tract_id": "06037127606", "city": "VAN NUYS, CA", "zone_code": "R1-1", "zone_category": "Residential", "ev_permitted": false}, "geometry": {"type": "Polygon", "coordinates": [[[-118.480965852945, 34.191212537211], [-118.480386399732, 34.1912129712548], [-118.480386677825, 34.1914108191329], [-118.481379448587, 34.1914100599617], [-118.481379422496, 34.1913825810389], [-118.480966071163, 34.1913828788262], [-118.480965852945, 34.191212537211]]]}}, {"type": "Feature", "properties": {"zone_id": "0200ZLCM35EJ727ZIKBOZG", "tract_id": "06037127606", "city": "VAN NUYS, CA", "zone_code": "R1-1", "zone_category": "Residential", "ev_permitted": false}, "geometry": {"type": "Polygon", "coordinates": [[[-118.480940850185, 34.1910339405173], [-118.480386166129, 34.1910343585179], [-118.480386399732, 34.1912129712548], [-118.481379203277, 34.1912122119461], [-118.481379210253, 34.1911847328917], [-118.480940992892, 34.1911850745932], [-118.480940850185, 34.1910339405173]]]}}, {"type": "Feature", "properties": {"zone_id": "02059K79JGOZT8CV4PCRVX", "tract_id": "06037127606", "city": "VAN NUYS, CA", "zone_code": "R1-1", "zone_category": "Residential", "ev_permitted": false}, "geometry": {"type": "Polygon", "coordinates": [[[-118.481379203277, 34.1912122119461], [-118.480965852945, 34.191212537211], [-118.480966071163, 34.1913828788262], [-118.481379422496, 34.1913825810389], [-118.481379203277, 34.1912122119461]]]}}, {"type": "Feature", "properties": {"zone_id": "0200YQ8QFVVDMUO4HWGQQO", "tract_id": "06037127606", "city": "VAN NUYS, CA", "zone_code": "RIO", "zone_category": "Other", "ev_permitted": false}, "geometry": {"type": "Polygon", "coordinates": [[[-118.48137879434, 34.1908604545539], [-118.480973748019, 34.1908608017638], [-118.480973877807, 34.190998196378], [-118.481378960086, 34.1909978765062], [-118.48137879434, 34.1908604545539]]]}}, {"type": "Feature", "properties": {"zone_id": "0200YUTBNSYBFOMNUQTXCI", "tract_id": "06037127606", "city": "VAN NUYS, CA", "zone_code": "R1-1", "zone_category": "Residential", "ev_permitted": false}, "geometry": {"type": "Polygon", "coordinates": [[[-118.481378960086, 34.1909978765062], [-118.480973877807, 34.190998196378], [-118.48097404273, 34.1911355908527], [-118.481379125675, 34.1911352709803], [-118.481378960086, 34.1909978765062]]]}}, {"type": "Feature", "properties": {"zone_id": "0202AKF3EMDALMUGNG16HL", "tract_id": "06037127606", "city": "VAN NUYS, CA", "zone_code": "RIO", "zone_category": "Other", "ev_permitted": false}, "geometry": {"type": "Polygon", "coordinates": [[[-118.481378500524, 34.1905856929366], [-118.480385578515, 34.1905864802187], [-118.480385931066, 34.1908612415921], [-118.48137879434, 34.1908604545539], [-118.481378500524, 34.1905856929366]]]}}, {"type": "Feature", "properties": {"zone_id": "0205XVLVGDHECP4JWMUBT9", "tract_id": "06037127606", "city": "VAN NUYS, CA", "zone_code": "R1-1", "zone_category": "Residential", "ev_permitted": false}, "geometry": {"type": "Polygon", "coordinates": [[[-118.481328660174, 34.1903660590601], [-118.481087991441, 34.1903662470797], [-118.481088231835, 34.1905859684166], [-118.481378500524, 34.1905856929366], [-118.481377704205, 34.1904008093623], [-118.481372926532, 34.1903885623855], [-118.481368861356, 34.19038305317], [-118.481357877374, 34.1903739396042], [-118.481344024034, 34.1903680834284], [-118.481328660174, 34.1903660590601]]]}}, {"type": "Feature", "properties": {"zone_id": "0201RXD6AGUDMXBM8I3EIA", "tract_id": "06037127606", "city": "VAN NUYS, CA", "zone_code": "R1-1", "zone_category": "Residential", "ev_permitted": false}, "geometry": {"type": "Polygon", "coordinates": [[[-118.481087991441, 34.1903662470797], [-118.480881285143, 34.1903663820442], [-118.480881595261, 34.1905861031022], [-118.481088231835, 34.1905859684166], [-118.481087991441, 34.1903662470797]]]}}, {"type": "Feature", "properties": {"zone_id": "0202WYFH76L9RJ183X0CZM", "tract_id": "06037127606", "city": "VAN NUYS, CA", "zone_code": "R1-1", "zone_category": "Residential", "ev_permitted": false}, "geometry": {"type": "Polygon", "coordinates": [[[-118.480881285143, 34.1903663820442], [-118.480633277423, 34.1903665708561], [-118.480633586889, 34.1905862919147], [-118.480881595261, 34.1905861031022], [-118.480881285143, 34.1903663820442]]]}}, {"type": "Feature", "properties": {"zone_id": "020130PKWM34A2PEOMANZE", "tract_id": "06037127606", "city": "VAN NUYS, CA", "zone_code": "R2-1", "zone_category": "Residential", "ev_permitted": false}, "geometry": {"type": "Polygon", "coordinates": [[[-118.480385931066, 34.1908612415921], [-118.479393696053, 34.1908620179908], [-118.479393891443, 34.1909994123364], [-118.480386095021, 34.1909986360675], [-118.480385931066, 34.1908612415921]]]}}, {"type": "Feature", "properties": {"zone_id": "02029MHBJOKBVN7VU81PDU", "tract_id": "06037127606", "city": "VAN NUYS, CA", "zone_code": "R2-1", "zone_category": "Residential", "ev_permitted": false}, "geometry": {"type": "Polygon", "coordinates": [[[-118.480386095021, 34.1909986360675], [-118.479393891443, 34.1909994123364], [-118.479394049633, 34.1911368068296], [-118.480386287911, 34.1911360304279], [-118.480386095021, 34.1909986360675]]]}}, {"type": "Feature", "properties": {"zone_id": "0204361ZTN6N02AMPU4E3K", "tract_id": "06037127606", "city": "VAN NUYS, CA", "zone_code": "R2-1", "zone_category": "Residential", "ev_permitted": false}, "geometry": {"type": "Polygon", "coordinates": [[[-118.480386287911, 34.1911360304279], [-118.479394049633, 34.1911368068296], [-118.479394405125, 34.1914115681822], [-118.480386677825, 34.1914108191329], [-118.480386287911, 34.1911360304279]]]}}, {"type": "Feature", "properties": {"zone_id": "0201SUHFDSPI4AE16LL28S", "tract_id": "06037127606", "city": "VAN NUYS, CA", "zone_code": "RIO", "zone_category": "Other", "ev_permitted": false}, "geometry": {"type": "Polygon", "coordinates": [[[-118.480633277423, 34.1903665708561], [-118.480385269702, 34.1903667591595], [-118.480385578515, 34.1905864802187], [-118.480633586889, 34.1905862919147], [-118.480633277423, 34.1903665708561]]]}}, {"type": "Feature", "properties": {"zone_id": "02055CCT5AANJQ0KVO5FBA", "tract_id": "06037127606", "city": "VAN NUYS, CA", "zone_code": "R2-1", "zone_category": "Residential", "ev_permitted": false}, "geometry": {"type": "Polygon", "coordinates": [[[-118.480385269702, 34.1903667591595], [-118.48013726198, 34.1903669469544], [-118.480137570141, 34.1905866680142], [-118.480385578515, 34.1905864802187], [-118.480385269702, 34.1903667591595]]]}}, {"type": "Feature", "properties": {"zone_id": "02058EKA649Z0IPWIXB6PS", "tract_id": "06037127606", "city": "VAN NUYS, CA", "zone_code": "R2-1", "zone_category": "Residential", "ev_permitted": false}, "geometry": {"type": "Polygon", "coordinates": [[[-118.48013726198, 34.1903669469544], [-118.479889287324, 34.1903671341096], [-118.479889561766, 34.1905868553013], [-118.480137570141, 34.1905866680142], [-118.48013726198, 34.1903669469544]]]}}, {"type": "Feature", "properties": {"zone_id": "02048EHGH55Y76MO3ZFWJ1", "tract_id": "06037127606", "city": "VAN NUYS, CA", "zone_code": "R2-1", "zone_category": "Residential", "ev_permitted": false}, "geometry": {"type": "Polygon", "coordinates": [[[-118.480385578515, 34.1905864802187], [-118.479637653174, 34.1905869957172], [-118.479637872529, 34.1907547680302], [-118.479560163145, 34.1907548374156], [-118.479560299931, 34.1908618178668], [-118.480385931066, 34.1908612415921], [-118.480385578515, 34.1905864802187]]]}}, {"type": "Feature", "properties": {"zone_id": "0200ZVMY7UUOEWMVU8UDEF", "tract_id": "06037127606", "city": "VAN NUYS, CA", "zone_code": "R2-1", "zone_category": "Residential", "ev_permitted": false}, "geometry": {"type": "Polygon", "coordinates": [[[-118.479637653174, 34.1905869957172], [-118.479399957976, 34.1905872029338], [-118.479400309509, 34.1908619917803], [-118.479560299931, 34.1908618178668], [-118.479560163145, 34.1907548374156], [-118.479637872529, 34.1907547680302], [-118.479637653174, 34.1905869957172]]]}}, {"type": "Feature", "properties": {"zone_id": "0204GJMAFHW21LHLU7C92R", "tract_id": "06037127606", "city": "VAN NUYS, CA", "zone_code": "R2-1", "zone_category": "Residential", "ev_permitted": false}, "geometry": {"type": "Polygon", "coordinates": [[[-118.479889287324, 34.1903671341096], [-118.479682614247, 34.190367294373], [-118.479682888145, 34.1905870155651], [-118.479889561766, 34.1905868553013], [-118.479889287324, 34.1903671341096]]]}}, {"type": "Feature", "properties": {"zone_id": "02078AASJ33F89RU38X2N3", "tract_id": "06037127606", "city": "VAN NUYS, CA", "zone_code": "R2-1", "zone_category": "Residential", "ev_permitted": false}, "geometry": {"type": "Polygon", "coordinates": [[[-118.479682614247, 34.190367294373], [-118.479393073472, 34.1903675079434], [-118.479393344541, 34.1905872291443], [-118.479682888145, 34.1905870155651], [-118.479682614247, 34.190367294373]]]}}, {"type": "Feature", "properties": {"zone_id": "0205G4V63FSKIIHGD1V1Z0", "tract_id": "06037127606", "city": "VAN NUYS, CA", "zone_code": "R1-1", "zone_category": "Residential", "ev_permitted": false}, "geometry": {"type": "Polygon", "coordinates": [[[-118.481377579361, 34.1897889422303], [-118.480856802027, 34.1897893648757], [-118.480856916595, 34.189913020036], [-118.480843689675, 34.1899130451376], [-118.480843704669, 34.1899267794386], [-118.481377745104, 34.1899263641817], [-118.481377579361, 34.1897889422303]]]}}, {"type": "Feature", "properties": {"zone_id": "0207GBXETVUB2Y33J4KJWQ", "tract_id": "06037127606", "city": "VAN NUYS, CA", "zone_code": "R1-1", "zone_category": "Residential", "ev_permitted": false}, "geometry": {"type": "Polygon", "coordinates": [[[-118.481377451136, 34.1896515750876], [-118.480843412488, 34.1896519954954], [-118.480843689675, 34.1899130451376], [-118.480856916595, 34.189913020036], [-118.480856802027, 34.1897893648757], [-118.481377579361, 34.1897889422303], [-118.481377451136, 34.1896515750876]]]}}, {"type": "Feature", "properties": {"zone_id": "0201PRXW7KMSES889994EV", "tract_id": "06037127606", "city": "VAN NUYS, CA", "zone_code": "R1-1", "zone_category": "Residential", "ev_permitted": false}, "geometry": {"type": "Polygon", "coordinates": [[[-118.480843412488, 34.1896519954954], [-118.480611940606, 34.1896521734951], [-118.480612556573, 34.190201751556], [-118.480645624225, 34.1902017300799], [-118.480645311742, 34.1899351572954], [-118.480837101412, 34.1899350270688], [-118.480837091158, 34.1899267834019], [-118.480843704669, 34.1899267794386], [-118.480843412488, 34.1896519954954]]]}}, {"type": "Feature", "properties": {"zone_id": "0204NR82B6EA9Q8J2UH1PH", "tract_id": "06037127606", "city": "VAN NUYS, CA", "zone_code": "R1-1", "zone_category": "Residential", "ev_permitted": false}, "geometry": {"type": "Polygon", "coordinates": [[[-118.481377745104, 34.1899263641817], [-118.481002428715, 34.1899266481457], [-118.481002593682, 34.1900640426194], [-118.481377910688, 34.1900637586549], [-118.481377745104, 34.1899263641817]]]}}, {"type": "Feature", "properties": {"zone_id": "02017XBXXRUEXYVFI3DGED", "tract_id": "06037127606", "city": "VAN NUYS, CA", "zone_code": "RIO", "zone_category": "Other", "ev_permitted": false}, "geometry": {"type": "Polygon", "coordinates": [[[-118.481377910688, 34.1900637586549], [-118.481002593682, 34.1900640426194], [-118.481002785517, 34.1902014369864], [-118.48137807214, 34.1902011531446], [-118.481377910688, 34.1900637586549]]]}}, {"type": "Feature", "properties": {"zone_id": "0203M56RKQJ18SGKB5TNM3", "tract_id": "06037127606", "city": "VAN NUYS, CA", "zone_code": "RIO", "zone_category": "Other", "ev_permitted": false}, "geometry": {"type": "Polygon", "coordinates": [[[-118.481002428715, 34.1899266481457], [-118.480837091158, 34.1899267834019], [-118.480837416416, 34.1902015723663], [-118.481002785517, 34.1902014369864], [-118.481002428715, 34.1899266481457]]]}}, {"type": "Feature", "properties": {"zone_id": "0206LK987BUEXVBCIX3MP3", "tract_id": "06037127606", "city": "VAN NUYS, CA", "zone_code": "R1-1", "zone_category": "Residential", "ev_permitted": false}, "geometry": {"type": "Polygon", "coordinates": [[[-118.480837101412, 34.1899350270688], [-118.480645311742, 34.1899351572954], [-118.480645624225, 34.1902017300799], [-118.480837416416, 34.1902015723663], [-118.480837101412, 34.1899350270688]]]}}, {"type": "Feature", "properties": {"zone_id": "0202JCWZBKKMHGFY80DU8D", "tract_id": "06037127606", "city": "VAN NUYS, CA", "zone_code": "R1-1", "zone_category": "Residential", "ev_permitted": false}, "geometry": {"type": "Polygon", "coordinates": [[[-118.481045418589, 34.1894446599465], [-118.481045687817, 34.1896518232522], [-118.481377451136, 34.1896515750876], [-118.481377191545, 34.1894458681294], [-118.481045418589, 34.1894446599465]]]}}, {"type": "Feature", "properties": {"zone_id": "0200LAZFPVALC4QXPJQUF0", "tract_id": "06037127606", "city": "VAN NUYS, CA", "zone_code": "R1-1", "zone_category": "Residential", "ev_permitted": false}, "geometry": {"type": "Polygon", "coordinates": [[[-118.480879828032, 34.1892517011577], [-118.480880350805, 34.1896519585674], [-118.481045687817, 34.1896518232522], [-118.481045168525, 34.1892523077598], [-118.480879828032, 34.1892517011577]]]}}, {"type": "Feature", "properties": {"zone_id": "0200WO26VA83EKIETV3FBD", "tract_id": "06037127606", "city": "VAN NUYS, CA", "zone_code": "RIO", "zone_category": "Other", "ev_permitted": false}, "geometry": {"type": "Polygon", "coordinates": [[[-118.480714487542, 34.1892510943295], [-118.480715013792, 34.1896520936567], [-118.480880350805, 34.1896519585674], [-118.480879828032, 34.1892517011577], [-118.480714487542, 34.1892510943295]]]}}, {"type": "Feature", "properties": {"zone_id": "02023H1YOCN05HAP3OMLIR", "tract_id": "06037127606", "city": "VAN NUYS, CA", "zone_code": "RIO", "zone_category": "Other", "ev_permitted": false}, "geometry": {"type": "Polygon", "coordinates": [[[-118.481045168525, 34.1892523077598], [-118.481045418589, 34.1894446599465], [-118.481377191545, 34.1894458681294], [-118.481376973784, 34.1892535158119], [-118.481045168525, 34.1892523077598]]]}}, {"type": "Feature", "properties": {"zone_id": "0206MBDRP40ARPSG0SJZS8", "tract_id": "06037127606", "city": "VAN NUYS, CA", "zone_code": "R1-1", "zone_category": "Residential", "ev_permitted": false}, "geometry": {"type": "Polygon", "coordinates": [[[-118.480384339606, 34.1896523356789], [-118.480219002592, 34.1896524700902], [-118.48021974395, 34.1902020201659], [-118.480385049143, 34.1902019133634], [-118.480384339606, 34.1896523356789]]]}}, {"type": "Feature", "properties": {"zone_id": "02042FEVKH20EFJPZLHFZ3", "tract_id": "06037127606", "city": "VAN NUYS, CA", "zone_code": "R1-1", "zone_category": "Residential", "ev_permitted": false}, "geometry": {"type": "Polygon", "coordinates": [[[-118.480219002592, 34.1896524700902], [-118.480053496109, 34.189652604948], [-118.480054242579, 34.1902021550003], [-118.48021974395, 34.1902020201659], [-118.480219002592, 34.1896524700902]]]}}, {"type": "Feature", "properties": {"zone_id": "02063XOIIISQYD394Q32E6", "tract_id": "06037127606", "city": "VAN NUYS, CA", "zone_code": "R1-1", "zone_category": "Residential", "ev_permitted": false}, "geometry": {"type": "Polygon", "coordinates": [[[-118.480611940606, 34.1896521734951], [-118.480384339606, 34.1896523356789], [-118.480385049143, 34.1902019133634], [-118.480612556573, 34.190201751556], [-118.480611940606, 34.1896521734951]]]}}, {"type": "Feature", "properties": {"zone_id": "02048D5V0C4O17C9O98HHF", "tract_id": "06037127606", "city": "VAN NUYS, CA", "zone_code": "R1-1", "zone_category": "Residential", "ev_permitted": false}, "geometry": {"type": "Polygon", "coordinates": [[[-118.480053496109, 34.189652604948], [-118.479888158936, 34.1896527114287], [-118.479888869342, 34.1902022890997], [-118.480054242579, 34.1902021550003], [-118.480053496109, 34.189652604948]]]}}, {"type": "Feature", "properties": {"zone_id": "02012MA93V5Z19N9Z5ZMM2", "tract_id": "06037127606", "city": "VAN NUYS, CA", "zone_code": "R1-1", "zone_category": "Residential", "ev_permitted": false}, "geometry": {"type": "Polygon", "coordinates": [[[-118.479888516205, 34.1899275002558], [-118.479723178487, 34.1899276065109], [-118.47972353108, 34.1902023953554], [-118.479888869342, 34.1902022890997], [-118.479888516205, 34.1899275002558]]]}}, {"type": "Feature", "properties": {"zone_id": "0207ITYB0JFICJ0RROV724", "tract_id": "06037127606", "city": "VAN NUYS, CA", "zone_code": "RIO", "zone_category": "Other", "ev_permitted": false}, "geometry": {"type": "Polygon", "coordinates": [[[-118.479723370283, 34.1900650008716], [-118.479392663618, 34.1900652677842], [-118.479392854714, 34.190202634667], [-118.47972353108, 34.1902023953554], [-118.479723370283, 34.1900650008716]]]}}, {"type": "Feature", "properties": {"zone_id": "0204FQCIXT6H2OJE3A218Z", "tract_id": "06037127606", "city": "VAN NUYS, CA", "zone_code": "R1-1", "zone_category": "Residential", "ev_permitted": false}, "geometry": {"type": "Polygon", "coordinates": [[[-118.479723178487, 34.1899276065109], [-118.479392534366, 34.1899278731772], [-118.479392663618, 34.1900652677842], [-118.479723370283, 34.1900650008716], [-118.479723178487, 34.1899276065109]]]}}, {"type": "Feature", "properties": {"zone_id": "02011439U2BEPG7XIGW9CM", "tract_id": "06037127606", "city": "VAN NUYS, CA", "zone_code": "R1-1", "zone_category": "Residential", "ev_permitted": false}, "geometry": {"type": "Polygon", "coordinates": [[[-118.479888320003, 34.1897901059119], [-118.47939230798, 34.1897904789554], [-118.479392534366, 34.1899278731772], [-118.479888516205, 34.1899275002558], [-118.479888320003, 34.1897901059119]]]}}, {"type": "Feature", "properties": {"zone_id": "0203TAB6263J7O1RTHPAQJ", "tract_id": "06037127606", "city": "VAN NUYS, CA", "zone_code": "R1-1", "zone_category": "Residential", "ev_permitted": false}, "geometry": {"type": "Polygon", "coordinates": [[[-118.479888158936, 34.1896527114287], [-118.479392147729, 34.1896530844715], [-118.47939230798, 34.1897904789554], [-118.479888320003, 34.1897901059119], [-118.479888158936, 34.1896527114287]]]}}, {"type": "Feature", "properties": {"zone_id": "020214ECNREXSI86FP9909", "tract_id": "06037127606", "city": "VAN NUYS, CA", "zone_code": "R1-1", "zone_category": "Residential", "ev_permitted": false}, "geometry": {"type": "Polygon", "coordinates": [[[-118.480549147212, 34.1892505147537], [-118.480549676778, 34.18965222852], [-118.480715013792, 34.1896520936567], [-118.480714487542, 34.1892510943295], [-118.480549147212, 34.1892505147537]]]}}, {"type": "Feature", "properties": {"zone_id": "0205IED6ER74M7LE3JDAST", "tract_id": "06037127606", "city": "VAN NUYS, CA", "zone_code": "R1-1", "zone_category": "Residential", "ev_permitted": false}, "geometry": {"type": "Polygon", "coordinates": [[[-118.480383806569, 34.1892498799952], [-118.480384339606, 34.1896523356789], [-118.480549676778, 34.18965222852], [-118.480549147212, 34.1892505147537], [-118.480383806569, 34.1892498799952]]]}}, {"type": "Feature", "properties": {"zone_id": "0202MK75H1IS7483W1ET2B", "tract_id": "06037127606", "city": "VAN NUYS, CA", "zone_code": "R1-1", "zone_category": "Residential", "ev_permitted": false}, "geometry": {"type": "Polygon", "coordinates": [[[-118.480218499152, 34.1892492723577], [-118.480219002592, 34.1896524700902], [-118.480384339606, 34.1896523356789], [-118.480383806569, 34.1892498799952], [-118.480218499152, 34.1892492723577]]]}}, {"type": "Feature", "properties": {"zone_id": "0200IS6704Z5AYY543DMLR", "tract_id": "06037127606", "city": "VAN NUYS, CA", "zone_code": "RIO", "zone_category": "Other", "ev_permitted": false}, "geometry": {"type": "Polygon", "coordinates": [[[-118.480052960113, 34.1892486379346], [-118.480053496109, 34.189652604948], [-118.480219002592, 34.1896524700902], [-118.480218499152, 34.1892492723577], [-118.480052960113, 34.1892486379346]]]}}, {"type": "Feature", "properties": {"zone_id": "0201D9X9T2JLIY4NPCWDNP", "tract_id": "06037127606", "city": "VAN NUYS, CA", "zone_code": "RIO", "zone_category": "Other", "ev_permitted": false}, "geometry": {"type": "Polygon", "coordinates": [[[-118.479391816968, 34.1894110780202], [-118.479392147729, 34.1896530844715], [-118.480053496109, 34.189652604948], [-118.480053257135, 34.1894959479771], [-118.47983834707, 34.1894951794391], [-118.479838237253, 34.1894127428018], [-118.479391816968, 34.1894110780202]]]}}, {"type": "Feature", "properties": {"zone_id": "0202QVYPWRRX60RCUO279V", "tract_id": "06037127606", "city": "VAN NUYS, CA", "zone_code": "R1-1", "zone_category": "Residential", "ev_permitted": false}, "geometry": {"type": "Polygon", "coordinates": [[[-118.479838017618, 34.1892478695273], [-118.47983834707, 34.1894951794391], [-118.480053257135, 34.1894959479771], [-118.480052960113, 34.1892486379346], [-118.479838017618, 34.1892478695273]]]}}, {"type": "Feature", "properties": {"zone_id": "0204Q1Z3FQUW2GMTIM32VM", "tract_id": "06037127606", "city": "VAN NUYS, CA", "zone_code": "R1-1", "zone_category": "Residential", "ev_permitted": false}, "geometry": {"type": "Polygon", "coordinates": [[[-118.479391598215, 34.1892462047448], [-118.479391816968, 34.1894110780202], [-118.479838237253, 34.1894127428018], [-118.479838017618, 34.1892478695273], [-118.479391598215, 34.1892462047448]]]}}, {"type": "Feature", "properties": {"zone_id": "0202SLT7PBTCGEDV4UB4OV", "tract_id": "06037127606", "city": "VAN NUYS, CA", "zone_code": "R1-1", "zone_category": "Residential", "ev_permitted": false}, "geometry": {"type": "Polygon", "coordinates": [[[-118.479195835443, 34.1912744927224], [-118.478749354244, 34.1912747493032], [-118.478749511374, 34.1914121437975], [-118.479195997441, 34.1914118871996], [-118.479195835443, 34.1912744927224]]]}}, {"type": "Feature", "properties": {"zone_id": "0205W916K4D2FAAJ9CGY2C", "tract_id": "06037127606", "city": "VAN NUYS, CA", "zone_code": "R1-1", "zone_category": "Residential", "ev_permitted": false}, "geometry": {"type": "Polygon", "coordinates": [[[-118.479195642444, 34.191137098368], [-118.478749157846, 34.1911373549645], [-118.478749354244, 34.1912747493032], [-118.479195835443, 34.1912744927224], [-118.479195642444, 34.191137098368]]]}}, {"type": "Feature", "properties": {"zone_id": "0205YY1UQSTM1I7Q8IQU0N", "tract_id": "06037127606", "city": "VAN NUYS, CA", "zone_code": "R1-1", "zone_category": "Residential", "ev_permitted": false}, "geometry": {"type": "Polygon", "coordinates": [[[-118.479195289517, 34.1908623095287], [-118.478765375636, 34.1908625829811], [-118.478765532792, 34.1909999774749], [-118.479195449446, 34.1909997040138], [-118.479195289517, 34.1908623095287]]]}}, {"type": "Feature", "properties": {"zone_id": "0204VYKBT7M93RAZ3B5VKT", "tract_id": "06037127606", "city": "VAN NUYS, CA", "zone_code": "R1-1", "zone_category": "Residential", "ev_permitted": false}, "geometry": {"type": "Polygon", "coordinates": [[[-118.479195129587, 34.1907249150437], [-118.478748614283, 34.1907251992476], [-118.478748841679, 34.1908625934632], [-118.479195289517, 34.1908623095287], [-118.479195129587, 34.1907249150437]]]}}, {"type": "Feature", "properties": {"zone_id": "0207A1SFNDOFXZN6BGG1A0", "tract_id": "06037127606", "city": "VAN NUYS, CA", "zone_code": "R1-1", "zone_category": "Residential", "ev_permitted": false}, "geometry": {"type": "Polygon", "coordinates": [[[-118.479195449446, 34.1909997040138], [-118.478699396698, 34.1909999919117], [-118.478699555812, 34.1911373863976], [-118.479195642444, 34.191137098368], [-118.479195449446, 34.1909997040138]]]}}, {"type": "Feature", "properties": {"zone_id": "0203ZXDFSI0TIU5SJ3RYO0", "tract_id": "06037127606", "city": "VAN NUYS, CA", "zone_code": "RIO", "zone_category": "Other", "ev_permitted": false}, "geometry": {"type": "Polygon", "coordinates": [[[-118.478749354244, 34.1912747493032], [-118.478302935201, 34.1912750314693], [-118.478303122755, 34.1914124533199], [-118.478749511374, 34.1914121437975], [-118.478749354244, 34.1912747493032]]]}}, {"type": "Feature", "properties": {"zone_id": "0205NES3TMP5MYS28AJ1RM", "tract_id": "06037127606", "city": "VAN NUYS, CA", "zone_code": "R1-1", "zone_category": "Residential", "ev_permitted": false}, "geometry": {"type": "Polygon", "coordinates": [[[-118.478749157846, 34.1911373549645], [-118.478302774672, 34.191137636991], [-118.478302935201, 34.1912750314693], [-118.478749354244, 34.1912747493032], [-118.478749157846, 34.1911373549645]]]}}, {"type": "Feature", "properties": {"zone_id": "02062LSD11OTRTTLU06NA6", "tract_id": "06037127606", "city": "VAN NUYS, CA", "zone_code": "RIO", "zone_category": "Other", "ev_permitted": false}, "geometry": {"type": "Polygon", "coordinates": [[[-118.478699396698, 34.1909999919117], [-118.478302581076, 34.1910002426435], [-118.478302774672, 34.191137636991], [-118.478699555812, 34.1911373863976], [-118.478699396698, 34.1909999919117]]]}}, {"type": "Feature", "properties": {"zone_id": "02063DVAMVEX9I3J284UMA", "tract_id": "06037127606", "city": "VAN NUYS, CA", "zone_code": "RIO", "zone_category": "Other", "ev_permitted": false}, "geometry": {"type": "Polygon", "coordinates": [[[-118.478765375636, 34.1908625829811], [-118.478302424681, 34.190862848149], [-118.478302581076, 34.1910002426435], [-118.478765532792, 34.1909999774749], [-118.478765375636, 34.1908625829811]]]}}, {"type": "Feature", "properties": {"zone_id": "0200VRE74D3GJ091RZ125R", "tract_id": "06037127606", "city": "VAN NUYS, CA", "zone_code": "RIO", "zone_category": "Other", "ev_permitted": false}, "geometry": {"type": "Polygon", "coordinates": [[[-118.478748614283, 34.1907251992476], [-118.478302231087, 34.1907254538018], [-118.478302424681, 34.190862848149], [-118.478748841679, 34.1908625934632], [-118.478748614283, 34.1907251992476]]]}}, {"type": "Feature", "properties": {"zone_id": "0206DREWNA7X0D4QXV694W", "tract_id": "06037127606", "city": "VAN NUYS, CA", "zone_code": "R1-1", "zone_category": "Residential", "ev_permitted": false}, "geometry": {"type": "Polygon", "coordinates": [[[-118.479194938658, 34.1905875206816], [-118.478748488156, 34.1905878046312], [-118.478748614283, 34.1907251992476], [-118.479195129587, 34.1907249150437], [-118.479194938658, 34.1905875206816]]]}}, {"type": "Feature", "properties": {"zone_id": "0202CUTPL35CHZS4BMNGY1", "tract_id": "06037127606", "city": "VAN NUYS, CA", "zone_code": "R1-1", "zone_category": "Residential", "ev_permitted": false}, "geometry": {"type": "Polygon", "coordinates": [[[-118.478747971386, 34.1901918614332], [-118.478748188871, 34.1903567347107], [-118.47919465124, 34.1903583742419], [-118.479194430807, 34.1901935009735], [-118.478747971386, 34.1901918614332]]]}}, {"type": "Feature", "properties": {"zone_id": "0201S6CGQ9DKOIXNJEH2UP", "tract_id": "06037127606", "city": "VAN NUYS, CA", "zone_code": "RIO", "zone_category": "Other", "ev_permitted": false}, "geometry": {"type": "Polygon", "coordinates": [[[-118.478748188871, 34.1903567347107], [-118.478748488156, 34.1905878046312], [-118.479194938658, 34.1905875206816], [-118.47919465124, 34.1903583742419], [-118.478748188871, 34.1903567347107]]]}}, {"type": "Feature", "properties": {"zone_id": "0205782XDFTHVD66XEWG45", "tract_id": "06037127606", "city": "VAN NUYS, CA", "zone_code": "R1-1", "zone_category": "Residential", "ev_permitted": false}, "geometry": {"type": "Polygon", "coordinates": [[[-118.478748488156, 34.1905878046312], [-118.478302072627, 34.1905880593157], [-118.478302231087, 34.1907254538018], [-118.478748614283, 34.1907251992476], [-118.478748488156, 34.1905878046312]]]}}, {"type": "Feature", "properties": {"zone_id": "0203DTDG2SJFTSXUTVUX4S", "tract_id": "06037127606", "city": "VAN NUYS, CA", "zone_code": "RIO", "zone_category": "Other", "ev_permitted": false}, "geometry": {"type": "Polygon", "coordinates": [[[-118.47830176372, 34.1903550933844], [-118.478302072627, 34.1905880593157], [-118.478748488156, 34.1905878046312], [-118.478748188871, 34.1903567347107], [-118.47830176372, 34.1903550933844]]]}}, {"type": "Feature", "properties": {"zone_id": "0200WE2789KEDYP24KWHX0", "tract_id": "06037127606", "city": "VAN NUYS, CA", "zone_code": "RIO", "zone_category": "Other", "ev_permitted": false}, "geometry": {"type": "Polygon", "coordinates": [[[-118.47830158225, 34.1901902199672], [-118.47830176372, 34.1903550933844], [-118.478748188871, 34.1903567347107], [-118.478747971386, 34.1901918614332], [-118.47830158225, 34.1901902199672]]]}}, {"type": "Feature", "properties": {"zone_id": "02019H1Y9U50TXETV8E70U", "tract_id": "06037127606", "city": "VAN NUYS, CA", "zone_code": "RIO", "zone_category": "Other", "ev_permitted": false}, "geometry": {"type": "Polygon", "coordinates": [[[-118.478104495701, 34.1912473476997], [-118.477707679845, 34.1912477613503], [-118.477707837329, 34.1913851558376], [-118.478104653838, 34.1913847421865], [-118.478104495701, 34.1912473476997]]]}}, {"type": "Feature", "properties": {"zone_id": "0202GNR6ZENW8IWJ35Q5TH", "tract_id": "06037127606", "city": "VAN NUYS, CA", "zone_code": "R1-1", "zone_category": "Residential", "ev_permitted": false}, "geometry": {"type": "Polygon", "coordinates": [[[-118.478104306722, 34.1911099808138], [-118.477707522362, 34.1911103668629], [-118.477707679845, 34.1912477613503], [-118.478104495701, 34.1912473476997], [-118.478104306722, 34.1911099808138]]]}}, {"type": "Feature", "properties": {"zone_id": "0201L91OLMCIW9L4X78A30", "tract_id": "06037127606", "city": "VAN NUYS, CA", "zone_code": "RIO", "zone_category": "Other", "ev_permitted": false}, "geometry": {"type": "Polygon", "coordinates": [[[-118.477707522362, 34.1911103668629], [-118.477313914692, 34.1911107665544], [-118.477314104438, 34.1912481334334], [-118.477707679845, 34.1912477613503], [-118.477707522362, 34.1911103668629]]]}}, {"type": "Feature", "properties": {"zone_id": "02065FSMISFDDQY922SK9E", "tract_id": "06037127606", "city": "VAN NUYS, CA", "zone_code": "R1-1", "zone_category": "Residential", "ev_permitted": false}, "geometry": {"type": "Polygon", "coordinates": [[[-118.47810414652, 34.1909725863354], [-118.477707331813, 34.1909729725064], [-118.477707522362, 34.1911103668629], [-118.478104306722, 34.1911099808138], [-118.47810414652, 34.1909725863354]]]}}, {"type": "Feature", "properties": {"zone_id": "02017JDEK09RDIGK4R6BQP", "tract_id": "06037127606", "city": "VAN NUYS, CA", "zone_code": "R1-1", "zone_category": "Residential", "ev_permitted": false}, "geometry": {"type": "Polygon", "coordinates": [[[-118.477707209465, 34.1908355778806], [-118.477313567955, 34.1908359777097], [-118.477313759923, 34.1909733720586], [-118.477707331813, 34.1909729725064], [-118.477707209465, 34.1908355778806]]]}}, {"type": "Feature", "properties": {"zone_id": "0206S1CDVQKPCDH7MKLM2Z", "tract_id": "06037127606", "city": "VAN NUYS, CA", "zone_code": "RIO", "zone_category": "Other", "ev_permitted": false}, "geometry": {"type": "Polygon", "coordinates": [[[-118.477707331813, 34.1909729725064], [-118.477313759923, 34.1909733720586], [-118.477313914692, 34.1911107665544], [-118.477707522362, 34.1911103668629], [-118.477707331813, 34.1909729725064]]]}}, {"type": "Feature", "properties": {"zone_id": "02000F31JYGDG6XJW6ZET5", "tract_id": "06037127606", "city": "VAN NUYS, CA", "zone_code": "R1-1", "zone_category": "Residential", "ev_permitted": false}, "geometry": {"type": "Polygon", "coordinates": [[[-118.477128959009, 34.1912429284032], [-118.476747917934, 34.1912431942445], [-118.476748040771, 34.1913805888635], [-118.477129150518, 34.1913802952744], [-118.477128959009, 34.1912429284032]]]}}, {"type": "Feature", "properties": {"zone_id": "0203YGEC1LUUL6OYU58LHL", "tract_id": "06037127606", "city": "VAN NUYS, CA", "zone_code": "RIO", "zone_category": "Other", "ev_permitted": false}, "geometry": {"type": "Polygon", "coordinates": [[[-118.477128771478, 34.1911055340375], [-118.476747826098, 34.1911057995035], [-118.476747917934, 34.1912431942445], [-118.477128959009, 34.1912429284032], [-118.477128771478, 34.1911055340375]]]}}, {"type": "Feature", "properties": {"zone_id": "0203ULP5PF5XLC4U72A1VT", "tract_id": "06037127606", "city": "VAN NUYS, CA", "zone_code": "R1-1", "zone_category": "Residential", "ev_permitted": false}, "geometry": {"type": "Polygon", "coordinates": [[[-118.477128423283, 34.1908307452004], [-118.476747613649, 34.1908310376142], [-118.476747705641, 34.1909684598334], [-118.477128612723, 34.1909681120794], [-118.477128423283, 34.1908307452004]]]}}, {"type": "Feature", "properties": {"zone_id": "0200OG5I094GXTOYGZEK6H", "tract_id": "06037127606", "city": "VAN NUYS, CA", "zone_code": "R1-1", "zone_category": "Residential", "ev_permitted": false}, "geometry": {"type": "Polygon", "coordinates": [[[-118.478103641117, 34.1905604029986], [-118.477706828368, 34.1905607891681], [-118.477706985691, 34.1906981561765], [-118.478103799408, 34.1906978249633], [-118.478103641117, 34.1905604029986]]]}}, {"type": "Feature", "properties": {"zone_id": "0201Q4I9NYS2YJAI4Q1KQC", "tract_id": "06037127606", "city": "VAN NUYS, CA", "zone_code": "R1-1", "zone_category": "Residential", "ev_permitted": false}, "geometry": {"type": "Polygon", "coordinates": [[[-118.477706828368, 34.1905607891681], [-118.477313223287, 34.1905611888572], [-118.477313411121, 34.1906985832222], [-118.477706985691, 34.1906981561765], [-118.477706828368, 34.1905607891681]]]}}, {"type": "Feature", "properties": {"zone_id": "0200H9NUUS962N8KTGKM2D", "tract_id": "06037127606", "city": "VAN NUYS, CA", "zone_code": "RIO", "zone_category": "Other", "ev_permitted": false}, "geometry": {"type": "Polygon", "coordinates": [[[-118.477706985691, 34.1906981561765], [-118.477313411121, 34.1906985832222], [-118.477313567955, 34.1908359777097], [-118.477707209465, 34.1908355778806], [-118.477706985691, 34.1906981561765]]]}}, {"type": "Feature", "properties": {"zone_id": "02066NG3TSD0SA7EPQBHIM", "tract_id": "06037127606", "city": "VAN NUYS, CA", "zone_code": "R1-1", "zone_category": "Residential", "ev_permitted": false}, "geometry": {"type": "Polygon", "coordinates": [[[-118.478103289718, 34.1902856141653], [-118.477706478431, 34.1902860278119], [-118.477706635911, 34.1904234222985], [-118.47810344785, 34.1904230086513], [-118.478103289718, 34.1902856141653]]]}}, {"type": "Feature", "properties": {"zone_id": "0207FZPPTRPXGCSYRVSIDR", "tract_id": "06037127606", "city": "VAN NUYS, CA", "zone_code": "R1-1", "zone_category": "Residential", "ev_permitted": false}, "geometry": {"type": "Polygon", "coordinates": [[[-118.47810344785, 34.1904230086513], [-118.477706635911, 34.1904234222985], [-118.477706828368, 34.1905607891681], [-118.478103641117, 34.1905604029986], [-118.47810344785, 34.1904230086513]]]}}, {"type": "Feature", "properties": {"zone_id": "02019M139RGT2Q88X2LA3V", "tract_id": "06037127606", "city": "VAN NUYS, CA", "zone_code": "R1-1", "zone_category": "Residential", "ev_permitted": false}, "geometry": {"type": "Polygon", "coordinates": [[[-118.477706478431, 34.1902860278119], [-118.477312876711, 34.1902864274918], [-118.47731303132, 34.1904237945087], [-118.477706635911, 34.1904234222985], [-118.477706478431, 34.1902860278119]]]}}, {"type": "Feature", "properties": {"zone_id": "0207J1F76KJ1RSZ7XOVNF0", "tract_id": "06037127606", "city": "VAN NUYS, CA", "zone_code": "RIO", "zone_category": "Other", "ev_permitted": false}, "geometry": {"type": "Polygon", "coordinates": [[[-118.477707679845, 34.1912477613503], [-118.477314104438, 34.1912481334334], [-118.477314263498, 34.1913855553915], [-118.477707837329, 34.1913851558376], [-118.477707679845, 34.1912477613503]]]}}, {"type": "Feature", "properties": {"zone_id": "0206H7BTJE1M0FSFM28A68", "tract_id": "06037127606", "city": "VAN NUYS, CA", "zone_code": "RIO", "zone_category": "Other", "ev_permitted": false}, "geometry": {"type": "Polygon", "coordinates": [[[-118.478103988386, 34.1908351918488], [-118.477707209465, 34.1908355778806], [-118.477707331813, 34.1909729725064], [-118.47810414652, 34.1909725863354], [-118.478103988386, 34.1908351918488]]]}}, {"type": "Feature", "properties": {"zone_id": "02054SSES9MHN1J8UV04UW", "tract_id": "06037127606", "city": "VAN NUYS, CA", "zone_code": "R1-1", "zone_category": "Residential", "ev_permitted": false}, "geometry": {"type": "Polygon", "coordinates": [[[-118.477128612723, 34.1909681120794], [-118.476747705641, 34.1909684598334], [-118.476747826098, 34.1911057995035], [-118.477128771478, 34.1911055340375], [-118.477128612723, 34.1909681120794]]]}}, {"type": "Feature", "properties": {"zone_id": "0206157M2CR8IRLJUHKE4U", "tract_id": "06037127606", "city": "VAN NUYS, CA", "zone_code": "R1-1", "zone_category": "Residential", "ev_permitted": false}, "geometry": {"type": "Polygon", "coordinates": [[[-118.478103799408, 34.1906978249633], [-118.477706985691, 34.1906981561765], [-118.477707209465, 34.1908355778806], [-118.478103988386, 34.1908351918488], [-118.478103799408, 34.1906978249633]]]}}, {"type": "Feature", "properties": {"zone_id": "0202J5S1MKOP122VL0MU7B", "tract_id": "06037127606", "city": "VAN NUYS, CA", "zone_code": "RIO", "zone_category": "Other", "ev_permitted": false}, "geometry": {"type": "Polygon", "coordinates": [[[-118.477706635911, 34.1904234222985], [-118.47731303132, 34.1904237945087], [-118.477313223287, 34.1905611888572], [-118.477706828368, 34.1905607891681], [-118.477706635911, 34.1904234222985]]]}}, {"type": "Feature", "properties": {"zone_id": "02033FT5U0NHN001N00SST", "tract_id": "06037127606", "city": "VAN NUYS, CA", "zone_code": "R1-1", "zone_category": "Residential", "ev_permitted": false}, "geometry": {"type": "Polygon", "coordinates": [[[-118.477128233686, 34.1906933508432], [-118.476747490813, 34.1906936429957], [-118.476747613649, 34.1908310376142], [-118.477128423283, 34.1908307452004], [-118.477128233686, 34.1906933508432]]]}}, {"type": "Feature", "properties": {"zone_id": "020279UG39XZZR7CZ454DZ", "tract_id": "06037127606", "city": "VAN NUYS, CA", "zone_code": "RIO", "zone_category": "Other", "ev_permitted": false}, "geometry": {"type": "Polygon", "coordinates": [[[-118.47712804409, 34.190555956486], [-118.476747370044, 34.1905562483692], [-118.476747490813, 34.1906936429957], [-118.477128233686, 34.1906933508432], [-118.47712804409, 34.190555956486]]]}}, {"type": "Feature", "properties": {"zone_id": "0207BQXHR8XGXL2DE95YBJ", "tract_id": "06037127606", "city": "VAN NUYS, CA", "zone_code": "R1-1", "zone_category": "Residential", "ev_permitted": false}, "geometry": {"type": "Polygon", "coordinates": [[[-118.477127889629, 34.1904185619904], [-118.476747278209, 34.1904188536287], [-118.476747370044, 34.1905562483692], [-118.47712804409, 34.190555956486], [-118.477127889629, 34.1904185619904]]]}}, {"type": "Feature", "properties": {"zone_id": "02028OB3MYV2PJ3XFLFK12", "tract_id": "06037127606", "city": "VAN NUYS, CA", "zone_code": "R1-1", "zone_category": "Residential", "ev_permitted": false}, "geometry": {"type": "Polygon", "coordinates": [[[-118.477127698124, 34.1902811951201], [-118.476747155375, 34.1902814590106], [-118.476747278209, 34.1904188536287], [-118.477127889629, 34.1904185619904], [-118.477127698124, 34.1902811951201]]]}}, {"type": "Feature", "properties": {"zone_id": "0201SAB9AKT2CY8VNKJ8ZS", "tract_id": "06037127606", "city": "VAN NUYS, CA", "zone_code": "R1-1", "zone_category": "Residential", "ev_permitted": false}, "geometry": {"type": "Polygon", "coordinates": [[[-118.478747622002, 34.189917072586], [-118.478747971386, 34.1901918614332], [-118.479194430807, 34.1901935009735], [-118.479194108888, 34.1899187120128], [-118.478747622002, 34.189917072586]]]}}, {"type": "Feature", "properties": {"zone_id": "0205QZFRXYC9JGQ6L87J9J", "tract_id": "06037127606", "city": "VAN NUYS, CA", "zone_code": "RIO", "zone_category": "Other", "ev_permitted": false}, "geometry": {"type": "Polygon", "coordinates": [[[-118.478697807839, 34.1897245318683], [-118.4786980835, 34.1899168839377], [-118.479194108888, 34.1899187120128], [-118.479193832085, 34.1897263599446], [-118.478697807839, 34.1897245318683]]]}}, {"type": "Feature", "properties": {"zone_id": "0203DA9VZCLFA2K12E03CA", "tract_id": "06037127606", "city": "VAN NUYS, CA", "zone_code": "R1-1", "zone_category": "Residential", "ev_permitted": false}, "geometry": {"type": "Polygon", "coordinates": [[[-118.478301388658, 34.1900528256205], [-118.47830158225, 34.1901902199672], [-118.478747971386, 34.1901918614332], [-118.478747812194, 34.1900544669482], [-118.478301388658, 34.1900528256205]]]}}, {"type": "Feature", "properties": {"zone_id": "0200UYTEZIDKZR2N1A09FG", "tract_id": "06037127606", "city": "VAN NUYS, CA", "zone_code": "R1-1", "zone_category": "Residential", "ev_permitted": false}, "geometry": {"type": "Polygon", "coordinates": [[[-118.478301230201, 34.189915431135], [-118.478301388658, 34.1900528256205], [-118.478747812194, 34.1900544669482], [-118.478747622002, 34.189917072586], [-118.478301230201, 34.189915431135]]]}}, {"type": "Feature", "properties": {"zone_id": "0206BWUSE0PJ5Y6EPRP0IE", "tract_id": "06037127606", "city": "VAN NUYS, CA", "zone_code": "R1-1", "zone_category": "Residential", "ev_permitted": false}, "geometry": {"type": "Polygon", "coordinates": [[[-118.478201783615, 34.1897227017578], [-118.478201797742, 34.1897309454087], [-118.478301002658, 34.1897313225848], [-118.478301230201, 34.189915431135], [-118.4786980835, 34.1899168839377], [-118.478697807839, 34.1897245318683], [-118.478201783615, 34.1897227017578]]]}}, {"type": "Feature", "properties": {"zone_id": "02075ACEQU90VBQRUOUPHR", "tract_id": "06037127606", "city": "VAN NUYS, CA", "zone_code": "R1-1", "zone_category": "Residential", "ev_permitted": false}, "geometry": {"type": "Polygon", "coordinates": [[[-118.478597964113, 34.1892433021267], [-118.478598315069, 34.189518090965], [-118.479193575665, 34.1895202682841], [-118.479193227042, 34.1892455069095], [-118.478597964113, 34.1892433021267]]]}}, {"type": "Feature", "properties": {"zone_id": "0203K5BOCIQV3OKU1930LH", "tract_id": "06037127606", "city": "VAN NUYS, CA", "zone_code": "R1-1", "zone_category": "Residential", "ev_permitted": false}, "geometry": {"type": "Polygon", "coordinates": [[[-118.478525597818, 34.1895177741235], [-118.478525887881, 34.1897238931248], [-118.479193832085, 34.1897263599446], [-118.479193575665, 34.1895202682841], [-118.478525597818, 34.1895177741235]]]}}, {"type": "Feature", "properties": {"zone_id": "0204GM0YAZY2C9CCQM4AWH", "tract_id": "06037127606", "city": "VAN NUYS, CA", "zone_code": "R1-1", "zone_category": "Residential", "ev_permitted": false}, "geometry": {"type": "Polygon", "coordinates": [[[-118.478432660856, 34.1892426920323], [-118.478433261678, 34.1897235725495], [-118.478525887881, 34.1897238931248], [-118.478525597818, 34.1895177741235], [-118.478598315069, 34.189518090965], [-118.478597964113, 34.1892433021267], [-118.478432660856, 34.1892426920323]]]}}, {"type": "Feature", "properties": {"zone_id": "02079S4HK3QB26H38R3T2T", "tract_id": "06037127606", "city": "VAN NUYS, CA", "zone_code": "RIO", "zone_category": "Other", "ev_permitted": false}, "geometry": {"type": "Polygon", "coordinates": [[[-118.478201184126, 34.1892418212394], [-118.478201783615, 34.1897227017578], [-118.478433261678, 34.1897235725495], [-118.478432660856, 34.1892426920323], [-118.478201184126, 34.1892418212394]]]}}, {"type": "Feature", "properties": {"zone_id": "0203ZSQ77HNCGRXQDY717Z", "tract_id": "06037127606", "city": "VAN NUYS, CA", "zone_code": "RIO", "zone_category": "Other", "ev_permitted": false}, "geometry": {"type": "Polygon", "coordinates": [[[-118.478191370572, 34.1893243520605], [-118.478191863093, 34.18972265854], [-118.478201783615, 34.1897227017578], [-118.478201291047, 34.1893243952783], [-118.478191370572, 34.1893243520605]]]}}, {"type": "Feature", "properties": {"zone_id": "02019ZPKDFNEXQQF2JL624", "tract_id": "06037127606", "city": "VAN NUYS, CA", "zone_code": "R1-1", "zone_category": "Residential", "ev_permitted": false}, "geometry": {"type": "Polygon", "coordinates": [[[-118.478102940545, 34.1900108528026], [-118.477706130406, 34.1900112389697], [-118.477706323018, 34.1901486333173], [-118.478103098676, 34.1901482472884], [-118.478102940545, 34.1900108528026]]]}}, {"type": "Feature", "properties": {"zone_id": "02044D1Z9S8RIY8OD3H2FW", "tract_id": "06037127606", "city": "VAN NUYS, CA", "zone_code": "RIO", "zone_category": "Other", "ev_permitted": false}, "geometry": {"type": "Polygon", "coordinates": [[[-118.478103098676, 34.1901482472884], [-118.477706323018, 34.1901486333173], [-118.477706478431, 34.1902860278119], [-118.478103289718, 34.1902856141653], [-118.478103098676, 34.1901482472884]]]}}, {"type": "Feature", "properties": {"zone_id": "0204XGXBU57D3DKD6HQILR", "tract_id": "06037127606", "city": "VAN NUYS, CA", "zone_code": "R1-1", "zone_category": "Residential", "ev_permitted": false}, "geometry": {"type": "Polygon", "coordinates": [[[-118.478102751413, 34.1898734584393], [-118.477705972927, 34.1898738444834], [-118.477706130406, 34.1900112389697], [-118.478102940545, 34.1900108528026], [-118.478102751413, 34.1898734584393]]]}}, {"type": "Feature", "properties": {"zone_id": "0200KUHDXN3MWQM2R5KYIV", "tract_id": "06037127606", "city": "VAN NUYS, CA", "zone_code": "R1-1", "zone_category": "Residential", "ev_permitted": false}, "geometry": {"type": "Polygon", "coordinates": [[[-118.477706130406, 34.1900112389697], [-118.477312527914, 34.1900116386566], [-118.477312684746, 34.1901490331435], [-118.477706323018, 34.1901486333173], [-118.477706130406, 34.1900112389697]]]}}, {"type": "Feature", "properties": {"zone_id": "0200ZPW17HGLO4WTFHL6K9", "tract_id": "06037127606", "city": "VAN NUYS, CA", "zone_code": "R1-1", "zone_category": "Residential", "ev_permitted": false}, "geometry": {"type": "Polygon", "coordinates": [[[-118.477706323018, 34.1901486333173], [-118.477312684746, 34.1901490331435], [-118.477312876711, 34.1902864274918], [-118.477706478431, 34.1902860278119], [-118.477706323018, 34.1901486333173]]]}}, {"type": "Feature", "properties": {"zone_id": "02071ZDY8104B9ME6TQHR7", "tract_id": "06037127606", "city": "VAN NUYS, CA", "zone_code": "R1-1", "zone_category": "Residential", "ev_permitted": false}, "geometry": {"type": "Polygon", "coordinates": [[[-118.477705972927, 34.1898738444834], [-118.477312340083, 34.1898742442922], [-118.477312527914, 34.1900116386566], [-118.477706130406, 34.1900112389697], [-118.477705972927, 34.1898738444834]]]}}, {"type": "Feature", "properties": {"zone_id": "0203NYSINMNYOWMZ1VYII1", "tract_id": "06037127606", "city": "VAN NUYS, CA", "zone_code": "RIO", "zone_category": "Other", "ev_permitted": false}, "geometry": {"type": "Polygon", "coordinates": [[[-118.478102593283, 34.1897360639537], [-118.47770578445, 34.1897364501198], [-118.477705972927, 34.1898738444834], [-118.478102751413, 34.1898734584393], [-118.478102593283, 34.1897360639537]]]}}, {"type": "Feature", "properties": {"zone_id": "020171CQBC2JSH68C67P9X", "tract_id": "06037127606", "city": "VAN NUYS, CA", "zone_code": "R1-1", "zone_category": "Residential", "ev_permitted": false}, "geometry": {"type": "Polygon", "coordinates": [[[-118.478102433087, 34.1895986694765], [-118.477705625063, 34.1895990831203], [-118.47770578445, 34.1897364501198], [-118.478102593283, 34.1897360639537], [-118.478102433087, 34.1895986694765]]]}}, {"type": "Feature", "properties": {"zone_id": "02021EXWR35A4AAKANLDMJ", "tract_id": "06037127606", "city": "VAN NUYS, CA", "zone_code": "R1-1", "zone_category": "Residential", "ev_permitted": false}, "geometry": {"type": "Polygon", "coordinates": [[[-118.477705612465, 34.1895853161803], [-118.477363894702, 34.1895856759972], [-118.477345087606, 34.1896351863589], [-118.477330482681, 34.1896856575484], [-118.477320150452, 34.1897368458455], [-118.47770578445, 34.1897364501198], [-118.477705612465, 34.1895853161803]]]}}, {"type": "Feature", "properties": {"zone_id": "0207G2X8YA5SGHJQ98R7ZJ", "tract_id": "06037127606", "city": "VAN NUYS, CA", "zone_code": "R1-1", "zone_category": "Residential", "ev_permitted": false}, "geometry": {"type": "Polygon", "coordinates": [[[-118.47770578445, 34.1897364501198], [-118.477320150452, 34.1897368458455], [-118.47731583582, 34.1897687934939], [-118.477312442768, 34.1898214815928], [-118.477312340083, 34.1898742442922], [-118.477705972927, 34.1898738444834], [-118.47770578445, 34.1897364501198]]]}}, {"type": "Feature", "properties": {"zone_id": "02005STWWPJLCH7X31PG7R", "tract_id": "06037127606", "city": "VAN NUYS, CA", "zone_code": "R1-1", "zone_category": "Residential", "ev_permitted": false}, "geometry": {"type": "Polygon", "coordinates": [[[-118.47712735407, 34.1900064062681], [-118.47674694293, 34.1900066971227], [-118.476747034607, 34.1901440643844], [-118.477127512663, 34.190143800747], [-118.47712735407, 34.1900064062681]]]}}, {"type": "Feature", "properties": {"zone_id": "0202RMPZUNVX0C7UIUH7P0", "tract_id": "06037127606", "city": "VAN NUYS, CA", "zone_code": "R1-1", "zone_category": "Residential", "ev_permitted": false}, "geometry": {"type": "Polygon", "coordinates": [[[-118.477127512663, 34.190143800747], [-118.476747034607, 34.1901440643844], [-118.476747155375, 34.1902814590106], [-118.477127698124, 34.1902811951201], [-118.477127512663, 34.190143800747]]]}}, {"type": "Feature", "properties": {"zone_id": "0203KLU48I7CD9JWT2R7X8", "tract_id": "06037127606", "city": "VAN NUYS, CA", "zone_code": "R1-1", "zone_category": "Residential", "ev_permitted": false}, "geometry": {"type": "Polygon", "coordinates": [[[-118.477134348946, 34.1897316159468], [-118.476746697264, 34.1897319078872], [-118.47674682423, 34.1898693024886], [-118.477127162567, 34.1898690393981], [-118.477127943822, 34.1898002270872], [-118.477134348946, 34.1897316159468]]]}}, {"type": "Feature", "properties": {"zone_id": "0207AAG74MG5YOG1E8AK2R", "tract_id": "06037127606", "city": "VAN NUYS, CA", "zone_code": "R1-1", "zone_category": "Residential", "ev_permitted": false}, "geometry": {"type": "Polygon", "coordinates": [[[-118.477127162567, 34.1898690393981], [-118.47674682423, 34.1898693024886], [-118.47674694293, 34.1900066971227], [-118.47712735407, 34.1900064062681], [-118.477127162567, 34.1898690393981]]]}}, {"type": "Feature", "properties": {"zone_id": "0204O4DOJMOEXZVSZ9XMBD", "tract_id": "06037127606", "city": "VAN NUYS, CA", "zone_code": "R1-1", "zone_category": "Residential", "ev_permitted": false}, "geometry": {"type": "Polygon", "coordinates": [[[-118.477166631552, 34.1895942034133], [-118.476746607498, 34.1895945131393], [-118.476746697264, 34.1897319078872], [-118.477134348946, 34.1897316159468], [-118.47714722117, 34.1896623842116], [-118.477166631552, 34.1895942034133]]]}}, {"type": "Feature", "properties": {"zone_id": "0204RVWIYMAZP0K8PD3MA0", "tract_id": "06037127606", "city": "VAN NUYS, CA", "zone_code": "R1-1", "zone_category": "Residential", "ev_permitted": false}, "geometry": {"type": "Polygon", "coordinates": [[[-118.478102274957, 34.1894612749911], [-118.47770543452, 34.189461688765], [-118.477705625063, 34.1895990831203], [-118.478102433087, 34.1895986694765], [-118.478102274957, 34.1894612749911]]]}}, {"type": "Feature", "properties": {"zone_id": "0200T3VMCYUT97Z7F1E4F1", "tract_id": "06037127606", "city": "VAN NUYS, CA", "zone_code": "RIO", "zone_category": "Other", "ev_permitted": false}, "geometry": {"type": "Polygon", "coordinates": [[[-118.477705300524, 34.1893226179662], [-118.47770543452, 34.189461688765], [-118.478102274957, 34.1894612749911], [-118.478102123033, 34.1893650440563], [-118.478101396814, 34.189357979216], [-118.478099214809, 34.1893511224604], [-118.478095641838, 34.1893446774766], [-118.478090784039, 34.1893388357197], [-118.478084785717, 34.1893337707252], [-118.47807782506, 34.1893296329543], [-118.47807010884, 34.1893265453238], [-118.478053342223, 34.1893238534497], [-118.477705300524, 34.1893226179662]]]}}, {"type": "Feature", "properties": {"zone_id": "0207FE0DCVI3MFB29EI4LC", "tract_id": "06037127606", "city": "VAN NUYS, CA", "zone_code": "R1-1", "zone_category": "Residential", "ev_permitted": false}, "geometry": {"type": "Polygon", "coordinates": [[[-118.477520152192, 34.1893219476017], [-118.4775116304, 34.1893225375472], [-118.477495579908, 34.1893272696745], [-118.477488528137, 34.1893312712443], [-118.477482411925, 34.1893362151241], [-118.477477413012, 34.1893419544096], [-118.477473679936, 34.189348318562], [-118.477363894702, 34.1895856759972], [-118.477705612465, 34.1895853161803], [-118.477705300524, 34.1893226179662], [-118.477520152192, 34.1893219476017]]]}}, {"type": "Feature", "properties": {"zone_id": "02079HE02GCDYNSRXICGS7", "tract_id": "06037127606", "city": "VAN NUYS, CA", "zone_code": "RIO", "zone_category": "Other", "ev_permitted": false}, "geometry": {"type": "Polygon", "coordinates": [[[-118.476746393987, 34.1893192016764], [-118.476746484665, 34.1894571185219], [-118.477224869839, 34.1894567709071], [-118.477261914112, 34.1893769081099], [-118.47726419861, 34.189370557591], [-118.477265221797, 34.1893639861575], [-118.477264957164, 34.1893573640611], [-118.477263411566, 34.1893508628662], [-118.477260625048, 34.1893446510047], [-118.4772516483, 34.1893337273611], [-118.477238951166, 34.1893257178318], [-118.477223840947, 34.1893214470803], [-118.476746393987, 34.1893192016764]]]}}, {"type": "Feature", "properties": {"zone_id": "0202LSL16VAFJE8DCSF7IM", "tract_id": "06037127606", "city": "VAN NUYS, CA", "zone_code": "R1-1", "zone_category": "Residential", "ev_permitted": false}, "geometry": {"type": "Polygon", "coordinates": [[[-118.477224869839, 34.1894567709071], [-118.476746484665, 34.1894571185219], [-118.476746607498, 34.1895945131393], [-118.477166631552, 34.1895942034133], [-118.477181974295, 34.189552158368], [-118.47719978259, 34.1895107837209], [-118.477224869839, 34.1894567709071]]]}}, {"type": "Feature", "properties": {"zone_id": "0205D64MO13XEZ29R6914A", "tract_id": "06037127606", "city": "VAN NUYS, CA", "zone_code": "R1-1", "zone_category": "Residential", "ev_permitted": false}, "geometry": {"type": "Polygon", "coordinates": [[[-118.476577149458, 34.1893186045797], [-118.476577367067, 34.1896291441283], [-118.476746643068, 34.1896297136242], [-118.476746393987, 34.1893192016764], [-118.476577149458, 34.1893186045797]]]}}, {"type": "Feature", "properties": {"zone_id": "0200YS9DJJQRUUTEH56QY5", "tract_id": "06037127606", "city": "VAN NUYS, CA", "zone_code": "R1-1", "zone_category": "Residential", "ev_permitted": false}, "geometry": {"type": "Polygon", "coordinates": [[[-118.48137619508, 34.188584404622], [-118.480753905756, 34.1885849560076], [-118.480754096039, 34.1887498019246], [-118.481376384682, 34.1887492780245], [-118.48137619508, 34.188584404622]]]}}, {"type": "Feature", "properties": {"zone_id": "0204KCTVB6RF0ATZMGB8ES", "tract_id": "06037127606", "city": "VAN NUYS, CA", "zone_code": "R1-1", "zone_category": "Residential", "ev_permitted": false}, "geometry": {"type": "Polygon", "coordinates": [[[-118.481376580641, 34.1889213509069], [-118.481045250403, 34.1889216523163], [-118.481045477641, 34.1890874323753], [-118.48134355291, 34.1890885273424], [-118.481353803003, 34.1890871982049], [-118.481358613577, 34.1890855569627], [-118.481367016045, 34.1890805223325], [-118.481370400906, 34.189077252996], [-118.481375122927, 34.1890696110716], [-118.481376343738, 34.1890654267779], [-118.481376580641, 34.1889213509069]]]}}, {"type": "Feature", "properties": {"zone_id": "0203K6O6M6IAKJ7IHDZXWM", "tract_id": "06037127606", "city": "VAN NUYS, CA", "zone_code": "RIO", "zone_category": "Other", "ev_permitted": false}, "geometry": {"type": "Polygon", "coordinates": [[[-118.481376384682, 34.1887492780245], [-118.481044986769, 34.1887495522262], [-118.481045250403, 34.1889216523163], [-118.481376580641, 34.1889213509069], [-118.481376384682, 34.1887492780245]]]}}, {"type": "Feature", "properties": {"zone_id": "0204PI93891GXSWR5RJJCU", "tract_id": "06037127606", "city": "VAN NUYS, CA", "zone_code": "RIO", "zone_category": "Other", "ev_permitted": false}, "geometry": {"type": "Polygon", "coordinates": [[[-118.481044986769, 34.1887495522262], [-118.4808796517, 34.1887497150189], [-118.480880168475, 34.1890868256504], [-118.481045477641, 34.1890874323753], [-118.481044986769, 34.1887495522262]]]}}, {"type": "Feature", "properties": {"zone_id": "0204R6PU8CBAQC4E9G69HS", "tract_id": "06037127606", "city": "VAN NUYS, CA", "zone_code": "R1-1", "zone_category": "Residential", "ev_permitted": false}, "geometry": {"type": "Polygon", "coordinates": [[[-118.4808796517, 34.1887497150189], [-118.480714316473, 34.1887498501073], [-118.480714828311, 34.1890862188227], [-118.480880168475, 34.1890868256504], [-118.4808796517, 34.1887497150189]]]}}, {"type": "Feature", "properties": {"zone_id": "0201OZVI4ZYMK62LFPBBWE", "tract_id": "06037127606", "city": "VAN NUYS, CA", "zone_code": "RIO", "zone_category": "Other", "ev_permitted": false}, "geometry": {"type": "Polygon", "coordinates": [[[-118.48137581397, 34.188254685304], [-118.48088645977, 34.1882550929724], [-118.480886646337, 34.1884199663836], [-118.48137600357, 34.1884195587062], [-118.48137581397, 34.188254685304]]]}}, {"type": "Feature", "properties": {"zone_id": "0205COKXK8H5XP2QP3JA4Z", "tract_id": "06037127606", "city": "VAN NUYS, CA", "zone_code": "R1-1", "zone_category": "Residential", "ev_permitted": false}, "geometry": {"type": "Polygon", "coordinates": [[[-118.48137600357, 34.1884195587062], [-118.480929633494, 34.1884199603483], [-118.480929791057, 34.1885848063962], [-118.48137619508, 34.188584404622], [-118.48137600357, 34.1884195587062]]]}}, {"type": "Feature", "properties": {"zone_id": "02061H8HA2Y2W1HC1OR8ID", "tract_id": "06037127606", "city": "VAN NUYS, CA", "zone_code": "R1-1", "zone_category": "Residential", "ev_permitted": false}, "geometry": {"type": "Polygon", "coordinates": [[[-118.480929633494, 34.1884199603483], [-118.480475130524, 34.1884206399605], [-118.480477161439, 34.1884415244012], [-118.48048300068, 34.1884619119277], [-118.480492512956, 34.1884813301795], [-118.480505477878, 34.1884993292532], [-118.480518576459, 34.1885144061504], [-118.480528968108, 34.188530862811], [-118.480536444289, 34.1885483689864], [-118.480540854972, 34.1885665733669], [-118.480542111644, 34.1885851106316], [-118.480929791057, 34.1885848063962], [-118.480929633494, 34.1884199603483]]]}}, {"type": "Feature", "properties": {"zone_id": "0202UC9NGVZCD0Y4D4OHL0", "tract_id": "06037127606", "city": "VAN NUYS, CA", "zone_code": "R1-1", "zone_category": "Residential", "ev_permitted": false}, "geometry": {"type": "Polygon", "coordinates": [[[-118.48137542586, 34.1879111990225], [-118.480886038539, 34.1879116068291], [-118.480886269069, 34.1880902195779], [-118.481375628503, 34.1880898118855], [-118.48137542586, 34.1879111990225]]]}}, {"type": "Feature", "properties": {"zone_id": "02042DLFWSQTN6VKXTMJOY", "tract_id": "06037127606", "city": "VAN NUYS, CA", "zone_code": "R1-1", "zone_category": "Residential", "ev_permitted": false}, "geometry": {"type": "Polygon", "coordinates": [[[-118.481375628503, 34.1880898118855], [-118.480886269069, 34.1880902195779], [-118.48088645977, 34.1882550929724], [-118.48137581397, 34.188254685304], [-118.481375628503, 34.1880898118855]]]}}, {"type": "Feature", "properties": {"zone_id": "0203VGKF088SIUW8BTOJJR", "tract_id": "06037127606", "city": "VAN NUYS, CA", "zone_code": "RIO", "zone_category": "Other", "ev_permitted": false}, "geometry": {"type": "Polygon", "coordinates": [[[-118.480714316473, 34.1887498501073], [-118.480548981246, 34.1887499849696], [-118.480549488149, 34.189085611769], [-118.480714828311, 34.1890862188227], [-118.480714316473, 34.1887498501073]]]}}, {"type": "Feature", "properties": {"zone_id": "020266FJRZQZET3HOF4JAC", "tract_id": "06037127606", "city": "VAN NUYS, CA", "zone_code": "R1-1", "zone_category": "Residential", "ev_permitted": false}, "geometry": {"type": "Polygon", "coordinates": [[[-118.480548981246, 34.1887499849696], [-118.480383646018, 34.1887501196059], [-118.48038414799, 34.1890850044893], [-118.480549488149, 34.189085611769], [-118.480548981246, 34.1887499849696]]]}}, {"type": "Feature", "properties": {"zone_id": "0203DNGZY4N4TNNVFQ7D8K", "tract_id": "06037127606", "city": "VAN NUYS, CA", "zone_code": "RIO", "zone_category": "Other", "ev_permitted": false}, "geometry": {"type": "Polygon", "coordinates": [[[-118.480383646018, 34.1887501196059], [-118.480218310789, 34.1887502540163], [-118.480218278768, 34.189084399084], [-118.48038414799, 34.1890850044893], [-118.480383646018, 34.1887501196059]]]}}, {"type": "Feature", "properties": {"zone_id": "0202KNMOSVFQPCJVP2683J", "tract_id": "06037127606", "city": "VAN NUYS, CA", "zone_code": "R1-1", "zone_category": "Residential", "ev_permitted": false}, "geometry": {"type": "Polygon", "coordinates": [[[-118.480218310789, 34.1887502540163], [-118.48005297556, 34.1887503882006], [-118.480053467678, 34.1890837892519], [-118.480218278768, 34.189084399084], [-118.480218310789, 34.1887502540163]]]}}, {"type": "Feature", "properties": {"zone_id": "0203D9OTXBENJEVC2XPPU0", "tract_id": "06037127606", "city": "VAN NUYS, CA", "zone_code": "R1-1", "zone_category": "Residential", "ev_permitted": false}, "geometry": {"type": "Polygon", "coordinates": [[[-118.480753905756, 34.1885849560076], [-118.480542111644, 34.1885851106316], [-118.480539859454, 34.1886052983714], [-118.480533805233, 34.1886249436071], [-118.480524099012, 34.1886435595097], [-118.480510981321, 34.1886606847583], [-118.480494777231, 34.1886758949723], [-118.480475888294, 34.1886888132278], [-118.4804547826, 34.1886991193978], [-118.48043198317, 34.1887065580856], [-118.480408054996, 34.1887109449536], [-118.480383591046, 34.1887121712909], [-118.480383646018, 34.1887501196059], [-118.480754096039, 34.1887498019246], [-118.480753905756, 34.1885849560076]]]}}, {"type": "Feature", "properties": {"zone_id": "02054K5AZ0IRAZE2NOL0ZK", "tract_id": "06037127606", "city": "VAN NUYS, CA", "zone_code": "R1-1", "zone_category": "Residential", "ev_permitted": false}, "geometry": {"type": "Polygon", "coordinates": [[[-118.480231381499, 34.1885854104123], [-118.47989234574, 34.1885856843033], [-118.479892565322, 34.1887505300986], [-118.480383646018, 34.1887501196059], [-118.480383591046, 34.1887121712909], [-118.480357254998, 34.1887098225347], [-118.480331781474, 34.188703814743], [-118.480307907863, 34.1886943218238], [-118.48028632524, 34.1886816185696], [-118.480267658361, 34.1886660727032], [-118.48025244758, 34.1886481342326], [-118.480241133209, 34.1886283224257], [-118.480234042765, 34.1886072107779], [-118.480231381499, 34.1885854104123]]]}}, {"type": "Feature", "properties": {"zone_id": "0201X4EQP2DNZTSX5UV6P2", "tract_id": "06037127606", "city": "VAN NUYS, CA", "zone_code": "R1-1", "zone_category": "Residential", "ev_permitted": false}, "geometry": {"type": "Polygon", "coordinates": [[[-118.48005297556, 34.1887503882006], [-118.479887640488, 34.1887505496374], [-118.479888127526, 34.1890831812942], [-118.480053467678, 34.1890837892519], [-118.48005297556, 34.1887503882006]]]}}, {"type": "Feature", "properties": {"zone_id": "02048R4Q7BYZ8OJYJVZPUR", "tract_id": "06037127606", "city": "VAN NUYS, CA", "zone_code": "R1-1", "zone_category": "Residential", "ev_permitted": false}, "geometry": {"type": "Polygon", "coordinates": [[[-118.479887640488, 34.1887505496374], [-118.479722336258, 34.1887506832468], [-118.47972282251, 34.1890825729711], [-118.479888127526, 34.1890831812942], [-118.479887640488, 34.1887505496374]]]}}, {"type": "Feature", "properties": {"zone_id": "02010ZANUK09TAEAL69P7U", "tract_id": "06037127606", "city": "VAN NUYS, CA", "zone_code": "R1-1", "zone_category": "Residential", "ev_permitted": false}, "geometry": {"type": "Polygon", "coordinates": [[[-118.479722336258, 34.1887506832468], [-118.479390971242, 34.1887509253073], [-118.479391321906, 34.1890540175483], [-118.479393307827, 34.1890633676224], [-118.479399023353, 34.1890715998888], [-118.47940778563, 34.1890777308112], [-118.479412993194, 34.1890797669112], [-118.479424282285, 34.1890814758531], [-118.47972282251, 34.1890825729711], [-118.479722336258, 34.1887506832468]]]}}, {"type": "Feature", "properties": {"zone_id": "02003DBWKEHPWA47G45IHX", "tract_id": "06037127606", "city": "VAN NUYS, CA", "zone_code": "R1-1", "zone_category": "Residential", "ev_permitted": false}, "geometry": {"type": "Polygon", "coordinates": [[[-118.47989234574, 34.1885856843033], [-118.479390752651, 34.1885860795111], [-118.479390971242, 34.1887509253073], [-118.479892565322, 34.1887505300986], [-118.47989234574, 34.1885856843033]]]}}, {"type": "Feature", "properties": {"zone_id": "0204BVUVQGX13M3ADQV5B8", "tract_id": "06037127606", "city": "VAN NUYS, CA", "zone_code": "R1-1", "zone_category": "Residential", "ev_permitted": false}, "geometry": {"type": "Polygon", "coordinates": [[[-118.48088645977, 34.1882550929724], [-118.480474245781, 34.1882553296608], [-118.480475130524, 34.1884206399605], [-118.480886646337, 34.1884199663836], [-118.48088645977, 34.1882550929724]]]}}, {"type": "Feature", "properties": {"zone_id": "0200Z4J545DLSB8AJ3JI41", "tract_id": "06037127606", "city": "VAN NUYS, CA", "zone_code": "R1-1", "zone_category": "Residential", "ev_permitted": false}, "geometry": {"type": "Polygon", "coordinates": [[[-118.479892125844, 34.1884207835514], [-118.47989234574, 34.1885856843033], [-118.480231381499, 34.1885854104123], [-118.480232861835, 34.188565054636], [-118.480238185546, 34.1885451432222], [-118.480247220711, 34.1885261695717], [-118.480259743439, 34.1885086038478], [-118.480275589391, 34.1884890501967], [-118.480287210672, 34.1884675619268], [-118.480294272687, 34.1884447577206], [-118.480296572107, 34.1884212941489], [-118.479892125844, 34.1884207835514]]]}}, {"type": "Feature", "properties": {"zone_id": "0200EBZEPX7Q7QEHADI57H", "tract_id": "06037127606", "city": "VAN NUYS, CA", "zone_code": "RIO", "zone_category": "Other", "ev_permitted": false}, "geometry": {"type": "Polygon", "coordinates": [[[-118.480295764506, 34.188269338349], [-118.479854090478, 34.1882696898991], [-118.479854297308, 34.1884208168415], [-118.480296572107, 34.1884212941489], [-118.480295764506, 34.188269338349]]]}}, {"type": "Feature", "properties": {"zone_id": "0200VY0FM0GUT7MLR9Q6WA", "tract_id": "06037127606", "city": "VAN NUYS, CA", "zone_code": "R1-1", "zone_category": "Residential", "ev_permitted": false}, "geometry": {"type": "Polygon", "coordinates": [[[-118.480886269069, 34.1880902195779], [-118.48047336627, 34.188090568921], [-118.480474245781, 34.1882553296608], [-118.48088645977, 34.1882550929724], [-118.480886269069, 34.1880902195779]]]}}, {"type": "Feature", "properties": {"zone_id": "02055I12T44JV12SMEOVE2", "tract_id": "06037127606", "city": "VAN NUYS, CA", "zone_code": "R1-1", "zone_category": "Residential", "ev_permitted": false}, "geometry": {"type": "Polygon", "coordinates": [[[-118.480886080436, 34.1879253461752], [-118.480505023823, 34.1879256789317], [-118.480499706251, 34.1879605982632], [-118.480488386266, 34.1879945250229], [-118.480480816608, 34.188011427877], [-118.480475777903, 34.1880289647464], [-118.480473344356, 34.1880468773585], [-118.48047336627, 34.188090568921], [-118.480886269069, 34.1880902195779], [-118.480886080436, 34.1879253461752]]]}}, {"type": "Feature", "properties": {"zone_id": "02027ZWYY0PO9NN8A4M1WM", "tract_id": "06037127606", "city": "VAN NUYS, CA", "zone_code": "R1-1", "zone_category": "Residential", "ev_permitted": false}, "geometry": {"type": "Polygon", "coordinates": [[[-118.480294283722, 34.187994553982], [-118.479886901373, 34.1879948794045], [-118.479887659693, 34.1881322715166], [-118.480295007579, 34.1881319462311], [-118.480294283722, 34.187994553982]]]}}, {"type": "Feature", "properties": {"zone_id": "0202SCL4HEG2JMBQZR3M6O", "tract_id": "06037127606", "city": "VAN NUYS, CA", "zone_code": "R1-1", "zone_category": "Residential", "ev_permitted": false}, "geometry": {"type": "Polygon", "coordinates": [[[-118.480295007579, 34.1881319462311], [-118.47985392947, 34.1881322954172], [-118.479854090478, 34.1882696898991], [-118.480295764506, 34.188269338349], [-118.480295007579, 34.1881319462311]]]}}, {"type": "Feature", "properties": {"zone_id": "020347OJ8QKYLRK2PVDFVL", "tract_id": "06037127606", "city": "VAN NUYS, CA", "zone_code": "R1-1", "zone_category": "Residential", "ev_permitted": false}, "geometry": {"type": "Polygon", "coordinates": [[[-118.479892125844, 34.1884207835514], [-118.479390533902, 34.1884212062366], [-118.479390752651, 34.1885860795111], [-118.47989234574, 34.1885856843033], [-118.479892125844, 34.1884207835514]]]}}, {"type": "Feature", "properties": {"zone_id": "0203SM9G1FVAP43177XTLN", "tract_id": "06037127606", "city": "VAN NUYS, CA", "zone_code": "R1-1", "zone_category": "Residential", "ev_permitted": false}, "geometry": {"type": "Polygon", "coordinates": [[[-118.479854090478, 34.1882696898991], [-118.479390363005, 34.1882700722845], [-118.479390533902, 34.1884212062366], [-118.479854297308, 34.1884208168415], [-118.479854090478, 34.1882696898991]]]}}, {"type": "Feature", "properties": {"zone_id": "0204DT369IV24HZHJVRYWP", "tract_id": "06037127606", "city": "VAN NUYS, CA", "zone_code": "R1-1", "zone_category": "Residential", "ev_permitted": false}, "geometry": {"type": "Polygon", "coordinates": [[[-118.479886133744, 34.1878439951287], [-118.479804461154, 34.1878440718181], [-118.479745826925, 34.1878457109539], [-118.479687404262, 34.1878501418154], [-118.479687768966, 34.1881324598602], [-118.479887659693, 34.1881322715166], [-118.479886133744, 34.1878439951287]]]}}, {"type": "Feature", "properties": {"zone_id": "0203M5557J030KTLSZ3WO9", "tract_id": "06037127606", "city": "VAN NUYS, CA", "zone_code": "R1-1", "zone_category": "Residential", "ev_permitted": false}, "geometry": {"type": "Polygon", "coordinates": [[[-118.479687404262, 34.1878501418154], [-118.479545879942, 34.1878619693841], [-118.4794927059, 34.1878653051601], [-118.479431620562, 34.1878669843956], [-118.479416840455, 34.1878710012193], [-118.479404287127, 34.1878786027084], [-118.479395191769, 34.1878890433309], [-118.479390446426, 34.1879012991015], [-118.479389868677, 34.1879077358399], [-118.479390167784, 34.1881327054197], [-118.479687768966, 34.1881324598602], [-118.479687404262, 34.1878501418154]]]}}, {"type": "Feature", "properties": {"zone_id": "0202J5PQSQQHDPMAEIHLHG", "tract_id": "06037127606", "city": "VAN NUYS, CA", "zone_code": "RIO", "zone_category": "Other", "ev_permitted": false}, "geometry": {"type": "Polygon", "coordinates": [[[-118.47985392947, 34.1881322954172], [-118.479390167784, 34.1881327054197], [-118.479390363005, 34.1882700722845], [-118.479854090478, 34.1882696898991], [-118.47985392947, 34.1881322954172]]]}}, {"type": "Feature", "properties": {"zone_id": "0205UAM1S8CKS6ED6WFPAH", "tract_id": "06037127606", "city": "VAN NUYS, CA", "zone_code": "R1-1", "zone_category": "Residential", "ev_permitted": false}, "geometry": {"type": "Polygon", "coordinates": [[[-118.481374899202, 34.1874303456424], [-118.480778445345, 34.1874308493255], [-118.480778954291, 34.187760568126], [-118.481375280305, 34.1877600649586], [-118.481374899202, 34.1874303456424]]]}}, {"type": "Feature", "properties": {"zone_id": "02017KMRV0W4NSG2ANKF92", "tract_id": "06037127606", "city": "VAN NUYS, CA", "zone_code": "R1-1", "zone_category": "Residential", "ev_permitted": false}, "geometry": {"type": "Polygon", "coordinates": [[[-118.481375280305, 34.1877600649586], [-118.48088589387, 34.1877604727645], [-118.480886038539, 34.1879116068291], [-118.48137542586, 34.1879111990225], [-118.481375280305, 34.1877600649586]]]}}, {"type": "Feature", "properties": {"zone_id": "020409QJLK6F4RFCL8GA28", "tract_id": "06037127606", "city": "VAN NUYS, CA", "zone_code": "RD1.5-1", "zone_category": "Residential", "ev_permitted": false}, "geometry": {"type": "Polygon", "coordinates": [[[-118.480877587456, 34.186783214254], [-118.4806293276, 34.1867833491444], [-118.480630009701, 34.187430966941], [-118.480878310303, 34.1874307546101], [-118.480877587456, 34.186783214254]]]}}, {"type": "Feature", "properties": {"zone_id": "0203T6Y7IZ6E8FAH17M48U", "tract_id": "06037127606", "city": "VAN NUYS, CA", "zone_code": "R1-1", "zone_category": "Residential", "ev_permitted": false}, "geometry": {"type": "Polygon", "coordinates": [[[-118.48137476876, 34.1872929510318], [-118.480878145545, 34.1872933601386], [-118.480878310303, 34.1874307546101], [-118.481374899202, 34.1874303456424], [-118.48137476876, 34.1872929510318]]]}}, {"type": "Feature", "properties": {"zone_id": "020670KYRHI83LBHU1LOG2", "tract_id": "06037127606", "city": "VAN NUYS, CA", "zone_code": "R1-1", "zone_category": "Residential", "ev_permitted": false}, "geometry": {"type": "Polygon", "coordinates": [[[-118.481374605253, 34.1871555565529], [-118.480878015921, 34.1871559655276], [-118.480878145545, 34.1872933601386], [-118.48137476876, 34.1872929510318], [-118.481374605253, 34.1871555565529]]]}}, {"type": "Feature", "properties": {"zone_id": "02005E1WN8TW91KC2HRDF7", "tract_id": "06037127606", "city": "VAN NUYS, CA", "zone_code": "RD1.5-1", "zone_category": "Residential", "ev_permitted": false}, "geometry": {"type": "Polygon", "coordinates": [[[-118.481208814623, 34.1867829961173], [-118.481043483131, 34.1867831041771], [-118.48104391027, 34.1871558554584], [-118.481209242183, 34.1871556924412], [-118.481208814623, 34.1867829961173]]]}}, {"type": "Feature", "properties": {"zone_id": "0205I2GHHVERKEDIH32H3S", "tract_id": "06037127606", "city": "VAN NUYS, CA", "zone_code": "RD1.5-1", "zone_category": "Residential", "ev_permitted": false}, "geometry": {"type": "Polygon", "coordinates": [[[-118.481336877171, 34.1867884495152], [-118.48120881115, 34.1867884919363], [-118.481209242183, 34.1871556924412], [-118.481374605253, 34.1871555565529], [-118.481374200358, 34.1868378456673], [-118.481373359942, 34.1868291111977], [-118.481370850784, 34.1868205984918], [-118.481366736768, 34.186812524284], [-118.481361122638, 34.1868050941449], [-118.481354151328, 34.1867984972468], [-118.481346000331, 34.1867929015478], [-118.481336877171, 34.1867884495152]]]}}, {"type": "Feature", "properties": {"zone_id": "0207IL6BRQ7FDTAVALJA3C", "tract_id": "06037127606", "city": "VAN NUYS, CA", "zone_code": "RD1.5-1", "zone_category": "Residential", "ev_permitted": false}, "geometry": {"type": "Polygon", "coordinates": [[[-118.481043483131, 34.1867831041771], [-118.480877587456, 34.186783214254], [-118.480878015921, 34.1871559655276], [-118.48104391027, 34.1871558554584], [-118.481043483131, 34.1867831041771]]]}}, {"type": "Feature", "properties": {"zone_id": "0200EO5UA8YB09V7TXKYR2", "tract_id": "06037127606", "city": "VAN NUYS, CA", "zone_code": "R1-1", "zone_category": "Residential", "ev_permitted": false}, "geometry": {"type": "Polygon", "coordinates": [[[-118.48088589387, 34.1877604727645], [-118.480442104399, 34.1877608623619], [-118.480465991463, 34.1877901101947], [-118.480484552099, 34.1878218929357], [-118.480497401367, 34.1878555514202], [-118.480504272779, 34.1878903875821], [-118.480505023823, 34.1879256789317], [-118.480886080436, 34.1879253461752], [-118.48088589387, 34.1877604727645]]]}}, {"type": "Feature", "properties": {"zone_id": "0201A2A7RSJD2908ZC1HX2", "tract_id": "06037127606", "city": "VAN NUYS, CA", "zone_code": "R1-1", "zone_category": "Residential", "ev_permitted": false}, "geometry": {"type": "Polygon", "coordinates": [[[-118.480211084472, 34.1878437771629], [-118.479886133744, 34.1878439951287], [-118.479886901373, 34.1879948794045], [-118.480294283722, 34.187994553982], [-118.480293809887, 34.1879121462686], [-118.480292534701, 34.1879002734181], [-118.480288789622, 34.1878887634163], [-118.480282688152, 34.1878779650933], [-118.480274415205, 34.1878682057108], [-118.480264221508, 34.1878597810436], [-118.480252415997, 34.1878529464159], [-118.480239356458, 34.1878479089629], [-118.480225438682, 34.1878448213534], [-118.480211084472, 34.1878437771629]]]}}, {"type": "Feature", "properties": {"zone_id": "0201GJCIV4I6IZRYW6TSOQ", "tract_id": "06037127606", "city": "VAN NUYS, CA", "zone_code": "R1-1", "zone_category": "Residential", "ev_permitted": false}, "geometry": {"type": "Polygon", "coordinates": [[[-118.480778445345, 34.1874308493255], [-118.480381647, 34.1874311618344], [-118.480382510988, 34.1877136427768], [-118.480414346022, 34.1877354923313], [-118.480442104399, 34.1877608623619], [-118.480778954291, 34.187760568126], [-118.480778445345, 34.1874308493255]]]}}, {"type": "Feature", "properties": {"zone_id": "0207K33ZUL563K6ZRTQFB8", "tract_id": "06037127606", "city": "VAN NUYS, CA", "zone_code": "R1-1", "zone_category": "Residential", "ev_permitted": false}, "geometry": {"type": "Polygon", "coordinates": [[[-118.480199781263, 34.1874313344009], [-118.480014608774, 34.1874314923378], [-118.48001500184, 34.1876955367215], [-118.480039737769, 34.1876955209921], [-118.480067025401, 34.1876936069063], [-118.480093558253, 34.1876879979632], [-118.480128025307, 34.1876777983037], [-118.480163732947, 34.1876711302604], [-118.480200154451, 34.1876680921939], [-118.480199781263, 34.1874313344009]]]}}, {"type": "Feature", "properties": {"zone_id": "02018S3FT4L3ITMPAF3SO6", "tract_id": "06037127606", "city": "VAN NUYS, CA", "zone_code": "R1-1", "zone_category": "Residential", "ev_permitted": false}, "geometry": {"type": "Polygon", "coordinates": [[[-118.480381647, 34.1874311618344], [-118.480199781263, 34.1874313344009], [-118.480200154451, 34.1876680921939], [-118.480238914488, 34.1876689970326], [-118.480277190123, 34.1876741305414], [-118.480314310117, 34.1876834026939], [-118.480349623501, 34.1876966508837], [-118.480382510988, 34.1877136427768], [-118.480381647, 34.1874311618344]]]}}, {"type": "Feature", "properties": {"zone_id": "0207FE5OF8ZIGM33XLU0AV", "tract_id": "06037127606", "city": "VAN NUYS, CA", "zone_code": "R1-1", "zone_category": "Residential", "ev_permitted": false}, "geometry": {"type": "Polygon", "coordinates": [[[-118.480014608774, 34.1874314923378], [-118.479835388151, 34.1874316263803], [-118.479835780808, 34.1876956982429], [-118.48001500184, 34.1876955367215], [-118.480014608774, 34.1874314923378]]]}}, {"type": "Feature", "properties": {"zone_id": "0205C0STFOS66PMU19YWHX", "tract_id": "06037127606", "city": "VAN NUYS, CA", "zone_code": "RIO", "zone_category": "Other", "ev_permitted": false}, "geometry": {"type": "Polygon", "coordinates": [[[-118.479835615259, 34.1875690205991], [-118.479389452093, 34.1875693882756], [-118.479389569047, 34.1876769132306], [-118.479390323501, 34.1876840577201], [-118.479392564804, 34.187690985624], [-118.479396224994, 34.1876974868658], [-118.479401193081, 34.1877033643068], [-118.479407318417, 34.1877084397239], [-118.479414415261, 34.1877125592141], [-118.479422268414, 34.1877155978611], [-118.479430639743, 34.1877174635235], [-118.479439275402, 34.1877180996282], [-118.479483730682, 34.1877171279536], [-118.479528071062, 34.1877143127568], [-118.479697488175, 34.1877001762706], [-118.47976655309, 34.1876962171171], [-118.479835780808, 34.1876956982429], [-118.479835615259, 34.1875690205991]]]}}, {"type": "Feature", "properties": {"zone_id": "0206655EWLAFWFD4OUIL0F", "tract_id": "06037127606", "city": "VAN NUYS, CA", "zone_code": "R1-1", "zone_category": "Residential", "ev_permitted": false}, "geometry": {"type": "Polygon", "coordinates": [[[-118.479835388151, 34.1874316263803], [-118.479389289784, 34.187431993802], [-118.479389452093, 34.1875693882756], [-118.479835615259, 34.1875690205991], [-118.479835388151, 34.1874316263803]]]}}, {"type": "Feature", "properties": {"zone_id": "0204Q5D655MHBZT32J1BIW", "tract_id": "06037127606", "city": "VAN NUYS, CA", "zone_code": "RD1.5-1", "zone_category": "Residential", "ev_permitted": false}, "geometry": {"type": "Polygon", "coordinates": [[[-118.480380666979, 34.186783512596], [-118.479884374747, 34.1867838064039], [-118.479885351709, 34.1874315930383], [-118.480381647, 34.1874311618344], [-118.480380666979, 34.186783512596]]]}}, {"type": "Feature", "properties": {"zone_id": "0206PR0OOOSPC72C0RHO3S", "tract_id": "06037127606", "city": "VAN NUYS, CA", "zone_code": "RD1.5-1", "zone_category": "Residential", "ev_permitted": false}, "geometry": {"type": "Polygon", "coordinates": [[[-118.4806293276, 34.1867833491444], [-118.480380666979, 34.186783512596], [-118.480381647, 34.1874311618344], [-118.480630009701, 34.187430966941], [-118.4806293276, 34.1867833491444]]]}}, {"type": "Feature", "properties": {"zone_id": "02013NL9YMBK8EFB7SS4I0", "tract_id": "06037127606", "city": "VAN NUYS, CA", "zone_code": "RD1.5-1", "zone_category": "Residential", "ev_permitted": false}, "geometry": {"type": "Polygon", "coordinates": [[[-118.479884374747, 34.1867838064039], [-118.479454580899, 34.1867840544338], [-118.479444209097, 34.1867847528606], [-118.479434097408, 34.1867867859945], [-118.47942449525, 34.1867901036852], [-118.479415639474, 34.1867946240971], [-118.47940774852, 34.1868002357278], [-118.47940101703, 34.1868068001583], [-118.479395611046, 34.1868141554675], [-118.479391663913, 34.1868221202263], [-118.479389272992, 34.1868304979725], [-118.479388497261, 34.1868390820572], [-118.479388976454, 34.1871984233454], [-118.47988500186, 34.1871980227225], [-118.479884374747, 34.1867838064039]]]}}, {"type": "Feature", "properties": {"zone_id": "0207248EAAYBPYIUBD1LFY", "tract_id": "06037127606", "city": "VAN NUYS, CA", "zone_code": "R1-1", "zone_category": "Residential", "ev_permitted": false}, "geometry": {"type": "Polygon", "coordinates": [[[-118.47882230342, 34.1888181931219], [-118.478822497866, 34.1889555874666], [-118.479192824087, 34.188956951281], [-118.479192664165, 34.1888195567976], [-118.47882230342, 34.1888181931219]]]}}, {"type": "Feature", "properties": {"zone_id": "02061Q1AZTE6AAPIXVXYR5", "tract_id": "06037127606", "city": "VAN NUYS, CA", "zone_code": "R1-1", "zone_category": "Residential", "ev_permitted": false}, "geometry": {"type": "Polygon", "coordinates": [[[-118.478822497866, 34.1889555874666], [-118.478822753684, 34.189161734084], [-118.479193146795, 34.1891630701571], [-118.479192824087, 34.188956951281], [-118.478822497866, 34.1889555874666]]]}}, {"type": "Feature", "properties": {"zone_id": "0206FWUSD5MIVJUFISFXBP", "tract_id": "06037127606", "city": "VAN NUYS, CA", "zone_code": "R1-1", "zone_category": "Residential", "ev_permitted": false}, "geometry": {"type": "Polygon", "coordinates": [[[-118.478822533534, 34.1889964211535], [-118.478449930548, 34.1889966589939], [-118.47845007275, 34.1891196270568], [-118.478450711968, 34.1891262999087], [-118.47845265259, 34.1891327983448], [-118.478455843106, 34.18913894988], [-118.478465604154, 34.1891495726782], [-118.478478965655, 34.189157047961], [-118.478494518426, 34.1891605873417], [-118.478582342455, 34.1891587660162], [-118.478669758725, 34.1891515403697], [-118.478822705261, 34.1891305730636], [-118.478822533534, 34.1889964211535]]]}}, {"type": "Feature", "properties": {"zone_id": "020342X7MEC77F2X0KYFS7", "tract_id": "06037127606", "city": "VAN NUYS, CA", "zone_code": "RIO", "zone_category": "Other", "ev_permitted": false}, "geometry": {"type": "Polygon", "coordinates": [[[-118.478822372155, 34.1888590266778], [-118.478449804915, 34.1888592643787], [-118.478449930548, 34.1889966589939], [-118.478822533534, 34.1889964211535], [-118.478822372155, 34.1888590266778]]]}}, {"type": "Feature", "properties": {"zone_id": "0204OZYAF1KD068OZL32YW", "tract_id": "06037127606", "city": "VAN NUYS, CA", "zone_code": "R1-1", "zone_category": "Residential", "ev_permitted": false}, "geometry": {"type": "Polygon", "coordinates": [[[-118.478821926639, 34.188515952841], [-118.47882230342, 34.1888181931219], [-118.479192664165, 34.1888195567976], [-118.479192255045, 34.1885173166406], [-118.478821926639, 34.188515952841]]]}}, {"type": "Feature", "properties": {"zone_id": "0202090LJ1WEXK3GL8JX4Y", "tract_id": "06037127606", "city": "VAN NUYS, CA", "zone_code": "R1-1", "zone_category": "Residential", "ev_permitted": false}, "geometry": {"type": "Polygon", "coordinates": [[[-118.478822022689, 34.1885842653116], [-118.478449557783, 34.1885844751324], [-118.478449679125, 34.1887218422853], [-118.478822179934, 34.1887216598034], [-118.478822022689, 34.1885842653116]]]}}, {"type": "Feature", "properties": {"zone_id": "0201GXW02XSAZWICVHCO2L", "tract_id": "06037127606", "city": "VAN NUYS, CA", "zone_code": "RIO", "zone_category": "Other", "ev_permitted": false}, "geometry": {"type": "Polygon", "coordinates": [[[-118.478822179934, 34.1887216598034], [-118.478449679125, 34.1887218422853], [-118.478449804915, 34.1888592643787], [-118.478822372155, 34.1888590266778], [-118.478822179934, 34.1887216598034]]]}}, {"type": "Feature", "properties": {"zone_id": "0200VXO619YFS1UWO8HUWB", "tract_id": "06037127606", "city": "VAN NUYS, CA", "zone_code": "R1-1", "zone_category": "Residential", "ev_permitted": false}, "geometry": {"type": "Polygon", "coordinates": [[[-118.478264628943, 34.1888593646797], [-118.477891005481, 34.1888595773567], [-118.477891128129, 34.1889969719806], [-118.478264754271, 34.1889967592951], [-118.478264628943, 34.1888593646797]]]}}, {"type": "Feature", "properties": {"zone_id": "020068HBHBLG1365540N9U", "tract_id": "06037127606", "city": "VAN NUYS, CA", "zone_code": "R1-1", "zone_category": "Residential", "ev_permitted": false}, "geometry": {"type": "Polygon", "coordinates": [[[-118.478264411353, 34.1885845753186], [-118.477890725054, 34.188584788248], [-118.477890845634, 34.1887221828799], [-118.478264503615, 34.1887219700645], [-118.478264411353, 34.1885845753186]]]}}, {"type": "Feature", "properties": {"zone_id": "0202ONMVUWQA5RRJF25RQ2", "tract_id": "06037127606", "city": "VAN NUYS, CA", "zone_code": "R1-1", "zone_category": "Residential", "ev_permitted": false}, "geometry": {"type": "Polygon", "coordinates": [[[-118.47988500186, 34.1871980227225], [-118.479388976454, 34.1871984233454], [-118.479389289784, 34.187431993802], [-118.479885351709, 34.1874315930383], [-118.47988500186, 34.1871980227225]]]}}, {"type": "Feature", "properties": {"zone_id": "02028EG20SH45L8Q3MMDAF", "tract_id": "06037127606", "city": "VAN NUYS, CA", "zone_code": "RIO", "zone_category": "Other", "ev_permitted": false}, "geometry": {"type": "Polygon", "coordinates": [[[-118.478264754271, 34.1889967592951], [-118.477891128129, 34.1889969719806], [-118.477891260202, 34.1891584107114], [-118.478215060383, 34.1891595766248], [-118.478223694518, 34.1891589587025], [-118.478232068309, 34.1891571116553], [-118.478239928031, 34.1891540914484], [-118.478247035536, 34.1891499895932], [-118.478253175468, 34.189144930375], [-118.478258161789, 34.1891390670868], [-118.478261843414, 34.1891325773851], [-118.47826410879, 34.1891256579061], [-118.478264889278, 34.1891185183086], [-118.478264754271, 34.1889967592951]]]}}, {"type": "Feature", "properties": {"zone_id": "0205I01N4T92H5X31DRXYZ", "tract_id": "06037127606", "city": "VAN NUYS, CA", "zone_code": "RIO", "zone_category": "Other", "ev_permitted": false}, "geometry": {"type": "Polygon", "coordinates": [[[-118.478264503615, 34.1887219700645], [-118.477890845634, 34.1887221828799], [-118.477891005481, 34.1888595773567], [-118.478264628943, 34.1888593646797], [-118.478264503615, 34.1887219700645]]]}}, {"type": "Feature", "properties": {"zone_id": "0201FASYJJA2PKHQRJ32GJ", "tract_id": "06037127606", "city": "VAN NUYS, CA", "zone_code": "R1-1", "zone_category": "Residential", "ev_permitted": false}, "geometry": {"type": "Polygon", "coordinates": [[[-118.478821504013, 34.1881999457518], [-118.478821926639, 34.188515952841], [-118.479192255045, 34.1885173166406], [-118.479191862017, 34.1882013094299], [-118.478821504013, 34.1881999457518]]]}}, {"type": "Feature", "properties": {"zone_id": "0202FOGZE9YDDO0AFHDPFC", "tract_id": "06037127606", "city": "VAN NUYS, CA", "zone_code": "R1-1", "zone_category": "Residential", "ev_permitted": false}, "geometry": {"type": "Polygon", "coordinates": [[[-118.478821472426, 34.1881720821478], [-118.478449176755, 34.1881722913048], [-118.478449302386, 34.1883096859193], [-118.478821668777, 34.1883094490054], [-118.478821472426, 34.1881720821478]]]}}, {"type": "Feature", "properties": {"zone_id": "0204JSK3R07JMBA5XTRPTB", "tract_id": "06037127606", "city": "VAN NUYS, CA", "zone_code": "RIO", "zone_category": "Other", "ev_permitted": false}, "geometry": {"type": "Polygon", "coordinates": [[[-118.478821828245, 34.1884468709672], [-118.478449428018, 34.1884470805339], [-118.478449557783, 34.1885844751324], [-118.478822022689, 34.1885842653116], [-118.478821828245, 34.1884468709672]]]}}, {"type": "Feature", "properties": {"zone_id": "02052J4TYJ4L7MP0PO0IOQ", "tract_id": "06037127606", "city": "VAN NUYS, CA", "zone_code": "R1-1", "zone_category": "Residential", "ev_permitted": false}, "geometry": {"type": "Polygon", "coordinates": [[[-118.478821668777, 34.1883094490054], [-118.478449302386, 34.1883096859193], [-118.478449428018, 34.1884470805339], [-118.478821828245, 34.1884468709672], [-118.478821668777, 34.1883094490054]]]}}, {"type": "Feature", "properties": {"zone_id": "02020XEHOOBWYGYYHXLFP8", "tract_id": "06037127606", "city": "VAN NUYS, CA", "zone_code": "RIO", "zone_category": "Other", "ev_permitted": false}, "geometry": {"type": "Polygon", "coordinates": [[[-118.478821116522, 34.1878839385243], [-118.478821325767, 34.1880419420766], [-118.479191652071, 34.1880433058781], [-118.479191437992, 34.1878853023427], [-118.478821116522, 34.1878839385243]]]}}, {"type": "Feature", "properties": {"zone_id": "0204AR52N4691Z13XQO2CB", "tract_id": "06037127606", "city": "VAN NUYS, CA", "zone_code": "R1-1", "zone_category": "Residential", "ev_permitted": false}, "geometry": {"type": "Polygon", "coordinates": [[[-118.478821325767, 34.1880419420766], [-118.478821504013, 34.1881999457518], [-118.479191862017, 34.1882013094299], [-118.479191652071, 34.1880433058781], [-118.478821325767, 34.1880419420766]]]}}, {"type": "Feature", "properties": {"zone_id": "0202K7UWZZ99XAPANPU5EQ", "tract_id": "06037127606", "city": "VAN NUYS, CA", "zone_code": "R1-1", "zone_category": "Residential", "ev_permitted": false}, "geometry": {"type": "Polygon", "coordinates": [[[-118.47882131725, 34.1880346876483], [-118.478449051282, 34.1880349241688], [-118.478449176755, 34.1881722913048], [-118.478821472426, 34.1881720821478], [-118.47882131725, 34.1880346876483]]]}}, {"type": "Feature", "properties": {"zone_id": "0206VX8DVDXZMU2A19FKJ5", "tract_id": "06037127606", "city": "VAN NUYS, CA", "zone_code": "RIO", "zone_category": "Other", "ev_permitted": false}, "geometry": {"type": "Polygon", "coordinates": [[[-118.478821126941, 34.187897293288], [-118.478448929784, 34.1878975295382], [-118.478449051282, 34.1880349241688], [-118.47882131725, 34.1880346876483], [-118.478821126941, 34.187897293288]]]}}, {"type": "Feature", "properties": {"zone_id": "020313E4AKZXRD08Y6R9PE", "tract_id": "06037127606", "city": "VAN NUYS, CA", "zone_code": "R1-1", "zone_category": "Residential", "ev_permitted": false}, "geometry": {"type": "Polygon", "coordinates": [[[-118.47826412779, 34.188309813698], [-118.477890471653, 34.1883100265122], [-118.477890596365, 34.1884474211274], [-118.478264252959, 34.1884471808344], [-118.47826412779, 34.188309813698]]]}}, {"type": "Feature", "properties": {"zone_id": "0205A59J559XLYZXXJ9JXG", "tract_id": "06037127606", "city": "VAN NUYS, CA", "zone_code": "R1-1", "zone_category": "Residential", "ev_permitted": false}, "geometry": {"type": "Polygon", "coordinates": [[[-118.478264002463, 34.1881724190833], [-118.477890346941, 34.1881726318971], [-118.477890471653, 34.1883100265122], [-118.47826412779, 34.188309813698], [-118.478264002463, 34.1881724190833]]]}}, {"type": "Feature", "properties": {"zone_id": "0202JL9CU3AKRAK8Y9VB29", "tract_id": "06037127606", "city": "VAN NUYS, CA", "zone_code": "RIO", "zone_category": "Other", "ev_permitted": false}, "geometry": {"type": "Polygon", "coordinates": [[[-118.478264252959, 34.1884471808344], [-118.477890596365, 34.1884474211274], [-118.477890725054, 34.188584788248], [-118.478264411353, 34.1885845753186], [-118.478264252959, 34.1884471808344]]]}}, {"type": "Feature", "properties": {"zone_id": "02008ARNX0EOPHF8Q26LGQ", "tract_id": "06037127606", "city": "VAN NUYS, CA", "zone_code": "RIO", "zone_category": "Other", "ev_permitted": false}, "geometry": {"type": "Polygon", "coordinates": [[[-118.478263877137, 34.1880350244687], [-118.47789022223, 34.1880352372821], [-118.477890346941, 34.1881726318971], [-118.478264002463, 34.1881724190833], [-118.478263877137, 34.1880350244687]]]}}, {"type": "Feature", "properties": {"zone_id": "02034IYSPA9OFXJR8LGKYE", "tract_id": "06037127606", "city": "VAN NUYS, CA", "zone_code": "RIO", "zone_category": "Other", "ev_permitted": false}, "geometry": {"type": "Polygon", "coordinates": [[[-118.478263755944, 34.1878976298378], [-118.477890101494, 34.1878978151725], [-118.47789022223, 34.1880352372821], [-118.478263877137, 34.1880350244687], [-118.478263755944, 34.1878976298378]]]}}, {"type": "Feature", "properties": {"zone_id": "020430SZGZT34473E13FO2", "tract_id": "06037127606", "city": "VAN NUYS, CA", "zone_code": "R1-1", "zone_category": "Residential", "ev_permitted": false}, "geometry": {"type": "Polygon", "coordinates": [[[-118.477891005481, 34.1888595773567], [-118.477517377884, 34.1888597888958], [-118.477517468917, 34.1889971836425], [-118.477891128129, 34.1889969719806], [-118.477891005481, 34.1888595773567]]]}}, {"type": "Feature", "properties": {"zone_id": "0205OL7E7JJ2GBAUO5A3MB", "tract_id": "06037127606", "city": "VAN NUYS, CA", "zone_code": "R1-1", "zone_category": "Residential", "ev_permitted": false}, "geometry": {"type": "Polygon", "coordinates": [[[-118.477891128129, 34.1889969719806], [-118.477517468917, 34.1889971836425], [-118.477517586498, 34.1891160849032], [-118.477518327564, 34.1891231999658], [-118.477520545631, 34.1891301016719], [-118.477524173799, 34.1891365818588], [-118.477529102639, 34.1891424450777], [-118.477535183493, 34.1891475144879], [-118.477542232955, 34.1891516371911], [-118.477550038407, 34.1891546888423], [-118.477566959897, 34.1891572459057], [-118.477891260202, 34.1891584107114], [-118.477891128129, 34.1889969719806]]]}}, {"type": "Feature", "properties": {"zone_id": "02063MXOD3KXBN9LIV25YI", "tract_id": "06037127606", "city": "VAN NUYS, CA", "zone_code": "R1-1", "zone_category": "Residential", "ev_permitted": false}, "geometry": {"type": "Polygon", "coordinates": [[[-118.477890725054, 34.188584788248], [-118.477517164977, 34.1885850270037], [-118.477517253942, 34.1887224217582], [-118.477890845634, 34.1887221828799], [-118.477890725054, 34.188584788248]]]}}, {"type": "Feature", "properties": {"zone_id": "0206TJ5Z4ZQR02LCBTHNK2", "tract_id": "06037127606", "city": "VAN NUYS, CA", "zone_code": "RIO", "zone_category": "Other", "ev_permitted": false}, "geometry": {"type": "Polygon", "coordinates": [[[-118.477890845634, 34.1887221828799], [-118.477517253942, 34.1887224217582], [-118.477517377884, 34.1888597888958], [-118.477891005481, 34.1888595773567], [-118.477890845634, 34.1887221828799]]]}}, {"type": "Feature", "properties": {"zone_id": "0207IXFT8N3THGPNKZ280W", "tract_id": "06037127606", "city": "VAN NUYS, CA", "zone_code": "RIO", "zone_category": "Other", "ev_permitted": false}, "geometry": {"type": "Polygon", "coordinates": [[[-118.477332202224, 34.1888599427262], [-118.476958710866, 34.188860124523], [-118.476958834047, 34.1889975191397], [-118.477332292795, 34.1889973099945], [-118.477332202224, 34.1888599427262]]]}}, {"type": "Feature", "properties": {"zone_id": "0207HJJL7REU2RB7FU7HRA", "tract_id": "06037127606", "city": "VAN NUYS, CA", "zone_code": "RIO", "zone_category": "Other", "ev_permitted": false}, "geometry": {"type": "Polygon", "coordinates": [[[-118.477332292795, 34.1889973099945], [-118.476958834047, 34.1889975191397], [-118.476959008171, 34.1891550556777], [-118.477282609927, 34.1891562248696], [-118.47729798172, 34.1891542408196], [-118.477305196808, 34.1891517828904], [-118.477317799503, 34.1891442370069], [-118.477322876104, 34.1891393352675], [-118.477329956511, 34.189127876026], [-118.477331785588, 34.1891216013116], [-118.477332292795, 34.1889973099945]]]}}, {"type": "Feature", "properties": {"zone_id": "0204W5FC75IFEBRJY70Z2Q", "tract_id": "06037127606", "city": "VAN NUYS, CA", "zone_code": "R1-1", "zone_category": "Residential", "ev_permitted": false}, "geometry": {"type": "Polygon", "coordinates": [[[-118.476958834047, 34.1889975191397], [-118.476583188928, 34.1889977632252], [-118.476583150336, 34.189112708118], [-118.476583899136, 34.1891198304665], [-118.476586124663, 34.1891267386123], [-118.476589759948, 34.1891332246793], [-118.476594695601, 34.1891390934926], [-118.4766007831, 34.1891441684512], [-118.476607839263, 34.1891482968424], [-118.476615651762, 34.1891513544372], [-118.476632589719, 34.1891539241982], [-118.476959008171, 34.1891550556777], [-118.476958834047, 34.1889975191397]]]}}, {"type": "Feature", "properties": {"zone_id": "02015LW8ORB8N48WSJME45", "tract_id": "06037127606", "city": "VAN NUYS, CA", "zone_code": "R1-1", "zone_category": "Residential", "ev_permitted": false}, "geometry": {"type": "Polygon", "coordinates": [[[-118.476958710866, 34.188860124523], [-118.476583200698, 34.1888603680789], [-118.476583188928, 34.1889977632252], [-118.476958834047, 34.1889975191397], [-118.476958710866, 34.188860124523]]]}}, {"type": "Feature", "properties": {"zone_id": "0205T91SKZULLFTWIK7GD1", "tract_id": "06037127606", "city": "VAN NUYS, CA", "zone_code": "RIO", "zone_category": "Other", "ev_permitted": false}, "geometry": {"type": "Polygon", "coordinates": [[[-118.477331954478, 34.1885851260155], [-118.47695846244, 34.1885853352982], [-118.476958585619, 34.1887227299146], [-118.477332047273, 34.1887225207539], [-118.477331954478, 34.1885851260155]]]}}, {"type": "Feature", "properties": {"zone_id": "0201GN3A0AOVZC45NPDZ06", "tract_id": "06037127606", "city": "VAN NUYS, CA", "zone_code": "RIO", "zone_category": "Other", "ev_permitted": false}, "geometry": {"type": "Polygon", "coordinates": [[[-118.477332047273, 34.1887225207539], [-118.476958585619, 34.1887227299146], [-118.476958710866, 34.188860124523], [-118.477332202224, 34.1888599427262], [-118.477332047273, 34.1887225207539]]]}}, {"type": "Feature", "properties": {"zone_id": "02029ZS2MFVR0B5VGFI631", "tract_id": "06037127606", "city": "VAN NUYS, CA", "zone_code": "R1-1", "zone_category": "Residential", "ev_permitted": false}, "geometry": {"type": "Polygon", "coordinates": [[[-118.47695846244, 34.1885853352982], [-118.476583151748, 34.1885855505932], [-118.476583175111, 34.1887229456008], [-118.476958585619, 34.1887227299146], [-118.47695846244, 34.1885853352982]]]}}, {"type": "Feature", "properties": {"zone_id": "0206YCJLDEQQWYEBJOOVU2", "tract_id": "06037127606", "city": "VAN NUYS, CA", "zone_code": "R1-1", "zone_category": "Residential", "ev_permitted": false}, "geometry": {"type": "Polygon", "coordinates": [[[-118.476958585619, 34.1887227299146], [-118.476583175111, 34.1887229456008], [-118.476583200698, 34.1888603680789], [-118.476958710866, 34.188860124523], [-118.476958585619, 34.1887227299146]]]}}, {"type": "Feature", "properties": {"zone_id": "0204PSG3TD3YWGHVW6H4YL", "tract_id": "06037127606", "city": "VAN NUYS, CA", "zone_code": "R1-1", "zone_category": "Residential", "ev_permitted": false}, "geometry": {"type": "Polygon", "coordinates": [[[-118.477890596365, 34.1884474211274], [-118.477517038811, 34.1884476323961], [-118.477517164977, 34.1885850270037], [-118.477890725054, 34.188584788248], [-118.477890596365, 34.1884474211274]]]}}, {"type": "Feature", "properties": {"zone_id": "020707ITB0FOMO4ZFZMN7H", "tract_id": "06037127606", "city": "VAN NUYS, CA", "zone_code": "R1-1", "zone_category": "Residential", "ev_permitted": false}, "geometry": {"type": "Polygon", "coordinates": [[[-118.477890471653, 34.1883100265122], [-118.477516914556, 34.1883102103021], [-118.477517038811, 34.1884476323961], [-118.477890596365, 34.1884474211274], [-118.477890471653, 34.1883100265122]]]}}, {"type": "Feature", "properties": {"zone_id": "0205LXY86PVBQNE7NTRMU3", "tract_id": "06037127606", "city": "VAN NUYS, CA", "zone_code": "R1-1", "zone_category": "Residential", "ev_permitted": false}, "geometry": {"type": "Polygon", "coordinates": [[[-118.477890346941, 34.1881726318971], [-118.477516790616, 34.1881728431649], [-118.477516914556, 34.1883102103021], [-118.477890471653, 34.1883100265122], [-118.477890346941, 34.1881726318971]]]}}, {"type": "Feature", "properties": {"zone_id": "0203J8MYEQPIG9S0HIFDT0", "tract_id": "06037127606", "city": "VAN NUYS, CA", "zone_code": "R1-1", "zone_category": "Residential", "ev_permitted": false}, "geometry": {"type": "Polygon", "coordinates": [[[-118.477890101494, 34.1878978151725], [-118.477516544489, 34.1878980539262], [-118.477516668585, 34.1880354485414], [-118.47789022223, 34.1880352372821], [-118.477890101494, 34.1878978151725]]]}}, {"type": "Feature", "properties": {"zone_id": "02058SUOWOTK7GBQU72WSX", "tract_id": "06037127606", "city": "VAN NUYS, CA", "zone_code": "R1-1", "zone_category": "Residential", "ev_permitted": false}, "geometry": {"type": "Polygon", "coordinates": [[[-118.47789022223, 34.1880352372821], [-118.477516668585, 34.1880354485414], [-118.477516790616, 34.1881728431649], [-118.477890346941, 34.1881726318971], [-118.47789022223, 34.1880352372821]]]}}, {"type": "Feature", "properties": {"zone_id": "0203HUI5GCA7GBTU9BTQ83", "tract_id": "06037127606", "city": "VAN NUYS, CA", "zone_code": "RIO", "zone_category": "Other", "ev_permitted": false}, "geometry": {"type": "Polygon", "coordinates": [[[-118.477331863751, 34.1884477312691], [-118.476958339417, 34.1884479681602], [-118.47695846244, 34.1885853352982], [-118.477331954478, 34.1885851260155], [-118.477331863751, 34.1884477312691]]]}}, {"type": "Feature", "properties": {"zone_id": "02037WTM0QEO7FCK00IHRO", "tract_id": "06037127606", "city": "VAN NUYS, CA", "zone_code": "R1-1", "zone_category": "Residential", "ev_permitted": false}, "geometry": {"type": "Polygon", "coordinates": [[[-118.477331739957, 34.1883103366533], [-118.476958218305, 34.1883105735359], [-118.476958339417, 34.1884479681602], [-118.477331863751, 34.1884477312691], [-118.477331739957, 34.1883103366533]]]}}, {"type": "Feature", "properties": {"zone_id": "0204DGHFW40LRXACLXHFXA", "tract_id": "06037127606", "city": "VAN NUYS, CA", "zone_code": "R1-1", "zone_category": "Residential", "ev_permitted": false}, "geometry": {"type": "Polygon", "coordinates": [[[-118.477331616321, 34.188172969516], [-118.476958095283, 34.1881732063982], [-118.476958218305, 34.1883105735359], [-118.477331739957, 34.1883103366533], [-118.477331616321, 34.188172969516]]]}}, {"type": "Feature", "properties": {"zone_id": "0202PJXG3DXV476SCI9CSV", "tract_id": "06037127606", "city": "VAN NUYS, CA", "zone_code": "R1-1", "zone_category": "Residential", "ev_permitted": false}, "geometry": {"type": "Polygon", "coordinates": [[[-118.476958339417, 34.1884479681602], [-118.476583163675, 34.1884481829256], [-118.476583151748, 34.1885855505932], [-118.47695846244, 34.1885853352982], [-118.476958339417, 34.1884479681602]]]}}, {"type": "Feature", "properties": {"zone_id": "0202TG3ROVPUWZUWSHVTNA", "tract_id": "06037127606", "city": "VAN NUYS, CA", "zone_code": "R1-1", "zone_category": "Residential", "ev_permitted": false}, "geometry": {"type": "Polygon", "coordinates": [[[-118.476958095283, 34.1881732063982], [-118.476583081816, 34.1881733930493], [-118.476583138245, 34.1883107879263], [-118.476958218305, 34.1883105735359], [-118.476958095283, 34.1881732063982]]]}}, {"type": "Feature", "properties": {"zone_id": "0206FZ9OZ87740D697N956", "tract_id": "06037127606", "city": "VAN NUYS, CA", "zone_code": "R1-1", "zone_category": "Residential", "ev_permitted": false}, "geometry": {"type": "Polygon", "coordinates": [[[-118.476958218305, 34.1883105735359], [-118.476583138245, 34.1883107879263], [-118.476583163675, 34.1884481829256], [-118.476958339417, 34.1884479681602], [-118.476958218305, 34.1883105735359]]]}}, {"type": "Feature", "properties": {"zone_id": "0205FIXQ3LI2UU8C3HKMMF", "tract_id": "06037127606", "city": "VAN NUYS, CA", "zone_code": "RIO", "zone_category": "Other", "ev_permitted": false}, "geometry": {"type": "Polygon", "coordinates": [[[-118.477331525595, 34.18803557477], [-118.476957969881, 34.1880357843121], [-118.476958095283, 34.1881732063982], [-118.477331616321, 34.188172969516], [-118.477331525595, 34.18803557477]]]}}, {"type": "Feature", "properties": {"zone_id": "0205520GMEYINCABRHVB64", "tract_id": "06037127606", "city": "VAN NUYS, CA", "zone_code": "R1-1", "zone_category": "Residential", "ev_permitted": false}, "geometry": {"type": "Polygon", "coordinates": [[[-118.477331401803, 34.1878981801546], [-118.476957846704, 34.1878983896963], [-118.476957969881, 34.1880357843121], [-118.477331525595, 34.18803557477], [-118.477331401803, 34.1878981801546]]]}}, {"type": "Feature", "properties": {"zone_id": "02052HCPIPNDGRVZPKV8JB", "tract_id": "06037127606", "city": "VAN NUYS, CA", "zone_code": "R1-1", "zone_category": "Residential", "ev_permitted": false}, "geometry": {"type": "Polygon", "coordinates": [[[-118.476957846704, 34.1878983896963], [-118.476583101223, 34.1878986027745], [-118.476583124585, 34.1880359977815], [-118.476957969881, 34.1880357843121], [-118.476957846704, 34.1878983896963]]]}}, {"type": "Feature", "properties": {"zone_id": "0201VD2HQGPCS7XMJPCMUZ", "tract_id": "06037127606", "city": "VAN NUYS, CA", "zone_code": "R1-1", "zone_category": "Residential", "ev_permitted": false}, "geometry": {"type": "Polygon", "coordinates": [[[-118.476957969881, 34.1880357843121], [-118.476583124585, 34.1880359977815], [-118.476583081816, 34.1881733930493], [-118.476958095283, 34.1881732063982], [-118.476957969881, 34.1880357843121]]]}}, {"type": "Feature", "properties": {"zone_id": "0204RZNBN6STVHVFPHWSPW", "tract_id": "06037127606", "city": "VAN NUYS, CA", "zone_code": "R1-1", "zone_category": "Residential", "ev_permitted": false}, "geometry": {"type": "Polygon", "coordinates": [[[-118.478820922081, 34.1877465441805], [-118.478821116522, 34.1878839385243], [-118.479191437992, 34.1878853023427], [-118.479191249142, 34.187747907975], [-118.478820922081, 34.1877465441805]]]}}, {"type": "Feature", "properties": {"zone_id": "0206FOJ7NKMCB2YGX1AF14", "tract_id": "06037127606", "city": "VAN NUYS, CA", "zone_code": "R1-1", "zone_category": "Residential", "ev_permitted": false}, "geometry": {"type": "Polygon", "coordinates": [[[-118.478820762774, 34.1876091496978], [-118.478820922081, 34.1877465441805], [-118.479191249142, 34.187747907975], [-118.479191087159, 34.187610513501], [-118.478820762774, 34.1876091496978]]]}}, {"type": "Feature", "properties": {"zone_id": "0204AIP267P2BKMSE3PV48", "tract_id": "06037127606", "city": "VAN NUYS, CA", "zone_code": "R1-1", "zone_category": "Residential", "ev_permitted": false}, "geometry": {"type": "Polygon", "coordinates": [[[-118.4788209325, 34.1877598989443], [-118.478448800021, 34.1877601349404], [-118.478448929784, 34.1878975295382], [-118.478821126941, 34.187897293288], [-118.4788209325, 34.1877598989443]]]}}, {"type": "Feature", "properties": {"zone_id": "0204MZRJ8CD735E6UR0YJX", "tract_id": "06037127606", "city": "VAN NUYS, CA", "zone_code": "RIO", "zone_category": "Other", "ev_permitted": false}, "geometry": {"type": "Polygon", "coordinates": [[[-118.478820742351, 34.1876225320626], [-118.478448674549, 34.1876227678048], [-118.478448800021, 34.1877601349404], [-118.4788209325, 34.1877598989443], [-118.478820742351, 34.1876225320626]]]}}, {"type": "Feature", "properties": {"zone_id": "02045F2U83C04Y5VNZVGVK", "tract_id": "06037127606", "city": "VAN NUYS, CA", "zone_code": "RIO", "zone_category": "Other", "ev_permitted": false}, "geometry": {"type": "Polygon", "coordinates": [[[-118.478820570401, 34.1874717553461], [-118.478820762774, 34.1876091496978], [-118.479191087159, 34.187610513501], [-118.479190925176, 34.1874731190271], [-118.478820570401, 34.1874717553461]]]}}, {"type": "Feature", "properties": {"zone_id": "0200WW9539U4C5K3CSSYVX", "tract_id": "06037127606", "city": "VAN NUYS, CA", "zone_code": "RIO", "zone_category": "Other", "ev_permitted": false}, "geometry": {"type": "Polygon", "coordinates": [[[-118.478820348535, 34.1873000123331], [-118.478820570401, 34.1874717553461], [-118.479190925176, 34.1874731190271], [-118.479190702549, 34.1873013760147], [-118.478820348535, 34.1873000123331]]]}}, {"type": "Feature", "properties": {"zone_id": "0200TOEG6GF05RCD4SED1Z", "tract_id": "06037127606", "city": "VAN NUYS, CA", "zone_code": "RIO", "zone_category": "Other", "ev_permitted": false}, "geometry": {"type": "Polygon", "coordinates": [[[-118.478820421671, 34.1873477431058], [-118.478448423134, 34.1873479510988], [-118.478448548763, 34.1874853457125], [-118.478820583044, 34.18748513758], [-118.478820421671, 34.1873477431058]]]}}, {"type": "Feature", "properties": {"zone_id": "02013DPTAU2UCZGNW5U7BB", "tract_id": "06037127606", "city": "VAN NUYS, CA", "zone_code": "RIO", "zone_category": "Other", "ev_permitted": false}, "geometry": {"type": "Polygon", "coordinates": [[[-118.478820583044, 34.18748513758], [-118.478448548763, 34.1874853457125], [-118.478448674549, 34.1876227678048], [-118.478820742351, 34.1876225320626], [-118.478820583044, 34.18748513758]]]}}, {"type": "Feature", "properties": {"zone_id": "0203Q7KO703PBQGM6PLG9U", "tract_id": "06037127606", "city": "VAN NUYS, CA", "zone_code": "R1-1", "zone_category": "Residential", "ev_permitted": false}, "geometry": {"type": "Polygon", "coordinates": [[[-118.478263501161, 34.1876228406257], [-118.477889848097, 34.1876230534379], [-118.477889972808, 34.1877604480526], [-118.478263626486, 34.1877602352399], [-118.478263501161, 34.1876228406257]]]}}, {"type": "Feature", "properties": {"zone_id": "02035GYUFG7SZYS5SRWTEJ", "tract_id": "06037127606", "city": "VAN NUYS, CA", "zone_code": "RIO", "zone_category": "Other", "ev_permitted": false}, "geometry": {"type": "Polygon", "coordinates": [[[-118.478263626486, 34.1877602352399], [-118.477889972808, 34.1877604480526], [-118.477890101494, 34.1878978151725], [-118.478263755944, 34.1878976298378], [-118.478263626486, 34.1877602352399]]]}}, {"type": "Feature", "properties": {"zone_id": "0206YSDZIH6T7WE0RRI1WE", "tract_id": "06037127606", "city": "VAN NUYS, CA", "zone_code": "RIO", "zone_category": "Other", "ev_permitted": false}, "geometry": {"type": "Polygon", "coordinates": [[[-118.478263250669, 34.1873480788761], [-118.477889598835, 34.1873482916876], [-118.477889723545, 34.1874856863019], [-118.478263375679, 34.1874854185332], [-118.478263250669, 34.1873480788761]]]}}, {"type": "Feature", "properties": {"zone_id": "0206OD1PEA54V0WTW9YM17", "tract_id": "06037127606", "city": "VAN NUYS, CA", "zone_code": "R1-1", "zone_category": "Residential", "ev_permitted": false}, "geometry": {"type": "Polygon", "coordinates": [[[-118.478263375679, 34.1874854185332], [-118.477889723545, 34.1874856863019], [-118.477889848097, 34.1876230534379], [-118.478263501161, 34.1876228406257], [-118.478263375679, 34.1874854185332]]]}}, {"type": "Feature", "properties": {"zone_id": "0202SEW0BMBRLAWMOXP9P0", "tract_id": "06037127606", "city": "VAN NUYS, CA", "zone_code": "RIO", "zone_category": "Other", "ev_permitted": false}, "geometry": {"type": "Polygon", "coordinates": [[[-118.478820122537, 34.1871282693366], [-118.478820348535, 34.1873000123331], [-118.479190702549, 34.1873013760147], [-118.479190475789, 34.1871296330189], [-118.478820122537, 34.1871282693366]]]}}, {"type": "Feature", "properties": {"zone_id": "0206KX8T9AVN15QQMO7MA4", "tract_id": "06037127606", "city": "VAN NUYS, CA", "zone_code": "RIO", "zone_category": "Other", "ev_permitted": false}, "geometry": {"type": "Polygon", "coordinates": [[[-118.478820229456, 34.1872103762328], [-118.47844826444, 34.187210556616], [-118.478448423134, 34.1873479510988], [-118.478820421671, 34.1873477431058], [-118.478820229456, 34.1872103762328]]]}}, {"type": "Feature", "properties": {"zone_id": "0202IAVIZCF78W7IRCNNIA", "tract_id": "06037127606", "city": "VAN NUYS, CA", "zone_code": "RD1.5-1", "zone_category": "Residential", "ev_permitted": false}, "geometry": {"type": "Polygon", "coordinates": [[[-118.47882007206, 34.187072954264], [-118.478448141036, 34.1870731894727], [-118.47844826444, 34.187210556616], [-118.478820229456, 34.1872103762328], [-118.47882007206, 34.187072954264]]]}}, {"type": "Feature", "properties": {"zone_id": "02030J1IKZGJP4DXZSTLI6", "tract_id": "06037127606", "city": "VAN NUYS, CA", "zone_code": "RD1.5-1", "zone_category": "Residential", "ev_permitted": false}, "geometry": {"type": "Polygon", "coordinates": [[[-118.479190015372, 34.1867842235238], [-118.479039232927, 34.1867842986832], [-118.479039689096, 34.1871290761758], [-118.479190475789, 34.1871296330189], [-118.479190015372, 34.1867842235238]]]}}, {"type": "Feature", "properties": {"zone_id": "0201A4UGJOMATAIRGY2Q6V", "tract_id": "06037127606", "city": "VAN NUYS, CA", "zone_code": "RD1.5-1", "zone_category": "Residential", "ev_permitted": false}, "geometry": {"type": "Polygon", "coordinates": [[[-118.479039232927, 34.1867842986832], [-118.478819707761, 34.1867844259696], [-118.478820122537, 34.1871282693366], [-118.479039689096, 34.1871290761758], [-118.479039232927, 34.1867842986832]]]}}, {"type": "Feature", "properties": {"zone_id": "0200ZYPI8CXOG49SF4RZ2C", "tract_id": "06037127606", "city": "VAN NUYS, CA", "zone_code": "RD1.5-1", "zone_category": "Residential", "ev_permitted": false}, "geometry": {"type": "Polygon", "coordinates": [[[-118.478819707761, 34.1867844259696], [-118.478514009818, 34.1867846190072], [-118.478502503813, 34.1867854836602], [-118.478491353915, 34.1867879873195], [-118.478480898646, 34.1867920539713], [-118.478471455441, 34.1867975601472], [-118.478463311006, 34.1868043386731], [-118.478456712615, 34.1868121837453], [-118.478451860603, 34.1868208571782], [-118.478448902282, 34.1868300956365], [-118.47844792747, 34.1868396186301], [-118.478448046408, 34.1869357947367], [-118.478819877623, 34.186935559921], [-118.478819707761, 34.1867844259696]]]}}, {"type": "Feature", "properties": {"zone_id": "0207IVB3BM0Z7FZ0NDIN4D", "tract_id": "06037127606", "city": "VAN NUYS, CA", "zone_code": "RD1.5-1", "zone_category": "Residential", "ev_permitted": false}, "geometry": {"type": "Polygon", "coordinates": [[[-118.478819877623, 34.186935559921], [-118.478448046408, 34.1869357947367], [-118.478448141036, 34.1870731894727], [-118.47882007206, 34.187072954264], [-118.478819877623, 34.186935559921]]]}}, {"type": "Feature", "properties": {"zone_id": "020749Q2FTIRQ1TABQNYXU", "tract_id": "06037127606", "city": "VAN NUYS, CA", "zone_code": "RIO", "zone_category": "Other", "ev_permitted": false}, "geometry": {"type": "Polygon", "coordinates": [[[-118.478263129479, 34.187210684246], [-118.477889478259, 34.1872108970571], [-118.477889598835, 34.1873482916876], [-118.478263250669, 34.1873480788761], [-118.478263129479, 34.187210684246]]]}}, {"type": "Feature", "properties": {"zone_id": "0201YGKO0T2DVH93VVKMAO", "tract_id": "06037127606", "city": "VAN NUYS, CA", "zone_code": "RD1.5-1", "zone_category": "Residential", "ev_permitted": false}, "geometry": {"type": "Polygon", "coordinates": [[[-118.478263000022, 34.1870732896486], [-118.477889318418, 34.1870735025818], [-118.477889478259, 34.1872108970571], [-118.478263129479, 34.187210684246], [-118.478263000022, 34.1870732896486]]]}}, {"type": "Feature", "properties": {"zone_id": "0200O2V4E9FYP536QY16I8", "tract_id": "06037127606", "city": "VAN NUYS, CA", "zone_code": "RD1.5-1", "zone_category": "Residential", "ev_permitted": false}, "geometry": {"type": "Polygon", "coordinates": [[[-118.478196573246, 34.1867848027232], [-118.477889056531, 34.1867849738927], [-118.477889224709, 34.1869361078454], [-118.4782628437, 34.1869358951577], [-118.478262755975, 34.1868397189283], [-118.478261762469, 34.1868301976429], [-118.478258786402, 34.1868209634836], [-118.478253918102, 34.1868122967222], [-118.478247305331, 34.1868044604091], [-118.478239148796, 34.1867976923892], [-118.478229696061, 34.1867921980832], [-118.478219234032, 34.1867881442525], [-118.478208080249, 34.1867856539374], [-118.478196573246, 34.1867848027232]]]}}, {"type": "Feature", "properties": {"zone_id": "02062DO9ABQ7L1IR8XXHI0", "tract_id": "06037127606", "city": "VAN NUYS, CA", "zone_code": "RD1.5-1", "zone_category": "Residential", "ev_permitted": false}, "geometry": {"type": "Polygon", "coordinates": [[[-118.4782628437, 34.1869358951577], [-118.477889224709, 34.1869361078454], [-118.477889318418, 34.1870735025818], [-118.478263000022, 34.1870732896486], [-118.4782628437, 34.1869358951577]]]}}, {"type": "Feature", "properties": {"zone_id": "0203IG1T99QWV75VUWWSOO", "tract_id": "06037127606", "city": "VAN NUYS, CA", "zone_code": "R1-1", "zone_category": "Residential", "ev_permitted": false}, "geometry": {"type": "Polygon", "coordinates": [[[-118.477889848097, 34.1876230534379], [-118.47751632952, 34.187623292044], [-118.477516451549, 34.1877606866672], [-118.477889972808, 34.1877604480526], [-118.477889848097, 34.1876230534379]]]}}, {"type": "Feature", "properties": {"zone_id": "0207695C2MRENGROM6AY26", "tract_id": "06037127606", "city": "VAN NUYS, CA", "zone_code": "RIO", "zone_category": "Other", "ev_permitted": false}, "geometry": {"type": "Polygon", "coordinates": [[[-118.477889972808, 34.1877604480526], [-118.477516451549, 34.1877606866672], [-118.477516544489, 34.1878980539262], [-118.477890101494, 34.1878978151725], [-118.477889972808, 34.1877604480526]]]}}, {"type": "Feature", "properties": {"zone_id": "0205Q1OOFMUYMOMRLCCX7O", "tract_id": "06037127606", "city": "VAN NUYS, CA", "zone_code": "RIO", "zone_category": "Other", "ev_permitted": false}, "geometry": {"type": "Polygon", "coordinates": [[[-118.477889598835, 34.1873482916876], [-118.477516112328, 34.1873485026921], [-118.477516236423, 34.1874858973068], [-118.477889723545, 34.1874856863019], [-118.477889598835, 34.1873482916876]]]}}, {"type": "Feature", "properties": {"zone_id": "0202XZ4ZQDNS50BLBW3HNX", "tract_id": "06037127606", "city": "VAN NUYS, CA", "zone_code": "R1-1", "zone_category": "Residential", "ev_permitted": false}, "geometry": {"type": "Polygon", "coordinates": [[[-118.477889723545, 34.1874856863019], [-118.477516236423, 34.1874858973068], [-118.47751632952, 34.187623292044], [-118.477889848097, 34.1876230534379], [-118.477889723545, 34.1874856863019]]]}}, {"type": "Feature", "properties": {"zone_id": "0203TBWUNMR6P4H0P9ULLQ", "tract_id": "06037127606", "city": "VAN NUYS, CA", "zone_code": "RIO", "zone_category": "Other", "ev_permitted": false}, "geometry": {"type": "Polygon", "coordinates": [[[-118.477331156286, 34.187623390916], [-118.476957602416, 34.1876236004569], [-118.476957723526, 34.1877609950806], [-118.477331278168, 34.1877608130177], [-118.477331156286, 34.187623390916]]]}}, {"type": "Feature", "properties": {"zone_id": "0200NB1EMCLZWCTY7JLC1E", "tract_id": "06037127606", "city": "VAN NUYS, CA", "zone_code": "R1-1", "zone_category": "Residential", "ev_permitted": false}, "geometry": {"type": "Polygon", "coordinates": [[[-118.477331278168, 34.1877608130177], [-118.476957723526, 34.1877609950806], [-118.476957846704, 34.1878983896963], [-118.477331401803, 34.1878981801546], [-118.477331278168, 34.1877608130177]]]}}, {"type": "Feature", "properties": {"zone_id": "0205T3Q6H8CXUYXNT4E2G6", "tract_id": "06037127606", "city": "VAN NUYS, CA", "zone_code": "R1-1", "zone_category": "Residential", "ev_permitted": false}, "geometry": {"type": "Polygon", "coordinates": [[[-118.476957602416, 34.1876236004569], [-118.476583087563, 34.1876238126305], [-118.476583079926, 34.1877612077595], [-118.476957723526, 34.1877609950806], [-118.476957602416, 34.1876236004569]]]}}, {"type": "Feature", "properties": {"zone_id": "02019G0CFVVJTRXR0P5B7O", "tract_id": "06037127606", "city": "VAN NUYS, CA", "zone_code": "RIO", "zone_category": "Other", "ev_permitted": false}, "geometry": {"type": "Polygon", "coordinates": [[[-118.476957723526, 34.1877609950806], [-118.476583079926, 34.1877612077595], [-118.476583101223, 34.1878986027745], [-118.476957846704, 34.1878983896963], [-118.476957723526, 34.1877609950806]]]}}, {"type": "Feature", "properties": {"zone_id": "0205A9I8CYZ7GOQE4TCJSU", "tract_id": "06037127606", "city": "VAN NUYS, CA", "zone_code": "R1-1", "zone_category": "Residential", "ev_permitted": false}, "geometry": {"type": "Polygon", "coordinates": [[[-118.477330974837, 34.1873486014251], [-118.476957354154, 34.1873488387128], [-118.476957479396, 34.1874862333199], [-118.477331063495, 34.1874859961786], [-118.477330974837, 34.1873486014251]]]}}, {"type": "Feature", "properties": {"zone_id": "0206BPB22CG6RSHCDE2I09", "tract_id": "06037127606", "city": "VAN NUYS, CA", "zone_code": "R1-1", "zone_category": "Residential", "ev_permitted": false}, "geometry": {"type": "Polygon", "coordinates": [[[-118.477331063495, 34.1874859961786], [-118.476957479396, 34.1874862333199], [-118.476957602416, 34.1876236004569], [-118.477331156286, 34.187623390916], [-118.477331063495, 34.1874859961786]]]}}, {"type": "Feature", "properties": {"zone_id": "02047OYSKGM9R80J1CZVHX", "tract_id": "06037127606", "city": "VAN NUYS, CA", "zone_code": "R1-1", "zone_category": "Residential", "ev_permitted": false}, "geometry": {"type": "Polygon", "coordinates": [[[-118.476957479396, 34.1874862333199], [-118.476583066424, 34.1874864450942], [-118.476583087563, 34.1876238126305], [-118.476957602416, 34.1876236004569], [-118.476957479396, 34.1874862333199]]]}}, {"type": "Feature", "properties": {"zone_id": "0206FAUG142DPECZPRGJAD", "tract_id": "06037127606", "city": "VAN NUYS, CA", "zone_code": "R1-1", "zone_category": "Residential", "ev_permitted": false}, "geometry": {"type": "Polygon", "coordinates": [[[-118.476957354154, 34.1873488387128], [-118.47658307406, 34.1873490499655], [-118.476583066424, 34.1874864450942], [-118.476957479396, 34.1874862333199], [-118.476957354154, 34.1873488387128]]]}}, {"type": "Feature", "properties": {"zone_id": "0200OFU24VOC0783LXTNYM", "tract_id": "06037127606", "city": "VAN NUYS, CA", "zone_code": "RD1.5-1", "zone_category": "Residential", "ev_permitted": false}, "geometry": {"type": "Polygon", "coordinates": [[[-118.477889318418, 34.1870735025818], [-118.477515897205, 34.1870737133325], [-118.47751598839, 34.1872111355559], [-118.477889478259, 34.1872108970571], [-118.477889318418, 34.1870735025818]]]}}, {"type": "Feature", "properties": {"zone_id": "0200J7T0IEAXKR8RTLYU4U", "tract_id": "06037127606", "city": "VAN NUYS, CA", "zone_code": "RIO", "zone_category": "Other", "ev_permitted": false}, "geometry": {"type": "Polygon", "coordinates": [[[-118.477889478259, 34.1872108970571], [-118.47751598839, 34.1872111355559], [-118.477516112328, 34.1873485026921], [-118.477889598835, 34.1873482916876], [-118.477889478259, 34.1872108970571]]]}}, {"type": "Feature", "properties": {"zone_id": "02006LYV9E0U7X1GOIEJIJ", "tract_id": "06037127606", "city": "VAN NUYS, CA", "zone_code": "RD1.5-1", "zone_category": "Residential", "ev_permitted": false}, "geometry": {"type": "Polygon", "coordinates": [[[-118.477889224709, 34.1869361078454], [-118.477515773111, 34.1869363187182], [-118.477515897205, 34.1870737133325], [-118.477889318418, 34.1870735025818], [-118.477889224709, 34.1869361078454]]]}}, {"type": "Feature", "properties": {"zone_id": "0206P5G0EBCEV0XES5B8NL", "tract_id": "06037127606", "city": "VAN NUYS, CA", "zone_code": "RD1.5-1", "zone_category": "Residential", "ev_permitted": false}, "geometry": {"type": "Polygon", "coordinates": [[[-118.477889056531, 34.1867849738927], [-118.477581769365, 34.1867851708531], [-118.477570266413, 34.1867860337232], [-118.477559119072, 34.1867885349616], [-118.477548665694, 34.186792598649], [-118.477539223565, 34.1867981014419], [-118.477531079278, 34.1868048763161], [-118.477524480034, 34.1868127176363], [-118.477519626136, 34.186821387398], [-118.477516664913, 34.1868306224513], [-118.477515686245, 34.1868401424883], [-118.477515773111, 34.1869363187182], [-118.477889224709, 34.1869361078454], [-118.477889056531, 34.1867849738927]]]}}, {"type": "Feature", "properties": {"zone_id": "0200TTHSHTW45VS877W5OE", "tract_id": "06037127606", "city": "VAN NUYS, CA", "zone_code": "RD1.5-1", "zone_category": "Residential", "ev_permitted": false}, "geometry": {"type": "Polygon", "coordinates": [[[-118.477330725347, 34.1870738396822], [-118.476957107803, 34.1870740494826], [-118.476957230978, 34.1872114440976], [-118.477330816071, 34.1872112344274], [-118.477330725347, 34.1870738396822]]]}}, {"type": "Feature", "properties": {"zone_id": "0203ARH2LQE7OZ0O18Z8W6", "tract_id": "06037127606", "city": "VAN NUYS, CA", "zone_code": "RIO", "zone_category": "Other", "ev_permitted": false}, "geometry": {"type": "Polygon", "coordinates": [[[-118.477330816071, 34.1872112344274], [-118.476957230978, 34.1872114440976], [-118.476957354154, 34.1873488387128], [-118.477330974837, 34.1873486014251], [-118.477330816071, 34.1872112344274]]]}}, {"type": "Feature", "properties": {"zone_id": "0200DODPZRVXLHOTZEE8DZ", "tract_id": "06037127606", "city": "VAN NUYS, CA", "zone_code": "R1-1", "zone_category": "Residential", "ev_permitted": false}, "geometry": {"type": "Polygon", "coordinates": [[[-118.476957230978, 34.1872114440976], [-118.476583050698, 34.1872116549592], [-118.47658307406, 34.1873490499655], [-118.476957354154, 34.1873488387128], [-118.476957230978, 34.1872114440976]]]}}, {"type": "Feature", "properties": {"zone_id": "020070HK5BT4SG3Z0O3OZC", "tract_id": "06037127606", "city": "VAN NUYS, CA", "zone_code": "RD1.5-1", "zone_category": "Residential", "ev_permitted": false}, "geometry": {"type": "Polygon", "coordinates": [[[-118.476957107803, 34.1870740494826], [-118.476583029402, 34.1870742599448], [-118.476583050698, 34.1872116549592], [-118.476957230978, 34.1872114440976], [-118.476957107803, 34.1870740494826]]]}}, {"type": "Feature", "properties": {"zone_id": "0203NBXQQD9RT9J510NXQ6", "tract_id": "06037127606", "city": "VAN NUYS, CA", "zone_code": "RD1.5-1", "zone_category": "Residential", "ev_permitted": false}, "geometry": {"type": "Polygon", "coordinates": [[[-118.477264332789, 34.1867853521225], [-118.47695681607, 34.1867855209219], [-118.476956951562, 34.1869366549981], [-118.477330601557, 34.1869364450678], [-118.477330514905, 34.1868402688377], [-118.477329524015, 34.1868307467135], [-118.477326549723, 34.1868215114903], [-118.477321682362, 34.1868128436515], [-118.477315069759, 34.1868050064486], [-118.477306912745, 34.1867982379059], [-118.477297459057, 34.1867927435914], [-118.477286995814, 34.1867886903732], [-118.477275840794, 34.1867862013522], [-118.477264332789, 34.1867853521225]]]}}, {"type": "Feature", "properties": {"zone_id": "0202B89NN0RTW0CI5XFBXD", "tract_id": "06037127606", "city": "VAN NUYS, CA", "zone_code": "RIO", "zone_category": "Other", "ev_permitted": false}, "geometry": {"type": "Polygon", "coordinates": [[[-118.477330601557, 34.1869364450678], [-118.476956951562, 34.1869366549981], [-118.476957107803, 34.1870740494826], [-118.477330725347, 34.1870738396822], [-118.477330601557, 34.1869364450678]]]}}, {"type": "Feature", "properties": {"zone_id": "0203YL0QTPUAF1IQLWH2M6", "tract_id": "06037127606", "city": "VAN NUYS, CA", "zone_code": "RD1.5-1", "zone_category": "Residential", "ev_permitted": false}, "geometry": {"type": "Polygon", "coordinates": [[[-118.476956951562, 34.1869366549981], [-118.476583037039, 34.1869368648165], [-118.476583029402, 34.1870742599448], [-118.476957107803, 34.1870740494826], [-118.476956951562, 34.1869366549981]]]}}, {"type": "Feature", "properties": {"zone_id": "0205Y0EDXQPLG47OQS0OPY", "tract_id": "06037127606", "city": "VAN NUYS, CA", "zone_code": "RD1.5-1", "zone_category": "Residential", "ev_permitted": false}, "geometry": {"type": "Polygon", "coordinates": [[[-118.47695681607, 34.1867855209219], [-118.476649100956, 34.1867856897213], [-118.476637597994, 34.1867865525026], [-118.476626450626, 34.1867890536549], [-118.476615997202, 34.1867931172618], [-118.476606555011, 34.186798619982], [-118.476598410649, 34.1868053947935], [-118.476591811316, 34.186813236063], [-118.476586957322, 34.1868219057873], [-118.476583995995, 34.1868311408177], [-118.476583017222, 34.186840660847], [-118.476583037039, 34.1869368648165], [-118.476956951562, 34.1869366549981], [-118.47695681607, 34.1867855209219]]]}}, {"type": "Feature", "properties": {"zone_id": "0202R2ZYIP0VTVRAFOS40S", "tract_id": "06037127606", "city": "VAN NUYS, CA", "zone_code": "R1-1", "zone_category": "Residential", "ev_permitted": false}, "geometry": {"type": "Polygon", "coordinates": [[[-118.475990962771, 34.1918659679867], [-118.475874733405, 34.1921336828045], [-118.476035618165, 34.1921815777197], [-118.476050846165, 34.1921839726957], [-118.476066223031, 34.1921823544459], [-118.476080240844, 34.1921768816623], [-118.476086301486, 34.1921728539723], [-118.476095782407, 34.1921627103228], [-118.476128608108, 34.1920889646644], [-118.476146077144, 34.1920413600134], [-118.476157459666, 34.1919925096997], [-118.476162631974, 34.1919429446199], [-118.476162889323, 34.1918666343685], [-118.475990962771, 34.1918659679867]]]}}, {"type": "Feature", "properties": {"zone_id": "0202VFYOK9CTZOHBN6WE0H", "tract_id": "06037127606", "city": "VAN NUYS, CA", "zone_code": "RD1.5-1", "zone_category": "Residential", "ev_permitted": false}, "geometry": {"type": "Polygon", "coordinates": [[[-118.475492747072, 34.1922249314269], [-118.475493057293, 34.1924998028361], [-118.475698047123, 34.1924996563712], [-118.475697720328, 34.1922441302548], [-118.475630058218, 34.1922333907392], [-118.475561599171, 34.1922269785197], [-118.475492747072, 34.1922249314269]]]}}, {"type": "Feature", "properties": {"zone_id": "02043S0K8W51HWUQEWOLD1", "tract_id": "06037127606", "city": "VAN NUYS, CA", "zone_code": "RD1.5-1", "zone_category": "Residential", "ev_permitted": false}, "geometry": {"type": "Polygon", "coordinates": [[[-118.475697720328, 34.1922441302548], [-118.475698047123, 34.1924996563712], [-118.475998144283, 34.1924994650933], [-118.475999950301, 34.1924547596965], [-118.476005459711, 34.1924102620702], [-118.476014646557, 34.1923661818669], [-118.476014792934, 34.1923593654671], [-118.476013580615, 34.1923526221436], [-118.476011042686, 34.1923461359218], [-118.476007248405, 34.1923400838107], [-118.476002301319, 34.1923346309727], [-118.475989516531, 34.1923260979337], [-118.475982027727, 34.1923232505996], [-118.475799547301, 34.192268900552], [-118.47574907676, 34.1922552695798], [-118.475697720328, 34.1922441302548]]]}}, {"type": "Feature", "properties": {"zone_id": "0205UDZ9FFLGG9CE954SW7", "tract_id": "06037127606", "city": "VAN NUYS, CA", "zone_code": "RD1.5-1", "zone_category": "Residential", "ev_permitted": false}, "geometry": {"type": "Polygon", "coordinates": [[[-118.475492747072, 34.1922249314269], [-118.475135544198, 34.1922252358591], [-118.475124044376, 34.1922261024726], [-118.475112900755, 34.1922286063537], [-118.475102451368, 34.1922326715492], [-118.475093013188, 34.1922381747443], [-118.475084872516, 34.1922449490036], [-118.475078276293, 34.192252788835], [-118.475073424609, 34.1922614564233], [-118.475070464637, 34.1922706888437], [-118.475069486165, 34.1922802060379], [-118.475069645691, 34.1925001199974], [-118.475493057293, 34.1924998028361], [-118.475492747072, 34.1922249314269]]]}}, {"type": "Feature", "properties": {"zone_id": "0200JEEGTTBKTGG5CUGPUX", "tract_id": "06037127606", "city": "VAN NUYS, CA", "zone_code": "R1-1", "zone_category": "Residential", "ev_permitted": false}, "geometry": {"type": "Polygon", "coordinates": [[[-118.475432907299, 34.1918436479346], [-118.475434462718, 34.1920766089444], [-118.475527354151, 34.1920769582626], [-118.475579861095, 34.1920793222276], [-118.475632164565, 34.1920838143903], [-118.475697513864, 34.1920924743586], [-118.475756152764, 34.1918439433229], [-118.475432907299, 34.1918436479346]]]}}, {"type": "Feature", "properties": {"zone_id": "02052BRO71JKC53VD6QTUZ", "tract_id": "06037127606", "city": "VAN NUYS, CA", "zone_code": "R1-1", "zone_category": "Residential", "ev_permitted": false}, "geometry": {"type": "Polygon", "coordinates": [[[-118.475751178318, 34.1918650392955], [-118.475697513864, 34.1920924743586], [-118.475757485156, 34.1921034701198], [-118.475816619933, 34.1921172205915], [-118.475874733405, 34.1921336828045], [-118.475990962771, 34.1918659679867], [-118.475751178318, 34.1918650392955]]]}}, {"type": "Feature", "properties": {"zone_id": "020106T9YZBE9VAXNY8H2F", "tract_id": "06037127606", "city": "VAN NUYS, CA", "zone_code": "RD1.5-1", "zone_category": "Residential", "ev_permitted": false}, "geometry": {"type": "Polygon", "coordinates": [[[-118.475072459605, 34.1918433054439], [-118.475069152838, 34.1918433184309], [-118.475069273803, 34.1920219315763], [-118.475070273425, 34.1920314539652], [-118.475073255054, 34.19204068852], [-118.47507812827, 34.1920493551911], [-118.475084745285, 34.192057191151], [-118.47509290543, 34.1920639587644], [-118.475102361239, 34.192069452795], [-118.475112825952, 34.1920735066295], [-118.475123982212, 34.1920759973306], [-118.475135491693, 34.1920768493645], [-118.475434462718, 34.1920766089444], [-118.475432907299, 34.1918436479346], [-118.475072459605, 34.1918433054439]]]}}, {"type": "Feature", "properties": {"zone_id": "0206M4BPZVETIYLMA54ZES", "tract_id": "06037127606", "city": "VAN NUYS, CA", "zone_code": "R1-1", "zone_category": "Residential", "ev_permitted": false}, "geometry": {"type": "Polygon", "coordinates": [[[-118.476341386717, 34.1917380167548], [-118.476341494304, 34.1918902501029], [-118.476748443539, 34.1918918344556], [-118.476748331077, 34.1917396011242], [-118.476341386717, 34.1917380167548]]]}}, {"type": "Feature", "properties": {"zone_id": "0206LKGH509F84DDN5DZZB", "tract_id": "06037127606", "city": "VAN NUYS, CA", "zone_code": "R1-1", "zone_category": "Residential", "ev_permitted": false}, "geometry": {"type": "Polygon", "coordinates": [[[-118.476341246063, 34.191585783537], [-118.476341386717, 34.1917380167548], [-118.476748331077, 34.1917396011242], [-118.476748193815, 34.1915873678906], [-118.476341246063, 34.191585783537]]]}}, {"type": "Feature", "properties": {"zone_id": "02033RFZEBM6BUXNUPC19P", "tract_id": "06037127606", "city": "LAKE BALBOA, CA", "zone_code": "R1-1", "zone_category": "Residential", "ev_permitted": false}, "geometry": {"type": "Polygon", "coordinates": [[[-118.4757559365, 34.1915683021299], [-118.475756060376, 34.1917166883474], [-118.476162803992, 34.1917182479967], [-118.47616268575, 34.1915698892337], [-118.4757559365, 34.1915683021299]]]}}, {"type": "Feature", "properties": {"zone_id": "0205XJPZGYJ1JCXUL8A0PW", "tract_id": "06037127606", "city": "VAN NUYS, CA", "zone_code": "RD1.5-1", "zone_category": "Residential", "ev_permitted": false}, "geometry": {"type": "Polygon", "coordinates": [[[-118.476087429121, 34.192499361032], [-118.475013429259, 34.1925001758927], [-118.475013576267, 34.1927117362795], [-118.476087676142, 34.1927109485135], [-118.476087429121, 34.192499361032]]]}}, {"type": "Feature", "properties": {"zone_id": "0206UDG64L8BCB0QQ0Q9WQ", "tract_id": "06037127606", "city": "VAN NUYS, CA", "zone_code": "RD1.5-1", "zone_category": "Residential", "ev_permitted": false}, "geometry": {"type": "Polygon", "coordinates": [[[-118.476087790922, 34.1928703263777], [-118.47501368693, 34.1928711141528], [-118.475013819072, 34.1930222757153], [-118.47608795983, 34.193021432844], [-118.476087790922, 34.1928703263777]]]}}, {"type": "Feature", "properties": {"zone_id": "0201H8JXRL1KX82VIK7437", "tract_id": "06037127606", "city": "VAN NUYS, CA", "zone_code": "RD1.5-1", "zone_category": "Residential", "ev_permitted": false}, "geometry": {"type": "Polygon", "coordinates": [[[-118.476087676142, 34.1927109485135], [-118.475013576267, 34.1927117362795], [-118.47501368693, 34.1928711141528], [-118.476087790922, 34.1928703263777], [-118.476087676142, 34.1927109485135]]]}}, {"type": "Feature", "properties": {"zone_id": "0203DBUDOAJRH1ZXJWALRK", "tract_id": "06037127606", "city": "VAN NUYS, CA", "zone_code": "R3-1", "zone_category": "Residential", "ev_permitted": false}, "geometry": {"type": "Polygon", "coordinates": [[[-118.47608795983, 34.193021432844], [-118.475757272449, 34.1930216896953], [-118.47575798477, 34.1937911818812], [-118.476088675198, 34.1937909250279], [-118.47608795983, 34.193021432844]]]}}, {"type": "Feature", "properties": {"zone_id": "0200Q7RMCJZMK88RXTR5DQ", "tract_id": "06037127606", "city": "VAN NUYS, CA", "zone_code": "R3-1", "zone_category": "Residential", "ev_permitted": false}, "geometry": {"type": "Polygon", "coordinates": [[[-118.476418551865, 34.1929526427872], [-118.476087863974, 34.1929527631502], [-118.47608868705, 34.1937991686873], [-118.476419313438, 34.1937989111823], [-118.476418551865, 34.1929526427872]]]}}, {"type": "Feature", "properties": {"zone_id": "0200ODU0AEJNNLPAZ4BNS0", "tract_id": "06037127606", "city": "VAN NUYS, CA", "zone_code": "RD1.5-1", "zone_category": "Residential", "ev_permitted": false}, "geometry": {"type": "Polygon", "coordinates": [[[-118.475757272449, 34.1930216896953], [-118.475013819072, 34.1930222757153], [-118.475013938903, 34.193159642859], [-118.475757393659, 34.1931590843166], [-118.475757272449, 34.1930216896953]]]}}, {"type": "Feature", "properties": {"zone_id": "0202RHHE69ZR2J6JYUADVI", "tract_id": "06037127606", "city": "VAN NUYS, CA", "zone_code": "RD1.5-1", "zone_category": "Residential", "ev_permitted": false}, "geometry": {"type": "Polygon", "coordinates": [[[-118.475757393659, 34.1931590843166], [-118.475013938903, 34.193159642859], [-118.47501402789, 34.1932970376029], [-118.475757512803, 34.1932964789462], [-118.475757393659, 34.1931590843166]]]}}, {"type": "Feature", "properties": {"zone_id": "0207I3ESJJ9PIIU67EPFPL", "tract_id": "06037127606", "city": "VAN NUYS, CA", "zone_code": "RD1.5-1", "zone_category": "Residential", "ev_permitted": false}, "geometry": {"type": "Polygon", "coordinates": [[[-118.475757512803, 34.1932964789462], [-118.475080196492, 34.1932969701025], [-118.47508051498, 34.1937366881105], [-118.475081507994, 34.1937462095049], [-118.475084483819, 34.1937554438396], [-118.475089352127, 34.1937641108219], [-118.47509596515, 34.1937719473803], [-118.475104122161, 34.1937787156494], [-118.475113575566, 34.19378421019], [-118.475124038424, 34.1937882642247], [-118.475135193153, 34.1937907547004], [-118.475146701168, 34.1937916060229], [-118.47575798477, 34.1937911818812], [-118.475757512803, 34.1932964789462]]]}}, {"type": "Feature", "properties": {"zone_id": "02059YF5XZI9VXREKZT5F1", "tract_id": "06037127606", "city": "VAN NUYS, CA", "zone_code": "R1-1", "zone_category": "Residential", "ev_permitted": false}, "geometry": {"type": "Polygon", "coordinates": [[[-118.476097349658, 34.1924993494655], [-118.476087429121, 34.192499361032], [-118.476087863974, 34.1929527631502], [-118.476418551865, 34.1929526427872], [-118.47641853807, 34.1929444266144], [-118.476097770646, 34.1929445079325], [-118.476097349658, 34.1924993494655]]]}}, {"type": "Feature", "properties": {"zone_id": "0205DBHVMUVUB8Q3UEVV8A", "tract_id": "06037127606", "city": "VAN NUYS, CA", "zone_code": "R1-1", "zone_category": "Residential", "ev_permitted": false}, "geometry": {"type": "Polygon", "coordinates": [[[-118.476176884376, 34.1926625640502], [-118.476177054766, 34.1928374673424], [-118.476177770782, 34.192844548883], [-118.476179953187, 34.1928514220413], [-118.476183536525, 34.1928578806712], [-118.476188413322, 34.19286373106], [-118.476194437307, 34.1928687977374], [-118.476201427806, 34.1928729287394], [-118.47620917515, 34.1928760001651], [-118.476225995189, 34.1928786303474], [-118.476242894625, 34.1928763751036], [-118.476313175815, 34.1928446255503], [-118.476332902133, 34.1928370184659], [-118.476353762462, 34.192831882519], [-118.476375307133, 34.1928293284213], [-118.476397071726, 34.1928294112297], [-118.476418587079, 34.1928321291591], [-118.476439389404, 34.1928374236211], [-118.476512939577, 34.1926644282645], [-118.476176884376, 34.1926625640502]]]}}, {"type": "Feature", "properties": {"zone_id": "0200WF3NR6SUZRZNYEH2RF", "tract_id": "06037127606", "city": "VAN NUYS, CA", "zone_code": "R1-1", "zone_category": "Residential", "ev_permitted": false}, "geometry": {"type": "Polygon", "coordinates": [[[-118.476583194611, 34.1924989750963], [-118.476176714114, 34.1924992843832], [-118.476176884376, 34.1926625640502], [-118.476512939577, 34.1926644282645], [-118.476583194611, 34.1924989750963]]]}}, {"type": "Feature", "properties": {"zone_id": "0205GZDZ4HVKZEXGXKA6YL", "tract_id": "06037127606", "city": "VAN NUYS, CA", "zone_code": "RIO", "zone_category": "Other", "ev_permitted": false}, "geometry": {"type": "Polygon", "coordinates": [[[-118.476209757155, 34.1923381822044], [-118.47619001467, 34.1923963684805], [-118.476179977137, 34.1924475269393], [-118.476176714114, 34.1924992843832], [-118.476748932328, 34.1924988990558], [-118.476748822746, 34.1923402905796], [-118.476209757155, 34.1923381822044]]]}}, {"type": "Feature", "properties": {"zone_id": "0200LKKUS1DKDXKY5EQWNV", "tract_id": "06037127606", "city": "VAN NUYS, CA", "zone_code": "R1-1", "zone_category": "Residential", "ev_permitted": false}, "geometry": {"type": "Polygon", "coordinates": [[[-118.476272495408, 34.192194439757], [-118.476209757155, 34.1923381822044], [-118.476748822746, 34.1923402905796], [-118.476748693265, 34.1921963010211], [-118.476272495408, 34.192194439757]]]}}, {"type": "Feature", "properties": {"zone_id": "0202B1NE7Q2PTD8Z8GI1AP", "tract_id": "06037127606", "city": "VAN NUYS, CA", "zone_code": "R1-1", "zone_category": "Residential", "ev_permitted": false}, "geometry": {"type": "Polygon", "coordinates": [[[-118.476328473366, 34.1920424252331], [-118.476314834745, 34.1920915370301], [-118.4762964549, 34.1921395797312], [-118.476272495408, 34.192194439757], [-118.476748693265, 34.1921963010211], [-118.476748584936, 34.1920440676731], [-118.476328473366, 34.1920424252331]]]}}, {"type": "Feature", "properties": {"zone_id": "0201F6C4R4YOXLDHTFL0Y0", "tract_id": "06037127606", "city": "VAN NUYS, CA", "zone_code": "R1-1", "zone_category": "Residential", "ev_permitted": false}, "geometry": {"type": "Polygon", "coordinates": [[[-118.476341494304, 34.1918902501029], [-118.476341585963, 34.1919300030048], [-118.476339731957, 34.1919697263691], [-118.476335383998, 34.192006211577], [-118.476328473366, 34.1920424252331], [-118.476748584936, 34.1920440676731], [-118.476748443539, 34.1918918344556], [-118.476341494304, 34.1918902501029]]]}}, {"type": "Feature", "properties": {"zone_id": "02032VR0KTNQXTUQBQCU8Z", "tract_id": "06037127606", "city": "LAKE BALBOA, CA", "zone_code": "R1-1", "zone_category": "Residential", "ev_permitted": false}, "geometry": {"type": "Polygon", "coordinates": [[[-118.475756060376, 34.1917166883474], [-118.475756152764, 34.1918439433229], [-118.475751178318, 34.1918650392955], [-118.476162889323, 34.1918666343685], [-118.476162803992, 34.1917182479967], [-118.475756060376, 34.1917166883474]]]}}, {"type": "Feature", "properties": {"zone_id": "0206J18C92DAO44PBLFIM9", "tract_id": "06037127606", "city": "VAN NUYS, CA", "zone_code": "R1-1", "zone_category": "Residential", "ev_permitted": false}, "geometry": {"type": "Polygon", "coordinates": [[[-118.4763411407, 34.1914335776595], [-118.476341246063, 34.191585783537], [-118.476748193815, 34.1915873678906], [-118.476748118711, 34.1914351618912], [-118.4763411407, 34.1914335776595]]]}}, {"type": "Feature", "properties": {"zone_id": "0201333SIZKNZLQ88I3MJM", "tract_id": "06037127606", "city": "LAKE BALBOA, CA", "zone_code": "R1-1", "zone_category": "Residential", "ev_permitted": false}, "geometry": {"type": "Polygon", "coordinates": [[[-118.475755856026, 34.1914199157419], [-118.4757559365, 34.1915683021299], [-118.47616268575, 34.1915698892337], [-118.476162567353, 34.1914215029923], [-118.475755856026, 34.1914199157419]]]}}, {"type": "Feature", "properties": {"zone_id": "0200TD0BLSIJZQM9XFZ7X8", "tract_id": "06037127606", "city": "VAN NUYS, CA", "zone_code": "RD1.5-1", "zone_category": "Residential", "ev_permitted": false}, "geometry": {"type": "Polygon", "coordinates": [[[-118.475072232848, 34.1915712365721], [-118.475072459605, 34.1918433054439], [-118.475756152764, 34.1918439433229], [-118.47575595716, 34.1915719292792], [-118.475072232848, 34.1915712365721]]]}}, {"type": "Feature", "properties": {"zone_id": "0207M5CIGWNWIBEEV7ULLR", "tract_id": "06037127606", "city": "VAN NUYS, CA", "zone_code": "RD1.5-1", "zone_category": "Residential", "ev_permitted": false}, "geometry": {"type": "Polygon", "coordinates": [[[-118.475072043605, 34.1912992225116], [-118.475072232848, 34.1915712365721], [-118.47575595716, 34.1915719292792], [-118.475755763467, 34.1912998877494], [-118.475072043605, 34.1912992225116]]]}}, {"type": "Feature", "properties": {"zone_id": "0200N2ZOG6BPXB5BW1A57E", "tract_id": "06037127606", "city": "VAN NUYS, CA", "zone_code": "RIO", "zone_category": "Other", "ev_permitted": false}, "geometry": {"type": "Polygon", "coordinates": [[[-118.476340958597, 34.1911291108341], [-118.476341030891, 34.1912813168415], [-118.476747977473, 34.1912829561527], [-118.476747835922, 34.1911306954574], [-118.476340958597, 34.1911291108341]]]}}, {"type": "Feature", "properties": {"zone_id": "0203DJK2USI3AE0M2P22M3", "tract_id": "06037127606", "city": "VAN NUYS, CA", "zone_code": "R1-1", "zone_category": "Residential", "ev_permitted": false}, "geometry": {"type": "Polygon", "coordinates": [[[-118.476341030891, 34.1912813168415], [-118.4763411407, 34.1914335776595], [-118.476748118711, 34.1914351618912], [-118.476747977473, 34.1912829561527], [-118.476341030891, 34.1912813168415]]]}}, {"type": "Feature", "properties": {"zone_id": "020617XX32IWRDCOHLZ0B0", "tract_id": "06037127606", "city": "LAKE BALBOA, CA", "zone_code": "R1-1", "zone_category": "Residential", "ev_permitted": false}, "geometry": {"type": "Polygon", "coordinates": [[[-118.47575561861, 34.1911231432669], [-118.475755740418, 34.1912715294922], [-118.476162448955, 34.1912731167511], [-118.476162365692, 34.1911247303718], [-118.47575561861, 34.1911231432669]]]}}, {"type": "Feature", "properties": {"zone_id": "0206EZVUI4P6OU7F0ZN0I2", "tract_id": "06037127606", "city": "LAKE BALBOA, CA", "zone_code": "R1-1", "zone_category": "Residential", "ev_permitted": false}, "geometry": {"type": "Polygon", "coordinates": [[[-118.475755740418, 34.1912715294922], [-118.475755856026, 34.1914199157419], [-118.476162567353, 34.1914215029923], [-118.476162448955, 34.1912731167511], [-118.475755740418, 34.1912715294922]]]}}, {"type": "Feature", "properties": {"zone_id": "02046OACWI3HBP30A0M6OP", "tract_id": "06037127606", "city": "VAN NUYS, CA", "zone_code": "R1-1", "zone_category": "Residential", "ev_permitted": false}, "geometry": {"type": "Polygon", "coordinates": [[[-118.47634069233, 34.1908388784729], [-118.47634081243, 34.1909762731001], [-118.476747727596, 34.1909784621104], [-118.476747571692, 34.1908410676221], [-118.47634069233, 34.1908388784729]]]}}, {"type": "Feature", "properties": {"zone_id": "0202L83JSCB8P82F663L3E", "tract_id": "06037127606", "city": "VAN NUYS, CA", "zone_code": "RIO", "zone_category": "Other", "ev_permitted": false}, "geometry": {"type": "Polygon", "coordinates": [[[-118.47634081243, 34.1909762731001], [-118.476340958597, 34.1911291108341], [-118.476747835922, 34.1911306954574], [-118.476747727596, 34.1909784621104], [-118.47634081243, 34.1909762731001]]]}}, {"type": "Feature", "properties": {"zone_id": "0201FPYH0G5RRYP37X1Y9P", "tract_id": "06037127606", "city": "LAKE BALBOA, CA", "zone_code": "R1-1", "zone_category": "Residential", "ev_permitted": false}, "geometry": {"type": "Polygon", "coordinates": [[[-118.475755524456, 34.1909730807129], [-118.47575561861, 34.1911231432669], [-118.476162365692, 34.1911247303718], [-118.476162239277, 34.1909752999596], [-118.475755524456, 34.1909730807129]]]}}, {"type": "Feature", "properties": {"zone_id": "0205QLB1IPYZ6PFU6R3FCU", "tract_id": "06037127606", "city": "LAKE BALBOA, CA", "zone_code": "RIO", "zone_category": "Other", "ev_permitted": false}, "geometry": {"type": "Polygon", "coordinates": [[[-118.475755395595, 34.1908288988056], [-118.475755524456, 34.1909730807129], [-118.476162239277, 34.1909752999596], [-118.47616214469, 34.1908310904361], [-118.475755395595, 34.1908288988056]]]}}, {"type": "Feature", "properties": {"zone_id": "0203CAQVUAH0ATYG3DVCZX", "tract_id": "06037127606", "city": "VAN NUYS, CA", "zone_code": "RD1.5-1", "zone_category": "Residential", "ev_permitted": false}, "geometry": {"type": "Polygon", "coordinates": [[[-118.475071442794, 34.1905369569012], [-118.475072043605, 34.1912992225116], [-118.475755763467, 34.1912998877494], [-118.475755191707, 34.1905376494828], [-118.475071442794, 34.1905369569012]]]}}, {"type": "Feature", "properties": {"zone_id": "0204REBGEEBRLK487G73FU", "tract_id": "06037127606", "city": "VAN NUYS, CA", "zone_code": "RIO", "zone_category": "Other", "ev_permitted": false}, "geometry": {"type": "Polygon", "coordinates": [[[-118.476340578798, 34.1906740048], [-118.47634069233, 34.1908388784729], [-118.476747571692, 34.1908410676221], [-118.476747490424, 34.1906761938192], [-118.476340578798, 34.1906740048]]]}}, {"type": "Feature", "properties": {"zone_id": "0207G8GWMGWM6O3SILTMEM", "tract_id": "06037127606", "city": "VAN NUYS, CA", "zone_code": "R1-1", "zone_category": "Residential", "ev_permitted": false}, "geometry": {"type": "Polygon", "coordinates": [[[-118.476340478857, 34.1905350712686], [-118.476340578798, 34.1906740048], [-118.476747490424, 34.1906761938192], [-118.476747356481, 34.1905364910069], [-118.476340478857, 34.1905350712686]]]}}, {"type": "Feature", "properties": {"zone_id": "0205ORGKXETWAG9GZITM4X", "tract_id": "06037127606", "city": "LAKE BALBOA, CA", "zone_code": "RIO", "zone_category": "Other", "ev_permitted": false}, "geometry": {"type": "Polygon", "coordinates": [[[-118.475755191707, 34.1905376494828], [-118.475755260505, 34.190683260535], [-118.476162009048, 34.1906854796443], [-118.476161929046, 34.1905380275393], [-118.475755191707, 34.1905376494828]]]}}, {"type": "Feature", "properties": {"zone_id": "02068JAI1RFZQOT7PBQ0D7", "tract_id": "06037127606", "city": "LAKE BALBOA, CA", "zone_code": "RIO", "zone_category": "Other", "ev_permitted": false}, "geometry": {"type": "Polygon", "coordinates": [[[-118.475755260505, 34.190683260535], [-118.475755395595, 34.1908288988056], [-118.47616214469, 34.1908310904361], [-118.476162009048, 34.1906854796443], [-118.475755260505, 34.190683260535]]]}}, {"type": "Feature", "properties": {"zone_id": "0201JRWEXWLSPD7JFLXD3T", "tract_id": "06037127606", "city": "VAN NUYS, CA", "zone_code": "R1-1", "zone_category": "Residential", "ev_permitted": false}, "geometry": {"type": "Polygon", "coordinates": [[[-118.476340220793, 34.1902053240457], [-118.476340365325, 34.190370197596], [-118.476747242146, 34.1903716173347], [-118.476747092835, 34.1902067712795], [-118.476340220793, 34.1902053240457]]]}}, {"type": "Feature", "properties": {"zone_id": "02022ESC7TVWL1T8NQILEH", "tract_id": "06037127606", "city": "VAN NUYS, CA", "zone_code": "RIO", "zone_category": "Other", "ev_permitted": false}, "geometry": {"type": "Polygon", "coordinates": [[[-118.476340365325, 34.190370197596], [-118.476340478857, 34.1905350712686], [-118.476747356481, 34.1905364910069], [-118.476747242146, 34.1903716173347], [-118.476340365325, 34.190370197596]]]}}, {"type": "Feature", "properties": {"zone_id": "02000A0N7V6SM5G2HNQ2YR", "tract_id": "06037127606", "city": "VAN NUYS, CA", "zone_code": "RIO", "zone_category": "Other", "ev_permitted": false}, "geometry": {"type": "Polygon", "coordinates": [[[-118.475754906047, 34.1901797913396], [-118.4757550119, 34.1903199339209], [-118.476161748336, 34.1903203394565], [-118.4761616418, 34.1901801968755], [-118.475754906047, 34.1901797913396]]]}}, {"type": "Feature", "properties": {"zone_id": "0202BSILB92TP04HGT4RWP", "tract_id": "06037127606", "city": "LAKE BALBOA, CA", "zone_code": "RIO", "zone_category": "Other", "ev_permitted": false}, "geometry": {"type": "Polygon", "coordinates": [[[-118.4757550119, 34.1903199339209], [-118.475755191707, 34.1905376494828], [-118.476161929046, 34.1905380275393], [-118.476161748336, 34.1903203394565], [-118.4757550119, 34.1903199339209]]]}}, {"type": "Feature", "properties": {"zone_id": "0206F0Q2FAV8WI0019QQBX", "tract_id": "06037127606", "city": "VAN NUYS, CA", "zone_code": "RD1.5-1", "zone_category": "Residential", "ev_permitted": false}, "geometry": {"type": "Polygon", "coordinates": [[[-118.475071295926, 34.1903192686951], [-118.475071442794, 34.1905369569012], [-118.475755191707, 34.1905376494828], [-118.4757550119, 34.1903199339209], [-118.475071295926, 34.1903192686951]]]}}, {"type": "Feature", "properties": {"zone_id": "020273MQH70ECUGHZEBZKG", "tract_id": "06037127606", "city": "VAN NUYS, CA", "zone_code": "RIO", "zone_category": "Other", "ev_permitted": false}, "geometry": {"type": "Polygon", "coordinates": [[[-118.476394448617, 34.1899036106787], [-118.476398649418, 34.1899223346064], [-118.476399370595, 34.1899413688859], [-118.476396595481, 34.1899602736499], [-118.476390388208, 34.1899786120244], [-118.47638089222, 34.1899959602245], [-118.476355432421, 34.1900280395948], [-118.476348702919, 34.1900404714816], [-118.476746978501, 34.1900418976077], [-118.476746855667, 34.1899045029898], [-118.476394448617, 34.1899036106787]]]}}, {"type": "Feature", "properties": {"zone_id": "0200QIG35Z38LBWRA5UA0L", "tract_id": "06037127606", "city": "VAN NUYS, CA", "zone_code": "RIO", "zone_category": "Other", "ev_permitted": false}, "geometry": {"type": "Polygon", "coordinates": [[[-118.476348702919, 34.1900404714816], [-118.476343969826, 34.1900531381403], [-118.476341099532, 34.190066181731], [-118.476340133129, 34.1900794155217], [-118.476340220793, 34.1902053240457], [-118.476747092835, 34.1902067712795], [-118.476746978501, 34.1900418976077], [-118.476348702919, 34.1900404714816]]]}}, {"type": "Feature", "properties": {"zone_id": "0205PF7I0S4EELKWOATKFN", "tract_id": "06037127606", "city": "VAN NUYS, CA", "zone_code": "R1-1", "zone_category": "Residential", "ev_permitted": false}, "geometry": {"type": "Polygon", "coordinates": [[[-118.475754819979, 34.1900423965824], [-118.475754906047, 34.1901797913396], [-118.4761616418, 34.1901801968755], [-118.476161568002, 34.1900795140379], [-118.476159637212, 34.1900608923535], [-118.476153947438, 34.1900428045868], [-118.475754819979, 34.1900423965824]]]}}, {"type": "Feature", "properties": {"zone_id": "0200S5TSIS51RRJK3TBFSQ", "tract_id": "06037127606", "city": "VAN NUYS, CA", "zone_code": "R1-1", "zone_category": "Residential", "ev_permitted": false}, "geometry": {"type": "Polygon", "coordinates": [[[-118.475754729777, 34.1899050018417], [-118.475754819979, 34.1900423965824], [-118.476153947438, 34.1900428045868], [-118.476145218885, 34.1900266619999], [-118.476128912155, 34.1900067407445], [-118.476116614118, 34.1899892498922], [-118.476107908728, 34.1899703406297], [-118.476103026546, 34.1899505137648], [-118.476102096874, 34.1899302944079], [-118.476105144335, 34.1899102180652], [-118.476039313651, 34.1899052836254], [-118.475754729777, 34.1899050018417]]]}}, {"type": "Feature", "properties": {"zone_id": "0206JJP008W7HBUUKT1KLY", "tract_id": "06037127606", "city": "VAN NUYS, CA", "zone_code": "R1-1", "zone_category": "Residential", "ev_permitted": false}, "geometry": {"type": "Polygon", "coordinates": [[[-118.47644739882, 34.1897660345049], [-118.476361624974, 34.1898532609886], [-118.476375682142, 34.1898685669213], [-118.476386711648, 34.1898854855862], [-118.476394448617, 34.1899036106787], [-118.476746855667, 34.1899045029898], [-118.476746736967, 34.1897671083558], [-118.47644739882, 34.1897660345049]]]}}, {"type": "Feature", "properties": {"zone_id": "0200HLCT973SHOWWBNCKLI", "tract_id": "06037127606", "city": "VAN NUYS, CA", "zone_code": "R1-1", "zone_category": "Residential", "ev_permitted": false}, "geometry": {"type": "Polygon", "coordinates": [[[-118.476407927488, 34.1896285200818], [-118.476407999446, 34.1897223056933], [-118.476307344531, 34.189821379247], [-118.476327312258, 34.1898297024787], [-118.476345543435, 34.1898404106024], [-118.476361624974, 34.1898532609886], [-118.47644739882, 34.1897660345049], [-118.476746736967, 34.1897671083558], [-118.476746643068, 34.1896297136242], [-118.476407927488, 34.1896285200818]]]}}, {"type": "Feature", "properties": {"zone_id": "0201V7QB6E7516O2LCJ4SJ", "tract_id": "06037127606", "city": "VAN NUYS, CA", "zone_code": "R1-1", "zone_category": "Residential", "ev_permitted": false}, "geometry": {"type": "Polygon", "coordinates": [[[-118.476069367924, 34.1895916022517], [-118.476069386743, 34.1896297155776], [-118.476184945808, 34.1898248288916], [-118.476208415853, 34.1898171950028], [-118.476233110423, 34.1898129616429], [-118.476258315113, 34.1898122512822], [-118.476283300758, 34.1898150844715], [-118.476307344531, 34.189821379247], [-118.476407999446, 34.1897223056933], [-118.476407889083, 34.1895927975072], [-118.476069367924, 34.1895916022517]]]}}, {"type": "Feature", "properties": {"zone_id": "0203YHLK0BOLXIXH0UCDEF", "tract_id": "06037127606", "city": "VAN NUYS, CA", "zone_code": "R1-1", "zone_category": "Residential", "ev_permitted": false}, "geometry": {"type": "Polygon", "coordinates": [[[-118.475804777266, 34.1895188896423], [-118.475804938253, 34.189738721162], [-118.476060789292, 34.1897396105346], [-118.476132506491, 34.1898606756072], [-118.476147691962, 34.1898465464786], [-118.476165309735, 34.1898345032382], [-118.476184945808, 34.1898248288916], [-118.476069386743, 34.1896297155776], [-118.476069291435, 34.1895197998749], [-118.475804777266, 34.1895188896423]]]}}, {"type": "Feature", "properties": {"zone_id": "02027YSU3YCH6GT3EU0T7V", "tract_id": "06037127606", "city": "VAN NUYS, CA", "zone_code": "R1-1", "zone_category": "Residential", "ev_permitted": false}, "geometry": {"type": "Polygon", "coordinates": [[[-118.475804938253, 34.189738721162], [-118.475804978157, 34.1897921676972], [-118.475754649795, 34.1897918985137], [-118.475754729777, 34.1899050018417], [-118.476039313651, 34.1899052836254], [-118.476105144335, 34.1899102180652], [-118.476111275458, 34.1898926469749], [-118.476120462721, 34.1898760123365], [-118.476132506491, 34.1898606756072], [-118.476060789292, 34.1897396105346], [-118.475804938253, 34.189738721162]]]}}, {"type": "Feature", "properties": {"zone_id": "02024DLN6H1D9RIBDU1GR1", "tract_id": "06037127606", "city": "VAN NUYS, CA", "zone_code": "RD1.5-1", "zone_category": "Residential", "ev_permitted": false}, "geometry": {"type": "Polygon", "coordinates": [[[-118.475070664455, 34.189516361742], [-118.475071295926, 34.1903192686951], [-118.4757550119, 34.1903199339209], [-118.475754649795, 34.1897918985137], [-118.475804978157, 34.1897921676972], [-118.475804777266, 34.1895188896423], [-118.475070664455, 34.189516361742]]]}}, {"type": "Feature", "properties": {"zone_id": "0205JHH6ANG12LMPZARVQQ", "tract_id": "06037127606", "city": "VAN NUYS, CA", "zone_code": "R1-1", "zone_category": "Residential", "ev_permitted": false}, "geometry": {"type": "Polygon", "coordinates": [[[-118.476239065476, 34.189317408081], [-118.476239272271, 34.1895921974632], [-118.476407889083, 34.1895927975072], [-118.476407675533, 34.1893180081496], [-118.476239065476, 34.189317408081]]]}}, {"type": "Feature", "properties": {"zone_id": "0203ML86H533USU30JTO53", "tract_id": "06037127606", "city": "VAN NUYS, CA", "zone_code": "RIO", "zone_category": "Other", "ev_permitted": false}, "geometry": {"type": "Polygon", "coordinates": [[[-118.476407675533, 34.1893180081496], [-118.476407927488, 34.1896285200818], [-118.476577367067, 34.1896291441283], [-118.476577149458, 34.1893186045797], [-118.476407675533, 34.1893180081496]]]}}, {"type": "Feature", "properties": {"zone_id": "0206NTP133VU3ID3G27UHA", "tract_id": "06037127606", "city": "VAN NUYS, CA", "zone_code": "R1-1", "zone_category": "Residential", "ev_permitted": false}, "geometry": {"type": "Polygon", "coordinates": [[[-118.476069126555, 34.1893168130074], [-118.476069367924, 34.1895916022517], [-118.476239272271, 34.1895921974632], [-118.476239065476, 34.189317408081], [-118.476069126555, 34.1893168130074]]]}}, {"type": "Feature", "properties": {"zone_id": "02033TLYS3M399X7O9DIHC", "tract_id": "06037127606", "city": "VAN NUYS, CA", "zone_code": "R1-1", "zone_category": "Residential", "ev_permitted": false}, "geometry": {"type": "Polygon", "coordinates": [[[-118.475804540102, 34.1892334385252], [-118.475804777266, 34.1895188896423], [-118.476069291435, 34.1895197998749], [-118.476069084524, 34.1892343761147], [-118.475804540102, 34.1892334385252]]]}}, {"type": "Feature", "properties": {"zone_id": "020385K557FA500NTQDS5D", "tract_id": "06037127606", "city": "VAN NUYS, CA", "zone_code": "RD1.5-1", "zone_category": "Residential", "ev_permitted": false}, "geometry": {"type": "Polygon", "coordinates": [[[-118.475533384111, 34.1892324713917], [-118.475533620544, 34.1895179568574], [-118.475804777266, 34.1895188896423], [-118.475804540102, 34.1892334385252], [-118.475533384111, 34.1892324713917]]]}}, {"type": "Feature", "properties": {"zone_id": "0206QUM1WBGB18QQ4YPNVX", "tract_id": "06037127606", "city": "VAN NUYS, CA", "zone_code": "RD1.5-1", "zone_category": "Residential", "ev_permitted": false}, "geometry": {"type": "Polygon", "coordinates": [[[-118.475070466531, 34.1892308280421], [-118.475070664455, 34.189516361742], [-118.475533620544, 34.1895179568574], [-118.475533384111, 34.1892324713917], [-118.475070466531, 34.1892308280421]]]}}, {"type": "Feature", "properties": {"zone_id": "020366TSNPY2RTWDU5DBO2", "tract_id": "06037127606", "city": "VAN NUYS, CA", "zone_code": "RIO", "zone_category": "Other", "ev_permitted": false}, "geometry": {"type": "Polygon", "coordinates": [[[-118.476397989745, 34.1888604931391], [-118.476026019598, 34.1888606935436], [-118.476026174311, 34.1889980880312], [-118.476398012647, 34.1889978606687], [-118.476397989745, 34.1888604931391]]]}}, {"type": "Feature", "properties": {"zone_id": "0205ASZMLJ2ZHDW5WFV6JJ", "tract_id": "06037127606", "city": "VAN NUYS, CA", "zone_code": "R1-1", "zone_category": "Residential", "ev_permitted": false}, "geometry": {"type": "Polygon", "coordinates": [[[-118.476398012647, 34.1889978606687], [-118.476026174311, 34.1889980880312], [-118.476026292125, 34.1891522173867], [-118.476348273779, 34.1891530657058], [-118.476356906617, 34.1891524461196], [-118.476365278359, 34.1891505963129], [-118.476373134795, 34.1891475724555], [-118.476380237362, 34.1891434663676], [-118.476386370389, 34.1891384027315], [-118.476391347644, 34.1891325353057], [-118.476395017992, 34.1891260422562], [-118.476397269982, 34.189119120746], [-118.476398035232, 34.1891119809488], [-118.476398012647, 34.1889978606687]]]}}, {"type": "Feature", "properties": {"zone_id": "0203JSDXX8MD8RSJ7RI3F2", "tract_id": "06037127606", "city": "VAN NUYS, CA", "zone_code": "RIO", "zone_category": "Other", "ev_permitted": false}, "geometry": {"type": "Polygon", "coordinates": [[[-118.476397976694, 34.1885857029933], [-118.47602577424, 34.1885859043169], [-118.476025897952, 34.1887232989262], [-118.476397968753, 34.1887230981231], [-118.476397976694, 34.1885857029933]]]}}, {"type": "Feature", "properties": {"zone_id": "020769PPYO523ENZCTE05F", "tract_id": "06037127606", "city": "VAN NUYS, CA", "zone_code": "R1-1", "zone_category": "Residential", "ev_permitted": false}, "geometry": {"type": "Polygon", "coordinates": [[[-118.476397968753, 34.1887230981231], [-118.476025897952, 34.1887232989262], [-118.476026019598, 34.1888606935436], [-118.476397989745, 34.1888604931391], [-118.476397968753, 34.1887230981231]]]}}, {"type": "Feature", "properties": {"zone_id": "0202ICFYEUI8SBUG9HPU18", "tract_id": "06037127606", "city": "VAN NUYS, CA", "zone_code": "RIO", "zone_category": "Other", "ev_permitted": false}, "geometry": {"type": "Polygon", "coordinates": [[[-118.476026019598, 34.1888606935436], [-118.47565209646, 34.1888609004842], [-118.475652182358, 34.1889982952404], [-118.476026174311, 34.1889980880312], [-118.476026019598, 34.1888606935436]]]}}, {"type": "Feature", "properties": {"zone_id": "0204ZQ2FXRHGXY6D3ZYNWX", "tract_id": "06037127606", "city": "VAN NUYS, CA", "zone_code": "R1-1", "zone_category": "Residential", "ev_permitted": false}, "geometry": {"type": "Polygon", "coordinates": [[[-118.476026174311, 34.1889980880312], [-118.475652182358, 34.1889982952404], [-118.475652290293, 34.1891101619016], [-118.475653026949, 34.1891172864928], [-118.475655244637, 34.1891241977819], [-118.47565887629, 34.1891306867524], [-118.475663812075, 34.1891365571598], [-118.475669902721, 34.1891416314669], [-118.475676964029, 34.1891457562124], [-118.475684782446, 34.1891488066529], [-118.475701729059, 34.1891513508838], [-118.476026292125, 34.1891522173867], [-118.476026174311, 34.1889980880312]]]}}, {"type": "Feature", "properties": {"zone_id": "0204CZKBAY7R52P2CYS3JN", "tract_id": "06037127606", "city": "VAN NUYS, CA", "zone_code": "R1-1", "zone_category": "Residential", "ev_permitted": false}, "geometry": {"type": "Polygon", "coordinates": [[[-118.475466920324, 34.1888609690238], [-118.475060258659, 34.1888611929036], [-118.475060345651, 34.188998587652], [-118.475467041051, 34.188998363642], [-118.475466920324, 34.1888609690238]]]}}, {"type": "Feature", "properties": {"zone_id": "020517NNF9TPXX1LRSZNUM", "tract_id": "06037127606", "city": "VAN NUYS, CA", "zone_code": "R1-1", "zone_category": "Residential", "ev_permitted": false}, "geometry": {"type": "Polygon", "coordinates": [[[-118.475467041051, 34.188998363642], [-118.475060345651, 34.188998587652], [-118.475060430473, 34.1890949012771], [-118.475061417267, 34.189104399202], [-118.475064377223, 34.1891136123444], [-118.475069220931, 34.1891222624052], [-118.475075802077, 34.1891300880944], [-118.475083921867, 34.1891368530236], [-118.475093335027, 34.1891423528463], [-118.475103757218, 34.1891464214311], [-118.475114873618, 34.1891489358794], [-118.475126348437, 34.1891498202381], [-118.475417345563, 34.189150600385], [-118.475425978438, 34.1891499806607], [-118.475434350216, 34.1891481307968], [-118.47544220672, 34.1891451069572], [-118.475449309418, 34.1891410009486], [-118.475455442665, 34.1891359374336], [-118.475460420249, 34.1891300701457], [-118.475464091045, 34.1891235772218], [-118.475466343605, 34.1891166557936], [-118.475467109538, 34.1891095160029], [-118.475467041051, 34.188998363642]]]}}, {"type": "Feature", "properties": {"zone_id": "02032FVCEMD4DFN8YKSKAY", "tract_id": "06037127606", "city": "VAN NUYS, CA", "zone_code": "RIO", "zone_category": "Other", "ev_permitted": false}, "geometry": {"type": "Polygon", "coordinates": [[[-118.47602577424, 34.1885859043169], [-118.475651887465, 34.1885861111185], [-118.475652006429, 34.1887235057444], [-118.476025897952, 34.1887232989262], [-118.47602577424, 34.1885859043169]]]}}, {"type": "Feature", "properties": {"zone_id": "0204TGRT6NDDK3QVHE8J0R", "tract_id": "06037127606", "city": "VAN NUYS, CA", "zone_code": "R1-1", "zone_category": "Residential", "ev_permitted": false}, "geometry": {"type": "Polygon", "coordinates": [[[-118.476025897952, 34.1887232989262], [-118.475652006429, 34.1887235057444], [-118.47565209646, 34.1888609004842], [-118.476026019598, 34.1888606935436], [-118.476025897952, 34.1887232989262]]]}}, {"type": "Feature", "properties": {"zone_id": "0203ZTI5G1GPFDBBNR8IUA", "tract_id": "06037127606", "city": "VAN NUYS, CA", "zone_code": "R1-1", "zone_category": "Residential", "ev_permitted": false}, "geometry": {"type": "Polygon", "coordinates": [[[-118.475466830598, 34.1887235742839], [-118.475060142735, 34.1887237982688], [-118.475060258659, 34.1888611929036], [-118.475466920324, 34.1888609690238], [-118.475466830598, 34.1887235742839]]]}}, {"type": "Feature", "properties": {"zone_id": "020010KHYPUOBU9NPYHKC2", "tract_id": "06037127606", "city": "VAN NUYS, CA", "zone_code": "RIO", "zone_category": "Other", "ev_permitted": false}, "geometry": {"type": "Polygon", "coordinates": [[[-118.475466711938, 34.1885861796578], [-118.475060051767, 34.1885864310153], [-118.475060142735, 34.1887237982688], [-118.475466830598, 34.1887235742839], [-118.475466711938, 34.1885861796578]]]}}, {"type": "Feature", "properties": {"zone_id": "0207BDV3K1FQ6G2PHF2PTW", "tract_id": "06037127606", "city": "VAN NUYS, CA", "zone_code": "R1-1", "zone_category": "Residential", "ev_permitted": false}, "geometry": {"type": "Polygon", "coordinates": [[[-118.476397940585, 34.1881735178407], [-118.476025411528, 34.1881737479357], [-118.476025531106, 34.1883111425608], [-118.476397963643, 34.188310912848], [-118.476397940585, 34.1881735178407]]]}}, {"type": "Feature", "properties": {"zone_id": "0206FXKQA5Z23S7ASO06P6", "tract_id": "06037127606", "city": "VAN NUYS, CA", "zone_code": "RIO", "zone_category": "Other", "ev_permitted": false}, "geometry": {"type": "Polygon", "coordinates": [[[-118.476397963643, 34.188310912848], [-118.476025531106, 34.1883111425608], [-118.476025652594, 34.1884485096996], [-118.476397988769, 34.1884483078473], [-118.476397963643, 34.188310912848]]]}}, {"type": "Feature", "properties": {"zone_id": "0204LKR2EA5C1WK3NHLW0T", "tract_id": "06037127606", "city": "VAN NUYS, CA", "zone_code": "RIO", "zone_category": "Other", "ev_permitted": false}, "geometry": {"type": "Polygon", "coordinates": [[[-118.476397988769, 34.1884483078473], [-118.476025652594, 34.1884485096996], [-118.47602577424, 34.1885859043169], [-118.476397976694, 34.1885857029933], [-118.476397988769, 34.1884483078473]]]}}, {"type": "Feature", "properties": {"zone_id": "0207DHX4Z9DNXVR6H6BATK", "tract_id": "06037127606", "city": "VAN NUYS, CA", "zone_code": "R1-1", "zone_category": "Residential", "ev_permitted": false}, "geometry": {"type": "Polygon", "coordinates": [[[-118.476397927691, 34.1878987551746], [-118.476025166174, 34.1878989587102], [-118.476025289884, 34.1880363533189], [-118.476397950906, 34.1880361776601], [-118.476397927691, 34.1878987551746]]]}}, {"type": "Feature", "properties": {"zone_id": "0205MSTBLWYOYHW2D19N7U", "tract_id": "06037127606", "city": "VAN NUYS, CA", "zone_code": "RIO", "zone_category": "Other", "ev_permitted": false}, "geometry": {"type": "Polygon", "coordinates": [[[-118.476397950906, 34.1880361776601], [-118.476025289884, 34.1880363533189], [-118.476025411528, 34.1881737479357], [-118.476397940585, 34.1881735178407], [-118.476397950906, 34.1880361776601]]]}}, {"type": "Feature", "properties": {"zone_id": "0201QLCZSKIOK5NJC87CU7", "tract_id": "06037127606", "city": "VAN NUYS, CA", "zone_code": "R1-1", "zone_category": "Residential", "ev_permitted": false}, "geometry": {"type": "Polygon", "coordinates": [[[-118.476025411528, 34.1881737479357], [-118.475651590664, 34.1881739544843], [-118.475651711693, 34.1883113491017], [-118.476025531106, 34.1883111425608], [-118.476025411528, 34.1881737479357]]]}}, {"type": "Feature", "properties": {"zone_id": "02045J3NYZ90JMQFQLU5QI", "tract_id": "06037127606", "city": "VAN NUYS, CA", "zone_code": "RIO", "zone_category": "Other", "ev_permitted": false}, "geometry": {"type": "Polygon", "coordinates": [[[-118.476025531106, 34.1883111425608], [-118.475651711693, 34.1883113491017], [-118.47565179759, 34.1884487438574], [-118.476025652594, 34.1884485096996], [-118.476025531106, 34.1883111425608]]]}}, {"type": "Feature", "properties": {"zone_id": "0201CWID6WGCOWJGI3VPHY", "tract_id": "06037127606", "city": "VAN NUYS, CA", "zone_code": "RIO", "zone_category": "Other", "ev_permitted": false}, "geometry": {"type": "Polygon", "coordinates": [[[-118.476025652594, 34.1884485096996], [-118.47565179759, 34.1884487438574], [-118.475651887465, 34.1885861111185], [-118.47602577424, 34.1885859043169], [-118.476025652594, 34.1884485096996]]]}}, {"type": "Feature", "properties": {"zone_id": "0201CV6Z7M3LP5I4P89UF4", "tract_id": "06037127606", "city": "VAN NUYS, CA", "zone_code": "RIO", "zone_category": "Other", "ev_permitted": false}, "geometry": {"type": "Polygon", "coordinates": [[[-118.475466416051, 34.1881740230231], [-118.47505972482, 34.1881742745095], [-118.47505984472, 34.1883116416491], [-118.475466536776, 34.1883114176407], [-118.475466416051, 34.1881740230231]]]}}, {"type": "Feature", "properties": {"zone_id": "02013C1S4L4AX4GVHJ6J9S", "tract_id": "06037127606", "city": "VAN NUYS, CA", "zone_code": "RIO", "zone_category": "Other", "ev_permitted": false}, "geometry": {"type": "Polygon", "coordinates": [[[-118.475466536776, 34.1883114176407], [-118.47505984472, 34.1883116416491], [-118.47505993171, 34.188449036397], [-118.475466622212, 34.1884487849181], [-118.475466536776, 34.1883114176407]]]}}, {"type": "Feature", "properties": {"zone_id": "0203ENJ84YWQ6CLZQWGLM6", "tract_id": "06037127606", "city": "VAN NUYS, CA", "zone_code": "R1-1", "zone_category": "Residential", "ev_permitted": false}, "geometry": {"type": "Polygon", "coordinates": [[[-118.475466622212, 34.1884487849181], [-118.47505993171, 34.188449036397], [-118.475060051767, 34.1885864310153], [-118.475466711938, 34.1885861796578], [-118.475466622212, 34.1884487849181]]]}}, {"type": "Feature", "properties": {"zone_id": "0203FOMKLISSG6JSFSP39O", "tract_id": "06037127606", "city": "VAN NUYS, CA", "zone_code": "RIO", "zone_category": "Other", "ev_permitted": false}, "geometry": {"type": "Polygon", "coordinates": [[[-118.476025289884, 34.1880363533189], [-118.475651500634, 34.1880365597452], [-118.475651590664, 34.1881739544843], [-118.476025411528, 34.1881737479357], [-118.476025289884, 34.1880363533189]]]}}, {"type": "Feature", "properties": {"zone_id": "0204DNH8RMSATQGAYAC4R7", "tract_id": "06037127606", "city": "VAN NUYS, CA", "zone_code": "R1-1", "zone_category": "Residential", "ev_permitted": false}, "geometry": {"type": "Polygon", "coordinates": [[[-118.476025166174, 34.1878989587102], [-118.475651412671, 34.187899164998], [-118.475651500634, 34.1880365597452], [-118.476025289884, 34.1880363533189], [-118.476025166174, 34.1878989587102]]]}}, {"type": "Feature", "properties": {"zone_id": "0205IUYYQ9AVB5T2KTENS4", "tract_id": "06037127606", "city": "VAN NUYS, CA", "zone_code": "R1-1", "zone_category": "Residential", "ev_permitted": false}, "geometry": {"type": "Polygon", "coordinates": [[[-118.475466238668, 34.1878992335366], [-118.475059517619, 34.1878994576657], [-118.475059639741, 34.1880368522753], [-118.47546632617, 34.1880366008055], [-118.475466238668, 34.1878992335366]]]}}, {"type": "Feature", "properties": {"zone_id": "02073KFTYPWFX1UW187RGJ", "tract_id": "06037127606", "city": "VAN NUYS, CA", "zone_code": "R1-1", "zone_category": "Residential", "ev_permitted": false}, "geometry": {"type": "Polygon", "coordinates": [[[-118.47546632617, 34.1880366008055], [-118.475059639741, 34.1880368522753], [-118.47505972482, 34.1881742745095], [-118.475466416051, 34.1881740230231], [-118.47546632617, 34.1880366008055]]]}}, {"type": "Feature", "properties": {"zone_id": "0203SDAEKWNOE45OQZ3CME", "tract_id": "06037127606", "city": "VAN NUYS, CA", "zone_code": "RIO", "zone_category": "Other", "ev_permitted": false}, "geometry": {"type": "Polygon", "coordinates": [[[-118.476397914641, 34.1876239650306], [-118.476024922888, 34.1876241694772], [-118.476025044531, 34.1877615640936], [-118.476397937699, 34.1877613600374], [-118.476397914641, 34.1876239650306]]]}}, {"type": "Feature", "properties": {"zone_id": "0203U0A08F2XL25HT50BKN", "tract_id": "06037127606", "city": "VAN NUYS, CA", "zone_code": "R1-1", "zone_category": "Residential", "ev_permitted": false}, "geometry": {"type": "Polygon", "coordinates": [[[-118.476397937699, 34.1877613600374], [-118.476025044531, 34.1877615640936], [-118.476025166174, 34.1878989587102], [-118.476397927691, 34.1878987551746], [-118.476397937699, 34.1877613600374]]]}}, {"type": "Feature", "properties": {"zone_id": "0204QH8W4K0X2HRTACGI88", "tract_id": "06037127606", "city": "VAN NUYS, CA", "zone_code": "RIO", "zone_category": "Other", "ev_permitted": false}, "geometry": {"type": "Polygon", "coordinates": [[[-118.476397901591, 34.1873491748872], [-118.476024681827, 34.1873494077149], [-118.476024803312, 34.1874867748527], [-118.476397893649, 34.1874865700158], [-118.476397901591, 34.1873491748872]]]}}, {"type": "Feature", "properties": {"zone_id": "0203CVRVRDAJU4AHZ4TNCL", "tract_id": "06037127606", "city": "VAN NUYS, CA", "zone_code": "R1-1", "zone_category": "Residential", "ev_permitted": false}, "geometry": {"type": "Polygon", "coordinates": [[[-118.476397893649, 34.1874865700158], [-118.476024803312, 34.1874867748527], [-118.476024922888, 34.1876241694772], [-118.476397914641, 34.1876239650306], [-118.476397893649, 34.1874865700158]]]}}, {"type": "Feature", "properties": {"zone_id": "02045DUAJMLHX0KOU34TG3", "tract_id": "06037127606", "city": "VAN NUYS, CA", "zone_code": "R1-1", "zone_category": "Residential", "ev_permitted": false}, "geometry": {"type": "Polygon", "coordinates": [[[-118.476024922888, 34.1876241694772], [-118.475651170615, 34.1876243757642], [-118.475651291643, 34.187761770381], [-118.476025044531, 34.1877615640936], [-118.476024922888, 34.1876241694772]]]}}, {"type": "Feature", "properties": {"zone_id": "0205H60M58OD6KB43SXPBZ", "tract_id": "06037127606", "city": "VAN NUYS, CA", "zone_code": "RIO", "zone_category": "Other", "ev_permitted": false}, "geometry": {"type": "Polygon", "coordinates": [[[-118.476025044531, 34.1877615640936], [-118.475651291643, 34.187761770381], [-118.475651412671, 34.187899164998], [-118.476025166174, 34.1878989587102], [-118.476025044531, 34.1877615640936]]]}}, {"type": "Feature", "properties": {"zone_id": "020274B3I39XATK3LB2R23", "tract_id": "06037127606", "city": "VAN NUYS, CA", "zone_code": "R1-1", "zone_category": "Residential", "ev_permitted": false}, "geometry": {"type": "Polygon", "coordinates": [[[-118.475466032353, 34.1876244441643], [-118.475059312799, 34.187624695771], [-118.475059432697, 34.1877620629101], [-118.475466117944, 34.1877618389194], [-118.475466032353, 34.1876244441643]]]}}, {"type": "Feature", "properties": {"zone_id": "0207CV7GUR25BS2WNI8EQI", "tract_id": "06037127606", "city": "VAN NUYS, CA", "zone_code": "RIO", "zone_category": "Other", "ev_permitted": false}, "geometry": {"type": "Polygon", "coordinates": [[[-118.476024681827, 34.1873494077149], [-118.475650994848, 34.1873496137492], [-118.47565108281, 34.1874870084958], [-118.476024803312, 34.1874867748527], [-118.476024681827, 34.1873494077149]]]}}, {"type": "Feature", "properties": {"zone_id": "02049MQJRWHB0OHLEEU85W", "tract_id": "06037127606", "city": "VAN NUYS, CA", "zone_code": "R1-1", "zone_category": "Residential", "ev_permitted": false}, "geometry": {"type": "Polygon", "coordinates": [[[-118.476024803312, 34.1874867748527], [-118.47565108281, 34.1874870084958], [-118.475651170615, 34.1876243757642], [-118.476024922888, 34.1876241694772], [-118.476024803312, 34.1874867748527]]]}}, {"type": "Feature", "properties": {"zone_id": "0200TM06BRSQRCCZKUPFKO", "tract_id": "06037127606", "city": "VAN NUYS, CA", "zone_code": "R1-1", "zone_category": "Residential", "ev_permitted": false}, "geometry": {"type": "Polygon", "coordinates": [[[-118.475465822063, 34.1873496822871], [-118.47505910369, 34.1873499064148], [-118.475059223744, 34.187487301032], [-118.475465942786, 34.1874870769039], [-118.475465822063, 34.1873496822871]]]}}, {"type": "Feature", "properties": {"zone_id": "0202BCO8R8TTDXWRVRXQXR", "tract_id": "06037127606", "city": "VAN NUYS, CA", "zone_code": "R1-1", "zone_category": "Residential", "ev_permitted": false}, "geometry": {"type": "Polygon", "coordinates": [[[-118.475465942786, 34.1874870769039], [-118.475059223744, 34.187487301032], [-118.475059312799, 34.187624695771], [-118.475466032353, 34.1876244441643], [-118.475465942786, 34.1874870769039]]]}}, {"type": "Feature", "properties": {"zone_id": "02005GNH1QSHLVG4S5XH6Z", "tract_id": "06037127606", "city": "VAN NUYS, CA", "zone_code": "RIO", "zone_category": "Other", "ev_permitted": false}, "geometry": {"type": "Polygon", "coordinates": [[[-118.476397878533, 34.1872117798807], [-118.476024558118, 34.1872120131069], [-118.476024681827, 34.1873494077149], [-118.476397901591, 34.1873491748872], [-118.476397878533, 34.1872117798807]]]}}, {"type": "Feature", "properties": {"zone_id": "020060M4M6DSD0T2GWGQ15", "tract_id": "06037127606", "city": "VAN NUYS, CA", "zone_code": "R1-1", "zone_category": "Residential", "ev_permitted": false}, "geometry": {"type": "Polygon", "coordinates": [[[-118.476397888697, 34.1870744122226], [-118.476024436477, 34.187074618491], [-118.476024558118, 34.1872120131069], [-118.476397878533, 34.1872117798807], [-118.476397888697, 34.1870744122226]]]}}, {"type": "Feature", "properties": {"zone_id": "0204RTXBD2GQ847OFWLLO2", "tract_id": "06037127606", "city": "VAN NUYS, CA", "zone_code": "RD1.5-1", "zone_category": "Residential", "ev_permitted": false}, "geometry": {"type": "Polygon", "coordinates": [[[-118.476331732573, 34.1867858682745], [-118.476024147966, 34.186786089928], [-118.476024314836, 34.1869372238751], [-118.476397865639, 34.1869370172165], [-118.476397815193, 34.1868408408474], [-118.476397032524, 34.1868322621748], [-118.47639463627, 34.1868238905758], [-118.476390685501, 34.18681593242], [-118.476385277608, 34.1868085838851], [-118.476378545902, 34.1868020261212], [-118.476370656327, 34.1867964207846], [-118.47636180337, 34.1867919060536], [-118.476352205266, 34.1867885932217], [-118.476342098621, 34.186786563954], [-118.476331732573, 34.1867858682745]]]}}, {"type": "Feature", "properties": {"zone_id": "02006RS055HFH8WJXWYFW4", "tract_id": "06037127606", "city": "VAN NUYS, CA", "zone_code": "RD1.5-1", "zone_category": "Residential", "ev_permitted": false}, "geometry": {"type": "Polygon", "coordinates": [[[-118.476397865639, 34.1869370172165], [-118.476024314836, 34.1869372238751], [-118.476024436477, 34.187074618491], [-118.476397888697, 34.1870744122226], [-118.476397865639, 34.1869370172165]]]}}, {"type": "Feature", "properties": {"zone_id": "0205926S7SQDG7UJ63OROF", "tract_id": "06037127606", "city": "VAN NUYS, CA", "zone_code": "C1.5-1VL", "zone_category": "Commercial", "ev_permitted": true}, "geometry": {"type": "Polygon", "coordinates": [[[-118.475399293698, 34.1867864040806], [-118.475124812274, 34.1867865482933], [-118.475114441742, 34.186787241497], [-118.47510433049, 34.1867892698962], [-118.475094728149, 34.1867925834126], [-118.475085871788, 34.1867971002406], [-118.475077980054, 34.1868027088666], [-118.475071247782, 34.1868092708223], [-118.475065841183, 34.186816624103], [-118.475061893735, 34.1868245871676], [-118.475059502896, 34.1868329634203], [-118.475058727692, 34.1868415460645], [-118.475059016702, 34.1872125116679], [-118.475465734406, 34.1872122875405], [-118.475465474589, 34.1868413218163], [-118.475464478977, 34.1868318013103], [-118.475461501604, 34.1868225680877], [-118.475456632781, 34.1868139022184], [-118.475450020194, 34.1868060665629], [-118.475441864421, 34.186799298799], [-118.47543241285, 34.1867938042126], [-118.475421952174, 34.1867897494703], [-118.475410799695, 34.186787257564], [-118.475399293698, 34.1867864040806]]]}}, {"type": "Feature", "properties": {"zone_id": "02055AFPS5KTRIU24IZBRM", "tract_id": "06037127606", "city": "VAN NUYS, CA", "zone_code": "RD1.5-1", "zone_category": "Residential", "ev_permitted": false}, "geometry": {"type": "Polygon", "coordinates": [[[-118.476024436477, 34.187074618491], [-118.475650785704, 34.187074796908], [-118.475650906887, 34.1872122190028], [-118.476024558118, 34.1872120131069], [-118.476024436477, 34.187074618491]]]}}, {"type": "Feature", "properties": {"zone_id": "0202T4NK0KKXK80AQKCSC1", "tract_id": "06037127606", "city": "VAN NUYS, CA", "zone_code": "R1-1", "zone_category": "Residential", "ev_permitted": false}, "geometry": {"type": "Polygon", "coordinates": [[[-118.476024558118, 34.1872120131069], [-118.475650906887, 34.1872122190028], [-118.475650994848, 34.1873496137492], [-118.476024681827, 34.1873494077149], [-118.476024558118, 34.1872120131069]]]}}, {"type": "Feature", "properties": {"zone_id": "0206JKQ58RYW6I85DWLSPW", "tract_id": "06037127606", "city": "VAN NUYS, CA", "zone_code": "R1-1", "zone_category": "Residential", "ev_permitted": false}, "geometry": {"type": "Polygon", "coordinates": [[[-118.475465734406, 34.1872122875405], [-118.475059016702, 34.1872125116679], [-118.47505910369, 34.1873499064148], [-118.475465822063, 34.1873496822871], [-118.475465734406, 34.1872122875405]]]}}, {"type": "Feature", "properties": {"zone_id": "0207A3517JXOW5WHI03GSV", "tract_id": "06037127606", "city": "VAN NUYS, CA", "zone_code": "R1-1", "zone_category": "Residential", "ev_permitted": false}, "geometry": {"type": "Polygon", "coordinates": [[[-118.475466117944, 34.1877618389194], [-118.475059432697, 34.1877620629101], [-118.475059517619, 34.1878994576657], [-118.475466238668, 34.1878992335366], [-118.475466117944, 34.1877618389194]]]}}, {"type": "Feature", "properties": {"zone_id": "0206ARNZIMZ2F0MF1DQKA8", "tract_id": "06037127606", "city": "VAN NUYS, CA", "zone_code": "RD1.5-1", "zone_category": "Residential", "ev_permitted": false}, "geometry": {"type": "Polygon", "coordinates": [[[-118.476024147966, 34.186786089928], [-118.475716699283, 34.1867862278278], [-118.475705196118, 34.1867870980611], [-118.475694049709, 34.1867896053523], [-118.475683597862, 34.1867936737143], [-118.475674157334, 34.1867991798501], [-118.475666014233, 34.1868059568884], [-118.475659415346, 34.1868137994419], [-118.475654560662, 34.1868224698315], [-118.475651597308, 34.1868317052893], [-118.475650615092, 34.1868412259224], [-118.475650699966, 34.1869374296321], [-118.476024314836, 34.1869372238751], [-118.476024147966, 34.186786089928]]]}}, {"type": "Feature", "properties": {"zone_id": "0207DZSXN3OVMJK5760A02", "tract_id": "06037127606", "city": "VAN NUYS, CA", "zone_code": "RD1.5-1", "zone_category": "Residential", "ev_permitted": false}, "geometry": {"type": "Polygon", "coordinates": [[[-118.476024314836, 34.1869372238751], [-118.475650699966, 34.1869374296321], [-118.475650785704, 34.187074796908], [-118.476024436477, 34.187074618491], [-118.476024314836, 34.1869372238751]]]}}]}