{"type": "FeatureCollection", "features": [{"type": "Feature", "properties": {"zone_id": "02065S73FLGS2F811Z2N5N", "tract_id": "36047117602", "city": "BROOKLYN, NY", "zone_code": "M1-1", "zone_category": "Industrial", "ev_permitted": true}, "geometry": {"type": "Polygon", "coordinates": [[[-73.8742219531357, 40.6889074338287], [-73.8741132589332, 40.6889285690935], [-73.8741470370364, 40.6889994575453], [-73.8741918564298, 40.6891266075463], [-73.8742940600671, 40.6890822526826], [-73.8742219531357, 40.6889074338287]]]}}, {"type": "Feature", "properties": {"zone_id": "0205GVJ90IGBDJHEGC89NE", "tract_id": "36047117602", "city": "BROOKLYN, NY", "zone_code": "M1-1", "zone_category": "Industrial", "ev_permitted": true}, "geometry": {"type": "Polygon", "coordinates": [[[-73.8743990894799, 40.688889742446], [-73.8743286007426, 40.6889034496083], [-73.8743442301713, 40.6889477919927], [-73.8742464426744, 40.6889668067131], [-73.8742940600671, 40.6890822526826], [-73.8744440102866, 40.6890171763362], [-73.8743990894799, 40.688889742446]]]}}, {"type": "Feature", "properties": {"zone_id": "0207GWD864MZOFVA190XQN", "tract_id": "36047117602", "city": "BROOKLYN, NY", "zone_code": "M1-1", "zone_category": "Industrial", "ev_permitted": true}, "geometry": {"type": "Polygon", "coordinates": [[[-73.8740787177518, 40.6888560805375], [-73.8740066729942, 40.6888700886474], [-73.8741096662292, 40.6891622768287], [-73.8741918564298, 40.6891266075463], [-73.8741470370364, 40.6889994575453], [-73.8740787177518, 40.6888560805375]]]}}, {"type": "Feature", "properties": {"zone_id": "0201VCFNARDONE6JED5LK6", "tract_id": "36047117602", "city": "BROOKLYN, NY", "zone_code": "R4", "zone_category": "Residential", "ev_permitted": false}, "geometry": {"type": "Polygon", "coordinates": [[[-73.8765009455579, 40.6877649904552], [-73.8759505616711, 40.6878449432052], [-73.8760599499903, 40.6882859125806], [-73.8765674118829, 40.6880329249359], [-73.8765009455579, 40.6877649904552]]]}}, {"type": "Feature", "properties": {"zone_id": "0201DREK199A711D1FW7R0", "tract_id": "36047117602", "city": "BROOKLYN, NY", "zone_code": "M1-1", "zone_category": "Industrial", "ev_permitted": true}, "geometry": {"type": "Polygon", "coordinates": [[[-73.8749009977701, 40.6882795986613], [-73.8747229055154, 40.6883053753063], [-73.8748551674099, 40.6888387384247], [-73.875021727335, 40.688766451806], [-73.8749009977701, 40.6882795986613]]]}}, {"type": "Feature", "properties": {"zone_id": "0201CWDBU2LM03JVOJXJDR", "tract_id": "36047117602", "city": "BROOKLYN, NY", "zone_code": "R5", "zone_category": "Residential", "ev_permitted": false}, "geometry": {"type": "Polygon", "coordinates": [[[-73.8750962814162, 40.6883282860282], [-73.8749194189982, 40.6883538851333], [-73.875021727335, 40.688766451806], [-73.8751871357858, 40.6886946646949], [-73.8750962814162, 40.6883282860282]]]}}, {"type": "Feature", "properties": {"zone_id": "0206NRYO1P7Z730HTWZ6GE", "tract_id": "36047117602", "city": "BROOKLYN, NY", "zone_code": "M1-1", "zone_category": "Industrial", "ev_permitted": true}, "geometry": {"type": "Polygon", "coordinates": [[[-73.8753043030564, 40.6883942674313], [-73.8751192846588, 40.6884210469094], [-73.8751871357858, 40.6886946646949], [-73.8753601739123, 40.6886195662349], [-73.8753043030564, 40.6883942674313]]]}}, {"type": "Feature", "properties": {"zone_id": "0202FT6CIYNH7K0RYE9Z35", "tract_id": "36047117602", "city": "BROOKLYN, NY", "zone_code": "R5", "zone_category": "Residential", "ev_permitted": false}, "geometry": {"type": "Polygon", "coordinates": [[[-73.8759540762642, 40.6878591119564], [-73.8756869454087, 40.6878979162918], [-73.8757204590142, 40.6880355575922], [-73.8754367940246, 40.6880767627546], [-73.8754602589228, 40.6881731308336], [-73.875722643949, 40.6884540696148], [-73.8760599499903, 40.6882859125806], [-73.8759540762642, 40.6878591119564]]]}}, {"type": "Feature", "properties": {"zone_id": "0205O1A7ZJ1TO1L00B6R04", "tract_id": "36047117602", "city": "BROOKLYN, NY", "zone_code": "R5", "zone_category": "Residential", "ev_permitted": false}, "geometry": {"type": "Polygon", "coordinates": [[[-73.8756869454087, 40.6878979162918], [-73.875403280984, 40.6879391213723], [-73.8754367940246, 40.6880767627546], [-73.8757204590142, 40.6880355575922], [-73.8756869454087, 40.6878979162918]]]}}, {"type": "Feature", "properties": {"zone_id": "02027YC6RO7L287WYQE2HA", "tract_id": "36047117602", "city": "BROOKLYN, NY", "zone_code": "R5", "zone_category": "Residential", "ev_permitted": false}, "geometry": {"type": "Polygon", "coordinates": [[[-73.8751768657512, 40.6878803667457], [-73.8746368960232, 40.6879585228848], [-73.8746554799398, 40.688033467974], [-73.8751954502517, 40.6879553124511], [-73.8751768657512, 40.6878803667457]]]}}, {"type": "Feature", "properties": {"zone_id": "0202Q05XPZV2P8T5MYPW4J", "tract_id": "36047117602", "city": "BROOKLYN, NY", "zone_code": "R5", "zone_category": "Residential", "ev_permitted": false}, "geometry": {"type": "Polygon", "coordinates": [[[-73.875281299567, 40.6883015058842], [-73.8750962814162, 40.6883282860282], [-73.8751192846588, 40.6884210469094], [-73.8753043030564, 40.6883942674313], [-73.875281299567, 40.6883015058842]]]}}, {"type": "Feature", "properties": {"zone_id": "0201A1VN2VDHVH76JPAMOJ", "tract_id": "36047117602", "city": "BROOKLYN, NY", "zone_code": "R5", "zone_category": "Residential", "ev_permitted": false}, "geometry": {"type": "Polygon", "coordinates": [[[-73.8752628770271, 40.6882272194686], [-73.8749009977701, 40.6882795986613], [-73.8749194189982, 40.6883538851333], [-73.875281299567, 40.6883015058842], [-73.8752628770271, 40.6882272194686]]]}}, {"type": "Feature", "properties": {"zone_id": "02070DSLEVTP4V8X2W5FA2", "tract_id": "36047117602", "city": "BROOKLYN, NY", "zone_code": "R5", "zone_category": "Residential", "ev_permitted": false}, "geometry": {"type": "Polygon", "coordinates": [[[-73.8752481641459, 40.6881678819879], [-73.8749230156759, 40.6882149439683], [-73.874937111485, 40.6882743714633], [-73.8752628770271, 40.6882272194686], [-73.8752481641459, 40.6881678819879]]]}}, {"type": "Feature", "properties": {"zone_id": "0202D31Y7GAIETARZ9HQ5P", "tract_id": "36047117602", "city": "BROOKLYN, NY", "zone_code": "R5", "zone_category": "Residential", "ev_permitted": false}, "geometry": {"type": "Polygon", "coordinates": [[[-73.8752293944534, 40.6880921933787], [-73.8749050357944, 40.6881391409282], [-73.8749230156759, 40.6882149439683], [-73.8752481641459, 40.6881678819879], [-73.8752293944534, 40.6880921933787]]]}}, {"type": "Feature", "properties": {"zone_id": "0201EL8BN0X0LL8GL38K27", "tract_id": "36047117602", "city": "BROOKLYN, NY", "zone_code": "R5", "zone_category": "Residential", "ev_permitted": false}, "geometry": {"type": "Polygon", "coordinates": [[[-73.8751954502517, 40.6879553124511], [-73.8748725197124, 40.6880020541725], [-73.8749050357944, 40.6881391409282], [-73.8752293944534, 40.6880921933787], [-73.8751954502517, 40.6879553124511]]]}}, {"type": "Feature", "properties": {"zone_id": "0204N95OYA1WD8EOS7972U", "tract_id": "36047117602", "city": "BROOKLYN, NY", "zone_code": "R4", "zone_category": "Residential", "ev_permitted": false}, "geometry": {"type": "Polygon", "coordinates": [[[-73.8764841261128, 40.6876971887113], [-73.8759337427655, 40.6877771413815], [-73.8759505616711, 40.6878449432052], [-73.8765009455579, 40.6877649904552], [-73.8764841261128, 40.6876971887113]]]}}, {"type": "Feature", "properties": {"zone_id": "0206X9DUVZCONSG0HVSM3D", "tract_id": "36047117602", "city": "BROOKLYN, NY", "zone_code": "R4", "zone_category": "Residential", "ev_permitted": false}, "geometry": {"type": "Polygon", "coordinates": [[[-73.8764690054098, 40.6876362341208], [-73.8759186225474, 40.6877161867194], [-73.8759337427655, 40.6877771413815], [-73.8764841261128, 40.6876971887113], [-73.8764690054098, 40.6876362341208]]]}}, {"type": "Feature", "properties": {"zone_id": "0201XLCB9J32KBQNJIMYHX", "tract_id": "36047117602", "city": "BROOKLYN, NY", "zone_code": "R4", "zone_category": "Residential", "ev_permitted": false}, "geometry": {"type": "Polygon", "coordinates": [[[-73.8764517709775, 40.687566757482], [-73.8759013877449, 40.6876467099978], [-73.8759186225474, 40.6877161867194], [-73.8764690054098, 40.6876362341208], [-73.8764517709775, 40.687566757482]]]}}, {"type": "Feature", "properties": {"zone_id": "0207B46HS431DQQ7HG7X6U", "tract_id": "36047117602", "city": "BROOKLYN, NY", "zone_code": "R4", "zone_category": "Residential", "ev_permitted": false}, "geometry": {"type": "Polygon", "coordinates": [[[-73.8764184759007, 40.6874325435052], [-73.8758680946604, 40.6875124951614], [-73.8759013877449, 40.6876467099978], [-73.8764517709775, 40.687566757482], [-73.8764184759007, 40.6874325435052]]]}}, {"type": "Feature", "properties": {"zone_id": "0206NPOGK84Y2OA4ZT23Z7", "tract_id": "36047117602", "city": "BROOKLYN, NY", "zone_code": "R4", "zone_category": "Residential", "ev_permitted": false}, "geometry": {"type": "Polygon", "coordinates": [[[-73.8763984040032, 40.6873516293905], [-73.8759967475485, 40.6874099770574], [-73.8759953109346, 40.6874041841691], [-73.8758465858822, 40.6874257880604], [-73.8758680946604, 40.6875124951614], [-73.8764184759007, 40.6874325435052], [-73.8763984040032, 40.6873516293905]]]}}, {"type": "Feature", "properties": {"zone_id": "02012R2NW54KBK44JXSBNK", "tract_id": "36047117602", "city": "BROOKLYN, NY", "zone_code": "R5", "zone_category": "Residential", "ev_permitted": false}, "geometry": {"type": "Polygon", "coordinates": [[[-73.8759358115718, 40.6877854806962], [-73.8753853391217, 40.687865443296], [-73.875403280984, 40.6879391213723], [-73.8759540762642, 40.6878591119564], [-73.8759358115718, 40.6877854806962]]]}}, {"type": "Feature", "properties": {"zone_id": "0202XU9SHSGX1CNQVHSCGB", "tract_id": "36047117602", "city": "BROOKLYN, NY", "zone_code": "R5", "zone_category": "Residential", "ev_permitted": false}, "geometry": {"type": "Polygon", "coordinates": [[[-73.8759186225474, 40.6877161867194], [-73.8753684581191, 40.6877961046003], [-73.8753853391217, 40.687865443296], [-73.8759358115718, 40.6877854806962], [-73.8759186225474, 40.6877161867194]]]}}, {"type": "Feature", "properties": {"zone_id": "02064FNNHI09ANY243YYXE", "tract_id": "36047117602", "city": "BROOKLYN, NY", "zone_code": "R5", "zone_category": "Residential", "ev_permitted": false}, "geometry": {"type": "Polygon", "coordinates": [[[-73.8759025275101, 40.687651303123], [-73.8753526489088, 40.687731179077], [-73.8753684581191, 40.6877961046003], [-73.8759186225474, 40.6877161867194], [-73.8759025275101, 40.687651303123]]]}}, {"type": "Feature", "properties": {"zone_id": "0207EDYTLEM9FVWES77L2P", "tract_id": "36047117602", "city": "BROOKLYN, NY", "zone_code": "R5", "zone_category": "Residential", "ev_permitted": false}, "geometry": {"type": "Polygon", "coordinates": [[[-73.8758844745658, 40.6875785300314], [-73.8753349197088, 40.6876583591715], [-73.8753526489088, 40.687731179077], [-73.8759025275101, 40.687651303123], [-73.8758844745658, 40.6875785300314]]]}}, {"type": "Feature", "properties": {"zone_id": "0201ZEQ6OSZ5IN8GOHP8W6", "tract_id": "36047117602", "city": "BROOKLYN, NY", "zone_code": "R5", "zone_category": "Residential", "ev_permitted": false}, "geometry": {"type": "Polygon", "coordinates": [[[-73.8758680946604, 40.6875124951614], [-73.8753188302537, 40.6875922823784], [-73.8753349197088, 40.6876583591715], [-73.8758844745658, 40.6875785300314], [-73.8758680946604, 40.6875124951614]]]}}, {"type": "Feature", "properties": {"zone_id": "0200YJHZOMIZ6LT0IUFJY4", "tract_id": "36047117602", "city": "BROOKLYN, NY", "zone_code": "R5", "zone_category": "Residential", "ev_permitted": false}, "geometry": {"type": "Polygon", "coordinates": [[[-73.8758342226699, 40.6873759468504], [-73.8752855622824, 40.6874556460252], [-73.8753188302537, 40.6875922823784], [-73.8758680946604, 40.6875124951614], [-73.8758342226699, 40.6873759468504]]]}}, {"type": "Feature", "properties": {"zone_id": "0201WQUV1JI2JF82U7PWFU", "tract_id": "36047117602", "city": "BROOKLYN, NY", "zone_code": "R5", "zone_category": "Residential", "ev_permitted": false}, "geometry": {"type": "Polygon", "coordinates": [[[-73.8751624186964, 40.6878221088285], [-73.8746224494244, 40.6879002641977], [-73.8746368960232, 40.6879585228848], [-73.8751768657512, 40.6878803667457], [-73.8751624186964, 40.6878221088285]]]}}, {"type": "Feature", "properties": {"zone_id": "020075QML9B9L4B6TAQCXE", "tract_id": "36047117602", "city": "BROOKLYN, NY", "zone_code": "R5", "zone_category": "Residential", "ev_permitted": false}, "geometry": {"type": "Polygon", "coordinates": [[[-73.8751288879523, 40.6876868978497], [-73.8745889206591, 40.6877650530639], [-73.8746224494244, 40.6879002641977], [-73.8747381766874, 40.6878835143938], [-73.8747234409771, 40.6878213858446], [-73.8751470353467, 40.6877600744903], [-73.8751288879523, 40.6876868978497]]]}}, {"type": "Feature", "properties": {"zone_id": "0204YVSDFT1AV6QHUCU3TC", "tract_id": "36047117602", "city": "BROOKLYN, NY", "zone_code": "R5", "zone_category": "Residential", "ev_permitted": false}, "geometry": {"type": "Polygon", "coordinates": [[[-73.8751154698417, 40.6876327832341], [-73.874761237971, 40.6876840551622], [-73.8747746567276, 40.6877381698198], [-73.8751288879523, 40.6876868978497], [-73.8751154698417, 40.6876327832341]]]}}, {"type": "Feature", "properties": {"zone_id": "0202RNHUNNBDFX94660F2G", "tract_id": "36047117602", "city": "BROOKLYN, NY", "zone_code": "R5", "zone_category": "Residential", "ev_permitted": false}, "geometry": {"type": "Polygon", "coordinates": [[[-73.8751470353467, 40.6877600744903], [-73.8747234409771, 40.6878213858446], [-73.8747381766874, 40.6878835143938], [-73.8751624186964, 40.6878221088285], [-73.8751470353467, 40.6877600744903]]]}}, {"type": "Feature", "properties": {"zone_id": "0202H21QQI0MT1N6H6CI0F", "tract_id": "36047117602", "city": "BROOKLYN, NY", "zone_code": "R5", "zone_category": "Residential", "ev_permitted": false}, "geometry": {"type": "Polygon", "coordinates": [[[-73.8751024915048, 40.6875804447206], [-73.874748259902, 40.6876317166091], [-73.874761237971, 40.6876840551622], [-73.8751154698417, 40.6876327832341], [-73.8751024915048, 40.6875804447206]]]}}, {"type": "Feature", "properties": {"zone_id": "020403L5SIV09GW1Q0O5P0", "tract_id": "36047117602", "city": "BROOKLYN, NY", "zone_code": "R5", "zone_category": "Residential", "ev_permitted": false}, "geometry": {"type": "Polygon", "coordinates": [[[-73.8750884934986, 40.6875239966338], [-73.8747342621837, 40.6875752691822], [-73.874748259902, 40.6876317166091], [-73.8751024915048, 40.6875804447206], [-73.8750884934986, 40.6875239966338]]]}}, {"type": "Feature", "properties": {"zone_id": "0206V3EIZBWRQ9XUCXY3R8", "tract_id": "36047117602", "city": "BROOKLYN, NY", "zone_code": "R5", "zone_category": "Residential", "ev_permitted": false}, "geometry": {"type": "Polygon", "coordinates": [[[-73.875075303566, 40.6874708076658], [-73.8747210725249, 40.6875220794712], [-73.8747342621837, 40.6875752691822], [-73.8750884934986, 40.6875239966338], [-73.875075303566, 40.6874708076658]]]}}, {"type": "Feature", "properties": {"zone_id": "0202MCXIO27VN2LSRNH778", "tract_id": "36047117602", "city": "BROOKLYN, NY", "zone_code": "R5", "zone_category": "Residential", "ev_permitted": false}, "geometry": {"type": "Polygon", "coordinates": [[[-73.8750618369813, 40.6874164997576], [-73.8747076062184, 40.687467771522], [-73.8747210725249, 40.6875220794712], [-73.875075303566, 40.6874708076658], [-73.8750618369813, 40.6874164997576]]]}}, {"type": "Feature", "properties": {"zone_id": "0207BF8CX59BHXCV2EK1N9", "tract_id": "36047117602", "city": "BROOKLYN, NY", "zone_code": "R5", "zone_category": "Residential", "ev_permitted": false}, "geometry": {"type": "Polygon", "coordinates": [[[-73.875048752451, 40.6873637346054], [-73.8746945219583, 40.6874150063298], [-73.8747076062184, 40.687467771522], [-73.8750618369813, 40.6874164997576], [-73.875048752451, 40.6873637346054]]]}}, {"type": "Feature", "properties": {"zone_id": "0204ZVTM7LQACYKHFGMKSO", "tract_id": "36047117602", "city": "BROOKLYN, NY", "zone_code": "R4", "zone_category": "Residential", "ev_permitted": false}, "geometry": {"type": "Polygon", "coordinates": [[[-73.876384602825, 40.6872959946522], [-73.8758342226699, 40.6873759468504], [-73.8758465858822, 40.6874257880604], [-73.8759953109346, 40.6874041841691], [-73.8759967475485, 40.6874099770574], [-73.8763984040032, 40.6873516293905], [-73.876384602825, 40.6872959946522]]]}}, {"type": "Feature", "properties": {"zone_id": "020238GIS52JWGWXQMAIVG", "tract_id": "36047117602", "city": "BROOKLYN, NY", "zone_code": "R4", "zone_category": "Residential", "ev_permitted": false}, "geometry": {"type": "Polygon", "coordinates": [[[-73.8763683809974, 40.6872306008491], [-73.8758180004408, 40.6873105522668], [-73.8758342226699, 40.6873759468504], [-73.876384602825, 40.6872959946522], [-73.8763683809974, 40.6872306008491]]]}}, {"type": "Feature", "properties": {"zone_id": "0204F4AJXKJGR5VFY7TK70", "tract_id": "36047117602", "city": "BROOKLYN, NY", "zone_code": "R4", "zone_category": "Residential", "ev_permitted": false}, "geometry": {"type": "Polygon", "coordinates": [[[-73.8763528216309, 40.6871678785734], [-73.8758024424951, 40.6872478306209], [-73.8758180004408, 40.6873105522668], [-73.8763683809974, 40.6872306008491], [-73.8763528216309, 40.6871678785734]]]}}, {"type": "Feature", "properties": {"zone_id": "0203WHZYLJHNAOIAROV8UE", "tract_id": "36047117602", "city": "BROOKLYN, NY", "zone_code": "R4", "zone_category": "Residential", "ev_permitted": false}, "geometry": {"type": "Polygon", "coordinates": [[[-73.8763341206959, 40.6870924185751], [-73.8757837246182, 40.687172372623], [-73.8758024424951, 40.6872478306209], [-73.8763528216309, 40.6871678785734], [-73.8763341206959, 40.6870924185751]]]}}, {"type": "Feature", "properties": {"zone_id": "0203LL12TCB5H279CDJI7D", "tract_id": "36047117602", "city": "BROOKLYN, NY", "zone_code": "R4", "zone_category": "Residential", "ev_permitted": false}, "geometry": {"type": "Polygon", "coordinates": [[[-73.8763090472103, 40.6869914169851], [-73.8757586694786, 40.687071368825], [-73.8757837246182, 40.687172372623], [-73.8763341206959, 40.6870924185751], [-73.8763090472103, 40.6869914169851]]]}}, {"type": "Feature", "properties": {"zone_id": "0200JMDTHWUZMYEGLZ66F8", "tract_id": "36047117602", "city": "BROOKLYN, NY", "zone_code": "R4", "zone_category": "Residential", "ev_permitted": false}, "geometry": {"type": "Polygon", "coordinates": [[[-73.8762855370104, 40.6868966405467], [-73.8757351600327, 40.6869765922752], [-73.8757586694786, 40.687071368825], [-73.8763090472103, 40.6869914169851], [-73.8762855370104, 40.6868966405467]]]}}, {"type": "Feature", "properties": {"zone_id": "02034FUGJZO5X8LB7R83V5", "tract_id": "36047117602", "city": "BROOKLYN, NY", "zone_code": "R4", "zone_category": "Residential", "ev_permitted": false}, "geometry": {"type": "Polygon", "coordinates": [[[-73.8762668031067, 40.6868211214757], [-73.8757164267299, 40.6869010731153], [-73.8757351600327, 40.6869765922752], [-73.8762855370104, 40.6868966405467], [-73.8762668031067, 40.6868211214757]]]}}, {"type": "Feature", "properties": {"zone_id": "02033J5NBLB8HA1I833XSN", "tract_id": "36047117602", "city": "BROOKLYN, NY", "zone_code": "R5", "zone_category": "Residential", "ev_permitted": false}, "geometry": {"type": "Polygon", "coordinates": [[[-73.8758140388002, 40.6872945814026], [-73.8752657382332, 40.6873742281716], [-73.8752855622824, 40.6874556460252], [-73.8758342226699, 40.6873759468504], [-73.8758140388002, 40.6872945814026]]]}}, {"type": "Feature", "properties": {"zone_id": "0206VO70US1RVKR4SE6TVQ", "tract_id": "36047117602", "city": "BROOKLYN, NY", "zone_code": "R5", "zone_category": "Residential", "ev_permitted": false}, "geometry": {"type": "Polygon", "coordinates": [[[-73.8757993200947, 40.6872352446822], [-73.8752512822223, 40.6873148537221], [-73.8752657382332, 40.6873742281716], [-73.8758140388002, 40.6872945814026], [-73.8757993200947, 40.6872352446822]]]}}, {"type": "Feature", "properties": {"zone_id": "0205WEUHMAW047JXP59GT4", "tract_id": "36047117602", "city": "BROOKLYN, NY", "zone_code": "R5", "zone_category": "Residential", "ev_permitted": false}, "geometry": {"type": "Polygon", "coordinates": [[[-73.8757837246182, 40.687172372623], [-73.8752359642399, 40.6872519425405], [-73.8752512822223, 40.6873148537221], [-73.8757993200947, 40.6872352446822], [-73.8757837246182, 40.687172372623]]]}}, {"type": "Feature", "properties": {"zone_id": "0203W4TEL6E5DE2V71Q2GU", "tract_id": "36047117602", "city": "BROOKLYN, NY", "zone_code": "R5", "zone_category": "Residential", "ev_permitted": false}, "geometry": {"type": "Polygon", "coordinates": [[[-73.8757713138496, 40.6871223437425], [-73.8752237754669, 40.6872018808166], [-73.8752359642399, 40.6872519425405], [-73.8757837246182, 40.687172372623], [-73.8757713138496, 40.6871223437425]]]}}, {"type": "Feature", "properties": {"zone_id": "02054BMJTZW17NCD2MUZGP", "tract_id": "36047117602", "city": "BROOKLYN, NY", "zone_code": "R5", "zone_category": "Residential", "ev_permitted": false}, "geometry": {"type": "Polygon", "coordinates": [[[-73.8757586694786, 40.687071368825], [-73.8752113558679, 40.6871508730577], [-73.8752237754669, 40.6872018808166], [-73.8757713138496, 40.6871223437425], [-73.8757586694786, 40.687071368825]]]}}, {"type": "Feature", "properties": {"zone_id": "02056VPTFG65IBAIZQDL5A", "tract_id": "36047117602", "city": "BROOKLYN, NY", "zone_code": "R5", "zone_category": "Residential", "ev_permitted": false}, "geometry": {"type": "Polygon", "coordinates": [[[-73.8757464447444, 40.6870220842612], [-73.8751993485048, 40.6871015570517], [-73.8752113558679, 40.6871508730577], [-73.8757586694786, 40.687071368825], [-73.8757464447444, 40.6870220842612]]]}}, {"type": "Feature", "properties": {"zone_id": "0206H8QMP1FQ5DVF6QO2ZL", "tract_id": "36047117602", "city": "BROOKLYN, NY", "zone_code": "R5", "zone_category": "Residential", "ev_permitted": false}, "geometry": {"type": "Polygon", "coordinates": [[[-73.8757328026741, 40.686967091144], [-73.8751859497042, 40.6870465282978], [-73.8751993485048, 40.6871015570517], [-73.8757464447444, 40.6870220842612], [-73.8757328026741, 40.686967091144]]]}}, {"type": "Feature", "properties": {"zone_id": "02024WATOG3E72SG7HSJMP", "tract_id": "36047117602", "city": "BROOKLYN, NY", "zone_code": "R5", "zone_category": "Residential", "ev_permitted": false}, "geometry": {"type": "Polygon", "coordinates": [[[-73.8757116149173, 40.6868816744457], [-73.8751651393393, 40.686961056398], [-73.8751859497042, 40.6870465282978], [-73.8757328026741, 40.686967091144], [-73.8757116149173, 40.6868816744457]]]}}, {"type": "Feature", "properties": {"zone_id": "0200LOVZIZS77KUXMEH4EY", "tract_id": "36047117602", "city": "BROOKLYN, NY", "zone_code": "R5", "zone_category": "Residential", "ev_permitted": false}, "geometry": {"type": "Polygon", "coordinates": [[[-73.8750350880174, 40.6873086303624], [-73.8746808578055, 40.6873599027478], [-73.8746945219583, 40.6874150063298], [-73.875048752451, 40.6873637346054], [-73.8750350880174, 40.6873086303624]]]}}, {"type": "Feature", "properties": {"zone_id": "0203DWGB8OTWXOWM1BRTFP", "tract_id": "36047117602", "city": "BROOKLYN, NY", "zone_code": "R5", "zone_category": "Residential", "ev_permitted": false}, "geometry": {"type": "Polygon", "coordinates": [[[-73.8750218633592, 40.6872552994114], [-73.8746676324987, 40.6873065710527], [-73.8746808578055, 40.6873599027478], [-73.8750350880174, 40.6873086303624], [-73.8750218633592, 40.6872552994114]]]}}, {"type": "Feature", "properties": {"zone_id": "02043RWXSW08WEIJZIP6ZM", "tract_id": "36047117602", "city": "BROOKLYN, NY", "zone_code": "R5", "zone_category": "Residential", "ev_permitted": false}, "geometry": {"type": "Polygon", "coordinates": [[[-73.8750082511847, 40.6872004088304], [-73.8746540215272, 40.6872516811339], [-73.8746676324987, 40.6873065710527], [-73.8750218633592, 40.6872552994114], [-73.8750082511847, 40.6872004088304]]]}}, {"type": "Feature", "properties": {"zone_id": "02009CIJTLMCJZILVKEMZF", "tract_id": "36047117602", "city": "BROOKLYN, NY", "zone_code": "R5", "zone_category": "Residential", "ev_permitted": false}, "geometry": {"type": "Polygon", "coordinates": [[[-73.874995093452, 40.6871473456624], [-73.8746408640662, 40.6871986179258], [-73.8746540215272, 40.6872516811339], [-73.8750082511847, 40.6872004088304], [-73.874995093452, 40.6871473456624]]]}}, {"type": "Feature", "properties": {"zone_id": "0206YNBYYOACYKZL02TIRF", "tract_id": "36047117602", "city": "BROOKLYN, NY", "zone_code": "M1-1", "zone_category": "Industrial", "ev_permitted": true}, "geometry": {"type": "Polygon", "coordinates": [[[-73.8747073868786, 40.6882427912838], [-73.8742042905697, 40.6883344632929], [-73.8742527149511, 40.6884744857723], [-73.8744440102866, 40.6890171763362], [-73.8748551674099, 40.6888387384247], [-73.8747073868786, 40.6882427912838]]]}}, {"type": "Feature", "properties": {"zone_id": "0205QADUGCAESR9ZVYTGN1", "tract_id": "36047117602", "city": "BROOKLYN, NY", "zone_code": "M1-1", "zone_category": "Industrial", "ev_permitted": true}, "geometry": {"type": "Polygon", "coordinates": [[[-73.8743632295389, 40.6887880105584], [-73.8740024677462, 40.6888581584654], [-73.8740066729942, 40.6888700886474], [-73.8740787177518, 40.6888560805375], [-73.8741132589332, 40.6889285690935], [-73.8742219531357, 40.6889074338287], [-73.8742464426744, 40.6889668067131], [-73.8743442301713, 40.6889477919927], [-73.8743286007426, 40.6889034496083], [-73.8743990894799, 40.688889742446], [-73.8743632295389, 40.6887880105584]]]}}, {"type": "Feature", "properties": {"zone_id": "0203RECUOIIIGKEQ35YVZL", "tract_id": "36047117602", "city": "BROOKLYN, NY", "zone_code": "M1-1", "zone_category": "Industrial", "ev_permitted": true}, "geometry": {"type": "Polygon", "coordinates": [[[-73.8743230459703, 40.6886740110809], [-73.8739622838277, 40.6887441595646], [-73.8740024677462, 40.6888581584654], [-73.8743632295389, 40.6887880105584], [-73.8743230459703, 40.6886740110809]]]}}, {"type": "Feature", "properties": {"zone_id": "0206X1ZAHUWFJP5J0K7L6L", "tract_id": "36047117602", "city": "BROOKLYN, NY", "zone_code": "M1-1", "zone_category": "Industrial", "ev_permitted": true}, "geometry": {"type": "Polygon", "coordinates": [[[-73.8742995376697, 40.6886073203559], [-73.8739387767863, 40.6886774687674], [-73.8739622838277, 40.6887441595646], [-73.8743230459703, 40.6886740110809], [-73.8742995376697, 40.6886073203559]]]}}, {"type": "Feature", "properties": {"zone_id": "0202QKB32Z4NCJR6JSEDD3", "tract_id": "36047117602", "city": "BROOKLYN, NY", "zone_code": "M1-1", "zone_category": "Industrial", "ev_permitted": true}, "geometry": {"type": "Polygon", "coordinates": [[[-73.8742527149511, 40.6884744857723], [-73.873891953814, 40.6885446340372], [-73.8739387767863, 40.6886774687674], [-73.8742995376697, 40.6886073203559], [-73.8742527149511, 40.6884744857723]]]}}, {"type": "Feature", "properties": {"zone_id": "0203HNPWNIXMQCOJ6H1SKP", "tract_id": "36047117602", "city": "BROOKLYN, NY", "zone_code": "R5", "zone_category": "Residential", "ev_permitted": false}, "geometry": {"type": "Polygon", "coordinates": [[[-73.8749050357944, 40.6881391409282], [-73.8746894230728, 40.6881703490596], [-73.8747229055154, 40.6883053753063], [-73.874937111485, 40.6882743714633], [-73.8749050357944, 40.6881391409282]]]}}, {"type": "Feature", "properties": {"zone_id": "0205JAAL4PEVJ9IGG8O0Q7", "tract_id": "36047117602", "city": "BROOKLYN, NY", "zone_code": "R5", "zone_category": "Residential", "ev_permitted": false}, "geometry": {"type": "Polygon", "coordinates": [[[-73.8746060194121, 40.687834008459], [-73.8743249384413, 40.687889831877], [-73.8744203228493, 40.6881588159326], [-73.8746740666516, 40.6881084214944], [-73.8746060194121, 40.687834008459]]]}}, {"type": "Feature", "properties": {"zone_id": "0204ER8VSAB0Y3HUE812TP", "tract_id": "36047117602", "city": "BROOKLYN, NY", "zone_code": "R5", "zone_category": "Residential", "ev_permitted": false}, "geometry": {"type": "Polygon", "coordinates": [[[-73.8748725197124, 40.6880020541725], [-73.8746554799398, 40.688033467974], [-73.8746894230728, 40.6881703490596], [-73.8749050357944, 40.6881391409282], [-73.8748725197124, 40.6880020541725]]]}}, {"type": "Feature", "properties": {"zone_id": "0205L5VE9IHYNI8MZYHIRP", "tract_id": "36047117602", "city": "BROOKLYN, NY", "zone_code": "R5", "zone_category": "Residential", "ev_permitted": false}, "geometry": {"type": "Polygon", "coordinates": [[[-73.8743249384413, 40.687889831877], [-73.8741504819852, 40.6879244799039], [-73.8742458657404, 40.6881934634002], [-73.8744203228493, 40.6881588159326], [-73.8743249384413, 40.687889831877]]]}}, {"type": "Feature", "properties": {"zone_id": "0202A2IKWU0D4YKWUN824X", "tract_id": "36047117602", "city": "BROOKLYN, NY", "zone_code": "R5", "zone_category": "Residential", "ev_permitted": false}, "geometry": {"type": "Polygon", "coordinates": [[[-73.8741504819852, 40.6879244799039], [-73.8740632536898, 40.6879418034667], [-73.874158637118, 40.6882107870349], [-73.8742458657404, 40.6881934634002], [-73.8741504819852, 40.6879244799039]]]}}, {"type": "Feature", "properties": {"zone_id": "02047WACUJB60SKUZHU2Y1", "tract_id": "36047117602", "city": "BROOKLYN, NY", "zone_code": "M1-1", "zone_category": "Industrial", "ev_permitted": true}, "geometry": {"type": "Polygon", "coordinates": [[[-73.8742042905697, 40.6883344632929], [-73.8738364733101, 40.6884030367346], [-73.873891953814, 40.6885446340372], [-73.8742527149511, 40.6884744857723], [-73.8742042905697, 40.6883344632929]]]}}, {"type": "Feature", "properties": {"zone_id": "0200X55ZA1Q1D3H8OXVHPY", "tract_id": "36047117602", "city": "BROOKLYN, NY", "zone_code": "R5", "zone_category": "Residential", "ev_permitted": false}, "geometry": {"type": "Polygon", "coordinates": [[[-73.8739295626214, 40.6881967133623], [-73.8737789642278, 40.6882266216828], [-73.873798697255, 40.6882822702614], [-73.8739492957653, 40.6882523619152], [-73.8739295626214, 40.6881967133623]]]}}, {"type": "Feature", "properties": {"zone_id": "0201S5LW6ZM84RPPII4UPS", "tract_id": "36047117602", "city": "BROOKLYN, NY", "zone_code": "R5", "zone_category": "Residential", "ev_permitted": false}, "geometry": {"type": "Polygon", "coordinates": [[[-73.8740902183623, 40.6880178441348], [-73.8737302803906, 40.6880893271501], [-73.8737498184477, 40.6881444281505], [-73.8741097576191, 40.6880729450756], [-73.8740902183623, 40.6880178441348]]]}}, {"type": "Feature", "properties": {"zone_id": "0201AACA4NU5YOQQEK1270", "tract_id": "36047117602", "city": "BROOKLYN, NY", "zone_code": "R5", "zone_category": "Residential", "ev_permitted": false}, "geometry": {"type": "Polygon", "coordinates": [[[-73.8740725586868, 40.6879680426158], [-73.8737126200418, 40.6880395255753], [-73.8737302803906, 40.6880893271501], [-73.8740902183623, 40.6880178441348], [-73.8740725586868, 40.6879680426158]]]}}, {"type": "Feature", "properties": {"zone_id": "0200R7Z5DOXYM9KYO4OMSW", "tract_id": "36047117602", "city": "BROOKLYN, NY", "zone_code": "R5", "zone_category": "Residential", "ev_permitted": false}, "geometry": {"type": "Polygon", "coordinates": [[[-73.8740537577208, 40.6879150230581], [-73.8736938202624, 40.6879865073656], [-73.8737126200418, 40.6880395255753], [-73.8740725586868, 40.6879680426158], [-73.8740537577208, 40.6879150230581]]]}}, {"type": "Feature", "properties": {"zone_id": "0207B2D2XQHBVLZM76DUJU", "tract_id": "36047117602", "city": "BROOKLYN, NY", "zone_code": "R5", "zone_category": "Residential", "ev_permitted": false}, "geometry": {"type": "Polygon", "coordinates": [[[-73.8741097576191, 40.6880729450756], [-73.8739812571435, 40.6880984651161], [-73.8740301363955, 40.6882363071296], [-73.874158637118, 40.6882107870349], [-73.8741097576191, 40.6880729450756]]]}}, {"type": "Feature", "properties": {"zone_id": "02062G99RP0MRSA5QKQK27", "tract_id": "36047117602", "city": "BROOKLYN, NY", "zone_code": "R5", "zone_category": "Residential", "ev_permitted": false}, "geometry": {"type": "Polygon", "coordinates": [[[-73.8739812571435, 40.6880984651161], [-73.8739004166687, 40.6881145198678], [-73.8739492957653, 40.6882523619152], [-73.8740301363955, 40.6882363071296], [-73.8739812571435, 40.6880984651161]]]}}, {"type": "Feature", "properties": {"zone_id": "0205OBVIV67OQ0WKU0R1F7", "tract_id": "36047117602", "city": "BROOKLYN, NY", "zone_code": "R5", "zone_category": "Residential", "ev_permitted": false}, "geometry": {"type": "Polygon", "coordinates": [[[-73.8739004166687, 40.6881145198678], [-73.8737498184477, 40.6881444281505], [-73.8737789642278, 40.6882266216828], [-73.8739295626214, 40.6881967133623], [-73.8739004166687, 40.6881145198678]]]}}, {"type": "Feature", "properties": {"zone_id": "0206A6N97MD9Q6GBIPXMCO", "tract_id": "36047117602", "city": "BROOKLYN, NY", "zone_code": "R5", "zone_category": "Residential", "ev_permitted": false}, "geometry": {"type": "Polygon", "coordinates": [[[-73.8745380579364, 40.6875599369607], [-73.8744223886965, 40.6875829094015], [-73.8745167801233, 40.687851732097], [-73.8746060194121, 40.687834008459], [-73.8745380579364, 40.6875599369607]]]}}, {"type": "Feature", "properties": {"zone_id": "0201I3GYX6KMWSVFR2L4KJ", "tract_id": "36047117602", "city": "BROOKLYN, NY", "zone_code": "R5", "zone_category": "Residential", "ev_permitted": false}, "geometry": {"type": "Polygon", "coordinates": [[[-73.8741603811039, 40.6876349448027], [-73.8740976203383, 40.6876474088338], [-73.8741928859603, 40.6879160577877], [-73.8742556460392, 40.6879035930014], [-73.8741603811039, 40.6876349448027]]]}}, {"type": "Feature", "properties": {"zone_id": "020443IHN7CPPIJ8O2HK3W", "tract_id": "36047117602", "city": "BROOKLYN, NY", "zone_code": "R5", "zone_category": "Residential", "ev_permitted": false}, "geometry": {"type": "Polygon", "coordinates": [[[-73.8742618953123, 40.6876147839687], [-73.8741603811039, 40.6876349448027], [-73.8742556460392, 40.6879035930014], [-73.8743562861385, 40.6878836060921], [-73.8742618953123, 40.6876147839687]]]}}, {"type": "Feature", "properties": {"zone_id": "0207DQLJBPBG0C2KZ9RGVK", "tract_id": "36047117602", "city": "BROOKLYN, NY", "zone_code": "R5", "zone_category": "Residential", "ev_permitted": false}, "geometry": {"type": "Polygon", "coordinates": [[[-73.8743281862776, 40.6876016182307], [-73.8742618953123, 40.6876147839687], [-73.8743562861385, 40.6878836060921], [-73.8744225773511, 40.6878704410028], [-73.8743281862776, 40.6876016182307]]]}}, {"type": "Feature", "properties": {"zone_id": "0205B5CJWNL6L9EIPR5AXH", "tract_id": "36047117602", "city": "BROOKLYN, NY", "zone_code": "R5", "zone_category": "Residential", "ev_permitted": false}, "geometry": {"type": "Polygon", "coordinates": [[[-73.8744223886965, 40.6875829094015], [-73.8743281862776, 40.6876016182307], [-73.8744225773511, 40.6878704410028], [-73.8745167801233, 40.687851732097], [-73.8744223886965, 40.6875829094015]]]}}, {"type": "Feature", "properties": {"zone_id": "02046ZGHYWN030OU7SR6ZL", "tract_id": "36047117602", "city": "BROOKLYN, NY", "zone_code": "R5", "zone_category": "Residential", "ev_permitted": false}, "geometry": {"type": "Polygon", "coordinates": [[[-73.8746125599284, 40.6874798310772], [-73.8745226743196, 40.6874978948068], [-73.8745889206591, 40.6877650530639], [-73.8746799263469, 40.68775188103], [-73.8746125599284, 40.6874798310772]]]}}, {"type": "Feature", "properties": {"zone_id": "0204NS6OQ2YWRUSQ53C6MH", "tract_id": "36047117602", "city": "BROOKLYN, NY", "zone_code": "R5", "zone_category": "Residential", "ev_permitted": false}, "geometry": {"type": "Polygon", "coordinates": [[[-73.8747059425085, 40.6874610649096], [-73.8746125599284, 40.6874798310772], [-73.8746799263469, 40.68775188103], [-73.8747746567276, 40.6877381698198], [-73.8747059425085, 40.6874610649096]]]}}, {"type": "Feature", "properties": {"zone_id": "0200EUGVGWR5KPGEIGN7VX", "tract_id": "36047117602", "city": "BROOKLYN, NY", "zone_code": "R5", "zone_category": "Residential", "ev_permitted": false}, "geometry": {"type": "Polygon", "coordinates": [[[-73.8742005329309, 40.6873405943983], [-73.8741273171189, 40.6873553081823], [-73.8741795079235, 40.6875001122295], [-73.874252723883, 40.6874853984125], [-73.8742005329309, 40.6873405943983]]]}}, {"type": "Feature", "properties": {"zone_id": "0204SF0E8PMU6PX36B2I2D", "tract_id": "36047117602", "city": "BROOKLYN, NY", "zone_code": "R5", "zone_category": "Residential", "ev_permitted": false}, "geometry": {"type": "Polygon", "coordinates": [[[-73.8740463165218, 40.6876575982064], [-73.8739679904008, 40.6876731537058], [-73.8740632536898, 40.6879418034667], [-73.8741415801055, 40.6879262472004], [-73.8740463165218, 40.6876575982064]]]}}, {"type": "Feature", "properties": {"zone_id": "0201Z8830B57BZT85PBRJD", "tract_id": "36047117602", "city": "BROOKLYN, NY", "zone_code": "R5", "zone_category": "Residential", "ev_permitted": false}, "geometry": {"type": "Polygon", "coordinates": [[[-73.8740976203383, 40.6876474088338], [-73.8740463165218, 40.6876575982064], [-73.8741415801055, 40.6879262472004], [-73.8741928859603, 40.6879160577877], [-73.8740976203383, 40.6876474088338]]]}}, {"type": "Feature", "properties": {"zone_id": "0202J1JZFXCD706Z31K3RS", "tract_id": "36047117602", "city": "BROOKLYN, NY", "zone_code": "R5", "zone_category": "Residential", "ev_permitted": false}, "geometry": {"type": "Polygon", "coordinates": [[[-73.8749606243474, 40.6870083427415], [-73.8744206605056, 40.6870864971707], [-73.8744387950454, 40.6871596282424], [-73.874978758535, 40.6870814737278], [-73.8749606243474, 40.6870083427415]]]}}, {"type": "Feature", "properties": {"zone_id": "0204RX42A12LGY2S2Y1J0Z", "tract_id": "36047117602", "city": "BROOKLYN, NY", "zone_code": "R5", "zone_category": "Residential", "ev_permitted": false}, "geometry": {"type": "Polygon", "coordinates": [[[-73.874978758535, 40.6870814737278], [-73.8744387950454, 40.6871596282424], [-73.8744551294467, 40.6872255009558], [-73.874995093452, 40.6871473456624], [-73.874978758535, 40.6870814737278]]]}}, {"type": "Feature", "properties": {"zone_id": "020415RBK9658Y832622BP", "tract_id": "36047117602", "city": "BROOKLYN, NY", "zone_code": "R5", "zone_category": "Residential", "ev_permitted": false}, "geometry": {"type": "Polygon", "coordinates": [[[-73.8740453224413, 40.686826316306], [-73.8739560757771, 40.6868485758883], [-73.8740943464507, 40.6872292770813], [-73.8744387950454, 40.6871596282424], [-73.8744206605056, 40.6870864971707], [-73.8744134788787, 40.6870875370024], [-73.8744062305775, 40.6870583046745], [-73.8741133562589, 40.6871006938605], [-73.8740453224413, 40.686826316306]]]}}, {"type": "Feature", "properties": {"zone_id": "0204MBMHDWB80AY5VVLNSD", "tract_id": "36047117602", "city": "BROOKLYN, NY", "zone_code": "R5", "zone_category": "Residential", "ev_permitted": false}, "geometry": {"type": "Polygon", "coordinates": [[[-73.8746408640662, 40.6871986179258], [-73.8745463135511, 40.6872123025209], [-73.8746125599284, 40.6874798310772], [-73.8747059425085, 40.6874610649096], [-73.8746408640662, 40.6871986179258]]]}}, {"type": "Feature", "properties": {"zone_id": "0201BJUKCPJZWAZKZ299NN", "tract_id": "36047117602", "city": "BROOKLYN, NY", "zone_code": "R5", "zone_category": "Residential", "ev_permitted": false}, "geometry": {"type": "Polygon", "coordinates": [[[-73.8745463135511, 40.6872123025209], [-73.8744551294467, 40.6872255009558], [-73.8745226743196, 40.6874978948068], [-73.8746125599284, 40.6874798310772], [-73.8745463135511, 40.6872123025209]]]}}, {"type": "Feature", "properties": {"zone_id": "02049QI7Z5F5603ZRDOEFN", "tract_id": "36047117602", "city": "BROOKLYN, NY", "zone_code": "R5", "zone_category": "Residential", "ev_permitted": false}, "geometry": {"type": "Polygon", "coordinates": [[[-73.8744387950454, 40.6871596282424], [-73.8743292297646, 40.6871817828518], [-73.8744165431688, 40.6874524775349], [-73.8745069086964, 40.6874343176198], [-73.8744387950454, 40.6871596282424]]]}}, {"type": "Feature", "properties": {"zone_id": "020309FWQEYX6826VZHGW4", "tract_id": "36047117602", "city": "BROOKLYN, NY", "zone_code": "R5", "zone_category": "Residential", "ev_permitted": false}, "geometry": {"type": "Polygon", "coordinates": [[[-73.8743292297646, 40.6871817828518], [-73.8742630165658, 40.6871951714195], [-73.8743503028641, 40.6874657890059], [-73.8744165431688, 40.6874524775349], [-73.8743292297646, 40.6871817828518]]]}}, {"type": "Feature", "properties": {"zone_id": "02004PZ8KZ3SXJCQVGEXZN", "tract_id": "36047117602", "city": "BROOKLYN, NY", "zone_code": "R5", "zone_category": "Residential", "ev_permitted": false}, "geometry": {"type": "Polygon", "coordinates": [[[-73.8742630165658, 40.6871951714195], [-73.8740827380326, 40.6872316239189], [-73.8741273171189, 40.6873553081823], [-73.8742005329309, 40.6873405943983], [-73.874252723883, 40.6874853984125], [-73.8743503028641, 40.6874657890059], [-73.8742630165658, 40.6871951714195]]]}}, {"type": "Feature", "properties": {"zone_id": "020313N89N5KCTWEKMIKB3", "tract_id": "36047117602", "city": "BROOKLYN, NY", "zone_code": "R5", "zone_category": "Residential", "ev_permitted": false}, "geometry": {"type": "Polygon", "coordinates": [[[-73.8749223295812, 40.6868539122172], [-73.8745966868459, 40.6869010465188], [-73.8746096646642, 40.6869533794725], [-73.8749353067228, 40.6869062451334], [-73.8749223295812, 40.6868539122172]]]}}, {"type": "Feature", "properties": {"zone_id": "0200BZQ304R41SKR1AZJW1", "tract_id": "36047117602", "city": "BROOKLYN, NY", "zone_code": "R5", "zone_category": "Residential", "ev_permitted": false}, "geometry": {"type": "Polygon", "coordinates": [[[-73.8749353067228, 40.6869062451334], [-73.8746096646642, 40.6869533794725], [-73.8746227661714, 40.6870062156651], [-73.8749484084788, 40.6869590812893], [-73.8749353067228, 40.6869062451334]]]}}, {"type": "Feature", "properties": {"zone_id": "0205Y4RDO8OBWPZMWOKVBX", "tract_id": "36047117602", "city": "BROOKLYN, NY", "zone_code": "R5", "zone_category": "Residential", "ev_permitted": false}, "geometry": {"type": "Polygon", "coordinates": [[[-73.8749484084788, 40.6869590812893], [-73.8746227661714, 40.6870062156651], [-73.8746349808864, 40.6870554764479], [-73.8749606243474, 40.6870083427415], [-73.8749484084788, 40.6869590812893]]]}}, {"type": "Feature", "properties": {"zone_id": "0203A293TZJ1WF9XVFV3O0", "tract_id": "36047117602", "city": "BROOKLYN, NY", "zone_code": "R5", "zone_category": "Residential", "ev_permitted": false}, "geometry": {"type": "Polygon", "coordinates": [[[-73.8744750435749, 40.6867191331067], [-73.8744055850941, 40.6867364580429], [-73.8744898979077, 40.6870764761567], [-73.8745610964325, 40.6870661705526], [-73.8744750435749, 40.6867191331067]]]}}, {"type": "Feature", "properties": {"zone_id": "0202TCAMT69CKJB6FS5PCM", "tract_id": "36047117602", "city": "BROOKLYN, NY", "zone_code": "R5", "zone_category": "Residential", "ev_permitted": false}, "geometry": {"type": "Polygon", "coordinates": [[[-73.8741874526137, 40.6867908650889], [-73.8741179302613, 40.6868082059429], [-73.8741877846606, 40.6870899219398], [-73.8742590497263, 40.687079606758], [-73.8741874526137, 40.6867908650889]]]}}, {"type": "Feature", "properties": {"zone_id": "0207NOTP2EPYOB1DNQT9K4", "tract_id": "36047117602", "city": "BROOKLYN, NY", "zone_code": "R5", "zone_category": "Residential", "ev_permitted": false}, "geometry": {"type": "Polygon", "coordinates": [[[-73.8742564134386, 40.6867736648144], [-73.8741874526137, 40.6867908650889], [-73.8742590497263, 40.687079606758], [-73.8743297386129, 40.687069375925], [-73.8742564134386, 40.6867736648144]]]}}, {"type": "Feature", "properties": {"zone_id": "0202BC0XFDIEX6AX0GSTPP", "tract_id": "36047117602", "city": "BROOKLYN, NY", "zone_code": "R5", "zone_category": "Residential", "ev_permitted": false}, "geometry": {"type": "Polygon", "coordinates": [[[-73.8743310343803, 40.6867550527079], [-73.8742564134386, 40.6867736648144], [-73.8743297386129, 40.687069375925], [-73.8744062305775, 40.6870583046745], [-73.8743310343803, 40.6867550527079]]]}}, {"type": "Feature", "properties": {"zone_id": "0206JXW1SVDO7MN0DI0ILC", "tract_id": "36047117602", "city": "BROOKLYN, NY", "zone_code": "R5", "zone_category": "Residential", "ev_permitted": false}, "geometry": {"type": "Polygon", "coordinates": [[[-73.8744055850941, 40.6867364580429], [-73.8743310343803, 40.6867550527079], [-73.8744134788787, 40.6870875370024], [-73.8744898979077, 40.6870764761567], [-73.8744055850941, 40.6867364580429]]]}}, {"type": "Feature", "properties": {"zone_id": "0204J9JKS5WVKN2XVUHAF2", "tract_id": "36047117602", "city": "BROOKLYN, NY", "zone_code": "R5", "zone_category": "Residential", "ev_permitted": false}, "geometry": {"type": "Polygon", "coordinates": [[[-73.8740827380326, 40.6872316239189], [-73.873964416327, 40.6872555500231], [-73.8740582578584, 40.6875244786078], [-73.8741795079235, 40.6875001122295], [-73.8740827380326, 40.6872316239189]]]}}, {"type": "Feature", "properties": {"zone_id": "0202R0C2KQINOEITCLEIT4", "tract_id": "36047117602", "city": "BROOKLYN, NY", "zone_code": "R5", "zone_category": "Residential", "ev_permitted": false}, "geometry": {"type": "Polygon", "coordinates": [[[-73.8741179302613, 40.6868082059429], [-73.8740453224413, 40.686826316306], [-73.8741133562589, 40.6871006938605], [-73.8741877846606, 40.6870899219398], [-73.8741179302613, 40.6868082059429]]]}}, {"type": "Feature", "properties": {"zone_id": "0207KFESJQXR1SHGGHOXZX", "tract_id": "36047117602", "city": "BROOKLYN, NY", "zone_code": "R5", "zone_category": "Residential", "ev_permitted": false}, "geometry": {"type": "Polygon", "coordinates": [[[-73.8738197523381, 40.6877025937062], [-73.8737519587517, 40.6877160575395], [-73.8738377253433, 40.6879579270516], [-73.8739055191569, 40.6879444638708], [-73.8738197523381, 40.6877025937062]]]}}, {"type": "Feature", "properties": {"zone_id": "0206VOI9IU7O9N6ZVHVDNG", "tract_id": "36047117602", "city": "BROOKLYN, NY", "zone_code": "R5", "zone_category": "Residential", "ev_permitted": false}, "geometry": {"type": "Polygon", "coordinates": [[[-73.8738955344826, 40.6876875428419], [-73.8738197523381, 40.6877025937062], [-73.8739055191569, 40.6879444638708], [-73.873981301557, 40.6879294129505], [-73.8738955344826, 40.6876875428419]]]}}, {"type": "Feature", "properties": {"zone_id": "02011BFU0L1QXEN2T5MTG9", "tract_id": "36047117602", "city": "BROOKLYN, NY", "zone_code": "R5", "zone_category": "Residential", "ev_permitted": false}, "geometry": {"type": "Polygon", "coordinates": [[[-73.8739679904008, 40.6876731537058], [-73.8738955344826, 40.6876875428419], [-73.873981301557, 40.6879294129505], [-73.8740537577208, 40.6879150230581], [-73.8739679904008, 40.6876731537058]]]}}, {"type": "Feature", "properties": {"zone_id": "0206VDL3FAVZSW1TVH33WC", "tract_id": "36047117602", "city": "BROOKLYN, NY", "zone_code": "R5", "zone_category": "Residential", "ev_permitted": false}, "geometry": {"type": "Polygon", "coordinates": [[[-73.8736771387588, 40.6877309161334], [-73.87360805416, 40.6877446356391], [-73.8736938202624, 40.6879865073656], [-73.8737629050967, 40.6879727864034], [-73.8736771387588, 40.6877309161334]]]}}, {"type": "Feature", "properties": {"zone_id": "0207AO92EVUSLMMO8Q44GD", "tract_id": "36047117602", "city": "BROOKLYN, NY", "zone_code": "R5", "zone_category": "Residential", "ev_permitted": false}, "geometry": {"type": "Polygon", "coordinates": [[[-73.8737519587517, 40.6877160575395], [-73.8736771387588, 40.6877309161334], [-73.8737629050967, 40.6879727864034], [-73.8738377253433, 40.6879579270516], [-73.8737519587517, 40.6877160575395]]]}}, {"type": "Feature", "properties": {"zone_id": "0207LGGHQ4V1WSLVNJ66Q7", "tract_id": "36047117602", "city": "BROOKLYN, NY", "zone_code": "R5", "zone_category": "Residential", "ev_permitted": false}, "geometry": {"type": "Polygon", "coordinates": [[[-73.8738941230411, 40.6872697623483], [-73.8738280128611, 40.6872831296988], [-73.8739217997172, 40.6875519009382], [-73.8739879367694, 40.6875386101536], [-73.8738941230411, 40.6872697623483]]]}}, {"type": "Feature", "properties": {"zone_id": "02059B28ZGRAAP2RV5TLXE", "tract_id": "36047117602", "city": "BROOKLYN, NY", "zone_code": "R5", "zone_category": "Residential", "ev_permitted": false}, "geometry": {"type": "Polygon", "coordinates": [[[-73.8738747533317, 40.6874170767005], [-73.8736808431916, 40.6874560437391], [-73.8737279075769, 40.6875909193698], [-73.8739217997172, 40.6875519009382], [-73.8738747533317, 40.6874170767005]]]}}, {"type": "Feature", "properties": {"zone_id": "0200N3UMN86FFM6EK0RZ9Y", "tract_id": "36047117602", "city": "BROOKLYN, NY", "zone_code": "R5", "zone_category": "Residential", "ev_permitted": false}, "geometry": {"type": "Polygon", "coordinates": [[[-73.8736808431916, 40.6874560437391], [-73.8735199353439, 40.687488378466], [-73.8735661451651, 40.6876234710487], [-73.8737279075769, 40.6875909193698], [-73.8736808431916, 40.6874560437391]]]}}, {"type": "Feature", "properties": {"zone_id": "02008XIPT7MIN5BD6FEJFJ", "tract_id": "36047117602", "city": "BROOKLYN, NY", "zone_code": "R5", "zone_category": "Residential", "ev_permitted": false}, "geometry": {"type": "Polygon", "coordinates": [[[-73.8737843765108, 40.6868914011524], [-73.8736308221145, 40.6869297005667], [-73.873735642237, 40.6872300975547], [-73.8738046674856, 40.6872162268347], [-73.8738280128611, 40.6872831296988], [-73.8739167867704, 40.6872651798273], [-73.8737843765108, 40.6868914011524]]]}}, {"type": "Feature", "properties": {"zone_id": "0202QDK6REXNAC24BZH6JM", "tract_id": "36047117602", "city": "BROOKLYN, NY", "zone_code": "R5", "zone_category": "Residential", "ev_permitted": false}, "geometry": {"type": "Polygon", "coordinates": [[[-73.873881188656, 40.6868672542128], [-73.8737843765108, 40.6868914011524], [-73.8739167867704, 40.6872651798273], [-73.8740255648714, 40.6872431847801], [-73.8740061885337, 40.6871928923138], [-73.8739498483297, 40.6870558368099], [-73.873881188656, 40.6868672542128]]]}}, {"type": "Feature", "properties": {"zone_id": "0204GIP9MSW2JOQYD4HM0R", "tract_id": "36047117602", "city": "BROOKLYN, NY", "zone_code": "R5", "zone_category": "Residential", "ev_permitted": false}, "geometry": {"type": "Polygon", "coordinates": [[[-73.8739560757771, 40.6868485758883], [-73.873881188656, 40.6868672542128], [-73.8739498483297, 40.6870558368099], [-73.8740061885337, 40.6871928923138], [-73.8740255648714, 40.6872431847801], [-73.8740943464507, 40.6872292770813], [-73.8739560757771, 40.6868485758883]]]}}, {"type": "Feature", "properties": {"zone_id": "0201T2OQCHOKHFSOW1YHE2", "tract_id": "36047117602", "city": "BROOKLYN, NY", "zone_code": "R5", "zone_category": "Residential", "ev_permitted": false}, "geometry": {"type": "Polygon", "coordinates": [[[-73.873964416327, 40.6872555500231], [-73.8738941230411, 40.6872697623483], [-73.8739879367694, 40.6875386101536], [-73.8740582578584, 40.6875244786078], [-73.873964416327, 40.6872555500231]]]}}, {"type": "Feature", "properties": {"zone_id": "0201QGOKAL8AC1Q0658TUO", "tract_id": "36047117602", "city": "BROOKLYN, NY", "zone_code": "R5", "zone_category": "Residential", "ev_permitted": false}, "geometry": {"type": "Polygon", "coordinates": [[[-73.8738367834583, 40.687308262996], [-73.8734819660088, 40.6873795646453], [-73.8735199353439, 40.687488378466], [-73.8738747533317, 40.6874170767005], [-73.8738367834583, 40.687308262996]]]}}, {"type": "Feature", "properties": {"zone_id": "0206JUCRPSX8YU58BOO5TE", "tract_id": "36047117602", "city": "BROOKLYN, NY", "zone_code": "R5", "zone_category": "Residential", "ev_permitted": false}, "geometry": {"type": "Polygon", "coordinates": [[[-73.8738046674856, 40.6872162268347], [-73.8734498504902, 40.6872875290885], [-73.8734819660088, 40.6873795646453], [-73.8738367834583, 40.687308262996], [-73.8738046674856, 40.6872162268347]]]}}, {"type": "Feature", "properties": {"zone_id": "0205RIJ8GIXAXXUYTA6BE2", "tract_id": "36047117602", "city": "BROOKLYN, NY", "zone_code": "R5", "zone_category": "Residential", "ev_permitted": false}, "geometry": {"type": "Polygon", "coordinates": [[[-73.8736933815446, 40.6871089846138], [-73.8734075902805, 40.6871664160436], [-73.8734498504902, 40.6872875290885], [-73.873735642237, 40.6872300975547], [-73.8736933815446, 40.6871089846138]]]}}, {"type": "Feature", "properties": {"zone_id": "020060HRJQWZ2WBQX0CATF", "tract_id": "36047117602", "city": "BROOKLYN, NY", "zone_code": "R5", "zone_category": "Residential", "ev_permitted": false}, "geometry": {"type": "Polygon", "coordinates": [[[-73.8736308221145, 40.6869297005667], [-73.8735624926466, 40.686946743061], [-73.8736239722379, 40.6871229328409], [-73.8736933815446, 40.6871089846138], [-73.8736308221145, 40.6869297005667]]]}}, {"type": "Feature", "properties": {"zone_id": "0202LF2ESIGION4YT2Q1A0", "tract_id": "36047117602", "city": "BROOKLYN, NY", "zone_code": "R5", "zone_category": "Residential", "ev_permitted": false}, "geometry": {"type": "Polygon", "coordinates": [[[-73.8734955290139, 40.6869634448199], [-73.8734239838168, 40.6869812889475], [-73.8734832743642, 40.6871512065408], [-73.8735559498902, 40.6871366014853], [-73.8734955290139, 40.6869634448199]]]}}, {"type": "Feature", "properties": {"zone_id": "0207FPKZZBKO5N5CVJIUY6", "tract_id": "36047117602", "city": "BROOKLYN, NY", "zone_code": "R5", "zone_category": "Residential", "ev_permitted": false}, "geometry": {"type": "Polygon", "coordinates": [[[-73.8735624926466, 40.686946743061], [-73.8734955290139, 40.6869634448199], [-73.8735559498902, 40.6871366014853], [-73.8736239722379, 40.6871229328409], [-73.8735624926466, 40.686946743061]]]}}, {"type": "Feature", "properties": {"zone_id": "02048DUCHOXCQNM78H6MEA", "tract_id": "36047117602", "city": "BROOKLYN, NY", "zone_code": "R5", "zone_category": "Residential", "ev_permitted": false}, "geometry": {"type": "Polygon", "coordinates": [[[-73.8734239838168, 40.6869812889475], [-73.8733494778061, 40.6869998724859], [-73.8734075902805, 40.6871664160436], [-73.8734832743642, 40.6871512065408], [-73.8734239838168, 40.6869812889475]]]}}, {"type": "Feature", "properties": {"zone_id": "0201YYGC9AK33O1Z26GMJN", "tract_id": "36047117602", "city": "BROOKLYN, NY", "zone_code": "R4", "zone_category": "Residential", "ev_permitted": false}, "geometry": {"type": "Polygon", "coordinates": [[[-73.8762177288609, 40.6866232918136], [-73.8756673540581, 40.6867032432205], [-73.8756868605079, 40.6867818802345], [-73.876237235935, 40.6867019294378], [-73.8762177288609, 40.6866232918136]]]}}, {"type": "Feature", "properties": {"zone_id": "0203OJA8XLVUHPF1ATGUMI", "tract_id": "36047117602", "city": "BROOKLYN, NY", "zone_code": "R4", "zone_category": "Residential", "ev_permitted": false}, "geometry": {"type": "Polygon", "coordinates": [[[-73.876237235935, 40.6867019294378], [-73.8756868605079, 40.6867818802345], [-73.8757008469893, 40.686838261488], [-73.8762512219433, 40.6867583099213], [-73.876237235935, 40.6867019294378]]]}}, {"type": "Feature", "properties": {"zone_id": "0206FC8Z4094EJSRJHTS9W", "tract_id": "36047117602", "city": "BROOKLYN, NY", "zone_code": "R4", "zone_category": "Residential", "ev_permitted": false}, "geometry": {"type": "Polygon", "coordinates": [[[-73.8762512219433, 40.6867583099213], [-73.8757008469893, 40.686838261488], [-73.8757164267299, 40.6869010731153], [-73.8762668031067, 40.6868211214757], [-73.8762512219433, 40.6867583099213]]]}}, {"type": "Feature", "properties": {"zone_id": "0205NF4QT8CQGIN3QPNS39", "tract_id": "36047117602", "city": "BROOKLYN, NY", "zone_code": "R4", "zone_category": "Residential", "ev_permitted": false}, "geometry": {"type": "Polygon", "coordinates": [[[-73.8761380820991, 40.6863022125057], [-73.8760625810024, 40.6863211290887], [-73.8761341693879, 40.6866097227339], [-73.8762115737581, 40.6865984784109], [-73.8761380820991, 40.6863022125057]]]}}, {"type": "Feature", "properties": {"zone_id": "02034W4QG9CHQ5PZOBZ7IK", "tract_id": "36047117602", "city": "BROOKLYN, NY", "zone_code": "R4", "zone_category": "Residential", "ev_permitted": false}, "geometry": {"type": "Polygon", "coordinates": [[[-73.8759131966449, 40.686358555604], [-73.8758463088577, 40.6863753136202], [-73.8759186000003, 40.6866667455061], [-73.8759871747893, 40.6866567840085], [-73.8759131966449, 40.686358555604]]]}}, {"type": "Feature", "properties": {"zone_id": "02033UI5DDKQTQYN6YXXN0", "tract_id": "36047117602", "city": "BROOKLYN, NY", "zone_code": "R4", "zone_category": "Residential", "ev_permitted": false}, "geometry": {"type": "Polygon", "coordinates": [[[-73.8759890349006, 40.6863395551629], [-73.8759131966449, 40.686358555604], [-73.8759871747893, 40.6866567840085], [-73.8760649245596, 40.6866454895647], [-73.8759890349006, 40.6863395551629]]]}}, {"type": "Feature", "properties": {"zone_id": "0203M6PP1Q0DI41W33DVNF", "tract_id": "36047117602", "city": "BROOKLYN, NY", "zone_code": "R4", "zone_category": "Residential", "ev_permitted": false}, "geometry": {"type": "Polygon", "coordinates": [[[-73.8760625810024, 40.6863211290887], [-73.8759890349006, 40.6863395551629], [-73.8760649245596, 40.6866454895647], [-73.8762177288609, 40.6866232918136], [-73.8762115737581, 40.6865984784109], [-73.8761341693879, 40.6866097227339], [-73.8760625810024, 40.6863211290887]]]}}, {"type": "Feature", "properties": {"zone_id": "0205MTCZVLJELB6HP9QMLX", "tract_id": "36047117602", "city": "BROOKLYN, NY", "zone_code": "R5", "zone_category": "Residential", "ev_permitted": false}, "geometry": {"type": "Polygon", "coordinates": [[[-73.8755706195199, 40.6864443840539], [-73.8754984334561, 40.6864624697914], [-73.8755619553663, 40.6867185534285], [-73.8756359612228, 40.6867078033022], [-73.8755706195199, 40.6864443840539]]]}}, {"type": "Feature", "properties": {"zone_id": "0206FQCQCC6YOSQWSLQ9EA", "tract_id": "36047117602", "city": "BROOKLYN, NY", "zone_code": "R4", "zone_category": "Residential", "ev_permitted": false}, "geometry": {"type": "Polygon", "coordinates": [[[-73.8756375730147, 40.6864276094051], [-73.8755706195199, 40.6864443840539], [-73.8756359612228, 40.6867078033022], [-73.8757046016523, 40.6866978322066], [-73.8756375730147, 40.6864276094051]]]}}, {"type": "Feature", "properties": {"zone_id": "0203O0Z6U7PKGYT6V77VI8", "tract_id": "36047117602", "city": "BROOKLYN, NY", "zone_code": "R4", "zone_category": "Residential", "ev_permitted": false}, "geometry": {"type": "Polygon", "coordinates": [[[-73.8757090128174, 40.6864097110877], [-73.8756375730147, 40.6864276094051], [-73.8757046016523, 40.6866978322066], [-73.8757778438787, 40.6866871928875], [-73.8757090128174, 40.6864097110877]]]}}, {"type": "Feature", "properties": {"zone_id": "0202UGIKQMQCV14FTKXBP0", "tract_id": "36047117602", "city": "BROOKLYN, NY", "zone_code": "R4", "zone_category": "Residential", "ev_permitted": false}, "geometry": {"type": "Polygon", "coordinates": [[[-73.8757759616246, 40.6863929377587], [-73.8757090128174, 40.6864097110877], [-73.8757778438787, 40.6866871928875], [-73.875846480571, 40.6866772231086], [-73.8757759616246, 40.6863929377587]]]}}, {"type": "Feature", "properties": {"zone_id": "02037O6YO8FP7TG1PXOTE1", "tract_id": "36047117602", "city": "BROOKLYN, NY", "zone_code": "R4", "zone_category": "Residential", "ev_permitted": false}, "geometry": {"type": "Polygon", "coordinates": [[[-73.8758463088577, 40.6863753136202], [-73.8757759616246, 40.6863929377587], [-73.875846480571, 40.6866772231086], [-73.8759186000003, 40.6866667455061], [-73.8758463088577, 40.6863753136202]]]}}, {"type": "Feature", "properties": {"zone_id": "0202OSL4GEEG22M4MS4YHX", "tract_id": "36047117602", "city": "BROOKLYN, NY", "zone_code": "R5", "zone_category": "Residential", "ev_permitted": false}, "geometry": {"type": "Polygon", "coordinates": [[[-73.8756875293184, 40.6867845784766], [-73.8751414829299, 40.6868638975408], [-73.8751651393393, 40.686961056398], [-73.8757116149173, 40.6868816744457], [-73.8756875293184, 40.6867845784766]]]}}, {"type": "Feature", "properties": {"zone_id": "02024OTQK670QFOLA2E6TV", "tract_id": "36047117602", "city": "BROOKLYN, NY", "zone_code": "R5", "zone_category": "Residential", "ev_permitted": false}, "geometry": {"type": "Polygon", "coordinates": [[[-73.8756673540581, 40.6867032432205], [-73.8751216674823, 40.6867825105825], [-73.8751414829299, 40.6868638975408], [-73.8756875293184, 40.6867845784766], [-73.8756673540581, 40.6867032432205]]]}}, {"type": "Feature", "properties": {"zone_id": "0201LID4D37VEW51RPVVWB", "tract_id": "36047117602", "city": "BROOKLYN, NY", "zone_code": "R5", "zone_category": "Residential", "ev_permitted": false}, "geometry": {"type": "Polygon", "coordinates": [[[-73.875218849927, 40.6865325139774], [-73.8751438248351, 40.6865513103185], [-73.8751984074336, 40.6867713631872], [-73.8752753237124, 40.6867601906359], [-73.875218849927, 40.6865325139774]]]}}, {"type": "Feature", "properties": {"zone_id": "0202QZ37CD9TPBJDFOE0LD", "tract_id": "36047117602", "city": "BROOKLYN, NY", "zone_code": "R5", "zone_category": "Residential", "ev_permitted": false}, "geometry": {"type": "Polygon", "coordinates": [[[-73.8752945260428, 40.6865135545725], [-73.875218849927, 40.6865325139774], [-73.8752753237124, 40.6867601906359], [-73.875352907527, 40.6867489203837], [-73.8752945260428, 40.6865135545725]]]}}, {"type": "Feature", "properties": {"zone_id": "0200GKW9C8ZO5C4JR5A4F1", "tract_id": "36047117602", "city": "BROOKLYN, NY", "zone_code": "R5", "zone_category": "Residential", "ev_permitted": false}, "geometry": {"type": "Polygon", "coordinates": [[[-73.8751438248351, 40.6865513103185], [-73.8750698857386, 40.6865698337516], [-73.8751216674823, 40.6867825105825], [-73.8751984074336, 40.6867713631872], [-73.8751438248351, 40.6865513103185]]]}}, {"type": "Feature", "properties": {"zone_id": "0207MBNS731FOZLJKTOZAK", "tract_id": "36047117602", "city": "BROOKLYN, NY", "zone_code": "R5", "zone_category": "Residential", "ev_permitted": false}, "geometry": {"type": "Polygon", "coordinates": [[[-73.8753603031376, 40.6864970760362], [-73.8752945260428, 40.6865135545725], [-73.875352907527, 40.6867489203837], [-73.8754203431091, 40.6867391245207], [-73.8753603031376, 40.6864970760362]]]}}, {"type": "Feature", "properties": {"zone_id": "0200Z7TBZ4YNSVA9P0JGUF", "tract_id": "36047117602", "city": "BROOKLYN, NY", "zone_code": "R5", "zone_category": "Residential", "ev_permitted": false}, "geometry": {"type": "Polygon", "coordinates": [[[-73.8754313570688, 40.686479273738], [-73.8753603031376, 40.6864970760362], [-73.8754203431091, 40.6867391245207], [-73.8754931883985, 40.686728543274], [-73.8754313570688, 40.686479273738]]]}}, {"type": "Feature", "properties": {"zone_id": "0206JR4CAXYYU7UF8YXZOS", "tract_id": "36047117602", "city": "BROOKLYN, NY", "zone_code": "R5", "zone_category": "Residential", "ev_permitted": false}, "geometry": {"type": "Polygon", "coordinates": [[[-73.8754984334561, 40.6864624697914], [-73.8754313570688, 40.686479273738], [-73.8754931883985, 40.686728543274], [-73.8755619553663, 40.6867185534285], [-73.8754984334561, 40.6864624697914]]]}}, {"type": "Feature", "properties": {"zone_id": "0204QZAPS67W83F7PE4MDF", "tract_id": "36047117602", "city": "BROOKLYN, NY", "zone_code": "R4", "zone_category": "Residential", "ev_permitted": false}, "geometry": {"type": "Polygon", "coordinates": [[[-73.8760198628375, 40.6858255116409], [-73.8754734956624, 40.6859050610033], [-73.8754861156906, 40.6859559846393], [-73.8760324823448, 40.6858764352164], [-73.8760198628375, 40.6858255116409]]]}}, {"type": "Feature", "properties": {"zone_id": "02011B3KT08ND8IXNEZFRG", "tract_id": "36047117602", "city": "BROOKLYN, NY", "zone_code": "R4", "zone_category": "Residential", "ev_permitted": false}, "geometry": {"type": "Polygon", "coordinates": [[[-73.8755178599833, 40.6859513624417], [-73.8754506070649, 40.6859611529383], [-73.8755267369423, 40.6862683815735], [-73.8755923832127, 40.6862521030215], [-73.8755178599833, 40.6859513624417]]]}}, {"type": "Feature", "properties": {"zone_id": "02048VD2EMQK10BSH4LZN2", "tract_id": "36047117602", "city": "BROOKLYN, NY", "zone_code": "R4", "zone_category": "Residential", "ev_permitted": false}, "geometry": {"type": "Polygon", "coordinates": [[[-73.8760324823448, 40.6858764352164], [-73.8759545736857, 40.6858877786536], [-73.8760186606922, 40.6861463971669], [-73.876094707024, 40.6861275388179], [-73.8760324823448, 40.6858764352164]]]}}, {"type": "Feature", "properties": {"zone_id": "0202VZSTYDDUWSHWLSNMAC", "tract_id": "36047117602", "city": "BROOKLYN, NY", "zone_code": "R4", "zone_category": "Residential", "ev_permitted": false}, "geometry": {"type": "Polygon", "coordinates": [[[-73.8759545736857, 40.6858877786536], [-73.8758766631541, 40.6858991220359], [-73.8759426124725, 40.686165254761], [-73.8760186606922, 40.6861463971669], [-73.8759545736857, 40.6858877786536]]]}}, {"type": "Feature", "properties": {"zone_id": "0206AWC2I4WIOZJD4FYFHB", "tract_id": "36047117602", "city": "BROOKLYN, NY", "zone_code": "R4", "zone_category": "Residential", "ev_permitted": false}, "geometry": {"type": "Polygon", "coordinates": [[[-73.8758766631541, 40.6858991220359], [-73.8758034411539, 40.6859097825197], [-73.8758711400899, 40.6861829782256], [-73.8759426124725, 40.686165254761], [-73.8758766631541, 40.6858991220359]]]}}, {"type": "Feature", "properties": {"zone_id": "0204HNTC3VPURGJN0LKFVR", "tract_id": "36047117602", "city": "BROOKLYN, NY", "zone_code": "R4", "zone_category": "Residential", "ev_permitted": false}, "geometry": {"type": "Polygon", "coordinates": [[[-73.8758034411539, 40.6859097825197], [-73.87573436663, 40.685919839633], [-73.8758037162412, 40.6861996976952], [-73.8758711400899, 40.6861829782256], [-73.8758034411539, 40.6859097825197]]]}}, {"type": "Feature", "properties": {"zone_id": "0202DYXCR16FPPNC244XGG", "tract_id": "36047117602", "city": "BROOKLYN, NY", "zone_code": "R4", "zone_category": "Residential", "ev_permitted": false}, "geometry": {"type": "Polygon", "coordinates": [[[-73.87573436663, 40.685919839633], [-73.8756621399099, 40.6859303556506], [-73.8757332162173, 40.6862171804077], [-73.8758037162412, 40.6861996976952], [-73.87573436663, 40.685919839633]]]}}, {"type": "Feature", "properties": {"zone_id": "0207EA6RAK5JZOJ6VMN55U", "tract_id": "36047117602", "city": "BROOKLYN, NY", "zone_code": "R4", "zone_category": "Residential", "ev_permitted": false}, "geometry": {"type": "Polygon", "coordinates": [[[-73.8756621399099, 40.6859303556506], [-73.8755922232855, 40.6859405354372], [-73.875664977783, 40.6862341012831], [-73.8757332162173, 40.6862171804077], [-73.8756621399099, 40.6859303556506]]]}}, {"type": "Feature", "properties": {"zone_id": "020333GKH1509509EW2JFH", "tract_id": "36047117602", "city": "BROOKLYN, NY", "zone_code": "R4", "zone_category": "Residential", "ev_permitted": false}, "geometry": {"type": "Polygon", "coordinates": [[[-73.8755922232855, 40.6859405354372], [-73.8755178599833, 40.6859513624417], [-73.8755923832127, 40.6862521030215], [-73.875664977783, 40.6862341012831], [-73.8755922232855, 40.6859405354372]]]}}, {"type": "Feature", "properties": {"zone_id": "0203IDXC0EN556EVEZ1M22", "tract_id": "36047117602", "city": "BROOKLYN, NY", "zone_code": "R5", "zone_category": "Residential", "ev_permitted": false}, "geometry": {"type": "Polygon", "coordinates": [[[-73.8754734956624, 40.6859050610033], [-73.8749233757722, 40.6859851538778], [-73.8749360701842, 40.6860360664123], [-73.8754861156906, 40.6859559846393], [-73.8754734956624, 40.6859050610033]]]}}, {"type": "Feature", "properties": {"zone_id": "0202RB2H1CCUHWTKWJMNCL", "tract_id": "36047117602", "city": "BROOKLYN, NY", "zone_code": "R5", "zone_category": "Residential", "ev_permitted": false}, "geometry": {"type": "Polygon", "coordinates": [[[-73.8754597652705, 40.685849660206], [-73.8749095636465, 40.6859297648713], [-73.8749233757722, 40.6859851538778], [-73.8754734956624, 40.6859050610033], [-73.8754597652705, 40.685849660206]]]}}, {"type": "Feature", "properties": {"zone_id": "02045CY47DDEU1YMUDZATU", "tract_id": "36047117602", "city": "BROOKLYN, NY", "zone_code": "R5", "zone_category": "Residential", "ev_permitted": false}, "geometry": {"type": "Polygon", "coordinates": [[[-73.8754469922901, 40.6857981166529], [-73.8748967153644, 40.6858782324179], [-73.8749095636465, 40.6859297648713], [-73.8754597652705, 40.685849660206], [-73.8754469922901, 40.6857981166529]]]}}, {"type": "Feature", "properties": {"zone_id": "0200BHE2VEOLXQZHM2J8XE", "tract_id": "36047117602", "city": "BROOKLYN, NY", "zone_code": "R5", "zone_category": "Residential", "ev_permitted": false}, "geometry": {"type": "Polygon", "coordinates": [[[-73.8754506070649, 40.6859611529383], [-73.8753761910868, 40.6859719882262], [-73.8754541081283, 40.6862863916196], [-73.8755267369423, 40.6862683815735], [-73.8754506070649, 40.6859611529383]]]}}, {"type": "Feature", "properties": {"zone_id": "0205ZYO52FB7T5S20ZVQS2", "tract_id": "36047117602", "city": "BROOKLYN, NY", "zone_code": "R5", "zone_category": "Residential", "ev_permitted": false}, "geometry": {"type": "Polygon", "coordinates": [[[-73.8753761910868, 40.6859719882262], [-73.875306785889, 40.6859820932085], [-73.8753863525378, 40.6863031926971], [-73.8754541081283, 40.6862863916196], [-73.8753761910868, 40.6859719882262]]]}}, {"type": "Feature", "properties": {"zone_id": "0205MIX6OVBEIUKANIVOPX", "tract_id": "36047117602", "city": "BROOKLYN, NY", "zone_code": "R5", "zone_category": "Residential", "ev_permitted": false}, "geometry": {"type": "Polygon", "coordinates": [[[-73.8753228999251, 40.6860471511835], [-73.8752499445099, 40.6860577729575], [-73.8753151421312, 40.6863208507524], [-73.8753863525378, 40.6863031926971], [-73.8753228999251, 40.6860471511835]]]}}, {"type": "Feature", "properties": {"zone_id": "02072OMTG1H8NQQRB6W7Q5", "tract_id": "36047117602", "city": "BROOKLYN, NY", "zone_code": "R5", "zone_category": "Residential", "ev_permitted": false}, "geometry": {"type": "Polygon", "coordinates": [[[-73.8752499445099, 40.6860577729575], [-73.8751815936252, 40.6860677244216], [-73.8752484244744, 40.6863373949963], [-73.8753151421312, 40.6863208507524], [-73.8752499445099, 40.6860577729575]]]}}, {"type": "Feature", "properties": {"zone_id": "0202XX4LOVGMMDPRRU4IBV", "tract_id": "36047117602", "city": "BROOKLYN, NY", "zone_code": "R5", "zone_category": "Residential", "ev_permitted": false}, "geometry": {"type": "Polygon", "coordinates": [[[-73.8751815936252, 40.6860677244216], [-73.8751072218057, 40.6860785518541], [-73.8751758306009, 40.6863553971754], [-73.8752484244744, 40.6863373949963], [-73.8751815936252, 40.6860677244216]]]}}, {"type": "Feature", "properties": {"zone_id": "0203ELHXPWB7TRJ6NA3IHN", "tract_id": "36047117602", "city": "BROOKLYN, NY", "zone_code": "R5", "zone_category": "Residential", "ev_permitted": false}, "geometry": {"type": "Polygon", "coordinates": [[[-73.8751072218057, 40.6860785518541], [-73.8750301972865, 40.6860897656327], [-73.8751006472178, 40.6863740394339], [-73.8751758306009, 40.6863553971754], [-73.8751072218057, 40.6860785518541]]]}}, {"type": "Feature", "properties": {"zone_id": "0205QGJRD68QENHT2SZ0M9", "tract_id": "36047117602", "city": "BROOKLYN, NY", "zone_code": "R5", "zone_category": "Residential", "ev_permitted": false}, "geometry": {"type": "Polygon", "coordinates": [[[-73.8750301972865, 40.6860897656327], [-73.8749522882076, 40.6861011083909], [-73.8750250177441, 40.6863927928821], [-73.8751006472178, 40.6863740394339], [-73.8750301972865, 40.6860897656327]]]}}, {"type": "Feature", "properties": {"zone_id": "0202BRS2ACL3U7WGSTAWSK", "tract_id": "36047117602", "city": "BROOKLYN, NY", "zone_code": "R5", "zone_category": "Residential", "ev_permitted": false}, "geometry": {"type": "Polygon", "coordinates": [[[-73.875306785889, 40.6859820932085], [-73.8749360701842, 40.6860360664123], [-73.8749522882076, 40.6861011083909], [-73.8753228999251, 40.6860471511835], [-73.875306785889, 40.6859820932085]]]}}, {"type": "Feature", "properties": {"zone_id": "02040UZHLJC7D5DO8QFARK", "tract_id": "36047117602", "city": "BROOKLYN, NY", "zone_code": "R4", "zone_category": "Residential", "ev_permitted": false}, "geometry": {"type": "Polygon", "coordinates": [[[-73.8758866473317, 40.6852879305551], [-73.8753402696297, 40.6853674813824], [-73.8753529700785, 40.6854187283483], [-73.8758993463392, 40.6853391774593], [-73.8758866473317, 40.6852879305551]]]}}, {"type": "Feature", "properties": {"zone_id": "0200Q2ON1Y7EKWDA9FXXD2", "tract_id": "36047117602", "city": "BROOKLYN, NY", "zone_code": "R4", "zone_category": "Residential", "ev_permitted": false}, "geometry": {"type": "Polygon", "coordinates": [[[-73.8758993463392, 40.6853391774593], [-73.8753529700785, 40.6854187283483], [-73.8753664721688, 40.6854732112374], [-73.8759128479354, 40.6853936609865], [-73.8758993463392, 40.6853391774593]]]}}, {"type": "Feature", "properties": {"zone_id": "0206HNXTDMDPAR6B3TT5D2", "tract_id": "36047117602", "city": "BROOKLYN, NY", "zone_code": "R4", "zone_category": "Residential", "ev_permitted": false}, "geometry": {"type": "Polygon", "coordinates": [[[-73.8759128479354, 40.6853936609865], [-73.8753664721688, 40.6854732112374], [-73.8753794071938, 40.6855254028317], [-73.8759257806036, 40.6854458525169], [-73.8759128479354, 40.6853936609865]]]}}, {"type": "Feature", "properties": {"zone_id": "0200O5IXB4I419E67QOTDQ", "tract_id": "36047117602", "city": "BROOKLYN, NY", "zone_code": "R4", "zone_category": "Residential", "ev_permitted": false}, "geometry": {"type": "Polygon", "coordinates": [[[-73.8759257806036, 40.6854458525169], [-73.8753794071938, 40.6855254028317], [-73.8753936101699, 40.6855827182044], [-73.8759399840323, 40.6855031678227], [-73.8759257806036, 40.6854458525169]]]}}, {"type": "Feature", "properties": {"zone_id": "0203D8KVTJGXVEC746NOSB", "tract_id": "36047117602", "city": "BROOKLYN, NY", "zone_code": "R4", "zone_category": "Residential", "ev_permitted": false}, "geometry": {"type": "Polygon", "coordinates": [[[-73.8759399840323, 40.6855031678227], [-73.8753936101699, 40.6855827182044], [-73.8754062108443, 40.6856335603215], [-73.8759525832608, 40.6855540105812], [-73.8759399840323, 40.6855031678227]]]}}, {"type": "Feature", "properties": {"zone_id": "0207319N3SQM1DFXC6JYZN", "tract_id": "36047117602", "city": "BROOKLYN, NY", "zone_code": "R4", "zone_category": "Residential", "ev_permitted": false}, "geometry": {"type": "Polygon", "coordinates": [[[-73.8759525832608, 40.6855540105812], [-73.8754062108443, 40.6856335603215], [-73.8754198467777, 40.6856885836949], [-73.8759662177841, 40.6856090331857], [-73.8759525832608, 40.6855540105812]]]}}, {"type": "Feature", "properties": {"zone_id": "020440MGWZGKNLETVPYMEG", "tract_id": "36047117602", "city": "BROOKLYN, NY", "zone_code": "R4", "zone_category": "Residential", "ev_permitted": false}, "geometry": {"type": "Polygon", "coordinates": [[[-73.8759662177841, 40.6856090331857], [-73.8754198467777, 40.6856885836949], [-73.8754330613044, 40.6857419068704], [-73.8759794318075, 40.6856623570007], [-73.8759662177841, 40.6856090331857]]]}}, {"type": "Feature", "properties": {"zone_id": "0206LVJ76ZVR5MCLR7JK3U", "tract_id": "36047117602", "city": "BROOKLYN, NY", "zone_code": "R4", "zone_category": "Residential", "ev_permitted": false}, "geometry": {"type": "Polygon", "coordinates": [[[-73.8759794318075, 40.6856623570007], [-73.8754330613044, 40.6857419068704], [-73.8754469922901, 40.6857981166529], [-73.8759933604667, 40.6857185674172], [-73.8759794318075, 40.6856623570007]]]}}, {"type": "Feature", "properties": {"zone_id": "02052HZ40WE5ODZI4KXLZZ", "tract_id": "36047117602", "city": "BROOKLYN, NY", "zone_code": "R4", "zone_category": "Residential", "ev_permitted": false}, "geometry": {"type": "Polygon", "coordinates": [[[-73.8759933604667, 40.6857185674172], [-73.8754469922901, 40.6857981166529], [-73.8754597652705, 40.685849660206], [-73.8760061338541, 40.6857701109103], [-73.8759933604667, 40.6857185674172]]]}}, {"type": "Feature", "properties": {"zone_id": "0202014ONTVHXDYQ7RNIDD", "tract_id": "36047117602", "city": "BROOKLYN, NY", "zone_code": "R4", "zone_category": "Residential", "ev_permitted": false}, "geometry": {"type": "Polygon", "coordinates": [[[-73.8760061338541, 40.6857701109103], [-73.8754597652705, 40.685849660206], [-73.8754734956624, 40.6859050610033], [-73.8760198628375, 40.6858255116409], [-73.8760061338541, 40.6857701109103]]]}}, {"type": "Feature", "properties": {"zone_id": "02014QGBT0XGB64NDJVS1N", "tract_id": "36047117602", "city": "BROOKLYN, NY", "zone_code": "R5", "zone_category": "Residential", "ev_permitted": false}, "geometry": {"type": "Polygon", "coordinates": [[[-73.8754330613044, 40.6857419068704], [-73.8748827026515, 40.6858220344253], [-73.8748967153644, 40.6858782324179], [-73.8754469922901, 40.6857981166529], [-73.8754330613044, 40.6857419068704]]]}}, {"type": "Feature", "properties": {"zone_id": "02007JT59OPAA2OJV9U74C", "tract_id": "36047117602", "city": "BROOKLYN, NY", "zone_code": "R5", "zone_category": "Residential", "ev_permitted": false}, "geometry": {"type": "Polygon", "coordinates": [[[-73.8754198467777, 40.6856885836949], [-73.8748694100685, 40.6857687223444], [-73.8748827026515, 40.6858220344253], [-73.8754330613044, 40.6857419068704], [-73.8754198467777, 40.6856885836949]]]}}, {"type": "Feature", "properties": {"zone_id": "0204BJO61OWV2GU3M61KHB", "tract_id": "36047117602", "city": "BROOKLYN, NY", "zone_code": "R5", "zone_category": "Residential", "ev_permitted": false}, "geometry": {"type": "Polygon", "coordinates": [[[-73.8754062108443, 40.6856335603215], [-73.8748556933205, 40.6857137114659], [-73.8748694100685, 40.6857687223444], [-73.8754198467777, 40.6856885836949], [-73.8754062108443, 40.6856335603215]]]}}, {"type": "Feature", "properties": {"zone_id": "0202YJTQ7MLKUGU9A7EEFL", "tract_id": "36047117602", "city": "BROOKLYN, NY", "zone_code": "R5", "zone_category": "Residential", "ev_permitted": false}, "geometry": {"type": "Polygon", "coordinates": [[[-73.8753936101699, 40.6855827182044], [-73.8748430191867, 40.6856628797485], [-73.8748556933205, 40.6857137114659], [-73.8754062108443, 40.6856335603215], [-73.8753936101699, 40.6855827182044]]]}}, {"type": "Feature", "properties": {"zone_id": "02053NQPBXSZIC1QGVOTA2", "tract_id": "36047117602", "city": "BROOKLYN, NY", "zone_code": "R5", "zone_category": "Residential", "ev_permitted": false}, "geometry": {"type": "Polygon", "coordinates": [[[-73.8753794071938, 40.6855254028317], [-73.8748287308006, 40.6856055761603], [-73.8748430191867, 40.6856628797485], [-73.8753936101699, 40.6855827182044], [-73.8753794071938, 40.6855254028317]]]}}, {"type": "Feature", "properties": {"zone_id": "0205J8AQFA6MUO9NOVJ56V", "tract_id": "36047117602", "city": "BROOKLYN, NY", "zone_code": "R5", "zone_category": "Residential", "ev_permitted": false}, "geometry": {"type": "Polygon", "coordinates": [[[-73.8753664721688, 40.6854732112374], [-73.8748157204784, 40.6855533963675], [-73.8748287308006, 40.6856055761603], [-73.8753794071938, 40.6855254028317], [-73.8753664721688, 40.6854732112374]]]}}, {"type": "Feature", "properties": {"zone_id": "0200DEVAQQPS3730IRWIMV", "tract_id": "36047117602", "city": "BROOKLYN, NY", "zone_code": "R5", "zone_category": "Residential", "ev_permitted": false}, "geometry": {"type": "Polygon", "coordinates": [[[-73.8753529700785, 40.6854187283483], [-73.8748021384967, 40.6854989238669], [-73.8748157204784, 40.6855533963675], [-73.8753664721688, 40.6854732112374], [-73.8753529700785, 40.6854187283483]]]}}, {"type": "Feature", "properties": {"zone_id": "0204NZUK6KGK3SJF6HX6DE", "tract_id": "36047117602", "city": "BROOKLYN, NY", "zone_code": "R5", "zone_category": "Residential", "ev_permitted": false}, "geometry": {"type": "Polygon", "coordinates": [[[-73.8753402696297, 40.6853674813824], [-73.8747893636665, 40.6854476887045], [-73.8748021384967, 40.6854989238669], [-73.8753529700785, 40.6854187283483], [-73.8753402696297, 40.6853674813824]]]}}, {"type": "Feature", "properties": {"zone_id": "0204U0477H5V7KR4HHRQ7P", "tract_id": "36047117602", "city": "BROOKLYN, NY", "zone_code": "R5", "zone_category": "Residential", "ev_permitted": false}, "geometry": {"type": "Polygon", "coordinates": [[[-73.8753256975305, 40.6853086822816], [-73.8747747061684, 40.6853889020891], [-73.8747893636665, 40.6854476887045], [-73.8753402696297, 40.6853674813824], [-73.8753256975305, 40.6853086822816]]]}}, {"type": "Feature", "properties": {"zone_id": "0205U1052OETDP1YA4NM1T", "tract_id": "36047117602", "city": "BROOKLYN, NY", "zone_code": "R4", "zone_category": "Residential", "ev_permitted": false}, "geometry": {"type": "Polygon", "coordinates": [[[-73.8758454089023, 40.6851215125248], [-73.8752990278981, 40.6852010638555], [-73.8753130649245, 40.6852577052077], [-73.87585944453, 40.685178153809], [-73.8758454089023, 40.6851215125248]]]}}, {"type": "Feature", "properties": {"zone_id": "02008MH18UFQ9K84UH9DIP", "tract_id": "36047117602", "city": "BROOKLYN, NY", "zone_code": "R4", "zone_category": "Residential", "ev_permitted": false}, "geometry": {"type": "Polygon", "coordinates": [[[-73.87585944453, 40.685178153809], [-73.8753130649245, 40.6852577052077], [-73.8753256975305, 40.6853086822816], [-73.8758720766142, 40.685229131525], [-73.87585944453, 40.685178153809]]]}}, {"type": "Feature", "properties": {"zone_id": "0204YMCQE8CZX02YVTTS9J", "tract_id": "36047117602", "city": "BROOKLYN, NY", "zone_code": "R4", "zone_category": "Residential", "ev_permitted": false}, "geometry": {"type": "Polygon", "coordinates": [[[-73.8758720766142, 40.685229131525], [-73.8753256975305, 40.6853086822816], [-73.8753402696297, 40.6853674813824], [-73.8758866473317, 40.6852879305551], [-73.8758720766142, 40.685229131525]]]}}, {"type": "Feature", "properties": {"zone_id": "0202MMJ9MX3Y0BP1NBOCQR", "tract_id": "36047117602", "city": "BROOKLYN, NY", "zone_code": "R4", "zone_category": "Residential", "ev_permitted": false}, "geometry": {"type": "Polygon", "coordinates": [[[-73.8758189281705, 40.6850146490806], [-73.8754464390659, 40.6850688827026], [-73.875460556814, 40.6851258473497], [-73.8758330434562, 40.6850716136793], [-73.8758189281705, 40.6850146490806]]]}}, {"type": "Feature", "properties": {"zone_id": "0204BUE4CCHTRGQU00TO92", "tract_id": "36047117602", "city": "BROOKLYN, NY", "zone_code": "R4", "zone_category": "Residential", "ev_permitted": false}, "geometry": {"type": "Polygon", "coordinates": [[[-73.8758330434562, 40.6850716136793], [-73.875460556814, 40.6851258473497], [-73.8754729136826, 40.6851757469286], [-73.8758454089023, 40.6851215125248], [-73.8758330434562, 40.6850716136793]]]}}, {"type": "Feature", "properties": {"zone_id": "0201UQ5M4UXZKU2RMY15UG", "tract_id": "36047117602", "city": "BROOKLYN, NY", "zone_code": "R4", "zone_category": "Residential", "ev_permitted": false}, "geometry": {"type": "Polygon", "coordinates": [[[-73.8757538691498, 40.6847521035942], [-73.8756778766034, 40.6847711226874], [-73.8757410398711, 40.6850259895846], [-73.8758189281705, 40.6850146490806], [-73.8757538691498, 40.6847521035942]]]}}, {"type": "Feature", "properties": {"zone_id": "020611USMZXOCSYQA7UIQT", "tract_id": "36047117602", "city": "BROOKLYN, NY", "zone_code": "R4", "zone_category": "Residential", "ev_permitted": false}, "geometry": {"type": "Polygon", "coordinates": [[[-73.8755310896148, 40.6848078593942], [-73.8754630268148, 40.6848248934698], [-73.8755208106285, 40.6850580543478], [-73.8755905767636, 40.6850478969269], [-73.8755310896148, 40.6848078593942]]]}}, {"type": "Feature", "properties": {"zone_id": "0206EFIGUBA8EZQVAP5RJA", "tract_id": "36047117602", "city": "BROOKLYN, NY", "zone_code": "R4", "zone_category": "Residential", "ev_permitted": false}, "geometry": {"type": "Polygon", "coordinates": [[[-73.8756019421927, 40.6847901270373], [-73.8755310896148, 40.6848078593942], [-73.8755905767636, 40.6850478969269], [-73.8756632032501, 40.6850373223625], [-73.8756019421927, 40.6847901270373]]]}}, {"type": "Feature", "properties": {"zone_id": "0204M2917YUHQITMOOLCD8", "tract_id": "36047117602", "city": "BROOKLYN, NY", "zone_code": "R4", "zone_category": "Residential", "ev_permitted": false}, "geometry": {"type": "Polygon", "coordinates": [[[-73.8756778766034, 40.6847711226874], [-73.8756019421927, 40.6847901270373], [-73.8756632032501, 40.6850373223625], [-73.8757410398711, 40.6850259895846], [-73.8756778766034, 40.6847711226874]]]}}, {"type": "Feature", "properties": {"zone_id": "0203QKSPD381U3I2368NA4", "tract_id": "36047117602", "city": "BROOKLYN, NY", "zone_code": "R5", "zone_category": "Residential", "ev_permitted": false}, "geometry": {"type": "Polygon", "coordinates": [[[-73.8753130649245, 40.6852577052077], [-73.8747619982574, 40.6853379361155], [-73.8747747061684, 40.6853889020891], [-73.8753256975305, 40.6853086822816], [-73.8753130649245, 40.6852577052077]]]}}, {"type": "Feature", "properties": {"zone_id": "0203VWWOEPZBINK1968WGS", "tract_id": "36047117602", "city": "BROOKLYN, NY", "zone_code": "R5", "zone_category": "Residential", "ev_permitted": false}, "geometry": {"type": "Polygon", "coordinates": [[[-73.875297010565, 40.6851929262464], [-73.8747458612275, 40.6852732167135], [-73.8747619982574, 40.6853379361155], [-73.8753130649245, 40.6852577052077], [-73.875297010565, 40.6851929262464]]]}}, {"type": "Feature", "properties": {"zone_id": "02032NWZY1O61GHK2JI6YT", "tract_id": "36047117602", "city": "BROOKLYN, NY", "zone_code": "R5", "zone_category": "Residential", "ev_permitted": false}, "geometry": {"type": "Polygon", "coordinates": [[[-73.8748347535261, 40.6849821302157], [-73.8747587586093, 40.6850011486994], [-73.8748233778943, 40.6852619312864], [-73.8749012740123, 40.6852505900065], [-73.8748347535261, 40.6849821302157]]]}}, {"type": "Feature", "properties": {"zone_id": "02030H7ILOBNAHRAW6I6IG", "tract_id": "36047117602", "city": "BROOKLYN, NY", "zone_code": "R5", "zone_category": "Residential", "ev_permitted": false}, "geometry": {"type": "Polygon", "coordinates": [[[-73.8749078163579, 40.6849638448845], [-73.8748347535261, 40.6849821302157], [-73.8749012740123, 40.6852505900065], [-73.8749761647605, 40.6852396866805], [-73.8749078163579, 40.6849638448845]]]}}, {"type": "Feature", "properties": {"zone_id": "0202720J6K4T2H6YNR61PY", "tract_id": "36047117602", "city": "BROOKLYN, NY", "zone_code": "R5", "zone_category": "Residential", "ev_permitted": false}, "geometry": {"type": "Polygon", "coordinates": [[[-73.8749769155826, 40.6849465522783], [-73.8749078163579, 40.6849638448845], [-73.8749761647605, 40.6852396866805], [-73.8750469957333, 40.6852293747551], [-73.8749769155826, 40.6849465522783]]]}}, {"type": "Feature", "properties": {"zone_id": "0203M9EU310PY38NT23PP8", "tract_id": "36047117602", "city": "BROOKLYN, NY", "zone_code": "R5", "zone_category": "Residential", "ev_permitted": false}, "geometry": {"type": "Polygon", "coordinates": [[[-73.8750467055334, 40.6849290861205], [-73.8749769155826, 40.6849465522783], [-73.8750469957333, 40.6852293747551], [-73.8751185330091, 40.6852189595585], [-73.8750467055334, 40.6849290861205]]]}}, {"type": "Feature", "properties": {"zone_id": "0202IZVQIHW5M3TYAUYLR3", "tract_id": "36047117602", "city": "BROOKLYN, NY", "zone_code": "R5", "zone_category": "Residential", "ev_permitted": false}, "geometry": {"type": "Polygon", "coordinates": [[[-73.8751164954476, 40.6849116199202], [-73.8750467055334, 40.6849290861205], [-73.8751185330091, 40.6852189595585], [-73.875190070264, 40.6852085436148], [-73.8751164954476, 40.6849116199202]]]}}, {"type": "Feature", "properties": {"zone_id": "0201D3AE2E8WO67OZJ9UE2", "tract_id": "36047117602", "city": "BROOKLYN, NY", "zone_code": "R5", "zone_category": "Residential", "ev_permitted": false}, "geometry": {"type": "Polygon", "coordinates": [[[-73.8751845584246, 40.6848945860497], [-73.8751164954476, 40.6849116199202], [-73.875190070264, 40.6852085436148], [-73.8752598458399, 40.6851983849993], [-73.8751845584246, 40.6848945860497]]]}}, {"type": "Feature", "properties": {"zone_id": "0202MJT77SOBUEQUYS8Q0V", "tract_id": "36047117602", "city": "BROOKLYN, NY", "zone_code": "R4", "zone_category": "Residential", "ev_permitted": false}, "geometry": {"type": "Polygon", "coordinates": [[[-73.8752522750647, 40.6848776381909], [-73.8751845584246, 40.6848945860497], [-73.8752598458399, 40.6851983849993], [-73.875297010565, 40.6851929262464], [-73.8752990278981, 40.6852010638555], [-73.8753312547288, 40.685196371966], [-73.8752522750647, 40.6848776381909]]]}}, {"type": "Feature", "properties": {"zone_id": "0204Y6LEWIRA3LLL1B8JOS", "tract_id": "36047117602", "city": "BROOKLYN, NY", "zone_code": "R4", "zone_category": "Residential", "ev_permitted": false}, "geometry": {"type": "Polygon", "coordinates": [[[-73.8753248288328, 40.6848594799277], [-73.8752522750647, 40.6848776381909], [-73.8753312547288, 40.685196371966], [-73.8754056255292, 40.6851855436848], [-73.8753248288328, 40.6848594799277]]]}}, {"type": "Feature", "properties": {"zone_id": "0207NPB9VV9842Y2N9L0J7", "tract_id": "36047117602", "city": "BROOKLYN, NY", "zone_code": "R4", "zone_category": "Residential", "ev_permitted": false}, "geometry": {"type": "Polygon", "coordinates": [[[-73.8753904731221, 40.6848430518203], [-73.8753248288328, 40.6848594799277], [-73.8754056255292, 40.6851855436848], [-73.8754729136826, 40.6851757469286], [-73.8753904731221, 40.6848430518203]]]}}, {"type": "Feature", "properties": {"zone_id": "0204TR24J00Z0ZP5N165ZD", "tract_id": "36047117602", "city": "BROOKLYN, NY", "zone_code": "R4", "zone_category": "Residential", "ev_permitted": false}, "geometry": {"type": "Polygon", "coordinates": [[[-73.8754630268148, 40.6848248934698], [-73.8753904731221, 40.6848430518203], [-73.8754464390659, 40.6850688827026], [-73.8755208106285, 40.6850580543478], [-73.8754630268148, 40.6848248934698]]]}}, {"type": "Feature", "properties": {"zone_id": "0206G1Y2A5H8OTCV95GAZ1", "tract_id": "36047117602", "city": "BROOKLYN, NY", "zone_code": "R5", "zone_category": "Residential", "ev_permitted": false}, "geometry": {"type": "Polygon", "coordinates": [[[-73.874864801653, 40.686621916382], [-73.8745471210714, 40.6867011546974], [-73.8745563372168, 40.6867383236232], [-73.8748819791846, 40.6866911901375], [-73.874864801653, 40.686621916382]]]}}, {"type": "Feature", "properties": {"zone_id": "0206DL0Q5CM33WDUX0TSO2", "tract_id": "36047117602", "city": "BROOKLYN, NY", "zone_code": "R5", "zone_category": "Residential", "ev_permitted": false}, "geometry": {"type": "Polygon", "coordinates": [[[-73.8748960290591, 40.6867478498133], [-73.8745703877463, 40.6867949840422], [-73.8745831154102, 40.6868463147307], [-73.8749087578877, 40.6867991804672], [-73.8748960290591, 40.6867478498133]]]}}, {"type": "Feature", "properties": {"zone_id": "0207JAC3YGWVG8R2IW15W9", "tract_id": "36047117602", "city": "BROOKLYN, NY", "zone_code": "R5", "zone_category": "Residential", "ev_permitted": false}, "geometry": {"type": "Polygon", "coordinates": [[[-73.8749087578877, 40.6867991804672], [-73.8745831154102, 40.6868463147307], [-73.8745966868459, 40.6869010465188], [-73.8749223295812, 40.6868539122172], [-73.8749087578877, 40.6867991804672]]]}}, {"type": "Feature", "properties": {"zone_id": "0204IDQY34I7KGYSOS040P", "tract_id": "36047117602", "city": "BROOKLYN, NY", "zone_code": "R5", "zone_category": "Residential", "ev_permitted": false}, "geometry": {"type": "Polygon", "coordinates": [[[-73.8748819791846, 40.6866911901375], [-73.8745563372168, 40.6867383236232], [-73.8745703877463, 40.6867949840422], [-73.8748960290591, 40.6867478498133], [-73.8748819791846, 40.6866911901375]]]}}, {"type": "Feature", "properties": {"zone_id": "0205V3KJES1617PT1QFVQS", "tract_id": "36047117602", "city": "BROOKLYN, NY", "zone_code": "R5", "zone_category": "Residential", "ev_permitted": false}, "geometry": {"type": "Polygon", "coordinates": [[[-73.8745471210714, 40.6867011546974], [-73.8744750435749, 40.6867191331067], [-73.8745610964325, 40.6870661705526], [-73.8746349808864, 40.6870554764479], [-73.8745471210714, 40.6867011546974]]]}}, {"type": "Feature", "properties": {"zone_id": "0200IGSZIEHO0YA3OLHTGD", "tract_id": "36047117602", "city": "BROOKLYN, NY", "zone_code": "R5", "zone_category": "Residential", "ev_permitted": false}, "geometry": {"type": "Polygon", "coordinates": [[[-73.8745435760817, 40.6862514737895], [-73.8744544438787, 40.6862634440996], [-73.8745202262659, 40.6865306005275], [-73.8746069522941, 40.6865088591361], [-73.8745435760817, 40.6862514737895]]]}}, {"type": "Feature", "properties": {"zone_id": "0201JUM32YBBGNMYUS9455", "tract_id": "36047117602", "city": "BROOKLYN, NY", "zone_code": "R5", "zone_category": "Residential", "ev_permitted": false}, "geometry": {"type": "Polygon", "coordinates": [[[-73.8744544438787, 40.6862634440996], [-73.8743972715415, 40.686271122236], [-73.874464597275, 40.6865445460181], [-73.8745202262659, 40.6865306005275], [-73.8744544438787, 40.6862634440996]]]}}, {"type": "Feature", "properties": {"zone_id": "02053BMFXSF9EG02K18LZ5", "tract_id": "36047117602", "city": "BROOKLYN, NY", "zone_code": "R5", "zone_category": "Residential", "ev_permitted": false}, "geometry": {"type": "Polygon", "coordinates": [[[-73.8743972715415, 40.686271122236], [-73.8743365481937, 40.6862792770872], [-73.8744055125144, 40.6865593576059], [-73.874464597275, 40.6865445460181], [-73.8743972715415, 40.686271122236]]]}}, {"type": "Feature", "properties": {"zone_id": "0205TM237SZ6GDVOTX2VSC", "tract_id": "36047117602", "city": "BROOKLYN, NY", "zone_code": "R5", "zone_category": "Residential", "ev_permitted": false}, "geometry": {"type": "Polygon", "coordinates": [[[-73.8743365481937, 40.6862792770872], [-73.8742776003302, 40.6862871935356], [-73.8743481556015, 40.6865737361022], [-73.8744055125144, 40.6865593576059], [-73.8743365481937, 40.6862792770872]]]}}, {"type": "Feature", "properties": {"zone_id": "0200HWSBDVABAYXM0Q03NB", "tract_id": "36047117602", "city": "BROOKLYN, NY", "zone_code": "R5", "zone_category": "Residential", "ev_permitted": false}, "geometry": {"type": "Polygon", "coordinates": [[[-73.8742776003302, 40.6862871935356], [-73.8742140359694, 40.6862957295744], [-73.8742863067426, 40.6865892409487], [-73.8743481556015, 40.6865737361022], [-73.8742776003302, 40.6862871935356]]]}}, {"type": "Feature", "properties": {"zone_id": "0203QK8GSGSYQ4ULF1A6MG", "tract_id": "36047117602", "city": "BROOKLYN, NY", "zone_code": "R5", "zone_category": "Residential", "ev_permitted": false}, "geometry": {"type": "Polygon", "coordinates": [[[-73.8742257494427, 40.6863433027658], [-73.8741279337142, 40.6863587408065], [-73.8741905966577, 40.6866132341459], [-73.8742863067426, 40.6865892409487], [-73.8742257494427, 40.6863433027658]]]}}, {"type": "Feature", "properties": {"zone_id": "0205J9MLIQGAJE0G54N9TN", "tract_id": "36047117602", "city": "BROOKLYN, NY", "zone_code": "R5", "zone_category": "Residential", "ev_permitted": false}, "geometry": {"type": "Polygon", "coordinates": [[[-73.8734975836436, 40.6865144164915], [-73.8734247751864, 40.6865269457005], [-73.8735064515434, 40.6867849609845], [-73.8735775333916, 40.6867669771692], [-73.8734975836436, 40.6865144164915]]]}}, {"type": "Feature", "properties": {"zone_id": "0205CJTCQF227CKAYT78PE", "tract_id": "36047117602", "city": "BROOKLYN, NY", "zone_code": "R5", "zone_category": "Residential", "ev_permitted": false}, "geometry": {"type": "Polygon", "coordinates": [[[-73.8735637447557, 40.6865030301907], [-73.8734975836436, 40.6865144164915], [-73.8735775333916, 40.6867669771692], [-73.87364212568, 40.6867506367376], [-73.8735637447557, 40.6865030301907]]]}}, {"type": "Feature", "properties": {"zone_id": "0207O7A97IQNS0Q9MZ5RYP", "tract_id": "36047117602", "city": "BROOKLYN, NY", "zone_code": "R5", "zone_category": "Residential", "ev_permitted": false}, "geometry": {"type": "Polygon", "coordinates": [[[-73.8741279337142, 40.6863587408065], [-73.8740508219759, 40.6863709115627], [-73.8741159654987, 40.6866319431177], [-73.8741905966577, 40.6866132341459], [-73.8741279337142, 40.6863587408065]]]}}, {"type": "Feature", "properties": {"zone_id": "0202C5MY78125B6A9KL5NN", "tract_id": "36047117602", "city": "BROOKLYN, NY", "zone_code": "R5", "zone_category": "Residential", "ev_permitted": false}, "geometry": {"type": "Polygon", "coordinates": [[[-73.8738712202201, 40.6864501142601], [-73.8737802354418, 40.6864657723989], [-73.8738534850748, 40.68669716557], [-73.8739276743459, 40.6866783958553], [-73.8738712202201, 40.6864501142601]]]}}, {"type": "Feature", "properties": {"zone_id": "0201791DBEEPN75BOZ7PNX", "tract_id": "36047117602", "city": "BROOKLYN, NY", "zone_code": "R5", "zone_category": "Residential", "ev_permitted": false}, "geometry": {"type": "Polygon", "coordinates": [[[-73.8736369040421, 40.6864904394448], [-73.8735637447557, 40.6865030301907], [-73.87364212568, 40.6867506367376], [-73.8737135519226, 40.6867325667891], [-73.8736369040421, 40.6864904394448]]]}}, {"type": "Feature", "properties": {"zone_id": "0206AKTOHIKN79LAZPRYPL", "tract_id": "36047117602", "city": "BROOKLYN, NY", "zone_code": "R5", "zone_category": "Residential", "ev_permitted": false}, "geometry": {"type": "Polygon", "coordinates": [[[-73.8737061953181, 40.6864785147469], [-73.8736369040421, 40.6864904394448], [-73.8737135519226, 40.6867325667891], [-73.8737812009666, 40.6867154524897], [-73.8737061953181, 40.6864785147469]]]}}, {"type": "Feature", "properties": {"zone_id": "0206GQG3C6ZN8AH18BSQ68", "tract_id": "36047117602", "city": "BROOKLYN, NY", "zone_code": "R5", "zone_category": "Residential", "ev_permitted": false}, "geometry": {"type": "Polygon", "coordinates": [[[-73.8737802354418, 40.6864657723989], [-73.8737061953181, 40.6864785147469], [-73.8737812009666, 40.6867154524897], [-73.8738534850748, 40.68669716557], [-73.8737802354418, 40.6864657723989]]]}}, {"type": "Feature", "properties": {"zone_id": "020388IXYWBTIEFND6TZXK", "tract_id": "36047117602", "city": "BROOKLYN, NY", "zone_code": "R5", "zone_category": "Residential", "ev_permitted": false}, "geometry": {"type": "Polygon", "coordinates": [[[-73.873856535822, 40.68639073235], [-73.8735239173523, 40.6864479757097], [-73.8735403540192, 40.686507055335], [-73.8738712202201, 40.6864501142601], [-73.873856535822, 40.68639073235]]]}}, {"type": "Feature", "properties": {"zone_id": "0202P84H3T05XIBL8WTUR7", "tract_id": "36047117602", "city": "BROOKLYN, NY", "zone_code": "R5", "zone_category": "Residential", "ev_permitted": false}, "geometry": {"type": "Polygon", "coordinates": [[[-73.873842184892, 40.6863326999145], [-73.8735078538564, 40.6863902378738], [-73.8735239173523, 40.6864479757097], [-73.873856535822, 40.68639073235], [-73.873842184892, 40.6863326999145]]]}}, {"type": "Feature", "properties": {"zone_id": "0207JSY0QPAM15S04UYX0T", "tract_id": "36047117602", "city": "BROOKLYN, NY", "zone_code": "R5", "zone_category": "Residential", "ev_permitted": false}, "geometry": {"type": "Polygon", "coordinates": [[[-73.8746893409175, 40.6858720763117], [-73.8741282735281, 40.6859474252505], [-73.8741446146969, 40.6860137941053], [-73.874705683548, 40.6859384457911], [-73.8746893409175, 40.6858720763117]]]}}, {"type": "Feature", "properties": {"zone_id": "0203DP4LZVGAFCDFRV3SFR", "tract_id": "36047117602", "city": "BROOKLYN, NY", "zone_code": "R5", "zone_category": "Residential", "ev_permitted": false}, "geometry": {"type": "Polygon", "coordinates": [[[-73.874705683548, 40.6859384457911], [-73.8741446146969, 40.6860137941053], [-73.8741625516474, 40.6860866390314], [-73.8747236201695, 40.6860112899267], [-73.874705683548, 40.6859384457911]]]}}, {"type": "Feature", "properties": {"zone_id": "0200NY10LQ5VPN03O6N9XA", "tract_id": "36047117602", "city": "BROOKLYN, NY", "zone_code": "R5", "zone_category": "Residential", "ev_permitted": false}, "geometry": {"type": "Polygon", "coordinates": [[[-73.8747236201695, 40.6860112899267], [-73.8741625516474, 40.6860866390314], [-73.8742140359694, 40.6862957295744], [-73.8745435760817, 40.6862514737895], [-73.8746069522941, 40.6865088591361], [-73.8748322337615, 40.6864523834069], [-73.8747236201695, 40.6860112899267]]]}}, {"type": "Feature", "properties": {"zone_id": "0201LDVH8ODWL5SC3A2CJH", "tract_id": "36047117602", "city": "BROOKLYN, NY", "zone_code": "R5", "zone_category": "Residential", "ev_permitted": false}, "geometry": {"type": "Polygon", "coordinates": [[[-73.8746714043723, 40.6857992314668], [-73.8741103375741, 40.6858745810216], [-73.8741282735281, 40.6859474252505], [-73.8746893409175, 40.6858720763117], [-73.8746714043723, 40.6857992314668]]]}}, {"type": "Feature", "properties": {"zone_id": "0203VQ9XDLZQDJWVWQ2T39", "tract_id": "36047117602", "city": "BROOKLYN, NY", "zone_code": "R5", "zone_category": "Residential", "ev_permitted": false}, "geometry": {"type": "Polygon", "coordinates": [[[-73.8742113318003, 40.6862847496308], [-73.8740362170427, 40.6863123884152], [-73.8740508219759, 40.6863709115627], [-73.8742257494427, 40.6863433027658], [-73.8742113318003, 40.6862847496308]]]}}, {"type": "Feature", "properties": {"zone_id": "0200YHEQZZ50HB3SBMLGCN", "tract_id": "36047117602", "city": "BROOKLYN, NY", "zone_code": "R5", "zone_category": "Residential", "ev_permitted": false}, "geometry": {"type": "Polygon", "coordinates": [[[-73.8741935871235, 40.6862126799608], [-73.8740191156927, 40.6862438601371], [-73.8740362170427, 40.6863123884152], [-73.8742113318003, 40.6862847496308], [-73.8741935871235, 40.6862126799608]]]}}, {"type": "Feature", "properties": {"zone_id": "02037WOOXALTXE6PAKDEF4", "tract_id": "36047117602", "city": "BROOKLYN, NY", "zone_code": "R5", "zone_category": "Residential", "ev_permitted": false}, "geometry": {"type": "Polygon", "coordinates": [[[-73.8741812947496, 40.6861627599435], [-73.8740066646243, 40.6861939680339], [-73.8740191156927, 40.6862438601371], [-73.8741935871235, 40.6862126799608], [-73.8741812947496, 40.6861627599435]]]}}, {"type": "Feature", "properties": {"zone_id": "0204OYWTW0YFZDOAM1ZCGE", "tract_id": "36047117602", "city": "BROOKLYN, NY", "zone_code": "R5", "zone_category": "Residential", "ev_permitted": false}, "geometry": {"type": "Polygon", "coordinates": [[[-73.8741669431456, 40.6861044717773], [-73.8739921266447, 40.6861357133697], [-73.8740066646243, 40.6861939680339], [-73.8741812947496, 40.6861627599435], [-73.8741669431456, 40.6861044717773]]]}}, {"type": "Feature", "properties": {"zone_id": "0203PB08SXJC7PNX90TPBV", "tract_id": "36047117602", "city": "BROOKLYN, NY", "zone_code": "R5", "zone_category": "Residential", "ev_permitted": false}, "geometry": {"type": "Polygon", "coordinates": [[[-73.87382930242, 40.6862806058791], [-73.8734934342317, 40.6863384084202], [-73.8735078538564, 40.6863902378738], [-73.873842184892, 40.6863326999145], [-73.87382930242, 40.6862806058791]]]}}, {"type": "Feature", "properties": {"zone_id": "0207K8QSDUZ8LNR5LG0N5Q", "tract_id": "36047117602", "city": "BROOKLYN, NY", "zone_code": "R5", "zone_category": "Residential", "ev_permitted": false}, "geometry": {"type": "Polygon", "coordinates": [[[-73.8738159518587, 40.6862266225729], [-73.8734784920499, 40.6862846994713], [-73.8734934342317, 40.6863384084202], [-73.87382930242, 40.6862806058791], [-73.8738159518587, 40.6862266225729]]]}}, {"type": "Feature", "properties": {"zone_id": "02050N8730E8MLNW9AIVRR", "tract_id": "36047117602", "city": "BROOKLYN, NY", "zone_code": "R5", "zone_category": "Residential", "ev_permitted": false}, "geometry": {"type": "Polygon", "coordinates": [[[-73.8738026022421, 40.6861726392657], [-73.8734635498935, 40.6862309898175], [-73.8734784920499, 40.6862846994713], [-73.8738159518587, 40.6862266225729], [-73.8738026022421, 40.6861726392657]]]}}, {"type": "Feature", "properties": {"zone_id": "02078JR99VMJJH0H53YPDU", "tract_id": "36047117602", "city": "BROOKLYN, NY", "zone_code": "R5", "zone_category": "Residential", "ev_permitted": false}, "geometry": {"type": "Polygon", "coordinates": [[[-73.8737889787459, 40.6861175496661], [-73.8734483006245, 40.6861761794546], [-73.8734635498935, 40.6862309898175], [-73.8738026022421, 40.6861726392657], [-73.8737889787459, 40.6861175496661]]]}}, {"type": "Feature", "properties": {"zone_id": "0205Z7CHWBI964TXUID28N", "tract_id": "36047117602", "city": "BROOKLYN, NY", "zone_code": "R5", "zone_category": "Residential", "ev_permitted": false}, "geometry": {"type": "Polygon", "coordinates": [[[-73.8737758966627, 40.6860646459375], [-73.8734336564728, 40.6861235437917], [-73.8734483006245, 40.6861761794546], [-73.8737889787459, 40.6861175496661], [-73.8737758966627, 40.6860646459375]]]}}, {"type": "Feature", "properties": {"zone_id": "020462LWWJDG5P2M6FY5NP", "tract_id": "36047117602", "city": "BROOKLYN, NY", "zone_code": "R5", "zone_category": "Residential", "ev_permitted": false}, "geometry": {"type": "Polygon", "coordinates": [[[-73.8742734844968, 40.6857549821916], [-73.8740860759306, 40.685781219159], [-73.8739116171699, 40.6858131032541], [-73.8739517769908, 40.6859740287792], [-73.8741271092502, 40.6859426950607], [-73.8741103375741, 40.6858745810216], [-73.8742967684618, 40.6858495430936], [-73.8742734844968, 40.6857549821916]]]}}, {"type": "Feature", "properties": {"zone_id": "0202EQHY484ESO0JAECQ78", "tract_id": "36047117602", "city": "BROOKLYN, NY", "zone_code": "R5", "zone_category": "Residential", "ev_permitted": false}, "geometry": {"type": "Polygon", "coordinates": [[[-73.8741543192108, 40.6860532022825], [-73.8739793394013, 40.6860844731888], [-73.8739921266447, 40.6861357133697], [-73.8741669431456, 40.6861044717773], [-73.8741543192108, 40.6860532022825]]]}}, {"type": "Feature", "properties": {"zone_id": "0202MFIQCDFHT5NEBOOCLU", "tract_id": "36047117602", "city": "BROOKLYN, NY", "zone_code": "R5", "zone_category": "Residential", "ev_permitted": false}, "geometry": {"type": "Polygon", "coordinates": [[[-73.8741402323803, 40.6859959936908], [-73.8739650698878, 40.6860272966981], [-73.8739793394013, 40.6860844731888], [-73.8741543192108, 40.6860532022825], [-73.8741402323803, 40.6859959936908]]]}}, {"type": "Feature", "properties": {"zone_id": "0202OPCJFFUGMK84SM8ZFD", "tract_id": "36047117602", "city": "BROOKLYN, NY", "zone_code": "R5", "zone_category": "Residential", "ev_permitted": false}, "geometry": {"type": "Polygon", "coordinates": [[[-73.8741271092502, 40.6859426950607], [-73.8739517769908, 40.6859740287792], [-73.8739650698878, 40.6860272966981], [-73.8741402323803, 40.6859959936908], [-73.8741271092502, 40.6859426950607]]]}}, {"type": "Feature", "properties": {"zone_id": "0203I1GR9TZEB0PQXE6RWP", "tract_id": "36047117602", "city": "BROOKLYN, NY", "zone_code": "R5", "zone_category": "Residential", "ev_permitted": false}, "geometry": {"type": "Polygon", "coordinates": [[[-73.8737628072678, 40.6860117147952], [-73.8734190059309, 40.6860708828236], [-73.8734336564728, 40.6861235437917], [-73.8737758966627, 40.6860646459375], [-73.8737628072678, 40.6860117147952]]]}}, {"type": "Feature", "properties": {"zone_id": "0203KLUZ2XKBX6KAUYGD17", "tract_id": "36047117602", "city": "BROOKLYN, NY", "zone_code": "R5", "zone_category": "Residential", "ev_permitted": false}, "geometry": {"type": "Polygon", "coordinates": [[[-73.8737493239913, 40.6859571923919], [-73.8734039135081, 40.6860166361613], [-73.8734190059309, 40.6860708828236], [-73.8737628072678, 40.6860117147952], [-73.8737493239913, 40.6859571923919]]]}}, {"type": "Feature", "properties": {"zone_id": "0207H76KNRAU81KNFX5ZFP", "tract_id": "36047117602", "city": "BROOKLYN, NY", "zone_code": "R5", "zone_category": "Residential", "ev_permitted": false}, "geometry": {"type": "Polygon", "coordinates": [[[-73.8737361008943, 40.6859037214546], [-73.8733891135755, 40.6859634374878], [-73.8734039135081, 40.6860166361613], [-73.8737493239913, 40.6859571923919], [-73.8737361008943, 40.6859037214546]]]}}, {"type": "Feature", "properties": {"zone_id": "0201TRTM7R5H45QF394RCG", "tract_id": "36047117602", "city": "BROOKLYN, NY", "zone_code": "R5", "zone_category": "Residential", "ev_permitted": false}, "geometry": {"type": "Polygon", "coordinates": [[[-73.8737237856159, 40.6858539215162], [-73.8733753294806, 40.6859138902597], [-73.8733891135755, 40.6859634374878], [-73.8737361008943, 40.6859037214546], [-73.8737237856159, 40.6858539215162]]]}}, {"type": "Feature", "properties": {"zone_id": "0200Q81FOJNS0QKHZ1YUQE", "tract_id": "36047117602", "city": "BROOKLYN, NY", "zone_code": "R5", "zone_category": "Residential", "ev_permitted": false}, "geometry": {"type": "Polygon", "coordinates": [[[-73.8737091674292, 40.6857948094776], [-73.8733647586697, 40.6858540820769], [-73.8733833026885, 40.6859125183019], [-73.8737237856159, 40.6858539215162], [-73.8737091674292, 40.6857948094776]]]}}, {"type": "Feature", "properties": {"zone_id": "02021JDU76XVIGTG3IY9VK", "tract_id": "36047117602", "city": "BROOKLYN, NY", "zone_code": "R5", "zone_category": "Residential", "ev_permitted": false}, "geometry": {"type": "Polygon", "coordinates": [[[-73.8732823234927, 40.6865514614974], [-73.8732052942348, 40.6865647173909], [-73.8732921732854, 40.686839170312], [-73.8733673768899, 40.6868201449011], [-73.8732823234927, 40.6865514614974]]]}}, {"type": "Feature", "properties": {"zone_id": "0204RO7NOGDOGSBYL1ONM2", "tract_id": "36047117602", "city": "BROOKLYN, NY", "zone_code": "R5", "zone_category": "Residential", "ev_permitted": false}, "geometry": {"type": "Polygon", "coordinates": [[[-73.8733575946275, 40.6865385078702], [-73.8732823234927, 40.6865514614974], [-73.8733673768899, 40.6868201449011], [-73.8734408627168, 40.686801553905], [-73.8733575946275, 40.6865385078702]]]}}, {"type": "Feature", "properties": {"zone_id": "02005Y8IGWXFDC4UOWJDXO", "tract_id": "36047117602", "city": "BROOKLYN, NY", "zone_code": "R5", "zone_category": "Residential", "ev_permitted": false}, "geometry": {"type": "Polygon", "coordinates": [[[-73.8734247751864, 40.6865269457005], [-73.8733575946275, 40.6865385078702], [-73.8734408627168, 40.686801553905], [-73.8735064515434, 40.6867849609845], [-73.8734247751864, 40.6865269457005]]]}}, {"type": "Feature", "properties": {"zone_id": "0200E3OYG7S8A0ID8NLR4C", "tract_id": "36047117602", "city": "BROOKLYN, NY", "zone_code": "R5", "zone_category": "Residential", "ev_permitted": false}, "geometry": {"type": "Polygon", "coordinates": [[[-73.8735024749187, 40.6863709024287], [-73.8731624646908, 40.6864294168685], [-73.8731831609952, 40.6864947984982], [-73.8735207781715, 40.6864366966405], [-73.8735024749187, 40.6863709024287]]]}}, {"type": "Feature", "properties": {"zone_id": "0200UQ69RX9CBOSAWX4PE2", "tract_id": "36047117602", "city": "BROOKLYN, NY", "zone_code": "R5", "zone_category": "Residential", "ev_permitted": false}, "geometry": {"type": "Polygon", "coordinates": [[[-73.8735207781715, 40.6864366966405], [-73.8731831609952, 40.6864947984982], [-73.8732052942348, 40.6865647173909], [-73.8735403540192, 40.686507055335], [-73.8735207781715, 40.6864366966405]]]}}, {"type": "Feature", "properties": {"zone_id": "0206PSZ4QCWY71ABA473TQ", "tract_id": "36047117602", "city": "BROOKLYN, NY", "zone_code": "R5", "zone_category": "Residential", "ev_permitted": false}, "geometry": {"type": "Polygon", "coordinates": [[[-73.8734279869546, 40.6861031617589], [-73.8730782420824, 40.6861633509291], [-73.8731407545352, 40.6863608320855], [-73.8734832732134, 40.6863018862224], [-73.8734279869546, 40.6861031617589]]]}}, {"type": "Feature", "properties": {"zone_id": "0202X5GQRBBQJ0U3KI5P7Q", "tract_id": "36047117602", "city": "BROOKLYN, NY", "zone_code": "R5", "zone_category": "Residential", "ev_permitted": false}, "geometry": {"type": "Polygon", "coordinates": [[[-73.8734832732134, 40.6863018862224], [-73.8731407545352, 40.6863608320855], [-73.8731624646908, 40.6864294168685], [-73.8735024749187, 40.6863709024287], [-73.8734832732134, 40.6863018862224]]]}}, {"type": "Feature", "properties": {"zone_id": "0202WBL03Y4TR9XDWNOKAH", "tract_id": "36047117602", "city": "BROOKLYN, NY", "zone_code": "R5", "zone_category": "Residential", "ev_permitted": false}, "geometry": {"type": "Polygon", "coordinates": [[[-73.8734121473208, 40.6860462301066], [-73.8730603334769, 40.6861067753042], [-73.8730782420824, 40.6861633509291], [-73.8734279869546, 40.6861031617589], [-73.8734121473208, 40.6860462301066]]]}}, {"type": "Feature", "properties": {"zone_id": "02068FANF497X3CBEYLX6J", "tract_id": "36047117602", "city": "BROOKLYN, NY", "zone_code": "R5", "zone_category": "Residential", "ev_permitted": false}, "geometry": {"type": "Polygon", "coordinates": [[[-73.8733753294806, 40.6859138902597], [-73.8730187046655, 40.6859752640962], [-73.8730603334769, 40.6861067753042], [-73.8734121473208, 40.6860462301066], [-73.8733753294806, 40.6859138902597]]]}}, {"type": "Feature", "properties": {"zone_id": "02040Q8LGZDQY0AVGUWF3V", "tract_id": "36047117602", "city": "BROOKLYN, NY", "zone_code": "R5", "zone_category": "Residential", "ev_permitted": false}, "geometry": {"type": "Polygon", "coordinates": [[[-73.8733647586697, 40.6858540820769], [-73.8730002043472, 40.6859168201315], [-73.8730187046655, 40.6859752640962], [-73.8733833026885, 40.6859125183019], [-73.8733647586697, 40.6858540820769]]]}}, {"type": "Feature", "properties": {"zone_id": "0202TJN9FMR1DT5I4EE5F2", "tract_id": "36047117602", "city": "BROOKLYN, NY", "zone_code": "R5", "zone_category": "Residential", "ev_permitted": false}, "geometry": {"type": "Polygon", "coordinates": [[[-73.8733492215469, 40.6858051182334], [-73.8729847034885, 40.6858678499549], [-73.8730002043472, 40.6859168201315], [-73.8733647586697, 40.6858540820769], [-73.8733492215469, 40.6858051182334]]]}}, {"type": "Feature", "properties": {"zone_id": "0201PBXB4BGHSVE6B2HRDA", "tract_id": "36047117602", "city": "BROOKLYN, NY", "zone_code": "R5", "zone_category": "Residential", "ev_permitted": false}, "geometry": {"type": "Polygon", "coordinates": [[[-73.8746576524309, 40.6857433843584], [-73.8742830168225, 40.6857936966434], [-73.8742967684618, 40.6858495430936], [-73.8746714043723, 40.6857992314668], [-73.8746576524309, 40.6857433843584]]]}}, {"type": "Feature", "properties": {"zone_id": "0205RGD69CEWHVXXGHNZVR", "tract_id": "36047117602", "city": "BROOKLYN, NY", "zone_code": "R5", "zone_category": "Residential", "ev_permitted": false}, "geometry": {"type": "Polygon", "coordinates": [[[-73.8746169967814, 40.6855782699674], [-73.87424236207, 40.685628582121], [-73.8742563783668, 40.6856855088582], [-73.8746310124644, 40.6856351966583], [-73.8746169967814, 40.6855782699674]]]}}, {"type": "Feature", "properties": {"zone_id": "02022KSAV69H21UD9YUWYE", "tract_id": "36047117602", "city": "BROOKLYN, NY", "zone_code": "R5", "zone_category": "Residential", "ev_permitted": false}, "geometry": {"type": "Polygon", "coordinates": [[[-73.8746310124644, 40.6856351966583], [-73.8742563783668, 40.6856855088582], [-73.8742691333055, 40.6857373096999], [-73.8746437686075, 40.6856869974598], [-73.8746310124644, 40.6856351966583]]]}}, {"type": "Feature", "properties": {"zone_id": "02078QRMSYMPTLTNTFOYXI", "tract_id": "36047117602", "city": "BROOKLYN, NY", "zone_code": "R5", "zone_category": "Residential", "ev_permitted": false}, "geometry": {"type": "Polygon", "coordinates": [[[-73.8746437686075, 40.6856869974598], [-73.8742691333055, 40.6857373096999], [-73.8742830168225, 40.6857936966434], [-73.8746576524309, 40.6857433843584], [-73.8746437686075, 40.6856869974598]]]}}, {"type": "Feature", "properties": {"zone_id": "0202BPWAGNOQ74PXPQ6EAW", "tract_id": "36047117602", "city": "BROOKLYN, NY", "zone_code": "R5", "zone_category": "Residential", "ev_permitted": false}, "geometry": {"type": "Polygon", "coordinates": [[[-73.8745514283795, 40.6853119836917], [-73.8741767951159, 40.6853622949309], [-73.8741890845844, 40.6854122072214], [-73.8745637181204, 40.6853618952399], [-73.8745514283795, 40.6853119836917]]]}}, {"type": "Feature", "properties": {"zone_id": "02045O94JKK8VYLNE93OMJ", "tract_id": "36047117602", "city": "BROOKLYN, NY", "zone_code": "R5", "zone_category": "Residential", "ev_permitted": false}, "geometry": {"type": "Polygon", "coordinates": [[[-73.8745637181204, 40.6853618952399], [-73.8741890845844, 40.6854122072214], [-73.874203500187, 40.6854707526342], [-73.8745781340411, 40.6854204406062], [-73.8745637181204, 40.6853618952399]]]}}, {"type": "Feature", "properties": {"zone_id": "0204F98EOU1P4RBFSC7JWE", "tract_id": "36047117602", "city": "BROOKLYN, NY", "zone_code": "R5", "zone_category": "Residential", "ev_permitted": false}, "geometry": {"type": "Polygon", "coordinates": [[[-73.8745781340411, 40.6854204406062], [-73.874203500187, 40.6854707526342], [-73.8742161212961, 40.6855220136924], [-73.8745907563517, 40.6854717016246], [-73.8745781340411, 40.6854204406062]]]}}, {"type": "Feature", "properties": {"zone_id": "0207JTJWJX4C7J5RPIPGZN", "tract_id": "36047117602", "city": "BROOKLYN, NY", "zone_code": "R5", "zone_category": "Residential", "ev_permitted": false}, "geometry": {"type": "Polygon", "coordinates": [[[-73.8745907563517, 40.6854717016246], [-73.8742161212961, 40.6855220136924], [-73.8742299387728, 40.6855781307495], [-73.8746045741332, 40.685527818637], [-73.8745907563517, 40.6854717016246]]]}}, {"type": "Feature", "properties": {"zone_id": "02046BO3GVEZ0F43ABATNM", "tract_id": "36047117602", "city": "BROOKLYN, NY", "zone_code": "R5", "zone_category": "Residential", "ev_permitted": false}, "geometry": {"type": "Polygon", "coordinates": [[[-73.8746045741332, 40.685527818637], [-73.8742299387728, 40.6855781307495], [-73.87424236207, 40.685628582121], [-73.8746169967814, 40.6855782699674], [-73.8746045741332, 40.685527818637]]]}}, {"type": "Feature", "properties": {"zone_id": "02022PIETPDSWW6E9BUPT6", "tract_id": "36047117602", "city": "BROOKLYN, NY", "zone_code": "R5", "zone_category": "Residential", "ev_permitted": false}, "geometry": {"type": "Polygon", "coordinates": [[[-73.8742604126051, 40.6857018923217], [-73.8738963070703, 40.6857517553127], [-73.8739116171699, 40.6858131032541], [-73.8740860759306, 40.685781219159], [-73.8742734844968, 40.6857549821916], [-73.8742604126051, 40.6857018923217]]]}}, {"type": "Feature", "properties": {"zone_id": "02021YX9H2SAYVW8HEX553", "tract_id": "36047117602", "city": "BROOKLYN, NY", "zone_code": "R5", "zone_category": "Residential", "ev_permitted": false}, "geometry": {"type": "Polygon", "coordinates": [[[-73.8742481898999, 40.685652252044], [-73.8738839248976, 40.6857021366041], [-73.8738963070703, 40.6857517553127], [-73.8742604126051, 40.6857018923217], [-73.8742481898999, 40.685652252044]]]}}, {"type": "Feature", "properties": {"zone_id": "0207BBWG5D0XHN6Y89XHM9", "tract_id": "36047117602", "city": "BROOKLYN, NY", "zone_code": "R5", "zone_category": "Residential", "ev_permitted": false}, "geometry": {"type": "Polygon", "coordinates": [[[-73.8742339739146, 40.6855945177284], [-73.8738695236358, 40.6856444273363], [-73.8738839248976, 40.6857021366041], [-73.8742481898999, 40.685652252044], [-73.8742339739146, 40.6855945177284]]]}}, {"type": "Feature", "properties": {"zone_id": "020771TXARSZRCQTZW5NLT", "tract_id": "36047117602", "city": "BROOKLYN, NY", "zone_code": "R5", "zone_category": "Residential", "ev_permitted": false}, "geometry": {"type": "Polygon", "coordinates": [[[-73.8742206886505, 40.6855405605346], [-73.8738560641548, 40.6855904937999], [-73.8738695236358, 40.6856444273363], [-73.8742339739146, 40.6855945177284], [-73.8742206886505, 40.6855405605346]]]}}, {"type": "Feature", "properties": {"zone_id": "02030Q9OCEG6J6ROE6AT49", "tract_id": "36047117602", "city": "BROOKLYN, NY", "zone_code": "R5", "zone_category": "Residential", "ev_permitted": false}, "geometry": {"type": "Polygon", "coordinates": [[[-73.8736545340473, 40.6855738824047], [-73.8733430827877, 40.6856274833962], [-73.8733444247565, 40.6856329087227], [-73.8732971554086, 40.6856410434026], [-73.8733147065076, 40.6856963509976], [-73.8736697118406, 40.6856352548279], [-73.8736545340473, 40.6855738824047]]]}}, {"type": "Feature", "properties": {"zone_id": "0207LTCJXLGX5PKOWRJ6YH", "tract_id": "36047117602", "city": "BROOKLYN, NY", "zone_code": "R5", "zone_category": "Residential", "ev_permitted": false}, "geometry": {"type": "Polygon", "coordinates": [[[-73.8736697118406, 40.6856352548279], [-73.8733147065076, 40.6856963509976], [-73.8733308473383, 40.6857472162123], [-73.873682435589, 40.6856867078835], [-73.8736697118406, 40.6856352548279]]]}}, {"type": "Feature", "properties": {"zone_id": "0200D3MODS00PZZOSGFQ1Z", "tract_id": "36047117602", "city": "BROOKLYN, NY", "zone_code": "R5", "zone_category": "Residential", "ev_permitted": false}, "geometry": {"type": "Polygon", "coordinates": [[[-73.873682435589, 40.6856867078835], [-73.8733308473383, 40.6857472162123], [-73.8733492215469, 40.6858051182334], [-73.8736969199846, 40.6857452801349], [-73.873682435589, 40.6856867078835]]]}}, {"type": "Feature", "properties": {"zone_id": "0200DTGHM1JFCKJPGQMU0A", "tract_id": "36047117602", "city": "BROOKLYN, NY", "zone_code": "R5", "zone_category": "Residential", "ev_permitted": false}, "geometry": {"type": "Polygon", "coordinates": [[[-73.8736969199846, 40.6857452801349], [-73.8733492215469, 40.6858051182334], [-73.8733647586697, 40.6858540820769], [-73.8737091674292, 40.6857948094776], [-73.8736969199846, 40.6857452801349]]]}}, {"type": "Feature", "properties": {"zone_id": "02074EHKZH2FU7PZ1CLM32", "tract_id": "36047117602", "city": "BROOKLYN, NY", "zone_code": "R5", "zone_category": "Residential", "ev_permitted": false}, "geometry": {"type": "Polygon", "coordinates": [[[-73.8742070708846, 40.6854852545667], [-73.8738422684859, 40.685535212187], [-73.8738560641548, 40.6855904937999], [-73.8742206886505, 40.6855405605346], [-73.8742070708846, 40.6854852545667]]]}}, {"type": "Feature", "properties": {"zone_id": "020360AB9XKVQO7Q3J8DWR", "tract_id": "36047117602", "city": "BROOKLYN, NY", "zone_code": "R5", "zone_category": "Residential", "ev_permitted": false}, "geometry": {"type": "Polygon", "coordinates": [[[-73.8741931206198, 40.6854285991218], [-73.8738281357089, 40.6854785817936], [-73.8738422684859, 40.685535212187], [-73.8742070708846, 40.6854852545667], [-73.8741931206198, 40.6854285991218]]]}}, {"type": "Feature", "properties": {"zone_id": "0207D2N8L9KMQ6H3XC7NDY", "tract_id": "36047117602", "city": "BROOKLYN, NY", "zone_code": "R5", "zone_category": "Residential", "ev_permitted": false}, "geometry": {"type": "Polygon", "coordinates": [[[-73.8738461619851, 40.6852292611707], [-73.8737706035606, 40.6852480391698], [-73.8738281357089, 40.6854785817936], [-73.8739049590355, 40.6854680614239], [-73.8738461619851, 40.6852292611707]]]}}, {"type": "Feature", "properties": {"zone_id": "02047M1BA8IK1Z45RPMBS1", "tract_id": "36047117602", "city": "BROOKLYN, NY", "zone_code": "R5", "zone_category": "Residential", "ev_permitted": false}, "geometry": {"type": "Polygon", "coordinates": [[[-73.8739159910847, 40.6852119074648], [-73.8738461619851, 40.6852292611707], [-73.8739049590355, 40.6854680614239], [-73.8739766442267, 40.6854582450646], [-73.8739159910847, 40.6852119074648]]]}}, {"type": "Feature", "properties": {"zone_id": "0207NIAZ1LRDF4YKQR4SZR", "tract_id": "36047117602", "city": "BROOKLYN, NY", "zone_code": "R5", "zone_category": "Residential", "ev_permitted": false}, "geometry": {"type": "Polygon", "coordinates": [[[-73.8739913518025, 40.6851931783401], [-73.8739159910847, 40.6852119074648], [-73.8739766442267, 40.6854582450646], [-73.8740540085553, 40.6854476500031], [-73.8739913518025, 40.6851931783401]]]}}, {"type": "Feature", "properties": {"zone_id": "0202ZH2PGS74RTP3E10O4L", "tract_id": "36047117602", "city": "BROOKLYN, NY", "zone_code": "R5", "zone_category": "Residential", "ev_permitted": false}, "geometry": {"type": "Polygon", "coordinates": [[[-73.8734914922225, 40.6853151573118], [-73.8734178563878, 40.6853334094937], [-73.8734845555755, 40.6856031357887], [-73.8735595153528, 40.6855902357919], [-73.8734914922225, 40.6853151573118]]]}}, {"type": "Feature", "properties": {"zone_id": "0206CPC8NTUTIT05YAI66J", "tract_id": "36047117602", "city": "BROOKLYN, NY", "zone_code": "R5", "zone_category": "Residential", "ev_permitted": false}, "geometry": {"type": "Polygon", "coordinates": [[[-73.8735848332983, 40.6852920207447], [-73.8734914922225, 40.6853151573118], [-73.8735595153528, 40.6855902357919], [-73.8736545340473, 40.6855738824047], [-73.8735848332983, 40.6852920207447]]]}}, {"type": "Feature", "properties": {"zone_id": "02048JT17F5PPOTM015RKI", "tract_id": "36047117602", "city": "BROOKLYN, NY", "zone_code": "R5", "zone_category": "Residential", "ev_permitted": false}, "geometry": {"type": "Polygon", "coordinates": [[[-73.8747587586093, 40.6850011486994], [-73.8746827664183, 40.6850201671357], [-73.8747458612275, 40.6852732167135], [-73.8748233778943, 40.6852619312864], [-73.8747587586093, 40.6850011486994]]]}}, {"type": "Feature", "properties": {"zone_id": "0203YUD5UWVCLUA5Y79YU3", "tract_id": "36047117602", "city": "BROOKLYN, NY", "zone_code": "R5", "zone_category": "Residential", "ev_permitted": false}, "geometry": {"type": "Polygon", "coordinates": [[[-73.8744915656296, 40.6850688619343], [-73.8741268624653, 40.6851595004916], [-73.874135941192, 40.6851963713795], [-73.8745105735555, 40.6851460595697], [-73.8744915656296, 40.6850688619343]]]}}, {"type": "Feature", "properties": {"zone_id": "0200Y2WQH8JLMH7M2M2P4E", "tract_id": "36047117602", "city": "BROOKLYN, NY", "zone_code": "R5", "zone_category": "Residential", "ev_permitted": false}, "geometry": {"type": "Polygon", "coordinates": [[[-73.8745105735555, 40.6851460595697], [-73.874135941192, 40.6851963713795], [-73.8741500901304, 40.6852538379226], [-73.8745247228061, 40.685203526067], [-73.8745105735555, 40.6851460595697]]]}}, {"type": "Feature", "properties": {"zone_id": "0203EDQSJNZIJB6RE6OB68", "tract_id": "36047117602", "city": "BROOKLYN, NY", "zone_code": "R5", "zone_category": "Residential", "ev_permitted": false}, "geometry": {"type": "Polygon", "coordinates": [[[-73.8745247228061, 40.685203526067], [-73.8741500901304, 40.6852538379226], [-73.8741627120804, 40.685305098989], [-73.8745373450346, 40.6852547870927], [-73.8745247228061, 40.685203526067]]]}}, {"type": "Feature", "properties": {"zone_id": "0203MFVGQNSD0QMRCCPBTS", "tract_id": "36047117602", "city": "BROOKLYN, NY", "zone_code": "R5", "zone_category": "Residential", "ev_permitted": false}, "geometry": {"type": "Polygon", "coordinates": [[[-73.8745373450346, 40.6852547870927], [-73.8741627120804, 40.685305098989], [-73.8741767951159, 40.6853622949309], [-73.8745514283795, 40.6853119836917], [-73.8745373450346, 40.6852547870927]]]}}, {"type": "Feature", "properties": {"zone_id": "0202WQS4QSBY0WV35DJAPV", "tract_id": "36047117602", "city": "BROOKLYN, NY", "zone_code": "R5", "zone_category": "Residential", "ev_permitted": false}, "geometry": {"type": "Polygon", "coordinates": [[[-73.8741538615513, 40.6846709141581], [-73.8740813248013, 40.6846819544362], [-73.8741518087065, 40.6849648594225], [-73.8742227187378, 40.6849472916978], [-73.8741538615513, 40.6846709141581]]]}}, {"type": "Feature", "properties": {"zone_id": "0205YSU8KA53ALD26UUV6D", "tract_id": "36047117602", "city": "BROOKLYN, NY", "zone_code": "R5", "zone_category": "Residential", "ev_permitted": false}, "geometry": {"type": "Polygon", "coordinates": [[[-73.8740587613073, 40.6851764254847], [-73.8739913518025, 40.6851931783401], [-73.8740540085553, 40.6854476500031], [-73.8741232091314, 40.6854381730296], [-73.8740587613073, 40.6851764254847]]]}}, {"type": "Feature", "properties": {"zone_id": "02013SK2LTYN80H0W39F7A", "tract_id": "36047117602", "city": "BROOKLYN, NY", "zone_code": "R5", "zone_category": "Residential", "ev_permitted": false}, "geometry": {"type": "Polygon", "coordinates": [[[-73.8741268624653, 40.6851595004916], [-73.8740587613073, 40.6851764254847], [-73.8741232091314, 40.6854381730296], [-73.8741931206198, 40.6854285991218], [-73.8741268624653, 40.6851595004916]]]}}, {"type": "Feature", "properties": {"zone_id": "0203SK9GCD1P1STVWWVXQZ", "tract_id": "36047117602", "city": "BROOKLYN, NY", "zone_code": "R5", "zone_category": "Residential", "ev_permitted": false}, "geometry": {"type": "Polygon", "coordinates": [[[-73.8740813248013, 40.6846819544362], [-73.8740115616391, 40.6846925725947], [-73.8740836081193, 40.6849817555126], [-73.8741518087065, 40.6849648594225], [-73.8740813248013, 40.6846819544362]]]}}, {"type": "Feature", "properties": {"zone_id": "0200EOEGBVYC4N4ZLK9VZZ", "tract_id": "36047117602", "city": "BROOKLYN, NY", "zone_code": "R5", "zone_category": "Residential", "ev_permitted": false}, "geometry": {"type": "Polygon", "coordinates": [[[-73.8740259782207, 40.6847504350487], [-73.8739539778045, 40.6847613936223], [-73.8740132216257, 40.6849991937323], [-73.8740836081193, 40.6849817555126], [-73.8740259782207, 40.6847504350487]]]}}, {"type": "Feature", "properties": {"zone_id": "02041PKQL8GMM5DIYFR7V3", "tract_id": "36047117602", "city": "BROOKLYN, NY", "zone_code": "R5", "zone_category": "Residential", "ev_permitted": false}, "geometry": {"type": "Polygon", "coordinates": [[[-73.8739539778045, 40.6847613936223], [-73.8738845995595, 40.6847719523991], [-73.8739454005184, 40.6850159952966], [-73.8740132216257, 40.6849991937323], [-73.8739539778045, 40.6847613936223]]]}}, {"type": "Feature", "properties": {"zone_id": "0206146XFI81V92KC7418A", "tract_id": "36047117602", "city": "BROOKLYN, NY", "zone_code": "R5", "zone_category": "Residential", "ev_permitted": false}, "geometry": {"type": "Polygon", "coordinates": [[[-73.8738845995595, 40.6847719523991], [-73.8738109325269, 40.684783164123], [-73.8738733840151, 40.6850338363786], [-73.8739454005184, 40.6850159952966], [-73.8738845995595, 40.6847719523991]]]}}, {"type": "Feature", "properties": {"zone_id": "02003515NO1JWH5I38UDEG", "tract_id": "36047117602", "city": "BROOKLYN, NY", "zone_code": "R5", "zone_category": "Residential", "ev_permitted": false}, "geometry": {"type": "Polygon", "coordinates": [[[-73.8738109325269, 40.684783164123], [-73.8737422393307, 40.6847936188686], [-73.8738062314335, 40.685050473468], [-73.8738733840151, 40.6850338363786], [-73.8738109325269, 40.684783164123]]]}}, {"type": "Feature", "properties": {"zone_id": "0207867ZJJGCBD0C651N0E", "tract_id": "36047117602", "city": "BROOKLYN, NY", "zone_code": "R5", "zone_category": "Residential", "ev_permitted": false}, "geometry": {"type": "Polygon", "coordinates": [[[-73.8737422393307, 40.6847936188686], [-73.873667002625, 40.6848050697912], [-73.873733475149, 40.6850684977487], [-73.8738062314335, 40.685050473468], [-73.8737422393307, 40.6847936188686]]]}}, {"type": "Feature", "properties": {"zone_id": "02013W9WLWJ0RMERILETUK", "tract_id": "36047117602", "city": "BROOKLYN, NY", "zone_code": "R5", "zone_category": "Residential", "ev_permitted": false}, "geometry": {"type": "Polygon", "coordinates": [[[-73.8734770986092, 40.6848834265135], [-73.8733914541248, 40.6848989328211], [-73.8734666262167, 40.6851390540615], [-73.8735360240828, 40.6851217928632], [-73.8734770986092, 40.6848834265135]]]}}, {"type": "Feature", "properties": {"zone_id": "020004WZ31TF8L2HYXBMKY", "tract_id": "36047117602", "city": "BROOKLYN, NY", "zone_code": "R5", "zone_category": "Residential", "ev_permitted": false}, "geometry": {"type": "Polygon", "coordinates": [[[-73.8733314455893, 40.6857491014108], [-73.8729669693712, 40.6858118260957], [-73.8729847034885, 40.6858678499549], [-73.8733492215469, 40.6858051182334], [-73.8733314455893, 40.6857491014108]]]}}, {"type": "Feature", "properties": {"zone_id": "0202K6RT78VOYTX39IKWW3", "tract_id": "36047117602", "city": "BROOKLYN, NY", "zone_code": "R5", "zone_category": "Residential", "ev_permitted": false}, "geometry": {"type": "Polygon", "coordinates": [[[-73.8733155213006, 40.6856989194223], [-73.872951081353, 40.6857616377729], [-73.8729669693712, 40.6858118260957], [-73.8733314455893, 40.6857491014108], [-73.8733155213006, 40.6856989194223]]]}}, {"type": "Feature", "properties": {"zone_id": "02075QJHXZXYZJEEST2LVA", "tract_id": "36047117602", "city": "BROOKLYN, NY", "zone_code": "R5", "zone_category": "Residential", "ev_permitted": false}, "geometry": {"type": "Polygon", "coordinates": [[[-73.8732971554086, 40.6856410434026], [-73.8732748702148, 40.6856448785862], [-73.8732751303612, 40.6856459314606], [-73.8729330894742, 40.6857047950216], [-73.872951081353, 40.6857616377729], [-73.8733155213006, 40.6856989194223], [-73.8732971554086, 40.6856410434026]]]}}, {"type": "Feature", "properties": {"zone_id": "0202CHYNPNXCDCPMPPB8UK", "tract_id": "36047117602", "city": "BROOKLYN, NY", "zone_code": "R5", "zone_category": "Residential", "ev_permitted": false}, "geometry": {"type": "Polygon", "coordinates": [[[-73.8732484570426, 40.6855385226523], [-73.8728994684275, 40.6855985821207], [-73.8729170391097, 40.6856540907602], [-73.8732623973665, 40.6855946561228], [-73.8732484570426, 40.6855385226523]]]}}, {"type": "Feature", "properties": {"zone_id": "02073BSOLU3G0AOMPU20GC", "tract_id": "36047117602", "city": "BROOKLYN, NY", "zone_code": "R5", "zone_category": "Residential", "ev_permitted": false}, "geometry": {"type": "Polygon", "coordinates": [[[-73.8732788811884, 40.6853678570257], [-73.8732102967023, 40.6853848575747], [-73.8732748702148, 40.6856448785862], [-73.8733444247565, 40.6856329087227], [-73.8732788811884, 40.6853678570257]]]}}, {"type": "Feature", "properties": {"zone_id": "02030QUQVWD3T6YTD3SAU4", "tract_id": "36047117602", "city": "BROOKLYN, NY", "zone_code": "R5", "zone_category": "Residential", "ev_permitted": false}, "geometry": {"type": "Polygon", "coordinates": [[[-73.8733497521858, 40.6853502904988], [-73.8732788811884, 40.6853678570257], [-73.8733430827877, 40.6856274833962], [-73.8734152273097, 40.6856150680421], [-73.8733497521858, 40.6853502904988]]]}}, {"type": "Feature", "properties": {"zone_id": "0205U9DNHTYJPQP407UGAR", "tract_id": "36047117602", "city": "BROOKLYN, NY", "zone_code": "R5", "zone_category": "Residential", "ev_permitted": false}, "geometry": {"type": "Polygon", "coordinates": [[[-73.8734178563878, 40.6853334094937], [-73.8733497521858, 40.6853502904988], [-73.8734152273097, 40.6856150680421], [-73.8734845555755, 40.6856031357887], [-73.8734178563878, 40.6853334094937]]]}}, {"type": "Feature", "properties": {"zone_id": "0205YKWZ9DJ2LAXHVPD899", "tract_id": "36047117602", "city": "BROOKLYN, NY", "zone_code": "R5", "zone_category": "Residential", "ev_permitted": false}, "geometry": {"type": "Polygon", "coordinates": [[[-73.8732343830015, 40.6854818500904], [-73.87288172895, 40.6855425399712], [-73.8728994684275, 40.6855985821207], [-73.8732484570426, 40.6855385226523], [-73.8732343830015, 40.6854818500904]]]}}, {"type": "Feature", "properties": {"zone_id": "0203GHKWHE1IG44CFQPHE9", "tract_id": "36047117602", "city": "BROOKLYN, NY", "zone_code": "R5", "zone_category": "Residential", "ev_permitted": false}, "geometry": {"type": "Polygon", "coordinates": [[[-73.8732102967023, 40.6853848575747], [-73.872859350492, 40.685471844294], [-73.87288172895, 40.6855425399712], [-73.8732343830015, 40.6854818500904], [-73.8732102967023, 40.6853848575747]]]}}, {"type": "Feature", "properties": {"zone_id": "0201DAX03J5FFSJN26W2VH", "tract_id": "36047117602", "city": "BROOKLYN, NY", "zone_code": "R5", "zone_category": "Residential", "ev_permitted": false}, "geometry": {"type": "Polygon", "coordinates": [[[-73.8732623973665, 40.6855946561228], [-73.8729170391097, 40.6856540907602], [-73.8729330894742, 40.6857047950216], [-73.8732751303612, 40.6856459314606], [-73.8732623973665, 40.6855946561228]]]}}, {"type": "Feature", "properties": {"zone_id": "0202LBZ9E96G1WU1ODYH42", "tract_id": "36047117602", "city": "BROOKLYN, NY", "zone_code": "R5", "zone_category": "Residential", "ev_permitted": false}, "geometry": {"type": "Polygon", "coordinates": [[[-73.8731774770904, 40.6849376731631], [-73.8730878324601, 40.6849539034967], [-73.873168970764, 40.6852130884134], [-73.8732568541686, 40.6851912298604], [-73.8731774770904, 40.6849376731631]]]}}, {"type": "Feature", "properties": {"zone_id": "02010AYFL571S5EWGEWCQU", "tract_id": "36047117602", "city": "BROOKLYN, NY", "zone_code": "R5", "zone_category": "Residential", "ev_permitted": false}, "geometry": {"type": "Polygon", "coordinates": [[[-73.8730866626916, 40.6849501661514], [-73.8730132433565, 40.6849634582208], [-73.8730969952595, 40.6852309908889], [-73.873168970764, 40.6852130884134], [-73.8730866626916, 40.6849501661514]]]}}, {"type": "Feature", "properties": {"zone_id": "0207IYR2APVLZ6SPWIW978", "tract_id": "36047117602", "city": "BROOKLYN, NY", "zone_code": "R5", "zone_category": "Residential", "ev_permitted": false}, "geometry": {"type": "Polygon", "coordinates": [[[-73.8730132433565, 40.6849634582208], [-73.8729410492942, 40.6849765288523], [-73.8730262202496, 40.6852485939048], [-73.8730969952595, 40.6852309908889], [-73.8730132433565, 40.6849634582208]]]}}, {"type": "Feature", "properties": {"zone_id": "0206NK3UKU1XEB219M3Q63", "tract_id": "36047117602", "city": "BROOKLYN, NY", "zone_code": "C1-2", "zone_category": "Commercial", "ev_permitted": true}, "geometry": {"type": "Polygon", "coordinates": [[[-73.8729410492942, 40.6849765288523], [-73.8728721756193, 40.6849889981147], [-73.8729587004909, 40.6852653874908], [-73.8730262202496, 40.6852485939048], [-73.8729410492942, 40.6849765288523]]]}}, {"type": "Feature", "properties": {"zone_id": "02020RL0PPVLYZ1Q01FASQ", "tract_id": "36047117602", "city": "BROOKLYN, NY", "zone_code": "C1-2", "zone_category": "Commercial", "ev_permitted": true}, "geometry": {"type": "Polygon", "coordinates": [[[-73.8728721756193, 40.6849889981147], [-73.8727975650588, 40.6850025058532], [-73.8728855557403, 40.6852835801481], [-73.8729587004909, 40.6852653874908], [-73.8728721756193, 40.6849889981147]]]}}, {"type": "Feature", "properties": {"zone_id": "0202GODXSR0ZP742HGOD7A", "tract_id": "36047117602", "city": "BROOKLYN, NY", "zone_code": "C1-2", "zone_category": "Commercial", "ev_permitted": true}, "geometry": {"type": "Polygon", "coordinates": [[[-73.8727975650588, 40.6850025058532], [-73.8727206866852, 40.6850164242002], [-73.8728101890392, 40.6853023254061], [-73.8728855557403, 40.6852835801481], [-73.8727975650588, 40.6850025058532]]]}}, {"type": "Feature", "properties": {"zone_id": "02032D1GCKOTYR0TX3CLVU", "tract_id": "36047117602", "city": "BROOKLYN, NY", "zone_code": "R5", "zone_category": "Residential", "ev_permitted": false}, "geometry": {"type": "Polygon", "coordinates": [[[-73.8733914541248, 40.6848989328211], [-73.8733166350908, 40.6849124786103], [-73.8733932785772, 40.6851572974101], [-73.8734666262167, 40.6851390540615], [-73.8733914541248, 40.6848989328211]]]}}, {"type": "Feature", "properties": {"zone_id": "02001T43REC5UAJFMHPR4E", "tract_id": "36047117602", "city": "BROOKLYN, NY", "zone_code": "R5", "zone_category": "Residential", "ev_permitted": false}, "geometry": {"type": "Polygon", "coordinates": [[[-73.8733166350908, 40.6849124786103], [-73.8732498612778, 40.6849245674596], [-73.8733278165245, 40.6851735798306], [-73.8733932785772, 40.6851572974101], [-73.8733166350908, 40.6849124786103]]]}}, {"type": "Feature", "properties": {"zone_id": "0204BDSHOYJEPKL303SXUH", "tract_id": "36047117602", "city": "BROOKLYN, NY", "zone_code": "R5", "zone_category": "Residential", "ev_permitted": false}, "geometry": {"type": "Polygon", "coordinates": [[[-73.8732498612778, 40.6849245674596], [-73.8731774770904, 40.6849376731631], [-73.8732568541686, 40.6851912298604], [-73.8733278165245, 40.6851735798306], [-73.8732498612778, 40.6849245674596]]]}}, {"type": "Feature", "properties": {"zone_id": "0206AC3PYTZAC3IIJWHF5I", "tract_id": "36047117602", "city": "BROOKLYN, NY", "zone_code": "C1-2", "zone_category": "Commercial", "ev_permitted": true}, "geometry": {"type": "Polygon", "coordinates": [[[-73.8734507467927, 40.684776830373], [-73.873054838578, 40.6848485099245], [-73.8730704226289, 40.6848982903593], [-73.8734631935461, 40.684827178569], [-73.8734507467927, 40.684776830373]]]}}, {"type": "Feature", "properties": {"zone_id": "02010GX94APTKN0ADXCQ9R", "tract_id": "36047117602", "city": "BROOKLYN, NY", "zone_code": "R5", "zone_category": "Residential", "ev_permitted": false}, "geometry": {"type": "Polygon", "coordinates": [[[-73.8734631935461, 40.684827178569], [-73.8730704226289, 40.6848982903593], [-73.8730878324601, 40.6849539034967], [-73.8734770986092, 40.6848834265135], [-73.8734631935461, 40.684827178569]]]}}, {"type": "Feature", "properties": {"zone_id": "0200CLZBVH4XLVLD6EUZLR", "tract_id": "36047117602", "city": "BROOKLYN, NY", "zone_code": "R5", "zone_category": "Residential", "ev_permitted": false}, "geometry": {"type": "Polygon", "coordinates": [[[-73.8730608378759, 40.6848676732238], [-73.8726948632182, 40.6849339318948], [-73.8727206866852, 40.6850164242002], [-73.8730866626916, 40.6849501661514], [-73.8730608378759, 40.6848676732238]]]}}, {"type": "Feature", "properties": {"zone_id": "02057NI4A977SCBF0257R6", "tract_id": "36047117602", "city": "BROOKLYN, NY", "zone_code": "C1-2", "zone_category": "Commercial", "ev_permitted": true}, "geometry": {"type": "Polygon", "coordinates": [[[-73.8730394958425, 40.6847995005739], [-73.8726735215364, 40.6848657598803], [-73.8726948632182, 40.6849339318948], [-73.8730608378759, 40.6848676732238], [-73.8730394958425, 40.6847995005739]]]}}, {"type": "Feature", "properties": {"zone_id": "0203KZ3F53SXTMCZJ0CK09", "tract_id": "36047117602", "city": "BROOKLYN, NY", "zone_code": "R5", "zone_category": "Residential", "ev_permitted": false}, "geometry": {"type": "Polygon", "coordinates": [[[-73.8743486373791, 40.6845379233229], [-73.8739867547808, 40.6845930020789], [-73.8739985302219, 40.6846402654978], [-73.874360413067, 40.684585186705], [-73.8743486373791, 40.6845379233229]]]}}, {"type": "Feature", "properties": {"zone_id": "0200AZV5H1NGJYUVCPYEDC", "tract_id": "36047117602", "city": "BROOKLYN, NY", "zone_code": "R5", "zone_category": "Residential", "ev_permitted": false}, "geometry": {"type": "Polygon", "coordinates": [[[-73.874360413067, 40.684585186705], [-73.8739985302219, 40.6846402654978], [-73.8740115616391, 40.6846925725947], [-73.8743734447574, 40.6846374937614], [-73.874360413067, 40.684585186705]]]}}, {"type": "Feature", "properties": {"zone_id": "0205A7LTQUI5J1NFW56P5B", "tract_id": "36047117602", "city": "BROOKLYN, NY", "zone_code": "R5", "zone_category": "Residential", "ev_permitted": false}, "geometry": {"type": "Polygon", "coordinates": [[[-73.8743734447574, 40.6846374937614], [-73.8742965417714, 40.6846491983428], [-73.8743622004487, 40.6849127360712], [-73.8744373805155, 40.6848941097483], [-73.8743734447574, 40.6846374937614]]]}}, {"type": "Feature", "properties": {"zone_id": "0201IJN31C15S8FVYQHNKQ", "tract_id": "36047117602", "city": "BROOKLYN, NY", "zone_code": "R5", "zone_category": "Residential", "ev_permitted": false}, "geometry": {"type": "Polygon", "coordinates": [[[-73.8742965417714, 40.6846491983428], [-73.8742214798284, 40.6846606231175], [-73.8742888211186, 40.6849309153111], [-73.8743622004487, 40.6849127360712], [-73.8742965417714, 40.6846491983428]]]}}, {"type": "Feature", "properties": {"zone_id": "0201GEW86Y249L3QIVHT68", "tract_id": "36047117602", "city": "BROOKLYN, NY", "zone_code": "R5", "zone_category": "Residential", "ev_permitted": false}, "geometry": {"type": "Polygon", "coordinates": [[[-73.8742214798284, 40.6846606231175], [-73.8741538615513, 40.6846709141581], [-73.8742227187378, 40.6849472916978], [-73.8742888211186, 40.6849309153111], [-73.8742214798284, 40.6846606231175]]]}}, {"type": "Feature", "properties": {"zone_id": "02057Q0Y6G7U0OU22ZE7EM", "tract_id": "36047117602", "city": "BROOKLYN, NY", "zone_code": "R5", "zone_category": "Residential", "ev_permitted": false}, "geometry": {"type": "Polygon", "coordinates": [[[-73.87431134996, 40.6843882583978], [-73.87394946722, 40.6844433370366], [-73.8739623116846, 40.6844948906817], [-73.8743241937708, 40.6844398120019], [-73.87431134996, 40.6843882583978]]]}}, {"type": "Feature", "properties": {"zone_id": "02058UVEPOOMF0GAEUXS0K", "tract_id": "36047117602", "city": "BROOKLYN, NY", "zone_code": "R5", "zone_category": "Residential", "ev_permitted": false}, "geometry": {"type": "Polygon", "coordinates": [[[-73.8743241937708, 40.6844398120019], [-73.8739623116846, 40.6844948906817], [-73.8739740559416, 40.684542030401], [-73.8743359382739, 40.6844869516846], [-73.8743241937708, 40.6844398120019]]]}}, {"type": "Feature", "properties": {"zone_id": "02020BLZBO92GDMOEYUJ8F", "tract_id": "36047117602", "city": "BROOKLYN, NY", "zone_code": "R5", "zone_category": "Residential", "ev_permitted": false}, "geometry": {"type": "Polygon", "coordinates": [[[-73.8743359382739, 40.6844869516846], [-73.8739740559416, 40.684542030401], [-73.8739867547808, 40.6845930020789], [-73.8743486373791, 40.6845379233229], [-73.8743359382739, 40.6844869516846]]]}}, {"type": "Feature", "properties": {"zone_id": "0200WDJ6A9JOJNJJYC3N34", "tract_id": "36047117602", "city": "BROOKLYN, NY", "zone_code": "R5", "zone_category": "Residential", "ev_permitted": false}, "geometry": {"type": "Polygon", "coordinates": [[[-73.874012175426, 40.68469503399], [-73.8736530302274, 40.6847496952044], [-73.873667002625, 40.6848050697912], [-73.8740259782207, 40.6847504350487], [-73.874012175426, 40.68469503399]]]}}, {"type": "Feature", "properties": {"zone_id": "0201B3GAULHBGTGILIC1CF", "tract_id": "36047117602", "city": "BROOKLYN, NY", "zone_code": "R5", "zone_category": "Residential", "ev_permitted": false}, "geometry": {"type": "Polygon", "coordinates": [[[-73.8739867547808, 40.6845930020789], [-73.8736272952643, 40.6846477106499], [-73.8736398246752, 40.6846973618772], [-73.8739991311809, 40.6846426762874], [-73.8739867547808, 40.6845930020789]]]}}, {"type": "Feature", "properties": {"zone_id": "0207DM5IJWMUDFAZJ5NCF5", "tract_id": "36047117602", "city": "BROOKLYN, NY", "zone_code": "R5", "zone_category": "Residential", "ev_permitted": false}, "geometry": {"type": "Polygon", "coordinates": [[[-73.8739623116846, 40.6844948906817], [-73.873602549833, 40.6845496452201], [-73.8736144397265, 40.6845967633534], [-73.8739740559416, 40.684542030401], [-73.8739623116846, 40.6844948906817]]]}}, {"type": "Feature", "properties": {"zone_id": "0200K4FOWV8U7IVVDCWRN3", "tract_id": "36047117602", "city": "BROOKLYN, NY", "zone_code": "R5", "zone_category": "Residential", "ev_permitted": false}, "geometry": {"type": "Polygon", "coordinates": [[[-73.8739740559416, 40.684542030401], [-73.8736144397265, 40.6845967633534], [-73.8736272952643, 40.6846477106499], [-73.8739867547808, 40.6845930020789], [-73.8739740559416, 40.684542030401]]]}}, {"type": "Feature", "properties": {"zone_id": "0207LUMZ8BYXH8IVNNL07J", "tract_id": "36047117602", "city": "BROOKLYN, NY", "zone_code": "R5", "zone_category": "Residential", "ev_permitted": false}, "geometry": {"type": "Polygon", "coordinates": [[[-73.8739991311809, 40.6846426762874], [-73.8736398246752, 40.6846973618772], [-73.8736530302274, 40.6847496952044], [-73.874012175426, 40.68469503399], [-73.8739991311809, 40.6846426762874]]]}}, {"type": "Feature", "properties": {"zone_id": "0200IWC57IYN1DIYGQRQXN", "tract_id": "36047117602", "city": "BROOKLYN, NY", "zone_code": "R5", "zone_category": "Residential", "ev_permitted": false}, "geometry": {"type": "Polygon", "coordinates": [[[-73.874299085239, 40.6843389799424], [-73.8739372036793, 40.6843940585439], [-73.87394946722, 40.6844433370366], [-73.87431134996, 40.6843882583978], [-73.874299085239, 40.6843389799424]]]}}, {"type": "Feature", "properties": {"zone_id": "02024KYX0SX70BHW5PGD0R", "tract_id": "36047117602", "city": "BROOKLYN, NY", "zone_code": "R5", "zone_category": "Residential", "ev_permitted": false}, "geometry": {"type": "Polygon", "coordinates": [[[-73.8742858140293, 40.6842859959501], [-73.8739239327462, 40.6843410745103], [-73.8739372036793, 40.6843940585439], [-73.874299085239, 40.6843389799424], [-73.8742858140293, 40.6842859959501]]]}}, {"type": "Feature", "properties": {"zone_id": "02062CSA5T24WB9WV0V60H", "tract_id": "36047117602", "city": "BROOKLYN, NY", "zone_code": "R5", "zone_category": "Residential", "ev_permitted": false}, "geometry": {"type": "Polygon", "coordinates": [[[-73.8742743542494, 40.6842396456619], [-73.8739124732083, 40.6842947241863], [-73.8739239327462, 40.6843410745103], [-73.8742858140293, 40.6842859959501], [-73.8742743542494, 40.6842396456619]]]}}, {"type": "Feature", "properties": {"zone_id": "02073NA5AVFLC8KDV82V2Z", "tract_id": "36047117602", "city": "BROOKLYN, NY", "zone_code": "R5", "zone_category": "Residential", "ev_permitted": false}, "geometry": {"type": "Polygon", "coordinates": [[[-73.8738996308963, 40.6842435373264], [-73.8735391086255, 40.6842984074753], [-73.8735520891665, 40.6843495734475], [-73.8739124732083, 40.6842947241863], [-73.8738996308963, 40.6842435373264]]]}}, {"type": "Feature", "properties": {"zone_id": "0204V5ISS4QBVIP631POUZ", "tract_id": "36047117602", "city": "BROOKLYN, NY", "zone_code": "R5", "zone_category": "Residential", "ev_permitted": false}, "geometry": {"type": "Polygon", "coordinates": [[[-73.8739124732083, 40.6842947241863], [-73.8735520891665, 40.6843495734475], [-73.873563710964, 40.6843958993923], [-73.8739239327462, 40.6843410745103], [-73.8739124732083, 40.6842947241863]]]}}, {"type": "Feature", "properties": {"zone_id": "0202D1W4Z240N5UA8UNHIK", "tract_id": "36047117602", "city": "BROOKLYN, NY", "zone_code": "R5", "zone_category": "Residential", "ev_permitted": false}, "geometry": {"type": "Polygon", "coordinates": [[[-73.8739239327462, 40.6843410745103], [-73.873563710964, 40.6843958993923], [-73.8735771293474, 40.6844488625496], [-73.8739372036793, 40.6843940585439], [-73.8739239327462, 40.6843410745103]]]}}, {"type": "Feature", "properties": {"zone_id": "0205RVTTS4HVKRA9927DC7", "tract_id": "36047117602", "city": "BROOKLYN, NY", "zone_code": "R5", "zone_category": "Residential", "ev_permitted": false}, "geometry": {"type": "Polygon", "coordinates": [[[-73.8739372036793, 40.6843940585439], [-73.8735771293474, 40.6844488625496], [-73.8735895477515, 40.6844981152522], [-73.87394946722, 40.6844433370366], [-73.8739372036793, 40.6843940585439]]]}}, {"type": "Feature", "properties": {"zone_id": "0203SMP0QNIHBY1MUNWO9W", "tract_id": "36047117602", "city": "BROOKLYN, NY", "zone_code": "R5", "zone_category": "Residential", "ev_permitted": false}, "geometry": {"type": "Polygon", "coordinates": [[[-73.87394946722, 40.6844433370366], [-73.8735895477515, 40.6844981152522], [-73.873602549833, 40.6845496452201], [-73.8739623116846, 40.6844948906817], [-73.87394946722, 40.6844433370366]]]}}, {"type": "Feature", "properties": {"zone_id": "0201479VK1IZF1POTFJPB4", "tract_id": "36047117602", "city": "BROOKLYN, NY", "zone_code": "R5", "zone_category": "Residential", "ev_permitted": false}, "geometry": {"type": "Polygon", "coordinates": [[[-73.8741392713306, 40.6836975717817], [-73.8735913512014, 40.6837809660216], [-73.8736090164797, 40.6838518735168], [-73.8734332311124, 40.6838786274021], [-73.8735015780573, 40.6841494903494], [-73.8742244522784, 40.6840394700922], [-73.8741392713306, 40.6836975717817]]]}}, {"type": "Feature", "properties": {"zone_id": "0203EQ0SNEQ8DQ9W6BZNG1", "tract_id": "36047117602", "city": "BROOKLYN, NY", "zone_code": "R5", "zone_category": "Residential", "ev_permitted": false}, "geometry": {"type": "Polygon", "coordinates": [[[-73.8742499225423, 40.6841417022706], [-73.8738880420126, 40.6841967807188], [-73.8738996308963, 40.6842435373264], [-73.8742615116701, 40.684188458842], [-73.8742499225423, 40.6841417022706]]]}}, {"type": "Feature", "properties": {"zone_id": "0202I4W16HLG535QRZXI0Q", "tract_id": "36047117602", "city": "BROOKLYN, NY", "zone_code": "R5", "zone_category": "Residential", "ev_permitted": false}, "geometry": {"type": "Polygon", "coordinates": [[[-73.8742364192472, 40.6840875059251], [-73.8738745390005, 40.6841425843313], [-73.8738880420126, 40.6841967807188], [-73.8742499225423, 40.6841417022706], [-73.8742364192472, 40.6840875059251]]]}}, {"type": "Feature", "properties": {"zone_id": "0203TN25TXJQI207KTZWCI", "tract_id": "36047117602", "city": "BROOKLYN, NY", "zone_code": "R5", "zone_category": "Residential", "ev_permitted": false}, "geometry": {"type": "Polygon", "coordinates": [[[-73.8742244522784, 40.6840394700922], [-73.8738625722824, 40.684094548461], [-73.8738745390005, 40.6841425843313], [-73.8742364192472, 40.6840875059251], [-73.8742244522784, 40.6840394700922]]]}}, {"type": "Feature", "properties": {"zone_id": "02011T15I76Z2KZ3E3GD9N", "tract_id": "36047117602", "city": "BROOKLYN, NY", "zone_code": "R5", "zone_category": "Residential", "ev_permitted": false}, "geometry": {"type": "Polygon", "coordinates": [[[-73.8742615116701, 40.684188458842], [-73.8738996308963, 40.6842435373264], [-73.8739124732083, 40.6842947241863], [-73.8742743542494, 40.6842396456619], [-73.8742615116701, 40.684188458842]]]}}, {"type": "Feature", "properties": {"zone_id": "02011ZY6J4XD4V32GNGV31", "tract_id": "36047117602", "city": "BROOKLYN, NY", "zone_code": "R5", "zone_category": "Residential", "ev_permitted": false}, "geometry": {"type": "Polygon", "coordinates": [[[-73.8738625722824, 40.684094548461], [-73.8735015780573, 40.6841494903494], [-73.873513693176, 40.6841975039351], [-73.8738745390005, 40.6841425843313], [-73.8738625722824, 40.684094548461]]]}}, {"type": "Feature", "properties": {"zone_id": "0204D0NBCGDMMAAUUGN574", "tract_id": "36047117602", "city": "BROOKLYN, NY", "zone_code": "R5", "zone_category": "Residential", "ev_permitted": false}, "geometry": {"type": "Polygon", "coordinates": [[[-73.8738880420126, 40.6841967807188], [-73.8735273630229, 40.6842516752524], [-73.8735391086255, 40.6842984074753], [-73.8738996308963, 40.6842435373264], [-73.8738880420126, 40.6841967807188]]]}}, {"type": "Feature", "properties": {"zone_id": "0203H0JJP6UA3929873ZV1", "tract_id": "36047117602", "city": "BROOKLYN, NY", "zone_code": "R5", "zone_category": "Residential", "ev_permitted": false}, "geometry": {"type": "Polygon", "coordinates": [[[-73.8738745390005, 40.6841425843313], [-73.873513693176, 40.6841975039351], [-73.8735273630229, 40.6842516752524], [-73.8738880420126, 40.6841967807188], [-73.8738745390005, 40.6841425843313]]]}}, {"type": "Feature", "properties": {"zone_id": "0202FU5TVCVKUB64SXTQ8R", "tract_id": "36047117602", "city": "BROOKLYN, NY", "zone_code": "R5", "zone_category": "Residential", "ev_permitted": false}, "geometry": {"type": "Polygon", "coordinates": [[[-73.8735913512014, 40.6837809660216], [-73.873415348117, 40.6838077526655], [-73.8734332311124, 40.6838786274021], [-73.8736090164797, 40.6838518735168], [-73.8735913512014, 40.6837809660216]]]}}, {"type": "Feature", "properties": {"zone_id": "0207B46F3B0ZJVLAOFSM0G", "tract_id": "36047117602", "city": "BROOKLYN, NY", "zone_code": "C1-2", "zone_category": "Commercial", "ev_permitted": true}, "geometry": {"type": "Polygon", "coordinates": [[[-73.8733979426629, 40.6845632247933], [-73.8729843977892, 40.6846234959473], [-73.8730003450461, 40.6846744382948], [-73.8734106522248, 40.6846146392242], [-73.8733979426629, 40.6845632247933]]]}}, {"type": "Feature", "properties": {"zone_id": "0205RARKHE12PTJ8BK90UD", "tract_id": "36047117602", "city": "BROOKLYN, NY", "zone_code": "C1-2", "zone_category": "Commercial", "ev_permitted": true}, "geometry": {"type": "Polygon", "coordinates": [[[-73.8734376084753, 40.684723682711], [-73.8730341681403, 40.6847824818368], [-73.873054838578, 40.6848485099245], [-73.8734507467927, 40.684776830373], [-73.8734376084753, 40.684723682711]]]}}, {"type": "Feature", "properties": {"zone_id": "0207CHOJVKZEGG4DN53OCT", "tract_id": "36047117602", "city": "BROOKLYN, NY", "zone_code": "R5", "zone_category": "Residential", "ev_permitted": false}, "geometry": {"type": "Polygon", "coordinates": [[[-73.8733836878193, 40.6845055619927], [-73.8729665119723, 40.6845663610025], [-73.8729843977892, 40.6846234959473], [-73.8733979426629, 40.6845632247933], [-73.8733836878193, 40.6845055619927]]]}}, {"type": "Feature", "properties": {"zone_id": "0207G4WI14QXG0DBSWIYTT", "tract_id": "36047117602", "city": "BROOKLYN, NY", "zone_code": "C1-2", "zone_category": "Commercial", "ev_permitted": true}, "geometry": {"type": "Polygon", "coordinates": [[[-73.8734240588876, 40.6846688735011], [-73.8730171675879, 40.6847281746882], [-73.8730341681403, 40.6847824818368], [-73.8734376084753, 40.684723682711], [-73.8734240588876, 40.6846688735011]]]}}, {"type": "Feature", "properties": {"zone_id": "02074L7ZIRNB3DGPOIXIIQ", "tract_id": "36047117602", "city": "BROOKLYN, NY", "zone_code": "C1-2", "zone_category": "Commercial", "ev_permitted": true}, "geometry": {"type": "Polygon", "coordinates": [[[-73.8734106522248, 40.6846146392242], [-73.8730003450461, 40.6846744382948], [-73.8730171675879, 40.6847281746882], [-73.8734240588876, 40.6846688735011], [-73.8734106522248, 40.6846146392242]]]}}, {"type": "Feature", "properties": {"zone_id": "0200RDDXHFNQT9XX4RY7H0", "tract_id": "36047117602", "city": "BROOKLYN, NY", "zone_code": "R5", "zone_category": "Residential", "ev_permitted": false}, "geometry": {"type": "Polygon", "coordinates": [[[-73.8730187208442, 40.6847331386032], [-73.8726527468831, 40.6847993971414], [-73.8726735215364, 40.6848657598803], [-73.8730394958425, 40.6847995005739], [-73.8730187208442, 40.6847331386032]]]}}, {"type": "Feature", "properties": {"zone_id": "0202VYZD30W2NNXD2FCPFR", "tract_id": "36047117602", "city": "BROOKLYN, NY", "zone_code": "C1-2", "zone_category": "Commercial", "ev_permitted": true}, "geometry": {"type": "Polygon", "coordinates": [[[-73.8729980926875, 40.6846672419525], [-73.8726321181445, 40.6847335004246], [-73.8726527468831, 40.6847993971414], [-73.8730187208442, 40.6847331386032], [-73.8729980926875, 40.6846672419525]]]}}, {"type": "Feature", "properties": {"zone_id": "0201Q9DQGR18BWH7M6D7FB", "tract_id": "36047117602", "city": "BROOKLYN, NY", "zone_code": "C1-2", "zone_category": "Commercial", "ev_permitted": true}, "geometry": {"type": "Polygon", "coordinates": [[[-73.8729770847442, 40.6846001320834], [-73.8726111105487, 40.6846663904892], [-73.8726321181445, 40.6847335004246], [-73.8729980926875, 40.6846672419525], [-73.8729770847442, 40.6846001320834]]]}}, {"type": "Feature", "properties": {"zone_id": "0205EHTEMRPFWCIDDLKKFP", "tract_id": "36047117602", "city": "BROOKLYN, NY", "zone_code": "C1-2", "zone_category": "Commercial", "ev_permitted": true}, "geometry": {"type": "Polygon", "coordinates": [[[-73.8729536785962, 40.6845253717856], [-73.8725877066324, 40.6845916308223], [-73.8726111105487, 40.6846663904892], [-73.8729770847442, 40.6846001320834], [-73.8729536785962, 40.6845253717856]]]}}, {"type": "Feature", "properties": {"zone_id": "0202HZGETFP8HBEK5LK6R7", "tract_id": "36047117602", "city": "BROOKLYN, NY", "zone_code": "R5", "zone_category": "Residential", "ev_permitted": false}, "geometry": {"type": "Polygon", "coordinates": [[[-73.8733175536242, 40.6842380355559], [-73.8728835311604, 40.6843012904937], [-73.872900265441, 40.6843547443391], [-73.8733308905269, 40.6842919844886], [-73.8733175536242, 40.6842380355559]]]}}, {"type": "Feature", "properties": {"zone_id": "0201PHVW93VATHFA75Y4TQ", "tract_id": "36047117602", "city": "BROOKLYN, NY", "zone_code": "C1-2", "zone_category": "Commercial", "ev_permitted": true}, "geometry": {"type": "Polygon", "coordinates": [[[-73.8733308905269, 40.6842919844886], [-73.872900265441, 40.6843547443391], [-73.8729168979077, 40.6844078748446], [-73.8733441459203, 40.6843456072945], [-73.8733308905269, 40.6842919844886]]]}}, {"type": "Feature", "properties": {"zone_id": "0204S2I7JS0BH2OW09TOQ6", "tract_id": "36047117602", "city": "BROOKLYN, NY", "zone_code": "C1-2", "zone_category": "Commercial", "ev_permitted": true}, "geometry": {"type": "Polygon", "coordinates": [[[-73.8733441459203, 40.6843456072945], [-73.8729168979077, 40.6844078748446], [-73.8729329257998, 40.6844590737637], [-73.8733569204437, 40.6843972803839], [-73.8733441459203, 40.6843456072945]]]}}, {"type": "Feature", "properties": {"zone_id": "0207N7WKFHKNQC1RUMZIV9", "tract_id": "36047117602", "city": "BROOKLYN, NY", "zone_code": "C1-2", "zone_category": "Commercial", "ev_permitted": true}, "geometry": {"type": "Polygon", "coordinates": [[[-73.8733569204437, 40.6843972803839], [-73.8729329257998, 40.6844590737637], [-73.8729507996347, 40.6845161693523], [-73.8733711651597, 40.6844549052338], [-73.8733569204437, 40.6843972803839]]]}}, {"type": "Feature", "properties": {"zone_id": "02063L1VUJHLB5PPHLYF2R", "tract_id": "36047117602", "city": "BROOKLYN, NY", "zone_code": "C1-2", "zone_category": "Commercial", "ev_permitted": true}, "geometry": {"type": "Polygon", "coordinates": [[[-73.8733711651597, 40.6844549052338], [-73.8729507996347, 40.6845161693523], [-73.8729665119723, 40.6845663610025], [-73.8733836878193, 40.6845055619927], [-73.8733711651597, 40.6844549052338]]]}}, {"type": "Feature", "properties": {"zone_id": "02034MY2Y0RRNDKYDQ68O3", "tract_id": "36047117602", "city": "BROOKLYN, NY", "zone_code": "C1-2", "zone_category": "Commercial", "ev_permitted": true}, "geometry": {"type": "Polygon", "coordinates": [[[-73.8728861945192, 40.6843097956498], [-73.8725202218254, 40.6843760544716], [-73.8725877066324, 40.6845916308223], [-73.8729536785962, 40.6845253717856], [-73.8728861945192, 40.6843097956498]]]}}, {"type": "Feature", "properties": {"zone_id": "0204H0FIAR2GZJWFWGB53E", "tract_id": "36047117602", "city": "BROOKLYN, NY", "zone_code": "C1-2", "zone_category": "Commercial", "ev_permitted": true}, "geometry": {"type": "Polygon", "coordinates": [[[-73.8728690116322, 40.6842549071727], [-73.8725030401469, 40.6843211652386], [-73.8725202218254, 40.6843760544716], [-73.8728861945192, 40.6843097956498], [-73.8728690116322, 40.6842549071727]]]}}, {"type": "Feature", "properties": {"zone_id": "0205U34O2V9EYZF4C5EBPD", "tract_id": "36047117602", "city": "BROOKLYN, NY", "zone_code": "C1-2", "zone_category": "Commercial", "ev_permitted": true}, "geometry": {"type": "Polygon", "coordinates": [[[-73.8732904063296, 40.6841282146791], [-73.8728652001204, 40.6842051987374], [-73.8728642808408, 40.6842022612959], [-73.8728531609035, 40.6842042747848], [-73.8728663115868, 40.6842462811177], [-73.8733038292831, 40.684182516447], [-73.8732904063296, 40.6841282146791]]]}}, {"type": "Feature", "properties": {"zone_id": "0203T7QBWEVW38WJ0YTVLZ", "tract_id": "36047117602", "city": "BROOKLYN, NY", "zone_code": "C1-2", "zone_category": "Commercial", "ev_permitted": true}, "geometry": {"type": "Polygon", "coordinates": [[[-73.8733038292831, 40.684182516447], [-73.8728663115868, 40.6842462811177], [-73.8728835311604, 40.6843012904937], [-73.8733175536242, 40.6842380355559], [-73.8733038292831, 40.684182516447]]]}}, {"type": "Feature", "properties": {"zone_id": "0207ISBLHKSYUJBLGZM4ST", "tract_id": "36047117602", "city": "BROOKLYN, NY", "zone_code": "R5", "zone_category": "Residential", "ev_permitted": false}, "geometry": {"type": "Polygon", "coordinates": [[[-73.8732491904554, 40.6839614851347], [-73.8728135957206, 40.6840403505315], [-73.8728309307971, 40.6840957282397], [-73.8732630365363, 40.6840174948441], [-73.8732491904554, 40.6839614851347]]]}}, {"type": "Feature", "properties": {"zone_id": "0206EB83ZDRSDVB7166ABX", "tract_id": "36047117602", "city": "BROOKLYN, NY", "zone_code": "C1-2", "zone_category": "Commercial", "ev_permitted": true}, "geometry": {"type": "Polygon", "coordinates": [[[-73.8732630365363, 40.6840174948441], [-73.8728309307971, 40.6840957282397], [-73.8728652001204, 40.6842051987374], [-73.8732904063296, 40.6841282146791], [-73.8732630365363, 40.6840174948441]]]}}, {"type": "Feature", "properties": {"zone_id": "02046CAHJRKQYJ8RV4F2IG", "tract_id": "36047117602", "city": "BROOKLYN, NY", "zone_code": "C1-2", "zone_category": "Commercial", "ev_permitted": true}, "geometry": {"type": "Polygon", "coordinates": [[[-73.873195240806, 40.6837432413084], [-73.8728111360618, 40.6838127849919], [-73.8728287582413, 40.6838690771831], [-73.8732093148703, 40.6838001766834], [-73.873195240806, 40.6837432413084]]]}}, {"type": "Feature", "properties": {"zone_id": "0202CGLCKO1Q5201RMMLWC", "tract_id": "36047117602", "city": "BROOKLYN, NY", "zone_code": "R5", "zone_category": "Residential", "ev_permitted": false}, "geometry": {"type": "Polygon", "coordinates": [[[-73.8732255369491, 40.6838657979241], [-73.8727839788995, 40.6839457422523], [-73.8727971028785, 40.6839876656508], [-73.8732360185704, 40.6839081989825], [-73.8732255369491, 40.6838657979241]]]}}, {"type": "Feature", "properties": {"zone_id": "0201EYTKP3KPR7W040HQG6", "tract_id": "36047117602", "city": "BROOKLYN, NY", "zone_code": "R5", "zone_category": "Residential", "ev_permitted": false}, "geometry": {"type": "Polygon", "coordinates": [[[-73.8732093148703, 40.6838001766834], [-73.87284968408, 40.6838652883646], [-73.8728670590822, 40.6839307015363], [-73.8732255369491, 40.6838657979241], [-73.8732093148703, 40.6838001766834]]]}}, {"type": "Feature", "properties": {"zone_id": "0205KYE697VRN7IIZ6BZ9Y", "tract_id": "36047117602", "city": "BROOKLYN, NY", "zone_code": "C1-2", "zone_category": "Commercial", "ev_permitted": true}, "geometry": {"type": "Polygon", "coordinates": [[[-73.8732360185704, 40.6839081989825], [-73.8727971028785, 40.6839876656508], [-73.8728135957206, 40.6840403505315], [-73.8732491904554, 40.6839614851347], [-73.8732360185704, 40.6839081989825]]]}}, {"type": "Feature", "properties": {"zone_id": "020595MKUZ55FO6HD63KF9", "tract_id": "36047117602", "city": "BROOKLYN, NY", "zone_code": "C1-2", "zone_category": "Commercial", "ev_permitted": true}, "geometry": {"type": "Polygon", "coordinates": [[[-73.87284968408, 40.6838652883646], [-73.8727636677255, 40.6838808612502], [-73.8727839788995, 40.6839457422523], [-73.8728670590822, 40.6839307015363], [-73.87284968408, 40.6838652883646]]]}}, {"type": "Feature", "properties": {"zone_id": "02042NRWRAYGS8LF8X23EK", "tract_id": "36047117602", "city": "BROOKLYN, NY", "zone_code": "C1-2", "zone_category": "Commercial", "ev_permitted": true}, "geometry": {"type": "Polygon", "coordinates": [[[-73.8728135957206, 40.6840403505315], [-73.872436505424, 40.6841086218717], [-73.8725030401469, 40.6843211652386], [-73.8728690116322, 40.6842549071727], [-73.8728531609035, 40.6842042747848], [-73.8728642808408, 40.6842022612959], [-73.8728135957206, 40.6840403505315]]]}}, {"type": "Feature", "properties": {"zone_id": "0200BNWNYGKCJK6VWAY4YY", "tract_id": "36047117602", "city": "BROOKLYN, NY", "zone_code": "R5", "zone_category": "Residential", "ev_permitted": false}, "geometry": {"type": "Polygon", "coordinates": [[[-73.8727788935329, 40.6839294981033], [-73.8724018038276, 40.6839977693307], [-73.872436505424, 40.6841086218717], [-73.8728135957206, 40.6840403505315], [-73.8727788935329, 40.6839294981033]]]}}, {"type": "Feature", "properties": {"zone_id": "0202PEF3UZ9OI91OA0FF6T", "tract_id": "36047117602", "city": "BROOKLYN, NY", "zone_code": "C1-2", "zone_category": "Commercial", "ev_permitted": true}, "geometry": {"type": "Polygon", "coordinates": [[[-73.8724686666423, 40.6836597750287], [-73.8723099013556, 40.6837041849941], [-73.8724018038276, 40.6839977693307], [-73.8727788935329, 40.6839294981033], [-73.8727611447753, 40.6838728003287], [-73.8725474615219, 40.6839114871261], [-73.8724686666423, 40.6836597750287]]]}}, {"type": "Feature", "properties": {"zone_id": "0205MKGJCWWHC0Q683N5E6", "tract_id": "36047117602", "city": "BROOKLYN, NY", "zone_code": "C1-2", "zone_category": "Commercial", "ev_permitted": true}, "geometry": {"type": "Polygon", "coordinates": [[[-73.8725367134623, 40.6836407401167], [-73.8724686666423, 40.6836597750287], [-73.8725474615219, 40.6839114871261], [-73.8726174984881, 40.6838988071412], [-73.8725367134623, 40.6836407401167]]]}}, {"type": "Feature", "properties": {"zone_id": "02036LW4UWSJSCH6IZB6FM", "tract_id": "36047117602", "city": "BROOKLYN, NY", "zone_code": "R7A", "zone_category": "Residential", "ev_permitted": false}, "geometry": {"type": "Polygon", "coordinates": [[[-73.8740907802449, 40.6835029360677], [-73.8735375573438, 40.683587136527], [-73.8735541507344, 40.6836537397501], [-73.874107374167, 40.6835695392117], [-73.8740907802449, 40.6835029360677]]]}}, {"type": "Feature", "properties": {"zone_id": "0200Y9LM083OG4COO8K36Q", "tract_id": "36047117602", "city": "BROOKLYN, NY", "zone_code": "C2-3", "zone_category": "Commercial", "ev_permitted": true}, "geometry": {"type": "Polygon", "coordinates": [[[-73.874107374167, 40.6835695392117], [-73.8737487807723, 40.6836241184154], [-73.8737655520931, 40.6836914385183], [-73.8741241458361, 40.6836368592628], [-73.874107374167, 40.6835695392117]]]}}, {"type": "Feature", "properties": {"zone_id": "0201YUPPA6PMCHB7JJR3EN", "tract_id": "36047117602", "city": "BROOKLYN, NY", "zone_code": "R5", "zone_category": "Residential", "ev_permitted": false}, "geometry": {"type": "Polygon", "coordinates": [[[-73.8741241458361, 40.6836368592628], [-73.8737655520931, 40.6836914385183], [-73.8737806772749, 40.6837521503812], [-73.8741392713306, 40.6836975717817], [-73.8741241458361, 40.6836368592628]]]}}, {"type": "Feature", "properties": {"zone_id": "0201JXLABJAWC8PGVR9M7Z", "tract_id": "36047117602", "city": "BROOKLYN, NY", "zone_code": "R5", "zone_category": "Residential", "ev_permitted": false}, "geometry": {"type": "Polygon", "coordinates": [[[-73.8735321272774, 40.6833593147698], [-73.8734623912734, 40.6833791656092], [-73.8735316482409, 40.6836571643901], [-73.8735541507344, 40.6836537397501], [-73.8735375573438, 40.683587136527], [-73.8735870088546, 40.6835796098402], [-73.8735321272774, 40.6833593147698]]]}}, {"type": "Feature", "properties": {"zone_id": "0206GSGATXQDNT1TOFMJN2", "tract_id": "36047117602", "city": "BROOKLYN, NY", "zone_code": "R5", "zone_category": "Residential", "ev_permitted": false}, "geometry": {"type": "Polygon", "coordinates": [[[-73.8734623912734, 40.6833791656092], [-73.8733915433063, 40.683399333489], [-73.8734585465112, 40.6836682907851], [-73.8735316482409, 40.6836571643901], [-73.8734623912734, 40.6833791656092]]]}}, {"type": "Feature", "properties": {"zone_id": "0206FMURPPI1E0U61BEHLD", "tract_id": "36047117602", "city": "BROOKLYN, NY", "zone_code": "C2-3", "zone_category": "Commercial", "ev_permitted": true}, "geometry": {"type": "Polygon", "coordinates": [[[-73.8737647347333, 40.6836881575938], [-73.8733992083301, 40.6837437885954], [-73.873415348117, 40.6838077526655], [-73.8737806772749, 40.6837521503812], [-73.8737647347333, 40.6836881575938]]]}}, {"type": "Feature", "properties": {"zone_id": "0206T5FWQKO5HFTJYLHANK", "tract_id": "36047117602", "city": "BROOKLYN, NY", "zone_code": "R5", "zone_category": "Residential", "ev_permitted": false}, "geometry": {"type": "Polygon", "coordinates": [[[-73.8737487807723, 40.6836241184154], [-73.8733830571212, 40.6836797798908], [-73.8733992083301, 40.6837437885954], [-73.8737647347333, 40.6836881575938], [-73.8737487807723, 40.6836241184154]]]}}, {"type": "Feature", "properties": {"zone_id": "0200VTR7V893TQU1VQUWLE", "tract_id": "36047117602", "city": "BROOKLYN, NY", "zone_code": "R7A", "zone_category": "Residential", "ev_permitted": false}, "geometry": {"type": "Polygon", "coordinates": [[[-73.8740203732725, 40.6832203268961], [-73.8738650893243, 40.6832645313174], [-73.87393055805, 40.6835273214995], [-73.8740907802449, 40.6835029360677], [-73.8740203732725, 40.6832203268961]]]}}, {"type": "Feature", "properties": {"zone_id": "02073TNEYETWL6RTVKTWHU", "tract_id": "36047117602", "city": "BROOKLYN, NY", "zone_code": "R7A", "zone_category": "Residential", "ev_permitted": false}, "geometry": {"type": "Polygon", "coordinates": [[[-73.8738036587206, 40.6832820192793], [-73.8737345102366, 40.6833017029917], [-73.8737958277977, 40.6835478278674], [-73.8738671750853, 40.6835369691574], [-73.8738036587206, 40.6832820192793]]]}}, {"type": "Feature", "properties": {"zone_id": "0203JJMRL3Y03FX0TD8XUH", "tract_id": "36047117602", "city": "BROOKLYN, NY", "zone_code": "R7A", "zone_category": "Residential", "ev_permitted": false}, "geometry": {"type": "Polygon", "coordinates": [[[-73.8738650893243, 40.6832645313174], [-73.8738036587206, 40.6832820192793], [-73.8738671750853, 40.6835369691574], [-73.87393055805, 40.6835273214995], [-73.8738650893243, 40.6832645313174]]]}}, {"type": "Feature", "properties": {"zone_id": "0201YGQOEU8MQ0YQLS4NE7", "tract_id": "36047117602", "city": "BROOKLYN, NY", "zone_code": "R5", "zone_category": "Residential", "ev_permitted": false}, "geometry": {"type": "Polygon", "coordinates": [[[-73.8735984000393, 40.6833404494325], [-73.8735321272774, 40.6833593147698], [-73.8735870088546, 40.6835796098402], [-73.8736553887522, 40.6835692026241], [-73.8735984000393, 40.6833404494325]]]}}, {"type": "Feature", "properties": {"zone_id": "0206TPRG551C7GZUMW3NA8", "tract_id": "36047117602", "city": "BROOKLYN, NY", "zone_code": "R5", "zone_category": "Residential", "ev_permitted": false}, "geometry": {"type": "Polygon", "coordinates": [[[-73.8736696486888, 40.6833201673313], [-73.8735984000393, 40.6833404494325], [-73.8736553887522, 40.6835692026241], [-73.8737289030502, 40.6835580140198], [-73.8736696486888, 40.6833201673313]]]}}, {"type": "Feature", "properties": {"zone_id": "0205SHM2S97DMTN3EF262U", "tract_id": "36047117602", "city": "BROOKLYN, NY", "zone_code": "R5", "zone_category": "Residential", "ev_permitted": false}, "geometry": {"type": "Polygon", "coordinates": [[[-73.8737345102366, 40.6833017029917], [-73.8736696486888, 40.6833201673313], [-73.8737289030502, 40.6835580140198], [-73.8737958277977, 40.6835478278674], [-73.8737345102366, 40.6833017029917]]]}}, {"type": "Feature", "properties": {"zone_id": "0206GZFRG7DQGSLBNSGZ7Y", "tract_id": "36047117602", "city": "BROOKLYN, NY", "zone_code": "C2-3", "zone_category": "Commercial", "ev_permitted": true}, "geometry": {"type": "Polygon", "coordinates": [[[-73.8733915433063, 40.683399333489], [-73.8733176033422, 40.6834203818703], [-73.8733830571212, 40.6836797798908], [-73.8734585465112, 40.6836682907851], [-73.8733915433063, 40.683399333489]]]}}, {"type": "Feature", "properties": {"zone_id": "0201T35I2QDPUF4SFM1RCB", "tract_id": "36047117602", "city": "BROOKLYN, NY", "zone_code": "R5", "zone_category": "Residential", "ev_permitted": false}, "geometry": {"type": "Polygon", "coordinates": [[[-73.8731289505838, 40.6834750730336], [-73.8730534808819, 40.6834961842036], [-73.8731180084792, 40.6837572241763], [-73.873195240806, 40.6837432413084], [-73.8731289505838, 40.6834750730336]]]}}, {"type": "Feature", "properties": {"zone_id": "02008XBIWXFV4IC366F3CU", "tract_id": "36047117602", "city": "BROOKLYN, NY", "zone_code": "R5", "zone_category": "Residential", "ev_permitted": false}, "geometry": {"type": "Polygon", "coordinates": [[[-73.8728073654635, 40.6835650312096], [-73.8727395201257, 40.6835840095887], [-73.8728111360618, 40.6838127849919], [-73.8728661463251, 40.6838028244126], [-73.8728073654635, 40.6835650312096]]]}}, {"type": "Feature", "properties": {"zone_id": "0205EKN8XFBOO1U4PHAT62", "tract_id": "36047117602", "city": "BROOKLYN, NY", "zone_code": "C1-2", "zone_category": "Commercial", "ev_permitted": true}, "geometry": {"type": "Polygon", "coordinates": [[[-73.8728665740304, 40.6835484674335], [-73.8728073654635, 40.6835650312096], [-73.8728661463251, 40.6838028244126], [-73.8729267372782, 40.6837918546229], [-73.8728665740304, 40.6835484674335]]]}}, {"type": "Feature", "properties": {"zone_id": "0200529GEG6AJNTOBJ5VKS", "tract_id": "36047117602", "city": "BROOKLYN, NY", "zone_code": "R5", "zone_category": "Residential", "ev_permitted": false}, "geometry": {"type": "Polygon", "coordinates": [[[-73.872930005807, 40.6835307243048], [-73.8728665740304, 40.6835484674335], [-73.8729267372782, 40.6837918546229], [-73.872991650397, 40.6837801018875], [-73.872930005807, 40.6835307243048]]]}}, {"type": "Feature", "properties": {"zone_id": "0201C6TWHTQWLJ2QK8D4AG", "tract_id": "36047117602", "city": "BROOKLYN, NY", "zone_code": "R5", "zone_category": "Residential", "ev_permitted": false}, "geometry": {"type": "Polygon", "coordinates": [[[-73.8729895717114, 40.6835140617847], [-73.872930005807, 40.6835307243048], [-73.872991650397, 40.6837801018875], [-73.8730526078772, 40.6837690656832], [-73.8729895717114, 40.6835140617847]]]}}, {"type": "Feature", "properties": {"zone_id": "0202SVFAW6TTKLQAZQSXJJ", "tract_id": "36047117602", "city": "BROOKLYN, NY", "zone_code": "C1-2", "zone_category": "Commercial", "ev_permitted": true}, "geometry": {"type": "Polygon", "coordinates": [[[-73.8730534808819, 40.6834961842036], [-73.8729895717114, 40.6835140617847], [-73.8730526078772, 40.6837690656832], [-73.8731180084792, 40.6837572241763], [-73.8730534808819, 40.6834961842036]]]}}, {"type": "Feature", "properties": {"zone_id": "0200RPSRV90BGOMRU94GGZ", "tract_id": "36047117602", "city": "BROOKLYN, NY", "zone_code": "R5", "zone_category": "Residential", "ev_permitted": false}, "geometry": {"type": "Polygon", "coordinates": [[[-73.8726053540659, 40.6836215392909], [-73.8725367134623, 40.6836407401167], [-73.8726174984881, 40.6838988071412], [-73.8726881457608, 40.6838860167684], [-73.8726053540659, 40.6836215392909]]]}}, {"type": "Feature", "properties": {"zone_id": "0205UJR7QCAFASBOS7LHT0", "tract_id": "36047117602", "city": "BROOKLYN, NY", "zone_code": "C1-2", "zone_category": "Commercial", "ev_permitted": true}, "geometry": {"type": "Polygon", "coordinates": [[[-73.8726762794156, 40.6836016994216], [-73.8726053540659, 40.6836215392909], [-73.8726881457608, 40.6838860167684], [-73.8727611447753, 40.6838728003287], [-73.8726762794156, 40.6836016994216]]]}}, {"type": "Feature", "properties": {"zone_id": "0204SDTQL95OQVCA55LJW1", "tract_id": "36047117602", "city": "BROOKLYN, NY", "zone_code": "R5", "zone_category": "Residential", "ev_permitted": false}, "geometry": {"type": "Polygon", "coordinates": [[[-73.8727395201257, 40.6835840095887], [-73.8726762794156, 40.6836016994216], [-73.8727636677255, 40.6838808612502], [-73.8728287582413, 40.6838690771831], [-73.8727395201257, 40.6835840095887]]]}}]}