{"type": "FeatureCollection", "features": [{"type": "Feature", "properties": {"zone_id": "0204VEPVXSC8IN9UR4LAPL", "tract_id": "12057013706", "city": "RIVERVIEW, FL", "zone_code": "PD", "zone_category": "Other", "ev_permitted": false}, "geometry": {"type": "MultiPolygon", "coordinates": [[[[-82.3414192984221, 27.8996573685475], [-82.3414287026987, 27.8999549614235], [-82.3414407129269, 27.900789156906], [-82.3416370403828, 27.9007463592705], [-82.3419702444121, 27.900687355938], [-82.3415869039074, 27.8999478478853], [-82.3414192984221, 27.8996573685475]]], [[[-82.3424605382169, 27.8994696753655], [-82.3421631584817, 27.8995603256602], [-82.3423250788701, 27.899935441022], [-82.342828538998, 27.9008714859142], [-82.343722980266, 27.9008616207218], [-82.3430924270697, 27.899917988059], [-82.3429015622626, 27.899621960698], [-82.3424605382169, 27.8994696753655]]]]}}, {"type": "Feature", "properties": {"zone_id": "02009MS7P6AEYKCS1JBCYU", "tract_id": "12057013706", "city": "RIVERVIEW, FL", "zone_code": "PD", "zone_category": "Other", "ev_permitted": false}, "geometry": {"type": "MultiPolygon", "coordinates": [[[[-82.3418311547174, 27.9009656491529], [-82.3414273815652, 27.9011118247181], [-82.3414379743582, 27.9017459882074], [-82.3418849704057, 27.9016684737275], [-82.3425475117601, 27.9017585208027], [-82.3422182077462, 27.9009723309103], [-82.3418311547174, 27.9009656491529]]], [[[-82.343722980266, 27.9008616207218], [-82.342828538998, 27.9008714859142], [-82.3435638187098, 27.9022068042814], [-82.3437176898844, 27.9019084279789], [-82.343722980266, 27.9008616207218]]]]}}, {"type": "Feature", "properties": {"zone_id": "0203R32MV82XLNKDWSUQZH", "tract_id": "12057013706", "city": "RIVERVIEW, FL", "zone_code": "PD", "zone_category": "Other", "ev_permitted": false}, "geometry": {"type": "Polygon", "coordinates": [[[-82.3430297376685, 27.8940541346636], [-82.3430686949832, 27.8972689403414], [-82.3411484249198, 27.8972657950019], [-82.3411702316002, 27.8972947639204], [-82.3412329296056, 27.8973715928357], [-82.3413019863812, 27.8974439904355], [-82.3413770066235, 27.8975115422802], [-82.3414575608891, 27.8975738616687], [-82.3415431880525, 27.8976305918528], [-82.3416333979459, 27.897681408079], [-82.3417276741653, 27.8977260194483], [-82.3418254770269, 27.897764170581], [-82.3419262466564, 27.8977956430793], [-82.3420294061948, 27.8978202567773], [-82.3421343651002, 27.8978378707727], [-82.3422405225295, 27.8978483842331], [-82.3423472707776, 27.8978517369737], [-82.342453998757, 27.8978479098018], [-82.3425600954964, 27.8978369246263], [-82.3426649536382, 27.8978188443327], [-82.3427679729163, 27.8977937724228], [-82.3428685635923, 27.8977618524225], [-82.3429661498316, 27.8977232670595], [-82.3436553607795, 27.8974224965009], [-82.3436528453261, 27.8970711454807], [-82.3439891162465, 27.8970007474005], [-82.3448457013667, 27.8966272037899], [-82.3449685539364, 27.8968493963162], [-82.3456805661861, 27.8965386590846], [-82.3458343748041, 27.8964547646144], [-82.3459839251471, 27.8963649989506], [-82.3461289334749, 27.896269532411], [-82.3462691246676, 27.8961685461298], [-82.346404232747, 27.8960622317134], [-82.3465340013817, 27.8959507908771], [-82.3466581843733, 27.895834435062], [-82.3467765461235, 27.895713385034], [-82.3468888620811, 27.8955878704648], [-82.346994919168, 27.8954581294957], [-82.3470945161835, 27.8953244082862], [-82.3471874641855, 27.8951869605466], [-82.3472735868493, 27.8950460470566], [-82.3471274806316, 27.8949624783658], [-82.3469784476881, 27.8948830940261], [-82.3468266397851, 27.894807974875], [-82.3466722115138, 27.8947371974064], [-82.3466919817215, 27.8947024992375], [-82.3465111545353, 27.8946264503756], [-82.3463273343641, 27.8945562940549], [-82.3461407643707, 27.8944921230787], [-82.345951691354, 27.8944340223325], [-82.3457603654224, 27.894382068672], [-82.3455670396635, 27.8943363308216], [-82.3453719698093, 27.8942968692833], [-82.345175413898, 27.8942637362567], [-82.3449776319327, 27.8942369755702], [-82.3447788855377, 27.8942166226229], [-82.3445794376126, 27.8942027043375], [-82.3445792101368, 27.8940658669215], [-82.3430297376685, 27.8940541346636]]]}}, {"type": "Feature", "properties": {"zone_id": "02013J4I3OHFKPK3ASY49R", "tract_id": "12057013706", "city": "RIVERVIEW, FL", "zone_code": "PD", "zone_category": "Other", "ev_permitted": false}, "geometry": {"type": "Polygon", "coordinates": [[[-82.3426188822408, 27.8968972965429], [-82.3425326961547, 27.896914120417], [-82.3425405101207, 27.8969440407003], [-82.3426266376266, 27.8969269931659], [-82.3426188822408, 27.8968972965429]]]}}, {"type": "Feature", "properties": {"zone_id": "0203PQA80PKJ6BOWUKDM68", "tract_id": "12057013706", "city": "RIVERVIEW, FL", "zone_code": "PD", "zone_category": "Other", "ev_permitted": false}, "geometry": {"type": "Polygon", "coordinates": [[[-82.3426266376266, 27.8969269931659], [-82.3425405101207, 27.8969440407003], [-82.3425483230753, 27.8969739609855], [-82.3426343930167, 27.8969566897883], [-82.3426266376266, 27.8969269931659]]]}}, {"type": "Feature", "properties": {"zone_id": "0206G708R542POFAWO1Q00", "tract_id": "12057013706", "city": "RIVERVIEW, FL", "zone_code": "PD", "zone_category": "Other", "ev_permitted": false}, "geometry": {"type": "Polygon", "coordinates": [[[-82.3426343930167, 27.8969566897883], [-82.3425483230753, 27.8969739609855], [-82.3425561370501, 27.8970038812676], [-82.342642148414, 27.8969863873125], [-82.3426343930167, 27.8969566897883]]]}}, {"type": "Feature", "properties": {"zone_id": "0206QLW1V9WLIGPDD9KJKW", "tract_id": "12057013706", "city": "RIVERVIEW, FL", "zone_code": "PD", "zone_category": "Other", "ev_permitted": false}, "geometry": {"type": "Polygon", "coordinates": [[[-82.342642148414, 27.8969863873125], [-82.3425561370501, 27.8970038812676], [-82.3425639510263, 27.8970338006466], [-82.3426499038127, 27.8970160839337], [-82.342642148414, 27.8969863873125]]]}}, {"type": "Feature", "properties": {"zone_id": "0202JEWM1B2DKWANIKBIA3", "tract_id": "12057013706", "city": "RIVERVIEW, FL", "zone_code": "PD", "zone_category": "Other", "ev_permitted": false}, "geometry": {"type": "Polygon", "coordinates": [[[-82.342705067284, 27.8968804726176], [-82.3426188822408, 27.8968972965429], [-82.3426266376266, 27.8969269931659], [-82.3427127651049, 27.8969099455779], [-82.342705067284, 27.8968804726176]]]}}, {"type": "Feature", "properties": {"zone_id": "0206083U757KA262NTBMWW", "tract_id": "12057013706", "city": "RIVERVIEW, FL", "zone_code": "PD", "zone_category": "Other", "ev_permitted": false}, "geometry": {"type": "Polygon", "coordinates": [[[-82.3427127651049, 27.8969099455779], [-82.3426266376266, 27.8969269931659], [-82.3426343930167, 27.8969566897883], [-82.3427204619173, 27.8969394194424], [-82.3427127651049, 27.8969099455779]]]}}, {"type": "Feature", "properties": {"zone_id": "0205ASLLRGK3ZNSOW0FME6", "tract_id": "12057013706", "city": "RIVERVIEW, FL", "zone_code": "PD", "zone_category": "Other", "ev_permitted": false}, "geometry": {"type": "Polygon", "coordinates": [[[-82.3427204619173, 27.8969394194424], [-82.3426343930167, 27.8969566897883], [-82.342642148414, 27.8969863873125], [-82.3427281597497, 27.8969688933039], [-82.3427204619173, 27.8969394194424]]]}}, {"type": "Feature", "properties": {"zone_id": "02003G8TUO6T23C55C3B0Q", "tract_id": "12057013706", "city": "RIVERVIEW, FL", "zone_code": "PD", "zone_category": "Other", "ev_permitted": false}, "geometry": {"type": "Polygon", "coordinates": [[[-82.3427281597497, 27.8969688933039], [-82.342642148414, 27.8969863873125], [-82.3426499038127, 27.8970160839337], [-82.3427358565677, 27.8969983662649], [-82.3427281597497, 27.8969688933039]]]}}, {"type": "Feature", "properties": {"zone_id": "0204W4BMH5TMSWJU71JXIA", "tract_id": "12057013706", "city": "RIVERVIEW, FL", "zone_code": "PD", "zone_category": "Other", "ev_permitted": false}, "geometry": {"type": "Polygon", "coordinates": [[[-82.3426033704664, 27.8968379032977], [-82.3425170682387, 27.8968542807511], [-82.3425248821959, 27.8968842010355], [-82.3426111258436, 27.8968675999219], [-82.3426033704664, 27.8968379032977]]]}}, {"type": "Feature", "properties": {"zone_id": "020677L30N14C5GETBE9MA", "tract_id": "12057013706", "city": "RIVERVIEW, FL", "zone_code": "PD", "zone_category": "Other", "ev_permitted": false}, "geometry": {"type": "Polygon", "coordinates": [[[-82.3426111258436, 27.8968675999219], [-82.3425248821959, 27.8968842010355], [-82.3425326961547, 27.896914120417], [-82.3426188822408, 27.8968972965429], [-82.3426111258436, 27.8968675999219]]]}}, {"type": "Feature", "properties": {"zone_id": "0200SG9Q3OTJ7ICSJP1AJP", "tract_id": "12057013706", "city": "RIVERVIEW, FL", "zone_code": "PD", "zone_category": "Other", "ev_permitted": false}, "geometry": {"type": "Polygon", "coordinates": [[[-82.3426896736834, 27.896821525788], [-82.3426033704664, 27.8968379032977], [-82.3426111258436, 27.8968675999219], [-82.3426973704801, 27.8968509987519], [-82.3426896736834, 27.896821525788]]]}}, {"type": "Feature", "properties": {"zone_id": "0201SC896OMSCMFWDAKLHR", "tract_id": "12057013706", "city": "RIVERVIEW, FL", "zone_code": "PD", "zone_category": "Other", "ev_permitted": false}, "geometry": {"type": "Polygon", "coordinates": [[[-82.3426973704801, 27.8968509987519], [-82.3426111258436, 27.8968675999219], [-82.3426188822408, 27.8968972965429], [-82.342705067284, 27.8968804726176], [-82.3426973704801, 27.8968509987519]]]}}, {"type": "Feature", "properties": {"zone_id": "0202UFKFPPI7OYRQ0QHXJ0", "tract_id": "12057013706", "city": "RIVERVIEW, FL", "zone_code": "PD", "zone_category": "Other", "ev_permitted": false}, "geometry": {"type": "Polygon", "coordinates": [[[-82.3426896972652, 27.8966504895812], [-82.3426895061528, 27.8967728901403], [-82.3427214972459, 27.8967729298391], [-82.3427216893381, 27.8966505292777], [-82.3426896972652, 27.8966504895812]]]}}, {"type": "Feature", "properties": {"zone_id": "0203O4KYCWWLCMWOXOWTYC", "tract_id": "12057013706", "city": "RIVERVIEW, FL", "zone_code": "PD", "zone_category": "Other", "ev_permitted": false}, "geometry": {"type": "Polygon", "coordinates": [[[-82.3425297379156, 27.8966502909851], [-82.3425295466234, 27.8967726915452], [-82.3425615377168, 27.8967727312811], [-82.3425617299888, 27.8966503307187], [-82.3425297379156, 27.8966502909851]]]}}, {"type": "Feature", "properties": {"zone_id": "0206J3KAQ0P8UTIXOAJ0X5", "tract_id": "12057013706", "city": "RIVERVIEW, FL", "zone_code": "PD", "zone_category": "Other", "ev_permitted": false}, "geometry": {"type": "Polygon", "coordinates": [[[-82.3425617299888, 27.8966503307187], [-82.3425615377168, 27.8967727312811], [-82.3425935298259, 27.896772771007], [-82.3425937220619, 27.8966503704448], [-82.3425617299888, 27.8966503307187]]]}}, {"type": "Feature", "properties": {"zone_id": "0204WTY8WDOM8P0ITIGEDW", "tract_id": "12057013706", "city": "RIVERVIEW, FL", "zone_code": "PD", "zone_category": "Other", "ev_permitted": false}, "geometry": {"type": "Polygon", "coordinates": [[[-82.3425937220619, 27.8966503704448], [-82.3425935298259, 27.896772771007], [-82.3426255219349, 27.8967728107255], [-82.342625714135, 27.8966504101635], [-82.3425937220619, 27.8966503704448]]]}}, {"type": "Feature", "properties": {"zone_id": "0203U8FGMOH560AFNHQXX6", "tract_id": "12057013706", "city": "RIVERVIEW, FL", "zone_code": "PD", "zone_category": "Other", "ev_permitted": false}, "geometry": {"type": "Polygon", "coordinates": [[[-82.342625714135, 27.8966504101635], [-82.3426255219349, 27.8967728107255], [-82.3426575140439, 27.8967728504366], [-82.3426577051922, 27.8966504498774], [-82.342625714135, 27.8966504101635]]]}}, {"type": "Feature", "properties": {"zone_id": "0206ULDRIXSB3AGH5PCWWM", "tract_id": "12057013706", "city": "RIVERVIEW, FL", "zone_code": "PD", "zone_category": "Other", "ev_permitted": false}, "geometry": {"type": "Polygon", "coordinates": [[[-82.3426577051922, 27.8966504498774], [-82.3426575140439, 27.8967728504366], [-82.3426895061528, 27.8967728901403], [-82.3426896972652, 27.8966504895812], [-82.3426577051922, 27.8966504498774]]]}}, {"type": "Feature", "properties": {"zone_id": "0202ZKC7V8VDWDDEEWDAEM", "tract_id": "12057013706", "city": "RIVERVIEW, FL", "zone_code": "PD", "zone_category": "Other", "ev_permitted": false}, "geometry": {"type": "Polygon", "coordinates": [[[-82.3426898893945, 27.8965280890175], [-82.3426896972652, 27.8966504895812], [-82.3427216893381, 27.8966505292777], [-82.3427218804156, 27.8965281287166], [-82.3426898893945, 27.8965280890175]]]}}, {"type": "Feature", "properties": {"zone_id": "0203BT5EC7CGLAUVL019WU", "tract_id": "12057013706", "city": "RIVERVIEW, FL", "zone_code": "PD", "zone_category": "Other", "ev_permitted": false}, "geometry": {"type": "Polygon", "coordinates": [[[-82.3426900805091, 27.896405688454], [-82.3426898893945, 27.8965280890175], [-82.3427218804156, 27.8965281287166], [-82.3427220725101, 27.8964057281509], [-82.3426900805091, 27.896405688454]]]}}, {"type": "Feature", "properties": {"zone_id": "0206BR753BY37VI6MR29D9", "tract_id": "12057013706", "city": "RIVERVIEW, FL", "zone_code": "PD", "zone_category": "Other", "ev_permitted": false}, "geometry": {"type": "Polygon", "coordinates": [[[-82.3426259053205, 27.8965280096019], [-82.342625714135, 27.8966504101635], [-82.3426577051922, 27.8966504498774], [-82.3426578973575, 27.8965280493134], [-82.3426259053205, 27.8965280096019]]]}}, {"type": "Feature", "properties": {"zone_id": "0203JS55MU8W1HEDHXM6XD", "tract_id": "12057013706", "city": "RIVERVIEW, FL", "zone_code": "PD", "zone_category": "Other", "ev_permitted": false}, "geometry": {"type": "Polygon", "coordinates": [[[-82.3426260975228, 27.8964056090355], [-82.3426259053205, 27.8965280096019], [-82.3426578973575, 27.8965280493134], [-82.3426580885081, 27.8964056487498], [-82.3426260975228, 27.8964056090355]]]}}, {"type": "Feature", "properties": {"zone_id": "0200Z4ZOZAZ3U81GPUVB3G", "tract_id": "12057013706", "city": "RIVERVIEW, FL", "zone_code": "PD", "zone_category": "Other", "ev_permitted": false}, "geometry": {"type": "Polygon", "coordinates": [[[-82.3426578973575, 27.8965280493134], [-82.3426577051922, 27.8966504498774], [-82.3426896972652, 27.8966504895812], [-82.3426898893945, 27.8965280890175], [-82.3426578973575, 27.8965280493134]]]}}, {"type": "Feature", "properties": {"zone_id": "020099UVXKMHR9B2WQ5LA9", "tract_id": "12057013706", "city": "RIVERVIEW, FL", "zone_code": "PD", "zone_category": "Other", "ev_permitted": false}, "geometry": {"type": "Polygon", "coordinates": [[[-82.3426580885081, 27.8964056487498], [-82.3426578973575, 27.8965280493134], [-82.3426898893945, 27.8965280890175], [-82.3426900805091, 27.896405688454], [-82.3426580885081, 27.8964056487498]]]}}, {"type": "Feature", "properties": {"zone_id": "0200GCTL96G6CHV55R7LV1", "tract_id": "12057013706", "city": "RIVERVIEW, FL", "zone_code": "PD", "zone_category": "Other", "ev_permitted": false}, "geometry": {"type": "Polygon", "coordinates": [[[-82.3425941055216, 27.8964055693164], [-82.3425939132834, 27.8965279698829], [-82.3426259053205, 27.8965280096019], [-82.3426260975228, 27.8964056090355], [-82.3425941055216, 27.8964055693164]]]}}, {"type": "Feature", "properties": {"zone_id": "02078EUU7K9YHGYYR0WF7G", "tract_id": "12057013706", "city": "RIVERVIEW, FL", "zone_code": "PD", "zone_category": "Other", "ev_permitted": false}, "geometry": {"type": "Polygon", "coordinates": [[[-82.3425939132834, 27.8965279698829], [-82.3425937220619, 27.8966503704448], [-82.342625714135, 27.8966504101635], [-82.3426259053205, 27.8965280096019], [-82.3425939132834, 27.8965279698829]]]}}, {"type": "Feature", "properties": {"zone_id": "0204ZXU2CK5Z75UKQMD790", "tract_id": "12057013706", "city": "RIVERVIEW, FL", "zone_code": "PD", "zone_category": "Other", "ev_permitted": false}, "geometry": {"type": "Polygon", "coordinates": [[[-82.3425621135204, 27.8964055295898], [-82.3425619212462, 27.8965279301566], [-82.3425939132834, 27.8965279698829], [-82.3425941055216, 27.8964055693164], [-82.3425621135204, 27.8964055295898]]]}}, {"type": "Feature", "properties": {"zone_id": "02001KVV5XQORTF7Q0JWJW", "tract_id": "12057013706", "city": "RIVERVIEW, FL", "zone_code": "PD", "zone_category": "Other", "ev_permitted": false}, "geometry": {"type": "Polygon", "coordinates": [[[-82.3425619212462, 27.8965279301566], [-82.3425617299888, 27.8966503307187], [-82.3425937220619, 27.8966503704448], [-82.3425939132834, 27.8965279698829], [-82.3425619212462, 27.8965279301566]]]}}, {"type": "Feature", "properties": {"zone_id": "020242AJ8CNOFZGDLEMK9W", "tract_id": "12057013706", "city": "RIVERVIEW, FL", "zone_code": "PD", "zone_category": "Other", "ev_permitted": false}, "geometry": {"type": "Polygon", "coordinates": [[[-82.3425301215192, 27.8964054898559], [-82.3425299302247, 27.8965278904203], [-82.3425619212462, 27.8965279301566], [-82.3425621135204, 27.8964055295898], [-82.3425301215192, 27.8964054898559]]]}}, {"type": "Feature", "properties": {"zone_id": "0201SAKOHN3PYSR2UIQILB", "tract_id": "12057013706", "city": "RIVERVIEW, FL", "zone_code": "PD", "zone_category": "Other", "ev_permitted": false}, "geometry": {"type": "Polygon", "coordinates": [[[-82.3425299302247, 27.8965278904203], [-82.3425297379156, 27.8966502909851], [-82.3425617299888, 27.8966503307187], [-82.3425619212462, 27.8965279301566], [-82.3425299302247, 27.8965278904203]]]}}, {"type": "Feature", "properties": {"zone_id": "0206RZ7YCNRS0YZKPUPP8V", "tract_id": "12057013706", "city": "RIVERVIEW, FL", "zone_code": "PD", "zone_category": "Other", "ev_permitted": false}, "geometry": {"type": "Polygon", "coordinates": [[[-82.3426902726407, 27.8962832878859], [-82.3426900805091, 27.896405688454], [-82.3427220725101, 27.8964057281509], [-82.3427222635899, 27.8962833275855], [-82.3426902726407, 27.8962832878859]]]}}, {"type": "Feature", "properties": {"zone_id": "0202UFWJXIWCU72RXSWZ2C", "tract_id": "12057013706", "city": "RIVERVIEW, FL", "zone_code": "PD", "zone_category": "Other", "ev_permitted": false}, "geometry": {"type": "Polygon", "coordinates": [[[-82.3426582806756, 27.8962832481814], [-82.3426580885081, 27.8964056487498], [-82.3426900805091, 27.896405688454], [-82.3426902726407, 27.8962832878859], [-82.3426582806756, 27.8962832481814]]]}}, {"type": "Feature", "properties": {"zone_id": "0200CXI6MC3VTYZT14J590", "tract_id": "12057013706", "city": "RIVERVIEW, FL", "zone_code": "PD", "zone_category": "Other", "ev_permitted": false}, "geometry": {"type": "Polygon", "coordinates": [[[-82.3426262887105, 27.8962832084695], [-82.3426260975228, 27.8964056090355], [-82.3426580885081, 27.8964056487498], [-82.3426582806756, 27.8962832481814], [-82.3426262887105, 27.8962832084695]]]}}, {"type": "Feature", "properties": {"zone_id": "0200U5P8AAWOBXWE66XW7I", "tract_id": "12057013706", "city": "RIVERVIEW, FL", "zone_code": "PD", "zone_category": "Other", "ev_permitted": false}, "geometry": {"type": "Polygon", "coordinates": [[[-82.3425942967454, 27.8962831687502], [-82.3425941055216, 27.8964055693164], [-82.3426260975228, 27.8964056090355], [-82.3426262887105, 27.8962832084695], [-82.3425942967454, 27.8962831687502]]]}}, {"type": "Feature", "properties": {"zone_id": "02043EMFAKWD3RPBRQ1TAI", "tract_id": "12057013706", "city": "RIVERVIEW, FL", "zone_code": "PD", "zone_category": "Other", "ev_permitted": false}, "geometry": {"type": "Polygon", "coordinates": [[[-82.3425623057958, 27.8962831290209], [-82.3425621135204, 27.8964055295898], [-82.3425941055216, 27.8964055693164], [-82.3425942967454, 27.8962831687502], [-82.3425623057958, 27.8962831290209]]]}}, {"type": "Feature", "properties": {"zone_id": "020350EYX3M8XGOHWP7XBM", "tract_id": "12057013706", "city": "RIVERVIEW, FL", "zone_code": "PD", "zone_category": "Other", "ev_permitted": false}, "geometry": {"type": "Polygon", "coordinates": [[[-82.3425303138306, 27.8962830892867], [-82.3425301215192, 27.8964054898559], [-82.3425621135204, 27.8964055295898], [-82.3425623057958, 27.8962831290209], [-82.3425303138306, 27.8962830892867]]]}}, {"type": "Feature", "properties": {"zone_id": "02017R0COTZUJGIACGPD41", "tract_id": "12057013706", "city": "RIVERVIEW, FL", "zone_code": "PD", "zone_category": "Other", "ev_permitted": false}, "geometry": {"type": "Polygon", "coordinates": [[[-82.3427081197036, 27.896182578336], [-82.342545581938, 27.8961829817553], [-82.3425456743809, 27.8962123210907], [-82.3427082121903, 27.896211917671], [-82.3427081197036, 27.896182578336]]]}}, {"type": "Feature", "properties": {"zone_id": "02027DYG1Z2V6DO7KI9LH1", "tract_id": "12057013706", "city": "RIVERVIEW, FL", "zone_code": "PD", "zone_category": "Other", "ev_permitted": false}, "geometry": {"type": "Polygon", "coordinates": [[[-82.3427079347308, 27.8961238996656], [-82.3425453970528, 27.8961243030841], [-82.3425454894953, 27.8961536424197], [-82.3427080272171, 27.8961532390008], [-82.3427079347308, 27.8961238996656]]]}}, {"type": "Feature", "properties": {"zone_id": "0203RCX6Z6QVHWE5V6E2AK", "tract_id": "12057013706", "city": "RIVERVIEW, FL", "zone_code": "PD", "zone_category": "Other", "ev_permitted": false}, "geometry": {"type": "Polygon", "coordinates": [[[-82.3427080272171, 27.8961532390008], [-82.3425454894953, 27.8961536424197], [-82.342545581938, 27.8961829817553], [-82.3427081197036, 27.896182578336], [-82.3427080272171, 27.8961532390008]]]}}, {"type": "Feature", "properties": {"zone_id": "0202Q51NGALIF1GFHTAIOZ", "tract_id": "12057013706", "city": "RIVERVIEW, FL", "zone_code": "PD", "zone_category": "Other", "ev_permitted": false}, "geometry": {"type": "Polygon", "coordinates": [[[-82.3427076572726, 27.8960358816591], [-82.3425451197259, 27.8960362850764], [-82.342545212168, 27.8960656244124], [-82.3427077497585, 27.8960652209947], [-82.3427076572726, 27.8960358816591]]]}}, {"type": "Feature", "properties": {"zone_id": "0202ZWVUW8BGHP9JQL98YF", "tract_id": "12057013706", "city": "RIVERVIEW, FL", "zone_code": "PD", "zone_category": "Other", "ev_permitted": false}, "geometry": {"type": "Polygon", "coordinates": [[[-82.3427077497585, 27.8960652209947], [-82.342545212168, 27.8960656244124], [-82.3425453046103, 27.8960949637483], [-82.3427078422446, 27.8960945603302], [-82.3427077497585, 27.8960652209947]]]}}, {"type": "Feature", "properties": {"zone_id": "0205OM554VXYNC1LSDJABQ", "tract_id": "12057013706", "city": "RIVERVIEW, FL", "zone_code": "PD", "zone_category": "Other", "ev_permitted": false}, "geometry": {"type": "Polygon", "coordinates": [[[-82.3427078422446, 27.8960945603302], [-82.3425453046103, 27.8960949637483], [-82.3425453970528, 27.8961243030841], [-82.3427079347308, 27.8961238996656], [-82.3427078422446, 27.8960945603302]]]}}, {"type": "Feature", "properties": {"zone_id": "0206DDSZOS7AMR6RCQHT2X", "tract_id": "12057013706", "city": "RIVERVIEW, FL", "zone_code": "PD", "zone_category": "Other", "ev_permitted": false}, "geometry": {"type": "Polygon", "coordinates": [[[-82.3425855782424, 27.8952257675713], [-82.3425853925388, 27.895254189837], [-82.3427231597133, 27.8952549019059], [-82.3427233453809, 27.8952264796403], [-82.3425855782424, 27.8952257675713]]]}}, {"type": "Feature", "properties": {"zone_id": "0206D8049WJL5LUTAFDT44", "tract_id": "12057013706", "city": "RIVERVIEW, FL", "zone_code": "PD", "zone_category": "Other", "ev_permitted": false}, "geometry": {"type": "Polygon", "coordinates": [[[-82.3425853925388, 27.895254189837], [-82.3425852068352, 27.8952826121026], [-82.3427229740457, 27.8952833241715], [-82.3427231597133, 27.8952549019059], [-82.3425853925388, 27.895254189837]]]}}, {"type": "Feature", "properties": {"zone_id": "02012NLVESGDAVPYGO620Z", "tract_id": "12057013706", "city": "RIVERVIEW, FL", "zone_code": "PD", "zone_category": "Other", "ev_permitted": false}, "geometry": {"type": "Polygon", "coordinates": [[[-82.3425852068352, 27.8952826121026], [-82.3425850211315, 27.8953110343681], [-82.342722788378, 27.8953117464369], [-82.3427229740457, 27.8952833241715], [-82.3425852068352, 27.8952826121026]]]}}, {"type": "Feature", "properties": {"zone_id": "02071UR3V7WHX55M58LFTX", "tract_id": "12057013706", "city": "RIVERVIEW, FL", "zone_code": "PD", "zone_category": "Other", "ev_permitted": false}, "geometry": {"type": "Polygon", "coordinates": [[[-82.3425850211315, 27.8953110343681], [-82.3425848344122, 27.895339456636], [-82.3427226027075, 27.8953401677998], [-82.342722788378, 27.8953117464369], [-82.3425850211315, 27.8953110343681]]]}}, {"type": "Feature", "properties": {"zone_id": "0202MW86S4NOYIP0KAG6I0", "tract_id": "12057013706", "city": "RIVERVIEW, FL", "zone_code": "PD", "zone_category": "Other", "ev_permitted": false}, "geometry": {"type": "Polygon", "coordinates": [[[-82.3425848344122, 27.895339456636], [-82.3425846487057, 27.8953678779988], [-82.3427224160241, 27.8953685900675], [-82.3427226027075, 27.8953401677998], [-82.3425848344122, 27.895339456636]]]}}, {"type": "Feature", "properties": {"zone_id": "02030F631LRENQ6V5E3LJR", "tract_id": "12057013706", "city": "RIVERVIEW, FL", "zone_code": "PD", "zone_category": "Other", "ev_permitted": false}, "geometry": {"type": "Polygon", "coordinates": [[[-82.342585763946, 27.8951973453055], [-82.3425855782424, 27.8952257675713], [-82.3427233453809, 27.8952264796403], [-82.3427235320643, 27.895198057372], [-82.342585763946, 27.8951973453055]]]}}, {"type": "Feature", "properties": {"zone_id": "0205JLC5VC60IBPZIT6DDA", "tract_id": "12057013706", "city": "RIVERVIEW, FL", "zone_code": "PD", "zone_category": "Other", "ev_permitted": false}, "geometry": {"type": "Polygon", "coordinates": [[[-82.3425987400568, 27.8949778736622], [-82.3425985478081, 27.895100274254], [-82.3426305394257, 27.8951003139748], [-82.3426307316384, 27.8949779133831], [-82.3425987400568, 27.8949778736622]]]}}, {"type": "Feature", "properties": {"zone_id": "0206HIME11RIWCXIDCAZKA", "tract_id": "12057013706", "city": "RIVERVIEW, FL", "zone_code": "PD", "zone_category": "Other", "ev_permitted": false}, "geometry": {"type": "Polygon", "coordinates": [[[-82.3425667484751, 27.8949778339338], [-82.3425665572062, 27.8951002345233], [-82.3425985478081, 27.895100274254], [-82.3425987400568, 27.8949778736622], [-82.3425667484751, 27.8949778339338]]]}}, {"type": "Feature", "properties": {"zone_id": "02053C75G0Z9PNMNSS7P6W", "tract_id": "12057013706", "city": "RIVERVIEW, FL", "zone_code": "PD", "zone_category": "Other", "ev_permitted": false}, "geometry": {"type": "Polygon", "coordinates": [[[-82.3425347568934, 27.894977794198], [-82.3425345655885, 27.8951001947877], [-82.3425665572062, 27.8951002345233], [-82.3425667484751, 27.8949778339338], [-82.3425347568934, 27.894977794198]]]}}, {"type": "Feature", "properties": {"zone_id": "0203MQ7A4S3O9EO0O4TM1M", "tract_id": "12057013706", "city": "RIVERVIEW, FL", "zone_code": "PD", "zone_category": "Other", "ev_permitted": false}, "geometry": {"type": "Polygon", "coordinates": [[[-82.3426307316384, 27.8949779133831], [-82.3426305394257, 27.8951003139748], [-82.3426625310432, 27.8951003536881], [-82.34266272322, 27.8949779530967], [-82.3426307316384, 27.8949779133831]]]}}, {"type": "Feature", "properties": {"zone_id": "0203BFAKIFJDSMA5YN3XRA", "tract_id": "12057013706", "city": "RIVERVIEW, FL", "zone_code": "PD", "zone_category": "Other", "ev_permitted": false}, "geometry": {"type": "Polygon", "coordinates": [[[-82.3426311150516, 27.8947331121959], [-82.3426309228366, 27.8948555127919], [-82.3426629143822, 27.8948555525056], [-82.3426631065612, 27.8947331519099], [-82.3426311150516, 27.8947331121959]]]}}, {"type": "Feature", "properties": {"zone_id": "0200QKBPZQ14ZSKRC1MK1L", "tract_id": "12057013706", "city": "RIVERVIEW, FL", "zone_code": "PD", "zone_category": "Other", "ev_permitted": false}, "geometry": {"type": "Polygon", "coordinates": [[[-82.3426309228366, 27.8948555127919], [-82.3426307316384, 27.8949779133831], [-82.34266272322, 27.8949779530967], [-82.3426629143822, 27.8948555525056], [-82.3426309228366, 27.8948555127919]]]}}, {"type": "Feature", "properties": {"zone_id": "020139GLYUJWO5CGY1CRN5", "tract_id": "12057013706", "city": "RIVERVIEW, FL", "zone_code": "PD", "zone_category": "Other", "ev_permitted": false}, "geometry": {"type": "Polygon", "coordinates": [[[-82.3425991235419, 27.8947330724746], [-82.3425989323066, 27.8948554730682], [-82.3426309228366, 27.8948555127919], [-82.3426311150516, 27.8947331121959], [-82.3425991235419, 27.8947330724746]]]}}, {"type": "Feature", "properties": {"zone_id": "0200WEGQ1L3K7QPKUUUVWZ", "tract_id": "12057013706", "city": "RIVERVIEW, FL", "zone_code": "PD", "zone_category": "Other", "ev_permitted": false}, "geometry": {"type": "Polygon", "coordinates": [[[-82.3425989323066, 27.8948554730682], [-82.3425987400568, 27.8949778736622], [-82.3426307316384, 27.8949779133831], [-82.3426309228366, 27.8948555127919], [-82.3425989323066, 27.8948554730682]]]}}, {"type": "Feature", "properties": {"zone_id": "0204O94Y62YI9DOYJ0BHHL", "tract_id": "12057013706", "city": "RIVERVIEW, FL", "zone_code": "PD", "zone_category": "Other", "ev_permitted": false}, "geometry": {"type": "Polygon", "coordinates": [[[-82.3425671320293, 27.8947330318434], [-82.3425669407609, 27.8948554333396], [-82.3425989323066, 27.8948554730682], [-82.3425991235419, 27.8947330724746], [-82.3425671320293, 27.8947330318434]]]}}, {"type": "Feature", "properties": {"zone_id": "0206CCSNPWG3BEBB2WPA46", "tract_id": "12057013706", "city": "RIVERVIEW, FL", "zone_code": "PD", "zone_category": "Other", "ev_permitted": false}, "geometry": {"type": "Polygon", "coordinates": [[[-82.3425669407609, 27.8948554333396], [-82.3425667484751, 27.8949778339338], [-82.3425987400568, 27.8949778736622], [-82.3425989323066, 27.8948554730682], [-82.3425669407609, 27.8948554333396]]]}}, {"type": "Feature", "properties": {"zone_id": "02004OQAX2OHPWEUSPDCE3", "tract_id": "12057013706", "city": "RIVERVIEW, FL", "zone_code": "PD", "zone_category": "Other", "ev_permitted": false}, "geometry": {"type": "Polygon", "coordinates": [[[-82.3425351405194, 27.8947329921072], [-82.3425349492151, 27.8948553936036], [-82.3425669407609, 27.8948554333396], [-82.3425671320293, 27.8947330318434], [-82.3425351405194, 27.8947329921072]]]}}, {"type": "Feature", "properties": {"zone_id": "0207NZZHXR7W0P608FI6BY", "tract_id": "12057013706", "city": "RIVERVIEW, FL", "zone_code": "PD", "zone_category": "Other", "ev_permitted": false}, "geometry": {"type": "Polygon", "coordinates": [[[-82.3425349492151, 27.8948553936036], [-82.3425347568934, 27.894977794198], [-82.3425667484751, 27.8949778339338], [-82.3425669407609, 27.8948554333396], [-82.3425349492151, 27.8948553936036]]]}}, {"type": "Feature", "properties": {"zone_id": "0203VL54MQG5P9AMEDD7D1", "tract_id": "12057013706", "city": "RIVERVIEW, FL", "zone_code": "PD", "zone_category": "Other", "ev_permitted": false}, "geometry": {"type": "Polygon", "coordinates": [[[-82.3426313062491, 27.8946107106979], [-82.3426311150516, 27.8947331121959], [-82.3426631065612, 27.8947331519099], [-82.3426632977228, 27.8946107504121], [-82.3426313062491, 27.8946107106979]]]}}, {"type": "Feature", "properties": {"zone_id": "0201EX1TY7PXNN909K71DV", "tract_id": "12057013706", "city": "RIVERVIEW, FL", "zone_code": "PD", "zone_category": "Other", "ev_permitted": false}, "geometry": {"type": "Polygon", "coordinates": [[[-82.3425993157911, 27.8946106709738], [-82.3425991235419, 27.8947330724746], [-82.3426311150516, 27.8947331121959], [-82.3426313062491, 27.8946107106979], [-82.3425993157911, 27.8946106709738]]]}}, {"type": "Feature", "properties": {"zone_id": "0207CGQM8JZMDYC23S8DGA", "tract_id": "12057013706", "city": "RIVERVIEW, FL", "zone_code": "PD", "zone_category": "Other", "ev_permitted": false}, "geometry": {"type": "Polygon", "coordinates": [[[-82.3425673243173, 27.8946106312448], [-82.3425671320293, 27.8947330318434], [-82.3425991235419, 27.8947330724746], [-82.3425993157911, 27.8946106709738], [-82.3425673243173, 27.8946106312448]]]}}, {"type": "Feature", "properties": {"zone_id": "0203TE7MY6BP7LBLD84GO4", "tract_id": "12057013706", "city": "RIVERVIEW, FL", "zone_code": "PD", "zone_category": "Other", "ev_permitted": false}, "geometry": {"type": "Polygon", "coordinates": [[[-82.3425353328434, 27.8946105915084], [-82.3425351405194, 27.8947329921072], [-82.3425671320293, 27.8947330318434], [-82.3425673243173, 27.8946106312448], [-82.3425353328434, 27.8946105915084]]]}}, {"type": "Feature", "properties": {"zone_id": "0205MEORE66PQKWWFIBC9E", "tract_id": "12057013706", "city": "RIVERVIEW, FL", "zone_code": "PD", "zone_category": "Other", "ev_permitted": false}, "geometry": {"type": "Polygon", "coordinates": [[[-82.3425924404549, 27.8944691989623], [-82.3425923654682, 27.8944976218588], [-82.3426790511706, 27.8944978037709], [-82.3426791261345, 27.8944693808745], [-82.3425924404549, 27.8944691989623]]]}}, {"type": "Feature", "properties": {"zone_id": "02040GRVREUF427KUKZNFN", "tract_id": "12057013706", "city": "RIVERVIEW, FL", "zone_code": "PD", "zone_category": "Other", "ev_permitted": false}, "geometry": {"type": "Polygon", "coordinates": [[[-82.3425923654682, 27.8944976218588], [-82.3425922894631, 27.8945260438552], [-82.3426789751881, 27.8945262257673], [-82.3426790511706, 27.8944978037709], [-82.3425923654682, 27.8944976218588]]]}}, {"type": "Feature", "properties": {"zone_id": "02068IM8MVHW383GGN8FM5", "tract_id": "12057013706", "city": "RIVERVIEW, FL", "zone_code": "PD", "zone_category": "Other", "ev_permitted": false}, "geometry": {"type": "Polygon", "coordinates": [[[-82.3425057547748, 27.8944690169956], [-82.3425056787498, 27.8944974398947], [-82.3425923654682, 27.8944976218588], [-82.3425924404549, 27.8944691989623], [-82.3425057547748, 27.8944690169956]]]}}, {"type": "Feature", "properties": {"zone_id": "0204ZOFQAP27MG04L5AAB9", "tract_id": "12057013706", "city": "RIVERVIEW, FL", "zone_code": "PD", "zone_category": "Other", "ev_permitted": false}, "geometry": {"type": "Polygon", "coordinates": [[[-82.3425056787498, 27.8944974398947], [-82.3425056037406, 27.8945258627911], [-82.3425922894631, 27.8945260438552], [-82.3425923654682, 27.8944976218588], [-82.3425056787498, 27.8944974398947]]]}}, {"type": "Feature", "properties": {"zone_id": "0205097WI34TODC9EJVS78", "tract_id": "12057013706", "city": "RIVERVIEW, FL", "zone_code": "PD", "zone_category": "Other", "ev_permitted": false}, "geometry": {"type": "Polygon", "coordinates": [[[-82.3425927414203, 27.8943555082751], [-82.3425926664335, 27.894383931172], [-82.3426793520453, 27.8943841130846], [-82.3426794270095, 27.8943556901878], [-82.3425927414203, 27.8943555082751]]]}}, {"type": "Feature", "properties": {"zone_id": "0205MTFTYI8LXWHEF9SS9A", "tract_id": "12057013706", "city": "RIVERVIEW, FL", "zone_code": "PD", "zone_category": "Other", "ev_permitted": false}, "geometry": {"type": "Polygon", "coordinates": [[[-82.3425926664335, 27.894383931172], [-82.342592590431, 27.8944123540714], [-82.3426792760655, 27.8944125359838], [-82.3426793520453, 27.8943841130846], [-82.3425926664335, 27.894383931172]]]}}, {"type": "Feature", "properties": {"zone_id": "02047K39R0EZKRT9QX79FO", "tract_id": "12057013706", "city": "RIVERVIEW, FL", "zone_code": "PD", "zone_category": "Other", "ev_permitted": false}, "geometry": {"type": "Polygon", "coordinates": [[[-82.342592590431, 27.8944123540714], [-82.3425925154415, 27.8944407760657], [-82.3426792010986, 27.894440957978], [-82.3426792760655, 27.8944125359838], [-82.342592590431, 27.8944123540714]]]}}, {"type": "Feature", "properties": {"zone_id": "0200K7ITVZ4BCZ4EQ9CJTV", "tract_id": "12057013706", "city": "RIVERVIEW, FL", "zone_code": "PD", "zone_category": "Other", "ev_permitted": false}, "geometry": {"type": "Polygon", "coordinates": [[[-82.3425925154415, 27.8944407760657], [-82.3425924404549, 27.8944691989623], [-82.3426791261345, 27.8944693808745], [-82.3426792010986, 27.894440957978], [-82.3425925154415, 27.8944407760657]]]}}, {"type": "Feature", "properties": {"zone_id": "0205FRTYSV5GLVZAC34FHA", "tract_id": "12057013706", "city": "RIVERVIEW, FL", "zone_code": "PD", "zone_category": "Other", "ev_permitted": false}, "geometry": {"type": "Polygon", "coordinates": [[[-82.3425060558336, 27.8943553272103], [-82.3425059808213, 27.894383749205], [-82.3425926664335, 27.894383931172], [-82.3425927414203, 27.8943555082751], [-82.3425060558336, 27.8943553272103]]]}}, {"type": "Feature", "properties": {"zone_id": "0202C592UMRWOBB6944X6L", "tract_id": "12057013706", "city": "RIVERVIEW, FL", "zone_code": "PD", "zone_category": "Other", "ev_permitted": false}, "geometry": {"type": "Polygon", "coordinates": [[[-82.3425059808213, 27.894383749205], [-82.3425059047963, 27.8944121721044], [-82.342592590431, 27.8944123540714], [-82.3425926664335, 27.894383931172], [-82.3425059808213, 27.894383749205]]]}}, {"type": "Feature", "properties": {"zone_id": "02001ZU813U7930N35DPJ7", "tract_id": "12057013706", "city": "RIVERVIEW, FL", "zone_code": "PD", "zone_category": "Other", "ev_permitted": false}, "geometry": {"type": "Polygon", "coordinates": [[[-82.3425059047963, 27.8944121721044], [-82.3425058297869, 27.8944405950013], [-82.3425925154415, 27.8944407760657], [-82.342592590431, 27.8944123540714], [-82.3425059047963, 27.8944121721044]]]}}, {"type": "Feature", "properties": {"zone_id": "02050YS0YBD88AHPCDA7S6", "tract_id": "12057013706", "city": "RIVERVIEW, FL", "zone_code": "PD", "zone_category": "Other", "ev_permitted": false}, "geometry": {"type": "Polygon", "coordinates": [[[-82.3425058297869, 27.8944405950013], [-82.3425057547748, 27.8944690169956], [-82.3425924404549, 27.8944691989623], [-82.3425925154415, 27.8944407760657], [-82.3425058297869, 27.8944405950013]]]}}, {"type": "Feature", "properties": {"zone_id": "0202BUVBOO3IMH71BBV4DQ", "tract_id": "12057013706", "city": "RIVERVIEW, FL", "zone_code": "PD", "zone_category": "Other", "ev_permitted": false}, "geometry": {"type": "Polygon", "coordinates": [[[-82.3425405101207, 27.8969440407003], [-82.3424543815714, 27.8969610881835], [-82.3424622541189, 27.8969912312241], [-82.3425483230753, 27.8969739609855], [-82.3425405101207, 27.8969440407003]]]}}, {"type": "Feature", "properties": {"zone_id": "0204JWDQ9LC3Z7D95LYCRF", "tract_id": "12057013706", "city": "RIVERVIEW, FL", "zone_code": "PD", "zone_category": "Other", "ev_permitted": false}, "geometry": {"type": "Polygon", "coordinates": [[[-82.3425326961547, 27.896914120417], [-82.3424465100442, 27.8969309451397], [-82.3424543815714, 27.8969610881835], [-82.3425405101207, 27.8969440407003], [-82.3425326961547, 27.896914120417]]]}}, {"type": "Feature", "properties": {"zone_id": "02078RLGLQH5FXA9QVT5PX", "tract_id": "12057013706", "city": "RIVERVIEW, FL", "zone_code": "PD", "zone_category": "Other", "ev_permitted": false}, "geometry": {"type": "Polygon", "coordinates": [[[-82.3425248821959, 27.8968842010355], [-82.3424386375028, 27.8969008011955], [-82.3424465100442, 27.8969309451397], [-82.3425326961547, 27.896914120417], [-82.3425248821959, 27.8968842010355]]]}}, {"type": "Feature", "properties": {"zone_id": "02022MW12MXTM6IQOBNTS5", "tract_id": "12057013706", "city": "RIVERVIEW, FL", "zone_code": "PD", "zone_category": "Other", "ev_permitted": false}, "geometry": {"type": "Polygon", "coordinates": [[[-82.3424701266737, 27.8970213751666], [-82.3423841152533, 27.8970388690146], [-82.3423920453737, 27.897069235717], [-82.3424779982143, 27.8970515182085], [-82.3424701266737, 27.8970213751666]]]}}, {"type": "Feature", "properties": {"zone_id": "0203J95FT7W1X08CCPWG5O", "tract_id": "12057013706", "city": "RIVERVIEW, FL", "zone_code": "PD", "zone_category": "Other", "ev_permitted": false}, "geometry": {"type": "Polygon", "coordinates": [[[-82.3424622541189, 27.8969912312241], [-82.3423761851375, 27.8970085023116], [-82.3423841152533, 27.8970388690146], [-82.3424701266737, 27.8970213751666], [-82.3424622541189, 27.8969912312241]]]}}, {"type": "Feature", "properties": {"zone_id": "0203LVZS2RZUQ1GYUWDD8T", "tract_id": "12057013706", "city": "RIVERVIEW, FL", "zone_code": "PD", "zone_category": "Other", "ev_permitted": false}, "geometry": {"type": "Polygon", "coordinates": [[[-82.3424543815714, 27.8969610881835], [-82.3423682540104, 27.8969781356105], [-82.3423761851375, 27.8970085023116], [-82.3424622541189, 27.8969912312241], [-82.3424543815714, 27.8969610881835]]]}}, {"type": "Feature", "properties": {"zone_id": "02021RCONXPFI8Y83JY6JS", "tract_id": "12057013706", "city": "RIVERVIEW, FL", "zone_code": "PD", "zone_category": "Other", "ev_permitted": false}, "geometry": {"type": "Polygon", "coordinates": [[[-82.3424465100442, 27.8969309451397], [-82.3423603239036, 27.8969477689063], [-82.3423682540104, 27.8969781356105], [-82.3424543815714, 27.8969610881835], [-82.3424465100442, 27.8969309451397]]]}}, {"type": "Feature", "properties": {"zone_id": "0201XPLXSR3O74WHNC2GE0", "tract_id": "12057013706", "city": "RIVERVIEW, FL", "zone_code": "PD", "zone_category": "Other", "ev_permitted": false}, "geometry": {"type": "Polygon", "coordinates": [[[-82.3424386375028, 27.8969008011955], [-82.3423523938013, 27.8969174022015], [-82.3423603239036, 27.8969477689063], [-82.3424465100442, 27.8969309451397], [-82.3424386375028, 27.8969008011955]]]}}, {"type": "Feature", "properties": {"zone_id": "0202HMEKCDTNQCLZ9QGKBK", "tract_id": "12057013706", "city": "RIVERVIEW, FL", "zone_code": "PD", "zone_category": "Other", "ev_permitted": false}, "geometry": {"type": "Polygon", "coordinates": [[[-82.342270666044, 27.896931406516], [-82.3421081271531, 27.8969318094271], [-82.342108219481, 27.8969611487604], [-82.3422707584157, 27.8969607458489], [-82.342270666044, 27.896931406516]]]}}, {"type": "Feature", "properties": {"zone_id": "0200W7YQWOYDR5FAXV0543", "tract_id": "12057013706", "city": "RIVERVIEW, FL", "zone_code": "PD", "zone_category": "Other", "ev_permitted": false}, "geometry": {"type": "Polygon", "coordinates": [[[-82.3422707584157, 27.8969607458489], [-82.342108219481, 27.8969611487604], [-82.342108311809, 27.8969904880936], [-82.3422708507875, 27.8969900851817], [-82.3422707584157, 27.8969607458489]]]}}, {"type": "Feature", "properties": {"zone_id": "0207MJJP8OCHMBBGD53QYX", "tract_id": "12057013706", "city": "RIVERVIEW, FL", "zone_code": "PD", "zone_category": "Other", "ev_permitted": false}, "geometry": {"type": "Polygon", "coordinates": [[[-82.3422708507875, 27.8969900851817], [-82.342108311809, 27.8969904880936], [-82.3421084041371, 27.8970198274267], [-82.3422709431594, 27.8970194245144], [-82.3422708507875, 27.8969900851817]]]}}, {"type": "Feature", "properties": {"zone_id": "02000TRF2GNQILFHOF6I3X", "tract_id": "12057013706", "city": "RIVERVIEW, FL", "zone_code": "PD", "zone_category": "Other", "ev_permitted": false}, "geometry": {"type": "Polygon", "coordinates": [[[-82.3422709431594, 27.8970194245144], [-82.3421084041371, 27.8970198274267], [-82.3421084964654, 27.8970491667596], [-82.3422710355315, 27.8970487638469], [-82.3422709431594, 27.8970194245144]]]}}, {"type": "Feature", "properties": {"zone_id": "0206IOXJV9TZH38CSL9FWJ", "tract_id": "12057013706", "city": "RIVERVIEW, FL", "zone_code": "PD", "zone_category": "Other", "ev_permitted": false}, "geometry": {"type": "Polygon", "coordinates": [[[-82.3425170682387, 27.8968542807511], [-82.3424307659844, 27.8968706581505], [-82.3424386375028, 27.8969008011955], [-82.3425248821959, 27.8968842010355], [-82.3425170682387, 27.8968542807511]]]}}, {"type": "Feature", "properties": {"zone_id": "02067XVVZPUYQOMN06GWB3", "tract_id": "12057013706", "city": "RIVERVIEW, FL", "zone_code": "PD", "zone_category": "Other", "ev_permitted": false}, "geometry": {"type": "Polygon", "coordinates": [[[-82.3424307659844, 27.8968706581505], [-82.3423444637035, 27.896887035496], [-82.3423523938013, 27.8969174022015], [-82.3424386375028, 27.8969008011955], [-82.3424307659844, 27.8968706581505]]]}}, {"type": "Feature", "properties": {"zone_id": "02014YQZDNXEWYC50WT7CX", "tract_id": "12057013706", "city": "RIVERVIEW, FL", "zone_code": "PD", "zone_category": "Other", "ev_permitted": false}, "geometry": {"type": "Polygon", "coordinates": [[[-82.3422704812982, 27.8968727269474], [-82.3421079424949, 27.8968731298576], [-82.3421080348225, 27.8969024691912], [-82.3422705736696, 27.8969020662805], [-82.3422704812982, 27.8968727269474]]]}}, {"type": "Feature", "properties": {"zone_id": "0205ATWD0DJ0Z0XSG1TTRL", "tract_id": "12057013706", "city": "RIVERVIEW, FL", "zone_code": "PD", "zone_category": "Other", "ev_permitted": false}, "geometry": {"type": "MultiPolygon", "coordinates": [[[[-82.3419057908223, 27.8971016467052], [-82.3418707030058, 27.8971017336065], [-82.341870876002, 27.8971567448562], [-82.3419059638362, 27.8971566579547], [-82.3419057908223, 27.8971016467052]]], [[[-82.3422705736696, 27.8969020662805], [-82.3421080348225, 27.8969024691912], [-82.3421081271531, 27.8969318094271], [-82.342270666044, 27.896931406516], [-82.3422705736696, 27.8969020662805]]]]}}, {"type": "Feature", "properties": {"zone_id": "0201VVM8CK8TNATB5TIUCE", "tract_id": "12057013706", "city": "RIVERVIEW, FL", "zone_code": "PD", "zone_category": "Other", "ev_permitted": false}, "geometry": {"type": "Polygon", "coordinates": [[[-82.3421081271531, 27.8969318094271], [-82.3419455872431, 27.896932212149], [-82.3419456795272, 27.8969615514827], [-82.342108219481, 27.8969611487604], [-82.3421081271531, 27.8969318094271]]]}}, {"type": "Feature", "properties": {"zone_id": "0205DAIEUZHMPSVNX7U3MG", "tract_id": "12057013706", "city": "RIVERVIEW, FL", "zone_code": "PD", "zone_category": "Other", "ev_permitted": false}, "geometry": {"type": "Polygon", "coordinates": [[[-82.342108219481, 27.8969611487604], [-82.3419456795272, 27.8969615514827], [-82.3419457718114, 27.8969908908164], [-82.342108311809, 27.8969904880936], [-82.342108219481, 27.8969611487604]]]}}, {"type": "Feature", "properties": {"zone_id": "0206J6G3KWT8EUTE0AU1LP", "tract_id": "12057013706", "city": "RIVERVIEW, FL", "zone_code": "PD", "zone_category": "Other", "ev_permitted": false}, "geometry": {"type": "Polygon", "coordinates": [[[-82.342108311809, 27.8969904880936], [-82.3419457718114, 27.8969908908164], [-82.3419458640958, 27.8970202301498], [-82.3421084041371, 27.8970198274267], [-82.342108311809, 27.8969904880936]]]}}, {"type": "Feature", "properties": {"zone_id": "02060AZWTIF0RMEEYNOP5V", "tract_id": "12057013706", "city": "RIVERVIEW, FL", "zone_code": "PD", "zone_category": "Other", "ev_permitted": false}, "geometry": {"type": "Polygon", "coordinates": [[[-82.3421084041371, 27.8970198274267], [-82.3419458640958, 27.8970202301498], [-82.3419459563802, 27.8970495694832], [-82.3421084964654, 27.8970491667596], [-82.3421084041371, 27.8970198274267]]]}}, {"type": "Feature", "properties": {"zone_id": "0205YH3M5PKGHQGIHQIMBG", "tract_id": "12057013706", "city": "RIVERVIEW, FL", "zone_code": "PD", "zone_category": "Other", "ev_permitted": false}, "geometry": {"type": "Polygon", "coordinates": [[[-82.3421080348225, 27.8969024691912], [-82.3419454949563, 27.8969028719127], [-82.3419455872431, 27.896932212149], [-82.3421081271531, 27.8969318094271], [-82.3421080348225, 27.8969024691912]]]}}, {"type": "Feature", "properties": {"zone_id": "02003O6MGGA0LTDURVQX00", "tract_id": "12057013706", "city": "RIVERVIEW, FL", "zone_code": "PD", "zone_category": "Other", "ev_permitted": false}, "geometry": {"type": "MultiPolygon", "coordinates": [[[[-82.3418707030058, 27.8971017336065], [-82.3418356151892, 27.8971018204989], [-82.3418357881676, 27.8971568317487], [-82.341870876002, 27.8971567448562], [-82.3418707030058, 27.8971017336065]]], [[[-82.3420461431025, 27.897101299008], [-82.3419057908223, 27.8971016467052], [-82.3419059638362, 27.8971566579547], [-82.3420463161873, 27.8971563102568], [-82.3420461431025, 27.897101299008]]], [[[-82.3410844013704, 27.8964626851921], [-82.3410226370102, 27.8964665801338], [-82.3410325751857, 27.8965909599592], [-82.3410943396188, 27.896587065915], [-82.3410844013704, 27.8964626851921]]], [[[-82.3424210784327, 27.8958208397986], [-82.3423509026131, 27.8958210138516], [-82.3423510758425, 27.8958760251092], [-82.3424212516976, 27.8958758510559], [-82.3424210784327, 27.8958208397986]]], [[[-82.3425614280385, 27.8958204915905], [-82.3424561658344, 27.89582075276], [-82.342456339117, 27.8958757640171], [-82.3425616013743, 27.8958755028471], [-82.3425614280385, 27.8958204915905]]], [[[-82.3425325727209, 27.8955434887395], [-82.342392222456, 27.8955438369183], [-82.3423923957043, 27.8955988481779], [-82.3425327460401, 27.8955984999984], [-82.3425325727209, 27.8955434887395]]], [[[-82.34046658897, 27.8955432121051], [-82.3404473395886, 27.8956031669159], [-82.3405068836288, 27.8956182565638], [-82.3405261329799, 27.895558301745], [-82.34046658897, 27.8955432121051]]], [[[-82.3404858373119, 27.8954832563913], [-82.3404762136514, 27.8955132342473], [-82.3405357576462, 27.8955283238833], [-82.3405453823101, 27.8954983469232], [-82.3404858373119, 27.8954832563913]]], [[[-82.3427997909258, 27.8947881807149], [-82.3427378725709, 27.8947883344568], [-82.3427383639215, 27.8949441997037], [-82.342800282365, 27.8949440459609], [-82.3427997909258, 27.8947881807149]]], [[[-82.3412400155566, 27.8944355880853], [-82.3411946906148, 27.8944730667409], [-82.3413381174389, 27.8946099833371], [-82.3413834423874, 27.894572504635], [-82.3412400155566, 27.8944355880853]]]]}}, {"type": "Feature", "properties": {"zone_id": "0202NU3TV7WL08XV7IKGUY", "tract_id": "12057013706", "city": "RIVERVIEW, FL", "zone_code": "PD", "zone_category": "Other", "ev_permitted": false}, "geometry": {"type": "Polygon", "coordinates": [[[-82.3401242684691, 27.894046388571], [-82.3401241757491, 27.8940738946526], [-82.3399404330576, 27.8940734023916], [-82.3399450756254, 27.8945774844341], [-82.3393473895208, 27.8949326153836], [-82.3396075494622, 27.8952782280652], [-82.3401547621158, 27.8959457971908], [-82.3411484249198, 27.8972657950019], [-82.3430686949832, 27.8972689403414], [-82.3430297376685, 27.8940541346636], [-82.3401242684691, 27.894046388571]], [[-82.3421593134722, 27.8943545987964], [-82.3426794270095, 27.8943556901878], [-82.3426789751881, 27.8945262257673], [-82.3421588608362, 27.8945251343798], [-82.3421593134722, 27.8943545987964]], [[-82.3418730627161, 27.8943761927559], [-82.3420650091226, 27.8943764319931], [-82.3420642397426, 27.8948660353009], [-82.3418722914572, 27.894865796071], [-82.3418730627161, 27.8943761927559]], [[-82.3408994554772, 27.8944354539664], [-82.3413195267591, 27.8948763189513], [-82.3411682991898, 27.8949900587419], [-82.340748228071, 27.8945491933022], [-82.3408994554772, 27.8944354539664]], [[-82.3403163107046, 27.8948718037462], [-82.3404325116746, 27.8950075412453], [-82.3399938849445, 27.8953039310757], [-82.3398776841996, 27.8951681941135], [-82.3403163107046, 27.8948718037462]], [[-82.3412400155566, 27.8944355880853], [-82.3413834423874, 27.894572504635], [-82.3413381174389, 27.8946099833371], [-82.3411946906148, 27.8944730667409], [-82.3412400155566, 27.8944355880853]], [[-82.3424713498955, 27.8946105120133], [-82.3426632977228, 27.8946107504121], [-82.3426625310432, 27.8951003536881], [-82.3424705823528, 27.8951001152943], [-82.3424713498955, 27.8946105120133]], [[-82.3413638963425, 27.894946668613], [-82.3419134714057, 27.8949827897625], [-82.3418993126712, 27.8951528611403], [-82.3413497357373, 27.8951167399436], [-82.3413638963425, 27.894946668613]], [[-82.3406291127311, 27.8950118174627], [-82.3408660792534, 27.8952442633975], [-82.3407170612415, 27.895368471657], [-82.3404755794305, 27.895139789783], [-82.3406291127311, 27.8950118174627]], [[-82.3427996926384, 27.8947570076652], [-82.342800282365, 27.8949440459609], [-82.3427383639215, 27.8949441997037], [-82.3427377743012, 27.894757161407], [-82.3427996926384, 27.8947570076652]], [[-82.3421724626396, 27.8951952082722], [-82.3427235320643, 27.895198057372], [-82.3427224160241, 27.8953685900675], [-82.3421713467548, 27.8953657418691], [-82.3421724626396, 27.8951952082722]], [[-82.3408198501538, 27.8953369228032], [-82.3410022506596, 27.8953900428861], [-82.3408305985433, 27.8958552885194], [-82.3406481983525, 27.8958021682153], [-82.3408198501538, 27.8953369228032]], [[-82.3404858373119, 27.8954832563913], [-82.3405453823101, 27.8954983469232], [-82.340487634257, 27.8956782113794], [-82.3404280901864, 27.8956631217236], [-82.3404858373119, 27.8954832563913]], [[-82.3420844702149, 27.8953835733744], [-82.3420862877073, 27.8959611934119], [-82.3418881468206, 27.895961684277], [-82.3418863303793, 27.8953840642297], [-82.3420844702149, 27.8953835733744]], [[-82.3405961975179, 27.895881246784], [-82.3411107885229, 27.8960564503716], [-82.3410421008754, 27.8962156937406], [-82.3405275092226, 27.896040489905], [-82.3405961975179, 27.895881246784]], [[-82.3425676600328, 27.8955434016731], [-82.3425678333698, 27.8955984129319], [-82.3423573083738, 27.8955989351998], [-82.3423571351433, 27.89554392394], [-82.3425676600328, 27.8955434016731]], [[-82.3425614280385, 27.8958204915905], [-82.3425616013743, 27.8958755028471], [-82.3423510758425, 27.8958760251092], [-82.3423509026131, 27.8958210138516], [-82.3425614280385, 27.8958204915905]], [[-82.3414272870604, 27.8960039789732], [-82.3414679023097, 27.896492250712], [-82.3412764738342, 27.8965048183663], [-82.3412358594373, 27.896016546566], [-82.3414272870604, 27.8960039789732]], [[-82.3410819168128, 27.8964315902364], [-82.3410968231682, 27.8966181608721], [-82.3410350587176, 27.8966220549176], [-82.3410201534859, 27.8964354851745], [-82.3410819168128, 27.8964315902364]], [[-82.3427076572726, 27.8960358816591], [-82.3427082121903, 27.896211917671], [-82.3420580599167, 27.8962135302023], [-82.3420575060501, 27.8960374941807], [-82.3427076572726, 27.8960358816591]], [[-82.3425303138306, 27.8962830892867], [-82.3427222635899, 27.8962833275855], [-82.3427214972459, 27.8967729298391], [-82.3425295466234, 27.8967726915452], [-82.3425303138306, 27.8962830892867]], [[-82.3414867804829, 27.8965758558843], [-82.3415251140138, 27.897036696855], [-82.3413336845863, 27.8970492636918], [-82.3412953508443, 27.8965884226657], [-82.3414867804829, 27.8965758558843]], [[-82.3426896736834, 27.896821525788], [-82.3427358565677, 27.8969983662649], [-82.3423920453737, 27.897069235717], [-82.3423444637035, 27.896887035496], [-82.3426896736834, 27.896821525788]], [[-82.3422704812982, 27.8968727269474], [-82.3422710355315, 27.8970487638469], [-82.3416208782312, 27.8970503743503], [-82.3416203250491, 27.896874337441], [-82.3422704812982, 27.8968727269474]], [[-82.3420461431025, 27.897101299008], [-82.3420463161873, 27.8971563102568], [-82.3418357881676, 27.8971568317487], [-82.3418356151892, 27.8971018204989], [-82.3420461431025, 27.897101299008]]]}}, {"type": "Feature", "properties": {"zone_id": "02054FDLBOD707V28WWEBX", "tract_id": "12057013706", "city": "RIVERVIEW, FL", "zone_code": "PD", "zone_category": "Other", "ev_permitted": false}, "geometry": {"type": "Polygon", "coordinates": [[[-82.3425561370501, 27.8970038812676], [-82.3424701266737, 27.8970213751666], [-82.3424779982143, 27.8970515182085], [-82.3425639510263, 27.8970338006466], [-82.3425561370501, 27.8970038812676]]]}}, {"type": "Feature", "properties": {"zone_id": "0204PZB2J9ENEC8ZQ3KV6O", "tract_id": "12057013706", "city": "RIVERVIEW, FL", "zone_code": "PD", "zone_category": "Other", "ev_permitted": false}, "geometry": {"type": "Polygon", "coordinates": [[[-82.3425483230753, 27.8969739609855], [-82.3424622541189, 27.8969912312241], [-82.3424701266737, 27.8970213751666], [-82.3425561370501, 27.8970038812676], [-82.3425483230753, 27.8969739609855]]]}}, {"type": "Feature", "properties": {"zone_id": "020682QIVER4WV73YNXVTP", "tract_id": "12057013706", "city": "RIVERVIEW, FL", "zone_code": "PD", "zone_category": "Other", "ev_permitted": false}, "geometry": {"type": "Polygon", "coordinates": [[[-82.3419454949563, 27.8969028719127], [-82.3417829561025, 27.8969032744401], [-82.3417830483454, 27.8969326146768], [-82.3419455872431, 27.896932212149], [-82.3419454949563, 27.8969028719127]]]}}, {"type": "Feature", "properties": {"zone_id": "0200JBWW4HHDVF0GKFQXCD", "tract_id": "12057013706", "city": "RIVERVIEW, FL", "zone_code": "PD", "zone_category": "Other", "ev_permitted": false}, "geometry": {"type": "Polygon", "coordinates": [[[-82.3419455872431, 27.896932212149], [-82.3417830483454, 27.8969326146768], [-82.3417831405857, 27.8969619540109], [-82.3419456795272, 27.8969615514827], [-82.3419455872431, 27.896932212149]]]}}, {"type": "Feature", "properties": {"zone_id": "0204YBLDGGGWEJ68WSO9SI", "tract_id": "12057013706", "city": "RIVERVIEW, FL", "zone_code": "PD", "zone_category": "Other", "ev_permitted": false}, "geometry": {"type": "Polygon", "coordinates": [[[-82.3419456795272, 27.8969615514827], [-82.3417831405857, 27.8969619540109], [-82.3417832328262, 27.8969912933449], [-82.3419457718114, 27.8969908908164], [-82.3419456795272, 27.8969615514827]]]}}, {"type": "Feature", "properties": {"zone_id": "02055YX8VOZ2601396XVRK", "tract_id": "12057013706", "city": "RIVERVIEW, FL", "zone_code": "PD", "zone_category": "Other", "ev_permitted": false}, "geometry": {"type": "Polygon", "coordinates": [[[-82.3419457718114, 27.8969908908164], [-82.3417832328262, 27.8969912933449], [-82.3417833250667, 27.8970206326788], [-82.3419458640958, 27.8970202301498], [-82.3419457718114, 27.8969908908164]]]}}, {"type": "Feature", "properties": {"zone_id": "0206EB8B6DG4Y9SWDBXW6V", "tract_id": "12057013706", "city": "RIVERVIEW, FL", "zone_code": "PD", "zone_category": "Other", "ev_permitted": false}, "geometry": {"type": "Polygon", "coordinates": [[[-82.3419458640958, 27.8970202301498], [-82.3417833250667, 27.8970206326788], [-82.3417834173074, 27.8970499720126], [-82.3419459563802, 27.8970495694832], [-82.3419458640958, 27.8970202301498]]]}}, {"type": "Feature", "properties": {"zone_id": "02079YOLI6MPH1BXUPN60K", "tract_id": "12057013706", "city": "RIVERVIEW, FL", "zone_code": "PD", "zone_category": "Other", "ev_permitted": false}, "geometry": {"type": "Polygon", "coordinates": [[[-82.3421079424949, 27.8968731298576], [-82.3419454026725, 27.8968735325788], [-82.3419454949563, 27.8969028719127], [-82.3421080348225, 27.8969024691912], [-82.3421079424949, 27.8968731298576]]]}}, {"type": "Feature", "properties": {"zone_id": "0203V2ATOKBHP8G71KTR33", "tract_id": "12057013706", "city": "RIVERVIEW, FL", "zone_code": "PD", "zone_category": "Other", "ev_permitted": false}, "geometry": {"type": "Polygon", "coordinates": [[[-82.3419454026725, 27.8968735325788], [-82.3417828638625, 27.8968739351057], [-82.3417829561025, 27.8969032744401], [-82.3419454949563, 27.8969028719127], [-82.3419454026725, 27.8968735325788]]]}}, {"type": "Feature", "properties": {"zone_id": "0205Y0KV0TJRCNP1OSNA9M", "tract_id": "12057013706", "city": "RIVERVIEW, FL", "zone_code": "PD", "zone_category": "Other", "ev_permitted": false}, "geometry": {"type": "MultiPolygon", "coordinates": [[[[-82.3417829561025, 27.8969032744401], [-82.3416204172453, 27.8969036767758], [-82.3416205094445, 27.8969330170129], [-82.3417830483454, 27.8969326146768], [-82.3417829561025, 27.8969032744401]]], [[[-82.3410943396188, 27.896587065915], [-82.3410325751857, 27.8965909599592], [-82.3410350587176, 27.8966220549176], [-82.3410968231682, 27.8966181608721], [-82.3410943396188, 27.896587065915]]]]}}, {"type": "Feature", "properties": {"zone_id": "02034K3VKEWI2I39NI6LMW", "tract_id": "12057013706", "city": "RIVERVIEW, FL", "zone_code": "PD", "zone_category": "Other", "ev_permitted": false}, "geometry": {"type": "Polygon", "coordinates": [[[-82.3417832328262, 27.8969912933449], [-82.3416206938376, 27.8969916956818], [-82.3416207860343, 27.8970210350161], [-82.3417833250667, 27.8970206326788], [-82.3417832328262, 27.8969912933449]]]}}, {"type": "Feature", "properties": {"zone_id": "02029XQJJZJP46GS3N31SB", "tract_id": "12057013706", "city": "RIVERVIEW, FL", "zone_code": "PD", "zone_category": "Other", "ev_permitted": false}, "geometry": {"type": "Polygon", "coordinates": [[[-82.3417830483454, 27.8969326146768], [-82.3416205094445, 27.8969330170129], [-82.341620601641, 27.8969623563474], [-82.3417831405857, 27.8969619540109], [-82.3417830483454, 27.8969326146768]]]}}, {"type": "Feature", "properties": {"zone_id": "0207OBJCTNOY0W5X2CUG4V", "tract_id": "12057013706", "city": "RIVERVIEW, FL", "zone_code": "PD", "zone_category": "Other", "ev_permitted": false}, "geometry": {"type": "Polygon", "coordinates": [[[-82.3417831405857, 27.8969619540109], [-82.341620601641, 27.8969623563474], [-82.3416206938376, 27.8969916956818], [-82.3417832328262, 27.8969912933449], [-82.3417831405857, 27.8969619540109]]]}}, {"type": "Feature", "properties": {"zone_id": "0202GW04J16YC7QHOJ8YPH", "tract_id": "12057013706", "city": "RIVERVIEW, FL", "zone_code": "PD", "zone_category": "Other", "ev_permitted": false}, "geometry": {"type": "Polygon", "coordinates": [[[-82.3417833250667, 27.8970206326788], [-82.3416207860343, 27.8970210350161], [-82.3416208782312, 27.8970503743503], [-82.3417834173074, 27.8970499720126], [-82.3417833250667, 27.8970206326788]]]}}, {"type": "Feature", "properties": {"zone_id": "0202C5K1NU42SKQ4H8CDN4", "tract_id": "12057013706", "city": "RIVERVIEW, FL", "zone_code": "PD", "zone_category": "Other", "ev_permitted": false}, "geometry": {"type": "Polygon", "coordinates": [[[-82.3415187254046, 27.8969598894271], [-82.3414868201885, 27.8969619843688], [-82.3414932087725, 27.8970387908959], [-82.3415251140138, 27.897036696855], [-82.3415187254046, 27.8969598894271]]]}}, {"type": "Feature", "properties": {"zone_id": "02058U3IPXXHNGPLAWEYIK", "tract_id": "12057013706", "city": "RIVERVIEW, FL", "zone_code": "PD", "zone_category": "Other", "ev_permitted": false}, "geometry": {"type": "Polygon", "coordinates": [[[-82.3417828638625, 27.8968739351057], [-82.3416203250491, 27.896874337441], [-82.3416204172453, 27.8969036767758], [-82.3417829561025, 27.8969032744401], [-82.3417828638625, 27.8968739351057]]]}}, {"type": "Feature", "properties": {"zone_id": "0202QJ460GHGEOTSNRF3BQ", "tract_id": "12057013706", "city": "RIVERVIEW, FL", "zone_code": "PD", "zone_category": "Other", "ev_permitted": false}, "geometry": {"type": "Polygon", "coordinates": [[[-82.3414804316141, 27.8968851778405], [-82.3414485264162, 27.8968872718708], [-82.3414549149711, 27.8969640793031], [-82.3414868201885, 27.8969619843688], [-82.3414804316141, 27.8968851778405]]]}}, {"type": "Feature", "properties": {"zone_id": "0206HLJ7KRO7Z5D5EBWXOM", "tract_id": "12057013706", "city": "RIVERVIEW, FL", "zone_code": "PD", "zone_category": "Other", "ev_permitted": false}, "geometry": {"type": "Polygon", "coordinates": [[[-82.3414485264162, 27.8968872718708], [-82.3414166212198, 27.8968893667961], [-82.3414230107652, 27.8969661733251], [-82.3414549149711, 27.8969640793031], [-82.3414485264162, 27.8968872718708]]]}}, {"type": "Feature", "properties": {"zone_id": "02004EYXT9F58C5OD6PN78", "tract_id": "12057013706", "city": "RIVERVIEW, FL", "zone_code": "PD", "zone_category": "Other", "ev_permitted": false}, "geometry": {"type": "Polygon", "coordinates": [[[-82.3414166212198, 27.8968893667961], [-82.3413847160193, 27.8968914608116], [-82.3413911055452, 27.8969682682447], [-82.3414230107652, 27.8969661733251], [-82.3414166212198, 27.8968893667961]]]}}, {"type": "Feature", "properties": {"zone_id": "0200CFX1IVYY7JX2GMUKC9", "tract_id": "12057013706", "city": "RIVERVIEW, FL", "zone_code": "PD", "zone_category": "Other", "ev_permitted": false}, "geometry": {"type": "Polygon", "coordinates": [[[-82.3413847160193, 27.8968914608116], [-82.341352811836, 27.8968935557197], [-82.341359200321, 27.8969703622544], [-82.3413911055452, 27.8969682682447], [-82.3413847160193, 27.8968914608116]]]}}, {"type": "Feature", "properties": {"zone_id": "02063TPID5WEA3APGL0AHS", "tract_id": "12057013706", "city": "RIVERVIEW, FL", "zone_code": "PD", "zone_category": "Other", "ev_permitted": false}, "geometry": {"type": "Polygon", "coordinates": [[[-82.341352811836, 27.8968935557197], [-82.3413209066357, 27.8968956506229], [-82.3413272950983, 27.8969724571592], [-82.341359200321, 27.8969703622544], [-82.341352811836, 27.8968935557197]]]}}, {"type": "Feature", "properties": {"zone_id": "0204OY7J67HR5XRMU3D6WL", "tract_id": "12057013706", "city": "RIVERVIEW, FL", "zone_code": "PD", "zone_category": "Other", "ev_permitted": false}, "geometry": {"type": "Polygon", "coordinates": [[[-82.3414868201885, 27.8969619843688], [-82.3414549149711, 27.8969640793031], [-82.3414613045484, 27.8970408858293], [-82.3414932087725, 27.8970387908959], [-82.3414868201885, 27.8969619843688]]]}}, {"type": "Feature", "properties": {"zone_id": "0201G8GKXQQVH0BEQ0UPPN", "tract_id": "12057013706", "city": "RIVERVIEW, FL", "zone_code": "PD", "zone_category": "Other", "ev_permitted": false}, "geometry": {"type": "Polygon", "coordinates": [[[-82.3415123357921, 27.896883082903], [-82.3414804316141, 27.8968851778405], [-82.3414868201885, 27.8969619843688], [-82.3415187254046, 27.8969598894271], [-82.3415123357921, 27.896883082903]]]}}, {"type": "Feature", "properties": {"zone_id": "02012YDLULGWSMNNKWHUC9", "tract_id": "12057013706", "city": "RIVERVIEW, FL", "zone_code": "PD", "zone_category": "Other", "ev_permitted": false}, "geometry": {"type": "Polygon", "coordinates": [[[-82.3414549149711, 27.8969640793031], [-82.3414230107652, 27.8969661733251], [-82.3414293993045, 27.8970429798554], [-82.3414613045484, 27.8970408858293], [-82.3414549149711, 27.8969640793031]]]}}, {"type": "Feature", "properties": {"zone_id": "0206NPR5BZDIS88KSXVGAY", "tract_id": "12057013706", "city": "RIVERVIEW, FL", "zone_code": "PD", "zone_category": "Other", "ev_permitted": false}, "geometry": {"type": "Polygon", "coordinates": [[[-82.3414230107652, 27.8969661733251], [-82.3413911055452, 27.8969682682447], [-82.3413974940621, 27.8970450747765], [-82.3414293993045, 27.8970429798554], [-82.3414230107652, 27.8969661733251]]]}}, {"type": "Feature", "properties": {"zone_id": "0205RT17A168ORY2FXRJMX", "tract_id": "12057013706", "city": "RIVERVIEW, FL", "zone_code": "PD", "zone_category": "Other", "ev_permitted": false}, "geometry": {"type": "Polygon", "coordinates": [[[-82.3413911055452, 27.8969682682447], [-82.341359200321, 27.8969703622544], [-82.3413655888184, 27.8970471696903], [-82.3413974940621, 27.8970450747765], [-82.3413911055452, 27.8969682682447]]]}}, {"type": "Feature", "properties": {"zone_id": "0200U7DJ9RCO4I8HAUHQEQ", "tract_id": "12057013706", "city": "RIVERVIEW, FL", "zone_code": "PD", "zone_category": "Other", "ev_permitted": false}, "geometry": {"type": "Polygon", "coordinates": [[[-82.341359200321, 27.8969703622544], [-82.3413272950983, 27.8969724571592], [-82.3413336845863, 27.8970492636918], [-82.3413655888184, 27.8970471696903], [-82.341359200321, 27.8969703622544]]]}}, {"type": "Feature", "properties": {"zone_id": "0203X7KI1FHWVOBB7JBPHP", "tract_id": "12057013706", "city": "RIVERVIEW, FL", "zone_code": "PD", "zone_category": "Other", "ev_permitted": false}, "geometry": {"type": "Polygon", "coordinates": [[[-82.3414995586247, 27.8967294689436], [-82.3414676534757, 27.8967315638804], [-82.3414740420308, 27.8968083704111], [-82.341505947205, 27.8968062763751], [-82.3414995586247, 27.8967294689436]]]}}, {"type": "Feature", "properties": {"zone_id": "02034S5ODRD40D0L3A0RCT", "tract_id": "12057013706", "city": "RIVERVIEW, FL", "zone_code": "PD", "zone_category": "Other", "ev_permitted": false}, "geometry": {"type": "Polygon", "coordinates": [[[-82.341505947205, 27.8968062763751], [-82.3414740420308, 27.8968083704111], [-82.3414804316141, 27.8968851778405], [-82.3415123357921, 27.896883082903], [-82.341505947205, 27.8968062763751]]]}}, {"type": "Feature", "properties": {"zone_id": "0203UFZRXF3XKK0J1D3OD2", "tract_id": "12057013706", "city": "RIVERVIEW, FL", "zone_code": "PD", "zone_category": "Other", "ev_permitted": false}, "geometry": {"type": "Polygon", "coordinates": [[[-82.3414676534757, 27.8967315638804], [-82.3414357483253, 27.8967336588099], [-82.3414421378738, 27.8968104653397], [-82.3414740420308, 27.8968083704111], [-82.3414676534757, 27.8967315638804]]]}}, {"type": "Feature", "properties": {"zone_id": "0204AUT4YWWVKUISSQILS1", "tract_id": "12057013706", "city": "RIVERVIEW, FL", "zone_code": "PD", "zone_category": "Other", "ev_permitted": false}, "geometry": {"type": "Polygon", "coordinates": [[[-82.3414357483253, 27.8967336588099], [-82.3414038431708, 27.8967357528296], [-82.3414102326998, 27.8968125602634], [-82.3414421378738, 27.8968104653397], [-82.3414357483253, 27.8967336588099]]]}}, {"type": "Feature", "properties": {"zone_id": "0202ZALOU11IGRV7HRPE8B", "tract_id": "12057013706", "city": "RIVERVIEW, FL", "zone_code": "PD", "zone_category": "Other", "ev_permitted": false}, "geometry": {"type": "Polygon", "coordinates": [[[-82.3414038431708, 27.8967357528296], [-82.3413719390335, 27.8967378477418], [-82.3413783275216, 27.8968146542773], [-82.3414102326998, 27.8968125602634], [-82.3414038431708, 27.8967357528296]]]}}, {"type": "Feature", "properties": {"zone_id": "02006UXB2BAOKMNCX98BVO", "tract_id": "12057013706", "city": "RIVERVIEW, FL", "zone_code": "PD", "zone_category": "Other", "ev_permitted": false}, "geometry": {"type": "Polygon", "coordinates": [[[-82.3413719390335, 27.8967378477418], [-82.3413400338764, 27.8967399417467], [-82.341346422345, 27.8968167491863], [-82.3413783275216, 27.8968146542773], [-82.3413719390335, 27.8967378477418]]]}}, {"type": "Feature", "properties": {"zone_id": "0202W85ELS4A0LW57I2QF3", "tract_id": "12057013706", "city": "RIVERVIEW, FL", "zone_code": "PD", "zone_category": "Other", "ev_permitted": false}, "geometry": {"type": "Polygon", "coordinates": [[[-82.3414740420308, 27.8968083704111], [-82.3414421378738, 27.8968104653397], [-82.3414485264162, 27.8968872718708], [-82.3414804316141, 27.8968851778405], [-82.3414740420308, 27.8968083704111]]]}}, {"type": "Feature", "properties": {"zone_id": "020178MKQ9BB8FT4BECEVN", "tract_id": "12057013706", "city": "RIVERVIEW, FL", "zone_code": "PD", "zone_category": "Other", "ev_permitted": false}, "geometry": {"type": "Polygon", "coordinates": [[[-82.3414421378738, 27.8968104653397], [-82.3414102326998, 27.8968125602634], [-82.3414166212198, 27.8968893667961], [-82.3414485264162, 27.8968872718708], [-82.3414421378738, 27.8968104653397]]]}}, {"type": "Feature", "properties": {"zone_id": "0204659WQ8HPJG6LZ3FHKK", "tract_id": "12057013706", "city": "RIVERVIEW, FL", "zone_code": "PD", "zone_category": "Other", "ev_permitted": false}, "geometry": {"type": "Polygon", "coordinates": [[[-82.3414102326998, 27.8968125602634], [-82.3413783275216, 27.8968146542773], [-82.3413847160193, 27.8968914608116], [-82.3414166212198, 27.8968893667961], [-82.3414102326998, 27.8968125602634]]]}}, {"type": "Feature", "properties": {"zone_id": "02038AIH2L848LT7G46LNF", "tract_id": "12057013706", "city": "RIVERVIEW, FL", "zone_code": "PD", "zone_category": "Other", "ev_permitted": false}, "geometry": {"type": "Polygon", "coordinates": [[[-82.3413783275216, 27.8968146542773], [-82.341346422345, 27.8968167491863], [-82.341352811836, 27.8968935557197], [-82.3413847160193, 27.8968914608116], [-82.3413783275216, 27.8968146542773]]]}}, {"type": "Feature", "properties": {"zone_id": "0204SD2WQO0PQOWD8O957S", "tract_id": "12057013706", "city": "RIVERVIEW, FL", "zone_code": "PD", "zone_category": "Other", "ev_permitted": false}, "geometry": {"type": "Polygon", "coordinates": [[[-82.341346422345, 27.8968167491863], [-82.3413145181799, 27.8968188431829], [-82.3413209066357, 27.8968956506229], [-82.341352811836, 27.8968935557197], [-82.341346422345, 27.8968167491863]]]}}, {"type": "Feature", "properties": {"zone_id": "02041ZS0Z4B0U5W0ZB00S9", "tract_id": "12057013706", "city": "RIVERVIEW, FL", "zone_code": "PD", "zone_category": "Other", "ev_permitted": false}, "geometry": {"type": "Polygon", "coordinates": [[[-82.3413400338764, 27.8967399417467], [-82.3413081287208, 27.8967420366467], [-82.3413145181799, 27.8968188431829], [-82.341346422345, 27.8968167491863], [-82.3413400338764, 27.8967399417467]]]}}, {"type": "Feature", "properties": {"zone_id": "0204N894B8QKB1F22RX7O0", "tract_id": "12057013706", "city": "RIVERVIEW, FL", "zone_code": "PD", "zone_category": "Other", "ev_permitted": false}, "geometry": {"type": "Polygon", "coordinates": [[[-82.3425453970528, 27.8961243030841], [-82.3423828593714, 27.8961247063109], [-82.3423829517701, 27.896154045647], [-82.3425454894953, 27.8961536424197], [-82.3425453970528, 27.8961243030841]]]}}, {"type": "Feature", "properties": {"zone_id": "0206B6B0XJ7KRQLV2MMEER", "tract_id": "12057013706", "city": "RIVERVIEW, FL", "zone_code": "PD", "zone_category": "Other", "ev_permitted": false}, "geometry": {"type": "Polygon", "coordinates": [[[-82.3425454894953, 27.8961536424197], [-82.3423829517701, 27.896154045647], [-82.3423830441691, 27.8961833849829], [-82.342545581938, 27.8961829817553], [-82.3425454894953, 27.8961536424197]]]}}, {"type": "Feature", "properties": {"zone_id": "0200Y38ARSSV2PQ551GY6H", "tract_id": "12057013706", "city": "RIVERVIEW, FL", "zone_code": "PD", "zone_category": "Other", "ev_permitted": false}, "geometry": {"type": "Polygon", "coordinates": [[[-82.342545581938, 27.8961829817553], [-82.3423830441691, 27.8961833849829], [-82.3423831365681, 27.8962127243187], [-82.3425456743809, 27.8962123210907], [-82.342545581938, 27.8961829817553]]]}}, {"type": "Feature", "properties": {"zone_id": "02010Q3ZMYWNR9JIJ6ATK5", "tract_id": "12057013706", "city": "RIVERVIEW, FL", "zone_code": "PD", "zone_category": "Other", "ev_permitted": false}, "geometry": {"type": "Polygon", "coordinates": [[[-82.3423828593714, 27.8961247063109], [-82.3422203206709, 27.8961251093486], [-82.3422204130258, 27.896154448685], [-82.3423829517701, 27.896154045647], [-82.3423828593714, 27.8961247063109]]]}}, {"type": "Feature", "properties": {"zone_id": "0200M33ONBJF9KUAM68726", "tract_id": "12057013706", "city": "RIVERVIEW, FL", "zone_code": "PD", "zone_category": "Other", "ev_permitted": false}, "geometry": {"type": "Polygon", "coordinates": [[[-82.3423829517701, 27.896154045647], [-82.3422204130258, 27.896154448685], [-82.342220505381, 27.8961837880214], [-82.3423830441691, 27.8961833849829], [-82.3423829517701, 27.896154045647]]]}}, {"type": "Feature", "properties": {"zone_id": "02021V9MR1CDCCD1PTI2TR", "tract_id": "12057013706", "city": "RIVERVIEW, FL", "zone_code": "PD", "zone_category": "Other", "ev_permitted": false}, "geometry": {"type": "Polygon", "coordinates": [[[-82.3423830441691, 27.8961833849829], [-82.342220505381, 27.8961837880214], [-82.3422205977362, 27.8962131273576], [-82.3423831365681, 27.8962127243187], [-82.3423830441691, 27.8961833849829]]]}}, {"type": "Feature", "properties": {"zone_id": "02030RTM1JDYNIB2XM2HMF", "tract_id": "12057013706", "city": "RIVERVIEW, FL", "zone_code": "PD", "zone_category": "Other", "ev_permitted": false}, "geometry": {"type": "Polygon", "coordinates": [[[-82.3422204130258, 27.896154448685], [-82.3420578752939, 27.8961548515289], [-82.3420579676053, 27.8961841908657], [-82.342220505381, 27.8961837880214], [-82.3422204130258, 27.896154448685]]]}}, {"type": "Feature", "properties": {"zone_id": "02035K0P3VPDE5ELVLDXOZ", "tract_id": "12057013706", "city": "RIVERVIEW, FL", "zone_code": "PD", "zone_category": "Other", "ev_permitted": false}, "geometry": {"type": "Polygon", "coordinates": [[[-82.342220505381, 27.8961837880214], [-82.3420579676053, 27.8961841908657], [-82.3420580599167, 27.8962135302023], [-82.3422205977362, 27.8962131273576], [-82.342220505381, 27.8961837880214]]]}}, {"type": "Feature", "properties": {"zone_id": "0203PZCQCKU0Z0B8S5WY7I", "tract_id": "12057013706", "city": "RIVERVIEW, FL", "zone_code": "PD", "zone_category": "Other", "ev_permitted": false}, "geometry": {"type": "Polygon", "coordinates": [[[-82.3414931690411, 27.8966526624158], [-82.3414612649301, 27.8966547573485], [-82.3414676534757, 27.8967315638804], [-82.3414995586247, 27.8967294689436], [-82.3414931690411, 27.8966526624158]]]}}, {"type": "Feature", "properties": {"zone_id": "0202T8PN28LYB1DIULDK8M", "tract_id": "12057013706", "city": "RIVERVIEW, FL", "zone_code": "PD", "zone_category": "Other", "ev_permitted": false}, "geometry": {"type": "Polygon", "coordinates": [[[-82.3414548753757, 27.8965779499155], [-82.34142297027, 27.8965800448418], [-82.3414293597993, 27.896656851374], [-82.3414612649301, 27.8966547573485], [-82.3414548753757, 27.8965779499155]]]}}, {"type": "Feature", "properties": {"zone_id": "0207C1VMDRGYPO7S1ODETU", "tract_id": "12057013706", "city": "RIVERVIEW, FL", "zone_code": "PD", "zone_category": "Other", "ev_permitted": false}, "geometry": {"type": "Polygon", "coordinates": [[[-82.34142297027, 27.8965800448418], [-82.3413910661788, 27.8965821397581], [-82.34139745467, 27.8966589462945], [-82.3414293597993, 27.896656851374], [-82.34142297027, 27.8965800448418]]]}}, {"type": "Feature", "properties": {"zone_id": "0204ZMW24867VC9KC2SOWC", "tract_id": "12057013706", "city": "RIVERVIEW, FL", "zone_code": "PD", "zone_category": "Other", "ev_permitted": false}, "geometry": {"type": "Polygon", "coordinates": [[[-82.3413591610677, 27.8965842337672], [-82.341327255958, 27.8965863286713], [-82.3413336454203, 27.8966631352084], [-82.3413655495393, 27.8966610412076], [-82.3413591610677, 27.8965842337672]]]}}, {"type": "Feature", "properties": {"zone_id": "0203POESNWY2W4ZOYOQVEU", "tract_id": "12057013706", "city": "RIVERVIEW, FL", "zone_code": "PD", "zone_category": "Other", "ev_permitted": false}, "geometry": {"type": "Polygon", "coordinates": [[[-82.34139745467, 27.8966589462945], [-82.3413655495393, 27.8966610412076], [-82.3413719390335, 27.8967378477418], [-82.3414038431708, 27.8967357528296], [-82.34139745467, 27.8966589462945]]]}}, {"type": "Feature", "properties": {"zone_id": "0204DU15FIJ70QLF72T291", "tract_id": "12057013706", "city": "RIVERVIEW, FL", "zone_code": "PD", "zone_category": "Other", "ev_permitted": false}, "geometry": {"type": "Polygon", "coordinates": [[[-82.3413655495393, 27.8966610412076], [-82.3413336454203, 27.8966631352084], [-82.3413400338764, 27.8967399417467], [-82.3413719390335, 27.8967378477418], [-82.3413655495393, 27.8966610412076]]]}}, {"type": "Feature", "properties": {"zone_id": "0207MQ6AMWOXY57SO7CHJ6", "tract_id": "12057013706", "city": "RIVERVIEW, FL", "zone_code": "PD", "zone_category": "Other", "ev_permitted": false}, "geometry": {"type": "Polygon", "coordinates": [[[-82.3414867804829, 27.8965758558843], [-82.3414548753757, 27.8965779499155], [-82.3414612649301, 27.8966547573485], [-82.3414931690411, 27.8966526624158], [-82.3414867804829, 27.8965758558843]]]}}, {"type": "Feature", "properties": {"zone_id": "0201UDJHZ0Q2YU9U0061BJ", "tract_id": "12057013706", "city": "RIVERVIEW, FL", "zone_code": "PD", "zone_category": "Other", "ev_permitted": false}, "geometry": {"type": "Polygon", "coordinates": [[[-82.3413910661788, 27.8965821397581], [-82.3413591610677, 27.8965842337672], [-82.3413655495393, 27.8966610412076], [-82.34139745467, 27.8966589462945], [-82.3413910661788, 27.8965821397581]]]}}, {"type": "Feature", "properties": {"zone_id": "0207GOHWVKDIEBG5KHMJ0S", "tract_id": "12057013706", "city": "RIVERVIEW, FL", "zone_code": "PD", "zone_category": "Other", "ev_permitted": false}, "geometry": {"type": "Polygon", "coordinates": [[[-82.3414612649301, 27.8966547573485], [-82.3414293597993, 27.896656851374], [-82.3414357483253, 27.8967336588099], [-82.3414676534757, 27.8967315638804], [-82.3414612649301, 27.8966547573485]]]}}, {"type": "Feature", "properties": {"zone_id": "02075AFL8LVQUG9H1FXU21", "tract_id": "12057013706", "city": "RIVERVIEW, FL", "zone_code": "PD", "zone_category": "Other", "ev_permitted": false}, "geometry": {"type": "Polygon", "coordinates": [[[-82.3414293597993, 27.896656851374], [-82.34139745467, 27.8966589462945], [-82.3414038431708, 27.8967357528296], [-82.3414357483253, 27.8967336588099], [-82.3414293597993, 27.896656851374]]]}}, {"type": "Feature", "properties": {"zone_id": "0204SVSRVCHRPEL9N1DI3V", "tract_id": "12057013706", "city": "RIVERVIEW, FL", "zone_code": "PD", "zone_category": "Other", "ev_permitted": false}, "geometry": {"type": "Polygon", "coordinates": [[[-82.341327255958, 27.8965863286713], [-82.3412953508443, 27.8965884226657], [-82.341301740287, 27.8966652301067], [-82.3413336454203, 27.8966631352084], [-82.341327255958, 27.8965863286713]]]}}, {"type": "Feature", "properties": {"zone_id": "0206SYOSK3J2GFL9EA8Q55", "tract_id": "12057013706", "city": "RIVERVIEW, FL", "zone_code": "PD", "zone_category": "Other", "ev_permitted": false}, "geometry": {"type": "Polygon", "coordinates": [[[-82.3413336454203, 27.8966631352084], [-82.341301740287, 27.8966652301067], [-82.3413081287208, 27.8967420366467], [-82.3413400338764, 27.8967399417467], [-82.3413336454203, 27.8966631352084]]]}}, {"type": "Feature", "properties": {"zone_id": "0201B5PN0JDC3PMRTJCHCR", "tract_id": "12057013706", "city": "RIVERVIEW, FL", "zone_code": "PD", "zone_category": "Other", "ev_permitted": false}, "geometry": {"type": "Polygon", "coordinates": [[[-82.3413301292862, 27.8963785613134], [-82.3412982242334, 27.896380655308], [-82.3413083779053, 27.8965027234765], [-82.3413402829908, 27.8965006285769], [-82.3413301292862, 27.8963785613134]]]}}, {"type": "Feature", "properties": {"zone_id": "02069WP45JQ3EF8E2J4ZSK", "tract_id": "12057013706", "city": "RIVERVIEW, FL", "zone_code": "PD", "zone_category": "Other", "ev_permitted": false}, "geometry": {"type": "Polygon", "coordinates": [[[-82.3412982242334, 27.896380655308], [-82.3412663201978, 27.8963827501952], [-82.3412764738342, 27.8965048183663], [-82.3413083779053, 27.8965027234765], [-82.3412982242334, 27.896380655308]]]}}, {"type": "Feature", "properties": {"zone_id": "0200M1ONW7E4N3LNVHVAR2", "tract_id": "12057013706", "city": "RIVERVIEW, FL", "zone_code": "PD", "zone_category": "Other", "ev_permitted": false}, "geometry": {"type": "Polygon", "coordinates": [[[-82.341447594635, 27.8962481143975], [-82.3414156906415, 27.896250209319], [-82.3414258434155, 27.8963722774828], [-82.3414577484602, 27.8963701825563], [-82.341447594635, 27.8962481143975]]]}}, {"type": "Feature", "properties": {"zone_id": "0206WLKVMS1SAG1PHP0M9G", "tract_id": "12057013706", "city": "RIVERVIEW, FL", "zone_code": "PD", "zone_category": "Other", "ev_permitted": false}, "geometry": {"type": "Polygon", "coordinates": [[[-82.3413518806163, 27.8962543982425], [-82.3413199756031, 27.8962564931444], [-82.3413301292862, 27.8963785613134], [-82.3413620343349, 27.8963764664089], [-82.3413518806163, 27.8962543982425]]]}}, {"type": "Feature", "properties": {"zone_id": "02057CRI5PS0B8TR5DE2O0", "tract_id": "12057013706", "city": "RIVERVIEW, FL", "zone_code": "PD", "zone_category": "Other", "ev_permitted": false}, "geometry": {"type": "Polygon", "coordinates": [[[-82.3414577484602, 27.8963701825563], [-82.3414258434155, 27.8963722774828], [-82.3414359972294, 27.8964943456411], [-82.3414679023097, 27.896492250712], [-82.3414577484602, 27.8963701825563]]]}}, {"type": "Feature", "properties": {"zone_id": "0202JLICV0VCP65084DGFQ", "tract_id": "12057013706", "city": "RIVERVIEW, FL", "zone_code": "PD", "zone_category": "Other", "ev_permitted": false}, "geometry": {"type": "Polygon", "coordinates": [[[-82.3414258434155, 27.8963722774828], [-82.3413939393823, 27.8963743714971], [-82.3414040931607, 27.8964964396579], [-82.3414359972294, 27.8964943456411], [-82.3414258434155, 27.8963722774828]]]}}, {"type": "Feature", "properties": {"zone_id": "020117MS0KFMU0YJ6Z4N82", "tract_id": "12057013706", "city": "RIVERVIEW, FL", "zone_code": "PD", "zone_category": "Other", "ev_permitted": false}, "geometry": {"type": "Polygon", "coordinates": [[[-82.3413939393823, 27.8963743714971], [-82.3413620343349, 27.8963764664089], [-82.3413721880779, 27.8964985345723], [-82.3414040931607, 27.8964964396579], [-82.3413939393823, 27.8963743714971]]]}}, {"type": "Feature", "properties": {"zone_id": "0205BRWNSDB0LPW17LTEFE", "tract_id": "12057013706", "city": "RIVERVIEW, FL", "zone_code": "PD", "zone_category": "Other", "ev_permitted": false}, "geometry": {"type": "Polygon", "coordinates": [[[-82.3414156906415, 27.896250209319], [-82.341383785631, 27.8962523042356], [-82.3413939393823, 27.8963743714971], [-82.3414258434155, 27.8963722774828], [-82.3414156906415, 27.896250209319]]]}}, {"type": "Feature", "properties": {"zone_id": "02039CBSK7NOJR9JBP749L", "tract_id": "12057013706", "city": "RIVERVIEW, FL", "zone_code": "PD", "zone_category": "Other", "ev_permitted": false}, "geometry": {"type": "Polygon", "coordinates": [[[-82.341383785631, 27.8962523042356], [-82.3413518806163, 27.8962543982425], [-82.3413620343349, 27.8963764664089], [-82.3413939393823, 27.8963743714971], [-82.341383785631, 27.8962523042356]]]}}, {"type": "Feature", "properties": {"zone_id": "020352KMWMKAEXWQ9L0RND", "tract_id": "12057013706", "city": "RIVERVIEW, FL", "zone_code": "PD", "zone_category": "Other", "ev_permitted": false}, "geometry": {"type": "Polygon", "coordinates": [[[-82.3413620343349, 27.8963764664089], [-82.3413301292862, 27.8963785613134], [-82.3413402829908, 27.8965006285769], [-82.3413721880779, 27.8964985345723], [-82.3413620343349, 27.8963764664089]]]}}, {"type": "Feature", "properties": {"zone_id": "0204VPYXVQY7YLOKNQ0AKX", "tract_id": "12057013706", "city": "RIVERVIEW, FL", "zone_code": "PD", "zone_category": "Other", "ev_permitted": false}, "geometry": {"type": "Polygon", "coordinates": [[[-82.3413199756031, 27.8962564931444], [-82.3412880705886, 27.8962585880389], [-82.3412982242334, 27.896380655308], [-82.3413301292862, 27.8963785613134], [-82.3413199756031, 27.8962564931444]]]}}, {"type": "Feature", "properties": {"zone_id": "0201NQ5XKCP9M9PWTTUVVZ", "tract_id": "12057013706", "city": "RIVERVIEW, FL", "zone_code": "PD", "zone_category": "Other", "ev_permitted": false}, "geometry": {"type": "Polygon", "coordinates": [[[-82.3412880705886, 27.8962585880389], [-82.3412561665857, 27.8962606820211], [-82.3412663201978, 27.8963827501952], [-82.3412982242334, 27.896380655308], [-82.3412880705886, 27.8962585880389]]]}}, {"type": "Feature", "properties": {"zone_id": "020111VXKQ4AGLH2H5P2TA", "tract_id": "12057013706", "city": "RIVERVIEW, FL", "zone_code": "PD", "zone_category": "Other", "ev_permitted": false}, "geometry": {"type": "Polygon", "coordinates": [[[-82.3414055368762, 27.8961281411546], [-82.3413736319011, 27.8961302360687], [-82.341383785631, 27.8962523042356], [-82.3414156906415, 27.896250209319], [-82.3414055368762, 27.8961281411546]]]}}, {"type": "Feature", "properties": {"zone_id": "0202NP59UGS62Y79UIQGUP", "tract_id": "12057013706", "city": "RIVERVIEW, FL", "zone_code": "PD", "zone_category": "Other", "ev_permitted": false}, "geometry": {"type": "Polygon", "coordinates": [[[-82.341437440837, 27.8961260471381], [-82.3414055368762, 27.8961281411546], [-82.3414156906415, 27.896250209319], [-82.341447594635, 27.8962481143975], [-82.341437440837, 27.8961260471381]]]}}, {"type": "Feature", "properties": {"zone_id": "0205CN2SR8ROAUKIXSQU5D", "tract_id": "12057013706", "city": "RIVERVIEW, FL", "zone_code": "PD", "zone_category": "Other", "ev_permitted": false}, "geometry": {"type": "Polygon", "coordinates": [[[-82.3413736319011, 27.8961302360687], [-82.3413417269248, 27.8961323309754], [-82.3413518806163, 27.8962543982425], [-82.341383785631, 27.8962523042356], [-82.3413736319011, 27.8961302360687]]]}}, {"type": "Feature", "properties": {"zone_id": "0201RNLI4642BWMVAHYX1H", "tract_id": "12057013706", "city": "RIVERVIEW, FL", "zone_code": "PD", "zone_category": "Other", "ev_permitted": false}, "geometry": {"type": "Polygon", "coordinates": [[[-82.3413417269248, 27.8961323309754], [-82.3413098219443, 27.8961344249723], [-82.3413199756031, 27.8962564931444], [-82.3413518806163, 27.8962543982425], [-82.3413417269248, 27.8961323309754]]]}}, {"type": "Feature", "properties": {"zone_id": "0204R0K11LY2WZJNZC42TR", "tract_id": "12057013706", "city": "RIVERVIEW, FL", "zone_code": "PD", "zone_category": "Other", "ev_permitted": false}, "geometry": {"type": "Polygon", "coordinates": [[[-82.3413098219443, 27.8961344249723], [-82.341277917981, 27.8961365198617], [-82.3412880705886, 27.8962585880389], [-82.3413199756031, 27.8962564931444], [-82.3413098219443, 27.8961344249723]]]}}, {"type": "Feature", "properties": {"zone_id": "020568JQQW0GO7JOODQQ7R", "tract_id": "12057013706", "city": "RIVERVIEW, FL", "zone_code": "PD", "zone_category": "Other", "ev_permitted": false}, "geometry": {"type": "Polygon", "coordinates": [[[-82.341277917981, 27.8961365198617], [-82.3412460129979, 27.8961386138439], [-82.3412561665857, 27.8962606820211], [-82.3412880705886, 27.8962585880389], [-82.341277917981, 27.8961365198617]]]}}, {"type": "Feature", "properties": {"zone_id": "02033EIPGFHU84AZ6R60IQ", "tract_id": "12057013706", "city": "RIVERVIEW, FL", "zone_code": "PD", "zone_category": "Other", "ev_permitted": false}, "geometry": {"type": "MultiPolygon", "coordinates": [[[[-82.3410819168128, 27.8964315902364], [-82.3410201534859, 27.8964354851745], [-82.3410226370102, 27.8964665801338], [-82.3410844013704, 27.8964626851921], [-82.3410819168128, 27.8964315902364]]], [[[-82.3409821406181, 27.8960126496563], [-82.3409706921558, 27.8960391902112], [-82.3410993400876, 27.8960829909369], [-82.3411107885229, 27.8960564503716], [-82.3409821406181, 27.8960126496563]]]]}}, {"type": "Feature", "properties": {"zone_id": "0200JGH6G7LJQQK129PO9N", "tract_id": "12057013706", "city": "RIVERVIEW, FL", "zone_code": "PD", "zone_category": "Other", "ev_permitted": false}, "geometry": {"type": "Polygon", "coordinates": [[[-82.3409363487672, 27.896118811865], [-82.3409249002828, 27.8961453524159], [-82.3410535483226, 27.8961891531829], [-82.34106499678, 27.8961626126217], [-82.3409363487672, 27.896118811865]]]}}, {"type": "Feature", "properties": {"zone_id": "0204SYKLASUIKAX2DH2Q43", "tract_id": "12057013706", "city": "RIVERVIEW, FL", "zone_code": "PD", "zone_category": "Other", "ev_permitted": false}, "geometry": {"type": "Polygon", "coordinates": [[[-82.3407962523455, 27.8961015515279], [-82.3407848048443, 27.896128092065], [-82.3409134528087, 27.8961718929633], [-82.3409249002828, 27.8961453524159], [-82.3407962523455, 27.8961015515279]]]}}, {"type": "Feature", "properties": {"zone_id": "0203J42MJFUDOYGK6RAU6Z", "tract_id": "12057013706", "city": "RIVERVIEW, FL", "zone_code": "PD", "zone_category": "Other", "ev_permitted": false}, "geometry": {"type": "Polygon", "coordinates": [[[-82.3409249002828, 27.8961453524159], [-82.3409134528087, 27.8961718929633], [-82.3410421008754, 27.8962156937406], [-82.3410535483226, 27.8961891531829], [-82.3409249002828, 27.8961453524159]]]}}, {"type": "Feature", "properties": {"zone_id": "0203BNCC778LTGI0QZGFJP", "tract_id": "12057013706", "city": "RIVERVIEW, FL", "zone_code": "PD", "zone_category": "Other", "ev_permitted": false}, "geometry": {"type": "MultiPolygon", "coordinates": [[[[-82.3422203206709, 27.8961251093486], [-82.3420577829828, 27.8961255121921], [-82.3420578752939, 27.8961548515289], [-82.3422204130258, 27.896154448685], [-82.3422203206709, 27.8961251093486]]], [[[-82.3424561658344, 27.89582075276], [-82.3424210784327, 27.8958208397986], [-82.3424212516976, 27.8958758510559], [-82.342456339117, 27.8958757640171], [-82.3424561658344, 27.89582075276]]]]}}, {"type": "Feature", "properties": {"zone_id": "020423CSCV5P9HF1UCTTBP", "tract_id": "12057013706", "city": "RIVERVIEW, FL", "zone_code": "PD", "zone_category": "Other", "ev_permitted": false}, "geometry": {"type": "Polygon", "coordinates": [[[-82.3425451197259, 27.8960362850764], [-82.3423825821759, 27.8960366883019], [-82.3423826745743, 27.8960660276384], [-82.342545212168, 27.8960656244124], [-82.3425451197259, 27.8960362850764]]]}}, {"type": "Feature", "properties": {"zone_id": "0203R1TQ9HDVQRTBCG5FJC", "tract_id": "12057013706", "city": "RIVERVIEW, FL", "zone_code": "PD", "zone_category": "Other", "ev_permitted": false}, "geometry": {"type": "Polygon", "coordinates": [[[-82.342545212168, 27.8960656244124], [-82.3423826745743, 27.8960660276384], [-82.3423827669727, 27.8960953669747], [-82.3425453046103, 27.8960949637483], [-82.342545212168, 27.8960656244124]]]}}, {"type": "Feature", "properties": {"zone_id": "0206PGTYO5ND8YPVXMM4FZ", "tract_id": "12057013706", "city": "RIVERVIEW, FL", "zone_code": "PD", "zone_category": "Other", "ev_permitted": false}, "geometry": {"type": "Polygon", "coordinates": [[[-82.3425453046103, 27.8960949637483], [-82.3423827669727, 27.8960953669747], [-82.3423828593714, 27.8961247063109], [-82.3425453970528, 27.8961243030841], [-82.3425453046103, 27.8960949637483]]]}}, {"type": "Feature", "properties": {"zone_id": "0202RDXMKVGHTQ9WC27171", "tract_id": "12057013706", "city": "RIVERVIEW, FL", "zone_code": "PD", "zone_category": "Other", "ev_permitted": false}, "geometry": {"type": "Polygon", "coordinates": [[[-82.3423825821759, 27.8960366883019], [-82.3422200436068, 27.8960370913384], [-82.3422201359614, 27.8960664306752], [-82.3423826745743, 27.8960660276384], [-82.3423825821759, 27.8960366883019]]]}}, {"type": "Feature", "properties": {"zone_id": "0204COV04CD6U9G60Q0PXO", "tract_id": "12057013706", "city": "RIVERVIEW, FL", "zone_code": "PD", "zone_category": "Other", "ev_permitted": false}, "geometry": {"type": "Polygon", "coordinates": [[[-82.3423827669727, 27.8960953669747], [-82.3422202283161, 27.896095770012], [-82.3422203206709, 27.8961251093486], [-82.3423828593714, 27.8961247063109], [-82.3423827669727, 27.8960953669747]]]}}, {"type": "Feature", "properties": {"zone_id": "0201BX972QJFCBOJG7T0MT", "tract_id": "12057013706", "city": "RIVERVIEW, FL", "zone_code": "PD", "zone_category": "Other", "ev_permitted": false}, "geometry": {"type": "Polygon", "coordinates": [[[-82.3423826745743, 27.8960660276384], [-82.3422201359614, 27.8960664306752], [-82.3422202283161, 27.896095770012], [-82.3423827669727, 27.8960953669747], [-82.3423826745743, 27.8960660276384]]]}}, {"type": "Feature", "properties": {"zone_id": "0200DYA2QJWBC11346XYGX", "tract_id": "12057013706", "city": "RIVERVIEW, FL", "zone_code": "PD", "zone_category": "Other", "ev_permitted": false}, "geometry": {"type": "Polygon", "coordinates": [[[-82.3422200436068, 27.8960370913384], [-82.3420575060501, 27.8960374941807], [-82.3420575983608, 27.8960668335179], [-82.3422201359614, 27.8960664306752], [-82.3422200436068, 27.8960370913384]]]}}, {"type": "Feature", "properties": {"zone_id": "0200JM5I2BDB692APYFH1Y", "tract_id": "12057013706", "city": "RIVERVIEW, FL", "zone_code": "PD", "zone_category": "Other", "ev_permitted": false}, "geometry": {"type": "Polygon", "coordinates": [[[-82.3422201359614, 27.8960664306752], [-82.3420575983608, 27.8960668335179], [-82.3420576906717, 27.896096172855], [-82.3422202283161, 27.896095770012], [-82.3422201359614, 27.8960664306752]]]}}, {"type": "Feature", "properties": {"zone_id": "0204SK7NGE7TP4KEXR4MB8", "tract_id": "12057013706", "city": "RIVERVIEW, FL", "zone_code": "PD", "zone_category": "Other", "ev_permitted": false}, "geometry": {"type": "Polygon", "coordinates": [[[-82.3422202283161, 27.896095770012], [-82.3420576906717, 27.896096172855], [-82.3420577829828, 27.8961255121921], [-82.3422203206709, 27.8961251093486], [-82.3422202283161, 27.896095770012]]]}}, {"type": "Feature", "properties": {"zone_id": "0203PUUXES3TGJTSL1M1KS", "tract_id": "12057013706", "city": "RIVERVIEW, FL", "zone_code": "PD", "zone_category": "Other", "ev_permitted": false}, "geometry": {"type": "Polygon", "coordinates": [[[-82.3420528098907, 27.8958168697861], [-82.3420197864536, 27.8958169516084], [-82.3420202407456, 27.8959613570652], [-82.3420532642265, 27.8959612752425], [-82.3420528098907, 27.8958168697861]]]}}, {"type": "Feature", "properties": {"zone_id": "0207CQAWSCDS8AIOWB9T5R", "tract_id": "12057013706", "city": "RIVERVIEW, FL", "zone_code": "PD", "zone_category": "Other", "ev_permitted": false}, "geometry": {"type": "Polygon", "coordinates": [[[-82.3420858333277, 27.8958167879558], [-82.3420528098907, 27.8958168697861], [-82.3420532642265, 27.8959612752425], [-82.3420862877073, 27.8959611934119], [-82.3420858333277, 27.8958167879558]]]}}, {"type": "Feature", "properties": {"zone_id": "0204DLZ0LU9YQ73WPTN085", "tract_id": "12057013706", "city": "RIVERVIEW, FL", "zone_code": "PD", "zone_category": "Other", "ev_permitted": false}, "geometry": {"type": "Polygon", "coordinates": [[[-82.3420197864536, 27.8958169516084], [-82.3419867630164, 27.8958170334228], [-82.3419872172646, 27.8959614388801], [-82.3420202407456, 27.8959613570652], [-82.3420197864536, 27.8958169516084]]]}}, {"type": "Feature", "properties": {"zone_id": "0206C8NO6QM2AY0V7E1WQQ", "tract_id": "12057013706", "city": "RIVERVIEW, FL", "zone_code": "PD", "zone_category": "Other", "ev_permitted": false}, "geometry": {"type": "Polygon", "coordinates": [[[-82.3419867630164, 27.8958170334228], [-82.341953739579, 27.8958171152293], [-82.3419541937834, 27.8959615206869], [-82.3419872172646, 27.8959614388801], [-82.3419867630164, 27.8958170334228]]]}}, {"type": "Feature", "properties": {"zone_id": "0204TG5W6W74H3GE66YN6F", "tract_id": "12057013706", "city": "RIVERVIEW, FL", "zone_code": "PD", "zone_category": "Other", "ev_permitted": false}, "geometry": {"type": "Polygon", "coordinates": [[[-82.341953739579, 27.8958171152293], [-82.3419207161415, 27.8958171970278], [-82.3419211703021, 27.8959616024859], [-82.3419541937834, 27.8959615206869], [-82.341953739579, 27.8958171152293]]]}}, {"type": "Feature", "properties": {"zone_id": "0207J5PFXCRNY7JGHG4J1A", "tract_id": "12057013706", "city": "RIVERVIEW, FL", "zone_code": "PD", "zone_category": "Other", "ev_permitted": false}, "geometry": {"type": "Polygon", "coordinates": [[[-82.3419207161415, 27.8958171970278], [-82.3418876927038, 27.8958172788185], [-82.3418881468206, 27.895961684277], [-82.3419211703021, 27.8959616024859], [-82.3419207161415, 27.8958171970278]]]}}, {"type": "Feature", "properties": {"zone_id": "02042FFIH344RIQVBN2BBI", "tract_id": "12057013706", "city": "RIVERVIEW, FL", "zone_code": "PD", "zone_category": "Other", "ev_permitted": false}, "geometry": {"type": "Polygon", "coordinates": [[[-82.3420853789544, 27.8956723833992], [-82.3420523555612, 27.895672465229], [-82.3420528098907, 27.8958168697861], [-82.3420858333277, 27.8958167879558], [-82.3420853789544, 27.8956723833992]]]}}, {"type": "Feature", "properties": {"zone_id": "0203X1Y3CZ1QV8LPD5QAK0", "tract_id": "12057013706", "city": "RIVERVIEW, FL", "zone_code": "PD", "zone_category": "Other", "ev_permitted": false}, "geometry": {"type": "Polygon", "coordinates": [[[-82.3420523555612, 27.895672465229], [-82.3420193321679, 27.8956725470509], [-82.3420197864536, 27.8958169516084], [-82.3420528098907, 27.8958168697861], [-82.3420523555612, 27.895672465229]]]}}, {"type": "Feature", "properties": {"zone_id": "020218ST3IECTXPP867DP2", "tract_id": "12057013706", "city": "RIVERVIEW, FL", "zone_code": "PD", "zone_category": "Other", "ev_permitted": false}, "geometry": {"type": "Polygon", "coordinates": [[[-82.3419863087745, 27.8956726288649], [-82.3419532853809, 27.895672710671], [-82.341953739579, 27.8958171152293], [-82.3419867630164, 27.8958170334228], [-82.3419863087745, 27.8956726288649]]]}}, {"type": "Feature", "properties": {"zone_id": "0205BIW048EG1KOSLT0XNR", "tract_id": "12057013706", "city": "RIVERVIEW, FL", "zone_code": "PD", "zone_category": "Other", "ev_permitted": false}, "geometry": {"type": "Polygon", "coordinates": [[[-82.3419532853809, 27.895672710671], [-82.3419202619871, 27.8956727924692], [-82.3419207161415, 27.8958171970278], [-82.341953739579, 27.8958171152293], [-82.3419532853809, 27.895672710671]]]}}, {"type": "Feature", "properties": {"zone_id": "0207CUJYVE5SC57N2JR9LC", "tract_id": "12057013706", "city": "RIVERVIEW, FL", "zone_code": "PD", "zone_category": "Other", "ev_permitted": false}, "geometry": {"type": "Polygon", "coordinates": [[[-82.3419202619871, 27.8956727924692], [-82.3418872385932, 27.8956728742594], [-82.3418876927038, 27.8958172788185], [-82.3419207161415, 27.8958171970278], [-82.3419202619871, 27.8956727924692]]]}}, {"type": "Feature", "properties": {"zone_id": "0200S2W9MPR32G697B9QJ4", "tract_id": "12057013706", "city": "RIVERVIEW, FL", "zone_code": "PD", "zone_category": "Other", "ev_permitted": false}, "geometry": {"type": "Polygon", "coordinates": [[[-82.3420193321679, 27.8956725470509], [-82.3419863087745, 27.8956726288649], [-82.3419867630164, 27.8958170334228], [-82.3420197864536, 27.8958169516084], [-82.3420193321679, 27.8956725470509]]]}}, {"type": "Feature", "properties": {"zone_id": "02036PNMFLE7ETQPLR1BME", "tract_id": "12057013706", "city": "RIVERVIEW, FL", "zone_code": "PD", "zone_category": "Other", "ev_permitted": false}, "geometry": {"type": "Polygon", "coordinates": [[[-82.3420849245844, 27.8955279788395], [-82.342051901235, 27.8955280606689], [-82.3420523555612, 27.895672465229], [-82.3420853789544, 27.8956723833992], [-82.3420849245844, 27.8955279788395]]]}}, {"type": "Feature", "properties": {"zone_id": "0206HYUNYW2MLVOVY7NIW2", "tract_id": "12057013706", "city": "RIVERVIEW, FL", "zone_code": "PD", "zone_category": "Other", "ev_permitted": false}, "geometry": {"type": "Polygon", "coordinates": [[[-82.342051901235, 27.8955280606689], [-82.3420188778855, 27.8955281424904], [-82.3420193321679, 27.8956725470509], [-82.3420523555612, 27.895672465229], [-82.342051901235, 27.8955280606689]]]}}, {"type": "Feature", "properties": {"zone_id": "0207E05595EJN1O08C57OO", "tract_id": "12057013706", "city": "RIVERVIEW, FL", "zone_code": "PD", "zone_category": "Other", "ev_permitted": false}, "geometry": {"type": "Polygon", "coordinates": [[[-82.3420188778855, 27.8955281424904], [-82.3419858545358, 27.895528224304], [-82.3419863087745, 27.8956726288649], [-82.3420193321679, 27.8956725470509], [-82.3420188778855, 27.8955281424904]]]}}, {"type": "Feature", "properties": {"zone_id": "020245F9T7FEBCBM1Y4SOW", "tract_id": "12057013706", "city": "RIVERVIEW, FL", "zone_code": "PD", "zone_category": "Other", "ev_permitted": false}, "geometry": {"type": "Polygon", "coordinates": [[[-82.3419858545358, 27.895528224304], [-82.341952831186, 27.8955283061097], [-82.3419532853809, 27.895672710671], [-82.3419863087745, 27.8956726288649], [-82.3419858545358, 27.895528224304]]]}}, {"type": "Feature", "properties": {"zone_id": "0203DDFN3E5BK2HOKBKTMU", "tract_id": "12057013706", "city": "RIVERVIEW, FL", "zone_code": "PD", "zone_category": "Other", "ev_permitted": false}, "geometry": {"type": "Polygon", "coordinates": [[[-82.341952831186, 27.8955283061097], [-82.3419198078361, 27.8955283879074], [-82.3419202619871, 27.8956727924692], [-82.3419532853809, 27.895672710671], [-82.341952831186, 27.8955283061097]]]}}, {"type": "Feature", "properties": {"zone_id": "0205MIJWBJNUWCBKRYGOF4", "tract_id": "12057013706", "city": "RIVERVIEW, FL", "zone_code": "PD", "zone_category": "Other", "ev_permitted": false}, "geometry": {"type": "Polygon", "coordinates": [[[-82.3419198078361, 27.8955283879074], [-82.341886784486, 27.8955284696973], [-82.3418872385932, 27.8956728742594], [-82.3419202619871, 27.8956727924692], [-82.3419198078361, 27.8955283879074]]]}}, {"type": "Feature", "properties": {"zone_id": "0207KNSKN5HO7X7ES2TJXE", "tract_id": "12057013706", "city": "RIVERVIEW, FL", "zone_code": "PD", "zone_category": "Other", "ev_permitted": false}, "geometry": {"type": "Polygon", "coordinates": [[[-82.3413953831379, 27.8960060738895], [-82.3413634781956, 27.8960081678986], [-82.3413736319011, 27.8961302360687], [-82.3414055368762, 27.8961281411546], [-82.3413953831379, 27.8960060738895]]]}}, {"type": "Feature", "properties": {"zone_id": "02066CIQZJ6BMPACU8TKV6", "tract_id": "12057013706", "city": "RIVERVIEW, FL", "zone_code": "PD", "zone_category": "Other", "ev_permitted": false}, "geometry": {"type": "Polygon", "coordinates": [[[-82.3413634781956, 27.8960081678986], [-82.3413315732547, 27.8960102628028], [-82.3413417269248, 27.8961323309754], [-82.3413736319011, 27.8961302360687], [-82.3413634781956, 27.8960081678986]]]}}, {"type": "Feature", "properties": {"zone_id": "0203WEIV0PIZ2IGO635L41", "tract_id": "12057013706", "city": "RIVERVIEW, FL", "zone_code": "PD", "zone_category": "Other", "ev_permitted": false}, "geometry": {"type": "Polygon", "coordinates": [[[-82.3414272870604, 27.8960039789732], [-82.3413953831379, 27.8960060738895], [-82.3414055368762, 27.8961281411546], [-82.341437440837, 27.8961260471381], [-82.3414272870604, 27.8960039789732]]]}}, {"type": "Feature", "properties": {"zone_id": "0203RI3UITT60AL06RM8OW", "tract_id": "12057013706", "city": "RIVERVIEW, FL", "zone_code": "PD", "zone_category": "Other", "ev_permitted": false}, "geometry": {"type": "Polygon", "coordinates": [[[-82.3413315732547, 27.8960102628028], [-82.3412996683098, 27.8960123567971], [-82.3413098219443, 27.8961344249723], [-82.3413417269248, 27.8961323309754], [-82.3413315732547, 27.8960102628028]]]}}, {"type": "Feature", "properties": {"zone_id": "0202KULTBXNQVZL7R2WRHG", "tract_id": "12057013706", "city": "RIVERVIEW, FL", "zone_code": "PD", "zone_category": "Other", "ev_permitted": false}, "geometry": {"type": "Polygon", "coordinates": [[[-82.3412996683098, 27.8960123567971], [-82.3412677643821, 27.896014451684], [-82.341277917981, 27.8961365198617], [-82.3413098219443, 27.8961344249723], [-82.3412996683098, 27.8960123567971]]]}}, {"type": "Feature", "properties": {"zone_id": "02062OU0UITB3KQ8DILZ3C", "tract_id": "12057013706", "city": "RIVERVIEW, FL", "zone_code": "PD", "zone_category": "Other", "ev_permitted": false}, "geometry": {"type": "Polygon", "coordinates": [[[-82.3412677643821, 27.896014451684], [-82.3412358594373, 27.896016546566], [-82.3412460129979, 27.8961386138439], [-82.341277917981, 27.8961365198617], [-82.3412677643821, 27.896014451684]]]}}, {"type": "Feature", "properties": {"zone_id": "02004NBRCL8WCPKYS8L423", "tract_id": "12057013706", "city": "RIVERVIEW, FL", "zone_code": "PD", "zone_category": "Other", "ev_permitted": false}, "geometry": {"type": "MultiPolygon", "coordinates": [[[[-82.3425676600328, 27.8955434016731], [-82.3425325727209, 27.8955434887395], [-82.3425327460401, 27.8955984999984], [-82.3425678333698, 27.8955984129319], [-82.3425676600328, 27.8955434016731]]], [[[-82.3420514469094, 27.8953836552034], [-82.3420184236036, 27.8953837370245], [-82.3420188778855, 27.8955281424904], [-82.342051901235, 27.8955280606689], [-82.3420514469094, 27.8953836552034]]]]}}, {"type": "Feature", "properties": {"zone_id": "0206QLRED4GVD01TDTFDTL", "tract_id": "12057013706", "city": "RIVERVIEW, FL", "zone_code": "PD", "zone_category": "Other", "ev_permitted": false}, "geometry": {"type": "MultiPolygon", "coordinates": [[[[-82.342392222456, 27.8955438369183], [-82.3423571351433, 27.89554392394], [-82.3423573083738, 27.8955989351998], [-82.3423923957043, 27.8955988481779], [-82.342392222456, 27.8955438369183]]], [[[-82.3421717183779, 27.8953088973381], [-82.3421715325663, 27.8953373196037], [-82.342309299848, 27.8953380320855], [-82.3423094856236, 27.89530960982], [-82.3421717183779, 27.8953088973381]]]]}}, {"type": "Feature", "properties": {"zone_id": "0205W6WY9ZUGQ07JTGBUCI", "tract_id": "12057013706", "city": "RIVERVIEW, FL", "zone_code": "PD", "zone_category": "Other", "ev_permitted": false}, "geometry": {"type": "Polygon", "coordinates": [[[-82.3424476253645, 27.8952534776304], [-82.3424474396249, 27.8952818998961], [-82.3425852068352, 27.8952826121026], [-82.3425853925388, 27.895254189837], [-82.3424476253645, 27.8952534776304]]]}}, {"type": "Feature", "properties": {"zone_id": "0207BBOH4HW3FM1LO96E44", "tract_id": "12057013706", "city": "RIVERVIEW, FL", "zone_code": "PD", "zone_category": "Other", "ev_permitted": false}, "geometry": {"type": "Polygon", "coordinates": [[[-82.3424474396249, 27.8952818998961], [-82.3424472528696, 27.8953103221642], [-82.3425850211315, 27.8953110343681], [-82.3425852068352, 27.8952826121026], [-82.3424474396249, 27.8952818998961]]]}}, {"type": "Feature", "properties": {"zone_id": "0203YVN66VEJZV28TIALPC", "tract_id": "12057013706", "city": "RIVERVIEW, FL", "zone_code": "PD", "zone_category": "Other", "ev_permitted": false}, "geometry": {"type": "Polygon", "coordinates": [[[-82.3424472528696, 27.8953103221642], [-82.34244706713, 27.8953387444296], [-82.3425848344122, 27.895339456636], [-82.3425850211315, 27.8953110343681], [-82.3424472528696, 27.8953103221642]]]}}, {"type": "Feature", "properties": {"zone_id": "0201O6Y6ZEZABDONACZH5B", "tract_id": "12057013706", "city": "RIVERVIEW, FL", "zone_code": "PD", "zone_category": "Other", "ev_permitted": false}, "geometry": {"type": "Polygon", "coordinates": [[[-82.3423094856236, 27.89530960982], [-82.342309299848, 27.8953380320855], [-82.34244706713, 27.8953387444296], [-82.3424472528696, 27.8953103221642], [-82.3423094856236, 27.89530960982]]]}}, {"type": "Feature", "properties": {"zone_id": "02070R40D0QVTWQ0ISGO23", "tract_id": "12057013706", "city": "RIVERVIEW, FL", "zone_code": "PD", "zone_category": "Other", "ev_permitted": false}, "geometry": {"type": "Polygon", "coordinates": [[[-82.34244706713, 27.8953387444296], [-82.3424468813904, 27.8953671666949], [-82.3425846487057, 27.8953678779988], [-82.3425848344122, 27.895339456636], [-82.34244706713, 27.8953387444296]]]}}, {"type": "Feature", "properties": {"zone_id": "0202OO1GHL1CJO7GEYJNWG", "tract_id": "12057013706", "city": "RIVERVIEW, FL", "zone_code": "PD", "zone_category": "Other", "ev_permitted": false}, "geometry": {"type": "Polygon", "coordinates": [[[-82.342309299848, 27.8953380320855], [-82.3423091140725, 27.8953664543509], [-82.3424468813904, 27.8953671666949], [-82.34244706713, 27.8953387444296], [-82.342309299848, 27.8953380320855]]]}}, {"type": "Feature", "properties": {"zone_id": "02023M83H1VGKTZB1051S2", "tract_id": "12057013706", "city": "RIVERVIEW, FL", "zone_code": "PD", "zone_category": "Other", "ev_permitted": false}, "geometry": {"type": "Polygon", "coordinates": [[[-82.342447811104, 27.8952250553646], [-82.3424476253645, 27.8952534776304], [-82.3425853925388, 27.895254189837], [-82.3425855782424, 27.8952257675713], [-82.342447811104, 27.8952250553646]]]}}, {"type": "Feature", "properties": {"zone_id": "02050CU8C6FZJV1YSI0QIG", "tract_id": "12057013706", "city": "RIVERVIEW, FL", "zone_code": "PD", "zone_category": "Other", "ev_permitted": false}, "geometry": {"type": "Polygon", "coordinates": [[[-82.342310043966, 27.8952243430203], [-82.3423098581904, 27.8952527652861], [-82.3424476253645, 27.8952534776304], [-82.342447811104, 27.8952250553646], [-82.342310043966, 27.8952243430203]]]}}, {"type": "Feature", "properties": {"zone_id": "02071QZV97VBS4E0JV595L", "tract_id": "12057013706", "city": "RIVERVIEW, FL", "zone_code": "PD", "zone_category": "Other", "ev_permitted": false}, "geometry": {"type": "Polygon", "coordinates": [[[-82.3423098581904, 27.8952527652861], [-82.3423096713992, 27.8952811875544], [-82.3424474396249, 27.8952818998961], [-82.3424476253645, 27.8952534776304], [-82.3423098581904, 27.8952527652861]]]}}, {"type": "Feature", "properties": {"zone_id": "0201NWET7T04CF6KNE71BL", "tract_id": "12057013706", "city": "RIVERVIEW, FL", "zone_code": "PD", "zone_category": "Other", "ev_permitted": false}, "geometry": {"type": "Polygon", "coordinates": [[[-82.3423096713992, 27.8952811875544], [-82.3423094856236, 27.89530960982], [-82.3424472528696, 27.8953103221642], [-82.3424474396249, 27.8952818998961], [-82.3423096713992, 27.8952811875544]]]}}, {"type": "Feature", "properties": {"zone_id": "0204PY2ZS5EGO424CB53DC", "tract_id": "12057013706", "city": "RIVERVIEW, FL", "zone_code": "PD", "zone_category": "Other", "ev_permitted": false}, "geometry": {"type": "Polygon", "coordinates": [[[-82.3421722768281, 27.8952236305382], [-82.3421720900009, 27.8952520528066], [-82.3423098581904, 27.8952527652861], [-82.342310043966, 27.8952243430203], [-82.3421722768281, 27.8952236305382]]]}}, {"type": "Feature", "properties": {"zone_id": "0207NVILMYF3LYYE87JLUU", "tract_id": "12057013706", "city": "RIVERVIEW, FL", "zone_code": "PD", "zone_category": "Other", "ev_permitted": false}, "geometry": {"type": "Polygon", "coordinates": [[[-82.3421720900009, 27.8952520528066], [-82.3421719041894, 27.8952804750724], [-82.3423096713992, 27.8952811875544], [-82.3423098581904, 27.8952527652861], [-82.3421720900009, 27.8952520528066]]]}}, {"type": "Feature", "properties": {"zone_id": "0202DIZBSLW338F9FJZ3JZ", "tract_id": "12057013706", "city": "RIVERVIEW, FL", "zone_code": "PD", "zone_category": "Other", "ev_permitted": false}, "geometry": {"type": "Polygon", "coordinates": [[[-82.3421719041894, 27.8952804750724], [-82.3421717183779, 27.8953088973381], [-82.3423094856236, 27.89530960982], [-82.3423096713992, 27.8952811875544], [-82.3421719041894, 27.8952804750724]]]}}, {"type": "Feature", "properties": {"zone_id": "0205SG59QIER2WR6NHJ4C2", "tract_id": "12057013706", "city": "RIVERVIEW, FL", "zone_code": "PD", "zone_category": "Other", "ev_permitted": false}, "geometry": {"type": "Polygon", "coordinates": [[[-82.3421715325663, 27.8953373196037], [-82.3421713467548, 27.8953657418691], [-82.3423091140725, 27.8953664543509], [-82.342309299848, 27.8953380320855], [-82.3421715325663, 27.8953373196037]]]}}, {"type": "Feature", "properties": {"zone_id": "0206SZ2ZUDRHTNIBBDOQ5Z", "tract_id": "12057013706", "city": "RIVERVIEW, FL", "zone_code": "PD", "zone_category": "Other", "ev_permitted": false}, "geometry": {"type": "Polygon", "coordinates": [[[-82.3420844702149, 27.8953835733744], [-82.3420514469094, 27.8953836552034], [-82.342051901235, 27.8955280606689], [-82.3420849245844, 27.8955279788395], [-82.3420844702149, 27.8953835733744]]]}}, {"type": "Feature", "properties": {"zone_id": "0202D7RBSUULIF70BGNXUO", "tract_id": "12057013706", "city": "RIVERVIEW, FL", "zone_code": "PD", "zone_category": "Other", "ev_permitted": false}, "geometry": {"type": "Polygon", "coordinates": [[[-82.3420184236036, 27.8953837370245], [-82.3419854002978, 27.8953838188376], [-82.3419858545358, 27.895528224304], [-82.3420188778855, 27.8955281424904], [-82.3420184236036, 27.8953837370245]]]}}, {"type": "Feature", "properties": {"zone_id": "02009KMUZVS3SYJWI417NJ", "tract_id": "12057013706", "city": "RIVERVIEW, FL", "zone_code": "PD", "zone_category": "Other", "ev_permitted": false}, "geometry": {"type": "Polygon", "coordinates": [[[-82.3419854002978, 27.8953838188376], [-82.3419523769918, 27.8953839006429], [-82.341952831186, 27.8955283061097], [-82.3419858545358, 27.895528224304], [-82.3419854002978, 27.8953838188376]]]}}, {"type": "Feature", "properties": {"zone_id": "0200TR64GABXPXVPYXFMFV", "tract_id": "12057013706", "city": "RIVERVIEW, FL", "zone_code": "PD", "zone_category": "Other", "ev_permitted": false}, "geometry": {"type": "Polygon", "coordinates": [[[-82.3419523769918, 27.8953839006429], [-82.3419193536856, 27.8953839824403], [-82.3419198078361, 27.8955283879074], [-82.341952831186, 27.8955283061097], [-82.3419523769918, 27.8953839006429]]]}}, {"type": "Feature", "properties": {"zone_id": "0200487IKLFK5HP1YSJHE2", "tract_id": "12057013706", "city": "RIVERVIEW, FL", "zone_code": "PD", "zone_category": "Other", "ev_permitted": false}, "geometry": {"type": "Polygon", "coordinates": [[[-82.3419193536856, 27.8953839824403], [-82.3418863303793, 27.8953840642297], [-82.341886784486, 27.8955284696973], [-82.3419198078361, 27.8955283879074], [-82.3419193536856, 27.8953839824403]]]}}, {"type": "Feature", "properties": {"zone_id": "02077CJPF17ZC4U0R4MROH", "tract_id": "12057013706", "city": "RIVERVIEW, FL", "zone_code": "PD", "zone_category": "Other", "ev_permitted": false}, "geometry": {"type": "Polygon", "coordinates": [[[-82.3423102297415, 27.8951959207543], [-82.342310043966, 27.8952243430203], [-82.342447811104, 27.8952250553646], [-82.3424479968436, 27.8951966330987], [-82.3423102297415, 27.8951959207543]]]}}, {"type": "Feature", "properties": {"zone_id": "0201H9TGL2O2OD7NBFN9MM", "tract_id": "12057013706", "city": "RIVERVIEW, FL", "zone_code": "PD", "zone_category": "Other", "ev_permitted": false}, "geometry": {"type": "Polygon", "coordinates": [[[-82.3424479968436, 27.8951966330987], [-82.342447811104, 27.8952250553646], [-82.3425855782424, 27.8952257675713], [-82.342585763946, 27.8951973453055], [-82.3424479968436, 27.8951966330987]]]}}, {"type": "Feature", "properties": {"zone_id": "0207L780P59O0D76Z4P80R", "tract_id": "12057013706", "city": "RIVERVIEW, FL", "zone_code": "PD", "zone_category": "Other", "ev_permitted": false}, "geometry": {"type": "Polygon", "coordinates": [[[-82.3421724626396, 27.8951952082722], [-82.3421722768281, 27.8952236305382], [-82.342310043966, 27.8952243430203], [-82.3423102297415, 27.8951959207543], [-82.3421724626396, 27.8951952082722]]]}}, {"type": "Feature", "properties": {"zone_id": "0200WEAY1M3MKU2UHJMTJG", "tract_id": "12057013706", "city": "RIVERVIEW, FL", "zone_code": "PD", "zone_category": "Other", "ev_permitted": false}, "geometry": {"type": "Polygon", "coordinates": [[[-82.3424707747454, 27.8949777147016], [-82.3424705823528, 27.8951001152943], [-82.3425025739707, 27.8951001550447], [-82.3425027663273, 27.8949777544523], [-82.3424707747454, 27.8949777147016]]]}}, {"type": "Feature", "properties": {"zone_id": "0201604N3N12RLW4CGAKX5", "tract_id": "12057013706", "city": "RIVERVIEW, FL", "zone_code": "PD", "zone_category": "Other", "ev_permitted": false}, "geometry": {"type": "Polygon", "coordinates": [[[-82.3425027663273, 27.8949777544523], [-82.3425025739707, 27.8951001550447], [-82.3425345655885, 27.8951001947877], [-82.3425347568934, 27.894977794198], [-82.3425027663273, 27.8949777544523]]]}}, {"type": "Feature", "properties": {"zone_id": "0205QEGRRCIOMBTGE9K4BR", "tract_id": "12057013706", "city": "RIVERVIEW, FL", "zone_code": "PD", "zone_category": "Other", "ev_permitted": false}, "geometry": {"type": "Polygon", "coordinates": [[[-82.3417760776095, 27.894973760132], [-82.3417737177857, 27.8950021047583], [-82.3419111116205, 27.8950111352933], [-82.3419134714057, 27.8949827897625], [-82.3417760776095, 27.894973760132]]]}}, {"type": "Feature", "properties": {"zone_id": "02054FDKFE1T15KZCLV1WN", "tract_id": "12057013706", "city": "RIVERVIEW, FL", "zone_code": "PD", "zone_category": "Other", "ev_permitted": false}, "geometry": {"type": "Polygon", "coordinates": [[[-82.3417689981405, 27.8950587958154], [-82.3417666383133, 27.8950871404412], [-82.3419040322549, 27.8950961709824], [-82.3419063920436, 27.895067825452], [-82.3417689981405, 27.8950587958154]]]}}, {"type": "Feature", "properties": {"zone_id": "0201H8G4V1Y9455DU644SQ", "tract_id": "12057013706", "city": "RIVERVIEW, FL", "zone_code": "PD", "zone_category": "Other", "ev_permitted": false}, "geometry": {"type": "Polygon", "coordinates": [[[-82.3416292433801, 27.8950781106678], [-82.3416268835161, 27.8951064552915], [-82.3417642774721, 27.8951154859719], [-82.3417666383133, 27.8950871404412], [-82.3416292433801, 27.8950781106678]]]}}, {"type": "Feature", "properties": {"zone_id": "02073KA2UHNK2OV9G4QIH1", "tract_id": "12057013706", "city": "RIVERVIEW, FL", "zone_code": "PD", "zone_category": "Other", "ev_permitted": false}, "geometry": {"type": "Polygon", "coordinates": [[[-82.3416268835161, 27.8951064552915], [-82.3416245236539, 27.8951348008174], [-82.3417619176426, 27.8951438305974], [-82.3417642774721, 27.8951154859719], [-82.3416268835161, 27.8951064552915]]]}}, {"type": "Feature", "properties": {"zone_id": "02078E9Y81FLHIAXJPS350", "tract_id": "12057013706", "city": "RIVERVIEW, FL", "zone_code": "PD", "zone_category": "Other", "ev_permitted": false}, "geometry": {"type": "Polygon", "coordinates": [[[-82.3417642774721, 27.8951154859719], [-82.3417619176426, 27.8951438305974], [-82.3418993126712, 27.8951528611403], [-82.3419016724622, 27.8951245156102], [-82.3417642774721, 27.8951154859719]]]}}, {"type": "Feature", "properties": {"zone_id": "020159I5D0RFRRPGFLKPO0", "tract_id": "12057013706", "city": "RIVERVIEW, FL", "zone_code": "PD", "zone_category": "Other", "ev_permitted": false}, "geometry": {"type": "Polygon", "coordinates": [[[-82.3417666383133, 27.8950871404412], [-82.3417642774721, 27.8951154859719], [-82.3419016724622, 27.8951245156102], [-82.3419040322549, 27.8950961709824], [-82.3417666383133, 27.8950871404412]]]}}, {"type": "Feature", "properties": {"zone_id": "02020Y5TWFNLSG4UH3E7EZ", "tract_id": "12057013706", "city": "RIVERVIEW, FL", "zone_code": "PD", "zone_category": "Other", "ev_permitted": false}, "geometry": {"type": "Polygon", "coordinates": [[[-82.341491849481, 27.8950690798524], [-82.3414894895842, 27.8950974253764], [-82.3416268835161, 27.8951064552915], [-82.3416292433801, 27.8950781106678], [-82.341491849481, 27.8950690798524]]]}}, {"type": "Feature", "properties": {"zone_id": "0202A4AS4GRLBVNLWDTVZS", "tract_id": "12057013706", "city": "RIVERVIEW, FL", "zone_code": "PD", "zone_category": "Other", "ev_permitted": false}, "geometry": {"type": "Polygon", "coordinates": [[[-82.3414894895842, 27.8950974253764], [-82.3414871296835, 27.8951257699979], [-82.3416245236539, 27.8951348008174], [-82.3416268835161, 27.8951064552915], [-82.3414894895842, 27.8950974253764]]]}}, {"type": "Feature", "properties": {"zone_id": "0203JHQ7R4YUBKZVUX568A", "tract_id": "12057013706", "city": "RIVERVIEW, FL", "zone_code": "PD", "zone_category": "Other", "ev_permitted": false}, "geometry": {"type": "Polygon", "coordinates": [[[-82.3416363239751, 27.8949930749887], [-82.3416339641146, 27.8950214196128], [-82.3417713579637, 27.8950304502869], [-82.3417737177857, 27.8950021047583], [-82.3416363239751, 27.8949930749887]]]}}, {"type": "Feature", "properties": {"zone_id": "0202S9BYF6X75OT7QCZ6SM", "tract_id": "12057013706", "city": "RIVERVIEW, FL", "zone_code": "PD", "zone_category": "Other", "ev_permitted": false}, "geometry": {"type": "Polygon", "coordinates": [[[-82.3416339641146, 27.8950214196128], [-82.3416316042558, 27.8950497651391], [-82.3417689981405, 27.8950587958154], [-82.3417713579637, 27.8950304502869], [-82.3416339641146, 27.8950214196128]]]}}, {"type": "Feature", "properties": {"zone_id": "0202DJEOA6QAQD3GBO7C4X", "tract_id": "12057013706", "city": "RIVERVIEW, FL", "zone_code": "PD", "zone_category": "Other", "ev_permitted": false}, "geometry": {"type": "Polygon", "coordinates": [[[-82.3417713579637, 27.8950304502869], [-82.3417689981405, 27.8950587958154], [-82.3419063920436, 27.895067825452], [-82.3419087518312, 27.8950394799215], [-82.3417713579637, 27.8950304502869]]]}}, {"type": "Feature", "properties": {"zone_id": "0202KI48BR7DVH8LVHOW5L", "tract_id": "12057013706", "city": "RIVERVIEW, FL", "zone_code": "PD", "zone_category": "Other", "ev_permitted": false}, "geometry": {"type": "Polygon", "coordinates": [[[-82.3416316042558, 27.8950497651391], [-82.3416292433801, 27.8950781106678], [-82.3417666383133, 27.8950871404412], [-82.3417689981405, 27.8950587958154], [-82.3416316042558, 27.8950497651391]]]}}, {"type": "Feature", "properties": {"zone_id": "02055QTYUA4LVCQKF1ST2C", "tract_id": "12057013706", "city": "RIVERVIEW, FL", "zone_code": "PD", "zone_category": "Other", "ev_permitted": false}, "geometry": {"type": "Polygon", "coordinates": [[[-82.3416386838317, 27.894964729462], [-82.3416363239751, 27.8949930749887], [-82.3417737177857, 27.8950021047583], [-82.3417760776095, 27.894973760132], [-82.3416386838317, 27.894964729462]]]}}, {"type": "Feature", "properties": {"zone_id": "0204MN7JZXX07OOU59B604", "tract_id": "12057013706", "city": "RIVERVIEW, FL", "zone_code": "PD", "zone_category": "Other", "ev_permitted": false}, "geometry": {"type": "Polygon", "coordinates": [[[-82.3417737177857, 27.8950021047583], [-82.3417713579637, 27.8950304502869], [-82.3419087518312, 27.8950394799215], [-82.3419111116205, 27.8950111352933], [-82.3417737177857, 27.8950021047583]]]}}, {"type": "Feature", "properties": {"zone_id": "0202RD94WS7J1WBG8O6VY8", "tract_id": "12057013706", "city": "RIVERVIEW, FL", "zone_code": "PD", "zone_category": "Other", "ev_permitted": false}, "geometry": {"type": "Polygon", "coordinates": [[[-82.3414989301829, 27.8949840441795], [-82.3414965692739, 27.8950123897064], [-82.3416339641146, 27.8950214196128], [-82.3416363239751, 27.8949930749887], [-82.3414989301829, 27.8949840441795]]]}}, {"type": "Feature", "properties": {"zone_id": "02075N2IJZNLAOALWMN2DX", "tract_id": "12057013706", "city": "RIVERVIEW, FL", "zone_code": "PD", "zone_category": "Other", "ev_permitted": false}, "geometry": {"type": "Polygon", "coordinates": [[[-82.3414965692739, 27.8950123897064], [-82.3414942093794, 27.8950407352307], [-82.3416316042558, 27.8950497651391], [-82.3416339641146, 27.8950214196128], [-82.3414965692739, 27.8950123897064]]]}}, {"type": "Feature", "properties": {"zone_id": "0206D0IWFTJWR6DOAWXTTX", "tract_id": "12057013706", "city": "RIVERVIEW, FL", "zone_code": "PD", "zone_category": "Other", "ev_permitted": false}, "geometry": {"type": "Polygon", "coordinates": [[[-82.3414942093794, 27.8950407352307], [-82.341491849481, 27.8950690798524], [-82.3416292433801, 27.8950781106678], [-82.3416316042558, 27.8950497651391], [-82.3414942093794, 27.8950407352307]]]}}, {"type": "Feature", "properties": {"zone_id": "0207FOV1DQ7T5XY8W5JBIF", "tract_id": "12057013706", "city": "RIVERVIEW, FL", "zone_code": "PD", "zone_category": "Other", "ev_permitted": false}, "geometry": {"type": "Polygon", "coordinates": [[[-82.3415012900779, 27.8949556995573], [-82.3414989301829, 27.8949840441795], [-82.3416363239751, 27.8949930749887], [-82.3416386838317, 27.894964729462], [-82.3415012900779, 27.8949556995573]]]}}, {"type": "Feature", "properties": {"zone_id": "02074YBXTUFPO75EQ1KT32", "tract_id": "12057013706", "city": "RIVERVIEW, FL", "zone_code": "PD", "zone_category": "Other", "ev_permitted": false}, "geometry": {"type": "Polygon", "coordinates": [[[-82.3413520956708, 27.8950883944218], [-82.3413497357373, 27.8951167399436], [-82.3414871296835, 27.8951257699979], [-82.3414894895842, 27.8950974253764], [-82.3413520956708, 27.8950883944218]]]}}, {"type": "Feature", "properties": {"zone_id": "0202HVYPNOVKD0WQT2QEAK", "tract_id": "12057013706", "city": "RIVERVIEW, FL", "zone_code": "PD", "zone_category": "Other", "ev_permitted": false}, "geometry": {"type": "Polygon", "coordinates": [[[-82.341354455606, 27.8950600498023], [-82.3413520956708, 27.8950883944218], [-82.3414894895842, 27.8950974253764], [-82.341491849481, 27.8950690798524], [-82.341354455606, 27.8950600498023]]]}}, {"type": "Feature", "properties": {"zone_id": "0203MQ46NZ4C4FUYE6AW9U", "tract_id": "12057013706", "city": "RIVERVIEW, FL", "zone_code": "PD", "zone_category": "Other", "ev_permitted": false}, "geometry": {"type": "Polygon", "coordinates": [[[-82.3413638963425, 27.894946668613], [-82.341361535399, 27.8949750141381], [-82.3414989301829, 27.8949840441795], [-82.3415012900779, 27.8949556995573], [-82.3413638963425, 27.894946668613]]]}}, {"type": "Feature", "properties": {"zone_id": "0200GBLVWBHBGDF62HZCM4", "tract_id": "12057013706", "city": "RIVERVIEW, FL", "zone_code": "PD", "zone_category": "Other", "ev_permitted": false}, "geometry": {"type": "Polygon", "coordinates": [[[-82.341361535399, 27.8949750141381], [-82.3413591754673, 27.895003358758], [-82.3414965692739, 27.8950123897064], [-82.3414989301829, 27.8949840441795], [-82.341361535399, 27.8949750141381]]]}}, {"type": "Feature", "properties": {"zone_id": "02009CD933H4O0BKDFOQHN", "tract_id": "12057013706", "city": "RIVERVIEW, FL", "zone_code": "PD", "zone_category": "Other", "ev_permitted": false}, "geometry": {"type": "Polygon", "coordinates": [[[-82.3413591754673, 27.895003358758], [-82.3413568155372, 27.8950317042803], [-82.3414942093794, 27.8950407352307], [-82.3414965692739, 27.8950123897064], [-82.3413591754673, 27.895003358758]]]}}, {"type": "Feature", "properties": {"zone_id": "0202M9BHCI6V0BPKZ9PRP5", "tract_id": "12057013706", "city": "RIVERVIEW, FL", "zone_code": "PD", "zone_category": "Other", "ev_permitted": false}, "geometry": {"type": "Polygon", "coordinates": [[[-82.3413568155372, 27.8950317042803], [-82.341354455606, 27.8950600498023], [-82.341491849481, 27.8950690798524], [-82.3414942093794, 27.8950407352307], [-82.3413568155372, 27.8950317042803]]]}}, {"type": "Feature", "properties": {"zone_id": "020087PVAHAAJG2716B25U", "tract_id": "12057013706", "city": "RIVERVIEW, FL", "zone_code": "PD", "zone_category": "Other", "ev_permitted": false}, "geometry": {"type": "Polygon", "coordinates": [[[-82.3409592447037, 27.8960657307627], [-82.3409477962304, 27.8960922713156], [-82.3410764442161, 27.8961360720619], [-82.3410878926625, 27.8961095314986], [-82.3409592447037, 27.8960657307627]]]}}, {"type": "Feature", "properties": {"zone_id": "0200Z38F5K3OBHENQR2PPH", "tract_id": "12057013706", "city": "RIVERVIEW, FL", "zone_code": "PD", "zone_category": "Other", "ev_permitted": false}, "geometry": {"type": "Polygon", "coordinates": [[[-82.3409477962304, 27.8960922713156], [-82.3409363487672, 27.896118811865], [-82.34106499678, 27.8961626126217], [-82.3410764442161, 27.8961360720619], [-82.3409477962304, 27.8960922713156]]]}}, {"type": "Feature", "properties": {"zone_id": "0202SSP48IZWJR4ST72GT2", "tract_id": "12057013706", "city": "RIVERVIEW, FL", "zone_code": "PD", "zone_category": "Other", "ev_permitted": false}, "geometry": {"type": "Polygon", "coordinates": [[[-82.3409706921558, 27.8960391902112], [-82.3409592447037, 27.8960657307627], [-82.3410878926625, 27.8961095314986], [-82.3410993400876, 27.8960829909369], [-82.3409706921558, 27.8960391902112]]]}}, {"type": "Feature", "properties": {"zone_id": "0206LJ3XC3Z4BPMQEVVJKB", "tract_id": "12057013706", "city": "RIVERVIEW, FL", "zone_code": "PD", "zone_category": "Other", "ev_permitted": false}, "geometry": {"type": "Polygon", "coordinates": [[[-82.3408534928157, 27.8959688488199], [-82.3408420443264, 27.8959953893645], [-82.3409706921558, 27.8960391902112], [-82.3409821406181, 27.8960126496563], [-82.3408534928157, 27.8959688488199]]]}}, {"type": "Feature", "properties": {"zone_id": "0202LDFUF1R73AN9OKATOU", "tract_id": "12057013706", "city": "RIVERVIEW, FL", "zone_code": "PD", "zone_category": "Other", "ev_permitted": false}, "geometry": {"type": "Polygon", "coordinates": [[[-82.3408305968473, 27.8960219299056], [-82.340819148347, 27.8960484704482], [-82.3409477962304, 27.8960922713156], [-82.3409592447037, 27.8960657307627], [-82.3408305968473, 27.8960219299056]]]}}, {"type": "Feature", "properties": {"zone_id": "020586HR4Q7ZKTQZ1V4HUY", "tract_id": "12057013706", "city": "RIVERVIEW, FL", "zone_code": "PD", "zone_category": "Other", "ev_permitted": false}, "geometry": {"type": "Polygon", "coordinates": [[[-82.340819148347, 27.8960484704482], [-82.3408077008568, 27.8960750109873], [-82.3409363487672, 27.896118811865], [-82.3409477962304, 27.8960922713156], [-82.340819148347, 27.8960484704482]]]}}, {"type": "Feature", "properties": {"zone_id": "0206G697E5THYJS7X6BVJI", "tract_id": "12057013706", "city": "RIVERVIEW, FL", "zone_code": "PD", "zone_category": "Other", "ev_permitted": false}, "geometry": {"type": "Polygon", "coordinates": [[[-82.3408077008568, 27.8960750109873], [-82.3407962523455, 27.8961015515279], [-82.3409249002828, 27.8961453524159], [-82.3409363487672, 27.896118811865], [-82.3408077008568, 27.8960750109873]]]}}, {"type": "Feature", "properties": {"zone_id": "02077GRCS88IJHAYNVDNEW", "tract_id": "12057013706", "city": "RIVERVIEW, FL", "zone_code": "PD", "zone_category": "Other", "ev_permitted": false}, "geometry": {"type": "Polygon", "coordinates": [[[-82.3408420443264, 27.8959953893645], [-82.3408305968473, 27.8960219299056], [-82.3409592447037, 27.8960657307627], [-82.3409706921558, 27.8960391902112], [-82.3408420443264, 27.8959953893645]]]}}, {"type": "Feature", "properties": {"zone_id": "0207GZNA9UFNUSGAGVXPRI", "tract_id": "12057013706", "city": "RIVERVIEW, FL", "zone_code": "PD", "zone_category": "Other", "ev_permitted": false}, "geometry": {"type": "Polygon", "coordinates": [[[-82.3407133965993, 27.8959515883968], [-82.3407019490932, 27.8959781289275], [-82.3408305968473, 27.8960219299056], [-82.3408420443264, 27.8959953893645], [-82.3407133965993, 27.8959515883968]]]}}, {"type": "Feature", "properties": {"zone_id": "0203XPW9MQ7NC9ZWTQFSYL", "tract_id": "12057013706", "city": "RIVERVIEW, FL", "zone_code": "PD", "zone_category": "Other", "ev_permitted": false}, "geometry": {"type": "Polygon", "coordinates": [[[-82.3407019490932, 27.8959781289275], [-82.3406905005659, 27.8960046694598], [-82.340819148347, 27.8960484704482], [-82.3408305968473, 27.8960219299056], [-82.3407019490932, 27.8959781289275]]]}}, {"type": "Feature", "properties": {"zone_id": "0205Z95EDPSHX1F6OCDEES", "tract_id": "12057013706", "city": "RIVERVIEW, FL", "zone_code": "PD", "zone_category": "Other", "ev_permitted": false}, "geometry": {"type": "Polygon", "coordinates": [[[-82.3406905005659, 27.8960046694598], [-82.3406790530488, 27.8960312099886], [-82.3408077008568, 27.8960750109873], [-82.340819148347, 27.8960484704482], [-82.3406905005659, 27.8960046694598]]]}}, {"type": "Feature", "properties": {"zone_id": "02029OH8X5P6NHAS9B093C", "tract_id": "12057013706", "city": "RIVERVIEW, FL", "zone_code": "PD", "zone_category": "Other", "ev_permitted": false}, "geometry": {"type": "Polygon", "coordinates": [[[-82.3406790530488, 27.8960312099886], [-82.3406676045104, 27.8960577505188], [-82.3407962523455, 27.8961015515279], [-82.3408077008568, 27.8960750109873], [-82.3406790530488, 27.8960312099886]]]}}, {"type": "Feature", "properties": {"zone_id": "02019V3EK665E895Q6OL4A", "tract_id": "12057013706", "city": "RIVERVIEW, FL", "zone_code": "PD", "zone_category": "Other", "ev_permitted": false}, "geometry": {"type": "Polygon", "coordinates": [[[-82.3406676045104, 27.8960577505188], [-82.3406561569822, 27.8960842910455], [-82.3407848048443, 27.896128092065], [-82.3407962523455, 27.8961015515279], [-82.3406676045104, 27.8960577505188]]]}}, {"type": "Feature", "properties": {"zone_id": "0206K8DYUNEXF6ZV4T4YX7", "tract_id": "12057013706", "city": "RIVERVIEW, FL", "zone_code": "PD", "zone_category": "Other", "ev_permitted": false}, "geometry": {"type": "Polygon", "coordinates": [[[-82.3405618528872, 27.8959608683503], [-82.3405504053431, 27.8959874088687], [-82.3406790530488, 27.8960312099886], [-82.3406905005659, 27.8960046694598], [-82.3405618528872, 27.8959608683503]]]}}, {"type": "Feature", "properties": {"zone_id": "02029YUMLJ0KL0ND1ILQDA", "tract_id": "12057013706", "city": "RIVERVIEW, FL", "zone_code": "PD", "zone_category": "Other", "ev_permitted": false}, "geometry": {"type": "Polygon", "coordinates": [[[-82.3405504053431, 27.8959874088687], [-82.3405389567777, 27.8960139493886], [-82.3406676045104, 27.8960577505188], [-82.3406790530488, 27.8960312099886], [-82.3405504053431, 27.8959874088687]]]}}, {"type": "Feature", "properties": {"zone_id": "0203SEYNU6I428IS36XB0R", "tract_id": "12057013706", "city": "RIVERVIEW, FL", "zone_code": "PD", "zone_category": "Other", "ev_permitted": false}, "geometry": {"type": "Polygon", "coordinates": [[[-82.3405389567777, 27.8960139493886], [-82.3405275092226, 27.896040489905], [-82.3406561569822, 27.8960842910455], [-82.3406676045104, 27.8960577505188], [-82.3405389567777, 27.8960139493886]]]}}, {"type": "Feature", "properties": {"zone_id": "0206IMVBNEMX8YVV10KPY1", "tract_id": "12057013706", "city": "RIVERVIEW, FL", "zone_code": "PD", "zone_category": "Other", "ev_permitted": false}, "geometry": {"type": "Polygon", "coordinates": [[[-82.3407248451156, 27.8959250478625], [-82.3407133965993, 27.8959515883968], [-82.3408420443264, 27.8959953893645], [-82.3408534928157, 27.8959688488199], [-82.3407248451156, 27.8959250478625]]]}}, {"type": "Feature", "properties": {"zone_id": "0206EGMU7FKI3XEGWQIYZP", "tract_id": "12057013706", "city": "RIVERVIEW, FL", "zone_code": "PD", "zone_category": "Other", "ev_permitted": false}, "geometry": {"type": "Polygon", "coordinates": [[[-82.3405847489746, 27.8959077873079], [-82.3405733014415, 27.8959343278284], [-82.3407019490932, 27.8959781289275], [-82.3407133965993, 27.8959515883968], [-82.3405847489746, 27.8959077873079]]]}}, {"type": "Feature", "properties": {"zone_id": "0202KUHIJ99SWOVDSY08WT", "tract_id": "12057013706", "city": "RIVERVIEW, FL", "zone_code": "PD", "zone_category": "Other", "ev_permitted": false}, "geometry": {"type": "Polygon", "coordinates": [[[-82.3405961975179, 27.895881246784], [-82.3405847489746, 27.8959077873079], [-82.3407133965993, 27.8959515883968], [-82.3407248451156, 27.8959250478625], [-82.3405961975179, 27.895881246784]]]}}, {"type": "Feature", "properties": {"zone_id": "02013Y5RX5FCCG313E6NJ1", "tract_id": "12057013706", "city": "RIVERVIEW, FL", "zone_code": "PD", "zone_category": "Other", "ev_permitted": false}, "geometry": {"type": "Polygon", "coordinates": [[[-82.3405733014415, 27.8959343278284], [-82.3405618528872, 27.8959608683503], [-82.3406905005659, 27.8960046694598], [-82.3407019490932, 27.8959781289275], [-82.3405733014415, 27.8959343278284]]]}}, {"type": "Feature", "properties": {"zone_id": "0206OZZQUBJUB4KFB5R5XE", "tract_id": "12057013706", "city": "RIVERVIEW, FL", "zone_code": "PD", "zone_category": "Other", "ev_permitted": false}, "geometry": {"type": "Polygon", "coordinates": [[[-82.3408431121174, 27.8957301240749], [-82.340800199176, 27.8958464350002], [-82.3408305985433, 27.8958552885194], [-82.3408735114527, 27.8957389766826], [-82.3408431121174, 27.8957301240749]]]}}, {"type": "Feature", "properties": {"zone_id": "02012YQ2582B5Q2X3Y3MIV", "tract_id": "12057013706", "city": "RIVERVIEW, FL", "zone_code": "PD", "zone_category": "Other", "ev_permitted": false}, "geometry": {"type": "Polygon", "coordinates": [[[-82.3409289377261, 27.8954975012776], [-82.3408860249656, 27.8956138122324], [-82.3409164242745, 27.8956226657334], [-82.3409593380187, 27.8955063538646], [-82.3409289377261, 27.8954975012776]]]}}, {"type": "Feature", "properties": {"zone_id": "0202XHODL9A3GGTWQAU0U1", "tract_id": "12057013706", "city": "RIVERVIEW, FL", "zone_code": "PD", "zone_category": "Other", "ev_permitted": false}, "geometry": {"type": "Polygon", "coordinates": [[[-82.3408377378847, 27.8954709407665], [-82.3407948240237, 27.8955872525988], [-82.3408252243309, 27.8955961052152], [-82.3408681371498, 27.8954797942787], [-82.3408377378847, 27.8954709407665]]]}}, {"type": "Feature", "properties": {"zone_id": "02066H4DNEF0NYR84X3E11", "tract_id": "12057013706", "city": "RIVERVIEW, FL", "zone_code": "PD", "zone_category": "Other", "ev_permitted": false}, "geometry": {"type": "Polygon", "coordinates": [[[-82.3408681371498, 27.8954797942787], [-82.3408252243309, 27.8955961052152], [-82.3408556246458, 27.8956049587271], [-82.3408985374355, 27.8954886477815], [-82.3408681371498, 27.8954797942787]]]}}, {"type": "Feature", "properties": {"zone_id": "0207G5BXQIMDU2UQMU19Z4", "tract_id": "12057013706", "city": "RIVERVIEW, FL", "zone_code": "PD", "zone_category": "Other", "ev_permitted": false}, "geometry": {"type": "Polygon", "coordinates": [[[-82.3408252243309, 27.8955961052152], [-82.3407823114243, 27.8957124170394], [-82.3408127117684, 27.8957212705605], [-82.3408556246458, 27.8956049587271], [-82.3408252243309, 27.8955961052152]]]}}, {"type": "Feature", "properties": {"zone_id": "020645ZMJ5UNAM1GGCIFMH", "tract_id": "12057013706", "city": "RIVERVIEW, FL", "zone_code": "PD", "zone_category": "Other", "ev_permitted": false}, "geometry": {"type": "Polygon", "coordinates": [[[-82.3407215117665, 27.8956947099744], [-82.3406785987111, 27.8958110217657], [-82.3407089980589, 27.895819875312], [-82.3407519110851, 27.8957035635115], [-82.3407215117665, 27.8956947099744]]]}}, {"type": "Feature", "properties": {"zone_id": "0203W1OVEMQZGM0TL4M7TW", "tract_id": "12057013706", "city": "RIVERVIEW, FL", "zone_code": "PD", "zone_category": "Other", "ev_permitted": false}, "geometry": {"type": "Polygon", "coordinates": [[[-82.3406911114399, 27.8956858573355], [-82.3406481983525, 27.8958021682153], [-82.3406785987111, 27.8958110217657], [-82.3407215117665, 27.8956947099744], [-82.3406911114399, 27.8956858573355]]]}}, {"type": "Feature", "properties": {"zone_id": "0202E7XFK6Y8ONPZ677ED5", "tract_id": "12057013706", "city": "RIVERVIEW, FL", "zone_code": "PD", "zone_category": "Other", "ev_permitted": false}, "geometry": {"type": "Polygon", "coordinates": [[[-82.3407519110851, 27.8957035635115], [-82.3407089980589, 27.895819875312], [-82.3407393984246, 27.8958287279465], [-82.3407823114243, 27.8957124170394], [-82.3407519110851, 27.8957035635115]]]}}, {"type": "Feature", "properties": {"zone_id": "0207MA5CUQT6UV9W771NY1", "tract_id": "12057013706", "city": "RIVERVIEW, FL", "zone_code": "PD", "zone_category": "Other", "ev_permitted": false}, "geometry": {"type": "Polygon", "coordinates": [[[-82.3408127117684, 27.8957212705605], [-82.3407697987978, 27.8958375814767], [-82.340800199176, 27.8958464350002], [-82.3408431121174, 27.8957301240749], [-82.3408127117684, 27.8957212705605]]]}}, {"type": "Feature", "properties": {"zone_id": "0206DU2E3K0W8ZAL91M2OM", "tract_id": "12057013706", "city": "RIVERVIEW, FL", "zone_code": "PD", "zone_category": "Other", "ev_permitted": false}, "geometry": {"type": "Polygon", "coordinates": [[[-82.340941450132, 27.8953723359188], [-82.3408985374355, 27.8954886477815], [-82.3409289377261, 27.8954975012776], [-82.3409718503933, 27.8953811894058], [-82.340941450132, 27.8953723359188]]]}}, {"type": "Feature", "properties": {"zone_id": "0205YM9WNGLMKWZ1BTO49Q", "tract_id": "12057013706", "city": "RIVERVIEW, FL", "zone_code": "PD", "zone_category": "Other", "ev_permitted": false}, "geometry": {"type": "Polygon", "coordinates": [[[-82.3409718503933, 27.8953811894058], [-82.3409289377261, 27.8954975012776], [-82.3409593380187, 27.8955063538646], [-82.3410022506596, 27.8953900428861], [-82.3409718503933, 27.8953811894058]]]}}, {"type": "Feature", "properties": {"zone_id": "0202ZUSLT01O3T4DQ6NHAZ", "tract_id": "12057013706", "city": "RIVERVIEW, FL", "zone_code": "PD", "zone_category": "Other", "ev_permitted": false}, "geometry": {"type": "Polygon", "coordinates": [[[-82.3408198501538, 27.8953369228032], [-82.3407769373405, 27.8954532346294], [-82.3408073376088, 27.8954620872502], [-82.3408502503956, 27.8953457763172], [-82.3408198501538, 27.8953369228032]]]}}, {"type": "Feature", "properties": {"zone_id": "0207G9KBRW0TLBMMU62Z3F", "tract_id": "12057013706", "city": "RIVERVIEW, FL", "zone_code": "PD", "zone_category": "Other", "ev_permitted": false}, "geometry": {"type": "Polygon", "coordinates": [[[-82.3408502503956, 27.8953457763172], [-82.3408073376088, 27.8954620872502], [-82.3408377378847, 27.8954709407665], [-82.3408806506424, 27.8953546298244], [-82.3408502503956, 27.8953457763172]]]}}, {"type": "Feature", "properties": {"zone_id": "02006L9JEFWHJ61P29YYUX", "tract_id": "12057013706", "city": "RIVERVIEW, FL", "zone_code": "PD", "zone_category": "Other", "ev_permitted": false}, "geometry": {"type": "Polygon", "coordinates": [[[-82.3408985374355, 27.8954886477815], [-82.3408556246458, 27.8956049587271], [-82.3408860249656, 27.8956138122324], [-82.3409289377261, 27.8954975012776], [-82.3408985374355, 27.8954886477815]]]}}, {"type": "Feature", "properties": {"zone_id": "0200JAWZ68ZD65VRSKNWCO", "tract_id": "12057013706", "city": "RIVERVIEW, FL", "zone_code": "PD", "zone_category": "Other", "ev_permitted": false}, "geometry": {"type": "Polygon", "coordinates": [[[-82.3408556246458, 27.8956049587271], [-82.3408127117684, 27.8957212705605], [-82.3408431121174, 27.8957301240749], [-82.3408860249656, 27.8956138122324], [-82.3408556246458, 27.8956049587271]]]}}, {"type": "Feature", "properties": {"zone_id": "0204V356CSSMH9JRQN7V0Q", "tract_id": "12057013706", "city": "RIVERVIEW, FL", "zone_code": "PD", "zone_category": "Other", "ev_permitted": false}, "geometry": {"type": "Polygon", "coordinates": [[[-82.3408860249656, 27.8956138122324], [-82.3408431121174, 27.8957301240749], [-82.3408735114527, 27.8957389766826], [-82.3409164242745, 27.8956226657334], [-82.3408860249656, 27.8956138122324]]]}}, {"type": "Feature", "properties": {"zone_id": "02040T29LE1T33U8P4SY1M", "tract_id": "12057013706", "city": "RIVERVIEW, FL", "zone_code": "PD", "zone_category": "Other", "ev_permitted": false}, "geometry": {"type": "Polygon", "coordinates": [[[-82.3407823114243, 27.8957124170394], [-82.3407393984246, 27.8958287279465], [-82.3407697987978, 27.8958375814767], [-82.3408127117684, 27.8957212705605], [-82.3407823114243, 27.8957124170394]]]}}, {"type": "Feature", "properties": {"zone_id": "0202DHNE4SGTH8IM5OMUBI", "tract_id": "12057013706", "city": "RIVERVIEW, FL", "zone_code": "PD", "zone_category": "Other", "ev_permitted": false}, "geometry": {"type": "Polygon", "coordinates": [[[-82.340734024434, 27.8955695455386], [-82.3406911114399, 27.8956858573355], [-82.3407215117665, 27.8956947099744], [-82.3407644247343, 27.8955783990708], [-82.340734024434, 27.8955695455386]]]}}, {"type": "Feature", "properties": {"zone_id": "0200OZ2H8RP27M2DVQTBKU", "tract_id": "12057013706", "city": "RIVERVIEW, FL", "zone_code": "PD", "zone_category": "Other", "ev_permitted": false}, "geometry": {"type": "Polygon", "coordinates": [[[-82.3407644247343, 27.8955783990708], [-82.3407215117665, 27.8956947099744], [-82.3407519110851, 27.8957035635115], [-82.3407948240237, 27.8955872525988], [-82.3407644247343, 27.8955783990708]]]}}, {"type": "Feature", "properties": {"zone_id": "0202YAU33U9LILTJKJQIE2", "tract_id": "12057013706", "city": "RIVERVIEW, FL", "zone_code": "PD", "zone_category": "Other", "ev_permitted": false}, "geometry": {"type": "Polygon", "coordinates": [[[-82.3407948240237, 27.8955872525988], [-82.3407519110851, 27.8957035635115], [-82.3407823114243, 27.8957124170394], [-82.3408252243309, 27.8955961052152], [-82.3407948240237, 27.8955872525988]]]}}, {"type": "Feature", "properties": {"zone_id": "0205ZECUJXCM8VW3LAR6YX", "tract_id": "12057013706", "city": "RIVERVIEW, FL", "zone_code": "PD", "zone_category": "Other", "ev_permitted": false}, "geometry": {"type": "Polygon", "coordinates": [[[-82.3404762136514, 27.8955132342473], [-82.34046658897, 27.8955432121051], [-82.3405261329799, 27.895558301745], [-82.3405357576462, 27.8955283238833], [-82.3404762136514, 27.8955132342473]]]}}, {"type": "Feature", "properties": {"zone_id": "020063YXZK68TWD0MR3LLC", "tract_id": "12057013706", "city": "RIVERVIEW, FL", "zone_code": "PD", "zone_category": "Other", "ev_permitted": false}, "geometry": {"type": "MultiPolygon", "coordinates": [[[[-82.3404473395886, 27.8956031669159], [-82.3404377148887, 27.8956331438689], [-82.3404972589469, 27.8956482344232], [-82.3405068836288, 27.8956182565638], [-82.3404473395886, 27.8956031669159]]], [[[-82.3406375523043, 27.8951122723988], [-82.3406121521985, 27.8951334445472], [-82.3406719583345, 27.8951910854233], [-82.3406971710248, 27.8951700707481], [-82.3406375523043, 27.8951122723988]]]]}}, {"type": "Feature", "properties": {"zone_id": "02068DTNHOGI773WG0WRMR", "tract_id": "12057013706", "city": "RIVERVIEW, FL", "zone_code": "PD", "zone_category": "Other", "ev_permitted": false}, "geometry": {"type": "Polygon", "coordinates": [[[-82.3408806506424, 27.8953546298244], [-82.3408377378847, 27.8954709407665], [-82.3408681371498, 27.8954797942787], [-82.3409110498783, 27.8953634833274], [-82.3408806506424, 27.8953546298244]]]}}, {"type": "Feature", "properties": {"zone_id": "0205SV9DHWBFKR8I06LSHE", "tract_id": "12057013706", "city": "RIVERVIEW, FL", "zone_code": "PD", "zone_category": "Other", "ev_permitted": false}, "geometry": {"type": "Polygon", "coordinates": [[[-82.3409110498783, 27.8953634833274], [-82.3408681371498, 27.8954797942787], [-82.3408985374355, 27.8954886477815], [-82.340941450132, 27.8953723359188], [-82.3409110498783, 27.8953634833274]]]}}, {"type": "Feature", "properties": {"zone_id": "0204OD4XVD1AUDKC59FWWH", "tract_id": "12057013706", "city": "RIVERVIEW, FL", "zone_code": "PD", "zone_category": "Other", "ev_permitted": false}, "geometry": {"type": "Polygon", "coordinates": [[[-82.3408068372739, 27.895186151954], [-82.3407818130368, 27.8952070100647], [-82.3408412424343, 27.895264964937], [-82.3408660792534, 27.8952442633975], [-82.3408068372739, 27.895186151954]]]}}, {"type": "Feature", "properties": {"zone_id": "0201J0B7X1P89WC11CH83P", "tract_id": "12057013706", "city": "RIVERVIEW, FL", "zone_code": "PD", "zone_category": "Other", "ev_permitted": false}, "geometry": {"type": "Polygon", "coordinates": [[[-82.3407769373405, 27.8954532346294], [-82.340734024434, 27.8955695455386], [-82.3407644247343, 27.8955783990708], [-82.3408073376088, 27.8954620872502], [-82.3407769373405, 27.8954532346294]]]}}, {"type": "Feature", "properties": {"zone_id": "0205DOJ3JXGW7Z9CBS6MMH", "tract_id": "12057013706", "city": "RIVERVIEW, FL", "zone_code": "PD", "zone_category": "Other", "ev_permitted": false}, "geometry": {"type": "Polygon", "coordinates": [[[-82.3408073376088, 27.8954620872502], [-82.3407644247343, 27.8955783990708], [-82.3407948240237, 27.8955872525988], [-82.3408377378847, 27.8954709407665], [-82.3408073376088, 27.8954620872502]]]}}, {"type": "Feature", "properties": {"zone_id": "0200DO9I0CPAK163BFZ6R3", "tract_id": "12057013706", "city": "RIVERVIEW, FL", "zone_code": "PD", "zone_category": "Other", "ev_permitted": false}, "geometry": {"type": "Polygon", "coordinates": [[[-82.3406719583345, 27.8951910854233], [-82.3406467456372, 27.8952121009963], [-82.340706739255, 27.8952695852746], [-82.3407317645338, 27.8952487262726], [-82.3406719583345, 27.8951910854233]]]}}, {"type": "Feature", "properties": {"zone_id": "0206DW8H61IYG5ES8WPRMB", "tract_id": "12057013706", "city": "RIVERVIEW, FL", "zone_code": "PD", "zone_category": "Other", "ev_permitted": false}, "geometry": {"type": "Polygon", "coordinates": [[[-82.3407818130368, 27.8952070100647], [-82.3407567887901, 27.8952278681709], [-82.3408164066215, 27.8952856664694], [-82.3408412424343, 27.895264964937], [-82.3407818130368, 27.8952070100647]]]}}, {"type": "Feature", "properties": {"zone_id": "0207CBGJL6ZCNEBYTNPH7N", "tract_id": "12057013706", "city": "RIVERVIEW, FL", "zone_code": "PD", "zone_category": "Other", "ev_permitted": false}, "geometry": {"type": "Polygon", "coordinates": [[[-82.3406467456372, 27.8952121009963], [-82.3406215329273, 27.8952331156622], [-82.3406817149794, 27.8952904433671], [-82.340706739255, 27.8952695852746], [-82.3406467456372, 27.8952121009963]]]}}, {"type": "Feature", "properties": {"zone_id": "0206KP0NOR0SX1GPGJGJIT", "tract_id": "12057013706", "city": "RIVERVIEW, FL", "zone_code": "PD", "zone_category": "Other", "ev_permitted": false}, "geometry": {"type": "Polygon", "coordinates": [[[-82.3407567887901, 27.8952278681709], [-82.3407317645338, 27.8952487262726], [-82.3407915697807, 27.8953063670975], [-82.3408164066215, 27.8952856664694], [-82.3407567887901, 27.8952278681709]]]}}, {"type": "Feature", "properties": {"zone_id": "02053TTE12RMR4SLKIG963", "tract_id": "12057013706", "city": "RIVERVIEW, FL", "zone_code": "PD", "zone_category": "Other", "ev_permitted": false}, "geometry": {"type": "Polygon", "coordinates": [[[-82.3407317645338, 27.8952487262726], [-82.340706739255, 27.8952695852746], [-82.340766733949, 27.895327068621], [-82.3407915697807, 27.8953063670975], [-82.3407317645338, 27.8952487262726]]]}}, {"type": "Feature", "properties": {"zone_id": "0204N7D1RHYG0ADN0AX5N1", "tract_id": "12057013706", "city": "RIVERVIEW, FL", "zone_code": "PD", "zone_category": "Other", "ev_permitted": false}, "geometry": {"type": "Polygon", "coordinates": [[[-82.340706739255, 27.8952695852746], [-82.3406817149794, 27.8952904433671], [-82.3407418981079, 27.89534777014], [-82.340766733949, 27.895327068621], [-82.340706739255, 27.8952695852746]]]}}, {"type": "Feature", "properties": {"zone_id": "0205L5TZZF6YMB8G2JC9XX", "tract_id": "12057013706", "city": "RIVERVIEW, FL", "zone_code": "PD", "zone_category": "Other", "ev_permitted": false}, "geometry": {"type": "Polygon", "coordinates": [[[-82.3406817149794, 27.8952904433671], [-82.3406566906943, 27.8953113014552], [-82.3407170612415, 27.895368471657], [-82.3407418981079, 27.89534777014], [-82.3406817149794, 27.8952904433671]]]}}, {"type": "Feature", "properties": {"zone_id": "0204SVD4XYE8UEGGPEV0N2", "tract_id": "12057013706", "city": "RIVERVIEW, FL", "zone_code": "PD", "zone_category": "Other", "ev_permitted": false}, "geometry": {"type": "Polygon", "coordinates": [[[-82.3406215329273, 27.8952331156622], [-82.3405963202106, 27.8952541312259], [-82.3406566906943, 27.8953113014552], [-82.3406817149794, 27.8952904433671], [-82.3406215329273, 27.8952331156622]]]}}, {"type": "Feature", "properties": {"zone_id": "02006BW8INO5GHWPKRCC91", "tract_id": "12057013706", "city": "RIVERVIEW, FL", "zone_code": "PD", "zone_category": "Other", "ev_permitted": false}, "geometry": {"type": "Polygon", "coordinates": [[[-82.3410884851071, 27.894860885531], [-82.3410632813453, 27.8948798427318], [-82.3411682991898, 27.8949900587419], [-82.3411935039769, 27.8949711024221], [-82.3410884851071, 27.894860885531]]]}}, {"type": "Feature", "properties": {"zone_id": "0200GKTJ8Y2056LHRZ6K1I", "tract_id": "12057013706", "city": "RIVERVIEW, FL", "zone_code": "PD", "zone_category": "Other", "ev_permitted": false}, "geometry": {"type": "Polygon", "coordinates": [[[-82.3406883545207, 27.8950699289854], [-82.3406629534189, 27.8950911011456], [-82.3407223826869, 27.8951490551685], [-82.3407475953578, 27.8951280404841], [-82.3406883545207, 27.8950699289854]]]}}, {"type": "Feature", "properties": {"zone_id": "0201PUQ47TX273K2DNXKXD", "tract_id": "12057013706", "city": "RIVERVIEW, FL", "zone_code": "PD", "zone_category": "Other", "ev_permitted": false}, "geometry": {"type": "Polygon", "coordinates": [[[-82.3407475953578, 27.8951280404841], [-82.3407223826869, 27.8951490551685], [-82.3407818130368, 27.8952070100647], [-82.3408068372739, 27.895186151954], [-82.3407475953578, 27.8951280404841]]]}}, {"type": "Feature", "properties": {"zone_id": "0203CD7IHM3BC39QW0BYIR", "tract_id": "12057013706", "city": "RIVERVIEW, FL", "zone_code": "PD", "zone_category": "Other", "ev_permitted": false}, "geometry": {"type": "Polygon", "coordinates": [[[-82.3406629534189, 27.8950911011456], [-82.3406375523043, 27.8951122723988], [-82.3406971710248, 27.8951700707481], [-82.3407223826869, 27.8951490551685], [-82.3406629534189, 27.8950911011456]]]}}, {"type": "Feature", "properties": {"zone_id": "0207IJ81F946GNV65PZ0U5", "tract_id": "12057013706", "city": "RIVERVIEW, FL", "zone_code": "PD", "zone_category": "Other", "ev_permitted": false}, "geometry": {"type": "Polygon", "coordinates": [[[-82.3407223826869, 27.8951490551685], [-82.3406971710248, 27.8951700707481], [-82.3407567887901, 27.8952278681709], [-82.3407818130368, 27.8952070100647], [-82.3407223826869, 27.8951490551685]]]}}, {"type": "Feature", "properties": {"zone_id": "0204G3635YGR6586LTY070", "tract_id": "12057013706", "city": "RIVERVIEW, FL", "zone_code": "PD", "zone_category": "Other", "ev_permitted": false}, "geometry": {"type": "Polygon", "coordinates": [[[-82.3406971710248, 27.8951700707481], [-82.3406719583345, 27.8951910854233], [-82.3407317645338, 27.8952487262726], [-82.3407567887901, 27.8952278681709], [-82.3406971710248, 27.8951700707481]]]}}, {"type": "Feature", "properties": {"zone_id": "02073UUIAVV7AU7RQC4O6Q", "tract_id": "12057013706", "city": "RIVERVIEW, FL", "zone_code": "PD", "zone_category": "Other", "ev_permitted": false}, "geometry": {"type": "Polygon", "coordinates": [[[-82.3405779346658, 27.8950544749226], [-82.340552346126, 27.8950758036442], [-82.3406121521985, 27.8951334445472], [-82.3406375523043, 27.8951122723988], [-82.3405779346658, 27.8950544749226]]]}}, {"type": "Feature", "properties": {"zone_id": "0201ADJELWZ9KIJE7USAZR", "tract_id": "12057013706", "city": "RIVERVIEW, FL", "zone_code": "PD", "zone_category": "Other", "ev_permitted": false}, "geometry": {"type": "Polygon", "coordinates": [[[-82.340552346126, 27.8950758036442], [-82.3405267575761, 27.8950971323611], [-82.3405867510671, 27.8951546166934], [-82.3406121521985, 27.8951334445472], [-82.340552346126, 27.8950758036442]]]}}, {"type": "Feature", "properties": {"zone_id": "0204LAJKAFFOI9H1SRQ7KF", "tract_id": "12057013706", "city": "RIVERVIEW, FL", "zone_code": "PD", "zone_category": "Other", "ev_permitted": false}, "geometry": {"type": "Polygon", "coordinates": [[[-82.3405011680005, 27.8951184610756], [-82.3404755794305, 27.895139789783], [-82.3405359497874, 27.8951969600669], [-82.3405613509415, 27.8951757888325], [-82.3405011680005, 27.8951184610756]]]}}, {"type": "Feature", "properties": {"zone_id": "0202KJ1H432F43SWZXZQFB", "tract_id": "12057013706", "city": "RIVERVIEW, FL", "zone_code": "PD", "zone_category": "Other", "ev_permitted": false}, "geometry": {"type": "Polygon", "coordinates": [[[-82.3405267575761, 27.8950971323611], [-82.3405011680005, 27.8951184610756], [-82.3405613509415, 27.8951757888325], [-82.3405867510671, 27.8951546166934], [-82.3405267575761, 27.8950971323611]]]}}, {"type": "Feature", "properties": {"zone_id": "02034UH5RJTT1W1OYOEDXN", "tract_id": "12057013706", "city": "RIVERVIEW, FL", "zone_code": "PD", "zone_category": "Other", "ev_permitted": false}, "geometry": {"type": "Polygon", "coordinates": [[[-82.3406121521985, 27.8951334445472], [-82.3405867510671, 27.8951546166934], [-82.3406467456372, 27.8952121009963], [-82.3406719583345, 27.8951910854233], [-82.3406121521985, 27.8951334445472]]]}}, {"type": "Feature", "properties": {"zone_id": "020406K8FLL1HI7WRYP4PT", "tract_id": "12057013706", "city": "RIVERVIEW, FL", "zone_code": "PD", "zone_category": "Other", "ev_permitted": false}, "geometry": {"type": "Polygon", "coordinates": [[[-82.3405867510671, 27.8951546166934], [-82.3405613509415, 27.8951757888325], [-82.3406215329273, 27.8952331156622], [-82.3406467456372, 27.8952121009963], [-82.3405867510671, 27.8951546166934]]]}}, {"type": "Feature", "properties": {"zone_id": "0204JS0MAH7223M832SHDL", "tract_id": "12057013706", "city": "RIVERVIEW, FL", "zone_code": "PD", "zone_category": "Other", "ev_permitted": false}, "geometry": {"type": "Polygon", "coordinates": [[[-82.3405613509415, 27.8951757888325], [-82.3405359497874, 27.8951969600669], [-82.3405963202106, 27.8952541312259], [-82.3406215329273, 27.8952331156622], [-82.3405613509415, 27.8951757888325]]]}}, {"type": "Feature", "properties": {"zone_id": "0202DW82YFK7WUOLCQ9TSX", "tract_id": "12057013706", "city": "RIVERVIEW, FL", "zone_code": "PD", "zone_category": "Other", "ev_permitted": false}, "geometry": {"type": "Polygon", "coordinates": [[[-82.3406291127311, 27.8950118174627], [-82.3406035242113, 27.8950331461938], [-82.3406629534189, 27.8950911011456], [-82.3406883545207, 27.8950699289854], [-82.3406291127311, 27.8950118174627]]]}}, {"type": "Feature", "properties": {"zone_id": "0202XARCWOTD8G28NSW05H", "tract_id": "12057013706", "city": "RIVERVIEW, FL", "zone_code": "PD", "zone_category": "Other", "ev_permitted": false}, "geometry": {"type": "Polygon", "coordinates": [[[-82.3406035242113, 27.8950331461938], [-82.3405779346658, 27.8950544749226], [-82.3406375523043, 27.8951122723988], [-82.3406629534189, 27.8950911011456], [-82.3406035242113, 27.8950331461938]]]}}, {"type": "Feature", "properties": {"zone_id": "0201GELNFI0QJNR9G2T3BJ", "tract_id": "12057013706", "city": "RIVERVIEW, FL", "zone_code": "PD", "zone_category": "Other", "ev_permitted": false}, "geometry": {"type": "MultiPolygon", "coordinates": [[[[-82.3404377148887, 27.8956331438689], [-82.3404280901864, 27.8956631217236], [-82.340487634257, 27.8956782113794], [-82.3404972589469, 27.8956482344232], [-82.3404377148887, 27.8956331438689]]], [[[-82.3401550976353, 27.8950878675077], [-82.3400454414136, 27.8951619648748], [-82.3400648080488, 27.895184587836], [-82.3401744642798, 27.8951104904536], [-82.3401550976353, 27.8950878675077]]]]}}, {"type": "Feature", "properties": {"zone_id": "0206R5IT5E7U7X36SFVJYQ", "tract_id": "12057013706", "city": "RIVERVIEW, FL", "zone_code": "PD", "zone_category": "Other", "ev_permitted": false}, "geometry": {"type": "Polygon", "coordinates": [[[-82.3400648080488, 27.895184587836], [-82.3399551516683, 27.8952586851314], [-82.3399745183024, 27.8952813081049], [-82.3400841746922, 27.8952072107943], [-82.3400648080488, 27.895184587836]]]}}, {"type": "Feature", "properties": {"zone_id": "0203E98XI3N305WYOJ6B49", "tract_id": "12057013706", "city": "RIVERVIEW, FL", "zone_code": "PD", "zone_category": "Other", "ev_permitted": false}, "geometry": {"type": "Polygon", "coordinates": [[[-82.3400841746922, 27.8952072107943], [-82.3399745183024, 27.8952813081049], [-82.3399938849445, 27.8953039310757], [-82.3401035413437, 27.8952298337498], [-82.3400841746922, 27.8952072107943]]]}}, {"type": "Feature", "properties": {"zone_id": "0201RXNS8L7AQQB9X8K663", "tract_id": "12057013706", "city": "RIVERVIEW, FL", "zone_code": "PD", "zone_category": "Other", "ev_permitted": false}, "geometry": {"type": "Polygon", "coordinates": [[[-82.3402841213769, 27.8950363929817], [-82.3401744642798, 27.8951104904536], [-82.3401938319482, 27.8951331133942], [-82.3403034880387, 27.8950590159096], [-82.3402841213769, 27.8950363929817]]]}}, {"type": "Feature", "properties": {"zone_id": "0202QRO3YG9VCHQ55R9VLG", "tract_id": "12057013706", "city": "RIVERVIEW, FL", "zone_code": "PD", "zone_category": "Other", "ev_permitted": false}, "geometry": {"type": "Polygon", "coordinates": [[[-82.3403034880387, 27.8950590159096], [-82.3401938319482, 27.8951331133942], [-82.3402131986089, 27.8951557363345], [-82.3403228547087, 27.8950816388346], [-82.3403034880387, 27.8950590159096]]]}}, {"type": "Feature", "properties": {"zone_id": "0205YEN3C8R79HI37MUGKG", "tract_id": "12057013706", "city": "RIVERVIEW, FL", "zone_code": "PD", "zone_category": "Other", "ev_permitted": false}, "geometry": {"type": "Polygon", "coordinates": [[[-82.3401744642798, 27.8951104904536], [-82.3400648080488, 27.895184587836], [-82.3400841746922, 27.8952072107943], [-82.3401938319482, 27.8951331133942], [-82.3401744642798, 27.8951104904536]]]}}, {"type": "Feature", "properties": {"zone_id": "0200UQJPVC9WLOUWTC9C1C", "tract_id": "12057013706", "city": "RIVERVIEW, FL", "zone_code": "PD", "zone_category": "Other", "ev_permitted": false}, "geometry": {"type": "Polygon", "coordinates": [[[-82.3401938319482, 27.8951331133942], [-82.3400841746922, 27.8952072107943], [-82.3401035413437, 27.8952298337498], [-82.3402131986089, 27.8951557363345], [-82.3401938319482, 27.8951331133942]]]}}, {"type": "Feature", "properties": {"zone_id": "020281CD3VW46NEGC0IT2W", "tract_id": "12057013706", "city": "RIVERVIEW, FL", "zone_code": "PD", "zone_category": "Other", "ev_permitted": false}, "geometry": {"type": "Polygon", "coordinates": [[[-82.3403744106454, 27.8949396725098], [-82.340264754723, 27.895013770051], [-82.3402841213769, 27.8950363929817], [-82.3403937773085, 27.8949622954253], [-82.3403744106454, 27.8949396725098]]]}}, {"type": "Feature", "properties": {"zone_id": "0205YC58KVXOQNUQGNTLJ1", "tract_id": "12057013706", "city": "RIVERVIEW, FL", "zone_code": "PD", "zone_category": "Other", "ev_permitted": false}, "geometry": {"type": "Polygon", "coordinates": [[[-82.3403937773085, 27.8949622954253], [-82.3402841213769, 27.8950363929817], [-82.3403034880387, 27.8950590159096], [-82.3404131449953, 27.8949849183355], [-82.3403937773085, 27.8949622954253]]]}}, {"type": "Feature", "properties": {"zone_id": "020260QC3DN4T26LEJL6QC", "tract_id": "12057013706", "city": "RIVERVIEW, FL", "zone_code": "PD", "zone_category": "Other", "ev_permitted": false}, "geometry": {"type": "Polygon", "coordinates": [[[-82.3404131449953, 27.8949849183355], [-82.3403034880387, 27.8950590159096], [-82.3403228547087, 27.8950816388346], [-82.3404325116746, 27.8950075412453], [-82.3404131449953, 27.8949849183355]]]}}, {"type": "Feature", "properties": {"zone_id": "02034C52W3RRG899FXD3XV", "tract_id": "12057013706", "city": "RIVERVIEW, FL", "zone_code": "PD", "zone_category": "Other", "ev_permitted": false}, "geometry": {"type": "Polygon", "coordinates": [[[-82.3403550439904, 27.8949170495915], [-82.3402453880773, 27.8949911471174], [-82.340264754723, 27.895013770051], [-82.3403744106454, 27.8949396725098], [-82.3403550439904, 27.8949170495915]]]}}, {"type": "Feature", "properties": {"zone_id": "0206G84Z2NDAKVIJSZVX7X", "tract_id": "12057013706", "city": "RIVERVIEW, FL", "zone_code": "PD", "zone_category": "Other", "ev_permitted": false}, "geometry": {"type": "Polygon", "coordinates": [[[-82.34020665481, 27.8949459012417], [-82.3400969977528, 27.8950199995551], [-82.3401163643704, 27.8950426216072], [-82.3402260214396, 27.894968524181], [-82.34020665481, 27.8949459012417]]]}}, {"type": "Feature", "properties": {"zone_id": "02005Y4FNKZUTOX69SS62O", "tract_id": "12057013706", "city": "RIVERVIEW, FL", "zone_code": "PD", "zone_category": "Other", "ev_permitted": false}, "geometry": {"type": "Polygon", "coordinates": [[[-82.3402260214396, 27.894968524181], [-82.3401163643704, 27.8950426216072], [-82.3401357309988, 27.8950652445588], [-82.3402453880773, 27.8949911471174], [-82.3402260214396, 27.894968524181]]]}}, {"type": "Feature", "properties": {"zone_id": "02007A0F6NMN4QBINV40SY", "tract_id": "12057013706", "city": "RIVERVIEW, FL", "zone_code": "PD", "zone_category": "Other", "ev_permitted": false}, "geometry": {"type": "Polygon", "coordinates": [[[-82.3402453880773, 27.8949911471174], [-82.3401357309988, 27.8950652445588], [-82.3401550976353, 27.8950878675077], [-82.340264754723, 27.895013770051], [-82.3402453880773, 27.8949911471174]]]}}, {"type": "Feature", "properties": {"zone_id": "0205RGC2FBYZBNZWF9R43U", "tract_id": "12057013706", "city": "RIVERVIEW, FL", "zone_code": "PD", "zone_category": "Other", "ev_permitted": false}, "geometry": {"type": "Polygon", "coordinates": [[[-82.340264754723, 27.895013770051], [-82.3401550976353, 27.8950878675077], [-82.3401744642798, 27.8951104904536], [-82.3402841213769, 27.8950363929817], [-82.340264754723, 27.895013770051]]]}}, {"type": "Feature", "properties": {"zone_id": "0200L55JDH1DSUA9DYDGHE", "tract_id": "12057013706", "city": "RIVERVIEW, FL", "zone_code": "PD", "zone_category": "Other", "ev_permitted": false}, "geometry": {"type": "Polygon", "coordinates": [[[-82.3403356773435, 27.8948944266703], [-82.3402260214396, 27.894968524181], [-82.3402453880773, 27.8949911471174], [-82.3403550439904, 27.8949170495915], [-82.3403356773435, 27.8948944266703]]]}}, {"type": "Feature", "properties": {"zone_id": "0207AA0DBZCBIB1LES9W20", "tract_id": "12057013706", "city": "RIVERVIEW, FL", "zone_code": "PD", "zone_category": "Other", "ev_permitted": false}, "geometry": {"type": "Polygon", "coordinates": [[[-82.3400260747863, 27.8951393419108], [-82.3399164174085, 27.8952134391782], [-82.3399357840265, 27.8952360621574], [-82.3400454414136, 27.8951619648748], [-82.3400260747863, 27.8951393419108]]]}}, {"type": "Feature", "properties": {"zone_id": "0201H2IHOAA908CID1MYQX", "tract_id": "12057013706", "city": "RIVERVIEW, FL", "zone_code": "PD", "zone_category": "Other", "ev_permitted": false}, "geometry": {"type": "Polygon", "coordinates": [[[-82.3401357309988, 27.8950652445588], [-82.3400260747863, 27.8951393419108], [-82.3400454414136, 27.8951619648748], [-82.3401550976353, 27.8950878675077], [-82.3401357309988, 27.8950652445588]]]}}, {"type": "Feature", "properties": {"zone_id": "0202BJXDCV7HIYDYVKUZ0G", "tract_id": "12057013706", "city": "RIVERVIEW, FL", "zone_code": "PD", "zone_category": "Other", "ev_permitted": false}, "geometry": {"type": "Polygon", "coordinates": [[[-82.3400454414136, 27.8951619648748], [-82.3399357840265, 27.8952360621574], [-82.3399551516683, 27.8952586851314], [-82.3400648080488, 27.895184587836], [-82.3400454414136, 27.8951619648748]]]}}, {"type": "Feature", "properties": {"zone_id": "0202A1L3YX2RJ0MCFSDK5B", "tract_id": "12057013706", "city": "RIVERVIEW, FL", "zone_code": "PD", "zone_category": "Other", "ev_permitted": false}, "geometry": {"type": "Polygon", "coordinates": [[[-82.3400067081672, 27.8951167189439], [-82.3398970508014, 27.8951908170984], [-82.3399164174085, 27.8952134391782], [-82.3400260747863, 27.8951393419108], [-82.3400067081672, 27.8951167189439]]]}}, {"type": "Feature", "properties": {"zone_id": "0205JQDFNLLOLMZIEHVIR6", "tract_id": "12057013706", "city": "RIVERVIEW, FL", "zone_code": "PD", "zone_category": "Other", "ev_permitted": false}, "geometry": {"type": "Polygon", "coordinates": [[[-82.3401163643704, 27.8950426216072], [-82.3400067081672, 27.8951167189439], [-82.3400260747863, 27.8951393419108], [-82.3401357309988, 27.8950652445588], [-82.3401163643704, 27.8950426216072]]]}}, {"type": "Feature", "properties": {"zone_id": "02053XCD568FU5CXMKSRVS", "tract_id": "12057013706", "city": "RIVERVIEW, FL", "zone_code": "PD", "zone_category": "Other", "ev_permitted": false}, "geometry": {"type": "Polygon", "coordinates": [[[-82.3399873415589, 27.8950940968765], [-82.3398776841996, 27.8951681941135], [-82.3398970508014, 27.8951908170984], [-82.3400067081672, 27.8951167189439], [-82.3399873415589, 27.8950940968765]]]}}, {"type": "Feature", "properties": {"zone_id": "02028JDN93E9YS6XOLSJ6Q", "tract_id": "12057013706", "city": "RIVERVIEW, FL", "zone_code": "PD", "zone_category": "Other", "ev_permitted": false}, "geometry": {"type": "Polygon", "coordinates": [[[-82.3400969977528, 27.8950199995551], [-82.3399873415589, 27.8950940968765], [-82.3400067081672, 27.8951167189439], [-82.3401163643704, 27.8950426216072], [-82.3400969977528, 27.8950199995551]]]}}, {"type": "Feature", "properties": {"zone_id": "0200UA0E9H9U42BZB454NA", "tract_id": "12057013706", "city": "RIVERVIEW, FL", "zone_code": "PD", "zone_category": "Other", "ev_permitted": false}, "geometry": {"type": "MultiPolygon", "coordinates": [[[[-82.3427996926384, 27.8947570076652], [-82.3427377743012, 27.894757161407], [-82.3427378725709, 27.8947883344568], [-82.3427997909258, 27.8947881807149], [-82.3427996926384, 27.8947570076652]]], [[[-82.3422456216427, 27.8944968945701], [-82.3422455465628, 27.8945253165644], [-82.3423322322891, 27.8945254986945], [-82.3423323073435, 27.8944970757978], [-82.3422456216427, 27.8944968945701]]]]}}, {"type": "Feature", "properties": {"zone_id": "0203EDM563FUB1FOSW90JP", "tract_id": "12057013706", "city": "RIVERVIEW, FL", "zone_code": "PD", "zone_category": "Other", "ev_permitted": false}, "geometry": {"type": "Polygon", "coordinates": [[[-82.3424711585153, 27.89473291261], [-82.3424709661233, 27.8948553141094], [-82.3425029576693, 27.8948553538602], [-82.3425031500253, 27.894732952361], [-82.3424711585153, 27.89473291261]]]}}, {"type": "Feature", "properties": {"zone_id": "020736BYXDD594YXWG9USW", "tract_id": "12057013706", "city": "RIVERVIEW, FL", "zone_code": "PD", "zone_category": "Other", "ev_permitted": false}, "geometry": {"type": "Polygon", "coordinates": [[[-82.3424709661233, 27.8948553141094], [-82.3424707747454, 27.8949777147016], [-82.3425027663273, 27.8949777544523], [-82.3425029576693, 27.8948553538602], [-82.3424709661233, 27.8948553141094]]]}}, {"type": "Feature", "properties": {"zone_id": "02054TZ89QAP71QOHHHZYV", "tract_id": "12057013706", "city": "RIVERVIEW, FL", "zone_code": "PD", "zone_category": "Other", "ev_permitted": false}, "geometry": {"type": "Polygon", "coordinates": [[[-82.3425031500253, 27.894732952361], [-82.3425029576693, 27.8948553538602], [-82.3425349492151, 27.8948553936036], [-82.3425351405194, 27.8947329921072], [-82.3425031500253, 27.894732952361]]]}}, {"type": "Feature", "properties": {"zone_id": "0202VI1H0493R9GCHQYOVA", "tract_id": "12057013706", "city": "RIVERVIEW, FL", "zone_code": "PD", "zone_category": "Other", "ev_permitted": false}, "geometry": {"type": "Polygon", "coordinates": [[[-82.3425029576693, 27.8948553538602], [-82.3425027663273, 27.8949777544523], [-82.3425347568934, 27.894977794198], [-82.3425349492151, 27.8948553936036], [-82.3425029576693, 27.8948553538602]]]}}, {"type": "Feature", "properties": {"zone_id": "0205SN0YI4LH47QHNFBSWC", "tract_id": "12057013706", "city": "RIVERVIEW, FL", "zone_code": "PD", "zone_category": "Other", "ev_permitted": false}, "geometry": {"type": "Polygon", "coordinates": [[[-82.3425033413695, 27.8946105517646], [-82.3425031500253, 27.894732952361], [-82.3425351405194, 27.8947329921072], [-82.3425353328434, 27.8946105915084], [-82.3425033413695, 27.8946105517646]]]}}, {"type": "Feature", "properties": {"zone_id": "02002XGSKOEHU2UD0NF2VN", "tract_id": "12057013706", "city": "RIVERVIEW, FL", "zone_code": "PD", "zone_category": "Other", "ev_permitted": false}, "geometry": {"type": "Polygon", "coordinates": [[[-82.3424713498955, 27.8946105120133], [-82.3424711585153, 27.89473291261], [-82.3425031500253, 27.894732952361], [-82.3425033413695, 27.8946105517646], [-82.3424713498955, 27.8946105120133]]]}}, {"type": "Feature", "properties": {"zone_id": "0202QLC1VQSQHKH3TQKTRB", "tract_id": "12057013706", "city": "RIVERVIEW, FL", "zone_code": "PD", "zone_category": "Other", "ev_permitted": false}, "geometry": {"type": "Polygon", "coordinates": [[[-82.3420324410804, 27.8947435948487], [-82.3420322481926, 27.8948659954482], [-82.3420642397426, 27.8948660353009], [-82.3420644325945, 27.8947436347015], [-82.3420324410804, 27.8947435948487]]]}}, {"type": "Feature", "properties": {"zone_id": "0204JH0HU1PGNP4KSP9RP3", "tract_id": "12057013706", "city": "RIVERVIEW, FL", "zone_code": "PD", "zone_category": "Other", "ev_permitted": false}, "geometry": {"type": "Polygon", "coordinates": [[[-82.3420004495663, 27.8947435549884], [-82.3420002566425, 27.8948659555881], [-82.3420322481926, 27.8948659954482], [-82.3420324410804, 27.8947435948487], [-82.3420004495663, 27.8947435549884]]]}}, {"type": "Feature", "properties": {"zone_id": "02040QM6ZYYK7HSRRMPW8Q", "tract_id": "12057013706", "city": "RIVERVIEW, FL", "zone_code": "PD", "zone_category": "Other", "ev_permitted": false}, "geometry": {"type": "Polygon", "coordinates": [[[-82.3419044760393, 27.8947434353605], [-82.3419042830076, 27.8948658359608], [-82.3419362745578, 27.8948658758432], [-82.3419364665379, 27.8947434752455], [-82.3419044760393, 27.8947434353605]]]}}, {"type": "Feature", "properties": {"zone_id": "0206G2NXCLLU45V1QFQTYQ", "tract_id": "12057013706", "city": "RIVERVIEW, FL", "zone_code": "PD", "zone_category": "Other", "ev_permitted": false}, "geometry": {"type": "Polygon", "coordinates": [[[-82.3418724845249, 27.8947433954705], [-82.3418722914572, 27.894865796071], [-82.3419042830076, 27.8948658359608], [-82.3419044760393, 27.8947434353605], [-82.3418724845249, 27.8947433954705]]]}}, {"type": "Feature", "properties": {"zone_id": "0203OEH64PIWN6CEE89YHQ", "tract_id": "12057013706", "city": "RIVERVIEW, FL", "zone_code": "PD", "zone_category": "Other", "ev_permitted": false}, "geometry": {"type": "Polygon", "coordinates": [[[-82.3419364665379, 27.8947434752455], [-82.3419362745578, 27.8948658758432], [-82.3419682661081, 27.8948659157181], [-82.3419684580521, 27.8947435151207], [-82.3419364665379, 27.8947434752455]]]}}, {"type": "Feature", "properties": {"zone_id": "0206HFSZBB3Y5RO12QM483", "tract_id": "12057013706", "city": "RIVERVIEW, FL", "zone_code": "PD", "zone_category": "Other", "ev_permitted": false}, "geometry": {"type": "Polygon", "coordinates": [[[-82.3419684580521, 27.8947435151207], [-82.3419682661081, 27.8948659157181], [-82.3420002566425, 27.8948659555881], [-82.3420004495663, 27.8947435549884], [-82.3419684580521, 27.8947435151207]]]}}, {"type": "Feature", "properties": {"zone_id": "0202E5HHZ6B9FI40EUVUJT", "tract_id": "12057013706", "city": "RIVERVIEW, FL", "zone_code": "PD", "zone_category": "Other", "ev_permitted": false}, "geometry": {"type": "Polygon", "coordinates": [[[-82.3420006424912, 27.8946211543865], [-82.3420004495663, 27.8947435549884], [-82.3420324410804, 27.8947435948487], [-82.3420326329537, 27.8946211942495], [-82.3420006424912, 27.8946211543865]]]}}, {"type": "Feature", "properties": {"zone_id": "0205P9AVFN6MJYQNAJ03AF", "tract_id": "12057013706", "city": "RIVERVIEW, FL", "zone_code": "PD", "zone_category": "Other", "ev_permitted": false}, "geometry": {"type": "Polygon", "coordinates": [[[-82.3420326329537, 27.8946211942495], [-82.3420324410804, 27.8947435948487], [-82.3420644325945, 27.8947436347015], [-82.3420646244318, 27.8946212341025], [-82.3420326329537, 27.8946211942495]]]}}, {"type": "Feature", "properties": {"zone_id": "0201ASH78S6HDQW1EDJR1G", "tract_id": "12057013706", "city": "RIVERVIEW, FL", "zone_code": "PD", "zone_category": "Other", "ev_permitted": false}, "geometry": {"type": "Polygon", "coordinates": [[[-82.3419046680564, 27.8946210347604], [-82.3419044760393, 27.8947434353605], [-82.3419364665379, 27.8947434752455], [-82.3419366595347, 27.8946210746432], [-82.3419046680564, 27.8946210347604]]]}}, {"type": "Feature", "properties": {"zone_id": "0203RT8SO4H1TETUXFFL34", "tract_id": "12057013706", "city": "RIVERVIEW, FL", "zone_code": "PD", "zone_category": "Other", "ev_permitted": false}, "geometry": {"type": "Polygon", "coordinates": [[[-82.3419366595347, 27.8946210746432], [-82.3419364665379, 27.8947434752455], [-82.3419684580521, 27.8947435151207], [-82.341968651013, 27.8946211145185], [-82.3419366595347, 27.8946210746432]]]}}, {"type": "Feature", "properties": {"zone_id": "0206085KBU6KCOEB0PFY6B", "tract_id": "12057013706", "city": "RIVERVIEW, FL", "zone_code": "PD", "zone_category": "Other", "ev_permitted": false}, "geometry": {"type": "Polygon", "coordinates": [[[-82.341872676578, 27.8946209948703], [-82.3418724845249, 27.8947433954705], [-82.3419044760393, 27.8947434353605], [-82.3419046680564, 27.8946210347604], [-82.341872676578, 27.8946209948703]]]}}, {"type": "Feature", "properties": {"zone_id": "0204RV6UN8WOETD5VOHE1B", "tract_id": "12057013706", "city": "RIVERVIEW, FL", "zone_code": "PD", "zone_category": "Other", "ev_permitted": false}, "geometry": {"type": "Polygon", "coordinates": [[[-82.341968651013, 27.8946211145185], [-82.3419684580521, 27.8947435151207], [-82.3420004495663, 27.8947435549884], [-82.3420006424912, 27.8946211543865], [-82.341968651013, 27.8946211145185]]]}}, {"type": "Feature", "properties": {"zone_id": "02005W1AFMHH7KZ9WNN6W1", "tract_id": "12057013706", "city": "RIVERVIEW, FL", "zone_code": "PD", "zone_category": "Other", "ev_permitted": false}, "geometry": {"type": "Polygon", "coordinates": [[[-82.3423323834166, 27.8944686538009], [-82.3423323073435, 27.8944970757978], [-82.3424189930469, 27.8944972578735], [-82.3424190690944, 27.8944688349743], [-82.3423323834166, 27.8944686538009]]]}}, {"type": "Feature", "properties": {"zone_id": "02034B0AJ3TCL2MJY7KH1H", "tract_id": "12057013706", "city": "RIVERVIEW, FL", "zone_code": "PD", "zone_category": "Other", "ev_permitted": false}, "geometry": {"type": "Polygon", "coordinates": [[[-82.3424190690944, 27.8944688349743], [-82.3424189930469, 27.8944972578735], [-82.3425056787498, 27.8944974398947], [-82.3425057547748, 27.8944690169956], [-82.3424190690944, 27.8944688349743]]]}}, {"type": "Feature", "properties": {"zone_id": "0205HL9U9NSWO1O71L75NQ", "tract_id": "12057013706", "city": "RIVERVIEW, FL", "zone_code": "PD", "zone_category": "Other", "ev_permitted": false}, "geometry": {"type": "Polygon", "coordinates": [[[-82.3423323073435, 27.8944970757978], [-82.3423322322891, 27.8945254986945], [-82.342418918015, 27.8945256807701], [-82.3424189930469, 27.8944972578735], [-82.3423323073435, 27.8944970757978]]]}}, {"type": "Feature", "properties": {"zone_id": "02058EALQT9EIP747IHBAF", "tract_id": "12057013706", "city": "RIVERVIEW, FL", "zone_code": "PD", "zone_category": "Other", "ev_permitted": false}, "geometry": {"type": "Polygon", "coordinates": [[[-82.3424189930469, 27.8944972578735], [-82.342418918015, 27.8945256807701], [-82.3425056037406, 27.8945258627911], [-82.3425056787498, 27.8944974398947], [-82.3424189930469, 27.8944972578735]]]}}, {"type": "Feature", "properties": {"zone_id": "0202UPGLREJFBBIFIBGE6H", "tract_id": "12057013706", "city": "RIVERVIEW, FL", "zone_code": "PD", "zone_category": "Other", "ev_permitted": false}, "geometry": {"type": "Polygon", "coordinates": [[[-82.3421590120542, 27.8944682894858], [-82.3421589359388, 27.8944967123853], [-82.3422456216427, 27.8944968945701], [-82.3422456977356, 27.8944684716706], [-82.3421590120542, 27.8944682894858]]]}}, {"type": "Feature", "properties": {"zone_id": "02002LFY1OSSARQ0TY45ST", "tract_id": "12057013706", "city": "RIVERVIEW, FL", "zone_code": "PD", "zone_category": "Other", "ev_permitted": false}, "geometry": {"type": "Polygon", "coordinates": [[[-82.3422456977356, 27.8944684716706], [-82.3422456216427, 27.8944968945701], [-82.3423323073435, 27.8944970757978], [-82.3423323834166, 27.8944686538009], [-82.3422456977356, 27.8944684716706]]]}}, {"type": "Feature", "properties": {"zone_id": "0206LZSOQYZ7CBU962KUHG", "tract_id": "12057013706", "city": "RIVERVIEW, FL", "zone_code": "PD", "zone_category": "Other", "ev_permitted": false}, "geometry": {"type": "Polygon", "coordinates": [[[-82.3421589359388, 27.8944967123853], [-82.3421588608362, 27.8945251343798], [-82.3422455465628, 27.8945253165644], [-82.3422456216427, 27.8944968945701], [-82.3421589359388, 27.8944967123853]]]}}, {"type": "Feature", "properties": {"zone_id": "0207708Q1ZICCT8CMDR49H", "tract_id": "12057013706", "city": "RIVERVIEW, FL", "zone_code": "PD", "zone_category": "Other", "ev_permitted": false}, "geometry": {"type": "Polygon", "coordinates": [[[-82.3423326095989, 27.8943833860097], [-82.3423325335257, 27.894411808007], [-82.3424192191611, 27.894411990083], [-82.3424192952117, 27.8943835680858], [-82.3423326095989, 27.8943833860097]]]}}, {"type": "Feature", "properties": {"zone_id": "0205ORGLAEYR7IEZIA1ZNE", "tract_id": "12057013706", "city": "RIVERVIEW, FL", "zone_code": "PD", "zone_category": "Other", "ev_permitted": false}, "geometry": {"type": "Polygon", "coordinates": [[[-82.3423326846536, 27.8943549631124], [-82.3423326095989, 27.8943833860097], [-82.3424192952117, 27.8943835680858], [-82.3424193702437, 27.8943551451886], [-82.3423326846536, 27.8943549631124]]]}}, {"type": "Feature", "properties": {"zone_id": "020588GRAVK670NTY2L4HQ", "tract_id": "12057013706", "city": "RIVERVIEW, FL", "zone_code": "PD", "zone_category": "Other", "ev_permitted": false}, "geometry": {"type": "Polygon", "coordinates": [[[-82.3424193702437, 27.8943551451886], [-82.3424192952117, 27.8943835680858], [-82.3425059808213, 27.894383749205], [-82.3425060558336, 27.8943553272103], [-82.3424193702437, 27.8943551451886]]]}}, {"type": "Feature", "properties": {"zone_id": "0204WJTDA1UNAFA31SXZOX", "tract_id": "12057013706", "city": "RIVERVIEW, FL", "zone_code": "PD", "zone_category": "Other", "ev_permitted": false}, "geometry": {"type": "Polygon", "coordinates": [[[-82.3424192952117, 27.8943835680858], [-82.3424192191611, 27.894411990083], [-82.3425059047963, 27.8944121721044], [-82.3425059808213, 27.894383749205], [-82.3424192952117, 27.8943835680858]]]}}, {"type": "Feature", "properties": {"zone_id": "02015C483ZGWJ08MYPN6GZ", "tract_id": "12057013706", "city": "RIVERVIEW, FL", "zone_code": "PD", "zone_category": "Other", "ev_permitted": false}, "geometry": {"type": "Polygon", "coordinates": [[[-82.3423325335257, 27.894411808007], [-82.3423324584711, 27.894440230904], [-82.3424191441292, 27.8944404129799], [-82.3424192191611, 27.894411990083], [-82.3423325335257, 27.894411808007]]]}}, {"type": "Feature", "properties": {"zone_id": "02041TQU160S7844T7TZZ2", "tract_id": "12057013706", "city": "RIVERVIEW, FL", "zone_code": "PD", "zone_category": "Other", "ev_permitted": false}, "geometry": {"type": "Polygon", "coordinates": [[[-82.3424192191611, 27.894411990083], [-82.3424191441292, 27.8944404129799], [-82.3425058297869, 27.8944405950013], [-82.3425059047963, 27.8944121721044], [-82.3424192191611, 27.894411990083]]]}}, {"type": "Feature", "properties": {"zone_id": "0205I3NXSOIYEAO0RMVQAE", "tract_id": "12057013706", "city": "RIVERVIEW, FL", "zone_code": "PD", "zone_category": "Other", "ev_permitted": false}, "geometry": {"type": "Polygon", "coordinates": [[[-82.3423324584711, 27.894440230904], [-82.3423323834166, 27.8944686538009], [-82.3424190690944, 27.8944688349743], [-82.3424191441292, 27.8944404129799], [-82.3423324584711, 27.894440230904]]]}}, {"type": "Feature", "properties": {"zone_id": "0207G01TO4ZP2WX7JQ5DF6", "tract_id": "12057013706", "city": "RIVERVIEW, FL", "zone_code": "PD", "zone_category": "Other", "ev_permitted": false}, "geometry": {"type": "Polygon", "coordinates": [[[-82.3424191441292, 27.8944404129799], [-82.3424190690944, 27.8944688349743], [-82.3425057547748, 27.8944690169956], [-82.3425058297869, 27.8944405950013], [-82.3424191441292, 27.8944404129799]]]}}, {"type": "Feature", "properties": {"zone_id": "0204H19S607VA2E26WN72C", "tract_id": "12057013706", "city": "RIVERVIEW, FL", "zone_code": "PD", "zone_category": "Other", "ev_permitted": false}, "geometry": {"type": "Polygon", "coordinates": [[[-82.3421593134722, 27.8943545987964], [-82.3421592383723, 27.8943830216939], [-82.3422459239857, 27.8943832038791], [-82.342245999063, 27.8943547809817], [-82.3421593134722, 27.8943545987964]]]}}, {"type": "Feature", "properties": {"zone_id": "0203IEKW8KM7R36HSK11JH", "tract_id": "12057013706", "city": "RIVERVIEW, FL", "zone_code": "PD", "zone_category": "Other", "ev_permitted": false}, "geometry": {"type": "Polygon", "coordinates": [[[-82.3421592383723, 27.8943830216939], [-82.3421591622567, 27.8944114445938], [-82.3422458478928, 27.8944116267788], [-82.3422459239857, 27.8943832038791], [-82.3421592383723, 27.8943830216939]]]}}, {"type": "Feature", "properties": {"zone_id": "0201NZ1D8L14FC1U9CLWZI", "tract_id": "12057013706", "city": "RIVERVIEW, FL", "zone_code": "PD", "zone_category": "Other", "ev_permitted": false}, "geometry": {"type": "Polygon", "coordinates": [[[-82.3422459239857, 27.8943832038791], [-82.3422458478928, 27.8944116267788], [-82.3423325335257, 27.894411808007], [-82.3423326095989, 27.8943833860097], [-82.3422459239857, 27.8943832038791]]]}}, {"type": "Feature", "properties": {"zone_id": "0204FCYOOUZH87THIRV4GY", "tract_id": "12057013706", "city": "RIVERVIEW, FL", "zone_code": "PD", "zone_category": "Other", "ev_permitted": false}, "geometry": {"type": "Polygon", "coordinates": [[[-82.3421591622567, 27.8944114445938], [-82.342159087154, 27.8944398665886], [-82.3422457728127, 27.8944400487736], [-82.3422458478928, 27.8944116267788], [-82.3421591622567, 27.8944114445938]]]}}, {"type": "Feature", "properties": {"zone_id": "0202L6ZL7IZ2J2IY4S2852", "tract_id": "12057013706", "city": "RIVERVIEW, FL", "zone_code": "PD", "zone_category": "Other", "ev_permitted": false}, "geometry": {"type": "Polygon", "coordinates": [[[-82.3422458478928, 27.8944116267788], [-82.3422457728127, 27.8944400487736], [-82.3423324584711, 27.894440230904], [-82.3423325335257, 27.894411808007], [-82.3422458478928, 27.8944116267788]]]}}, {"type": "Feature", "properties": {"zone_id": "0204F00BKAWQ9CRUK79R0S", "tract_id": "12057013706", "city": "RIVERVIEW, FL", "zone_code": "PD", "zone_category": "Other", "ev_permitted": false}, "geometry": {"type": "Polygon", "coordinates": [[[-82.3420328258438, 27.8944987936456], [-82.3420326329537, 27.8946211942495], [-82.3420646244318, 27.8946212341025], [-82.342064817286, 27.8944988334988], [-82.3420328258438, 27.8944987936456]]]}}, {"type": "Feature", "properties": {"zone_id": "020269QVXCIYNL46G40YRB", "tract_id": "12057013706", "city": "RIVERVIEW, FL", "zone_code": "PD", "zone_category": "Other", "ev_permitted": false}, "geometry": {"type": "Polygon", "coordinates": [[[-82.342159087154, 27.8944398665886], [-82.3421590120542, 27.8944682894858], [-82.3422456977356, 27.8944684716706], [-82.3422457728127, 27.8944400487736], [-82.342159087154, 27.8944398665886]]]}}, {"type": "Feature", "properties": {"zone_id": "02053MXJXXQNR2RDJ4JGMU", "tract_id": "12057013706", "city": "RIVERVIEW, FL", "zone_code": "PD", "zone_category": "Other", "ev_permitted": false}, "geometry": {"type": "Polygon", "coordinates": [[[-82.3422457728127, 27.8944400487736], [-82.3422456977356, 27.8944684716706], [-82.3423323834166, 27.8944686538009], [-82.3423324584711, 27.894440230904], [-82.3422457728127, 27.8944400487736]]]}}, {"type": "Feature", "properties": {"zone_id": "0200IFO4OAO6QZ8WJBFDM4", "tract_id": "12057013706", "city": "RIVERVIEW, FL", "zone_code": "PD", "zone_category": "Other", "ev_permitted": false}, "geometry": {"type": "Polygon", "coordinates": [[[-82.342245999063, 27.8943547809817], [-82.3422459239857, 27.8943832038791], [-82.3423326095989, 27.8943833860097], [-82.3423326846536, 27.8943549631124], [-82.342245999063, 27.8943547809817]]]}}, {"type": "Feature", "properties": {"zone_id": "0204O2IDM7S43QZPJWNL82", "tract_id": "12057013706", "city": "RIVERVIEW, FL", "zone_code": "PD", "zone_category": "Other", "ev_permitted": false}, "geometry": {"type": "Polygon", "coordinates": [[[-82.3420008344016, 27.8944987537849], [-82.3420006424912, 27.8946211543865], [-82.3420326329537, 27.8946211942495], [-82.3420328258438, 27.8944987936456], [-82.3420008344016, 27.8944987537849]]]}}, {"type": "Feature", "properties": {"zone_id": "0204XLCDSLFFPXYF3OZNFE", "tract_id": "12057013706", "city": "RIVERVIEW, FL", "zone_code": "PD", "zone_category": "Other", "ev_permitted": false}, "geometry": {"type": "Polygon", "coordinates": [[[-82.341872869645, 27.8944985933629], [-82.341872676578, 27.8946209948703], [-82.3419046680564, 27.8946210347604], [-82.3419048610875, 27.8944986332533], [-82.341872869645, 27.8944985933629]]]}}, {"type": "Feature", "properties": {"zone_id": "0206F92HNX1RD8BOI79S1S", "tract_id": "12057013706", "city": "RIVERVIEW, FL", "zone_code": "PD", "zone_category": "Other", "ev_permitted": false}, "geometry": {"type": "Polygon", "coordinates": [[[-82.3419048610875, 27.8944986332533], [-82.3419046680564, 27.8946210347604], [-82.3419366595347, 27.8946210746432], [-82.3419368525299, 27.8944986731363], [-82.3419048610875, 27.8944986332533]]]}}, {"type": "Feature", "properties": {"zone_id": "0206LKS488VJA619LASNSV", "tract_id": "12057013706", "city": "RIVERVIEW, FL", "zone_code": "PD", "zone_category": "Other", "ev_permitted": false}, "geometry": {"type": "Polygon", "coordinates": [[[-82.3419368525299, 27.8944986731363], [-82.3419366595347, 27.8946210746432], [-82.341968651013, 27.8946211145185], [-82.3419688429565, 27.8944987130143], [-82.3419368525299, 27.8944986731363]]]}}, {"type": "Feature", "properties": {"zone_id": "0205WB0143HYUBFPPA94P1", "tract_id": "12057013706", "city": "RIVERVIEW, FL", "zone_code": "PD", "zone_category": "Other", "ev_permitted": false}, "geometry": {"type": "Polygon", "coordinates": [[[-82.3419688429565, 27.8944987130143], [-82.341968651013, 27.8946211145185], [-82.3420006424912, 27.8946211543865], [-82.3420008344016, 27.8944987537849], [-82.3419688429565, 27.8944987130143]]]}}, {"type": "Feature", "properties": {"zone_id": "02067EHCHW4DUI5F62G4GR", "tract_id": "12057013706", "city": "RIVERVIEW, FL", "zone_code": "PD", "zone_category": "Other", "ev_permitted": false}, "geometry": {"type": "Polygon", "coordinates": [[[-82.3420010273259, 27.8943763522762], [-82.3420008344016, 27.8944987537849], [-82.3420328258438, 27.8944987936456], [-82.3420330177165, 27.8943763921396], [-82.3420010273259, 27.8943763522762]]]}}, {"type": "Feature", "properties": {"zone_id": "02051HT8QGRBHIJBM2VISI", "tract_id": "12057013706", "city": "RIVERVIEW, FL", "zone_code": "PD", "zone_category": "Other", "ev_permitted": false}, "geometry": {"type": "Polygon", "coordinates": [[[-82.3420330177165, 27.8943763921396], [-82.3420328258438, 27.8944987936456], [-82.342064817286, 27.8944988334988], [-82.3420650091226, 27.8943764319931], [-82.3420330177165, 27.8943763921396]]]}}, {"type": "Feature", "properties": {"zone_id": "0200CV3Y7LQ63I4CDY8QZ8", "tract_id": "12057013706", "city": "RIVERVIEW, FL", "zone_code": "PD", "zone_category": "Other", "ev_permitted": false}, "geometry": {"type": "Polygon", "coordinates": [[[-82.3419370445133, 27.8943762725321], [-82.3419368525299, 27.8944986731363], [-82.3419688429565, 27.8944987130143], [-82.3419690359196, 27.8943763124079], [-82.3419370445133, 27.8943762725321]]]}}, {"type": "Feature", "properties": {"zone_id": "0201B4I93AW86XLQYV4TDB", "tract_id": "12057013706", "city": "RIVERVIEW, FL", "zone_code": "PD", "zone_category": "Other", "ev_permitted": false}, "geometry": {"type": "Polygon", "coordinates": [[[-82.3419690359196, 27.8943763124079], [-82.3419688429565, 27.8944987130143], [-82.3420008344016, 27.8944987537849], [-82.3420010273259, 27.8943763522762], [-82.3419690359196, 27.8943763124079]]]}}, {"type": "Feature", "properties": {"zone_id": "0204L8F3T2M2WA2OWGHXWB", "tract_id": "12057013706", "city": "RIVERVIEW, FL", "zone_code": "PD", "zone_category": "Other", "ev_permitted": false}, "geometry": {"type": "Polygon", "coordinates": [[[-82.3418730627161, 27.8943761927559], [-82.341872869645, 27.8944985933629], [-82.3419048610875, 27.8944986332533], [-82.3419050531068, 27.894376232649], [-82.3418730627161, 27.8943761927559]]]}}, {"type": "Feature", "properties": {"zone_id": "0200AX1J5GB4U4Y0RB16NL", "tract_id": "12057013706", "city": "RIVERVIEW, FL", "zone_code": "PD", "zone_category": "Other", "ev_permitted": false}, "geometry": {"type": "Polygon", "coordinates": [[[-82.3419050531068, 27.894376232649], [-82.3419048610875, 27.8944986332533], [-82.3419368525299, 27.8944986731363], [-82.3419370445133, 27.8943762725321], [-82.3419050531068, 27.894376232649]]]}}, {"type": "Feature", "properties": {"zone_id": "0201YJH3FBVIWTSBMDVNQB", "tract_id": "12057013706", "city": "RIVERVIEW, FL", "zone_code": "PD", "zone_category": "Other", "ev_permitted": false}, "geometry": {"type": "Polygon", "coordinates": [[[-82.3412145088738, 27.8947661030549], [-82.3411893041375, 27.8947850593788], [-82.341294322016, 27.8948952752942], [-82.3413195267591, 27.8948763189513], [-82.3412145088738, 27.8947661030549]]]}}, {"type": "Feature", "properties": {"zone_id": "0202FCZUGVCD5HDFHC4Z2V", "tract_id": "12057013706", "city": "RIVERVIEW, FL", "zone_code": "PD", "zone_category": "Other", "ev_permitted": false}, "geometry": {"type": "Polygon", "coordinates": [[[-82.3411893041375, 27.8947850593788], [-82.3411640993924, 27.8948040156982], [-82.3412691172669, 27.8949142325349], [-82.341294322016, 27.8948952752942], [-82.3411893041375, 27.8947850593788]]]}}, {"type": "Feature", "properties": {"zone_id": "0206UN8SKIN3CJ0N9ZAFE2", "tract_id": "12057013706", "city": "RIVERVIEW, FL", "zone_code": "PD", "zone_category": "Other", "ev_permitted": false}, "geometry": {"type": "Polygon", "coordinates": [[[-82.3411640993924, 27.8948040156982], [-82.3411388946413, 27.8948229729153], [-82.3412439125062, 27.8949331888686], [-82.3412691172669, 27.8949142325349], [-82.3411640993924, 27.8948040156982]]]}}, {"type": "Feature", "properties": {"zone_id": "020358I12UF24TW12O1408", "tract_id": "12057013706", "city": "RIVERVIEW, FL", "zone_code": "PD", "zone_category": "Other", "ev_permitted": false}, "geometry": {"type": "Polygon", "coordinates": [[[-82.3411388946413, 27.8948229729153], [-82.3411136898786, 27.8948419292255], [-82.3412187087524, 27.8949521451952], [-82.3412439125062, 27.8949331888686], [-82.3411388946413, 27.8948229729153]]]}}, {"type": "Feature", "properties": {"zone_id": "0205EWGWKEZ24OH21E6FS9", "tract_id": "12057013706", "city": "RIVERVIEW, FL", "zone_code": "PD", "zone_category": "Other", "ev_permitted": false}, "geometry": {"type": "Polygon", "coordinates": [[[-82.3410338769894, 27.8947127568788], [-82.3410086722335, 27.89473171317], [-82.3411136898786, 27.8948419292255], [-82.3411388946413, 27.8948229729153], [-82.3410338769894, 27.8947127568788]]]}}, {"type": "Feature", "properties": {"zone_id": "0203TXV8RKCHOMLG232SXK", "tract_id": "12057013706", "city": "RIVERVIEW, FL", "zone_code": "PD", "zone_category": "Other", "ev_permitted": false}, "geometry": {"type": "Polygon", "coordinates": [[[-82.3411136898786, 27.8948419292255], [-82.3410884851071, 27.894860885531], [-82.3411935039769, 27.8949711024221], [-82.3412187087524, 27.8949521451952], [-82.3411136898786, 27.8948419292255]]]}}, {"type": "Feature", "properties": {"zone_id": "0201QVKFP3F1TWO9GLIEA8", "tract_id": "12057013706", "city": "RIVERVIEW, FL", "zone_code": "PD", "zone_category": "Other", "ev_permitted": false}, "geometry": {"type": "Polygon", "coordinates": [[[-82.3409834674687, 27.8947506694566], [-82.3409582626981, 27.894769626641], [-82.3410632813453, 27.8948798427318], [-82.3410884851071, 27.894860885531], [-82.3409834674687, 27.8947506694566]]]}}, {"type": "Feature", "properties": {"zone_id": "0201RE0BLOMH3NESMBLDBM", "tract_id": "12057013706", "city": "RIVERVIEW, FL", "zone_code": "PD", "zone_category": "Other", "ev_permitted": false}, "geometry": {"type": "Polygon", "coordinates": [[[-82.3410086722335, 27.89473171317], [-82.3409834674687, 27.8947506694566], [-82.3410884851071, 27.894860885531], [-82.3411136898786, 27.8948419292255], [-82.3410086722335, 27.89473171317]]]}}, {"type": "Feature", "properties": {"zone_id": "0207CAWCM47QT9H6LZFTH6", "tract_id": "12057013706", "city": "RIVERVIEW, FL", "zone_code": "PD", "zone_category": "Other", "ev_permitted": false}, "geometry": {"type": "Polygon", "coordinates": [[[-82.3409540642879, 27.8945835835798], [-82.3409288595475, 27.8946025398567], [-82.3410338769894, 27.8947127568788], [-82.3410590817336, 27.8946937996806], [-82.3409540642879, 27.8945835835798]]]}}, {"type": "Feature", "properties": {"zone_id": "0201J06Y23DBSSW1RR8CHJ", "tract_id": "12057013706", "city": "RIVERVIEW, FL", "zone_code": "PD", "zone_category": "Other", "ev_permitted": false}, "geometry": {"type": "Polygon", "coordinates": [[[-82.341084286472, 27.8946748433802], [-82.3410590817336, 27.8946937996806], [-82.3411640993924, 27.8948040156982], [-82.3411893041375, 27.8947850593788], [-82.341084286472, 27.8946748433802]]]}}, {"type": "Feature", "properties": {"zone_id": "020450OTVQX7UI7NJGJCSA", "tract_id": "12057013706", "city": "RIVERVIEW, FL", "zone_code": "PD", "zone_category": "Other", "ev_permitted": false}, "geometry": {"type": "Polygon", "coordinates": [[[-82.3410590817336, 27.8946937996806], [-82.3410338769894, 27.8947127568788], [-82.3411388946413, 27.8948229729153], [-82.3411640993924, 27.8948040156982], [-82.3410590817336, 27.8946937996806]]]}}, {"type": "Feature", "properties": {"zone_id": "02049LRMURDSTOXJQUZW3N", "tract_id": "12057013706", "city": "RIVERVIEW, FL", "zone_code": "PD", "zone_category": "Other", "ev_permitted": false}, "geometry": {"type": "Polygon", "coordinates": [[[-82.3409792690194, 27.8945646272984], [-82.3409540642879, 27.8945835835798], [-82.3410590817336, 27.8946937996806], [-82.341084286472, 27.8946748433802], [-82.3409792690194, 27.8945646272984]]]}}, {"type": "Feature", "properties": {"zone_id": "0201IEDSRVGOJ12RESOHPW", "tract_id": "12057013706", "city": "RIVERVIEW, FL", "zone_code": "PD", "zone_category": "Other", "ev_permitted": false}, "geometry": {"type": "Polygon", "coordinates": [[[-82.3411094911987, 27.8946558861728], [-82.341084286472, 27.8946748433802], [-82.3411893041375, 27.8947850593788], [-82.3412145088738, 27.8947661030549], [-82.3411094911987, 27.8946558861728]]]}}, {"type": "Feature", "properties": {"zone_id": "0203R41YJF660ZNV6W9XZL", "tract_id": "12057013706", "city": "RIVERVIEW, FL", "zone_code": "PD", "zone_category": "Other", "ev_permitted": false}, "geometry": {"type": "Polygon", "coordinates": [[[-82.3409036548013, 27.8946214970313], [-82.3408784500434, 27.8946404532989], [-82.3409834674687, 27.8947506694566], [-82.3410086722335, 27.89473171317], [-82.3409036548013, 27.8946214970313]]]}}, {"type": "Feature", "properties": {"zone_id": "02070E1S7SG66RXWGDUVPY", "tract_id": "12057013706", "city": "RIVERVIEW, FL", "zone_code": "PD", "zone_category": "Other", "ev_permitted": false}, "geometry": {"type": "Polygon", "coordinates": [[[-82.3408784500434, 27.8946404532989], [-82.3408532452766, 27.894659409562], [-82.3409582626981, 27.894769626641], [-82.3409834674687, 27.8947506694566], [-82.3408784500434, 27.8946404532989]]]}}, {"type": "Feature", "properties": {"zone_id": "0206NHDH0NG4QD8BG19YAP", "tract_id": "12057013706", "city": "RIVERVIEW, FL", "zone_code": "PD", "zone_category": "Other", "ev_permitted": false}, "geometry": {"type": "Polygon", "coordinates": [[[-82.3409288595475, 27.8946025398567], [-82.3409036548013, 27.8946214970313], [-82.3410086722335, 27.89473171317], [-82.3410338769894, 27.8947127568788], [-82.3409288595475, 27.8946025398567]]]}}, {"type": "Feature", "properties": {"zone_id": "0201BZOZFBVOX1ESZ6706O", "tract_id": "12057013706", "city": "RIVERVIEW, FL", "zone_code": "PD", "zone_category": "Other", "ev_permitted": false}, "geometry": {"type": "Polygon", "coordinates": [[[-82.3410044727236, 27.8945456701125], [-82.3409792690194, 27.8945646272984], [-82.341084286472, 27.8946748433802], [-82.3411094911987, 27.8946558861728], [-82.3410044727236, 27.8945456701125]]]}}, {"type": "Feature", "properties": {"zone_id": "0202JRDN99JNQV295PGCKS", "tract_id": "12057013706", "city": "RIVERVIEW, FL", "zone_code": "PD", "zone_category": "Other", "ev_permitted": false}, "geometry": {"type": "Polygon", "coordinates": [[[-82.3408742507612, 27.8944544102334], [-82.3408490460394, 27.8944733673984], [-82.3409540642879, 27.8945835835798], [-82.3409792690194, 27.8945646272984], [-82.3408742507612, 27.8944544102334]]]}}, {"type": "Feature", "properties": {"zone_id": "0204O9OFFZU05CGHLOYIIY", "tract_id": "12057013706", "city": "RIVERVIEW, FL", "zone_code": "PD", "zone_category": "Other", "ev_permitted": false}, "geometry": {"type": "Polygon", "coordinates": [[[-82.3408490460394, 27.8944733673984], [-82.3408238423215, 27.8944923236537], [-82.3409288595475, 27.8946025398567], [-82.3409540642879, 27.8945835835798], [-82.3408490460394, 27.8944733673984]]]}}, {"type": "Feature", "properties": {"zone_id": "02061QPFQF01W4QQCTVE37", "tract_id": "12057013706", "city": "RIVERVIEW, FL", "zone_code": "PD", "zone_category": "Other", "ev_permitted": false}, "geometry": {"type": "Polygon", "coordinates": [[[-82.3408238423215, 27.8944923236537], [-82.3407986375792, 27.894511279907], [-82.3409036548013, 27.8946214970313], [-82.3409288595475, 27.8946025398567], [-82.3408238423215, 27.8944923236537]]]}}, {"type": "Feature", "properties": {"zone_id": "0205FDN48X14CNKKMDS88S", "tract_id": "12057013706", "city": "RIVERVIEW, FL", "zone_code": "PD", "zone_category": "Other", "ev_permitted": false}, "geometry": {"type": "Polygon", "coordinates": [[[-82.3407986375792, 27.894511279907], [-82.3407734328309, 27.8945302370581], [-82.3408784500434, 27.8946404532989], [-82.3409036548013, 27.8946214970313], [-82.3407986375792, 27.894511279907]]]}}, {"type": "Feature", "properties": {"zone_id": "02000BPMGD9RADT3VU7171", "tract_id": "12057013706", "city": "RIVERVIEW, FL", "zone_code": "PD", "zone_category": "Other", "ev_permitted": false}, "geometry": {"type": "Polygon", "coordinates": [[[-82.3407734328309, 27.8945302370581], [-82.340748228071, 27.8945491933022], [-82.3408532452766, 27.894659409562], [-82.3408784500434, 27.8946404532989], [-82.3407734328309, 27.8945302370581]]]}}, {"type": "Feature", "properties": {"zone_id": "0203DBI0XG080PMCT8UZUX", "tract_id": "12057013706", "city": "RIVERVIEW, FL", "zone_code": "PD", "zone_category": "Other", "ev_permitted": false}, "geometry": {"type": "Polygon", "coordinates": [[[-82.3408994554772, 27.8944354539664], [-82.3408742507612, 27.8944544102334], [-82.3409792690194, 27.8945646272984], [-82.3410044727236, 27.8945456701125], [-82.3408994554772, 27.8944354539664]]]}}, {"type": "Feature", "properties": {"zone_id": "02065ZMNPIEY69IN03NVQ7", "tract_id": "12057013706", "city": "RIVERVIEW, FL", "zone_code": "PD", "zone_category": "Other", "ev_permitted": false}, "geometry": {"type": "Polygon", "coordinates": [[[-82.3403163107046, 27.8948718037462], [-82.34020665481, 27.8949459012417], [-82.3402260214396, 27.894968524181], [-82.3403356773435, 27.8948944266703], [-82.3403163107046, 27.8948718037462]]]}}, {"type": "Feature", "properties": {"zone_id": "0207M2A44AFIXIUBV0TMUR", "tract_id": "12057013706", "city": "RIVERVIEW, FL", "zone_code": "CG", "zone_category": "Commercial", "ev_permitted": true}, "geometry": {"type": "Polygon", "coordinates": [[[-82.3399404330576, 27.8940734023916], [-82.3386527333518, 27.8940736659568], [-82.3386292035844, 27.8941537135522], [-82.3390205966707, 27.8946714304853], [-82.3391059556412, 27.8946233057863], [-82.3393473895208, 27.8949326153836], [-82.3399450756254, 27.8945774844341], [-82.3399404330576, 27.8940734023916]]]}}]}