{"type": "FeatureCollection", "features": [{"type": "Feature", "properties": {"zone_id": "02058NDA2Y08LLQT6FDZZK", "tract_id": "36047067600", "city": "BROOKLYN, NY", "zone_code": "R3-2", "zone_category": "Residential", "ev_permitted": false}, "geometry": {"type": "Polygon", "coordinates": [[[-73.9302466024318, 40.6243198464033], [-73.9299327301363, 40.6243380801598], [-73.9301050092154, 40.6244895056877], [-73.9302544564392, 40.6243926087826], [-73.9302466024318, 40.6243198464033]]]}}, {"type": "Feature", "properties": {"zone_id": "02066TCVHZ81K84OGRRCT9", "tract_id": "36047067600", "city": "BROOKLYN, NY", "zone_code": "R3-2", "zone_category": "Residential", "ev_permitted": false}, "geometry": {"type": "Polygon", "coordinates": [[[-73.9299327301363, 40.6243380801598], [-73.9298838797797, 40.6243409179595], [-73.9299133325307, 40.6246137820639], [-73.9301050092154, 40.6244895056877], [-73.9299327301363, 40.6243380801598]]]}}, {"type": "Feature", "properties": {"zone_id": "0206GB7MHSNUBIT4VKNJD0", "tract_id": "36047067600", "city": "BROOKLYN, NY", "zone_code": "R4", "zone_category": "Residential", "ev_permitted": false}, "geometry": {"type": "Polygon", "coordinates": [[[-73.9272614256057, 40.6259613861751], [-73.9270776581422, 40.6259735901409], [-73.9271232726033, 40.6263721117748], [-73.9272906156537, 40.626262614756], [-73.9272614256057, 40.6259613861751]]]}}, {"type": "Feature", "properties": {"zone_id": "02071X5MCFCK27TH3JXICN", "tract_id": "36047067600", "city": "BROOKLYN, NY", "zone_code": "R4", "zone_category": "Residential", "ev_permitted": false}, "geometry": {"type": "Polygon", "coordinates": [[[-73.9274408679031, 40.6259494690361], [-73.9272614256057, 40.6259613861751], [-73.9272906156537, 40.626262614756], [-73.9274604448738, 40.6261514902804], [-73.9274408679031, 40.6259494690361]]]}}, {"type": "Feature", "properties": {"zone_id": "02004920X51UZ2FBA91O6X", "tract_id": "36047067600", "city": "BROOKLYN, NY", "zone_code": "R3-2", "zone_category": "Residential", "ev_permitted": false}, "geometry": {"type": "Polygon", "coordinates": [[[-73.928092899647, 40.6252448287197], [-73.9277142178766, 40.6252684095355], [-73.9277596742295, 40.6256874149798], [-73.9281384350797, 40.6256645290005], [-73.928092899647, 40.6252448287197]]]}}, {"type": "Feature", "properties": {"zone_id": "0200FAGCY2N1OLA8SZHHSC", "tract_id": "36047067600", "city": "BROOKLYN, NY", "zone_code": "R3-2", "zone_category": "Residential", "ev_permitted": false}, "geometry": {"type": "Polygon", "coordinates": [[[-73.9282069436777, 40.6254130607469], [-73.9281117945978, 40.6254189859014], [-73.9281384350797, 40.6256645290005], [-73.9282336018414, 40.6256587787989], [-73.9282069436777, 40.6254130607469]]]}}, {"type": "Feature", "properties": {"zone_id": "0207NYB5ZIF2WZIFZABI23", "tract_id": "36047067600", "city": "BROOKLYN, NY", "zone_code": "R3-2", "zone_category": "Residential", "ev_permitted": false}, "geometry": {"type": "Polygon", "coordinates": [[[-73.9284841758729, 40.6254863361502], [-73.9282167008768, 40.625502993401], [-73.9282336018414, 40.6256587787989], [-73.9282997157367, 40.6256547832309], [-73.9284894058378, 40.625533631672], [-73.9284841758729, 40.6254863361502]]]}}, {"type": "Feature", "properties": {"zone_id": "0206DYWJ64KPHO5PFKNBZL", "tract_id": "36047067600", "city": "BROOKLYN, NY", "zone_code": "R3-2", "zone_category": "Residential", "ev_permitted": false}, "geometry": {"type": "Polygon", "coordinates": [[[-73.9284742320139, 40.6253964160507], [-73.9282069436777, 40.6254130607469], [-73.9282167008768, 40.625502993401], [-73.9284841758729, 40.6254863361502], [-73.9284742320139, 40.6253964160507]]]}}, {"type": "Feature", "properties": {"zone_id": "0205UWD2NC8YUTM4V7C0T8", "tract_id": "36047067600", "city": "BROOKLYN, NY", "zone_code": "R4", "zone_category": "Residential", "ev_permitted": false}, "geometry": {"type": "Polygon", "coordinates": [[[-73.927399544484, 40.625457111212], [-73.927031711917, 40.6254808744053], [-73.927061365857, 40.6257577438387], [-73.9274296656952, 40.6257339506305], [-73.927399544484, 40.625457111212]]]}}, {"type": "Feature", "properties": {"zone_id": "0204K5PI613AY29OII6F4K", "tract_id": "36047067600", "city": "BROOKLYN, NY", "zone_code": "R3-2", "zone_category": "Residential", "ev_permitted": false}, "geometry": {"type": "Polygon", "coordinates": [[[-73.9292040744062, 40.6248658521369], [-73.9290916254613, 40.6248726668609], [-73.9291182694938, 40.625124133929], [-73.9292241383097, 40.625055209944], [-73.9292040744062, 40.6248658521369]]]}}, {"type": "Feature", "properties": {"zone_id": "0203H58IHM0HNNVWJ829CD", "tract_id": "36047067600", "city": "BROOKLYN, NY", "zone_code": "R3-2", "zone_category": "Residential", "ev_permitted": false}, "geometry": {"type": "Polygon", "coordinates": [[[-73.9293596791905, 40.6248564218014], [-73.9292040744062, 40.6248658521369], [-73.9292241383097, 40.625055209944], [-73.9293706372308, 40.62495983365], [-73.9293596791905, 40.6248564218014]]]}}, {"type": "Feature", "properties": {"zone_id": "02031832K61C8YO4Y0PXX5", "tract_id": "36047067600", "city": "BROOKLYN, NY", "zone_code": "R3-2", "zone_category": "Residential", "ev_permitted": false}, "geometry": {"type": "Polygon", "coordinates": [[[-73.9290076357506, 40.6251961613629], [-73.928669319647, 40.6252166644568], [-73.928674668755, 40.6252656232572], [-73.9289241651743, 40.6252505032075], [-73.9290076357506, 40.6251961613629]]]}}, {"type": "Feature", "properties": {"zone_id": "0206PC4ZF2ACZDWCFEO7QB", "tract_id": "36047067600", "city": "BROOKLYN, NY", "zone_code": "R3-2", "zone_category": "Residential", "ev_permitted": false}, "geometry": {"type": "Polygon", "coordinates": [[[-73.9290260990068, 40.6251428206959], [-73.9286636499693, 40.6251647858775], [-73.928669319647, 40.6252166644568], [-73.9290076357506, 40.6251961613629], [-73.929030314017, 40.6251813968815], [-73.9290260990068, 40.6251428206959]]]}}, {"type": "Feature", "properties": {"zone_id": "0202B5WWI5DEWHTHATUR4F", "tract_id": "36047067600", "city": "BROOKLYN, NY", "zone_code": "R3-2", "zone_category": "Residential", "ev_permitted": false}, "geometry": {"type": "Polygon", "coordinates": [[[-73.9289241651743, 40.6252505032075], [-73.928674668755, 40.6252656232572], [-73.928689695995, 40.6254031507467], [-73.9289241651743, 40.6252505032075]]]}}, {"type": "Feature", "properties": {"zone_id": "02037SXMFFO6UEDEV0DF8Q", "tract_id": "36047067600", "city": "BROOKLYN, NY", "zone_code": "R3-2", "zone_category": "Residential", "ev_permitted": false}, "geometry": {"type": "Polygon", "coordinates": [[[-73.9289960761776, 40.6248680869322], [-73.9286336304666, 40.6248900520209], [-73.9286394416433, 40.6249432376509], [-73.9290018876411, 40.624921272544], [-73.9289960761776, 40.6248680869322]]]}}, {"type": "Feature", "properties": {"zone_id": "0202AN8V22XR7ZTOH73YL2", "tract_id": "36047067600", "city": "BROOKLYN, NY", "zone_code": "R3-2", "zone_category": "Residential", "ev_permitted": false}, "geometry": {"type": "Polygon", "coordinates": [[[-73.9290139161297, 40.625031338637], [-73.9286514686158, 40.625053303781], [-73.9286582095414, 40.6251149985756], [-73.9290206583102, 40.6250930334111], [-73.9290139161297, 40.625031338637]]]}}, {"type": "Feature", "properties": {"zone_id": "0206I2OGSIGT7VPL541HPN", "tract_id": "36047067600", "city": "BROOKLYN, NY", "zone_code": "R3-2", "zone_category": "Residential", "ev_permitted": false}, "geometry": {"type": "Polygon", "coordinates": [[[-73.9290206583102, 40.6250930334111], [-73.9286582095414, 40.6251149985756], [-73.9286636499693, 40.6251647858775], [-73.9290260990068, 40.6251428206959], [-73.9290206583102, 40.6250930334111]]]}}, {"type": "Feature", "properties": {"zone_id": "0207IO8OJXJ19VTVE1ZU17", "tract_id": "36047067600", "city": "BROOKLYN, NY", "zone_code": "R3-2", "zone_category": "Residential", "ev_permitted": false}, "geometry": {"type": "Polygon", "coordinates": [[[-73.9290079722093, 40.6249769464662], [-73.9286455249888, 40.6249989115916], [-73.9286514686158, 40.625053303781], [-73.9290139161297, 40.625031338637], [-73.9290079722093, 40.6249769464662]]]}}, {"type": "Feature", "properties": {"zone_id": "0204WGTRNKXVNT6RK8EYXT", "tract_id": "36047067600", "city": "BROOKLYN, NY", "zone_code": "R3-2", "zone_category": "Residential", "ev_permitted": false}, "geometry": {"type": "Polygon", "coordinates": [[[-73.9290018876411, 40.624921272544], [-73.9286394416433, 40.6249432376509], [-73.9286455249888, 40.6249989115916], [-73.9290079722093, 40.6249769464662], [-73.9290018876411, 40.624921272544]]]}}, {"type": "Feature", "properties": {"zone_id": "0207FTLP5GZQ91BDVV3P2X", "tract_id": "36047067600", "city": "BROOKLYN, NY", "zone_code": "R3-2", "zone_category": "Residential", "ev_permitted": false}, "geometry": {"type": "Polygon", "coordinates": [[[-73.9290916254613, 40.6248726668609], [-73.9289972032281, 40.624878389423], [-73.929030314017, 40.6251813968815], [-73.9291182694938, 40.625124133929], [-73.9290916254613, 40.6248726668609]]]}}, {"type": "Feature", "properties": {"zone_id": "0204J6O9ZHAN22B5E9TF26", "tract_id": "36047067600", "city": "BROOKLYN, NY", "zone_code": "R3-2", "zone_category": "Residential", "ev_permitted": false}, "geometry": {"type": "Polygon", "coordinates": [[[-73.9298883282428, 40.6246299934975], [-73.9295438858763, 40.6246500021563], [-73.9295643954131, 40.6248400178767], [-73.9298883282428, 40.6246299934975]]]}}, {"type": "Feature", "properties": {"zone_id": "0200M4X7A5WFDG69RXIIO2", "tract_id": "36047067600", "city": "BROOKLYN, NY", "zone_code": "R3-2", "zone_category": "Residential", "ev_permitted": false}, "geometry": {"type": "Polygon", "coordinates": [[[-73.929343864469, 40.6247071713216], [-73.9289808968187, 40.6247291695067], [-73.9289862835688, 40.6247784648955], [-73.9293490891659, 40.624756476431], [-73.929343864469, 40.6247071713216]]]}}, {"type": "Feature", "properties": {"zone_id": "0200KMNPWO0H6MRVP75VRU", "tract_id": "36047067600", "city": "BROOKLYN, NY", "zone_code": "R3-2", "zone_category": "Residential", "ev_permitted": false}, "geometry": {"type": "Polygon", "coordinates": [[[-73.9293333265294, 40.6246077248734], [-73.9289700320114, 40.624629742498], [-73.9289755137288, 40.6246799085503], [-73.9293386277538, 40.6246579013375], [-73.9293333265294, 40.6246077248734]]]}}, {"type": "Feature", "properties": {"zone_id": "0202FO3KEYSIN1Z5JLI6KC", "tract_id": "36047067600", "city": "BROOKLYN, NY", "zone_code": "R3-2", "zone_category": "Residential", "ev_permitted": false}, "geometry": {"type": "Polygon", "coordinates": [[[-73.9293543485576, 40.6248061188413], [-73.9289917068573, 40.6248280968837], [-73.9289972032281, 40.624878389423], [-73.9293596791905, 40.6248564218014], [-73.9293543485576, 40.6248061188413]]]}}, {"type": "Feature", "properties": {"zone_id": "02027ECWAZF81EEEHYSWUR", "tract_id": "36047067600", "city": "BROOKLYN, NY", "zone_code": "R3-2", "zone_category": "Residential", "ev_permitted": false}, "geometry": {"type": "Polygon", "coordinates": [[[-73.9293490891659, 40.624756476431], [-73.9289862835688, 40.6247784648955], [-73.9289917068573, 40.6248280968837], [-73.9293543485576, 40.6248061188413], [-73.9293490891659, 40.624756476431]]]}}, {"type": "Feature", "properties": {"zone_id": "0200OUWKNIGEV1DYCQHBXQ", "tract_id": "36047067600", "city": "BROOKLYN, NY", "zone_code": "R3-2", "zone_category": "Residential", "ev_permitted": false}, "geometry": {"type": "Polygon", "coordinates": [[[-73.9293386277538, 40.6246579013375], [-73.9289755137288, 40.6246799085503], [-73.9289808968187, 40.6247291695067], [-73.929343864469, 40.6247071713216], [-73.9293386277538, 40.6246579013375]]]}}, {"type": "Feature", "properties": {"zone_id": "0202GG1KGXFE148R5V8LIT", "tract_id": "36047067600", "city": "BROOKLYN, NY", "zone_code": "R3-2", "zone_category": "Residential", "ev_permitted": false}, "geometry": {"type": "Polygon", "coordinates": [[[-73.9298985869473, 40.6244771704706], [-73.9295275583413, 40.6244987234886], [-73.9295329430009, 40.6245486168207], [-73.9299039718817, 40.6245270644882], [-73.9298985869473, 40.6244771704706]]]}}, {"type": "Feature", "properties": {"zone_id": "0203INS3D71CUG8HOZLCVQ", "tract_id": "36047067600", "city": "BROOKLYN, NY", "zone_code": "R3-2", "zone_category": "Residential", "ev_permitted": false}, "geometry": {"type": "Polygon", "coordinates": [[[-73.9299091330637, 40.624574881989], [-73.9295381048401, 40.6245964350412], [-73.9295438858763, 40.6246500021563], [-73.9298883282428, 40.6246299934975], [-73.9299133325307, 40.6246137820639], [-73.9299091330637, 40.624574881989]]]}}, {"type": "Feature", "properties": {"zone_id": "02019FION6EJ0KCVB6AX09", "tract_id": "36047067600", "city": "BROOKLYN, NY", "zone_code": "R3-2", "zone_category": "Residential", "ev_permitted": false}, "geometry": {"type": "Polygon", "coordinates": [[[-73.9298853392543, 40.6243544444793], [-73.9295143122485, 40.6243759974553], [-73.929520140736, 40.6244300051738], [-73.9298911689624, 40.6244084521796], [-73.9298853392543, 40.6243544444793]]]}}, {"type": "Feature", "properties": {"zone_id": "0202A5U6J9XI31R0KT49MJ", "tract_id": "36047067600", "city": "BROOKLYN, NY", "zone_code": "R3-2", "zone_category": "Residential", "ev_permitted": false}, "geometry": {"type": "Polygon", "coordinates": [[[-73.9298911689624, 40.6244084521796], [-73.929520140736, 40.6244300051738], [-73.9295275583413, 40.6244987234886], [-73.9298985869473, 40.6244771704706], [-73.9298911689624, 40.6244084521796]]]}}, {"type": "Feature", "properties": {"zone_id": "02064H1TUCVTXP2VT8CM9N", "tract_id": "36047067600", "city": "BROOKLYN, NY", "zone_code": "R3-2", "zone_category": "Residential", "ev_permitted": false}, "geometry": {"type": "Polygon", "coordinates": [[[-73.9299039718817, 40.6245270644882], [-73.9295329430009, 40.6245486168207], [-73.9295381048401, 40.6245964350412], [-73.9299091330637, 40.624574881989], [-73.9299039718817, 40.6245270644882]]]}}, {"type": "Feature", "properties": {"zone_id": "0201V5FOOBP12WKUKHM7VY", "tract_id": "36047067600", "city": "BROOKLYN, NY", "zone_code": "R3-2", "zone_category": "Residential", "ev_permitted": false}, "geometry": {"type": "Polygon", "coordinates": [[[-73.9293099470674, 40.6243870689696], [-73.9289459251523, 40.6244091310411], [-73.9289514689421, 40.6244598620782], [-73.9293153223564, 40.6244378111281], [-73.9293099470674, 40.6243870689696]]]}}, {"type": "Feature", "properties": {"zone_id": "0202P04PS0WWO16VIBTX12", "tract_id": "36047067600", "city": "BROOKLYN, NY", "zone_code": "R3-2", "zone_category": "Residential", "ev_permitted": false}, "geometry": {"type": "Polygon", "coordinates": [[[-73.9293281274268, 40.6245586565768], [-73.9289646717773, 40.6245806839227], [-73.9289700320114, 40.624629742498], [-73.9293333265294, 40.6246077248734], [-73.9293281274268, 40.6245586565768]]]}}, {"type": "Feature", "properties": {"zone_id": "02034QR59D8OBGWOB5KSRL", "tract_id": "36047067600", "city": "BROOKLYN, NY", "zone_code": "R3-2", "zone_category": "Residential", "ev_permitted": false}, "geometry": {"type": "Polygon", "coordinates": [[[-73.9293153223564, 40.6244378111281], [-73.9289514689421, 40.6244598620782], [-73.928958541622, 40.6245245862596], [-73.9293221823436, 40.6245025478044], [-73.9293153223564, 40.6244378111281]]]}}, {"type": "Feature", "properties": {"zone_id": "0204LWEGKU6KDV3V7YW3XE", "tract_id": "36047067600", "city": "BROOKLYN, NY", "zone_code": "R3-2", "zone_category": "Residential", "ev_permitted": false}, "geometry": {"type": "Polygon", "coordinates": [[[-73.9293221823436, 40.6245025478044], [-73.928958541622, 40.6245245862596], [-73.9289646717773, 40.6245806839227], [-73.9293281274268, 40.6245586565768], [-73.9293221823436, 40.6245025478044]]]}}, {"type": "Feature", "properties": {"zone_id": "0205868I1Q4RN01ZB9KLBE", "tract_id": "36047067600", "city": "BROOKLYN, NY", "zone_code": "R3-2", "zone_category": "Residential", "ev_permitted": false}, "geometry": {"type": "Polygon", "coordinates": [[[-73.9289720586606, 40.6246482857163], [-73.9286096122909, 40.6246702507286], [-73.9286154700096, 40.6247238593953], [-73.9289779166684, 40.6247018943646], [-73.9289720586606, 40.6246482857163]]]}}, {"type": "Feature", "properties": {"zone_id": "0206K1L9R7V59V0QU1255D", "tract_id": "36047067600", "city": "BROOKLYN, NY", "zone_code": "R3-2", "zone_category": "Residential", "ev_permitted": false}, "geometry": {"type": "Polygon", "coordinates": [[[-73.9289899386726, 40.6248119133801], [-73.9286274923424, 40.624833878449], [-73.9286336304666, 40.6248900520209], [-73.9289960761776, 40.6248680869322], [-73.9289899386726, 40.6248119133801]]]}}, {"type": "Feature", "properties": {"zone_id": "020654ZXTE8LO9ZLH8PUXW", "tract_id": "36047067600", "city": "BROOKLYN, NY", "zone_code": "R3-2", "zone_category": "Residential", "ev_permitted": false}, "geometry": {"type": "Polygon", "coordinates": [[[-73.928983929035, 40.6247569168728], [-73.9286214830016, 40.6247788819229], [-73.9286274923424, 40.624833878449], [-73.9289899386726, 40.6248119133801], [-73.928983929035, 40.6247569168728]]]}}, {"type": "Feature", "properties": {"zone_id": "0201XL3ZLP1X47IOVMAJVO", "tract_id": "36047067600", "city": "BROOKLYN, NY", "zone_code": "R3-2", "zone_category": "Residential", "ev_permitted": false}, "geometry": {"type": "Polygon", "coordinates": [[[-73.9289779166684, 40.6247018943646], [-73.9286154700096, 40.6247238593953], [-73.9286214830016, 40.6247788819229], [-73.928983929035, 40.6247569168728], [-73.9289779166684, 40.6247018943646]]]}}, {"type": "Feature", "properties": {"zone_id": "0203Q5RNZ8YBXIIZVVRURT", "tract_id": "36047067600", "city": "BROOKLYN, NY", "zone_code": "R3-2", "zone_category": "Residential", "ev_permitted": false}, "geometry": {"type": "Polygon", "coordinates": [[[-73.9289421257869, 40.6243743649647], [-73.9285796818171, 40.6243963298839], [-73.9285855970212, 40.6244504669946], [-73.9289480431275, 40.624428502058], [-73.9289421257869, 40.6243743649647]]]}}, {"type": "Feature", "properties": {"zone_id": "02012GQ8URY3S5I4C4QYR4", "tract_id": "36047067600", "city": "BROOKLYN, NY", "zone_code": "R3-2", "zone_category": "Residential", "ev_permitted": false}, "geometry": {"type": "Polygon", "coordinates": [[[-73.9289480431275, 40.624428502058], [-73.9285855970212, 40.6244504669946], [-73.9285913916862, 40.6245034987353], [-73.9289538371564, 40.62448153378], [-73.9289480431275, 40.624428502058]]]}}, {"type": "Feature", "properties": {"zone_id": "020515DG2ZYKVZAH79FI20", "tract_id": "36047067600", "city": "BROOKLYN, NY", "zone_code": "R3-2", "zone_category": "Residential", "ev_permitted": false}, "geometry": {"type": "Polygon", "coordinates": [[[-73.9289599645581, 40.6245376117672], [-73.9285975197077, 40.6245595767422], [-73.9286035189602, 40.6246144840259], [-73.928965965029, 40.6245925190326], [-73.9289599645581, 40.6245376117672]]]}}, {"type": "Feature", "properties": {"zone_id": "0204Q2EZ6CD7LEMCBTIEUV", "tract_id": "36047067600", "city": "BROOKLYN, NY", "zone_code": "R3-2", "zone_category": "Residential", "ev_permitted": false}, "geometry": {"type": "Polygon", "coordinates": [[[-73.928965965029, 40.6245925190326], [-73.9286035189602, 40.6246144840259], [-73.9286096122909, 40.6246702507286], [-73.9289720586606, 40.6246482857163], [-73.928965965029, 40.6245925190326]]]}}, {"type": "Feature", "properties": {"zone_id": "02027CXVXNXWBOC4B2OFD4", "tract_id": "36047067600", "city": "BROOKLYN, NY", "zone_code": "R3-2", "zone_category": "Residential", "ev_permitted": false}, "geometry": {"type": "Polygon", "coordinates": [[[-73.9289538371564, 40.62448153378], [-73.9285913916862, 40.6245034987353], [-73.9285975197077, 40.6245595767422], [-73.9289599645581, 40.6245376117672], [-73.9289538371564, 40.62448153378]]]}}, {"type": "Feature", "properties": {"zone_id": "02004984G4T1W9QRWLUXCG", "tract_id": "36047067600", "city": "BROOKLYN, NY", "zone_code": "R3-2", "zone_category": "Residential", "ev_permitted": false}, "geometry": {"type": "Polygon", "coordinates": [[[-73.9280282419046, 40.6246488525164], [-73.9276497223508, 40.6246739151445], [-73.9277031565676, 40.6251664505803], [-73.9280818377635, 40.6251428698007], [-73.9280282419046, 40.6246488525164]]]}}, {"type": "Feature", "properties": {"zone_id": "02047OB6174RZUURTMCOOF", "tract_id": "36047067600", "city": "BROOKLYN, NY", "zone_code": "R3-2", "zone_category": "Residential", "ev_permitted": false}, "geometry": {"type": "Polygon", "coordinates": [[[-73.9284549764349, 40.6252222811897], [-73.928092899647, 40.6252448287197], [-73.928099257919, 40.6253034315739], [-73.9284614841569, 40.6252811314555], [-73.9284549764349, 40.6252222811897]]]}}, {"type": "Feature", "properties": {"zone_id": "020724E70ABDLWOARKAW8Y", "tract_id": "36047067600", "city": "BROOKLYN, NY", "zone_code": "R3-2", "zone_category": "Residential", "ev_permitted": false}, "geometry": {"type": "Polygon", "coordinates": [[[-73.9284614841569, 40.6252811314555], [-73.928099257919, 40.6253034315739], [-73.9281057394718, 40.6253631763377], [-73.9284680613027, 40.6253406127583], [-73.9284614841569, 40.6252811314555]]]}}, {"type": "Feature", "properties": {"zone_id": "02051UESZMWKMR6HYA52MG", "tract_id": "36047067600", "city": "BROOKLYN, NY", "zone_code": "R3-2", "zone_category": "Residential", "ev_permitted": false}, "geometry": {"type": "Polygon", "coordinates": [[[-73.9284680613027, 40.6253406127583], [-73.9281057394718, 40.6253631763377], [-73.9281117945978, 40.6254189859014], [-73.9284742320139, 40.6253964160507], [-73.9284680613027, 40.6253406127583]]]}}, {"type": "Feature", "properties": {"zone_id": "02043J411RGT86URUTX8UL", "tract_id": "36047067600", "city": "BROOKLYN, NY", "zone_code": "R3-2", "zone_category": "Residential", "ev_permitted": false}, "geometry": {"type": "Polygon", "coordinates": [[[-73.928449529136, 40.6251730222791], [-73.9280875549863, 40.6251955635321], [-73.928092899647, 40.6252448287197], [-73.9284549764349, 40.6252222811897], [-73.928449529136, 40.6251730222791]]]}}, {"type": "Feature", "properties": {"zone_id": "0205LM03LHDMO01YKCXTKY", "tract_id": "36047067600", "city": "BROOKLYN, NY", "zone_code": "R3-2", "zone_category": "Residential", "ev_permitted": false}, "geometry": {"type": "Polygon", "coordinates": [[[-73.9280818377635, 40.6251428698007], [-73.9277031565676, 40.6251664505803], [-73.9277142178766, 40.6252684095355], [-73.928092899647, 40.6252448287197], [-73.9280818377635, 40.6251428698007]]]}}, {"type": "Feature", "properties": {"zone_id": "0206M70QA8UA64JFMY373U", "tract_id": "36047067600", "city": "BROOKLYN, NY", "zone_code": "R3-2", "zone_category": "Residential", "ev_permitted": false}, "geometry": {"type": "Polygon", "coordinates": [[[-73.9284072032516, 40.6247902632823], [-73.9281216083478, 40.6248080480486], [-73.9281206285361, 40.624799020981], [-73.9280450445174, 40.6248037279417], [-73.9280692217464, 40.625026581833], [-73.928144806015, 40.6250218755592], [-73.9282238413301, 40.6249973252755], [-73.9284286889981, 40.6249845688892], [-73.9284072032516, 40.6247902632823]]]}}, {"type": "Feature", "properties": {"zone_id": "0203EUCU64Z67380UBTUPZ", "tract_id": "36047067600", "city": "BROOKLYN, NY", "zone_code": "R3-2", "zone_category": "Residential", "ev_permitted": false}, "geometry": {"type": "Polygon", "coordinates": [[[-73.9284359894785, 40.6250505798238], [-73.9280742696141, 40.6250731057344], [-73.9280818377635, 40.6251428698007], [-73.9284437028004, 40.6251203355245], [-73.9284359894785, 40.6250505798238]]]}}, {"type": "Feature", "properties": {"zone_id": "02061LXT7KGF7F3U663MNE", "tract_id": "36047067600", "city": "BROOKLYN, NY", "zone_code": "R3-2", "zone_category": "Residential", "ev_permitted": false}, "geometry": {"type": "Polygon", "coordinates": [[[-73.9284286889981, 40.6249845688892], [-73.9282238413301, 40.6249973252755], [-73.928144806015, 40.6250218755592], [-73.9280692217464, 40.625026581833], [-73.9280742696141, 40.6250731057344], [-73.9284359894785, 40.6250505798238], [-73.9284286889981, 40.6249845688892]]]}}, {"type": "Feature", "properties": {"zone_id": "0200D5897M81QLCLTMJFY7", "tract_id": "36047067600", "city": "BROOKLYN, NY", "zone_code": "R3-2", "zone_category": "Residential", "ev_permitted": false}, "geometry": {"type": "Polygon", "coordinates": [[[-73.9284437028004, 40.6251203355245], [-73.9280818377635, 40.6251428698007], [-73.9280875549863, 40.6251955635321], [-73.928449529136, 40.6251730222791], [-73.9284437028004, 40.6251203355245]]]}}, {"type": "Feature", "properties": {"zone_id": "0200LT82PD4N2V03WFHVVK", "tract_id": "36047067600", "city": "BROOKLYN, NY", "zone_code": "R4", "zone_category": "Residential", "ev_permitted": false}, "geometry": {"type": "Polygon", "coordinates": [[[-73.9273816871831, 40.6252929865388], [-73.9270141312776, 40.6253167315811], [-73.927031711917, 40.6254808744053], [-73.927399544484, 40.625457111212], [-73.9273816871831, 40.6252929865388]]]}}, {"type": "Feature", "properties": {"zone_id": "0206DWULASDMYEX95RA3IT", "tract_id": "36047067600", "city": "BROOKLYN, NY", "zone_code": "R4", "zone_category": "Residential", "ev_permitted": false}, "geometry": {"type": "Polygon", "coordinates": [[[-73.9273697832866, 40.6251835703216], [-73.9270024115136, 40.6252073034974], [-73.9270141312776, 40.6253167315811], [-73.9273816871831, 40.6252929865388], [-73.9273697832866, 40.6251835703216]]]}}, {"type": "Feature", "properties": {"zone_id": "0207EDMZ6AXAJDO4WTY91Q", "tract_id": "36047067600", "city": "BROOKLYN, NY", "zone_code": "R4", "zone_category": "Residential", "ev_permitted": false}, "geometry": {"type": "Polygon", "coordinates": [[[-73.927345973767, 40.624964737176], [-73.9269789702573, 40.6249884466187], [-73.9269906908666, 40.6250978747079], [-73.9273578785077, 40.6250741533987], [-73.927345973767, 40.624964737176]]]}}, {"type": "Feature", "properties": {"zone_id": "0202X2WFS3F8WRKYXI9KLV", "tract_id": "36047067600", "city": "BROOKLYN, NY", "zone_code": "R4", "zone_category": "Residential", "ev_permitted": false}, "geometry": {"type": "Polygon", "coordinates": [[[-73.9273578785077, 40.6250741533987], [-73.9269906908666, 40.6250978747079], [-73.9270024115136, 40.6252073034974], [-73.9273697832866, 40.6251835703216], [-73.9273578785077, 40.6250741533987]]]}}, {"type": "Feature", "properties": {"zone_id": "0205UV5EBXXQV2MYPA7J93", "tract_id": "36047067600", "city": "BROOKLYN, NY", "zone_code": "R3-2", "zone_category": "Residential", "ev_permitted": false}, "geometry": {"type": "Polygon", "coordinates": [[[-73.9283984478654, 40.6247110911951], [-73.9280374335223, 40.624733573161], [-73.9280450445174, 40.6248037279417], [-73.9281206285361, 40.624799020981], [-73.9281216083478, 40.6248080480486], [-73.9284072032516, 40.6247902632823], [-73.9283984478654, 40.6247110911951]]]}}, {"type": "Feature", "properties": {"zone_id": "02002F1XD0HU5AC9TIDBK5", "tract_id": "36047067600", "city": "BROOKLYN, NY", "zone_code": "R3-2", "zone_category": "Residential", "ev_permitted": false}, "geometry": {"type": "Polygon", "coordinates": [[[-73.9283908131867, 40.6246420452305], [-73.9280299412446, 40.6246645181268], [-73.9280374335223, 40.624733573161], [-73.9283984478654, 40.6247110911951], [-73.9283908131867, 40.6246420452305]]]}}, {"type": "Feature", "properties": {"zone_id": "0201WO8VHMW6HMAHPXQRE8", "tract_id": "36047067600", "city": "BROOKLYN, NY", "zone_code": "R3-2", "zone_category": "Residential", "ev_permitted": false}, "geometry": {"type": "Polygon", "coordinates": [[[-73.9283771623077, 40.6245186035001], [-73.9280165474202, 40.6245410596503], [-73.9280234497938, 40.6246046707588], [-73.9283841959852, 40.6245822062366], [-73.9283771623077, 40.6245186035001]]]}}, {"type": "Feature", "properties": {"zone_id": "0202OATZFG06F6IHWPZVHE", "tract_id": "36047067600", "city": "BROOKLYN, NY", "zone_code": "R3-2", "zone_category": "Residential", "ev_permitted": false}, "geometry": {"type": "Polygon", "coordinates": [[[-73.9283574341196, 40.6243401953961], [-73.9279971890951, 40.6243626299333], [-73.9280035682051, 40.6244214225314], [-73.9283639343613, 40.624398981023], [-73.9283574341196, 40.6243401953961]]]}}, {"type": "Feature", "properties": {"zone_id": "02077P3AI9KVFN9FSQCYWB", "tract_id": "36047067600", "city": "BROOKLYN, NY", "zone_code": "R3-2", "zone_category": "Residential", "ev_permitted": false}, "geometry": {"type": "Polygon", "coordinates": [[[-73.9283639343613, 40.624398981023], [-73.9280035682051, 40.6244214225314], [-73.9280101089449, 40.6244817098019], [-73.9283706008529, 40.624459260622], [-73.9283639343613, 40.624398981023]]]}}, {"type": "Feature", "properties": {"zone_id": "020315748G78J62S9PCRW3", "tract_id": "36047067600", "city": "BROOKLYN, NY", "zone_code": "R3-2", "zone_category": "Residential", "ev_permitted": false}, "geometry": {"type": "Polygon", "coordinates": [[[-73.9283706008529, 40.624459260622], [-73.9280101089449, 40.6244817098019], [-73.9280165474202, 40.6245410596503], [-73.9283771623077, 40.6245186035001], [-73.9283706008529, 40.624459260622]]]}}, {"type": "Feature", "properties": {"zone_id": "0207A4XKUTWCV0YV6FJYZ9", "tract_id": "36047067600", "city": "BROOKLYN, NY", "zone_code": "R3-2", "zone_category": "Residential", "ev_permitted": false}, "geometry": {"type": "Polygon", "coordinates": [[[-73.9283841959852, 40.6245822062366], [-73.9280234497938, 40.6246046707588], [-73.9280299412446, 40.6246645181268], [-73.9283908131867, 40.6246420452305], [-73.9283841959852, 40.6245822062366]]]}}, {"type": "Feature", "properties": {"zone_id": "0204G31PGQK84ZO21FOZI2", "tract_id": "36047067600", "city": "BROOKLYN, NY", "zone_code": "R3-2", "zone_category": "Residential", "ev_permitted": false}, "geometry": {"type": "Polygon", "coordinates": [[[-73.9280160424502, 40.6245364133025], [-73.9276377965629, 40.6245639726371], [-73.9276497223508, 40.6246739151445], [-73.9280282419046, 40.6246488525164], [-73.9280160424502, 40.6245364133025]]]}}, {"type": "Feature", "properties": {"zone_id": "02035TGFZGUKW4NOSFX2S0", "tract_id": "36047067600", "city": "BROOKLYN, NY", "zone_code": "R3-2", "zone_category": "Residential", "ev_permitted": false}, "geometry": {"type": "Polygon", "coordinates": [[[-73.9279806250369, 40.6242099441524], [-73.9276019481761, 40.6242335246003], [-73.9276377965629, 40.6245639726371], [-73.9280160424502, 40.6245364133025], [-73.9279806250369, 40.6242099441524]]]}}, {"type": "Feature", "properties": {"zone_id": "0201FFQ9U6JCMHL78HDCDY", "tract_id": "36047067600", "city": "BROOKLYN, NY", "zone_code": "R4", "zone_category": "Residential", "ev_permitted": false}, "geometry": {"type": "Polygon", "coordinates": [[[-73.9273043074832, 40.6245817793228], [-73.9269379498121, 40.6246054468826], [-73.9269525997196, 40.6247422323554], [-73.9273191877827, 40.6247185501385], [-73.9273043074832, 40.6245817793228]]]}}, {"type": "Feature", "properties": {"zone_id": "0207IUIFNGBX8L1TEFQC1A", "tract_id": "36047067600", "city": "BROOKLYN, NY", "zone_code": "R4", "zone_category": "Residential", "ev_permitted": false}, "geometry": {"type": "Polygon", "coordinates": [[[-73.9273191877827, 40.6247185501385], [-73.9269525997196, 40.6247422323554], [-73.9269789702573, 40.6249884466187], [-73.927345973767, 40.624964737176], [-73.9273191877827, 40.6247185501385]]]}}, {"type": "Feature", "properties": {"zone_id": "0201LYZKJ0YP4M2T00ZIEE", "tract_id": "36047067600", "city": "BROOKLYN, NY", "zone_code": "R4", "zone_category": "Residential", "ev_permitted": false}, "geometry": {"type": "Polygon", "coordinates": [[[-73.9272865227839, 40.6244183165772], [-73.926920438996, 40.6244419666876], [-73.9269379498121, 40.6246054468826], [-73.9273043074832, 40.6245817793228], [-73.9272865227839, 40.6244183165772]]]}}, {"type": "Feature", "properties": {"zone_id": "0203QWCX9LDFELYH6XLFR0", "tract_id": "36047067600", "city": "BROOKLYN, NY", "zone_code": "R3-2", "zone_category": "Residential", "ev_permitted": false}, "geometry": {"type": "Polygon", "coordinates": [[[-73.9315852356322, 40.6234103827086], [-73.9315135217586, 40.6234153549416], [-73.9315317865558, 40.6235629342531], [-73.9315988195599, 40.6235201353799], [-73.9315852356322, 40.6234103827086]]]}}, {"type": "Feature", "properties": {"zone_id": "0207AAD75YDF658ZEONQ83", "tract_id": "36047067600", "city": "BROOKLYN, NY", "zone_code": "R3-2", "zone_category": "Residential", "ev_permitted": false}, "geometry": {"type": "Polygon", "coordinates": [[[-73.9317933090075, 40.6233959541173], [-73.9315852356322, 40.6234103827086], [-73.9315988195599, 40.6235201353799], [-73.9317933090075, 40.6233959541173]]]}}, {"type": "Feature", "properties": {"zone_id": "0201H2CPYX1K3C51L8CTN2", "tract_id": "36047067600", "city": "BROOKLYN, NY", "zone_code": "R3-2", "zone_category": "Residential", "ev_permitted": false}, "geometry": {"type": "Polygon", "coordinates": [[[-73.9315135217586, 40.6234153549416], [-73.9313592371509, 40.6234260530771], [-73.9313875731608, 40.6236550135473], [-73.9315317865558, 40.6235629342531], [-73.9315135217586, 40.6234153549416]]]}}, {"type": "Feature", "properties": {"zone_id": "0202HDRGT6TOMUFY84K6ZT", "tract_id": "36047067600", "city": "BROOKLYN, NY", "zone_code": "R3-2", "zone_category": "Residential", "ev_permitted": false}, "geometry": {"type": "Polygon", "coordinates": [[[-73.9306057915219, 40.6237456471516], [-73.9305367018636, 40.6237496605167], [-73.9305851412921, 40.624191156251], [-73.9306500765729, 40.6241492722411], [-73.9306057915219, 40.6237456471516]]]}}, {"type": "Feature", "properties": {"zone_id": "0206703XPVT7D1IBQ7VFGQ", "tract_id": "36047067600", "city": "BROOKLYN, NY", "zone_code": "R3-2", "zone_category": "Residential", "ev_permitted": false}, "geometry": {"type": "Polygon", "coordinates": [[[-73.9305367018636, 40.6237496605167], [-73.9304577173429, 40.6237542489606], [-73.930510907556, 40.6242390402957], [-73.9305851412921, 40.624191156251], [-73.9305367018636, 40.6237496605167]]]}}, {"type": "Feature", "properties": {"zone_id": "0207O1V89HDWAGNLZ54PGN", "tract_id": "36047067600", "city": "BROOKLYN, NY", "zone_code": "R3-2", "zone_category": "Residential", "ev_permitted": false}, "geometry": {"type": "Polygon", "coordinates": [[[-73.9306805170602, 40.623741304782], [-73.9306057915219, 40.6237456471516], [-73.9306500765729, 40.6241492722411], [-73.9307203078386, 40.6241039701021], [-73.9306805170602, 40.623741304782]]]}}, {"type": "Feature", "properties": {"zone_id": "02023STTECO6Z07JUMLE8Q", "tract_id": "36047067600", "city": "BROOKLYN, NY", "zone_code": "R3-2", "zone_category": "Residential", "ev_permitted": false}, "geometry": {"type": "Polygon", "coordinates": [[[-73.930925277366, 40.6237270839751], [-73.9308245830728, 40.6237329349651], [-73.9308557102734, 40.624016631457], [-73.9309503497455, 40.6239555858525], [-73.930925277366, 40.6237270839751]]]}}, {"type": "Feature", "properties": {"zone_id": "0200GM98KAHQCZ4Y8TZ06K", "tract_id": "36047067600", "city": "BROOKLYN, NY", "zone_code": "R3-2", "zone_category": "Residential", "ev_permitted": false}, "geometry": {"type": "Polygon", "coordinates": [[[-73.9308245830728, 40.6237329349651], [-73.9307518671433, 40.6237371591854], [-73.9307873672796, 40.6240607149865], [-73.9308557102734, 40.624016631457], [-73.9308245830728, 40.6237329349651]]]}}, {"type": "Feature", "properties": {"zone_id": "0200NL83TC5UA28144OJQJ", "tract_id": "36047067600", "city": "BROOKLYN, NY", "zone_code": "R3-2", "zone_category": "Residential", "ev_permitted": false}, "geometry": {"type": "Polygon", "coordinates": [[[-73.9307518671433, 40.6237371591854], [-73.9306805170602, 40.623741304782], [-73.9307203078386, 40.6241039701021], [-73.9307873672796, 40.6240607149865], [-73.9307518671433, 40.6237371591854]]]}}, {"type": "Feature", "properties": {"zone_id": "0207A3LES6LGXXPTXUJAYD", "tract_id": "36047067600", "city": "BROOKLYN, NY", "zone_code": "R3-2", "zone_category": "Residential", "ev_permitted": false}, "geometry": {"type": "Polygon", "coordinates": [[[-73.9302167054725, 40.6240428771285], [-73.9298539843162, 40.6240639485909], [-73.9298691160493, 40.62420413841], [-73.9302318379635, 40.6241830661975], [-73.9302167054725, 40.6240428771285]]]}}, {"type": "Feature", "properties": {"zone_id": "0202ML34AAVKSTB3ZD9K5G", "tract_id": "36047067600", "city": "BROOKLYN, NY", "zone_code": "R3-2", "zone_category": "Residential", "ev_permitted": false}, "geometry": {"type": "Polygon", "coordinates": [[[-73.9302318379635, 40.6241830661975], [-73.9298691160493, 40.62420413841], [-73.9298838797797, 40.6243409179595], [-73.9302466024318, 40.6243198464033], [-73.9302318379635, 40.6241830661975]]]}}, {"type": "Feature", "properties": {"zone_id": "0203T94YW4LQC29D4O2CJH", "tract_id": "36047067600", "city": "BROOKLYN, NY", "zone_code": "R3-2", "zone_category": "Residential", "ev_permitted": false}, "geometry": {"type": "Polygon", "coordinates": [[[-73.9301106266555, 40.6238903670544], [-73.9298417916594, 40.6239509917045], [-73.929847285196, 40.6240018892018], [-73.9302100069394, 40.6239808177609], [-73.930202502837, 40.623911301205], [-73.9301106266555, 40.6238903670544]]]}}, {"type": "Feature", "properties": {"zone_id": "0205AEHYJZWFRRIYEP3K1Z", "tract_id": "36047067600", "city": "BROOKLYN, NY", "zone_code": "R3-2", "zone_category": "Residential", "ev_permitted": false}, "geometry": {"type": "Polygon", "coordinates": [[[-73.9301937977, 40.6238306543817], [-73.9298310767676, 40.6238517257718], [-73.9298417916594, 40.6239509917045], [-73.9301106266555, 40.6238903670544], [-73.930202502837, 40.623911301205], [-73.9301937977, 40.6238306543817]]]}}, {"type": "Feature", "properties": {"zone_id": "0203R8G9J8L77V0C134T1D", "tract_id": "36047067600", "city": "BROOKLYN, NY", "zone_code": "R3-2", "zone_category": "Residential", "ev_permitted": false}, "geometry": {"type": "Polygon", "coordinates": [[[-73.9302100069394, 40.6239808177609], [-73.929847285196, 40.6240018892018], [-73.9298539843162, 40.6240639485909], [-73.9302167054725, 40.6240428771285], [-73.9302100069394, 40.6239808177609]]]}}, {"type": "Feature", "properties": {"zone_id": "02001B272AWYPYUYXE4OYG", "tract_id": "36047067600", "city": "BROOKLYN, NY", "zone_code": "R3-2", "zone_category": "Residential", "ev_permitted": false}, "geometry": {"type": "Polygon", "coordinates": [[[-73.9310405404591, 40.6237203871941], [-73.930925277366, 40.6237270839751], [-73.9309503497455, 40.6239555858525], [-73.9310586789926, 40.6238857088336], [-73.9310405404591, 40.6237203871941]]]}}, {"type": "Feature", "properties": {"zone_id": "02063JY9TVB98BT9B2JCAK", "tract_id": "36047067600", "city": "BROOKLYN, NY", "zone_code": "R3-2", "zone_category": "Residential", "ev_permitted": false}, "geometry": {"type": "Polygon", "coordinates": [[[-73.9311775799408, 40.6236210096585], [-73.9311381039191, 40.6236233034144], [-73.9311399183455, 40.6236398333291], [-73.9310532202878, 40.6236448700789], [-73.9310514068042, 40.6236283408662], [-73.9310305731563, 40.6236295503069], [-73.9310586789926, 40.6238857088336], [-73.9311968452848, 40.6237965866693], [-73.9311775799408, 40.6236210096585]]]}}, {"type": "Feature", "properties": {"zone_id": "0200AOLYPUV9N0U0PV6609", "tract_id": "36047067600", "city": "BROOKLYN, NY", "zone_code": "R3-2", "zone_category": "Residential", "ev_permitted": false}, "geometry": {"type": "Polygon", "coordinates": [[[-73.930574261735, 40.6234582641507], [-73.9305051714501, 40.6234622774964], [-73.9305367018636, 40.6237496605167], [-73.9306057915219, 40.6237456471516], [-73.930574261735, 40.6234582641507]]]}}, {"type": "Feature", "properties": {"zone_id": "0205NEULBRWS2PDTL4ZGTV", "tract_id": "36047067600", "city": "BROOKLYN, NY", "zone_code": "R3-2", "zone_category": "Residential", "ev_permitted": false}, "geometry": {"type": "Polygon", "coordinates": [[[-73.9305051714501, 40.6234622774964], [-73.9304261872658, 40.6234668673241], [-73.9304577173429, 40.6237542489606], [-73.9305367018636, 40.6237496605167], [-73.9305051714501, 40.6234622774964]]]}}, {"type": "Feature", "properties": {"zone_id": "020580Y96RF6HKGJ6WGE47", "tract_id": "36047067600", "city": "BROOKLYN, NY", "zone_code": "R3-2", "zone_category": "Residential", "ev_permitted": false}, "geometry": {"type": "Polygon", "coordinates": [[[-73.9306820209829, 40.6234520037694], [-73.930574261735, 40.6234582641507], [-73.9306057915219, 40.6237456471516], [-73.9307135521544, 40.6237393853362], [-73.9306820209829, 40.6234520037694]]]}}, {"type": "Feature", "properties": {"zone_id": "0201ZHBY5T978K9DIM0TTR", "tract_id": "36047067600", "city": "BROOKLYN, NY", "zone_code": "R3-2", "zone_category": "Residential", "ev_permitted": false}, "geometry": {"type": "Polygon", "coordinates": [[[-73.9309371675112, 40.6234371792847], [-73.9307930514269, 40.6234455527258], [-73.9308245830728, 40.6237329349651], [-73.9309686997736, 40.6237245614846], [-73.9309371675112, 40.6234371792847]]]}}, {"type": "Feature", "properties": {"zone_id": "0203643HL06XVJ4YKAWW4A", "tract_id": "36047067600", "city": "BROOKLYN, NY", "zone_code": "R3-2", "zone_category": "Residential", "ev_permitted": false}, "geometry": {"type": "Polygon", "coordinates": [[[-73.9310090069664, 40.6234330057159], [-73.9309371675112, 40.6234371792847], [-73.9309686997736, 40.6237245614846], [-73.9310405404591, 40.6237203871941], [-73.9310090069664, 40.6234330057159]]]}}, {"type": "Feature", "properties": {"zone_id": "02059LI89MXWKGZW5XR7RN", "tract_id": "36047067600", "city": "BROOKLYN, NY", "zone_code": "R3-2", "zone_category": "Residential", "ev_permitted": false}, "geometry": {"type": "Polygon", "coordinates": [[[-73.9311560142445, 40.6234244636901], [-73.9310090069664, 40.6234330057159], [-73.9310305731563, 40.6236295503069], [-73.9310514068042, 40.6236283408662], [-73.9310532202878, 40.6236448700789], [-73.9311399183455, 40.6236398333291], [-73.9311381039191, 40.6236233034144], [-73.9311775799408, 40.6236210096585], [-73.9311560142445, 40.6234244636901]]]}}, {"type": "Feature", "properties": {"zone_id": "02031XDXOSY5JDTLQ0HNWQ", "tract_id": "36047067600", "city": "BROOKLYN, NY", "zone_code": "R3-2", "zone_category": "Residential", "ev_permitted": false}, "geometry": {"type": "Polygon", "coordinates": [[[-73.9297935036739, 40.6235036221445], [-73.9296929119887, 40.6235094658819], [-73.929724027609, 40.6237977419614], [-73.9298246197258, 40.623791898197], [-73.9297935036739, 40.6235036221445]]]}}, {"type": "Feature", "properties": {"zone_id": "0204IUWO5U8YKZ7PR99SOB", "tract_id": "36047067600", "city": "BROOKLYN, NY", "zone_code": "R3-2", "zone_category": "Residential", "ev_permitted": false}, "geometry": {"type": "Polygon", "coordinates": [[[-73.9299718041254, 40.6234932646708], [-73.9298816191419, 40.6234985035917], [-73.9299127355721, 40.6237867796206], [-73.9300029190983, 40.6237815406742], [-73.9299718041254, 40.6234932646708]]]}}, {"type": "Feature", "properties": {"zone_id": "0202I7RB7JI4WYE9TYEK78", "tract_id": "36047067600", "city": "BROOKLYN, NY", "zone_code": "R3-2", "zone_category": "Residential", "ev_permitted": false}, "geometry": {"type": "Polygon", "coordinates": [[[-73.9298816191419, 40.6234985035917], [-73.9297935036739, 40.6235036221445], [-73.9298246197258, 40.623791898197], [-73.9299127355721, 40.6237867796206], [-73.9298816191419, 40.6234985035917]]]}}, {"type": "Feature", "properties": {"zone_id": "0200L7XCL7WOP9TVM2XLJ5", "tract_id": "36047067600", "city": "BROOKLYN, NY", "zone_code": "R3-2", "zone_category": "Residential", "ev_permitted": false}, "geometry": {"type": "Polygon", "coordinates": [[[-73.930187339413, 40.6237708268266], [-73.9298246197258, 40.623791898197], [-73.9298310767676, 40.6238517257718], [-73.9301937977, 40.6238306543817], [-73.930187339413, 40.6237708268266]]]}}, {"type": "Feature", "properties": {"zone_id": "0201WVU0YFV693WKG23JIQ", "tract_id": "36047067600", "city": "BROOKLYN, NY", "zone_code": "R3-2", "zone_category": "Residential", "ev_permitted": false}, "geometry": {"type": "Polygon", "coordinates": [[[-73.9298676903616, 40.6241909365424], [-73.929496664259, 40.6242124894618], [-73.929502590443, 40.624267397358], [-73.9298736168489, 40.6242458444196], [-73.9298676903616, 40.6241909365424]]]}}, {"type": "Feature", "properties": {"zone_id": "0205VSEF7EUEH3ZNNXWEHT", "tract_id": "36047067600", "city": "BROOKLYN, NY", "zone_code": "R3-2", "zone_category": "Residential", "ev_permitted": false}, "geometry": {"type": "Polygon", "coordinates": [[[-73.9292923073197, 40.624220603426], [-73.928927738482, 40.6242426988313], [-73.9289335973325, 40.6242963152141], [-73.9292979903084, 40.6242742309246], [-73.9292923073197, 40.624220603426]]]}}, {"type": "Feature", "properties": {"zone_id": "0207FE210PINY5FTAHZ977", "tract_id": "36047067600", "city": "BROOKLYN, NY", "zone_code": "R3-2", "zone_category": "Residential", "ev_permitted": false}, "geometry": {"type": "Polygon", "coordinates": [[[-73.9293037655126, 40.624328742434], [-73.9289395530052, 40.6243508156107], [-73.9289459251523, 40.6244091310411], [-73.9293099470674, 40.6243870689696], [-73.9293037655126, 40.624328742434]]]}}, {"type": "Feature", "properties": {"zone_id": "0200ALJ5WSEPS020EH3151", "tract_id": "36047067600", "city": "BROOKLYN, NY", "zone_code": "R3-2", "zone_category": "Residential", "ev_permitted": false}, "geometry": {"type": "Polygon", "coordinates": [[[-73.9292979903084, 40.6242742309246], [-73.9289335973325, 40.6242963152141], [-73.9289395530052, 40.6243508156107], [-73.9293037655126, 40.624328742434], [-73.9292979903084, 40.6242742309246]]]}}, {"type": "Feature", "properties": {"zone_id": "0200T7BK0SXTWIRKSRFDQL", "tract_id": "36047067600", "city": "BROOKLYN, NY", "zone_code": "R3-2", "zone_category": "Residential", "ev_permitted": false}, "geometry": {"type": "Polygon", "coordinates": [[[-73.9307930514269, 40.6234455527258], [-73.9306820209829, 40.6234520037694], [-73.9307135521544, 40.6237393853362], [-73.9308245830728, 40.6237329349651], [-73.9307930514269, 40.6234455527258]]]}}, {"type": "Feature", "properties": {"zone_id": "0205CDHS9KOYVPSC39MGMZ", "tract_id": "36047067600", "city": "BROOKLYN, NY", "zone_code": "R3-2", "zone_category": "Residential", "ev_permitted": false}, "geometry": {"type": "Polygon", "coordinates": [[[-73.9301562227264, 40.6234825508722], [-73.9300734867831, 40.6234873574103], [-73.9301046031146, 40.6237756333869], [-73.930187339413, 40.6237708268266], [-73.9301562227264, 40.6234825508722]]]}}, {"type": "Feature", "properties": {"zone_id": "0205ABPFMFFSYKBV4V1YPQ", "tract_id": "36047067600", "city": "BROOKLYN, NY", "zone_code": "R3-2", "zone_category": "Residential", "ev_permitted": false}, "geometry": {"type": "Polygon", "coordinates": [[[-73.9300734867831, 40.6234873574103], [-73.9299718041254, 40.6234932646708], [-73.9300029190983, 40.6237815406742], [-73.9301046031146, 40.6237756333869], [-73.9300734867831, 40.6234873574103]]]}}, {"type": "Feature", "properties": {"zone_id": "020065QTSS4DLBZC30HGK7", "tract_id": "36047067600", "city": "BROOKLYN, NY", "zone_code": "R3-2", "zone_category": "Residential", "ev_permitted": false}, "geometry": {"type": "Polygon", "coordinates": [[[-73.9298559232703, 40.6240819134465], [-73.9294848968477, 40.6241034663276], [-73.9294906020061, 40.6241563230056], [-73.9298616287207, 40.6241347701062], [-73.9298559232703, 40.6240819134465]]]}}, {"type": "Feature", "properties": {"zone_id": "02047MKRPDSIQUIJS6YPQB", "tract_id": "36047067600", "city": "BROOKLYN, NY", "zone_code": "R3-2", "zone_category": "Residential", "ev_permitted": false}, "geometry": {"type": "Polygon", "coordinates": [[[-73.9298736168489, 40.6242458444196], [-73.929502590443, 40.624267397358], [-73.9295084070489, 40.6243212856171], [-73.9298794337525, 40.6242997326601], [-73.9298736168489, 40.6242458444196]]]}}, {"type": "Feature", "properties": {"zone_id": "0200BL6VQ12VPTZKE5ROV1", "tract_id": "36047067600", "city": "BROOKLYN, NY", "zone_code": "R3-2", "zone_category": "Residential", "ev_permitted": false}, "geometry": {"type": "Polygon", "coordinates": [[[-73.9298616287207, 40.6241347701062], [-73.9294906020061, 40.6241563230056], [-73.929496664259, 40.6242124894618], [-73.9298676903616, 40.6241909365424], [-73.9298616287207, 40.6241347701062]]]}}, {"type": "Feature", "properties": {"zone_id": "0206GCNTCG5IUJTG8EIJFI", "tract_id": "36047067600", "city": "BROOKLYN, NY", "zone_code": "R3-2", "zone_category": "Residential", "ev_permitted": false}, "geometry": {"type": "Polygon", "coordinates": [[[-73.9298794337525, 40.6242997326601], [-73.9295084070489, 40.6243212856171], [-73.9295143122485, 40.6243759974553], [-73.9298853392543, 40.6243544444793], [-73.9298794337525, 40.6242997326601]]]}}, {"type": "Feature", "properties": {"zone_id": "0206VRP4DHSMU64NL80L1M", "tract_id": "36047067600", "city": "BROOKLYN, NY", "zone_code": "R3-2", "zone_category": "Residential", "ev_permitted": false}, "geometry": {"type": "Polygon", "coordinates": [[[-73.9292806510236, 40.6241105980111], [-73.9289157203343, 40.6241327149383], [-73.9289215837325, 40.6241863727825], [-73.9292863376385, 40.6241642669705], [-73.9292806510236, 40.6241105980111]]]}}, {"type": "Feature", "properties": {"zone_id": "0202ZEBCAH9G2NFEJWB4HJ", "tract_id": "36047067600", "city": "BROOKLYN, NY", "zone_code": "R3-2", "zone_category": "Residential", "ev_permitted": false}, "geometry": {"type": "Polygon", "coordinates": [[[-73.9292863376385, 40.6241642669705], [-73.9289215837325, 40.6241863727825], [-73.928927738482, 40.6242426988313], [-73.9292923073197, 40.624220603426], [-73.9292863376385, 40.6241642669705]]]}}, {"type": "Feature", "properties": {"zone_id": "0204X6FA149DWAANYFANUW", "tract_id": "36047067600", "city": "BROOKLYN, NY", "zone_code": "R3-2", "zone_category": "Residential", "ev_permitted": false}, "geometry": {"type": "Polygon", "coordinates": [[[-73.9298499273984, 40.6240263646931], [-73.9294789012827, 40.624047917555], [-73.9294848968477, 40.6241034663276], [-73.9298559232703, 40.6240819134465], [-73.9298499273984, 40.6240263646931]]]}}, {"type": "Feature", "properties": {"zone_id": "0204QUZRRQP6ISBIYZMWD2", "tract_id": "36047067600", "city": "BROOKLYN, NY", "zone_code": "R3-2", "zone_category": "Residential", "ev_permitted": false}, "geometry": {"type": "Polygon", "coordinates": [[[-73.929838201457, 40.6239177287879], [-73.9294671759414, 40.6239392816122], [-73.9294731669197, 40.6239947889259], [-73.929844192742, 40.6239732360824], [-73.929838201457, 40.6239177287879]]]}}, {"type": "Feature", "properties": {"zone_id": "0204R7MC6BEG9I3HOGZ5IU", "tract_id": "36047067600", "city": "BROOKLYN, NY", "zone_code": "R3-2", "zone_category": "Residential", "ev_permitted": false}, "geometry": {"type": "Polygon", "coordinates": [[[-73.9298321407724, 40.623861577105], [-73.9294611146448, 40.6238831299094], [-73.9294671759414, 40.6239392816122], [-73.929838201457, 40.6239177287879], [-73.9298321407724, 40.623861577105]]]}}, {"type": "Feature", "properties": {"zone_id": "0203ZQE13UBQFE5TR30FSZ", "tract_id": "36047067600", "city": "BROOKLYN, NY", "zone_code": "R3-2", "zone_category": "Residential", "ev_permitted": false}, "geometry": {"type": "Polygon", "coordinates": [[[-73.929844192742, 40.6239732360824], [-73.9294731669197, 40.6239947889259], [-73.9294789012827, 40.624047917555], [-73.9298499273984, 40.6240263646931], [-73.929844192742, 40.6239732360824]]]}}, {"type": "Feature", "properties": {"zone_id": "02067102FTDTA9TIYWU8EV", "tract_id": "36047067600", "city": "BROOKLYN, NY", "zone_code": "R3-2", "zone_category": "Residential", "ev_permitted": false}, "geometry": {"type": "Polygon", "coordinates": [[[-73.9292506695298, 40.6238276381912], [-73.9288848070526, 40.6238498113626], [-73.9288918101965, 40.6239138967853], [-73.9292574609036, 40.6238917361093], [-73.9292506695298, 40.6238276381912]]]}}, {"type": "Feature", "properties": {"zone_id": "02002RF5DDX58MCUOJVLUT", "tract_id": "36047067600", "city": "BROOKLYN, NY", "zone_code": "R3-2", "zone_category": "Residential", "ev_permitted": false}, "geometry": {"type": "Polygon", "coordinates": [[[-73.9292747534974, 40.6240549396721], [-73.9289096395819, 40.6240770663046], [-73.9289157203343, 40.6241327149383], [-73.9292806510236, 40.6241105980111], [-73.9292747534974, 40.6240549396721]]]}}, {"type": "Feature", "properties": {"zone_id": "0203RLBK51NRH38B3VHD0R", "tract_id": "36047067600", "city": "BROOKLYN, NY", "zone_code": "R3-2", "zone_category": "Residential", "ev_permitted": false}, "geometry": {"type": "Polygon", "coordinates": [[[-73.9292574609036, 40.6238917361093], [-73.9288918101965, 40.6239138967853], [-73.9288977429585, 40.6239681976148], [-73.9292632159648, 40.6239460480532], [-73.9292574609036, 40.6238917361093]]]}}, {"type": "Feature", "properties": {"zone_id": "0205AWL197PTQDFP9R4HSD", "tract_id": "36047067600", "city": "BROOKLYN, NY", "zone_code": "R3-2", "zone_category": "Residential", "ev_permitted": false}, "geometry": {"type": "Polygon", "coordinates": [[[-73.9292689299473, 40.6239999720993], [-73.9289036346436, 40.624022111249], [-73.9289096395819, 40.6240770663046], [-73.9292747534974, 40.6240549396721], [-73.9292689299473, 40.6239999720993]]]}}, {"type": "Feature", "properties": {"zone_id": "02071NF026VUHIAMK4GD6Z", "tract_id": "36047067600", "city": "BROOKLYN, NY", "zone_code": "R3-2", "zone_category": "Residential", "ev_permitted": false}, "geometry": {"type": "Polygon", "coordinates": [[[-73.9292632159648, 40.6239460480532], [-73.9288977429585, 40.6239681976148], [-73.9289036346436, 40.624022111249], [-73.9292689299473, 40.6239999720993], [-73.9292632159648, 40.6239460480532]]]}}, {"type": "Feature", "properties": {"zone_id": "0204Z8U42Y56ROUFOVKIP7", "tract_id": "36047067600", "city": "BROOKLYN, NY", "zone_code": "R3-2", "zone_category": "Residential", "ev_permitted": false}, "geometry": {"type": "Polygon", "coordinates": [[[-73.9289361354149, 40.6243195371042], [-73.9285736908187, 40.6243415020041], [-73.9285796818171, 40.6243963298839], [-73.9289421257869, 40.6243743649647], [-73.9289361354149, 40.6243195371042]]]}}, {"type": "Feature", "properties": {"zone_id": "02005O44ZYCO39I4RYZMZ1", "tract_id": "36047067600", "city": "BROOKLYN, NY", "zone_code": "R3-2", "zone_category": "Residential", "ev_permitted": false}, "geometry": {"type": "Polygon", "coordinates": [[[-73.9289301916168, 40.6242651491413], [-73.9285677482361, 40.6242871140231], [-73.9285736908187, 40.6243415020041], [-73.9289361354149, 40.6243195371042], [-73.9289301916168, 40.6242651491413]]]}}, {"type": "Feature", "properties": {"zone_id": "0204NG3D3TP51BPY3NS3VL", "tract_id": "36047067600", "city": "BROOKLYN, NY", "zone_code": "R3-2", "zone_category": "Residential", "ev_permitted": false}, "geometry": {"type": "Polygon", "coordinates": [[[-73.9289089865704, 40.6240710925317], [-73.9285465442366, 40.6240930573471], [-73.9285611161505, 40.6242264184773], [-73.9289235592038, 40.6242044536162], [-73.9289089865704, 40.6240710925317]]]}}, {"type": "Feature", "properties": {"zone_id": "0201GYY8W3096ZM8HQ9WS5", "tract_id": "36047067600", "city": "BROOKLYN, NY", "zone_code": "R3-2", "zone_category": "Residential", "ev_permitted": false}, "geometry": {"type": "Polygon", "coordinates": [[[-73.9289235592038, 40.6242044536162], [-73.9285611161505, 40.6242264184773], [-73.9285677482361, 40.6242871140231], [-73.9289301916168, 40.6242651491413], [-73.9289235592038, 40.6242044536162]]]}}, {"type": "Feature", "properties": {"zone_id": "0203LCUVAY19KS4CDBO3H0", "tract_id": "36047067600", "city": "BROOKLYN, NY", "zone_code": "R3-2", "zone_category": "Residential", "ev_permitted": false}, "geometry": {"type": "Polygon", "coordinates": [[[-73.9289031341534, 40.624017533769], [-73.9285406921085, 40.6240394985661], [-73.9285465442366, 40.6240930573471], [-73.9289089865704, 40.6240710925317], [-73.9289031341534, 40.624017533769]]]}}, {"type": "Feature", "properties": {"zone_id": "020510VOER7P2TCXN5JPND", "tract_id": "36047067600", "city": "BROOKLYN, NY", "zone_code": "R3-2", "zone_category": "Residential", "ev_permitted": false}, "geometry": {"type": "Polygon", "coordinates": [[[-73.9288970168956, 40.6239615457233], [-73.9285345742305, 40.6239835105007], [-73.9285406921085, 40.6240394985661], [-73.9289031341534, 40.624017533769], [-73.9288970168956, 40.6239615457233]]]}}, {"type": "Feature", "properties": {"zone_id": "0200BJ87ERSZAJ61J7K0TY", "tract_id": "36047067600", "city": "BROOKLYN, NY", "zone_code": "R3-2", "zone_category": "Residential", "ev_permitted": false}, "geometry": {"type": "Polygon", "coordinates": [[[-73.9288848070526, 40.6238498113626], [-73.9285223659124, 40.6238717761022], [-73.9285285303423, 40.6239281935272], [-73.9288909717868, 40.6239062287682], [-73.9288848070526, 40.6238498113626]]]}}, {"type": "Feature", "properties": {"zone_id": "0206F86MATTDRXM8HJFNHN", "tract_id": "36047067600", "city": "BROOKLYN, NY", "zone_code": "R3-2", "zone_category": "Residential", "ev_permitted": false}, "geometry": {"type": "Polygon", "coordinates": [[[-73.9288909717868, 40.6239062287682], [-73.9285285303423, 40.6239281935272], [-73.9285345742305, 40.6239835105007], [-73.9288970168956, 40.6239615457233], [-73.9288909717868, 40.6239062287682]]]}}, {"type": "Feature", "properties": {"zone_id": "02026VPV53I9RN60SQU887", "tract_id": "36047067600", "city": "BROOKLYN, NY", "zone_code": "R3-2", "zone_category": "Residential", "ev_permitted": false}, "geometry": {"type": "Polygon", "coordinates": [[[-73.9298246197258, 40.623791898197], [-73.9294535949054, 40.6238134509778], [-73.9294611146448, 40.6238831299094], [-73.9298321407724, 40.623861577105], [-73.9298246197258, 40.623791898197]]]}}, {"type": "Feature", "properties": {"zone_id": "02079NDBDPI5BC9DN73EC1", "tract_id": "36047067600", "city": "BROOKLYN, NY", "zone_code": "R3-2", "zone_category": "Residential", "ev_permitted": false}, "geometry": {"type": "Polygon", "coordinates": [[[-73.9295050965903, 40.6235203757091], [-73.929422481368, 40.6235251748261], [-73.9294535949054, 40.6238134509778], [-73.9295362104823, 40.6238086518386], [-73.9295050965903, 40.6235203757091]]]}}, {"type": "Feature", "properties": {"zone_id": "02020LTZRWLSSDC7LLSDMZ", "tract_id": "36047067600", "city": "BROOKLYN, NY", "zone_code": "R3-2", "zone_category": "Residential", "ev_permitted": false}, "geometry": {"type": "Polygon", "coordinates": [[[-73.9296929119887, 40.6235094658819], [-73.9295983361265, 40.623514959774], [-73.9296294504187, 40.6238032358784], [-73.929724027609, 40.6237977419614], [-73.9296929119887, 40.6235094658819]]]}}, {"type": "Feature", "properties": {"zone_id": "0205FHGZV31QQU4DW147Z9", "tract_id": "36047067600", "city": "BROOKLYN, NY", "zone_code": "R3-2", "zone_category": "Residential", "ev_permitted": false}, "geometry": {"type": "Polygon", "coordinates": [[[-73.9295983361265, 40.623514959774], [-73.9295050965903, 40.6235203757091], [-73.9295362104823, 40.6238086518386], [-73.9296294504187, 40.6238032358784], [-73.9295983361265, 40.623514959774]]]}}, {"type": "Feature", "properties": {"zone_id": "0205DW4ZL8BPSRUCUA6MT2", "tract_id": "36047067600", "city": "BROOKLYN, NY", "zone_code": "R3-2", "zone_category": "Residential", "ev_permitted": false}, "geometry": {"type": "Polygon", "coordinates": [[[-73.9291384416938, 40.6235618275644], [-73.9290380036108, 40.6235679146488], [-73.9290675967549, 40.6238387336184], [-73.9291680352427, 40.6238326465083], [-73.9291384416938, 40.6235618275644]]]}}, {"type": "Feature", "properties": {"zone_id": "0203IAQFJZ14F12IFZF8L5", "tract_id": "36047067600", "city": "BROOKLYN, NY", "zone_code": "R3-2", "zone_category": "Residential", "ev_permitted": false}, "geometry": {"type": "Polygon", "coordinates": [[[-73.9292219683897, 40.62355676501], [-73.9291384416938, 40.6235618275644], [-73.9291680352427, 40.6238326465083], [-73.9292506695298, 40.6238276381912], [-73.9292219683897, 40.62355676501]]]}}, {"type": "Feature", "properties": {"zone_id": "0201J4N1CCVJO9R7W8OWOG", "tract_id": "36047067600", "city": "BROOKLYN, NY", "zone_code": "R3-2", "zone_category": "Residential", "ev_permitted": false}, "geometry": {"type": "Polygon", "coordinates": [[[-73.9288552146452, 40.6235789923462], [-73.9287608836808, 40.623584709149], [-73.9287904757079, 40.6238555281895], [-73.9288848070526, 40.6238498113626], [-73.9288552146452, 40.6235789923462]]]}}, {"type": "Feature", "properties": {"zone_id": "0201KGFJ4VJ7A164SGYNY0", "tract_id": "36047067600", "city": "BROOKLYN, NY", "zone_code": "R3-2", "zone_category": "Residential", "ev_permitted": false}, "geometry": {"type": "Polygon", "coordinates": [[[-73.9289482645819, 40.6235733533729], [-73.9288552146452, 40.6235789923462], [-73.9288848070526, 40.6238498113626], [-73.9289778573643, 40.6238441723655], [-73.9289482645819, 40.6235733533729]]]}}, {"type": "Feature", "properties": {"zone_id": "02020S52QHUU4NU09K3GDQ", "tract_id": "36047067600", "city": "BROOKLYN, NY", "zone_code": "R3-2", "zone_category": "Residential", "ev_permitted": false}, "geometry": {"type": "Polygon", "coordinates": [[[-73.9290380036108, 40.6235679146488], [-73.9289482645819, 40.6235733533729], [-73.9289778573643, 40.6238441723655], [-73.9290675967549, 40.6238387336184], [-73.9290380036108, 40.6235679146488]]]}}, {"type": "Feature", "properties": {"zone_id": "0200YIKBYY7RTVDJUMBXGW", "tract_id": "36047067600", "city": "BROOKLYN, NY", "zone_code": "R3-2", "zone_category": "Residential", "ev_permitted": false}, "geometry": {"type": "Polygon", "coordinates": [[[-73.9287608836808, 40.623584709149], [-73.9286691313249, 40.6235902693743], [-73.9286987229814, 40.623861089141], [-73.9287904757079, 40.6238555281895], [-73.9287608836808, 40.623584709149]]]}}, {"type": "Feature", "properties": {"zone_id": "0204R4M40EAYT2AV5SKZ3P", "tract_id": "36047067600", "city": "BROOKLYN, NY", "zone_code": "R3-2", "zone_category": "Residential", "ev_permitted": false}, "geometry": {"type": "Polygon", "coordinates": [[[-73.9286691313249, 40.6235902693743], [-73.928575645113, 40.6235959359573], [-73.9286052363941, 40.6238667543425], [-73.9286987229814, 40.623861089141], [-73.9286691313249, 40.6235902693743]]]}}, {"type": "Feature", "properties": {"zone_id": "020757USG3PILPXZHBRBVE", "tract_id": "36047067600", "city": "BROOKLYN, NY", "zone_code": "R3-2", "zone_category": "Residential", "ev_permitted": false}, "geometry": {"type": "Polygon", "coordinates": [[[-73.928575645113, 40.6235959359573], [-73.9284927740437, 40.6236009569926], [-73.9285223659124, 40.6238717761022], [-73.9286052363941, 40.6238667543425], [-73.928575645113, 40.6235959359573]]]}}, {"type": "Feature", "properties": {"zone_id": "0204NNUA6LA8B2F3NXM6R3", "tract_id": "36047067600", "city": "BROOKLYN, NY", "zone_code": "R3-2", "zone_category": "Residential", "ev_permitted": false}, "geometry": {"type": "Polygon", "coordinates": [[[-73.9279363169903, 40.6238015321501], [-73.927557643354, 40.623825111751], [-73.9276019481761, 40.6242335246003], [-73.9279806250369, 40.6242099441524], [-73.9279363169903, 40.6238015321501]]]}}, {"type": "Feature", "properties": {"zone_id": "02028EP7IPLMD46REJJAEE", "tract_id": "36047067600", "city": "BROOKLYN, NY", "zone_code": "R3-2", "zone_category": "Residential", "ev_permitted": false}, "geometry": {"type": "Polygon", "coordinates": [[[-73.9283349596332, 40.6241369575504], [-73.9279751380963, 40.6241593648783], [-73.9279831087314, 40.6242328350739], [-73.928343083758, 40.6242104179794], [-73.9283349596332, 40.6241369575504]]]}}, {"type": "Feature", "properties": {"zone_id": "0201RJ3NJS9WINNSIM4LV5", "tract_id": "36047067600", "city": "BROOKLYN, NY", "zone_code": "R3-2", "zone_category": "Residential", "ev_permitted": false}, "geometry": {"type": "Polygon", "coordinates": [[[-73.928343083758, 40.6242104179794], [-73.9279831087314, 40.6242328350739], [-73.9279902484294, 40.6242986569243], [-73.928350361226, 40.6242762314612], [-73.928343083758, 40.6242104179794]]]}}, {"type": "Feature", "properties": {"zone_id": "0206NX6WILKA0T6JZ1CZTB", "tract_id": "36047067600", "city": "BROOKLYN, NY", "zone_code": "R3-2", "zone_category": "Residential", "ev_permitted": false}, "geometry": {"type": "Polygon", "coordinates": [[[-73.928350361226, 40.6242762314612], [-73.9279902484294, 40.6242986569243], [-73.9279971890951, 40.6243626299333], [-73.9283574341196, 40.6243401953961], [-73.928350361226, 40.6242762314612]]]}}, {"type": "Feature", "properties": {"zone_id": "0203JM84Q5T7X359BSNI5U", "tract_id": "36047067600", "city": "BROOKLYN, NY", "zone_code": "R3-2", "zone_category": "Residential", "ev_permitted": false}, "geometry": {"type": "Polygon", "coordinates": [[[-73.9283134607337, 40.6239425268254], [-73.9279540414219, 40.6239649090418], [-73.9279602296105, 40.6240219462639], [-73.9283197663552, 40.623999556372], [-73.9283134607337, 40.6239425268254]]]}}, {"type": "Feature", "properties": {"zone_id": "0200DKGDFEJIH6Y66S5VPF", "tract_id": "36047067600", "city": "BROOKLYN, NY", "zone_code": "R3-2", "zone_category": "Residential", "ev_permitted": false}, "geometry": {"type": "Polygon", "coordinates": [[[-73.9283070372954, 40.6238844396914], [-73.9279477391106, 40.6239068142342], [-73.9279540414219, 40.6239649090418], [-73.9283134607337, 40.6239425268254], [-73.9283070372954, 40.6238844396914]]]}}, {"type": "Feature", "properties": {"zone_id": "0205YBKCUG1KWMLJNHSP9Z", "tract_id": "36047067600", "city": "BROOKLYN, NY", "zone_code": "R3-2", "zone_category": "Residential", "ev_permitted": false}, "geometry": {"type": "Polygon", "coordinates": [[[-73.9283271122866, 40.6240659805168], [-73.9279674368473, 40.6240883787769], [-73.9279751380963, 40.6241593648783], [-73.9283349596332, 40.6241369575504], [-73.9283271122866, 40.6240659805168]]]}}, {"type": "Feature", "properties": {"zone_id": "02077FH33NZFM1SN1P2S3T", "tract_id": "36047067600", "city": "BROOKLYN, NY", "zone_code": "R3-2", "zone_category": "Residential", "ev_permitted": false}, "geometry": {"type": "Polygon", "coordinates": [[[-73.9283197663552, 40.623999556372], [-73.9279602296105, 40.6240219462639], [-73.9279674368473, 40.6240883787769], [-73.9283271122866, 40.6240659805168], [-73.9283197663552, 40.623999556372]]]}}, {"type": "Feature", "properties": {"zone_id": "02058ZHQHF6X6PEFFWHNO4", "tract_id": "36047067600", "city": "BROOKLYN, NY", "zone_code": "R4", "zone_category": "Residential", "ev_permitted": false}, "geometry": {"type": "Polygon", "coordinates": [[[-73.9272598997636, 40.6241736220784], [-73.9268994496044, 40.6241969074887], [-73.9269055311423, 40.6242536868203], [-73.9272660766007, 40.6242303944245], [-73.9272598997636, 40.6241736220784]]]}}, {"type": "Feature", "properties": {"zone_id": "0203YTJ27486JSC77MU0V2", "tract_id": "36047067600", "city": "BROOKLYN, NY", "zone_code": "R4", "zone_category": "Residential", "ev_permitted": false}, "geometry": {"type": "Polygon", "coordinates": [[[-73.9272660766007, 40.6242303944245], [-73.9269055311423, 40.6242536868203], [-73.9269171657267, 40.6244128151844], [-73.9269240310992, 40.6244123881112], [-73.9269271522143, 40.6244415331934], [-73.9272865227839, 40.6244183165772], [-73.9272660766007, 40.6242303944245]]]}}, {"type": "Feature", "properties": {"zone_id": "0204OQ4D6M76PKP4PJVEKT", "tract_id": "36047067600", "city": "BROOKLYN, NY", "zone_code": "R3-2", "zone_category": "Residential", "ev_permitted": false}, "geometry": {"type": "Polygon", "coordinates": [[[-73.9282766903026, 40.623609994295], [-73.9282062289352, 40.6236143827358], [-73.928236006606, 40.6238888629288], [-73.9283070372954, 40.6238844396914], [-73.9282766903026, 40.623609994295]]]}}, {"type": "Feature", "properties": {"zone_id": "0204GZSEAX5LYL373NUH2V", "tract_id": "36047067600", "city": "BROOKLYN, NY", "zone_code": "R3-2", "zone_category": "Residential", "ev_permitted": false}, "geometry": {"type": "Polygon", "coordinates": [[[-73.92813253597, 40.6236189714814], [-73.9279179616951, 40.6236323339665], [-73.9279477391106, 40.6239068142342], [-73.9281623142604, 40.6238934530993], [-73.92813253597, 40.6236189714814]]]}}, {"type": "Feature", "properties": {"zone_id": "0203W2HGJZ4QL5NT43OG5K", "tract_id": "36047067600", "city": "BROOKLYN, NY", "zone_code": "R3-2", "zone_category": "Residential", "ev_permitted": false}, "geometry": {"type": "Polygon", "coordinates": [[[-73.9282062289352, 40.6236143827358], [-73.92813253597, 40.6236189714814], [-73.9281623142604, 40.6238934530993], [-73.928236006606, 40.6238888629288], [-73.9282062289352, 40.6236143827358]]]}}, {"type": "Feature", "properties": {"zone_id": "0202W78QP3DJBC9EA89M6S", "tract_id": "36047067600", "city": "BROOKLYN, NY", "zone_code": "R3-2", "zone_category": "Residential", "ev_permitted": false}, "geometry": {"type": "Polygon", "coordinates": [[[-73.9279179616951, 40.6236323339665], [-73.9275392880893, 40.6236559142095], [-73.927557643354, 40.623825111751], [-73.9279363169903, 40.6238015321501], [-73.9279179616951, 40.6236323339665]]]}}, {"type": "Feature", "properties": {"zone_id": "0204GHWNBIP93EY9HL33RY", "tract_id": "36047067600", "city": "BROOKLYN, NY", "zone_code": "R4", "zone_category": "Residential", "ev_permitted": false}, "geometry": {"type": "Polygon", "coordinates": [[[-73.9253541942088, 40.6275275587334], [-73.925012698422, 40.6275469964115], [-73.9250336099814, 40.6277362437321], [-73.9253541942088, 40.6275275587334]]]}}, {"type": "Feature", "properties": {"zone_id": "0204M7U0QFFKMUTJO5H4W6", "tract_id": "36047067600", "city": "BROOKLYN, NY", "zone_code": "R4", "zone_category": "Residential", "ev_permitted": false}, "geometry": {"type": "Polygon", "coordinates": [[[-73.9261438698879, 40.6269479269456], [-73.9258856466473, 40.6269647477362], [-73.9259071656787, 40.6271662877462], [-73.9261505983958, 40.6270089206071], [-73.9261438698879, 40.6269479269456]]]}}, {"type": "Feature", "properties": {"zone_id": "0203KI66MOJ9681G6KNRNO", "tract_id": "36047067600", "city": "BROOKLYN, NY", "zone_code": "R4", "zone_category": "Residential", "ev_permitted": false}, "geometry": {"type": "Polygon", "coordinates": [[[-73.9265878361373, 40.6266904177237], [-73.9262218417931, 40.6267142596051], [-73.9262474421546, 40.6269463154656], [-73.9265915279408, 40.6267238796525], [-73.9265878361373, 40.6266904177237]]]}}, {"type": "Feature", "properties": {"zone_id": "02036IIXUN6Q6M3HT2UXJQ", "tract_id": "36047067600", "city": "BROOKLYN, NY", "zone_code": "R4", "zone_category": "Residential", "ev_permitted": false}, "geometry": {"type": "Polygon", "coordinates": [[[-73.9265583648669, 40.6264232767287], [-73.9261923728986, 40.6264471192201], [-73.9262001605792, 40.626517711986], [-73.9265661529319, 40.6264938694699], [-73.9265583648669, 40.6264232767287]]]}}, {"type": "Feature", "properties": {"zone_id": "0200VIB6O0L3QB18XF5K8O", "tract_id": "36047067600", "city": "BROOKLYN, NY", "zone_code": "R4", "zone_category": "Residential", "ev_permitted": false}, "geometry": {"type": "Polygon", "coordinates": [[[-73.9265806333471, 40.6266251276804], [-73.9262146402799, 40.6266489702422], [-73.9262218417931, 40.6267142596051], [-73.9265878361373, 40.6266904177237], [-73.9265806333471, 40.6266251276804]]]}}, {"type": "Feature", "properties": {"zone_id": "02020T54C3O2324WIOH5KK", "tract_id": "36047067600", "city": "BROOKLYN, NY", "zone_code": "R4", "zone_category": "Residential", "ev_permitted": false}, "geometry": {"type": "Polygon", "coordinates": [[[-73.9265744633179, 40.626569202029], [-73.9262084705552, 40.6265930445714], [-73.9262146402799, 40.6266489702422], [-73.9265806333471, 40.6266251276804], [-73.9265744633179, 40.626569202029]]]}}, {"type": "Feature", "properties": {"zone_id": "0201XWU6USEP9O1A2OA5B2", "tract_id": "36047067600", "city": "BROOKLYN, NY", "zone_code": "R4", "zone_category": "Residential", "ev_permitted": false}, "geometry": {"type": "Polygon", "coordinates": [[[-73.9265661529319, 40.6264938694699], [-73.9262001605792, 40.626517711986], [-73.9262084705552, 40.6265930445714], [-73.9265744633179, 40.626569202029], [-73.9265661529319, 40.6264938694699]]]}}, {"type": "Feature", "properties": {"zone_id": "0204MXJZI72WZ5KXGVMCTG", "tract_id": "36047067600", "city": "BROOKLYN, NY", "zone_code": "R4", "zone_category": "Residential", "ev_permitted": false}, "geometry": {"type": "Polygon", "coordinates": [[[-73.9262412102854, 40.62688982622], [-73.9258801582928, 40.6269133455527], [-73.9258856466473, 40.6269647477362], [-73.9261438698879, 40.6269479269456], [-73.9261505983958, 40.6270089206071], [-73.9262474421546, 40.6269463154656], [-73.9262412102854, 40.62688982622]]]}}, {"type": "Feature", "properties": {"zone_id": "0200UL8HEAP1GTZFOOPTK6", "tract_id": "36047067600", "city": "BROOKLYN, NY", "zone_code": "R4", "zone_category": "Residential", "ev_permitted": false}, "geometry": {"type": "Polygon", "coordinates": [[[-73.9262339283833, 40.6268238074403], [-73.9258731073215, 40.6268473121429], [-73.9258801582928, 40.6269133455527], [-73.9262412102854, 40.62688982622], [-73.9262339283833, 40.6268238074403]]]}}, {"type": "Feature", "properties": {"zone_id": "0205RH3FVEG8VFLRZUBAC0", "tract_id": "36047067600", "city": "BROOKLYN, NY", "zone_code": "R4", "zone_category": "Residential", "ev_permitted": false}, "geometry": {"type": "Polygon", "coordinates": [[[-73.9262276682233, 40.6267670687284], [-73.9258670485289, 40.6267905601905], [-73.9258731073215, 40.6268473121429], [-73.9262339283833, 40.6268238074403], [-73.9262276682233, 40.6267670687284]]]}}, {"type": "Feature", "properties": {"zone_id": "0201HU3IQYSUBAFDTACA2Q", "tract_id": "36047067600", "city": "BROOKLYN, NY", "zone_code": "R4", "zone_category": "Residential", "ev_permitted": false}, "geometry": {"type": "Polygon", "coordinates": [[[-73.9262207013562, 40.6267039121096], [-73.925860303354, 40.6267273889367], [-73.9258670485289, 40.6267905601905], [-73.9262276682233, 40.6267670687284], [-73.9262207013562, 40.6267039121096]]]}}, {"type": "Feature", "properties": {"zone_id": "0207ENEFP3QJ6AMXOI944B", "tract_id": "36047067600", "city": "BROOKLYN, NY", "zone_code": "R4", "zone_category": "Residential", "ev_permitted": false}, "geometry": {"type": "Polygon", "coordinates": [[[-73.9261968415169, 40.6264876308115], [-73.9258372046511, 40.6265110581653], [-73.9258458884358, 40.6265923889793], [-73.9262058116508, 40.6265689428101], [-73.9261968415169, 40.6264876308115]]]}}, {"type": "Feature", "properties": {"zone_id": "0206JY5UR5NMH86XQMEP75", "tract_id": "36047067600", "city": "BROOKLYN, NY", "zone_code": "R4", "zone_category": "Residential", "ev_permitted": false}, "geometry": {"type": "Polygon", "coordinates": [[[-73.9262141599927, 40.6266446197259], [-73.9258539707489, 40.6266680833164], [-73.925860303354, 40.6267273889367], [-73.9262207013562, 40.6267039121096], [-73.9262141599927, 40.6266446197259]]]}}, {"type": "Feature", "properties": {"zone_id": "02057HOXL9C5ESQDMMME1O", "tract_id": "36047067600", "city": "BROOKLYN, NY", "zone_code": "R4", "zone_category": "Residential", "ev_permitted": false}, "geometry": {"type": "Polygon", "coordinates": [[[-73.9262058116508, 40.6265689428101], [-73.9258458884358, 40.6265923889793], [-73.9258539707489, 40.6266680833164], [-73.9262141599927, 40.6266446197259], [-73.9262058116508, 40.6265689428101]]]}}, {"type": "Feature", "properties": {"zone_id": "02055CO7X20MIMR9XDXPL4", "tract_id": "36047067600", "city": "BROOKLYN, NY", "zone_code": "R4", "zone_category": "Residential", "ev_permitted": false}, "geometry": {"type": "Polygon", "coordinates": [[[-73.9261897733597, 40.6264235522254], [-73.9258303609552, 40.6264469656485], [-73.9258372046511, 40.6265110581653], [-73.9261968415169, 40.6264876308115], [-73.9261897733597, 40.6264235522254]]]}}, {"type": "Feature", "properties": {"zone_id": "0204T24QNDOIN3TMFU0P8M", "tract_id": "36047067600", "city": "BROOKLYN, NY", "zone_code": "R4", "zone_category": "Residential", "ev_permitted": false}, "geometry": {"type": "Polygon", "coordinates": [[[-73.9256990655059, 40.6271615959533], [-73.925492477921, 40.6271733562932], [-73.9255190046426, 40.6274202728958], [-73.9257132703085, 40.6272938132262], [-73.9256990655059, 40.6271615959533]]]}}, {"type": "Feature", "properties": {"zone_id": "0200F392JFAMK5PYCBJB72", "tract_id": "36047067600", "city": "BROOKLYN, NY", "zone_code": "R4", "zone_category": "Residential", "ev_permitted": false}, "geometry": {"type": "Polygon", "coordinates": [[[-73.925492477921, 40.6271733562932], [-73.9253402443761, 40.6271820218949], [-73.9253758524023, 40.6275134597382], [-73.9255190046426, 40.6274202728958], [-73.925492477921, 40.6271733562932]]]}}, {"type": "Feature", "properties": {"zone_id": "0200WZGG4KWIE66ED2BA91", "tract_id": "36047067600", "city": "BROOKLYN, NY", "zone_code": "R4", "zone_category": "Residential", "ev_permitted": false}, "geometry": {"type": "Polygon", "coordinates": [[[-73.9253699122276, 40.6274581714946], [-73.925279313979, 40.6274633285426], [-73.9252801947608, 40.6274715355561], [-73.9250060839826, 40.6274871382697], [-73.925012698422, 40.6275469964115], [-73.9253541942088, 40.6275275587334], [-73.9253758524023, 40.6275134597382], [-73.9253699122276, 40.6274581714946]]]}}, {"type": "Feature", "properties": {"zone_id": "0205CQCZLA2BFCWWXX5W51", "tract_id": "36047067600", "city": "BROOKLYN, NY", "zone_code": "R4", "zone_category": "Residential", "ev_permitted": false}, "geometry": {"type": "Polygon", "coordinates": [[[-73.9253468389385, 40.6272434012792], [-73.924981448606, 40.62726419987], [-73.9249867611163, 40.6273122790707], [-73.9253520050631, 40.6272914895025], [-73.9253468389385, 40.6272434012792]]]}}, {"type": "Feature", "properties": {"zone_id": "0203EC8JMXJOSS266VG14M", "tract_id": "36047067600", "city": "BROOKLYN, NY", "zone_code": "R4", "zone_category": "Residential", "ev_permitted": false}, "geometry": {"type": "Polygon", "coordinates": [[[-73.9253520050631, 40.6272914895025], [-73.9249867611163, 40.6273122790707], [-73.9249920572052, 40.6273602057815], [-73.9253571547661, 40.6273394245335], [-73.9253520050631, 40.6272914895025]]]}}, {"type": "Feature", "properties": {"zone_id": "0206FS6KQ4QAQZG4NRYH0G", "tract_id": "36047067600", "city": "BROOKLYN, NY", "zone_code": "R4", "zone_category": "Residential", "ev_permitted": false}, "geometry": {"type": "Polygon", "coordinates": [[[-73.9253571547661, 40.6273394245335], [-73.9249920572052, 40.6273602057815], [-73.9249978627404, 40.6274127380999], [-73.9253628147091, 40.6273921021908], [-73.9253571547661, 40.6273394245335]]]}}, {"type": "Feature", "properties": {"zone_id": "0207MGSRJE1UB3NR66J6PF", "tract_id": "36047067600", "city": "BROOKLYN, NY", "zone_code": "R4", "zone_category": "Residential", "ev_permitted": false}, "geometry": {"type": "Polygon", "coordinates": [[[-73.9253628147091, 40.6273921021908], [-73.9249978627404, 40.6274127380999], [-73.9250060839826, 40.6274871382697], [-73.9252801947608, 40.6274715355561], [-73.925279313979, 40.6274633285426], [-73.9253699122276, 40.6274581714946], [-73.9253628147091, 40.6273921021908]]]}}, {"type": "Feature", "properties": {"zone_id": "02029AMZ7IOS9ASGW8MP9A", "tract_id": "36047067600", "city": "BROOKLYN, NY", "zone_code": "R4", "zone_category": "Residential", "ev_permitted": false}, "geometry": {"type": "Polygon", "coordinates": [[[-73.9256930328979, 40.6271054546277], [-73.9253342139118, 40.6271258812544], [-73.9253402443761, 40.6271820218949], [-73.9256990655059, 40.6271615959533], [-73.9256930328979, 40.6271054546277]]]}}, {"type": "Feature", "properties": {"zone_id": "02071TLV977CF0X3PLOT8X", "tract_id": "36047067600", "city": "BROOKLYN, NY", "zone_code": "R4", "zone_category": "Residential", "ev_permitted": false}, "geometry": {"type": "Polygon", "coordinates": [[[-73.9256813072926, 40.6269963095996], [-73.9253224879691, 40.627016734784], [-73.9253284125452, 40.6270718817867], [-73.9256872321641, 40.6270514558812], [-73.9256813072926, 40.6269963095996]]]}}, {"type": "Feature", "properties": {"zone_id": "0203B8LSVZWPBWQSWEDG21", "tract_id": "36047067600", "city": "BROOKLYN, NY", "zone_code": "R4", "zone_category": "Residential", "ev_permitted": false}, "geometry": {"type": "Polygon", "coordinates": [[[-73.9256872321641, 40.6270514558812], [-73.9253284125452, 40.6270718817867], [-73.9253342139118, 40.6271258812544], [-73.9256930328979, 40.6271054546277], [-73.9256872321641, 40.6270514558812]]]}}, {"type": "Feature", "properties": {"zone_id": "0200HQIU9AJWPTD9A0AFKO", "tract_id": "36047067600", "city": "BROOKLYN, NY", "zone_code": "R4", "zone_category": "Residential", "ev_permitted": false}, "geometry": {"type": "Polygon", "coordinates": [[[-73.9253362438488, 40.6271447723545], [-73.9249705515373, 40.6271655882811], [-73.9249759014664, 40.6272140033818], [-73.92534144555, 40.6271931964765], [-73.9253362438488, 40.6271447723545]]]}}, {"type": "Feature", "properties": {"zone_id": "0203XQA778NXA881HT812C", "tract_id": "36047067600", "city": "BROOKLYN, NY", "zone_code": "R4", "zone_category": "Residential", "ev_permitted": false}, "geometry": {"type": "Polygon", "coordinates": [[[-73.9253278822474, 40.6270669431025], [-73.9249619524069, 40.6270877714953], [-73.9249705515373, 40.6271655882811], [-73.9253362438488, 40.6271447723545], [-73.9253278822474, 40.6270669431025]]]}}, {"type": "Feature", "properties": {"zone_id": "0206EX6A9TOLF3QTV9LKSD", "tract_id": "36047067600", "city": "BROOKLYN, NY", "zone_code": "R4", "zone_category": "Residential", "ev_permitted": false}, "geometry": {"type": "Polygon", "coordinates": [[[-73.9253199980279, 40.6269935557139], [-73.9249538444667, 40.6270143979888], [-73.9249619524069, 40.6270877714953], [-73.9253278822474, 40.6270669431025], [-73.9253199980279, 40.6269935557139]]]}}, {"type": "Feature", "properties": {"zone_id": "0203I7ZHQQVNCH94YPMTDH", "tract_id": "36047067600", "city": "BROOKLYN, NY", "zone_code": "R4", "zone_category": "Residential", "ev_permitted": false}, "geometry": {"type": "Polygon", "coordinates": [[[-73.92534144555, 40.6271931964765], [-73.9249759014664, 40.6272140033818], [-73.924981448606, 40.62726419987], [-73.9253468389385, 40.6272434012792], [-73.92534144555, 40.6271931964765]]]}}, {"type": "Feature", "properties": {"zone_id": "0202G6A46TH9ZNDJXYDDVG", "tract_id": "36047067600", "city": "BROOKLYN, NY", "zone_code": "R4", "zone_category": "Residential", "ev_permitted": false}, "geometry": {"type": "Polygon", "coordinates": [[[-73.9256552940289, 40.6267541785142], [-73.9252964759983, 40.6267746043207], [-73.9253110459288, 40.6269102270082], [-73.9256698646839, 40.6268898011565], [-73.9256552940289, 40.6267541785142]]]}}, {"type": "Feature", "properties": {"zone_id": "02034TF0JUFRJKG3KX45II", "tract_id": "36047067600", "city": "BROOKLYN, NY", "zone_code": "R4", "zone_category": "Residential", "ev_permitted": false}, "geometry": {"type": "Polygon", "coordinates": [[[-73.9256755996769, 40.6269431815158], [-73.9253167806365, 40.6269636073853], [-73.9253224879691, 40.627016734784], [-73.9256813072926, 40.6269963095996], [-73.9256755996769, 40.6269431815158]]]}}, {"type": "Feature", "properties": {"zone_id": "0202PW2WOZ93EARVOBPDPJ", "tract_id": "36047067600", "city": "BROOKLYN, NY", "zone_code": "R4", "zone_category": "Residential", "ev_permitted": false}, "geometry": {"type": "Polygon", "coordinates": [[[-73.9256698646839, 40.6268898011565], [-73.9253110459288, 40.6269102270082], [-73.9253167806365, 40.6269636073853], [-73.9256755996769, 40.6269431815158], [-73.9256698646839, 40.6268898011565]]]}}, {"type": "Feature", "properties": {"zone_id": "0203S1A70ERWK5I8OQJ362", "tract_id": "36047067600", "city": "BROOKLYN, NY", "zone_code": "R4", "zone_category": "Residential", "ev_permitted": false}, "geometry": {"type": "Polygon", "coordinates": [[[-73.9256500081501, 40.6267049807141], [-73.9252911903833, 40.6267254058014], [-73.9252964759983, 40.6267746043207], [-73.9256552940289, 40.6267541785142], [-73.9256500081501, 40.6267049807141]]]}}, {"type": "Feature", "properties": {"zone_id": "0203OGZCT3HHTO3494OGM0", "tract_id": "36047067600", "city": "BROOKLYN, NY", "zone_code": "R4", "zone_category": "Residential", "ev_permitted": false}, "geometry": {"type": "Polygon", "coordinates": [[[-73.9253045974822, 40.6268501954288], [-73.9249380056881, 40.6268710626643], [-73.9249458844444, 40.6269423610494], [-73.9253122580426, 40.6269215062948], [-73.9253045974822, 40.6268501954288]]]}}, {"type": "Feature", "properties": {"zone_id": "02011EMF7365YUYXZ0DMM5", "tract_id": "36047067600", "city": "BROOKLYN, NY", "zone_code": "R4", "zone_category": "Residential", "ev_permitted": false}, "geometry": {"type": "Polygon", "coordinates": [[[-73.9253122580426, 40.6269215062948], [-73.9249458844444, 40.6269423610494], [-73.9249538444667, 40.6270143979888], [-73.9253199980279, 40.6269935557139], [-73.9253122580426, 40.6269215062948]]]}}, {"type": "Feature", "properties": {"zone_id": "02061RAX1FJIKVEOU0FWHM", "tract_id": "36047067600", "city": "BROOKLYN, NY", "zone_code": "R4", "zone_category": "Residential", "ev_permitted": false}, "geometry": {"type": "Polygon", "coordinates": [[[-73.925297207099, 40.6267814059044], [-73.924930405398, 40.6268022835193], [-73.9249380056881, 40.6268710626643], [-73.9253045974822, 40.6268501954288], [-73.925297207099, 40.6267814059044]]]}}, {"type": "Feature", "properties": {"zone_id": "0203L2EZT5GFXPT4WH6SHI", "tract_id": "36047067600", "city": "BROOKLYN, NY", "zone_code": "R4", "zone_category": "Residential", "ev_permitted": false}, "geometry": {"type": "Polygon", "coordinates": [[[-73.9252894406924, 40.6267091112344], [-73.9249224180336, 40.6267300027334], [-73.924930405398, 40.6268022835193], [-73.925297207099, 40.6267814059044], [-73.9252894406924, 40.6267091112344]]]}}, {"type": "Feature", "properties": {"zone_id": "0203OJN5KE42M436DUOLJM", "tract_id": "36047067600", "city": "BROOKLYN, NY", "zone_code": "R4", "zone_category": "Residential", "ev_permitted": false}, "geometry": {"type": "Polygon", "coordinates": [[[-73.9256194750998, 40.6264207724261], [-73.9252606588507, 40.6264411981214], [-73.9252673837757, 40.626503801645], [-73.9256262003592, 40.6264833759288], [-73.9256194750998, 40.6264207724261]]]}}, {"type": "Feature", "properties": {"zone_id": "0206XYQK7AZKTQZ8JKSGZP", "tract_id": "36047067600", "city": "BROOKLYN, NY", "zone_code": "R4", "zone_category": "Residential", "ev_permitted": false}, "geometry": {"type": "Polygon", "coordinates": [[[-73.9256262003592, 40.6264833759288], [-73.9252673837757, 40.626503801645], [-73.9252739809495, 40.6265652000117], [-73.9256327969381, 40.6265447749771], [-73.9256262003592, 40.6264833759288]]]}}, {"type": "Feature", "properties": {"zone_id": "0202DYYTWVYBZS9WUESID1", "tract_id": "36047067600", "city": "BROOKLYN, NY", "zone_code": "R4", "zone_category": "Residential", "ev_permitted": false}, "geometry": {"type": "Polygon", "coordinates": [[[-73.9256403309454, 40.6266148989379], [-73.9252815136592, 40.626635324698], [-73.9252862826508, 40.6266797194543], [-73.9256451001736, 40.6266592943822], [-73.9256403309454, 40.6266148989379]]]}}, {"type": "Feature", "properties": {"zone_id": "0200GFFMSQUNBH45KFCGG4", "tract_id": "36047067600", "city": "BROOKLYN, NY", "zone_code": "R4", "zone_category": "Residential", "ev_permitted": false}, "geometry": {"type": "Polygon", "coordinates": [[[-73.9256451001736, 40.6266592943822], [-73.9252862826508, 40.6266797194543], [-73.9252911903833, 40.6267254058014], [-73.9256500081501, 40.6267049807141], [-73.9256451001736, 40.6266592943822]]]}}, {"type": "Feature", "properties": {"zone_id": "02012NJTE7YADEGIEHSKRS", "tract_id": "36047067600", "city": "BROOKLYN, NY", "zone_code": "R4", "zone_category": "Residential", "ev_permitted": false}, "geometry": {"type": "Polygon", "coordinates": [[[-73.9256327969381, 40.6265447749771], [-73.9252739809495, 40.6265652000117], [-73.9252815136592, 40.626635324698], [-73.9256403309454, 40.6266148989379], [-73.9256327969381, 40.6265447749771]]]}}, {"type": "Feature", "properties": {"zone_id": "0205EES36FGL1NE0I1VFZE", "tract_id": "36047067600", "city": "BROOKLYN, NY", "zone_code": "R4", "zone_category": "Residential", "ev_permitted": false}, "geometry": {"type": "Polygon", "coordinates": [[[-73.9252814534193, 40.626634763931], [-73.9249142042831, 40.6266556672018], [-73.9249224180336, 40.6267300027334], [-73.9252894406924, 40.6267091112344], [-73.9252814534193, 40.626634763931]]]}}, {"type": "Feature", "properties": {"zone_id": "0202CEERHCSEBLKL4YQURD", "tract_id": "36047067600", "city": "BROOKLYN, NY", "zone_code": "R4", "zone_category": "Residential", "ev_permitted": false}, "geometry": {"type": "Polygon", "coordinates": [[[-73.92527432778, 40.626568432503], [-73.9249068761005, 40.6265893482667], [-73.9249142042831, 40.6266556672018], [-73.9252814534193, 40.626634763931], [-73.92527432778, 40.626568432503]]]}}, {"type": "Feature", "properties": {"zone_id": "020232KQK6EMXMNJMZJQN3", "tract_id": "36047067600", "city": "BROOKLYN, NY", "zone_code": "R4", "zone_category": "Residential", "ev_permitted": false}, "geometry": {"type": "Polygon", "coordinates": [[[-73.9252670360369, 40.6265005572078], [-73.9248993772125, 40.6265214847581], [-73.9249068761005, 40.6265893482667], [-73.92527432778, 40.626568432503], [-73.9252670360369, 40.6265005572078]]]}}, {"type": "Feature", "properties": {"zone_id": "0203ENS9SHGHTQCNDXHDZC", "tract_id": "36047067600", "city": "BROOKLYN, NY", "zone_code": "R4", "zone_category": "Residential", "ev_permitted": false}, "geometry": {"type": "Polygon", "coordinates": [[[-73.9261767163312, 40.6263051895092], [-73.9258177205175, 40.6263285750536], [-73.9258240731335, 40.6263880732215], [-73.9261832777059, 40.6263646730354], [-73.9261767163312, 40.6263051895092]]]}}, {"type": "Feature", "properties": {"zone_id": "0203CW1O1LOI9FX5D3VUQM", "tract_id": "36047067600", "city": "BROOKLYN, NY", "zone_code": "R4", "zone_category": "Residential", "ev_permitted": false}, "geometry": {"type": "Polygon", "coordinates": [[[-73.9261832777059, 40.6263646730354], [-73.9258240731335, 40.6263880732215], [-73.9258303609552, 40.6264469656485], [-73.9261897733597, 40.6264235522254], [-73.9261832777059, 40.6263646730354]]]}}, {"type": "Feature", "properties": {"zone_id": "0206LW2LT5QYRKCMTKWVNU", "tract_id": "36047067600", "city": "BROOKLYN, NY", "zone_code": "R4", "zone_category": "Residential", "ev_permitted": false}, "geometry": {"type": "Polygon", "coordinates": [[[-73.9261108806613, 40.6260271849952], [-73.9260328415617, 40.6260322691981], [-73.9260637532001, 40.6263124843768], [-73.9261417990098, 40.6263074640998], [-73.9261108806613, 40.6260271849952]]]}}, {"type": "Feature", "properties": {"zone_id": "0201G0WY7BBHB58UZQKG15", "tract_id": "36047067600", "city": "BROOKLYN, NY", "zone_code": "R4", "zone_category": "Residential", "ev_permitted": false}, "geometry": {"type": "Polygon", "coordinates": [[[-73.9271093661302, 40.626250616842], [-73.926758337263, 40.626273928162], [-73.926767766153, 40.6263563077608], [-73.9271187954494, 40.626332997115], [-73.9271093661302, 40.626250616842]]]}}, {"type": "Feature", "properties": {"zone_id": "0204OPWBDI4IG6QYFP66WC", "tract_id": "36047067600", "city": "BROOKLYN, NY", "zone_code": "R4", "zone_category": "Residential", "ev_permitted": false}, "geometry": {"type": "Polygon", "coordinates": [[[-73.9271003625319, 40.6261719553486], [-73.9267493340753, 40.6261952666413], [-73.926758337263, 40.626273928162], [-73.9271093661302, 40.626250616842], [-73.9271003625319, 40.6261719553486]]]}}, {"type": "Feature", "properties": {"zone_id": "0204Q1NGBTE7RS3V0DHLJF", "tract_id": "36047067600", "city": "BROOKLYN, NY", "zone_code": "R4", "zone_category": "Residential", "ev_permitted": false}, "geometry": {"type": "Polygon", "coordinates": [[[-73.9271187954494, 40.626332997115], [-73.926767766153, 40.6263563077608], [-73.9267942177682, 40.6265874196658], [-73.9271232726033, 40.6263721117748], [-73.9271187954494, 40.626332997115]]]}}, {"type": "Feature", "properties": {"zone_id": "0204SNDEAB8S4L4P650EXD", "tract_id": "36047067600", "city": "BROOKLYN, NY", "zone_code": "R4", "zone_category": "Residential", "ev_permitted": false}, "geometry": {"type": "Polygon", "coordinates": [[[-73.9265427075276, 40.6262813463646], [-73.9261767163312, 40.6263051895092], [-73.926183779898, 40.6263692266367], [-73.926549771443, 40.6263453834697], [-73.9265427075276, 40.6262813463646]]]}}, {"type": "Feature", "properties": {"zone_id": "0205G7K82DR872O7CQNS0T", "tract_id": "36047067600", "city": "BROOKLYN, NY", "zone_code": "R4", "zone_category": "Residential", "ev_permitted": false}, "geometry": {"type": "Polygon", "coordinates": [[[-73.926549771443, 40.6263453834697], [-73.926183779898, 40.6263692266367], [-73.9261923728986, 40.6264471192201], [-73.9265583648669, 40.6264232767287], [-73.926549771443, 40.6263453834697]]]}}, {"type": "Feature", "properties": {"zone_id": "0204Q3M44GWDPWIHE6XQAY", "tract_id": "36047067600", "city": "BROOKLYN, NY", "zone_code": "R4", "zone_category": "Residential", "ev_permitted": false}, "geometry": {"type": "Polygon", "coordinates": [[[-73.9270930909715, 40.6261084268754], [-73.9267420628472, 40.6261317374433], [-73.9267493340753, 40.6261952666413], [-73.9271003625319, 40.6261719553486], [-73.9270930909715, 40.6261084268754]]]}}, {"type": "Feature", "properties": {"zone_id": "020338XNECJXV9Q7HZMZXU", "tract_id": "36047067600", "city": "BROOKLYN, NY", "zone_code": "R4", "zone_category": "Residential", "ev_permitted": false}, "geometry": {"type": "Polygon", "coordinates": [[[-73.9270853654169, 40.6260409259395], [-73.9267343376442, 40.6260642371867], [-73.9267420628472, 40.6261317374433], [-73.9270930909715, 40.6261084268754], [-73.9270853654169, 40.6260409259395]]]}}, {"type": "Feature", "properties": {"zone_id": "02016Z9PSI86732GBGEVAT", "tract_id": "36047067600", "city": "BROOKLYN, NY", "zone_code": "R4", "zone_category": "Residential", "ev_permitted": false}, "geometry": {"type": "Polygon", "coordinates": [[[-73.9270776581422, 40.6259735901409], [-73.9267266297995, 40.6259969006615], [-73.9267343376442, 40.6260642371867], [-73.9270853654169, 40.6260409259395], [-73.9270776581422, 40.6259735901409]]]}}, {"type": "Feature", "properties": {"zone_id": "0206F49BHUUWB1PAVWWXCJ", "tract_id": "36047067600", "city": "BROOKLYN, NY", "zone_code": "R4", "zone_category": "Residential", "ev_permitted": false}, "geometry": {"type": "Polygon", "coordinates": [[[-73.9264241833503, 40.6260067753103], [-73.9263486879884, 40.6260116934181], [-73.9263796073291, 40.6262919717566], [-73.9264551030058, 40.6262870536286], [-73.9264241833503, 40.6260067753103]]]}}, {"type": "Feature", "properties": {"zone_id": "0206ZGZ5N0UMWD9K4037W3", "tract_id": "36047067600", "city": "BROOKLYN, NY", "zone_code": "R4", "zone_category": "Residential", "ev_permitted": false}, "geometry": {"type": "Polygon", "coordinates": [[[-73.9263486879884, 40.6260116934181], [-73.9262690395208, 40.6260168821503], [-73.9262999594517, 40.6262971605106], [-73.9263796073291, 40.6262919717566], [-73.9263486879884, 40.6260116934181]]]}}, {"type": "Feature", "properties": {"zone_id": "0201TJWUKMQAAZGNPU9EHF", "tract_id": "36047067600", "city": "BROOKLYN, NY", "zone_code": "R4", "zone_category": "Residential", "ev_permitted": false}, "geometry": {"type": "Polygon", "coordinates": [[[-73.9265117875068, 40.6260010680697], [-73.9264241833503, 40.6260067753103], [-73.9264551030058, 40.6262870536286], [-73.9265427075276, 40.6262813463646], [-73.9265117875068, 40.6260010680697]]]}}, {"type": "Feature", "properties": {"zone_id": "0202EDJB77X5O65UXC0BGC", "tract_id": "36047067600", "city": "BROOKLYN, NY", "zone_code": "R4", "zone_category": "Residential", "ev_permitted": false}, "geometry": {"type": "Polygon", "coordinates": [[[-73.9260328415617, 40.6260322691981], [-73.9259558059087, 40.6260372872409], [-73.9259867236114, 40.6263175656843], [-73.9260637532001, 40.6263124843768], [-73.9260328415617, 40.6260322691981]]]}}, {"type": "Feature", "properties": {"zone_id": "0202XT0IKXOXNL52J8LKK3", "tract_id": "36047067600", "city": "BROOKLYN, NY", "zone_code": "R4", "zone_category": "Residential", "ev_permitted": false}, "geometry": {"type": "Polygon", "coordinates": [[[-73.9261923811217, 40.6260218760002], [-73.9261108806613, 40.6260271849952], [-73.9261417990098, 40.6263074640998], [-73.9262232988886, 40.6263021543799], [-73.9261923811217, 40.6260218760002]]]}}, {"type": "Feature", "properties": {"zone_id": "0207E8PWLSSA1RLB7PUD7Y", "tract_id": "36047067600", "city": "BROOKLYN, NY", "zone_code": "R4", "zone_category": "Residential", "ev_permitted": false}, "geometry": {"type": "Polygon", "coordinates": [[[-73.9262690395208, 40.6260168821503], [-73.9261923811217, 40.6260218760002], [-73.9262232988886, 40.6263021543799], [-73.9262999594517, 40.6262971605106], [-73.9262690395208, 40.6260168821503]]]}}, {"type": "Feature", "properties": {"zone_id": "0202N1YHYEM2IGKQKEYI3F", "tract_id": "36047067600", "city": "BROOKLYN, NY", "zone_code": "R4", "zone_category": "Residential", "ev_permitted": false}, "geometry": {"type": "Polygon", "coordinates": [[[-73.9259558059087, 40.6260372872409], [-73.9258749491728, 40.6260425543232], [-73.9259058674606, 40.6263228327888], [-73.9259867236114, 40.6263175656843], [-73.9259558059087, 40.6260372872409]]]}}, {"type": "Feature", "properties": {"zone_id": "0206XQYDH2N3LU3XXX4QG8", "tract_id": "36047067600", "city": "BROOKLYN, NY", "zone_code": "R4", "zone_category": "Residential", "ev_permitted": false}, "geometry": {"type": "Polygon", "coordinates": [[[-73.9258749491728, 40.6260425543232], [-73.925787788532, 40.6260482318529], [-73.9258177205175, 40.6263285750536], [-73.9259058674606, 40.6263228327888], [-73.9258749491728, 40.6260425543232]]]}}, {"type": "Feature", "properties": {"zone_id": "02060HUJGCEEESFTCXYYN6", "tract_id": "36047067600", "city": "BROOKLYN, NY", "zone_code": "R4", "zone_category": "Residential", "ev_permitted": false}, "geometry": {"type": "Polygon", "coordinates": [[[-73.9269590169807, 40.625653561247], [-73.9266897989647, 40.6256709530435], [-73.9266952332304, 40.6257216967618], [-73.9269644514489, 40.6257043056553], [-73.9269590169807, 40.625653561247]]]}}, {"type": "Feature", "properties": {"zone_id": "02003H6M5CMO8B5R4KNXMX", "tract_id": "36047067600", "city": "BROOKLYN, NY", "zone_code": "R4", "zone_category": "Residential", "ev_permitted": false}, "geometry": {"type": "Polygon", "coordinates": [[[-73.9269644514489, 40.6257043056553], [-73.9266952332304, 40.6257216967618], [-73.9267015831118, 40.6257809854883], [-73.9269708015679, 40.6257635943671], [-73.9269644514489, 40.6257043056553]]]}}, {"type": "Feature", "properties": {"zone_id": "0204GDPD4G2ZNNMU3TIA58", "tract_id": "36047067600", "city": "BROOKLYN, NY", "zone_code": "R4", "zone_category": "Residential", "ev_permitted": false}, "geometry": {"type": "Polygon", "coordinates": [[[-73.9270374321704, 40.6255342820987], [-73.9266776496992, 40.6255575236734], [-73.9266834938315, 40.6256120845389], [-73.9270432765946, 40.625588842946], [-73.9270374321704, 40.6255342820987]]]}}, {"type": "Feature", "properties": {"zone_id": "0203WJLPIX4YQ5KGUWNZQ6", "tract_id": "36047067600", "city": "BROOKLYN, NY", "zone_code": "R4", "zone_category": "Residential", "ev_permitted": false}, "geometry": {"type": "Polygon", "coordinates": [[[-73.9270248825032, 40.6254171058917], [-73.9266651006586, 40.62544034813], [-73.9266719297318, 40.6255041159622], [-73.927031711917, 40.6254808744053], [-73.9270248825032, 40.6254171058917]]]}}, {"type": "Feature", "properties": {"zone_id": "0206NS7D8UD5Y9KM28VTSC", "tract_id": "36047067600", "city": "BROOKLYN, NY", "zone_code": "R4", "zone_category": "Residential", "ev_permitted": false}, "geometry": {"type": "Polygon", "coordinates": [[[-73.927031711917, 40.6254808744053], [-73.9266719297318, 40.6255041159622], [-73.9266776496992, 40.6255575236734], [-73.9270374321704, 40.6255342820987], [-73.927031711917, 40.6254808744053]]]}}, {"type": "Feature", "properties": {"zone_id": "0206XF0HM9GZVF2KIH28E9", "tract_id": "36047067600", "city": "BROOKLYN, NY", "zone_code": "R4", "zone_category": "Residential", "ev_permitted": false}, "geometry": {"type": "Polygon", "coordinates": [[[-73.9270432765946, 40.625588842946], [-73.9266834938315, 40.6256120845389], [-73.9266897989647, 40.6256709530435], [-73.9269590169807, 40.625653561247], [-73.9269708015679, 40.6257635943671], [-73.927061365857, 40.6257577438387], [-73.9270432765946, 40.625588842946]]]}}, {"type": "Feature", "properties": {"zone_id": "0204G15M9FGGTUYXWILKEM", "tract_id": "36047067600", "city": "BROOKLYN, NY", "zone_code": "R4", "zone_category": "Residential", "ev_permitted": false}, "geometry": {"type": "Polygon", "coordinates": [[[-73.9263756554717, 40.6255212417218], [-73.9262961739452, 40.6255261101636], [-73.9263261409933, 40.6258039819905], [-73.9264056228478, 40.6257991142308], [-73.9263756554717, 40.6255212417218]]]}}, {"type": "Feature", "properties": {"zone_id": "0203BGXPNKBK4EKBOZCTNS", "tract_id": "36047067600", "city": "BROOKLYN, NY", "zone_code": "R4", "zone_category": "Residential", "ev_permitted": false}, "geometry": {"type": "Polygon", "coordinates": [[[-73.9264627209275, 40.625515908695], [-73.9263756554717, 40.6255212417218], [-73.9264056228478, 40.6257991142308], [-73.9264926877408, 40.6257937818835], [-73.9264627209275, 40.625515908695]]]}}, {"type": "Feature", "properties": {"zone_id": "0203Z4T1AN11P5OIEG0DEB", "tract_id": "36047067600", "city": "BROOKLYN, NY", "zone_code": "R4", "zone_category": "Residential", "ev_permitted": false}, "geometry": {"type": "Polygon", "coordinates": [[[-73.9260581719934, 40.6255406873374], [-73.9259784718393, 40.6255455687697], [-73.9260084375727, 40.6258234413814], [-73.9260881389787, 40.6258185599291], [-73.9260581719934, 40.6255406873374]]]}}, {"type": "Feature", "properties": {"zone_id": "02002NTZHU47NQKGN19MRP", "tract_id": "36047067600", "city": "BROOKLYN, NY", "zone_code": "R4", "zone_category": "Residential", "ev_permitted": false}, "geometry": {"type": "Polygon", "coordinates": [[[-73.9258278802404, 40.6255547918825], [-73.92574164935, 40.6255600743756], [-73.9257707886567, 40.6258379964051], [-73.925857845351, 40.6258326645332], [-73.9258278802404, 40.6255547918825]]]}}, {"type": "Feature", "properties": {"zone_id": "0204RKVFRCMMJ7WF26ERVY", "tract_id": "36047067600", "city": "BROOKLYN, NY", "zone_code": "R4", "zone_category": "Residential", "ev_permitted": false}, "geometry": {"type": "Polygon", "coordinates": [[[-73.9259784718393, 40.6255455687697], [-73.9259024663464, 40.6255502241613], [-73.9259324308449, 40.6258280953868], [-73.9260084375727, 40.6258234413814], [-73.9259784718393, 40.6255455687697]]]}}, {"type": "Feature", "properties": {"zone_id": "0206P0ZKSGWMV2990I3D0N", "tract_id": "36047067600", "city": "BROOKLYN, NY", "zone_code": "R4", "zone_category": "Residential", "ev_permitted": false}, "geometry": {"type": "Polygon", "coordinates": [[[-73.9259024663464, 40.6255502241613], [-73.9258278802404, 40.6255547918825], [-73.925857845351, 40.6258326645332], [-73.9259324308449, 40.6258280953868], [-73.9259024663464, 40.6255502241613]]]}}, {"type": "Feature", "properties": {"zone_id": "0204KJYW71UYK0PZRQDKDH", "tract_id": "36047067600", "city": "BROOKLYN, NY", "zone_code": "R4", "zone_category": "Residential", "ev_permitted": false}, "geometry": {"type": "Polygon", "coordinates": [[[-73.9264556149555, 40.6254500214309], [-73.9260917160721, 40.6254723099388], [-73.9260988216865, 40.6255381979279], [-73.9264627209275, 40.625515908695], [-73.9264556149555, 40.6254500214309]]]}}, {"type": "Feature", "properties": {"zone_id": "02013A13J9KJYQ8JLL6XRE", "tract_id": "36047067600", "city": "BROOKLYN, NY", "zone_code": "R4", "zone_category": "Residential", "ev_permitted": false}, "geometry": {"type": "Polygon", "coordinates": [[[-73.9261387464616, 40.6255357523063], [-73.9260581719934, 40.6255406873374], [-73.9260881389787, 40.6258185599291], [-73.9261687128579, 40.6258136248765], [-73.9261387464616, 40.6255357523063]]]}}, {"type": "Feature", "properties": {"zone_id": "0201YYFOBG5H9B2N5Q3KCF", "tract_id": "36047067600", "city": "BROOKLYN, NY", "zone_code": "R4", "zone_category": "Residential", "ev_permitted": false}, "geometry": {"type": "Polygon", "coordinates": [[[-73.9264486897502, 40.6253858101412], [-73.9260847912137, 40.62540809933], [-73.9260917160721, 40.6254723099388], [-73.9264556149555, 40.6254500214309], [-73.9264486897502, 40.6253858101412]]]}}, {"type": "Feature", "properties": {"zone_id": "0206HIKHHYO941L34PP4L6", "tract_id": "36047067600", "city": "BROOKLYN, NY", "zone_code": "R4", "zone_category": "Residential", "ev_permitted": false}, "geometry": {"type": "Polygon", "coordinates": [[[-73.9262961739452, 40.6255261101636], [-73.9262127505638, 40.6255312198459], [-73.9262427163448, 40.6258090916938], [-73.9263261409933, 40.6258039819905], [-73.9262961739452, 40.6255261101636]]]}}, {"type": "Feature", "properties": {"zone_id": "0200JOWB1P830WYXGC6W81", "tract_id": "36047067600", "city": "BROOKLYN, NY", "zone_code": "R4", "zone_category": "Residential", "ev_permitted": false}, "geometry": {"type": "Polygon", "coordinates": [[[-73.9262127505638, 40.6255312198459], [-73.9261387464616, 40.6255357523063], [-73.9261687128579, 40.6258136248765], [-73.9262427163448, 40.6258090916938], [-73.9262127505638, 40.6255312198459]]]}}, {"type": "Feature", "properties": {"zone_id": "0203PABRB5IY8BJG3SBNHN", "tract_id": "36047067600", "city": "BROOKLYN, NY", "zone_code": "R4", "zone_category": "Residential", "ev_permitted": false}, "geometry": {"type": "Polygon", "coordinates": [[[-73.9260861550075, 40.6254207439889], [-73.9257293319181, 40.6254425995428], [-73.9257353199814, 40.6254997119329], [-73.9260923130729, 40.625477847335], [-73.9260861550075, 40.6254207439889]]]}}, {"type": "Feature", "properties": {"zone_id": "0200BUSZQGUUWQP3D9FJLS", "tract_id": "36047067600", "city": "BROOKLYN, NY", "zone_code": "R4", "zone_category": "Residential", "ev_permitted": false}, "geometry": {"type": "Polygon", "coordinates": [[[-73.9260923130729, 40.625477847335], [-73.9257353199814, 40.6254997119329], [-73.92574164935, 40.6255600743756], [-73.9260988216865, 40.6255381979279], [-73.9260923130729, 40.625477847335]]]}}, {"type": "Feature", "properties": {"zone_id": "02019W30L69GKOCJZEPMVN", "tract_id": "36047067600", "city": "BROOKLYN, NY", "zone_code": "R4", "zone_category": "Residential", "ev_permitted": false}, "geometry": {"type": "Polygon", "coordinates": [[[-73.9255954986482, 40.6261975984642], [-73.9252366835924, 40.6262180233825], [-73.9252437680853, 40.6262839718354], [-73.9256025834934, 40.626263546895], [-73.9255954986482, 40.6261975984642]]]}}, {"type": "Feature", "properties": {"zone_id": "0206FJZ8PLNHGQ3T5X84ZJ", "tract_id": "36047067600", "city": "BROOKLYN, NY", "zone_code": "R4", "zone_category": "Residential", "ev_permitted": false}, "geometry": {"type": "Polygon", "coordinates": [[[-73.9256025834934, 40.626263546895], [-73.9252437680853, 40.6262839718354], [-73.9252524708423, 40.6263649829958], [-73.925611286684, 40.6263445573258], [-73.9256025834934, 40.626263546895]]]}}, {"type": "Feature", "properties": {"zone_id": "020697S8VK7RQP5RITJ3ZK", "tract_id": "36047067600", "city": "BROOKLYN, NY", "zone_code": "R4", "zone_category": "Residential", "ev_permitted": false}, "geometry": {"type": "Polygon", "coordinates": [[[-73.925611286684, 40.6263445573258], [-73.9252524708423, 40.6263649829958], [-73.9252606588507, 40.6264411981214], [-73.9256194750998, 40.6264207724261], [-73.925611286684, 40.6263445573258]]]}}, {"type": "Feature", "properties": {"zone_id": "0205WPUVU3I3NAYRV70VT3", "tract_id": "36047067600", "city": "BROOKLYN, NY", "zone_code": "R4", "zone_category": "Residential", "ev_permitted": false}, "geometry": {"type": "Polygon", "coordinates": [[[-73.9252524708423, 40.6263649829958], [-73.9248843986505, 40.6263859341199], [-73.9248993772125, 40.6265214847581], [-73.9252670360369, 40.6265005572078], [-73.9252524708423, 40.6263649829958]]]}}, {"type": "Feature", "properties": {"zone_id": "0204GPJWZIGUE7X27742ZM", "tract_id": "36047067600", "city": "BROOKLYN, NY", "zone_code": "R4", "zone_category": "Residential", "ev_permitted": false}, "geometry": {"type": "Polygon", "coordinates": [[[-73.9250742328641, 40.6260903920875], [-73.9249756060814, 40.6260960060177], [-73.9250060075583, 40.6263790114376], [-73.9251046347567, 40.6263733974814], [-73.9250742328641, 40.6260903920875]]]}}, {"type": "Feature", "properties": {"zone_id": "0202XWATE76EDCZQHOV9NU", "tract_id": "36047067600", "city": "BROOKLYN, NY", "zone_code": "R4", "zone_category": "Residential", "ev_permitted": false}, "geometry": {"type": "Polygon", "coordinates": [[[-73.9252220683275, 40.626081976938], [-73.9250742328641, 40.6260903920875], [-73.9251046347567, 40.6263733974814], [-73.9252524708423, 40.6263649829958], [-73.9252220683275, 40.626081976938]]]}}, {"type": "Feature", "properties": {"zone_id": "02020Z99LA0TIX39RJT8V5", "tract_id": "36047067600", "city": "BROOKLYN, NY", "zone_code": "R4", "zone_category": "Residential", "ev_permitted": false}, "geometry": {"type": "Polygon", "coordinates": [[[-73.9255889395592, 40.6261365493635], [-73.9252301248296, 40.6261569742615], [-73.9252366835924, 40.6262180233825], [-73.9255954986482, 40.6261975984642], [-73.9255889395592, 40.6261365493635]]]}}, {"type": "Feature", "properties": {"zone_id": "02030EEHP7Q70G4WR4XI7K", "tract_id": "36047067600", "city": "BROOKLYN, NY", "zone_code": "R4", "zone_category": "Residential", "ev_permitted": false}, "geometry": {"type": "Polygon", "coordinates": [[[-73.9255808826563, 40.626061552065], [-73.9252220683275, 40.626081976938], [-73.9252301248296, 40.6261569742615], [-73.9255889395592, 40.6261365493635], [-73.9255808826563, 40.626061552065]]]}}, {"type": "Feature", "properties": {"zone_id": "02057N8PVK5LL3RN0OB5U2", "tract_id": "36047067600", "city": "BROOKLYN, NY", "zone_code": "R4", "zone_category": "Residential", "ev_permitted": false}, "geometry": {"type": "Polygon", "coordinates": [[[-73.9249756060814, 40.6260960060177], [-73.9248531316576, 40.6261029772887], [-73.9248843986505, 40.6263859341199], [-73.9250060075583, 40.6263790114376], [-73.9249756060814, 40.6260960060177]]]}}, {"type": "Feature", "properties": {"zone_id": "0206DSXNOXPEQRT4C6X0L8", "tract_id": "36047067600", "city": "BROOKLYN, NY", "zone_code": "R4", "zone_category": "Residential", "ev_permitted": false}, "geometry": {"type": "Polygon", "coordinates": [[[-73.925533236919, 40.6255959139916], [-73.9254471174335, 40.6256012926013], [-73.9254743544369, 40.6258523048571], [-73.9255604742449, 40.6258469255244], [-73.925533236919, 40.6255959139916]]]}}, {"type": "Feature", "properties": {"zone_id": "0203STUI7HSBYQ283RF48Y", "tract_id": "36047067600", "city": "BROOKLYN, NY", "zone_code": "R4", "zone_category": "Residential", "ev_permitted": false}, "geometry": {"type": "Polygon", "coordinates": [[[-73.9254471174335, 40.6256012926013], [-73.9253658722231, 40.625606366543], [-73.925393108923, 40.6258573788178], [-73.9254743544369, 40.6258523048571], [-73.9254471174335, 40.6256012926013]]]}}, {"type": "Feature", "properties": {"zone_id": "02046X48ULLOFTDG1CE7LU", "tract_id": "36047067600", "city": "BROOKLYN, NY", "zone_code": "R4", "zone_category": "Residential", "ev_permitted": false}, "geometry": {"type": "Polygon", "coordinates": [[[-73.9253658722231, 40.625606366543], [-73.9252896202646, 40.6256111288775], [-73.9253168566797, 40.6258621411703], [-73.925393108923, 40.6258573788178], [-73.9253658722231, 40.625606366543]]]}}, {"type": "Feature", "properties": {"zone_id": "02001HO4OFYSP1E3C1P6JK", "tract_id": "36047067600", "city": "BROOKLYN, NY", "zone_code": "R4", "zone_category": "Residential", "ev_permitted": false}, "geometry": {"type": "Polygon", "coordinates": [[[-73.9249705870871, 40.6256310539176], [-73.924890845134, 40.6256360336446], [-73.9249180800587, 40.6258870467339], [-73.9249978223104, 40.6258820662854], [-73.9249705870871, 40.6256310539176]]]}}, {"type": "Feature", "properties": {"zone_id": "0203ICPZRAIT4OIFRYWRHE", "tract_id": "36047067600", "city": "BROOKLYN, NY", "zone_code": "R4", "zone_category": "Residential", "ev_permitted": false}, "geometry": {"type": "Polygon", "coordinates": [[[-73.9250514127171, 40.6256260059804], [-73.9249705870871, 40.6256310539176], [-73.9249978223104, 40.6258820662854], [-73.9250786482424, 40.6258770183292], [-73.9250514127171, 40.6256260059804]]]}}, {"type": "Feature", "properties": {"zone_id": "020081LW5GLQCWR8A2S2O5", "tract_id": "36047067600", "city": "BROOKLYN, NY", "zone_code": "R4", "zone_category": "Residential", "ev_permitted": false}, "geometry": {"type": "Polygon", "coordinates": [[[-73.9252896202646, 40.6256111288775], [-73.9252095408013, 40.6256161303889], [-73.9252367769172, 40.6258671427006], [-73.9253168566797, 40.6258621411703], [-73.9252896202646, 40.6256111288775]]]}}, {"type": "Feature", "properties": {"zone_id": "0205ZWV83FAI9XVACMDZ0Z", "tract_id": "36047067600", "city": "BROOKLYN, NY", "zone_code": "R4", "zone_category": "Residential", "ev_permitted": false}, "geometry": {"type": "Polygon", "coordinates": [[[-73.9251294115228, 40.6256211346228], [-73.9250514127171, 40.6256260059804], [-73.9250786482424, 40.6258770183292], [-73.9251566473394, 40.6258721469533], [-73.9251294115228, 40.6256211346228]]]}}, {"type": "Feature", "properties": {"zone_id": "020084HANBMHQRKV4GZCJ7", "tract_id": "36047067600", "city": "BROOKLYN, NY", "zone_code": "R4", "zone_category": "Residential", "ev_permitted": false}, "geometry": {"type": "Polygon", "coordinates": [[[-73.9252095408013, 40.6256161303889], [-73.9251294115228, 40.6256211346228], [-73.9251566473394, 40.6258721469533], [-73.9252367769172, 40.6258671427006], [-73.9252095408013, 40.6256161303889]]]}}, {"type": "Feature", "properties": {"zone_id": "020484LZPSCOL1MLQXC7GH", "tract_id": "36047067600", "city": "BROOKLYN, NY", "zone_code": "R4", "zone_category": "Residential", "ev_permitted": false}, "geometry": {"type": "Polygon", "coordinates": [[[-73.9255137013478, 40.6254158823803], [-73.9251551806078, 40.6254382739977], [-73.9251616778369, 40.6254981489317], [-73.9255201988964, 40.6254757572942], [-73.9255137013478, 40.6254158823803]]]}}, {"type": "Feature", "properties": {"zone_id": "020536SMQT44W9B7YJAJIP", "tract_id": "36047067600", "city": "BROOKLYN, NY", "zone_code": "R4", "zone_category": "Residential", "ev_permitted": false}, "geometry": {"type": "Polygon", "coordinates": [[[-73.9255265193584, 40.6255340075276], [-73.9251679979874, 40.6255563998874], [-73.9251747152185, 40.6256183056694], [-73.925533236919, 40.6255959139916], [-73.9255265193584, 40.6255340075276]]]}}, {"type": "Feature", "properties": {"zone_id": "0205165M5CL8CTEYGPAVWA", "tract_id": "36047067600", "city": "BROOKLYN, NY", "zone_code": "R4", "zone_category": "Residential", "ev_permitted": false}, "geometry": {"type": "Polygon", "coordinates": [[[-73.9255201988964, 40.6254757572942], [-73.9251616778369, 40.6254981489317], [-73.9251679979874, 40.6255563998874], [-73.9255265193584, 40.6255340075276], [-73.9255201988964, 40.6254757572942]]]}}, {"type": "Feature", "properties": {"zone_id": "02031CISCBLDUA86ZCO3K1", "tract_id": "36047067600", "city": "BROOKLYN, NY", "zone_code": "R4", "zone_category": "Residential", "ev_permitted": false}, "geometry": {"type": "Polygon", "coordinates": [[[-73.9251492055119, 40.6253832035341], [-73.9247758637036, 40.6254065195675], [-73.9247816900049, 40.6254615997905], [-73.9251551806078, 40.6254382739977], [-73.9251492055119, 40.6253832035341]]]}}, {"type": "Feature", "properties": {"zone_id": "0202RI579IAOJM3BCDZ4H4", "tract_id": "36047067600", "city": "BROOKLYN, NY", "zone_code": "R4", "zone_category": "Residential", "ev_permitted": false}, "geometry": {"type": "Polygon", "coordinates": [[[-73.9251551806078, 40.6254382739977], [-73.9247816900049, 40.6254615997905], [-73.9247879424535, 40.625520708679], [-73.9251615938617, 40.6254973738358], [-73.9251551806078, 40.6254382739977]]]}}, {"type": "Feature", "properties": {"zone_id": "0204FOLRGWIWCBDX8L6R7O", "tract_id": "36047067600", "city": "BROOKLYN, NY", "zone_code": "R4", "zone_category": "Residential", "ev_permitted": false}, "geometry": {"type": "Polygon", "coordinates": [[[-73.9251615938617, 40.6254973738358], [-73.9247879424535, 40.625520708679], [-73.9247941036577, 40.6255789595513], [-73.9251679131015, 40.6255556142509], [-73.9251615938617, 40.6254973738358]]]}}, {"type": "Feature", "properties": {"zone_id": "0201R9205PL39C4Q2HZJES", "tract_id": "36047067600", "city": "BROOKLYN, NY", "zone_code": "R4", "zone_category": "Residential", "ev_permitted": false}, "geometry": {"type": "Polygon", "coordinates": [[[-73.9251679131015, 40.6255556142509], [-73.9247941036577, 40.6255789595513], [-73.9248007357259, 40.6256416607181], [-73.9251747152185, 40.6256183056694], [-73.9251679131015, 40.6255556142509]]]}}, {"type": "Feature", "properties": {"zone_id": "0204Z48NHZVBI71IXV8MIY", "tract_id": "36047067600", "city": "BROOKLYN, NY", "zone_code": "R4", "zone_category": "Residential", "ev_permitted": false}, "geometry": {"type": "Polygon", "coordinates": [[[-73.924890845134, 40.6256360336446], [-73.9248007357259, 40.6256416607181], [-73.9248272915064, 40.6258927169501], [-73.9249180800587, 40.6258870467339], [-73.924890845134, 40.6256360336446]]]}}, {"type": "Feature", "properties": {"zone_id": "0204W833QKLEMEI0Y8WTSC", "tract_id": "36047067600", "city": "BROOKLYN, NY", "zone_code": "R4", "zone_category": "Residential", "ev_permitted": false}, "geometry": {"type": "Polygon", "coordinates": [[[-73.9270113222908, 40.6252905048764], [-73.9266515411247, 40.6253137463699], [-73.9266582195578, 40.6253761017479], [-73.9270180010585, 40.6253528595309], [-73.9270113222908, 40.6252905048764]]]}}, {"type": "Feature", "properties": {"zone_id": "0201PXJ3XPMCDURV19AIYB", "tract_id": "36047067600", "city": "BROOKLYN, NY", "zone_code": "R4", "zone_category": "Residential", "ev_permitted": false}, "geometry": {"type": "Polygon", "coordinates": [[[-73.9270045695961, 40.6252274552368], [-73.9266447887667, 40.6252506974121], [-73.9266515411247, 40.6253137463699], [-73.9270113222908, 40.6252905048764], [-73.9270045695961, 40.6252274552368]]]}}, {"type": "Feature", "properties": {"zone_id": "0206AJSCJLRBAJAYKTTMQF", "tract_id": "36047067600", "city": "BROOKLYN, NY", "zone_code": "R4", "zone_category": "Residential", "ev_permitted": false}, "geometry": {"type": "Polygon", "coordinates": [[[-73.9270180010585, 40.6253528595309], [-73.9266582195578, 40.6253761017479], [-73.9266651006586, 40.62544034813], [-73.9270248825032, 40.6254171058917], [-73.9270180010585, 40.6253528595309]]]}}, {"type": "Feature", "properties": {"zone_id": "0207APYWI1N4NPTUBPYGW0", "tract_id": "36047067600", "city": "BROOKLYN, NY", "zone_code": "R4", "zone_category": "Residential", "ev_permitted": false}, "geometry": {"type": "Polygon", "coordinates": [[[-73.9269980067883, 40.6251661855714], [-73.9266382272091, 40.6251894277269], [-73.9266447887667, 40.6252506974121], [-73.9270045695961, 40.6252274552368], [-73.9269980067883, 40.6251661855714]]]}}, {"type": "Feature", "properties": {"zone_id": "0203HKML42CYF1N53CB0UJ", "tract_id": "36047067600", "city": "BROOKLYN, NY", "zone_code": "R4", "zone_category": "Residential", "ev_permitted": false}, "geometry": {"type": "Polygon", "coordinates": [[[-73.926979964399, 40.6249977238544], [-73.9266201848002, 40.6250209652505], [-73.9266279722809, 40.6250936779429], [-73.9269877513475, 40.6250704358192], [-73.926979964399, 40.6249977238544]]]}}, {"type": "Feature", "properties": {"zone_id": "02041IO91EXSRB90QSTI3O", "tract_id": "36047067600", "city": "BROOKLYN, NY", "zone_code": "R4", "zone_category": "Residential", "ev_permitted": false}, "geometry": {"type": "Polygon", "coordinates": [[[-73.9269877513475, 40.6250704358192], [-73.9266279722809, 40.6250936779429], [-73.9266382272091, 40.6251894277269], [-73.9269980067883, 40.6251661855714], [-73.9269877513475, 40.6250704358192]]]}}, {"type": "Feature", "properties": {"zone_id": "0204CZK15KOPTMPM32AG4L", "tract_id": "36047067600", "city": "BROOKLYN, NY", "zone_code": "R4", "zone_category": "Residential", "ev_permitted": false}, "geometry": {"type": "Polygon", "coordinates": [[[-73.9269663833661, 40.6248709218522], [-73.9266066044461, 40.6248941632061], [-73.9266135840244, 40.6249593392855], [-73.9269733632933, 40.6249360979098], [-73.9269663833661, 40.6248709218522]]]}}, {"type": "Feature", "properties": {"zone_id": "0207L5K8EEQR6F2QX0JL8X", "tract_id": "36047067600", "city": "BROOKLYN, NY", "zone_code": "R4", "zone_category": "Residential", "ev_permitted": false}, "geometry": {"type": "Polygon", "coordinates": [[[-73.9269733632933, 40.6249360979098], [-73.9266135840244, 40.6249593392855], [-73.9266201848002, 40.6250209652505], [-73.926979964399, 40.6249977238544], [-73.9269733632933, 40.6249360979098]]]}}, {"type": "Feature", "properties": {"zone_id": "0205K6ZWGU81EZ02V3EWGI", "tract_id": "36047067600", "city": "BROOKLYN, NY", "zone_code": "R4", "zone_category": "Residential", "ev_permitted": false}, "geometry": {"type": "Polygon", "coordinates": [[[-73.9264403221936, 40.6253082233725], [-73.9260764240766, 40.6253305132376], [-73.9260847912137, 40.62540809933], [-73.9264486897502, 40.6253858101412], [-73.9264403221936, 40.6253082233725]]]}}, {"type": "Feature", "properties": {"zone_id": "02015PEHD59CJY8XPO9CMG", "tract_id": "36047067600", "city": "BROOKLYN, NY", "zone_code": "R4", "zone_category": "Residential", "ev_permitted": false}, "geometry": {"type": "Polygon", "coordinates": [[[-73.9264318551534, 40.6252297125322], [-73.9260679574632, 40.6252520009655], [-73.9260764240766, 40.6253305132376], [-73.9264403221936, 40.6253082233725], [-73.9264318551534, 40.6252297125322]]]}}, {"type": "Feature", "properties": {"zone_id": "0207EGZZXX4K9LSFAP41RN", "tract_id": "36047067600", "city": "BROOKLYN, NY", "zone_code": "R4", "zone_category": "Residential", "ev_permitted": false}, "geometry": {"type": "Polygon", "coordinates": [[[-73.9264248688357, 40.6251649292299], [-73.9260609714956, 40.6251872183439], [-73.9260679574632, 40.6252520009655], [-73.9264318551534, 40.6252297125322], [-73.9264248688357, 40.6251649292299]]]}}, {"type": "Feature", "properties": {"zone_id": "0202KBU9UAM0XD6NFQASTS", "tract_id": "36047067600", "city": "BROOKLYN, NY", "zone_code": "R4", "zone_category": "Residential", "ev_permitted": false}, "geometry": {"type": "Polygon", "coordinates": [[[-73.9260793807843, 40.6253579254588], [-73.9257227443308, 40.6253797684642], [-73.9257293319181, 40.6254425995428], [-73.9260861550075, 40.6254207439889], [-73.9260793807843, 40.6253579254588]]]}}, {"type": "Feature", "properties": {"zone_id": "02020TQO3AS3KK5CID5MO3", "tract_id": "36047067600", "city": "BROOKLYN, NY", "zone_code": "R4", "zone_category": "Residential", "ev_permitted": false}, "geometry": {"type": "Polygon", "coordinates": [[[-73.9260732172583, 40.6253007764345], [-73.9257167517303, 40.6253226089911], [-73.9257227443308, 40.6253797684642], [-73.9260793807843, 40.6253579254588], [-73.9260732172583, 40.6253007764345]]]}}, {"type": "Feature", "properties": {"zone_id": "0200BGSCVDJ50AIAYFA847", "tract_id": "36047067600", "city": "BROOKLYN, NY", "zone_code": "R4", "zone_category": "Residential", "ev_permitted": false}, "geometry": {"type": "Polygon", "coordinates": [[[-73.9260667753326, 40.6252410400121], [-73.925710488122, 40.6252628614212], [-73.9257167517303, 40.6253226089911], [-73.9260732172583, 40.6253007764345], [-73.9260667753326, 40.6252410400121]]]}}, {"type": "Feature", "properties": {"zone_id": "02063JI7VC1E0RN7I475ZR", "tract_id": "36047067600", "city": "BROOKLYN, NY", "zone_code": "R4", "zone_category": "Residential", "ev_permitted": false}, "geometry": {"type": "Polygon", "coordinates": [[[-73.9260539526821, 40.625122128635], [-73.9256980174906, 40.6251439284491], [-73.9257042975091, 40.6252038264017], [-73.9260604091738, 40.6251820154389], [-73.9260539526821, 40.625122128635]]]}}, {"type": "Feature", "properties": {"zone_id": "0203NL0LOHPBPRRCTZWMZ1", "tract_id": "36047067600", "city": "BROOKLYN, NY", "zone_code": "R4", "zone_category": "Residential", "ev_permitted": false}, "geometry": {"type": "Polygon", "coordinates": [[[-73.9260604091738, 40.6251820154389], [-73.9257042975091, 40.6252038264017], [-73.925710488122, 40.6252628614212], [-73.9260667753326, 40.6252410400121], [-73.9260604091738, 40.6251820154389]]]}}, {"type": "Feature", "properties": {"zone_id": "0200D9T0KVA7OIUTHLWR35", "tract_id": "36047067600", "city": "BROOKLYN, NY", "zone_code": "R4", "zone_category": "Residential", "ev_permitted": false}, "geometry": {"type": "Polygon", "coordinates": [[[-73.9263962956354, 40.6248999768279], [-73.9260323997304, 40.6249222658521], [-73.9260397745095, 40.6249906548123], [-73.9264036707841, 40.6249683664676], [-73.9263962956354, 40.6248999768279]]]}}, {"type": "Feature", "properties": {"zone_id": "02028BOTXJI16I21H6UBK0", "tract_id": "36047067600", "city": "BROOKLYN, NY", "zone_code": "R4", "zone_category": "Residential", "ev_permitted": false}, "geometry": {"type": "Polygon", "coordinates": [[[-73.9264036707841, 40.6249683664676], [-73.9260397745095, 40.6249906548123], [-73.9260475929407, 40.6250631588725], [-73.9264114896082, 40.6250408705033], [-73.9264036707841, 40.6249683664676]]]}}, {"type": "Feature", "properties": {"zone_id": "02040BI7J1UDMGM0N7K1IE", "tract_id": "36047067600", "city": "BROOKLYN, NY", "zone_code": "R4", "zone_category": "Residential", "ev_permitted": false}, "geometry": {"type": "Polygon", "coordinates": [[[-73.9264178496704, 40.6250998388405], [-73.9260539526821, 40.625122128635], [-73.9260609714956, 40.6251872183439], [-73.9264248688357, 40.6251649292299], [-73.9264178496704, 40.6250998388405]]]}}, {"type": "Feature", "properties": {"zone_id": "0202CXTO4IEULHM2DQVCLM", "tract_id": "36047067600", "city": "BROOKLYN, NY", "zone_code": "R4", "zone_category": "Residential", "ev_permitted": false}, "geometry": {"type": "Polygon", "coordinates": [[[-73.9264114896082, 40.6250408705033], [-73.9260475929407, 40.6250631588725], [-73.9260539526821, 40.625122128635], [-73.9264178496704, 40.6250998388405], [-73.9264114896082, 40.6250408705033]]]}}, {"type": "Feature", "properties": {"zone_id": "0206CSM67MB5NYEFVUM5BQ", "tract_id": "36047067600", "city": "BROOKLYN, NY", "zone_code": "R4", "zone_category": "Residential", "ev_permitted": false}, "geometry": {"type": "Polygon", "coordinates": [[[-73.926047738082, 40.6250645045724], [-73.9256919747395, 40.6250862939382], [-73.9256980174906, 40.6251439284491], [-73.9260539526821, 40.625122128635], [-73.926047738082, 40.6250645045724]]]}}, {"type": "Feature", "properties": {"zone_id": "0203I5UQISYVH51QVRET1A", "tract_id": "36047067600", "city": "BROOKLYN, NY", "zone_code": "R4", "zone_category": "Residential", "ev_permitted": false}, "geometry": {"type": "Polygon", "coordinates": [[[-73.9260342053054, 40.6249390164774], [-73.9256788152274, 40.6249607828545], [-73.9256851545272, 40.6250212450889], [-73.9260407256913, 40.6249994675659], [-73.9260342053054, 40.6249390164774]]]}}, {"type": "Feature", "properties": {"zone_id": "0200ZWNKV4TILJDS6ENKON", "tract_id": "36047067600", "city": "BROOKLYN, NY", "zone_code": "R4", "zone_category": "Residential", "ev_permitted": false}, "geometry": {"type": "Polygon", "coordinates": [[[-73.9260407256913, 40.6249994675659], [-73.9256851545272, 40.6250212450889], [-73.9256919747395, 40.6250862939382], [-73.926047738082, 40.6250645045724], [-73.9260407256913, 40.6249994675659]]]}}, {"type": "Feature", "properties": {"zone_id": "0202E9EJ5CSAWAUX2PM5MR", "tract_id": "36047067600", "city": "BROOKLYN, NY", "zone_code": "R4", "zone_category": "Residential", "ev_permitted": false}, "geometry": {"type": "Polygon", "coordinates": [[[-73.926027689515, 40.6248785899843], [-73.9256724786777, 40.6249003459172], [-73.9256788152274, 40.6249607828545], [-73.9260342053054, 40.6249390164774], [-73.926027689515, 40.6248785899843]]]}}, {"type": "Feature", "properties": {"zone_id": "0205S6A6FJ5ZJWEAF87Z2M", "tract_id": "36047067600", "city": "BROOKLYN, NY", "zone_code": "R4", "zone_category": "Residential", "ev_permitted": false}, "geometry": {"type": "Polygon", "coordinates": [[[-73.9269434024362, 40.6246563620571], [-73.9265836246648, 40.6246796033397], [-73.9265903495245, 40.6247423944088], [-73.9269501276329, 40.6247191524026], [-73.9269434024362, 40.6246563620571]]]}}, {"type": "Feature", "properties": {"zone_id": "0203F5J9ML44FWVUQBI8K8", "tract_id": "36047067600", "city": "BROOKLYN, NY", "zone_code": "R4", "zone_category": "Residential", "ev_permitted": false}, "geometry": {"type": "Polygon", "coordinates": [[[-73.9269581783462, 40.6247943217644], [-73.9265984007577, 40.6248175637961], [-73.9266066044461, 40.6248941632061], [-73.9269663833661, 40.6248709218522], [-73.9269581783462, 40.6247943217644]]]}}, {"type": "Feature", "properties": {"zone_id": "0201AWQMOBA58IF4YAL1GV", "tract_id": "36047067600", "city": "BROOKLYN, NY", "zone_code": "R4", "zone_category": "Residential", "ev_permitted": false}, "geometry": {"type": "Polygon", "coordinates": [[[-73.9269501276329, 40.6247191524026], [-73.9265903495245, 40.6247423944088], [-73.9265984007577, 40.6248175637961], [-73.9269581783462, 40.6247943217644], [-73.9269501276329, 40.6247191524026]]]}}, {"type": "Feature", "properties": {"zone_id": "0202LV5HPSABUISIR2OVC0", "tract_id": "36047067600", "city": "BROOKLYN, NY", "zone_code": "R4", "zone_category": "Residential", "ev_permitted": false}, "geometry": {"type": "Polygon", "coordinates": [[[-73.9269240310992, 40.6244123881112], [-73.9265574473984, 40.6244351816027], [-73.9265691672195, 40.6245446097413], [-73.926928944269, 40.6245213678009], [-73.926920438996, 40.6244419666876], [-73.9269271522143, 40.6244415331934], [-73.9269240310992, 40.6244123881112]]]}}, {"type": "Feature", "properties": {"zone_id": "02050FIHDI1VZW4ZUHHJIB", "tract_id": "36047067600", "city": "BROOKLYN, NY", "zone_code": "R4", "zone_category": "Residential", "ev_permitted": false}, "geometry": {"type": "Polygon", "coordinates": [[[-73.9269365622308, 40.6245924965577], [-73.926576783879, 40.6246157378184], [-73.9265836246648, 40.6246796033397], [-73.9269434024362, 40.6246563620571], [-73.9269365622308, 40.6245924965577]]]}}, {"type": "Feature", "properties": {"zone_id": "0207EK4QUAP96YYQPSXQQP", "tract_id": "36047067600", "city": "BROOKLYN, NY", "zone_code": "R4", "zone_category": "Residential", "ev_permitted": false}, "geometry": {"type": "Polygon", "coordinates": [[[-73.926928944269, 40.6245213678009], [-73.9265691672195, 40.6245446097413], [-73.926576783879, 40.6246157378184], [-73.9269365622308, 40.6245924965577], [-73.926928944269, 40.6245213678009]]]}}, {"type": "Feature", "properties": {"zone_id": "0202KRH4QJQCIJY8XGFI5Y", "tract_id": "36047067600", "city": "BROOKLYN, NY", "zone_code": "R4", "zone_category": "Residential", "ev_permitted": false}, "geometry": {"type": "Polygon", "coordinates": [[[-73.9263898050679, 40.6248397998181], [-73.9260259094895, 40.6248620881192], [-73.9260323997304, 40.6249222658521], [-73.9263962956354, 40.6248999768279], [-73.9263898050679, 40.6248397998181]]]}}, {"type": "Feature", "properties": {"zone_id": "0206QOAKS4LNS8VFVNQ2LM", "tract_id": "36047067600", "city": "BROOKLYN, NY", "zone_code": "R4", "zone_category": "Residential", "ev_permitted": false}, "geometry": {"type": "Polygon", "coordinates": [[[-73.9263701837543, 40.624657853518], [-73.9260062891607, 40.62468014246], [-73.9260129500536, 40.6247419132502], [-73.9263768449811, 40.6247196249898], [-73.9263701837543, 40.624657853518]]]}}, {"type": "Feature", "properties": {"zone_id": "0202M3HGWZWI8BYMWN5MAT", "tract_id": "36047067600", "city": "BROOKLYN, NY", "zone_code": "R4", "zone_category": "Residential", "ev_permitted": false}, "geometry": {"type": "Polygon", "coordinates": [[[-73.9263833099606, 40.6247795686994], [-73.9260194147085, 40.62480185698], [-73.9260259094895, 40.6248620881192], [-73.9263898050679, 40.6248397998181], [-73.9263833099606, 40.6247795686994]]]}}, {"type": "Feature", "properties": {"zone_id": "0204F4FZZEOG33RFNS6IV2", "tract_id": "36047067600", "city": "BROOKLYN, NY", "zone_code": "R4", "zone_category": "Residential", "ev_permitted": false}, "geometry": {"type": "Polygon", "coordinates": [[[-73.9259959395515, 40.6245841726182], [-73.9256416055068, 40.6246058749144], [-73.9256474072602, 40.6246612178792], [-73.9260019066832, 40.6246395058341], [-73.9259959395515, 40.6245841726182]]]}}, {"type": "Feature", "properties": {"zone_id": "02050ITBBV7NRED3QITSQ0", "tract_id": "36047067600", "city": "BROOKLYN, NY", "zone_code": "R4", "zone_category": "Residential", "ev_permitted": false}, "geometry": {"type": "Polygon", "coordinates": [[[-73.9259719232553, 40.6243614610209], [-73.9256182507305, 40.6243831222135], [-73.9256238453149, 40.6244364814188], [-73.925977676751, 40.624414810474], [-73.9259719232553, 40.6243614610209]]]}}, {"type": "Feature", "properties": {"zone_id": "0206BDW2G8LFF3BEM2A3H6", "tract_id": "36047067600", "city": "BROOKLYN, NY", "zone_code": "R4", "zone_category": "Residential", "ev_permitted": false}, "geometry": {"type": "Polygon", "coordinates": [[[-73.9259895068926, 40.6245245205128], [-73.9256353557041, 40.6245462727967], [-73.9256416055068, 40.6246058749144], [-73.9259959395515, 40.6245841726182], [-73.9259895068926, 40.6245245205128]]]}}, {"type": "Feature", "properties": {"zone_id": "0204CPV31EUP244EVCKQ7D", "tract_id": "36047067600", "city": "BROOKLYN, NY", "zone_code": "R4", "zone_category": "Residential", "ev_permitted": false}, "geometry": {"type": "Polygon", "coordinates": [[[-73.9251424864948, 40.6253212879105], [-73.9247693138083, 40.6253445934926], [-73.9247758637036, 40.6254065195675], [-73.9251492055119, 40.6253832035341], [-73.9251424864948, 40.6253212879105]]]}}, {"type": "Feature", "properties": {"zone_id": "020156SPHLZ2X3BR4ISFDC", "tract_id": "36047067600", "city": "BROOKLYN, NY", "zone_code": "R4", "zone_category": "Residential", "ev_permitted": false}, "geometry": {"type": "Polygon", "coordinates": [[[-73.9251352061485, 40.6252541813224], [-73.9247622146028, 40.6252774750541], [-73.9247693138083, 40.6253445934926], [-73.9251424864948, 40.6253212879105], [-73.9251352061485, 40.6252541813224]]]}}, {"type": "Feature", "properties": {"zone_id": "0206OP04OM58R9T489IKRM", "tract_id": "36047067600", "city": "BROOKLYN, NY", "zone_code": "R4", "zone_category": "Residential", "ev_permitted": false}, "geometry": {"type": "Polygon", "coordinates": [[[-73.9251012133932, 40.6249408949571], [-73.9247290702378, 40.6249641364335], [-73.9247353800905, 40.6250237793923], [-73.9251076840525, 40.6250005281627], [-73.9251012133932, 40.6249408949571]]]}}, {"type": "Feature", "properties": {"zone_id": "0204VHKG4A8I59Y9RDNZH0", "tract_id": "36047067600", "city": "BROOKLYN, NY", "zone_code": "R4", "zone_category": "Residential", "ev_permitted": false}, "geometry": {"type": "Polygon", "coordinates": [[[-73.9251139876816, 40.6250586252297], [-73.92474152661, 40.6250818862143], [-73.9247475928432, 40.6251392319951], [-73.9251202082537, 40.625115961254], [-73.9251139876816, 40.6250586252297]]]}}, {"type": "Feature", "properties": {"zone_id": "0206SNYHDW7U683622U2ZP", "tract_id": "36047067600", "city": "BROOKLYN, NY", "zone_code": "R4", "zone_category": "Residential", "ev_permitted": false}, "geometry": {"type": "Polygon", "coordinates": [[[-73.9263637836154, 40.6245985078177], [-73.9259998893432, 40.6246207967396], [-73.9260062891607, 40.62468014246], [-73.9263701837543, 40.624657853518], [-73.9263637836154, 40.6245985078177]]]}}, {"type": "Feature", "properties": {"zone_id": "0206SI22USJJDG9TCKY2UI", "tract_id": "36047067600", "city": "BROOKLYN, NY", "zone_code": "R4", "zone_category": "Residential", "ev_permitted": false}, "geometry": {"type": "Polygon", "coordinates": [[[-73.9263768449811, 40.6247196249898], [-73.9260129500536, 40.6247419132502], [-73.9260194147085, 40.62480185698], [-73.9263833099606, 40.6247795686994], [-73.9263768449811, 40.6247196249898]]]}}, {"type": "Feature", "properties": {"zone_id": "0203FHX31GPPX1X3YAAN5U", "tract_id": "36047067600", "city": "BROOKLYN, NY", "zone_code": "R4", "zone_category": "Residential", "ev_permitted": false}, "geometry": {"type": "Polygon", "coordinates": [[[-73.9260149482409, 40.6247604361253], [-73.9256600884935, 40.6247821697603], [-73.9256663939942, 40.6248423115591], [-73.9260214320587, 40.6248205667765], [-73.9260149482409, 40.6247604361253]]]}}, {"type": "Feature", "properties": {"zone_id": "0205CM9968CQU4R2855VX0", "tract_id": "36047067600", "city": "BROOKLYN, NY", "zone_code": "R4", "zone_category": "Residential", "ev_permitted": false}, "geometry": {"type": "Polygon", "coordinates": [[[-73.9260084352139, 40.6247000440624], [-73.9256537556281, 40.6247217672538], [-73.9256600884935, 40.6247821697603], [-73.9260149482409, 40.6247604361253], [-73.9260084352139, 40.6247000440624]]]}}, {"type": "Feature", "properties": {"zone_id": "02036V0KHAZH5H9OF0W80E", "tract_id": "36047067600", "city": "BROOKLYN, NY", "zone_code": "R4", "zone_category": "Residential", "ev_permitted": false}, "geometry": {"type": "Polygon", "coordinates": [[[-73.9260019066832, 40.6246395058341], [-73.9256474072602, 40.6246612178792], [-73.9256537556281, 40.6247217672538], [-73.9260084352139, 40.6247000440624], [-73.9260019066832, 40.6246395058341]]]}}, {"type": "Feature", "properties": {"zone_id": "02071YY4UAYGKMAVIXKNRT", "tract_id": "36047067600", "city": "BROOKLYN, NY", "zone_code": "R4", "zone_category": "Residential", "ev_permitted": false}, "geometry": {"type": "Polygon", "coordinates": [[[-73.9260214320587, 40.6248205667765], [-73.9256663939942, 40.6248423115591], [-73.9256724786777, 40.6249003459172], [-73.926027689515, 40.6248785899843], [-73.9260214320587, 40.6248205667765]]]}}, {"type": "Feature", "properties": {"zone_id": "02060S00WDZ38XMR5M0D91", "tract_id": "36047067600", "city": "BROOKLYN, NY", "zone_code": "R4", "zone_category": "Residential", "ev_permitted": false}, "geometry": {"type": "Polygon", "coordinates": [[[-73.9263377888182, 40.6243574666741], [-73.9259738958515, 40.6243797555143], [-73.925980353131, 40.624439633896], [-73.9263442464221, 40.6244173450355], [-73.9263377888182, 40.6243574666741]]]}}, {"type": "Feature", "properties": {"zone_id": "0204E13IYPXQ9H8P9JFHTB", "tract_id": "36047067600", "city": "BROOKLYN, NY", "zone_code": "R4", "zone_category": "Residential", "ev_permitted": false}, "geometry": {"type": "Polygon", "coordinates": [[[-73.9263442464221, 40.6244173450355], [-73.925980353131, 40.624439633896], [-73.9259869090092, 40.6245004244017], [-73.9263508026294, 40.6244781355206], [-73.9263442464221, 40.6244173450355]]]}}, {"type": "Feature", "properties": {"zone_id": "0202A9FP40R7M9EMSSM25U", "tract_id": "36047067600", "city": "BROOKLYN, NY", "zone_code": "R4", "zone_category": "Residential", "ev_permitted": false}, "geometry": {"type": "Polygon", "coordinates": [[[-73.926357302241, 40.6245384102113], [-73.9259934082935, 40.6245606998156], [-73.9259998893432, 40.6246207967396], [-73.9263637836154, 40.6245985078177], [-73.926357302241, 40.6245384102113]]]}}, {"type": "Feature", "properties": {"zone_id": "02052OQUJMT250VAKX98HN", "tract_id": "36047067600", "city": "BROOKLYN, NY", "zone_code": "R4", "zone_category": "Residential", "ev_permitted": false}, "geometry": {"type": "Polygon", "coordinates": [[[-73.9263508026294, 40.6244781355206], [-73.9259869090092, 40.6245004244017], [-73.9259934082935, 40.6245606998156], [-73.926357302241, 40.6245384102113], [-73.9263508026294, 40.6244781355206]]]}}, {"type": "Feature", "properties": {"zone_id": "0205A8HYI4EPOWMZVTKV9I", "tract_id": "36047067600", "city": "BROOKLYN, NY", "zone_code": "R4", "zone_category": "Residential", "ev_permitted": false}, "geometry": {"type": "Polygon", "coordinates": [[[-73.925977676751, 40.624414810474], [-73.9256238453149, 40.6244364814188], [-73.9256295968546, 40.6244913423237], [-73.9259835918212, 40.624469661629], [-73.925977676751, 40.624414810474]]]}}, {"type": "Feature", "properties": {"zone_id": "0203TZVOIMFMJHWRWTP177", "tract_id": "36047067600", "city": "BROOKLYN, NY", "zone_code": "R4", "zone_category": "Residential", "ev_permitted": false}, "geometry": {"type": "Polygon", "coordinates": [[[-73.9259835918212, 40.624469661629], [-73.9256295968546, 40.6244913423237], [-73.9256353557041, 40.6245462727967], [-73.9259895068926, 40.6245245205128], [-73.9259835918212, 40.624469661629]]]}}, {"type": "Feature", "properties": {"zone_id": "02029AKOXDYZGGXO8J4Q6D", "tract_id": "36047067600", "city": "BROOKLYN, NY", "zone_code": "R4", "zone_category": "Residential", "ev_permitted": false}, "geometry": {"type": "Polygon", "coordinates": [[[-73.9254880033983, 40.6251790530394], [-73.9251294839227, 40.6252014438745], [-73.9251358031058, 40.6252596849958], [-73.925494322893, 40.6252372934385], [-73.9254880033983, 40.6251790530394]]]}}, {"type": "Feature", "properties": {"zone_id": "0200C433G0DVWH2S3UVKLS", "tract_id": "36047067600", "city": "BROOKLYN, NY", "zone_code": "R4", "zone_category": "Residential", "ev_permitted": false}, "geometry": {"type": "Polygon", "coordinates": [[[-73.925494322893, 40.6252372934385], [-73.9251358031058, 40.6252596849958], [-73.9251424864948, 40.6253212879105], [-73.9255010075328, 40.625298896333], [-73.925494322893, 40.6252372934385]]]}}, {"type": "Feature", "properties": {"zone_id": "02059A36Z4G3UNSKFF5O1N", "tract_id": "36047067600", "city": "BROOKLYN, NY", "zone_code": "R4", "zone_category": "Residential", "ev_permitted": false}, "geometry": {"type": "Polygon", "coordinates": [[[-73.9255010075328, 40.625298896333], [-73.9251424864948, 40.6253212879105], [-73.9251492055119, 40.6253832035341], [-73.9255077259581, 40.6253608119353], [-73.9255010075328, 40.625298896333]]]}}, {"type": "Feature", "properties": {"zone_id": "0201VL0DZIDZ0DD4UOQNWL", "tract_id": "36047067600", "city": "BROOKLYN, NY", "zone_code": "R4", "zone_category": "Residential", "ev_permitted": false}, "geometry": {"type": "Polygon", "coordinates": [[[-73.9255077259581, 40.6253608119353], [-73.9251492055119, 40.6253832035341], [-73.9251551806078, 40.6254382739977], [-73.9255137013478, 40.6254158823803], [-73.9255077259581, 40.6253608119353]]]}}, {"type": "Feature", "properties": {"zone_id": "0205W6H5DOXSGJK4HWXCME", "tract_id": "36047067600", "city": "BROOKLYN, NY", "zone_code": "R4", "zone_category": "Residential", "ev_permitted": false}, "geometry": {"type": "Polygon", "coordinates": [[[-73.9254809445277, 40.6251139984025], [-73.9251224253984, 40.6251363899184], [-73.9251294839227, 40.6252014438745], [-73.9254880033983, 40.6251790530394], [-73.9254809445277, 40.6251139984025]]]}}, {"type": "Feature", "properties": {"zone_id": "0206N9SDL9RY33PGJRKHGR", "tract_id": "36047067600", "city": "BROOKLYN, NY", "zone_code": "R4", "zone_category": "Residential", "ev_permitted": false}, "geometry": {"type": "Polygon", "coordinates": [[[-73.9254667182041, 40.6249828863503], [-73.925108198852, 40.6250052778216], [-73.9251144112057, 40.6250625323319], [-73.9254729308633, 40.6250401408413], [-73.9254667182041, 40.6249828863503]]]}}, {"type": "Feature", "properties": {"zone_id": "0203MFJ4YDMD0P209Q48ER", "tract_id": "36047067600", "city": "BROOKLYN, NY", "zone_code": "R4", "zone_category": "Residential", "ev_permitted": false}, "geometry": {"type": "Polygon", "coordinates": [[[-73.9254729308633, 40.6250401408413], [-73.9251144112057, 40.6250625323319], [-73.9251224253984, 40.6251363899184], [-73.9254809445277, 40.6251139984025], [-73.9254729308633, 40.6250401408413]]]}}, {"type": "Feature", "properties": {"zone_id": "02058I244QVK7J1OV3FMKR", "tract_id": "36047067600", "city": "BROOKLYN, NY", "zone_code": "R4", "zone_category": "Residential", "ev_permitted": false}, "geometry": {"type": "Polygon", "coordinates": [[[-73.925454107615, 40.624866670469], [-73.9250955898051, 40.6248890619019], [-73.9251015255658, 40.6249437683642], [-73.9254600436675, 40.6249213769129], [-73.925454107615, 40.624866670469]]]}}, {"type": "Feature", "properties": {"zone_id": "0202HU7CDJJB9BDG7GRULT", "tract_id": "36047067600", "city": "BROOKLYN, NY", "zone_code": "R4", "zone_category": "Residential", "ev_permitted": false}, "geometry": {"type": "Polygon", "coordinates": [[[-73.9254600436675, 40.6249213769129], [-73.9251015255658, 40.6249437683642], [-73.925108198852, 40.6250052778216], [-73.9254667182041, 40.6249828863503], [-73.9254600436675, 40.6249213769129]]]}}, {"type": "Feature", "properties": {"zone_id": "0203UAHPJ4PBEN3ALL6NJA", "tract_id": "36047067600", "city": "BROOKLYN, NY", "zone_code": "R4", "zone_category": "Residential", "ev_permitted": false}, "geometry": {"type": "Polygon", "coordinates": [[[-73.9251202082537, 40.625115961254], [-73.9247475928432, 40.6251392319951], [-73.9247622146028, 40.6252774750541], [-73.9251352061485, 40.6252541813224], [-73.9251202082537, 40.625115961254]]]}}, {"type": "Feature", "properties": {"zone_id": "0202ODHFT2I0519S0TYVWQ", "tract_id": "36047067600", "city": "BROOKLYN, NY", "zone_code": "R4", "zone_category": "Residential", "ev_permitted": false}, "geometry": {"type": "Polygon", "coordinates": [[[-73.9251076840525, 40.6250005281627], [-73.9247353800905, 40.6250237793923], [-73.92474152661, 40.6250818862143], [-73.9251139876816, 40.6250586252297], [-73.9251076840525, 40.6250005281627]]]}}, {"type": "Feature", "properties": {"zone_id": "0200T02HQHU5L4NPJJV4PM", "tract_id": "36047067600", "city": "BROOKLYN, NY", "zone_code": "R4", "zone_category": "Residential", "ev_permitted": false}, "geometry": {"type": "Polygon", "coordinates": [[[-73.9250955898051, 40.6248890619019], [-73.9247235880456, 40.624912294318], [-73.9247290702378, 40.6249641364335], [-73.9251012133932, 40.6249408949571], [-73.9250955898051, 40.6248890619019]]]}}, {"type": "Feature", "properties": {"zone_id": "02018OIRV71NUDEYK67SCE", "tract_id": "36047067600", "city": "BROOKLYN, NY", "zone_code": "R4", "zone_category": "Residential", "ev_permitted": false}, "geometry": {"type": "Polygon", "coordinates": [[[-73.9254407604277, 40.6247436670503], [-73.9250822432742, 40.6247660584418], [-73.9250885915819, 40.6248245701141], [-73.9254471090477, 40.6248021787029], [-73.9254407604277, 40.6247436670503]]]}}, {"type": "Feature", "properties": {"zone_id": "0203R5JGWAVK9PFO7M7GLD", "tract_id": "36047067600", "city": "BROOKLYN, NY", "zone_code": "R4", "zone_category": "Residential", "ev_permitted": false}, "geometry": {"type": "Polygon", "coordinates": [[[-73.9254317966108, 40.6246610564517], [-73.9250732798979, 40.6246834478155], [-73.9250822432742, 40.6247660584418], [-73.9254407604277, 40.6247436670503], [-73.9254317966108, 40.6246610564517]]]}}, {"type": "Feature", "properties": {"zone_id": "0200PF6TXH9F92EZ0CS7JT", "tract_id": "36047067600", "city": "BROOKLYN, NY", "zone_code": "R4", "zone_category": "Residential", "ev_permitted": false}, "geometry": {"type": "Polygon", "coordinates": [[[-73.9254471090477, 40.6248021787029], [-73.9250885915819, 40.6248245701141], [-73.9250955898051, 40.6248890619019], [-73.925454107615, 40.624866670469], [-73.9254471090477, 40.6248021787029]]]}}, {"type": "Feature", "properties": {"zone_id": "0205LTIXHOFZDECPW1ANUB", "tract_id": "36047067600", "city": "BROOKLYN, NY", "zone_code": "R4", "zone_category": "Residential", "ev_permitted": false}, "geometry": {"type": "Polygon", "coordinates": [[[-73.9254007702903, 40.6243751170551], [-73.925042255103, 40.6243975083227], [-73.9250482081151, 40.6244523778206], [-73.9254067245173, 40.6244299865351], [-73.9254007702903, 40.6243751170551]]]}}, {"type": "Feature", "properties": {"zone_id": "02071A67K38OKWH2OVA09R", "tract_id": "36047067600", "city": "BROOKLYN, NY", "zone_code": "R4", "zone_category": "Residential", "ev_permitted": false}, "geometry": {"type": "Polygon", "coordinates": [[[-73.9254067245173, 40.6244299865351], [-73.9250482081151, 40.6244523778206], [-73.9250541291981, 40.6245069458531], [-73.9254126458915, 40.6244845545492], [-73.9254067245173, 40.6244299865351]]]}}, {"type": "Feature", "properties": {"zone_id": "020151GYBKJ3XZ4GB8BHGC", "tract_id": "36047067600", "city": "BROOKLYN, NY", "zone_code": "R4", "zone_category": "Residential", "ev_permitted": false}, "geometry": {"type": "Polygon", "coordinates": [[[-73.9254193303696, 40.6245461672907], [-73.9250608142697, 40.6245685586158], [-73.9250732798979, 40.6246834478155], [-73.9254317966108, 40.6246610564517], [-73.9254193303696, 40.6245461672907]]]}}, {"type": "Feature", "properties": {"zone_id": "020740MHVGB8I4E3WHBMRL", "tract_id": "36047067600", "city": "BROOKLYN, NY", "zone_code": "R4", "zone_category": "Residential", "ev_permitted": false}, "geometry": {"type": "Polygon", "coordinates": [[[-73.9254126458915, 40.6244845545492], [-73.9250541291981, 40.6245069458531], [-73.9250608142697, 40.6245685586158], [-73.9254193303696, 40.6245461672907], [-73.9254126458915, 40.6244845545492]]]}}, {"type": "Feature", "properties": {"zone_id": "02012RHA3E7W02DUPBDXXF", "tract_id": "36047067600", "city": "BROOKLYN, NY", "zone_code": "R4", "zone_category": "Residential", "ev_permitted": false}, "geometry": {"type": "Polygon", "coordinates": [[[-73.9250715100433, 40.624667137067], [-73.9247001108358, 40.6246903318556], [-73.9247060601978, 40.6247465757832], [-73.9250776118911, 40.62472337194], [-73.9250715100433, 40.624667137067]]]}}, {"type": "Feature", "properties": {"zone_id": "0203A1PTWOXVBAAWEMGVLY", "tract_id": "36047067600", "city": "BROOKLYN, NY", "zone_code": "R4", "zone_category": "Residential", "ev_permitted": false}, "geometry": {"type": "Polygon", "coordinates": [[[-73.9250658664179, 40.6246151213024], [-73.9246946076832, 40.6246383077327], [-73.9247001108358, 40.6246903318556], [-73.9250715100433, 40.624667137067], [-73.9250658664179, 40.6246151213024]]]}}, {"type": "Feature", "properties": {"zone_id": "0206GTC0CTDD4TX1TWOVBC", "tract_id": "36047067600", "city": "BROOKLYN, NY", "zone_code": "R4", "zone_category": "Residential", "ev_permitted": false}, "geometry": {"type": "Polygon", "coordinates": [[[-73.9250776118911, 40.62472337194], [-73.9247060601978, 40.6247465757832], [-73.924712241329, 40.6248050206137], [-73.9250839519777, 40.6247818063141], [-73.9250776118911, 40.62472337194]]]}}, {"type": "Feature", "properties": {"zone_id": "0201F9ULAB8YR16T4NZ843", "tract_id": "36047067600", "city": "BROOKLYN, NY", "zone_code": "R4", "zone_category": "Residential", "ev_permitted": false}, "geometry": {"type": "Polygon", "coordinates": [[[-73.9250839519777, 40.6247818063141], [-73.924712241329, 40.6248050206137], [-73.9247183878035, 40.6248631316543], [-73.9250902564828, 40.6248399076003], [-73.9250839519777, 40.6247818063141]]]}}, {"type": "Feature", "properties": {"zone_id": "0201TOJ40FDPKNZ6LGVRFL", "tract_id": "36047067600", "city": "BROOKLYN, NY", "zone_code": "R4", "zone_category": "Residential", "ev_permitted": false}, "geometry": {"type": "Polygon", "coordinates": [[[-73.9250902564828, 40.6248399076003], [-73.9247183878035, 40.6248631316543], [-73.9247235880456, 40.624912294318], [-73.9250955898051, 40.6248890619019], [-73.9250902564828, 40.6248399076003]]]}}, {"type": "Feature", "properties": {"zone_id": "0204R9UV9OX3OUEBWQKAZV", "tract_id": "36047067600", "city": "BROOKLYN, NY", "zone_code": "R4", "zone_category": "Residential", "ev_permitted": false}, "geometry": {"type": "Polygon", "coordinates": [[[-73.9250598312151, 40.6245595062235], [-73.9246887249631, 40.6245826828969], [-73.9246946076832, 40.6246383077327], [-73.9250658664179, 40.6246151213024], [-73.9250598312151, 40.6245595062235]]]}}, {"type": "Feature", "properties": {"zone_id": "0201U69DQAXTUE2XWCXBR2", "tract_id": "36047067600", "city": "BROOKLYN, NY", "zone_code": "R4", "zone_category": "Residential", "ev_permitted": false}, "geometry": {"type": "Polygon", "coordinates": [[[-73.9250476467713, 40.6244472009095], [-73.9246768436447, 40.62447035877], [-73.924682747344, 40.6245261712329], [-73.9250537011087, 40.6245030043168], [-73.9250476467713, 40.6244472009095]]]}}, {"type": "Feature", "properties": {"zone_id": "0206U6SM7HZWCSK0XBE0YX", "tract_id": "36047067600", "city": "BROOKLYN, NY", "zone_code": "R4", "zone_category": "Residential", "ev_permitted": false}, "geometry": {"type": "Polygon", "coordinates": [[[-73.9250421181855, 40.6243962497575], [-73.9246714536812, 40.6244193985563], [-73.9246768436447, 40.62447035877], [-73.9250476467713, 40.6244472009095], [-73.9250421181855, 40.6243962497575]]]}}, {"type": "Feature", "properties": {"zone_id": "02035H3QQ2B0F2OLVY24YY", "tract_id": "36047067600", "city": "BROOKLYN, NY", "zone_code": "R4", "zone_category": "Residential", "ev_permitted": false}, "geometry": {"type": "Polygon", "coordinates": [[[-73.9250537011087, 40.6245030043168], [-73.924682747344, 40.6245261712329], [-73.9246887249631, 40.6245826828969], [-73.9250598312151, 40.6245595062235], [-73.9250537011087, 40.6245030043168]]]}}, {"type": "Feature", "properties": {"zone_id": "0200PJNS1YNH9HHPGCHGB7", "tract_id": "36047067600", "city": "BROOKLYN, NY", "zone_code": "R4", "zone_category": "Residential", "ev_permitted": false}, "geometry": {"type": "Polygon", "coordinates": [[[-73.9250356923767, 40.6243370213095], [-73.9246651886731, 40.6243601610581], [-73.9246714536812, 40.6244193985563], [-73.9250421181855, 40.6243962497575], [-73.9250356923767, 40.6243370213095]]]}}, {"type": "Feature", "properties": {"zone_id": "02043S0QFG9Q314M5A9C0O", "tract_id": "36047067600", "city": "BROOKLYN, NY", "zone_code": "R4", "zone_category": "Residential", "ev_permitted": false}, "geometry": {"type": "Polygon", "coordinates": [[[-73.9272290056969, 40.6238896640664], [-73.9267186152219, 40.6239226364273], [-73.9267069979089, 40.6242093402054], [-73.9272598997636, 40.6241736220784], [-73.9272290056969, 40.6238896640664]]]}}, {"type": "Feature", "properties": {"zone_id": "0207N873HBTIFR97JEK3QA", "tract_id": "36047067600", "city": "BROOKLYN, NY", "zone_code": "R4", "zone_category": "Residential", "ev_permitted": false}, "geometry": {"type": "Polygon", "coordinates": [[[-73.926708525914, 40.6241716269525], [-73.9265304542713, 40.6241831311828], [-73.9265428759582, 40.624299120574], [-73.9267028394878, 40.6243119767733], [-73.9267046755615, 40.6242666622696], [-73.9269055311423, 40.6242536868203], [-73.9268994496044, 40.6241969074887], [-73.9267069979089, 40.6242093402054], [-73.926708525914, 40.6241716269525]]]}}, {"type": "Feature", "properties": {"zone_id": "0200OPC20Z8O246HYO3RIK", "tract_id": "36047067600", "city": "BROOKLYN, NY", "zone_code": "R4", "zone_category": "Residential", "ev_permitted": false}, "geometry": {"type": "Polygon", "coordinates": [[[-73.9269055311423, 40.6242536868203], [-73.9267046755615, 40.6242666622696], [-73.9267028394878, 40.6243119767733], [-73.9265428759582, 40.624299120574], [-73.9265574473984, 40.6244351816027], [-73.9269171657267, 40.6244128151844], [-73.9269055311423, 40.6242536868203]]]}}, {"type": "Feature", "properties": {"zone_id": "0203DLN8V8NPWD9PQCMGRM", "tract_id": "36047067600", "city": "BROOKLYN, NY", "zone_code": "R4", "zone_category": "Residential", "ev_permitted": false}, "geometry": {"type": "Polygon", "coordinates": [[[-73.9267125098944, 40.6240733053476], [-73.9265200234745, 40.6240857398371], [-73.9265304542713, 40.6241831311828], [-73.926708525914, 40.6241716269525], [-73.9267125098944, 40.6240733053476]]]}}, {"type": "Feature", "properties": {"zone_id": "02065SC7KPUYXNEHHV9YNS", "tract_id": "36047067600", "city": "BROOKLYN, NY", "zone_code": "R4", "zone_category": "Residential", "ev_permitted": false}, "geometry": {"type": "Polygon", "coordinates": [[[-73.9267171365374, 40.62395911583], [-73.9265079103992, 40.6239726308687], [-73.9265200234745, 40.6240857398371], [-73.9267125098944, 40.6240733053476], [-73.9267171365374, 40.62395911583]]]}}, {"type": "Feature", "properties": {"zone_id": "020424QBGM1DW43CRMRL71", "tract_id": "36047067600", "city": "BROOKLYN, NY", "zone_code": "R4", "zone_category": "Residential", "ev_permitted": false}, "geometry": {"type": "Polygon", "coordinates": [[[-73.9263080934975, 40.6240821013937], [-73.9259442029443, 40.6241043901411], [-73.9259497473419, 40.6241558190744], [-73.9263136390958, 40.6241335303101], [-73.9263080934975, 40.6240821013937]]]}}, {"type": "Feature", "properties": {"zone_id": "02028YJ6I1KPVCMLWJAGF5", "tract_id": "36047067600", "city": "BROOKLYN, NY", "zone_code": "R4", "zone_category": "Residential", "ev_permitted": false}, "geometry": {"type": "Polygon", "coordinates": [[[-73.9259601506756, 40.62425228715], [-73.9259738958515, 40.6243797555143], [-73.9263377888182, 40.6243574666741], [-73.9263296488262, 40.6242819838184], [-73.9259601506756, 40.62425228715]]]}}, {"type": "Feature", "properties": {"zone_id": "0205ZLBO02F19TBC4EW7P7", "tract_id": "36047067600", "city": "BROOKLYN, NY", "zone_code": "R4", "zone_category": "Residential", "ev_permitted": false}, "geometry": {"type": "Polygon", "coordinates": [[[-73.926319113511, 40.6241842888364], [-73.925955221483, 40.6242065769152], [-73.9259601506756, 40.62425228715], [-73.9263296488262, 40.6242819838184], [-73.926319113511, 40.6241842888364]]]}}, {"type": "Feature", "properties": {"zone_id": "0205D58SRKMCFFYZWGIQ1P", "tract_id": "36047067600", "city": "BROOKLYN, NY", "zone_code": "R4", "zone_category": "Residential", "ev_permitted": false}, "geometry": {"type": "Polygon", "coordinates": [[[-73.9263136390958, 40.6241335303101], [-73.9259497473419, 40.6241558190744], [-73.925955221483, 40.6242065769152], [-73.926319113511, 40.6241842888364], [-73.9263136390958, 40.6241335303101]]]}}, {"type": "Feature", "properties": {"zone_id": "020749O8EUBD1KMI3PQXR4", "tract_id": "36047067600", "city": "BROOKLYN, NY", "zone_code": "R4", "zone_category": "Residential", "ev_permitted": false}, "geometry": {"type": "Polygon", "coordinates": [[[-73.9259497473419, 40.6241558190744], [-73.9255966864399, 40.6241774426504], [-73.9256060295563, 40.6242665517468], [-73.9259593537734, 40.6242449114477], [-73.9259497473419, 40.6241558190744]]]}}, {"type": "Feature", "properties": {"zone_id": "02013MPVB2HUS8H0EPEN41", "tract_id": "36047067600", "city": "BROOKLYN, NY", "zone_code": "R4", "zone_category": "Residential", "ev_permitted": false}, "geometry": {"type": "Polygon", "coordinates": [[[-73.9259659342766, 40.6243059148797], [-73.9256124262082, 40.6243275656201], [-73.9256182507305, 40.6243831222135], [-73.9259719232553, 40.6243614610209], [-73.9259659342766, 40.6243059148797]]]}}, {"type": "Feature", "properties": {"zone_id": "0205GVZJS44CPW7VW2HKQQ", "tract_id": "36047067600", "city": "BROOKLYN, NY", "zone_code": "R4", "zone_category": "Residential", "ev_permitted": false}, "geometry": {"type": "Polygon", "coordinates": [[[-73.9259440085058, 40.6241025961079], [-73.9255911055902, 40.6241242106338], [-73.9255966864399, 40.6241774426504], [-73.9259497473419, 40.6241558190744], [-73.9259440085058, 40.6241025961079]]]}}, {"type": "Feature", "properties": {"zone_id": "0206AC3B14B4KBYZN8F0YU", "tract_id": "36047067600", "city": "BROOKLYN, NY", "zone_code": "R4", "zone_category": "Residential", "ev_permitted": false}, "geometry": {"type": "Polygon", "coordinates": [[[-73.9259593537734, 40.6242449114477], [-73.9256060295563, 40.6242665517468], [-73.9256124262082, 40.6243275656201], [-73.9259659342766, 40.6243059148797], [-73.9259593537734, 40.6242449114477]]]}}, {"type": "Feature", "properties": {"zone_id": "0206JK2DETD9SHBW5AC8DV", "tract_id": "36047067600", "city": "BROOKLYN, NY", "zone_code": "R4", "zone_category": "Residential", "ev_permitted": false}, "geometry": {"type": "Polygon", "coordinates": [[[-73.9260506818074, 40.6237477162173], [-73.9259788800446, 40.623752239451], [-73.9260056026437, 40.6240000499484], [-73.9260774183665, 40.6239956510791], [-73.9260506818074, 40.6237477162173]]]}}, {"type": "Feature", "properties": {"zone_id": "0207DCPAITZ1FBJHHMRW47", "tract_id": "36047067600", "city": "BROOKLYN, NY", "zone_code": "R4", "zone_category": "Residential", "ev_permitted": false}, "geometry": {"type": "Polygon", "coordinates": [[[-73.9261973250779, 40.6237384776309], [-73.926125523335, 40.6237430009562], [-73.9261522747808, 40.623991066506], [-73.9262240895621, 40.6239866675444], [-73.9261973250779, 40.6237384776309]]]}}, {"type": "Feature", "properties": {"zone_id": "0204VYCK4B9PIOV1HPOSFE", "tract_id": "36047067600", "city": "BROOKLYN, NY", "zone_code": "R4", "zone_category": "Residential", "ev_permitted": false}, "geometry": {"type": "Polygon", "coordinates": [[[-73.9262705387932, 40.6237338652251], [-73.9261973250779, 40.6237384776309], [-73.9262240895621, 40.6239866675444], [-73.9262973181626, 40.6239821823136], [-73.9262705387932, 40.6237338652251]]]}}, {"type": "Feature", "properties": {"zone_id": "0203TYVQ2ODHETARBK8IQ5", "tract_id": "36047067600", "city": "BROOKLYN, NY", "zone_code": "R4", "zone_category": "Residential", "ev_permitted": false}, "geometry": {"type": "Polygon", "coordinates": [[[-73.926125523335, 40.6237430009562], [-73.9260506818074, 40.6237477162173], [-73.9260774183665, 40.6239956510791], [-73.9261522747808, 40.623991066506], [-73.926125523335, 40.6237430009562]]]}}, {"type": "Feature", "properties": {"zone_id": "0204AYEP48A0WPSQNGHPNM", "tract_id": "36047067600", "city": "BROOKLYN, NY", "zone_code": "R4", "zone_category": "Residential", "ev_permitted": false}, "geometry": {"type": "Polygon", "coordinates": [[[-73.9263029632455, 40.6240345338962], [-73.9259390711064, 40.6240568219237], [-73.9259442029443, 40.6241043901411], [-73.9263080934975, 40.6240821013937], [-73.9263029632455, 40.6240345338962]]]}}, {"type": "Feature", "properties": {"zone_id": "02050NFPTKM2S7OUPUYU18", "tract_id": "36047067600", "city": "BROOKLYN, NY", "zone_code": "R4", "zone_category": "Residential", "ev_permitted": false}, "geometry": {"type": "Polygon", "coordinates": [[[-73.9262973181626, 40.6239821823136], [-73.9259334272292, 40.624004470324], [-73.9259390711064, 40.6240568219237], [-73.9263029632455, 40.6240345338962], [-73.9262973181626, 40.6239821823136]]]}}, {"type": "Feature", "properties": {"zone_id": "0205C7ZPVKGOS1QQM3V7ZA", "tract_id": "36047067600", "city": "BROOKLYN, NY", "zone_code": "R4", "zone_category": "Residential", "ev_permitted": false}, "geometry": {"type": "Polygon", "coordinates": [[[-73.9258349158835, 40.6237613101444], [-73.925766113289, 40.623765643352], [-73.9257927949376, 40.6240130842699], [-73.9258616114874, 40.6240088691034], [-73.9258349158835, 40.6237613101444]]]}}, {"type": "Feature", "properties": {"zone_id": "0205WJY0Q6L9SPDRDA76HM", "tract_id": "36047067600", "city": "BROOKLYN, NY", "zone_code": "R4", "zone_category": "Residential", "ev_permitted": false}, "geometry": {"type": "Polygon", "coordinates": [[[-73.925766113289, 40.623765643352], [-73.9256943114869, 40.6237701671105], [-73.9257209801003, 40.6240174822595], [-73.9257927949376, 40.6240130842699], [-73.925766113289, 40.623765643352]]]}}, {"type": "Feature", "properties": {"zone_id": "0203IPJEGS8OX13L3297DK", "tract_id": "36047067600", "city": "BROOKLYN, NY", "zone_code": "R4", "zone_category": "Residential", "ev_permitted": false}, "geometry": {"type": "Polygon", "coordinates": [[[-73.9259788800446, 40.623752239451], [-73.9259067176674, 40.6237567855953], [-73.9259334272292, 40.624004470324], [-73.9260056026437, 40.6240000499484], [-73.9259788800446, 40.623752239451]]]}}, {"type": "Feature", "properties": {"zone_id": "0204YM8Z6W2N3M2S967Y7Z", "tract_id": "36047067600", "city": "BROOKLYN, NY", "zone_code": "R4", "zone_category": "Residential", "ev_permitted": false}, "geometry": {"type": "Polygon", "coordinates": [[[-73.9256943114869, 40.6237701671105], [-73.9256269614361, 40.623774409827], [-73.9256536170208, 40.6240216083405], [-73.9257209801003, 40.6240174822595], [-73.9256943114869, 40.6237701671105]]]}}, {"type": "Feature", "properties": {"zone_id": "02059SW9QUJQ1D6PQ78RIG", "tract_id": "36047067600", "city": "BROOKLYN, NY", "zone_code": "R4", "zone_category": "Residential", "ev_permitted": false}, "geometry": {"type": "Polygon", "coordinates": [[[-73.9259067176674, 40.6237567855953], [-73.9258349158835, 40.6237613101444], [-73.9258616114874, 40.6240088691034], [-73.9259334272292, 40.624004470324], [-73.9259067176674, 40.6237567855953]]]}}, {"type": "Feature", "properties": {"zone_id": "0200ZR3NYLINGN9GNE6ZJN", "tract_id": "36047067600", "city": "BROOKLYN, NY", "zone_code": "R4", "zone_category": "Residential", "ev_permitted": false}, "geometry": {"type": "Polygon", "coordinates": [[[-73.9259334272292, 40.624004470324], [-73.9255808162646, 40.6240260667369], [-73.9255863058485, 40.6240784280915], [-73.9259390711064, 40.6240568219237], [-73.9259334272292, 40.624004470324]]]}}, {"type": "Feature", "properties": {"zone_id": "02027ESQKHVL1CG1IT6DPN", "tract_id": "36047067600", "city": "BROOKLYN, NY", "zone_code": "R4", "zone_category": "Residential", "ev_permitted": false}, "geometry": {"type": "Polygon", "coordinates": [[[-73.9259390711064, 40.6240568219237], [-73.9255863058485, 40.6240784280915], [-73.9255911055902, 40.6241242106338], [-73.9259440085058, 40.6241025961079], [-73.9259390711064, 40.6240568219237]]]}}, {"type": "Feature", "properties": {"zone_id": "0203B2BXE6L7IW2RB0CXZO", "tract_id": "36047067600", "city": "BROOKLYN, NY", "zone_code": "R4", "zone_category": "Residential", "ev_permitted": false}, "geometry": {"type": "Polygon", "coordinates": [[[-73.9267274077766, 40.6237056311583], [-73.9266315058258, 40.6237114590448], [-73.9266584352508, 40.62396290793], [-73.9267171365374, 40.62395911583], [-73.9267274077766, 40.6237056311583]]]}}, {"type": "Feature", "properties": {"zone_id": "0200QG88WT41Y5P6MJDYWY", "tract_id": "36047067600", "city": "BROOKLYN, NY", "zone_code": "R4", "zone_category": "Residential", "ev_permitted": false}, "geometry": {"type": "Polygon", "coordinates": [[[-73.9272058197935, 40.6236765565842], [-73.9267274077766, 40.6237056311583], [-73.9267186152219, 40.6239226364273], [-73.9272290056969, 40.6238896640664], [-73.9272058197935, 40.6236765565842]]]}}, {"type": "Feature", "properties": {"zone_id": "0202GFQ9Y22JDYJF46E6SA", "tract_id": "36047067600", "city": "BROOKLYN, NY", "zone_code": "R4", "zone_category": "Residential", "ev_permitted": false}, "geometry": {"type": "Polygon", "coordinates": [[[-73.9266315058258, 40.6237114590448], [-73.9265668684216, 40.6237153871403], [-73.9265938240786, 40.6239670812881], [-73.9266584352508, 40.62396290793], [-73.9266315058258, 40.6237114590448]]]}}, {"type": "Feature", "properties": {"zone_id": "0200TISTBYKMZUYEKEAQOA", "tract_id": "36047067600", "city": "BROOKLYN, NY", "zone_code": "R4", "zone_category": "Residential", "ev_permitted": false}, "geometry": {"type": "Polygon", "coordinates": [[[-73.9265668684216, 40.6237153871403], [-73.9264809194574, 40.6237206106408], [-73.9265079103992, 40.6239726308687], [-73.9265938240786, 40.6239670812881], [-73.9265668684216, 40.6237153871403]]]}}, {"type": "Feature", "properties": {"zone_id": "0202GGLG0IK8Z54223V8V7", "tract_id": "36047067600", "city": "BROOKLYN, NY", "zone_code": "R4", "zone_category": "Residential", "ev_permitted": false}, "geometry": {"type": "Polygon", "coordinates": [[[-73.9253950159796, 40.6243220872854], [-73.9250365010752, 40.6243444785353], [-73.925042255103, 40.6243975083227], [-73.9254007702903, 40.6243751170551], [-73.9253950159796, 40.6243220872854]]]}}, {"type": "Feature", "properties": {"zone_id": "0201WKYJ8V7ONTPX7FR93B", "tract_id": "36047067600", "city": "BROOKLYN, NY", "zone_code": "R4", "zone_category": "Residential", "ev_permitted": false}, "geometry": {"type": "Polygon", "coordinates": [[[-73.9253713918299, 40.6241043640403], [-73.9250128780871, 40.6241267552169], [-73.9250241797915, 40.6242309160563], [-73.9253826940892, 40.6242085255473], [-73.9253713918299, 40.6241043640403]]]}}, {"type": "Feature", "properties": {"zone_id": "0203ADFT66S67GB0AJWCAQ", "tract_id": "36047067600", "city": "BROOKLYN, NY", "zone_code": "R4", "zone_category": "Residential", "ev_permitted": false}, "geometry": {"type": "Polygon", "coordinates": [[[-73.9253826940892, 40.6242085255473], [-73.9250241797915, 40.6242309160563], [-73.9250304422006, 40.6242886350711], [-73.9253889568071, 40.62426624384], [-73.9253826940892, 40.6242085255473]]]}}, {"type": "Feature", "properties": {"zone_id": "0207H5R6BE7WZFI1VHCT89", "tract_id": "36047067600", "city": "BROOKLYN, NY", "zone_code": "R4", "zone_category": "Residential", "ev_permitted": false}, "geometry": {"type": "Polygon", "coordinates": [[[-73.9253889568071, 40.62426624384], [-73.9250304422006, 40.6242886350711], [-73.9250365010752, 40.6243444785353], [-73.9253950159796, 40.6243220872854], [-73.9253889568071, 40.62426624384]]]}}, {"type": "Feature", "properties": {"zone_id": "020315YDW3H5ES086PKJ8P", "tract_id": "36047067600", "city": "BROOKLYN, NY", "zone_code": "R4", "zone_category": "Residential", "ev_permitted": false}, "geometry": {"type": "Polygon", "coordinates": [[[-73.9253382200652, 40.6237986445551], [-73.9252654338898, 40.6238034569052], [-73.9252923034521, 40.6240510934031], [-73.9253651181884, 40.6240465452571], [-73.9253382200652, 40.6237986445551]]]}}, {"type": "Feature", "properties": {"zone_id": "0207GIT4R4M1X9M8FJDLDH", "tract_id": "36047067600", "city": "BROOKLYN, NY", "zone_code": "R4", "zone_category": "Residential", "ev_permitted": false}, "geometry": {"type": "Polygon", "coordinates": [[[-73.9256269614361, 40.623774409827], [-73.925554907838, 40.6237789487942], [-73.9255808162646, 40.6240260667369], [-73.9256536170208, 40.6240216083405], [-73.9256269614361, 40.623774409827]]]}}, {"type": "Feature", "properties": {"zone_id": "020497VHCJP1IP1Q88GO1E", "tract_id": "36047067600", "city": "BROOKLYN, NY", "zone_code": "R4", "zone_category": "Residential", "ev_permitted": false}, "geometry": {"type": "Polygon", "coordinates": [[[-73.9252654338898, 40.6238034569052], [-73.925198129655, 40.6238079073896], [-73.9252249725003, 40.6240552986552], [-73.9252923034521, 40.6240510934031], [-73.9252654338898, 40.6238034569052]]]}}, {"type": "Feature", "properties": {"zone_id": "0207HH4BVL566MK9JS9I5M", "tract_id": "36047067600", "city": "BROOKLYN, NY", "zone_code": "R4", "zone_category": "Residential", "ev_permitted": false}, "geometry": {"type": "Polygon", "coordinates": [[[-73.925198129655, 40.6238079073896], [-73.9251201787655, 40.6238130619992], [-73.9251469902883, 40.6240601686827], [-73.9252249725003, 40.6240552986552], [-73.925198129655, 40.6238079073896]]]}}, {"type": "Feature", "properties": {"zone_id": "02036GKK6FWQ6K7V0TZKED", "tract_id": "36047067600", "city": "BROOKLYN, NY", "zone_code": "R4", "zone_category": "Residential", "ev_permitted": false}, "geometry": {"type": "Polygon", "coordinates": [[[-73.9251201787655, 40.6238130619992], [-73.9250516266849, 40.6238175944997], [-73.9250784114911, 40.6240644524378], [-73.9251469902883, 40.6240601686827], [-73.9251201787655, 40.6238130619992]]]}}, {"type": "Feature", "properties": {"zone_id": "0205GH415285L7ZKCN1EHI", "tract_id": "36047067600", "city": "BROOKLYN, NY", "zone_code": "R4", "zone_category": "Residential", "ev_permitted": false}, "geometry": {"type": "Polygon", "coordinates": [[[-73.9250516266849, 40.6238175944997], [-73.9249798494274, 40.6238223405735], [-73.9250066047541, 40.6240689364144], [-73.9250784114911, 40.6240644524378], [-73.9250516266849, 40.6238175944997]]]}}, {"type": "Feature", "properties": {"zone_id": "0200NESI5ZXHCLQLTZMPDJ", "tract_id": "36047067600", "city": "BROOKLYN, NY", "zone_code": "R4", "zone_category": "Residential", "ev_permitted": false}, "geometry": {"type": "Polygon", "coordinates": [[[-73.9249798494274, 40.6238223405735], [-73.924908073082, 40.623827086603], [-73.9249347980066, 40.6240734210488], [-73.9250066047541, 40.6240689364144], [-73.9249798494274, 40.6238223405735]]]}}, {"type": "Feature", "properties": {"zone_id": "0203Q1H47GILFTLRKDICKO", "tract_id": "36047067600", "city": "BROOKLYN, NY", "zone_code": "R4", "zone_category": "Residential", "ev_permitted": false}, "geometry": {"type": "Polygon", "coordinates": [[[-73.9253651181884, 40.6240465452571], [-73.9250066047541, 40.6240689364144], [-73.9250128780871, 40.6241267552169], [-73.9253713918299, 40.6241043640403], [-73.9253651181884, 40.6240465452571]]]}}, {"type": "Feature", "properties": {"zone_id": "0200PIBVEZM2MDA3QYPSB8", "tract_id": "36047067600", "city": "BROOKLYN, NY", "zone_code": "R4", "zone_category": "Residential", "ev_permitted": false}, "geometry": {"type": "Polygon", "coordinates": [[[-73.9250300469691, 40.6242849999188], [-73.9246596846599, 40.6243081306072], [-73.9246651886731, 40.6243601610581], [-73.9250356923767, 40.6243370213095], [-73.9250300469691, 40.6242849999188]]]}}, {"type": "Feature", "properties": {"zone_id": "02013EYKU34W4OUKPU0J61", "tract_id": "36047067600", "city": "BROOKLYN, NY", "zone_code": "R4", "zone_category": "Residential", "ev_permitted": false}, "geometry": {"type": "Polygon", "coordinates": [[[-73.9250239132668, 40.6242284600625], [-73.9246537034447, 40.6242515802911], [-73.9246596846599, 40.6243081306072], [-73.9250300469691, 40.6242849999188], [-73.9250239132668, 40.6242284600625]]]}}, {"type": "Feature", "properties": {"zone_id": "0200K7J3OBCWYL82HNH9JS", "tract_id": "36047067600", "city": "BROOKLYN, NY", "zone_code": "R4", "zone_category": "Residential", "ev_permitted": false}, "geometry": {"type": "Polygon", "coordinates": [[[-73.9250142344366, 40.6241392551363], [-73.9246442667404, 40.6241623600335], [-73.9246537034447, 40.6242515802911], [-73.9250239132668, 40.6242284600625], [-73.9250142344366, 40.6241392551363]]]}}, {"type": "Feature", "properties": {"zone_id": "0205PEJI1UW7JXZYXFJ3OQ", "tract_id": "36047067600", "city": "BROOKLYN, NY", "zone_code": "R4", "zone_category": "Residential", "ev_permitted": false}, "geometry": {"type": "Polygon", "coordinates": [[[-73.924908073082, 40.623827086603], [-73.9248352647102, 40.6238319000717], [-73.9248619629217, 40.6240779703143], [-73.9249347980066, 40.6240734210488], [-73.924908073082, 40.623827086603]]]}}, {"type": "Feature", "properties": {"zone_id": "02004E78YC16SBGX0POOM0", "tract_id": "36047067600", "city": "BROOKLYN, NY", "zone_code": "R4", "zone_category": "Residential", "ev_permitted": false}, "geometry": {"type": "Polygon", "coordinates": [[[-73.9248352647102, 40.6238319000717], [-73.924760555534, 40.6238368401355], [-73.9247872242688, 40.6240826377416], [-73.9248619629217, 40.6240779703143], [-73.9248352647102, 40.6238319000717]]]}}, {"type": "Feature", "properties": {"zone_id": "0203D5S6LCKVZD7K3I7KJ2", "tract_id": "36047067600", "city": "BROOKLYN, NY", "zone_code": "R4", "zone_category": "Residential", "ev_permitted": false}, "geometry": {"type": "Polygon", "coordinates": [[[-73.9246891037955, 40.6238415644582], [-73.9246108835257, 40.6238467361127], [-73.9246368283533, 40.6240920301698], [-73.9247157430519, 40.6240871020749], [-73.9246891037955, 40.6238415644582]]]}}, {"type": "Feature", "properties": {"zone_id": "0204B1N4RU02ZLJKA55HQ2", "tract_id": "36047067600", "city": "BROOKLYN, NY", "zone_code": "R4", "zone_category": "Residential", "ev_permitted": false}, "geometry": {"type": "Polygon", "coordinates": [[[-73.9250066047541, 40.6240689364144], [-73.9246368283533, 40.6240920301698], [-73.9246442667404, 40.6241623600335], [-73.9250142344366, 40.6241392551363], [-73.9250066047541, 40.6240689364144]]]}}, {"type": "Feature", "properties": {"zone_id": "0205MDO8KMO6W6CMN2JYO5", "tract_id": "36047067600", "city": "BROOKLYN, NY", "zone_code": "R4", "zone_category": "Residential", "ev_permitted": false}, "geometry": {"type": "Polygon", "coordinates": [[[-73.924760555534, 40.6238368401355], [-73.9246891037955, 40.6238415644582], [-73.9247157430519, 40.6240871020749], [-73.9247872242688, 40.6240826377416], [-73.924760555534, 40.6238368401355]]]}}]}