{"type": "FeatureCollection", "features": [{"type": "Feature", "properties": {"zone_id": "0200DRP5SERAHDYJB5E6BG", "tract_id": "36047042700", "city": "BROOKLYN, NY", "zone_code": "M1-1", "zone_category": "Industrial", "ev_permitted": true}, "geometry": {"type": "Polygon", "coordinates": [[[-73.9306019561095, 40.7035908284053], [-73.9305475855872, 40.7036467118948], [-73.930818923247, 40.7038039127948], [-73.9309091471163, 40.7037688002563], [-73.9306019561095, 40.7035908284053]]]}}, {"type": "Feature", "properties": {"zone_id": "0206L2EZ1UMA3J1Y2RMSPO", "tract_id": "36047042700", "city": "BROOKLYN, NY", "zone_code": "M1-1", "zone_category": "Industrial", "ev_permitted": true}, "geometry": {"type": "Polygon", "coordinates": [[[-73.9305475855872, 40.7036467118948], [-73.930488791303, 40.7037071424108], [-73.9307213597317, 40.7038418813742], [-73.930818923247, 40.7038039127948], [-73.9305475855872, 40.7036467118948]]]}}, {"type": "Feature", "properties": {"zone_id": "0203OYTHNXYALM7KBM9MH8", "tract_id": "36047042700", "city": "BROOKLYN, NY", "zone_code": "M1-1", "zone_category": "Industrial", "ev_permitted": true}, "geometry": {"type": "Polygon", "coordinates": [[[-73.930488791303, 40.7037071424108], [-73.9304345841917, 40.7037628573064], [-73.9306314081493, 40.7038768885303], [-73.9307213597317, 40.7038418813742], [-73.930488791303, 40.7037071424108]]]}}, {"type": "Feature", "properties": {"zone_id": "0206R4CMT192LNSNAM2HLS", "tract_id": "36047042700", "city": "BROOKLYN, NY", "zone_code": "M1-1", "zone_category": "Industrial", "ev_permitted": true}, "geometry": {"type": "Polygon", "coordinates": [[[-73.9304345841917, 40.7037628573064], [-73.9301360991537, 40.7040696455114], [-73.9306314081493, 40.7038768885303], [-73.9304345841917, 40.7037628573064]]]}}, {"type": "Feature", "properties": {"zone_id": "0205PVPVAS49P5KPS0JGRX", "tract_id": "36047042700", "city": "BROOKLYN, NY", "zone_code": "R6", "zone_category": "Residential", "ev_permitted": false}, "geometry": {"type": "Polygon", "coordinates": [[[-73.9297647433821, 40.7037219414695], [-73.9297055856436, 40.7037822006171], [-73.9300003529139, 40.7039487961547], [-73.9300595096105, 40.7038885368563], [-73.9297647433821, 40.7037219414695]]]}}, {"type": "Feature", "properties": {"zone_id": "0206Z0WVA5ZWVDSWOZMZT1", "tract_id": "36047042700", "city": "", "zone_code": "R6", "zone_category": "Residential", "ev_permitted": false}, "geometry": {"type": "Polygon", "coordinates": [[[-73.9297055856436, 40.7037822006171], [-73.9295491285616, 40.7039415708513], [-73.9298438961457, 40.704108166786], [-73.9300003529139, 40.7039487961547], [-73.9297055856436, 40.7037822006171]]]}}, {"type": "Feature", "properties": {"zone_id": "02069K0HNHBGMRA2DGZ646", "tract_id": "36047042700", "city": "BROOKLYN, NY", "zone_code": "R6", "zone_category": "Residential", "ev_permitted": false}, "geometry": {"type": "Polygon", "coordinates": [[[-73.9303653248901, 40.7034574182787], [-73.9302077452892, 40.7036179354755], [-73.9302832618536, 40.7036606151397], [-73.9304408413736, 40.7035000978403], [-73.9303653248901, 40.7034574182787]]]}}, {"type": "Feature", "properties": {"zone_id": "0205A423EX2IDLBGC887PX", "tract_id": "36047042700", "city": "BROOKLYN, NY", "zone_code": "R6", "zone_category": "Residential", "ev_permitted": false}, "geometry": {"type": "Polygon", "coordinates": [[[-73.9300418498253, 40.7035592090253], [-73.9299987224565, 40.7036031398144], [-73.930218147595, 40.7037269426286], [-73.9302832618536, 40.7036606151397], [-73.9302077452892, 40.7036179354755], [-73.930185625226, 40.7036404676122], [-73.9300418498253, 40.7035592090253]]]}}, {"type": "Feature", "properties": {"zone_id": "02061P7RKNASZHIHEPT1S1", "tract_id": "36047042700", "city": "BROOKLYN, NY", "zone_code": "R6", "zone_category": "Residential", "ev_permitted": false}, "geometry": {"type": "Polygon", "coordinates": [[[-73.9299232023723, 40.703560530227], [-73.9298843534729, 40.7036001028695], [-73.9301791194615, 40.7037666979526], [-73.930218147595, 40.7037269426286], [-73.9299232023723, 40.703560530227]]]}}, {"type": "Feature", "properties": {"zone_id": "0203RLFWZHNY5C5ENHQLVH", "tract_id": "36047042700", "city": "BROOKLYN, NY", "zone_code": "R6", "zone_category": "Residential", "ev_permitted": false}, "geometry": {"type": "Polygon", "coordinates": [[[-73.9298843534729, 40.7036001028695], [-73.9298453261371, 40.7036398587843], [-73.9301400912814, 40.7038064532633], [-73.9301791194615, 40.7037666979526], [-73.9298843534729, 40.7036001028695]]]}}, {"type": "Feature", "properties": {"zone_id": "0207A976V9C63V58H3YA2O", "tract_id": "36047042700", "city": "BROOKLYN, NY", "zone_code": "R6", "zone_category": "Residential", "ev_permitted": false}, "geometry": {"type": "Polygon", "coordinates": [[[-73.9298453261371, 40.7036398587843], [-73.9298062978322, 40.7036796139824], [-73.9301010630547, 40.7038462085605], [-73.9301400912814, 40.7038064532633], [-73.9298453261371, 40.7036398587843]]]}}, {"type": "Feature", "properties": {"zone_id": "0206MK4FKT55WYEXUIRD7J", "tract_id": "36047042700", "city": "BROOKLYN, NY", "zone_code": "R6", "zone_category": "Residential", "ev_permitted": false}, "geometry": {"type": "Polygon", "coordinates": [[[-73.9298062978322, 40.7036796139824], [-73.9297647433821, 40.7037219414695], [-73.9300595096105, 40.7038885368563], [-73.9301010630547, 40.7038462085605], [-73.9298062978322, 40.7036796139824]]]}}, {"type": "Feature", "properties": {"zone_id": "0200J7CQFRX3LN6DM6PE0L", "tract_id": "36047042700", "city": "BROOKLYN, NY", "zone_code": "M1-1", "zone_category": "Industrial", "ev_permitted": true}, "geometry": {"type": "Polygon", "coordinates": [[[-73.9274346722348, 40.7044430168355], [-73.9273331429131, 40.704546276831], [-73.9279704540047, 40.7049100242922], [-73.9282273547108, 40.7048098407053], [-73.9281394691453, 40.7047596798911], [-73.9280855574751, 40.7048145113182], [-73.9274346722348, 40.7044430168355]]]}}, {"type": "Feature", "properties": {"zone_id": "0205N82GEOYMW8255YXHJW", "tract_id": "36047042700", "city": "BROOKLYN, NY", "zone_code": "M1-1", "zone_category": "Industrial", "ev_permitted": true}, "geometry": {"type": "Polygon", "coordinates": [[[-73.927566446471, 40.7047728637947], [-73.9275118151826, 40.7048284252668], [-73.9277829177285, 40.7049831576819], [-73.9278732067632, 40.7049479477896], [-73.927566446471, 40.7047728637947]]]}}, {"type": "Feature", "properties": {"zone_id": "02004K6AWRV8DY29FZT8PC", "tract_id": "36047042700", "city": "BROOKLYN, NY", "zone_code": "M1-1", "zone_category": "Industrial", "ev_permitted": true}, "geometry": {"type": "Polygon", "coordinates": [[[-73.9276252871046, 40.7047130201225], [-73.927566446471, 40.7047728637947], [-73.9278732067632, 40.7049479477896], [-73.9279704540047, 40.7049100242922], [-73.9276252871046, 40.7047130201225]]]}}, {"type": "Feature", "properties": {"zone_id": "02019981IAJ1CRQCKWA67G", "tract_id": "36047042700", "city": "BROOKLYN, NY", "zone_code": "M1-1", "zone_category": "Industrial", "ev_permitted": true}, "geometry": {"type": "Polygon", "coordinates": [[[-73.9275118151826, 40.7048284252668], [-73.9274586590528, 40.7048824874632], [-73.9276950653516, 40.7050174169295], [-73.9277829177285, 40.7049831576819], [-73.9275118151826, 40.7048284252668]]]}}, {"type": "Feature", "properties": {"zone_id": "0204IJGCE77JOTKZCVN9HM", "tract_id": "36047042700", "city": "BROOKLYN, NY", "zone_code": "M1-1", "zone_category": "Industrial", "ev_permitted": true}, "geometry": {"type": "Polygon", "coordinates": [[[-73.9274117715516, 40.7048557259082], [-73.9273616943099, 40.7049066568405], [-73.9276123025437, 40.7050496914858], [-73.9276950653516, 40.7050174169295], [-73.9274117715516, 40.7048557259082]]]}}, {"type": "Feature", "properties": {"zone_id": "0205OSVRE2IR3D5NWJLVTL", "tract_id": "36047042700", "city": "BROOKLYN, NY", "zone_code": "M1-1", "zone_category": "Industrial", "ev_permitted": true}, "geometry": {"type": "Polygon", "coordinates": [[[-73.9273616943099, 40.7049066568405], [-73.9273032442668, 40.7049661029178], [-73.927515700571, 40.7050873628316], [-73.9276123025437, 40.7050496914858], [-73.9273616943099, 40.7049066568405]]]}}, {"type": "Feature", "properties": {"zone_id": "0205KE6Y87N4M2XNC6PT43", "tract_id": "36047042700", "city": "BROOKLYN, NY", "zone_code": "M1-1", "zone_category": "Industrial", "ev_permitted": true}, "geometry": {"type": "Polygon", "coordinates": [[[-73.9272963190549, 40.7049621502975], [-73.9272467278524, 40.7050125861109], [-73.9274337402977, 40.7051193243784], [-73.927515700571, 40.7050873628316], [-73.9272963190549, 40.7049621502975]]]}}, {"type": "Feature", "properties": {"zone_id": "0204IEMOCED2OM8J3EJSSG", "tract_id": "36047042700", "city": "BROOKLYN, NY", "zone_code": "M1-1", "zone_category": "Industrial", "ev_permitted": true}, "geometry": {"type": "Polygon", "coordinates": [[[-73.9271164372122, 40.7047666738764], [-73.9270579870732, 40.7048261198303], [-73.9273032442668, 40.7049661029178], [-73.9273616943099, 40.7049066568405], [-73.9271164372122, 40.7047666738764]]]}}, {"type": "Feature", "properties": {"zone_id": "0203BHY9PB9UFXZWXT3XZ2", "tract_id": "36047042700", "city": "BROOKLYN, NY", "zone_code": "M1-1", "zone_category": "Industrial", "ev_permitted": true}, "geometry": {"type": "Polygon", "coordinates": [[[-73.9270579870732, 40.7048261198303], [-73.9270083957916, 40.7048765555419], [-73.9272467278524, 40.7050125861109], [-73.9272963190549, 40.7049621502975], [-73.9270579870732, 40.7048261198303]]]}}, {"type": "Feature", "properties": {"zone_id": "020008U92GO0H5GOXME5NI", "tract_id": "36047042700", "city": "BROOKLYN, NY", "zone_code": "M1-1", "zone_category": "Industrial", "ev_permitted": true}, "geometry": {"type": "Polygon", "coordinates": [[[-73.9273331429131, 40.704546276831], [-73.9272743021644, 40.7046061203552], [-73.927566446471, 40.7047728637947], [-73.9276252871046, 40.7047130201225], [-73.9273331429131, 40.704546276831]]]}}, {"type": "Feature", "properties": {"zone_id": "0206HPGCA74NEG1J95RCM7", "tract_id": "36047042700", "city": "BROOKLYN, NY", "zone_code": "M1-1", "zone_category": "Industrial", "ev_permitted": true}, "geometry": {"type": "Polygon", "coordinates": [[[-73.9272743021644, 40.7046061203552], [-73.9272196707692, 40.7046616816898], [-73.9275118151826, 40.7048284252668], [-73.927566446471, 40.7047728637947], [-73.9272743021644, 40.7046061203552]]]}}, {"type": "Feature", "properties": {"zone_id": "02033LQJNQWDSFW38BWYMW", "tract_id": "36047042700", "city": "BROOKLYN, NY", "zone_code": "M1-1", "zone_category": "Industrial", "ev_permitted": true}, "geometry": {"type": "Polygon", "coordinates": [[[-73.9272196707692, 40.7046616816898], [-73.9271665145354, 40.7047157437526], [-73.9274586590528, 40.7048824874632], [-73.9275118151826, 40.7048284252668], [-73.9272196707692, 40.7046616816898]]]}}, {"type": "Feature", "properties": {"zone_id": "0206RR2VZL57RYL3OONIXN", "tract_id": "36047042700", "city": "BROOKLYN, NY", "zone_code": "M1-1", "zone_category": "Industrial", "ev_permitted": true}, "geometry": {"type": "Polygon", "coordinates": [[[-73.9271665145354, 40.7047157437526], [-73.9271164372122, 40.7047666738764], [-73.9273616943099, 40.7049066568405], [-73.9274117715516, 40.7048557259082], [-73.9271665145354, 40.7047157437526]]]}}, {"type": "Feature", "properties": {"zone_id": "0202NIU3R4DIE0MQTO4ZSV", "tract_id": "36047042700", "city": "BROOKLYN, NY", "zone_code": "R6", "zone_category": "Residential", "ev_permitted": false}, "geometry": {"type": "Polygon", "coordinates": [[[-73.9291626090479, 40.7042407440979], [-73.9291106811403, 40.7042936969106], [-73.9290962030859, 40.7042855146517], [-73.9290423451192, 40.7043404365031], [-73.9292059806143, 40.7044329208922], [-73.92938139965, 40.7043644005474], [-73.9291626090479, 40.7042407440979]]]}}, {"type": "Feature", "properties": {"zone_id": "0202OZYJG3NOLV17PUG4CA", "tract_id": "36047042700", "city": "BROOKLYN, NY", "zone_code": "R6", "zone_category": "Residential", "ev_permitted": false}, "geometry": {"type": "Polygon", "coordinates": [[[-73.9290423451192, 40.7043404365031], [-73.9289849044114, 40.704399011356], [-73.9291107298951, 40.7044701257353], [-73.9292059806143, 40.7044329208922], [-73.9290423451192, 40.7043404365031]]]}}, {"type": "Feature", "properties": {"zone_id": "02036R69A4WUZA8TP5YQRY", "tract_id": "36047042700", "city": "BROOKLYN, NY", "zone_code": "R6", "zone_category": "Residential", "ev_permitted": false}, "geometry": {"type": "Polygon", "coordinates": [[[-73.9294931823862, 40.7039985588634], [-73.9294344964757, 40.7040583375394], [-73.9297292642903, 40.7042249330625], [-73.9297879500832, 40.7041651542376], [-73.9294931823862, 40.7039985588634]]]}}, {"type": "Feature", "properties": {"zone_id": "02000MJXOSYBLCBA9060G5", "tract_id": "36047042700", "city": "BROOKLYN, NY", "zone_code": "R6", "zone_category": "Residential", "ev_permitted": false}, "geometry": {"type": "Polygon", "coordinates": [[[-73.9294344964757, 40.7040583375394], [-73.9293843260945, 40.7041094421529], [-73.9296498830907, 40.7042595292258], [-73.9297235474761, 40.7042307560292], [-73.9297292642903, 40.7042249330625], [-73.9294344964757, 40.7040583375394]]]}}, {"type": "Feature", "properties": {"zone_id": "0206OA4RQ6POFN1FZNGN3P", "tract_id": "36047042700", "city": "BROOKLYN, NY", "zone_code": "R6", "zone_category": "Residential", "ev_permitted": false}, "geometry": {"type": "Polygon", "coordinates": [[[-73.9293245158177, 40.7040756384133], [-73.929269243091, 40.7041320034699], [-73.9295582278782, 40.7042953313173], [-73.9296498830907, 40.7042595292258], [-73.9293245158177, 40.7040756384133]]]}}, {"type": "Feature", "properties": {"zone_id": "0205OCZW9EPU6VK99QIK4W", "tract_id": "36047042700", "city": "BROOKLYN, NY", "zone_code": "R6", "zone_category": "Residential", "ev_permitted": false}, "geometry": {"type": "Polygon", "coordinates": [[[-73.929269243091, 40.7041320034699], [-73.9292161775258, 40.7041861171288], [-73.9294702313195, 40.7043297028538], [-73.9295582278782, 40.7042953313173], [-73.929269243091, 40.7041320034699]]]}}, {"type": "Feature", "properties": {"zone_id": "0202XYQ2RQKUY1BIGWWX7X", "tract_id": "36047042700", "city": "BROOKLYN, NY", "zone_code": "R6", "zone_category": "Residential", "ev_permitted": false}, "geometry": {"type": "Polygon", "coordinates": [[[-73.9292161775258, 40.7041861171288], [-73.9291626090479, 40.7042407440979], [-73.92938139965, 40.7043644005474], [-73.9294702313195, 40.7043297028538], [-73.9292161775258, 40.7041861171288]]]}}, {"type": "Feature", "properties": {"zone_id": "0200WWUWGW6MXOW8JS85K0", "tract_id": "36047042700", "city": "BROOKLYN, NY", "zone_code": "R6", "zone_category": "Residential", "ev_permitted": false}, "geometry": {"type": "Polygon", "coordinates": [[[-73.9290024377895, 40.7040369421618], [-73.9289453226661, 40.7040951855424], [-73.929176963616, 40.7042261052801], [-73.9292340786492, 40.7041678617856], [-73.9290024377895, 40.7040369421618]]]}}, {"type": "Feature", "properties": {"zone_id": "0204GA5KU5KW5QBIKFGRZP", "tract_id": "36047042700", "city": "BROOKLYN, NY", "zone_code": "M1-1", "zone_category": "Industrial", "ev_permitted": true}, "geometry": {"type": "Polygon", "coordinates": [[[-73.9287677393998, 40.7042762735356], [-73.9285481982509, 40.704500147585], [-73.9287483690247, 40.7046116629519], [-73.9291107298951, 40.7044701257353], [-73.9287677393998, 40.7042762735356]]]}}, {"type": "Feature", "properties": {"zone_id": "0202E5KEIQOLRK065V0KK5", "tract_id": "36047042700", "city": "BROOKLYN, NY", "zone_code": "R6", "zone_category": "Residential", "ev_permitted": false}, "geometry": {"type": "Polygon", "coordinates": [[[-73.9288251811159, 40.7042176987907], [-73.9287677393998, 40.7042762735356], [-73.9289849044114, 40.704399011356], [-73.9290423451192, 40.7043404365031], [-73.9288251811159, 40.7042176987907]]]}}, {"type": "Feature", "properties": {"zone_id": "0201HVJI8OCL411M9T4ARM", "tract_id": "36047042700", "city": "BROOKLYN, NY", "zone_code": "R6", "zone_category": "Residential", "ev_permitted": false}, "geometry": {"type": "Polygon", "coordinates": [[[-73.9289453226661, 40.7040951855424], [-73.9288834407509, 40.7041582890593], [-73.9291150817978, 40.7042892096232], [-73.929176963616, 40.7042261052801], [-73.9289453226661, 40.7040951855424]]]}}, {"type": "Feature", "properties": {"zone_id": "0206U378DVV2UI67ULFI9P", "tract_id": "36047042700", "city": "BROOKLYN, NY", "zone_code": "R6", "zone_category": "Residential", "ev_permitted": false}, "geometry": {"type": "Polygon", "coordinates": [[[-73.9288834407509, 40.7041582890593], [-73.9288251811159, 40.7042176987907], [-73.9290423451192, 40.7043404365031], [-73.9290962030859, 40.7042855146517], [-73.9291106811403, 40.7042936969106], [-73.9291150817978, 40.7042892096232], [-73.9288834407509, 40.7041582890593]]]}}, {"type": "Feature", "properties": {"zone_id": "0207A5FW2N544QV4SY7K9O", "tract_id": "36047042700", "city": "BROOKLYN, NY", "zone_code": "R6", "zone_category": "Residential", "ev_permitted": false}, "geometry": {"type": "Polygon", "coordinates": [[[-73.9285237560038, 40.7041395813909], [-73.9283037249823, 40.7043635923954], [-73.9283789099252, 40.7044069258696], [-73.9285987162127, 40.7041822955399], [-73.9285237560038, 40.7041395813909]]]}}, {"type": "Feature", "properties": {"zone_id": "0200N1PVBSYPMVIFQICJAO", "tract_id": "36047042700", "city": "BROOKLYN, NY", "zone_code": "R6", "zone_category": "Residential", "ev_permitted": false}, "geometry": {"type": "Polygon", "coordinates": [[[-73.9284511590382, 40.7040982149585], [-73.9282314273882, 40.7043219231657], [-73.9283037249823, 40.7043635923954], [-73.9285237560038, 40.7041395813909], [-73.9284511590382, 40.7040982149585]]]}}, {"type": "Feature", "properties": {"zone_id": "0206MXSZEOL0BRZKGY1G1S", "tract_id": "36047042700", "city": "BROOKLYN, NY", "zone_code": "R6", "zone_category": "Residential", "ev_permitted": false}, "geometry": {"type": "Polygon", "coordinates": [[[-73.9283562493865, 40.7039676016863], [-73.9283080544681, 40.7040166700498], [-73.9285987162127, 40.7041822955399], [-73.9286467956947, 40.7041331602315], [-73.9283562493865, 40.7039676016863]]]}}, {"type": "Feature", "properties": {"zone_id": "0206AW0BLHEWOJZX42JRNC", "tract_id": "36047042700", "city": "BROOKLYN, NY", "zone_code": "R6", "zone_category": "Residential", "ev_permitted": false}, "geometry": {"type": "Polygon", "coordinates": [[[-73.9295491285616, 40.7039415708513], [-73.9294931823862, 40.7039985588634], [-73.9297879500832, 40.7041651542376], [-73.9298438961457, 40.704108166786], [-73.9295491285616, 40.7039415708513]]]}}, {"type": "Feature", "properties": {"zone_id": "0203PKINUJ1BAW5LW9VYST", "tract_id": "36047042700", "city": "BROOKLYN, NY", "zone_code": "R6", "zone_category": "Residential", "ev_permitted": false}, "geometry": {"type": "Polygon", "coordinates": [[[-73.929321022472, 40.7037120644967], [-73.9292768879092, 40.7037570715742], [-73.9295684704912, 40.7039218688577], [-73.9296126372627, 40.7038768799583], [-73.929321022472, 40.7037120644967]]]}}, {"type": "Feature", "properties": {"zone_id": "0201QMACX6GQI8PRW64OVA", "tract_id": "36047042700", "city": "BROOKLYN, NY", "zone_code": "R6", "zone_category": "Residential", "ev_permitted": false}, "geometry": {"type": "Polygon", "coordinates": [[[-73.9292768879092, 40.7037570715742], [-73.9292315313562, 40.7038033236995], [-73.929523081732, 40.7039681028081], [-73.9295684704912, 40.7039218688577], [-73.9292768879092, 40.7037570715742]]]}}, {"type": "Feature", "properties": {"zone_id": "0206ZMIYX2S698O0ZPO7JC", "tract_id": "36047042700", "city": "BROOKLYN, NY", "zone_code": "R6", "zone_category": "Residential", "ev_permitted": false}, "geometry": {"type": "Polygon", "coordinates": [[[-73.9292315313562, 40.7038033236995], [-73.9291860508831, 40.7038497022094], [-73.9294775690529, 40.7040144631432], [-73.929523081732, 40.7039681028081], [-73.9292315313562, 40.7038033236995]]]}}, {"type": "Feature", "properties": {"zone_id": "0205XGPJFCY8TOT95FDWPU", "tract_id": "36047042700", "city": "BROOKLYN, NY", "zone_code": "R6", "zone_category": "Residential", "ev_permitted": false}, "geometry": {"type": "Polygon", "coordinates": [[[-73.9291860508831, 40.7038497022094], [-73.9291389980984, 40.7038976846086], [-73.9294304812968, 40.7040624259646], [-73.9294775690529, 40.7040144631432], [-73.9291860508831, 40.7038497022094]]]}}, {"type": "Feature", "properties": {"zone_id": "0201FW4Z5VSIEB89IYYF0Q", "tract_id": "36047042700", "city": "BROOKLYN, NY", "zone_code": "R6", "zone_category": "Residential", "ev_permitted": false}, "geometry": {"type": "Polygon", "coordinates": [[[-73.9291389980984, 40.7038976846086], [-73.9290794042153, 40.7039584561068], [-73.9293110449535, 40.704089375577], [-73.9293245158177, 40.7040756384133], [-73.9293843260945, 40.7041094421529], [-73.9294304812968, 40.7040624259646], [-73.9291389980984, 40.7038976846086]]]}}, {"type": "Feature", "properties": {"zone_id": "0201EWFIDH41YGPP36SSYI", "tract_id": "36047042700", "city": "BROOKLYN, NY", "zone_code": "R6", "zone_category": "Residential", "ev_permitted": false}, "geometry": {"type": "Polygon", "coordinates": [[[-73.9290794042153, 40.7039584561068], [-73.9290024377895, 40.7040369421618], [-73.9292340786492, 40.7041678617856], [-73.9293110449535, 40.704089375577], [-73.9290794042153, 40.7039584561068]]]}}, {"type": "Feature", "properties": {"zone_id": "0205JT1ZYSGAABVUR8GH9Q", "tract_id": "36047042700", "city": "BROOKLYN, NY", "zone_code": "R6", "zone_category": "Residential", "ev_permitted": false}, "geometry": {"type": "Polygon", "coordinates": [[[-73.9295810065471, 40.7034469408547], [-73.9295364388398, 40.7034923904439], [-73.929828210071, 40.7036572932926], [-73.9298728099859, 40.7036118618802], [-73.9295810065471, 40.7034469408547]]]}}, {"type": "Feature", "properties": {"zone_id": "0206E2MT9C3A47VZD39LK1", "tract_id": "36047042700", "city": "BROOKLYN, NY", "zone_code": "R6", "zone_category": "Residential", "ev_permitted": false}, "geometry": {"type": "Polygon", "coordinates": [[[-73.9295364388398, 40.7034923904439], [-73.9294730190858, 40.7035570644886], [-73.9297647433821, 40.7037219414695], [-73.929828210071, 40.7036572932926], [-73.9295364388398, 40.7034923904439]]]}}, {"type": "Feature", "properties": {"zone_id": "0201JM1KHQ804LUHQEIRES", "tract_id": "36047042700", "city": "BROOKLYN, NY", "zone_code": "R6", "zone_category": "Residential", "ev_permitted": false}, "geometry": {"type": "Polygon", "coordinates": [[[-73.9293664352841, 40.7036657540493], [-73.929321022472, 40.7037120644967], [-73.9296126372627, 40.7038768799583], [-73.9296580832041, 40.7038305876864], [-73.9293664352841, 40.7036657540493]]]}}, {"type": "Feature", "properties": {"zone_id": "0203LW1EFSYLIWPRZA8G0J", "tract_id": "36047042700", "city": "BROOKLYN, NY", "zone_code": "R6", "zone_category": "Residential", "ev_permitted": false}, "geometry": {"type": "Polygon", "coordinates": [[[-73.9294110891818, 40.7036202181525], [-73.9293664352841, 40.7036657540493], [-73.9296580832041, 40.7038305876864], [-73.9297027693093, 40.7037850699662], [-73.9294110891818, 40.7036202181525]]]}}, {"type": "Feature", "properties": {"zone_id": "0205KK0XBBW46I1VL4L681", "tract_id": "36047042700", "city": "BROOKLYN, NY", "zone_code": "R6", "zone_category": "Residential", "ev_permitted": false}, "geometry": {"type": "Polygon", "coordinates": [[[-73.9294730190858, 40.7035570644886], [-73.9294110891818, 40.7036202181525], [-73.9297027693093, 40.7037850699662], [-73.9297647433821, 40.7037219414695], [-73.9294730190858, 40.7035570644886]]]}}, {"type": "Feature", "properties": {"zone_id": "0201TZCHXOT9N1UF97DTLC", "tract_id": "36047042700", "city": "BROOKLYN, NY", "zone_code": "R6", "zone_category": "Residential", "ev_permitted": false}, "geometry": {"type": "Polygon", "coordinates": [[[-73.928579692409, 40.7037401152233], [-73.9285351211291, 40.7037854934528], [-73.9288252333973, 40.7039508046485], [-73.9288696966287, 40.7039053651096], [-73.928579692409, 40.7037401152233]]]}}, {"type": "Feature", "properties": {"zone_id": "02053DZFIU5KOFUS0DY4W4", "tract_id": "36047042700", "city": "BROOKLYN, NY", "zone_code": "R6", "zone_category": "Residential", "ev_permitted": false}, "geometry": {"type": "Polygon", "coordinates": [[[-73.9285351211291, 40.7037854934528], [-73.9284926230262, 40.7038287607566], [-73.9287828387254, 40.7039941304432], [-73.9288252333973, 40.7039508046485], [-73.9285351211291, 40.7037854934528]]]}}, {"type": "Feature", "properties": {"zone_id": "0200TH5JYT1UCTHL8T4HBX", "tract_id": "36047042700", "city": "BROOKLYN, NY", "zone_code": "R6", "zone_category": "Residential", "ev_permitted": false}, "geometry": {"type": "Polygon", "coordinates": [[[-73.9284926230262, 40.7038287607566], [-73.9284437868349, 40.7038784808478], [-73.9287341207407, 40.704043918185], [-73.9287828387254, 40.7039941304432], [-73.9284926230262, 40.7038287607566]]]}}, {"type": "Feature", "properties": {"zone_id": "0201RTU3E7TRAH2F0RNYEY", "tract_id": "36047042700", "city": "BROOKLYN, NY", "zone_code": "R6", "zone_category": "Residential", "ev_permitted": false}, "geometry": {"type": "Polygon", "coordinates": [[[-73.9284437868349, 40.7038784808478], [-73.9284006711705, 40.7039223759113], [-73.9286911094303, 40.704087873147], [-73.9287341207407, 40.704043918185], [-73.9284437868349, 40.7038784808478]]]}}, {"type": "Feature", "properties": {"zone_id": "0201PP3J78G7KKXNTIKI4K", "tract_id": "36047042700", "city": "BROOKLYN, NY", "zone_code": "R6", "zone_category": "Residential", "ev_permitted": false}, "geometry": {"type": "Polygon", "coordinates": [[[-73.9284006711705, 40.7039223759113], [-73.9283562493865, 40.7039676016863], [-73.9286467956947, 40.7041331602315], [-73.9286911094303, 40.704087873147], [-73.9284006711705, 40.7039223759113]]]}}, {"type": "Feature", "properties": {"zone_id": "0203SW0SOBQ8YIX8U2VNEL", "tract_id": "36047042700", "city": "BROOKLYN, NY", "zone_code": "R6", "zone_category": "Residential", "ev_permitted": false}, "geometry": {"type": "Polygon", "coordinates": [[[-73.9286231368945, 40.7036958830189], [-73.928579692409, 40.7037401152233], [-73.9288696966287, 40.7039053651096], [-73.9289130367597, 40.7038610730062], [-73.9286231368945, 40.7036958830189]]]}}, {"type": "Feature", "properties": {"zone_id": "0204SSY8RF4AVQ79FBH2KR", "tract_id": "36047042700", "city": "BROOKLYN, NY", "zone_code": "R6", "zone_category": "Residential", "ev_permitted": false}, "geometry": {"type": "Polygon", "coordinates": [[[-73.9288772437293, 40.7034371761197], [-73.9288026865437, 40.7035130826643], [-73.9290921505233, 40.7036780245986], [-73.9291665267065, 40.7036020144657], [-73.9288772437293, 40.7034371761197]]]}}, {"type": "Feature", "properties": {"zone_id": "02062KTSB1DGVA3QD1OW6D", "tract_id": "36047042700", "city": "BROOKLYN, NY", "zone_code": "R6", "zone_category": "Residential", "ev_permitted": false}, "geometry": {"type": "Polygon", "coordinates": [[[-73.9288026865437, 40.7035130826643], [-73.9287598745235, 40.7035566702868], [-73.9290494419328, 40.7037216721177], [-73.9290921505233, 40.7036780245986], [-73.9288026865437, 40.7035130826643]]]}}, {"type": "Feature", "properties": {"zone_id": "0205XMOO6NKEZH6QO7334H", "tract_id": "36047042700", "city": "BROOKLYN, NY", "zone_code": "R6", "zone_category": "Residential", "ev_permitted": false}, "geometry": {"type": "Polygon", "coordinates": [[[-73.9287598745235, 40.7035566702868], [-73.9287156131315, 40.7036017339872], [-73.9290052876666, 40.7037667957205], [-73.9290494419328, 40.7037216721177], [-73.9287598745235, 40.7035566702868]]]}}, {"type": "Feature", "properties": {"zone_id": "0207GRQJS3BQLMTWX285F1", "tract_id": "36047042700", "city": "BROOKLYN, NY", "zone_code": "R6", "zone_category": "Residential", "ev_permitted": false}, "geometry": {"type": "Polygon", "coordinates": [[[-73.9287156131315, 40.7036017339872], [-73.928671029097, 40.70364712491], [-73.9289608116804, 40.7038122479526], [-73.9290052876666, 40.7037667957205], [-73.9287156131315, 40.7036017339872]]]}}, {"type": "Feature", "properties": {"zone_id": "0202S4CINIK2K9T2IQ8SW1", "tract_id": "36047042700", "city": "BROOKLYN, NY", "zone_code": "R6", "zone_category": "Residential", "ev_permitted": false}, "geometry": {"type": "Polygon", "coordinates": [[[-73.928671029097, 40.70364712491], [-73.9286231368945, 40.7036958830189], [-73.9289130367597, 40.7038610730062], [-73.9289608116804, 40.7038122479526], [-73.928671029097, 40.70364712491]]]}}, {"type": "Feature", "properties": {"zone_id": "0200XAONUWQJZB6BYV2C7P", "tract_id": "36047042700", "city": "BROOKLYN, NY", "zone_code": "R6", "zone_category": "Residential", "ev_permitted": false}, "geometry": {"type": "Polygon", "coordinates": [[[-73.928392410463, 40.7034598258025], [-73.9283376764317, 40.7035155499254], [-73.9286342655932, 40.7036845539043], [-73.9286889995162, 40.7036288289389], [-73.928392410463, 40.7034598258025]]]}}, {"type": "Feature", "properties": {"zone_id": "0202BSPIMI9YJQWXWI1EIE", "tract_id": "36047042700", "city": "BROOKLYN, NY", "zone_code": "R6", "zone_category": "Residential", "ev_permitted": false}, "geometry": {"type": "Polygon", "coordinates": [[[-73.9282845607813, 40.7035696272925], [-73.9282371767243, 40.7036178684002], [-73.9285337660863, 40.7037868726358], [-73.9285811500488, 40.703738631407], [-73.9282845607813, 40.7035696272925]]]}}, {"type": "Feature", "properties": {"zone_id": "0204ZVETN39N3C3AGJMF7O", "tract_id": "36047042700", "city": "BROOKLYN, NY", "zone_code": "R6", "zone_category": "Residential", "ev_permitted": false}, "geometry": {"type": "Polygon", "coordinates": [[[-73.9283376764317, 40.7035155499254], [-73.9282845607813, 40.7035696272925], [-73.9285811500488, 40.703738631407], [-73.9286342655932, 40.7036845539043], [-73.9283376764317, 40.7035155499254]]]}}, {"type": "Feature", "properties": {"zone_id": "02020QC7T13EI6LDO340AB", "tract_id": "36047042700", "city": "BROOKLYN, NY", "zone_code": "M1-1", "zone_category": "Industrial", "ev_permitted": true}, "geometry": {"type": "Polygon", "coordinates": [[[-73.9276534528041, 40.7042205054805], [-73.9274346722348, 40.7044430168355], [-73.9280855574751, 40.7048145113182], [-73.9281394691453, 40.7047596798911], [-73.9282273547108, 40.7048098407053], [-73.9284998375252, 40.7047035790809], [-73.9276534528041, 40.7042205054805]]]}}, {"type": "Feature", "properties": {"zone_id": "02017DB75J7P98BBWX4TPA", "tract_id": "36047042700", "city": "BROOKLYN, NY", "zone_code": "R6", "zone_category": "Residential", "ev_permitted": false}, "geometry": {"type": "Polygon", "coordinates": [[[-73.928381795457, 40.7040586893533], [-73.9281623465495, 40.7042821081098], [-73.9282314273882, 40.7043219231657], [-73.9284511590382, 40.7040982149585], [-73.928381795457, 40.7040586893533]]]}}, {"type": "Feature", "properties": {"zone_id": "020654WJZ8F5LY6SLHVSB7", "tract_id": "36047042700", "city": "BROOKLYN, NY", "zone_code": "R6", "zone_category": "Residential", "ev_permitted": false}, "geometry": {"type": "Polygon", "coordinates": [[[-73.9283080544681, 40.7040166700498], [-73.9280889067837, 40.7042397803874], [-73.9281623465495, 40.7042821081098], [-73.928381795457, 40.7040586893533], [-73.9283080544681, 40.7040166700498]]]}}, {"type": "Feature", "properties": {"zone_id": "0207OD7B4BJSZPLYSHLNTD", "tract_id": "36047042700", "city": "BROOKLYN, NY", "zone_code": "R6", "zone_category": "Residential", "ev_permitted": false}, "geometry": {"type": "Polygon", "coordinates": [[[-73.9282345109192, 40.7039748742677], [-73.9280157347047, 40.7041976066678], [-73.9280889067837, 40.7042397803874], [-73.9283080544681, 40.7040166700498], [-73.9282345109192, 40.7039748742677]]]}}, {"type": "Feature", "properties": {"zone_id": "0201611BEVTNE1O2Y5FIPR", "tract_id": "36047042700", "city": "BROOKLYN, NY", "zone_code": "R6", "zone_category": "Residential", "ev_permitted": false}, "geometry": {"type": "Polygon", "coordinates": [[[-73.9274157242049, 40.7040790333141], [-73.9271991766557, 40.704299982918], [-73.9272787299652, 40.7043449704229], [-73.9274952773977, 40.704124019968], [-73.9274157242049, 40.7040790333141]]]}}, {"type": "Feature", "properties": {"zone_id": "0205H046MN4XRPSP74OY7W", "tract_id": "36047042700", "city": "BROOKLYN, NY", "zone_code": "R6", "zone_category": "Residential", "ev_permitted": false}, "geometry": {"type": "Polygon", "coordinates": [[[-73.9271937769593, 40.7039535210202], [-73.926977228158, 40.7041744709121], [-73.9270500294836, 40.7042156402536], [-73.9272665781773, 40.7039946902259], [-73.9271937769593, 40.7039535210202]]]}}, {"type": "Feature", "properties": {"zone_id": "0205WB33VKNY1C81X861UH", "tract_id": "36047042700", "city": "BROOKLYN, NY", "zone_code": "R6", "zone_category": "Residential", "ev_permitted": false}, "geometry": {"type": "Polygon", "coordinates": [[[-73.9273361314434, 40.7040340226895], [-73.9271195837758, 40.7042549728476], [-73.9271991766557, 40.704299982918], [-73.9274157242049, 40.7040790333141], [-73.9273361314434, 40.7040340226895]]]}}, {"type": "Feature", "properties": {"zone_id": "0206DHXJXURQTPOJYSTZWW", "tract_id": "36047042700", "city": "", "zone_code": "R6", "zone_category": "Residential", "ev_permitted": false}, "geometry": {"type": "Polygon", "coordinates": [[[-73.9272665781773, 40.7039946902259], [-73.9270500294836, 40.7042156402536], [-73.9271195837758, 40.7042549728476], [-73.9273361314434, 40.7040340226895], [-73.9272665781773, 40.7039946902259]]]}}, {"type": "Feature", "properties": {"zone_id": "0205INAU2R28Z5PNIJ9J2M", "tract_id": "36047042700", "city": "BROOKLYN, NY", "zone_code": "R6", "zone_category": "Residential", "ev_permitted": false}, "geometry": {"type": "Polygon", "coordinates": [[[-73.9281611245669, 40.7039329464364], [-73.9279425802505, 40.7041554427497], [-73.9280157347047, 40.7041976066678], [-73.9282345109192, 40.7039748742677], [-73.9281611245669, 40.7039329464364]]]}}, {"type": "Feature", "properties": {"zone_id": "020414C7843TO3LHELPY6O", "tract_id": "36047042700", "city": "BROOKLYN, NY", "zone_code": "R6", "zone_category": "Residential", "ev_permitted": false}, "geometry": {"type": "Polygon", "coordinates": [[[-73.928060759611, 40.7037974776446], [-73.9280114637327, 40.703847665237], [-73.9283080544681, 40.7040166700498], [-73.9283573493248, 40.7039664823308], [-73.928060759611, 40.7037974776446]]]}}, {"type": "Feature", "properties": {"zone_id": "0203C10MQENW1NWTXGSNIS", "tract_id": "36047042700", "city": "BROOKLYN, NY", "zone_code": "R6", "zone_category": "Residential", "ev_permitted": false}, "geometry": {"type": "Polygon", "coordinates": [[[-73.9281040806191, 40.7037533720378], [-73.928060759611, 40.7037974776446], [-73.9283573493248, 40.7039664823308], [-73.9284006711705, 40.7039223759113], [-73.9281040806191, 40.7037533720378]]]}}, {"type": "Feature", "properties": {"zone_id": "0205Q8GFBCUOQUYNSUOEG0", "tract_id": "36047042700", "city": "BROOKLYN, NY", "zone_code": "R6", "zone_category": "Residential", "ev_permitted": false}, "geometry": {"type": "Polygon", "coordinates": [[[-73.9281486253648, 40.7037080220647], [-73.9281040806191, 40.7037533720378], [-73.9284006711705, 40.7039223759113], [-73.9284452149033, 40.7038770265265], [-73.9281486253648, 40.7037080220647]]]}}, {"type": "Feature", "properties": {"zone_id": "0202AGTS0IFG2M7L1ZM3ZP", "tract_id": "36047042700", "city": "BROOKLYN, NY", "zone_code": "R6", "zone_category": "Residential", "ev_permitted": false}, "geometry": {"type": "Polygon", "coordinates": [[[-73.9280875305723, 40.7038910099964], [-73.9278692874777, 40.7041132000002], [-73.9279425802505, 40.7041554427497], [-73.9281611245669, 40.7039329464364], [-73.9280875305723, 40.7038910099964]]]}}, {"type": "Feature", "properties": {"zone_id": "0204UHJ3GZP7QCLODELQ10", "tract_id": "36047042700", "city": "BROOKLYN, NY", "zone_code": "R6", "zone_category": "Residential", "ev_permitted": false}, "geometry": {"type": "Polygon", "coordinates": [[[-73.9280114637327, 40.703847665237], [-73.9277935329486, 40.7040695376915], [-73.9278692874777, 40.7041132000002], [-73.9280875305723, 40.7038910099964], [-73.9280114637327, 40.703847665237]]]}}, {"type": "Feature", "properties": {"zone_id": "0206KBRY9JC9KJ94RUEYWD", "tract_id": "36047042700", "city": "BROOKLYN, NY", "zone_code": "R6", "zone_category": "Residential", "ev_permitted": false}, "geometry": {"type": "Polygon", "coordinates": [[[-73.9277821605613, 40.7037107185991], [-73.9275609960093, 40.7039351701615], [-73.9276266471636, 40.7039722528871], [-73.927847810695, 40.7037478004964], [-73.9277821605613, 40.7037107185991]]]}}, {"type": "Feature", "properties": {"zone_id": "0206W76LX6J6QIEYU04GET", "tract_id": "36047042700", "city": "BROOKLYN, NY", "zone_code": "R6", "zone_category": "Residential", "ev_permitted": false}, "geometry": {"type": "Polygon", "coordinates": [[[-73.9281966990901, 40.703659078764], [-73.9281486253648, 40.7037080220647], [-73.9284452149033, 40.7038770265265], [-73.9284932885327, 40.703828083103], [-73.9281966990901, 40.703659078764]]]}}, {"type": "Feature", "properties": {"zone_id": "0201ZGBKZTGJM8S41UEM1V", "tract_id": "36047042700", "city": "BROOKLYN, NY", "zone_code": "R6", "zone_category": "Residential", "ev_permitted": false}, "geometry": {"type": "Polygon", "coordinates": [[[-73.9282371767243, 40.7036178684002], [-73.9281966990901, 40.703659078764], [-73.9284932885327, 40.703828083103], [-73.9285337660863, 40.7037868726358], [-73.9282371767243, 40.7036178684002]]]}}, {"type": "Feature", "properties": {"zone_id": "020300JEODXRU2BCMRWMHT", "tract_id": "36047042700", "city": "BROOKLYN, NY", "zone_code": "R6", "zone_category": "Residential", "ev_permitted": false}, "geometry": {"type": "Polygon", "coordinates": [[[-73.9276605025064, 40.7034740888731], [-73.9276104515697, 40.7035248836225], [-73.9279029823397, 40.7036918077629], [-73.9279530331789, 40.7036410128876], [-73.9276605025064, 40.7034740888731]]]}}, {"type": "Feature", "properties": {"zone_id": "0200X6RFWRH8E92BNSKY5T", "tract_id": "36047042700", "city": "BROOKLYN, NY", "zone_code": "R6", "zone_category": "Residential", "ev_permitted": false}, "geometry": {"type": "Polygon", "coordinates": [[[-73.9276104515697, 40.7035248836225], [-73.9275542122274, 40.7035819590468], [-73.927847810695, 40.7037478004964], [-73.9279029823397, 40.7036918077629], [-73.9276104515697, 40.7035248836225]]]}}, {"type": "Feature", "properties": {"zone_id": "0202WF3OIKBFPW3C2U03WF", "tract_id": "36047042700", "city": "BROOKLYN, NY", "zone_code": "R6", "zone_category": "Residential", "ev_permitted": false}, "geometry": {"type": "Polygon", "coordinates": [[[-73.9271218293572, 40.7039128385494], [-73.9269052832226, 40.7041337854983], [-73.926977228158, 40.7041744709121], [-73.9271937769593, 40.7039535210202], [-73.9271218293572, 40.7039128385494]]]}}, {"type": "Feature", "properties": {"zone_id": "0202YZXX36GZHSOFFC777D", "tract_id": "36047042700", "city": "BROOKLYN, NY", "zone_code": "R6", "zone_category": "Residential", "ev_permitted": false}, "geometry": {"type": "Polygon", "coordinates": [[[-73.9277027644794, 40.7036658706636], [-73.9274815998088, 40.7038903220748], [-73.9275609960093, 40.7039351701615], [-73.9277821605613, 40.7037107185991], [-73.9277027644794, 40.7036658706636]]]}}, {"type": "Feature", "properties": {"zone_id": "0206RQUJ2EK7NYYCFWVRQI", "tract_id": "36047042700", "city": "BROOKLYN, NY", "zone_code": "R6", "zone_category": "Residential", "ev_permitted": false}, "geometry": {"type": "Polygon", "coordinates": [[[-73.9276303619229, 40.7036249732095], [-73.9274091971435, 40.7038494251853], [-73.9274815998088, 40.7038903220748], [-73.9277027644794, 40.7036658706636], [-73.9276303619229, 40.7036249732095]]]}}, {"type": "Feature", "properties": {"zone_id": "0206BL6CCPV4RT1EWV2U23", "tract_id": "36047042700", "city": "BROOKLYN, NY", "zone_code": "R6", "zone_category": "Residential", "ev_permitted": false}, "geometry": {"type": "Polygon", "coordinates": [[[-73.9275542122274, 40.7035819590468], [-73.9273330482576, 40.7038064108782], [-73.9274091971435, 40.7038494251853], [-73.9276303619229, 40.7036249732095], [-73.9275542122274, 40.7035819590468]]]}}, {"type": "Feature", "properties": {"zone_id": "0205TZX28JS1ZRUJLW4F5K", "tract_id": "36047042700", "city": "BROOKLYN, NY", "zone_code": "R6", "zone_category": "Residential", "ev_permitted": false}, "geometry": {"type": "Polygon", "coordinates": [[[-73.927488931515, 40.7035450844985], [-73.9272677674478, 40.7037695362056], [-73.9273330482576, 40.7038064108782], [-73.9275542122274, 40.7035819590468], [-73.927488931515, 40.7035450844985]]]}}, {"type": "Feature", "properties": {"zone_id": "0204FJ8IYXYACSVO2F8VWP", "tract_id": "36047042700", "city": "BROOKLYN, NY", "zone_code": "R6", "zone_category": "Residential", "ev_permitted": false}, "geometry": {"type": "Polygon", "coordinates": [[[-73.9274148618416, 40.7035032456985], [-73.9271936976638, 40.7037276972644], [-73.9272677674478, 40.7037695362056], [-73.927488931515, 40.7035450844985], [-73.9274148618416, 40.7035032456985]]]}}, {"type": "Feature", "properties": {"zone_id": "0207DI3IUC94194WQT8JM2", "tract_id": "36047042700", "city": "BROOKLYN, NY", "zone_code": "R6", "zone_category": "Residential", "ev_permitted": false}, "geometry": {"type": "Polygon", "coordinates": [[[-73.9273417832757, 40.7034619660909], [-73.9271206180663, 40.7036864168144], [-73.9271936976638, 40.7037276972644], [-73.9274148618416, 40.7035032456985], [-73.9273417832757, 40.7034619660909]]]}}, {"type": "Feature", "properties": {"zone_id": "0204U4TSHFWZGDEFHM2WKV", "tract_id": "36047042700", "city": "BROOKLYN, NY", "zone_code": "R6", "zone_category": "Residential", "ev_permitted": false}, "geometry": {"type": "Polygon", "coordinates": [[[-73.9302215496651, 40.7033761599144], [-73.9300418498253, 40.7035592090253], [-73.9301094102219, 40.7035973925648], [-73.9302891090558, 40.7034143433487], [-73.9302215496651, 40.7033761599144]]]}}, {"type": "Feature", "properties": {"zone_id": "0203YV6KAD8D7A7YFP1NE3", "tract_id": "36047042700", "city": "BROOKLYN, NY", "zone_code": "R6", "zone_category": "Residential", "ev_permitted": false}, "geometry": {"type": "Polygon", "coordinates": [[[-73.9302891090558, 40.7034143433487], [-73.9301094102219, 40.7035973925648], [-73.930185625226, 40.7036404676122], [-73.9303653248901, 40.7034574182787], [-73.9302891090558, 40.7034143433487]]]}}, {"type": "Feature", "properties": {"zone_id": "02079KLBICHQJ9CEMCDHJR", "tract_id": "36047042700", "city": "BROOKLYN, NY", "zone_code": "R6", "zone_category": "Residential", "ev_permitted": false}, "geometry": {"type": "Polygon", "coordinates": [[[-73.9301460749865, 40.7033335034212], [-73.9299232023723, 40.703560530227], [-73.9299987224565, 40.7036031398144], [-73.9302215496651, 40.7033761599144], [-73.9301460749865, 40.7033335034212]]]}}, {"type": "Feature", "properties": {"zone_id": "02005PJ6155W4DOMIB2GN8", "tract_id": "36047042700", "city": "BROOKLYN, NY", "zone_code": "R6", "zone_category": "Residential", "ev_permitted": false}, "geometry": {"type": "Polygon", "coordinates": [[[-73.9296723277295, 40.7033538148241], [-73.929624423446, 40.7034026660947], [-73.9299162572482, 40.7035676052988], [-73.9299641965019, 40.703518772901], [-73.9296723277295, 40.7033538148241]]]}}, {"type": "Feature", "properties": {"zone_id": "0205NKVB5TSY9Y8WVO6LNK", "tract_id": "36047042700", "city": "BROOKLYN, NY", "zone_code": "R6", "zone_category": "Residential", "ev_permitted": false}, "geometry": {"type": "Polygon", "coordinates": [[[-73.9297144560454, 40.7033108532167], [-73.9296723277295, 40.7033538148241], [-73.9299641965019, 40.703518772901], [-73.9300063551851, 40.7034758280701], [-73.9297144560454, 40.7033108532167]]]}}, {"type": "Feature", "properties": {"zone_id": "0206XXOIKB9LC1W1GF8B1S", "tract_id": "36047042700", "city": "BROOKLYN, NY", "zone_code": "R6", "zone_category": "Residential", "ev_permitted": false}, "geometry": {"type": "Polygon", "coordinates": [[[-73.929759014266, 40.7032654140918], [-73.9297144560454, 40.7033108532167], [-73.9300063551851, 40.7034758280701], [-73.9300509446899, 40.7034304071213], [-73.929759014266, 40.7032654140918]]]}}, {"type": "Feature", "properties": {"zone_id": "0205ORXBM6EJPFGURMQ2UO", "tract_id": "36047042700", "city": "BROOKLYN, NY", "zone_code": "R6", "zone_category": "Residential", "ev_permitted": false}, "geometry": {"type": "Polygon", "coordinates": [[[-73.9298043552994, 40.7032191757996], [-73.929759014266, 40.7032654140918], [-73.9300509446899, 40.7034304071213], [-73.930096318852, 40.7033841877071], [-73.9298043552994, 40.7032191757996]]]}}, {"type": "Feature", "properties": {"zone_id": "0200JKCACO0WM336PAWP1W", "tract_id": "36047042700", "city": "BROOKLYN, NY", "zone_code": "R6", "zone_category": "Residential", "ev_permitted": false}, "geometry": {"type": "Polygon", "coordinates": [[[-73.9298540764683, 40.703168471943], [-73.9298043552994, 40.7032191757996], [-73.930096318852, 40.7033841877071], [-73.9301460749865, 40.7033335034212], [-73.9298540764683, 40.703168471943]]]}}, {"type": "Feature", "properties": {"zone_id": "0203FGD5PRR8YWCPN2LQX1", "tract_id": "36047042700", "city": "BROOKLYN, NY", "zone_code": "R6", "zone_category": "Residential", "ev_permitted": false}, "geometry": {"type": "Polygon", "coordinates": [[[-73.9272629691066, 40.7034174463599], [-73.9270415869365, 40.7036417752356], [-73.9271206180663, 40.7036864168144], [-73.9273417832757, 40.7034619660909], [-73.9272629691066, 40.7034174463599]]]}}, {"type": "Feature", "properties": {"zone_id": "0204MZV21KASB7MPXD52GF", "tract_id": "36047042700", "city": "BROOKLYN, NY", "zone_code": "R6", "zone_category": "Residential", "ev_permitted": false}, "geometry": {"type": "Polygon", "coordinates": [[[-73.929624423446, 40.7034026660947], [-73.9295810065471, 40.7034469408547], [-73.9298728099859, 40.7036118618802], [-73.9299162572482, 40.7035676052988], [-73.929624423446, 40.7034026660947]]]}}, {"type": "Feature", "properties": {"zone_id": "0206BOIEV17B7VBT1U8R9M", "tract_id": "36047042700", "city": "BROOKLYN, NY", "zone_code": "R6", "zone_category": "Residential", "ev_permitted": false}, "geometry": {"type": "Polygon", "coordinates": [[[-73.9291246012292, 40.7031853365122], [-73.9290770387388, 40.703233761252], [-73.9293658368874, 40.7033983233602], [-73.9294132839425, 40.703349833084], [-73.9291246012292, 40.7031853365122]]]}}, {"type": "Feature", "properties": {"zone_id": "0200E8RIT4BHHS2KV8E7M7", "tract_id": "36047042700", "city": "BROOKLYN, NY", "zone_code": "R6", "zone_category": "Residential", "ev_permitted": false}, "geometry": {"type": "Polygon", "coordinates": [[[-73.9289892950162, 40.703323093952], [-73.9289456837177, 40.7033674969398], [-73.9292348013917, 40.7035322401548], [-73.9292783064893, 40.7034877772669], [-73.9289892950162, 40.703323093952]]]}}, {"type": "Feature", "properties": {"zone_id": "0200YZARQB1GITH95B6JVA", "tract_id": "36047042700", "city": "BROOKLYN, NY", "zone_code": "R6", "zone_category": "Residential", "ev_permitted": false}, "geometry": {"type": "Polygon", "coordinates": [[[-73.9290340172623, 40.7032775617548], [-73.9289892950162, 40.703323093952], [-73.9292783064893, 40.7034877772669], [-73.9293229197646, 40.7034421830575], [-73.9290340172623, 40.7032775617548]]]}}, {"type": "Feature", "properties": {"zone_id": "0205ZY1JYDTFAD0G47WLMW", "tract_id": "36047042700", "city": "BROOKLYN, NY", "zone_code": "R6", "zone_category": "Residential", "ev_permitted": false}, "geometry": {"type": "Polygon", "coordinates": [[[-73.9290770387388, 40.703233761252], [-73.9290340172623, 40.7032775617548], [-73.9293229197646, 40.7034421830575], [-73.9293658368874, 40.7033983233602], [-73.9290770387388, 40.703233761252]]]}}, {"type": "Feature", "properties": {"zone_id": "0204CX6YTVQUEW6DQOD1NH", "tract_id": "36047042700", "city": "BROOKLYN, NY", "zone_code": "R6", "zone_category": "Residential", "ev_permitted": false}, "geometry": {"type": "Polygon", "coordinates": [[[-73.9293457791175, 40.7029601497647], [-73.9293024141573, 40.7030043007858], [-73.9295906656055, 40.7031685514235], [-73.9296339252898, 40.7031243398017], [-73.9293457791175, 40.7029601497647]]]}}, {"type": "Feature", "properties": {"zone_id": "0200G7DZFHXUQFHSMD0GEC", "tract_id": "36047042700", "city": "BROOKLYN, NY", "zone_code": "R6", "zone_category": "Residential", "ev_permitted": false}, "geometry": {"type": "Polygon", "coordinates": [[[-73.9293024141573, 40.7030043007858], [-73.9292577616003, 40.7030497621628], [-73.9295461220186, 40.7032140748121], [-73.9295906656055, 40.7031685514235], [-73.9293024141573, 40.7030043007858]]]}}, {"type": "Feature", "properties": {"zone_id": "020688M6WSO8JY1KEVW733", "tract_id": "36047042700", "city": "BROOKLYN, NY", "zone_code": "R6", "zone_category": "Residential", "ev_permitted": false}, "geometry": {"type": "Polygon", "coordinates": [[[-73.9291667944193, 40.7031423779548], [-73.9291246012292, 40.7031853365122], [-73.9294132839425, 40.703349833084], [-73.9294553755496, 40.7033068160387], [-73.9291667944193, 40.7031423779548]]]}}, {"type": "Feature", "properties": {"zone_id": "0205CITXWP1VTEFQJ8RJQ2", "tract_id": "36047042700", "city": "BROOKLYN, NY", "zone_code": "R6", "zone_category": "Residential", "ev_permitted": false}, "geometry": {"type": "Polygon", "coordinates": [[[-73.9292148522008, 40.703093448972], [-73.9291667944193, 40.7031423779548], [-73.9294553755496, 40.7033068160387], [-73.9295033169723, 40.7032578208152], [-73.9292148522008, 40.703093448972]]]}}, {"type": "Feature", "properties": {"zone_id": "020731E9QSZL1K2ADW4YWE", "tract_id": "36047042700", "city": "BROOKLYN, NY", "zone_code": "R6", "zone_category": "Residential", "ev_permitted": false}, "geometry": {"type": "Polygon", "coordinates": [[[-73.9292577616003, 40.7030497621628], [-73.9292148522008, 40.703093448972], [-73.9295033169723, 40.7032578208152], [-73.9295461220186, 40.7032140748121], [-73.9292577616003, 40.7030497621628]]]}}, {"type": "Feature", "properties": {"zone_id": "020402WZ3Q0XU8S24YKP6K", "tract_id": "36047042700", "city": "BROOKLYN, NY", "zone_code": "R6", "zone_category": "Residential", "ev_permitted": false}, "geometry": {"type": "Polygon", "coordinates": [[[-73.9286110083045, 40.7032372703299], [-73.9285540960487, 40.7032952129094], [-73.9288506847785, 40.7034642163355], [-73.9289075969216, 40.7034062729079], [-73.9286110083045, 40.7032372703299]]]}}, {"type": "Feature", "properties": {"zone_id": "020431SYBOGD3EXWSMWT7H", "tract_id": "36047042700", "city": "BROOKLYN, NY", "zone_code": "R6", "zone_category": "Residential", "ev_permitted": false}, "geometry": {"type": "Polygon", "coordinates": [[[-73.9289456837177, 40.7033674969398], [-73.9288772437293, 40.7034371761197], [-73.9291665267065, 40.7036020144657], [-73.9292348013917, 40.7035322401548], [-73.9289456837177, 40.7033674969398]]]}}, {"type": "Feature", "properties": {"zone_id": "02038QDL8C249QYRA4T3T9", "tract_id": "36047042700", "city": "BROOKLYN, NY", "zone_code": "R6", "zone_category": "Residential", "ev_permitted": false}, "geometry": {"type": "Polygon", "coordinates": [[[-73.9286618829147, 40.7031854736614], [-73.9286110083045, 40.7032372703299], [-73.9289075969216, 40.7034062729079], [-73.9289584714297, 40.7033544768121], [-73.9286618829147, 40.7031854736614]]]}}, {"type": "Feature", "properties": {"zone_id": "02050G78ZMQGAGDCM1VEGL", "tract_id": "36047042700", "city": "BROOKLYN, NY", "zone_code": "R6", "zone_category": "Residential", "ev_permitted": false}, "geometry": {"type": "Polygon", "coordinates": [[[-73.9285540960487, 40.7032952129094], [-73.9285014641624, 40.7033487981134], [-73.9287980529979, 40.7035178009713], [-73.9288506847785, 40.7034642163355], [-73.9285540960487, 40.7032952129094]]]}}, {"type": "Feature", "properties": {"zone_id": "02063922XU73HH4AGBDNW9", "tract_id": "36047042700", "city": "BROOKLYN, NY", "zone_code": "R6", "zone_category": "Residential", "ev_permitted": false}, "geometry": {"type": "Polygon", "coordinates": [[[-73.9285014641624, 40.7033487981134], [-73.9284482563475, 40.7034029689535], [-73.9287448452892, 40.7035719719473], [-73.9287980529979, 40.7035178009713], [-73.9285014641624, 40.7033487981134]]]}}, {"type": "Feature", "properties": {"zone_id": "0202V0GKV0LL3LONWB7X6S", "tract_id": "36047042700", "city": "BROOKLYN, NY", "zone_code": "R6", "zone_category": "Residential", "ev_permitted": false}, "geometry": {"type": "Polygon", "coordinates": [[[-73.9284482563475, 40.7034029689535], [-73.928392410463, 40.7034598258025], [-73.9286889995162, 40.7036288289389], [-73.9287448452892, 40.7035719719473], [-73.9284482563475, 40.7034029689535]]]}}, {"type": "Feature", "properties": {"zone_id": "02055V4MCN5H6OPC5MIGL6", "tract_id": "36047042700", "city": "BROOKLYN, NY", "zone_code": "R6", "zone_category": "Residential", "ev_permitted": false}, "geometry": {"type": "Polygon", "coordinates": [[[-73.9288761172006, 40.7029673571914], [-73.9288251116723, 40.703019288083], [-73.9291216998623, 40.7031882901141], [-73.9291727052874, 40.7031363604975], [-73.9288761172006, 40.7029673571914]]]}}, {"type": "Feature", "properties": {"zone_id": "02026OT9XXWZLLN0ENPPHC", "tract_id": "36047042700", "city": "BROOKLYN, NY", "zone_code": "R6", "zone_category": "Residential", "ev_permitted": false}, "geometry": {"type": "Polygon", "coordinates": [[[-73.9288251116723, 40.703019288083], [-73.9287710133595, 40.7030743649552], [-73.9290676035034, 40.7032433678283], [-73.9291216998623, 40.7031882901141], [-73.9288251116723, 40.703019288083]]]}}, {"type": "Feature", "properties": {"zone_id": "0205ZA2CXRS481O3TDM7AX", "tract_id": "36047042700", "city": "BROOKLYN, NY", "zone_code": "R6", "zone_category": "Residential", "ev_permitted": false}, "geometry": {"type": "Polygon", "coordinates": [[[-73.9287710133595, 40.7030743649552], [-73.9287189317804, 40.703127391283], [-73.9290155201815, 40.703296394288], [-73.9290676035034, 40.7032433678283], [-73.9287710133595, 40.7030743649552]]]}}, {"type": "Feature", "properties": {"zone_id": "0204OTOE0IC5S0D6S2D8RC", "tract_id": "36047042700", "city": "BROOKLYN, NY", "zone_code": "R6", "zone_category": "Residential", "ev_permitted": false}, "geometry": {"type": "Polygon", "coordinates": [[[-73.9287189317804, 40.703127391283], [-73.9286618829147, 40.7031854736614], [-73.9289584714297, 40.7033544768121], [-73.9290155201815, 40.703296394288], [-73.9287189317804, 40.703127391283]]]}}, {"type": "Feature", "properties": {"zone_id": "02018WOX3RRTH2YC91PODD", "tract_id": "36047042700", "city": "BROOKLYN, NY", "zone_code": "R6", "zone_category": "Residential", "ev_permitted": false}, "geometry": {"type": "Polygon", "coordinates": [[[-73.9293955511925, 40.7029094749447], [-73.9293457791175, 40.7029601497647], [-73.9296339252898, 40.7031243398017], [-73.929683577312, 40.7030735966268], [-73.9293955511925, 40.7029094749447]]]}}, {"type": "Feature", "properties": {"zone_id": "02032HU4PCRUODTIHK0VSG", "tract_id": "36047042700", "city": "BROOKLYN, NY", "zone_code": "R6", "zone_category": "Residential", "ev_permitted": false}, "geometry": {"type": "Polygon", "coordinates": [[[-73.9291770543059, 40.7027849712684], [-73.9289542089966, 40.7030118564024], [-73.9290335355167, 40.7030570582789], [-73.9292563816296, 40.7028301736959], [-73.9291770543059, 40.7027849712684]]]}}, {"type": "Feature", "properties": {"zone_id": "02016N7XZ7Y07SWMC9Y6Y6", "tract_id": "36047042700", "city": "BROOKLYN, NY", "zone_code": "R6", "zone_category": "Residential", "ev_permitted": false}, "geometry": {"type": "Polygon", "coordinates": [[[-73.9293236286228, 40.7028684917163], [-73.9291007835333, 40.7030953771317], [-73.9291727052874, 40.7031363604975], [-73.9293955511925, 40.7029094749447], [-73.9293236286228, 40.7028684917163]]]}}, {"type": "Feature", "properties": {"zone_id": "020435PMIZ9TRRSG7S2RSQ", "tract_id": "36047042700", "city": "BROOKLYN, NY", "zone_code": "R6", "zone_category": "Residential", "ev_permitted": false}, "geometry": {"type": "Polygon", "coordinates": [[[-73.9292563816296, 40.7028301736959], [-73.9290335355167, 40.7030570582789], [-73.9291007835333, 40.7030953771317], [-73.9293236286228, 40.7028684917163], [-73.9292563816296, 40.7028301736959]]]}}, {"type": "Feature", "properties": {"zone_id": "0204IJ6HTPR0LCLMHC7OPX", "tract_id": "36047042700", "city": "BROOKLYN, NY", "zone_code": "R6", "zone_category": "Residential", "ev_permitted": false}, "geometry": {"type": "Polygon", "coordinates": [[[-73.9290989626268, 40.7027404722073], [-73.9288761172006, 40.7029673571914], [-73.9289542089966, 40.7030118564024], [-73.9291770543059, 40.7027849712684], [-73.9290989626268, 40.7027404722073]]]}}, {"type": "Feature", "properties": {"zone_id": "0202ZVGSFKM23PHL2N20GN", "tract_id": "36047042700", "city": "BROOKLYN, NY", "zone_code": "R6", "zone_category": "Residential", "ev_permitted": false}, "geometry": {"type": "Polygon", "coordinates": [[[-73.9284197812759, 40.7027035085911], [-73.9283521827679, 40.7027721136205], [-73.9286447120919, 40.7029390358922], [-73.9287123104681, 40.7028704306925], [-73.9284197812759, 40.7027035085911]]]}}, {"type": "Feature", "properties": {"zone_id": "0206Z7OW3WA9ZREWIT0QIY", "tract_id": "36047042700", "city": "BROOKLYN, NY", "zone_code": "R6", "zone_category": "Residential", "ev_permitted": false}, "geometry": {"type": "Polygon", "coordinates": [[[-73.9282597361399, 40.7028659377594], [-73.9282035385796, 40.7029229713716], [-73.9284960681933, 40.7030898940178], [-73.9285522656441, 40.703032860264], [-73.9282597361399, 40.7028659377594]]]}}, {"type": "Feature", "properties": {"zone_id": "020692ZGPDZQUUXVV32QH8", "tract_id": "36047042700", "city": "BROOKLYN, NY", "zone_code": "R6", "zone_category": "Residential", "ev_permitted": false}, "geometry": {"type": "Polygon", "coordinates": [[[-73.9283521827679, 40.7027721136205], [-73.9283089939628, 40.7028159460733], [-73.928601523371, 40.7029828684538], [-73.9286447120919, 40.7029390358922], [-73.9283521827679, 40.7027721136205]]]}}, {"type": "Feature", "properties": {"zone_id": "0207DSY1BKOK4NGEXUUE23", "tract_id": "36047042700", "city": "BROOKLYN, NY", "zone_code": "R6", "zone_category": "Residential", "ev_permitted": false}, "geometry": {"type": "Polygon", "coordinates": [[[-73.9283089939628, 40.7028159460733], [-73.9282597361399, 40.7028659377594], [-73.9285522656441, 40.703032860264], [-73.928601523371, 40.7029828684538], [-73.9283089939628, 40.7028159460733]]]}}, {"type": "Feature", "properties": {"zone_id": "0204J0LBHYQ5SO1QBPRUX3", "tract_id": "36047042700", "city": "BROOKLYN, NY", "zone_code": "R6", "zone_category": "Residential", "ev_permitted": false}, "geometry": {"type": "Polygon", "coordinates": [[[-73.9288519240141, 40.7026058685574], [-73.9286348169913, 40.7028262120487], [-73.9287123104681, 40.7028704306925], [-73.9289294164548, 40.7026500877583], [-73.9288519240141, 40.7026058685574]]]}}, {"type": "Feature", "properties": {"zone_id": "02045AF65CKWY1CJF7XON5", "tract_id": "36047042700", "city": "BROOKLYN, NY", "zone_code": "R6", "zone_category": "Residential", "ev_permitted": false}, "geometry": {"type": "Polygon", "coordinates": [[[-73.9284911797909, 40.7024000213378], [-73.9282740731694, 40.7026203641551], [-73.9283493359452, 40.7026633112451], [-73.9285664433811, 40.7024429682876], [-73.9284911797909, 40.7024000213378]]]}}, {"type": "Feature", "properties": {"zone_id": "02067ZI53K4BFO7SRL1N14", "tract_id": "36047042700", "city": "BROOKLYN, NY", "zone_code": "R6", "zone_category": "Residential", "ev_permitted": false}, "geometry": {"type": "Polygon", "coordinates": [[[-73.9285664433811, 40.7024429682876], [-73.9283493359452, 40.7026633112451], [-73.9284197812759, 40.7027035085911], [-73.9286368876866, 40.7024831655013], [-73.9285664433811, 40.7024429682876]]]}}, {"type": "Feature", "properties": {"zone_id": "0202X563JVJZEK24XFEURE", "tract_id": "36047042700", "city": "BROOKLYN, NY", "zone_code": "R6", "zone_category": "Residential", "ev_permitted": false}, "geometry": {"type": "Polygon", "coordinates": [[[-73.9286368876866, 40.7024831655013], [-73.9284197812759, 40.7027035085911], [-73.9284950709991, 40.7027464703578], [-73.9287121791473, 40.7025261271284], [-73.9286368876866, 40.7024831655013]]]}}, {"type": "Feature", "properties": {"zone_id": "0203D67VBD47IP7R5PLZGD", "tract_id": "36047042700", "city": "BROOKLYN, NY", "zone_code": "R6", "zone_category": "Residential", "ev_permitted": false}, "geometry": {"type": "Polygon", "coordinates": [[[-73.9287121791473, 40.7025261271284], [-73.9284950709991, 40.7027464703578], [-73.928561804377, 40.7027845496006], [-73.9287789115054, 40.7025642062458], [-73.9287121791473, 40.7025261271284]]]}}, {"type": "Feature", "properties": {"zone_id": "0202OX7Z69O1AQQL42XHQU", "tract_id": "36047042700", "city": "BROOKLYN, NY", "zone_code": "R6", "zone_category": "Residential", "ev_permitted": false}, "geometry": {"type": "Polygon", "coordinates": [[[-73.9287789115054, 40.7025642062458], [-73.928561804377, 40.7027845496006], [-73.9286348169913, 40.7028262120487], [-73.9288519240141, 40.7026058685574], [-73.9287789115054, 40.7025642062458]]]}}, {"type": "Feature", "properties": {"zone_id": "02074I60R94KO2MF3FOQPN", "tract_id": "36047042700", "city": "BROOKLYN, NY", "zone_code": "R6", "zone_category": "Residential", "ev_permitted": false}, "geometry": {"type": "Polygon", "coordinates": [[[-73.9279343010139, 40.7031962180149], [-73.927877710988, 40.7032536496285], [-73.928170241237, 40.7034205730956], [-73.9282268311525, 40.7033631413394], [-73.9279343010139, 40.7031962180149]]]}}, {"type": "Feature", "properties": {"zone_id": "0201CD3LRD8IXLRSIIMOO7", "tract_id": "36047042700", "city": "BROOKLYN, NY", "zone_code": "R6", "zone_category": "Residential", "ev_permitted": false}, "geometry": {"type": "Polygon", "coordinates": [[[-73.927877710988, 40.7032536496285], [-73.927824875426, 40.7033072709344], [-73.9281174057771, 40.7034741952374], [-73.928170241237, 40.7034205730956], [-73.927877710988, 40.7032536496285]]]}}, {"type": "Feature", "properties": {"zone_id": "0200HPYVJJIKURGPGCXZJH", "tract_id": "36047042700", "city": "BROOKLYN, NY", "zone_code": "R6", "zone_category": "Residential", "ev_permitted": false}, "geometry": {"type": "Polygon", "coordinates": [[[-73.927824875426, 40.7033072709344], [-73.9277723411044, 40.7033605874503], [-73.9280648706355, 40.7035275111824], [-73.9281174057771, 40.7034741952374], [-73.927824875426, 40.7033072709344]]]}}, {"type": "Feature", "properties": {"zone_id": "0206TVT39BF2NVT3PZQ2TY", "tract_id": "36047042700", "city": "BROOKLYN, NY", "zone_code": "R6", "zone_category": "Residential", "ev_permitted": false}, "geometry": {"type": "Polygon", "coordinates": [[[-73.9277723411044, 40.7033605874503], [-73.9277171779437, 40.7034165709942], [-73.9280097075824, 40.7035834948652], [-73.9280648706355, 40.7035275111824], [-73.9277723411044, 40.7033605874503]]]}}, {"type": "Feature", "properties": {"zone_id": "02022NG2RXC6O7DBS9D7MG", "tract_id": "36047042700", "city": "BROOKLYN, NY", "zone_code": "R6", "zone_category": "Residential", "ev_permitted": false}, "geometry": {"type": "Polygon", "coordinates": [[[-73.9277171779437, 40.7034165709942], [-73.9276605025064, 40.7034740888731], [-73.9279530331789, 40.7036410128876], [-73.9280097075824, 40.7035834948652], [-73.9277171779437, 40.7034165709942]]]}}, {"type": "Feature", "properties": {"zone_id": "0205A6OSF8W5Y9YOLQ0P9G", "tract_id": "36047042700", "city": "BROOKLYN, NY", "zone_code": "R6", "zone_category": "Residential", "ev_permitted": false}, "geometry": {"type": "Polygon", "coordinates": [[[-73.9282035385796, 40.7029229713716], [-73.9281524643406, 40.7029748063611], [-73.9284449931314, 40.7031417284328], [-73.9284960681933, 40.7030898940178], [-73.9282035385796, 40.7029229713716]]]}}, {"type": "Feature", "properties": {"zone_id": "0206ELG7KV2FNPJ2BR5ZB1", "tract_id": "36047042700", "city": "BROOKLYN, NY", "zone_code": "R6", "zone_category": "Residential", "ev_permitted": false}, "geometry": {"type": "Polygon", "coordinates": [[[-73.9281524643406, 40.7029748063611], [-73.9280961575269, 40.7030319522777], [-73.9283886864267, 40.7031988751938], [-73.9284449931314, 40.7031417284328], [-73.9281524643406, 40.7029748063611]]]}}, {"type": "Feature", "properties": {"zone_id": "02057CUVPEKH63G0Y19O1G", "tract_id": "36047042700", "city": "BROOKLYN, NY", "zone_code": "R6", "zone_category": "Residential", "ev_permitted": false}, "geometry": {"type": "Polygon", "coordinates": [[[-73.928041129859, 40.7030877990447], [-73.9279343010139, 40.7031962180149], [-73.9282268311525, 40.7033631413394], [-73.9283336597894, 40.7032547221001], [-73.928041129859, 40.7030877990447]]]}}, {"type": "Feature", "properties": {"zone_id": "0205YN7O24DIYSBT61E28W", "tract_id": "36047042700", "city": "", "zone_code": "R6", "zone_category": "Residential", "ev_permitted": false}, "geometry": {"type": "Polygon", "coordinates": [[[-73.9280961575269, 40.7030319522777], [-73.928041129859, 40.7030877990447], [-73.9283336597894, 40.7032547221001], [-73.9283886864267, 40.7031988751938], [-73.9280961575269, 40.7030319522777]]]}}, {"type": "Feature", "properties": {"zone_id": "0202WV3VIVDPZOI3B57XLG", "tract_id": "36047042700", "city": "BROOKLYN, NY", "zone_code": "R6", "zone_category": "Residential", "ev_permitted": false}, "geometry": {"type": "Polygon", "coordinates": [[[-73.9276968851882, 40.7029777491054], [-73.9276444888357, 40.7030308436112], [-73.9279343010139, 40.7031962180149], [-73.9279866455929, 40.7031430938342], [-73.9276968851882, 40.7029777491054]]]}}, {"type": "Feature", "properties": {"zone_id": "02033TY7OT5EGEYWSVOJ9F", "tract_id": "36047042700", "city": "BROOKLYN, NY", "zone_code": "R6", "zone_category": "Residential", "ev_permitted": false}, "geometry": {"type": "Polygon", "coordinates": [[[-73.9277514221544, 40.7029224846993], [-73.9276968851882, 40.7029777491054], [-73.9279866455929, 40.7031430938342], [-73.928041129859, 40.7030877990447], [-73.9277514221544, 40.7029224846993]]]}}, {"type": "Feature", "properties": {"zone_id": "0206G53LK5FO2YIG7U8Q9W", "tract_id": "36047042700", "city": "BROOKLYN, NY", "zone_code": "R6", "zone_category": "Residential", "ev_permitted": false}, "geometry": {"type": "Polygon", "coordinates": [[[-73.9275878433365, 40.7030882441317], [-73.9275349559999, 40.7031418357615], [-73.927824875426, 40.7033072709344], [-73.927877710988, 40.7032536496285], [-73.9275878433365, 40.7030882441317]]]}}, {"type": "Feature", "properties": {"zone_id": "0206V5LB2BBHPY18I97S3R", "tract_id": "36047042700", "city": "BROOKLYN, NY", "zone_code": "R6", "zone_category": "Residential", "ev_permitted": false}, "geometry": {"type": "Polygon", "coordinates": [[[-73.9276444888357, 40.7030308436112], [-73.9275878433365, 40.7030882441317], [-73.927877710988, 40.7032536496285], [-73.9279343010139, 40.7031962180149], [-73.9276444888357, 40.7030308436112]]]}}, {"type": "Feature", "properties": {"zone_id": "0205PSIOT8JAGR5CJC66YI", "tract_id": "36047042700", "city": "BROOKLYN, NY", "zone_code": "R6", "zone_category": "Residential", "ev_permitted": false}, "geometry": {"type": "Polygon", "coordinates": [[[-73.9273203231943, 40.7033593283302], [-73.9272629691066, 40.7034174463599], [-73.9275542122274, 40.7035819590468], [-73.9276104515697, 40.7035248836225], [-73.9273203231943, 40.7033593283302]]]}}, {"type": "Feature", "properties": {"zone_id": "02027PHUVO8IBNGYHM5N04", "tract_id": "36047042700", "city": "BROOKLYN, NY", "zone_code": "R6", "zone_category": "Residential", "ev_permitted": false}, "geometry": {"type": "Polygon", "coordinates": [[[-73.9273704231327, 40.7033085611405], [-73.9273203231943, 40.7033593283302], [-73.9276104515697, 40.7035248836225], [-73.9276605025064, 40.7034740888731], [-73.9273704231327, 40.7033085611405]]]}}, {"type": "Feature", "properties": {"zone_id": "0206HU9AL29BTYM5HCKJGV", "tract_id": "36047042700", "city": "BROOKLYN, NY", "zone_code": "R6", "zone_category": "Residential", "ev_permitted": false}, "geometry": {"type": "Polygon", "coordinates": [[[-73.9274271531189, 40.7032510757598], [-73.9273704231327, 40.7033085611405], [-73.9276605025064, 40.7034740888731], [-73.9277171779437, 40.7034165709942], [-73.9274271531189, 40.7032510757598]]]}}, {"type": "Feature", "properties": {"zone_id": "0207CBJY0T9E95RSLO9J8Z", "tract_id": "36047042700", "city": "BROOKLYN, NY", "zone_code": "R6", "zone_category": "Residential", "ev_permitted": false}, "geometry": {"type": "Polygon", "coordinates": [[[-73.9274823699044, 40.7031951226019], [-73.9274271531189, 40.7032510757598], [-73.9277171779437, 40.7034165709942], [-73.9277723411044, 40.7033605874503], [-73.9274823699044, 40.7031951226019]]]}}, {"type": "Feature", "properties": {"zone_id": "0202O4KLXBF38529VKSJGS", "tract_id": "36047042700", "city": "BROOKLYN, NY", "zone_code": "R6", "zone_category": "Residential", "ev_permitted": false}, "geometry": {"type": "Polygon", "coordinates": [[[-73.9270194066799, 40.7032848035143], [-73.9269569891846, 40.7033486750761], [-73.9270347838321, 40.7033931163757], [-73.9270972012944, 40.7033292447721], [-73.9270194066799, 40.7032848035143]]]}}, {"type": "Feature", "properties": {"zone_id": "0203GEUSZVLIJT6M7LXUP5", "tract_id": "36047042700", "city": "BROOKLYN, NY", "zone_code": "R6", "zone_category": "Residential", "ev_permitted": false}, "geometry": {"type": "Polygon", "coordinates": [[[-73.9275349559999, 40.7031418357615], [-73.9274823699044, 40.7031951226019], [-73.9277723411044, 40.7033605874503], [-73.927824875426, 40.7033072709344], [-73.9275349559999, 40.7031418357615]]]}}, {"type": "Feature", "properties": {"zone_id": "0201GUL5S1V4KQ7IRZOEGF", "tract_id": "36047042700", "city": "BROOKLYN, NY", "zone_code": "R6", "zone_category": "Residential", "ev_permitted": false}, "geometry": {"type": "Polygon", "coordinates": [[[-73.9270224732246, 40.7029345321881], [-73.9269653154975, 40.7029930212017], [-73.9272608095884, 40.7031618249711], [-73.9273179662769, 40.7031033365141], [-73.9270224732246, 40.7029345321881]]]}}, {"type": "Feature", "properties": {"zone_id": "0206ZY4RE6W6NLGJDNKJRS", "tract_id": "36047042700", "city": "BROOKLYN, NY", "zone_code": "R6", "zone_category": "Residential", "ev_permitted": false}, "geometry": {"type": "Polygon", "coordinates": [[[-73.9269653154975, 40.7029930212017], [-73.9269154395515, 40.7030440588835], [-73.9272109337423, 40.7032128627798], [-73.9272608095884, 40.7031618249711], [-73.9269653154975, 40.7029930212017]]]}}, {"type": "Feature", "properties": {"zone_id": "0202UPY33DBZF9NKAYD5C6", "tract_id": "36047042700", "city": "BROOKLYN, NY", "zone_code": "R6", "zone_category": "Residential", "ev_permitted": false}, "geometry": {"type": "Polygon", "coordinates": [[[-73.9269154395515, 40.7030440588835], [-73.9268590331183, 40.7031017796104], [-73.9271545264989, 40.7032705836497], [-73.9272109337423, 40.7032128627798], [-73.9269154395515, 40.7030440588835]]]}}, {"type": "Feature", "properties": {"zone_id": "020372NTOCRV22XFLL7KGL", "tract_id": "36047042700", "city": "BROOKLYN, NY", "zone_code": "R6", "zone_category": "Residential", "ev_permitted": false}, "geometry": {"type": "Polygon", "coordinates": [[[-73.9279139898963, 40.7027577481741], [-73.9278628666564, 40.7028095534938], [-73.9281524643406, 40.7029748063611], [-73.9282035385796, 40.7029229713716], [-73.9279139898963, 40.7027577481741]]]}}, {"type": "Feature", "properties": {"zone_id": "0204NTI4D683E98LBMWX2B", "tract_id": "36047042700", "city": "BROOKLYN, NY", "zone_code": "R6", "zone_category": "Residential", "ev_permitted": false}, "geometry": {"type": "Polygon", "coordinates": [[[-73.9279702420057, 40.7027007456531], [-73.9279139898963, 40.7027577481741], [-73.9282035385796, 40.7029229713716], [-73.9282597361399, 40.7028659377594], [-73.9279702420057, 40.7027007456531]]]}}, {"type": "Feature", "properties": {"zone_id": "02030GXKUQ54TF1YQ5KRA9", "tract_id": "36047042700", "city": "BROOKLYN, NY", "zone_code": "R6", "zone_category": "Residential", "ev_permitted": false}, "geometry": {"type": "Polygon", "coordinates": [[[-73.927806503446, 40.7028666690201], [-73.9277514221544, 40.7029224846993], [-73.928041129859, 40.7030877990447], [-73.9280961575269, 40.7030319522777], [-73.927806503446, 40.7028666690201]]]}}, {"type": "Feature", "properties": {"zone_id": "0203Y5IV8QYT92P0EXYKX5", "tract_id": "36047042700", "city": "BROOKLYN, NY", "zone_code": "R6", "zone_category": "Residential", "ev_permitted": false}, "geometry": {"type": "Polygon", "coordinates": [[[-73.9278628666564, 40.7028095534938], [-73.927806503446, 40.7028666690201], [-73.9280961575269, 40.7030319522777], [-73.9281524643406, 40.7029748063611], [-73.9278628666564, 40.7028095534938]]]}}, {"type": "Feature", "properties": {"zone_id": "0204A6VN9ZHWI62RQ4IHFC", "tract_id": "36047042700", "city": "BROOKLYN, NY", "zone_code": "R6", "zone_category": "Residential", "ev_permitted": false}, "geometry": {"type": "Polygon", "coordinates": [[[-73.9280223226537, 40.7026479698074], [-73.9279702420057, 40.7027007456531], [-73.9282597361399, 40.7028659377594], [-73.9283117659377, 40.7028131329432], [-73.9280223226537, 40.7026479698074]]]}}, {"type": "Feature", "properties": {"zone_id": "0204T2H9N4VXIMRGOZNC1F", "tract_id": "36047042700", "city": "BROOKLYN, NY", "zone_code": "R6", "zone_category": "Residential", "ev_permitted": false}, "geometry": {"type": "Polygon", "coordinates": [[[-73.9280792437693, 40.7025902895837], [-73.9280223226537, 40.7026479698074], [-73.9283117659377, 40.7028131329432], [-73.9283686315813, 40.7027554202208], [-73.9280792437693, 40.7025902895837]]]}}, {"type": "Feature", "properties": {"zone_id": "0206A9BLPUA4CVRK039GB0", "tract_id": "36047042700", "city": "BROOKLYN, NY", "zone_code": "R6", "zone_category": "Residential", "ev_permitted": false}, "geometry": {"type": "Polygon", "coordinates": [[[-73.9281304443131, 40.7025384062197], [-73.9280792437693, 40.7025902895837], [-73.9283686315813, 40.7027554202208], [-73.9284197812759, 40.7027035085911], [-73.9281304443131, 40.7025384062197]]]}}, {"type": "Feature", "properties": {"zone_id": "0202UQPFIIZKX4203YYSUW", "tract_id": "36047042700", "city": "BROOKLYN, NY", "zone_code": "R6", "zone_category": "Residential", "ev_permitted": false}, "geometry": {"type": "Polygon", "coordinates": [[[-73.9272807581291, 40.7026702277198], [-73.9271849336525, 40.7027682859043], [-73.92748042638, 40.7029370891141], [-73.9275762515879, 40.7028390306863], [-73.9272807581291, 40.7026702277198]]]}}, {"type": "Feature", "properties": {"zone_id": "0207D3KSV2UMN7GJRZFKKY", "tract_id": "36047042700", "city": "BROOKLYN, NY", "zone_code": "R6", "zone_category": "Residential", "ev_permitted": false}, "geometry": {"type": "Polygon", "coordinates": [[[-73.9271849336525, 40.7027682859043], [-73.9271310779002, 40.7028233958893], [-73.9274265716582, 40.7029921999395], [-73.92748042638, 40.7029370891141], [-73.9271849336525, 40.7027682859043]]]}}, {"type": "Feature", "properties": {"zone_id": "020211EVL3UHAX7VU8WTT9", "tract_id": "36047042700", "city": "BROOKLYN, NY", "zone_code": "R6", "zone_category": "Residential", "ev_permitted": false}, "geometry": {"type": "Polygon", "coordinates": [[[-73.9271310779002, 40.7028233958893], [-73.9270759658971, 40.7028797930291], [-73.927371458843, 40.7030485965162], [-73.9274265716582, 40.7029921999395], [-73.9271310779002, 40.7028233958893]]]}}, {"type": "Feature", "properties": {"zone_id": "0205A4INSIEGGSJ04SJK9F", "tract_id": "36047042700", "city": "BROOKLYN, NY", "zone_code": "R6", "zone_category": "Residential", "ev_permitted": false}, "geometry": {"type": "Polygon", "coordinates": [[[-73.9270759658971, 40.7028797930291], [-73.9270224732246, 40.7029345321881], [-73.9273179662769, 40.7031033365141], [-73.927371458843, 40.7030485965162], [-73.9270759658971, 40.7028797930291]]]}}, {"type": "Feature", "properties": {"zone_id": "02052OIU55T8NBOAT5NUDD", "tract_id": "36047042700", "city": "BROOKLYN, NY", "zone_code": "R6", "zone_category": "Residential", "ev_permitted": false}, "geometry": {"type": "Polygon", "coordinates": [[[-73.9274413529229, 40.7025058890182], [-73.9273880882331, 40.7025603952099], [-73.9276835814768, 40.7027291979034], [-73.9277368451367, 40.7026746915755], [-73.9274413529229, 40.7025058890182]]]}}, {"type": "Feature", "properties": {"zone_id": "0203KMY059GFF2K0YHRG76", "tract_id": "36047042700", "city": "BROOKLYN, NY", "zone_code": "R6", "zone_category": "Residential", "ev_permitted": false}, "geometry": {"type": "Polygon", "coordinates": [[[-73.9273880882331, 40.7025603952099], [-73.9273369466166, 40.7026127293891], [-73.9276324399628, 40.7027815322127], [-73.9276835814768, 40.7027291979034], [-73.9273880882331, 40.7025603952099]]]}}, {"type": "Feature", "properties": {"zone_id": "0203TAMM4241BN2CA4LWDH", "tract_id": "36047042700", "city": "BROOKLYN, NY", "zone_code": "R6", "zone_category": "Residential", "ev_permitted": false}, "geometry": {"type": "Polygon", "coordinates": [[[-73.9273369466166, 40.7026127293891], [-73.9272807581291, 40.7026702277198], [-73.9275762515879, 40.7028390306863], [-73.9276324399628, 40.7027815322127], [-73.9273369466166, 40.7026127293891]]]}}, {"type": "Feature", "properties": {"zone_id": "0200FVTFNH70T86C4VP35M", "tract_id": "36047042700", "city": "BROOKLYN, NY", "zone_code": "R6", "zone_category": "Residential", "ev_permitted": false}, "geometry": {"type": "Polygon", "coordinates": [[[-73.927535856725, 40.7024091817042], [-73.9274887971167, 40.7024573376933], [-73.9277842901587, 40.7026261401304], [-73.9278313496734, 40.7025779833189], [-73.927535856725, 40.7024091817042]]]}}, {"type": "Feature", "properties": {"zone_id": "020317N245NE6ROQUMTD8P", "tract_id": "36047042700", "city": "BROOKLYN, NY", "zone_code": "R6", "zone_category": "Residential", "ev_permitted": false}, "geometry": {"type": "Polygon", "coordinates": [[[-73.9274887971167, 40.7024573376933], [-73.9274413529229, 40.7025058890182], [-73.9277368451367, 40.7026746915755], [-73.9277842901587, 40.7026261401304], [-73.9274887971167, 40.7024573376933]]]}}, {"type": "Feature", "properties": {"zone_id": "0205CD3IP4FTCRUNLMIBZP", "tract_id": "36047042700", "city": "BROOKLYN, NY", "zone_code": "R6", "zone_category": "Residential", "ev_permitted": false}, "geometry": {"type": "Polygon", "coordinates": [[[-73.926887773214, 40.7025985512524], [-73.9268337881723, 40.7026535886436], [-73.9271310779002, 40.7028233958893], [-73.9271849336525, 40.7027682859043], [-73.926887773214, 40.7025985512524]]]}}, {"type": "Feature", "properties": {"zone_id": "02060QCW6KWAKZ5F4JOBRI", "tract_id": "36047042700", "city": "BROOKLYN, NY", "zone_code": "R6", "zone_category": "Residential", "ev_permitted": false}, "geometry": {"type": "Polygon", "coordinates": [[[-73.9269392994758, 40.7025460200692], [-73.926887773214, 40.7025985512524], [-73.9271849336525, 40.7027682859043], [-73.9272363380139, 40.7027156842461], [-73.9269392994758, 40.7025460200692]]]}}, {"type": "Feature", "properties": {"zone_id": "0203MEN9OXAHGKYNLJHABK", "tract_id": "36047042700", "city": "BROOKLYN, NY", "zone_code": "R6", "zone_category": "Residential", "ev_permitted": false}, "geometry": {"type": "Polygon", "coordinates": [[[-73.9269950839917, 40.7024891477182], [-73.9269392994758, 40.7025460200692], [-73.9272363380139, 40.7027156842461], [-73.927291987701, 40.70265873578], [-73.9269950839917, 40.7024891477182]]]}}, {"type": "Feature", "properties": {"zone_id": "0202CJC1GUM5S6R3PYR1DC", "tract_id": "36047042700", "city": "BROOKLYN, NY", "zone_code": "R6", "zone_category": "Residential", "ev_permitted": false}, "geometry": {"type": "Polygon", "coordinates": [[[-73.9270485733334, 40.7024346151489], [-73.9269950839917, 40.7024891477182], [-73.927291987701, 40.70265873578], [-73.9273453496011, 40.7026041306196], [-73.9270485733334, 40.7024346151489]]]}}, {"type": "Feature", "properties": {"zone_id": "0205TMCUQNVGIZL7KCPE7D", "tract_id": "36047042700", "city": "BROOKLYN, NY", "zone_code": "R6", "zone_category": "Residential", "ev_permitted": false}, "geometry": {"type": "Polygon", "coordinates": [[[-73.9283477633677, 40.7023181846606], [-73.9281304443131, 40.7025384062197], [-73.9282066203981, 40.7025818739423], [-73.9284237280404, 40.7023615312516], [-73.9283477633677, 40.7023181846606]]]}}, {"type": "Feature", "properties": {"zone_id": "02001N5V7Q0M19ZYPJWYPZ", "tract_id": "36047042700", "city": "BROOKLYN, NY", "zone_code": "R6", "zone_category": "Residential", "ev_permitted": false}, "geometry": {"type": "Polygon", "coordinates": [[[-73.9284237280404, 40.7023615312516], [-73.9282066203981, 40.7025818739423], [-73.9282740731694, 40.7026203641551], [-73.9284911797909, 40.7024000213378], [-73.9284237280404, 40.7023615312516]]]}}, {"type": "Feature", "properties": {"zone_id": "0206NQ4K0GUW6RKMB7SLBB", "tract_id": "36047042700", "city": "BROOKLYN, NY", "zone_code": "R6", "zone_category": "Residential", "ev_permitted": false}, "geometry": {"type": "Polygon", "coordinates": [[[-73.9281040549934, 40.7021770572692], [-73.9279276560508, 40.7023575720812], [-73.9280040762648, 40.7024012277022], [-73.9281804751168, 40.7022207120715], [-73.9281040549934, 40.7021770572692]]]}}, {"type": "Feature", "properties": {"zone_id": "0200CVOF2I1IO5EOLFJ8UA", "tract_id": "36047042700", "city": "BROOKLYN, NY", "zone_code": "R6", "zone_category": "Residential", "ev_permitted": false}, "geometry": {"type": "Polygon", "coordinates": [[[-73.9280302868464, 40.7021349169016], [-73.9278538093852, 40.7023153865821], [-73.9279276560508, 40.7023575720812], [-73.9281040549934, 40.7021770572692], [-73.9280302868464, 40.7021349169016]]]}}, {"type": "Feature", "properties": {"zone_id": "0201VST9WEQANG0PQ0O7U2", "tract_id": "36047042700", "city": "BROOKLYN, NY", "zone_code": "R6", "zone_category": "Residential", "ev_permitted": false}, "geometry": {"type": "Polygon", "coordinates": [[[-73.927708583664, 40.7022324251217], [-73.9276491616559, 40.7022932332413], [-73.9279446543765, 40.7024620352703], [-73.9280040762648, 40.7024012277022], [-73.927708583664, 40.7022324251217]]]}}, {"type": "Feature", "properties": {"zone_id": "0201OUSDZAJZ42BGXCHHAR", "tract_id": "36047042700", "city": "BROOKLYN, NY", "zone_code": "R6", "zone_category": "Residential", "ev_permitted": false}, "geometry": {"type": "Polygon", "coordinates": [[[-73.9276491616559, 40.7022932332413], [-73.9275802708859, 40.7023637306782], [-73.9278757646678, 40.7025325328831], [-73.9279446543765, 40.7024620352703], [-73.9276491616559, 40.7022932332413]]]}}, {"type": "Feature", "properties": {"zone_id": "0200R61YNBFOBGDMYXCU1B", "tract_id": "36047042700", "city": "BROOKLYN, NY", "zone_code": "R6", "zone_category": "Residential", "ev_permitted": false}, "geometry": {"type": "Polygon", "coordinates": [[[-73.9275802708859, 40.7023637306782], [-73.927535856725, 40.7024091817042], [-73.9278313496734, 40.7025779833189], [-73.9278757646678, 40.7025325328831], [-73.9275802708859, 40.7023637306782]]]}}, {"type": "Feature", "properties": {"zone_id": "0200WFN7HNC7BP3ZLEJ5J0", "tract_id": "36047042700", "city": "BROOKLYN, NY", "zone_code": "R6", "zone_category": "Residential", "ev_permitted": false}, "geometry": {"type": "Polygon", "coordinates": [[[-73.9278849828687, 40.7020519106426], [-73.927708583664, 40.7022324251217], [-73.9277876056407, 40.7022775672425], [-73.9279640047508, 40.7020970526433], [-73.9278849828687, 40.7020519106426]]]}}, {"type": "Feature", "properties": {"zone_id": "0204QJS0G2K851CMD0EWXI", "tract_id": "36047042700", "city": "BROOKLYN, NY", "zone_code": "R6", "zone_category": "Residential", "ev_permitted": false}, "geometry": {"type": "Polygon", "coordinates": [[[-73.9279640047508, 40.7020970526433], [-73.9277876056407, 40.7022775672425], [-73.9278538093852, 40.7023153865821], [-73.9280302868464, 40.7021349169016], [-73.9279640047508, 40.7020970526433]]]}}, {"type": "Feature", "properties": {"zone_id": "0202YF21IT5W2QX9YD4Z32", "tract_id": "36047042700", "city": "BROOKLYN, NY", "zone_code": "R6", "zone_category": "Residential", "ev_permitted": false}, "geometry": {"type": "Polygon", "coordinates": [[[-73.9272614992188, 40.7022175351478], [-73.9272097294458, 40.7022703157675], [-73.9275061206211, 40.7024396106513], [-73.9275577675705, 40.7023867595561], [-73.9272614992188, 40.7022175351478]]]}}, {"type": "Feature", "properties": {"zone_id": "02079PN85CNOERU962GAKA", "tract_id": "36047042700", "city": "BROOKLYN, NY", "zone_code": "R6", "zone_category": "Residential", "ev_permitted": false}, "geometry": {"type": "Polygon", "coordinates": [[[-73.927318874845, 40.7021590404982], [-73.9272614992188, 40.7022175351478], [-73.9275577675705, 40.7023867595561], [-73.9276150055985, 40.7023281859757], [-73.927318874845, 40.7021590404982]]]}}, {"type": "Feature", "properties": {"zone_id": "0201BN66UYMA9QD36DBHCS", "tract_id": "36047042700", "city": "BROOKLYN, NY", "zone_code": "R6", "zone_category": "Residential", "ev_permitted": false}, "geometry": {"type": "Polygon", "coordinates": [[[-73.9270995576925, 40.7023826365431], [-73.9270485733334, 40.7024346151489], [-73.9273453496011, 40.7026041306196], [-73.9274522127129, 40.7024947755633], [-73.9274375028256, 40.7024863716094], [-73.9273815012441, 40.7025436782817], [-73.9270995576925, 40.7023826365431]]]}}, {"type": "Feature", "properties": {"zone_id": "0202E84IAWEOFC5P026C9K", "tract_id": "36047042700", "city": "BROOKLYN, NY", "zone_code": "R6", "zone_category": "Residential", "ev_permitted": false}, "geometry": {"type": "Polygon", "coordinates": [[[-73.9272097294458, 40.7022703157675], [-73.9271556931734, 40.7023254066814], [-73.9274522127129, 40.7024947755633], [-73.9275061206211, 40.7024396106513], [-73.9272097294458, 40.7022703157675]]]}}, {"type": "Feature", "properties": {"zone_id": "0205CBGC43HBH4Y0YXHLHP", "tract_id": "36047042700", "city": "BROOKLYN, NY", "zone_code": "R6", "zone_category": "Residential", "ev_permitted": false}, "geometry": {"type": "Polygon", "coordinates": [[[-73.9271556931734, 40.7023254066814], [-73.9270995576925, 40.7023826365431], [-73.9273815012441, 40.7025436782817], [-73.9274375028256, 40.7024863716094], [-73.9271556931734, 40.7023254066814]]]}}, {"type": "Feature", "properties": {"zone_id": "0201NEJJPBENCBPT61VM9T", "tract_id": "36047042700", "city": "BROOKLYN, NY", "zone_code": "R6", "zone_category": "Residential", "ev_permitted": false}, "geometry": {"type": "Polygon", "coordinates": [[[-73.9275895124169, 40.7018831197068], [-73.9273706352009, 40.7021062703626], [-73.9274498266011, 40.7021514880078], [-73.9276673832839, 40.701927604201], [-73.9275895124169, 40.7018831197068]]]}}, {"type": "Feature", "properties": {"zone_id": "0205KW5A9S7OX3ACZFDTCS", "tract_id": "36047042700", "city": "BROOKLYN, NY", "zone_code": "R6", "zone_category": "Residential", "ev_permitted": false}, "geometry": {"type": "Polygon", "coordinates": [[[-73.9276673832839, 40.701927604201], [-73.9274498266011, 40.7021514880078], [-73.9276666412844, 40.7022753453638], [-73.9278849828687, 40.7020519106426], [-73.9276673832839, 40.701927604201]]]}}, {"type": "Feature", "properties": {"zone_id": "0203OZZ928BIN0482TOD73", "tract_id": "36047042700", "city": "BROOKLYN, NY", "zone_code": "R6", "zone_category": "Residential", "ev_permitted": false}, "geometry": {"type": "Polygon", "coordinates": [[[-73.9273706352009, 40.7021062703626], [-73.927318874845, 40.7021590404982], [-73.9276150055985, 40.7023281859757], [-73.9276666412844, 40.7022753453638], [-73.9273706352009, 40.7021062703626]]]}}, {"type": "Feature", "properties": {"zone_id": "02057T8FZ9KRIL28UX35B5", "tract_id": "36047042700", "city": "BROOKLYN, NY", "zone_code": "R6", "zone_category": "Residential", "ev_permitted": false}, "geometry": {"type": "Polygon", "coordinates": [[[-73.9273589802804, 40.7017464679358], [-73.9272833832178, 40.7018234015511], [-73.9273611457621, 40.7018685449285], [-73.9274367430165, 40.701791611614], [-73.9273589802804, 40.7017464679358]]]}}, {"type": "Feature", "properties": {"zone_id": "0201Z4EERZBTUUIXZVY5MP", "tract_id": "36047042700", "city": "BROOKLYN, NY", "zone_code": "R6", "zone_category": "Residential", "ev_permitted": false}, "geometry": {"type": "Polygon", "coordinates": [[[-73.9271484037694, 40.7016242223282], [-73.9269234638296, 40.7018531371447], [-73.9269900024575, 40.7018912108568], [-73.9272145956835, 40.7016626491303], [-73.9271484037694, 40.7016242223282]]]}}, {"type": "Feature", "properties": {"zone_id": "0202E5BDQWRL5NP1DXMRRF", "tract_id": "36047042700", "city": "BROOKLYN, NY", "zone_code": "R6", "zone_category": "Residential", "ev_permitted": false}, "geometry": {"type": "Polygon", "coordinates": [[[-73.9272145956835, 40.7016626491303], [-73.9270392809984, 40.7018410609195], [-73.9271181165076, 40.7018861773861], [-73.9272930234847, 40.7017081790872], [-73.9272145956835, 40.7016626491303]]]}}, {"type": "Feature", "properties": {"zone_id": "0205071TC37QFZG48GL42U", "tract_id": "36047042700", "city": "BROOKLYN, NY", "zone_code": "R6", "zone_category": "Residential", "ev_permitted": false}, "geometry": {"type": "Polygon", "coordinates": [[[-73.9272930234847, 40.7017081790872], [-73.9271181165076, 40.7018861773861], [-73.9271844153717, 40.7019241187335], [-73.9273589802804, 40.7017464679358], [-73.9272930234847, 40.7017081790872]]]}}, {"type": "Feature", "properties": {"zone_id": "02070YVRRN29Z0DQAK2CDQ", "tract_id": "36047042700", "city": "BROOKLYN, NY", "zone_code": "R6", "zone_category": "Residential", "ev_permitted": false}, "geometry": {"type": "Polygon", "coordinates": [[[-73.9270392809984, 40.7018410609195], [-73.9269900024575, 40.7018912108568], [-73.9272133082741, 40.7020189954386], [-73.9272625867414, 40.7019688454066], [-73.9270392809984, 40.7018410609195]]]}}, {"type": "Feature", "properties": {"zone_id": "0205KMOYUOEGDAV4SXDZKN", "tract_id": "36047042700", "city": "BROOKLYN, NY", "zone_code": "R6", "zone_category": "Residential", "ev_permitted": false}, "geometry": {"type": "Polygon", "coordinates": [[[-73.9269234638296, 40.7018531371447], [-73.9268729641794, 40.7019045292626], [-73.9271628077984, 40.7020703876819], [-73.9272133082741, 40.7020189954386], [-73.9269234638296, 40.7018531371447]]]}}, {"type": "Feature", "properties": {"zone_id": "0206YKTECXJH2AUNPE3WBT", "tract_id": "36047042700", "city": "BROOKLYN, NY", "zone_code": "R6", "zone_category": "Residential", "ev_permitted": false}, "geometry": {"type": "Polygon", "coordinates": [[[-73.9272833832178, 40.7018234015511], [-73.9271844153717, 40.7019241187335], [-73.9272625867414, 40.7019688454066], [-73.9273611457621, 40.7018685449285], [-73.9272833832178, 40.7018234015511]]]}}, {"type": "Feature", "properties": {"zone_id": "0204G40X674NYD67SSJF4M", "tract_id": "36047042700", "city": "BROOKLYN, NY", "zone_code": "M1-1", "zone_category": "Industrial", "ev_permitted": true}, "geometry": {"type": "Polygon", "coordinates": [[[-73.9270083957916, 40.7048765555419], [-73.9265301378727, 40.7053629515064], [-73.9265918881212, 40.7054476094291], [-73.9274337402977, 40.7051193243784], [-73.9270083957916, 40.7048765555419]]]}}, {"type": "Feature", "properties": {"zone_id": "0206OW9U0CDVAR1D7XR2IS", "tract_id": "36047042700", "city": "BROOKLYN, NY", "zone_code": "M1-1", "zone_category": "Industrial", "ev_permitted": true}, "geometry": {"type": "Polygon", "coordinates": [[[-73.9265301378727, 40.7053629515064], [-73.9263567279517, 40.7055393102214], [-73.9265918881212, 40.7054476094291], [-73.9265301378727, 40.7053629515064]]]}}, {"type": "Feature", "properties": {"zone_id": "0200T6T8W62V9FBO4LGHUC", "tract_id": "36047042700", "city": "BROOKLYN, NY", "zone_code": "R6", "zone_category": "Residential", "ev_permitted": false}, "geometry": {"type": "Polygon", "coordinates": [[[-73.9258937674867, 40.7052799269182], [-73.9258404236914, 40.7053343522222], [-73.9261419269137, 40.7055048546844], [-73.9261952705993, 40.7054504292418], [-73.9258937674867, 40.7052799269182]]]}}, {"type": "Feature", "properties": {"zone_id": "020624H6BYC3IUXZLMJFSY", "tract_id": "36047042700", "city": "BROOKLYN, NY", "zone_code": "R6", "zone_category": "Residential", "ev_permitted": false}, "geometry": {"type": "Polygon", "coordinates": [[[-73.9258404236914, 40.7053343522222], [-73.9257827574229, 40.7053931881214], [-73.9260839261403, 40.7055640320111], [-73.9261419269137, 40.7055048546844], [-73.9258404236914, 40.7053343522222]]]}}, {"type": "Feature", "properties": {"zone_id": "0203I3518AHY340LSKN1ZP", "tract_id": "36047042700", "city": "BROOKLYN, NY", "zone_code": "R6", "zone_category": "Residential", "ev_permitted": false}, "geometry": {"type": "Polygon", "coordinates": [[[-73.9260565557441, 40.7051138363656], [-73.9260025938103, 40.70516889304], [-73.9263040966983, 40.7053393957837], [-73.9263579207904, 40.705284479413], [-73.9260565557441, 40.7051138363656]]]}}, {"type": "Feature", "properties": {"zone_id": "0201UHUBUHNW8JK1569L9M", "tract_id": "36047042700", "city": "BROOKLYN, NY", "zone_code": "R6", "zone_category": "Residential", "ev_permitted": false}, "geometry": {"type": "Polygon", "coordinates": [[[-73.9260025938103, 40.70516889304], [-73.9259482111983, 40.7052243787434], [-73.926249714198, 40.7053948816283], [-73.9263040966983, 40.7053393957837], [-73.9260025938103, 40.70516889304]]]}}, {"type": "Feature", "properties": {"zone_id": "020476RXGC2AS8WENU8KFT", "tract_id": "36047042700", "city": "BROOKLYN, NY", "zone_code": "R6", "zone_category": "Residential", "ev_permitted": false}, "geometry": {"type": "Polygon", "coordinates": [[[-73.9259482111983, 40.7052243787434], [-73.9258937674867, 40.7052799269182], [-73.9261952705993, 40.7054504292418], [-73.926249714198, 40.7053948816283], [-73.9259482111983, 40.7052243787434]]]}}, {"type": "Feature", "properties": {"zone_id": "02063815U7BUJ6G14RD3D8", "tract_id": "36047042700", "city": "BROOKLYN, NY", "zone_code": "R6", "zone_category": "Residential", "ev_permitted": false}, "geometry": {"type": "Polygon", "coordinates": [[[-73.9258985147936, 40.7051100352279], [-73.9256787928741, 40.7053342121394], [-73.9257827574229, 40.7053931881214], [-73.9260025938103, 40.70516889304], [-73.9258985147936, 40.7051100352279]]]}}, {"type": "Feature", "properties": {"zone_id": "0202R4VO0BFVS9E42SQ1G8", "tract_id": "36047042700", "city": "BROOKLYN, NY", "zone_code": "R6", "zone_category": "Residential", "ev_permitted": false}, "geometry": {"type": "Polygon", "coordinates": [[[-73.9257983493067, 40.7050533897095], [-73.9255787390848, 40.7052774540782], [-73.9256787928741, 40.7053342121394], [-73.9258985147936, 40.7051100352279], [-73.9257983493067, 40.7050533897095]]]}}, {"type": "Feature", "properties": {"zone_id": "0204G3EXY67UUPNB03PR1V", "tract_id": "36047042700", "city": "BROOKLYN, NY", "zone_code": "R6", "zone_category": "Residential", "ev_permitted": false}, "geometry": {"type": "Polygon", "coordinates": [[[-73.9257044327819, 40.7050002790035], [-73.9254847773901, 40.7052241520419], [-73.9255787390848, 40.7052774540782], [-73.9257983493067, 40.7050533897095], [-73.9257044327819, 40.7050002790035]]]}}, {"type": "Feature", "properties": {"zone_id": "0203HKJGK94RAOHDYFMQMO", "tract_id": "36047042700", "city": "BROOKLYN, NY", "zone_code": "R6", "zone_category": "Residential", "ev_permitted": false}, "geometry": {"type": "Polygon", "coordinates": [[[-73.9263791450657, 40.7047847014916], [-73.926328987412, 40.7048358771525], [-73.9266304896286, 40.7050063790486], [-73.9266806471791, 40.7049552032575], [-73.9263791450657, 40.7047847014916]]]}}, {"type": "Feature", "properties": {"zone_id": "0201O0Z9ZJOVS1SKGRBXB3", "tract_id": "36047042700", "city": "BROOKLYN, NY", "zone_code": "R6", "zone_category": "Residential", "ev_permitted": false}, "geometry": {"type": "Polygon", "coordinates": [[[-73.926328987412, 40.7048358771525], [-73.9262741182046, 40.7048918594811], [-73.9265756205341, 40.7050623615197], [-73.9266304896286, 40.7050063790486], [-73.926328987412, 40.7048358771525]]]}}, {"type": "Feature", "properties": {"zone_id": "0201Z3JNH78YUFMHJE330O", "tract_id": "36047042700", "city": "BROOKLYN, NY", "zone_code": "R6", "zone_category": "Residential", "ev_permitted": false}, "geometry": {"type": "Polygon", "coordinates": [[[-73.9264886907687, 40.7046729333282], [-73.9264347794661, 40.7047279375408], [-73.9267362823892, 40.7048984384601], [-73.9267901926568, 40.7048434348096], [-73.9264886907687, 40.7046729333282]]]}}, {"type": "Feature", "properties": {"zone_id": "0205QUXKH6LZ6KRKXEMG58", "tract_id": "36047042700", "city": "BROOKLYN, NY", "zone_code": "R6", "zone_category": "Residential", "ev_permitted": false}, "geometry": {"type": "Polygon", "coordinates": [[[-73.9264347794661, 40.7047279375408], [-73.9263791450657, 40.7047847014916], [-73.9266806471791, 40.7049552032575], [-73.9267362823892, 40.7048984384601], [-73.9264347794661, 40.7047279375408]]]}}, {"type": "Feature", "properties": {"zone_id": "02074FCQN6WIP6XQWB91V0", "tract_id": "36047042700", "city": "BROOKLYN, NY", "zone_code": "R6", "zone_category": "Residential", "ev_permitted": false}, "geometry": {"type": "Polygon", "coordinates": [[[-73.9262741182046, 40.7048918594811], [-73.9260565557441, 40.7051138363656], [-73.9263579207904, 40.705284479413], [-73.9265756205341, 40.7050623615197], [-73.9262741182046, 40.7048918594811]]]}}, {"type": "Feature", "properties": {"zone_id": "0200173HE97W3D3LK2OR5W", "tract_id": "36047042700", "city": "BROOKLYN, NY", "zone_code": "R6", "zone_category": "Residential", "ev_permitted": false}, "geometry": {"type": "Polygon", "coordinates": [[[-73.9258637958523, 40.7048378564999], [-73.9258127587497, 40.704889873156], [-73.9261108457385, 40.7050584454099], [-73.926161847674, 40.7050064082232], [-73.9258637958523, 40.7048378564999]]]}}, {"type": "Feature", "properties": {"zone_id": "0201S271R23EFJQ5APIC6J", "tract_id": "36047042700", "city": "BROOKLYN, NY", "zone_code": "R6", "zone_category": "Residential", "ev_permitted": false}, "geometry": {"type": "Polygon", "coordinates": [[[-73.9259194057118, 40.7047811778043], [-73.9258637958523, 40.7048378564999], [-73.926161847674, 40.7050064082232], [-73.9262174205112, 40.7049497082814], [-73.9259194057118, 40.7047811778043]]]}}, {"type": "Feature", "properties": {"zone_id": "0206FSMLKTDNV26XQ1Z33B", "tract_id": "36047042700", "city": "BROOKLYN, NY", "zone_code": "R6", "zone_category": "Residential", "ev_permitted": false}, "geometry": {"type": "Polygon", "coordinates": [[[-73.925758568541, 40.7049451045329], [-73.9257044327819, 40.7050002790035], [-73.9260025938103, 40.70516889304], [-73.9260565557441, 40.7051138363656], [-73.925758568541, 40.7049451045329]]]}}, {"type": "Feature", "properties": {"zone_id": "0207B38MBU9TKWD8O5MY64", "tract_id": "36047042700", "city": "BROOKLYN, NY", "zone_code": "R6", "zone_category": "Residential", "ev_permitted": false}, "geometry": {"type": "Polygon", "coordinates": [[[-73.9258127587497, 40.704889873156], [-73.925758568541, 40.7049451045329], [-73.9260565557441, 40.7051138363656], [-73.9261108457385, 40.7050584454099], [-73.9258127587497, 40.704889873156]]]}}, {"type": "Feature", "properties": {"zone_id": "0206F7JRFR9VY700OD38LS", "tract_id": "36047042700", "city": "BROOKLYN, NY", "zone_code": "R6", "zone_category": "Residential", "ev_permitted": false}, "geometry": {"type": "Polygon", "coordinates": [[[-73.9261908601459, 40.7045045069562], [-73.9261369136703, 40.7045594906309], [-73.9264347794661, 40.7047279375408], [-73.9264886907687, 40.7046729333282], [-73.9261908601459, 40.7045045069562]]]}}, {"type": "Feature", "properties": {"zone_id": "02034PAOC7SUXDKVL854PQ", "tract_id": "36047042700", "city": "BROOKLYN, NY", "zone_code": "R6", "zone_category": "Residential", "ev_permitted": false}, "geometry": {"type": "Polygon", "coordinates": [[[-73.9259761422756, 40.7047233509569], [-73.9259194057118, 40.7047811778043], [-73.9262174205112, 40.7049497082814], [-73.9262741182046, 40.7048918594811], [-73.9259761422756, 40.7047233509569]]]}}, {"type": "Feature", "properties": {"zone_id": "0202R2OQB6P2MU5T5PXGFY", "tract_id": "36047042700", "city": "BROOKLYN, NY", "zone_code": "R6", "zone_category": "Residential", "ev_permitted": false}, "geometry": {"type": "Polygon", "coordinates": [[[-73.9260310494278, 40.7046673891706], [-73.9259761422756, 40.7047233509569], [-73.9262741182046, 40.7048918594811], [-73.926328987412, 40.7048358771525], [-73.9260310494278, 40.7046673891706]]]}}, {"type": "Feature", "properties": {"zone_id": "0203AL6MBQS0VX06QZ8MGN", "tract_id": "36047042700", "city": "BROOKLYN, NY", "zone_code": "R6", "zone_category": "Residential", "ev_permitted": false}, "geometry": {"type": "Polygon", "coordinates": [[[-73.9260812422469, 40.7046162340382], [-73.9260310494278, 40.7046673891706], [-73.926328987412, 40.7048358771525], [-73.9263791450657, 40.7047847014916], [-73.9260812422469, 40.7046162340382]]]}}, {"type": "Feature", "properties": {"zone_id": "0206SDXQHOV4UQF8FS68KS", "tract_id": "36047042700", "city": "BROOKLYN, NY", "zone_code": "R6", "zone_category": "Residential", "ev_permitted": false}, "geometry": {"type": "Polygon", "coordinates": [[[-73.9261369136703, 40.7045594906309], [-73.9260812422469, 40.7046162340382], [-73.9263791450657, 40.7047847014916], [-73.9264347794661, 40.7047279375408], [-73.9261369136703, 40.7045594906309]]]}}, {"type": "Feature", "properties": {"zone_id": "0200CAS9YV8YGPTHFGPQS6", "tract_id": "36047042700", "city": "BROOKLYN, NY", "zone_code": "R6", "zone_category": "Residential", "ev_permitted": false}, "geometry": {"type": "Polygon", "coordinates": [[[-73.9254751623307, 40.7048719185319], [-73.9252542289065, 40.7050964423753], [-73.9253224336038, 40.7051353795769], [-73.9255435074311, 40.7049107130546], [-73.9254751623307, 40.7048719185319]]]}}, {"type": "Feature", "properties": {"zone_id": "0201JPJU1OZ36YDAGTQGCR", "tract_id": "36047042700", "city": "BROOKLYN, NY", "zone_code": "R6", "zone_category": "Residential", "ev_permitted": false}, "geometry": {"type": "Polygon", "coordinates": [[[-73.9253991272549, 40.7048287582768], [-73.9251783499364, 40.7050531239786], [-73.9252542289065, 40.7050964423753], [-73.9254751623307, 40.7048719185319], [-73.9253991272549, 40.7048287582768]]]}}, {"type": "Feature", "properties": {"zone_id": "0206BY30KIKHZDYF8B1RUR", "tract_id": "36047042700", "city": "BROOKLYN, NY", "zone_code": "R6", "zone_category": "Residential", "ev_permitted": false}, "geometry": {"type": "Polygon", "coordinates": [[[-73.9253278305032, 40.7047882887196], [-73.9251071972826, 40.705012506821], [-73.9251783499364, 40.7050531239786], [-73.9253991272549, 40.7048287582768], [-73.9253278305032, 40.7047882887196]]]}}, {"type": "Feature", "properties": {"zone_id": "0200GSPW0FYBKYH6B20EDF", "tract_id": "36047042700", "city": "BROOKLYN, NY", "zone_code": "R6", "zone_category": "Residential", "ev_permitted": false}, "geometry": {"type": "Polygon", "coordinates": [[[-73.9252493042457, 40.7047437144022], [-73.9250288345234, 40.7049677659306], [-73.9251071972826, 40.705012506821], [-73.9253278305032, 40.7047882887196], [-73.9252493042457, 40.7047437144022]]]}}, {"type": "Feature", "properties": {"zone_id": "0205P5WVMAK8E00FJQVC24", "tract_id": "36047042700", "city": "BROOKLYN, NY", "zone_code": "R6", "zone_category": "Residential", "ev_permitted": false}, "geometry": {"type": "Polygon", "coordinates": [[[-73.925465708055, 40.7045237914543], [-73.9254133908019, 40.7045769594689], [-73.9257075945858, 40.7047439577061], [-73.9257599117353, 40.7046907895589], [-73.925465708055, 40.7045237914543]]]}}, {"type": "Feature", "properties": {"zone_id": "02032B9JV28W5YF55K9P9J", "tract_id": "36047042700", "city": "BROOKLYN, NY", "zone_code": "R6", "zone_category": "Residential", "ev_permitted": false}, "geometry": {"type": "Polygon", "coordinates": [[[-73.9254133908019, 40.7045769594689], [-73.9253569664973, 40.7046343021099], [-73.9256511694695, 40.7048013004895], [-73.9257075945858, 40.7047439577061], [-73.9254133908019, 40.7045769594689]]]}}, {"type": "Feature", "properties": {"zone_id": "0202TR74UX5509FUVR8CTY", "tract_id": "36047042700", "city": "BROOKLYN, NY", "zone_code": "R6", "zone_category": "Residential", "ev_permitted": false}, "geometry": {"type": "Polygon", "coordinates": [[[-73.9253569664973, 40.7046343021099], [-73.9253033512561, 40.7046887888277], [-73.9255975543345, 40.7048557873431], [-73.9256511694695, 40.7048013004895], [-73.9253569664973, 40.7046343021099]]]}}, {"type": "Feature", "properties": {"zone_id": "0200NJB106E4TN8WVGTR56", "tract_id": "36047042700", "city": "BROOKLYN, NY", "zone_code": "R6", "zone_category": "Residential", "ev_permitted": false}, "geometry": {"type": "Polygon", "coordinates": [[[-73.9253033512561, 40.7046887888277], [-73.9252493042457, 40.7047437144022], [-73.9255435074311, 40.7049107130546], [-73.9255975543345, 40.7048557873431], [-73.9253033512561, 40.7046887888277]]]}}, {"type": "Feature", "properties": {"zone_id": "0207FIZFJL0ZQ6YS6BKTG2", "tract_id": "36047042700", "city": "BROOKLYN, NY", "zone_code": "R6", "zone_category": "Residential", "ev_permitted": false}, "geometry": {"type": "Polygon", "coordinates": [[[-73.9251801797821, 40.7047044765214], [-73.9249598273541, 40.7049284078402], [-73.9250288345234, 40.7049677659306], [-73.9252493042457, 40.7047437144022], [-73.9251801797821, 40.7047044765214]]]}}, {"type": "Feature", "properties": {"zone_id": "0202QP5NZ9R7QKX2HP085P", "tract_id": "36047042700", "city": "BROOKLYN, NY", "zone_code": "R6", "zone_category": "Residential", "ev_permitted": false}, "geometry": {"type": "Polygon", "coordinates": [[[-73.9250986013367, 40.7046581701676], [-73.9248785538323, 40.7048817916575], [-73.9249598273541, 40.7049284078402], [-73.9251801797821, 40.7047044765214], [-73.9250986013367, 40.7046581701676]]]}}, {"type": "Feature", "properties": {"zone_id": "02003T0TG2Z1Y7RMKWO4CR", "tract_id": "36047042700", "city": "BROOKLYN, NY", "zone_code": "R6", "zone_category": "Residential", "ev_permitted": false}, "geometry": {"type": "Polygon", "coordinates": [[[-73.9250198631585, 40.7046134753999], [-73.9247998599066, 40.7048370525021], [-73.9248785538323, 40.7048817916575], [-73.9250986013367, 40.7046581701676], [-73.9250198631585, 40.7046134753999]]]}}, {"type": "Feature", "properties": {"zone_id": "0202SHRHJ8KTTXYG2VYHHY", "tract_id": "36047042700", "city": "BROOKLYN, NY", "zone_code": "R6", "zone_category": "Residential", "ev_permitted": false}, "geometry": {"type": "Polygon", "coordinates": [[[-73.9250039897714, 40.7045188603186], [-73.9249499915562, 40.704573813892], [-73.9252493042457, 40.7047437144022], [-73.9253033512561, 40.7046887888277], [-73.9250039897714, 40.7045188603186]]]}}, {"type": "Feature", "properties": {"zone_id": "0204MUQVR61BAT5OIGKJ03", "tract_id": "36047042700", "city": "BROOKLYN, NY", "zone_code": "R6", "zone_category": "Residential", "ev_permitted": false}, "geometry": {"type": "Polygon", "coordinates": [[[-73.9249499915562, 40.704573813892], [-73.924730328944, 40.7047973566542], [-73.9247998599066, 40.7048370525021], [-73.9250198631585, 40.7046134753999], [-73.9249499915562, 40.704573813892]]]}}, {"type": "Feature", "properties": {"zone_id": "0206CBFK0X8YDMJ68SHB44", "tract_id": "36047042700", "city": "BROOKLYN, NY", "zone_code": "R6", "zone_category": "Residential", "ev_permitted": false}, "geometry": {"type": "Polygon", "coordinates": [[[-73.926977228158, 40.7041744709121], [-73.9264886907687, 40.7046729333282], [-73.9267901926568, 40.7048434348096], [-73.9272787299652, 40.7043449704229], [-73.926977228158, 40.7041744709121]]]}}, {"type": "Feature", "properties": {"zone_id": "0203X6M840DBUXMD9LP4I9", "tract_id": "36047042700", "city": "BROOKLYN, NY", "zone_code": "R6", "zone_category": "Residential", "ev_permitted": false}, "geometry": {"type": "Polygon", "coordinates": [[[-73.9262461015539, 40.7044482044901], [-73.9261908601459, 40.7045045069562], [-73.9264886907687, 40.7046729333282], [-73.9265438933096, 40.7046166089133], [-73.9262461015539, 40.7044482044901]]]}}, {"type": "Feature", "properties": {"zone_id": "020692LPV967Q0Q2Z2TFLM", "tract_id": "36047042700", "city": "BROOKLYN, NY", "zone_code": "R6", "zone_category": "Residential", "ev_permitted": false}, "geometry": {"type": "Polygon", "coordinates": [[[-73.9262976741066, 40.7043956406101], [-73.9262461015539, 40.7044482044901], [-73.9265438933096, 40.7046166089133], [-73.9265954306934, 40.7045640252041], [-73.9262976741066, 40.7043956406101]]]}}, {"type": "Feature", "properties": {"zone_id": "0200KHK8X5GR9AO4ROAR7C", "tract_id": "36047042700", "city": "BROOKLYN, NY", "zone_code": "R6", "zone_category": "Residential", "ev_permitted": false}, "geometry": {"type": "Polygon", "coordinates": [[[-73.926351620317, 40.7043406568589], [-73.9262976741066, 40.7043956406101], [-73.9265954306934, 40.7045640252041], [-73.9266493398844, 40.7045090209139], [-73.926351620317, 40.7043406568589]]]}}, {"type": "Feature", "properties": {"zone_id": "02067PH2DEFP34XSM271YW", "tract_id": "36047042700", "city": "BROOKLYN, NY", "zone_code": "R6", "zone_category": "Residential", "ev_permitted": false}, "geometry": {"type": "Polygon", "coordinates": [[[-73.9264085872185, 40.7042825945518], [-73.926351620317, 40.7043406568589], [-73.9266493398844, 40.7045090209139], [-73.926706267916, 40.704450935951], [-73.9264085872185, 40.7042825945518]]]}}, {"type": "Feature", "properties": {"zone_id": "0205CGKM7AU7ZI9E09M9RY", "tract_id": "36047042700", "city": "BROOKLYN, NY", "zone_code": "R6", "zone_category": "Residential", "ev_permitted": false}, "geometry": {"type": "Polygon", "coordinates": [[[-73.9266250816153, 40.7040619351927], [-73.9265683313873, 40.704119777814], [-73.9268659038009, 40.7042880576035], [-73.9269226160821, 40.7042301930302], [-73.9266250816153, 40.7040619351927]]]}}, {"type": "Feature", "properties": {"zone_id": "0201R7MYOEU00ZKHYW032J", "tract_id": "36047042700", "city": "BROOKLYN, NY", "zone_code": "R6", "zone_category": "Residential", "ev_permitted": false}, "geometry": {"type": "Polygon", "coordinates": [[[-73.9266797316353, 40.7040062336158], [-73.9266250816153, 40.7040619351927], [-73.9269226160821, 40.7042301930302], [-73.926977228158, 40.7041744709121], [-73.9266797316353, 40.7040062336158]]]}}, {"type": "Feature", "properties": {"zone_id": "0202CUB0PBSP2Q9WV26ZC1", "tract_id": "36047042700", "city": "BROOKLYN, NY", "zone_code": "R6", "zone_category": "Residential", "ev_permitted": false}, "geometry": {"type": "Polygon", "coordinates": [[[-73.9265683313873, 40.704119777814], [-73.9265111503131, 40.7041780606997], [-73.926808759751, 40.7043463624417], [-73.9268659038009, 40.7042880576035], [-73.9265683313873, 40.704119777814]]]}}, {"type": "Feature", "properties": {"zone_id": "0206AKEFCOJ27AWUXKJHR6", "tract_id": "36047042700", "city": "BROOKLYN, NY", "zone_code": "R6", "zone_category": "Residential", "ev_permitted": false}, "geometry": {"type": "Polygon", "coordinates": [[[-73.9265111503131, 40.7041780606997], [-73.9264085872185, 40.7042825945518], [-73.926706267916, 40.704450935951], [-73.926808759751, 40.7043463624417], [-73.9265111503131, 40.7041780606997]]]}}, {"type": "Feature", "properties": {"zone_id": "0207MJGJ6LABI1WRJE1W96", "tract_id": "36047042700", "city": "BROOKLYN, NY", "zone_code": "R6", "zone_category": "Residential", "ev_permitted": false}, "geometry": {"type": "Polygon", "coordinates": [[[-73.9257379971263, 40.7042470744239], [-73.925685917868, 40.7043000010026], [-73.925980120189, 40.7044669985486], [-73.9260321993442, 40.704414071838], [-73.9257379971263, 40.7042470744239]]]}}, {"type": "Feature", "properties": {"zone_id": "0205GDE13T95SL11EZ7H4K", "tract_id": "36047042700", "city": "BROOKLYN, NY", "zone_code": "R6", "zone_category": "Residential", "ev_permitted": false}, "geometry": {"type": "Polygon", "coordinates": [[[-73.925685917868, 40.7043000010026], [-73.9256302279758, 40.7043565966232], [-73.925924430407, 40.7045235943104], [-73.925980120189, 40.7044669985486], [-73.925685917868, 40.7043000010026]]]}}, {"type": "Feature", "properties": {"zone_id": "020225YXA4UR5S0Z1FXUX5", "tract_id": "36047042700", "city": "BROOKLYN, NY", "zone_code": "R6", "zone_category": "Residential", "ev_permitted": false}, "geometry": {"type": "Polygon", "coordinates": [[[-73.9256302279758, 40.7043565966232], [-73.9255748837001, 40.70441284111], [-73.9258690871642, 40.704579838938], [-73.925924430407, 40.7045235943104], [-73.9256302279758, 40.7043565966232]]]}}, {"type": "Feature", "properties": {"zone_id": "020486E6SQE141302939NW", "tract_id": "36047042700", "city": "BROOKLYN, NY", "zone_code": "R6", "zone_category": "Residential", "ev_permitted": false}, "geometry": {"type": "Polygon", "coordinates": [[[-73.9255748837001, 40.70441284111], [-73.9255227829222, 40.7044657893824], [-73.9258169855661, 40.7046327873418], [-73.9258690871642, 40.704579838938], [-73.9255748837001, 40.70441284111]]]}}, {"type": "Feature", "properties": {"zone_id": "020416U2VVFV9NI28S9WLB", "tract_id": "36047042700", "city": "BROOKLYN, NY", "zone_code": "R6", "zone_category": "Residential", "ev_permitted": false}, "geometry": {"type": "Polygon", "coordinates": [[[-73.9255227829222, 40.7044657893824], [-73.925465708055, 40.7045237914543], [-73.9257599117353, 40.7046907895589], [-73.9258169855661, 40.7046327873418], [-73.9255227829222, 40.7044657893824]]]}}, {"type": "Feature", "properties": {"zone_id": "0207IN6OED771ZCU67GKVM", "tract_id": "36047042700", "city": "BROOKLYN, NY", "zone_code": "R6", "zone_category": "Residential", "ev_permitted": false}, "geometry": {"type": "Polygon", "coordinates": [[[-73.9260131309353, 40.7039674622048], [-73.9259552407203, 40.7040262931374], [-73.9262494443546, 40.7041932900022], [-73.9263073316859, 40.7041344582185], [-73.9260131309353, 40.7039674622048]]]}}, {"type": "Feature", "properties": {"zone_id": "0201U14MW7RBOOBR1CAS58", "tract_id": "36047042700", "city": "BROOKLYN, NY", "zone_code": "R6", "zone_category": "Residential", "ev_permitted": false}, "geometry": {"type": "Polygon", "coordinates": [[[-73.9259552407203, 40.7040262931374], [-73.9259027088729, 40.7040796811719], [-73.9261969116871, 40.7042466788719], [-73.9262494443546, 40.7041932900022], [-73.9259552407203, 40.7040262931374]]]}}, {"type": "Feature", "properties": {"zone_id": "02014KTKL0JE0G7KJ504ZN", "tract_id": "36047042700", "city": "BROOKLYN, NY", "zone_code": "R6", "zone_category": "Residential", "ev_permitted": false}, "geometry": {"type": "Polygon", "coordinates": [[[-73.9259027088729, 40.7040796811719], [-73.9258456365134, 40.7041376834363], [-73.9261398385182, 40.7043046805776], [-73.9261969116871, 40.7042466788719], [-73.9259027088729, 40.7040796811719]]]}}, {"type": "Feature", "properties": {"zone_id": "0200KSADNVJG894GYZV0FZ", "tract_id": "36047042700", "city": "BROOKLYN, NY", "zone_code": "R6", "zone_category": "Residential", "ev_permitted": false}, "geometry": {"type": "Polygon", "coordinates": [[[-73.9258456365134, 40.7041376834363], [-73.9257939891011, 40.7041901704775], [-73.9260881912073, 40.7043571684523], [-73.9261398385182, 40.7043046805776], [-73.9258456365134, 40.7041376834363]]]}}, {"type": "Feature", "properties": {"zone_id": "0201WUAH5G79TOO1V2IQHB", "tract_id": "36047042700", "city": "BROOKLYN, NY", "zone_code": "R6", "zone_category": "Residential", "ev_permitted": false}, "geometry": {"type": "Polygon", "coordinates": [[[-73.9257939891011, 40.7041901704775], [-73.9257379971263, 40.7042470744239], [-73.9260321993442, 40.704414071838], [-73.9260881912073, 40.7043571684523], [-73.9257939891011, 40.7041901704775]]]}}, {"type": "Feature", "properties": {"zone_id": "0202526EPJ8VKUFC8603PB", "tract_id": "36047042700", "city": "BROOKLYN, NY", "zone_code": "R6", "zone_category": "Residential", "ev_permitted": false}, "geometry": {"type": "Polygon", "coordinates": [[[-73.9255457880006, 40.7039674798643], [-73.9254941884662, 40.7040199935042], [-73.9257939891011, 40.7041901704775], [-73.9258456365134, 40.7041376834363], [-73.9255457880006, 40.7039674798643]]]}}, {"type": "Feature", "properties": {"zone_id": "0202O09WI2Q5AP41CB2NLC", "tract_id": "36047042700", "city": "BROOKLYN, NY", "zone_code": "R6", "zone_category": "Residential", "ev_permitted": false}, "geometry": {"type": "Polygon", "coordinates": [[[-73.9268964285129, 40.703785367989], [-73.9266797316353, 40.7040062336158], [-73.9267591624428, 40.7040511525432], [-73.9269757115662, 40.703830203058], [-73.9268964285129, 40.703785367989]]]}}, {"type": "Feature", "properties": {"zone_id": "0200LWBYW0WPMX9ESR1MQJ", "tract_id": "36047042700", "city": "BROOKLYN, NY", "zone_code": "R6", "zone_category": "Residential", "ev_permitted": false}, "geometry": {"type": "Polygon", "coordinates": [[[-73.9269757115662, 40.703830203058], [-73.9267591624428, 40.7040511525432], [-73.9268297258637, 40.7040910572181], [-73.9270462850515, 40.7038700963651], [-73.9269757115662, 40.703830203058]]]}}, {"type": "Feature", "properties": {"zone_id": "02001W208LU10OWG3TYYRX", "tract_id": "36047042700", "city": "BROOKLYN, NY", "zone_code": "R6", "zone_category": "Residential", "ev_permitted": false}, "geometry": {"type": "Polygon", "coordinates": [[[-73.9270462850515, 40.7038700963651], [-73.9268297258637, 40.7040910572181], [-73.9269052832226, 40.7041337854983], [-73.9271218293572, 40.7039128385494], [-73.9270462850515, 40.7038700963651]]]}}, {"type": "Feature", "properties": {"zone_id": "020092QHCWI7IE53N473BI", "tract_id": "36047042700", "city": "BROOKLYN, NY", "zone_code": "C1-3", "zone_category": "Commercial", "ev_permitted": true}, "geometry": {"type": "Polygon", "coordinates": [[[-73.9262297959148, 40.7037472681479], [-73.9261714050848, 40.7038066104064], [-73.9264656064438, 40.7039736074248], [-73.9265239980822, 40.7039142643163], [-73.9262297959148, 40.7037472681479]]]}}, {"type": "Feature", "properties": {"zone_id": "02011QV5K3Y5GBRB7TDVRD", "tract_id": "36047042700", "city": "BROOKLYN, NY", "zone_code": "R6", "zone_category": "Residential", "ev_permitted": false}, "geometry": {"type": "Polygon", "coordinates": [[[-73.9265174905102, 40.7035650725282], [-73.9262993619897, 40.7037867558332], [-73.9263716381947, 40.7038277819275], [-73.9265897666083, 40.7036060991894], [-73.9265174905102, 40.7035650725282]]]}}, {"type": "Feature", "properties": {"zone_id": "0203OIH5CZX7U0WA8IZKNO", "tract_id": "36047042700", "city": "BROOKLYN, NY", "zone_code": "R6", "zone_category": "Residential", "ev_permitted": false}, "geometry": {"type": "Polygon", "coordinates": [[[-73.9265897666083, 40.7036060991894], [-73.9263716381947, 40.7038277819275], [-73.9264488298596, 40.7038715978671], [-73.9266669563148, 40.7036499135774], [-73.9265897666083, 40.7036060991894]]]}}, {"type": "Feature", "properties": {"zone_id": "02017W2CJ5ULZ6XEA6GCAG", "tract_id": "36047042700", "city": "BROOKLYN, NY", "zone_code": "R6", "zone_category": "Residential", "ev_permitted": false}, "geometry": {"type": "Polygon", "coordinates": [[[-73.9266669563148, 40.7036499135774], [-73.9264488298596, 40.7038715978671], [-73.9265239980822, 40.7039142643163], [-73.9267421253488, 40.7036925812914], [-73.9266669563148, 40.7036499135774]]]}}, {"type": "Feature", "properties": {"zone_id": "02061MU1H9LCUT9FDWXE5X", "tract_id": "36047042700", "city": "BROOKLYN, NY", "zone_code": "C1-3", "zone_category": "Commercial", "ev_permitted": true}, "geometry": {"type": "Polygon", "coordinates": [[[-73.9264479236134, 40.7035255856756], [-73.9262297959148, 40.7037472681479], [-73.9262993619897, 40.7037867558332], [-73.9265174905102, 40.7035650725282], [-73.9264479236134, 40.7035255856756]]]}}, {"type": "Feature", "properties": {"zone_id": "02002XCH34LQUNXL3LBH3J", "tract_id": "36047042700", "city": "BROOKLYN, NY", "zone_code": "R6", "zone_category": "Residential", "ev_permitted": false}, "geometry": {"type": "Polygon", "coordinates": [[[-73.9260642428062, 40.7039155178763], [-73.9260131309353, 40.7039674622048], [-73.9263073316859, 40.7041344582185], [-73.9263584425322, 40.7040825137598], [-73.9260642428062, 40.7039155178763]]]}}, {"type": "Feature", "properties": {"zone_id": "02001FWCKPDCPQFPTHF0S1", "tract_id": "36047042700", "city": "BROOKLYN, NY", "zone_code": "R6", "zone_category": "Residential", "ev_permitted": false}, "geometry": {"type": "Polygon", "coordinates": [[[-73.9261714050848, 40.7038066104064], [-73.9261175961388, 40.7038612948316], [-73.9264117985284, 40.7040282912843], [-73.9264656064438, 40.7039736074248], [-73.9261714050848, 40.7038066104064]]]}}, {"type": "Feature", "properties": {"zone_id": "02028OJA68NMHK2XSWQUVW", "tract_id": "36047042700", "city": "BROOKLYN, NY", "zone_code": "R6", "zone_category": "Residential", "ev_permitted": false}, "geometry": {"type": "Polygon", "coordinates": [[[-73.9261175961388, 40.7038612948316], [-73.9260642428062, 40.7039155178763], [-73.9263584425322, 40.7040825137598], [-73.9264117985284, 40.7040282912843], [-73.9261175961388, 40.7038612948316]]]}}, {"type": "Feature", "properties": {"zone_id": "02061NX2VFHKHH21AYYEPT", "tract_id": "36047042700", "city": "BROOKLYN, NY", "zone_code": "R6", "zone_category": "Residential", "ev_permitted": false}, "geometry": {"type": "Polygon", "coordinates": [[[-73.92571313328, 40.703797173947], [-73.9256552964669, 40.7038560342763], [-73.9259552407203, 40.7040262931374], [-73.9260131309353, 40.7039674622048], [-73.92571313328, 40.703797173947]]]}}, {"type": "Feature", "properties": {"zone_id": "02072RTDTSVRPIDJLSU49S", "tract_id": "36047042700", "city": "BROOKLYN, NY", "zone_code": "R6", "zone_category": "Residential", "ev_permitted": false}, "geometry": {"type": "Polygon", "coordinates": [[[-73.9257641972729, 40.7037452023158], [-73.92571313328, 40.703797173947], [-73.9260131309353, 40.7039674622048], [-73.9260642428062, 40.7039155178763], [-73.9257641972729, 40.7037452023158]]]}}, {"type": "Feature", "properties": {"zone_id": "0200JY2JBOVJKFGSJZT7GT", "tract_id": "36047042700", "city": "BROOKLYN, NY", "zone_code": "R6", "zone_category": "Residential", "ev_permitted": false}, "geometry": {"type": "Polygon", "coordinates": [[[-73.9256028134172, 40.7039094503131], [-73.9255457880006, 40.7039674798643], [-73.9258456365134, 40.7041376834363], [-73.9259027088729, 40.7040796811719], [-73.9256028134172, 40.7039094503131]]]}}, {"type": "Feature", "properties": {"zone_id": "0204180I37OQHHZFZBHILV", "tract_id": "36047042700", "city": "", "zone_code": "R6", "zone_category": "Residential", "ev_permitted": false}, "geometry": {"type": "Polygon", "coordinates": [[[-73.9256552964669, 40.7038560342763], [-73.9256028134172, 40.7039094503131], [-73.9259027088729, 40.7040796811719], [-73.9259552407203, 40.7040262931374], [-73.9256552964669, 40.7038560342763]]]}}, {"type": "Feature", "properties": {"zone_id": "0200B3FMUEJ2UAUMHVZG7A", "tract_id": "36047042700", "city": "BROOKLYN, NY", "zone_code": "R6", "zone_category": "Residential", "ev_permitted": false}, "geometry": {"type": "Polygon", "coordinates": [[[-73.9258712656504, 40.70363624166], [-73.9258175054995, 40.7036909540841], [-73.9261175961388, 40.7038612948316], [-73.9261714050848, 40.7038066104064], [-73.9258712656504, 40.70363624166]]]}}, {"type": "Feature", "properties": {"zone_id": "0200LPKXZQJ3U8X75IKLTZ", "tract_id": "36047042700", "city": "BROOKLYN, NY", "zone_code": "R6", "zone_category": "Residential", "ev_permitted": false}, "geometry": {"type": "Polygon", "coordinates": [[[-73.925929604003, 40.703576870007], [-73.9258712656504, 40.70363624166], [-73.9261714050848, 40.7038066104064], [-73.9262297959148, 40.7037472681479], [-73.925929604003, 40.703576870007]]]}}, {"type": "Feature", "properties": {"zone_id": "02060RFENKK1PIQ1JZ08X7", "tract_id": "36047042700", "city": "BROOKLYN, NY", "zone_code": "C1-3", "zone_category": "Commercial", "ev_permitted": true}, "geometry": {"type": "Polygon", "coordinates": [[[-73.926302569086, 40.703443078399], [-73.9260844411742, 40.7036647605981], [-73.92615122599, 40.7037026691156], [-73.9263693528806, 40.7034809867904], [-73.926302569086, 40.703443078399]]]}}, {"type": "Feature", "properties": {"zone_id": "0200NZTNAX9YY7WKKLKMTK", "tract_id": "36047042700", "city": "BROOKLYN, NY", "zone_code": "C1-3", "zone_category": "Commercial", "ev_permitted": true}, "geometry": {"type": "Polygon", "coordinates": [[[-73.9263693528806, 40.7034809867904], [-73.92615122599, 40.7037026691156], [-73.9262297959148, 40.7037472681479], [-73.9264479236134, 40.7035255856756], [-73.9263693528806, 40.7034809867904]]]}}, {"type": "Feature", "properties": {"zone_id": "0206IRH0P8K531LFXG01OM", "tract_id": "36047042700", "city": "BROOKLYN, NY", "zone_code": "R6", "zone_category": "Residential", "ev_permitted": false}, "geometry": {"type": "Polygon", "coordinates": [[[-73.9258175054995, 40.7036909540841], [-73.9257641972729, 40.7037452023158], [-73.9260642428062, 40.7039155178763], [-73.9261175961388, 40.7038612948316], [-73.9258175054995, 40.7036909540841]]]}}, {"type": "Feature", "properties": {"zone_id": "0205698R7IQB5GEMCY30VQ", "tract_id": "36047042700", "city": "BROOKLYN, NY", "zone_code": "R6", "zone_category": "Residential", "ev_permitted": false}, "geometry": {"type": "Polygon", "coordinates": [[[-73.9251662020297, 40.7043537810583], [-73.9251139317302, 40.7044069756697], [-73.9254133908019, 40.7045769594689], [-73.925465708055, 40.7045237914543], [-73.9251662020297, 40.7043537810583]]]}}, {"type": "Feature", "properties": {"zone_id": "0202D4VHM9FEZC7INJES4H", "tract_id": "36047042700", "city": "BROOKLYN, NY", "zone_code": "R6", "zone_category": "Residential", "ev_permitted": false}, "geometry": {"type": "Polygon", "coordinates": [[[-73.9252232262614, 40.7042957509943], [-73.9251662020297, 40.7043537810583], [-73.925465708055, 40.7045237914543], [-73.9255227829222, 40.7044657893824], [-73.9252232262614, 40.7042957509943]]]}}, {"type": "Feature", "properties": {"zone_id": "020382XN8VUA136I0EQY7T", "tract_id": "36047042700", "city": "BROOKLYN, NY", "zone_code": "R6", "zone_category": "Residential", "ev_permitted": false}, "geometry": {"type": "Polygon", "coordinates": [[[-73.9252752819321, 40.7042427761259], [-73.9252232262614, 40.7042957509943], [-73.9255227829222, 40.7044657893824], [-73.9255748837001, 40.70441284111], [-73.9252752819321, 40.7042427761259]]]}}, {"type": "Feature", "properties": {"zone_id": "0204Q6CHZY8XOFY8HSIXUH", "tract_id": "36047042700", "city": "BROOKLYN, NY", "zone_code": "R6", "zone_category": "Residential", "ev_permitted": false}, "geometry": {"type": "Polygon", "coordinates": [[[-73.9250575571383, 40.7044643470067], [-73.9250039897714, 40.7045188603186], [-73.9253033512561, 40.7046887888277], [-73.9253569664973, 40.7046343021099], [-73.9250575571383, 40.7044643470067]]]}}, {"type": "Feature", "properties": {"zone_id": "02038Z0ZCTUNTWYT9B9M4D", "tract_id": "36047042700", "city": "BROOKLYN, NY", "zone_code": "R6", "zone_category": "Residential", "ev_permitted": false}, "geometry": {"type": "Polygon", "coordinates": [[[-73.9251139317302, 40.7044069756697], [-73.9250575571383, 40.7044643470067], [-73.9253569664973, 40.7046343021099], [-73.9254133908019, 40.7045769594689], [-73.9251139317302, 40.7044069756697]]]}}, {"type": "Feature", "properties": {"zone_id": "02011ST4GSSJU89VTCK4F9", "tract_id": "36047042700", "city": "BROOKLYN, NY", "zone_code": "R6", "zone_category": "Residential", "ev_permitted": false}, "geometry": {"type": "Polygon", "coordinates": [[[-73.9253305728004, 40.7041865022355], [-73.9252752819321, 40.7042427761259], [-73.9255748837001, 40.70441284111], [-73.9256302279758, 40.7043565966232], [-73.9253305728004, 40.7041865022355]]]}}, {"type": "Feature", "properties": {"zone_id": "0202PFT2SVSZLIFUHZKG5E", "tract_id": "36047042700", "city": "BROOKLYN, NY", "zone_code": "R6", "zone_category": "Residential", "ev_permitted": false}, "geometry": {"type": "Polygon", "coordinates": [[[-73.9253862139011, 40.7041298786205], [-73.9253305728004, 40.7041865022355], [-73.9256302279758, 40.7043565966232], [-73.925685917868, 40.7043000010026], [-73.9253862139011, 40.7041298786205]]]}}, {"type": "Feature", "properties": {"zone_id": "0205T7E6Y0EWAHUKC5LEB8", "tract_id": "36047042700", "city": "BROOKLYN, NY", "zone_code": "R6", "zone_category": "Residential", "ev_permitted": false}, "geometry": {"type": "Polygon", "coordinates": [[[-73.9254941884662, 40.7040199935042], [-73.9254382462056, 40.7040769254447], [-73.9257379971263, 40.7042470744239], [-73.9257939891011, 40.7041901704775], [-73.9254941884662, 40.7040199935042]]]}}, {"type": "Feature", "properties": {"zone_id": "0206WEZEWRDZFZZ1VQHSA8", "tract_id": "36047042700", "city": "BROOKLYN, NY", "zone_code": "R6", "zone_category": "Residential", "ev_permitted": false}, "geometry": {"type": "Polygon", "coordinates": [[[-73.9254382462056, 40.7040769254447], [-73.9253862139011, 40.7041298786205], [-73.925685917868, 40.7043000010026], [-73.9257379971263, 40.7042470744239], [-73.9254382462056, 40.7040769254447]]]}}, {"type": "Feature", "properties": {"zone_id": "0200NM5D3B6F2YAD28PJV3", "tract_id": "36047042700", "city": "BROOKLYN, NY", "zone_code": "R6", "zone_category": "Residential", "ev_permitted": false}, "geometry": {"type": "Polygon", "coordinates": [[[-73.924821892621, 40.7039802327021], [-73.9247699004311, 40.7040332713509], [-73.9250671683785, 40.7042019006027], [-73.9251191503125, 40.7041488568956], [-73.924821892621, 40.7039802327021]]]}}, {"type": "Feature", "properties": {"zone_id": "0203AKFCDVTPO03QP8AJHO", "tract_id": "36047042700", "city": "BROOKLYN, NY", "zone_code": "R6", "zone_category": "Residential", "ev_permitted": false}, "geometry": {"type": "Polygon", "coordinates": [[[-73.9245499656955, 40.7042576300969], [-73.9244983003039, 40.7043103343694], [-73.9247956195495, 40.7044789931589], [-73.9248472746859, 40.7044262838288], [-73.9245499656955, 40.7042576300969]]]}}, {"type": "Feature", "properties": {"zone_id": "0205N8843VI4I82H7EZT09", "tract_id": "36047042700", "city": "BROOKLYN, NY", "zone_code": "R6", "zone_category": "Residential", "ev_permitted": false}, "geometry": {"type": "Polygon", "coordinates": [[[-73.9247219770247, 40.7044372189597], [-73.9244985706546, 40.7046651181382], [-73.9245722529676, 40.7047069156927], [-73.9247956195495, 40.7044789931589], [-73.9247219770247, 40.7044372189597]]]}}, {"type": "Feature", "properties": {"zone_id": "0201ITS1NA99566WRH7NI9", "tract_id": "36047042700", "city": "BROOKLYN, NY", "zone_code": "R6", "zone_category": "Residential", "ev_permitted": false}, "geometry": {"type": "Polygon", "coordinates": [[[-73.9246454944576, 40.7043938323572], [-73.9244220879715, 40.7046217313885], [-73.9244985706546, 40.7046651181382], [-73.9247219770247, 40.7044372189597], [-73.9246454944576, 40.7043938323572]]]}}, {"type": "Feature", "properties": {"zone_id": "0203JOME0K3B1WO6EY3FUD", "tract_id": "36047042700", "city": "BROOKLYN, NY", "zone_code": "R6", "zone_category": "Residential", "ev_permitted": false}, "geometry": {"type": "Polygon", "coordinates": [[[-73.9246626952809, 40.7041426335129], [-73.9246068712975, 40.7041995798823], [-73.9249041691003, 40.7043682271373], [-73.9249599828217, 40.7043112742944], [-73.9246626952809, 40.7041426335129]]]}}, {"type": "Feature", "properties": {"zone_id": "0206PKGEKQS7JSLWDXQ9WP", "tract_id": "36047042700", "city": "BROOKLYN, NY", "zone_code": "R6", "zone_category": "Residential", "ev_permitted": false}, "geometry": {"type": "Polygon", "coordinates": [[[-73.9246068712975, 40.7041995798823], [-73.9245499656955, 40.7042576300969], [-73.9248472746859, 40.7044262838288], [-73.9249041691003, 40.7043682271373], [-73.9246068712975, 40.7041995798823]]]}}, {"type": "Feature", "properties": {"zone_id": "0202P4WKHY8IBPYT1PE9WW", "tract_id": "36047042700", "city": "BROOKLYN, NY", "zone_code": "R6", "zone_category": "Residential", "ev_permitted": false}, "geometry": {"type": "Polygon", "coordinates": [[[-73.9241494163696, 40.7041962944418], [-73.924094698391, 40.7042521121169], [-73.9243907448463, 40.7044200522937], [-73.9244454636391, 40.7043642337771], [-73.9241494163696, 40.7041962944418]]]}}, {"type": "Feature", "properties": {"zone_id": "0203M6ZOB8SKZEBQ2UT6JI", "tract_id": "36047042700", "city": "BROOKLYN, NY", "zone_code": "R6", "zone_category": "Residential", "ev_permitted": false}, "geometry": {"type": "Polygon", "coordinates": [[[-73.9242022531407, 40.704142395169], [-73.9241494163696, 40.7041962944418], [-73.9244454636391, 40.7043642337771], [-73.9244983003039, 40.7043103343694], [-73.9242022531407, 40.704142395169]]]}}, {"type": "Feature", "properties": {"zone_id": "02008CSY27FJ4ROE396MF2", "tract_id": "36047042700", "city": "BROOKLYN, NY", "zone_code": "R6", "zone_category": "Residential", "ev_permitted": false}, "geometry": {"type": "Polygon", "coordinates": [[[-73.9242539186362, 40.7040896910282], [-73.9242022531407, 40.704142395169], [-73.9244983003039, 40.7043103343694], [-73.9245499656955, 40.7042576300969], [-73.9242539186362, 40.7040896910282]]]}}, {"type": "Feature", "properties": {"zone_id": "0206QOA6H6D8139NG40DM8", "tract_id": "36047042700", "city": "BROOKLYN, NY", "zone_code": "R6", "zone_category": "Residential", "ev_permitted": false}, "geometry": {"type": "Polygon", "coordinates": [[[-73.9243108243527, 40.7040316409587], [-73.9242539186362, 40.7040896910282], [-73.9245499656955, 40.7042576300969], [-73.9246068712975, 40.7041995798823], [-73.9243108243527, 40.7040316409587]]]}}, {"type": "Feature", "properties": {"zone_id": "0201KZZXU1V51NW69CN02P", "tract_id": "36047042700", "city": "BROOKLYN, NY", "zone_code": "R6", "zone_category": "Residential", "ev_permitted": false}, "geometry": {"type": "Polygon", "coordinates": [[[-73.9243666484491, 40.703974694029], [-73.9243108243527, 40.7040316409587], [-73.9246068712975, 40.7041995798823], [-73.9246626952809, 40.7041426335129], [-73.9243666484491, 40.703974694029]]]}}, {"type": "Feature", "properties": {"zone_id": "0204IWCGEEUAYBU7QEO5S0", "tract_id": "36047042700", "city": "BROOKLYN, NY", "zone_code": "R6", "zone_category": "Residential", "ev_permitted": false}, "geometry": {"type": "Polygon", "coordinates": [[[-73.9250909212553, 40.7037057881586], [-73.9250377481558, 40.7037600319262], [-73.9253349666586, 40.7039286323541], [-73.9253881294998, 40.7038743835252], [-73.9250909212553, 40.7037057881586]]]}}, {"type": "Feature", "properties": {"zone_id": "020758UTCARTGHWW2A8SPO", "tract_id": "36047042700", "city": "BROOKLYN, NY", "zone_code": "R6", "zone_category": "Residential", "ev_permitted": false}, "geometry": {"type": "Polygon", "coordinates": [[[-73.9245742004442, 40.7043533897359], [-73.9243507938498, 40.7045812886299], [-73.9244220879715, 40.7046217313885], [-73.9246454944576, 40.7043938323572], [-73.9245742004442, 40.7043533897359]]]}}, {"type": "Feature", "properties": {"zone_id": "0201VGELPUXY1C6KMSVU0P", "tract_id": "36047042700", "city": "BROOKLYN, NY", "zone_code": "R6", "zone_category": "Residential", "ev_permitted": false}, "geometry": {"type": "Polygon", "coordinates": [[[-73.9244983003039, 40.7043103343694], [-73.9242748935943, 40.7045382331175], [-73.9243507938498, 40.7045812886299], [-73.9245742004442, 40.7043533897359], [-73.9244983003039, 40.7043103343694]]]}}, {"type": "Feature", "properties": {"zone_id": "0202JZJ7ZWWLQ3NRRQWBVF", "tract_id": "36047042700", "city": "BROOKLYN, NY", "zone_code": "R6", "zone_category": "Residential", "ev_permitted": false}, "geometry": {"type": "Polygon", "coordinates": [[[-73.9247699004311, 40.7040332713509], [-73.9247122158668, 40.7040921158462], [-73.9250094940793, 40.7042607522789], [-73.9250671683785, 40.7042019006027], [-73.9247699004311, 40.7040332713509]]]}}, {"type": "Feature", "properties": {"zone_id": "0204STUSLBXR50DFSK33RI", "tract_id": "36047042700", "city": "BROOKLYN, NY", "zone_code": "R6", "zone_category": "Residential", "ev_permitted": false}, "geometry": {"type": "Polygon", "coordinates": [[[-73.9247122158668, 40.7040921158462], [-73.9246626952809, 40.7041426335129], [-73.9249599828217, 40.7043112742944], [-73.9250094940793, 40.7042607522789], [-73.9247122158668, 40.7040921158462]]]}}, {"type": "Feature", "properties": {"zone_id": "0205CTHPAU3TNS0A0HR8EC", "tract_id": "36047042700", "city": "BROOKLYN, NY", "zone_code": "R6", "zone_category": "Residential", "ev_permitted": false}, "geometry": {"type": "Polygon", "coordinates": [[[-73.9250377481558, 40.7037600319262], [-73.9249852100096, 40.7038136275274], [-73.9252824378445, 40.7039822344197], [-73.9253349666586, 40.7039286323541], [-73.9250377481558, 40.7037600319262]]]}}, {"type": "Feature", "properties": {"zone_id": "0206TDGWU1RQHW5IHMKUW8", "tract_id": "36047042700", "city": "BROOKLYN, NY", "zone_code": "R6", "zone_category": "Residential", "ev_permitted": false}, "geometry": {"type": "Polygon", "coordinates": [[[-73.9249852100096, 40.7038136275274], [-73.9249299088435, 40.7038700424826], [-73.9252271478635, 40.704038655145], [-73.9252824378445, 40.7039822344197], [-73.9249852100096, 40.7038136275274]]]}}, {"type": "Feature", "properties": {"zone_id": "020199CUQU3SCZI3SM5M3P", "tract_id": "36047042700", "city": "BROOKLYN, NY", "zone_code": "R6", "zone_category": "Residential", "ev_permitted": false}, "geometry": {"type": "Polygon", "coordinates": [[[-73.9249299088435, 40.7038700424826], [-73.9248778382543, 40.7039231612329], [-73.9251750866069, 40.7040917789532], [-73.9252271478635, 40.704038655145], [-73.9249299088435, 40.7038700424826]]]}}, {"type": "Feature", "properties": {"zone_id": "0203QG86SXE0MIFVKE0D1B", "tract_id": "36047042700", "city": "BROOKLYN, NY", "zone_code": "R6", "zone_category": "Residential", "ev_permitted": false}, "geometry": {"type": "Polygon", "coordinates": [[[-73.9248778382543, 40.7039231612329], [-73.924821892621, 40.7039802327021], [-73.9251191503125, 40.7041488568956], [-73.9251750866069, 40.7040917789532], [-73.9248778382543, 40.7039231612329]]]}}, {"type": "Feature", "properties": {"zone_id": "0206ZBEXUXNTCRYM98DLB4", "tract_id": "36047042700", "city": "BROOKLYN, NY", "zone_code": "R6", "zone_category": "Residential", "ev_permitted": false}, "geometry": {"type": "Polygon", "coordinates": [[[-73.9253059144359, 40.7034864653397], [-73.9252535468028, 40.7035398876186], [-73.9255507251929, 40.7037084649833], [-73.9256030825695, 40.7036550376452], [-73.9253059144359, 40.7034864653397]]]}}, {"type": "Feature", "properties": {"zone_id": "0200TE4N1HM7L4SF55YFYG", "tract_id": "36047042700", "city": "BROOKLYN, NY", "zone_code": "R6", "zone_category": "Residential", "ev_permitted": false}, "geometry": {"type": "Polygon", "coordinates": [[[-73.9252535468028, 40.7035398876186], [-73.9251998886782, 40.7035946272252], [-73.9254970764035, 40.7037632103545], [-73.9255507251929, 40.7037084649833], [-73.9252535468028, 40.7035398876186]]]}}, {"type": "Feature", "properties": {"zone_id": "0202LE9J6Q8P83FG6ZR74O", "tract_id": "36047042700", "city": "BROOKLYN, NY", "zone_code": "R6", "zone_category": "Residential", "ev_permitted": false}, "geometry": {"type": "Polygon", "coordinates": [[[-73.9251998886782, 40.7035946272252], [-73.9251447699767, 40.7036508547933], [-73.9254419679625, 40.7038194443942], [-73.9254970764035, 40.7037632103545], [-73.9251998886782, 40.7035946272252]]]}}, {"type": "Feature", "properties": {"zone_id": "020205E8I3CNE6Q8JAP4NX", "tract_id": "36047042700", "city": "BROOKLYN, NY", "zone_code": "R6", "zone_category": "Residential", "ev_permitted": false}, "geometry": {"type": "Polygon", "coordinates": [[[-73.9251447699767, 40.7036508547933], [-73.9250909212553, 40.7037057881586], [-73.9253881294998, 40.7038743835252], [-73.9254419679625, 40.7038194443942], [-73.9251447699767, 40.7036508547933]]]}}, {"type": "Feature", "properties": {"zone_id": "0201UMQUH0UYCO9T4VNY7R", "tract_id": "36047042700", "city": "BROOKLYN, NY", "zone_code": "R6", "zone_category": "Residential", "ev_permitted": false}, "geometry": {"type": "Polygon", "coordinates": [[[-73.9248487241136, 40.7034829172412], [-73.9247948752839, 40.7035378504692], [-73.9250909212553, 40.7037057881586], [-73.9251447699767, 40.7036508547933], [-73.9248487241136, 40.7034829172412]]]}}, {"type": "Feature", "properties": {"zone_id": "0200JRNGEUI8WOQ1IXAKLA", "tract_id": "36047042700", "city": "BROOKLYN, NY", "zone_code": "R6", "zone_category": "Residential", "ev_permitted": false}, "geometry": {"type": "Polygon", "coordinates": [[[-73.9245258451852, 40.7038122943261], [-73.9244738547382, 40.7038653321409], [-73.9247699004311, 40.7040332713509], [-73.924821892621, 40.7039802327021], [-73.9245258451852, 40.7038122943261]]]}}, {"type": "Feature", "properties": {"zone_id": "0201KKJQZJ72P69U9SQ2KI", "tract_id": "36047042700", "city": "BROOKLYN, NY", "zone_code": "R6", "zone_category": "Residential", "ev_permitted": false}, "geometry": {"type": "Polygon", "coordinates": [[[-73.9245817918544, 40.7037552230002], [-73.9245258451852, 40.7038122943261], [-73.924821892621, 40.7039802327021], [-73.9248778382543, 40.7039231612329], [-73.9245817918544, 40.7037552230002]]]}}, {"type": "Feature", "properties": {"zone_id": "0205VUK2F4SHV1YP0UAG8L", "tract_id": "36047042700", "city": "BROOKLYN, NY", "zone_code": "R6", "zone_category": "Residential", "ev_permitted": false}, "geometry": {"type": "Polygon", "coordinates": [[[-73.9246338616258, 40.7037021036794], [-73.9245817918544, 40.7037552230002], [-73.9248778382543, 40.7039231612329], [-73.9249299088435, 40.7038700424826], [-73.9246338616258, 40.7037021036794]]]}}, {"type": "Feature", "properties": {"zone_id": "0203DX1VJ8METGRMILUFMD", "tract_id": "36047042700", "city": "BROOKLYN, NY", "zone_code": "R6", "zone_category": "Residential", "ev_permitted": false}, "geometry": {"type": "Polygon", "coordinates": [[[-73.9244161691339, 40.7039241771912], [-73.9243666484491, 40.703974694029], [-73.9246626952809, 40.7041426335129], [-73.9247122158668, 40.7040921158462], [-73.9244161691339, 40.7039241771912]]]}}, {"type": "Feature", "properties": {"zone_id": "0202ZSQLSUA3SKJ2K8R028", "tract_id": "36047042700", "city": "BROOKLYN, NY", "zone_code": "R6", "zone_category": "Residential", "ev_permitted": false}, "geometry": {"type": "Polygon", "coordinates": [[[-73.9244738547382, 40.7038653321409], [-73.9244161691339, 40.7039241771912], [-73.9247122158668, 40.7040921158462], [-73.9247699004311, 40.7040332713509], [-73.9244738547382, 40.7038653321409]]]}}, {"type": "Feature", "properties": {"zone_id": "0205F7CCAMM85JG49LNVQ0", "tract_id": "36047042700", "city": "BROOKLYN, NY", "zone_code": "R6", "zone_category": "Residential", "ev_permitted": false}, "geometry": {"type": "Polygon", "coordinates": [[[-73.9246891638256, 40.7036456895684], [-73.9246338616258, 40.7037021036794], [-73.9249299088435, 40.7038700424826], [-73.9249852100096, 40.7038136275274], [-73.9246891638256, 40.7036456895684]]]}}, {"type": "Feature", "properties": {"zone_id": "0206YMPU13T4FAXUSWX0VF", "tract_id": "36047042700", "city": "BROOKLYN, NY", "zone_code": "R6", "zone_category": "Residential", "ev_permitted": false}, "geometry": {"type": "Polygon", "coordinates": [[[-73.9247417020783, 40.7035920933985], [-73.9246891638256, 40.7036456895684], [-73.9249852100096, 40.7038136275274], [-73.9250377481558, 40.7037600319262], [-73.9247417020783, 40.7035920933985]]]}}, {"type": "Feature", "properties": {"zone_id": "0204JO0J5C0NCVLH28ZXNT", "tract_id": "36047042700", "city": "BROOKLYN, NY", "zone_code": "R6", "zone_category": "Residential", "ev_permitted": false}, "geometry": {"type": "Polygon", "coordinates": [[[-73.9247948752839, 40.7035378504692], [-73.9247417020783, 40.7035920933985], [-73.9250377481558, 40.7037600319262], [-73.9250909212553, 40.7037057881586], [-73.9247948752839, 40.7035378504692]]]}}, {"type": "Feature", "properties": {"zone_id": "0202OFC9FBP576LRG66VBR", "tract_id": "36047042700", "city": "BROOKLYN, NY", "zone_code": "R6", "zone_category": "Residential", "ev_permitted": false}, "geometry": {"type": "Polygon", "coordinates": [[[-73.924037938351, 40.7043100132104], [-73.9239788459819, 40.7043702933473], [-73.9242748935943, 40.7045382331175], [-73.9243339849213, 40.7044779528292], [-73.924037938351, 40.7043100132104]]]}}, {"type": "Feature", "properties": {"zone_id": "0201JAEVRGFKJGKYPPL5XO", "tract_id": "36047042700", "city": "BROOKLYN, NY", "zone_code": "R6", "zone_category": "Residential", "ev_permitted": false}, "geometry": {"type": "Polygon", "coordinates": [[[-73.924094698391, 40.7042521121169], [-73.924037938351, 40.7043100132104], [-73.9243339849213, 40.7044779528292], [-73.9243907448463, 40.7044200522937], [-73.924094698391, 40.7042521121169]]]}}, {"type": "Feature", "properties": {"zone_id": "0203PSPO98HSZXKJU5NJRA", "tract_id": "36047042700", "city": "BROOKLYN, NY", "zone_code": "C1-3", "zone_category": "Commercial", "ev_permitted": true}, "geometry": {"type": "Polygon", "coordinates": [[[-73.9269569891846, 40.7033486750761], [-73.9268034364798, 40.7035058040559], [-73.9268816101878, 40.703549857128], [-73.9270347838321, 40.7033931163757], [-73.9269569891846, 40.7033486750761]]]}}, {"type": "Feature", "properties": {"zone_id": "0205RUV05CCMGE0CZACIE3", "tract_id": "36047042700", "city": "BROOKLYN, NY", "zone_code": "C1-3", "zone_category": "Commercial", "ev_permitted": true}, "geometry": {"type": "Polygon", "coordinates": [[[-73.9269469334899, 40.703243403181], [-73.9267306100864, 40.7034647645302], [-73.9268034364798, 40.7035058040559], [-73.9270194066799, 40.7032848035143], [-73.9269469334899, 40.703243403181]]]}}, {"type": "Feature", "properties": {"zone_id": "0206VB76VKKNGFTCHFBHII", "tract_id": "36047042700", "city": "BROOKLYN, NY", "zone_code": "C1-3", "zone_category": "Commercial", "ev_permitted": true}, "geometry": {"type": "Polygon", "coordinates": [[[-73.9268697969739, 40.7031993374597], [-73.9266530963269, 40.7034210841853], [-73.9267306100864, 40.7034647645302], [-73.9269469334899, 40.703243403181], [-73.9268697969739, 40.7031993374597]]]}}, {"type": "Feature", "properties": {"zone_id": "0201I20JO18IMV0SCBC3VX", "tract_id": "36047042700", "city": "BROOKLYN, NY", "zone_code": "R6", "zone_category": "Residential", "ev_permitted": false}, "geometry": {"type": "Polygon", "coordinates": [[[-73.9268017068758, 40.7031604405864], [-73.9265846752134, 40.7033825270614], [-73.9266530963269, 40.7034210841853], [-73.9268697969739, 40.7031993374597], [-73.9268017068758, 40.7031604405864]]]}}, {"type": "Feature", "properties": {"zone_id": "0201MLPTTPKN302N9P8VOF", "tract_id": "36047042700", "city": "BROOKLYN, NY", "zone_code": "R6", "zone_category": "Residential", "ev_permitted": false}, "geometry": {"type": "Polygon", "coordinates": [[[-73.9268590331183, 40.7031017796104], [-73.9268017068758, 40.7031604405864], [-73.9270972012944, 40.7033292447721], [-73.9271545264989, 40.7032705836497], [-73.9268590331183, 40.7031017796104]]]}}, {"type": "Feature", "properties": {"zone_id": "0205FLK0HN5LDFZ88RHY1L", "tract_id": "36047042700", "city": "BROOKLYN, NY", "zone_code": "C1-3", "zone_category": "Commercial", "ev_permitted": true}, "geometry": {"type": "Polygon", "coordinates": [[[-73.9265610932538, 40.7029315995465], [-73.9265036303349, 40.7029901815902], [-73.9268017068758, 40.7031604405864], [-73.9268590331183, 40.7031017796104], [-73.9265610932538, 40.7029315995465]]]}}, {"type": "Feature", "properties": {"zone_id": "0202LUWZXHOSWHDN1NNU70", "tract_id": "36047042700", "city": "BROOKLYN, NY", "zone_code": "R6", "zone_category": "Residential", "ev_permitted": false}, "geometry": {"type": "Polygon", "coordinates": [[[-73.926655530227, 40.7030769347485], [-73.9264377847586, 40.703299750558], [-73.926510828555, 40.7033409126717], [-73.9267282198926, 40.7031184597751], [-73.926655530227, 40.7030769347485]]]}}, {"type": "Feature", "properties": {"zone_id": "0206430JKT7Y26FEDJEA1U", "tract_id": "36047042700", "city": "BROOKLYN, NY", "zone_code": "C1-3", "zone_category": "Commercial", "ev_permitted": true}, "geometry": {"type": "Polygon", "coordinates": [[[-73.9265803225668, 40.7030339711295], [-73.9263622100242, 40.7032571617838], [-73.9264377847586, 40.703299750558], [-73.926655530227, 40.7030769347485], [-73.9265803225668, 40.7030339711295]]]}}, {"type": "Feature", "properties": {"zone_id": "0204JSAOF1FKOY3SH1UE5P", "tract_id": "36047042700", "city": "BROOKLYN, NY", "zone_code": "C1-3", "zone_category": "Commercial", "ev_permitted": true}, "geometry": {"type": "Polygon", "coordinates": [[[-73.9265036303349, 40.7029901815902], [-73.9262846330805, 40.7032134446105], [-73.9263622100242, 40.7032571617838], [-73.9265803225668, 40.7030339711295], [-73.9265036303349, 40.7029901815902]]]}}, {"type": "Feature", "properties": {"zone_id": "02064P0YHTXPT2ZMTE9H10", "tract_id": "36047042700", "city": "BROOKLYN, NY", "zone_code": "C1-3", "zone_category": "Commercial", "ev_permitted": true}, "geometry": {"type": "Polygon", "coordinates": [[[-73.9267282198926, 40.7031184597751], [-73.926510828555, 40.7033409126717], [-73.9265846752134, 40.7033825270614], [-73.9268017068758, 40.7031604405864], [-73.9267282198926, 40.7031184597751]]]}}, {"type": "Feature", "properties": {"zone_id": "0206WA2B51UIZX9GQIZS6X", "tract_id": "36047042700", "city": "BROOKLYN, NY", "zone_code": "C1-3", "zone_category": "Commercial", "ev_permitted": true}, "geometry": {"type": "Polygon", "coordinates": [[[-73.9262247717867, 40.7033989183696], [-73.9260066437605, 40.7036206004226], [-73.9260844411742, 40.7036647605981], [-73.926302569086, 40.703443078399], [-73.9262247717867, 40.7033989183696]]]}}, {"type": "Feature", "properties": {"zone_id": "020783RARAJRA874W9CFR9", "tract_id": "36047042700", "city": "BROOKLYN, NY", "zone_code": "R6", "zone_category": "Residential", "ev_permitted": false}, "geometry": {"type": "Polygon", "coordinates": [[[-73.9261475374494, 40.7033550769535], [-73.925929604003, 40.703576870007], [-73.9260066437605, 40.7036206004226], [-73.9262247717867, 40.7033989183696], [-73.9261475374494, 40.7033550769535]]]}}, {"type": "Feature", "properties": {"zone_id": "0201DLOZVZ86OPB4PG260B", "tract_id": "36047042700", "city": "BROOKLYN, NY", "zone_code": "R6", "zone_category": "Residential", "ev_permitted": false}, "geometry": {"type": "Polygon", "coordinates": [[[-73.9258355260586, 40.7031809735754], [-73.9256162475387, 40.7034046728964], [-73.9256874498203, 40.7034450635241], [-73.92590634278, 40.7032217594181], [-73.9258355260586, 40.7031809735754]]]}}, {"type": "Feature", "properties": {"zone_id": "0203SVSGM2GEU3UA0RTTVU", "tract_id": "36047042700", "city": "BROOKLYN, NY", "zone_code": "C1-3", "zone_category": "Commercial", "ev_permitted": true}, "geometry": {"type": "Polygon", "coordinates": [[[-73.92590634278, 40.7032217594181], [-73.9256874498203, 40.7034450635241], [-73.9257654756848, 40.7034893238418], [-73.9259839027314, 40.7032664296427], [-73.92590634278, 40.7032217594181]]]}}, {"type": "Feature", "properties": {"zone_id": "0206FG3VHB55JC5HSG8WOX", "tract_id": "36047042700", "city": "BROOKLYN, NY", "zone_code": "C1-3", "zone_category": "Commercial", "ev_permitted": true}, "geometry": {"type": "Polygon", "coordinates": [[[-73.925765698563, 40.7031407567788], [-73.9255460372609, 40.7033648449942], [-73.9256162475387, 40.7034046728964], [-73.9258355260586, 40.7031809735754], [-73.925765698563, 40.7031407567788]]]}}, {"type": "Feature", "properties": {"zone_id": "0202YZBQAHRK0OSTEDJH7V", "tract_id": "36047042700", "city": "BROOKLYN, NY", "zone_code": "R6", "zone_category": "Residential", "ev_permitted": false}, "geometry": {"type": "Polygon", "coordinates": [[[-73.9266176354412, 40.702873954938], [-73.9265610932538, 40.7029315995465], [-73.9268590331183, 40.7031017796104], [-73.9269154395515, 40.7030440588835], [-73.9266176354412, 40.702873954938]]]}}, {"type": "Feature", "properties": {"zone_id": "02021GQOY5RF2UNUULNOUT", "tract_id": "36047042700", "city": "BROOKLYN, NY", "zone_code": "R6", "zone_category": "Residential", "ev_permitted": false}, "geometry": {"type": "Polygon", "coordinates": [[[-73.9266676295934, 40.7028229863201], [-73.9266176354412, 40.702873954938], [-73.9269154395515, 40.7030440588835], [-73.9269653154975, 40.7029930212017], [-73.9266676295934, 40.7028229863201]]]}}, {"type": "Feature", "properties": {"zone_id": "0205OHXU6NBST3NREU72MR", "tract_id": "36047042700", "city": "BROOKLYN, NY", "zone_code": "R6", "zone_category": "Residential", "ev_permitted": false}, "geometry": {"type": "Polygon", "coordinates": [[[-73.9267785450352, 40.7027099089688], [-73.926724923997, 40.7027645755353], [-73.9270224732246, 40.7029345321881], [-73.9270759658971, 40.7028797930291], [-73.9267785450352, 40.7027099089688]]]}}, {"type": "Feature", "properties": {"zone_id": "0200XTHDXXPTWORQMU9IKS", "tract_id": "36047042700", "city": "BROOKLYN, NY", "zone_code": "R6", "zone_category": "Residential", "ev_permitted": false}, "geometry": {"type": "Polygon", "coordinates": [[[-73.9268337881723, 40.7026535886436], [-73.9267785450352, 40.7027099089688], [-73.9270759658971, 40.7028797930291], [-73.9271310779002, 40.7028233958893], [-73.9268337881723, 40.7026535886436]]]}}, {"type": "Feature", "properties": {"zone_id": "0201UZI92MG9QB5I2DCTHE", "tract_id": "36047042700", "city": "", "zone_code": "R6", "zone_category": "Residential", "ev_permitted": false}, "geometry": {"type": "Polygon", "coordinates": [[[-73.926724923997, 40.7027645755353], [-73.9266676295934, 40.7028229863201], [-73.9269653154975, 40.7029930212017], [-73.9270224732246, 40.7029345321881], [-73.926724923997, 40.7027645755353]]]}}, {"type": "Feature", "properties": {"zone_id": "0206EDOJN2HNLOXUBG7PB9", "tract_id": "36047042700", "city": "BROOKLYN, NY", "zone_code": "R6", "zone_category": "Residential", "ev_permitted": false}, "geometry": {"type": "Polygon", "coordinates": [[[-73.9263822543774, 40.7024039013332], [-73.926332054299, 40.7024549870423], [-73.926621899888, 40.7026208475153], [-73.9266720998692, 40.7025697616808], [-73.9263822543774, 40.7024039013332]]]}}, {"type": "Feature", "properties": {"zone_id": "0200MJXGIRW358LGBRNQ9N", "tract_id": "36047042700", "city": "BROOKLYN, NY", "zone_code": "R6", "zone_category": "Residential", "ev_permitted": false}, "geometry": {"type": "Polygon", "coordinates": [[[-73.926332054299, 40.7024549870423], [-73.9262740731582, 40.7025139916446], [-73.926563917937, 40.7026798515591], [-73.926621899888, 40.7026208475153], [-73.926332054299, 40.7024549870423]]]}}, {"type": "Feature", "properties": {"zone_id": "0207DIYW6FP6037E2ESKPR", "tract_id": "36047042700", "city": "BROOKLYN, NY", "zone_code": "R6", "zone_category": "Residential", "ev_permitted": false}, "geometry": {"type": "Polygon", "coordinates": [[[-73.9262740731582, 40.7025139916446], [-73.9262225825521, 40.7025663897506], [-73.9265124283539, 40.7027322497942], [-73.926563917937, 40.7026798515591], [-73.9262740731582, 40.7025139916446]]]}}, {"type": "Feature", "properties": {"zone_id": "020573C2BFXPYMCNW15JIV", "tract_id": "36047042700", "city": "BROOKLYN, NY", "zone_code": "R6", "zone_category": "Residential", "ev_permitted": false}, "geometry": {"type": "Polygon", "coordinates": [[[-73.9262225825521, 40.7025663897506], [-73.9261662465258, 40.7026237195079], [-73.9264560924359, 40.7027895803947], [-73.9265124283539, 40.7027322497942], [-73.9262225825521, 40.7025663897506]]]}}, {"type": "Feature", "properties": {"zone_id": "02004KXFTFPP7YO2GRG92C", "tract_id": "36047042700", "city": "BROOKLYN, NY", "zone_code": "R6", "zone_category": "Residential", "ev_permitted": false}, "geometry": {"type": "Polygon", "coordinates": [[[-73.9260912409305, 40.7027448514433], [-73.9258673852241, 40.7029726532554], [-73.9259262686606, 40.703006351397], [-73.9261501252023, 40.702778549472], [-73.9260912409305, 40.7027448514433]]]}}, {"type": "Feature", "properties": {"zone_id": "0203FXSMTE151B33U01S82", "tract_id": "36047042700", "city": "BROOKLYN, NY", "zone_code": "C1-3", "zone_category": "Commercial", "ev_permitted": true}, "geometry": {"type": "Polygon", "coordinates": [[[-73.9261501252023, 40.702778549472], [-73.9259262686606, 40.703006351397], [-73.9261290430911, 40.7031223960451], [-73.9263529039523, 40.7028945881108], [-73.9261501252023, 40.702778549472]]]}}, {"type": "Feature", "properties": {"zone_id": "0205JYP4H2MY3PJ3MINVEK", "tract_id": "36047042700", "city": "BROOKLYN, NY", "zone_code": "C1-3", "zone_category": "Commercial", "ev_permitted": true}, "geometry": {"type": "Polygon", "coordinates": [[[-73.9260262816387, 40.7027076755282], [-73.9258024267577, 40.7029354779183], [-73.9258673852241, 40.7029726532554], [-73.9260912409305, 40.7027448514433], [-73.9260262816387, 40.7027076755282]]]}}, {"type": "Feature", "properties": {"zone_id": "0203N5Q9CV2HPQ7HNDIJM0", "tract_id": "36047042700", "city": "BROOKLYN, NY", "zone_code": "C1-3", "zone_category": "Commercial", "ev_permitted": true}, "geometry": {"type": "Polygon", "coordinates": [[[-73.9259667303783, 40.7026735954623], [-73.9257428744857, 40.7029013970343], [-73.9258024267577, 40.7029354779183], [-73.9260262816387, 40.7027076755282], [-73.9259667303783, 40.7026735954623]]]}}, {"type": "Feature", "properties": {"zone_id": "0207K0EKGZW94490F4IEY7", "tract_id": "36047042700", "city": "BROOKLYN, NY", "zone_code": "C1-3", "zone_category": "Commercial", "ev_permitted": true}, "geometry": {"type": "Polygon", "coordinates": [[[-73.9258990160381, 40.7026348430414], [-73.9256751600442, 40.7028626444828], [-73.9257428744857, 40.7029013970343], [-73.9259667303783, 40.7026735954623], [-73.9258990160381, 40.7026348430414]]]}}, {"type": "Feature", "properties": {"zone_id": "02026IQBM01BUUHLJR172G", "tract_id": "36047042700", "city": "BROOKLYN, NY", "zone_code": "R6", "zone_category": "Residential", "ev_permitted": false}, "geometry": {"type": "Polygon", "coordinates": [[[-73.9261662465258, 40.7026237195079], [-73.9260630615386, 40.7027287241581], [-73.9263529039523, 40.7028945881108], [-73.9264560924359, 40.7027895803947], [-73.9261662465258, 40.7026237195079]]]}}, {"type": "Feature", "properties": {"zone_id": "0205TTKSRHVLJ7P2J8TK8B", "tract_id": "36047042700", "city": "BROOKLYN, NY", "zone_code": "C1-3", "zone_category": "Commercial", "ev_permitted": true}, "geometry": {"type": "Polygon", "coordinates": [[[-73.9258624425668, 40.7024498512185], [-73.9258079613007, 40.7025054422093], [-73.9261116721787, 40.7026792564765], [-73.9261662465258, 40.7026237195079], [-73.9258624425668, 40.7024498512185]]]}}, {"type": "Feature", "properties": {"zone_id": "0204HAM4QBW8D5HTOW67XL", "tract_id": "36047042700", "city": "BROOKLYN, NY", "zone_code": "R6", "zone_category": "Residential", "ev_permitted": false}, "geometry": {"type": "Polygon", "coordinates": [[[-73.9259186809018, 40.7023924653329], [-73.9258624425668, 40.7024498512185], [-73.9261662465258, 40.7026237195079], [-73.9262225825521, 40.7025663897506], [-73.9259186809018, 40.7023924653329]]]}}, {"type": "Feature", "properties": {"zone_id": "02047ZQR0AHMCFWVMU8QLK", "tract_id": "36047042700", "city": "BROOKLYN, NY", "zone_code": "C1-3", "zone_category": "Commercial", "ev_permitted": true}, "geometry": {"type": "Polygon", "coordinates": [[[-73.925822734503, 40.702591187518], [-73.9255988774726, 40.7028189881092], [-73.9256751600442, 40.7028626444828], [-73.9258990160381, 40.7026348430414], [-73.925822734503, 40.702591187518]]]}}, {"type": "Feature", "properties": {"zone_id": "0206HLKA9OCL1KC65BM3CY", "tract_id": "36047042700", "city": "BROOKLYN, NY", "zone_code": "C1-3", "zone_category": "Commercial", "ev_permitted": true}, "geometry": {"type": "Polygon", "coordinates": [[[-73.9257594317541, 40.7025549611102], [-73.9255359640101, 40.7027829831691], [-73.9255988774726, 40.7028189881092], [-73.925822734503, 40.702591187518], [-73.9257594317541, 40.7025549611102]]]}}, {"type": "Feature", "properties": {"zone_id": "02014PGWUJ1UK03RC9Q13Y", "tract_id": "36047042700", "city": "BROOKLYN, NY", "zone_code": "R6", "zone_category": "Residential", "ev_permitted": false}, "geometry": {"type": "Polygon", "coordinates": [[[-73.9258079613007, 40.7025054422093], [-73.9257594317541, 40.7025549611102], [-73.9260630615386, 40.7027287241581], [-73.9261116721787, 40.7026792564765], [-73.9258079613007, 40.7025054422093]]]}}, {"type": "Feature", "properties": {"zone_id": "02032GQXTLXQLOKETTKJB3", "tract_id": "36047042700", "city": "BROOKLYN, NY", "zone_code": "C1-3", "zone_category": "Commercial", "ev_permitted": true}, "geometry": {"type": "Polygon", "coordinates": [[[-73.9253939876185, 40.7029266702596], [-73.9251722931169, 40.7031528321084], [-73.9254683383292, 40.7033207688355], [-73.9256884221736, 40.7030962496066], [-73.9253939876185, 40.7029266702596]]]}}, {"type": "Feature", "properties": {"zone_id": "0201JBT9L2L7RQHQY3R7Q5", "tract_id": "36047042700", "city": "BROOKLYN, NY", "zone_code": "C1-3", "zone_category": "Commercial", "ev_permitted": true}, "geometry": {"type": "Polygon", "coordinates": [[[-73.9254683383292, 40.7033207688355], [-73.9254165274171, 40.7033736238006], [-73.9257136750281, 40.7035421838647], [-73.9257654756848, 40.7034893238418], [-73.9254683383292, 40.7033207688355]]]}}, {"type": "Feature", "properties": {"zone_id": "0202XRKASL8IY002WPG0FR", "tract_id": "36047042700", "city": "BROOKLYN, NY", "zone_code": "C1-3", "zone_category": "Commercial", "ev_permitted": true}, "geometry": {"type": "Polygon", "coordinates": [[[-73.9254165274171, 40.7033736238006], [-73.9253619220964, 40.7034293297303], [-73.9256590790428, 40.7035978969667], [-73.9257136750281, 40.7035421838647], [-73.9254165274171, 40.7033736238006]]]}}, {"type": "Feature", "properties": {"zone_id": "0205M1WQ3A07Q44TZITUH4", "tract_id": "36047042700", "city": "BROOKLYN, NY", "zone_code": "R6", "zone_category": "Residential", "ev_permitted": false}, "geometry": {"type": "Polygon", "coordinates": [[[-73.9253619220964, 40.7034293297303], [-73.9253059144359, 40.7034864653397], [-73.9256030825695, 40.7036550376452], [-73.9256590790428, 40.7035978969667], [-73.9253619220964, 40.7034293297303]]]}}, {"type": "Feature", "properties": {"zone_id": "0203ICGSKSJY0MLCSC94CN", "tract_id": "36047042700", "city": "BROOKLYN, NY", "zone_code": "R6", "zone_category": "Residential", "ev_permitted": false}, "geometry": {"type": "Polygon", "coordinates": [[[-73.9249038429268, 40.703426689111], [-73.9248487241136, 40.7034829172412], [-73.9251447699767, 40.7036508547933], [-73.9251998886782, 40.7035946272252], [-73.9249038429268, 40.703426689111]]]}}, {"type": "Feature", "properties": {"zone_id": "0204ON8ET9IZNU7GQT2OXO", "tract_id": "36047042700", "city": "BROOKLYN, NY", "zone_code": "R6", "zone_category": "Residential", "ev_permitted": false}, "geometry": {"type": "Polygon", "coordinates": [[[-73.9249575011592, 40.7033719496412], [-73.9249038429268, 40.703426689111], [-73.9251998886782, 40.7035946272252], [-73.9252535468028, 40.7035398876186], [-73.9249575011592, 40.7033719496412]]]}}, {"type": "Feature", "properties": {"zone_id": "0200TJ2QM6ERCBMGQAUG5R", "tract_id": "36047042700", "city": "BROOKLYN, NY", "zone_code": "R6", "zone_category": "Residential", "ev_permitted": false}, "geometry": {"type": "Polygon", "coordinates": [[[-73.9250098688969, 40.7033185281985], [-73.9249575011592, 40.7033719496412], [-73.9252535468028, 40.7035398876186], [-73.9253059144359, 40.7034864653397], [-73.9250098688969, 40.7033185281985]]]}}, {"type": "Feature", "properties": {"zone_id": "020461NRQN3EH5UX3ROCS4", "tract_id": "36047042700", "city": "BROOKLYN, NY", "zone_code": "R6", "zone_category": "Residential", "ev_permitted": false}, "geometry": {"type": "Polygon", "coordinates": [[[-73.9250658757475, 40.7032613920287], [-73.9250098688969, 40.7033185281985], [-73.9253059144359, 40.7034864653397], [-73.9253619220964, 40.7034293297303], [-73.9250658757475, 40.7032613920287]]]}}, {"type": "Feature", "properties": {"zone_id": "0200G3VFXHQUQHQ2ED1XGM", "tract_id": "36047042700", "city": "BROOKLYN, NY", "zone_code": "R6", "zone_category": "Residential", "ev_permitted": false}, "geometry": {"type": "Polygon", "coordinates": [[[-73.9251204821005, 40.7032056869415], [-73.9250658757475, 40.7032613920287], [-73.9253619220964, 40.7034293297303], [-73.9254165274171, 40.7033736238006], [-73.9251204821005, 40.7032056869415]]]}}, {"type": "Feature", "properties": {"zone_id": "0202GTO7N2OXL91ET83Y7R", "tract_id": "36047042700", "city": "BROOKLYN, NY", "zone_code": "R6", "zone_category": "Residential", "ev_permitted": false}, "geometry": {"type": "Polygon", "coordinates": [[[-73.9251722931169, 40.7031528321084], [-73.9251204821005, 40.7032056869415], [-73.9254165274171, 40.7033736238006], [-73.9254683383292, 40.7033207688355], [-73.9251722931169, 40.7031528321084]]]}}, {"type": "Feature", "properties": {"zone_id": "02004ZS8DN6E1DMNXTU59L", "tract_id": "36047042700", "city": "BROOKLYN, NY", "zone_code": "C1-3", "zone_category": "Commercial", "ev_permitted": true}, "geometry": {"type": "Polygon", "coordinates": [[[-73.9256884221736, 40.7030962496066], [-73.9254683383292, 40.7033207688355], [-73.9255460372609, 40.7033648449942], [-73.925765698563, 40.7031407567788], [-73.9256884221736, 40.7030962496066]]]}}, {"type": "Feature", "properties": {"zone_id": "0206B8HABRSDYIM9Q1WSAX", "tract_id": "36047042700", "city": "BROOKLYN, NY", "zone_code": "R6", "zone_category": "Residential", "ev_permitted": false}, "geometry": {"type": "Polygon", "coordinates": [[[-73.9265988976596, 40.7021834345975], [-73.9265484159963, 40.7022348069081], [-73.9268382602415, 40.7024006682457], [-73.9268887427319, 40.7023492944044], [-73.9265988976596, 40.7021834345975]]]}}, {"type": "Feature", "properties": {"zone_id": "0203O3Z9BTED8J9GDC7FR6", "tract_id": "36047042700", "city": "BROOKLYN, NY", "zone_code": "R6", "zone_category": "Residential", "ev_permitted": false}, "geometry": {"type": "Polygon", "coordinates": [[[-73.9265484159963, 40.7022348069081], [-73.9264919030601, 40.7022923180002], [-73.9267817483403, 40.7024581773715], [-73.9268382602415, 40.7024006682457], [-73.9265484159963, 40.7022348069081]]]}}, {"type": "Feature", "properties": {"zone_id": "0204V4CWGMUNOURUTM1RBM", "tract_id": "36047042700", "city": "BROOKLYN, NY", "zone_code": "R6", "zone_category": "Residential", "ev_permitted": false}, "geometry": {"type": "Polygon", "coordinates": [[[-73.9264919030601, 40.7022923180002], [-73.9264393507493, 40.7023457976232], [-73.9267291961313, 40.7025116571257], [-73.9267817483403, 40.7024581773715], [-73.9264919030601, 40.7022923180002]]]}}, {"type": "Feature", "properties": {"zone_id": "02051B02OE4500GNAQRPB8", "tract_id": "36047042700", "city": "BROOKLYN, NY", "zone_code": "R6", "zone_category": "Residential", "ev_permitted": false}, "geometry": {"type": "Polygon", "coordinates": [[[-73.9264393507493, 40.7023457976232], [-73.9263822543774, 40.7024039013332], [-73.9266720998692, 40.7025697616808], [-73.9267291961313, 40.7025116571257], [-73.9264393507493, 40.7023457976232]]]}}, {"type": "Feature", "properties": {"zone_id": "0205494O0W1FX8ES2UW8FQ", "tract_id": "36047042700", "city": "BROOKLYN, NY", "zone_code": "R6", "zone_category": "Residential", "ev_permitted": false}, "geometry": {"type": "Polygon", "coordinates": [[[-73.9267630755269, 40.702016358039], [-73.9267061867659, 40.7020742512457], [-73.9269963625348, 40.7022397737177], [-73.9270529202821, 40.7021822167333], [-73.9267630755269, 40.702016358039]]]}}, {"type": "Feature", "properties": {"zone_id": "02043SKQC5PR5DY48348VV", "tract_id": "36047042700", "city": "BROOKLYN, NY", "zone_code": "R6", "zone_category": "Residential", "ev_permitted": false}, "geometry": {"type": "Polygon", "coordinates": [[[-73.9267061867659, 40.7020742512457], [-73.9265988976596, 40.7021834345975], [-73.9268887427319, 40.7023492944044], [-73.9269963625348, 40.7022397737177], [-73.9267061867659, 40.7020742512457]]]}}, {"type": "Feature", "properties": {"zone_id": "0202P119D1ZP63W9UNZF8M", "tract_id": "36047042700", "city": "BROOKLYN, NY", "zone_code": "R6", "zone_category": "Residential", "ev_permitted": false}, "geometry": {"type": "Polygon", "coordinates": [[[-73.9268729641794, 40.7019045292626], [-73.9268174324985, 40.7019610419571], [-73.9271072762251, 40.7021269005152], [-73.9271628077984, 40.7020703876819], [-73.9268729641794, 40.7019045292626]]]}}, {"type": "Feature", "properties": {"zone_id": "020054T7LUJZ3BY3UPNM9H", "tract_id": "36047042700", "city": "BROOKLYN, NY", "zone_code": "R6", "zone_category": "Residential", "ev_permitted": false}, "geometry": {"type": "Polygon", "coordinates": [[[-73.9268174324985, 40.7019610419571], [-73.9267630755269, 40.702016358039], [-73.9270529202821, 40.7021822167333], [-73.9271072762251, 40.7021269005152], [-73.9268174324985, 40.7019610419571]]]}}, {"type": "Feature", "properties": {"zone_id": "0202I7J3BWAPFG600JZO43", "tract_id": "36047042700", "city": "BROOKLYN, NY", "zone_code": "R6", "zone_category": "Residential", "ev_permitted": false}, "geometry": {"type": "Polygon", "coordinates": [[[-73.9262439512387, 40.7020605618662], [-73.9261875359947, 40.7021181276804], [-73.9264919030601, 40.7022923180002], [-73.9265484159963, 40.7022348069081], [-73.9262439512387, 40.7020605618662]]]}}, {"type": "Feature", "properties": {"zone_id": "0207GW55B8MOYOJRNVPB35", "tract_id": "36047042700", "city": "BROOKLYN, NY", "zone_code": "R6", "zone_category": "Residential", "ev_permitted": false}, "geometry": {"type": "Polygon", "coordinates": [[[-73.9262943453491, 40.7020091390404], [-73.9262439512387, 40.7020605618662], [-73.9265484159963, 40.7022348069081], [-73.9265988976596, 40.7021834345975], [-73.9262943453491, 40.7020091390404]]]}}, {"type": "Feature", "properties": {"zone_id": "0201XL0EZR1MWGEN0WMEAZ", "tract_id": "36047042700", "city": "BROOKLYN, NY", "zone_code": "R6", "zone_category": "Residential", "ev_permitted": false}, "geometry": {"type": "Polygon", "coordinates": [[[-73.9263508435985, 40.7019514875018], [-73.9262943453491, 40.7020091390404], [-73.9265988976596, 40.7021834345975], [-73.9266554945225, 40.7021258391864], [-73.9263508435985, 40.7019514875018]]]}}, {"type": "Feature", "properties": {"zone_id": "0202RZ9ML6MGSE85SFZ2Y4", "tract_id": "36047042700", "city": "BROOKLYN, NY", "zone_code": "R6", "zone_category": "Residential", "ev_permitted": false}, "geometry": {"type": "Polygon", "coordinates": [[[-73.9264017791952, 40.7018995119811], [-73.9263508435985, 40.7019514875018], [-73.9266554945225, 40.7021258391864], [-73.9267061867659, 40.7020742512457], [-73.9264017791952, 40.7018995119811]]]}}, {"type": "Feature", "properties": {"zone_id": "02064K3FR9S9MSB4NGW6QC", "tract_id": "36047042700", "city": "BROOKLYN, NY", "zone_code": "R6", "zone_category": "Residential", "ev_permitted": false}, "geometry": {"type": "Polygon", "coordinates": [[[-73.9259700821101, 40.7023400167125], [-73.9259186809018, 40.7023924653329], [-73.9262225825521, 40.7025663897506], [-73.9262740731582, 40.7025139916446], [-73.9259700821101, 40.7023400167125]]]}}, {"type": "Feature", "properties": {"zone_id": "0203K1SORDAF8QMR8Z1XGZ", "tract_id": "36047042700", "city": "BROOKLYN, NY", "zone_code": "R6", "zone_category": "Residential", "ev_permitted": false}, "geometry": {"type": "Polygon", "coordinates": [[[-73.9260279627939, 40.7022809552819], [-73.9259700821101, 40.7023400167125], [-73.9262740731582, 40.7025139916446], [-73.926332054299, 40.7024549870423], [-73.9260279627939, 40.7022809552819]]]}}, {"type": "Feature", "properties": {"zone_id": "0207KC0KYA60WKGYT7DGZX", "tract_id": "36047042700", "city": "BROOKLYN, NY", "zone_code": "R6", "zone_category": "Residential", "ev_permitted": false}, "geometry": {"type": "Polygon", "coordinates": [[[-73.9260780762411, 40.7022298197597], [-73.9260279627939, 40.7022809552819], [-73.926332054299, 40.7024549870423], [-73.9263822543774, 40.7024039013332], [-73.9260780762411, 40.7022298197597]]]}}, {"type": "Feature", "properties": {"zone_id": "0202C5UM6LDL21WU34IVJD", "tract_id": "36047042700", "city": "BROOKLYN, NY", "zone_code": "R6", "zone_category": "Residential", "ev_permitted": false}, "geometry": {"type": "Polygon", "coordinates": [[[-73.9261350740009, 40.7021716592205], [-73.926125802074, 40.7021811202113], [-73.9263248189515, 40.7022950154895], [-73.9262770101398, 40.7023436672857], [-73.9263822543774, 40.7024039013332], [-73.9264393507493, 40.7023457976232], [-73.9261350740009, 40.7021716592205]]]}}, {"type": "Feature", "properties": {"zone_id": "0200M3SLPXK8BQS64J0694", "tract_id": "36047042700", "city": "BROOKLYN, NY", "zone_code": "R6", "zone_category": "Residential", "ev_permitted": false}, "geometry": {"type": "Polygon", "coordinates": [[[-73.926125802074, 40.7021811202113], [-73.9260780762411, 40.7022298197597], [-73.9262770101398, 40.7023436672857], [-73.9263248189515, 40.7022950154895], [-73.926125802074, 40.7021811202113]]]}}, {"type": "Feature", "properties": {"zone_id": "0203H9DERA04FXQ258D7JI", "tract_id": "36047042700", "city": "BROOKLYN, NY", "zone_code": "R6", "zone_category": "Residential", "ev_permitted": false}, "geometry": {"type": "Polygon", "coordinates": [[[-73.9261875359947, 40.7021181276804], [-73.9261350740009, 40.7021716592205], [-73.9264393507493, 40.7023457976232], [-73.9264919030601, 40.7022923180002], [-73.9261875359947, 40.7021181276804]]]}}, {"type": "Feature", "properties": {"zone_id": "0203Z76QVZSR9Q8H7XP2D0", "tract_id": "36047042700", "city": "BROOKLYN, NY", "zone_code": "R6", "zone_category": "Residential", "ev_permitted": false}, "geometry": {"type": "Polygon", "coordinates": [[[-73.9266181758704, 40.7016784203733], [-73.9264582393611, 40.7018418997137], [-73.9267630755269, 40.702016358039], [-73.9269234638296, 40.7018531371447], [-73.9266181758704, 40.7016784203733]]]}}, {"type": "Feature", "properties": {"zone_id": "02055LQ74YDNSBVP7K974M", "tract_id": "36047042700", "city": "BROOKLYN, NY", "zone_code": "R6", "zone_category": "Residential", "ev_permitted": false}, "geometry": {"type": "Polygon", "coordinates": [[[-73.9264582393611, 40.7018418997137], [-73.9264017791952, 40.7018995119811], [-73.9267061867659, 40.7020742512457], [-73.9267630755269, 40.702016358039], [-73.9264582393611, 40.7018418997137]]]}}, {"type": "Feature", "properties": {"zone_id": "0204BN8F0WQJZ8I6GF8NPC", "tract_id": "36047042700", "city": "BROOKLYN, NY", "zone_code": "R6", "zone_category": "Residential", "ev_permitted": false}, "geometry": {"type": "Polygon", "coordinates": [[[-73.9269229460326, 40.7014933375149], [-73.926696839282, 40.7017234379449], [-73.9267737967325, 40.70176748049], [-73.9269999423505, 40.7015380348142], [-73.9269229460326, 40.7014933375149]]]}}, {"type": "Feature", "properties": {"zone_id": "0207H4RS21C6390WKI5FQA", "tract_id": "36047042700", "city": "BROOKLYN, NY", "zone_code": "R6", "zone_category": "Residential", "ev_permitted": false}, "geometry": {"type": "Polygon", "coordinates": [[[-73.9269999423505, 40.7015380348142], [-73.9267737967325, 40.70176748049], [-73.9268456637628, 40.7018086086266], [-73.9270710021938, 40.7015792887783], [-73.9269999423505, 40.7015380348142]]]}}, {"type": "Feature", "properties": {"zone_id": "0200EXEJXMKUCGQUUKK1JY", "tract_id": "36047042700", "city": "BROOKLYN, NY", "zone_code": "R6", "zone_category": "Residential", "ev_permitted": false}, "geometry": {"type": "Polygon", "coordinates": [[[-73.9270710021938, 40.7015792887783], [-73.9268456637628, 40.7018086086266], [-73.9269234638296, 40.7018531371447], [-73.9271484037694, 40.7016242223282], [-73.9270710021938, 40.7015792887783]]]}}, {"type": "Feature", "properties": {"zone_id": "0205M3KBJ4QGOO3FJ50425", "tract_id": "36047042700", "city": "BROOKLYN, NY", "zone_code": "R6", "zone_category": "Residential", "ev_permitted": false}, "geometry": {"type": "Polygon", "coordinates": [[[-73.9268444726026, 40.7014477805741], [-73.9266181758704, 40.7016784203733], [-73.926696839282, 40.7017234379449], [-73.9269229460326, 40.7014933375149], [-73.9268444726026, 40.7014477805741]]]}}]}