{"type": "FeatureCollection", "features": [{"type": "Feature", "properties": {"zone_id": "0202TXB9ALVDDX6MTW9RZ5", "tract_id": "36081059000", "city": "JAMAICA, NY", "zone_code": "R3-2", "zone_category": "Residential", "ev_permitted": false}, "geometry": {"type": "Polygon", "coordinates": [[[-73.7403281876551, 40.7024632933196], [-73.7403215396158, 40.7025809497872], [-73.7406315722403, 40.7025910083005], [-73.7406742585887, 40.702474044334], [-73.7403281876551, 40.7024632933196]]]}}, {"type": "Feature", "properties": {"zone_id": "0202Z6MUR1LR2XNVF194BC", "tract_id": "36081059000", "city": "JAMAICA, NY", "zone_code": "R3-2", "zone_category": "Residential", "ev_permitted": false}, "geometry": {"type": "Polygon", "coordinates": [[[-73.7404124127833, 40.7022527757336], [-73.7404092227436, 40.7023092289212], [-73.7407307631664, 40.702319218967], [-73.7407511710848, 40.7022632999308], [-73.7404124127833, 40.7022527757336]]]}}, {"type": "Feature", "properties": {"zone_id": "0202D8KJEOAGVZ1LG7HSPU", "tract_id": "36081059000", "city": "JAMAICA, NY", "zone_code": "R3A", "zone_category": "Residential", "ev_permitted": false}, "geometry": {"type": "Polygon", "coordinates": [[[-73.7401955841281, 40.7023025915688], [-73.7401801157014, 40.7025763612556], [-73.7403215396158, 40.7025809497872], [-73.7403370183742, 40.7023069861712], [-73.7401955841281, 40.7023025915688]]]}}, {"type": "Feature", "properties": {"zone_id": "0205WN48722M8L0V0MF0GO", "tract_id": "36081059000", "city": "JAMAICA, NY", "zone_code": "R3-2", "zone_category": "Residential", "ev_permitted": false}, "geometry": {"type": "Polygon", "coordinates": [[[-73.7403326025582, 40.7023851397449], [-73.7403281876551, 40.7024632933196], [-73.7406742585887, 40.702474044334], [-73.7407025291056, 40.702396582509], [-73.7403326025582, 40.7023851397449]]]}}, {"type": "Feature", "properties": {"zone_id": "0200GFIDHIQDYWJOAVGZE1", "tract_id": "36081059000", "city": "JAMAICA, NY", "zone_code": "R3-2", "zone_category": "Residential", "ev_permitted": false}, "geometry": {"type": "Polygon", "coordinates": [[[-73.7403370183742, 40.7023069861712], [-73.7403326025582, 40.7023851397449], [-73.7407025291056, 40.702396582509], [-73.7407307631664, 40.702319218967], [-73.7403370183742, 40.7023069861712]]]}}, {"type": "Feature", "properties": {"zone_id": "020099CHBSS7YHTQ9RW1FW", "tract_id": "36081059000", "city": "JAMAICA, NY", "zone_code": "R3-2", "zone_category": "Residential", "ev_permitted": false}, "geometry": {"type": "Polygon", "coordinates": [[[-73.7404155245407, 40.7021976932646], [-73.7404124127833, 40.7022527757336], [-73.7407511710848, 40.7022632999308], [-73.7407710834212, 40.7022087394275], [-73.7404155245407, 40.7021976932646]]]}}, {"type": "Feature", "properties": {"zone_id": "02003KUBMKYF0VXVL08H8H", "tract_id": "36081059000", "city": "JAMAICA, NY", "zone_code": "R3-2", "zone_category": "Residential", "ev_permitted": false}, "geometry": {"type": "Polygon", "coordinates": [[[-73.7404186233628, 40.7021428489688], [-73.7404155245407, 40.7021976932646], [-73.7407710834212, 40.7022087394275], [-73.7407909089421, 40.7021544148198], [-73.7404186233628, 40.7021428489688]]]}}, {"type": "Feature", "properties": {"zone_id": "0207JW2097UKMIKM5CW58F", "tract_id": "36081059000", "city": "JAMAICA, NY", "zone_code": "R3A", "zone_category": "Residential", "ev_permitted": false}, "geometry": {"type": "Polygon", "coordinates": [[[-73.7404217163118, 40.7020880889788], [-73.7404186233628, 40.7021428489688], [-73.7407909089421, 40.7021544148198], [-73.7408107045609, 40.7021001737578], [-73.7404217163118, 40.7020880889788]]]}}, {"type": "Feature", "properties": {"zone_id": "0205UPNFPC916J9MNPRGVE", "tract_id": "36081059000", "city": "JAMAICA, NY", "zone_code": "R3-2", "zone_category": "Residential", "ev_permitted": false}, "geometry": {"type": "Polygon", "coordinates": [[[-73.7404247506978, 40.7020343779323], [-73.7404217163118, 40.7020880889788], [-73.7408107045609, 40.7021001737578], [-73.7408301203312, 40.7020469717783], [-73.7404247506978, 40.7020343779323]]]}}, {"type": "Feature", "properties": {"zone_id": "0205D3M3E7L7K9LFKHIJ6V", "tract_id": "36081059000", "city": "JAMAICA, NY", "zone_code": "R3A", "zone_category": "Residential", "ev_permitted": false}, "geometry": {"type": "Polygon", "coordinates": [[[-73.7401906840875, 40.7020271056658], [-73.7401751542467, 40.7023019566213], [-73.740283708654, 40.7023053298729], [-73.7402992362015, 40.7020304788986], [-73.7401906840875, 40.7020271056658]]]}}, {"type": "Feature", "properties": {"zone_id": "0207F53J2L6MSLQH8ITEV5", "tract_id": "36081059000", "city": "JAMAICA, NY", "zone_code": "R3-2", "zone_category": "Residential", "ev_permitted": false}, "geometry": {"type": "Polygon", "coordinates": [[[-73.7402992362015, 40.7020304788986], [-73.740283708654, 40.7023053298729], [-73.7404092227436, 40.7023092289212], [-73.7404247506978, 40.7020343779323], [-73.7402992362015, 40.7020304788986]]]}}, {"type": "Feature", "properties": {"zone_id": "0205MBQHUKR13V2FUIAC3W", "tract_id": "36081059000", "city": "JAMAICA, NY", "zone_code": "R3-2", "zone_category": "Residential", "ev_permitted": false}, "geometry": {"type": "Polygon", "coordinates": [[[-73.7407502164688, 40.7015173091906], [-73.7407460277297, 40.7015892032726], [-73.7410723009134, 40.7015992522194], [-73.7411099143905, 40.701528387529], [-73.7407502164688, 40.7015173091906]]]}}, {"type": "Feature", "properties": {"zone_id": "0201MABLFI6EKVBTWKMU8E", "tract_id": "36081059000", "city": "JAMAICA, NY", "zone_code": "R3-2", "zone_category": "Residential", "ev_permitted": false}, "geometry": {"type": "Polygon", "coordinates": [[[-73.7405938746234, 40.7017222385645], [-73.7405898331818, 40.7017915858176], [-73.7409640964897, 40.7018031134109], [-73.7410003773865, 40.7017347584818], [-73.7405938746234, 40.7017222385645]]]}}, {"type": "Feature", "properties": {"zone_id": "02055KQH49XYH3UIGJEGSN", "tract_id": "36081059000", "city": "JAMAICA, NY", "zone_code": "R3-2", "zone_category": "Residential", "ev_permitted": false}, "geometry": {"type": "Polygon", "coordinates": [[[-73.7405898331818, 40.7017915858176], [-73.7405849685555, 40.7018750687961], [-73.7409204185164, 40.7018854002431], [-73.7409640964897, 40.7018031134109], [-73.7405898331818, 40.7017915858176]]]}}, {"type": "Feature", "properties": {"zone_id": "0203RCX6TD19LDQ4VP7C18", "tract_id": "36081059000", "city": "JAMAICA, NY", "zone_code": "R3A", "zone_category": "Residential", "ev_permitted": false}, "geometry": {"type": "Polygon", "coordinates": [[[-73.740350769131, 40.7015931536509], [-73.7403347910693, 40.7018673620992], [-73.740448030906, 40.7018708504646], [-73.7404640075796, 40.7015966419987], [-73.740350769131, 40.7015931536509]]]}}, {"type": "Feature", "properties": {"zone_id": "0203DLTXCSHV0XUGI8OJUQ", "tract_id": "36081059000", "city": "JAMAICA, NY", "zone_code": "R3-2", "zone_category": "Residential", "ev_permitted": false}, "geometry": {"type": "Polygon", "coordinates": [[[-73.7404640075796, 40.7015966419987], [-73.740448030906, 40.7018708504646], [-73.7405849685555, 40.7018750687961], [-73.7406009455928, 40.7016008596108], [-73.7404640075796, 40.7015966419987]]]}}, {"type": "Feature", "properties": {"zone_id": "0202GOB0S8GNXGZ1O503L2", "tract_id": "36081059000", "city": "JAMAICA, NY", "zone_code": "R3-2", "zone_category": "Residential", "ev_permitted": false}, "geometry": {"type": "Polygon", "coordinates": [[[-73.7402264443838, 40.7015893232701], [-73.7402104658088, 40.7018635324039], [-73.7403347910693, 40.7018673620992], [-73.740350769131, 40.7015931536509], [-73.7402264443838, 40.7015893232701]]]}}, {"type": "Feature", "properties": {"zone_id": "0204U63MLJJEZ7OBI5DZL6", "tract_id": "36081059000", "city": "JAMAICA, NY", "zone_code": "R3-2", "zone_category": "Residential", "ev_permitted": false}, "geometry": {"type": "Polygon", "coordinates": [[[-73.7407460277297, 40.7015892032726], [-73.7407450898676, 40.701605299172], [-73.7406009455928, 40.7016008596108], [-73.740597726291, 40.701656102756], [-73.7410349775432, 40.7016695701752], [-73.7410723009134, 40.7015992522194], [-73.7407460277297, 40.7015892032726]]]}}, {"type": "Feature", "properties": {"zone_id": "02012NXHL7N2HI07QGM0L3", "tract_id": "36081059000", "city": "JAMAICA, NY", "zone_code": "R3-2", "zone_category": "Residential", "ev_permitted": false}, "geometry": {"type": "Polygon", "coordinates": [[[-73.740597726291, 40.701656102756], [-73.7405938746234, 40.7017222385645], [-73.7410003773865, 40.7017347584818], [-73.7410349775432, 40.7016695701752], [-73.740597726291, 40.701656102756]]]}}, {"type": "Feature", "properties": {"zone_id": "0205JB334T3R0LNF9VQR7O", "tract_id": "36081059000", "city": "JAMAICA, NY", "zone_code": "R3-2", "zone_category": "Residential", "ev_permitted": false}, "geometry": {"type": "Polygon", "coordinates": [[[-73.7405592331536, 40.7013613928617], [-73.7405453801589, 40.7015991470542], [-73.7407450898676, 40.701605299172], [-73.7407572118922, 40.7013972341973], [-73.7405592331536, 40.7013613928617]]]}}, {"type": "Feature", "properties": {"zone_id": "0201TQF9JJ04VJYW9VPIEK", "tract_id": "36081059000", "city": "JAMAICA, NY", "zone_code": "R3-2", "zone_category": "Residential", "ev_permitted": false}, "geometry": {"type": "Polygon", "coordinates": [[[-73.740400409857, 40.7013326394346], [-73.7403851681876, 40.7015942121631], [-73.7405453801589, 40.7015991470542], [-73.7405592331536, 40.7013613928617], [-73.740400409857, 40.7013326394346]]]}}, {"type": "Feature", "properties": {"zone_id": "0201ROXJVV0RPARGDKBS6W", "tract_id": "36081059000", "city": "JAMAICA, NY", "zone_code": "R3-2", "zone_category": "Residential", "ev_permitted": false}, "geometry": {"type": "Polygon", "coordinates": [[[-73.7407572118922, 40.7013972341973], [-73.7407502164688, 40.7015173091906], [-73.7411099143905, 40.701528387529], [-73.7411425053548, 40.7014669855372], [-73.7407572118922, 40.7013972341973]]]}}, {"type": "Feature", "properties": {"zone_id": "0203KCZO6CR6CZV7XNMK70", "tract_id": "36081059000", "city": "JAMAICA, NY", "zone_code": "R3-2", "zone_category": "Residential", "ev_permitted": false}, "geometry": {"type": "Polygon", "coordinates": [[[-73.7402534359251, 40.7013148038081], [-73.7402374199157, 40.7015896614285], [-73.7403851681876, 40.7015942121631], [-73.740400409857, 40.7013326394346], [-73.740311842604, 40.701316605831], [-73.7402534359251, 40.7013148038081]]]}}, {"type": "Feature", "properties": {"zone_id": "0200UGELP1O05GTBCL4FYU", "tract_id": "36081059000", "city": "JAMAICA, NY", "zone_code": "R3A", "zone_category": "Residential", "ev_permitted": false}, "geometry": {"type": "Polygon", "coordinates": [[[-73.7398712614113, 40.7022925143388], [-73.7398558173962, 40.7025658392547], [-73.7399639183587, 40.7025693466934], [-73.7399793698932, 40.7022958742217], [-73.7398712614113, 40.7022925143388]]]}}, {"type": "Feature", "properties": {"zone_id": "0201L6XXHGEEAE98RLRFEB", "tract_id": "36081059000", "city": "JAMAICA, NY", "zone_code": "R3A", "zone_category": "Residential", "ev_permitted": false}, "geometry": {"type": "Polygon", "coordinates": [[[-73.7399793698932, 40.7022958742217], [-73.7399639183587, 40.7025693466934], [-73.7400720165627, 40.7025728540242], [-73.7400874765449, 40.7022992325937], [-73.7399793698932, 40.7022958742217]]]}}, {"type": "Feature", "properties": {"zone_id": "0201S8Z9WG7OTNG9MRFCNM", "tract_id": "36081059000", "city": "JAMAICA, NY", "zone_code": "R3A", "zone_category": "Residential", "ev_permitted": false}, "geometry": {"type": "Polygon", "coordinates": [[[-73.7400874765449, 40.7022992325937], [-73.7400720165627, 40.7025728540242], [-73.7401801157014, 40.7025763612556], [-73.7401955841281, 40.7023025915688], [-73.7400874765449, 40.7022992325937]]]}}, {"type": "Feature", "properties": {"zone_id": "0204RZSXEEEKQMX6EI6M7L", "tract_id": "36081059000", "city": "JAMAICA, NY", "zone_code": "R3A", "zone_category": "Residential", "ev_permitted": false}, "geometry": {"type": "Polygon", "coordinates": [[[-73.7395469397159, 40.7022824361969], [-73.739531519196, 40.7025553156375], [-73.7396396182751, 40.7025588240792], [-73.7396550472446, 40.7022857956798], [-73.7395469397159, 40.7022824361969]]]}}, {"type": "Feature", "properties": {"zone_id": "0200RPYL2904AA5TZOEL2C", "tract_id": "36081059000", "city": "JAMAICA, NY", "zone_code": "R3A", "zone_category": "Residential", "ev_permitted": false}, "geometry": {"type": "Polygon", "coordinates": [[[-73.7396550472446, 40.7022857956798], [-73.7396396182751, 40.7025588240792], [-73.7397477182916, 40.7025623317188], [-73.7397631538609, 40.702289155059], [-73.7396550472446, 40.7022857956798]]]}}, {"type": "Feature", "properties": {"zone_id": "02071MD7XUVRAQKO3B24XK", "tract_id": "36081059000", "city": "JAMAICA, NY", "zone_code": "R3A", "zone_category": "Residential", "ev_permitted": false}, "geometry": {"type": "Polygon", "coordinates": [[[-73.7397631538609, 40.702289155059], [-73.7397477182916, 40.7025623317188], [-73.7398558173962, 40.7025658392547], [-73.7398712614113, 40.7022925143388], [-73.7397631538609, 40.702289155059]]]}}, {"type": "Feature", "properties": {"zone_id": "0205VN2FDXQS76IXLINHMC", "tract_id": "36081059000", "city": "JAMAICA, NY", "zone_code": "R3A", "zone_category": "Residential", "ev_permitted": false}, "geometry": {"type": "Polygon", "coordinates": [[[-73.7398636347395, 40.7020169435578], [-73.7398481044759, 40.7022917944717], [-73.7399589400187, 40.7022952385332], [-73.7399744707494, 40.7020203876065], [-73.7398636347395, 40.7020169435578]]]}}, {"type": "Feature", "properties": {"zone_id": "0203J3ZJ66CAZYDR8LV14C", "tract_id": "36081059000", "city": "JAMAICA, NY", "zone_code": "R3A", "zone_category": "Residential", "ev_permitted": false}, "geometry": {"type": "Polygon", "coordinates": [[[-73.7399744707494, 40.7020203876065], [-73.7399589400187, 40.7022952385332], [-73.7400670475889, 40.7022985976291], [-73.7400825769513, 40.7020237466859], [-73.7399744707494, 40.7020203876065]]]}}, {"type": "Feature", "properties": {"zone_id": "0202WON471E0AME3CAKELD", "tract_id": "36081059000", "city": "JAMAICA, NY", "zone_code": "R3A", "zone_category": "Residential", "ev_permitted": false}, "geometry": {"type": "Polygon", "coordinates": [[[-73.7400825769513, 40.7020237466859], [-73.7400670475889, 40.7022985976291], [-73.7401751542467, 40.7023019566213], [-73.7401906840875, 40.7020271056658], [-73.7400825769513, 40.7020237466859]]]}}, {"type": "Feature", "properties": {"zone_id": "020371INYCS22AZ0QK5ODY", "tract_id": "36081059000", "city": "JAMAICA, NY", "zone_code": "R3A", "zone_category": "Residential", "ev_permitted": false}, "geometry": {"type": "Polygon", "coordinates": [[[-73.7395429452191, 40.7020069783071], [-73.7395274136357, 40.702281829178], [-73.7396355211624, 40.7022851886792], [-73.7396510523008, 40.7020103377938], [-73.7395429452191, 40.7020069783071]]]}}, {"type": "Feature", "properties": {"zone_id": "02017PB8YVKXOOIAJZT57P", "tract_id": "36081059000", "city": "JAMAICA, NY", "zone_code": "R3A", "zone_category": "Residential", "ev_permitted": false}, "geometry": {"type": "Polygon", "coordinates": [[[-73.7396510523008, 40.7020103377938], [-73.7396355211624, 40.7022851886792], [-73.7397456670703, 40.7022886117116], [-73.7397611986788, 40.7020137608135], [-73.7396510523008, 40.7020103377938]]]}}, {"type": "Feature", "properties": {"zone_id": "0203X788NE633VPF2XAJED", "tract_id": "36081059000", "city": "JAMAICA, NY", "zone_code": "R3A", "zone_category": "Residential", "ev_permitted": false}, "geometry": {"type": "Polygon", "coordinates": [[[-73.7397611986788, 40.7020137608135], [-73.7397456670703, 40.7022886117116], [-73.7398481044759, 40.7022917944717], [-73.7398636347395, 40.7020169435578], [-73.7397611986788, 40.7020137608135]]]}}, {"type": "Feature", "properties": {"zone_id": "02054H0E2JEY3USEDRH108", "tract_id": "36081059000", "city": "JAMAICA, NY", "zone_code": "R3A", "zone_category": "Residential", "ev_permitted": false}, "geometry": {"type": "Polygon", "coordinates": [[[-73.7392226171953, 40.7022723571391], [-73.7392072201723, 40.7025447918071], [-73.7393153201433, 40.7025482998528], [-73.7393307246913, 40.7022757169265], [-73.7392226171953, 40.7022723571391]]]}}, {"type": "Feature", "properties": {"zone_id": "0204S5XH59UWOOGAV2XW9F", "tract_id": "36081059000", "city": "JAMAICA, NY", "zone_code": "R3A", "zone_category": "Residential", "ev_permitted": false}, "geometry": {"type": "Polygon", "coordinates": [[[-73.7393307246913, 40.7022757169265], [-73.7393153201433, 40.7025482998528], [-73.7394234192023, 40.7025518077949], [-73.7394388321982, 40.7022790766125], [-73.7393307246913, 40.7022757169265]]]}}, {"type": "Feature", "properties": {"zone_id": "02045BU50XR2CT77MCAVVW", "tract_id": "36081059000", "city": "JAMAICA, NY", "zone_code": "R3A", "zone_category": "Residential", "ev_permitted": false}, "geometry": {"type": "Polygon", "coordinates": [[[-73.7394388321982, 40.7022790766125], [-73.7394234192023, 40.7025518077949], [-73.739531519196, 40.7025553156375], [-73.7395469397159, 40.7022824361969], [-73.7394388321982, 40.7022790766125]]]}}, {"type": "Feature", "properties": {"zone_id": "0207CVOHJ3GJ16Q3Q99P4A", "tract_id": "36081059000", "city": "JAMAICA, NY", "zone_code": "R3A", "zone_category": "Residential", "ev_permitted": false}, "geometry": {"type": "Polygon", "coordinates": [[[-73.7391145097102, 40.70226899725], [-73.739099121136, 40.702541283662], [-73.7392072201723, 40.7025447918071], [-73.7392226171953, 40.7022723571391], [-73.7391145097102, 40.70226899725]]]}}, {"type": "Feature", "properties": {"zone_id": "0203GDF4WDZOX7TFDYBE56", "tract_id": "36081059000", "city": "JAMAICA, NY", "zone_code": "R3A", "zone_category": "Residential", "ev_permitted": false}, "geometry": {"type": "Polygon", "coordinates": [[[-73.7390064022388, 40.7022656365568], [-73.738991022111, 40.7025377754154], [-73.739099121136, 40.702541283662], [-73.7391145097102, 40.70226899725], [-73.7390064022388, 40.7022656365568]]]}}, {"type": "Feature", "properties": {"zone_id": "0207J0OE7P2759UW4N8AR7", "tract_id": "36081059000", "city": "JAMAICA, NY", "zone_code": "R3A", "zone_category": "Residential", "ev_permitted": false}, "geometry": {"type": "Polygon", "coordinates": [[[-73.7388982938522, 40.7022622764627], [-73.7388829221769, 40.7025342663624], [-73.738991022111, 40.7025377754154], [-73.7390064022388, 40.7022656365568], [-73.7388982938522, 40.7022622764627]]]}}, {"type": "Feature", "properties": {"zone_id": "0200B4R1CONV4AZCB4XHYK", "tract_id": "36081059000", "city": "JAMAICA, NY", "zone_code": "R3A", "zone_category": "Residential", "ev_permitted": false}, "geometry": {"type": "Polygon", "coordinates": [[[-73.7394348381482, 40.7020036187188], [-73.7394193061199, 40.7022784695753], [-73.7395274136357, 40.702281829178], [-73.7395429452191, 40.7020069783071], [-73.7394348381482, 40.7020036187188]]]}}, {"type": "Feature", "properties": {"zone_id": "02040E8N7MYCQYESKMX9WL", "tract_id": "36081059000", "city": "JAMAICA, NY", "zone_code": "R3A", "zone_category": "Residential", "ev_permitted": false}, "geometry": {"type": "Polygon", "coordinates": [[[-73.7393267310882, 40.702000259029], [-73.739311198615, 40.702275109871], [-73.7394193061199, 40.7022784695753], [-73.7394348381482, 40.7020036187188], [-73.7393267310882, 40.702000259029]]]}}, {"type": "Feature", "properties": {"zone_id": "0200PBMVTOC7L7XCNSUFKF", "tract_id": "36081059000", "city": "JAMAICA, NY", "zone_code": "R3A", "zone_category": "Residential", "ev_permitted": false}, "geometry": {"type": "Polygon", "coordinates": [[[-73.7392186240392, 40.7019968992376], [-73.739203091121, 40.7022717500652], [-73.739311198615, 40.702275109871], [-73.7393267310882, 40.702000259029], [-73.7392186240392, 40.7019968992376]]]}}, {"type": "Feature", "properties": {"zone_id": "0200AUKHNOZ09ENLBQDZPM", "tract_id": "36081059000", "city": "JAMAICA, NY", "zone_code": "R3A", "zone_category": "Residential", "ev_permitted": false}, "geometry": {"type": "Polygon", "coordinates": [[[-73.739110517001, 40.7019935393447], [-73.7390949836379, 40.7022683901579], [-73.739203091121, 40.7022717500652], [-73.7392186240392, 40.7019968992376], [-73.739110517001, 40.7019935393447]]]}}, {"type": "Feature", "properties": {"zone_id": "0205TMA6510UJTSAGK9IYL", "tract_id": "36081059000", "city": "JAMAICA, NY", "zone_code": "R3A", "zone_category": "Residential", "ev_permitted": false}, "geometry": {"type": "Polygon", "coordinates": [[[-73.7390024099737, 40.7019901793503], [-73.7389868761656, 40.7022650301489], [-73.7390949836379, 40.7022683901579], [-73.739110517001, 40.7019935393447], [-73.7390024099737, 40.7019901793503]]]}}, {"type": "Feature", "properties": {"zone_id": "0201MAWPADF4IJ8D4PZ4GS", "tract_id": "36081059000", "city": "JAMAICA, NY", "zone_code": "R3A", "zone_category": "Residential", "ev_permitted": false}, "geometry": {"type": "Polygon", "coordinates": [[[-73.7388943038805, 40.7019868192565], [-73.7388787687044, 40.7022616700385], [-73.7389868761656, 40.7022650301489], [-73.7390024099737, 40.7019901793503], [-73.7388943038805, 40.7019868192565]]]}}, {"type": "Feature", "properties": {"zone_id": "02033OI26HB3IPEJNMNRP8", "tract_id": "36081059000", "city": "JAMAICA, NY", "zone_code": "R3-2", "zone_category": "Residential", "ev_permitted": false}, "geometry": {"type": "Polygon", "coordinates": [[[-73.740102119648, 40.7015854934576], [-73.7400861405626, 40.7018597025743], [-73.7402104658088, 40.7018635324039], [-73.7402264443838, 40.7015893232701], [-73.740102119648, 40.7015854934576]]]}}, {"type": "Feature", "properties": {"zone_id": "020022PUJCO93MOVTTITZT", "tract_id": "36081059000", "city": "JAMAICA, NY", "zone_code": "R3-2", "zone_category": "Residential", "ev_permitted": false}, "geometry": {"type": "Polygon", "coordinates": [[[-73.7399777949265, 40.7015816635109], [-73.7399618153307, 40.7018558726104], [-73.7400861405626, 40.7018597025743], [-73.740102119648, 40.7015854934576], [-73.7399777949265, 40.7015816635109]]]}}, {"type": "Feature", "properties": {"zone_id": "0207EKXZ7EFLS99VW9YUYK", "tract_id": "36081059000", "city": "JAMAICA, NY", "zone_code": "R3A", "zone_category": "Residential", "ev_permitted": false}, "geometry": {"type": "Polygon", "coordinates": [[[-73.7398480124588, 40.701577665103], [-73.7398320323301, 40.7018518741845], [-73.7399618153307, 40.7018558726104], [-73.7399777949265, 40.7015816635109], [-73.7398480124588, 40.701577665103]]]}}, {"type": "Feature", "properties": {"zone_id": "02028UBG1AIBA80N2LX5D6", "tract_id": "36081059000", "city": "JAMAICA, NY", "zone_code": "R3-2", "zone_category": "Residential", "ev_permitted": false}, "geometry": {"type": "Polygon", "coordinates": [[[-73.7397205536179, 40.7015737378535], [-73.7397045738891, 40.7018479469196], [-73.7398320323301, 40.7018518741845], [-73.7398480124588, 40.701577665103], [-73.7397205536179, 40.7015737378535]]]}}, {"type": "Feature", "properties": {"zone_id": "0205W0GLDGSGZB419KR66Q", "tract_id": "36081059000", "city": "JAMAICA, NY", "zone_code": "R3-2", "zone_category": "Residential", "ev_permitted": false}, "geometry": {"type": "Polygon", "coordinates": [[[-73.7396020171943, 40.7015700857157], [-73.7395860360556, 40.7018442947634], [-73.7397045738891, 40.7018479469196], [-73.7397205536179, 40.7015737378535], [-73.7396020171943, 40.7015700857157]]]}}, {"type": "Feature", "properties": {"zone_id": "02037BKLI979APO9ZGRTQR", "tract_id": "36081059000", "city": "JAMAICA, NY", "zone_code": "R3-2", "zone_category": "Residential", "ev_permitted": false}, "geometry": {"type": "Polygon", "coordinates": [[[-73.7394776925302, 40.7015662552288], [-73.7394617108812, 40.7018404642594], [-73.7395860360556, 40.7018442947634], [-73.7396020171943, 40.7015700857157], [-73.7394776925302, 40.7015662552288]]]}}, {"type": "Feature", "properties": {"zone_id": "0204R8UHPIG1YUKIGUPR5Y", "tract_id": "36081059000", "city": "JAMAICA, NY", "zone_code": "R3-2", "zone_category": "Residential", "ev_permitted": false}, "geometry": {"type": "Polygon", "coordinates": [[[-73.7393533678778, 40.7015624253102], [-73.739337385721, 40.701836633621], [-73.7394617108812, 40.7018404642594], [-73.7394776925302, 40.7015662552288], [-73.7393533678778, 40.7015624253102]]]}}, {"type": "Feature", "properties": {"zone_id": "0202ZWI512ZBR0FIW204PE", "tract_id": "36081059000", "city": "JAMAICA, NY", "zone_code": "R3-2", "zone_category": "Residential", "ev_permitted": false}, "geometry": {"type": "Polygon", "coordinates": [[[-73.7392290432451, 40.701558593852], [-73.7392130605751, 40.7018328028483], [-73.739337385721, 40.701836633621], [-73.7393533678778, 40.7015624253102], [-73.7392290432451, 40.701558593852]]]}}, {"type": "Feature", "properties": {"zone_id": "0206EVX67WRJWX85U7B8QM", "tract_id": "36081059000", "city": "JAMAICA, NY", "zone_code": "R3-2", "zone_category": "Residential", "ev_permitted": false}, "geometry": {"type": "Polygon", "coordinates": [[[-73.7391011155087, 40.7015546515035], [-73.7390851323134, 40.7018288604822], [-73.7392130605751, 40.7018328028483], [-73.7392290432451, 40.701558593852], [-73.7391011155087, 40.7015546515035]]]}}, {"type": "Feature", "properties": {"zone_id": "0207M0PHOM013IIXXVQV0S", "tract_id": "36081059000", "city": "JAMAICA, NY", "zone_code": "R3A", "zone_category": "Residential", "ev_permitted": false}, "geometry": {"type": "Polygon", "coordinates": [[[-73.7389767909022, 40.7015508204755], [-73.7389608071965, 40.7018250294371], [-73.7390851323134, 40.7018288604822], [-73.7391011155087, 40.7015546515035], [-73.7389767909022, 40.7015508204755]]]}}, {"type": "Feature", "properties": {"zone_id": "0200XHN2XMSE1JSWL2XOWU", "tract_id": "36081059000", "city": "JAMAICA, NY", "zone_code": "R3-2", "zone_category": "Residential", "ev_permitted": false}, "geometry": {"type": "Polygon", "coordinates": [[[-73.738854267407, 40.7015470446941], [-73.7388382841215, 40.7018212536409], [-73.7389608071965, 40.7018250294371], [-73.7389767909022, 40.7015508204755], [-73.738854267407, 40.7015470446941]]]}}, {"type": "Feature", "properties": {"zone_id": "0204LX2HC8VBB1W0JO4UWC", "tract_id": "36081059000", "city": "JAMAICA, NY", "zone_code": "R3A", "zone_category": "Residential", "ev_permitted": false}, "geometry": {"type": "Polygon", "coordinates": [[[-73.7387901873204, 40.7022589169737], [-73.7387748222514, 40.7025307579107], [-73.7388829221769, 40.7025342663624], [-73.7388982938522, 40.7022622764627], [-73.7387901873204, 40.7022589169737]]]}}, {"type": "Feature", "properties": {"zone_id": "02051DYDVSYE439LCEQ7WS", "tract_id": "36081059000", "city": "JAMAICA, NY", "zone_code": "R3A", "zone_category": "Residential", "ev_permitted": false}, "geometry": {"type": "Polygon", "coordinates": [[[-73.7386820798816, 40.7022555559759], [-73.7386667232607, 40.7025272493594], [-73.7387748222514, 40.7025307579107], [-73.7387901873204, 40.7022589169737], [-73.7386820798816, 40.7022555559759]]]}}, {"type": "Feature", "properties": {"zone_id": "0206BDY0US7D3MN9RAWE9L", "tract_id": "36081059000", "city": "JAMAICA, NY", "zone_code": "R3A", "zone_category": "Residential", "ev_permitted": false}, "geometry": {"type": "Polygon", "coordinates": [[[-73.7385739733744, 40.7022521955813], [-73.7385586242785, 40.7025237414094], [-73.7386667232607, 40.7025272493594], [-73.7386820798816, 40.7022555559759], [-73.7385739733744, 40.7022521955813]]]}}, {"type": "Feature", "properties": {"zone_id": "0202N7QD23273PNPP7UTKL", "tract_id": "36081059000", "city": "JAMAICA, NY", "zone_code": "R3A", "zone_category": "Residential", "ev_permitted": false}, "geometry": {"type": "Polygon", "coordinates": [[[-73.7384658659547, 40.702248835083], [-73.7384505243899, 40.7025202319503], [-73.7385586242785, 40.7025237414094], [-73.7385739733744, 40.7022521955813], [-73.7384658659547, 40.702248835083]]]}}, {"type": "Feature", "properties": {"zone_id": "0203CIG4AEOQ0SQNPZ8DCB", "tract_id": "36081059000", "city": "JAMAICA, NY", "zone_code": "R3A", "zone_category": "Residential", "ev_permitted": false}, "geometry": {"type": "Polygon", "coordinates": [[[-73.7383217224357, 40.7022443547285], [-73.7383063921424, 40.7025155534527], [-73.7384505243899, 40.7025202319503], [-73.7384658659547, 40.702248835083], [-73.7383217224357, 40.7022443547285]]]}}, {"type": "Feature", "properties": {"zone_id": "0203SLCUO54KBKC356HR60", "tract_id": "36081059000", "city": "JAMAICA, NY", "zone_code": "R3A", "zone_category": "Residential", "ev_permitted": false}, "geometry": {"type": "Polygon", "coordinates": [[[-73.7386780584919, 40.701980097986], [-73.7386625233517, 40.7022549480385], [-73.7387706621772, 40.7022583098286], [-73.7387861968778, 40.7019834583563], [-73.7386780584919, 40.701980097986]]]}}, {"type": "Feature", "properties": {"zone_id": "0204IH1FN5SVLDLJGI9CL4", "tract_id": "36081059000", "city": "JAMAICA, NY", "zone_code": "R3A", "zone_category": "Residential", "ev_permitted": false}, "geometry": {"type": "Polygon", "coordinates": [[[-73.7385699515082, 40.7019767375854], [-73.7385544168491, 40.7022515869228], [-73.7386625233517, 40.7022549480385], [-73.7386780584919, 40.701980097986], [-73.7385699515082, 40.7019767375854]]]}}, {"type": "Feature", "properties": {"zone_id": "0200PNB4HQ8933QG7GUHWX", "tract_id": "36081059000", "city": "JAMAICA, NY", "zone_code": "R3A", "zone_category": "Residential", "ev_permitted": false}, "geometry": {"type": "Polygon", "coordinates": [[[-73.7387861968778, 40.7019834583563], [-73.7387706621772, 40.7022583098286], [-73.7388787687044, 40.7022616700385], [-73.7388943038805, 40.7019868192565], [-73.7387861968778, 40.7019834583563]]]}}, {"type": "Feature", "properties": {"zone_id": "0200AFM85X4GT5ZWVUTP3N", "tract_id": "36081059000", "city": "JAMAICA, NY", "zone_code": "R3A", "zone_category": "Residential", "ev_permitted": false}, "geometry": {"type": "Polygon", "coordinates": [[[-73.7383372589813, 40.7019695040189], [-73.7383217224357, 40.7022443547285], [-73.7384462291117, 40.7022482248184], [-73.7384617660681, 40.7019733740942], [-73.7383372589813, 40.7019695040189]]]}}, {"type": "Feature", "properties": {"zone_id": "0203G125FTVCEMT5R3460J", "tract_id": "36081059000", "city": "JAMAICA, NY", "zone_code": "R3A", "zone_category": "Residential", "ev_permitted": false}, "geometry": {"type": "Polygon", "coordinates": [[[-73.7384617660681, 40.7019733740942], [-73.7384462291117, 40.7022482248184], [-73.7385544168491, 40.7022515869228], [-73.7385699515082, 40.7019767375854], [-73.7384617660681, 40.7019733740942]]]}}, {"type": "Feature", "properties": {"zone_id": "0200B24FNBVA3YUGW2NOA0", "tract_id": "36081059000", "city": "JAMAICA, NY", "zone_code": "R3A", "zone_category": "Residential", "ev_permitted": false}, "geometry": {"type": "Polygon", "coordinates": [[[-73.7379919819211, 40.7022358134726], [-73.7379771221672, 40.7025081670002], [-73.7380956956244, 40.7025117267347], [-73.7381105479845, 40.7022394870077], [-73.7379919819211, 40.7022358134726]]]}}, {"type": "Feature", "properties": {"zone_id": "0201RRFSG8F0OOL7OQL4CY", "tract_id": "36081059000", "city": "JAMAICA, NY", "zone_code": "R3A", "zone_category": "Residential", "ev_permitted": false}, "geometry": {"type": "Polygon", "coordinates": [[[-73.7378893369331, 40.702232633506], [-73.7378744717574, 40.702505085382], [-73.7379771221672, 40.7025081670002], [-73.7379919819211, 40.7022358134726], [-73.7378893369331, 40.702232633506]]]}}, {"type": "Feature", "properties": {"zone_id": "0204RYDS830VN9CXFHY9DA", "tract_id": "36081059000", "city": "JAMAICA, NY", "zone_code": "R3A", "zone_category": "Residential", "ev_permitted": false}, "geometry": {"type": "Polygon", "coordinates": [[[-73.7377812295355, 40.7022292836072], [-73.7377663579699, 40.7025018394499], [-73.7378744717574, 40.702505085382], [-73.7378893369331, 40.702232633506], [-73.7377812295355, 40.7022292836072]]]}}, {"type": "Feature", "properties": {"zone_id": "0203YCBKBPDXMPO440F2QQ", "tract_id": "36081059000", "city": "JAMAICA, NY", "zone_code": "R3A", "zone_category": "Residential", "ev_permitted": false}, "geometry": {"type": "Polygon", "coordinates": [[[-73.7376731212198, 40.7022259350101], [-73.7376582441929, 40.7024985934163], [-73.7377663579699, 40.7025018394499], [-73.7377812295355, 40.7022292836072], [-73.7376731212198, 40.7022259350101]]]}}, {"type": "Feature", "properties": {"zone_id": "02024J6ZU3YAMLN4YH34N1", "tract_id": "36081059000", "city": "JAMAICA, NY", "zone_code": "R3A", "zone_category": "Residential", "ev_permitted": false}, "geometry": {"type": "Polygon", "coordinates": [[[-73.7375650138411, 40.7022225856109], [-73.737550131347, 40.7024953479859], [-73.7376582441929, 40.7024985934163], [-73.7376731212198, 40.7022259350101], [-73.7375650138411, 40.7022225856109]]]}}, {"type": "Feature", "properties": {"zone_id": "0203Z2XB1RY74QQXL2M72Z", "tract_id": "36081059000", "city": "JAMAICA, NY", "zone_code": "R3A", "zone_category": "Residential", "ev_permitted": false}, "geometry": {"type": "Polygon", "coordinates": [[[-73.7374564670426, 40.7022192224598], [-73.7374415772326, 40.7024920887994], [-73.737550131347, 40.7024953479859], [-73.7375650138411, 40.7022225856109], [-73.7374564670426, 40.7022192224598]]]}}, {"type": "Feature", "properties": {"zone_id": "0205720R68O57ADFGTU9FN", "tract_id": "36081059000", "city": "JAMAICA, NY", "zone_code": "R3A", "zone_category": "Residential", "ev_permitted": false}, "geometry": {"type": "Polygon", "coordinates": [[[-73.7380071202177, 40.7019583339374], [-73.7379919819211, 40.7022358134726], [-73.7381105479845, 40.7022394870077], [-73.7381256867118, 40.7019620074592], [-73.7380071202177, 40.7019583339374]]]}}, {"type": "Feature", "properties": {"zone_id": "0201516Y734VA80Y3YTEQ0", "tract_id": "36081059000", "city": "JAMAICA, NY", "zone_code": "R3A", "zone_category": "Residential", "ev_permitted": false}, "geometry": {"type": "Polygon", "coordinates": [[[-73.7379044765796, 40.7019551539864], [-73.7378893369331, 40.702232633506], [-73.7379919819211, 40.7022358134726], [-73.7380071202177, 40.7019583339374], [-73.7379044765796, 40.7019551539864]]]}}, {"type": "Feature", "properties": {"zone_id": "02000V7YIGSCL3M3EW5NHC", "tract_id": "36081059000", "city": "JAMAICA, NY", "zone_code": "R3A", "zone_category": "Residential", "ev_permitted": false}, "geometry": {"type": "Polygon", "coordinates": [[[-73.7377963696283, 40.7019518048043], [-73.7377812295355, 40.7022292836072], [-73.7378893369331, 40.702232633506], [-73.7379044765796, 40.7019551539864], [-73.7377963696283, 40.7019518048043]]]}}, {"type": "Feature", "properties": {"zone_id": "0203N7JYCA5PYTOB02B3Q3", "tract_id": "36081059000", "city": "JAMAICA, NY", "zone_code": "R3A", "zone_category": "Residential", "ev_permitted": false}, "geometry": {"type": "Polygon", "coordinates": [[[-73.7376882617647, 40.7019484555187], [-73.7376731212198, 40.7022259350101], [-73.7377812295355, 40.7022292836072], [-73.7377963696283, 40.7019518048043], [-73.7376882617647, 40.7019484555187]]]}}, {"type": "Feature", "properties": {"zone_id": "0201A4A86M7H16D57JGGXY", "tract_id": "36081059000", "city": "JAMAICA, NY", "zone_code": "R3A", "zone_category": "Residential", "ev_permitted": false}, "geometry": {"type": "Polygon", "coordinates": [[[-73.7375801548352, 40.7019451061335], [-73.7375650138411, 40.7022225856109], [-73.7376731212198, 40.7022259350101], [-73.7376882617647, 40.7019484555187], [-73.7375801548352, 40.7019451061335]]]}}, {"type": "Feature", "properties": {"zone_id": "02037HLVJ7KCRGAKCYTFIC", "tract_id": "36081059000", "city": "JAMAICA, NY", "zone_code": "R3A", "zone_category": "Residential", "ev_permitted": false}, "geometry": {"type": "Polygon", "coordinates": [[[-73.7374716084877, 40.7019417429967], [-73.7374564670426, 40.7022192224598], [-73.7375650138411, 40.7022225856109], [-73.7375801548352, 40.7019451061335], [-73.7374716084877, 40.7019417429967]]]}}, {"type": "Feature", "properties": {"zone_id": "0200SZ7MSH7N9BWJMTNEBP", "tract_id": "36081059000", "city": "JAMAICA, NY", "zone_code": "R3A", "zone_category": "Residential", "ev_permitted": false}, "geometry": {"type": "Polygon", "coordinates": [[[-73.738731744849, 40.7015432687843], [-73.7387157610604, 40.7018174777142], [-73.7388382841215, 40.7018212536409], [-73.738854267407, 40.7015470446941], [-73.738731744849, 40.7015432687843]]]}}, {"type": "Feature", "properties": {"zone_id": "0204BZC5B62T526NUJX02A", "tract_id": "36081059000", "city": "JAMAICA, NY", "zone_code": "R3-2", "zone_category": "Residential", "ev_permitted": false}, "geometry": {"type": "Polygon", "coordinates": [[[-73.738607420285, 40.7015394373573], [-73.738591435986, 40.7018136462701], [-73.7387157610604, 40.7018174777142], [-73.738731744849, 40.7015432687843], [-73.738607420285, 40.7015394373573]]]}}, {"type": "Feature", "properties": {"zone_id": "0202VTBOUAAHEJROFA6XDL", "tract_id": "36081059000", "city": "JAMAICA, NY", "zone_code": "R3-2", "zone_category": "Residential", "ev_permitted": false}, "geometry": {"type": "Polygon", "coordinates": [[[-73.7384796190962, 40.7015354981186], [-73.7384636342724, 40.7018097070138], [-73.738591435986, 40.7018136462701], [-73.738607420285, 40.7015394373573], [-73.7384796190962, 40.7015354981186]]]}}, {"type": "Feature", "properties": {"zone_id": "0205ON8WK18J8K112Q7T9N", "tract_id": "36081059000", "city": "JAMAICA, NY", "zone_code": "R3-2", "zone_category": "Residential", "ev_permitted": false}, "geometry": {"type": "Polygon", "coordinates": [[[-73.7383536679435, 40.7015316163458], [-73.7383376816794, 40.7018058252216], [-73.7384636342724, 40.7018097070138], [-73.7384796190962, 40.7015354981186], [-73.7383536679435, 40.7015316163458]]]}}, {"type": "Feature", "properties": {"zone_id": "0203H0NK7TFD5FLIX9565P", "tract_id": "36081059000", "city": "JAMAICA, NY", "zone_code": "R3A", "zone_category": "Residential", "ev_permitted": false}, "geometry": {"type": "Polygon", "coordinates": [[[-73.7380238003499, 40.7015220068354], [-73.7380086841799, 40.7017964832559], [-73.7381258257615, 40.7017999223587], [-73.7381405742527, 40.7015256130239], [-73.7380238003499, 40.7015220068354]]]}}, {"type": "Feature", "properties": {"zone_id": "020052FJ3OGFT9PNIGRP6N", "tract_id": "36081059000", "city": "JAMAICA, NY", "zone_code": "R3A", "zone_category": "Residential", "ev_permitted": false}, "geometry": {"type": "Polygon", "coordinates": [[[-73.7378994768171, 40.7015181676192], [-73.7378843501575, 40.7017928337199], [-73.7380086841799, 40.7017964832559], [-73.7380238003499, 40.7015220068354], [-73.7378994768171, 40.7015181676192]]]}}, {"type": "Feature", "properties": {"zone_id": "0206MIC3C9WNKLUN1QAEXL", "tract_id": "36081059000", "city": "JAMAICA, NY", "zone_code": "R3A", "zone_category": "Residential", "ev_permitted": false}, "geometry": {"type": "Polygon", "coordinates": [[[-73.7377769553199, 40.701514382966], [-73.7377618181829, 40.7017892373417], [-73.7378843501575, 40.7017928337199], [-73.7378994768171, 40.7015181676192], [-73.7377769553199, 40.701514382966]]]}}, {"type": "Feature", "properties": {"zone_id": "02031JW6Q6CBYX2KNX1RT9", "tract_id": "36081059000", "city": "JAMAICA, NY", "zone_code": "R3A", "zone_category": "Residential", "ev_permitted": false}, "geometry": {"type": "Polygon", "coordinates": [[[-73.7376526327388, 40.7015105434853], [-73.7376374841875, 40.701785587539], [-73.7377618181829, 40.7017892373417], [-73.7377769553199, 40.701514382966], [-73.7376526327388, 40.7015105434853]]]}}, {"type": "Feature", "properties": {"zone_id": "02000R229PJXXNXQICAYQS", "tract_id": "36081059000", "city": "JAMAICA, NY", "zone_code": "R3A", "zone_category": "Residential", "ev_permitted": false}, "geometry": {"type": "Polygon", "coordinates": [[[-73.7375283092488, 40.7015067038683], [-73.7375131492824, 40.7017819376], [-73.7376374841875, 40.701785587539], [-73.7376526327388, 40.7015105434853], [-73.7375283092488, 40.7015067038683]]]}}, {"type": "Feature", "properties": {"zone_id": "0203EZW8PPWOG6PPQ6I562", "tract_id": "36081059000", "city": "JAMAICA, NY", "zone_code": "R3A", "zone_category": "Residential", "ev_permitted": false}, "geometry": {"type": "Polygon", "coordinates": [[[-73.7373483596885, 40.7022158721545], [-73.7373334634872, 40.7024888424608], [-73.7374415772326, 40.7024920887994], [-73.7374564670426, 40.7022192224598], [-73.7373483596885, 40.7022158721545]]]}}, {"type": "Feature", "properties": {"zone_id": "0201D68YK4NJP5JV3TPSS0", "tract_id": "36081059000", "city": "JAMAICA, NY", "zone_code": "R3A", "zone_category": "Residential", "ev_permitted": false}, "geometry": {"type": "Polygon", "coordinates": [[[-73.7372402514191, 40.7022125224481], [-73.7372253497524, 40.7024855960205], [-73.7373334634872, 40.7024888424608], [-73.7373483596885, 40.7022158721545], [-73.7372402514191, 40.7022125224481]]]}}, {"type": "Feature", "properties": {"zone_id": "0201J4PAEGS28IO9RD899O", "tract_id": "36081059000", "city": "JAMAICA, NY", "zone_code": "R3A", "zone_category": "Residential", "ev_permitted": false}, "geometry": {"type": "Polygon", "coordinates": [[[-73.7371316160269, 40.7022091566804], [-73.7371167088895, 40.7024823342215], [-73.7372253497524, 40.7024855960205], [-73.7372402514191, 40.7022125224481], [-73.7371316160269, 40.7022091566804]]]}}, {"type": "Feature", "properties": {"zone_id": "0202P0CUZH5SQ90NQ9MEX8", "tract_id": "36081059000", "city": "JAMAICA, NY", "zone_code": "R3A", "zone_category": "Residential", "ev_permitted": false}, "geometry": {"type": "Polygon", "coordinates": [[[-73.7369154013893, 40.7022024567632], [-73.7369004814726, 40.7024758408323], [-73.7370085960991, 40.7024790875799], [-73.7370235087054, 40.70220580607], [-73.7369154013893, 40.7022024567632]]]}}, {"type": "Feature", "properties": {"zone_id": "0203SKWDPVC0IJ70FEWGA5", "tract_id": "36081059000", "city": "JAMAICA, NY", "zone_code": "R3A", "zone_category": "Residential", "ev_permitted": false}, "geometry": {"type": "Polygon", "coordinates": [[[-73.7370235087054, 40.70220580607], [-73.7370085960991, 40.7024790875799], [-73.7371167088895, 40.7024823342215], [-73.7371316160269, 40.7022091566804], [-73.7370235087054, 40.70220580607]]]}}, {"type": "Feature", "properties": {"zone_id": "02039HJKUOYONJRPDGK47S", "tract_id": "36081059000", "city": "JAMAICA, NY", "zone_code": "R3A", "zone_category": "Residential", "ev_permitted": false}, "geometry": {"type": "Polygon", "coordinates": [[[-73.7368072940895, 40.7021991059497], [-73.73679236778, 40.7024725939854], [-73.7369004814726, 40.7024758408323], [-73.7369154013893, 40.7022024567632], [-73.7368072940895, 40.7021991059497]]]}}, {"type": "Feature", "properties": {"zone_id": "02054HV4YMBWQ0T0F2RRCN", "tract_id": "36081059000", "city": "JAMAICA, NY", "zone_code": "R3A", "zone_category": "Residential", "ev_permitted": false}, "geometry": {"type": "Polygon", "coordinates": [[[-73.73736350158, 40.7019383934081], [-73.7373483596885, 40.7022158721545], [-73.7374564670426, 40.7022192224598], [-73.7374716084877, 40.7019417429967], [-73.73736350158, 40.7019383934081]]]}}, {"type": "Feature", "properties": {"zone_id": "0207ACKWF4MZIAJ0CY3BXN", "tract_id": "36081059000", "city": "JAMAICA, NY", "zone_code": "R3A", "zone_category": "Residential", "ev_permitted": false}, "geometry": {"type": "Polygon", "coordinates": [[[-73.7372553937626, 40.7019350430132], [-73.7372402514191, 40.7022125224481], [-73.7373483596885, 40.7022158721545], [-73.73736350158, 40.7019383934081], [-73.7372553937626, 40.7019350430132]]]}}, {"type": "Feature", "properties": {"zone_id": "0201SDZUB0R9FNRZOFEWJ1", "tract_id": "36081059000", "city": "JAMAICA, NY", "zone_code": "R3A", "zone_category": "Residential", "ev_permitted": false}, "geometry": {"type": "Polygon", "coordinates": [[[-73.7371467588219, 40.7019316772596], [-73.7371316160269, 40.7022091566804], [-73.7372402514191, 40.7022125224481], [-73.7372553937626, 40.7019350430132], [-73.7371467588219, 40.7019316772596]]]}}, {"type": "Feature", "properties": {"zone_id": "02060509FX2OP86IZTLWM5", "tract_id": "36081059000", "city": "JAMAICA, NY", "zone_code": "R3A", "zone_category": "Residential", "ev_permitted": false}, "geometry": {"type": "Polygon", "coordinates": [[[-73.7369305450854, 40.701924976668], [-73.7369154013893, 40.7022024567632], [-73.7370235087054, 40.70220580607], [-73.7370386519468, 40.7019283273659], [-73.7369305450854, 40.701924976668]]]}}, {"type": "Feature", "properties": {"zone_id": "0204YZLCGERHE1I59UNTEJ", "tract_id": "36081059000", "city": "JAMAICA, NY", "zone_code": "R3A", "zone_category": "Residential", "ev_permitted": false}, "geometry": {"type": "Polygon", "coordinates": [[[-73.7370386519468, 40.7019283273659], [-73.7370235087054, 40.70220580607], [-73.7371316160269, 40.7022091566804], [-73.7371467588219, 40.7019316772596], [-73.7370386519468, 40.7019283273659]]]}}, {"type": "Feature", "properties": {"zone_id": "0202IFZBRFM4CLLBLR6R0R", "tract_id": "36081059000", "city": "JAMAICA, NY", "zone_code": "R3A", "zone_category": "Residential", "ev_permitted": false}, "geometry": {"type": "Polygon", "coordinates": [[[-73.7368224373088, 40.7019216265691], [-73.7368072940895, 40.7021991059497], [-73.7369154013893, 40.7022024567632], [-73.7369305450854, 40.701924976668], [-73.7368224373088, 40.7019216265691]]]}}, {"type": "Feature", "properties": {"zone_id": "0201VC8V9AL1OVKULGCKGQ", "tract_id": "36081059000", "city": "JAMAICA, NY", "zone_code": "R3A", "zone_category": "Residential", "ev_permitted": false}, "geometry": {"type": "Polygon", "coordinates": [[[-73.7364829713237, 40.7021890550056], [-73.7364680267624, 40.702462853538], [-73.7365761404235, 40.7024661006896], [-73.7365910785936, 40.7021924054211], [-73.7364829713237, 40.7021890550056]]]}}, {"type": "Feature", "properties": {"zone_id": "0206KCJKK8H09XSNG01X1W", "tract_id": "36081059000", "city": "JAMAICA, NY", "zone_code": "R3A", "zone_category": "Residential", "ev_permitted": false}, "geometry": {"type": "Polygon", "coordinates": [[[-73.7366991858745, 40.7021957557351], [-73.7366842540951, 40.7024693477396], [-73.73679236778, 40.7024725939854], [-73.7368072940895, 40.7021991059497], [-73.7366991858745, 40.7021957557351]]]}}, {"type": "Feature", "properties": {"zone_id": "0200EI8S40YVXP6W925T3M", "tract_id": "36081059000", "city": "JAMAICA, NY", "zone_code": "R3A", "zone_category": "Residential", "ev_permitted": false}, "geometry": {"type": "Polygon", "coordinates": [[[-73.7365910785936, 40.7021924054211], [-73.7365761404235, 40.7024661006896], [-73.7366842540951, 40.7024693477396], [-73.7366991858745, 40.7021957557351], [-73.7365910785936, 40.7021924054211]]]}}, {"type": "Feature", "properties": {"zone_id": "0202VWU0L5P2038N0YHRLN", "tract_id": "36081059000", "city": "JAMAICA, NY", "zone_code": "R3A", "zone_category": "Residential", "ev_permitted": false}, "geometry": {"type": "Polygon", "coordinates": [[[-73.7363817075477, 40.7021859162056], [-73.7363673456351, 40.7024598298918], [-73.7364680267624, 40.702462853538], [-73.7364829713237, 40.7021890550056], [-73.7363817075477, 40.7021859162056]]]}}, {"type": "Feature", "properties": {"zone_id": "0201XP6M6R9LQBN1XWAX32", "tract_id": "36081059000", "city": "JAMAICA, NY", "zone_code": "R3A", "zone_category": "Residential", "ev_permitted": false}, "geometry": {"type": "Polygon", "coordinates": [[[-73.7367143304663, 40.7019182763707], [-73.7366991858745, 40.7021957557351], [-73.7368072940895, 40.7021991059497], [-73.7368224373088, 40.7019216265691], [-73.7367143304663, 40.7019182763707]]]}}, {"type": "Feature", "properties": {"zone_id": "02047E9D5G0ZEFR5WEKH3S", "tract_id": "36081059000", "city": "JAMAICA, NY", "zone_code": "R3A", "zone_category": "Residential", "ev_permitted": false}, "geometry": {"type": "Polygon", "coordinates": [[[-73.7366062236346, 40.7019149260708], [-73.7365910785936, 40.7021924054211], [-73.7366991858745, 40.7021957557351], [-73.7367143304663, 40.7019182763707], [-73.7366062236346, 40.7019149260708]]]}}, {"type": "Feature", "properties": {"zone_id": "0203PM7LWDONQWUPEJUPND", "tract_id": "36081059000", "city": "JAMAICA, NY", "zone_code": "R3A", "zone_category": "Residential", "ev_permitted": false}, "geometry": {"type": "Polygon", "coordinates": [[[-73.7364981168111, 40.7019115763721], [-73.7364829713237, 40.7021890550056], [-73.7365910785936, 40.7021924054211], [-73.7366062236346, 40.7019149260708], [-73.7364981168111, 40.7019115763721]]]}}, {"type": "Feature", "properties": {"zone_id": "0203TD14VLSLB87Q011B4G", "tract_id": "36081059000", "city": "JAMAICA, NY", "zone_code": "R3A", "zone_category": "Residential", "ev_permitted": false}, "geometry": {"type": "Polygon", "coordinates": [[[-73.7363962589369, 40.7019084186571], [-73.7363817075477, 40.7021859162056], [-73.7364829713237, 40.7021890550056], [-73.7364981168111, 40.7019115763721], [-73.7363962589369, 40.7019084186571]]]}}, {"type": "Feature", "properties": {"zone_id": "0205R5IUB84R8JZV2VXTBC", "tract_id": "36081059000", "city": "JAMAICA, NY", "zone_code": "R3A", "zone_category": "Residential", "ev_permitted": false}, "geometry": {"type": "Polygon", "coordinates": [[[-73.7374003826636, 40.701502752605], [-73.7373852112444, 40.7017781816354], [-73.7375131492824, 40.7017819376], [-73.7375283092488, 40.7015067038683], [-73.7374003826636, 40.701502752605]]]}}, {"type": "Feature", "properties": {"zone_id": "0206EGSZ0NFMW3OWHSSFXU", "tract_id": "36081059000", "city": "JAMAICA, NY", "zone_code": "R3A", "zone_category": "Residential", "ev_permitted": false}, "geometry": {"type": "Polygon", "coordinates": [[[-73.7372724560962, 40.7014988004969], [-73.7372572732208, 40.7017744255286], [-73.7373852112444, 40.7017781816354], [-73.7374003826636, 40.701502752605], [-73.7372724560962, 40.7014988004969]]]}}, {"type": "Feature", "properties": {"zone_id": "0200ZGLCJZSVMKBBZU8LCP", "tract_id": "36081059000", "city": "JAMAICA, NY", "zone_code": "R3A", "zone_category": "Residential", "ev_permitted": false}, "geometry": {"type": "Polygon", "coordinates": [[[-73.73714813265, 40.7014949604691], [-73.7371329392807, 40.7017707751809], [-73.7372572732208, 40.7017744255286], [-73.7372724560962, 40.7014988004969], [-73.73714813265, 40.7014949604691]]]}}, {"type": "Feature", "properties": {"zone_id": "0206Z3RVUX7SYUMPW6R78N", "tract_id": "36081059000", "city": "JAMAICA, NY", "zone_code": "R3A", "zone_category": "Residential", "ev_permitted": false}, "geometry": {"type": "Polygon", "coordinates": [[[-73.7370238092181, 40.7014911203072], [-73.7370086053542, 40.7017671246989], [-73.7371329392807, 40.7017707751809], [-73.73714813265, 40.7014949604691], [-73.7370238092181, 40.7014911203072]]]}}, {"type": "Feature", "properties": {"zone_id": "02008HACI6UK5UX203S8QI", "tract_id": "36081059000", "city": "JAMAICA, NY", "zone_code": "R3A", "zone_category": "Residential", "ev_permitted": false}, "geometry": {"type": "Polygon", "coordinates": [[[-73.7368994876499, 40.7014872793124], [-73.7368842714413, 40.7017634740826], [-73.7370086053542, 40.7017671246989], [-73.7370238092181, 40.7014911203072], [-73.7368994876499, 40.7014872793124]]]}}, {"type": "Feature", "properties": {"zone_id": "0207DD3XTM3N3NT4VS9Z6C", "tract_id": "36081059000", "city": "JAMAICA, NY", "zone_code": "R3A", "zone_category": "Residential", "ev_permitted": false}, "geometry": {"type": "Polygon", "coordinates": [[[-73.7367751633233, 40.7014834388798], [-73.736759937542, 40.7017598233319], [-73.7368842714413, 40.7017634740826], [-73.7368994876499, 40.7014872793124], [-73.7367751633233, 40.7014834388798]]]}}, {"type": "Feature", "properties": {"zone_id": "020131D59A0CXFLP1HREKA", "tract_id": "36081059000", "city": "JAMAICA, NY", "zone_code": "R3A", "zone_category": "Residential", "ev_permitted": false}, "geometry": {"type": "Polygon", "coordinates": [[[-73.7366508399372, 40.7014795976122], [-73.7366356036564, 40.701756172447], [-73.736759937542, 40.7017598233319], [-73.7367751633233, 40.7014834388798], [-73.7366508399372, 40.7014795976122]]]}}, {"type": "Feature", "properties": {"zone_id": "0202T6FKG7BTTMR0FIK3TD", "tract_id": "36081059000", "city": "JAMAICA, NY", "zone_code": "R3A", "zone_category": "Residential", "ev_permitted": false}, "geometry": {"type": "Polygon", "coordinates": [[[-73.7365301205926, 40.7014758684545], [-73.7365148729282, 40.7017526273462], [-73.7366356036564, 40.701756172447], [-73.7366508399372, 40.7014795976122], [-73.7365301205926, 40.7014758684545]]]}}, {"type": "Feature", "properties": {"zone_id": "0206AN1KWY3GCZM92PHODQ", "tract_id": "36081059000", "city": "JAMAICA, NY", "zone_code": "R3A", "zone_category": "Residential", "ev_permitted": false}, "geometry": {"type": "Polygon", "coordinates": [[[-73.7364112032804, 40.7014721938887], [-73.7363959451709, 40.7017491347318], [-73.7365148729282, 40.7017526273462], [-73.7365301205926, 40.7014758684545], [-73.7364112032804, 40.7014721938887]]]}}, {"type": "Feature", "properties": {"zone_id": "0201XT17FP3EVRNFV9XV3O", "tract_id": "36081059000", "city": "JAMAICA, NY", "zone_code": "R2A", "zone_category": "Residential", "ev_permitted": false}, "geometry": {"type": "Polygon", "coordinates": [[[-73.7360977972757, 40.7014611985801], [-73.7360839264599, 40.7017397769606], [-73.7361853443646, 40.7017429894547], [-73.7361992147573, 40.701464411062], [-73.7360977972757, 40.7014611985801]]]}}, {"type": "Feature", "properties": {"zone_id": "0201A6ZPV1GP86W3GWLU4D", "tract_id": "36081059000", "city": "JAMAICA, NY", "zone_code": "R2A", "zone_category": "Residential", "ev_permitted": false}, "geometry": {"type": "Polygon", "coordinates": [[[-73.7360480994822, 40.7021756158089], [-73.7360310357227, 40.7024508920486], [-73.7361485893153, 40.7024545413914], [-73.7361627981438, 40.7021791756771], [-73.7360480994822, 40.7021756158089]]]}}, {"type": "Feature", "properties": {"zone_id": "02067H43QFHCO5CVS2M0OG", "tract_id": "36081059000", "city": "JAMAICA, NY", "zone_code": "R2A", "zone_category": "Residential", "ev_permitted": false}, "geometry": {"type": "Polygon", "coordinates": [[[-73.7359255751021, 40.7021718123172], [-73.7359085108376, 40.7024470885388], [-73.7360310357227, 40.7024508920486], [-73.7360480994822, 40.7021756158089], [-73.7359255751021, 40.7021718123172]]]}}, {"type": "Feature", "properties": {"zone_id": "0203LBUCNBG59ZLA533MAY", "tract_id": "36081059000", "city": "JAMAICA, NY", "zone_code": "R2A", "zone_category": "Residential", "ev_permitted": false}, "geometry": {"type": "Polygon", "coordinates": [[[-73.7357965829914, 40.7021678076434], [-73.7357795181954, 40.7024430838461], [-73.7359085108376, 40.7024470885388], [-73.7359255751021, 40.7021718123172], [-73.7357965829914, 40.7021678076434]]]}}, {"type": "Feature", "properties": {"zone_id": "0206UJ6NR623FU2ZEWOM63", "tract_id": "36081059000", "city": "JAMAICA, NY", "zone_code": "R2A", "zone_category": "Residential", "ev_permitted": false}, "geometry": {"type": "Polygon", "coordinates": [[[-73.7356723830836, 40.7021639515523], [-73.7356553196167, 40.7024392291463], [-73.7357795181954, 40.7024430838461], [-73.7357965829914, 40.7021678076434], [-73.7356723830836, 40.7021639515523]]]}}, {"type": "Feature", "properties": {"zone_id": "0200IWRLU2P5GX2VGI95SO", "tract_id": "36081059000", "city": "JAMAICA, NY", "zone_code": "R2A", "zone_category": "Residential", "ev_permitted": false}, "geometry": {"type": "Polygon", "coordinates": [[[-73.7355482081131, 40.7021600967898], [-73.7355311432166, 40.7024353729581], [-73.7356553196167, 40.7024392291463], [-73.7356723830836, 40.7021639515523], [-73.7355482081131, 40.7021600967898]]]}}, {"type": "Feature", "properties": {"zone_id": "02038569QDYC38OCPQZDQU", "tract_id": "36081059000", "city": "JAMAICA, NY", "zone_code": "R2A", "zone_category": "Residential", "ev_permitted": false}, "geometry": {"type": "Polygon", "coordinates": [[[-73.7354256847132, 40.7021562927681], [-73.7354086183886, 40.7024315689162], [-73.7355311432166, 40.7024353729581], [-73.7355482081131, 40.7021600967898], [-73.7354256847132, 40.7021562927681]]]}}, {"type": "Feature", "properties": {"zone_id": "0203RXTLXJ4FYOVPIQDDS3", "tract_id": "36081059000", "city": "JAMAICA, NY", "zone_code": "R2A", "zone_category": "Residential", "ev_permitted": false}, "geometry": {"type": "Polygon", "coordinates": [[[-73.7358135707332, 40.7018937672365], [-73.7357965829914, 40.7021678076434], [-73.7359255751021, 40.7021718123172], [-73.7359425899002, 40.7018973341955], [-73.7358135707332, 40.7018937672365]]]}}, {"type": "Feature", "properties": {"zone_id": "02021KMU3UXPLWMPL68WGQ", "tract_id": "36081059000", "city": "JAMAICA, NY", "zone_code": "R2A", "zone_category": "Residential", "ev_permitted": false}, "geometry": {"type": "Polygon", "coordinates": [[[-73.7359425899002, 40.7018973341955], [-73.7359255751021, 40.7021718123172], [-73.7360480994822, 40.7021756158089], [-73.7360651394289, 40.7019007217514], [-73.7359425899002, 40.7018973341955]]]}}, {"type": "Feature", "properties": {"zone_id": "02039BIEIMOO9XUBBGA2D3", "tract_id": "36081059000", "city": "JAMAICA, NY", "zone_code": "R2A", "zone_category": "Residential", "ev_permitted": false}, "geometry": {"type": "Polygon", "coordinates": [[[-73.7360651394289, 40.7019007217514], [-73.7360480994822, 40.7021756158089], [-73.7361627981438, 40.7021791756771], [-73.7361770068383, 40.7019038141673], [-73.7360651394289, 40.7019007217514]]]}}, {"type": "Feature", "properties": {"zone_id": "0204EZ9FZUYTESKN4UUFMJ", "tract_id": "36081059000", "city": "JAMAICA, NY", "zone_code": "R2A", "zone_category": "Residential", "ev_permitted": false}, "geometry": {"type": "Polygon", "coordinates": [[[-73.735442596044, 40.7018835107062], [-73.7354256847132, 40.7021562927681], [-73.7355482081131, 40.7021600967898], [-73.7355651455219, 40.7018868987945], [-73.735442596044, 40.7018835107062]]]}}, {"type": "Feature", "properties": {"zone_id": "0202VLXBKR0DNNE0DSREGZ", "tract_id": "36081059000", "city": "JAMAICA, NY", "zone_code": "R2A", "zone_category": "Residential", "ev_permitted": false}, "geometry": {"type": "Polygon", "coordinates": [[[-73.7355651455219, 40.7018868987945], [-73.7355482081131, 40.7021600967898], [-73.7356723830836, 40.7021639515523], [-73.7356893456555, 40.7018903334052], [-73.7355651455219, 40.7018868987945]]]}}, {"type": "Feature", "properties": {"zone_id": "0206QBW46FPANW52VWBA4Z", "tract_id": "36081059000", "city": "JAMAICA, NY", "zone_code": "R2A", "zone_category": "Residential", "ev_permitted": false}, "geometry": {"type": "Polygon", "coordinates": [[[-73.7356893456555, 40.7018903334052], [-73.7356723830836, 40.7021639515523], [-73.7357965829914, 40.7021678076434], [-73.7358135707332, 40.7018937672365], [-73.7356893456555, 40.7018903334052]]]}}, {"type": "Feature", "properties": {"zone_id": "0205S01DVGRPQRQ7FTW0KA", "tract_id": "36081059000", "city": "JAMAICA, NY", "zone_code": "R2A", "zone_category": "Residential", "ev_permitted": false}, "geometry": {"type": "Polygon", "coordinates": [[[-73.7352992267687, 40.7021523664389], [-73.7352821608461, 40.7024276425704], [-73.7354086183886, 40.7024315689162], [-73.7354256847132, 40.7021562927681], [-73.7352992267687, 40.7021523664389]]]}}, {"type": "Feature", "properties": {"zone_id": "0203PA4QUVBCT5PJLQAYG5", "tract_id": "36081059000", "city": "JAMAICA, NY", "zone_code": "R2A", "zone_category": "Residential", "ev_permitted": false}, "geometry": {"type": "Polygon", "coordinates": [[[-73.7351770948222, 40.7021485742953], [-73.7351600265498, 40.7024238504047], [-73.7352821608461, 40.7024276425704], [-73.7352992267687, 40.7021523664389], [-73.7351770948222, 40.7021485742953]]]}}, {"type": "Feature", "properties": {"zone_id": "02013EY4HAWLPLUODZGISW", "tract_id": "36081059000", "city": "JAMAICA, NY", "zone_code": "R2A", "zone_category": "Residential", "ev_permitted": false}, "geometry": {"type": "Polygon", "coordinates": [[[-73.7350493943155, 40.7021446096995], [-73.7350323273661, 40.7024198850916], [-73.7351600265498, 40.7024238504047], [-73.7351770948222, 40.7021485742953], [-73.7350493943155, 40.7021446096995]]]}}, {"type": "Feature", "properties": {"zone_id": "02031F31AWYM4TGFJJR74P", "tract_id": "36081059000", "city": "JAMAICA, NY", "zone_code": "R2A", "zone_category": "Residential", "ev_permitted": false}, "geometry": {"type": "Polygon", "coordinates": [[[-73.7349256560796, 40.7021407672157], [-73.7349085876942, 40.7024160432902], [-73.7350323273661, 40.7024198850916], [-73.7350493943155, 40.7021446096995], [-73.7349256560796, 40.7021407672157]]]}}, {"type": "Feature", "properties": {"zone_id": "0200ZMIQUF6J2R72BPCFAO", "tract_id": "36081059000", "city": "JAMAICA, NY", "zone_code": "R2A", "zone_category": "Residential", "ev_permitted": false}, "geometry": {"type": "Polygon", "coordinates": [[[-73.7348009171402, 40.7021368934841], [-73.7347838482407, 40.7024121695402], [-73.7349085876942, 40.7024160432902], [-73.7349256560796, 40.7021407672157], [-73.7348009171402, 40.7021368934841]]]}}, {"type": "Feature", "properties": {"zone_id": "0204DIM5CXSRB70DL5IDS6", "tract_id": "36081059000", "city": "JAMAICA, NY", "zone_code": "R2A", "zone_category": "Residential", "ev_permitted": false}, "geometry": {"type": "Polygon", "coordinates": [[[-73.7350662282529, 40.7018731028445], [-73.7350493943155, 40.7021446096995], [-73.7351770948222, 40.7021485742953], [-73.7351939548854, 40.7018766353453], [-73.7350662282529, 40.7018731028445]]]}}, {"type": "Feature", "properties": {"zone_id": "0200L9S9NOUV909C1YPXZV", "tract_id": "36081059000", "city": "JAMAICA, NY", "zone_code": "R2A", "zone_category": "Residential", "ev_permitted": false}, "geometry": {"type": "Polygon", "coordinates": [[[-73.7351939548854, 40.7018766353453], [-73.7351770948222, 40.7021485742953], [-73.7352992267687, 40.7021523664389], [-73.7353161129091, 40.7018800129608], [-73.7351939548854, 40.7018766353453]]]}}, {"type": "Feature", "properties": {"zone_id": "0206PGHZ1SJ1T9ZIU5O9DK", "tract_id": "36081059000", "city": "JAMAICA, NY", "zone_code": "R2A", "zone_category": "Residential", "ev_permitted": false}, "geometry": {"type": "Polygon", "coordinates": [[[-73.7353161129091, 40.7018800129608], [-73.7352992267687, 40.7021523664389], [-73.7354256847132, 40.7021562927681], [-73.735442596044, 40.7018835107062], [-73.7353161129091, 40.7018800129608]]]}}, {"type": "Feature", "properties": {"zone_id": "0203BHUX60107FUED1UL4O", "tract_id": "36081059000", "city": "JAMAICA, NY", "zone_code": "R2A", "zone_category": "Residential", "ev_permitted": false}, "geometry": {"type": "Polygon", "coordinates": [[[-73.7349424648415, 40.7018696812149], [-73.7349256560796, 40.7021407672157], [-73.7350493943155, 40.7021446096995], [-73.7350662282529, 40.7018731028445], [-73.7349424648415, 40.7018696812149]]]}}, {"type": "Feature", "properties": {"zone_id": "0206I3OJXW7V94JEUWQJQN", "tract_id": "36081059000", "city": "JAMAICA, NY", "zone_code": "R2A", "zone_category": "Residential", "ev_permitted": false}, "geometry": {"type": "Polygon", "coordinates": [[[-73.7346941053536, 40.7018628131518], [-73.7346773478703, 40.702133056744], [-73.7348009171402, 40.7021368934841], [-73.7348176997945, 40.7018662311459], [-73.7346941053536, 40.7018628131518]]]}}, {"type": "Feature", "properties": {"zone_id": "0206UMDHKA0LTZCKQ4C0CY", "tract_id": "36081059000", "city": "JAMAICA, NY", "zone_code": "R2A", "zone_category": "Residential", "ev_permitted": false}, "geometry": {"type": "Polygon", "coordinates": [[[-73.7348176997945, 40.7018662311459], [-73.7348009171402, 40.7021368934841], [-73.7349256560796, 40.7021407672157], [-73.7349424648415, 40.7018696812149], [-73.7348176997945, 40.7018662311459]]]}}, {"type": "Feature", "properties": {"zone_id": "0204DZRFHL4EBZ1XUIXRGI", "tract_id": "36081059000", "city": "JAMAICA, NY", "zone_code": "R2A", "zone_category": "Residential", "ev_permitted": false}, "geometry": {"type": "Polygon", "coordinates": [[[-73.7359896942754, 40.701457774631], [-73.7359758230086, 40.7017363529986], [-73.7360839264599, 40.7017397769606], [-73.7360977972757, 40.7014611985801], [-73.7359896942754, 40.701457774631]]]}}, {"type": "Feature", "properties": {"zone_id": "0202FPNMQWBXA7DPGRFB0N", "tract_id": "36081059000", "city": "JAMAICA, NY", "zone_code": "R2A", "zone_category": "Residential", "ev_permitted": false}, "geometry": {"type": "Polygon", "coordinates": [[[-73.7358848343498, 40.7014544528816], [-73.7358709626455, 40.7017330312368], [-73.7359758230086, 40.7017363529986], [-73.7359896942754, 40.701457774631], [-73.7358848343498, 40.7014544528816]]]}}, {"type": "Feature", "properties": {"zone_id": "0204XSXCC5634AM47IGEZ1", "tract_id": "36081059000", "city": "JAMAICA, NY", "zone_code": "R2A", "zone_category": "Residential", "ev_permitted": false}, "geometry": {"type": "Polygon", "coordinates": [[[-73.7357760353084, 40.7014510067574], [-73.7357621622269, 40.7017295850974], [-73.7358709626455, 40.7017330312368], [-73.7358848343498, 40.7014544528816], [-73.7357760353084, 40.7014510067574]]]}}, {"type": "Feature", "properties": {"zone_id": "0204NK1GRZ3GYIDWLHAEXS", "tract_id": "36081059000", "city": "JAMAICA, NY", "zone_code": "R2A", "zone_category": "Residential", "ev_permitted": false}, "geometry": {"type": "Polygon", "coordinates": [[[-73.7356679323413, 40.7014475825061], [-73.7356540588115, 40.7017261601306], [-73.7357621622269, 40.7017295850974], [-73.7357760353084, 40.7014510067574], [-73.7356679323413, 40.7014475825061]]]}}, {"type": "Feature", "properties": {"zone_id": "0206LO65V562FUMEMXDE8I", "tract_id": "36081059000", "city": "JAMAICA, NY", "zone_code": "R2A", "zone_category": "Residential", "ev_permitted": false}, "geometry": {"type": "Polygon", "coordinates": [[[-73.735559829388, 40.7014441574506], [-73.7355459554045, 40.7017227357648], [-73.7356540588115, 40.7017261601306], [-73.7356679323413, 40.7014475825061], [-73.735559829388, 40.7014441574506]]]}}, {"type": "Feature", "properties": {"zone_id": "0204LVVKLI15N7946OJ4B6", "tract_id": "36081059000", "city": "JAMAICA, NY", "zone_code": "R2A", "zone_category": "Residential", "ev_permitted": false}, "geometry": {"type": "Polygon", "coordinates": [[[-73.7354517264458, 40.7014407322935], [-73.7354378520112, 40.7017193105948], [-73.7355459554045, 40.7017227357648], [-73.735559829388, 40.7014441574506], [-73.7354517264458, 40.7014407322935]]]}}, {"type": "Feature", "properties": {"zone_id": "0207051HRMIBBTBBGHH8T5", "tract_id": "36081059000", "city": "JAMAICA, NY", "zone_code": "R2A", "zone_category": "Residential", "ev_permitted": false}, "geometry": {"type": "Polygon", "coordinates": [[[-73.7353396013017, 40.7014371811442], [-73.7353257273226, 40.7017157594342], [-73.7354378520112, 40.7017193105948], [-73.7354517264458, 40.7014407322935], [-73.7353396013017, 40.7014371811442]]]}}, {"type": "Feature", "properties": {"zone_id": "0207IDSWJO4OLZIZ1QAZUP", "tract_id": "36081059000", "city": "JAMAICA, NY", "zone_code": "R2A", "zone_category": "Residential", "ev_permitted": false}, "geometry": {"type": "Polygon", "coordinates": [[[-73.7352314993054, 40.7014337557825], [-73.7352176230288, 40.7017123340554], [-73.7353257273226, 40.7017157594342], [-73.7353396013017, 40.7014371811442], [-73.7352314993054, 40.7014337557825]]]}}, {"type": "Feature", "properties": {"zone_id": "0207BGUH7Z0LDRS2Y6HQDQ", "tract_id": "36081059000", "city": "JAMAICA, NY", "zone_code": "R2A", "zone_category": "Residential", "ev_permitted": false}, "geometry": {"type": "Polygon", "coordinates": [[[-73.7351233963942, 40.7014303310197], [-73.7351095205898, 40.7017089092818], [-73.7352176230288, 40.7017123340554], [-73.7352314993054, 40.7014337557825], [-73.7351233963942, 40.7014303310197]]]}}, {"type": "Feature", "properties": {"zone_id": "02024E0LWQT8N0TQNWRX6D", "tract_id": "36081059000", "city": "JAMAICA, NY", "zone_code": "R2A", "zone_category": "Residential", "ev_permitted": false}, "geometry": {"type": "Polygon", "coordinates": [[[-73.7350171804345, 40.7014269653073], [-73.7350033051102, 40.7017055435588], [-73.7351095205898, 40.7017089092818], [-73.7351233963942, 40.7014303310197], [-73.7350171804345, 40.7014269653073]]]}}, {"type": "Feature", "properties": {"zone_id": "020046Y211F2CFG9QM1182", "tract_id": "36081059000", "city": "JAMAICA, NY", "zone_code": "R2A", "zone_category": "Residential", "ev_permitted": false}, "geometry": {"type": "Polygon", "coordinates": [[[-73.7349090775452, 40.7014235403433], [-73.73489520177, 40.7017021185819], [-73.7350033051102, 40.7017055435588], [-73.7350171804345, 40.7014269653073], [-73.7349090775452, 40.7014235403433]]]}}, {"type": "Feature", "properties": {"zone_id": "0206UKLH2M62AQXZVYE169", "tract_id": "36081059000", "city": "JAMAICA, NY", "zone_code": "R2A", "zone_category": "Residential", "ev_permitted": false}, "geometry": {"type": "Polygon", "coordinates": [[[-73.7348009746672, 40.7014201152777], [-73.7347870984436, 40.7016986928007], [-73.73489520177, 40.7017021185819], [-73.7349090775452, 40.7014235403433], [-73.7348009746672, 40.7014201152777]]]}}, {"type": "Feature", "properties": {"zone_id": "02062ES8SGW8BUK9ZWT0HN", "tract_id": "36081059000", "city": "JAMAICA, NY", "zone_code": "R2A", "zone_category": "Residential", "ev_permitted": false}, "geometry": {"type": "Polygon", "coordinates": [[[-73.7346773478703, 40.702133056744], [-73.7346602784615, 40.7024083327819], [-73.7347838482407, 40.7024121695402], [-73.7348009171402, 40.7021368934841], [-73.7346773478703, 40.702133056744]]]}}, {"type": "Feature", "properties": {"zone_id": "0202MU8GDVI84QYXTB6SVS", "tract_id": "36081059000", "city": "JAMAICA, NY", "zone_code": "R2A", "zone_category": "Residential", "ev_permitted": false}, "geometry": {"type": "Polygon", "coordinates": [[[-73.7345512380501, 40.7021291402325], [-73.7345341681216, 40.7024044162518], [-73.7346602784615, 40.7024083327819], [-73.7346773478703, 40.702133056744], [-73.7345512380501, 40.7021291402325]]]}}, {"type": "Feature", "properties": {"zone_id": "0200RD1X8SQ37UZVYIR2PB", "tract_id": "36081059000", "city": "JAMAICA, NY", "zone_code": "R2A", "zone_category": "Residential", "ev_permitted": false}, "geometry": {"type": "Polygon", "coordinates": [[[-73.7344421561364, 40.7021257526267], [-73.7344250857584, 40.70240102863], [-73.7345341681216, 40.7024044162518], [-73.7345512380501, 40.7021291402325], [-73.7344421561364, 40.7021257526267]]]}}, {"type": "Feature", "properties": {"zone_id": "02042Y2JKLNEMXK7ZM2NTN", "tract_id": "36081059000", "city": "JAMAICA, NY", "zone_code": "R2A", "zone_category": "Residential", "ev_permitted": false}, "geometry": {"type": "Polygon", "coordinates": [[[-73.734458864305, 40.701856307178], [-73.7344421561364, 40.7021257526267], [-73.7345512380501, 40.7021291402325], [-73.7345679694116, 40.701859324519], [-73.734458864305, 40.701856307178]]]}}, {"type": "Feature", "properties": {"zone_id": "0201X1UM5J8TGI8N1BWBON", "tract_id": "36081059000", "city": "JAMAICA, NY", "zone_code": "R2A", "zone_category": "Residential", "ev_permitted": false}, "geometry": {"type": "Polygon", "coordinates": [[[-73.7345679694116, 40.701859324519], [-73.7345512380501, 40.7021291402325], [-73.7346773478703, 40.702133056744], [-73.7346941053536, 40.7018628131518], [-73.7345679694116, 40.701859324519]]]}}, {"type": "Feature", "properties": {"zone_id": "0205BWS901VJ4M526S22PX", "tract_id": "36081059000", "city": "JAMAICA, NY", "zone_code": "R2A", "zone_category": "Residential", "ev_permitted": false}, "geometry": {"type": "Polygon", "coordinates": [[[-73.7344799239309, 40.7014099418467], [-73.7344647834789, 40.7016884798795], [-73.7345685294454, 40.7016917673276], [-73.7345824075069, 40.7014131891302], [-73.7344799239309, 40.7014099418467]]]}}, {"type": "Feature", "properties": {"zone_id": "02046PVFZK2SQKPF8S53D4", "tract_id": "36081059000", "city": "JAMAICA, NY", "zone_code": "R2A", "zone_category": "Residential", "ev_permitted": false}, "geometry": {"type": "Polygon", "coordinates": [[[-73.7345824075069, 40.7014131891302], [-73.7345685294454, 40.7016917673276], [-73.7346789951256, 40.7016952676207], [-73.7346928718029, 40.7014166894079], [-73.7345824075069, 40.7014131891302]]]}}, {"type": "Feature", "properties": {"zone_id": "0206O0IU6KFAF1YBKRKIUI", "tract_id": "36081059000", "city": "JAMAICA, NY", "zone_code": "R2A", "zone_category": "Residential", "ev_permitted": false}, "geometry": {"type": "Polygon", "coordinates": [[[-73.7346928718029, 40.7014166894079], [-73.7346789951256, 40.7016952676207], [-73.7347870984436, 40.7016986928007], [-73.7348009746672, 40.7014201152777], [-73.7346928718029, 40.7014166894079]]]}}, {"type": "Feature", "properties": {"zone_id": "020638GO8I057HYDZZ8X3B", "tract_id": "36081059000", "city": "JAMAICA, NY", "zone_code": "R3-2", "zone_category": "Residential", "ev_permitted": false}, "geometry": {"type": "Polygon", "coordinates": [[[-73.7398515627989, 40.7013024125682], [-73.7398355441713, 40.7015772806708], [-73.7399453853122, 40.7015806648823], [-73.7399614034741, 40.7013058002778], [-73.7398515627989, 40.7013024125682]]]}}, {"type": "Feature", "properties": {"zone_id": "0202LQGANZC5EMI7LLPLEB", "tract_id": "36081059000", "city": "JAMAICA, NY", "zone_code": "R3-2", "zone_category": "Residential", "ev_permitted": false}, "geometry": {"type": "Polygon", "coordinates": [[[-73.7399614034741, 40.7013058002778], [-73.7399453853122, 40.7015806648823], [-73.7400525308185, 40.701583965608], [-73.7400685476052, 40.7013091037972], [-73.7399614034741, 40.7013058002778]]]}}, {"type": "Feature", "properties": {"zone_id": "0204G3P87YQMJN6DDPY64D", "tract_id": "36081059000", "city": "JAMAICA, NY", "zone_code": "R3-2", "zone_category": "Residential", "ev_permitted": false}, "geometry": {"type": "Polygon", "coordinates": [[[-73.7400685476052, 40.7013091037972], [-73.7400525308185, 40.701583965608], [-73.7401653473481, 40.7015874413515], [-73.7401813627363, 40.7013125823337], [-73.7400685476052, 40.7013091037972]]]}}, {"type": "Feature", "properties": {"zone_id": "020608N81LZ7FN7P5LEY6O", "tract_id": "36081059000", "city": "JAMAICA, NY", "zone_code": "R3-2", "zone_category": "Residential", "ev_permitted": false}, "geometry": {"type": "Polygon", "coordinates": [[[-73.7401813627363, 40.7013125823337], [-73.7401653473481, 40.7015874413515], [-73.7402374199157, 40.7015896614285], [-73.7402534359251, 40.7013148038081], [-73.7401813627363, 40.7013125823337]]]}}, {"type": "Feature", "properties": {"zone_id": "02019D2JHH2B288X19SH7W", "tract_id": "36081059000", "city": "JAMAICA, NY", "zone_code": "R3-2", "zone_category": "Residential", "ev_permitted": false}, "geometry": {"type": "Polygon", "coordinates": [[[-73.7395246450732, 40.7012923312943], [-73.7395086250644, 40.7015672084864], [-73.7396212329031, 40.7015706779671], [-73.7396372524348, 40.7012958042727], [-73.7395246450732, 40.7012923312943]]]}}, {"type": "Feature", "properties": {"zone_id": "02078FLYWCBJRJTJDP3KZL", "tract_id": "36081059000", "city": "JAMAICA, NY", "zone_code": "R3-2", "zone_category": "Residential", "ev_permitted": false}, "geometry": {"type": "Polygon", "coordinates": [[[-73.7396372524348, 40.7012958042727], [-73.7396212329031, 40.7015706779671], [-73.7397274358234, 40.7015739501619], [-73.7397434549071, 40.7012990792636], [-73.7396372524348, 40.7012958042727]]]}}, {"type": "Feature", "properties": {"zone_id": "0203XM2G0L9VUUL5EBMMLT", "tract_id": "36081059000", "city": "JAMAICA, NY", "zone_code": "R3-2", "zone_category": "Residential", "ev_permitted": false}, "geometry": {"type": "Polygon", "coordinates": [[[-73.7397434549071, 40.7012990792636], [-73.7397274358234, 40.7015739501619], [-73.7398355441713, 40.7015772806708], [-73.7398515627989, 40.7013024125682], [-73.7397434549071, 40.7012990792636]]]}}, {"type": "Feature", "properties": {"zone_id": "02024V8ZID88R3Z2T6OJ0E", "tract_id": "36081059000", "city": "JAMAICA, NY", "zone_code": "R2A", "zone_category": "Residential", "ev_permitted": false}, "geometry": {"type": "Polygon", "coordinates": [[[-73.7394241434385, 40.7009100377273], [-73.7394151871233, 40.7010675060562], [-73.7398705210147, 40.7010821958079], [-73.7398818195856, 40.701047755011], [-73.7394241434385, 40.7009100377273]]]}}, {"type": "Feature", "properties": {"zone_id": "0206UVGN0BYPL2XRSHYVZI", "tract_id": "36081059000", "city": "JAMAICA, NY", "zone_code": "R3-2", "zone_category": "Residential", "ev_permitted": false}, "geometry": {"type": "Polygon", "coordinates": [[[-73.7392019767642, 40.7012823795784], [-73.7391859553915, 40.7015572658605], [-73.7392943184773, 40.7015606051844], [-73.739310339393, 40.701285721698], [-73.7392019767642, 40.7012823795784]]]}}, {"type": "Feature", "properties": {"zone_id": "0205QEUL5QVA3JACDS8P7Y", "tract_id": "36081059000", "city": "JAMAICA, NY", "zone_code": "R3-2", "zone_category": "Residential", "ev_permitted": false}, "geometry": {"type": "Polygon", "coordinates": [[[-73.739310339393, 40.701285721698], [-73.7392943184773, 40.7015606051844], [-73.7394024267819, 40.7015639361001], [-73.7394184472388, 40.701289056112], [-73.739310339393, 40.701285721698]]]}}, {"type": "Feature", "properties": {"zone_id": "0206HE3Y0B68UDMM3CE2KY", "tract_id": "36081059000", "city": "JAMAICA, NY", "zone_code": "R3-2", "zone_category": "Residential", "ev_permitted": false}, "geometry": {"type": "Polygon", "coordinates": [[[-73.7394184472388, 40.701289056112], [-73.7394024267819, 40.7015639361001], [-73.7395086250644, 40.7015672084864], [-73.7395246450732, 40.7012923312943], [-73.7394184472388, 40.701289056112]]]}}, {"type": "Feature", "properties": {"zone_id": "0201I40IOFLO3Z977MC8LR", "tract_id": "36081059000", "city": "JAMAICA, NY", "zone_code": "R3-2", "zone_category": "Residential", "ev_permitted": false}, "geometry": {"type": "Polygon", "coordinates": [[[-73.7388517189349, 40.7012715759751], [-73.7388356951588, 40.7015464720439], [-73.7389153754451, 40.7015489280364], [-73.738931398885, 40.7012740340646], [-73.7388517189349, 40.7012715759751]]]}}, {"type": "Feature", "properties": {"zone_id": "02067A891SDAHM9JJJVJTF", "tract_id": "36081059000", "city": "JAMAICA, NY", "zone_code": "R3-2", "zone_category": "Residential", "ev_permitted": false}, "geometry": {"type": "Polygon", "coordinates": [[[-73.738931398885, 40.7012740340646], [-73.7389153754451, 40.7015489280364], [-73.7389946957063, 40.7015513719147], [-73.7390107188088, 40.7012764807426], [-73.738931398885, 40.7012740340646]]]}}, {"type": "Feature", "properties": {"zone_id": "0204SNIUXQ6A0RZ6OI2P4O", "tract_id": "36081059000", "city": "JAMAICA, NY", "zone_code": "R3-2", "zone_category": "Residential", "ev_permitted": false}, "geometry": {"type": "Polygon", "coordinates": [[[-73.7390107188088, 40.7012764807426], [-73.7389946957063, 40.7015513719147], [-73.7390778471086, 40.7015539347414], [-73.7390938689372, 40.7012790456637], [-73.7390107188088, 40.7012764807426]]]}}, {"type": "Feature", "properties": {"zone_id": "02035QBXGMK8YKJYHVS4S2", "tract_id": "36081059000", "city": "JAMAICA, NY", "zone_code": "R3-2", "zone_category": "Residential", "ev_permitted": false}, "geometry": {"type": "Polygon", "coordinates": [[[-73.7390938689372, 40.7012790456637], [-73.7390778471086, 40.7015539347414], [-73.7391859553915, 40.7015572658605], [-73.7392019767642, 40.7012823795784], [-73.7390938689372, 40.7012790456637]]]}}, {"type": "Feature", "properties": {"zone_id": "02036VRHJWCC99V2AKV2QH", "tract_id": "36081059000", "city": "JAMAICA, NY", "zone_code": "R2A", "zone_category": "Residential", "ev_permitted": false}, "geometry": {"type": "Polygon", "coordinates": [[[-73.7392161035838, 40.7008474363661], [-73.7392039759355, 40.7010606910615], [-73.7394151871233, 40.7010675060562], [-73.7394241434385, 40.7009100377273], [-73.7392161035838, 40.7008474363661]]]}}, {"type": "Feature", "properties": {"zone_id": "0207I9JBZKJ0NMOHVT7619", "tract_id": "36081059000", "city": "JAMAICA, NY", "zone_code": "R2A", "zone_category": "Residential", "ev_permitted": false}, "geometry": {"type": "Polygon", "coordinates": [[[-73.7390475758627, 40.7007967247429], [-73.7390328776661, 40.7010551710003], [-73.7392039759355, 40.7010606910615], [-73.7392161035838, 40.7008474363661], [-73.7390475758627, 40.7007967247429]]]}}, {"type": "Feature", "properties": {"zone_id": "0200OM9WW8L5Q2TG6JKOSR", "tract_id": "36081059000", "city": "JAMAICA, NY", "zone_code": "R2A", "zone_category": "Residential", "ev_permitted": false}, "geometry": {"type": "Polygon", "coordinates": [[[-73.7389083183749, 40.7007548197009], [-73.7388914957496, 40.7010506076734], [-73.7390328776661, 40.7010551710003], [-73.7390475758627, 40.7007967247429], [-73.7389083183749, 40.7007548197009]]]}}, {"type": "Feature", "properties": {"zone_id": "0200R1H33MGI8LAP7CC7M7", "tract_id": "36081059000", "city": "JAMAICA, NY", "zone_code": "R3-2", "zone_category": "Residential", "ev_permitted": false}, "geometry": {"type": "Polygon", "coordinates": [[[-73.7385336897101, 40.7012617664168], [-73.7385176645919, 40.7015366708735], [-73.7385986326717, 40.7015391665494], [-73.7386146583744, 40.7012642634889], [-73.7385336897101, 40.7012617664168]]]}}, {"type": "Feature", "properties": {"zone_id": "02003VOCEM2LOOH0J547U1", "tract_id": "36081059000", "city": "JAMAICA, NY", "zone_code": "R3-2", "zone_category": "Residential", "ev_permitted": false}, "geometry": {"type": "Polygon", "coordinates": [[[-73.7386146583744, 40.7012642634889], [-73.7385986326717, 40.7015391665494], [-73.7386781975512, 40.7015416175255], [-73.7386942219893, 40.7012667179651], [-73.7386146583744, 40.7012642634889]]]}}, {"type": "Feature", "properties": {"zone_id": "0200L1KYRFLI4A5ULZRQUR", "tract_id": "36081059000", "city": "JAMAICA, NY", "zone_code": "R3-2", "zone_category": "Residential", "ev_permitted": false}, "geometry": {"type": "Polygon", "coordinates": [[[-73.7386942219893, 40.7012667179651], [-73.7386781975512, 40.7015416175255], [-73.7387590973266, 40.701544111528], [-73.7387751214235, 40.7012692140645], [-73.7386942219893, 40.7012667179651]]]}}, {"type": "Feature", "properties": {"zone_id": "020444FCCQFMVYZD7C3VNR", "tract_id": "36081059000", "city": "JAMAICA, NY", "zone_code": "R3-2", "zone_category": "Residential", "ev_permitted": false}, "geometry": {"type": "Polygon", "coordinates": [[[-73.7387751214235, 40.7012692140645], [-73.7387590973266, 40.701544111528], [-73.7388356951588, 40.7015464720439], [-73.7388517189349, 40.7012715759751], [-73.7387751214235, 40.7012692140645]]]}}, {"type": "Feature", "properties": {"zone_id": "0201OTASMZ8A6CEUP1MDXD", "tract_id": "36081059000", "city": "JAMAICA, NY", "zone_code": "R3-2", "zone_category": "Residential", "ev_permitted": false}, "geometry": {"type": "Polygon", "coordinates": [[[-73.7383696946793, 40.7012567069953], [-73.7383536679435, 40.7015316163458], [-73.7384388927267, 40.7015342433712], [-73.7384549191035, 40.7012593361168], [-73.7383696946793, 40.7012567069953]]]}}, {"type": "Feature", "properties": {"zone_id": "0206BXIZAESYL4RV16JZH5", "tract_id": "36081059000", "city": "JAMAICA, NY", "zone_code": "R3-2", "zone_category": "Residential", "ev_permitted": false}, "geometry": {"type": "Polygon", "coordinates": [[[-73.7384549191035, 40.7012593361168], [-73.7384388927267, 40.7015342433712], [-73.7385176645919, 40.7015366708735], [-73.7385336897101, 40.7012617664168], [-73.7384549191035, 40.7012593361168]]]}}, {"type": "Feature", "properties": {"zone_id": "0206WHEVFFH1BAWW0ZYUXX", "tract_id": "36081059000", "city": "JAMAICA, NY", "zone_code": "R3A", "zone_category": "Residential", "ev_permitted": false}, "geometry": {"type": "Polygon", "coordinates": [[[-73.7378324725127, 40.7012357945605], [-73.7378170612863, 40.7015156217785], [-73.737925168496, 40.7015189604035], [-73.737940578346, 40.7012391331691], [-73.7378324725127, 40.7012357945605]]]}}, {"type": "Feature", "properties": {"zone_id": "0205F0W33W6ITELWVQN6WM", "tract_id": "36081059000", "city": "JAMAICA, NY", "zone_code": "R3A", "zone_category": "Residential", "ev_permitted": false}, "geometry": {"type": "Polygon", "coordinates": [[[-73.737940578346, 40.7012391331691], [-73.737925168496, 40.7015189604035], [-73.7380332747904, 40.7015222996276], [-73.7380486851135, 40.7012424716783], [-73.737940578346, 40.7012391331691]]]}}, {"type": "Feature", "properties": {"zone_id": "0201KTQNXKXNYMHWPKRBFR", "tract_id": "36081059000", "city": "JAMAICA, NY", "zone_code": "R3A", "zone_category": "Residential", "ev_permitted": false}, "geometry": {"type": "Polygon", "coordinates": [[[-73.7380486851135, 40.7012424716783], [-73.7380332747904, 40.7015222996276], [-73.7381405742527, 40.7015256130239], [-73.7381556203984, 40.7012457743956], [-73.7380486851135, 40.7012424716783]]]}}, {"type": "Feature", "properties": {"zone_id": "0204CP8IHNH03UD0R0IJ16", "tract_id": "36081059000", "city": "JAMAICA, NY", "zone_code": "R3A", "zone_category": "Residential", "ev_permitted": false}, "geometry": {"type": "Polygon", "coordinates": [[[-73.7376195353301, 40.7012292179575], [-73.7376041232115, 40.7015090451471], [-73.7377122303998, 40.7015123839722], [-73.7377276420654, 40.7012325567681], [-73.7376195353301, 40.7012292179575]]]}}, {"type": "Feature", "properties": {"zone_id": "0202QIG5179XSV84CXW4VZ", "tract_id": "36081059000", "city": "JAMAICA, NY", "zone_code": "R3A", "zone_category": "Residential", "ev_permitted": false}, "geometry": {"type": "Polygon", "coordinates": [[[-73.7375114286056, 40.7012258790453], [-73.7374960169573, 40.7015057062227], [-73.7376041232115, 40.7015090451471], [-73.7376195353301, 40.7012292179575], [-73.7375114286056, 40.7012258790453]]]}}, {"type": "Feature", "properties": {"zone_id": "0205V6LBOO5DVXUQVQUP1B", "tract_id": "36081059000", "city": "JAMAICA, NY", "zone_code": "R3A", "zone_category": "Residential", "ev_permitted": false}, "geometry": {"type": "Polygon", "coordinates": [[[-73.7377276420654, 40.7012325567681], [-73.7377122303998, 40.7015123839722], [-73.7378170612863, 40.7015156217785], [-73.7378324725127, 40.7012357945605], [-73.7377276420654, 40.7012325567681]]]}}, {"type": "Feature", "properties": {"zone_id": "0204M6JZNO90W5WBDKEK34", "tract_id": "36081059000", "city": "JAMAICA, NY", "zone_code": "R2A", "zone_category": "Residential", "ev_permitted": false}, "geometry": {"type": "Polygon", "coordinates": [[[-73.7377894972655, 40.7009143497979], [-73.7377831556403, 40.7010156769566], [-73.7381668953835, 40.7010276287376], [-73.7381732364238, 40.7009263022606], [-73.7377894972655, 40.7009143497979]]]}}, {"type": "Feature", "properties": {"zone_id": "0200ENJVDV0L5LA9GFKM85", "tract_id": "36081059000", "city": "JAMAICA, NY", "zone_code": "R2A", "zone_category": "Residential", "ev_permitted": false}, "geometry": {"type": "Polygon", "coordinates": [[[-73.7374098644378, 40.700902524174], [-73.7374051774564, 40.7010039028694], [-73.7377831556403, 40.7010156769566], [-73.7377894972655, 40.7009143497979], [-73.7374098644378, 40.700902524174]]]}}, {"type": "Feature", "properties": {"zone_id": "0205UT6C2D0NV6SQLY3NV8", "tract_id": "36081059000", "city": "JAMAICA, NY", "zone_code": "R2A", "zone_category": "Residential", "ev_permitted": false}, "geometry": {"type": "Polygon", "coordinates": [[[-73.7387631840174, 40.7007111466013], [-73.7387441465802, 40.701045853557], [-73.7388914957496, 40.7010506076734], [-73.7389083183749, 40.7007548197009], [-73.7387631840174, 40.7007111466013]]]}}, {"type": "Feature", "properties": {"zone_id": "02037ZOM42ZAITXVVLXZBI", "tract_id": "36081059000", "city": "JAMAICA, NY", "zone_code": "R2A", "zone_category": "Residential", "ev_permitted": false}, "geometry": {"type": "Polygon", "coordinates": [[[-73.7386202492446, 40.7006681346006], [-73.7385990314641, 40.7010411710788], [-73.7387441465802, 40.701045853557], [-73.7387631840174, 40.7007111466013], [-73.7386202492446, 40.7006681346006]]]}}, {"type": "Feature", "properties": {"zone_id": "02008CNWOKN18W01OGEOJW", "tract_id": "36081059000", "city": "JAMAICA, NY", "zone_code": "R2A", "zone_category": "Residential", "ev_permitted": false}, "geometry": {"type": "Polygon", "coordinates": [[[-73.7383942970526, 40.7008231044725], [-73.738382290755, 40.7010341761892], [-73.7385990314641, 40.7010411710788], [-73.7386110370768, 40.7008300993396], [-73.7383942970526, 40.7008231044725]]]}}, {"type": "Feature", "properties": {"zone_id": "02033LCAPROCK2LUVNI4KY", "tract_id": "36081059000", "city": "JAMAICA, NY", "zone_code": "R2A", "zone_category": "Residential", "ev_permitted": false}, "geometry": {"type": "Polygon", "coordinates": [[[-73.7384067663763, 40.7006038934475], [-73.7383942970526, 40.7008231044725], [-73.7386110370768, 40.7008300993396], [-73.7386202492446, 40.7006681346006], [-73.7384067663763, 40.7006038934475]]]}}, {"type": "Feature", "properties": {"zone_id": "0205DAQUNIUVMP5E0B7HYF", "tract_id": "36081059000", "city": "JAMAICA, NY", "zone_code": "R2A", "zone_category": "Residential", "ev_permitted": false}, "geometry": {"type": "Polygon", "coordinates": [[[-73.7378027706557, 40.7007022467017], [-73.7377961985057, 40.7008072658341], [-73.7381799370488, 40.7008192182746], [-73.7381865085955, 40.7007141991205], [-73.7378027706557, 40.7007022467017]]]}}, {"type": "Feature", "properties": {"zone_id": "02041OABI20UE5YJPIIQ6S", "tract_id": "36081059000", "city": "JAMAICA, NY", "zone_code": "R2A", "zone_category": "Residential", "ev_permitted": false}, "geometry": {"type": "Polygon", "coordinates": [[[-73.7377961985057, 40.7008072658341], [-73.7377894972655, 40.7009143497979], [-73.7381732364238, 40.7009263022606], [-73.7381799370488, 40.7008192182746], [-73.7377961985057, 40.7008072658341]]]}}, {"type": "Feature", "properties": {"zone_id": "0205KK3Q8M3X8GAXR1LJ2F", "tract_id": "36081059000", "city": "JAMAICA, NY", "zone_code": "R2A", "zone_category": "Residential", "ev_permitted": false}, "geometry": {"type": "Polygon", "coordinates": [[[-73.7374148178314, 40.7007953863541], [-73.7374098644378, 40.700902524174], [-73.7377894972655, 40.7009143497979], [-73.7377961985057, 40.7008072658341], [-73.7374148178314, 40.7007953863541]]]}}, {"type": "Feature", "properties": {"zone_id": "0206PJOAIVVY2MUBC9F7KP", "tract_id": "36081059000", "city": "JAMAICA, NY", "zone_code": "R2A", "zone_category": "Residential", "ev_permitted": false}, "geometry": {"type": "Polygon", "coordinates": [[[-73.7374196762891, 40.7006903134434], [-73.7374148178314, 40.7007953863541], [-73.7377961985057, 40.7008072658341], [-73.7378027706557, 40.7007022467017], [-73.7374196762891, 40.7006903134434]]]}}, {"type": "Feature", "properties": {"zone_id": "0203P4DQM47SURLY10Z734", "tract_id": "36081059000", "city": "JAMAICA, NY", "zone_code": "R2A", "zone_category": "Residential", "ev_permitted": false}, "geometry": {"type": "Polygon", "coordinates": [[[-73.7378792359599, 40.7004419520227], [-73.7378520598883, 40.700490517942], [-73.7378160912124, 40.7004893974775], [-73.737809234415, 40.7005989593857], [-73.7381929717614, 40.700610911783], [-73.7381974430632, 40.7005394568834], [-73.7378792359599, 40.7004419520227]]]}}, {"type": "Feature", "properties": {"zone_id": "0204K545U7TIUCODBJ49XZ", "tract_id": "36081059000", "city": "JAMAICA, NY", "zone_code": "R2A", "zone_category": "Residential", "ev_permitted": false}, "geometry": {"type": "Polygon", "coordinates": [[[-73.737809234415, 40.7005989593857], [-73.7378027706557, 40.7007022467017], [-73.7381865085955, 40.7007141991205], [-73.7381929717614, 40.700610911783], [-73.737809234415, 40.7005989593857]]]}}, {"type": "Feature", "properties": {"zone_id": "0207F7KS09FH9O3T2RDVG6", "tract_id": "36081059000", "city": "JAMAICA, NY", "zone_code": "R2A", "zone_category": "Residential", "ev_permitted": false}, "geometry": {"type": "Polygon", "coordinates": [[[-73.7374244540435, 40.7005869738173], [-73.7374196762891, 40.7006903134434], [-73.7378027706557, 40.7007022467017], [-73.737809234415, 40.7005989593857], [-73.7374244540435, 40.7005869738173]]]}}, {"type": "Feature", "properties": {"zone_id": "0205EM1RUWHPEGIRIZO5XW", "tract_id": "36081059000", "city": "JAMAICA, NY", "zone_code": "R2A", "zone_category": "Residential", "ev_permitted": false}, "geometry": {"type": "Polygon", "coordinates": [[[-73.7374548407015, 40.7004781443786], [-73.737427202191, 40.7005275361779], [-73.7374244540435, 40.7005869738173], [-73.737809234415, 40.7005989593857], [-73.7378160912124, 40.7004893974775], [-73.7374548407015, 40.7004781443786]]]}}, {"type": "Feature", "properties": {"zone_id": "0203PPAZNP71VOJDZK5PBO", "tract_id": "36081059000", "city": "JAMAICA, NY", "zone_code": "R2A", "zone_category": "Residential", "ev_permitted": false}, "geometry": {"type": "Polygon", "coordinates": [[[-73.7375342478396, 40.7003362392357], [-73.7374548407015, 40.7004781443786], [-73.7378520598883, 40.700490517942], [-73.7378792359599, 40.7004419520227], [-73.7375342478396, 40.7003362392357]]]}}, {"type": "Feature", "properties": {"zone_id": "0205N0QNARO3485Z8QBLER", "tract_id": "36081059000", "city": "JAMAICA, NY", "zone_code": "R3A", "zone_category": "Residential", "ev_permitted": false}, "geometry": {"type": "Polygon", "coordinates": [[[-73.7371006240779, 40.7012131894116], [-73.7370852097849, 40.7014930165324], [-73.7372221454916, 40.7014972465921], [-73.7372375592108, 40.7012174194531], [-73.7371006240779, 40.7012131894116]]]}}, {"type": "Feature", "properties": {"zone_id": "0204EIXHJBTEKU2HRA7HP0", "tract_id": "36081059000", "city": "JAMAICA, NY", "zone_code": "R3A", "zone_category": "Residential", "ev_permitted": false}, "geometry": {"type": "Polygon", "coordinates": [[[-73.7372375592108, 40.7012174194531], [-73.7372221454916, 40.7014972465921], [-73.7373590812158, 40.7015014764888], [-73.7373744943611, 40.7012216493317], [-73.7372375592108, 40.7012174194531]]]}}, {"type": "Feature", "properties": {"zone_id": "0206LOWR784AJ3J7K0Q3AD", "tract_id": "36081059000", "city": "JAMAICA, NY", "zone_code": "R3A", "zone_category": "Residential", "ev_permitted": false}, "geometry": {"type": "Polygon", "coordinates": [[[-73.7373744943611, 40.7012216493317], [-73.7373590812158, 40.7015014764888], [-73.7374960169573, 40.7015057062227], [-73.7375114286056, 40.7012258790453], [-73.7373744943611, 40.7012216493317]]]}}, {"type": "Feature", "properties": {"zone_id": "0203ARBHCPSSFLJO1JL2CG", "tract_id": "36081059000", "city": "JAMAICA, NY", "zone_code": "R3A", "zone_category": "Residential", "ev_permitted": false}, "geometry": {"type": "Polygon", "coordinates": [[[-73.7368267538641, 40.7012047288399], [-73.7368113384235, 40.7014845559243], [-73.7369482740955, 40.7014887863098], [-73.7369636889623, 40.7012089592072], [-73.7368267538641, 40.7012047288399]]]}}, {"type": "Feature", "properties": {"zone_id": "0205TL8Y9O598SW6IPCRF5", "tract_id": "36081059000", "city": "JAMAICA, NY", "zone_code": "R3A", "zone_category": "Residential", "ev_permitted": false}, "geometry": {"type": "Polygon", "coordinates": [[[-73.7369636889623, 40.7012089592072], [-73.7369482740955, 40.7014887863098], [-73.7370852097849, 40.7014930165324], [-73.7371006240779, 40.7012131894116], [-73.7369636889623, 40.7012089592072]]]}}, {"type": "Feature", "properties": {"zone_id": "02043I64E9LARZNJPDT7MK", "tract_id": "36081059000", "city": "JAMAICA, NY", "zone_code": "R3A", "zone_category": "Residential", "ev_permitted": false}, "geometry": {"type": "Polygon", "coordinates": [[[-73.7364266203977, 40.7011923668574], [-73.7364112032804, 40.7014721938887], [-73.7365337246254, 40.7014759792931], [-73.7365491412264, 40.7011961529483], [-73.7364266203977, 40.7011923668574]]]}}, {"type": "Feature", "properties": {"zone_id": "0202O9OJS8C1VCJGCEKUQS", "tract_id": "36081059000", "city": "JAMAICA, NY", "zone_code": "R3A", "zone_category": "Residential", "ev_permitted": false}, "geometry": {"type": "Polygon", "coordinates": [[[-73.7365491412264, 40.7011961529483], [-73.7365337246254, 40.7014759792931], [-73.7366670562317, 40.7014800984719], [-73.7366824722769, 40.7012002714067], [-73.7365491412264, 40.7011961529483]]]}}, {"type": "Feature", "properties": {"zone_id": "0206JDFF9IKZ8RIGFFOPKF", "tract_id": "36081059000", "city": "JAMAICA, NY", "zone_code": "R3A", "zone_category": "Residential", "ev_permitted": false}, "geometry": {"type": "Polygon", "coordinates": [[[-73.7366824722769, 40.7012002714067], [-73.7366670562317, 40.7014800984719], [-73.7368113384235, 40.7014845559243], [-73.7368267538641, 40.7012047288399], [-73.7366824722769, 40.7012002714067]]]}}, {"type": "Feature", "properties": {"zone_id": "0203DU76IRQIXSMYN4JWYF", "tract_id": "36081059000", "city": "JAMAICA, NY", "zone_code": "R2A", "zone_category": "Residential", "ev_permitted": false}, "geometry": {"type": "Polygon", "coordinates": [[[-73.7361116659149, 40.7011826742882], [-73.7360977972757, 40.7014611985801], [-73.7361992147573, 40.701464411062], [-73.7362130849534, 40.7011858530347], [-73.7361116659149, 40.7011826742882]]]}}, {"type": "Feature", "properties": {"zone_id": "0204BTMQRTUSHUSWRM1PHD", "tract_id": "36081059000", "city": "JAMAICA, NY", "zone_code": "R2A", "zone_category": "Residential", "ev_permitted": false}, "geometry": {"type": "Polygon", "coordinates": [[[-73.7370944150507, 40.7007213102463], [-73.7370805284673, 40.700994915277], [-73.7371996438392, 40.7009982607592], [-73.7372125788933, 40.700743413247], [-73.7370944150507, 40.7007213102463]]]}}, {"type": "Feature", "properties": {"zone_id": "0204NCPFMN8NUJ988UNVFX", "tract_id": "36081059000", "city": "JAMAICA, NY", "zone_code": "R2A", "zone_category": "Residential", "ev_permitted": false}, "geometry": {"type": "Polygon", "coordinates": [[[-73.7368168361048, 40.7006693870712], [-73.7368147307037, 40.7007108724162], [-73.7370776885789, 40.7007181817256], [-73.7368168361048, 40.7006693870712]]]}}, {"type": "Feature", "properties": {"zone_id": "0203K9BL172IT9I14OK4C3", "tract_id": "36081059000", "city": "JAMAICA, NY", "zone_code": "R2A", "zone_category": "Residential", "ev_permitted": false}, "geometry": {"type": "Polygon", "coordinates": [[[-73.7369679363122, 40.7007151308497], [-73.7369539151443, 40.7009913586009], [-73.7370805284673, 40.700994915277], [-73.7370944150507, 40.7007213102463], [-73.7370776885789, 40.7007181817256], [-73.7369679363122, 40.7007151308497]]]}}, {"type": "Feature", "properties": {"zone_id": "020269FWC7CFYKWUC5NI40", "tract_id": "36081059000", "city": "JAMAICA, NY", "zone_code": "R2A", "zone_category": "Residential", "ev_permitted": false}, "geometry": {"type": "Polygon", "coordinates": [[[-73.7368379159777, 40.7007115170722], [-73.7368238971914, 40.7009877068706], [-73.7369539151443, 40.7009913586009], [-73.7369679363122, 40.7007151308497], [-73.7368379159777, 40.7007115170722]]]}}, {"type": "Feature", "properties": {"zone_id": "0204H62EO83WOTMO2BG49H", "tract_id": "36081059000", "city": "JAMAICA, NY", "zone_code": "R2A", "zone_category": "Residential", "ev_permitted": false}, "geometry": {"type": "Polygon", "coordinates": [[[-73.7368948358658, 40.7003810511442], [-73.7368424111712, 40.7004849205446], [-73.7372199133337, 40.7005988893448], [-73.7372250414668, 40.7004978517473], [-73.7372328577836, 40.700483101015], [-73.7368948358658, 40.7003810511442]]]}}, {"type": "Feature", "properties": {"zone_id": "0205EHPXWBP5GKFYD1YVO6", "tract_id": "36081059000", "city": "JAMAICA, NY", "zone_code": "R2A", "zone_category": "Residential", "ev_permitted": false}, "geometry": {"type": "Polygon", "coordinates": [[[-73.736892018975, 40.7004998973933], [-73.7368073676274, 40.7006676157886], [-73.7372125788933, 40.700743413247], [-73.7372199133337, 40.7005988893448], [-73.736892018975, 40.7004998973933]]]}}, {"type": "Feature", "properties": {"zone_id": "0205YJ5T297JQH62J212YS", "tract_id": "36081059000", "city": "JAMAICA, NY", "zone_code": "R2A", "zone_category": "Residential", "ev_permitted": false}, "geometry": {"type": "Polygon", "coordinates": [[[-73.7367106974631, 40.700707980526], [-73.7366966782976, 40.7009841330682], [-73.7368238971914, 40.7009877068706], [-73.7368379159777, 40.7007115170722], [-73.7367106974631, 40.700707980526]]]}}, {"type": "Feature", "properties": {"zone_id": "0202FMQ6YDXPKXY6WB1MNL", "tract_id": "36081059000", "city": "JAMAICA, NY", "zone_code": "R2A", "zone_category": "Residential", "ev_permitted": false}, "geometry": {"type": "Polygon", "coordinates": [[[-73.7365768792591, 40.7007042607982], [-73.7365628633914, 40.7009803732813], [-73.7366966782976, 40.7009841330682], [-73.7367106974631, 40.700707980526], [-73.7365768792591, 40.7007042607982]]]}}, {"type": "Feature", "properties": {"zone_id": "0204G9DWQIRFW6W6OLSSHF", "tract_id": "36081059000", "city": "JAMAICA, NY", "zone_code": "R2A", "zone_category": "Residential", "ev_permitted": false}, "geometry": {"type": "Polygon", "coordinates": [[[-73.736453872244, 40.700700841817], [-73.7364383844866, 40.7009768757309], [-73.7365628633914, 40.7009803732813], [-73.7365768792591, 40.7007042607982], [-73.736453872244, 40.700700841817]]]}}, {"type": "Feature", "properties": {"zone_id": "0207E98L5VKTB3NU4NQLNM", "tract_id": "36081059000", "city": "JAMAICA, NY", "zone_code": "R2A", "zone_category": "Residential", "ev_permitted": false}, "geometry": {"type": "Polygon", "coordinates": [[[-73.7361207797441, 40.7006946519675], [-73.7361061726212, 40.7009701461057], [-73.7362259013802, 40.7009745508077], [-73.7362398507392, 40.700699032663], [-73.7361207797441, 40.7006946519675]]]}}, {"type": "Feature", "properties": {"zone_id": "02046XVA04HDCEE735K4PT", "tract_id": "36081059000", "city": "JAMAICA, NY", "zone_code": "R2A", "zone_category": "Residential", "ev_permitted": false}, "geometry": {"type": "Polygon", "coordinates": [[[-73.7364660631522, 40.7004836027227], [-73.7364593896484, 40.7006025230452], [-73.7368073676274, 40.7006676157886], [-73.7368428315436, 40.7005973511474], [-73.7364660631522, 40.7004836027227]]]}}, {"type": "Feature", "properties": {"zone_id": "0204IJB95GA09T2VZMYF4W", "tract_id": "36081059000", "city": "JAMAICA, NY", "zone_code": "R2A", "zone_category": "Residential", "ev_permitted": false}, "geometry": {"type": "Polygon", "coordinates": [[[-73.7365070880832, 40.7003836844699], [-73.7364672391766, 40.700462635834], [-73.7364660631522, 40.7004836027227], [-73.7368428315436, 40.7005973511474], [-73.736892018975, 40.7004998973933], [-73.7365070880832, 40.7003836844699]]]}}, {"type": "Feature", "properties": {"zone_id": "0205SAEO2RBVM6TELNKONO", "tract_id": "36081059000", "city": "JAMAICA, NY", "zone_code": "R2A", "zone_category": "Residential", "ev_permitted": false}, "geometry": {"type": "Polygon", "coordinates": [[[-73.7364593896484, 40.7006025230452], [-73.736453872244, 40.700700841817], [-73.7368147307037, 40.7007108724162], [-73.7368168361048, 40.7006693870712], [-73.7364593896484, 40.7006025230452]]]}}, {"type": "Feature", "properties": {"zone_id": "0204B8SMKUJS5UDAFXLIL7", "tract_id": "36081059000", "city": "JAMAICA, NY", "zone_code": "R2A", "zone_category": "Residential", "ev_permitted": false}, "geometry": {"type": "Polygon", "coordinates": [[[-73.7358986999003, 40.7011760002778], [-73.7358848343498, 40.7014544528816], [-73.7359896942754, 40.701457774631], [-73.7360035613771, 40.7011792861833], [-73.7358986999003, 40.7011760002778]]]}}, {"type": "Feature", "properties": {"zone_id": "0201TT3MQI09IS4QLK376D", "tract_id": "36081059000", "city": "JAMAICA, NY", "zone_code": "R2A", "zone_category": "Residential", "ev_permitted": false}, "geometry": {"type": "Polygon", "coordinates": [[[-73.7360035613771, 40.7011792861833], [-73.7359896942754, 40.701457774631], [-73.7360977972757, 40.7014611985801], [-73.7361116659149, 40.7011826742882], [-73.7360035613771, 40.7011792861833]]]}}, {"type": "Feature", "properties": {"zone_id": "0206XY5AIZ8UVU2H02855Y", "tract_id": "36081059000", "city": "JAMAICA, NY", "zone_code": "R2A", "zone_category": "Residential", "ev_permitted": false}, "geometry": {"type": "Polygon", "coordinates": [[[-73.7357898993241, 40.7011725899977], [-73.7357760353084, 40.7014510067574], [-73.7358848343498, 40.7014544528816], [-73.7358986999003, 40.7011760002778], [-73.7357898993241, 40.7011725899977]]]}}, {"type": "Feature", "properties": {"zone_id": "0206VX6HP86UI5YX3PG2FO", "tract_id": "36081059000", "city": "JAMAICA, NY", "zone_code": "R2A", "zone_category": "Residential", "ev_permitted": false}, "geometry": {"type": "Polygon", "coordinates": [[[-73.7354655867652, 40.7011624244738], [-73.7354517264458, 40.7014407322935], [-73.735559829388, 40.7014441574506], [-73.735573690325, 40.7011658130819], [-73.7354655867652, 40.7011624244738]]]}}, {"type": "Feature", "properties": {"zone_id": "0204MTVH4DWUC1ATICW5U4", "tract_id": "36081059000", "city": "JAMAICA, NY", "zone_code": "R2A", "zone_category": "Residential", "ev_permitted": false}, "geometry": {"type": "Polygon", "coordinates": [[[-73.7356817948191, 40.7011692015906], [-73.7356679323413, 40.7014475825061], [-73.7357760353084, 40.7014510067574], [-73.7357898993241, 40.7011725899977], [-73.7356817948191, 40.7011692015906]]]}}, {"type": "Feature", "properties": {"zone_id": "0203GV9BH3JPEQTT04CP3D", "tract_id": "36081059000", "city": "JAMAICA, NY", "zone_code": "R2A", "zone_category": "Residential", "ev_permitted": false}, "geometry": {"type": "Polygon", "coordinates": [[[-73.735573690325, 40.7011658130819], [-73.735559829388, 40.7014441574506], [-73.7356679323413, 40.7014475825061], [-73.7356817948191, 40.7011692015906], [-73.735573690325, 40.7011658130819]]]}}, {"type": "Feature", "properties": {"zone_id": "0201KL6MIM22RY4357QTH1", "tract_id": "36081059000", "city": "JAMAICA, NY", "zone_code": "R2A", "zone_category": "Residential", "ev_permitted": false}, "geometry": {"type": "Polygon", "coordinates": [[[-73.735137252107, 40.7011521328408], [-73.7351233963942, 40.7014303310197], [-73.7352314993054, 40.7014337557825], [-73.7352453565567, 40.7011555217595], [-73.735137252107, 40.7011521328408]]]}}, {"type": "Feature", "properties": {"zone_id": "02010I3GSFUWR59G8HD6NF", "tract_id": "36081059000", "city": "JAMAICA, NY", "zone_code": "R2A", "zone_category": "Residential", "ev_permitted": false}, "geometry": {"type": "Polygon", "coordinates": [[[-73.7352453565567, 40.7011555217595], [-73.7352314993054, 40.7014337557825], [-73.7353396013017, 40.7014371811442], [-73.7353534610202, 40.7011589098739], [-73.7352453565567, 40.7011555217595]]]}}, {"type": "Feature", "properties": {"zone_id": "02067GQ23DHUZM8L4PH8E5", "tract_id": "36081059000", "city": "JAMAICA, NY", "zone_code": "R2A", "zone_category": "Residential", "ev_permitted": false}, "geometry": {"type": "Polygon", "coordinates": [[[-73.7353534610202, 40.7011589098739], [-73.7353396013017, 40.7014371811442], [-73.7354517264458, 40.7014407322935], [-73.7354655867652, 40.7011624244738], [-73.7353534610202, 40.7011589098739]]]}}, {"type": "Feature", "properties": {"zone_id": "0206NIJOO0MUS6D0EOHO60", "tract_id": "36081059000", "city": "JAMAICA, NY", "zone_code": "R2A", "zone_category": "Residential", "ev_permitted": false}, "geometry": {"type": "Polygon", "coordinates": [[[-73.7350310355242, 40.7011488029745], [-73.7350171804345, 40.7014269653073], [-73.7351233963942, 40.7014303310197], [-73.735137252107, 40.7011521328408], [-73.7350310355242, 40.7011488029745]]]}}, {"type": "Feature", "properties": {"zone_id": "0202OI5A9183C27AGME8O0", "tract_id": "36081059000", "city": "JAMAICA, NY", "zone_code": "R2A", "zone_category": "Residential", "ev_permitted": false}, "geometry": {"type": "Polygon", "coordinates": [[[-73.7347067231968, 40.7011386353123], [-73.7346928718029, 40.7014166894079], [-73.7348009746672, 40.7014201152777], [-73.7348148266794, 40.7011420246331], [-73.7347067231968, 40.7011386353123]]]}}, {"type": "Feature", "properties": {"zone_id": "0204B7VP87IV99SEO3VUBJ", "tract_id": "36081059000", "city": "JAMAICA, NY", "zone_code": "R2A", "zone_category": "Residential", "ev_permitted": false}, "geometry": {"type": "Polygon", "coordinates": [[[-73.7348148266794, 40.7011420246331], [-73.7348009746672, 40.7014201152777], [-73.7349090775452, 40.7014235403433], [-73.7349229310963, 40.7011454138546], [-73.7348148266794, 40.7011420246331]]]}}, {"type": "Feature", "properties": {"zone_id": "0205U5ZLY75H9MYFDQTFW5", "tract_id": "36081059000", "city": "JAMAICA, NY", "zone_code": "R2A", "zone_category": "Residential", "ev_permitted": false}, "geometry": {"type": "Polygon", "coordinates": [[[-73.7349229310963, 40.7011454138546], [-73.7349090775452, 40.7014235403433], [-73.7350171804345, 40.7014269653073], [-73.7350310355242, 40.7011488029745], [-73.7349229310963, 40.7011454138546]]]}}, {"type": "Feature", "properties": {"zone_id": "020322SLU2XK30DRTDN3DK", "tract_id": "36081059000", "city": "JAMAICA, NY", "zone_code": "R2A", "zone_category": "Residential", "ev_permitted": false}, "geometry": {"type": "Polygon", "coordinates": [[[-73.736003701804, 40.7006903445811], [-73.7359890941982, 40.7009658387046], [-73.7361061726212, 40.7009701461057], [-73.7361207797441, 40.7006946519675], [-73.736003701804, 40.7006903445811]]]}}, {"type": "Feature", "properties": {"zone_id": "0204QPT8YB7KHRU4USTH0G", "tract_id": "36081059000", "city": "JAMAICA, NY", "zone_code": "R2A", "zone_category": "Residential", "ev_permitted": false}, "geometry": {"type": "Polygon", "coordinates": [[[-73.7358710322005, 40.7006854630566], [-73.735856424968, 40.7009609578682], [-73.7359890941982, 40.7009658387046], [-73.736003701804, 40.7006903445811], [-73.7358710322005, 40.7006854630566]]]}}, {"type": "Feature", "properties": {"zone_id": "0201A0KWWAP0OPCASW8EYB", "tract_id": "36081059000", "city": "JAMAICA, NY", "zone_code": "R2A", "zone_category": "Residential", "ev_permitted": false}, "geometry": {"type": "Polygon", "coordinates": [[[-73.7357467492581, 40.7006808901315], [-73.7357321415131, 40.7009563849276], [-73.735856424968, 40.7009609578682], [-73.7358710322005, 40.7006854630566], [-73.7357467492581, 40.7006808901315]]]}}, {"type": "Feature", "properties": {"zone_id": "0203A0TAYP4T52ACCXFBRN", "tract_id": "36081059000", "city": "JAMAICA, NY", "zone_code": "R2A", "zone_category": "Residential", "ev_permitted": false}, "geometry": {"type": "Polygon", "coordinates": [[[-73.7356224663329, 40.7006763170723], [-73.7356078580752, 40.7009518118527], [-73.7357321415131, 40.7009563849276], [-73.7357467492581, 40.7006808901315], [-73.7356224663329, 40.7006763170723]]]}}, {"type": "Feature", "properties": {"zone_id": "0200YAG5JSTLBTF0ECZLK7", "tract_id": "36081059000", "city": "JAMAICA, NY", "zone_code": "R2A", "zone_category": "Residential", "ev_permitted": false}, "geometry": {"type": "Polygon", "coordinates": [[[-73.7355181055008, 40.7006724775666], [-73.7355034968155, 40.7009479716312], [-73.7356078580752, 40.7009518118527], [-73.7356224663329, 40.7006763170723], [-73.7355181055008, 40.7006724775666]]]}}, {"type": "Feature", "properties": {"zone_id": "02002RZJDPDS9VFFW5K1QS", "tract_id": "36081059000", "city": "JAMAICA, NY", "zone_code": "R2A", "zone_category": "Residential", "ev_permitted": false}, "geometry": {"type": "Polygon", "coordinates": [[[-73.7359739515473, 40.700331066416], [-73.7358857649656, 40.7004994358332], [-73.7362464257433, 40.700569172363], [-73.7362534814281, 40.700429822991], [-73.7362610918921, 40.7004155826885], [-73.7359739515473, 40.700331066416]]]}}, {"type": "Feature", "properties": {"zone_id": "0200ZHJKZ32I1MBOJCNHM2", "tract_id": "36081059000", "city": "JAMAICA, NY", "zone_code": "R2A", "zone_category": "Residential", "ev_permitted": false}, "geometry": {"type": "Polygon", "coordinates": [[[-73.735920596999, 40.7005061706812], [-73.7359110129978, 40.7006869341262], [-73.7362398507392, 40.700699032663], [-73.7362464257433, 40.700569172363], [-73.735920596999, 40.7005061706812]]]}}, {"type": "Feature", "properties": {"zone_id": "0206WVLNIL8UGBIYW71EN7", "tract_id": "36081059000", "city": "JAMAICA, NY", "zone_code": "R2A", "zone_category": "Residential", "ev_permitted": false}, "geometry": {"type": "Polygon", "coordinates": [[[-73.7355235940563, 40.7005689780332], [-73.7355181055008, 40.7006724775666], [-73.7359110129978, 40.7006869341262], [-73.7359165000212, 40.7005834345722], [-73.7355235940563, 40.7005689780332]]]}}, {"type": "Feature", "properties": {"zone_id": "0203UTOWUTLKUVB9P9N9E2", "tract_id": "36081059000", "city": "JAMAICA, NY", "zone_code": "R2A", "zone_category": "Residential", "ev_permitted": false}, "geometry": {"type": "Polygon", "coordinates": [[[-73.7355309198047, 40.7004308217423], [-73.7355235940563, 40.7005689780332], [-73.7359165000212, 40.7005834345722], [-73.735920596999, 40.7005061706812], [-73.7355309198047, 40.7004308217423]]]}}, {"type": "Feature", "properties": {"zone_id": "0202O3QH4KDFVIT9L7GFCT", "tract_id": "36081059000", "city": "JAMAICA, NY", "zone_code": "R2A", "zone_category": "Residential", "ev_permitted": false}, "geometry": {"type": "Polygon", "coordinates": [[[-73.7351456159073, 40.7006599476808], [-73.7351258464719, 40.7009340441739], [-73.7352898226029, 40.7009389556985], [-73.7353022467416, 40.7006646392171], [-73.7351456159073, 40.7006599476808]]]}}, {"type": "Feature", "properties": {"zone_id": "0202J6GHK3Z298OJ9AIPOY", "tract_id": "36081059000", "city": "JAMAICA, NY", "zone_code": "R2A", "zone_category": "Residential", "ev_permitted": false}, "geometry": {"type": "Polygon", "coordinates": [[[-73.7348356610465, 40.7006506629332], [-73.7348158894134, 40.7009247600738], [-73.7349708683921, 40.7009294025806], [-73.7349906384633, 40.700655306114], [-73.7348356610465, 40.7006506629332]]]}}, {"type": "Feature", "properties": {"zone_id": "020630KKLCKXKD761CWDMU", "tract_id": "36081059000", "city": "JAMAICA, NY", "zone_code": "R2A", "zone_category": "Residential", "ev_permitted": false}, "geometry": {"type": "Polygon", "coordinates": [[[-73.7346806836485, 40.7006460202463], [-73.7346609113795, 40.7009201173605], [-73.7348158894134, 40.7009247600738], [-73.7348356610465, 40.7006506629332], [-73.7346806836485, 40.7006460202463]]]}}, {"type": "Feature", "properties": {"zone_id": "0200YAR1R11WK3UV4IL75A", "tract_id": "36081059000", "city": "JAMAICA, NY", "zone_code": "R2A", "zone_category": "Residential", "ev_permitted": false}, "geometry": {"type": "Polygon", "coordinates": [[[-73.7349906384633, 40.700655306114], [-73.7349708683921, 40.7009294025806], [-73.7351258464719, 40.7009340441739], [-73.7351456159073, 40.7006599476808], [-73.7349906384633, 40.700655306114]]]}}, {"type": "Feature", "properties": {"zone_id": "0202HDEKHOB3RE9ZPUMDGH", "tract_id": "36081059000", "city": "JAMAICA, NY", "zone_code": "R2A", "zone_category": "Residential", "ev_permitted": false}, "geometry": {"type": "Polygon", "coordinates": [[[-73.7349012544549, 40.7003787652648], [-73.7348890598618, 40.7005478260871], [-73.7353069706328, 40.7005603446277], [-73.7353131882133, 40.7004230627249], [-73.7349012544549, 40.7003787652648]]]}}, {"type": "Feature", "properties": {"zone_id": "02001L8HQIF5DWSOTM8TY1", "tract_id": "36081059000", "city": "JAMAICA, NY", "zone_code": "R2A", "zone_category": "Residential", "ev_permitted": false}, "geometry": {"type": "Polygon", "coordinates": [[[-73.7348890598618, 40.7005478260871], [-73.7348815427712, 40.7006520376369], [-73.7353022467416, 40.7006646392171], [-73.7353069706328, 40.7005603446277], [-73.7348890598618, 40.7005478260871]]]}}, {"type": "Feature", "properties": {"zone_id": "0202U3NQNTMFQEMM4N7R60", "tract_id": "36081059000", "city": "JAMAICA, NY", "zone_code": "R2A", "zone_category": "Residential", "ev_permitted": false}, "geometry": {"type": "Polygon", "coordinates": [[[-73.7369471143071, 40.7002774701793], [-73.7368948358658, 40.7003810511442], [-73.7372328577836, 40.700483101015], [-73.7372873812505, 40.700380197472], [-73.7369471143071, 40.7002774701793]]]}}, {"type": "Feature", "properties": {"zone_id": "0203RFTAI7D73W69D9OHKU", "tract_id": "36081059000", "city": "JAMAICA, NY", "zone_code": "R2A", "zone_category": "Residential", "ev_permitted": false}, "geometry": {"type": "Polygon", "coordinates": [[[-73.7366634789944, 40.7000738277695], [-73.7366117930267, 40.700176234409], [-73.7369471143071, 40.7002774701793], [-73.7369988007615, 40.7001750633927], [-73.7366634789944, 40.7000738277695]]]}}, {"type": "Feature", "properties": {"zone_id": "0204FICP2H3A4R6Q92UWLG", "tract_id": "36081059000", "city": "JAMAICA, NY", "zone_code": "R2A", "zone_category": "Residential", "ev_permitted": false}, "geometry": {"type": "Polygon", "coordinates": [[[-73.7369988007615, 40.7001750633927], [-73.7369471143071, 40.7002774701793], [-73.7372873812505, 40.700380197472], [-73.7373412869063, 40.7002784610215], [-73.7369988007615, 40.7001750633927]]]}}, {"type": "Feature", "properties": {"zone_id": "02002HO6QE13LEJ64EULR5", "tract_id": "36081059000", "city": "JAMAICA, NY", "zone_code": "R2A", "zone_category": "Residential", "ev_permitted": false}, "geometry": {"type": "Polygon", "coordinates": [[[-73.7365595132234, 40.7002798145182], [-73.7365070880832, 40.7003836844699], [-73.7368424111712, 40.7004849205446], [-73.7368948358658, 40.7003810511442], [-73.7365595132234, 40.7002798145182]]]}}, {"type": "Feature", "properties": {"zone_id": "0205UMH38FNI95KBM3Z2QT", "tract_id": "36081059000", "city": "JAMAICA, NY", "zone_code": "R2A", "zone_category": "Residential", "ev_permitted": false}, "geometry": {"type": "Polygon", "coordinates": [[[-73.7366117930267, 40.700176234409], [-73.7365595132234, 40.7002798145182], [-73.7368948358658, 40.7003810511442], [-73.7369471143071, 40.7002774701793], [-73.7366117930267, 40.700176234409]]]}}, {"type": "Feature", "properties": {"zone_id": "0203XTWN1EKCWU3LYG5AF5", "tract_id": "36081059000", "city": "JAMAICA, NY", "zone_code": "R2A", "zone_category": "Residential", "ev_permitted": false}, "geometry": {"type": "Polygon", "coordinates": [[[-73.7360342085203, 40.7001073529461], [-73.7359807883947, 40.7002093456741], [-73.736318232572, 40.7003086677687], [-73.7363725947309, 40.7002069531907], [-73.7360342085203, 40.7001073529461]]]}}, {"type": "Feature", "properties": {"zone_id": "020272BKE33LX9Z2YN78DT", "tract_id": "36081059000", "city": "JAMAICA, NY", "zone_code": "R2A", "zone_category": "Residential", "ev_permitted": false}, "geometry": {"type": "Polygon", "coordinates": [[[-73.7359807883947, 40.7002093456741], [-73.7359246367641, 40.7003165514927], [-73.7362610918921, 40.7004155826885], [-73.736318232572, 40.7003086677687], [-73.7359807883947, 40.7002093456741]]]}}, {"type": "Feature", "properties": {"zone_id": "0202TWTQKS4MOWKTFW9ZZO", "tract_id": "36081059000", "city": "JAMAICA, NY", "zone_code": "R2A", "zone_category": "Residential", "ev_permitted": false}, "geometry": {"type": "Polygon", "coordinates": [[[-73.7361343706934, 40.6999161180912], [-73.7360876294028, 40.7000053608967], [-73.7364269567238, 40.7001052385857], [-73.7364745229843, 40.7000162385469], [-73.7361343706934, 40.6999161180912]]]}}, {"type": "Feature", "properties": {"zone_id": "0201MCTXXQNJE7ZY28APMT", "tract_id": "36081059000", "city": "JAMAICA, NY", "zone_code": "R2A", "zone_category": "Residential", "ev_permitted": false}, "geometry": {"type": "Polygon", "coordinates": [[[-73.7360876294028, 40.7000053608967], [-73.7360342085203, 40.7001073529461], [-73.7363725947309, 40.7002069531907], [-73.7364269567238, 40.7001052385857], [-73.7360876294028, 40.7000053608967]]]}}, {"type": "Feature", "properties": {"zone_id": "02069W2PX1TV3H40PR8RW1", "tract_id": "36081059000", "city": "JAMAICA, NY", "zone_code": "R2A", "zone_category": "Residential", "ev_permitted": false}, "geometry": {"type": "Polygon", "coordinates": [[[-73.7356415525109, 40.7001094928792], [-73.735585400416, 40.7002166992364], [-73.7359246367641, 40.7003165514927], [-73.7359807883947, 40.7002093456741], [-73.7356415525109, 40.7001094928792]]]}}, {"type": "Feature", "properties": {"zone_id": "0206M3VEXTVPNC6SMJAPP1", "tract_id": "36081059000", "city": "JAMAICA, NY", "zone_code": "R2A", "zone_category": "Residential", "ev_permitted": false}, "geometry": {"type": "Polygon", "coordinates": [[[-73.7355392861467, 40.7003047402986], [-73.7355374162341, 40.7003083097479], [-73.7355309198047, 40.7004308217423], [-73.7358857649656, 40.7004994358332], [-73.7359278386324, 40.7004191083374], [-73.7355392861467, 40.7003047402986]]]}}, {"type": "Feature", "properties": {"zone_id": "020484SKQRTW5KNX4YLN37", "tract_id": "36081059000", "city": "JAMAICA, NY", "zone_code": "R2A", "zone_category": "Residential", "ev_permitted": false}, "geometry": {"type": "Polygon", "coordinates": [[[-73.735585400416, 40.7002166992364], [-73.7355392861467, 40.7003047402986], [-73.7359278386324, 40.7004191083374], [-73.7359739515473, 40.700331066416], [-73.735585400416, 40.7002166992364]]]}}, {"type": "Feature", "properties": {"zone_id": "0203UYJCEDPK80XEUH49J8", "tract_id": "36081059000", "city": "JAMAICA, NY", "zone_code": "R2A", "zone_category": "Residential", "ev_permitted": false}, "geometry": {"type": "Polygon", "coordinates": [[[-73.7357951351456, 40.6998162664457], [-73.7357483925477, 40.6999055091124], [-73.7360876294028, 40.7000053608967], [-73.7361343706934, 40.6999161180912], [-73.7357951351456, 40.6998162664457]]]}}, {"type": "Feature", "properties": {"zone_id": "0202V8XWLR5SRVN7AZ631U", "tract_id": "36081059000", "city": "JAMAICA, NY", "zone_code": "R2A", "zone_category": "Residential", "ev_permitted": false}, "geometry": {"type": "Polygon", "coordinates": [[[-73.7356949721494, 40.7000075010078], [-73.7356415525109, 40.7001094928792], [-73.7359807883947, 40.7002093456741], [-73.7360342085203, 40.7001073529461], [-73.7356949721494, 40.7000075010078]]]}}, {"type": "Feature", "properties": {"zone_id": "02050J2O67B0HB7QNEC3UG", "tract_id": "36081059000", "city": "JAMAICA, NY", "zone_code": "R2A", "zone_category": "Residential", "ev_permitted": false}, "geometry": {"type": "Polygon", "coordinates": [[[-73.7357483925477, 40.6999055091124], [-73.7356949721494, 40.7000075010078], [-73.7360342085203, 40.7001073529461], [-73.7360876294028, 40.7000053608967], [-73.7357483925477, 40.6999055091124]]]}}, {"type": "Feature", "properties": {"zone_id": "0205LV28IQK4J7DCHRL0R0", "tract_id": "36081059000", "city": "JAMAICA, NY", "zone_code": "R2A", "zone_category": "Residential", "ev_permitted": false}, "geometry": {"type": "Polygon", "coordinates": [[[-73.7350388026, 40.700071951343], [-73.7349816797593, 40.7001815772542], [-73.7353194411784, 40.7002850009444], [-73.7353197022498, 40.7002792404078], [-73.7353751775812, 40.7001749500824], [-73.7350388026, 40.700071951343]]]}}, {"type": "Feature", "properties": {"zone_id": "0206ZN332WYK0AH751CHH2", "tract_id": "36081059000", "city": "JAMAICA, NY", "zone_code": "R2A", "zone_category": "Residential", "ev_permitted": false}, "geometry": {"type": "Polygon", "coordinates": [[[-73.7349816797593, 40.7001815772542], [-73.7349446524731, 40.700252638063], [-73.7349761508274, 40.7002622829787], [-73.7349420811068, 40.7003276667522], [-73.7349054541846, 40.7003205332793], [-73.7349012544549, 40.7003787652648], [-73.7353131882133, 40.7004230627249], [-73.7353194411784, 40.7002850009444], [-73.7349816797593, 40.7001815772542]]]}}, {"type": "Feature", "properties": {"zone_id": "0201GMUM5BM46ZI0QNEQ48", "tract_id": "36081059000", "city": "JAMAICA, NY", "zone_code": "R2A", "zone_category": "Residential", "ev_permitted": false}, "geometry": {"type": "Polygon", "coordinates": [[[-73.7346364429753, 40.7000948221847], [-73.7345544497841, 40.7002521765713], [-73.7349420811068, 40.7003276667522], [-73.7349761508274, 40.7002622829787], [-73.7349446524731, 40.700252638063], [-73.7349731614063, 40.7001979275886], [-73.7346364429753, 40.7000948221847]]]}}, {"type": "Feature", "properties": {"zone_id": "0203KIH7RVO1IG2WZ6J0RL", "tract_id": "36081059000", "city": "JAMAICA, NY", "zone_code": "R2A", "zone_category": "Residential", "ev_permitted": false}, "geometry": {"type": "Polygon", "coordinates": [[[-73.7351486983495, 40.6998610454957], [-73.7350937510233, 40.6999664984343], [-73.7354311103988, 40.7000697986129], [-73.7354870430399, 40.6999646471148], [-73.7351486983495, 40.6998610454957]]]}}, {"type": "Feature", "properties": {"zone_id": "0204S2HZST2SB3PTERMI97", "tract_id": "36081059000", "city": "JAMAICA, NY", "zone_code": "R2A", "zone_category": "Residential", "ev_permitted": false}, "geometry": {"type": "Polygon", "coordinates": [[[-73.7350937510233, 40.6999664984343], [-73.7350388026, 40.700071951343], [-73.7353751775812, 40.7001749500824], [-73.7354311103988, 40.7000697986129], [-73.7350937510233, 40.6999664984343]]]}}, {"type": "Feature", "properties": {"zone_id": "0203FYOE9OFPIX7YVO3EWG", "tract_id": "36081059000", "city": "JAMAICA, NY", "zone_code": "R2A", "zone_category": "Residential", "ev_permitted": false}, "geometry": {"type": "Polygon", "coordinates": [[[-73.734694942306, 40.699982557601], [-73.7346364429753, 40.7000948221847], [-73.7349731614063, 40.7001979275886], [-73.7350316584168, 40.7000856621283], [-73.734694942306, 40.699982557601]]]}}, {"type": "Feature", "properties": {"zone_id": "02032C0LT8QRLIEBF1QK2E", "tract_id": "36081059000", "city": "JAMAICA, NY", "zone_code": "R2A", "zone_category": "Residential", "ev_permitted": false}, "geometry": {"type": "Polygon", "coordinates": [[[-73.734753440522, 40.6998702915785], [-73.734694942306, 40.699982557601], [-73.7350316584168, 40.7000856621283], [-73.7350901561535, 40.6999733966388], [-73.734753440522, 40.6998702915785]]]}}, {"type": "Feature", "properties": {"zone_id": "0203QH310R3GY0VVEU0YB3", "tract_id": "36081059000", "city": "JAMAICA, NY", "zone_code": "R2A", "zone_category": "Residential", "ev_permitted": false}, "geometry": {"type": "Polygon", "coordinates": [[[-73.7352051600974, 40.6997526869876], [-73.7351486983495, 40.6998610454957], [-73.7354870430399, 40.6999646471148], [-73.7355445159023, 40.6998565992356], [-73.7352051600974, 40.6997526869876]]]}}, {"type": "Feature", "properties": {"zone_id": "02002FENGCN4NHJCTLBXIN", "tract_id": "36081059000", "city": "JAMAICA, NY", "zone_code": "R2A", "zone_category": "Residential", "ev_permitted": false}, "geometry": {"type": "Polygon", "coordinates": [[[-73.7352601210174, 40.6996472094318], [-73.7352051600974, 40.6997526869876], [-73.7355445159023, 40.6998565992356], [-73.7356004621318, 40.6997514231183], [-73.7352601210174, 40.6996472094318]]]}}, {"type": "Feature", "properties": {"zone_id": "0201E8SGYSHOF836HC49IE", "tract_id": "36081059000", "city": "JAMAICA, NY", "zone_code": "R2A", "zone_category": "Residential", "ev_permitted": false}, "geometry": {"type": "Polygon", "coordinates": [[[-73.7348092079518, 40.6997632653182], [-73.734753440522, 40.6998702915785], [-73.7350901561535, 40.6999733966388], [-73.7351459240494, 40.6998663709216], [-73.7348092079518, 40.6997632653182]]]}}, {"type": "Feature", "properties": {"zone_id": "0206VUFWXVKE9MXMHWDX2U", "tract_id": "36081059000", "city": "JAMAICA, NY", "zone_code": "R2A", "zone_category": "Residential", "ev_permitted": false}, "geometry": {"type": "Polygon", "coordinates": [[[-73.7348702260978, 40.6996461643918], [-73.7348092079518, 40.6997632653182], [-73.7351459240494, 40.6998663709216], [-73.7352069417012, 40.6997492691155], [-73.7348702260978, 40.6996461643918]]]}}, {"type": "Feature", "properties": {"zone_id": "0202CIC6DOK11E5XU0BLXT", "tract_id": "36081059000", "city": "JAMAICA, NY", "zone_code": "R2A", "zone_category": "Residential", "ev_permitted": false}, "geometry": {"type": "Polygon", "coordinates": [[[-73.7349234067705, 40.6995441048645], [-73.7348702260978, 40.6996461643918], [-73.7352069417012, 40.6997492691155], [-73.7352601210174, 40.6996472094318], [-73.7349234067705, 40.6995441048645]]]}}, {"type": "Feature", "properties": {"zone_id": "0201VTLM7VH610T90I5BFK", "tract_id": "36081059000", "city": "JAMAICA, NY", "zone_code": "R2A", "zone_category": "Residential", "ev_permitted": false}, "geometry": {"type": "Polygon", "coordinates": [[[-73.7345962564427, 40.7011351722821], [-73.7345824075069, 40.7014131891302], [-73.7346928718029, 40.7014166894079], [-73.7347067231968, 40.7011386353123], [-73.7345962564427, 40.7011351722821]]]}}, {"type": "Feature", "properties": {"zone_id": "0206W20GEC4KX47Y7AJEU2", "tract_id": "36081059000", "city": "JAMAICA, NY", "zone_code": "R2A", "zone_category": "Residential", "ev_permitted": false}, "geometry": {"type": "Polygon", "coordinates": [[[-73.7344950314184, 40.7011319988821], [-73.7344799239309, 40.7014099418467], [-73.7345824075069, 40.7014131891302], [-73.7345962564427, 40.7011351722821], [-73.7344950314184, 40.7011319988821]]]}}, {"type": "Feature", "properties": {"zone_id": "0203GFGGI77YEA04CDRJJX", "tract_id": "36081059000", "city": "JAMAICA, NY", "zone_code": "R2A", "zone_category": "Residential", "ev_permitted": false}, "geometry": {"type": "Polygon", "coordinates": [[[-73.734518112399, 40.7006411504415], [-73.734498339466, 40.7009152468254], [-73.7346609113795, 40.7009201173605], [-73.7346806836485, 40.7006460202463], [-73.734518112399, 40.7006411504415]]]}}, {"type": "Feature", "properties": {"zone_id": "02023R05Q760KXDX25SD9E", "tract_id": "36081059000", "city": "JAMAICA, NY", "zone_code": "R2A", "zone_category": "Residential", "ev_permitted": false}, "geometry": {"type": "Polygon", "coordinates": [[[-73.7340382669518, 40.7006281353103], [-73.7340251369432, 40.7009024303627], [-73.7341542519489, 40.7009062342425], [-73.7341673805038, 40.7006319391733], [-73.7340382669518, 40.7006281353103]]]}}, {"type": "Feature", "properties": {"zone_id": "02048UPRHEQEFZFZ5C06QA", "tract_id": "36081059000", "city": "JAMAICA, NY", "zone_code": "R2A", "zone_category": "Residential", "ev_permitted": false}, "geometry": {"type": "Polygon", "coordinates": [[[-73.7341673805038, 40.7006319391733], [-73.7341542519489, 40.7009062342425], [-73.734265970936, 40.7009095263285], [-73.7342790981114, 40.7006352305419], [-73.7341673805038, 40.7006319391733]]]}}, {"type": "Feature", "properties": {"zone_id": "0201KO36BBBVMCBX10TICW", "tract_id": "36081059000", "city": "JAMAICA, NY", "zone_code": "R2A", "zone_category": "Residential", "ev_permitted": false}, "geometry": {"type": "Polygon", "coordinates": [[[-73.7345258274692, 40.7005341982809], [-73.734518112399, 40.7006411504415], [-73.7348815427712, 40.7006520376369], [-73.7348892572596, 40.700545085452], [-73.7345258274692, 40.7005341982809]]]}}, {"type": "Feature", "properties": {"zone_id": "0207DJU7DXGCQ3TH951BR5", "tract_id": "36081059000", "city": "JAMAICA, NY", "zone_code": "R2A", "zone_category": "Residential", "ev_permitted": false}, "geometry": {"type": "Polygon", "coordinates": [[[-73.7345335239655, 40.7004274990344], [-73.7345258274692, 40.7005341982809], [-73.7348892572596, 40.700545085452], [-73.7348969531755, 40.7004383861813], [-73.7345335239655, 40.7004274990344]]]}}, {"type": "Feature", "properties": {"zone_id": "0201CSS6GVZMTMOOJTOMAD", "tract_id": "36081059000", "city": "JAMAICA, NY", "zone_code": "R2A", "zone_category": "Residential", "ev_permitted": false}, "geometry": {"type": "Polygon", "coordinates": [[[-73.7339262418829, 40.7004050885398], [-73.7339209900927, 40.7005148071232], [-73.7342843502421, 40.7005255126487], [-73.7342896014324, 40.7004157947516], [-73.7339262418829, 40.7004050885398]]]}}, {"type": "Feature", "properties": {"zone_id": "02040AKBKW21MZ1GIEOCG3", "tract_id": "36081059000", "city": "JAMAICA, NY", "zone_code": "R2A", "zone_category": "Residential", "ev_permitted": false}, "geometry": {"type": "Polygon", "coordinates": [[[-73.7339209900927, 40.7005148071232], [-73.7339157382908, 40.7006245242994], [-73.7342790981114, 40.7006352305419], [-73.7342843502421, 40.7005255126487], [-73.7339209900927, 40.7005148071232]]]}}, {"type": "Feature", "properties": {"zone_id": "0203FSJ4ZDS2CFEFLKIWP3", "tract_id": "36081059000", "city": "JAMAICA, NY", "zone_code": "R2A", "zone_category": "Residential", "ev_permitted": false}, "geometry": {"type": "Polygon", "coordinates": [[[-73.7339157382908, 40.7006245242994], [-73.7339026077759, 40.7008988200407], [-73.7340251369432, 40.7009024303627], [-73.7340382669518, 40.7006281353103], [-73.7339157382908, 40.7006245242994]]]}}, {"type": "Feature", "properties": {"zone_id": "02053W5I58QFNN1M7WMX7H", "tract_id": "36081059000", "city": "JAMAICA, NY", "zone_code": "R2A", "zone_category": "Residential", "ev_permitted": false}, "geometry": {"type": "Polygon", "coordinates": [[[-73.7337965006889, 40.7006210114134], [-73.7337833696869, 40.7008953064385], [-73.7339026077759, 40.7008988200407], [-73.7339157382908, 40.7006245242994], [-73.7337965006889, 40.7006210114134]]]}}, {"type": "Feature", "properties": {"zone_id": "0200IBIVRSWOH96UYGKQBD", "tract_id": "36081059000", "city": "JAMAICA, NY", "zone_code": "R2A", "zone_category": "Residential", "ev_permitted": false}, "geometry": {"type": "Polygon", "coordinates": [[[-73.7335566000854, 40.700544661418], [-73.7335521191772, 40.7006138099853], [-73.7339157382908, 40.7006245242994], [-73.7339190491817, 40.7005553420969], [-73.7335566000854, 40.700544661418]]]}}, {"type": "Feature", "properties": {"zone_id": "0206JZYL2MPIG2LZXKNL4O", "tract_id": "36081059000", "city": "JAMAICA, NY", "zone_code": "R2A", "zone_category": "Residential", "ev_permitted": false}, "geometry": {"type": "Polygon", "coordinates": [[[-73.733560422538, 40.7004857175114], [-73.7335566000854, 40.700544661418], [-73.7339190491817, 40.7005553420969], [-73.7339218724626, 40.7004963684653], [-73.733560422538, 40.7004857175114]]]}}, {"type": "Feature", "properties": {"zone_id": "0206WE5MRGLLWHB6EQBYUL", "tract_id": "36081059000", "city": "JAMAICA, NY", "zone_code": "R2A", "zone_category": "Residential", "ev_permitted": false}, "geometry": {"type": "Polygon", "coordinates": [[[-73.734237821411, 40.699611391904], [-73.7341777453207, 40.6997246637529], [-73.7345153353546, 40.6998275736662], [-73.7345754109612, 40.6997143023453], [-73.734237821411, 40.699611391904]]]}}, {"type": "Feature", "properties": {"zone_id": "0205NTK9T679IUTBC2411A", "tract_id": "36081059000", "city": "JAMAICA, NY", "zone_code": "R2A", "zone_category": "Residential", "ev_permitted": false}, "geometry": {"type": "Polygon", "coordinates": [[[-73.7343593143745, 40.6993823202095], [-73.7342945177392, 40.6995044917019], [-73.7346321077616, 40.6996074012777], [-73.7346969029578, 40.6994852288921], [-73.7343593143745, 40.6993823202095]]]}}, {"type": "Feature", "properties": {"zone_id": "0204F6L8WMHU9HPOCCLIQ6", "tract_id": "36081059000", "city": "JAMAICA, NY", "zone_code": "R2A", "zone_category": "Residential", "ev_permitted": false}, "geometry": {"type": "Polygon", "coordinates": [[[-73.7340199692648, 40.6992788745574], [-73.7339407698148, 40.6994317217729], [-73.7342785073853, 40.6995346777006], [-73.7343593143745, 40.6993823202095], [-73.7340199692648, 40.6992788745574]]]}}, {"type": "Feature", "properties": {"zone_id": "0202ODIJK5DSGR41YXUOGZ", "tract_id": "36081059000", "city": "JAMAICA, NY", "zone_code": "R2A", "zone_category": "Residential", "ev_permitted": false}, "geometry": {"type": "Polygon", "coordinates": [[[-73.7336620790355, 40.7006170501027], [-73.7336489484045, 40.7008913451148], [-73.7337833696869, 40.7008953064385], [-73.7337965006889, 40.7006210114134], [-73.7336620790355, 40.7006170501027]]]}}, {"type": "Feature", "properties": {"zone_id": "0202SW4Y3MTNGQOXPX0ZJ9", "tract_id": "36081059000", "city": "JAMAICA, NY", "zone_code": "R2A", "zone_category": "Residential", "ev_permitted": false}, "geometry": {"type": "Polygon", "coordinates": [[[-73.7335521191772, 40.7006138099853], [-73.7335343473704, 40.7008879684645], [-73.7336489484045, 40.7008913451148], [-73.7336620790355, 40.7006170501027], [-73.7335521191772, 40.7006138099853]]]}}, {"type": "Feature", "properties": {"zone_id": "0201DCPL6XJ6I9MXDXOBCQ", "tract_id": "36081059000", "city": "JAMAICA, NY", "zone_code": "R2A", "zone_category": "Residential", "ev_permitted": false}, "geometry": {"type": "Polygon", "coordinates": [[[-73.7335644940653, 40.7004228961815], [-73.733560422538, 40.7004857175114], [-73.7339218724626, 40.7004963684653], [-73.7339248811001, 40.7004335158572], [-73.7335644940653, 40.7004228961815]]]}}, {"type": "Feature", "properties": {"zone_id": "0200GH9FASY4AND24ZVZO8", "tract_id": "36081059000", "city": "JAMAICA, NY", "zone_code": "R2A", "zone_category": "Residential", "ev_permitted": false}, "geometry": {"type": "Polygon", "coordinates": [[[-73.7345544497841, 40.7002521765713], [-73.7345448409378, 40.7002706161881], [-73.7345335239655, 40.7004274990344], [-73.7348969531755, 40.7004383861813], [-73.7349054541846, 40.7003205332793], [-73.7345544497841, 40.7002521765713]]]}}, {"type": "Feature", "properties": {"zone_id": "0202DGV7R307FS059GS2NK", "tract_id": "36081059000", "city": "JAMAICA, NY", "zone_code": "R2A", "zone_category": "Residential", "ev_permitted": false}, "geometry": {"type": "Polygon", "coordinates": [[[-73.7339314936558, 40.7002953699547], [-73.7339262418829, 40.7004050885398], [-73.7342896014324, 40.7004157947516], [-73.7342948526082, 40.70030607615], [-73.7339314936558, 40.7002953699547]]]}}, {"type": "Feature", "properties": {"zone_id": "0207JTXN3853PD33KBYCEX", "tract_id": "36081059000", "city": "JAMAICA, NY", "zone_code": "R2A", "zone_category": "Residential", "ev_permitted": false}, "geometry": {"type": "Polygon", "coordinates": [[[-73.7337819995096, 40.6997381325944], [-73.7335841291293, 40.700119996737], [-73.7335768904492, 40.7002316683311], [-73.7339340398855, 40.7002421926535], [-73.7339314936558, 40.7002953699547], [-73.7342948526082, 40.70030607615], [-73.7342981559718, 40.7002370583406], [-73.734454107905, 40.6999430163378], [-73.7337819995096, 40.6997381325944]]]}}, {"type": "Feature", "properties": {"zone_id": "0207H0RSYZL0ITNOKGRW67", "tract_id": "36081059000", "city": "JAMAICA, NY", "zone_code": "R2A", "zone_category": "Residential", "ev_permitted": false}, "geometry": {"type": "Polygon", "coordinates": [[[-73.7335683972597, 40.7003626890719], [-73.7335644940653, 40.7004228961815], [-73.7339248811001, 40.7004335158572], [-73.7339277648082, 40.7003732789756], [-73.7335683972597, 40.7003626890719]]]}}, {"type": "Feature", "properties": {"zone_id": "0205JNGK7STY40W45N6S4M", "tract_id": "36081059000", "city": "JAMAICA, NY", "zone_code": "R2A", "zone_category": "Residential", "ev_permitted": false}, "geometry": {"type": "Polygon", "coordinates": [[[-73.7335720043518, 40.700307034535], [-73.7335683972597, 40.7003626890719], [-73.7339277648082, 40.7003732789756], [-73.733930429985, 40.700317596955], [-73.7335720043518, 40.700307034535]]]}}, {"type": "Feature", "properties": {"zone_id": "02029SI4ZDH4W2N33ZW9RV", "tract_id": "36081059000", "city": "JAMAICA, NY", "zone_code": "R2A", "zone_category": "Residential", "ev_permitted": false}, "geometry": {"type": "Polygon", "coordinates": [[[-73.7335768904492, 40.7002316683311], [-73.7335720043518, 40.700307034535], [-73.733930429985, 40.700317596955], [-73.7339340398855, 40.7002421926535], [-73.7335768904492, 40.7002316683311]]]}}, {"type": "Feature", "properties": {"zone_id": "020572FHXTRUE83K9B5UZ2", "tract_id": "36081059000", "city": "JAMAICA, NY", "zone_code": "R2A", "zone_category": "Residential", "ev_permitted": false}, "geometry": {"type": "Polygon", "coordinates": [[[-73.7341777453207, 40.6997246637529], [-73.7341165173783, 40.699840106949], [-73.734454107905, 40.6999430163378], [-73.7345153353546, 40.6998275736662], [-73.7341777453207, 40.6997246637529]]]}}, {"type": "Feature", "properties": {"zone_id": "0207HX9OHM0PIXP3BM0EYF", "tract_id": "36081059000", "city": "JAMAICA, NY", "zone_code": "R2A", "zone_category": "Residential", "ev_permitted": false}, "geometry": {"type": "Polygon", "coordinates": [[[-73.7342945177392, 40.6995044917019], [-73.734237821411, 40.699611391904], [-73.7345754109612, 40.6997143023453], [-73.7346321077616, 40.6996074012777], [-73.7342945177392, 40.6995044917019]]]}}, {"type": "Feature", "properties": {"zone_id": "020096V7EWC6A7PJGPN5V8", "tract_id": "36081059000", "city": "JAMAICA, NY", "zone_code": "R2A", "zone_category": "Residential", "ev_permitted": false}, "geometry": {"type": "Polygon", "coordinates": [[[-73.7339407698148, 40.6994317217729], [-73.7338878468497, 40.6995338587398], [-73.7342245114957, 40.6996364877123], [-73.7342785073853, 40.6995346777006], [-73.7339407698148, 40.6994317217729]]]}}, {"type": "Feature", "properties": {"zone_id": "0200JU57J6L096M3GBBKR9", "tract_id": "36081059000", "city": "JAMAICA, NY", "zone_code": "R2A", "zone_category": "Residential", "ev_permitted": false}, "geometry": {"type": "Polygon", "coordinates": [[[-73.7338349227991, 40.6996359956789], [-73.7337819995096, 40.6997381325944], [-73.7341165173783, 40.699840106949], [-73.7341705145209, 40.6997382969927], [-73.7338349227991, 40.6996359956789]]]}}, {"type": "Feature", "properties": {"zone_id": "02075ZODGC5ZGAD5SNZ8SS", "tract_id": "36081059000", "city": "JAMAICA, NY", "zone_code": "R2A", "zone_category": "Residential", "ev_permitted": false}, "geometry": {"type": "Polygon", "coordinates": [[[-73.7338878468497, 40.6995338587398], [-73.7338349227991, 40.6996359956789], [-73.7341705145209, 40.6997382969927], [-73.7342245114957, 40.6996364877123], [-73.7338878468497, 40.6995338587398]]]}}]}