{"type": "FeatureCollection", "features": [{"type": "Feature", "properties": {"zone_id": "0205AKV7OB0VIGFFKKBR3V", "tract_id": "36081115100", "city": "FLUSHING, NY", "zone_code": "R2A", "zone_category": "Residential", "ev_permitted": false}, "geometry": {"type": "Polygon", "coordinates": [[[-73.8097827109553, 40.7712310319977], [-73.8097470415211, 40.7714870008632], [-73.8099365154951, 40.7714850362603], [-73.8099698687239, 40.7712456742784], [-73.8097827109553, 40.7712310319977]]]}}, {"type": "Feature", "properties": {"zone_id": "0206U3MW4PCTZ4986CI1Q3", "tract_id": "36081115100", "city": "FLUSHING, NY", "zone_code": "R2A", "zone_category": "Residential", "ev_permitted": false}, "geometry": {"type": "Polygon", "coordinates": [[[-73.8096677674937, 40.7712220400242], [-73.8096306774798, 40.7714882076512], [-73.8097470415211, 40.7714870008632], [-73.8097827109553, 40.7712310319977], [-73.8096677674937, 40.7712220400242]]]}}, {"type": "Feature", "properties": {"zone_id": "0206RIM3L35JBKOQH7BJEU", "tract_id": "36081115100", "city": "FLUSHING, NY", "zone_code": "R2A", "zone_category": "Residential", "ev_permitted": false}, "geometry": {"type": "Polygon", "coordinates": [[[-73.809560228353, 40.7712136265141], [-73.8095218083588, 40.7714893367724], [-73.8096306774798, 40.7714882076512], [-73.8096677674937, 40.7712220400242], [-73.809560228353, 40.7712136265141]]]}}, {"type": "Feature", "properties": {"zone_id": "0203BQDH64USEB6VAW06RU", "tract_id": "36081115100", "city": "FLUSHING, NY", "zone_code": "R2A", "zone_category": "Residential", "ev_permitted": false}, "geometry": {"type": "Polygon", "coordinates": [[[-73.8092295766172, 40.7711877579587], [-73.80918996128, 40.7714927752701], [-73.8092825040621, 40.7714918161833], [-73.8093238474749, 40.7711951323769], [-73.8092295766172, 40.7711877579587]]]}}, {"type": "Feature", "properties": {"zone_id": "020714BSS3G9B8T4L7DN70", "tract_id": "36081115100", "city": "FLUSHING, NY", "zone_code": "R2A", "zone_category": "Residential", "ev_permitted": false}, "geometry": {"type": "Polygon", "coordinates": [[[-73.8093238474749, 40.7711951323769], [-73.8092825040621, 40.7714918161833], [-73.8093781255936, 40.7714908248749], [-73.8094183013081, 40.7712025224789], [-73.8093238474749, 40.7711951323769]]]}}, {"type": "Feature", "properties": {"zone_id": "02061VUV3IE9U0F07PXMHK", "tract_id": "36081115100", "city": "FLUSHING, NY", "zone_code": "R2A", "zone_category": "Residential", "ev_permitted": false}, "geometry": {"type": "Polygon", "coordinates": [[[-73.8094183013081, 40.7712025224789], [-73.8093781255936, 40.7714908248749], [-73.8095218083588, 40.7714893367724], [-73.809560228353, 40.7712136265141], [-73.8094183013081, 40.7712025224789]]]}}, {"type": "Feature", "properties": {"zone_id": "0200NUNEYLZ53SZN57NP93", "tract_id": "36081115100", "city": "FLUSHING, NY", "zone_code": "R2A", "zone_category": "Residential", "ev_permitted": false}, "geometry": {"type": "Polygon", "coordinates": [[[-73.8096168381558, 40.7710800933755], [-73.809597820848, 40.7712165674185], [-73.8099698687239, 40.7712456742784], [-73.8099888852775, 40.7711092001746], [-73.8096168381558, 40.7710800933755]]]}}, {"type": "Feature", "properties": {"zone_id": "0204R4IGDNNXTKLG18JQWA", "tract_id": "36081115100", "city": "FLUSHING, NY", "zone_code": "R2A", "zone_category": "Residential", "ev_permitted": false}, "geometry": {"type": "Polygon", "coordinates": [[[-73.8096358563078, 40.7709436200308], [-73.8096168381558, 40.7710800933755], [-73.8099888852775, 40.7711092001746], [-73.8100079017512, 40.7709727267675], [-73.8096358563078, 40.7709436200308]]]}}, {"type": "Feature", "properties": {"zone_id": "0203VGREON3EI3CRIW31X5", "tract_id": "36081115100", "city": "FLUSHING, NY", "zone_code": "R2A", "zone_category": "Residential", "ev_permitted": false}, "geometry": {"type": "Polygon", "coordinates": [[[-73.8096548734597, 40.7708071459759], [-73.8096358563078, 40.7709436200308], [-73.8100079017512, 40.7709727267675], [-73.8100269190732, 40.7708362526534], [-73.8096548734597, 40.7708071459759]]]}}, {"type": "Feature", "properties": {"zone_id": "0206ANLIITGP7RODGXTHOQ", "tract_id": "36081115100", "city": "FLUSHING, NY", "zone_code": "R2A", "zone_category": "Residential", "ev_permitted": false}, "geometry": {"type": "Polygon", "coordinates": [[[-73.8096643820074, 40.770738908595], [-73.8096548734597, 40.7708071459759], [-73.8100269190732, 40.7708362526534], [-73.8100364272439, 40.770768015242], [-73.8096643820074, 40.770738908595]]]}}, {"type": "Feature", "properties": {"zone_id": "0206T9A974NS9T8R505647", "tract_id": "36081115100", "city": "FLUSHING, NY", "zone_code": "R2A", "zone_category": "Residential", "ev_permitted": false}, "geometry": {"type": "Polygon", "coordinates": [[[-73.8096738914578, 40.7706706719167], [-73.8096643820074, 40.770738908595], [-73.8100364272439, 40.770768015242], [-73.810045935393, 40.7706997785318], [-73.8096738914578, 40.7706706719167]]]}}, {"type": "Feature", "properties": {"zone_id": "020203CA2GACL7IX35VOK5", "tract_id": "36081115100", "city": "FLUSHING, NY", "zone_code": "R2A", "zone_category": "Residential", "ev_permitted": false}, "geometry": {"type": "Polygon", "coordinates": [[[-73.8092527132279, 40.7710096064947], [-73.8092295766172, 40.7711877579587], [-73.809597820848, 40.7712165674185], [-73.809622628054, 40.7710385479317], [-73.8092527132279, 40.7710096064947]]]}}, {"type": "Feature", "properties": {"zone_id": "0205Q1S6DK2FN1LKKSEUWX", "tract_id": "36081115100", "city": "FLUSHING, NY", "zone_code": "R2A", "zone_category": "Residential", "ev_permitted": false}, "geometry": {"type": "Polygon", "coordinates": [[[-73.8097119244456, 40.7703977244785], [-73.8096929075296, 40.7705341978484], [-73.8100649516349, 40.7705633044043], [-73.8100839677968, 40.7704268309736], [-73.8097119244456, 40.7703977244785]]]}}, {"type": "Feature", "properties": {"zone_id": "0204A89WNF1Q78WD8T0WTL", "tract_id": "36081115100", "city": "FLUSHING, NY", "zone_code": "R2A", "zone_category": "Residential", "ev_permitted": false}, "geometry": {"type": "Polygon", "coordinates": [[[-73.8096929075296, 40.7705341978484], [-73.8096738914578, 40.7706706719167], [-73.810045935393, 40.7706997785318], [-73.8100649516349, 40.7705633044043], [-73.8096929075296, 40.7705341978484]]]}}, {"type": "Feature", "properties": {"zone_id": "0205YFWT80U6YD92G284VK", "tract_id": "36081115100", "city": "FLUSHING, NY", "zone_code": "R2A", "zone_category": "Residential", "ev_permitted": false}, "geometry": {"type": "Polygon", "coordinates": [[[-73.8099538605403, 40.7700027672334], [-73.8099158278454, 40.7702757147661], [-73.8101029838828, 40.7702903568342], [-73.810141015821, 40.7700174085377], [-73.8099538605403, 40.7700027672334]]]}}, {"type": "Feature", "properties": {"zone_id": "0200VLFABA0YG8C8AB5ZMA", "tract_id": "36081115100", "city": "FLUSHING, NY", "zone_code": "R2A", "zone_category": "Residential", "ev_permitted": false}, "geometry": {"type": "Polygon", "coordinates": [[[-73.8097309412857, 40.7702612503999], [-73.8097119244456, 40.7703977244785], [-73.8100839677968, 40.7704268309736], [-73.8101029838828, 40.7702903568342], [-73.8097309412857, 40.7702612503999]]]}}, {"type": "Feature", "properties": {"zone_id": "0200X3FIP3I0PBUDYRISJ5", "tract_id": "36081115100", "city": "FLUSHING, NY", "zone_code": "R2A", "zone_category": "Residential", "ev_permitted": false}, "geometry": {"type": "Polygon", "coordinates": [[[-73.809983959758, 40.7695395564185], [-73.8099451717635, 40.7698133613779], [-73.8101555362421, 40.7698297125577], [-73.8101941649452, 40.7695570188674], [-73.809983959758, 40.7695395564185]]]}}, {"type": "Feature", "properties": {"zone_id": "020671BF4PB0JAE1OHKMEF", "tract_id": "36081115100", "city": "FLUSHING, NY", "zone_code": "R2A", "zone_category": "Residential", "ev_permitted": false}, "geometry": {"type": "Polygon", "coordinates": [[[-73.8098761010221, 40.7693134924532], [-73.809860637792, 40.7694226511017], [-73.8102090985198, 40.7694515988348], [-73.8102245611856, 40.7693424401399], [-73.8098761010221, 40.7693134924532]]]}}, {"type": "Feature", "properties": {"zone_id": "0201ALO9YKD7RU27BT02N2", "tract_id": "36081115100", "city": "FLUSHING, NY", "zone_code": "R2A", "zone_category": "Residential", "ev_permitted": false}, "geometry": {"type": "Polygon", "coordinates": [[[-73.8051214633233, 40.7708379346428], [-73.8051027577951, 40.7709714931759], [-73.8051776494165, 40.7709791782911], [-73.8051965785113, 40.7708440229894], [-73.8051214633233, 40.7708379346428]]]}}, {"type": "Feature", "properties": {"zone_id": "0203THGGO965GGJQTWZ36K", "tract_id": "36081115100", "city": "FLUSHING, NY", "zone_code": "R2A", "zone_category": "Residential", "ev_permitted": false}, "geometry": {"type": "Polygon", "coordinates": [[[-73.8051965785113, 40.7708440229894], [-73.8051776494165, 40.7709791782911], [-73.8052607014509, 40.7709877097962], [-73.8052798786545, 40.7708507757782], [-73.8051965785113, 40.7708440229894]]]}}, {"type": "Feature", "properties": {"zone_id": "0204K7CP2PQJZMWFX74NDW", "tract_id": "36081115100", "city": "FLUSHING, NY", "zone_code": "R2A", "zone_category": "Residential", "ev_permitted": false}, "geometry": {"type": "Polygon", "coordinates": [[[-73.8051409673833, 40.7706986669773], [-73.8051214633233, 40.7708379346428], [-73.8051965785113, 40.7708440229894], [-73.805216082414, 40.770704756014], [-73.8051409673833, 40.7706986669773]]]}}, {"type": "Feature", "properties": {"zone_id": "0202B4UHAQVHCTWBC0IRVC", "tract_id": "36081115100", "city": "FLUSHING, NY", "zone_code": "R2A", "zone_category": "Residential", "ev_permitted": false}, "geometry": {"type": "Polygon", "coordinates": [[[-73.805216082414, 40.770704756014], [-73.8051965785113, 40.7708440229894], [-73.8052798786545, 40.7708507757782], [-73.805299382385, 40.7707115087888], [-73.805216082414, 40.770704756014]]]}}, {"type": "Feature", "properties": {"zone_id": "0202DDG0L8L84KDF0INX5P", "tract_id": "36081115100", "city": "FLUSHING, NY", "zone_code": "R2A", "zone_category": "Residential", "ev_permitted": false}, "geometry": {"type": "Polygon", "coordinates": [[[-73.8047697772944, 40.7706961801059], [-73.8047317530976, 40.7709676721564], [-73.8048584786766, 40.7709586518578], [-73.8049039277657, 40.7709571773605], [-73.804938565211, 40.7707098627981], [-73.8047697772944, 40.7706961801059]]]}}, {"type": "Feature", "properties": {"zone_id": "0203MQU34U9Y8XV1AIN5OW", "tract_id": "36081115100", "city": "FLUSHING, NY", "zone_code": "R2A", "zone_category": "Residential", "ev_permitted": false}, "geometry": {"type": "Polygon", "coordinates": [[[-73.8050097462624, 40.7708613028475], [-73.8050078715415, 40.7708746866578], [-73.8049165195328, 40.7708672735972], [-73.8049039277657, 40.7709571773605], [-73.8049464413311, 40.7709576449329], [-73.8050170114956, 40.7709623822257], [-73.8050309265832, 40.7708630194401], [-73.8050097462624, 40.7708613028475]]]}}, {"type": "Feature", "properties": {"zone_id": "020439OKZUEKH20P1K5XUT", "tract_id": "36081115100", "city": "FLUSHING, NY", "zone_code": "R2A", "zone_category": "Residential", "ev_permitted": false}, "geometry": {"type": "Polygon", "coordinates": [[[-73.8049295266232, 40.7707744018171], [-73.8049165195328, 40.7708672735972], [-73.8050078715415, 40.7708746866578], [-73.8050097462624, 40.7708613028475], [-73.8050503032221, 40.7708645903381], [-73.8050592388063, 40.7708007882215], [-73.8050186809609, 40.7707975007323], [-73.8050208794528, 40.7707818071399], [-73.8049295266232, 40.7707744018171]]]}}, {"type": "Feature", "properties": {"zone_id": "0204HY2UG4HFL611GZ0XF9", "tract_id": "36081115100", "city": "FLUSHING, NY", "zone_code": "R2A", "zone_category": "Residential", "ev_permitted": false}, "geometry": {"type": "Polygon", "coordinates": [[[-73.805054794588, 40.7708325301685], [-73.8050503032221, 40.7708645903381], [-73.8050309265832, 40.7708630194401], [-73.8050170114956, 40.7709623822257], [-73.8051027577951, 40.7709714931759], [-73.8051214633233, 40.7708379346428], [-73.805054794588, 40.7708325301685]]]}}, {"type": "Feature", "properties": {"zone_id": "020448WSWOM30MWZXRMY7Q", "tract_id": "36081115100", "city": "FLUSHING, NY", "zone_code": "R2A", "zone_category": "Residential", "ev_permitted": false}, "geometry": {"type": "Polygon", "coordinates": [[[-73.8050541949943, 40.7706916334747], [-73.805039135909, 40.7707991584783], [-73.8050592388063, 40.7708007882215], [-73.805054794588, 40.7708325301685], [-73.8051214633233, 40.7708379346428], [-73.8051409673833, 40.7706986669773], [-73.8050541949943, 40.7706916334747]]]}}, {"type": "Feature", "properties": {"zone_id": "0205UOUSPEM13K37RKVF7C", "tract_id": "36081115100", "city": "FLUSHING, NY", "zone_code": "R2A", "zone_category": "Residential", "ev_permitted": false}, "geometry": {"type": "Polygon", "coordinates": [[[-73.8049423873759, 40.770682569716], [-73.8049295266232, 40.7707744018171], [-73.8050208794528, 40.7707818071399], [-73.8050186809609, 40.7707975007323], [-73.805039135909, 40.7707991584783], [-73.8050541949943, 40.7706916334747], [-73.8049423873759, 40.770682569716]]]}}, {"type": "Feature", "properties": {"zone_id": "0207901I3VXW2ZMD75XGA0", "tract_id": "36081115100", "city": "FLUSHING, NY", "zone_code": "R2A", "zone_category": "Residential", "ev_permitted": false}, "geometry": {"type": "Polygon", "coordinates": [[[-73.8049775541048, 40.7704314729334], [-73.8049599698483, 40.770557021677], [-73.8053169651203, 40.7705859592921], [-73.8053345477832, 40.7704604118983], [-73.8049775541048, 40.7704314729334]]]}}, {"type": "Feature", "properties": {"zone_id": "0206QISO8CH3RLLMTT66L2", "tract_id": "36081115100", "city": "FLUSHING, NY", "zone_code": "R2A", "zone_category": "Residential", "ev_permitted": false}, "geometry": {"type": "Polygon", "coordinates": [[[-73.8049599698483, 40.770557021677], [-73.8049423873759, 40.770682569716], [-73.805299382385, 40.7707115087888], [-73.8053169651203, 40.7705859592921], [-73.8049599698483, 40.770557021677]]]}}, {"type": "Feature", "properties": {"zone_id": "0202QIX5PVLYZCEP9XBTKG", "tract_id": "36081115100", "city": "FLUSHING, NY", "zone_code": "R2A", "zone_category": "Residential", "ev_permitted": false}, "geometry": {"type": "Polygon", "coordinates": [[[-73.8046150503755, 40.7704076079302], [-73.8045970274161, 40.7705441608592], [-73.8049576769285, 40.770573397387], [-73.8049767894917, 40.7704369319716], [-73.8046150503755, 40.7704076079302]]]}}, {"type": "Feature", "properties": {"zone_id": "02019QZKN9KH2UZLI54CHH", "tract_id": "36081115100", "city": "FLUSHING, NY", "zone_code": "R2A", "zone_category": "Residential", "ev_permitted": false}, "geometry": {"type": "Polygon", "coordinates": [[[-73.8050131028711, 40.7701776469627], [-73.8049959019788, 40.7703004658476], [-73.8053528940386, 40.7703294047546], [-73.80537009428, 40.770206585817], [-73.8050131028711, 40.7701776469627]]]}}, {"type": "Feature", "properties": {"zone_id": "0207OHW4YPBXR5UGT0WKYN", "tract_id": "36081115100", "city": "FLUSHING, NY", "zone_code": "R2A", "zone_category": "Residential", "ev_permitted": false}, "geometry": {"type": "Polygon", "coordinates": [[[-73.8049959019788, 40.7703004658476], [-73.8049775541048, 40.7704314729334], [-73.8053345477832, 40.7704604118983], [-73.8053528940386, 40.7703294047546], [-73.8049959019788, 40.7703004658476]]]}}, {"type": "Feature", "properties": {"zone_id": "0202SCLC9XT2WDCUVZGRW3", "tract_id": "36081115100", "city": "FLUSHING, NY", "zone_code": "R2A", "zone_category": "Residential", "ev_permitted": false}, "geometry": {"type": "Polygon", "coordinates": [[[-73.8046510393454, 40.7701349361999], [-73.8046345156851, 40.770260129047], [-73.8049974302722, 40.7702895484718], [-73.8050149521072, 40.7701644373663], [-73.8046510393454, 40.7701349361999]]]}}, {"type": "Feature", "properties": {"zone_id": "0202VB0NS0XAG079Q459ZF", "tract_id": "36081115100", "city": "FLUSHING, NY", "zone_code": "R2A", "zone_category": "Residential", "ev_permitted": false}, "geometry": {"type": "Polygon", "coordinates": [[[-73.8046345156851, 40.770260129047], [-73.8046150503755, 40.7704076079302], [-73.8049767894917, 40.7704369319716], [-73.8049974302722, 40.7702895484718], [-73.8046345156851, 40.770260129047]]]}}, {"type": "Feature", "properties": {"zone_id": "0201N5GVJIBI0762H407H5", "tract_id": "36081115100", "city": "FLUSHING, NY", "zone_code": "R2A", "zone_category": "Residential", "ev_permitted": false}, "geometry": {"type": "Polygon", "coordinates": [[[-73.8045790034545, 40.7706807151864], [-73.8045394861927, 40.7709801148022], [-73.8047317530976, 40.7709676721564], [-73.8047697772944, 40.7706961801059], [-73.8045790034545, 40.7706807151864]]]}}, {"type": "Feature", "properties": {"zone_id": "0204EARM7WSEC6UVLCC3SV", "tract_id": "36081115100", "city": "FLUSHING, NY", "zone_code": "R2A", "zone_category": "Residential", "ev_permitted": false}, "geometry": {"type": "Polygon", "coordinates": [[[-73.8045970274161, 40.7705441608592], [-73.8045790034545, 40.7706807151864], [-73.804938565211, 40.7707098627981], [-73.8049576769285, 40.770573397387], [-73.8045970274161, 40.7705441608592]]]}}, {"type": "Feature", "properties": {"zone_id": "0203LZ9EUPLNCU1H7IFGO6", "tract_id": "36081115100", "city": "FLUSHING, NY", "zone_code": "R2A", "zone_category": "Residential", "ev_permitted": false}, "geometry": {"type": "Polygon", "coordinates": [[[-73.8050532371195, 40.7698910681392], [-73.8050303027756, 40.7700548280715], [-73.80538729446, 40.770083766172], [-73.8054102279318, 40.7699200075746], [-73.8050532371195, 40.7698910681392]]]}}, {"type": "Feature", "properties": {"zone_id": "0206PQIYX94RFOTID8M85N", "tract_id": "36081115100", "city": "FLUSHING, NY", "zone_code": "R2A", "zone_category": "Residential", "ev_permitted": false}, "geometry": {"type": "Polygon", "coordinates": [[[-73.8050303027756, 40.7700548280715], [-73.8050131028711, 40.7701776469627], [-73.80537009428, 40.770206585817], [-73.80538729446, 40.770083766172], [-73.8050303027756, 40.7700548280715]]]}}, {"type": "Feature", "properties": {"zone_id": "0205J4CBWW1PKBVVR9J748", "tract_id": "36081115100", "city": "FLUSHING, NY", "zone_code": "R2A", "zone_category": "Residential", "ev_permitted": false}, "geometry": {"type": "Polygon", "coordinates": [[[-73.8046871433367, 40.7698613912424], [-73.8046676206009, 40.770009307097], [-73.8050325352322, 40.7700388886054], [-73.8050532371195, 40.7698910681392], [-73.8046871433367, 40.7698613912424]]]}}, {"type": "Feature", "properties": {"zone_id": "0206XOHBCQMJJ3BEFLWWNG", "tract_id": "36081115100", "city": "FLUSHING, NY", "zone_code": "R2A", "zone_category": "Residential", "ev_permitted": false}, "geometry": {"type": "Polygon", "coordinates": [[[-73.8046676206009, 40.770009307097], [-73.8046510393454, 40.7701349361999], [-73.8050149521072, 40.7701644373663], [-73.8050325352322, 40.7700388886054], [-73.8046676206009, 40.770009307097]]]}}, {"type": "Feature", "properties": {"zone_id": "02019YQBI9IHZH42APWA0P", "tract_id": "36081115100", "city": "FLUSHING, NY", "zone_code": "R2A", "zone_category": "Residential", "ev_permitted": false}, "geometry": {"type": "Polygon", "coordinates": [[[-73.8052330579227, 40.7696296170605], [-73.8051948351577, 40.7699025473023], [-73.8054102279318, 40.7699200075746], [-73.8054484498262, 40.7696470765594], [-73.8052330579227, 40.7696296170605]]]}}, {"type": "Feature", "properties": {"zone_id": "02074JG4ZZNS3PKL7K8U6Y", "tract_id": "36081115100", "city": "FLUSHING, NY", "zone_code": "R2A", "zone_category": "Residential", "ev_permitted": false}, "geometry": {"type": "Polygon", "coordinates": [[[-73.8050283993184, 40.7696130255346], [-73.8049901747957, 40.7698859571129], [-73.8051948351577, 40.7699025473023], [-73.8052330579227, 40.7696296170605], [-73.8050283993184, 40.7696130255346]]]}}, {"type": "Feature", "properties": {"zone_id": "0200FBN3OLDDSZ6L8MH7DO", "tract_id": "36081115100", "city": "FLUSHING, NY", "zone_code": "R2A", "zone_category": "Residential", "ev_permitted": false}, "geometry": {"type": "Polygon", "coordinates": [[[-73.8047231893707, 40.7695882839189], [-73.8047042651183, 40.7697316672689], [-73.8050083318056, 40.7697563149505], [-73.8050283993184, 40.7696130255346], [-73.8047231893707, 40.7695882839189]]]}}, {"type": "Feature", "properties": {"zone_id": "0201SNUXM9F0QG5P0OK5MI", "tract_id": "36081115100", "city": "FLUSHING, NY", "zone_code": "R2A", "zone_category": "Residential", "ev_permitted": false}, "geometry": {"type": "Polygon", "coordinates": [[[-73.8047042651183, 40.7697316672689], [-73.8046871433367, 40.7698613912424], [-73.8049901747957, 40.7698859571129], [-73.8050083318056, 40.7697563149505], [-73.8047042651183, 40.7697316672689]]]}}, {"type": "Feature", "properties": {"zone_id": "0202FA1BHWW1R58GLFL7UJ", "tract_id": "36081115100", "city": "FLUSHING, NY", "zone_code": "R1-2A", "zone_category": "Residential", "ev_permitted": false}, "geometry": {"type": "Polygon", "coordinates": [[[-73.8059490330214, 40.7692305997933], [-73.8059121546828, 40.7695009165633], [-73.8061424490617, 40.769519746858], [-73.8061795040166, 40.7692481282937], [-73.8059490330214, 40.7692305997933]]]}}, {"type": "Feature", "properties": {"zone_id": "02079S7ETHVTUQVCZAI82D", "tract_id": "36081115100", "city": "FLUSHING, NY", "zone_code": "R1-2A", "zone_category": "Residential", "ev_permitted": false}, "geometry": {"type": "Polygon", "coordinates": [[[-73.8057306319411, 40.7691064478039], [-73.8057162761485, 40.7692128976372], [-73.8060783407011, 40.7692404347429], [-73.8060928613192, 40.7691339970884], [-73.8057306319411, 40.7691064478039]]]}}, {"type": "Feature", "properties": {"zone_id": "02039MX0BLM9V3IAY1KJ8Y", "tract_id": "36081115100", "city": "FLUSHING, NY", "zone_code": "R1-2A", "zone_category": "Residential", "ev_permitted": false}, "geometry": {"type": "Polygon", "coordinates": [[[-73.8057162761485, 40.7692128976372], [-73.8056799939632, 40.7694819322921], [-73.8059121546828, 40.7695009165633], [-73.8059490330214, 40.7692305997933], [-73.8057162761485, 40.7692128976372]]]}}, {"type": "Feature", "properties": {"zone_id": "02027SO3JBCNOCICQLPGGK", "tract_id": "36081115100", "city": "FLUSHING, NY", "zone_code": "R1-2A", "zone_category": "Residential", "ev_permitted": false}, "geometry": {"type": "Polygon", "coordinates": [[[-73.8053060473407, 40.7691835010007], [-73.8052705319656, 40.7694527054636], [-73.8054747311468, 40.7694691784414], [-73.8055104514069, 40.7691997936811], [-73.8053060473407, 40.7691835010007]]]}}, {"type": "Feature", "properties": {"zone_id": "0204HUZ7VAT61OAQ3K1RMB", "tract_id": "36081115100", "city": "FLUSHING, NY", "zone_code": "R1-2A", "zone_category": "Residential", "ev_permitted": false}, "geometry": {"type": "Polygon", "coordinates": [[[-73.8051615604899, 40.7690577695694], [-73.805146574607, 40.7691707852837], [-73.8055104514069, 40.7691997936811], [-73.8055254376031, 40.7690867779215], [-73.8051615604899, 40.7690577695694]]]}}, {"type": "Feature", "properties": {"zone_id": "0201B7JXRO6P1GLDS54XQ2", "tract_id": "36081115100", "city": "FLUSHING, NY", "zone_code": "R1-2A", "zone_category": "Residential", "ev_permitted": false}, "geometry": {"type": "Polygon", "coordinates": [[[-73.805146574607, 40.7691707852837], [-73.8051108982542, 40.7694398278161], [-73.8052705319656, 40.7694527054636], [-73.8053060473407, 40.7691835010007], [-73.805146574607, 40.7691707852837]]]}}, {"type": "Feature", "properties": {"zone_id": "02037YOETQAMS3KOD5AFHY", "tract_id": "36081115100", "city": "FLUSHING, NY", "zone_code": "R1-2A", "zone_category": "Residential", "ev_permitted": false}, "geometry": {"type": "Polygon", "coordinates": [[[-73.8047824985199, 40.769141766967], [-73.8047684337277, 40.7692483710588], [-73.8051324392437, 40.7692773836779], [-73.805146574607, 40.7691707852837], [-73.8047824985199, 40.769141766967]]]}}, {"type": "Feature", "properties": {"zone_id": "0207E8JTFYJCNVQUBO8DWS", "tract_id": "36081115100", "city": "FLUSHING, NY", "zone_code": "R1-2A", "zone_category": "Residential", "ev_permitted": false}, "geometry": {"type": "Polygon", "coordinates": [[[-73.8047684337277, 40.7692483710588], [-73.8047470472042, 40.7694104739024], [-73.8051108982542, 40.7694398278161], [-73.8051324392437, 40.7692773836779], [-73.8047684337277, 40.7692483710588]]]}}, {"type": "Feature", "properties": {"zone_id": "0206Z5S59M4MVTL27JQNO2", "tract_id": "36081115100", "city": "FLUSHING, NY", "zone_code": "R1-2A", "zone_category": "Residential", "ev_permitted": false}, "geometry": {"type": "Polygon", "coordinates": [[[-73.8057681578128, 40.7688281851366], [-73.8057496797207, 40.7689652061772], [-73.8061121273283, 40.768992771932], [-73.8061308238066, 40.7688557209884], [-73.8057681578128, 40.7688281851366]]]}}, {"type": "Feature", "properties": {"zone_id": "02062XCNC0MGZ3VXMJPSWD", "tract_id": "36081115100", "city": "FLUSHING, NY", "zone_code": "R1-2A", "zone_category": "Residential", "ev_permitted": false}, "geometry": {"type": "Polygon", "coordinates": [[[-73.8057496797207, 40.7689652061772], [-73.8057306319411, 40.7691064478039], [-73.8060928613192, 40.7691339970884], [-73.8061121273283, 40.768992771932], [-73.8057496797207, 40.7689652061772]]]}}, {"type": "Feature", "properties": {"zone_id": "0204X47XDEVBSIJB7LHWRH", "tract_id": "36081115100", "city": "FLUSHING, NY", "zone_code": "R1-2A", "zone_category": "Residential", "ev_permitted": false}, "geometry": {"type": "Polygon", "coordinates": [[[-73.8058043126934, 40.7685600931776], [-73.8057868634648, 40.76868948302], [-73.8061497374008, 40.7687170809982], [-73.8061673864381, 40.7685877068972], [-73.8058043126934, 40.7685600931776]]]}}, {"type": "Feature", "properties": {"zone_id": "0201FBHJ3LRG8YYXZWZ5SL", "tract_id": "36081115100", "city": "FLUSHING, NY", "zone_code": "R1-2A", "zone_category": "Residential", "ev_permitted": false}, "geometry": {"type": "Polygon", "coordinates": [[[-73.8057868634648, 40.76868948302], [-73.8057681578128, 40.7688281851366], [-73.8061308238066, 40.7688557209884], [-73.8061497374008, 40.7687170809982], [-73.8057868634648, 40.76868948302]]]}}, {"type": "Feature", "properties": {"zone_id": "02034KGMS9YV0SKWV3J549", "tract_id": "36081115100", "city": "FLUSHING, NY", "zone_code": "R1-2A", "zone_category": "Residential", "ev_permitted": false}, "geometry": {"type": "Polygon", "coordinates": [[[-73.8051796999727, 40.7689209743053], [-73.8051615604899, 40.7690577695694], [-73.8055254376031, 40.7690867779215], [-73.8055435754221, 40.7689499825992], [-73.8051796999727, 40.7689209743053]]]}}, {"type": "Feature", "properties": {"zone_id": "0201RA5R57PD4NTI855W4T", "tract_id": "36081115100", "city": "FLUSHING, NY", "zone_code": "R1-2A", "zone_category": "Residential", "ev_permitted": false}, "geometry": {"type": "Polygon", "coordinates": [[[-73.8051941527093, 40.7688119860035], [-73.8051796999727, 40.7689209743053], [-73.8055435754221, 40.7689499825992], [-73.8055580275695, 40.7688409942522], [-73.8051941527093, 40.7688119860035]]]}}, {"type": "Feature", "properties": {"zone_id": "02071WPXMRR7RO38OVKFHY", "tract_id": "36081115100", "city": "FLUSHING, NY", "zone_code": "R1-2A", "zone_category": "Residential", "ev_permitted": false}, "geometry": {"type": "Polygon", "coordinates": [[[-73.8048272909957, 40.7688022587285], [-73.8048048064463, 40.7689726798735], [-73.8051689961936, 40.7690017074487], [-73.8051915925532, 40.7688312934506], [-73.8048272909957, 40.7688022587285]]]}}, {"type": "Feature", "properties": {"zone_id": "020457C6W6CNLYZA15JO72", "tract_id": "36081115100", "city": "FLUSHING, NY", "zone_code": "R1-2A", "zone_category": "Residential", "ev_permitted": false}, "geometry": {"type": "Polygon", "coordinates": [[[-73.8048048064463, 40.7689726798735], [-73.8047824985199, 40.769141766967], [-73.805146574607, 40.7691707852837], [-73.8051689961936, 40.7690017074487], [-73.8048048064463, 40.7689726798735]]]}}, {"type": "Feature", "properties": {"zone_id": "0204OB3KAGC0E7B6I6YEY6", "tract_id": "36081115100", "city": "FLUSHING, NY", "zone_code": "R1-2A", "zone_category": "Residential", "ev_permitted": false}, "geometry": {"type": "Polygon", "coordinates": [[[-73.8052341765729, 40.7685101445001], [-73.8052130018037, 40.7686698341831], [-73.8055768758955, 40.7686988423729], [-73.8055980507358, 40.768539149112], [-73.8052341765729, 40.7685101445001]]]}}, {"type": "Feature", "properties": {"zone_id": "0204RUCH6JZTZ9X9HGOAHW", "tract_id": "36081115100", "city": "FLUSHING, NY", "zone_code": "R1-2A", "zone_category": "Residential", "ev_permitted": false}, "geometry": {"type": "Polygon", "coordinates": [[[-73.8052130018037, 40.7686698341831], [-73.8051941527093, 40.7688119860035], [-73.8055580275695, 40.7688409942522], [-73.8055768758955, 40.7686988423729], [-73.8052130018037, 40.7686698341831]]]}}, {"type": "Feature", "properties": {"zone_id": "0204ISCS6XC51QN8GL24FT", "tract_id": "36081115100", "city": "FLUSHING, NY", "zone_code": "R1-2A", "zone_category": "Residential", "ev_permitted": false}, "geometry": {"type": "Polygon", "coordinates": [[[-73.8048485939417, 40.7686407895094], [-73.8048272909957, 40.7688022587285], [-73.8051915925532, 40.7688312934506], [-73.8052130018037, 40.7686698341831], [-73.8048485939417, 40.7686407895094]]]}}, {"type": "Feature", "properties": {"zone_id": "02053ATCYXTKERUBJ1EUQX", "tract_id": "36081115100", "city": "FLUSHING, NY", "zone_code": "R1-2A", "zone_category": "Residential", "ev_permitted": false}, "geometry": {"type": "Polygon", "coordinates": [[[-73.8060274535987, 40.7682938430194], [-73.8059892124246, 40.7685741563397], [-73.8061868283279, 40.7685891856676], [-73.8062250686788, 40.7683088722823], [-73.8060274535987, 40.7682938430194]]]}}, {"type": "Feature", "properties": {"zone_id": "0205GK4KFTHO6J6QXGOC15", "tract_id": "36081115100", "city": "FLUSHING, NY", "zone_code": "R1-2A", "zone_category": "Residential", "ev_permitted": false}, "geometry": {"type": "Polygon", "coordinates": [[[-73.8058421194356, 40.7682797468625], [-73.8058043126934, 40.7685600931776], [-73.8059892124246, 40.7685741563397], [-73.8060274535987, 40.7682938430194], [-73.8058421194356, 40.7682797468625]]]}}, {"type": "Feature", "properties": {"zone_id": "0203NOD39PD2KPCOU0GAHU", "tract_id": "36081115100", "city": "FLUSHING, NY", "zone_code": "R1-2A", "zone_category": "Residential", "ev_permitted": false}, "geometry": {"type": "Polygon", "coordinates": [[[-73.8054811679605, 40.768250116968], [-73.8054444440343, 40.7685269053455], [-73.8055980507358, 40.768539149112], [-73.8056347518537, 40.7682623592433], [-73.8054811679605, 40.768250116968]]]}}, {"type": "Feature", "properties": {"zone_id": "0201WOI8C9AORM04E9UUG7", "tract_id": "36081115100", "city": "FLUSHING, NY", "zone_code": "R1-2A", "zone_category": "Residential", "ev_permitted": false}, "geometry": {"type": "Polygon", "coordinates": [[[-73.8052028961058, 40.7682279354819], [-73.8051661941361, 40.768504725216], [-73.8054444440343, 40.7685269053455], [-73.8054811679605, 40.768250116968], [-73.8052028961058, 40.7682279354819]]]}}, {"type": "Feature", "properties": {"zone_id": "0206LJ147BPI32R11CBMT9", "tract_id": "36081115100", "city": "FLUSHING, NY", "zone_code": "R1-2A", "zone_category": "Residential", "ev_permitted": false}, "geometry": {"type": "Polygon", "coordinates": [[[-73.8048891268296, 40.7682029233491], [-73.8048609291663, 40.7684162614598], [-73.8048780348971, 40.7684176367176], [-73.8048696633275, 40.7684810877676], [-73.8051661941361, 40.768504725216], [-73.8052028961058, 40.7682279354819], [-73.8048891268296, 40.7682029233491]]]}}, {"type": "Feature", "properties": {"zone_id": "0202QLYTRC8YB05RXWMB96", "tract_id": "36081115100", "city": "FLUSHING, NY", "zone_code": "R1-2A", "zone_category": "Residential", "ev_permitted": false}, "geometry": {"type": "Polygon", "coordinates": [[[-73.8048696633275, 40.7684810877676], [-73.8048485939417, 40.7686407895094], [-73.8052130018037, 40.7686698341831], [-73.8052341765729, 40.7685101445001], [-73.8048696633275, 40.7684810877676]]]}}, {"type": "Feature", "properties": {"zone_id": "0200MOFC79XNGPBFXKA2UG", "tract_id": "36081115100", "city": "FLUSHING, NY", "zone_code": "R1-2A", "zone_category": "Residential", "ev_permitted": false}, "geometry": {"type": "Polygon", "coordinates": [[[-73.8059002472286, 40.7678306534456], [-73.805863955248, 40.7680965866745], [-73.8062324389235, 40.7681244053515], [-73.8062682115031, 40.7678589257546], [-73.8059002472286, 40.7678306534456]]]}}, {"type": "Feature", "properties": {"zone_id": "020393TSTZCZNRA77CDV1U", "tract_id": "36081115100", "city": "FLUSHING, NY", "zone_code": "R1-2A", "zone_category": "Residential", "ev_permitted": false}, "geometry": {"type": "Polygon", "coordinates": [[[-73.8053255150754, 40.767839733858], [-73.8052981991668, 40.7680403014094], [-73.8056545634517, 40.7680668001371], [-73.8056817253029, 40.7678673550872], [-73.8053255150754, 40.767839733858]]]}}, {"type": "Feature", "properties": {"zone_id": "0201OFLPU7CI3DQQO31PSS", "tract_id": "36081115100", "city": "FLUSHING, NY", "zone_code": "R1-2A", "zone_category": "Residential", "ev_permitted": false}, "geometry": {"type": "Polygon", "coordinates": [[[-73.8059459399632, 40.7674958308367], [-73.8059226021055, 40.7676668473446], [-73.8062902892115, 40.7676950987415], [-73.8063133369303, 40.7675240591887], [-73.8059459399632, 40.7674958308367]]]}}, {"type": "Feature", "properties": {"zone_id": "0203S1BX6RFMQENTJ9QMQX", "tract_id": "36081115100", "city": "FLUSHING, NY", "zone_code": "R1-2A", "zone_category": "Residential", "ev_permitted": false}, "geometry": {"type": "Polygon", "coordinates": [[[-73.8059226021055, 40.7676668473446], [-73.8059002472286, 40.7678306534456], [-73.8062682115031, 40.7678589257546], [-73.8062902892115, 40.7676950987415], [-73.8059226021055, 40.7676668473446]]]}}, {"type": "Feature", "properties": {"zone_id": "0202S8CLLRV37D7URC2SI5", "tract_id": "36081115100", "city": "FLUSHING, NY", "zone_code": "R1-2A", "zone_category": "Residential", "ev_permitted": false}, "geometry": {"type": "Polygon", "coordinates": [[[-73.8053769938404, 40.7674617367518], [-73.8053475446914, 40.7676779748545], [-73.8057037540629, 40.7677055960162], [-73.8057332029897, 40.7674893585276], [-73.8053769938404, 40.7674617367518]]]}}, {"type": "Feature", "properties": {"zone_id": "0203K9C0UJTQKF3SUU23IY", "tract_id": "36081115100", "city": "FLUSHING, NY", "zone_code": "R1-2A", "zone_category": "Residential", "ev_permitted": false}, "geometry": {"type": "Polygon", "coordinates": [[[-73.8053475446914, 40.7676779748545], [-73.8053255150754, 40.767839733858], [-73.8056817253029, 40.7678673550872], [-73.8057037540629, 40.7677055960162], [-73.8053475446914, 40.7676779748545]]]}}, {"type": "Feature", "properties": {"zone_id": "02004LF4OI6JJ56DK9V8OJ", "tract_id": "36081115100", "city": "FLUSHING, NY", "zone_code": "R1-2A", "zone_category": "Residential", "ev_permitted": false}, "geometry": {"type": "Polygon", "coordinates": [[[-73.8049632475048, 40.7678116410341], [-73.8049354891671, 40.7680133284883], [-73.8052981991668, 40.7680403014094], [-73.8053255150754, 40.767839733858], [-73.8049632475048, 40.7678116410341]]]}}, {"type": "Feature", "properties": {"zone_id": "02073GC1HABZW0H2Z5AL5M", "tract_id": "36081115100", "city": "FLUSHING, NY", "zone_code": "R1-2A", "zone_category": "Residential", "ev_permitted": false}, "geometry": {"type": "Polygon", "coordinates": [[[-73.8050148978378, 40.7674363460849], [-73.8049855080626, 40.7676499000549], [-73.8053475446914, 40.7676779748545], [-73.8053766321037, 40.767464396394], [-73.8050148978378, 40.7674363460849]]]}}, {"type": "Feature", "properties": {"zone_id": "0204A2UUT4MZ1DELMTFJZ9", "tract_id": "36081115100", "city": "FLUSHING, NY", "zone_code": "R1-2A", "zone_category": "Residential", "ev_permitted": false}, "geometry": {"type": "Polygon", "coordinates": [[[-73.8049855080626, 40.7676499000549], [-73.8049632475048, 40.7678116410341], [-73.8053255150754, 40.767839733858], [-73.8053475446914, 40.7676779748545], [-73.8049855080626, 40.7676499000549]]]}}, {"type": "Feature", "properties": {"zone_id": "0200J9QN4NSROOH1UF9VVQ", "tract_id": "36081115100", "city": "FLUSHING, NY", "zone_code": "R1-2A", "zone_category": "Residential", "ev_permitted": false}, "geometry": {"type": "Polygon", "coordinates": [[[-73.8059669999142, 40.7673415118988], [-73.8059459399632, 40.7674958308367], [-73.8063133369303, 40.7675240591887], [-73.8063341354765, 40.767369720072], [-73.8059669999142, 40.7673415118988]]]}}, {"type": "Feature", "properties": {"zone_id": "020509YYFQEQ4BHF7YVJ3F", "tract_id": "36081115100", "city": "FLUSHING, NY", "zone_code": "R1-2A", "zone_category": "Residential", "ev_permitted": false}, "geometry": {"type": "Polygon", "coordinates": [[[-73.8054065428904, 40.7672447701501], [-73.8053769938404, 40.7674617367518], [-73.8057332029897, 40.7674893585276], [-73.8057627499694, 40.7672723911312], [-73.8054065428904, 40.7672447701501]]]}}, {"type": "Feature", "properties": {"zone_id": "02078WF58OJ4G060Y6H6E6", "tract_id": "36081115100", "city": "FLUSHING, NY", "zone_code": "R1-2A", "zone_category": "Residential", "ev_permitted": false}, "geometry": {"type": "Polygon", "coordinates": [[[-73.8054285692746, 40.767083033597], [-73.8054065428904, 40.7672447701501], [-73.8057627499694, 40.7672723911312], [-73.8057847754957, 40.7671106552133], [-73.8054285692746, 40.767083033597]]]}}, {"type": "Feature", "properties": {"zone_id": "0205CXK72PUZM4AES1QEUU", "tract_id": "36081115100", "city": "FLUSHING, NY", "zone_code": "R1-2A", "zone_category": "Residential", "ev_permitted": false}, "geometry": {"type": "Polygon", "coordinates": [[[-73.8050378068926, 40.7672698801245], [-73.8050148978378, 40.7674363460849], [-73.8053766321037, 40.767464396394], [-73.805399305573, 40.7672979123995], [-73.8050378068926, 40.7672698801245]]]}}, {"type": "Feature", "properties": {"zone_id": "020244JCIN8WSB3WZ7UAQ4", "tract_id": "36081115100", "city": "FLUSHING, NY", "zone_code": "R1-2A", "zone_category": "Residential", "ev_permitted": false}, "geometry": {"type": "Polygon", "coordinates": [[[-73.8050603862666, 40.7671058145713], [-73.8050378068926, 40.7672698801245], [-73.805399305573, 40.7672979123995], [-73.8054216512198, 40.7671338302218], [-73.8050603862666, 40.7671058145713]]]}}, {"type": "Feature", "properties": {"zone_id": "0201QZM6Q6KPTYX9KABL40", "tract_id": "36081115100", "city": "FLUSHING, NY", "zone_code": "R1-2A", "zone_category": "Residential", "ev_permitted": false}, "geometry": {"type": "Polygon", "coordinates": [[[-73.8054729541593, 40.7667571207054], [-73.8054514814489, 40.7669147877267], [-73.8058076877038, 40.7669424092744], [-73.8058291586598, 40.7667847407805], [-73.8054729541593, 40.7667571207054]]]}}, {"type": "Feature", "properties": {"zone_id": "0202I3UZ8HUFHONHERB86Q", "tract_id": "36081115100", "city": "FLUSHING, NY", "zone_code": "R1-2A", "zone_category": "Residential", "ev_permitted": false}, "geometry": {"type": "Polygon", "coordinates": [[[-73.8054514814489, 40.7669147877267], [-73.8054285692746, 40.767083033597], [-73.8057847754957, 40.7671106552133], [-73.8058076877038, 40.7669424092744], [-73.8054514814489, 40.7669147877267]]]}}, {"type": "Feature", "properties": {"zone_id": "0202DYIHNAHQVGZ9Z5UT8G", "tract_id": "36081115100", "city": "FLUSHING, NY", "zone_code": "R1-2A", "zone_category": "Residential", "ev_permitted": false}, "geometry": {"type": "Polygon", "coordinates": [[[-73.8055185125395, 40.7664225846668], [-73.8054960058644, 40.766587855501], [-73.8058522094671, 40.7666154762082], [-73.8058747161918, 40.7664502053067], [-73.8055185125395, 40.7664225846668]]]}}, {"type": "Feature", "properties": {"zone_id": "0204L1FP0XRHH9LO6R4MWS", "tract_id": "36081115100", "city": "FLUSHING, NY", "zone_code": "R1-2A", "zone_category": "Residential", "ev_permitted": false}, "geometry": {"type": "Polygon", "coordinates": [[[-73.8054960058644, 40.766587855501], [-73.8054729541593, 40.7667571207054], [-73.8058291586598, 40.7667847407805], [-73.8058522094671, 40.7666154762082], [-73.8054960058644, 40.766587855501]]]}}, {"type": "Feature", "properties": {"zone_id": "0206D8XY4QUWGOTV1XGWVL", "tract_id": "36081115100", "city": "FLUSHING, NY", "zone_code": "R1-2A", "zone_category": "Residential", "ev_permitted": false}, "geometry": {"type": "Polygon", "coordinates": [[[-73.8051122243574, 40.76672914687], [-73.8050905281227, 40.7668867972869], [-73.8054514814489, 40.7669147877267], [-73.8054729541593, 40.7667571207054], [-73.8051122243574, 40.76672914687]]]}}, {"type": "Feature", "properties": {"zone_id": "0206B4F89C6CU2UZUW61NK", "tract_id": "36081115100", "city": "FLUSHING, NY", "zone_code": "R1-2A", "zone_category": "Residential", "ev_permitted": false}, "geometry": {"type": "Polygon", "coordinates": [[[-73.8050905281227, 40.7668867972869], [-73.8050603862666, 40.7671058145713], [-73.8054216512198, 40.7671338302218], [-73.8054514814489, 40.7669147877267], [-73.8050905281227, 40.7668867972869]]]}}, {"type": "Feature", "properties": {"zone_id": "0201TD28TTG7OLTMU7UH8O", "tract_id": "36081115100", "city": "FLUSHING, NY", "zone_code": "R1-2A", "zone_category": "Residential", "ev_permitted": false}, "geometry": {"type": "Polygon", "coordinates": [[[-73.8051355162747, 40.7665599011135], [-73.8051122243574, 40.76672914687], [-73.8054729541593, 40.7667571207054], [-73.8054960058644, 40.766587855501], [-73.8051355162747, 40.7665599011135]]]}}, {"type": "Feature", "properties": {"zone_id": "0202T3MF1ACW52HRTEEQO1", "tract_id": "36081115100", "city": "FLUSHING, NY", "zone_code": "R1-2A", "zone_category": "Residential", "ev_permitted": false}, "geometry": {"type": "Polygon", "coordinates": [[[-73.8055405345909, 40.7662608796856], [-73.8055185125395, 40.7664225846668], [-73.8058747161918, 40.7664502053067], [-73.8058967364633, 40.7662885002564], [-73.8055405345909, 40.7662608796856]]]}}, {"type": "Feature", "properties": {"zone_id": "0204DXMHEDMMKISTIHA63F", "tract_id": "36081115100", "city": "FLUSHING, NY", "zone_code": "R1-2A", "zone_category": "Residential", "ev_permitted": false}, "geometry": {"type": "Polygon", "coordinates": [[[-73.8055851251938, 40.7659334521348], [-73.8055620257795, 40.7661030700252], [-73.8059182268167, 40.7661306905303], [-73.8059413253314, 40.7659610732718], [-73.8055851251938, 40.7659334521348]]]}}, {"type": "Feature", "properties": {"zone_id": "02078LELTZZDDZLP0HOI8N", "tract_id": "36081115100", "city": "FLUSHING, NY", "zone_code": "R1-2A", "zone_category": "Residential", "ev_permitted": false}, "geometry": {"type": "Polygon", "coordinates": [[[-73.8055620257795, 40.7661030700252], [-73.8055405345909, 40.7662608796856], [-73.8058967364633, 40.7662885002564], [-73.8059182268167, 40.7661306905303], [-73.8055620257795, 40.7661030700252]]]}}, {"type": "Feature", "properties": {"zone_id": "0205030PRDGOVI2XRV204C", "tract_id": "36081115100", "city": "FLUSHING, NY", "zone_code": "R1-2A", "zone_category": "Residential", "ev_permitted": false}, "geometry": {"type": "Polygon", "coordinates": [[[-73.8051805096616, 40.7662329599463], [-73.8051582585247, 40.7663946476097], [-73.8055185125395, 40.7664225846668], [-73.8055405345909, 40.7662608796856], [-73.8051805096616, 40.7662329599463]]]}}, {"type": "Feature", "properties": {"zone_id": "02031R64PL3M0TC4HHF1UL", "tract_id": "36081115100", "city": "FLUSHING, NY", "zone_code": "R1-2A", "zone_category": "Residential", "ev_permitted": false}, "geometry": {"type": "Polygon", "coordinates": [[[-73.8051582585247, 40.7663946476097], [-73.8051355162747, 40.7665599011135], [-73.8054960058644, 40.766587855501], [-73.8055185125395, 40.7664225846668], [-73.8051582585247, 40.7663946476097]]]}}, {"type": "Feature", "properties": {"zone_id": "0205MIVAE9QQNGTOF065TF", "tract_id": "36081115100", "city": "FLUSHING, NY", "zone_code": "R1-2A", "zone_category": "Residential", "ev_permitted": false}, "geometry": {"type": "Polygon", "coordinates": [[[-73.8052255649146, 40.7659055698541], [-73.8052022252888, 40.7660751689995], [-73.8055620257795, 40.7661030700252], [-73.8055851251938, 40.7659334521348], [-73.8052255649146, 40.7659055698541]]]}}, {"type": "Feature", "properties": {"zone_id": "02052NDOTEEBSDG1APS0YX", "tract_id": "36081115100", "city": "FLUSHING, NY", "zone_code": "R1-2A", "zone_category": "Residential", "ev_permitted": false}, "geometry": {"type": "Polygon", "coordinates": [[[-73.8052022252888, 40.7660751689995], [-73.8051805096616, 40.7662329599463], [-73.8055405345909, 40.7662608796856], [-73.8055620257795, 40.7661030700252], [-73.8052022252888, 40.7660751689995]]]}}, {"type": "Feature", "properties": {"zone_id": "020431OA3UU9SFBRAKBUZ4", "tract_id": "36081115100", "city": "FLUSHING, NY", "zone_code": "R1-2A", "zone_category": "Residential", "ev_permitted": false}, "geometry": {"type": "Polygon", "coordinates": [[[-73.805614168603, 40.7657201791424], [-73.8055851251938, 40.7659334521348], [-73.8059413253314, 40.7659610732718], [-73.8059703676141, 40.7657477994878], [-73.805614168603, 40.7657201791424]]]}}, {"type": "Feature", "properties": {"zone_id": "02001R4M16PJDDJ94PM32F", "tract_id": "36081115100", "city": "FLUSHING, NY", "zone_code": "R1-2A", "zone_category": "Residential", "ev_permitted": false}, "geometry": {"type": "Polygon", "coordinates": [[[-73.8052549125217, 40.7656923199487], [-73.8052255649146, 40.7659055698541], [-73.8055851251938, 40.7659334521348], [-73.805614168603, 40.7657201791424], [-73.8052549125217, 40.7656923199487]]]}}, {"type": "Feature", "properties": {"zone_id": "0205JM5PMXECETVSIYJVV3", "tract_id": "36081115100", "city": "FLUSHING, NY", "zone_code": "R2A", "zone_category": "Residential", "ev_permitted": false}, "geometry": {"type": "Polygon", "coordinates": [[[-73.8092739982888, 40.7708457179595], [-73.8092527132279, 40.7710096064947], [-73.809622628054, 40.7710385479317], [-73.8096454488764, 40.7708747792109], [-73.8092739982888, 40.7708457179595]]]}}, {"type": "Feature", "properties": {"zone_id": "02008RTI4QXY5VISPRG5SD", "tract_id": "36081115100", "city": "FLUSHING, NY", "zone_code": "R2A", "zone_category": "Residential", "ev_permitted": false}, "geometry": {"type": "Polygon", "coordinates": [[[-73.8092871801909, 40.7707442216001], [-73.8092739982888, 40.7708457179595], [-73.8096454488764, 40.7708747792109], [-73.8096595810427, 40.7707733574563], [-73.8092871801909, 40.7707442216001]]]}}, {"type": "Feature", "properties": {"zone_id": "020718KGLZY362JE5VZBQS", "tract_id": "36081115100", "city": "FLUSHING, NY", "zone_code": "R2A", "zone_category": "Residential", "ev_permitted": false}, "geometry": {"type": "Polygon", "coordinates": [[[-73.8093005255661, 40.7706414607293], [-73.8092871801909, 40.7707442216001], [-73.8096595810427, 40.7707733574563], [-73.8096738914578, 40.7706706719167], [-73.8093005255661, 40.7706414607293]]]}}, {"type": "Feature", "properties": {"zone_id": "02025WD88VAG9YT5ENWTWQ", "tract_id": "36081115100", "city": "FLUSHING, NY", "zone_code": "R2A", "zone_category": "Residential", "ev_permitted": false}, "geometry": {"type": "Polygon", "coordinates": [[[-73.8093093950263, 40.7705731738345], [-73.8093005255661, 40.7706414607293], [-73.8096738914578, 40.7706706719167], [-73.8096833981161, 40.7706024352324], [-73.8093093950263, 40.7705731738345]]]}}, {"type": "Feature", "properties": {"zone_id": "0203QD68N4GULX4SDRIWLS", "tract_id": "36081115100", "city": "FLUSHING, NY", "zone_code": "R2A", "zone_category": "Residential", "ev_permitted": false}, "geometry": {"type": "Polygon", "coordinates": [[[-73.8093182644684, 40.7705048869382], [-73.8093093950263, 40.7705731738345], [-73.8096833981161, 40.7706024352324], [-73.8096929075296, 40.7705341978484], [-73.8093182644684, 40.7705048869382]]]}}, {"type": "Feature", "properties": {"zone_id": "0201U1XKTH2TSNH28H8YHJ", "tract_id": "36081115100", "city": "FLUSHING, NY", "zone_code": "R2A", "zone_category": "Residential", "ev_permitted": false}, "geometry": {"type": "Polygon", "coordinates": [[[-73.8093360005253, 40.770368313137], [-73.8093182644684, 40.7705048869382], [-73.8096929075296, 40.7705341978484], [-73.8097119244456, 40.7703977244785], [-73.8093360005253, 40.770368313137]]]}}, {"type": "Feature", "properties": {"zone_id": "0201OM9V58W7PSJO25F30C", "tract_id": "36081115100", "city": "FLUSHING, NY", "zone_code": "R2A", "zone_category": "Residential", "ev_permitted": false}, "geometry": {"type": "Polygon", "coordinates": [[[-73.8093537383599, 40.7702317386306], [-73.8093360005253, 40.770368313137], [-73.8097119244456, 40.7703977244785], [-73.8097309412857, 40.7702612503999], [-73.8093537383599, 40.7702317386306]]]}}, {"type": "Feature", "properties": {"zone_id": "02013AXFTBNVX9KWEOKKAM", "tract_id": "36081115100", "city": "FLUSHING, NY", "zone_code": "PARK", "zone_category": "Other", "ev_permitted": false}, "geometry": {"type": "Polygon", "coordinates": [[[-73.805667528892, 40.769659035869], [-73.8054798976129, 40.7710104406487], [-73.8063839511465, 40.7711031054334], [-73.8089632860323, 40.7714858446004], [-73.8091662932934, 40.7699361937715], [-73.805667528892, 40.769659035869]]]}}, {"type": "Feature", "properties": {"zone_id": "0203DH5RWNK6FRI5F8ZMT0", "tract_id": "36081115100", "city": "FLUSHING, NY", "zone_code": "R2A", "zone_category": "Residential", "ev_permitted": false}, "geometry": {"type": "Polygon", "coordinates": [[[-73.8097689756563, 40.7699883022266], [-73.8097309412857, 40.7702612503999], [-73.8099158278454, 40.7702757147661], [-73.8099538605403, 40.7700027672334], [-73.8097689756563, 40.7699883022266]]]}}, {"type": "Feature", "properties": {"zone_id": "0204X9AOAKB9FOP9UCYMJY", "tract_id": "36081115100", "city": "FLUSHING, NY", "zone_code": "R2A", "zone_category": "Residential", "ev_permitted": false}, "geometry": {"type": "Polygon", "coordinates": [[[-73.8095894584669, 40.7699742575495], [-73.8095514242928, 40.7702472056657], [-73.8097309412857, 40.7702612503999], [-73.8097689756563, 40.7699883022266], [-73.8095894584669, 40.7699742575495]]]}}, {"type": "Feature", "properties": {"zone_id": "02066QYPALTTDHSCYB6DOE", "tract_id": "36081115100", "city": "FLUSHING, NY", "zone_code": "R2A", "zone_category": "Residential", "ev_permitted": false}, "geometry": {"type": "Polygon", "coordinates": [[[-73.8098274312814, 40.7695127476445], [-73.809786592037, 40.769801035103], [-73.8099451717635, 40.7698133613779], [-73.8099858924107, 40.7695259119367], [-73.8098274312814, 40.7695127476445]]]}}, {"type": "Feature", "properties": {"zone_id": "020469Q9PMSKQFV36J44YA", "tract_id": "36081115100", "city": "FLUSHING, NY", "zone_code": "R2A", "zone_category": "Residential", "ev_permitted": false}, "geometry": {"type": "Polygon", "coordinates": [[[-73.8096394392398, 40.7694971298622], [-73.8095984586363, 40.7697864126847], [-73.809786592037, 40.769801035103], [-73.8098274312814, 40.7695127476445], [-73.8096394392398, 40.7694971298622]]]}}, {"type": "Feature", "properties": {"zone_id": "0201BI95JT0QUKFPW9YKQ1", "tract_id": "36081115100", "city": "FLUSHING, NY", "zone_code": "R2A", "zone_category": "Residential", "ev_permitted": false}, "geometry": {"type": "Polygon", "coordinates": [[[-73.8093892119583, 40.7699585910036], [-73.8093537383599, 40.7702317386306], [-73.8095514242928, 40.7702472056657], [-73.8095894584669, 40.7699742575495], [-73.8093892119583, 40.7699585910036]]]}}, {"type": "Feature", "properties": {"zone_id": "0202XTHSHE3MML5ZQO57UC", "tract_id": "36081115100", "city": "FLUSHING, NY", "zone_code": "R2A", "zone_category": "Residential", "ev_permitted": false}, "geometry": {"type": "Polygon", "coordinates": [[[-73.8094566734135, 40.7694819469277], [-73.8094159073033, 40.7697722214882], [-73.8095086692404, 40.769779432356], [-73.8095497181233, 40.7694896774932], [-73.8094566734135, 40.7694819469277]]]}}, {"type": "Feature", "properties": {"zone_id": "0201AT47C4IHQIGKAM8SV7", "tract_id": "36081115100", "city": "FLUSHING, NY", "zone_code": "R2A", "zone_category": "Residential", "ev_permitted": false}, "geometry": {"type": "Polygon", "coordinates": [[[-73.8095497181233, 40.7694896774932], [-73.8095086692404, 40.769779432356], [-73.8095984586363, 40.7697864126847], [-73.8096394392398, 40.7694971298622], [-73.8095497181233, 40.7694896774932]]]}}, {"type": "Feature", "properties": {"zone_id": "0204JHE6RNRKXMPWP02RKV", "tract_id": "36081115100", "city": "FLUSHING, NY", "zone_code": "R2A", "zone_category": "Residential", "ev_permitted": false}, "geometry": {"type": "Polygon", "coordinates": [[[-73.8098558950848, 40.7693118141936], [-73.8098274312814, 40.7695127476445], [-73.8099858924107, 40.7695259119367], [-73.809983959758, 40.7695395564185], [-73.8101941649452, 40.7695570188674], [-73.8102090985198, 40.7694515988348], [-73.809860637792, 40.7694226511017], [-73.8098761010221, 40.7693134924532], [-73.8098558950848, 40.7693118141936]]]}}, {"type": "Feature", "properties": {"zone_id": "0201FG6KX5GCRP8OJIGHZD", "tract_id": "36081115100", "city": "FLUSHING, NY", "zone_code": "R2A", "zone_category": "Residential", "ev_permitted": false}, "geometry": {"type": "Polygon", "coordinates": [[[-73.809475643077, 40.7693468710778], [-73.8094566734135, 40.7694819469277], [-73.8098274312814, 40.7695127476445], [-73.8098465646733, 40.769377685356], [-73.809475643077, 40.7693468710778]]]}}, {"type": "Feature", "properties": {"zone_id": "0203DG07UGBBFXZV5BZZRP", "tract_id": "36081115100", "city": "FLUSHING, NY", "zone_code": "R2A", "zone_category": "Residential", "ev_permitted": false}, "geometry": {"type": "Polygon", "coordinates": [[[-73.8098951962762, 40.7690343829847], [-73.8098757282336, 40.7691718105753], [-73.8102443935665, 40.7692024371615], [-73.8102638608573, 40.7690650095092], [-73.8098951962762, 40.7690343829847]]]}}, {"type": "Feature", "properties": {"zone_id": "0202KS33OBLIA0WU1YV1NM", "tract_id": "36081115100", "city": "FLUSHING, NY", "zone_code": "R2A", "zone_category": "Residential", "ev_permitted": false}, "geometry": {"type": "Polygon", "coordinates": [[[-73.8098757282336, 40.7691718105753], [-73.8098558950848, 40.7693118141936], [-73.8102245611856, 40.7693424401399], [-73.8102443935665, 40.7692024371615], [-73.8098757282336, 40.7691718105753]]]}}, {"type": "Feature", "properties": {"zone_id": "0201PZG6XEPJK4HTZXIE89", "tract_id": "36081115100", "city": "FLUSHING, NY", "zone_code": "R2A", "zone_category": "Residential", "ev_permitted": false}, "geometry": {"type": "Polygon", "coordinates": [[[-73.8095049516766, 40.7691381831969], [-73.809490208713, 40.7692431600847], [-73.8098612544786, 40.7692739843596], [-73.8098761243728, 40.7691690188777], [-73.8095049516766, 40.7691381831969]]]}}, {"type": "Feature", "properties": {"zone_id": "0204DOQSAKF5RTXTLSJLYE", "tract_id": "36081115100", "city": "FLUSHING, NY", "zone_code": "R2A", "zone_category": "Residential", "ev_permitted": false}, "geometry": {"type": "Polygon", "coordinates": [[[-73.809490208713, 40.7692431600847], [-73.809475643077, 40.7693468710778], [-73.8098465646733, 40.769377685356], [-73.8098612544786, 40.7692739843596], [-73.809490208713, 40.7692431600847]]]}}, {"type": "Feature", "properties": {"zone_id": "0200UPBGK7WZPLSGXPP6I1", "tract_id": "36081115100", "city": "FLUSHING, NY", "zone_code": "R2A", "zone_category": "Residential", "ev_permitted": false}, "geometry": {"type": "Polygon", "coordinates": [[[-73.8088951840414, 40.769301490023], [-73.8088761509813, 40.7694379618507], [-73.8092456082896, 40.7694676823026], [-73.8092639318925, 40.7693311530288], [-73.8088951840414, 40.769301490023]]]}}, {"type": "Feature", "properties": {"zone_id": "0203MFZQFRI5UVITDCK981", "tract_id": "36081115100", "city": "FLUSHING, NY", "zone_code": "R2A", "zone_category": "Residential", "ev_permitted": false}, "geometry": {"type": "Polygon", "coordinates": [[[-73.8088761509813, 40.7694379618507], [-73.8088358934954, 40.7697266146252], [-73.8092068520543, 40.7697564550316], [-73.8092456082896, 40.7694676823026], [-73.8088761509813, 40.7694379618507]]]}}, {"type": "Feature", "properties": {"zone_id": "0206M02ILGXYF822A4R7PS", "tract_id": "36081115100", "city": "FLUSHING, NY", "zone_code": "R2A", "zone_category": "Residential", "ev_permitted": false}, "geometry": {"type": "Polygon", "coordinates": [[[-73.8089241307634, 40.7690939294468], [-73.8089094583231, 40.7691991361476], [-73.8092776743142, 40.7692287560694], [-73.8092917991711, 40.7691235055548], [-73.8089241307634, 40.7690939294468]]]}}, {"type": "Feature", "properties": {"zone_id": "0206LBWV3T5V8GD64TP24N", "tract_id": "36081115100", "city": "FLUSHING, NY", "zone_code": "R2A", "zone_category": "Residential", "ev_permitted": false}, "geometry": {"type": "Polygon", "coordinates": [[[-73.8089094583231, 40.7691991361476], [-73.8088951840414, 40.769301490023], [-73.8092639318925, 40.7693311530288], [-73.8092776743142, 40.7692287560694], [-73.8089094583231, 40.7691991361476]]]}}, {"type": "Feature", "properties": {"zone_id": "0205BPTI3LA09QYI015Z96", "tract_id": "36081115100", "city": "FLUSHING, NY", "zone_code": "R2A", "zone_category": "Residential", "ev_permitted": false}, "geometry": {"type": "Polygon", "coordinates": [[[-73.809934515059, 40.7687568260052], [-73.8099144039034, 40.7688987959149], [-73.8102830677428, 40.7689294223785], [-73.8103031781237, 40.7687874517025], [-73.809934515059, 40.7687568260052]]]}}, {"type": "Feature", "properties": {"zone_id": "0204HDZAPPTTQMFD7DDMPE", "tract_id": "36081115100", "city": "FLUSHING, NY", "zone_code": "R2A", "zone_category": "Residential", "ev_permitted": false}, "geometry": {"type": "Polygon", "coordinates": [[[-73.8099144039034, 40.7688987959149], [-73.8099051509669, 40.7689641156295], [-73.8102738151656, 40.7689947414198], [-73.8102830677428, 40.7689294223785], [-73.8099144039034, 40.7688987959149]]]}}, {"type": "Feature", "properties": {"zone_id": "0203KUOQ8TJHLPWVLADKR7", "tract_id": "36081115100", "city": "FLUSHING, NY", "zone_code": "R2A", "zone_category": "Residential", "ev_permitted": false}, "geometry": {"type": "Polygon", "coordinates": [[[-73.8099051509669, 40.7689641156295], [-73.8098951962762, 40.7690343829847], [-73.8102638608573, 40.7690650095092], [-73.8102738151656, 40.7689947414198], [-73.8099051509669, 40.7689641156295]]]}}, {"type": "Feature", "properties": {"zone_id": "020350S79KBX5I8F4LDURM", "tract_id": "36081115100", "city": "FLUSHING, NY", "zone_code": "R2A", "zone_category": "Residential", "ev_permitted": false}, "geometry": {"type": "Polygon", "coordinates": [[[-73.8095429046794, 40.7688679331131], [-73.8095238607732, 40.7690035344466], [-73.8098951962762, 40.7690343829847], [-73.8099144039034, 40.7688987959149], [-73.8095429046794, 40.7688679331131]]]}}, {"type": "Feature", "properties": {"zone_id": "0201VIN3H3PT5JC4RRW7C0", "tract_id": "36081115100", "city": "FLUSHING, NY", "zone_code": "R2A", "zone_category": "Residential", "ev_permitted": false}, "geometry": {"type": "Polygon", "coordinates": [[[-73.8095238607732, 40.7690035344466], [-73.8095049516766, 40.7691381831969], [-73.8098761243728, 40.7691690188777], [-73.8098951962762, 40.7690343829847], [-73.8095238607732, 40.7690035344466]]]}}, {"type": "Feature", "properties": {"zone_id": "0200KDOKFSIY0RWSJF8L1D", "tract_id": "36081115100", "city": "FLUSHING, NY", "zone_code": "R2A", "zone_category": "Residential", "ev_permitted": false}, "geometry": {"type": "Polygon", "coordinates": [[[-73.8099556032906, 40.7686079576272], [-73.809934515059, 40.7687568260052], [-73.8103031781237, 40.7687874517025], [-73.810324265539, 40.7686385839604], [-73.8099556032906, 40.7686079576272]]]}}, {"type": "Feature", "properties": {"zone_id": "020500YQY0N2FU7DEQUT5D", "tract_id": "36081115100", "city": "FLUSHING, NY", "zone_code": "R2A", "zone_category": "Residential", "ev_permitted": false}, "geometry": {"type": "Polygon", "coordinates": [[[-73.8098658833406, 40.7686005040981], [-73.809824682642, 40.7688913423525], [-73.8099144039034, 40.7688987959149], [-73.8099556032906, 40.7686079576272], [-73.8098658833406, 40.7686005040981]]]}}, {"type": "Feature", "properties": {"zone_id": "020771LOWALZT3FGZZV08K", "tract_id": "36081115100", "city": "FLUSHING, NY", "zone_code": "R2A", "zone_category": "Residential", "ev_permitted": false}, "geometry": {"type": "Polygon", "coordinates": [[[-73.8097738987212, 40.7685928626644], [-73.8097326976256, 40.7688837008862], [-73.809824682642, 40.7688913423525], [-73.8098658833406, 40.7686005040981], [-73.8097738987212, 40.7685928626644]]]}}, {"type": "Feature", "properties": {"zone_id": "0203G0O38I5N4S30OW86DX", "tract_id": "36081115100", "city": "FLUSHING, NY", "zone_code": "R2A", "zone_category": "Residential", "ev_permitted": false}, "geometry": {"type": "Polygon", "coordinates": [[[-73.8096812137437, 40.7685851623826], [-73.8096400131724, 40.7688760005731], [-73.8097326976256, 40.7688837008862], [-73.8097738987212, 40.7685928626644], [-73.8096812137437, 40.7685851623826]]]}}, {"type": "Feature", "properties": {"zone_id": "02026FMWT1LRI9ONYW27W3", "tract_id": "36081115100", "city": "FLUSHING, NY", "zone_code": "R2A", "zone_category": "Residential", "ev_permitted": false}, "geometry": {"type": "Polygon", "coordinates": [[[-73.8095837527057, 40.7685770662674], [-73.8095429046794, 40.7688679331131], [-73.8096400131724, 40.7688760005731], [-73.8096812137437, 40.7685851623826], [-73.8095837527057, 40.7685770662674]]]}}, {"type": "Feature", "properties": {"zone_id": "0200BLCIBD9ENOY81U9Y05", "tract_id": "36081115100", "city": "FLUSHING, NY", "zone_code": "R2A", "zone_category": "Residential", "ev_permitted": false}, "geometry": {"type": "Polygon", "coordinates": [[[-73.8089624436348, 40.7688192147718], [-73.8089431107808, 40.7689578376529], [-73.8093101225845, 40.7689869762666], [-73.8093286838938, 40.7688486759731], [-73.8089624436348, 40.7688192147718]]]}}, {"type": "Feature", "properties": {"zone_id": "02067PTXQH8008JVH1CU06", "tract_id": "36081115100", "city": "FLUSHING, NY", "zone_code": "R2A", "zone_category": "Residential", "ev_permitted": false}, "geometry": {"type": "Polygon", "coordinates": [[[-73.8089431107808, 40.7689578376529], [-73.8089241307634, 40.7690939294468], [-73.8092917991711, 40.7691235055548], [-73.8093101225845, 40.7689869762666], [-73.8089431107808, 40.7689578376529]]]}}, {"type": "Feature", "properties": {"zone_id": "020332LRXIPKQEUAFVR3RM", "tract_id": "36081115100", "city": "FLUSHING, NY", "zone_code": "R2A", "zone_category": "Residential", "ev_permitted": false}, "geometry": {"type": "Polygon", "coordinates": [[[-73.8091199825149, 40.7685392380268], [-73.8090796228153, 40.7688286411888], [-73.8093286838938, 40.7688486759731], [-73.8093675920653, 40.7685587601971], [-73.8091199825149, 40.7685392380268]]]}}, {"type": "Feature", "properties": {"zone_id": "020793EWFE8XEJJ4550DCH", "tract_id": "36081115100", "city": "FLUSHING, NY", "zone_code": "R2A", "zone_category": "Residential", "ev_permitted": false}, "geometry": {"type": "Polygon", "coordinates": [[[-73.8090027783525, 40.7685299971091], [-73.8089624436348, 40.7688192147718], [-73.8090796228153, 40.7688286411888], [-73.8091199825149, 40.7685392380268], [-73.8090027783525, 40.7685299971091]]]}}, {"type": "Feature", "properties": {"zone_id": "02023QURG3WBR00NN21B11", "tract_id": "36081115100", "city": "FLUSHING, NY", "zone_code": "R2A", "zone_category": "Residential", "ev_permitted": false}, "geometry": {"type": "Polygon", "coordinates": [[[-73.8101971122386, 40.7681544924902], [-73.8101601507926, 40.7684310437505], [-73.8103458235686, 40.7684454771148], [-73.8103827445851, 40.7681692243586], [-73.8101971122386, 40.7681544924902]]]}}, {"type": "Feature", "properties": {"zone_id": "02025T02A3HF1AY0AIHDXV", "tract_id": "36081115100", "city": "FLUSHING, NY", "zone_code": "R2A", "zone_category": "Residential", "ev_permitted": false}, "geometry": {"type": "Polygon", "coordinates": [[[-73.810061387413, 40.768143720562], [-73.8100243961339, 40.7684204909594], [-73.8101601507926, 40.7684310437505], [-73.8101971122386, 40.7681544924902], [-73.810061387413, 40.768143720562]]]}}, {"type": "Feature", "properties": {"zone_id": "0207755BRRCU6ZKI9IMN9A", "tract_id": "36081115100", "city": "FLUSHING, NY", "zone_code": "R2A", "zone_category": "Residential", "ev_permitted": false}, "geometry": {"type": "Polygon", "coordinates": [[[-73.8099249077312, 40.7681328889083], [-73.8098878866131, 40.768409879145], [-73.8100243961339, 40.7684204909594], [-73.810061387413, 40.768143720562], [-73.8099249077312, 40.7681328889083]]]}}, {"type": "Feature", "properties": {"zone_id": "02011VEJ66XMZR1KY4F9U5", "tract_id": "36081115100", "city": "FLUSHING, NY", "zone_code": "R2A", "zone_category": "Residential", "ev_permitted": false}, "geometry": {"type": "Polygon", "coordinates": [[[-73.8096626827974, 40.7680430852941], [-73.8096522643769, 40.7681200256912], [-73.809923747108, 40.7681415725144], [-73.8099249077312, 40.7681328889083], [-73.8100168381894, 40.76814018513], [-73.8100260817243, 40.7680719268792], [-73.8096626827974, 40.7680430852941]]]}}, {"type": "Feature", "properties": {"zone_id": "0200KJDTS5IG14RTTCJEF3", "tract_id": "36081115100", "city": "FLUSHING, NY", "zone_code": "R2A", "zone_category": "Residential", "ev_permitted": false}, "geometry": {"type": "Polygon", "coordinates": [[[-73.8096522643769, 40.7681200256912], [-73.8096158757845, 40.7683887325835], [-73.8098878866131, 40.768409879145], [-73.809923747108, 40.7681415725144], [-73.8096522643769, 40.7681200256912]]]}}, {"type": "Feature", "properties": {"zone_id": "0204N9J8RBSIF33HFZA094", "tract_id": "36081115100", "city": "FLUSHING, NY", "zone_code": "R2", "zone_category": "Residential", "ev_permitted": false}, "geometry": {"type": "Polygon", "coordinates": [[[-73.8092479412407, 40.7680772047151], [-73.8092101755864, 40.7683569647805], [-73.809399079472, 40.7683715434447], [-73.8094368292443, 40.768091891502], [-73.8092479412407, 40.7680772047151]]]}}, {"type": "Feature", "properties": {"zone_id": "02074TPKE5T46QWIJ5EJ94", "tract_id": "36081115100", "city": "FLUSHING, NY", "zone_code": "R2", "zone_category": "Residential", "ev_permitted": false}, "geometry": {"type": "Polygon", "coordinates": [[[-73.8090695960608, 40.7680633382249], [-73.8090318164343, 40.7683432000954], [-73.8092101755864, 40.7683569647805], [-73.8092479412407, 40.7680772047151], [-73.8090695960608, 40.7680633382249]]]}}, {"type": "Feature", "properties": {"zone_id": "0207FTGD3KIGF0XGKRCTN8", "tract_id": "36081115100", "city": "FLUSHING, NY", "zone_code": "R2A", "zone_category": "Residential", "ev_permitted": false}, "geometry": {"type": "Polygon", "coordinates": [[[-73.808888245211, 40.7680492381099], [-73.8088504515972, 40.7683292024873], [-73.8090318164343, 40.7683432000954], [-73.8090695960608, 40.7680633382249], [-73.808888245211, 40.7680492381099]]]}}, {"type": "Feature", "properties": {"zone_id": "02050CIETQKINFCJI5R92Y", "tract_id": "36081115100", "city": "FLUSHING, NY", "zone_code": "R2A", "zone_category": "Residential", "ev_permitted": false}, "geometry": {"type": "Polygon", "coordinates": [[[-73.8087654751819, 40.7694385862621], [-73.8087265317154, 40.7697178171705], [-73.8088358934954, 40.7697266146252], [-73.8088748365084, 40.7694473836802], [-73.8087654751819, 40.7694385862621]]]}}, {"type": "Feature", "properties": {"zone_id": "0201VKHQ4X1XYS5UZMV5S5", "tract_id": "36081115100", "city": "FLUSHING, NY", "zone_code": "R2A", "zone_category": "Residential", "ev_permitted": false}, "geometry": {"type": "Polygon", "coordinates": [[[-73.8086418879382, 40.7694286436766], [-73.8086029439594, 40.7697078745436], [-73.8087265317154, 40.7697178171705], [-73.8087654751819, 40.7694385862621], [-73.8086418879382, 40.7694286436766]]]}}, {"type": "Feature", "properties": {"zone_id": "02040I479CMUPM6F33FEXO", "tract_id": "36081115100", "city": "FLUSHING, NY", "zone_code": "R2A", "zone_category": "Residential", "ev_permitted": false}, "geometry": {"type": "Polygon", "coordinates": [[[-73.8085175424374, 40.7693330277736], [-73.8085057342949, 40.7694176907352], [-73.8088748365084, 40.7694473836802], [-73.8088866441871, 40.7693627206811], [-73.8085175424374, 40.7693330277736]]]}}, {"type": "Feature", "properties": {"zone_id": "020360A23YZOZ7HD73QILQ", "tract_id": "36081115100", "city": "FLUSHING, NY", "zone_code": "R2A", "zone_category": "Residential", "ev_permitted": false}, "geometry": {"type": "Polygon", "coordinates": [[[-73.8085057342949, 40.7694176907352], [-73.8084667897516, 40.7696969215567], [-73.8086029439594, 40.7697078745436], [-73.8086418879382, 40.7694286436766], [-73.8085057342949, 40.7694176907352]]]}}, {"type": "Feature", "properties": {"zone_id": "0202R5EY8F0SAQ0EC0U5MU", "tract_id": "36081115100", "city": "FLUSHING, NY", "zone_code": "R2A", "zone_category": "Residential", "ev_permitted": false}, "geometry": {"type": "Polygon", "coordinates": [[[-73.8085550304848, 40.7690642373608], [-73.8085429657504, 40.7691507443728], [-73.8089120665011, 40.7691804371997], [-73.8089241307634, 40.7690939294468], [-73.8085550304848, 40.7690642373608]]]}}, {"type": "Feature", "properties": {"zone_id": "0201ZNBMG0N7761FQ72Z7B", "tract_id": "36081115100", "city": "FLUSHING, NY", "zone_code": "R2A", "zone_category": "Residential", "ev_permitted": false}, "geometry": {"type": "Polygon", "coordinates": [[[-73.8085429657504, 40.7691507443728], [-73.8085302583602, 40.7692418548135], [-73.8088993596122, 40.769271546978], [-73.8089120665011, 40.7691804371997], [-73.8085429657504, 40.7691507443728]]]}}, {"type": "Feature", "properties": {"zone_id": "0201FQ1697NZ2JGD97RF6Z", "tract_id": "36081115100", "city": "FLUSHING, NY", "zone_code": "R2A", "zone_category": "Residential", "ev_permitted": false}, "geometry": {"type": "Polygon", "coordinates": [[[-73.8085302583602, 40.7692418548135], [-73.8085175424374, 40.7693330277736], [-73.8088866441871, 40.7693627206811], [-73.8088993596122, 40.769271546978], [-73.8085302583602, 40.7692418548135]]]}}, {"type": "Feature", "properties": {"zone_id": "02064K05D5V21E6WNDMH0Z", "tract_id": "36081115100", "city": "FLUSHING, NY", "zone_code": "R1-2A", "zone_category": "Residential", "ev_permitted": false}, "geometry": {"type": "Polygon", "coordinates": [[[-73.8080813058011, 40.7693993169877], [-73.8080440671943, 40.7696683746608], [-73.8082609239157, 40.7696855109302], [-73.8082981182219, 40.7694167728235], [-73.8080813058011, 40.7693993169877]]]}}, {"type": "Feature", "properties": {"zone_id": "0205QY6OOUWW826A1X72VQ", "tract_id": "36081115100", "city": "FLUSHING, NY", "zone_code": "R1-2A", "zone_category": "Residential", "ev_permitted": false}, "geometry": {"type": "Polygon", "coordinates": [[[-73.8078666381039, 40.7693820322547], [-73.8078293552113, 40.7696514066842], [-73.8080440671943, 40.7696683746608], [-73.8080813058011, 40.7693993169877], [-73.8078666381039, 40.7693820322547]]]}}, {"type": "Feature", "properties": {"zone_id": "02007XTUU29SUOYY3TEC34", "tract_id": "36081115100", "city": "FLUSHING, NY", "zone_code": "R1-2A", "zone_category": "Residential", "ev_permitted": false}, "geometry": {"type": "Polygon", "coordinates": [[[-73.8075785688317, 40.7693588381949], [-73.8075414711232, 40.7696286555161], [-73.8078293552113, 40.7696514066842], [-73.8078666381039, 40.7693820322547], [-73.8075785688317, 40.7693588381949]]]}}, {"type": "Feature", "properties": {"zone_id": "0203UQHSEGOLD6RFQKIMX4", "tract_id": "36081115100", "city": "FLUSHING, NY", "zone_code": "R1-2A", "zone_category": "Residential", "ev_permitted": false}, "geometry": {"type": "Polygon", "coordinates": [[[-73.8079940293174, 40.7690389982945], [-73.8079789169568, 40.769148185391], [-73.8083313632203, 40.7691765622463], [-73.8083464750096, 40.7690673751041], [-73.8079940293174, 40.7690389982945]]]}}, {"type": "Feature", "properties": {"zone_id": "0203DG9VHFRED5RDLZL9I7", "tract_id": "36081115100", "city": "FLUSHING, NY", "zone_code": "R1-2A", "zone_category": "Residential", "ev_permitted": false}, "geometry": {"type": "Polygon", "coordinates": [[[-73.8079789169568, 40.769148185391], [-73.8079638054728, 40.7692573717825], [-73.8083162513856, 40.7692857479794], [-73.8083313632203, 40.7691765622463], [-73.8079789169568, 40.769148185391]]]}}, {"type": "Feature", "properties": {"zone_id": "0200DA784LXYG95TMH3OSY", "tract_id": "36081115100", "city": "FLUSHING, NY", "zone_code": "R1-2A", "zone_category": "Residential", "ev_permitted": false}, "geometry": {"type": "Polygon", "coordinates": [[[-73.8079638054728, 40.7692573717825], [-73.8079456706992, 40.7693883965701], [-73.8082981182219, 40.7694167728235], [-73.8083162513856, 40.7692857479794], [-73.8079638054728, 40.7692573717825]]]}}, {"type": "Feature", "properties": {"zone_id": "02034SRNY5ZX0VFY327BTH", "tract_id": "36081115100", "city": "FLUSHING, NY", "zone_code": "R1-2A", "zone_category": "Residential", "ev_permitted": false}, "geometry": {"type": "Polygon", "coordinates": [[[-73.8075965841967, 40.7692278048321], [-73.8075785688317, 40.7693588381949], [-73.8079456706992, 40.7693883965701], [-73.8079638054728, 40.7692573717825], [-73.8075965841967, 40.7692278048321]]]}}, {"type": "Feature", "properties": {"zone_id": "02028L2K742E8MJV0TFXPE", "tract_id": "36081115100", "city": "FLUSHING, NY", "zone_code": "R1-2A", "zone_category": "Residential", "ev_permitted": false}, "geometry": {"type": "Polygon", "coordinates": [[[-73.8076147391862, 40.7690957633869], [-73.8075965841967, 40.7692278048321], [-73.8079638054728, 40.7692573717825], [-73.8079820789368, 40.7691253403159], [-73.8076147391862, 40.7690957633869]]]}}, {"type": "Feature", "properties": {"zone_id": "0204LN3Z5Y3OS5B03KCDNZ", "tract_id": "36081115100", "city": "FLUSHING, NY", "zone_code": "R1-2A", "zone_category": "Residential", "ev_permitted": false}, "geometry": {"type": "Polygon", "coordinates": [[[-73.8071122487213, 40.7693220719855], [-73.8070750392626, 40.7695931305655], [-73.8073351594667, 40.7696133378357], [-73.8073706506268, 40.7693426191971], [-73.8071122487213, 40.7693220719855]]]}}, {"type": "Feature", "properties": {"zone_id": "0200D3SMXPAGBWK5Z0784D", "tract_id": "36081115100", "city": "FLUSHING, NY", "zone_code": "R1-2A", "zone_category": "Residential", "ev_permitted": false}, "geometry": {"type": "Polygon", "coordinates": [[[-73.8068837975641, 40.7693039058078], [-73.8068465305285, 40.7695753794891], [-73.8070750392626, 40.7695931305655], [-73.8071122487213, 40.7693220719855], [-73.8068837975641, 40.7693039058078]]]}}, {"type": "Feature", "properties": {"zone_id": "0200Y3W7N01KJVJERSX6OO", "tract_id": "36081115100", "city": "FLUSHING, NY", "zone_code": "R1-2A", "zone_category": "Residential", "ev_permitted": false}, "geometry": {"type": "Polygon", "coordinates": [[[-73.8070461714972, 40.7690507744064], [-73.80702821113, 40.7691816075237], [-73.8073880180648, 40.7692101464476], [-73.8074051690272, 40.7690793203548], [-73.8070461714972, 40.7690507744064]]]}}, {"type": "Feature", "properties": {"zone_id": "0200BEIK2P8EPYIM8CRXZM", "tract_id": "36081115100", "city": "FLUSHING, NY", "zone_code": "R1-2A", "zone_category": "Residential", "ev_permitted": false}, "geometry": {"type": "Polygon", "coordinates": [[[-73.80702821113, 40.7691816075237], [-73.8070100448569, 40.7693139439729], [-73.8073706506268, 40.7693426191971], [-73.8073880180648, 40.7692101464476], [-73.80702821113, 40.7691816075237]]]}}, {"type": "Feature", "properties": {"zone_id": "02013IJMP1MCQPISB3X2MT", "tract_id": "36081115100", "city": "FLUSHING, NY", "zone_code": "R1-2A", "zone_category": "Residential", "ev_permitted": false}, "geometry": {"type": "Polygon", "coordinates": [[[-73.8066744427399, 40.7691217441069], [-73.8066519665365, 40.7692854700096], [-73.8070100448569, 40.7693139439729], [-73.8070325201896, 40.7691502180011], [-73.8066744427399, 40.7691217441069]]]}}, {"type": "Feature", "properties": {"zone_id": "02002O7CXPSQPLU87CN7TI", "tract_id": "36081115100", "city": "FLUSHING, NY", "zone_code": "R1-2A", "zone_category": "Residential", "ev_permitted": false}, "geometry": {"type": "Polygon", "coordinates": [[[-73.8066519665365, 40.7692854700096], [-73.8066146400428, 40.7695573644088], [-73.8068465305285, 40.7695753794891], [-73.8068837975641, 40.7693039058078], [-73.8066519665365, 40.7692854700096]]]}}, {"type": "Feature", "properties": {"zone_id": "02044QVGN41FJYAOVY5LZC", "tract_id": "36081115100", "city": "FLUSHING, NY", "zone_code": "R1-2A", "zone_category": "Residential", "ev_permitted": false}, "geometry": {"type": "Polygon", "coordinates": [[[-73.8061795040166, 40.7692481282937], [-73.8061424490617, 40.769519746858], [-73.8064006289159, 40.7695408572916], [-73.8064378820836, 40.7692677781598], [-73.8061795040166, 40.7692481282937]]]}}, {"type": "Feature", "properties": {"zone_id": "0204P0RG42N2XCRIZGIHVL", "tract_id": "36081115100", "city": "FLUSHING, NY", "zone_code": "R1-2A", "zone_category": "Residential", "ev_permitted": false}, "geometry": {"type": "Polygon", "coordinates": [[[-73.8061013511859, 40.7690717617501], [-73.8060783407011, 40.7692404347429], [-73.8064378820836, 40.7692677781598], [-73.8064608916652, 40.7690991057986], [-73.8061013511859, 40.7690717617501]]]}}, {"type": "Feature", "properties": {"zone_id": "0203IGB7AHQWIJJO8BVJJC", "tract_id": "36081115100", "city": "FLUSHING, NY", "zone_code": "R2A", "zone_category": "Residential", "ev_permitted": false}, "geometry": {"type": "Polygon", "coordinates": [[[-73.8085740650425, 40.7689277578509], [-73.8085550304848, 40.7690642373608], [-73.8089241307634, 40.7690939294468], [-73.8089431107808, 40.7689578376529], [-73.8085740650425, 40.7689277578509]]]}}, {"type": "Feature", "properties": {"zone_id": "020797P9Y8FPOFNSZQM6WE", "tract_id": "36081115100", "city": "FLUSHING, NY", "zone_code": "R2A", "zone_category": "Residential", "ev_permitted": false}, "geometry": {"type": "Polygon", "coordinates": [[[-73.8085933448616, 40.7687895228074], [-73.8085740650425, 40.7689277578509], [-73.8089431107808, 40.7689578376529], [-73.8089624436348, 40.7688192147718], [-73.8085933448616, 40.7687895228074]]]}}, {"type": "Feature", "properties": {"zone_id": "02026Q9QBCJ0VIVG6DUZ7W", "tract_id": "36081115100", "city": "FLUSHING, NY", "zone_code": "R2A", "zone_category": "Residential", "ev_permitted": false}, "geometry": {"type": "Polygon", "coordinates": [[[-73.8086336000032, 40.768500889747], [-73.8086146619429, 40.7686366787253], [-73.8089837598766, 40.7686663713247], [-73.8090027783525, 40.7685299971091], [-73.8086336000032, 40.768500889747]]]}}, {"type": "Feature", "properties": {"zone_id": "0204OOX1EHXO1F6EA9A24L", "tract_id": "36081115100", "city": "FLUSHING, NY", "zone_code": "R2A", "zone_category": "Residential", "ev_permitted": false}, "geometry": {"type": "Polygon", "coordinates": [[[-73.8086146619429, 40.7686366787253], [-73.8085933448616, 40.7687895228074], [-73.8089624436348, 40.7688192147718], [-73.8089837598766, 40.7686663713247], [-73.8086146619429, 40.7686366787253]]]}}, {"type": "Feature", "properties": {"zone_id": "0203LN6OFC4B8YKZMNXIIX", "tract_id": "36081115100", "city": "FLUSHING, NY", "zone_code": "R1-2A", "zone_category": "Residential", "ev_permitted": false}, "geometry": {"type": "Polygon", "coordinates": [[[-73.8082476624055, 40.7684698800316], [-73.8082126118896, 40.768723133803], [-73.8083921168562, 40.7687375860456], [-73.808427166697, 40.7684843322202], [-73.8082476624055, 40.7684698800316]]]}}, {"type": "Feature", "properties": {"zone_id": "020569Q0W2SW37I1JHLF3H", "tract_id": "36081115100", "city": "FLUSHING, NY", "zone_code": "R1-2A", "zone_category": "Residential", "ev_permitted": false}, "geometry": {"type": "Polygon", "coordinates": [[[-73.8080245616031, 40.7688183964836], [-73.8080091407022, 40.7689298118954], [-73.8083615858251, 40.7689581879566], [-73.8083770061428, 40.7688467724981], [-73.8080245616031, 40.7688183964836]]]}}, {"type": "Feature", "properties": {"zone_id": "02030E9AWR1KXY3X8FVIVF", "tract_id": "36081115100", "city": "FLUSHING, NY", "zone_code": "R1-2A", "zone_category": "Residential", "ev_permitted": false}, "geometry": {"type": "Polygon", "coordinates": [[[-73.8080091407022, 40.7689298118954], [-73.8079940293174, 40.7690389982945], [-73.8083464750096, 40.7690673751041], [-73.8083615858251, 40.7689581879566], [-73.8080091407022, 40.7689298118954]]]}}, {"type": "Feature", "properties": {"zone_id": "02044ZZ4MDVOTUL5DJ130W", "tract_id": "36081115100", "city": "FLUSHING, NY", "zone_code": "R1-2A", "zone_category": "Residential", "ev_permitted": false}, "geometry": {"type": "Polygon", "coordinates": [[[-73.8076327544108, 40.7689647293107], [-73.8076147391862, 40.7690957633869], [-73.8079820789368, 40.7691253403159], [-73.8080002135671, 40.7689943155175], [-73.8076327544108, 40.7689647293107]]]}}, {"type": "Feature", "properties": {"zone_id": "020210XXW8AZT9RXASU4OO", "tract_id": "36081115100", "city": "FLUSHING, NY", "zone_code": "R1-2A", "zone_category": "Residential", "ev_permitted": false}, "geometry": {"type": "Polygon", "coordinates": [[[-73.80765089982, 40.7688327552938], [-73.8076327544108, 40.7689647293107], [-73.8080002135671, 40.7689943155175], [-73.8080184774502, 40.7688623514791], [-73.80765089982, 40.7688327552938]]]}}, {"type": "Feature", "properties": {"zone_id": "02051JTYCPHKRDD0L8LM4V", "tract_id": "36081115100", "city": "FLUSHING, NY", "zone_code": "R1-2A", "zone_category": "Residential", "ev_permitted": false}, "geometry": {"type": "Polygon", "coordinates": [[[-73.8078878557313, 40.7684409102452], [-73.8078500043019, 40.7687143928977], [-73.8080368733833, 40.7687294390709], [-73.808074724054, 40.7684559563576], [-73.8078878557313, 40.7684409102452]]]}}, {"type": "Feature", "properties": {"zone_id": "0205U6AA8HAWY5PNIE6SBZ", "tract_id": "36081115100", "city": "FLUSHING, NY", "zone_code": "R1-2A", "zone_category": "Residential", "ev_permitted": false}, "geometry": {"type": "Polygon", "coordinates": [[[-73.808074724054, 40.7684559563576], [-73.8080396728898, 40.7687092093743], [-73.8082126118896, 40.768723133803], [-73.8082476624055, 40.7684698800316], [-73.808074724054, 40.7684559563576]]]}}, {"type": "Feature", "properties": {"zone_id": "02033CQUOUNE0OSB2G5FFQ", "tract_id": "36081115100", "city": "FLUSHING, NY", "zone_code": "R1-2A", "zone_category": "Residential", "ev_permitted": false}, "geometry": {"type": "Polygon", "coordinates": [[[-73.8080396728898, 40.7687092093743], [-73.8080245616031, 40.7688183964836], [-73.8083770061428, 40.7688467724981], [-73.8083921168562, 40.7687375860456], [-73.8080396728898, 40.7687092093743]]]}}, {"type": "Feature", "properties": {"zone_id": "02069G89XEK38M3JC697JQ", "tract_id": "36081115100", "city": "FLUSHING, NY", "zone_code": "R1-2A", "zone_category": "Residential", "ev_permitted": false}, "geometry": {"type": "Polygon", "coordinates": [[[-73.8076691745124, 40.768699832903], [-73.80765089982, 40.7688327552938], [-73.8080184774502, 40.7688623514791], [-73.8080368733833, 40.7687294390709], [-73.8076691745124, 40.768699832903]]]}}, {"type": "Feature", "properties": {"zone_id": "0201MAS52EMW4I3PQNDBO9", "tract_id": "36081115100", "city": "FLUSHING, NY", "zone_code": "R2", "zone_category": "Residential", "ev_permitted": false}, "geometry": {"type": "Polygon", "coordinates": [[[-73.8087043238971, 40.7680349374007], [-73.8086662390803, 40.768314984852], [-73.8088504515972, 40.7683292024873], [-73.808888245211, 40.7680492381099], [-73.8087043238971, 40.7680349374007]]]}}, {"type": "Feature", "properties": {"zone_id": "0204TEZ48AVFRN963IVH6T", "tract_id": "36081115100", "city": "FLUSHING, NY", "zone_code": "R1-2A", "zone_category": "Residential", "ev_permitted": false}, "geometry": {"type": "Polygon", "coordinates": [[[-73.8081216330179, 40.7680626396152], [-73.8080929740602, 40.7682732191113], [-73.8084504191721, 40.7683010200334], [-73.8084790647465, 40.7680905275582], [-73.8081216330179, 40.7680626396152]]]}}, {"type": "Feature", "properties": {"zone_id": "0203GMKJF0JVRLZ927UF0W", "tract_id": "36081115100", "city": "FLUSHING, NY", "zone_code": "R1-2A", "zone_category": "Residential", "ev_permitted": false}, "geometry": {"type": "Polygon", "coordinates": [[[-73.8077067781236, 40.7684263302201], [-73.8076691745124, 40.768699832903], [-73.8078500043019, 40.7687143928977], [-73.8078878557313, 40.7684409102452], [-73.8077067781236, 40.7684263302201]]]}}, {"type": "Feature", "properties": {"zone_id": "0200UQLTX1BVD2I1YT84QS", "tract_id": "36081115100", "city": "FLUSHING, NY", "zone_code": "R1-2A", "zone_category": "Residential", "ev_permitted": false}, "geometry": {"type": "Polygon", "coordinates": [[[-73.8077697732763, 40.7679650515402], [-73.8077311273467, 40.768245074568], [-73.8080929740602, 40.7682732191113], [-73.8081310767705, 40.7679932428419], [-73.8077697732763, 40.7679650515402]]]}}, {"type": "Feature", "properties": {"zone_id": "0207G4YGHRP3J1WVEQ6PXF", "tract_id": "36081115100", "city": "FLUSHING, NY", "zone_code": "R1-2A", "zone_category": "Residential", "ev_permitted": false}, "geometry": {"type": "Polygon", "coordinates": [[[-73.8070823705564, 40.7687870730298], [-73.8070643791691, 40.7689181351714], [-73.8074225665669, 40.7689466178772], [-73.8074397561555, 40.7688154911023], [-73.8070823705564, 40.7687870730298]]]}}, {"type": "Feature", "properties": {"zone_id": "02072L9DYCKXKSOKSU33I5", "tract_id": "36081115100", "city": "FLUSHING, NY", "zone_code": "R1-2A", "zone_category": "Residential", "ev_permitted": false}, "geometry": {"type": "Polygon", "coordinates": [[[-73.8070643791691, 40.7689181351714], [-73.8070461714972, 40.7690507744064], [-73.8074051690272, 40.7690793203548], [-73.8074225665669, 40.7689466178772], [-73.8070643791691, 40.7689181351714]]]}}, {"type": "Feature", "properties": {"zone_id": "0203CUJHQWJRSHWRPI31Q5", "tract_id": "36081115100", "city": "FLUSHING, NY", "zone_code": "R1-2A", "zone_category": "Residential", "ev_permitted": false}, "geometry": {"type": "Polygon", "coordinates": [[[-73.8066969301618, 40.7689579360041], [-73.8066744427399, 40.7691217441069], [-73.8070325201896, 40.7691502180011], [-73.8070550067403, 40.7689864098291], [-73.8066969301618, 40.7689579360041]]]}}, {"type": "Feature", "properties": {"zone_id": "020009WPO5URC0L7DS7RJ3", "tract_id": "36081115100", "city": "FLUSHING, NY", "zone_code": "R1-2A", "zone_category": "Residential", "ev_permitted": false}, "geometry": {"type": "Polygon", "coordinates": [[[-73.8067184015431, 40.7688015300663], [-73.8066969301618, 40.7689579360041], [-73.8070550067403, 40.7689864098291], [-73.8070764772878, 40.7688300045279], [-73.8067184015431, 40.7688015300663]]]}}, {"type": "Feature", "properties": {"zone_id": "0202TC44X9KLXQ4K7A7ZPW", "tract_id": "36081115100", "city": "FLUSHING, NY", "zone_code": "R1-2A", "zone_category": "Residential", "ev_permitted": false}, "geometry": {"type": "Polygon", "coordinates": [[[-73.8070991401684, 40.7686649121814], [-73.8070823705564, 40.7687870730298], [-73.8074397561555, 40.7688154911023], [-73.8074557785326, 40.7686932706344], [-73.8070991401684, 40.7686649121814]]]}}, {"type": "Feature", "properties": {"zone_id": "0202I6X0LMYQM824VW0X8T", "tract_id": "36081115100", "city": "FLUSHING, NY", "zone_code": "R1-2A", "zone_category": "Residential", "ev_permitted": false}, "geometry": {"type": "Polygon", "coordinates": [[[-73.8067410653016, 40.7686364377896], [-73.8067184015431, 40.7688015300663], [-73.8070764772878, 40.7688300045279], [-73.8070991401684, 40.7686649121814], [-73.8067410653016, 40.7686364377896]]]}}, {"type": "Feature", "properties": {"zone_id": "0203YAQHP8FKBT76RIO513", "tract_id": "36081115100", "city": "FLUSHING, NY", "zone_code": "R1-2A", "zone_category": "Residential", "ev_permitted": false}, "geometry": {"type": "Polygon", "coordinates": [[[-73.8061232062989, 40.7689113408949], [-73.8061013511859, 40.7690717617501], [-73.8064608916652, 40.7690991057986], [-73.8064827754895, 40.7689386870335], [-73.8061232062989, 40.7689113408949]]]}}, {"type": "Feature", "properties": {"zone_id": "0200IQ41VYCLY8F35XHGWL", "tract_id": "36081115100", "city": "FLUSHING, NY", "zone_code": "R1-2A", "zone_category": "Residential", "ev_permitted": false}, "geometry": {"type": "Polygon", "coordinates": [[[-73.8061673864381, 40.7685877068972], [-73.8061459543162, 40.7687448098393], [-73.8065054939729, 40.7687721537515], [-73.8065269252555, 40.7686150507431], [-73.8061673864381, 40.7685877068972]]]}}, {"type": "Feature", "properties": {"zone_id": "02068RCP07BV4UIE4YYOSW", "tract_id": "36081115100", "city": "FLUSHING, NY", "zone_code": "R1-2A", "zone_category": "Residential", "ev_permitted": false}, "geometry": {"type": "Polygon", "coordinates": [[[-73.8061459543162, 40.7687448098393], [-73.8061232062989, 40.7689113408949], [-73.8064827754895, 40.7689386870335], [-73.8065054939729, 40.7687721537515], [-73.8061459543162, 40.7687448098393]]]}}, {"type": "Feature", "properties": {"zone_id": "0200DVA6A3SQCI4K3I14CN", "tract_id": "36081115100", "city": "FLUSHING, NY", "zone_code": "R1-2A", "zone_category": "Residential", "ev_permitted": false}, "geometry": {"type": "Polygon", "coordinates": [[[-73.8067800477743, 40.7683524667449], [-73.8067410653016, 40.7686364377896], [-73.8069790913152, 40.768655365814], [-73.807018072782, 40.7683713953923], [-73.8067800477743, 40.7683524667449]]]}}, {"type": "Feature", "properties": {"zone_id": "02004U59G9P6EXR2QZA1T4", "tract_id": "36081115100", "city": "FLUSHING, NY", "zone_code": "R1-2A", "zone_category": "Residential", "ev_permitted": false}, "geometry": {"type": "Polygon", "coordinates": [[[-73.807018072782, 40.7683713953923], [-73.8069790913152, 40.768655365814], [-73.8072151780024, 40.7686741390307], [-73.8072541584735, 40.7683901685299], [-73.807018072782, 40.7683713953923]]]}}, {"type": "Feature", "properties": {"zone_id": "0200D3EAKP3IG23IBC2ZFN", "tract_id": "36081115100", "city": "FLUSHING, NY", "zone_code": "R1-2A", "zone_category": "Residential", "ev_permitted": false}, "geometry": {"type": "Polygon", "coordinates": [[[-73.8062250686788, 40.7683088722823], [-73.8061868283279, 40.7685891856676], [-73.806344849043, 40.768601203284], [-73.8063830887357, 40.7683208898467], [-73.8062250686788, 40.7683088722823]]]}}, {"type": "Feature", "properties": {"zone_id": "0202UK6RMWSZKXNBXX91RO", "tract_id": "36081115100", "city": "FLUSHING, NY", "zone_code": "R1-2A", "zone_category": "Residential", "ev_permitted": false}, "geometry": {"type": "Polygon", "coordinates": [[[-73.8063830887357, 40.7683208898467], [-73.806344849043, 40.768601203284], [-73.8065269252555, 40.7686150507431], [-73.8065651632657, 40.7683347372444], [-73.8063830887357, 40.7683208898467]]]}}, {"type": "Feature", "properties": {"zone_id": "02017C3Z1LVL3GULP6JL3P", "tract_id": "36081115100", "city": "FLUSHING, NY", "zone_code": "R1-2A", "zone_category": "Residential", "ev_permitted": false}, "geometry": {"type": "Polygon", "coordinates": [[[-73.8072541584735, 40.7683901685299], [-73.8072151780024, 40.7686741390307], [-73.8074557785326, 40.7686932706344], [-73.8074930245819, 40.7684091629496], [-73.8072541584735, 40.7683901685299]]]}}, {"type": "Feature", "properties": {"zone_id": "0201IHU5NM6KAF19CR1HPC", "tract_id": "36081115100", "city": "FLUSHING, NY", "zone_code": "R2", "zone_category": "Residential", "ev_permitted": false}, "geometry": {"type": "Polygon", "coordinates": [[[-73.8101018845009, 40.7675121318875], [-73.8100921907813, 40.7675837221015], [-73.8104571239705, 40.7676126843132], [-73.810466693487, 40.7675410847305], [-73.8101018845009, 40.7675121318875]]]}}, {"type": "Feature", "properties": {"zone_id": "0205LS6HT8C4ZMCSI3S6ZJ", "tract_id": "36081115100", "city": "FLUSHING, NY", "zone_code": "R2", "zone_category": "Residential", "ev_permitted": false}, "geometry": {"type": "Polygon", "coordinates": [[[-73.8101310146117, 40.767297003665], [-73.81011593318, 40.7674083798858], [-73.8104805614299, 40.7674373176326], [-73.810495448222, 40.7673259262897], [-73.8101310146117, 40.767297003665]]]}}, {"type": "Feature", "properties": {"zone_id": "0204T1MHZGYKCD7YYBMA4I", "tract_id": "36081115100", "city": "FLUSHING, NY", "zone_code": "R2", "zone_category": "Residential", "ev_permitted": false}, "geometry": {"type": "Polygon", "coordinates": [[[-73.81011593318, 40.7674083798858], [-73.8101018845009, 40.7675121318875], [-73.810466693487, 40.7675410847305], [-73.8104805614299, 40.7674373176326], [-73.81011593318, 40.7674083798858]]]}}, {"type": "Feature", "properties": {"zone_id": "0201CW7N0AVMLDIO5GHQLF", "tract_id": "36081115100", "city": "FLUSHING, NY", "zone_code": "R2", "zone_category": "Residential", "ev_permitted": false}, "geometry": {"type": "Polygon", "coordinates": [[[-73.8101647911537, 40.7670475689128], [-73.8101457863397, 40.7671879147758], [-73.8105100460072, 40.7672166986461], [-73.8105287882212, 40.7670764569886], [-73.8101647911537, 40.7670475689128]]]}}, {"type": "Feature", "properties": {"zone_id": "02053XNME14TIOSL3YRY2Q", "tract_id": "36081115100", "city": "FLUSHING, NY", "zone_code": "R2", "zone_category": "Residential", "ev_permitted": false}, "geometry": {"type": "Polygon", "coordinates": [[[-73.8101457863397, 40.7671879147758], [-73.8101310146117, 40.767297003665], [-73.810495448222, 40.7673259262897], [-73.8105100460072, 40.7672166986461], [-73.8101457863397, 40.7671879147758]]]}}, {"type": "Feature", "properties": {"zone_id": "0206TLXTFOQSFRL4AE1MY3", "tract_id": "36081115100", "city": "FLUSHING, NY", "zone_code": "R2", "zone_category": "Residential", "ev_permitted": false}, "geometry": {"type": "Polygon", "coordinates": [[[-73.8100651430791, 40.7677834613728], [-73.810053810363, 40.7678671535205], [-73.8104192384964, 40.7678961553104], [-73.8104304256923, 40.767812451646], [-73.8100651430791, 40.7677834613728]]]}}, {"type": "Feature", "properties": {"zone_id": "0203TTOFAJ6S5027HHE5WA", "tract_id": "36081115100", "city": "FLUSHING, NY", "zone_code": "R2", "zone_category": "Residential", "ev_permitted": false}, "geometry": {"type": "Polygon", "coordinates": [[[-73.810053810363, 40.7678671535205], [-73.8100168381894, 40.76814018513], [-73.8103827445851, 40.7681692243586], [-73.8104192384964, 40.7678961553104], [-73.810053810363, 40.7678671535205]]]}}, {"type": "Feature", "properties": {"zone_id": "0200Z19CKGQB794X9BIC2E", "tract_id": "36081115100", "city": "FLUSHING, NY", "zone_code": "R2", "zone_category": "Residential", "ev_permitted": false}, "geometry": {"type": "Polygon", "coordinates": [[[-73.8096719266799, 40.7679748277734], [-73.8096626827974, 40.7680430852941], [-73.8100260817243, 40.7680719268792], [-73.8100353243141, 40.7680036693281], [-73.8096719266799, 40.7679748277734]]]}}, {"type": "Feature", "properties": {"zone_id": "0203EMRQMYFZBCLTE6QZF3", "tract_id": "36081115100", "city": "FLUSHING, NY", "zone_code": "R2", "zone_category": "Residential", "ev_permitted": false}, "geometry": {"type": "Polygon", "coordinates": [[[-73.8096811696192, 40.7679065702498], [-73.8096719266799, 40.7679748277734], [-73.8100353243141, 40.7680036693281], [-73.8100445678091, 40.7679354117771], [-73.8096811696192, 40.7679065702498]]]}}, {"type": "Feature", "properties": {"zone_id": "0201V66F5O4KX8MSY7CE8A", "tract_id": "36081115100", "city": "FLUSHING, NY", "zone_code": "R2", "zone_category": "Residential", "ev_permitted": false}, "geometry": {"type": "Polygon", "coordinates": [[[-73.8096904134657, 40.7678383120235], [-73.8096811696192, 40.7679065702498], [-73.8100445678091, 40.7679354117771], [-73.810053810363, 40.7678671535205], [-73.8096904134657, 40.7678383120235]]]}}, {"type": "Feature", "properties": {"zone_id": "02020LA3FCD51QUA9ULUCB", "tract_id": "36081115100", "city": "FLUSHING, NY", "zone_code": "R2", "zone_category": "Residential", "ev_permitted": false}, "geometry": {"type": "Polygon", "coordinates": [[[-73.8097001586285, 40.7677663481176], [-73.8096904134657, 40.7678383120235], [-73.810053810363, 40.7678671535205], [-73.8100635551374, 40.7677951895841], [-73.8097001586285, 40.7677663481176]]]}}, {"type": "Feature", "properties": {"zone_id": "0204IKP9WZR4QC56TGC12B", "tract_id": "36081115100", "city": "FLUSHING, NY", "zone_code": "R2", "zone_category": "Residential", "ev_permitted": false}, "geometry": {"type": "Polygon", "coordinates": [[[-73.8100921907813, 40.7675837221015], [-73.8100835544221, 40.7676474970174], [-73.8104485997596, 40.7676764678719], [-73.8104571239705, 40.7676126843132], [-73.8100921907813, 40.7675837221015]]]}}, {"type": "Feature", "properties": {"zone_id": "02016YGU17S8CJI3OY7Q6P", "tract_id": "36081115100", "city": "FLUSHING, NY", "zone_code": "R2", "zone_category": "Residential", "ev_permitted": false}, "geometry": {"type": "Polygon", "coordinates": [[[-73.8100835544221, 40.7676474970174], [-73.8100735802719, 40.7677211581939], [-73.8104387535189, 40.7677501391267], [-73.8104485997596, 40.7676764678719], [-73.8100835544221, 40.7676474970174]]]}}, {"type": "Feature", "properties": {"zone_id": "0201XK0HFWDUGEY4KREYIJ", "tract_id": "36081115100", "city": "FLUSHING, NY", "zone_code": "R2", "zone_category": "Residential", "ev_permitted": false}, "geometry": {"type": "Polygon", "coordinates": [[[-73.8100735802719, 40.7677211581939], [-73.8100651430791, 40.7677834613728], [-73.8104304256923, 40.767812451646], [-73.8104387535189, 40.7677501391267], [-73.8100735802719, 40.7677211581939]]]}}, {"type": "Feature", "properties": {"zone_id": "0204MDSGW7NGI692TXG5MH", "tract_id": "36081115100", "city": "FLUSHING, NY", "zone_code": "R2", "zone_category": "Residential", "ev_permitted": false}, "geometry": {"type": "Polygon", "coordinates": [[[-73.8097183356407, 40.7676321154771], [-73.8097090927777, 40.7677003730066], [-73.8100724889304, 40.7677292144452], [-73.8100817323492, 40.7676609568885], [-73.8097183356407, 40.7676321154771]]]}}, {"type": "Feature", "properties": {"zone_id": "0206LP62A2PJX4ESSENTRD", "tract_id": "36081115100", "city": "FLUSHING, NY", "zone_code": "R2", "zone_category": "Residential", "ev_permitted": false}, "geometry": {"type": "Polygon", "coordinates": [[[-73.8097090927777, 40.7677003730066], [-73.8097001586285, 40.7677663481176], [-73.8100635551374, 40.7677951895841], [-73.8100724889304, 40.7677292144452], [-73.8097090927777, 40.7677003730066]]]}}, {"type": "Feature", "properties": {"zone_id": "0202KJ295CBIHS95ROECWV", "tract_id": "36081115100", "city": "FLUSHING, NY", "zone_code": "R2", "zone_category": "Residential", "ev_permitted": false}, "geometry": {"type": "Polygon", "coordinates": [[[-73.8097368222363, 40.7674955997129], [-73.8097183356407, 40.7676321154771], [-73.8100817323492, 40.7676609568885], [-73.8101002172837, 40.767524441065], [-73.8097368222363, 40.7674955997129]]]}}, {"type": "Feature", "properties": {"zone_id": "0202PDIP9VIPKUWOV0OHW0", "tract_id": "36081115100", "city": "FLUSHING, NY", "zone_code": "R2", "zone_category": "Residential", "ev_permitted": false}, "geometry": {"type": "Polygon", "coordinates": [[[-73.809106453801, 40.7677902989912], [-73.8090972398569, 40.7678585586269], [-73.8094644719251, 40.7678871111141], [-73.809473686423, 40.7678188507483], [-73.809106453801, 40.7677902989912]]]}}, {"type": "Feature", "properties": {"zone_id": "0203PXYQEFTY1YZXZ264BY", "tract_id": "36081115100", "city": "FLUSHING, NY", "zone_code": "R2", "zone_category": "Residential", "ev_permitted": false}, "geometry": {"type": "Polygon", "coordinates": [[[-73.8090972398569, 40.7678585586269], [-73.8090880249677, 40.7679268189622], [-73.8094552574083, 40.7679553714785], [-73.8094644719251, 40.7678871111141], [-73.8090972398569, 40.7678585586269]]]}}, {"type": "Feature", "properties": {"zone_id": "02004KRH8MP15059GD5UOQ", "tract_id": "36081115100", "city": "FLUSHING, NY", "zone_code": "R2", "zone_category": "Residential", "ev_permitted": false}, "geometry": {"type": "Polygon", "coordinates": [[[-73.8090880249677, 40.7679268189622], [-73.8090695960608, 40.7680633382249], [-73.8094368292443, 40.768091891502], [-73.8094552574083, 40.7679553714785], [-73.8090880249677, 40.7679268189622]]]}}, {"type": "Feature", "properties": {"zone_id": "02048XDMK4X9KMHC7UXS5X", "tract_id": "36081115100", "city": "FLUSHING, NY", "zone_code": "R2", "zone_category": "Residential", "ev_permitted": false}, "geometry": {"type": "Polygon", "coordinates": [[[-73.8087414519996, 40.7677619191061], [-73.8087228884505, 40.7678984275545], [-73.8090880249677, 40.7679268189622], [-73.809106453801, 40.7677902989912], [-73.8087414519996, 40.7677619191061]]]}}, {"type": "Feature", "properties": {"zone_id": "02049V203UWLI622POWSJ5", "tract_id": "36081115100", "city": "FLUSHING, NY", "zone_code": "R2", "zone_category": "Residential", "ev_permitted": false}, "geometry": {"type": "Polygon", "coordinates": [[[-73.8091433121652, 40.7675172590335], [-73.8091340973725, 40.7675855186734], [-73.8095013288731, 40.7676140717485], [-73.8095105423713, 40.7675458113753], [-73.8091433121652, 40.7675172590335]]]}}, {"type": "Feature", "properties": {"zone_id": "0200KBIMESMFYSVEMQW7FX", "tract_id": "36081115100", "city": "FLUSHING, NY", "zone_code": "R2", "zone_category": "Residential", "ev_permitted": false}, "geometry": {"type": "Polygon", "coordinates": [[[-73.8091340973725, 40.7675855186734], [-73.809124883483, 40.767653779016], [-73.8094921144339, 40.767682331416], [-73.8095013288731, 40.7676140717485], [-73.8091340973725, 40.7675855186734]]]}}, {"type": "Feature", "properties": {"zone_id": "0201GF6281D8G657IJDDNF", "tract_id": "36081115100", "city": "FLUSHING, NY", "zone_code": "R2", "zone_category": "Residential", "ev_permitted": false}, "geometry": {"type": "Polygon", "coordinates": [[[-73.809124883483, 40.767653779016], [-73.8091156686525, 40.767722038653], [-73.8094828999738, 40.7677505917847], [-73.8094921144339, 40.767682331416], [-73.809124883483, 40.767653779016]]]}}, {"type": "Feature", "properties": {"zone_id": "02056TVN07SVOHC1KII9F5", "tract_id": "36081115100", "city": "FLUSHING, NY", "zone_code": "R2", "zone_category": "Residential", "ev_permitted": false}, "geometry": {"type": "Polygon", "coordinates": [[[-73.8091156686525, 40.767722038653], [-73.809106453801, 40.7677902989912], [-73.809473686423, 40.7678188507483], [-73.8094828999738, 40.7677505917847], [-73.8091156686525, 40.767722038653]]]}}, {"type": "Feature", "properties": {"zone_id": "02044EOBNLF3VQKV78ZBOX", "tract_id": "36081115100", "city": "FLUSHING, NY", "zone_code": "R2", "zone_category": "Residential", "ev_permitted": false}, "geometry": {"type": "Polygon", "coordinates": [[[-73.8087637296432, 40.7675981067145], [-73.8087414519996, 40.7677619191061], [-73.809106453801, 40.7677902989912], [-73.8091285688579, 40.7676264743166], [-73.8087637296432, 40.7675981067145]]]}}, {"type": "Feature", "properties": {"zone_id": "0200NM8TAF9VPC59YZKARJ", "tract_id": "36081115100", "city": "FLUSHING, NY", "zone_code": "R2", "zone_category": "Residential", "ev_permitted": false}, "geometry": {"type": "Polygon", "coordinates": [[[-73.8087785807259, 40.7674888993846], [-73.8087637296432, 40.7675981067145], [-73.8091285688579, 40.7676264743166], [-73.8091433121652, 40.7675172590335], [-73.8087785807259, 40.7674888993846]]]}}, {"type": "Feature", "properties": {"zone_id": "0201VWLYE9ZV7GNSGVT2AL", "tract_id": "36081115100", "city": "FLUSHING, NY", "zone_code": "R2", "zone_category": "Residential", "ev_permitted": false}, "geometry": {"type": "Polygon", "coordinates": [[[-73.8097639236885, 40.7672954657052], [-73.8097553096803, 40.7673590839444], [-73.8101187030666, 40.7673879252373], [-73.8101273167315, 40.7673243069711], [-73.8097639236885, 40.7672954657052]]]}}, {"type": "Feature", "properties": {"zone_id": "02059AVQNQYSO3VAKMQL46", "tract_id": "36081115100", "city": "FLUSHING, NY", "zone_code": "R2", "zone_category": "Residential", "ev_permitted": false}, "geometry": {"type": "Polygon", "coordinates": [[[-73.8097553096803, 40.7673590839444], [-73.8097368222363, 40.7674955997129], [-73.8101002172837, 40.767524441065], [-73.8101187030666, 40.7673879252373], [-73.8097553096803, 40.7673590839444]]]}}, {"type": "Feature", "properties": {"zone_id": "0202NEKAT2X2N54MCRVC2Q", "tract_id": "36081115100", "city": "FLUSHING, NY", "zone_code": "R2", "zone_category": "Residential", "ev_permitted": false}, "geometry": {"type": "Polygon", "coordinates": [[[-73.8097824100952, 40.7671589506295], [-73.8097639236885, 40.7672954657052], [-73.8101273167315, 40.7673243069711], [-73.8101457863397, 40.7671879147758], [-73.8097824100952, 40.7671589506295]]]}}, {"type": "Feature", "properties": {"zone_id": "0200PQ61DCDQ0VO9WZF8IQ", "tract_id": "36081115100", "city": "FLUSHING, NY", "zone_code": "R2", "zone_category": "Residential", "ev_permitted": false}, "geometry": {"type": "Polygon", "coordinates": [[[-73.8097917594839, 40.7670899076961], [-73.8097824100952, 40.7671589506295], [-73.8101457863397, 40.7671879147758], [-73.8101551523415, 40.7671187488767], [-73.8097917594839, 40.7670899076961]]]}}, {"type": "Feature", "properties": {"zone_id": "0204GOOXW7B9AY0CUASWRO", "tract_id": "36081115100", "city": "FLUSHING, NY", "zone_code": "R2", "zone_category": "Residential", "ev_permitted": false}, "geometry": {"type": "Polygon", "coordinates": [[[-73.8098013977561, 40.7670187277608], [-73.8097917594839, 40.7670899076961], [-73.8101551523415, 40.7671187488767], [-73.8101647911537, 40.7670475689128], [-73.8098013977561, 40.7670187277608]]]}}, {"type": "Feature", "properties": {"zone_id": "02046JOMDH3Y985VFSD835", "tract_id": "36081115100", "city": "FLUSHING, NY", "zone_code": "R2", "zone_category": "Residential", "ev_permitted": false}, "geometry": {"type": "Polygon", "coordinates": [[[-73.8091769560856, 40.7672680260151], [-73.8091618257425, 40.7673801131202], [-73.8095290552002, 40.7674086654036], [-73.8095441849318, 40.7672965782508], [-73.8091769560856, 40.7672680260151]]]}}, {"type": "Feature", "properties": {"zone_id": "0203N2BTVVHH7929AZRTZA", "tract_id": "36081115100", "city": "FLUSHING, NY", "zone_code": "R2", "zone_category": "Residential", "ev_permitted": false}, "geometry": {"type": "Polygon", "coordinates": [[[-73.8091618257425, 40.7673801131202], [-73.8091525269412, 40.7674489986895], [-73.8095197567707, 40.7674775524076], [-73.8095290552002, 40.7674086654036], [-73.8091618257425, 40.7673801131202]]]}}, {"type": "Feature", "properties": {"zone_id": "0206HONKEQEB5AIK4UDJV4", "tract_id": "36081115100", "city": "FLUSHING, NY", "zone_code": "R2", "zone_category": "Residential", "ev_permitted": false}, "geometry": {"type": "Polygon", "coordinates": [[[-73.8091525269412, 40.7674489986895], [-73.8091433121652, 40.7675172590335], [-73.8095105423713, 40.7675458113753], [-73.8095197567707, 40.7674775524076], [-73.8091525269412, 40.7674489986895]]]}}, {"type": "Feature", "properties": {"zone_id": "0205ZAOFGAL7AKC3A1STYB", "tract_id": "36081115100", "city": "FLUSHING, NY", "zone_code": "R2", "zone_category": "Residential", "ev_permitted": false}, "geometry": {"type": "Polygon", "coordinates": [[[-73.8087878623968, 40.7674206448012], [-73.8087785807259, 40.7674888993846], [-73.8091433121652, 40.7675172590335], [-73.8091525269412, 40.7674489986895], [-73.8087878623968, 40.7674206448012]]]}}, {"type": "Feature", "properties": {"zone_id": "0202VKYUCUYQXJ28XNYRDM", "tract_id": "36081115100", "city": "FLUSHING, NY", "zone_code": "R2", "zone_category": "Residential", "ev_permitted": false}, "geometry": {"type": "Polygon", "coordinates": [[[-73.8087972299467, 40.7673517642931], [-73.8087878623968, 40.7674206448012], [-73.8091525269412, 40.7674489986895], [-73.8091618257425, 40.7673801131202], [-73.8087972299467, 40.7673517642931]]]}}, {"type": "Feature", "properties": {"zone_id": "0204HONY42VJWWQ7U4G16W", "tract_id": "36081115100", "city": "FLUSHING, NY", "zone_code": "R2", "zone_category": "Residential", "ev_permitted": false}, "geometry": {"type": "Polygon", "coordinates": [[[-73.8088108176902, 40.7672518467724], [-73.8087972299467, 40.7673517642931], [-73.8091618257425, 40.7673801131202], [-73.8091753140773, 40.7672801883667], [-73.8088108176902, 40.7672518467724]]]}}, {"type": "Feature", "properties": {"zone_id": "0205C31C4C169D3G4OQF3I", "tract_id": "36081115100", "city": "FLUSHING, NY", "zone_code": "R2", "zone_category": "Residential", "ev_permitted": false}, "geometry": {"type": "Polygon", "coordinates": [[[-73.8092170062882, 40.7669713335977], [-73.8091893282911, 40.7671763724734], [-73.8095565566371, 40.7672049246701], [-73.8095842335136, 40.7669998864096], [-73.8092170062882, 40.7669713335977]]]}}, {"type": "Feature", "properties": {"zone_id": "0205Z0PTQ1AMZ0OAZ1HW7D", "tract_id": "36081115100", "city": "FLUSHING, NY", "zone_code": "R2", "zone_category": "Residential", "ev_permitted": false}, "geometry": {"type": "Polygon", "coordinates": [[[-73.8091893282911, 40.7671763724734], [-73.8091769560856, 40.7672680260151], [-73.8095441849318, 40.7672965782508], [-73.8095565566371, 40.7672049246701], [-73.8091893282911, 40.7671763724734]]]}}, {"type": "Feature", "properties": {"zone_id": "0202MLF5FNCWI31TOH95L8", "tract_id": "36081115100", "city": "FLUSHING, NY", "zone_code": "R2", "zone_category": "Residential", "ev_permitted": false}, "geometry": {"type": "Polygon", "coordinates": [[[-73.8088397037861, 40.7670394307061], [-73.8088249341038, 40.7671480388209], [-73.8091893282911, 40.7671763724734], [-73.8092039902048, 40.767067755703], [-73.8088397037861, 40.7670394307061]]]}}, {"type": "Feature", "properties": {"zone_id": "0204IGLBY6TBRMWXP8V3DE", "tract_id": "36081115100", "city": "FLUSHING, NY", "zone_code": "R2", "zone_category": "Residential", "ev_permitted": false}, "geometry": {"type": "Polygon", "coordinates": [[[-73.8088249341038, 40.7671480388209], [-73.8088108176902, 40.7672518467724], [-73.8091753140773, 40.7672801883667], [-73.8091893282911, 40.7671763724734], [-73.8088249341038, 40.7671480388209]]]}}, {"type": "Feature", "properties": {"zone_id": "0203I5X67LNDUOXSG9FYW9", "tract_id": "36081115100", "city": "FLUSHING, NY", "zone_code": "R2", "zone_category": "Residential", "ev_permitted": false}, "geometry": {"type": "Polygon", "coordinates": [[[-73.8102012277974, 40.7667784782277], [-73.8101828697903, 40.7669140562461], [-73.8105466332972, 40.7669429249108], [-73.8105647549569, 40.7668073288813], [-73.8102012277974, 40.7667784782277]]]}}, {"type": "Feature", "properties": {"zone_id": "0201NL7L11123G05JJMHI3", "tract_id": "36081115100", "city": "FLUSHING, NY", "zone_code": "R2", "zone_category": "Residential", "ev_permitted": false}, "geometry": {"type": "Polygon", "coordinates": [[[-73.8101828697903, 40.7669140562461], [-73.8101647911537, 40.7670475689128], [-73.8105287882212, 40.7670764569886], [-73.8105466332972, 40.7669429249108], [-73.8101828697903, 40.7669140562461]]]}}, {"type": "Feature", "properties": {"zone_id": "0200WR04DQNQHIEHHA8VSK", "tract_id": "36081115100", "city": "FLUSHING, NY", "zone_code": "R2", "zone_category": "Residential", "ev_permitted": false}, "geometry": {"type": "Polygon", "coordinates": [[[-73.8102383306261, 40.7665044700306], [-73.8102196773208, 40.7666422173735], [-73.8105829681322, 40.766671049313], [-73.8106013786131, 40.7665332832449], [-73.8102383306261, 40.7665044700306]]]}}, {"type": "Feature", "properties": {"zone_id": "0203RUTMTTY9A7PP957NDF", "tract_id": "36081115100", "city": "FLUSHING, NY", "zone_code": "R2", "zone_category": "Residential", "ev_permitted": false}, "geometry": {"type": "Polygon", "coordinates": [[[-73.8102196773208, 40.7666422173735], [-73.8102106342866, 40.7667090095422], [-73.8105740400321, 40.7667378501302], [-73.8105829681322, 40.766671049313], [-73.8102196773208, 40.7666422173735]]]}}, {"type": "Feature", "properties": {"zone_id": "0205IAR8A0784YHZ792NEZ", "tract_id": "36081115100", "city": "FLUSHING, NY", "zone_code": "R2", "zone_category": "Residential", "ev_permitted": false}, "geometry": {"type": "Polygon", "coordinates": [[[-73.8102106342866, 40.7667090095422], [-73.8102012277974, 40.7667784782277], [-73.8105647549569, 40.7668073288813], [-73.8105740400321, 40.7667378501302], [-73.8102106342866, 40.7667090095422]]]}}, {"type": "Feature", "properties": {"zone_id": "0201XIMHF2TETOYAQQG5XT", "tract_id": "36081115100", "city": "FLUSHING, NY", "zone_code": "R2", "zone_category": "Residential", "ev_permitted": false}, "geometry": {"type": "Polygon", "coordinates": [[[-73.8104719054151, 40.7660983669609], [-73.8104344580577, 40.766378570696], [-73.8106200864311, 40.7663933021875], [-73.8106575330157, 40.7661130983926], [-73.8104719054151, 40.7660983669609]]]}}, {"type": "Feature", "properties": {"zone_id": "0203XV7ES057DKEHIDVLA9", "tract_id": "36081115100", "city": "FLUSHING, NY", "zone_code": "R2", "zone_category": "Residential", "ev_permitted": false}, "geometry": {"type": "Polygon", "coordinates": [[[-73.8102572821995, 40.7663645091061], [-73.8102383306261, 40.7665044700306], [-73.8106013786131, 40.7665332832449], [-73.8106200864311, 40.7663933021875], [-73.8102572821995, 40.7663645091061]]]}}, {"type": "Feature", "properties": {"zone_id": "0205GWXL804GJ1HTOIA8IF", "tract_id": "36081115100", "city": "FLUSHING, NY", "zone_code": "R2", "zone_category": "Residential", "ev_permitted": false}, "geometry": {"type": "Polygon", "coordinates": [[[-73.8102952181457, 40.7660843441747], [-73.8102572821995, 40.7663645091061], [-73.8104344580577, 40.766378570696], [-73.8104719054151, 40.7660983669609], [-73.8102952181457, 40.7660843441747]]]}}, {"type": "Feature", "properties": {"zone_id": "0204WMF30IF1FPWQFZ64JO", "tract_id": "36081115100", "city": "FLUSHING, NY", "zone_code": "R2", "zone_category": "Residential", "ev_permitted": false}, "geometry": {"type": "Polygon", "coordinates": [[[-73.8098194771153, 40.766885214448], [-73.8098013977561, 40.7670187277608], [-73.8101647911537, 40.7670475689128], [-73.8101828697903, 40.7669140562461], [-73.8098194771153, 40.766885214448]]]}}, {"type": "Feature", "properties": {"zone_id": "0206HJ18SY5LZB4XN57E72", "tract_id": "36081115100", "city": "FLUSHING, NY", "zone_code": "R2", "zone_category": "Residential", "ev_permitted": false}, "geometry": {"type": "Polygon", "coordinates": [[[-73.8098378367765, 40.7667496371911], [-73.8098194771153, 40.766885214448], [-73.8101828697903, 40.7669140562461], [-73.8102012277974, 40.7667784782277], [-73.8098378367765, 40.7667496371911]]]}}, {"type": "Feature", "properties": {"zone_id": "0206N11QFE69IEXAGG3FHR", "tract_id": "36081115100", "city": "FLUSHING, NY", "zone_code": "R2", "zone_category": "Residential", "ev_permitted": false}, "geometry": {"type": "Polygon", "coordinates": [[[-73.8098562879595, 40.766613376396], [-73.8098378367765, 40.7667496371911], [-73.8102012277974, 40.7667784782277], [-73.8102196773208, 40.7666422173735], [-73.8098562879595, 40.766613376396]]]}}, {"type": "Feature", "properties": {"zone_id": "0201CGKI5JP1IGNI6XK9TG", "tract_id": "36081115100", "city": "FLUSHING, NY", "zone_code": "R2", "zone_category": "Residential", "ev_permitted": false}, "geometry": {"type": "Polygon", "coordinates": [[[-73.80987494016, 40.7664756291083], [-73.8098562879595, 40.766613376396], [-73.8102196773208, 40.7666422173735], [-73.8102383306261, 40.7665044700306], [-73.80987494016, 40.7664756291083]]]}}, {"type": "Feature", "properties": {"zone_id": "0202PR6BP8LUH4L9S69UE1", "tract_id": "36081115100", "city": "FLUSHING, NY", "zone_code": "R2", "zone_category": "Residential", "ev_permitted": false}, "geometry": {"type": "Polygon", "coordinates": [[[-73.8092538325962, 40.7666985211801], [-73.8092354345928, 40.7668348135866], [-73.8096026619974, 40.7668633663419], [-73.8096210583331, 40.7667270738758], [-73.8092538325962, 40.7666985211801]]]}}, {"type": "Feature", "properties": {"zone_id": "02070CIL2IF43UTPWREE53", "tract_id": "36081115100", "city": "FLUSHING, NY", "zone_code": "R2", "zone_category": "Residential", "ev_permitted": false}, "geometry": {"type": "Polygon", "coordinates": [[[-73.8092354345928, 40.7668348135866], [-73.8092170062882, 40.7669713335977], [-73.8095842335136, 40.7669998864096], [-73.8096026619974, 40.7668633663419], [-73.8092354345928, 40.7668348135866]]]}}, {"type": "Feature", "properties": {"zone_id": "0206FNKFITRB46TFJ4LW81", "tract_id": "36081115100", "city": "FLUSHING, NY", "zone_code": "R2", "zone_category": "Residential", "ev_permitted": false}, "geometry": {"type": "Polygon", "coordinates": [[[-73.8088547198213, 40.7669290143617], [-73.8088397037861, 40.7670394307061], [-73.8092039902048, 40.767067755703], [-73.8092188966136, 40.7669573306991], [-73.8088547198213, 40.7669290143617]]]}}, {"type": "Feature", "properties": {"zone_id": "0202UG6DT4Q2C4CW3CKPXP", "tract_id": "36081115100", "city": "FLUSHING, NY", "zone_code": "R2", "zone_category": "Residential", "ev_permitted": false}, "geometry": {"type": "Polygon", "coordinates": [[[-73.80887137858, 40.7668065066346], [-73.8088547198213, 40.7669290143617], [-73.8092188966136, 40.7669573306991], [-73.8092354345928, 40.7668348135866], [-73.80887137858, 40.7668065066346]]]}}, {"type": "Feature", "properties": {"zone_id": "0202MOSSX62Z1GB0DFVYVY", "tract_id": "36081115100", "city": "FLUSHING, NY", "zone_code": "R2", "zone_category": "Residential", "ev_permitted": false}, "geometry": {"type": "Polygon", "coordinates": [[[-73.8092813128591, 40.7664949434708], [-73.8092538325962, 40.7666985211801], [-73.8096210583331, 40.7667270738758], [-73.8096485374853, 40.7665234960798], [-73.8092813128591, 40.7664949434708]]]}}, {"type": "Feature", "properties": {"zone_id": "0200GSZ4IA4OCHGHUXA5N1", "tract_id": "36081115100", "city": "FLUSHING, NY", "zone_code": "R2", "zone_category": "Residential", "ev_permitted": false}, "geometry": {"type": "Polygon", "coordinates": [[[-73.8088899122218, 40.7666702243467], [-73.80887137858, 40.7668065066346], [-73.8092354345928, 40.7668348135866], [-73.8092538325962, 40.7666985211801], [-73.8088899122218, 40.7666702243467]]]}}, {"type": "Feature", "properties": {"zone_id": "0202C4P3PKC24UFPF9RRAM", "tract_id": "36081115100", "city": "FLUSHING, NY", "zone_code": "R2", "zone_category": "Residential", "ev_permitted": false}, "geometry": {"type": "Polygon", "coordinates": [[[-73.8089083315859, 40.7665347702942], [-73.8088899122218, 40.7666702243467], [-73.8092538325962, 40.7666985211801], [-73.8092721191016, 40.7665630563115], [-73.8089083315859, 40.7665347702942]]]}}, {"type": "Feature", "properties": {"zone_id": "0203OS6UVB30MLNKUSAT40", "tract_id": "36081115100", "city": "FLUSHING, NY", "zone_code": "R2", "zone_category": "Residential", "ev_permitted": false}, "geometry": {"type": "Polygon", "coordinates": [[[-73.8098938924888, 40.7663356682429], [-73.80987494016, 40.7664756291083], [-73.8102383306261, 40.7665044700306], [-73.8102572821995, 40.7663645091061], [-73.8098938924888, 40.7663356682429]]]}}, {"type": "Feature", "properties": {"zone_id": "02003DATOFYMJ53HYO40M1", "tract_id": "36081115100", "city": "FLUSHING, NY", "zone_code": "R2", "zone_category": "Residential", "ev_permitted": false}, "geometry": {"type": "Polygon", "coordinates": [[[-73.8099318290231, 40.7660555034284], [-73.8098938924888, 40.7663356682429], [-73.8100804233361, 40.7663504723591], [-73.8101178721671, 40.7660702687378], [-73.8099318290231, 40.7660555034284]]]}}, {"type": "Feature", "properties": {"zone_id": "02027OFRBEQJ2Y6MZHHRCO", "tract_id": "36081115100", "city": "FLUSHING, NY", "zone_code": "R2", "zone_category": "Residential", "ev_permitted": false}, "geometry": {"type": "Polygon", "coordinates": [[[-73.8101178721671, 40.7660702687378], [-73.8100804233361, 40.7663504723591], [-73.8102572821995, 40.7663645091061], [-73.8102952181457, 40.7660843441747], [-73.8101178721671, 40.7660702687378]]]}}, {"type": "Feature", "properties": {"zone_id": "0205815Z7RIR8JGKXJW21N", "tract_id": "36081115100", "city": "FLUSHING, NY", "zone_code": "R2", "zone_category": "Residential", "ev_permitted": false}, "geometry": {"type": "Polygon", "coordinates": [[[-73.8093102913982, 40.7662802655709], [-73.8092813128591, 40.7664949434708], [-73.8093015320918, 40.766496516457], [-73.8093159075799, 40.7663900190991], [-73.8096629124224, 40.7664169993818], [-73.8096775139289, 40.7663088180869], [-73.8093102913982, 40.7662802655709]]]}}, {"type": "Feature", "properties": {"zone_id": "0204YMPHAMQ747KWCYTOGI", "tract_id": "36081115100", "city": "FLUSHING, NY", "zone_code": "R2", "zone_category": "Residential", "ev_permitted": false}, "geometry": {"type": "Polygon", "coordinates": [[[-73.8093159075799, 40.7663900190991], [-73.8093015320918, 40.766496516457], [-73.8096485374853, 40.7665234960798], [-73.8096629124224, 40.7664169993818], [-73.8093159075799, 40.7663900190991]]]}}, {"type": "Feature", "properties": {"zone_id": "02022YBWJMTZNAGCZQZ1UC", "tract_id": "36081115100", "city": "FLUSHING, NY", "zone_code": "R2", "zone_category": "Residential", "ev_permitted": false}, "geometry": {"type": "Polygon", "coordinates": [[[-73.8089450444761, 40.7662648028196], [-73.8089083315859, 40.7665347702942], [-73.8092721191016, 40.7665630563115], [-73.8093085625823, 40.7662930679016], [-73.8089450444761, 40.7662648028196]]]}}, {"type": "Feature", "properties": {"zone_id": "0205N1N2X426AHLEGUHL1C", "tract_id": "36081115100", "city": "FLUSHING, NY", "zone_code": "R2", "zone_category": "Residential", "ev_permitted": false}, "geometry": {"type": "Polygon", "coordinates": [[[-73.8093468393461, 40.7660095107139], [-73.8093284115003, 40.7661460300569], [-73.809695635147, 40.7661745825188], [-73.8097140613258, 40.7660380624135], [-73.8093468393461, 40.7660095107139]]]}}, {"type": "Feature", "properties": {"zone_id": "02075Y714GBJEZ5DRUIAS0", "tract_id": "36081115100", "city": "FLUSHING, NY", "zone_code": "R2", "zone_category": "Residential", "ev_permitted": false}, "geometry": {"type": "Polygon", "coordinates": [[[-73.8093284115003, 40.7661460300569], [-73.8093102913982, 40.7662802655709], [-73.8096775139289, 40.7663088180869], [-73.809695635147, 40.7661745825188], [-73.8093284115003, 40.7661460300569]]]}}, {"type": "Feature", "properties": {"zone_id": "0206BKGZ42BD60OYV8EEJM", "tract_id": "36081115100", "city": "FLUSHING, NY", "zone_code": "R2", "zone_category": "Residential", "ev_permitted": false}, "geometry": {"type": "Polygon", "coordinates": [[[-73.8089836008844, 40.7659812672923], [-73.8089450444761, 40.7662648028196], [-73.8091284481508, 40.7662790636526], [-73.8091667256755, 40.7659955058216], [-73.8089836008844, 40.7659812672923]]]}}, {"type": "Feature", "properties": {"zone_id": "0200FNMDMV5H49Z2MRD284", "tract_id": "36081115100", "city": "FLUSHING, NY", "zone_code": "R2", "zone_category": "Residential", "ev_permitted": false}, "geometry": {"type": "Polygon", "coordinates": [[[-73.8091667256755, 40.7659955058216], [-73.8091284481508, 40.7662790636526], [-73.8093085625823, 40.7662930679016], [-73.8093468393461, 40.7660095107139], [-73.8091667256755, 40.7659955058216]]]}}, {"type": "Feature", "properties": {"zone_id": "0200VCONRR8ECR64MMHJ9B", "tract_id": "36081115100", "city": "FLUSHING, NY", "zone_code": "R2", "zone_category": "Residential", "ev_permitted": false}, "geometry": {"type": "Polygon", "coordinates": [[[-73.8087228884505, 40.7678984275545], [-73.8087043238971, 40.7680349374007], [-73.8090695960608, 40.7680633382249], [-73.8090880249677, 40.7679268189622], [-73.8087228884505, 40.7678984275545]]]}}, {"type": "Feature", "properties": {"zone_id": "0200REJQV7H1QE34BIVSWD", "tract_id": "36081115100", "city": "FLUSHING, NY", "zone_code": "R1-2A", "zone_category": "Residential", "ev_permitted": false}, "geometry": {"type": "Polygon", "coordinates": [[[-73.8081513568536, 40.7678442258675], [-73.8081439252193, 40.7678988294803], [-73.8085013570022, 40.7679267173563], [-73.8085087874203, 40.7678721144218], [-73.8081513568536, 40.7678442258675]]]}}, {"type": "Feature", "properties": {"zone_id": "0200VWLTXZGUOH1HC1MMMM", "tract_id": "36081115100", "city": "FLUSHING, NY", "zone_code": "R1-2A", "zone_category": "Residential", "ev_permitted": false}, "geometry": {"type": "Polygon", "coordinates": [[[-73.8081439252193, 40.7678988294803], [-73.8081216330179, 40.7680626396152], [-73.8084790647465, 40.7680905275582], [-73.8085013570022, 40.7679267173563], [-73.8081439252193, 40.7678988294803]]]}}, {"type": "Feature", "properties": {"zone_id": "02027K6XYHY7BWWA036AN9", "tract_id": "36081115100", "city": "FLUSHING, NY", "zone_code": "R1-2A", "zone_category": "Residential", "ev_permitted": false}, "geometry": {"type": "Polygon", "coordinates": [[[-73.8081964837326, 40.767512623118], [-73.8081736489067, 40.7676804164241], [-73.8085310795298, 40.7677083042088], [-73.8085539134648, 40.7675405108326], [-73.8081964837326, 40.767512623118]]]}}, {"type": "Feature", "properties": {"zone_id": "0207FBLW8CWKT6MX8RPDAT", "tract_id": "36081115100", "city": "FLUSHING, NY", "zone_code": "R1-2A", "zone_category": "Residential", "ev_permitted": false}, "geometry": {"type": "Polygon", "coordinates": [[[-73.8081736489067, 40.7676804164241], [-73.8081513568536, 40.7678442258675], [-73.8085087874203, 40.7678721144218], [-73.8085310795298, 40.7677083042088], [-73.8081736489067, 40.7676804164241]]]}}, {"type": "Feature", "properties": {"zone_id": "02055KVKHDWCUTVIBC0YK9", "tract_id": "36081115100", "city": "FLUSHING, NY", "zone_code": "R1-2A", "zone_category": "Residential", "ev_permitted": false}, "geometry": {"type": "Polygon", "coordinates": [[[-73.8077982074521, 40.7677590137021], [-73.8077697732763, 40.7679650515402], [-73.8081310767705, 40.7679932428419], [-73.8081591208419, 40.7677871747562], [-73.8077982074521, 40.7677590137021]]]}}, {"type": "Feature", "properties": {"zone_id": "020634FV2W0UJWKOUIR7C0", "tract_id": "36081115100", "city": "FLUSHING, NY", "zone_code": "R1-2A", "zone_category": "Residential", "ev_permitted": false}, "geometry": {"type": "Polygon", "coordinates": [[[-73.8078208108051, 40.7675952280304], [-73.8077982074521, 40.7677590137021], [-73.8081591208419, 40.7677871747562], [-73.8081814137831, 40.7676233646088], [-73.8078208108051, 40.7675952280304]]]}}, {"type": "Feature", "properties": {"zone_id": "02060120HBMWJRS2P45DV9", "tract_id": "36081115100", "city": "FLUSHING, NY", "zone_code": "R1-2A", "zone_category": "Residential", "ev_permitted": false}, "geometry": {"type": "Polygon", "coordinates": [[[-73.8080952947893, 40.7672256770978], [-73.8080764263125, 40.7673643245323], [-73.8085726205033, 40.7674030400044], [-73.8085914879581, 40.7672643924894], [-73.8080952947893, 40.7672256770978]]]}}, {"type": "Feature", "properties": {"zone_id": "020231CJQ8XESZTIIFGFGY", "tract_id": "36081115100", "city": "FLUSHING, NY", "zone_code": "R1-2A", "zone_category": "Residential", "ev_permitted": false}, "geometry": {"type": "Polygon", "coordinates": [[[-73.8080764263125, 40.7673643245323], [-73.808058380132, 40.7674969326034], [-73.8085545753003, 40.7675356481524], [-73.8085726205033, 40.7674030400044], [-73.8080764263125, 40.7673643245323]]]}}, {"type": "Feature", "properties": {"zone_id": "0205MOWKQ8NSCFND8128EB", "tract_id": "36081115100", "city": "FLUSHING, NY", "zone_code": "R1-2A", "zone_category": "Residential", "ev_permitted": false}, "geometry": {"type": "Polygon", "coordinates": [[[-73.8081971455939, 40.7675077604399], [-73.8081964837326, 40.767512623118], [-73.8085539134648, 40.7675405108326], [-73.8085545753003, 40.7675356481524], [-73.8081971455939, 40.7675077604399]]]}}, {"type": "Feature", "properties": {"zone_id": "020571I355JRA8Q46O71ET", "tract_id": "36081115100", "city": "FLUSHING, NY", "zone_code": "R1-2A", "zone_category": "Residential", "ev_permitted": false}, "geometry": {"type": "Polygon", "coordinates": [[[-73.8082705835247, 40.7669681246374], [-73.8082557215612, 40.7670773311906], [-73.80861314898, 40.7671052194258], [-73.8086280094416, 40.7669960121227], [-73.8082705835247, 40.7669681246374]]]}}, {"type": "Feature", "properties": {"zone_id": "0202UTJQE2X541J6DB852M", "tract_id": "36081115100", "city": "FLUSHING, NY", "zone_code": "R1-2A", "zone_category": "Residential", "ev_permitted": false}, "geometry": {"type": "Polygon", "coordinates": [[[-73.8082557215612, 40.7670773311906], [-73.8082340606182, 40.7672365041892], [-73.8085914879581, 40.7672643924894], [-73.80861314898, 40.7671052194258], [-73.8082557215612, 40.7670773311906]]]}}, {"type": "Feature", "properties": {"zone_id": "0201LXC3M6ZDXDAPIU32RI", "tract_id": "36081115100", "city": "FLUSHING, NY", "zone_code": "R1-2A", "zone_category": "Residential", "ev_permitted": false}, "geometry": {"type": "Polygon", "coordinates": [[[-73.8078434140489, 40.7674314416477], [-73.8078208108051, 40.7675952280304], [-73.8081814137831, 40.7676233646088], [-73.8081962476738, 40.7675143632022], [-73.8080574812741, 40.767503535363], [-73.8080649394016, 40.7674487273239], [-73.8078434140489, 40.7674314416477]]]}}, {"type": "Feature", "properties": {"zone_id": "0202NQOBUM8KGEWCX3N2SU", "tract_id": "36081115100", "city": "FLUSHING, NY", "zone_code": "R1-2A", "zone_category": "Residential", "ev_permitted": false}, "geometry": {"type": "Polygon", "coordinates": [[[-73.808058380132, 40.7674969326034], [-73.8080574812741, 40.767503535363], [-73.8081962476738, 40.7675143632022], [-73.8081971455939, 40.7675077604399], [-73.808058380132, 40.7674969326034]]]}}, {"type": "Feature", "properties": {"zone_id": "02036CUP4B22OT3WO93MYZ", "tract_id": "36081115100", "city": "FLUSHING, NY", "zone_code": "R1-2A", "zone_category": "Residential", "ev_permitted": false}, "geometry": {"type": "Polygon", "coordinates": [[[-73.8078660140742, 40.7672684120112], [-73.8078434140489, 40.7674314416477], [-73.8080649394016, 40.7674487273239], [-73.8080871314172, 40.7672856653461], [-73.8078660140742, 40.7672684120112]]]}}, {"type": "Feature", "properties": {"zone_id": "0204M86OQVF2XRPSBG22CK", "tract_id": "36081115100", "city": "FLUSHING, NY", "zone_code": "R1-2A", "zone_category": "Residential", "ev_permitted": false}, "geometry": {"type": "Polygon", "coordinates": [[[-73.8078886192748, 40.7671038702608], [-73.8078660140742, 40.7672684120112], [-73.8080871314172, 40.7672856653461], [-73.8080952947893, 40.7672256770978], [-73.8082340606182, 40.7672365041892], [-73.8082482910222, 40.7671319348179], [-73.8078886192748, 40.7671038702608]]]}}, {"type": "Feature", "properties": {"zone_id": "0204U4MKZPUVAA9R9JLQIB", "tract_id": "36081115100", "city": "FLUSHING, NY", "zone_code": "R1-2A", "zone_category": "Residential", "ev_permitted": false}, "geometry": {"type": "Polygon", "coordinates": [[[-73.8079112221831, 40.7669400845554], [-73.8078886192748, 40.7671038702608], [-73.8082482910222, 40.7671319348179], [-73.8082705835247, 40.7669681246374], [-73.8079112221831, 40.7669400845554]]]}}, {"type": "Feature", "properties": {"zone_id": "0201JZEUJUY938ETTCQBZT", "tract_id": "36081115100", "city": "FLUSHING, NY", "zone_code": "R1-2A", "zone_category": "Residential", "ev_permitted": false}, "geometry": {"type": "Polygon", "coordinates": [[[-73.8072038909533, 40.7678752742239], [-73.8071601890545, 40.7681958753794], [-73.8075143925386, 40.7682245190757], [-73.8075582815951, 40.7679025317639], [-73.8072038909533, 40.7678752742239]]]}}, {"type": "Feature", "properties": {"zone_id": "0202Z86XDCDL5N26WNTHGT", "tract_id": "36081115100", "city": "FLUSHING, NY", "zone_code": "R1-2A", "zone_category": "Residential", "ev_permitted": false}, "geometry": {"type": "Polygon", "coordinates": [[[-73.8072258607277, 40.7677140979735], [-73.8072038909533, 40.7678752742239], [-73.8075582815951, 40.7679025317639], [-73.8075802514471, 40.7677413547454], [-73.8072258607277, 40.7677140979735]]]}}, {"type": "Feature", "properties": {"zone_id": "0203TTYC3X3KGKC6P18G9I", "tract_id": "36081115100", "city": "FLUSHING, NY", "zone_code": "R1-2A", "zone_category": "Residential", "ev_permitted": false}, "geometry": {"type": "Polygon", "coordinates": [[[-73.8068533989054, 40.7678483165416], [-73.8068101271607, 40.7681675663807], [-73.8071601890545, 40.7681958753794], [-73.8072038909533, 40.7678752742239], [-73.8068533989054, 40.7678483165416]]]}}, {"type": "Feature", "properties": {"zone_id": "0200GFU7HWAP2QT5SW9X51", "tract_id": "36081115100", "city": "FLUSHING, NY", "zone_code": "R1-2A", "zone_category": "Residential", "ev_permitted": false}, "geometry": {"type": "Polygon", "coordinates": [[[-73.8072476462547, 40.7675542775318], [-73.8072258607277, 40.7677140979735], [-73.8075802514471, 40.7677413547454], [-73.8076020474745, 40.7675814471269], [-73.8072476462547, 40.7675542775318]]]}}, {"type": "Feature", "properties": {"zone_id": "0202TGQXO87R53801ISOB3", "tract_id": "36081115100", "city": "FLUSHING, NY", "zone_code": "R1-2A", "zone_category": "Residential", "ev_permitted": false}, "geometry": {"type": "Polygon", "coordinates": [[[-73.8068752457066, 40.7676871303127], [-73.8068533989054, 40.7678483165416], [-73.8072038909533, 40.7678752742239], [-73.8072258607277, 40.7677140979735], [-73.8068752457066, 40.7676871303127]]]}}, {"type": "Feature", "properties": {"zone_id": "0202KYU41EGWPUGV9BV4K7", "tract_id": "36081115100", "city": "FLUSHING, NY", "zone_code": "R1-2A", "zone_category": "Residential", "ev_permitted": false}, "geometry": {"type": "Polygon", "coordinates": [[[-73.8068969091739, 40.7675273012987], [-73.8068752457066, 40.7676871303127], [-73.8072258607277, 40.7677140979735], [-73.8072476462547, 40.7675542775318], [-73.8068969091739, 40.7675273012987]]]}}, {"type": "Feature", "properties": {"zone_id": "0205K3VC0LHYTHTVQ8CSWV", "tract_id": "36081115100", "city": "FLUSHING, NY", "zone_code": "R1-2A", "zone_category": "Residential", "ev_permitted": false}, "geometry": {"type": "Polygon", "coordinates": [[[-73.8062830065015, 40.7677491389588], [-73.806260779479, 40.7679140850481], [-73.8066262098656, 40.7679421608294], [-73.8066484378388, 40.7677772153761], [-73.8062830065015, 40.7677491389588]]]}}, {"type": "Feature", "properties": {"zone_id": "020631DLI6LMZ1UA62BXZU", "tract_id": "36081115100", "city": "FLUSHING, NY", "zone_code": "R1-2A", "zone_category": "Residential", "ev_permitted": false}, "geometry": {"type": "Polygon", "coordinates": [[[-73.806260779479, 40.7679140850481], [-73.8062324389235, 40.7681244053515], [-73.8065979356276, 40.7681519972017], [-73.8066262098656, 40.7679421608294], [-73.806260779479, 40.7679140850481]]]}}, {"type": "Feature", "properties": {"zone_id": "0205H3F89L6L6Y5COGFKZ5", "tract_id": "36081115100", "city": "FLUSHING, NY", "zone_code": "R1-2A", "zone_category": "Residential", "ev_permitted": false}, "geometry": {"type": "Polygon", "coordinates": [[[-73.8063047176565, 40.7675880263842], [-73.8062830065015, 40.7677491389588], [-73.8066484378388, 40.7677772153761], [-73.8066701471948, 40.7676161027317], [-73.8063047176565, 40.7675880263842]]]}}, {"type": "Feature", "properties": {"zone_id": "0200Z8G4TN4LRYRYQTZWG9", "tract_id": "36081115100", "city": "FLUSHING, NY", "zone_code": "R1-2A", "zone_category": "Residential", "ev_permitted": false}, "geometry": {"type": "Polygon", "coordinates": [[[-73.806370455063, 40.767100184905], [-73.8063486752427, 40.7672618194607], [-73.8067141030096, 40.7672898956701], [-73.8067358828763, 40.7671282610476], [-73.806370455063, 40.767100184905]]]}}, {"type": "Feature", "properties": {"zone_id": "0207FZ4MQ25BN9RR0SGI01", "tract_id": "36081115100", "city": "FLUSHING, NY", "zone_code": "R1-2A", "zone_category": "Residential", "ev_permitted": false}, "geometry": {"type": "Polygon", "coordinates": [[[-73.805989665148, 40.7671754303954], [-73.8059669999142, 40.7673415118988], [-73.8063341354765, 40.767369720072], [-73.8063565179883, 40.7672036176463], [-73.805989665148, 40.7671754303954]]]}}, {"type": "Feature", "properties": {"zone_id": "0200OQN89M6SIVFKHHYJKO", "tract_id": "36081115100", "city": "FLUSHING, NY", "zone_code": "R1-2A", "zone_category": "Residential", "ev_permitted": false}, "geometry": {"type": "Polygon", "coordinates": [[[-73.8072927060568, 40.7672237086086], [-73.8072706176495, 40.7673857517611], [-73.8076250066401, 40.7674130083967], [-73.8076470932699, 40.7672509651753], [-73.8072927060568, 40.7672237086086]]]}}, {"type": "Feature", "properties": {"zone_id": "0200Y6WN64L0YC1PEYV1Y4", "tract_id": "36081115100", "city": "FLUSHING, NY", "zone_code": "R1-2A", "zone_category": "Residential", "ev_permitted": false}, "geometry": {"type": "Polygon", "coordinates": [[[-73.8072706176495, 40.7673857517611], [-73.8072476462547, 40.7675542775318], [-73.8076020474745, 40.7675814471269], [-73.8076250066401, 40.7674130083967], [-73.8072706176495, 40.7673857517611]]]}}, {"type": "Feature", "properties": {"zone_id": "0203BO76X4L5NYX691WZLV", "tract_id": "36081115100", "city": "FLUSHING, NY", "zone_code": "R1-2A", "zone_category": "Residential", "ev_permitted": false}, "geometry": {"type": "Polygon", "coordinates": [[[-73.8069197520918, 40.7673587648408], [-73.8068969091739, 40.7675273012987], [-73.8072476462547, 40.7675542775318], [-73.8072706176495, 40.7673857517611], [-73.8069197520918, 40.7673587648408]]]}}, {"type": "Feature", "properties": {"zone_id": "0203TWGFB0NZ4B41BBRJ6X", "tract_id": "36081115100", "city": "FLUSHING, NY", "zone_code": "R1-2A", "zone_category": "Residential", "ev_permitted": false}, "geometry": {"type": "Polygon", "coordinates": [[[-73.8069417166058, 40.7671967124113], [-73.8069197520918, 40.7673587648408], [-73.8072706176495, 40.7673857517611], [-73.8072927060568, 40.7672237086086], [-73.8069417166058, 40.7671967124113]]]}}, {"type": "Feature", "properties": {"zone_id": "0205NFQ1D9KZDWVGNCPLWW", "tract_id": "36081115100", "city": "FLUSHING, NY", "zone_code": "R1-2A", "zone_category": "Residential", "ev_permitted": false}, "geometry": {"type": "Polygon", "coordinates": [[[-73.8073154817612, 40.7670566194241], [-73.8072927060568, 40.7672237086086], [-73.8076470932699, 40.7672509651753], [-73.8076698680966, 40.7670838752187], [-73.8073154817612, 40.7670566194241]]]}}, {"type": "Feature", "properties": {"zone_id": "02026F54S2YM12MY0HPHEX", "tract_id": "36081115100", "city": "FLUSHING, NY", "zone_code": "R1-2A", "zone_category": "Residential", "ev_permitted": false}, "geometry": {"type": "Polygon", "coordinates": [[[-73.8069643647493, 40.767029613243], [-73.8069417166058, 40.7671967124113], [-73.8072927060568, 40.7672237086086], [-73.8073154817612, 40.7670566194241], [-73.8069643647493, 40.767029613243]]]}}, {"type": "Feature", "properties": {"zone_id": "0204N2H1XKKV0ZWAFXC7EQ", "tract_id": "36081115100", "city": "FLUSHING, NY", "zone_code": "R1-2A", "zone_category": "Residential", "ev_permitted": false}, "geometry": {"type": "Polygon", "coordinates": [[[-73.8063486752427, 40.7672618194607], [-73.8063263011974, 40.7674278572534], [-73.8066917298679, 40.7674559328304], [-73.8067141030096, 40.7672898956701], [-73.8063486752427, 40.7672618194607]]]}}, {"type": "Feature", "properties": {"zone_id": "0207ACN5HOYP5ALNV1Y82Q", "tract_id": "36081115100", "city": "FLUSHING, NY", "zone_code": "R1-2A", "zone_category": "Residential", "ev_permitted": false}, "geometry": {"type": "Polygon", "coordinates": [[[-73.8063263011974, 40.7674278572534], [-73.8063047176565, 40.7675880263842], [-73.8066701471948, 40.7676161027317], [-73.8066917298679, 40.7674559328304], [-73.8063263011974, 40.7674278572534]]]}}, {"type": "Feature", "properties": {"zone_id": "0205TNTH393QTQI9W8A2X9", "tract_id": "36081115100", "city": "FLUSHING, NY", "zone_code": "R1-2A", "zone_category": "Residential", "ev_permitted": false}, "geometry": {"type": "Polygon", "coordinates": [[[-73.8063923635949, 40.7669374740897], [-73.806370455063, 40.767100184905], [-73.8067358828763, 40.7671282610476], [-73.8067578071579, 40.766965550894], [-73.8063923635949, 40.7669374740897]]]}}, {"type": "Feature", "properties": {"zone_id": "02072KYT0L743POKYVM6FP", "tract_id": "36081115100", "city": "FLUSHING, NY", "zone_code": "R1-2A", "zone_category": "Residential", "ev_permitted": false}, "geometry": {"type": "Polygon", "coordinates": [[[-73.8060120186588, 40.7670116249622], [-73.805989665148, 40.7671754303954], [-73.8063565179883, 40.7672036176463], [-73.806378593414, 40.7670397905972], [-73.8060120186588, 40.7670116249622]]]}}, {"type": "Feature", "properties": {"zone_id": "0203OS0AFTDY4DGVUZCFL9", "tract_id": "36081115100", "city": "FLUSHING, NY", "zone_code": "R1-2A", "zone_category": "Residential", "ev_permitted": false}, "geometry": {"type": "Polygon", "coordinates": [[[-73.8083003063814, 40.7667497115182], [-73.8082928759175, 40.7668043144485], [-73.8086503009625, 40.766832202568], [-73.8086577311385, 40.7667775989123], [-73.8083003063814, 40.7667497115182]]]}}, {"type": "Feature", "properties": {"zone_id": "0207NJML8FLVEUUJKN7RT4", "tract_id": "36081115100", "city": "FLUSHING, NY", "zone_code": "R1-2A", "zone_category": "Residential", "ev_permitted": false}, "geometry": {"type": "Polygon", "coordinates": [[[-73.8082928759175, 40.7668043144485], [-73.8082705835247, 40.7669681246374], [-73.8086280094416, 40.7669960121227], [-73.8086503009625, 40.766832202568], [-73.8082928759175, 40.7668043144485]]]}}, {"type": "Feature", "properties": {"zone_id": "02030CLRRZ21HG77FFDHU0", "tract_id": "36081115100", "city": "FLUSHING, NY", "zone_code": "R1-2A", "zone_category": "Residential", "ev_permitted": false}, "geometry": {"type": "Polygon", "coordinates": [[[-73.80833745945, 40.7664766940442], [-73.8083003063814, 40.7667497115182], [-73.8086577311385, 40.7667775989123], [-73.8086948836796, 40.7665045820284], [-73.80833745945, 40.7664766940442]]]}}, {"type": "Feature", "properties": {"zone_id": "0203T0Y0FIM56TYR73UZVK", "tract_id": "36081115100", "city": "FLUSHING, NY", "zone_code": "R1-2A", "zone_category": "Residential", "ev_permitted": false}, "geometry": {"type": "Polygon", "coordinates": [[[-73.8079338249782, 40.7667762995443], [-73.8079112221831, 40.7669400845554], [-73.8082705835247, 40.7669681246374], [-73.8082928759175, 40.7668043144485], [-73.8079338249782, 40.7667762995443]]]}}, {"type": "Feature", "properties": {"zone_id": "0201UWDKT7GER45SS8NH6L", "tract_id": "36081115100", "city": "FLUSHING, NY", "zone_code": "R1-2A", "zone_category": "Residential", "ev_permitted": false}, "geometry": {"type": "Polygon", "coordinates": [[[-73.8079564276661, 40.7666125131195], [-73.8079338249782, 40.7667762995443], [-73.8082928759175, 40.7668043144485], [-73.8083151672765, 40.7666405042497], [-73.8079564276661, 40.7666125131195]]]}}, {"type": "Feature", "properties": {"zone_id": "0206SVFLCHVBR4Y9JFIPAZ", "tract_id": "36081115100", "city": "FLUSHING, NY", "zone_code": "R1-2A", "zone_category": "Residential", "ev_permitted": false}, "geometry": {"type": "Polygon", "coordinates": [[[-73.8079790302408, 40.7664487273888], [-73.8079564276661, 40.7666125131195], [-73.8083151672765, 40.7666405042497], [-73.80833745945, 40.7664766940442], [-73.8079790302408, 40.7664487273888]]]}}, {"type": "Feature", "properties": {"zone_id": "0201CJQQKQX8O2H9E94CFO", "tract_id": "36081115100", "city": "FLUSHING, NY", "zone_code": "R1-2A", "zone_category": "Residential", "ev_permitted": false}, "geometry": {"type": "Polygon", "coordinates": [[[-73.8073821378792, 40.766567606147], [-73.8073596892204, 40.766732294227], [-73.8077140756944, 40.7667595505927], [-73.8077365216377, 40.7665948624412], [-73.8073821378792, 40.766567606147]]]}}, {"type": "Feature", "properties": {"zone_id": "0205SRBX6VZMF8SJ4BQQH1", "tract_id": "36081115100", "city": "FLUSHING, NY", "zone_code": "R1-2A", "zone_category": "Residential", "ev_permitted": false}, "geometry": {"type": "Polygon", "coordinates": [[[-73.808382043466, 40.7661490743109], [-73.8083597515118, 40.7663128845331], [-73.8087171739495, 40.7663407717445], [-73.8087394650319, 40.7661769621566], [-73.808382043466, 40.7661490743109]]]}}, {"type": "Feature", "properties": {"zone_id": "02063SYHMAQ3WGAX7T2IFM", "tract_id": "36081115100", "city": "FLUSHING, NY", "zone_code": "R1-2A", "zone_category": "Residential", "ev_permitted": false}, "geometry": {"type": "Polygon", "coordinates": [[[-73.8083597515118, 40.7663128845331], [-73.80833745945, 40.7664766940442], [-73.8086948836796, 40.7665045820284], [-73.8087171739495, 40.7663407717445], [-73.8083597515118, 40.7663128845331]]]}}, {"type": "Feature", "properties": {"zone_id": "0205JL590684AZK3I30BF1", "tract_id": "36081115100", "city": "FLUSHING, NY", "zone_code": "R1-2A", "zone_category": "Residential", "ev_permitted": false}, "geometry": {"type": "Polygon", "coordinates": [[[-73.8084117655916, 40.7659306611365], [-73.808382043466, 40.7661490743109], [-73.8087394650319, 40.7661769621566], [-73.8087691859999, 40.7659585481882], [-73.8084117655916, 40.7659306611365]]]}}, {"type": "Feature", "properties": {"zone_id": "02079Q5AK3FTLC38P5UCRP", "tract_id": "36081115100", "city": "FLUSHING, NY", "zone_code": "R1-2A", "zone_category": "Residential", "ev_permitted": false}, "geometry": {"type": "Polygon", "coordinates": [[[-73.808054370431, 40.7659027744227], [-73.8080242350589, 40.7661211551997], [-73.808382043466, 40.7661490743109], [-73.8084117655916, 40.7659306611365], [-73.808054370431, 40.7659027744227]]]}}, {"type": "Feature", "properties": {"zone_id": "0201ODMMPM8HKTXA0JAA7Q", "tract_id": "36081115100", "city": "FLUSHING, NY", "zone_code": "R1-2A", "zone_category": "Residential", "ev_permitted": false}, "geometry": {"type": "Polygon", "coordinates": [[[-73.8080016327044, 40.7662849416498], [-73.8079790302408, 40.7664487273888], [-73.80833745945, 40.7664766940442], [-73.8083597515118, 40.7663128845331], [-73.8080016327044, 40.7662849416498]]]}}, {"type": "Feature", "properties": {"zone_id": "0201KJXCFKJLWTD3AJ18SY", "tract_id": "36081115100", "city": "FLUSHING, NY", "zone_code": "R1-2A", "zone_category": "Residential", "ev_permitted": false}, "geometry": {"type": "Polygon", "coordinates": [[[-73.8074043003544, 40.7664050093855], [-73.8073821378792, 40.766567606147], [-73.8077365216377, 40.7665948624412], [-73.807758684181, 40.7664322656139], [-73.8074043003544, 40.7664050093855]]]}}, {"type": "Feature", "properties": {"zone_id": "0201JNJ2G42LUTWCFK0S0Z", "tract_id": "36081115100", "city": "FLUSHING, NY", "zone_code": "R1-2A", "zone_category": "Residential", "ev_permitted": false}, "geometry": {"type": "Polygon", "coordinates": [[[-73.807426226651, 40.7662441512935], [-73.8074043003544, 40.7664050093855], [-73.807758684181, 40.7664322656139], [-73.8077806087065, 40.7662714074535], [-73.807426226651, 40.7662441512935]]]}}, {"type": "Feature", "properties": {"zone_id": "0200M0N9PMH59B9CE50OJ1", "tract_id": "36081115100", "city": "FLUSHING, NY", "zone_code": "R1-2A", "zone_category": "Residential", "ev_permitted": false}, "geometry": {"type": "Polygon", "coordinates": [[[-73.8080242350589, 40.7661211551997], [-73.8080016327044, 40.7662849416498], [-73.8083597515118, 40.7663128845331], [-73.808382043466, 40.7661490743109], [-73.8080242350589, 40.7661211551997]]]}}, {"type": "Feature", "properties": {"zone_id": "020111UH6X66IMFLOC1WI2", "tract_id": "36081115100", "city": "FLUSHING, NY", "zone_code": "R1-2A", "zone_category": "Residential", "ev_permitted": false}, "geometry": {"type": "Polygon", "coordinates": [[[-73.8074788014095, 40.765858428613], [-73.8074488185173, 40.7660784038241], [-73.8078032006242, 40.7661056599168], [-73.8078331823582, 40.7658856846144], [-73.8074788014095, 40.765858428613]]]}}, {"type": "Feature", "properties": {"zone_id": "02032EB42UZD6RCNZ7KZP7", "tract_id": "36081115100", "city": "FLUSHING, NY", "zone_code": "R1-2A", "zone_category": "Residential", "ev_permitted": false}, "geometry": {"type": "Polygon", "coordinates": [[[-73.8074488185173, 40.7660784038241], [-73.807426226651, 40.7662441512935], [-73.8077806087065, 40.7662714074535], [-73.8078032006242, 40.7661056599168], [-73.8074488185173, 40.7660784038241]]]}}, {"type": "Feature", "properties": {"zone_id": "0206HC0MX9COQ86KUQUI7D", "tract_id": "36081115100", "city": "FLUSHING, NY", "zone_code": "R1-2A", "zone_category": "Residential", "ev_permitted": false}, "geometry": {"type": "Polygon", "coordinates": [[[-73.8073596892204, 40.766732294227], [-73.8073377295448, 40.7668933981687], [-73.8076921159429, 40.7669206545999], [-73.8077140756944, 40.7667595505927], [-73.8073596892204, 40.766732294227]]]}}, {"type": "Feature", "properties": {"zone_id": "0205BECE1FKJ621UHXDSUU", "tract_id": "36081115100", "city": "FLUSHING, NY", "zone_code": "R1-2A", "zone_category": "Residential", "ev_permitted": false}, "geometry": {"type": "Polygon", "coordinates": [[[-73.8073377295448, 40.7668933981687], [-73.8073154817612, 40.7670566194241], [-73.8076698680966, 40.7670838752187], [-73.8076921159429, 40.7669206545999], [-73.8073377295448, 40.7668933981687]]]}}, {"type": "Feature", "properties": {"zone_id": "02078OWD8H96Y8265DPB8H", "tract_id": "36081115100", "city": "FLUSHING, NY", "zone_code": "R1-2A", "zone_category": "Residential", "ev_permitted": false}, "geometry": {"type": "Polygon", "coordinates": [[[-73.806986488647, 40.7668663827114], [-73.8069643647493, 40.767029613243], [-73.8073154817612, 40.7670566194241], [-73.8073377295448, 40.7668933981687], [-73.806986488647, 40.7668663827114]]]}}, {"type": "Feature", "properties": {"zone_id": "0204CEMPJSJHKEVPVHRFWB", "tract_id": "36081115100", "city": "FLUSHING, NY", "zone_code": "R1-2A", "zone_category": "Residential", "ev_permitted": false}, "geometry": {"type": "Polygon", "coordinates": [[[-73.8070083244263, 40.7667052694925], [-73.806986488647, 40.7668663827114], [-73.8073377295448, 40.7668933981687], [-73.8073596892204, 40.766732294227], [-73.8070083244263, 40.7667052694925]]]}}, {"type": "Feature", "properties": {"zone_id": "02001US7QE7XRW6PE5COUN", "tract_id": "36081115100", "city": "FLUSHING, NY", "zone_code": "R1-2A", "zone_category": "Residential", "ev_permitted": false}, "geometry": {"type": "Polygon", "coordinates": [[[-73.8070306473618, 40.7665405714311], [-73.8070083244263, 40.7667052694925], [-73.8073596892204, 40.766732294227], [-73.8073821378792, 40.766567606147], [-73.8070306473618, 40.7665405714311]]]}}, {"type": "Feature", "properties": {"zone_id": "0200M2YSPBDQ9IS9QCNSQ0", "tract_id": "36081115100", "city": "FLUSHING, NY", "zone_code": "R1-2A", "zone_category": "Residential", "ev_permitted": false}, "geometry": {"type": "Polygon", "coordinates": [[[-73.806415229991, 40.7667679069592], [-73.8063923635949, 40.7669374740897], [-73.8067578071579, 40.766965550894], [-73.8067806560002, 40.7667959829612], [-73.806415229991, 40.7667679069592]]]}}, {"type": "Feature", "properties": {"zone_id": "02040NZMHX22R2N84K903V", "tract_id": "36081115100", "city": "FLUSHING, NY", "zone_code": "R1-2A", "zone_category": "Residential", "ev_permitted": false}, "geometry": {"type": "Polygon", "coordinates": [[[-73.8060343729858, 40.7668478188196], [-73.8060120186588, 40.7670116249622], [-73.806378593414, 40.7670397905972], [-73.8064006696572, 40.7668759628387], [-73.8060343729858, 40.7668478188196]]]}}, {"type": "Feature", "properties": {"zone_id": "0207MM6NNLBERIL27GAPHQ", "tract_id": "36081115100", "city": "FLUSHING, NY", "zone_code": "R1-2A", "zone_category": "Residential", "ev_permitted": false}, "geometry": {"type": "Polygon", "coordinates": [[[-73.8060567262767, 40.7666840133697], [-73.8060343729858, 40.7668478188196], [-73.8064006696572, 40.7668759628387], [-73.8064227457897, 40.7667121357746], [-73.8060567262767, 40.7666840133697]]]}}, {"type": "Feature", "properties": {"zone_id": "0206ZC8AOF8K0X2LFD2YKT", "tract_id": "36081115100", "city": "FLUSHING, NY", "zone_code": "R1-2A", "zone_category": "Residential", "ev_permitted": false}, "geometry": {"type": "Polygon", "coordinates": [[[-73.8064594878106, 40.7664394617997], [-73.8064376498638, 40.7666015298281], [-73.8068030740473, 40.7666296050555], [-73.8068249120362, 40.7664675376627], [-73.8064594878106, 40.7664394617997]]]}}, {"type": "Feature", "properties": {"zone_id": "020524KI4BGU30ULC5863B", "tract_id": "36081115100", "city": "FLUSHING, NY", "zone_code": "R1-2A", "zone_category": "Residential", "ev_permitted": false}, "geometry": {"type": "Polygon", "coordinates": [[[-73.8064376498638, 40.7666015298281], [-73.806415229991, 40.7667679069592], [-73.8067806560002, 40.7667959829612], [-73.8068030740473, 40.7666296050555], [-73.8064376498638, 40.7666015298281]]]}}, {"type": "Feature", "properties": {"zone_id": "02051TVIXGP17ZK56BRP5A", "tract_id": "36081115100", "city": "FLUSHING, NY", "zone_code": "R1-2A", "zone_category": "Residential", "ev_permitted": false}, "geometry": {"type": "Polygon", "coordinates": [[[-73.8060790803818, 40.7665202079131], [-73.8060567262767, 40.7666840133697], [-73.8064227457897, 40.7667121357746], [-73.8064448208895, 40.7665483087008], [-73.8060790803818, 40.7665202079131]]]}}, {"type": "Feature", "properties": {"zone_id": "0206RECHHQJ4Z3W7S2OHVS", "tract_id": "36081115100", "city": "FLUSHING, NY", "zone_code": "R1-2A", "zone_category": "Residential", "ev_permitted": false}, "geometry": {"type": "Polygon", "coordinates": [[[-73.8070526859496, 40.7663779653932], [-73.8070306473618, 40.7665405714311], [-73.8073821378792, 40.766567606147], [-73.8074043003544, 40.7664050093855], [-73.8070526859496, 40.7663779653932]]]}}, {"type": "Feature", "properties": {"zone_id": "0203DKZJ3I8X3OXSSZR340", "tract_id": "36081115100", "city": "FLUSHING, NY", "zone_code": "R1-2A", "zone_category": "Residential", "ev_permitted": false}, "geometry": {"type": "Polygon", "coordinates": [[[-73.8070744892746, 40.7662170980256], [-73.8070526859496, 40.7663779653932], [-73.8074043003544, 40.7664050093855], [-73.807426226651, 40.7662441512935], [-73.8070744892746, 40.7662170980256]]]}}, {"type": "Feature", "properties": {"zone_id": "0200M8WRQIMHPO4RRDBDIM", "tract_id": "36081115100", "city": "FLUSHING, NY", "zone_code": "R1-2A", "zone_category": "Residential", "ev_permitted": false}, "geometry": {"type": "Polygon", "coordinates": [[[-73.8070969545008, 40.7660513405738], [-73.8070744892746, 40.7662170980256], [-73.807426226651, 40.7662441512935], [-73.8074488185173, 40.7660784038241], [-73.8070969545008, 40.7660513405738]]]}}, {"type": "Feature", "properties": {"zone_id": "0206QFBM28J2BPAK27XWW4", "tract_id": "36081115100", "city": "FLUSHING, NY", "zone_code": "R1-2A", "zone_category": "Residential", "ev_permitted": false}, "geometry": {"type": "Polygon", "coordinates": [[[-73.8064812179582, 40.7662781981229], [-73.8064594878106, 40.7664394617997], [-73.8068249120362, 40.7664675376627], [-73.8068466413082, 40.7663062739176], [-73.8064812179582, 40.7662781981229]]]}}, {"type": "Feature", "properties": {"zone_id": "0204H12NNJ2AOLJ157880E", "tract_id": "36081115100", "city": "FLUSHING, NY", "zone_code": "R1-2A", "zone_category": "Residential", "ev_permitted": false}, "geometry": {"type": "Polygon", "coordinates": [[[-73.8061094308796, 40.7662978024958], [-73.8060790803818, 40.7665202079131], [-73.8064448208895, 40.7665483087008], [-73.8064747941217, 40.7663258751528], [-73.8061094308796, 40.7662978024958]]]}}, {"type": "Feature", "properties": {"zone_id": "0202J0QSN338NM3CLZ7652", "tract_id": "36081115100", "city": "FLUSHING, NY", "zone_code": "R1-2A", "zone_category": "Residential", "ev_permitted": false}, "geometry": {"type": "Polygon", "coordinates": [[[-73.8065188095666, 40.765999219909], [-73.8064812179582, 40.7662781981229], [-73.8068466413082, 40.7663062739176], [-73.8068842314037, 40.766027294883], [-73.8065188095666, 40.765999219909]]]}}, {"type": "Feature", "properties": {"zone_id": "0202HYVXQBLKTUGCEHMH58", "tract_id": "36081115100", "city": "FLUSHING, NY", "zone_code": "R1-2A", "zone_category": "Residential", "ev_permitted": false}, "geometry": {"type": "Polygon", "coordinates": [[[-73.8061313201382, 40.7661373963876], [-73.8061094308796, 40.7662978024958], [-73.8064747941217, 40.7663258751528], [-73.8064964108637, 40.7661654481426], [-73.8061313201382, 40.7661373963876]]]}}, {"type": "Feature", "properties": {"zone_id": "0205PU7AXIYZ0P1MC557Z0", "tract_id": "36081115100", "city": "FLUSHING, NY", "zone_code": "R1-2A", "zone_category": "Residential", "ev_permitted": false}, "geometry": {"type": "Polygon", "coordinates": [[[-73.8061540006252, 40.7659711904792], [-73.8061313201382, 40.7661373963876], [-73.8064964108637, 40.7661654481426], [-73.8065188095666, 40.765999219909], [-73.8061540006252, 40.7659711904792]]]}}, {"type": "Feature", "properties": {"zone_id": "0201CZKUT4KG61BHFFGC05", "tract_id": "36081115100", "city": "FLUSHING, NY", "zone_code": "R1-2A", "zone_category": "Residential", "ev_permitted": false}, "geometry": {"type": "Polygon", "coordinates": [[[-73.8071267703821, 40.7658313525241], [-73.8070969545008, 40.7660513405738], [-73.8074488185173, 40.7660784038241], [-73.8074788014095, 40.765858428613], [-73.8071267703821, 40.7658313525241]]]}}, {"type": "Feature", "properties": {"zone_id": "0207AM6KAMP3HG5EXG3JBW", "tract_id": "36081115100", "city": "FLUSHING, NY", "zone_code": "R1-2A", "zone_category": "Residential", "ev_permitted": false}, "geometry": {"type": "Polygon", "coordinates": [[[-73.8065481522881, 40.7657814677621], [-73.8065188095666, 40.765999219909], [-73.8068842314037, 40.766027294883], [-73.8069135710925, 40.7658095433435], [-73.8065481522881, 40.7657814677621]]]}}, {"type": "Feature", "properties": {"zone_id": "020702FFZQWMUQS5VO3I47", "tract_id": "36081115100", "city": "FLUSHING, NY", "zone_code": "R1-2A", "zone_category": "Residential", "ev_permitted": false}, "geometry": {"type": "Polygon", "coordinates": [[[-73.8061837122614, 40.7657534671491], [-73.8061540006252, 40.7659711904792], [-73.8065188095666, 40.765999219909], [-73.8065481522881, 40.7657814677621], [-73.8061837122614, 40.7657534671491]]]}}]}