{"type": "FeatureCollection", "features": [{"type": "Feature", "properties": {"zone_id": "0203PNXZXKU87IJJ1SRHIN", "tract_id": "36047079601", "city": "BROOKLYN, NY", "zone_code": "R7-1", "zone_category": "Residential", "ev_permitted": false}, "geometry": {"type": "Polygon", "coordinates": [[[-73.9602602715861, 40.6579425335872], [-73.9598370724615, 40.6579686493617], [-73.9598429227903, 40.6580320281705], [-73.960273959805, 40.6580053648959], [-73.9602602715861, 40.6579425335872]]]}}, {"type": "Feature", "properties": {"zone_id": "0206I8LV57PZ3YF5Z5A8XP", "tract_id": "36047079601", "city": "BROOKLYN, NY", "zone_code": "R7-1", "zone_category": "Residential", "ev_permitted": false}, "geometry": {"type": "Polygon", "coordinates": [[[-73.960221749456, 40.6577657075587], [-73.9598135305817, 40.657790898802], [-73.9598249088954, 40.6578369005589], [-73.9598285527322, 40.6578763732714], [-73.9602403226826, 40.6578509632685], [-73.960221749456, 40.6577657075587]]]}}, {"type": "Feature", "properties": {"zone_id": "0204SQEA3UUOSTJAESJPDY", "tract_id": "36047079601", "city": "BROOKLYN, NY", "zone_code": "R7-1", "zone_category": "Residential", "ev_permitted": false}, "geometry": {"type": "Polygon", "coordinates": [[[-73.9602021779174, 40.6576758701311], [-73.9597913492654, 40.6577012220055], [-73.9598135305817, 40.657790898802], [-73.960221749456, 40.6577657075587], [-73.9602021779174, 40.6576758701311]]]}}, {"type": "Feature", "properties": {"zone_id": "0204LM2ADLFU5CN629RWLL", "tract_id": "36047079601", "city": "BROOKLYN, NY", "zone_code": "R7-1", "zone_category": "Residential", "ev_permitted": false}, "geometry": {"type": "Polygon", "coordinates": [[[-73.9602403226826, 40.6578509632685], [-73.9598285527322, 40.6578763732714], [-73.9598370724615, 40.6579686493617], [-73.9602602715861, 40.6579425335872], [-73.9602403226826, 40.6578509632685]]]}}, {"type": "Feature", "properties": {"zone_id": "0203YXRCVMVDND8E3Y9O54", "tract_id": "36047079601", "city": "BROOKLYN, NY", "zone_code": "R7-1", "zone_category": "Residential", "ev_permitted": false}, "geometry": {"type": "Polygon", "coordinates": [[[-73.9601714726998, 40.6575349262081], [-73.9598511819486, 40.6575546911103], [-73.95985696273, 40.6576094095647], [-73.9601833121833, 40.6575892701161], [-73.9601714726998, 40.6575349262081]]]}}, {"type": "Feature", "properties": {"zone_id": "02052HHHHPOJJV59SNBI7F", "tract_id": "36047079601", "city": "BROOKLYN, NY", "zone_code": "R7-1", "zone_category": "Residential", "ev_permitted": false}, "geometry": {"type": "Polygon", "coordinates": [[[-73.960159949766, 40.6574820320038], [-73.9598455571505, 40.6575014328452], [-73.9598511819486, 40.6575546911103], [-73.9601714726998, 40.6575349262081], [-73.960159949766, 40.6574820320038]]]}}, {"type": "Feature", "properties": {"zone_id": "0200UEEL0G27Z4FT73AWHR", "tract_id": "36047079601", "city": "BROOKLYN, NY", "zone_code": "R7-1", "zone_category": "Residential", "ev_permitted": false}, "geometry": {"type": "Polygon", "coordinates": [[[-73.9601472518314, 40.6574237458509], [-73.9598393589654, 40.6574427455981], [-73.9598455571505, 40.6575014328452], [-73.960159949766, 40.6574820320038], [-73.9601472518314, 40.6574237458509]]]}}, {"type": "Feature", "properties": {"zone_id": "0202TLPDRS2DACIUG4WHD5", "tract_id": "36047079601", "city": "BROOKLYN, NY", "zone_code": "R7-1", "zone_category": "Residential", "ev_permitted": false}, "geometry": {"type": "Polygon", "coordinates": [[[-73.9601833121833, 40.6575892701161], [-73.9597699678554, 40.6576147777374], [-73.9597913492654, 40.6577012220055], [-73.9602021779174, 40.6576758701311], [-73.9601833121833, 40.6575892701161]]]}}, {"type": "Feature", "properties": {"zone_id": "0204676HEDCCDF3QVIQM1O", "tract_id": "36047079601", "city": "BROOKLYN, NY", "zone_code": "R7-1", "zone_category": "Residential", "ev_permitted": false}, "geometry": {"type": "Polygon", "coordinates": [[[-73.9601347701524, 40.6573664505271], [-73.9598332662966, 40.6573850561698], [-73.9598393589654, 40.6574427455981], [-73.9601472518314, 40.6574237458509], [-73.9601347701524, 40.6573664505271]]]}}, {"type": "Feature", "properties": {"zone_id": "02057D9NI798BEXK1CTWVK", "tract_id": "36047079601", "city": "BROOKLYN, NY", "zone_code": "R7-1", "zone_category": "Residential", "ev_permitted": false}, "geometry": {"type": "Polygon", "coordinates": [[[-73.9601217584952, 40.6573067245035], [-73.9598269149221, 40.6573249185695], [-73.9598332662966, 40.6573850561698], [-73.9601347701524, 40.6573664505271], [-73.9601217584952, 40.6573067245035]]]}}, {"type": "Feature", "properties": {"zone_id": "0204A1JFT4Z778QW4C27BC", "tract_id": "36047079601", "city": "BROOKLYN, NY", "zone_code": "C1-3", "zone_category": "Commercial", "ev_permitted": true}, "geometry": {"type": "Polygon", "coordinates": [[[-73.9597699678554, 40.6576147777374], [-73.95963896388, 40.6576228616646], [-73.9596466536131, 40.6576956793126], [-73.9597278309757, 40.6576906703658], [-73.9597643968691, 40.658036885648], [-73.9598429227903, 40.6580320281705], [-73.9598249088954, 40.6578369005589], [-73.9597699678554, 40.6576147777374]]]}}, {"type": "Feature", "properties": {"zone_id": "0202ZTDYDN7OU23OILLMHT", "tract_id": "36047079601", "city": "BROOKLYN, NY", "zone_code": "R6", "zone_category": "Residential", "ev_permitted": false}, "geometry": {"type": "Polygon", "coordinates": [[[-73.9596575239508, 40.6576950085684], [-73.9595847736044, 40.6576994983476], [-73.9596213396702, 40.6580457347551], [-73.959694089475, 40.6580412351153], [-73.9596575239508, 40.6576950085684]]]}}, {"type": "Feature", "properties": {"zone_id": "02038H097AULF7ES3GZ16N", "tract_id": "36047079601", "city": "BROOKLYN, NY", "zone_code": "R6", "zone_category": "Residential", "ev_permitted": false}, "geometry": {"type": "Polygon", "coordinates": [[[-73.9597278309757, 40.6576906703658], [-73.9596575239508, 40.6576950085684], [-73.959694089475, 40.6580412351153], [-73.9597643968691, 40.658036885648], [-73.9597278309757, 40.6576906703658]]]}}, {"type": "Feature", "properties": {"zone_id": "0200A0T1K1IQPB9D1VOAPR", "tract_id": "36047079601", "city": "BROOKLYN, NY", "zone_code": "R6", "zone_category": "Residential", "ev_permitted": false}, "geometry": {"type": "Polygon", "coordinates": [[[-73.959296617734, 40.6577172781294], [-73.9592269860699, 40.6577215755532], [-73.9592635567173, 40.6580678647757], [-73.9593331869011, 40.6580635574918], [-73.959296617734, 40.6577172781294]]]}}, {"type": "Feature", "properties": {"zone_id": "0201OHR9LB7Z74ENJUFQH5", "tract_id": "36047079601", "city": "BROOKLYN, NY", "zone_code": "R6", "zone_category": "Residential", "ev_permitted": false}, "geometry": {"type": "Polygon", "coordinates": [[[-73.9593701782502, 40.6577127396321], [-73.959296617734, 40.6577172781294], [-73.9593331869011, 40.6580635574918], [-73.9594067468805, 40.6580590084311], [-73.9593701782502, 40.6577127396321]]]}}, {"type": "Feature", "properties": {"zone_id": "02069MVG88RDFCZ5AJD77C", "tract_id": "36047079601", "city": "BROOKLYN, NY", "zone_code": "R6", "zone_category": "Residential", "ev_permitted": false}, "geometry": {"type": "Polygon", "coordinates": [[[-73.9594399372281, 40.6577084351397], [-73.9593701782502, 40.6577127396321], [-73.9594067468805, 40.6580590084311], [-73.9594765053018, 40.6580546933765], [-73.9594399372281, 40.6577084351397]]]}}, {"type": "Feature", "properties": {"zone_id": "0205LBNCUBKZ594MJPFKJT", "tract_id": "36047079601", "city": "BROOKLYN, NY", "zone_code": "R6", "zone_category": "Residential", "ev_permitted": false}, "geometry": {"type": "Polygon", "coordinates": [[[-73.959513387001, 40.6577039028358], [-73.9594399372281, 40.6577084351397], [-73.9594765053018, 40.6580546933765], [-73.9595499545376, 40.6580501498064], [-73.959513387001, 40.6577039028358]]]}}, {"type": "Feature", "properties": {"zone_id": "0207G1VWZ421KA3890NM8T", "tract_id": "36047079601", "city": "BROOKLYN, NY", "zone_code": "R6", "zone_category": "Residential", "ev_permitted": false}, "geometry": {"type": "Polygon", "coordinates": [[[-73.9595847736044, 40.6576994983476], [-73.959513387001, 40.6577039028358], [-73.9595499545376, 40.6580501498064], [-73.9596213396702, 40.6580457347551], [-73.9595847736044, 40.6576994983476]]]}}, {"type": "Feature", "properties": {"zone_id": "0206UXHFBQ2L34FMZKDA8S", "tract_id": "36047079601", "city": "BROOKLYN, NY", "zone_code": "R6", "zone_category": "Residential", "ev_permitted": false}, "geometry": {"type": "Polygon", "coordinates": [[[-73.9590821136124, 40.6577305139901], [-73.9590097737916, 40.6577349768504], [-73.9590463460666, 40.6580812991675], [-73.9591186862673, 40.6580768250417], [-73.9590821136124, 40.6577305139901]]]}}, {"type": "Feature", "properties": {"zone_id": "02072MMYPZG5B6EHC3AGP5", "tract_id": "36047079601", "city": "BROOKLYN, NY", "zone_code": "R6", "zone_category": "Residential", "ev_permitted": false}, "geometry": {"type": "Polygon", "coordinates": [[[-73.9591518431012, 40.6577262110672], [-73.9590821136124, 40.6577305139901], [-73.9591186862673, 40.6580768250417], [-73.9591884142765, 40.658072512259], [-73.9591518431012, 40.6577262110672]]]}}, {"type": "Feature", "properties": {"zone_id": "0206WRC7DC9VM27TIQQXIF", "tract_id": "36047079601", "city": "BROOKLYN, NY", "zone_code": "R6", "zone_category": "Residential", "ev_permitted": false}, "geometry": {"type": "Polygon", "coordinates": [[[-73.9592269860699, 40.6577215755532], [-73.9591518431012, 40.6577262110672], [-73.9591884142765, 40.658072512259], [-73.9592635567173, 40.6580678647757], [-73.9592269860699, 40.6577215755532]]]}}, {"type": "Feature", "properties": {"zone_id": "02036J4T7YXFXM8QZERQMF", "tract_id": "36047079601", "city": "BROOKLYN, NY", "zone_code": "R6", "zone_category": "Residential", "ev_permitted": false}, "geometry": {"type": "Polygon", "coordinates": [[[-73.9590097737916, 40.6577349768504], [-73.9589393098136, 40.657739325098], [-73.9589758826418, 40.658085657275], [-73.9590463460666, 40.6580812991675], [-73.9590097737916, 40.6577349768504]]]}}, {"type": "Feature", "properties": {"zone_id": "0206NVZSOK3J9FIKU808N0", "tract_id": "36047079601", "city": "BROOKLYN, NY", "zone_code": "R6", "zone_category": "Residential", "ev_permitted": false}, "geometry": {"type": "Polygon", "coordinates": [[[-73.9589393098136, 40.657739325098], [-73.9588618831167, 40.6577441022481], [-73.9588984583066, 40.6580904456931], [-73.9589758826418, 40.658085657275], [-73.9589393098136, 40.657739325098]]]}}, {"type": "Feature", "properties": {"zone_id": "0207CDZKKW7NCNL04QABZR", "tract_id": "36047079601", "city": "BROOKLYN, NY", "zone_code": "R6", "zone_category": "Residential", "ev_permitted": false}, "geometry": {"type": "Polygon", "coordinates": [[[-73.9588618831167, 40.6577441022481], [-73.9587954799325, 40.6577481989009], [-73.9588320547733, 40.6580945529068], [-73.9588984583066, 40.6580904456931], [-73.9588618831167, 40.6577441022481]]]}}, {"type": "Feature", "properties": {"zone_id": "02043H5P1ROQWL5RXF551Q", "tract_id": "36047079601", "city": "BROOKLYN, NY", "zone_code": "R6", "zone_category": "Residential", "ev_permitted": false}, "geometry": {"type": "Polygon", "coordinates": [[[-73.9587954799325, 40.6577481989009], [-73.9587244060207, 40.6577525840395], [-73.958760981411, 40.6580989486082], [-73.9588320547733, 40.6580945529068], [-73.9587954799325, 40.6577481989009]]]}}, {"type": "Feature", "properties": {"zone_id": "0204YED72BMHQ0W2C2IJK8", "tract_id": "36047079601", "city": "BROOKLYN, NY", "zone_code": "R6", "zone_category": "Residential", "ev_permitted": false}, "geometry": {"type": "Polygon", "coordinates": [[[-73.9587244060207, 40.6577525840395], [-73.9584559401695, 40.6577691475494], [-73.9584925187639, 40.6581155515536], [-73.958760981411, 40.6580989486082], [-73.9587244060207, 40.6577525840395]]]}}, {"type": "Feature", "properties": {"zone_id": "0204LQ5CTYNW1QT3XHHURT", "tract_id": "36047079601", "city": "BROOKLYN, NY", "zone_code": "R6", "zone_category": "Residential", "ev_permitted": false}, "geometry": {"type": "Polygon", "coordinates": [[[-73.958187548924, 40.6577857055412], [-73.9576468759121, 40.6578190606326], [-73.9576834622513, 40.658165585052], [-73.9582241297996, 40.6581321496832], [-73.958187548924, 40.6577857055412]]]}}, {"type": "Feature", "properties": {"zone_id": "0203VGC8EMSUUHTVBXNXBC", "tract_id": "36047079601", "city": "BROOKLYN, NY", "zone_code": "R6", "zone_category": "Residential", "ev_permitted": false}, "geometry": {"type": "Polygon", "coordinates": [[[-73.9584559401695, 40.6577691475494], [-73.9583089720463, 40.657778214951], [-73.9583455507916, 40.6581246407845], [-73.9584925187639, 40.6581155515536], [-73.9584559401695, 40.6577691475494]]]}}, {"type": "Feature", "properties": {"zone_id": "0207BHGMOCE6SNTHS5NOQG", "tract_id": "36047079601", "city": "BROOKLYN, NY", "zone_code": "R6", "zone_category": "Residential", "ev_permitted": false}, "geometry": {"type": "Polygon", "coordinates": [[[-73.9583089720463, 40.657778214951], [-73.958187548924, 40.6577857055412], [-73.9582241297996, 40.6581321496832], [-73.9583455507916, 40.6581246407845], [-73.9583089720463, 40.657778214951]]]}}, {"type": "Feature", "properties": {"zone_id": "0205T6Q55QHSOC8YU63MNJ", "tract_id": "36047079601", "city": "BROOKLYN, NY", "zone_code": "R6", "zone_category": "Residential", "ev_permitted": false}, "geometry": {"type": "Polygon", "coordinates": [[[-73.9576468759121, 40.6578190606326], [-73.9574615110683, 40.6578304948375], [-73.9574981010468, 40.6581770467209], [-73.9576834622513, 40.658165585052], [-73.9576468759121, 40.6578190606326]]]}}, {"type": "Feature", "properties": {"zone_id": "0203L9SW4F7QF5T8TIWEVO", "tract_id": "36047079601", "city": "BROOKLYN, NY", "zone_code": "R6", "zone_category": "Residential", "ev_permitted": false}, "geometry": {"type": "Polygon", "coordinates": [[[-73.9574615110683, 40.6578304948375], [-73.9573507966662, 40.6578373244868], [-73.9573648582555, 40.6579526241929], [-73.9570326977349, 40.6579731132384], [-73.957057106694, 40.6582043156261], [-73.9574981010468, 40.6581770467209], [-73.9574615110683, 40.6578304948375]]]}}, {"type": "Feature", "properties": {"zone_id": "0202Z060R5Y4YM8GD9ZA08", "tract_id": "36047079601", "city": "", "zone_code": "R6", "zone_category": "Residential", "ev_permitted": false}, "geometry": {"type": "Polygon", "coordinates": [[[-73.9573366278769, 40.6577800767196], [-73.9567278191879, 40.6578176301274], [-73.9567460993772, 40.6579907916502], [-73.9573549096362, 40.6579532381464], [-73.9573366278769, 40.6577800767196]]]}}, {"type": "Feature", "properties": {"zone_id": "0207NMF1PPEWGRQAC74WYI", "tract_id": "36047079601", "city": "BROOKLYN, NY", "zone_code": "R6", "zone_category": "Residential", "ev_permitted": false}, "geometry": {"type": "Polygon", "coordinates": [[[-73.9570326977349, 40.6579731132384], [-73.9567460993772, 40.6579907916502], [-73.9567705119363, 40.6582220348545], [-73.957057106694, 40.6582043156261], [-73.9570326977349, 40.6579731132384]]]}}, {"type": "Feature", "properties": {"zone_id": "0207KZJSECJ253MRK3FD75", "tract_id": "36047079601", "city": "BROOKLYN, NY", "zone_code": "R7-1", "zone_category": "Residential", "ev_permitted": false}, "geometry": {"type": "Polygon", "coordinates": [[[-73.9598269149221, 40.6573249185695], [-73.9596089179183, 40.6573383706132], [-73.95963896388, 40.6576228616646], [-73.95985696273, 40.6576094095647], [-73.9598269149221, 40.6573249185695]]]}}, {"type": "Feature", "properties": {"zone_id": "0205QSQ83BLAX6H5CL9BTC", "tract_id": "36047079601", "city": "BROOKLYN, NY", "zone_code": "R6", "zone_category": "Residential", "ev_permitted": false}, "geometry": {"type": "Polygon", "coordinates": [[[-73.9594655964732, 40.6573472145154], [-73.9593892332153, 40.6573519263449], [-73.9594269677406, 40.6577092358184], [-73.9595033314054, 40.6577045232615], [-73.9594655964732, 40.6573472145154]]]}}, {"type": "Feature", "properties": {"zone_id": "0203CXJ8SCODSJBE1AW179", "tract_id": "36047079601", "city": "BROOKLYN, NY", "zone_code": "R6", "zone_category": "Residential", "ev_permitted": false}, "geometry": {"type": "Polygon", "coordinates": [[[-73.9593892332153, 40.6573519263449], [-73.9593183590672, 40.6573562992732], [-73.9593560941381, 40.6577136087701], [-73.9594269677406, 40.6577092358184], [-73.9593892332153, 40.6573519263449]]]}}, {"type": "Feature", "properties": {"zone_id": "0200EHLFQDOEU7EERH20QG", "tract_id": "36047079601", "city": "BROOKLYN, NY", "zone_code": "R6", "zone_category": "Residential", "ev_permitted": false}, "geometry": {"type": "Polygon", "coordinates": [[[-73.9593183590672, 40.6573562992732], [-73.9592442591625, 40.6573608719768], [-73.9592819938396, 40.6577181807952], [-73.9593560941381, 40.6577136087701], [-73.9593183590672, 40.6573562992732]]]}}, {"type": "Feature", "properties": {"zone_id": "0207AAXQSV2HH3Q9RH7JP1", "tract_id": "36047079601", "city": "BROOKLYN, NY", "zone_code": "C1-3", "zone_category": "Commercial", "ev_permitted": true}, "geometry": {"type": "Polygon", "coordinates": [[[-73.9596089179183, 40.6573383706132], [-73.9595372041454, 40.6573427960813], [-73.9595749394586, 40.657700104804], [-73.9596466536131, 40.6576956793126], [-73.9596089179183, 40.6573383706132]]]}}, {"type": "Feature", "properties": {"zone_id": "02021P9J6130T55X9FCGXT", "tract_id": "36047079601", "city": "BROOKLYN, NY", "zone_code": "R6", "zone_category": "Residential", "ev_permitted": false}, "geometry": {"type": "Polygon", "coordinates": [[[-73.9595372041454, 40.6573427960813], [-73.9594655964732, 40.6573472145154], [-73.9595033314054, 40.6577045232615], [-73.9595749394586, 40.657700104804], [-73.9595372041454, 40.6573427960813]]]}}, {"type": "Feature", "properties": {"zone_id": "0206AJDTK622FOJ0GS5I28", "tract_id": "36047079601", "city": "BROOKLYN, NY", "zone_code": "R6", "zone_category": "Residential", "ev_permitted": false}, "geometry": {"type": "Polygon", "coordinates": [[[-73.9591016850056, 40.6573696686119], [-73.9590324744418, 40.6573739393666], [-73.9590702070693, 40.6577312482536], [-73.9591394180009, 40.657726978179], [-73.9591016850056, 40.6573696686119]]]}}, {"type": "Feature", "properties": {"zone_id": "0201DID79GA9DBA5T3790Y", "tract_id": "36047079601", "city": "BROOKLYN, NY", "zone_code": "R6", "zone_category": "Residential", "ev_permitted": false}, "geometry": {"type": "Polygon", "coordinates": [[[-73.9590324744418, 40.6573739393666], [-73.9589595186426, 40.6573784406225], [-73.9589972508818, 40.6577357495332], [-73.9590702070693, 40.6577312482536], [-73.9590324744418, 40.6573739393666]]]}}, {"type": "Feature", "properties": {"zone_id": "0203PBYKCMX37P7PRENMYL", "tract_id": "36047079601", "city": "BROOKLYN, NY", "zone_code": "R6", "zone_category": "Residential", "ev_permitted": false}, "geometry": {"type": "Polygon", "coordinates": [[[-73.9589595186426, 40.6573784406225], [-73.9588947951369, 40.6573824339377], [-73.9589325270309, 40.6577397442748], [-73.9589972508818, 40.6577357495332], [-73.9589595186426, 40.6573784406225]]]}}, {"type": "Feature", "properties": {"zone_id": "020381ILCF28UE7W2VLJZ9", "tract_id": "36047079601", "city": "BROOKLYN, NY", "zone_code": "R6", "zone_category": "Residential", "ev_permitted": false}, "geometry": {"type": "Polygon", "coordinates": [[[-73.9592442591625, 40.6573608719768], [-73.9591786074582, 40.6573649227412], [-73.9592163408632, 40.6577222315807], [-73.9592819938396, 40.6577181807952], [-73.9592442591625, 40.6573608719768]]]}}, {"type": "Feature", "properties": {"zone_id": "020045K5GTFVUGC34FHLSP", "tract_id": "36047079601", "city": "BROOKLYN, NY", "zone_code": "R6", "zone_category": "Residential", "ev_permitted": false}, "geometry": {"type": "Polygon", "coordinates": [[[-73.9591786074582, 40.6573649227412], [-73.9591016850056, 40.6573696686119], [-73.9591394180009, 40.657726978179], [-73.9592163408632, 40.6577222315807], [-73.9591786074582, 40.6573649227412]]]}}, {"type": "Feature", "properties": {"zone_id": "0202YHL6E9CDYMGUNAF7CB", "tract_id": "36047079601", "city": "BROOKLYN, NY", "zone_code": "R6", "zone_category": "Residential", "ev_permitted": false}, "geometry": {"type": "Polygon", "coordinates": [[[-73.9588947951369, 40.6573824339377], [-73.9588205696874, 40.6573870140528], [-73.9588583011872, 40.6577443230087], [-73.9589325270309, 40.6577397442748], [-73.9588947951369, 40.6573824339377]]]}}, {"type": "Feature", "properties": {"zone_id": "0203674VZFPF9WZXRFDDYO", "tract_id": "36047079601", "city": "BROOKLYN, NY", "zone_code": "R6", "zone_category": "Residential", "ev_permitted": false}, "geometry": {"type": "Polygon", "coordinates": [[[-73.9588205696874, 40.6573870140528], [-73.9587501374368, 40.6573913593853], [-73.9587878694845, 40.6577486683645], [-73.9588583011872, 40.6577443230087], [-73.9588205696874, 40.6573870140528]]]}}, {"type": "Feature", "properties": {"zone_id": "0205ZNW79BUWPWLGG47ART", "tract_id": "36047079601", "city": "BROOKLYN, NY", "zone_code": "R7-1", "zone_category": "Residential", "ev_permitted": false}, "geometry": {"type": "Polygon", "coordinates": [[[-73.9596118073204, 40.6565952778135], [-73.9593518081877, 40.6566115062982], [-73.9593874415775, 40.6569454711715], [-73.9594330603421, 40.6569426239141], [-73.9594378107853, 40.6569871435659], [-73.959700636641, 40.6569707388062], [-73.9596118073204, 40.6565952778135]]]}}, {"type": "Feature", "properties": {"zone_id": "0203XCS22WKRZTU9ZDS8RM", "tract_id": "36047079601", "city": "BROOKLYN, NY", "zone_code": "R7-1", "zone_category": "Residential", "ev_permitted": false}, "geometry": {"type": "Polygon", "coordinates": [[[-73.9600630426091, 40.6570609839653], [-73.9597476303948, 40.6570806708722], [-73.9597581886535, 40.6571796180788], [-73.9600866205503, 40.6571606369203], [-73.9600630426091, 40.6570609839653]]]}}, {"type": "Feature", "properties": {"zone_id": "0202QDD6RMXXI49NCYIJ6L", "tract_id": "36047079601", "city": "BROOKLYN, NY", "zone_code": "R7-1", "zone_category": "Residential", "ev_permitted": false}, "geometry": {"type": "Polygon", "coordinates": [[[-73.9600507727966, 40.6570091202957], [-73.9597420521846, 40.6570283907236], [-73.9597476303948, 40.6570806708722], [-73.9600630426091, 40.6570609839653], [-73.9600507727966, 40.6570091202957]]]}}, {"type": "Feature", "properties": {"zone_id": "0200T9BZXS7MZ7VPNFVVMF", "tract_id": "36047079601", "city": "BROOKLYN, NY", "zone_code": "R7-1", "zone_category": "Residential", "ev_permitted": false}, "geometry": {"type": "Polygon", "coordinates": [[[-73.9600367286127, 40.6569497606919], [-73.9597356666073, 40.6569685524385], [-73.9597420521846, 40.6570283907236], [-73.9600507727966, 40.6570091202957], [-73.9600367286127, 40.6569497606919]]]}}, {"type": "Feature", "properties": {"zone_id": "0206SEVWGZ5U1R1A5C6ZD6", "tract_id": "36047079601", "city": "BROOKLYN, NY", "zone_code": "R7-1", "zone_category": "Residential", "ev_permitted": false}, "geometry": {"type": "Polygon", "coordinates": [[[-73.9597356666073, 40.6569685524385], [-73.9596638249555, 40.6569730369646], [-73.9596863109917, 40.6571837723543], [-73.9597581886535, 40.6571796180788], [-73.9597356666073, 40.6569685524385]]]}}, {"type": "Feature", "properties": {"zone_id": "02042GWDK3FIC5KURGEH90", "tract_id": "36047079601", "city": "BROOKLYN, NY", "zone_code": "C1-3", "zone_category": "Commercial", "ev_permitted": true}, "geometry": {"type": "Polygon", "coordinates": [[[-73.9596638249555, 40.6569730369646], [-73.959588759411, 40.6569777219777], [-73.9596112085142, 40.6571881123612], [-73.9596863109917, 40.6571837723543], [-73.9596638249555, 40.6569730369646]]]}}, {"type": "Feature", "properties": {"zone_id": "0201C1WGV2O8H9KNYTDZ6V", "tract_id": "36047079601", "city": "BROOKLYN, NY", "zone_code": "R6", "zone_category": "Residential", "ev_permitted": false}, "geometry": {"type": "Polygon", "coordinates": [[[-73.959588759411, 40.6569777219777], [-73.9595185453673, 40.656982104396], [-73.9595409612304, 40.6571921722586], [-73.9596112085142, 40.6571881123612], [-73.959588759411, 40.6569777219777]]]}}, {"type": "Feature", "properties": {"zone_id": "0201GZK6G2ZDGC1O8I70O1", "tract_id": "36047079601", "city": "BROOKLYN, NY", "zone_code": "R6", "zone_category": "Residential", "ev_permitted": false}, "geometry": {"type": "Polygon", "coordinates": [[[-73.9595185453673, 40.656982104396], [-73.9594417266883, 40.6569868990144], [-73.9594641028516, 40.6571966134381], [-73.9595409612304, 40.6571921722586], [-73.9595185453673, 40.656982104396]]]}}, {"type": "Feature", "properties": {"zone_id": "0200AMG9Z51D5OJGT7KZMJ", "tract_id": "36047079601", "city": "BROOKLYN, NY", "zone_code": "R6", "zone_category": "Residential", "ev_permitted": false}, "geometry": {"type": "Polygon", "coordinates": [[[-73.9594330603421, 40.6569426239141], [-73.9593712437364, 40.6569464822059], [-73.9593983379874, 40.6572004141397], [-73.9594641028516, 40.6571966134381], [-73.9594417266883, 40.6569868990144], [-73.9594378107853, 40.6569871435659], [-73.9594330603421, 40.6569426239141]]]}}, {"type": "Feature", "properties": {"zone_id": "02041BT19PPILSI32TXFO9", "tract_id": "36047079601", "city": "BROOKLYN, NY", "zone_code": "R6", "zone_category": "Residential", "ev_permitted": false}, "geometry": {"type": "Polygon", "coordinates": [[[-73.9593712437364, 40.6569464822059], [-73.9592936048155, 40.6569513277301], [-73.9593206611615, 40.6572049027155], [-73.9593983379874, 40.6572004141397], [-73.9593712437364, 40.6569464822059]]]}}, {"type": "Feature", "properties": {"zone_id": "0203QD8F11QUD293YVTK9A", "tract_id": "36047079601", "city": "BROOKLYN, NY", "zone_code": "R7-1", "zone_category": "Residential", "ev_permitted": false}, "geometry": {"type": "Polygon", "coordinates": [[[-73.9600246456644, 40.6568986910941], [-73.9596885539462, 40.6569196691732], [-73.959700636641, 40.6569707388062], [-73.9600367286127, 40.6569497606919], [-73.9600246456644, 40.6568986910941]]]}}, {"type": "Feature", "properties": {"zone_id": "0203XR5D891PEGHW2ETAFW", "tract_id": "36047079601", "city": "BROOKLYN, NY", "zone_code": "R7-1", "zone_category": "Residential", "ev_permitted": false}, "geometry": {"type": "Polygon", "coordinates": [[[-73.9600123271322, 40.6568466250354], [-73.9596762356721, 40.6568676037812], [-73.9596885539462, 40.6569196691732], [-73.9600246456644, 40.6568986910941], [-73.9600123271322, 40.6568466250354]]]}}, {"type": "Feature", "properties": {"zone_id": "0204ZQWLEUUJDAWEDXMFT9", "tract_id": "36047079601", "city": "BROOKLYN, NY", "zone_code": "R7-1", "zone_category": "Residential", "ev_permitted": false}, "geometry": {"type": "Polygon", "coordinates": [[[-73.9599992907696, 40.6567915232171], [-73.9596631995829, 40.656812501925], [-73.9596762356721, 40.6568676037812], [-73.9600123271322, 40.6568466250354], [-73.9599992907696, 40.6567915232171]]]}}, {"type": "Feature", "properties": {"zone_id": "0203Y0057EX90PXKAHA6MH", "tract_id": "36047079601", "city": "BROOKLYN, NY", "zone_code": "R7-1", "zone_category": "Residential", "ev_permitted": false}, "geometry": {"type": "Polygon", "coordinates": [[[-73.9599867412778, 40.6567384789664], [-73.9596506503549, 40.6567594569351], [-73.9596631995829, 40.656812501925], [-73.9599992907696, 40.6567915232171], [-73.9599867412778, 40.6567384789664]]]}}, {"type": "Feature", "properties": {"zone_id": "02012VWFF6QMJ0M2KBAYUI", "tract_id": "36047079601", "city": "BROOKLYN, NY", "zone_code": "R7-1", "zone_category": "Residential", "ev_permitted": false}, "geometry": {"type": "Polygon", "coordinates": [[[-73.9599745341642, 40.6566868823209], [-73.9596384434969, 40.6567078609568], [-73.9596506503549, 40.6567594569351], [-73.9599867412778, 40.6567384789664], [-73.9599745341642, 40.6566868823209]]]}}, {"type": "Feature", "properties": {"zone_id": "0207HRWWDZBWX4N8W38YVH", "tract_id": "36047079601", "city": "BROOKLYN, NY", "zone_code": "R6", "zone_category": "Residential", "ev_permitted": false}, "geometry": {"type": "Polygon", "coordinates": [[[-73.9593518081877, 40.6566115062982], [-73.9592782728426, 40.6566160953845], [-73.9593139058662, 40.6569500609831], [-73.9593874415775, 40.6569454711715], [-73.9593518081877, 40.6566115062982]]]}}, {"type": "Feature", "properties": {"zone_id": "0204QLMKYB7MY4UWLWXWZT", "tract_id": "36047079601", "city": "BROOKLYN, NY", "zone_code": "R6", "zone_category": "Residential", "ev_permitted": false}, "geometry": {"type": "Polygon", "coordinates": [[[-73.9592936048155, 40.6569513277301], [-73.9592255102019, 40.656955577916], [-73.9592525323443, 40.6572088388145], [-73.9593206611615, 40.6572049027155], [-73.9592936048155, 40.6569513277301]]]}}, {"type": "Feature", "properties": {"zone_id": "0205R2TLCU16AQLJHET6FQ", "tract_id": "36047079601", "city": "BROOKLYN, NY", "zone_code": "R6", "zone_category": "Residential", "ev_permitted": false}, "geometry": {"type": "Polygon", "coordinates": [[[-73.9592255102019, 40.656955577916], [-73.9591529091546, 40.656960109635], [-73.9591798952433, 40.657213037475], [-73.9592525323443, 40.6572088388145], [-73.9592255102019, 40.656955577916]]]}}, {"type": "Feature", "properties": {"zone_id": "02015IKLQN1DQKF13I3EQ8", "tract_id": "36047079601", "city": "BROOKLYN, NY", "zone_code": "R6", "zone_category": "Residential", "ev_permitted": false}, "geometry": {"type": "Polygon", "coordinates": [[[-73.959147563518, 40.6569100085002], [-73.9589726305527, 40.6569209267657], [-73.9590048761758, 40.6572231512087], [-73.9591798952433, 40.657213037475], [-73.959147563518, 40.6569100085002]]]}}, {"type": "Feature", "properties": {"zone_id": "0203PSHF338LC644CYXSDL", "tract_id": "36047079601", "city": "BROOKLYN, NY", "zone_code": "R6", "zone_category": "Residential", "ev_permitted": false}, "geometry": {"type": "Polygon", "coordinates": [[[-73.9589726305527, 40.6569209267657], [-73.9588346716163, 40.6569295371048], [-73.9588668478103, 40.657231127056], [-73.9590048761758, 40.6572231512087], [-73.9589726305527, 40.6569209267657]]]}}, {"type": "Feature", "properties": {"zone_id": "0204QEWYIEDURGJOOE6RFT", "tract_id": "36047079601", "city": "BROOKLYN, NY", "zone_code": "R6", "zone_category": "Residential", "ev_permitted": false}, "geometry": {"type": "Polygon", "coordinates": [[[-73.9588346716163, 40.6569295371048], [-73.9586959726462, 40.6569381926858], [-73.9587280803348, 40.6572391453351], [-73.9588668478103, 40.657231127056], [-73.9588346716163, 40.6569295371048]]]}}, {"type": "Feature", "properties": {"zone_id": "0202KIWMN6TS6CTQOTCEXS", "tract_id": "36047079601", "city": "BROOKLYN, NY", "zone_code": "R6", "zone_category": "Residential", "ev_permitted": false}, "geometry": {"type": "Polygon", "coordinates": [[[-73.9586959726462, 40.6569381926858], [-73.9585235843174, 40.6569489509748], [-73.9585556068412, 40.6572491110365], [-73.9587280803348, 40.6572391453351], [-73.9586959726462, 40.6569381926858]]]}}, {"type": "Feature", "properties": {"zone_id": "0202CKOJY9JK4MCU0MQJES", "tract_id": "36047079601", "city": "BROOKLYN, NY", "zone_code": "R6", "zone_category": "Residential", "ev_permitted": false}, "geometry": {"type": "Polygon", "coordinates": [[[-73.9592782728426, 40.6566160953845], [-73.9591941902554, 40.6566213432947], [-73.9592298228609, 40.6569553089192], [-73.9593139058662, 40.6569500609831], [-73.9592782728426, 40.6566160953845]]]}}, {"type": "Feature", "properties": {"zone_id": "020323GWICNDDVQADLJ87Z", "tract_id": "36047079601", "city": "BROOKLYN, NY", "zone_code": "R6", "zone_category": "Residential", "ev_permitted": false}, "geometry": {"type": "Polygon", "coordinates": [[[-73.9591941902554, 40.6566213432947], [-73.9591172769316, 40.6566261439869], [-73.9591529091546, 40.656960109635], [-73.9592298228609, 40.6569553089192], [-73.9591941902554, 40.6566213432947]]]}}, {"type": "Feature", "properties": {"zone_id": "0202Z4CIV4KD8NYXPQSG04", "tract_id": "36047079601", "city": "BROOKLYN, NY", "zone_code": "R6", "zone_category": "Residential", "ev_permitted": false}, "geometry": {"type": "Polygon", "coordinates": [[[-73.9591172769316, 40.6566261439869], [-73.958845290928, 40.6566431189159], [-73.958875576364, 40.6569269849055], [-73.959147563518, 40.6569100085002], [-73.9591172769316, 40.6566261439869]]]}}, {"type": "Feature", "properties": {"zone_id": "0207ADF701V7E10RRB21DH", "tract_id": "36047079601", "city": "BROOKLYN, NY", "zone_code": "R6", "zone_category": "Residential", "ev_permitted": false}, "geometry": {"type": "Polygon", "coordinates": [[[-73.9586656879685, 40.6566543280545], [-73.9584933003684, 40.6566650862985], [-73.9585235843174, 40.6569489509748], [-73.9586959726462, 40.6569381926858], [-73.9586656879685, 40.6566543280545]]]}}, {"type": "Feature", "properties": {"zone_id": "0206YMDRKN9ID1C6Y5I6PC", "tract_id": "36047079601", "city": "BROOKLYN, NY", "zone_code": "R6", "zone_category": "Residential", "ev_permitted": false}, "geometry": {"type": "Polygon", "coordinates": [[[-73.958845290928, 40.6566431189159], [-73.9586656879685, 40.6566543280545], [-73.9586959726462, 40.6569381926858], [-73.958875576364, 40.6569269849055], [-73.958845290928, 40.6566431189159]]]}}, {"type": "Feature", "properties": {"zone_id": "0204FVJRLBKDIJMFWRXVX0", "tract_id": "36047079601", "city": "BROOKLYN, NY", "zone_code": "R6", "zone_category": "Residential", "ev_permitted": false}, "geometry": {"type": "Polygon", "coordinates": [[[-73.9587501374368, 40.6573913593853], [-73.9583162489926, 40.6574181290458], [-73.9583539787316, 40.6577754381662], [-73.9587878694845, 40.6577486683645], [-73.9587501374368, 40.6573913593853]]]}}, {"type": "Feature", "properties": {"zone_id": "020453AIIAMVZS3MDJNXJO", "tract_id": "36047079601", "city": "", "zone_code": "R6", "zone_category": "Residential", "ev_permitted": false}, "geometry": {"type": "Polygon", "coordinates": [[[-73.9583162489926, 40.6574181290458], [-73.9581015721717, 40.6574313728528], [-73.9581392998451, 40.6577886827454], [-73.9583539787316, 40.6577754381662], [-73.9583162489926, 40.6574181290458]]]}}, {"type": "Feature", "properties": {"zone_id": "0203EH0WXAVIIP6FNC9C3Y", "tract_id": "36047079601", "city": "BROOKLYN, NY", "zone_code": "R6", "zone_category": "Residential", "ev_permitted": false}, "geometry": {"type": "Polygon", "coordinates": [[[-73.9581015721717, 40.6574313728528], [-73.9580153552226, 40.6574366922007], [-73.9580530824377, 40.6577940014187], [-73.9581392998451, 40.6577886827454], [-73.9581015721717, 40.6574313728528]]]}}, {"type": "Feature", "properties": {"zone_id": "0206F2TYEFVJN04NO9YC5W", "tract_id": "36047079601", "city": "BROOKLYN, NY", "zone_code": "R6", "zone_category": "Residential", "ev_permitted": false}, "geometry": {"type": "Polygon", "coordinates": [[[-73.9580153552226, 40.6574366922007], [-73.9579363583779, 40.6574415651223], [-73.9579740851721, 40.6577988750688], [-73.9580530824377, 40.6577940014187], [-73.9580153552226, 40.6574366922007]]]}}, {"type": "Feature", "properties": {"zone_id": "0204UVTUKUAHIOQ9SAVK73", "tract_id": "36047079601", "city": "BROOKLYN, NY", "zone_code": "R6", "zone_category": "Residential", "ev_permitted": false}, "geometry": {"type": "Polygon", "coordinates": [[[-73.9579363583779, 40.6574415651223], [-73.9573050004877, 40.6574805130434], [-73.9573549096362, 40.6579532381464], [-73.9573648582555, 40.6579526241929], [-73.9573507966662, 40.6578373244868], [-73.9579740851721, 40.6577988750688], [-73.9579363583779, 40.6574415651223]]]}}, {"type": "Feature", "properties": {"zone_id": "0203UE8P4X4M2X7ANS2DJU", "tract_id": "36047079601", "city": "BROOKLYN, NY", "zone_code": "R6", "zone_category": "Residential", "ev_permitted": false}, "geometry": {"type": "Polygon", "coordinates": [[[-73.9573050004877, 40.6574805130434], [-73.9572041410864, 40.657486734189], [-73.9572357671026, 40.657786298595], [-73.9573366278769, 40.6577800767196], [-73.9573050004877, 40.6574805130434]]]}}, {"type": "Feature", "properties": {"zone_id": "02044GQY1Y20CVWV4CD1OE", "tract_id": "36047079601", "city": "BROOKLYN, NY", "zone_code": "R6", "zone_category": "Residential", "ev_permitted": false}, "geometry": {"type": "Polygon", "coordinates": [[[-73.9584933003684, 40.6566650862985], [-73.9578788535311, 40.6567034307484], [-73.957909134883, 40.6569872955852], [-73.9585235843174, 40.6569489509748], [-73.9584933003684, 40.6566650862985]]]}}, {"type": "Feature", "properties": {"zone_id": "02045SY312HZ52EOGXXB3S", "tract_id": "36047079601", "city": "BROOKLYN, NY", "zone_code": "R6", "zone_category": "Residential", "ev_permitted": false}, "geometry": {"type": "Polygon", "coordinates": [[[-73.9585235843174, 40.6569489509748], [-73.9584283514416, 40.6569548941571], [-73.9584603276793, 40.6572546164689], [-73.9585556068412, 40.6572491110365], [-73.9585235843174, 40.6569489509748]]]}}, {"type": "Feature", "properties": {"zone_id": "0203659USBSDBGH002W1KV", "tract_id": "36047079601", "city": "BROOKLYN, NY", "zone_code": "R6", "zone_category": "Residential", "ev_permitted": false}, "geometry": {"type": "Polygon", "coordinates": [[[-73.9584283514416, 40.6569548941571], [-73.9583464283824, 40.6569600073165], [-73.9583783629702, 40.6572593523055], [-73.9584603276793, 40.6572546164689], [-73.9584283514416, 40.6569548941571]]]}}, {"type": "Feature", "properties": {"zone_id": "020701RQ05S8TGTK27BEN1", "tract_id": "36047079601", "city": "BROOKLYN, NY", "zone_code": "R6", "zone_category": "Residential", "ev_permitted": false}, "geometry": {"type": "Polygon", "coordinates": [[[-73.9583464283824, 40.6569600073165], [-73.9582685365535, 40.6569648682186], [-73.958300433189, 40.6572638548567], [-73.9583783629702, 40.6572593523055], [-73.9583464283824, 40.6569600073165]]]}}, {"type": "Feature", "properties": {"zone_id": "02071YLZ0IKLWDOOB40R9K", "tract_id": "36047079601", "city": "BROOKLYN, NY", "zone_code": "R6", "zone_category": "Residential", "ev_permitted": false}, "geometry": {"type": "Polygon", "coordinates": [[[-73.9582685365535, 40.6569648682186], [-73.9581966948074, 40.6569693511256], [-73.9582285553453, 40.6572680089239], [-73.958300433189, 40.6572638548567], [-73.9582685365535, 40.6569648682186]]]}}, {"type": "Feature", "properties": {"zone_id": "02023UHNPUV6Y1AOJXG84G", "tract_id": "36047079601", "city": "BROOKLYN, NY", "zone_code": "R6", "zone_category": "Residential", "ev_permitted": false}, "geometry": {"type": "Polygon", "coordinates": [[[-73.9581236037259, 40.6569739122314], [-73.9580521476456, 40.656978371298], [-73.9580839369139, 40.6572763636875], [-73.9581554290887, 40.657272233461], [-73.9581236037259, 40.6569739122314]]]}}, {"type": "Feature", "properties": {"zone_id": "0206KEEC2YGAATYD14LZI1", "tract_id": "36047079601", "city": "BROOKLYN, NY", "zone_code": "R6", "zone_category": "Residential", "ev_permitted": false}, "geometry": {"type": "Polygon", "coordinates": [[[-73.9580521476456, 40.656978371298], [-73.9579871061158, 40.6569824300369], [-73.958018863913, 40.6572801238007], [-73.9580839369139, 40.6572763636875], [-73.9580521476456, 40.656978371298]]]}}, {"type": "Feature", "properties": {"zone_id": "02065R27X1LBLWTDSPZ872", "tract_id": "36047079601", "city": "BROOKLYN, NY", "zone_code": "R6", "zone_category": "Residential", "ev_permitted": false}, "geometry": {"type": "Polygon", "coordinates": [[[-73.9579871061158, 40.6569824300369], [-73.957909134883, 40.6569872955852], [-73.9579408538091, 40.657284630295], [-73.958018863913, 40.6572801238007], [-73.9579871061158, 40.6569824300369]]]}}, {"type": "Feature", "properties": {"zone_id": "020643T7ZK5OAKK949Q049", "tract_id": "36047079601", "city": "BROOKLYN, NY", "zone_code": "R6", "zone_category": "Residential", "ev_permitted": false}, "geometry": {"type": "Polygon", "coordinates": [[[-73.9581966948074, 40.6569693511256], [-73.9581236037259, 40.6569739122314], [-73.9581554290887, 40.657272233461], [-73.9582285553453, 40.6572680089239], [-73.9581966948074, 40.6569693511256]]]}}, {"type": "Feature", "properties": {"zone_id": "0204S4AFH8C98WN5UL4LEP", "tract_id": "36047079601", "city": "BROOKLYN, NY", "zone_code": "R6", "zone_category": "Residential", "ev_permitted": false}, "geometry": {"type": "Polygon", "coordinates": [[[-73.957909134883, 40.6569872955852], [-73.9574875397343, 40.6570136035625], [-73.9575190495071, 40.6573089996613], [-73.9579408538091, 40.657284630295], [-73.957909134883, 40.6569872955852]]]}}, {"type": "Feature", "properties": {"zone_id": "02057G3YD93NDLKCQNFA5X", "tract_id": "36047079601", "city": "BROOKLYN, NY", "zone_code": "R6", "zone_category": "Residential", "ev_permitted": false}, "geometry": {"type": "Polygon", "coordinates": [[[-73.9574875397343, 40.6570136035625], [-73.9573497926347, 40.6570221981456], [-73.9573812348513, 40.6573169618596], [-73.9575190495071, 40.6573089996613], [-73.9574875397343, 40.6570136035625]]]}}, {"type": "Feature", "properties": {"zone_id": "0201TMMEVT2K8BMJO66E50", "tract_id": "36047079601", "city": "BROOKLYN, NY", "zone_code": "R6", "zone_category": "Residential", "ev_permitted": false}, "geometry": {"type": "Polygon", "coordinates": [[[-73.9573497926347, 40.6570221981456], [-73.9571737795291, 40.6570331807307], [-73.9572051347623, 40.6573271349915], [-73.9573812348513, 40.6573169618596], [-73.9573497926347, 40.6570221981456]]]}}, {"type": "Feature", "properties": {"zone_id": "0205KGW0BDE0TC4GW4YZMD", "tract_id": "36047079601", "city": "BROOKLYN, NY", "zone_code": "R6", "zone_category": "Residential", "ev_permitted": false}, "geometry": {"type": "Polygon", "coordinates": [[[-73.9578788535311, 40.6567034307484], [-73.9577531306852, 40.6567112755562], [-73.9577834115053, 40.6569951411285], [-73.957909134883, 40.6569872955852], [-73.9578788535311, 40.6567034307484]]]}}, {"type": "Feature", "properties": {"zone_id": "02028AW4EA25IAN298AIZL", "tract_id": "36047079601", "city": "BROOKLYN, NY", "zone_code": "R6", "zone_category": "Residential", "ev_permitted": false}, "geometry": {"type": "Polygon", "coordinates": [[[-73.9577531306852, 40.6567112755562], [-73.9576261612561, 40.6567191984657], [-73.9576564415395, 40.6570030640712], [-73.9577834115053, 40.6569951411285], [-73.9577531306852, 40.6567112755562]]]}}, {"type": "Feature", "properties": {"zone_id": "0201SFXG8M6PWJ099D96ID", "tract_id": "36047079601", "city": "BROOKLYN, NY", "zone_code": "R6", "zone_category": "Residential", "ev_permitted": false}, "geometry": {"type": "Polygon", "coordinates": [[[-73.9576261612561, 40.6567191984657], [-73.9575004383504, 40.6567270437], [-73.9575307181023, 40.6570109093383], [-73.9576564415395, 40.6570030640712], [-73.9576261612561, 40.6567191984657]]]}}, {"type": "Feature", "properties": {"zone_id": "0204COP95WPI5WA40VP93E", "tract_id": "36047079601", "city": "BROOKLYN, NY", "zone_code": "R6", "zone_category": "Residential", "ev_permitted": false}, "geometry": {"type": "Polygon", "coordinates": [[[-73.9575004383504, 40.6567270437], [-73.9573696489254, 40.6567352045233], [-73.9573999281245, 40.6570190701957], [-73.9575307181023, 40.6570109093383], [-73.9575004383504, 40.6567270437]]]}}, {"type": "Feature", "properties": {"zone_id": "0200RUKPFPTB10R8QH0UW3", "tract_id": "36047079601", "city": "BROOKLYN, NY", "zone_code": "R6", "zone_category": "Residential", "ev_permitted": false}, "geometry": {"type": "Polygon", "coordinates": [[[-73.9573696489254, 40.6567352045233], [-73.957243926882, 40.6567430494775], [-73.9572742064728, 40.6570269144805], [-73.9573999281245, 40.6570190701957], [-73.9573696489254, 40.6567352045233]]]}}, {"type": "Feature", "properties": {"zone_id": "0206EVLDXUNLO95GB8SH4Z", "tract_id": "36047079601", "city": "BROOKLYN, NY", "zone_code": "R7-1", "zone_category": "Residential", "ev_permitted": false}, "geometry": {"type": "Polygon", "coordinates": [[[-73.9596424649522, 40.6561411448956], [-73.9595768606454, 40.6561451284485], [-73.9596087884812, 40.6564397174898], [-73.9596743912292, 40.6564357360263], [-73.9596424649522, 40.6561411448956]]]}}, {"type": "Feature", "properties": {"zone_id": "02078QFXI55X79E8UKM8L3", "tract_id": "36047079601", "city": "BROOKLYN, NY", "zone_code": "R7-1", "zone_category": "Residential", "ev_permitted": false}, "geometry": {"type": "Polygon", "coordinates": [[[-73.9595768606454, 40.6561451284485], [-73.9595126477312, 40.6561490267286], [-73.9595445743631, 40.6564436150847], [-73.9596087884812, 40.6564397174898], [-73.9595768606454, 40.6561451284485]]]}}, {"type": "Feature", "properties": {"zone_id": "0203TFNZYQZ86P6VWF9S8T", "tract_id": "36047079601", "city": "BROOKLYN, NY", "zone_code": "R7-1", "zone_category": "Residential", "ev_permitted": false}, "geometry": {"type": "Polygon", "coordinates": [[[-73.9595126477312, 40.6561490267286], [-73.9594514999486, 40.6561527398475], [-73.9594834244683, 40.6564473261118], [-73.9595445743631, 40.6564436150847], [-73.9595126477312, 40.6561490267286]]]}}, {"type": "Feature", "properties": {"zone_id": "0200O56L2OS4CLZ7N3SCCW", "tract_id": "36047079601", "city": "BROOKLYN, NY", "zone_code": "C1-3", "zone_category": "Commercial", "ev_permitted": true}, "geometry": {"type": "Polygon", "coordinates": [[[-73.9594437782826, 40.6560814912109], [-73.9593846604503, 40.6560850806385], [-73.9594243063152, 40.6564509134516], [-73.9594834244683, 40.6564473261118], [-73.9594437782826, 40.6560814912109]]]}}, {"type": "Feature", "properties": {"zone_id": "0200GUH55L590PWBLGDSZS", "tract_id": "36047079601", "city": "BROOKLYN, NY", "zone_code": "R7-1", "zone_category": "Residential", "ev_permitted": false}, "geometry": {"type": "Polygon", "coordinates": [[[-73.9599616920491, 40.6566326040871], [-73.9596256016513, 40.6566535826855], [-73.9596384434969, 40.6567078609568], [-73.9599745341642, 40.6566868823209], [-73.9599616920491, 40.6566326040871]]]}}, {"type": "Feature", "properties": {"zone_id": "0206694HUPE25P19TNQCEN", "tract_id": "36047079601", "city": "BROOKLYN, NY", "zone_code": "R7-1", "zone_category": "Residential", "ev_permitted": false}, "geometry": {"type": "Polygon", "coordinates": [[[-73.9599478974288, 40.6565742992553], [-73.9596118073204, 40.6565952778135], [-73.9596256016513, 40.6566535826855], [-73.9599616920491, 40.6566326040871], [-73.9599478974288, 40.6565742992553]]]}}, {"type": "Feature", "properties": {"zone_id": "02004ZI5ZFBFAJJ2GTO374", "tract_id": "36047079601", "city": "BROOKLYN, NY", "zone_code": "R7-1", "zone_category": "Residential", "ev_permitted": false}, "geometry": {"type": "Polygon", "coordinates": [[[-73.9598282859568, 40.6561298626238], [-73.9596424649522, 40.6561411448956], [-73.9596743912292, 40.6564357360263], [-73.9599041521054, 40.6564217911761], [-73.9598282859568, 40.6561298626238]]]}}, {"type": "Feature", "properties": {"zone_id": "020478WUQ3QE1CSORA7DKO", "tract_id": "36047079601", "city": "BROOKLYN, NY", "zone_code": "R6", "zone_category": "Residential", "ev_permitted": false}, "geometry": {"type": "Polygon", "coordinates": [[[-73.9593846604503, 40.6560850806385], [-73.9593240709402, 40.6560887587536], [-73.9593637164755, 40.6564545908849], [-73.9594243063152, 40.6564509134516], [-73.9593846604503, 40.6560850806385]]]}}, {"type": "Feature", "properties": {"zone_id": "0202URBUJ3JR3ZLLYRUA4M", "tract_id": "36047079601", "city": "BROOKLYN, NY", "zone_code": "R6", "zone_category": "Residential", "ev_permitted": false}, "geometry": {"type": "Polygon", "coordinates": [[[-73.9593240709402, 40.6560887587536], [-73.959262967491, 40.6560924689773], [-73.9593026136173, 40.6564582990218], [-73.9593637164755, 40.6564545908849], [-73.9593240709402, 40.6560887587536]]]}}, {"type": "Feature", "properties": {"zone_id": "020552I4ZPPOH1Y48QNWFV", "tract_id": "36047079601", "city": "BROOKLYN, NY", "zone_code": "R6", "zone_category": "Residential", "ev_permitted": false}, "geometry": {"type": "Polygon", "coordinates": [[[-73.959262967491, 40.6560924689773], [-73.9592019793703, 40.6560961714803], [-73.9592416242425, 40.6564620001399], [-73.9593026136173, 40.6564582990218], [-73.959262967491, 40.6560924689773]]]}}, {"type": "Feature", "properties": {"zone_id": "02040NMX8U9YMLPE8TBXLJ", "tract_id": "36047079601", "city": "BROOKLYN, NY", "zone_code": "R6", "zone_category": "Residential", "ev_permitted": false}, "geometry": {"type": "Polygon", "coordinates": [[[-73.9592019793703, 40.6560961714803], [-73.9591433606814, 40.6560997300437], [-73.9591830052347, 40.6564655580207], [-73.9592416242425, 40.6564620001399], [-73.9592019793703, 40.6560961714803]]]}}, {"type": "Feature", "properties": {"zone_id": "0206O0MH3O8DA7UN6DW8CB", "tract_id": "36047079601", "city": "BROOKLYN, NY", "zone_code": "R6", "zone_category": "Residential", "ev_permitted": false}, "geometry": {"type": "Polygon", "coordinates": [[[-73.9591433606814, 40.6560997300437], [-73.9590672461523, 40.6561043518069], [-73.9591068893701, 40.656470176999], [-73.9591830052347, 40.6564655580207], [-73.9591433606814, 40.6560997300437]]]}}, {"type": "Feature", "properties": {"zone_id": "02039S385MPRNQ1YW0AIVU", "tract_id": "36047079601", "city": "BROOKLYN, NY", "zone_code": "R6", "zone_category": "Residential", "ev_permitted": false}, "geometry": {"type": "Polygon", "coordinates": [[[-73.9590672461523, 40.6561043518069], [-73.9588599580401, 40.6561169356415], [-73.9588996010539, 40.6564827566889], [-73.9591068893701, 40.656470176999], [-73.9590672461523, 40.6561043518069]]]}}, {"type": "Feature", "properties": {"zone_id": "0202NGVNMBVCBRVWU5OAM9", "tract_id": "36047079601", "city": "BROOKLYN, NY", "zone_code": "R6", "zone_category": "Residential", "ev_permitted": false}, "geometry": {"type": "Polygon", "coordinates": [[[-73.9588599580401, 40.6561169356415], [-73.9587290658522, 40.656124882256], [-73.9587323134745, 40.6561548527438], [-73.958688701173, 40.6561574994821], [-73.9587250947137, 40.6564933451811], [-73.9588996010539, 40.6564827566889], [-73.9588599580401, 40.6561169356415]]]}}, {"type": "Feature", "properties": {"zone_id": "0205OXUVC3SP2GQ9698O39", "tract_id": "36047079601", "city": "BROOKLYN, NY", "zone_code": "R6", "zone_category": "Residential", "ev_permitted": false}, "geometry": {"type": "Polygon", "coordinates": [[[-73.958688701173, 40.6561574994821], [-73.9585126040263, 40.6561681854537], [-73.9585489957633, 40.6565040319104], [-73.9587250947137, 40.6564933451811], [-73.958688701173, 40.6561574994821]]]}}, {"type": "Feature", "properties": {"zone_id": "02029YOZHUOLSQD68KJQSA", "tract_id": "36047079601", "city": "BROOKLYN, NY", "zone_code": "R7-1", "zone_category": "Residential", "ev_permitted": false}, "geometry": {"type": "Polygon", "coordinates": [[[-73.9598152064156, 40.6560795325562], [-73.9594459958763, 40.6561019500554], [-73.9594514999486, 40.6561527398475], [-73.9598282859568, 40.6561298626238], [-73.9598152064156, 40.6560795325562]]]}}, {"type": "Feature", "properties": {"zone_id": "0203BPCEUFP3S6KLKC4HVL", "tract_id": "36047079601", "city": "BROOKLYN, NY", "zone_code": "R7-1", "zone_category": "Residential", "ev_permitted": false}, "geometry": {"type": "Polygon", "coordinates": [[[-73.9598003963373, 40.6560225434378], [-73.9594413789276, 40.656044341924], [-73.9594453938922, 40.6560813927049], [-73.9594437782826, 40.6560814912109], [-73.9594459958763, 40.6561019500554], [-73.9598152064156, 40.6560795325562], [-73.9598003963373, 40.6560225434378]]]}}, {"type": "Feature", "properties": {"zone_id": "02030YBRPHJ9WZGLU12PL5", "tract_id": "36047079601", "city": "BROOKLYN, NY", "zone_code": "R7-1", "zone_category": "Residential", "ev_permitted": false}, "geometry": {"type": "Polygon", "coordinates": [[[-73.9597856939828, 40.6559659703319], [-73.9594351913344, 40.6559872511014], [-73.9594413789276, 40.656044341924], [-73.9598003963373, 40.6560225434378], [-73.9597856939828, 40.6559659703319]]]}}, {"type": "Feature", "properties": {"zone_id": "0206GZRVX8L3ECP0Q09BHF", "tract_id": "36047079601", "city": "BROOKLYN, NY", "zone_code": "R7-1", "zone_category": "Residential", "ev_permitted": false}, "geometry": {"type": "Polygon", "coordinates": [[[-73.9597714703165, 40.6559112383709], [-73.9594292056027, 40.6559320188957], [-73.9594351913344, 40.6559872511014], [-73.9597856939828, 40.6559659703319], [-73.9597714703165, 40.6559112383709]]]}}, {"type": "Feature", "properties": {"zone_id": "02069P7DF1MGLWXB2Z2C6A", "tract_id": "36047079601", "city": "BROOKLYN, NY", "zone_code": "C1-3", "zone_category": "Commercial", "ev_permitted": true}, "geometry": {"type": "Polygon", "coordinates": [[[-73.9594118154803, 40.6557715460791], [-73.9592356585693, 40.655782240866], [-73.9592692370906, 40.6560920882458], [-73.9594453938922, 40.6560813927049], [-73.9594118154803, 40.6557715460791]]]}}, {"type": "Feature", "properties": {"zone_id": "0204B1K784YCFNBSF9LNRM", "tract_id": "36047079601", "city": "BROOKLYN, NY", "zone_code": "R7-1", "zone_category": "Residential", "ev_permitted": false}, "geometry": {"type": "Polygon", "coordinates": [[[-73.9597574758788, 40.655857389034], [-73.959423317139, 40.6558776777016], [-73.9594292056027, 40.6559320188957], [-73.9597714703165, 40.6559112383709], [-73.9597574758788, 40.655857389034]]]}}, {"type": "Feature", "properties": {"zone_id": "0201WL5EPVBILB25LCYGEV", "tract_id": "36047079601", "city": "BROOKLYN, NY", "zone_code": "R7-1", "zone_category": "Residential", "ev_permitted": false}, "geometry": {"type": "Polygon", "coordinates": [[[-73.9597442951902, 40.6558066675375], [-73.9594177699869, 40.6558264929942], [-73.959423317139, 40.6558776777016], [-73.9597574758788, 40.655857389034], [-73.9597442951902, 40.6558066675375]]]}}, {"type": "Feature", "properties": {"zone_id": "02030XK3LUFGUBGF4DHWRU", "tract_id": "36047079601", "city": "BROOKLYN, NY", "zone_code": "R7-1", "zone_category": "Residential", "ev_permitted": false}, "geometry": {"type": "Polygon", "coordinates": [[[-73.9597301443099, 40.6557522180668], [-73.9594118154803, 40.6557715460791], [-73.9594177699869, 40.6558264929942], [-73.9597442951902, 40.6558066675375], [-73.9597301443099, 40.6557522180668]]]}}, {"type": "Feature", "properties": {"zone_id": "0202EJL33QULLAUWJHZJW4", "tract_id": "36047079601", "city": "BROOKLYN, NY", "zone_code": "R6", "zone_category": "Residential", "ev_permitted": false}, "geometry": {"type": "Polygon", "coordinates": [[[-73.9592356585693, 40.655782240866], [-73.9590519882637, 40.6557933922508], [-73.959085565938, 40.6561032389812], [-73.9592692370906, 40.6560920882458], [-73.9592356585693, 40.655782240866]]]}}, {"type": "Feature", "properties": {"zone_id": "02065U6BMC5EJJOX4ERDMH", "tract_id": "36047079601", "city": "BROOKLYN, NY", "zone_code": "R6", "zone_category": "Residential", "ev_permitted": false}, "geometry": {"type": "Polygon", "coordinates": [[[-73.9590519882637, 40.6557933922508], [-73.9587873596434, 40.6558094576043], [-73.9588209360962, 40.656119305114], [-73.959085565938, 40.6561032389812], [-73.9590519882637, 40.6557933922508]]]}}, {"type": "Feature", "properties": {"zone_id": "0203OW658LIKNQREZZD8PY", "tract_id": "36047079601", "city": "BROOKLYN, NY", "zone_code": "R6", "zone_category": "Residential", "ev_permitted": false}, "geometry": {"type": "Polygon", "coordinates": [[[-73.9587873596434, 40.6558094576043], [-73.958512931161, 40.6558261174845], [-73.9585497529689, 40.6561659306476], [-73.9587323134745, 40.6561548527438], [-73.9587290658522, 40.656124882256], [-73.9588209360962, 40.656119305114], [-73.9587873596434, 40.6558094576043]]]}}, {"type": "Feature", "properties": {"zone_id": "0202611NNXZRRR00QEK21X", "tract_id": "36047079601", "city": "BROOKLYN, NY", "zone_code": "R6", "zone_category": "Residential", "ev_permitted": false}, "geometry": {"type": "Polygon", "coordinates": [[[-73.9585126040263, 40.6561681854537], [-73.9583382691431, 40.6561787635837], [-73.9583746609303, 40.6565146107982], [-73.9585489957633, 40.6565040319104], [-73.9585126040263, 40.6561681854537]]]}}, {"type": "Feature", "properties": {"zone_id": "0203DTAN9Z90P7GVMXWN6Z", "tract_id": "36047079601", "city": "BROOKLYN, NY", "zone_code": "R6", "zone_category": "Residential", "ev_permitted": false}, "geometry": {"type": "Polygon", "coordinates": [[[-73.9583382691431, 40.6561787635837], [-73.9581654086477, 40.6561892527475], [-73.9582017986478, 40.6565251000159], [-73.9583746609303, 40.6565146107982], [-73.9583382691431, 40.6561787635837]]]}}, {"type": "Feature", "properties": {"zone_id": "020518YBQY8K8K226HJ713", "tract_id": "36047079601", "city": "BROOKLYN, NY", "zone_code": "R6", "zone_category": "Residential", "ev_permitted": false}, "geometry": {"type": "Polygon", "coordinates": [[[-73.9581654086477, 40.6561892527475], [-73.9572933815842, 40.6562421625866], [-73.9573297681457, 40.6565780101292], [-73.9582017986478, 40.6565251000159], [-73.9581654086477, 40.6561892527475]]]}}, {"type": "Feature", "properties": {"zone_id": "0205WV8HLSJ9AKLZIQTBUT", "tract_id": "36047079601", "city": "BROOKLYN, NY", "zone_code": "R6", "zone_category": "Residential", "ev_permitted": false}, "geometry": {"type": "Polygon", "coordinates": [[[-73.9572933815842, 40.6562421625866], [-73.9571665220104, 40.6562498594746], [-73.9572029079375, 40.656585707057], [-73.9573297681457, 40.6565780101292], [-73.9572933815842, 40.6562421625866]]]}}, {"type": "Feature", "properties": {"zone_id": "0204GSRBQFGZDDC2CWNW74", "tract_id": "36047079601", "city": "BROOKLYN, NY", "zone_code": "R6", "zone_category": "Residential", "ev_permitted": false}, "geometry": {"type": "Polygon", "coordinates": [[[-73.958512931161, 40.6558261174845], [-73.9583389237956, 40.6558366809778], [-73.9583757447256, 40.6561764899803], [-73.9585497529689, 40.6561659306476], [-73.958512931161, 40.6558261174845]]]}}, {"type": "Feature", "properties": {"zone_id": "0205BEK692PKWKVT85MUQC", "tract_id": "36047079601", "city": "BROOKLYN, NY", "zone_code": "R6", "zone_category": "Residential", "ev_permitted": false}, "geometry": {"type": "Polygon", "coordinates": [[[-73.9583389237956, 40.6558366809778], [-73.9581523209266, 40.6558480083404], [-73.958189140915, 40.6561878131863], [-73.9583757447256, 40.6561764899803], [-73.9583389237956, 40.6558366809778]]]}}, {"type": "Feature", "properties": {"zone_id": "0206F6CAFRMUKWE1FIZTZ7", "tract_id": "36047079601", "city": "BROOKLYN, NY", "zone_code": "R6", "zone_category": "Residential", "ev_permitted": false}, "geometry": {"type": "Polygon", "coordinates": [[[-73.9581523209266, 40.6558480083404], [-73.9579831556518, 40.6558582772356], [-73.9580199729416, 40.6561980779184], [-73.958189140915, 40.6561878131863], [-73.9581523209266, 40.6558480083404]]]}}, {"type": "Feature", "properties": {"zone_id": "02061KWL5SX36HCEWJ1DM0", "tract_id": "36047079601", "city": "BROOKLYN, NY", "zone_code": "R6", "zone_category": "Residential", "ev_permitted": false}, "geometry": {"type": "Polygon", "coordinates": [[[-73.9579831556518, 40.6558582772356], [-73.957904316655, 40.6558630630627], [-73.9579411335472, 40.6562028616627], [-73.9580199729416, 40.6561980779184], [-73.9579831556518, 40.6558582772356]]]}}, {"type": "Feature", "properties": {"zone_id": "0202CW2CFQ9RXVPM022XS0", "tract_id": "36047079601", "city": "BROOKLYN, NY", "zone_code": "R6", "zone_category": "Residential", "ev_permitted": false}, "geometry": {"type": "Polygon", "coordinates": [[[-73.9577609558006, 40.6558717649968], [-73.9576885727408, 40.6558761588521], [-73.9577253885449, 40.6562159518994], [-73.957797771047, 40.6562115601286], [-73.9577609558006, 40.6558717649968]]]}}, {"type": "Feature", "properties": {"zone_id": "0201UJ4XFC9H0R5SDLNB4M", "tract_id": "36047079601", "city": "BROOKLYN, NY", "zone_code": "R6", "zone_category": "Residential", "ev_permitted": false}, "geometry": {"type": "Polygon", "coordinates": [[[-73.9576885727408, 40.6558761588521], [-73.9576148878152, 40.6558805676409], [-73.9576517096661, 40.6562204218456], [-73.9577253885449, 40.6562159518994], [-73.9576885727408, 40.6558761588521]]]}}, {"type": "Feature", "properties": {"zone_id": "0202885E5FJL5G2QNK3XCI", "tract_id": "36047079601", "city": "BROOKLYN, NY", "zone_code": "R6", "zone_category": "Residential", "ev_permitted": false}, "geometry": {"type": "Polygon", "coordinates": [[[-73.9576148878152, 40.6558805676409], [-73.9575427482827, 40.6558850099781], [-73.9575795633511, 40.6562247995583], [-73.9576517096661, 40.6562204218456], [-73.9576148878152, 40.6558805676409]]]}}, {"type": "Feature", "properties": {"zone_id": "0206L41KGZEKAUXWT0ZGW7", "tract_id": "36047079601", "city": "BROOKLYN, NY", "zone_code": "R6", "zone_category": "Residential", "ev_permitted": false}, "geometry": {"type": "Polygon", "coordinates": [[[-73.957904316655, 40.6558630630627], [-73.9578358143917, 40.6558672209306], [-73.9578726309381, 40.6562070181469], [-73.9579411335472, 40.6562028616627], [-73.957904316655, 40.6558630630627]]]}}, {"type": "Feature", "properties": {"zone_id": "02015Q44DX0LIYP18XA0FO", "tract_id": "36047079601", "city": "BROOKLYN, NY", "zone_code": "R6", "zone_category": "Residential", "ev_permitted": false}, "geometry": {"type": "Polygon", "coordinates": [[[-73.9578358143917, 40.6558672209306], [-73.9577609558006, 40.6558717649968], [-73.957797771047, 40.6562115601286], [-73.9578726309381, 40.6562070181469], [-73.9578358143917, 40.6558672209306]]]}}, {"type": "Feature", "properties": {"zone_id": "0201OAFXVV7ANNUIW0QLK3", "tract_id": "36047079601", "city": "BROOKLYN, NY", "zone_code": "R6", "zone_category": "Residential", "ev_permitted": false}, "geometry": {"type": "Polygon", "coordinates": [[[-73.9575427482827, 40.6558850099781], [-73.9574773221794, 40.6558889811566], [-73.957514135995, 40.6562287693519], [-73.9575795633511, 40.6562247995583], [-73.9575427482827, 40.6558850099781]]]}}, {"type": "Feature", "properties": {"zone_id": "02015JZJJDI7WOCH8018QV", "tract_id": "36047079601", "city": "BROOKLYN, NY", "zone_code": "R6", "zone_category": "Residential", "ev_permitted": false}, "geometry": {"type": "Polygon", "coordinates": [[[-73.9574773221794, 40.6558889811566], [-73.9574002251244, 40.6558936611799], [-73.9574370385517, 40.6562334465891], [-73.957514135995, 40.6562287693519], [-73.9574773221794, 40.6558889811566]]]}}, {"type": "Feature", "properties": {"zone_id": "0202IC7KILZSO74AOH53T4", "tract_id": "36047079601", "city": "BROOKLYN, NY", "zone_code": "R6", "zone_category": "Residential", "ev_permitted": false}, "geometry": {"type": "Polygon", "coordinates": [[[-73.9574002251244, 40.6558936611799], [-73.9573346624478, 40.6558976406587], [-73.9573714746217, 40.656237424683], [-73.9574370385517, 40.6562334465891], [-73.9574002251244, 40.6558936611799]]]}}, {"type": "Feature", "properties": {"zone_id": "02066VDNG47F1753VW1UDT", "tract_id": "36047079601", "city": "BROOKLYN, NY", "zone_code": "R6", "zone_category": "Residential", "ev_permitted": false}, "geometry": {"type": "Polygon", "coordinates": [[[-73.9573346624478, 40.6558976406587], [-73.9572565698041, 40.6559023806456], [-73.9572933815842, 40.6562421625866], [-73.9573714746217, 40.656237424683], [-73.9573346624478, 40.6558976406587]]]}}, {"type": "Feature", "properties": {"zone_id": "02016226LQ5GC5LSH5P9PU", "tract_id": "36047079601", "city": "BROOKLYN, NY", "zone_code": "R6", "zone_category": "Residential", "ev_permitted": false}, "geometry": {"type": "Polygon", "coordinates": [[[-73.9572565698041, 40.6559023806456], [-73.9571884208461, 40.6559065157739], [-73.9572213441998, 40.6562104049159], [-73.9572894934658, 40.6562062704709], [-73.9572565698041, 40.6559023806456]]]}}, {"type": "Feature", "properties": {"zone_id": "0201ZJZ64HZXFB30BI6KPZ", "tract_id": "36047079601", "city": "BROOKLYN, NY", "zone_code": "R6", "zone_category": "Residential", "ev_permitted": false}, "geometry": {"type": "Polygon", "coordinates": [[[-73.9572041410864, 40.657486734189], [-73.9571021993385, 40.6574930230009], [-73.957133825823, 40.6577925867325], [-73.9572357671026, 40.657786298595], [-73.9572041410864, 40.657486734189]]]}}, {"type": "Feature", "properties": {"zone_id": "0204SNL81MF6QWPAYL5DLD", "tract_id": "36047079601", "city": "BROOKLYN, NY", "zone_code": "R6", "zone_category": "Residential", "ev_permitted": false}, "geometry": {"type": "Polygon", "coordinates": [[[-73.9571021993385, 40.6574930230009], [-73.9570044881529, 40.657499049805], [-73.9570361132783, 40.6577986142656], [-73.957133825823, 40.6577925867325], [-73.9571021993385, 40.6574930230009]]]}}, {"type": "Feature", "properties": {"zone_id": "0207BIAIMN1U5FBD7WEL3U", "tract_id": "36047079601", "city": "BROOKLYN, NY", "zone_code": "R6", "zone_category": "Residential", "ev_permitted": false}, "geometry": {"type": "Polygon", "coordinates": [[[-73.9570044881529, 40.657499049805], [-73.9569033445035, 40.6575052888499], [-73.9569349701008, 40.6578048526357], [-73.9570361132783, 40.6577986142656], [-73.9570044881529, 40.657499049805]]]}}, {"type": "Feature", "properties": {"zone_id": "0205I2B7XGXSOUCM5T5XK3", "tract_id": "36047079601", "city": "BROOKLYN, NY", "zone_code": "R6", "zone_category": "Residential", "ev_permitted": false}, "geometry": {"type": "Polygon", "coordinates": [[[-73.9569033445035, 40.6575052888499], [-73.956801897267, 40.6575115459611], [-73.9568335224113, 40.6578111104773], [-73.9569349701008, 40.6578048526357], [-73.9569033445035, 40.6575052888499]]]}}, {"type": "Feature", "properties": {"zone_id": "0202OZAKNCPDH7BITFRQJP", "tract_id": "36047079601", "city": "BROOKLYN, NY", "zone_code": "R6", "zone_category": "Residential", "ev_permitted": false}, "geometry": {"type": "Polygon", "coordinates": [[[-73.956801897267, 40.6575115459611], [-73.9566961945147, 40.6575180662851], [-73.9567278191879, 40.6578176301274], [-73.9568335224113, 40.6578111104773], [-73.956801897267, 40.6575115459611]]]}}, {"type": "Feature", "properties": {"zone_id": "020314B3GGSBYV6ASHCHWO", "tract_id": "36047079601", "city": "BROOKLYN, NY", "zone_code": "R6", "zone_category": "Residential", "ev_permitted": false}, "geometry": {"type": "Polygon", "coordinates": [[[-73.9571110059802, 40.6567513420178], [-73.9566164511327, 40.6567821995382], [-73.9566467271482, 40.6570660654074], [-73.9571412840857, 40.6570352084605], [-73.9571110059802, 40.6567513420178]]]}}, {"type": "Feature", "properties": {"zone_id": "0202I3G7IZ5IQGZ2EJ77P8", "tract_id": "36047079601", "city": "BROOKLYN, NY", "zone_code": "R6", "zone_category": "Residential", "ev_permitted": false}, "geometry": {"type": "Polygon", "coordinates": [[[-73.9570902978475, 40.6570383893828], [-73.9570099145604, 40.6570434051971], [-73.9570411874446, 40.6573366062159], [-73.9571216114421, 40.6573319599962], [-73.9570902978475, 40.6570383893828]]]}}, {"type": "Feature", "properties": {"zone_id": "0203A9D7A99XV9BLRG3M38", "tract_id": "36047079601", "city": "BROOKLYN, NY", "zone_code": "R6", "zone_category": "Residential", "ev_permitted": false}, "geometry": {"type": "Polygon", "coordinates": [[[-73.9571737795291, 40.6570331807307], [-73.9570902978475, 40.6570383893828], [-73.9571216114421, 40.6573319599962], [-73.9572051347623, 40.6573271349915], [-73.9571737795291, 40.6570331807307]]]}}, {"type": "Feature", "properties": {"zone_id": "0205IZ8VQIV2TR0DT3TWVK", "tract_id": "36047079601", "city": "BROOKLYN, NY", "zone_code": "R6", "zone_category": "Residential", "ev_permitted": false}, "geometry": {"type": "Polygon", "coordinates": [[[-73.9570099145604, 40.6570434051971], [-73.9566467271482, 40.6570660654074], [-73.9566778214577, 40.6573575962255], [-73.9570411874446, 40.6573366062159], [-73.9570099145604, 40.6570434051971]]]}}, {"type": "Feature", "properties": {"zone_id": "02015F9Z9QGR35YQW4IIQP", "tract_id": "36047079601", "city": "BROOKLYN, NY", "zone_code": "R6", "zone_category": "Residential", "ev_permitted": false}, "geometry": {"type": "Polygon", "coordinates": [[[-73.957243926882, 40.6567430494775], [-73.9571110059802, 40.6567513420178], [-73.9571412840857, 40.6570352084605], [-73.9572742064728, 40.6570269144805], [-73.957243926882, 40.6567430494775]]]}}, {"type": "Feature", "properties": {"zone_id": "0200K1MFW2S2U55YJRGRNK", "tract_id": "36047079601", "city": "BROOKLYN, NY", "zone_code": "R6", "zone_category": "Residential", "ev_permitted": false}, "geometry": {"type": "Polygon", "coordinates": [[[-73.9571665220104, 40.6562498594746], [-73.9570518021411, 40.6562568194455], [-73.9570881874944, 40.656592667064], [-73.9572029079375, 40.656585707057], [-73.9571665220104, 40.6562498594746]]]}}, {"type": "Feature", "properties": {"zone_id": "02011W1KTKQ5GYXV35EY4S", "tract_id": "36047079601", "city": "BROOKLYN, NY", "zone_code": "R6", "zone_category": "Residential", "ev_permitted": false}, "geometry": {"type": "Polygon", "coordinates": [[[-73.9570518021411, 40.6562568194455], [-73.956911629123, 40.65626532336], [-73.9569480128527, 40.6566011710221], [-73.9570881874944, 40.656592667064], [-73.9570518021411, 40.6562568194455]]]}}, {"type": "Feature", "properties": {"zone_id": "0204H195Y7YF01UAN8BSZU", "tract_id": "36047079601", "city": "BROOKLYN, NY", "zone_code": "R6", "zone_category": "Residential", "ev_permitted": false}, "geometry": {"type": "Polygon", "coordinates": [[[-73.956911629123, 40.65626532336], [-73.9567711663468, 40.6562738445613], [-73.956778655891, 40.6563429754603], [-73.9565722311635, 40.6563554985808], [-73.9566011238261, 40.656622216142], [-73.9569480128527, 40.6566011710221], [-73.956911629123, 40.65626532336]]]}}, {"type": "Feature", "properties": {"zone_id": "02005EA7TH7WS06ZCVJVRZ", "tract_id": "36047079601", "city": "BROOKLYN, NY", "zone_code": "R6", "zone_category": "Residential", "ev_permitted": false}, "geometry": {"type": "Polygon", "coordinates": [[[-73.9572894934658, 40.6562062704709], [-73.9570754349874, 40.6562192568231], [-73.9570794724596, 40.6562551497045], [-73.9572933815842, 40.6562421625866], [-73.9572894934658, 40.6562062704709]]]}}, {"type": "Feature", "properties": {"zone_id": "02014O82DNO2CEI0YYR3BV", "tract_id": "36047079601", "city": "BROOKLYN, NY", "zone_code": "R6", "zone_category": "Residential", "ev_permitted": false}, "geometry": {"type": "Polygon", "coordinates": [[[-73.9569316769341, 40.6562216019793], [-73.9565601662434, 40.6562441400497], [-73.9565666256291, 40.6563037536925], [-73.9567730492749, 40.6562912305817], [-73.9567711663468, 40.6562738445613], [-73.9569364013022, 40.656263829639], [-73.9569316769341, 40.6562216019793]]]}}, {"type": "Feature", "properties": {"zone_id": "02061L4P9O4Z2REFB0SWE7", "tract_id": "36047079601", "city": "BROOKLYN, NY", "zone_code": "R6", "zone_category": "Residential", "ev_permitted": false}, "geometry": {"type": "Polygon", "coordinates": [[[-73.9567730492749, 40.6562912305817], [-73.9565666256291, 40.6563037536925], [-73.9565722311635, 40.6563554985808], [-73.956778655891, 40.6563429754603], [-73.9567730492749, 40.6562912305817]]]}}, {"type": "Feature", "properties": {"zone_id": "0203M95H0DJP9BF3Z5YB8L", "tract_id": "36047079601", "city": "BROOKLYN, NY", "zone_code": "R6", "zone_category": "Residential", "ev_permitted": false}, "geometry": {"type": "Polygon", "coordinates": [[[-73.9571162859109, 40.6559108946055], [-73.9570425132134, 40.6559153725586], [-73.9570754349874, 40.6562192568231], [-73.9571492098626, 40.6562147809577], [-73.9571162859109, 40.6559108946055]]]}}, {"type": "Feature", "properties": {"zone_id": "0200V8A29CQIF6UT9C2ICV", "tract_id": "36047079601", "city": "BROOKLYN, NY", "zone_code": "R6", "zone_category": "Residential", "ev_permitted": false}, "geometry": {"type": "Polygon", "coordinates": [[[-73.9570425132134, 40.6559153725586], [-73.9569734120247, 40.6559195662277], [-73.9570102223761, 40.6562593419348], [-73.9570794724596, 40.6562551497045], [-73.9570425132134, 40.6559153725586]]]}}, {"type": "Feature", "properties": {"zone_id": "0203M9R6J0IWZMLWF2ZZ65", "tract_id": "36047079601", "city": "BROOKLYN, NY", "zone_code": "R6", "zone_category": "Residential", "ev_permitted": false}, "geometry": {"type": "Polygon", "coordinates": [[[-73.9569734120247, 40.6559195662277], [-73.9568994427776, 40.6559240559608], [-73.9569364013022, 40.656263829639], [-73.9570102223761, 40.6562593419348], [-73.9569734120247, 40.6559195662277]]]}}, {"type": "Feature", "properties": {"zone_id": "0205KH73GII1AF1249MZB2", "tract_id": "36047079601", "city": "BROOKLYN, NY", "zone_code": "R6", "zone_category": "Residential", "ev_permitted": false}, "geometry": {"type": "Polygon", "coordinates": [[[-73.9568994427776, 40.6559240559608], [-73.9568267320538, 40.6559284688256], [-73.9568589668118, 40.6562260134594], [-73.9569316769341, 40.6562216019793], [-73.9568994427776, 40.6559240559608]]]}}, {"type": "Feature", "properties": {"zone_id": "0205V1BR9CP6ZSBYTK8Y03", "tract_id": "36047079601", "city": "BROOKLYN, NY", "zone_code": "R6", "zone_category": "Residential", "ev_permitted": false}, "geometry": {"type": "Polygon", "coordinates": [[[-73.9571884208461, 40.6559065157739], [-73.9571162859109, 40.6559108946055], [-73.9571492098626, 40.6562147809577], [-73.9572213441998, 40.6562104049159], [-73.9571884208461, 40.6559065157739]]]}}, {"type": "Feature", "properties": {"zone_id": "0200XCAOK3YERPD48HARRX", "tract_id": "36047079601", "city": "BROOKLYN, NY", "zone_code": "R6", "zone_category": "Residential", "ev_permitted": false}, "geometry": {"type": "Polygon", "coordinates": [[[-73.9568267320538, 40.6559284688256], [-73.9567593949987, 40.6559325555207], [-73.9567916285369, 40.6562300980649], [-73.9568589668118, 40.6562260134594], [-73.9568267320538, 40.6559284688256]]]}}, {"type": "Feature", "properties": {"zone_id": "0201XMLVXGY0QVYEE7MKYQ", "tract_id": "36047079601", "city": "BROOKLYN, NY", "zone_code": "R6", "zone_category": "Residential", "ev_permitted": false}, "geometry": {"type": "Polygon", "coordinates": [[[-73.9567593949987, 40.6559325555207], [-73.9566851193938, 40.65593706327], [-73.9567173526039, 40.6562346044296], [-73.9567916285369, 40.6562300980649], [-73.9567593949987, 40.6559325555207]]]}}, {"type": "Feature", "properties": {"zone_id": "0206RQKEOPMTDA6GZHMSV3", "tract_id": "36047079601", "city": "BROOKLYN, NY", "zone_code": "R6", "zone_category": "Residential", "ev_permitted": false}, "geometry": {"type": "Polygon", "coordinates": [[[-73.9566851193938, 40.65593706327], [-73.9566062940509, 40.65594184751], [-73.9566385269132, 40.6562393865834], [-73.9567173526039, 40.6562346044296], [-73.9566851193938, 40.65593706327]]]}}, {"type": "Feature", "properties": {"zone_id": "0207GZU2R8M280EPL3DHRW", "tract_id": "36047079601", "city": "BROOKLYN, NY", "zone_code": "R6", "zone_category": "Residential", "ev_permitted": false}, "geometry": {"type": "Polygon", "coordinates": [[[-73.9566062940509, 40.65594184751], [-73.9565279355723, 40.6559466030631], [-73.9565601662434, 40.6562441400497], [-73.9566385269132, 40.6562393865834], [-73.9566062940509, 40.65594184751]]]}}, {"type": "Feature", "properties": {"zone_id": "0202BWHWNL3SUWEMFXX10Y", "tract_id": "36047079601", "city": "BROOKLYN, NY", "zone_code": "R6", "zone_category": "Residential", "ev_permitted": false}, "geometry": {"type": "Polygon", "coordinates": [[[-73.9567224246927, 40.6555987484397], [-73.956646318735, 40.6556035783494], [-73.9566660610087, 40.655784108967], [-73.9567421671709, 40.6557792790443], [-73.9567224246927, 40.6555987484397]]]}}, {"type": "Feature", "properties": {"zone_id": "0206UGNQDPK04U8180TXMO", "tract_id": "36047079601", "city": "BROOKLYN, NY", "zone_code": "R6", "zone_category": "Residential", "ev_permitted": false}, "geometry": {"type": "Polygon", "coordinates": [[[-73.956646318735, 40.6556035783494], [-73.9565702127662, 40.6556084083845], [-73.9565942286803, 40.655788667643], [-73.9566660610087, 40.655784108967], [-73.956646318735, 40.6556035783494]]]}}, {"type": "Feature", "properties": {"zone_id": "02068UTVORW3V12L0PMTK3", "tract_id": "36047079601", "city": "BROOKLYN, NY", "zone_code": "R6", "zone_category": "Residential", "ev_permitted": false}, "geometry": {"type": "Polygon", "coordinates": [[[-73.9565702127662, 40.6556084083845], [-73.9564940163642, 40.6556132439563], [-73.9565137582287, 40.6557937745998], [-73.9565942286803, 40.655788667643], [-73.9565702127662, 40.6556084083845]]]}}, {"type": "Feature", "properties": {"zone_id": "0201P96PL8I11044FEC6YX", "tract_id": "36047079601", "city": "BROOKLYN, NY", "zone_code": "R7-1", "zone_category": "Residential", "ev_permitted": false}, "geometry": {"type": "Polygon", "coordinates": [[[-73.959653148079, 40.6553679814078], [-73.9593333008844, 40.6553882888868], [-73.9593395547183, 40.6554454556299], [-73.9596644159755, 40.6554248301799], [-73.959653148079, 40.6553679814078]]]}}, {"type": "Feature", "properties": {"zone_id": "0205FPH9W9C2V6FH62HT59", "tract_id": "36047079601", "city": "BROOKLYN, NY", "zone_code": "R7-1", "zone_category": "Residential", "ev_permitted": false}, "geometry": {"type": "Polygon", "coordinates": [[[-73.9596422913617, 40.6553132105561], [-73.9593272755242, 40.6553332098387], [-73.9593333008844, 40.6553882888868], [-73.959653148079, 40.6553679814078], [-73.9596422913617, 40.6553132105561]]]}}, {"type": "Feature", "properties": {"zone_id": "0202WCUS5BC7ZEEKK8U50L", "tract_id": "36047079601", "city": "BROOKLYN, NY", "zone_code": "R7-1", "zone_category": "Residential", "ev_permitted": false}, "geometry": {"type": "Polygon", "coordinates": [[[-73.9596313868334, 40.6552581951593], [-73.9593212226432, 40.6552778876585], [-73.9593272755242, 40.6553332098387], [-73.9596422913617, 40.6553132105561], [-73.9596313868334, 40.6552581951593]]]}}, {"type": "Feature", "properties": {"zone_id": "0201M7LNBN5FL28N5B9JHU", "tract_id": "36047079601", "city": "BROOKLYN, NY", "zone_code": "R7-1", "zone_category": "Residential", "ev_permitted": false}, "geometry": {"type": "Polygon", "coordinates": [[[-73.95962117403, 40.6552066694336], [-73.9592747372314, 40.6552286650486], [-73.9592804056277, 40.6552804786939], [-73.9596313868334, 40.6552581951593], [-73.95962117403, 40.6552066694336]]]}}, {"type": "Feature", "properties": {"zone_id": "0206C5QI5YN14TXCZULJWZ", "tract_id": "36047079601", "city": "BROOKLYN, NY", "zone_code": "R7-1", "zone_category": "Residential", "ev_permitted": false}, "geometry": {"type": "Polygon", "coordinates": [[[-73.9596106255061, 40.6551534522764], [-73.9592688835114, 40.6551751494848], [-73.9592747372314, 40.6552286650486], [-73.95962117403, 40.6552066694336], [-73.9596106255061, 40.6551534522764]]]}}, {"type": "Feature", "properties": {"zone_id": "0203NPONQMS4EBJXEUBX52", "tract_id": "36047079601", "city": "BROOKLYN, NY", "zone_code": "R7-1", "zone_category": "Residential", "ev_permitted": false}, "geometry": {"type": "Polygon", "coordinates": [[[-73.9596006454496, 40.6551031000791], [-73.9592633445036, 40.6551245156572], [-73.9592688835114, 40.6551751494848], [-73.9596106255061, 40.6551534522764], [-73.9596006454496, 40.6551031000791]]]}}, {"type": "Feature", "properties": {"zone_id": "02004YAVVKAID2BPXR52UW", "tract_id": "36047079601", "city": "BROOKLYN, NY", "zone_code": "R7-1", "zone_category": "Residential", "ev_permitted": false}, "geometry": {"type": "Polygon", "coordinates": [[[-73.9593212226432, 40.6552778876585], [-73.9589461355734, 40.6553017004793], [-73.9589828199548, 40.6556370529633], [-73.95935790982, 40.6556132393213], [-73.9593212226432, 40.6552778876585]]]}}, {"type": "Feature", "properties": {"zone_id": "020270JV0DU8QN5RDRSTG7", "tract_id": "36047079601", "city": "BROOKLYN, NY", "zone_code": "R6", "zone_category": "Residential", "ev_permitted": false}, "geometry": {"type": "Polygon", "coordinates": [[[-73.9589461355734, 40.6553017004793], [-73.9585747813584, 40.6553252752185], [-73.9586114657312, 40.6556606278206], [-73.9589828199548, 40.6556370529633], [-73.9589461355734, 40.6553017004793]]]}}, {"type": "Feature", "properties": {"zone_id": "0203MBP48QJADLNMKRJHTB", "tract_id": "36047079601", "city": "BROOKLYN, NY", "zone_code": "R7-1", "zone_category": "Residential", "ev_permitted": false}, "geometry": {"type": "Polygon", "coordinates": [[[-73.9592444511979, 40.6549518102912], [-73.9591707166605, 40.6549562053032], [-73.9592067037702, 40.6552851583194], [-73.9592804056277, 40.6552804786939], [-73.9592444511979, 40.6549518102912]]]}}, {"type": "Feature", "properties": {"zone_id": "0204ZAKFJBOXPS5MGMKVZX", "tract_id": "36047079601", "city": "BROOKLYN, NY", "zone_code": "R7-1", "zone_category": "Residential", "ev_permitted": false}, "geometry": {"type": "Polygon", "coordinates": [[[-73.9591707166605, 40.6549562053032], [-73.9591022588191, 40.6549602852427], [-73.9591382731105, 40.6552895024917], [-73.9592067037702, 40.6552851583194], [-73.9591707166605, 40.6549562053032]]]}}, {"type": "Feature", "properties": {"zone_id": "0200JDVX3Q9QE0X2M6BRWZ", "tract_id": "36047079601", "city": "BROOKLYN, NY", "zone_code": "R7-1", "zone_category": "Residential", "ev_permitted": false}, "geometry": {"type": "Polygon", "coordinates": [[[-73.9591022588191, 40.6549602852427], [-73.9590293684994, 40.6549646291698], [-73.9590654127075, 40.6552941282204], [-73.9591382731105, 40.6552895024917], [-73.9591022588191, 40.6549602852427]]]}}, {"type": "Feature", "properties": {"zone_id": "02024GNFZ3PF8QSCUD5TR8", "tract_id": "36047079601", "city": "BROOKLYN, NY", "zone_code": "R7-1", "zone_category": "Residential", "ev_permitted": false}, "geometry": {"type": "Polygon", "coordinates": [[[-73.9590293684994, 40.6549646291698], [-73.9589623370765, 40.6549686245118], [-73.9589984103214, 40.6552983814715], [-73.9590654127075, 40.6552941282204], [-73.9590293684994, 40.6549646291698]]]}}, {"type": "Feature", "properties": {"zone_id": "02021CXOWO84V9O0KOWBWV", "tract_id": "36047079601", "city": "BROOKLYN, NY", "zone_code": "R7-1", "zone_category": "Residential", "ev_permitted": false}, "geometry": {"type": "Polygon", "coordinates": [[[-73.9589623370765, 40.6549686245118], [-73.958885663822, 40.6549731939585], [-73.9589217678773, 40.6553032474775], [-73.9589984103214, 40.6552983814715], [-73.9589623370765, 40.6549686245118]]]}}, {"type": "Feature", "properties": {"zone_id": "020293DQYS17DL4W84OE0Y", "tract_id": "36047079601", "city": "BROOKLYN, NY", "zone_code": "R7-1", "zone_category": "Residential", "ev_permitted": false}, "geometry": {"type": "Polygon", "coordinates": [[[-73.958885663822, 40.6549731939585], [-73.9588152877298, 40.6549773882785], [-73.9588514217188, 40.6553077130585], [-73.9589217678773, 40.6553032474775], [-73.958885663822, 40.6549731939585]]]}}, {"type": "Feature", "properties": {"zone_id": "02005IC4XTRF9HRCGSQDLO", "tract_id": "36047079601", "city": "BROOKLYN, NY", "zone_code": "R7-1", "zone_category": "Residential", "ev_permitted": false}, "geometry": {"type": "Polygon", "coordinates": [[[-73.9588152877298, 40.6549773882785], [-73.9587414876267, 40.6549817872078], [-73.9587776524463, 40.655312396601], [-73.9588514217188, 40.6553077130585], [-73.9588152877298, 40.6549773882785]]]}}, {"type": "Feature", "properties": {"zone_id": "02052TBDWUF9TS7XMNRKM5", "tract_id": "36047079601", "city": "BROOKLYN, NY", "zone_code": "R7-1", "zone_category": "Residential", "ev_permitted": false}, "geometry": {"type": "Polygon", "coordinates": [[[-73.9587414876267, 40.6549817872078], [-73.9586713901606, 40.6549859646758], [-73.9587075839924, 40.6553168439244], [-73.9587776524463, 40.655312396601], [-73.9587414876267, 40.6549817872078]]]}}, {"type": "Feature", "properties": {"zone_id": "0205U68UM7F6AYHVIXA2HK", "tract_id": "36047079601", "city": "BROOKLYN, NY", "zone_code": "R7-1", "zone_category": "Residential", "ev_permitted": false}, "geometry": {"type": "Polygon", "coordinates": [[[-73.9586713901606, 40.6549859646758], [-73.9585994012263, 40.6549902552517], [-73.9586356240555, 40.6553214120857], [-73.9587075839924, 40.6553168439244], [-73.9586713901606, 40.6549859646758]]]}}, {"type": "Feature", "properties": {"zone_id": "0206GSAZ00Z054ARXZSKCL", "tract_id": "36047079601", "city": "BROOKLYN, NY", "zone_code": "R7-1", "zone_category": "Residential", "ev_permitted": false}, "geometry": {"type": "Polygon", "coordinates": [[[-73.9595891440268, 40.6550450742542], [-73.9592569595525, 40.6550661641697], [-73.9592633445036, 40.6551245156572], [-73.9596006454496, 40.6551031000791], [-73.9595891440268, 40.6550450742542]]]}}, {"type": "Feature", "properties": {"zone_id": "0204GJ4YM1TVUMW2ZN5TWH", "tract_id": "36047079601", "city": "BROOKLYN, NY", "zone_code": "R7-1", "zone_category": "Residential", "ev_permitted": false}, "geometry": {"type": "Polygon", "coordinates": [[[-73.9595780611411, 40.6549891593779], [-73.9592508095082, 40.6550099369183], [-73.9592569595525, 40.6550661641697], [-73.9595891440268, 40.6550450742542], [-73.9595780611411, 40.6549891593779]]]}}, {"type": "Feature", "properties": {"zone_id": "0204OUTOSQI1F0H23827X2", "tract_id": "36047079601", "city": "BROOKLYN, NY", "zone_code": "R7-1", "zone_category": "Residential", "ev_permitted": false}, "geometry": {"type": "Polygon", "coordinates": [[[-73.9595668476556, 40.6549325930845], [-73.9592444511979, 40.6549518102912], [-73.9592508095082, 40.6550099369183], [-73.9595780611411, 40.6549891593779], [-73.9595668476556, 40.6549325930845]]]}}, {"type": "Feature", "properties": {"zone_id": "0205C26EOG6B52GS8LPNJG", "tract_id": "36047079601", "city": "BROOKLYN, NY", "zone_code": "R7-1", "zone_category": "Residential", "ev_permitted": false}, "geometry": {"type": "Polygon", "coordinates": [[[-73.9581631918031, 40.6550162505707], [-73.9577982578666, 40.6550379975088], [-73.957827563732, 40.6553059446146], [-73.9577485676564, 40.6553106515791], [-73.9577606864197, 40.6554214401559], [-73.9580277602126, 40.6554044870785], [-73.9580284858464, 40.6554111155734], [-73.9582051552822, 40.6553999014447], [-73.9581631918031, 40.6550162505707]]]}}, {"type": "Feature", "properties": {"zone_id": "02078UR4CW2G5IHUQP1PPD", "tract_id": "36047079601", "city": "BROOKLYN, NY", "zone_code": "R6", "zone_category": "Residential", "ev_permitted": false}, "geometry": {"type": "Polygon", "coordinates": [[[-73.9585747813584, 40.6553252752185], [-73.9581995977979, 40.6553490918942], [-73.9582353234836, 40.6556845053994], [-73.9586114657312, 40.6556606278206], [-73.9585747813584, 40.6553252752185]]]}}, {"type": "Feature", "properties": {"zone_id": "02021VRG6RGZBEL1IKGC9S", "tract_id": "36047079601", "city": "BROOKLYN, NY", "zone_code": "R6", "zone_category": "Residential", "ev_permitted": false}, "geometry": {"type": "Polygon", "coordinates": [[[-73.9582051552822, 40.6553999014447], [-73.9581426267685, 40.6554038705412], [-73.9581737496739, 40.6556884137277], [-73.9582353234836, 40.6556845053994], [-73.9582051552822, 40.6553999014447]]]}}, {"type": "Feature", "properties": {"zone_id": "0204E6MR1ZU779YVSO2FQN", "tract_id": "36047079601", "city": "BROOKLYN, NY", "zone_code": "R6", "zone_category": "Residential", "ev_permitted": false}, "geometry": {"type": "Polygon", "coordinates": [[[-73.9581426267685, 40.6554038705412], [-73.9580812377468, 40.655407766942], [-73.9581123613143, 40.6556923108479], [-73.9581737496739, 40.6556884137277], [-73.9581426267685, 40.6554038705412]]]}}, {"type": "Feature", "properties": {"zone_id": "0207706Q3KF98UMPX5ULO1", "tract_id": "36047079601", "city": "BROOKLYN, NY", "zone_code": "R6", "zone_category": "Residential", "ev_permitted": false}, "geometry": {"type": "Polygon", "coordinates": [[[-73.9580277602126, 40.6554044870785], [-73.958018824139, 40.6554050543805], [-73.9580506712334, 40.6556962260946], [-73.9581123613143, 40.6556923108479], [-73.9580812377468, 40.655407766942], [-73.9580284858464, 40.6554111155734], [-73.9580277602126, 40.6554044870785]]]}}, {"type": "Feature", "properties": {"zone_id": "0203VGUCO55CY8ANJQ5VA2", "tract_id": "36047079601", "city": "BROOKLYN, NY", "zone_code": "R7-1", "zone_category": "Residential", "ev_permitted": false}, "geometry": {"type": "Polygon", "coordinates": [[[-73.9585994012263, 40.6549902552517], [-73.9585273615364, 40.654994548575], [-73.9585636152066, 40.6553259844004], [-73.9586356240555, 40.6553214120857], [-73.9585994012263, 40.6549902552517]]]}}, {"type": "Feature", "properties": {"zone_id": "02054TZ3JNOLIV9AZ8LQEH", "tract_id": "36047079601", "city": "", "zone_code": "R7-1", "zone_category": "Residential", "ev_permitted": false}, "geometry": {"type": "Polygon", "coordinates": [[[-73.9585273615364, 40.654994548575], [-73.9581631918031, 40.6550162505707], [-73.9581995977979, 40.6553490918942], [-73.9585636152066, 40.6553259844004], [-73.9585273615364, 40.654994548575]]]}}, {"type": "Feature", "properties": {"zone_id": "0206WAWDZWS839V8TUMYAJ", "tract_id": "36047079601", "city": "BROOKLYN, NY", "zone_code": "R7-1", "zone_category": "Residential", "ev_permitted": false}, "geometry": {"type": "Polygon", "coordinates": [[[-73.9577982578666, 40.6550379975088], [-73.957719263951, 40.6550427051567], [-73.9577485676564, 40.6553106515791], [-73.957827563732, 40.6553059446146], [-73.9577982578666, 40.6550379975088]]]}}, {"type": "Feature", "properties": {"zone_id": "02029WBR22969DQGPDDB6V", "tract_id": "36047079601", "city": "BROOKLYN, NY", "zone_code": "R7-1", "zone_category": "Residential", "ev_permitted": false}, "geometry": {"type": "Polygon", "coordinates": [[[-73.957719263951, 40.6550427051567], [-73.9576544956678, 40.6550465642516], [-73.9576894057561, 40.655365745396], [-73.9577541449813, 40.6553616361224], [-73.957719263951, 40.6550427051567]]]}}, {"type": "Feature", "properties": {"zone_id": "0203V9SUK19L9OO1Y8BA1G", "tract_id": "36047079601", "city": "BROOKLYN, NY", "zone_code": "R7-1", "zone_category": "Residential", "ev_permitted": false}, "geometry": {"type": "Polygon", "coordinates": [[[-73.9576544956678, 40.6550465642516], [-73.9575842956493, 40.6550507480459], [-73.9576192347568, 40.6553701990453], [-73.9576894057561, 40.655365745396], [-73.9576544956678, 40.6550465642516]]]}}, {"type": "Feature", "properties": {"zone_id": "0205ABWT9AI61C8KE8Y427", "tract_id": "36047079601", "city": "BROOKLYN, NY", "zone_code": "R7-1", "zone_category": "Residential", "ev_permitted": false}, "geometry": {"type": "Polygon", "coordinates": [[[-73.9575842956493, 40.6550507480459], [-73.9575202461067, 40.6550545637651], [-73.9575552115076, 40.6553742635367], [-73.9576192347568, 40.6553701990453], [-73.9575842956493, 40.6550507480459]]]}}, {"type": "Feature", "properties": {"zone_id": "0205L9UR7IYVWNX5VB4X5G", "tract_id": "36047079601", "city": "BROOKLYN, NY", "zone_code": "R7-1", "zone_category": "Residential", "ev_permitted": false}, "geometry": {"type": "Polygon", "coordinates": [[[-73.9575202461067, 40.6550545637651], [-73.957449988867, 40.6550587495643], [-73.9574849832848, 40.6553787205963], [-73.9575552115076, 40.6553742635367], [-73.9575202461067, 40.6550545637651]]]}}, {"type": "Feature", "properties": {"zone_id": "020732CGY0YKRPR7H5J6O6", "tract_id": "36047079601", "city": "BROOKLYN, NY", "zone_code": "R7-1", "zone_category": "Residential", "ev_permitted": false}, "geometry": {"type": "Polygon", "coordinates": [[[-73.9596856585438, 40.65553200022], [-73.9593513439926, 40.6555532259779], [-73.95935790982, 40.6556132393213], [-73.9596974885171, 40.6555916795155], [-73.9596856585438, 40.65553200022]]]}}, {"type": "Feature", "properties": {"zone_id": "0206W6CJP8WF25ORPBREGD", "tract_id": "36047079601", "city": "BROOKLYN, NY", "zone_code": "R7-1", "zone_category": "Residential", "ev_permitted": false}, "geometry": {"type": "Polygon", "coordinates": [[[-73.9596743786525, 40.6554750924227], [-73.9593450837169, 40.6554959988047], [-73.9593513439926, 40.6555532259779], [-73.9596856585438, 40.65553200022], [-73.9596743786525, 40.6554750924227]]]}}, {"type": "Feature", "properties": {"zone_id": "02072OP0QZF785QIDTPGKX", "tract_id": "36047079601", "city": "BROOKLYN, NY", "zone_code": "R7-1", "zone_category": "Residential", "ev_permitted": false}, "geometry": {"type": "Polygon", "coordinates": [[[-73.9596644159755, 40.6554248301799], [-73.9593395547183, 40.6554454556299], [-73.9593450837169, 40.6554959988047], [-73.9596743786525, 40.6554750924227], [-73.9596644159755, 40.6554248301799]]]}}, {"type": "Feature", "properties": {"zone_id": "0201PTVM3DR2OJ5FOILTT9", "tract_id": "36047079601", "city": "BROOKLYN, NY", "zone_code": "R6", "zone_category": "Residential", "ev_permitted": false}, "geometry": {"type": "Polygon", "coordinates": [[[-73.958018824139, 40.6554050543805], [-73.9579550140181, 40.6554091051189], [-73.9579868617586, 40.6557002768509], [-73.9580506712334, 40.6556962260946], [-73.958018824139, 40.6554050543805]]]}}, {"type": "Feature", "properties": {"zone_id": "02006K85XOUOLJUUYU7AWV", "tract_id": "36047079601", "city": "BROOKLYN, NY", "zone_code": "R6", "zone_category": "Residential", "ev_permitted": false}, "geometry": {"type": "Polygon", "coordinates": [[[-73.9579550140181, 40.6554091051189], [-73.9578975906237, 40.6554127499122], [-73.9579294381152, 40.6557039216599], [-73.9579868617586, 40.6557002768509], [-73.9579550140181, 40.6554091051189]]]}}, {"type": "Feature", "properties": {"zone_id": "02058RTCNIVZDFZO23AZAA", "tract_id": "36047079601", "city": "BROOKLYN, NY", "zone_code": "R7-1", "zone_category": "Residential", "ev_permitted": false}, "geometry": {"type": "Polygon", "coordinates": [[[-73.957449988867, 40.6550587495643], [-73.9571749709826, 40.6550751376169], [-73.9572165692526, 40.6554554988419], [-73.9573043401336, 40.655450269205], [-73.9572978137773, 40.6553906000626], [-73.9574849832848, 40.6553787205963], [-73.957449988867, 40.6550587495643]]]}}, {"type": "Feature", "properties": {"zone_id": "0206OYNCMM9M1PT7VJRL3A", "tract_id": "36047079601", "city": "BROOKLYN, NY", "zone_code": "R6", "zone_category": "Residential", "ev_permitted": false}, "geometry": {"type": "Polygon", "coordinates": [[[-73.9578975906237, 40.6554127499122], [-73.9578305760488, 40.6554170038837], [-73.9578624232499, 40.65570817565], [-73.9579294381152, 40.6557039216599], [-73.9578975906237, 40.6554127499122]]]}}, {"type": "Feature", "properties": {"zone_id": "0206RK2G92D9NAJYFQHIHR", "tract_id": "36047079601", "city": "BROOKLYN, NY", "zone_code": "R6", "zone_category": "Residential", "ev_permitted": false}, "geometry": {"type": "Polygon", "coordinates": [[[-73.9578305760488, 40.6554170038837], [-73.9577754620887, 40.6554205019032], [-73.9578073081278, 40.6557116743869], [-73.9578624232499, 40.65570817565], [-73.9578305760488, 40.6554170038837]]]}}, {"type": "Feature", "properties": {"zone_id": "02020ZFND0PPP291HP581E", "tract_id": "36047079601", "city": "BROOKLYN, NY", "zone_code": "R6", "zone_category": "Residential", "ev_permitted": false}, "geometry": {"type": "Polygon", "coordinates": [[[-73.9577541449813, 40.6553616361224], [-73.9577090789526, 40.6553644962679], [-73.9577474652081, 40.6557154728037], [-73.9578073081278, 40.6557116743869], [-73.9577754620887, 40.6554205019032], [-73.9577606864197, 40.6554214401559], [-73.9577541449813, 40.6553616361224]]]}}, {"type": "Feature", "properties": {"zone_id": "02035GR9NBKPDQF8L3GEE1", "tract_id": "36047079601", "city": "BROOKLYN, NY", "zone_code": "R6", "zone_category": "Residential", "ev_permitted": false}, "geometry": {"type": "Polygon", "coordinates": [[[-73.9577090789526, 40.6553644962679], [-73.9576337419183, 40.6553692789812], [-73.9576721287037, 40.655720254137], [-73.9577474652081, 40.6557154728037], [-73.9577090789526, 40.6553644962679]]]}}, {"type": "Feature", "properties": {"zone_id": "0201ZBZR53854UOI0XNKXN", "tract_id": "36047079601", "city": "BROOKLYN, NY", "zone_code": "R6", "zone_category": "Residential", "ev_permitted": false}, "geometry": {"type": "Polygon", "coordinates": [[[-73.9576337419183, 40.6553692789812], [-73.9575597021498, 40.6553739785068], [-73.9575980885479, 40.6557249543898], [-73.9576721287037, 40.655720254137], [-73.9576337419183, 40.6553692789812]]]}}, {"type": "Feature", "properties": {"zone_id": "0206GCUGFVO96PERHBKU5Y", "tract_id": "36047079601", "city": "BROOKLYN, NY", "zone_code": "R6", "zone_category": "Residential", "ev_permitted": false}, "geometry": {"type": "Polygon", "coordinates": [[[-73.9574234936762, 40.6553826236355], [-73.9573471527345, 40.6553874690293], [-73.9573855389447, 40.655738444983], [-73.9574618784401, 40.6557335995632], [-73.9574234936762, 40.6553826236355]]]}}, {"type": "Feature", "properties": {"zone_id": "0200MFOA1IW2RD3ZM7J9P8", "tract_id": "36047079601", "city": "BROOKLYN, NY", "zone_code": "R6", "zone_category": "Residential", "ev_permitted": false}, "geometry": {"type": "Polygon", "coordinates": [[[-73.9573471527345, 40.6553874690293], [-73.9572978137773, 40.6553906000626], [-73.9573043401336, 40.655450269205], [-73.9572817817631, 40.6554516127547], [-73.9573136504311, 40.6557430081277], [-73.9573855389447, 40.655738444983], [-73.9573471527345, 40.6553874690293]]]}}, {"type": "Feature", "properties": {"zone_id": "02010M22LNIVZ4JV41GERZ", "tract_id": "36047079601", "city": "BROOKLYN, NY", "zone_code": "R6", "zone_category": "Residential", "ev_permitted": false}, "geometry": {"type": "Polygon", "coordinates": [[[-73.9572100851702, 40.6553962119596], [-73.9572053786196, 40.6553965109488], [-73.9572437576582, 40.6557474440845], [-73.9573136504311, 40.6557430081277], [-73.9572817817631, 40.6554516127547], [-73.9572165692526, 40.6554554988419], [-73.9572100851702, 40.6553962119596]]]}}, {"type": "Feature", "properties": {"zone_id": "0202RKH6L3W12YKC1MWNE4", "tract_id": "36047079601", "city": "BROOKLYN, NY", "zone_code": "R6", "zone_category": "Residential", "ev_permitted": false}, "geometry": {"type": "Polygon", "coordinates": [[[-73.9575597021498, 40.6553739785068], [-73.9574947820572, 40.6553780988468], [-73.9575331681161, 40.6557290747513], [-73.9575980885479, 40.6557249543898], [-73.9575597021498, 40.6553739785068]]]}}, {"type": "Feature", "properties": {"zone_id": "0200J33E1NJSYPPBIFJB0J", "tract_id": "36047079601", "city": "BROOKLYN, NY", "zone_code": "R6", "zone_category": "Residential", "ev_permitted": false}, "geometry": {"type": "Polygon", "coordinates": [[[-73.9574947820572, 40.6553780988468], [-73.9574234936762, 40.6553826236355], [-73.9574618784401, 40.6557335995632], [-73.9575331681161, 40.6557290747513], [-73.9574947820572, 40.6553780988468]]]}}, {"type": "Feature", "properties": {"zone_id": "02037ONRYYREZWNETPB2OG", "tract_id": "36047079601", "city": "BROOKLYN, NY", "zone_code": "R7-1", "zone_category": "Residential", "ev_permitted": false}, "geometry": {"type": "Polygon", "coordinates": [[[-73.9571749709826, 40.6550751376169], [-73.9566405444783, 40.6551069795781], [-73.956676771412, 40.6554382522666], [-73.956940503627, 40.6554215140648], [-73.9569396139225, 40.6554133782872], [-73.9572100851702, 40.6553962119596], [-73.9571749709826, 40.6550751376169]]]}}, {"type": "Feature", "properties": {"zone_id": "02007HVYP7Z5GK54S2PDML", "tract_id": "36047079601", "city": "BROOKLYN, NY", "zone_code": "R6", "zone_category": "Residential", "ev_permitted": false}, "geometry": {"type": "Polygon", "coordinates": [[[-73.9572053786196, 40.6553965109488], [-73.9571314024552, 40.6554012060064], [-73.9571697820299, 40.655752139167], [-73.9572437576582, 40.6557474440845], [-73.9572053786196, 40.6553965109488]]]}}, {"type": "Feature", "properties": {"zone_id": "02005SNA175X4TH2I77Q1Q", "tract_id": "36047079601", "city": "BROOKLYN, NY", "zone_code": "R6", "zone_category": "Residential", "ev_permitted": false}, "geometry": {"type": "Polygon", "coordinates": [[[-73.9571314024552, 40.6554012060064], [-73.9570638997495, 40.6554054902667], [-73.9571022789717, 40.6557564234496], [-73.9571697820299, 40.655752139167], [-73.9571314024552, 40.6554012060064]]]}}, {"type": "Feature", "properties": {"zone_id": "020596T94FSSEYIZ1LXRDX", "tract_id": "36047079601", "city": "BROOKLYN, NY", "zone_code": "R6", "zone_category": "Residential", "ev_permitted": false}, "geometry": {"type": "Polygon", "coordinates": [[[-73.9570638997495, 40.6554054902667], [-73.9569897537936, 40.6554101957098], [-73.9570281317054, 40.6557611296196], [-73.9571022789717, 40.6557564234496], [-73.9570638997495, 40.6554054902667]]]}}, {"type": "Feature", "properties": {"zone_id": "0202A0HCZHWYWWJGVV0WHO", "tract_id": "36047079601", "city": "BROOKLYN, NY", "zone_code": "R6", "zone_category": "Residential", "ev_permitted": false}, "geometry": {"type": "Polygon", "coordinates": [[[-73.9569897537936, 40.6554101957098], [-73.9569396139225, 40.6554133782872], [-73.956940503627, 40.6554215140648], [-73.9567046795059, 40.6554364815216], [-73.9567421671709, 40.6557792790443], [-73.9570281317054, 40.6557611296196], [-73.9569897537936, 40.6554101957098]]]}}, {"type": "Feature", "properties": {"zone_id": "0204B3QV2IXVY66WBYM4AR", "tract_id": "36047079601", "city": "BROOKLYN, NY", "zone_code": "R6", "zone_category": "Residential", "ev_permitted": false}, "geometry": {"type": "Polygon", "coordinates": [[[-73.9567165108434, 40.6555446712963], [-73.9564881026988, 40.6555591668012], [-73.9564940163642, 40.6556132439563], [-73.9567224246927, 40.6555987484397], [-73.9567165108434, 40.6555446712963]]]}}, {"type": "Feature", "properties": {"zone_id": "0200LR2QRII9U3EKR6U5T5", "tract_id": "36047079601", "city": "BROOKLYN, NY", "zone_code": "R6", "zone_category": "Residential", "ev_permitted": false}, "geometry": {"type": "Polygon", "coordinates": [[[-73.9567111954737, 40.6554960647929], [-73.9565902481325, 40.6555037406094], [-73.9565896496723, 40.6554982699681], [-73.9564821890429, 40.6555050896455], [-73.9564881026988, 40.6555591668012], [-73.9567165108434, 40.6555446712963], [-73.9567111954737, 40.6554960647929]]]}}, {"type": "Feature", "properties": {"zone_id": "0200DTASFWQZ63SK5N0RMG", "tract_id": "36047079601", "city": "BROOKLYN, NY", "zone_code": "R6", "zone_category": "Residential", "ev_permitted": false}, "geometry": {"type": "Polygon", "coordinates": [[[-73.9567046795059, 40.6554364815216], [-73.9564762717292, 40.6554509770032], [-73.9564821890429, 40.6555050896455], [-73.9565896496723, 40.6554982699681], [-73.9565902481325, 40.6555037406094], [-73.9567111954737, 40.6554960647929], [-73.9567046795059, 40.6554364815216]]]}}, {"type": "Feature", "properties": {"zone_id": "0200ESOF41PG6UGIJD8KQJ", "tract_id": "36047079601", "city": "BROOKLYN, NY", "zone_code": "R7-1", "zone_category": "Residential", "ev_permitted": false}, "geometry": {"type": "Polygon", "coordinates": [[[-73.9566405444783, 40.6551069795781], [-73.9564399614078, 40.6551189298843], [-73.9564762717292, 40.6554509770032], [-73.956676771412, 40.6554382522666], [-73.9566405444783, 40.6551069795781]]]}}]}