{"type": "FeatureCollection", "features": [{"type": "Feature", "properties": {"zone_id": "020357R4NIH8NYDGKUNM4V", "tract_id": "36047054900", "city": "BROOKLYN, NY", "zone_code": "R8", "zone_category": "Residential", "ev_permitted": false}, "geometry": {"type": "Polygon", "coordinates": [[[-73.9680048841682, 40.7127859728435], [-73.96830519437, 40.7132320413359], [-73.9682148397324, 40.7134329082148], [-73.9681977757981, 40.713428463927], [-73.9678882177316, 40.7141166303439], [-73.9679823779544, 40.7141411538956], [-73.9676167419592, 40.7149539684149], [-73.966874137475, 40.7147605575623], [-73.9668184218809, 40.7148844095605], [-73.9674839307248, 40.7150577412714], [-73.9672231566544, 40.7156374297095], [-73.9665576427006, 40.7154640965043], [-73.966469776852, 40.7156594113237], [-73.9670511548274, 40.7158108314051], [-73.9665896540169, 40.7162543107629], [-73.9673479283356, 40.7164917892973], [-73.967310207874, 40.7166122698055], [-73.9681574608529, 40.7168599021446], [-73.9689666325471, 40.7145433053268], [-73.9690947271761, 40.7145758995934], [-73.9691599108283, 40.7143926573099], [-73.9690339682495, 40.7143618575821], [-73.9694340342076, 40.7132837996766], [-73.9680048841682, 40.7127859728435]]]}}, {"type": "Feature", "properties": {"zone_id": "0201UWJJ0CZ9ID3Z0CXQ9O", "tract_id": "36047054900", "city": "BROOKLYN, NY", "zone_code": "R8", "zone_category": "Residential", "ev_permitted": false}, "geometry": {"type": "Polygon", "coordinates": [[[-73.9684932778842, 40.7127888368499], [-73.9684794619711, 40.7128113596145], [-73.9686368345682, 40.7128664355561], [-73.9685993892357, 40.7129708482115], [-73.9684542720978, 40.7129198798099], [-73.9684489991838, 40.7129298968775], [-73.9685362022422, 40.7129636034081], [-73.9685326856467, 40.7129698294113], [-73.9694340342076, 40.7132837996766], [-73.9694593648533, 40.7132155409686], [-73.9694854342423, 40.7131391084179], [-73.9684932778842, 40.7127888368499]]]}}, {"type": "Feature", "properties": {"zone_id": "0206U54WRJDB1K40DZ4G0Y", "tract_id": "36047054900", "city": "BROOKLYN, NY", "zone_code": "M3-1", "zone_category": "Industrial", "ev_permitted": true}, "geometry": {"type": "Polygon", "coordinates": [[[-73.9681593758145, 40.7118771080398], [-73.9678519410435, 40.7125624124527], [-73.9694854342423, 40.7131391084179], [-73.9696842819859, 40.7125561092331], [-73.9697032445387, 40.71250327356], [-73.968869272135, 40.7122118178336], [-73.9688971526281, 40.7121373779342], [-73.9681593758145, 40.7118771080398]]]}}, {"type": "Feature", "properties": {"zone_id": "0202LOVYZW8K2W06A103UH", "tract_id": "36047054900", "city": "BROOKLYN, NY", "zone_code": "M1-2/R6", "zone_category": "Industrial", "ev_permitted": true}, "geometry": {"type": "Polygon", "coordinates": [[[-73.9671152288114, 40.7129262780211], [-73.9670354997797, 40.7131130255041], [-73.9673579813908, 40.7131974821504], [-73.9674379862358, 40.7130191425425], [-73.9671152288114, 40.7129262780211]]]}}, {"type": "Feature", "properties": {"zone_id": "0202XDQ03RMOSHD5A2ZXY9", "tract_id": "36047054900", "city": "BROOKLYN, NY", "zone_code": "M1-2", "zone_category": "Industrial", "ev_permitted": true}, "geometry": {"type": "Polygon", "coordinates": [[[-73.9665030708952, 40.7114836765701], [-73.9662655796004, 40.7120113407861], [-73.9676663867075, 40.7124905606724], [-73.9679053590775, 40.7119646843909], [-73.9665030708952, 40.7114836765701]]]}}, {"type": "Feature", "properties": {"zone_id": "0205TJNSY1CV43EHE6KZT2", "tract_id": "36047054900", "city": "BROOKLYN, NY", "zone_code": "M1-2/R6", "zone_category": "Industrial", "ev_permitted": true}, "geometry": {"type": "Polygon", "coordinates": [[[-73.9668712401931, 40.7123924984486], [-73.966753682408, 40.7126488718848], [-73.9669584159014, 40.7127074805992], [-73.9669698242529, 40.7126826006075], [-73.9671486863259, 40.7127337639111], [-73.9671920613002, 40.712661191599], [-73.9671936767956, 40.7126617427684], [-73.9672701134668, 40.7125305972234], [-73.9668712401931, 40.7123924984486]]]}}, {"type": "Feature", "properties": {"zone_id": "0200ZJKKFTH79CJD4VNSXO", "tract_id": "36047054900", "city": "BROOKLYN, NY", "zone_code": "M1-2/R6", "zone_category": "Industrial", "ev_permitted": true}, "geometry": {"type": "Polygon", "coordinates": [[[-73.9669698242529, 40.7126826006075], [-73.9668006606648, 40.7130515224314], [-73.9670354997797, 40.7131130255041], [-73.9671921127272, 40.7127461950916], [-73.9669698242529, 40.7126826006075]]]}}, {"type": "Feature", "properties": {"zone_id": "0205JAUXVB4PI24C4HIOSM", "tract_id": "36047054900", "city": "BROOKLYN, NY", "zone_code": "M1-2/R6", "zone_category": "Industrial", "ev_permitted": true}, "geometry": {"type": "Polygon", "coordinates": [[[-73.9672801889805, 40.7126509508317], [-73.9672601784939, 40.7126844310632], [-73.9671920613002, 40.712661191599], [-73.9671486863259, 40.7127337639111], [-73.9671921127272, 40.7127461950916], [-73.9671152288114, 40.7129262780211], [-73.9674379862358, 40.7130191425425], [-73.9675602899123, 40.7127465123353], [-73.9672801889805, 40.7126509508317]]]}}, {"type": "Feature", "properties": {"zone_id": "0207HT96060MKENXZKKKT5", "tract_id": "36047054900", "city": "BROOKLYN, NY", "zone_code": "M1-2/R6", "zone_category": "Industrial", "ev_permitted": true}, "geometry": {"type": "Polygon", "coordinates": [[[-73.9672701134668, 40.7125305972234], [-73.9671936767956, 40.7126617427684], [-73.9672601784939, 40.7126844310632], [-73.9672801889805, 40.7126509508317], [-73.9675602899123, 40.7127465123353], [-73.9676051201374, 40.712646580139], [-73.9672701134668, 40.7125305972234]]]}}, {"type": "Feature", "properties": {"zone_id": "0203OP464G29OL3OZMXARO", "tract_id": "36047054900", "city": "BROOKLYN, NY", "zone_code": "M1-2/R6", "zone_category": "Industrial", "ev_permitted": true}, "geometry": {"type": "Polygon", "coordinates": [[[-73.9663578815386, 40.7122147616156], [-73.9662707834679, 40.7124047070452], [-73.966409376599, 40.7124410054809], [-73.9663805756406, 40.7125038162015], [-73.9664018587001, 40.7125093902857], [-73.9662226778241, 40.7129001462862], [-73.9663628692835, 40.7129368633261], [-73.9665175222138, 40.7125812659573], [-73.966498008412, 40.7125756797616], [-73.96662163225, 40.7123060786771], [-73.9663578815386, 40.7122147616156]]]}}, {"type": "Feature", "properties": {"zone_id": "0200UJKUJAYI0K7PFCIWBZ", "tract_id": "36047054900", "city": "BROOKLYN, NY", "zone_code": "M1-2/R6", "zone_category": "Industrial", "ev_permitted": true}, "geometry": {"type": "Polygon", "coordinates": [[[-73.9665175222138, 40.7125812659573], [-73.9663628692835, 40.7129368633261], [-73.9668006606648, 40.7130515224314], [-73.9669584159014, 40.7127074805992], [-73.9665175222138, 40.7125812659573]]]}}, {"type": "Feature", "properties": {"zone_id": "0206PEDA5K23N2Y216ISCA", "tract_id": "36047054900", "city": "BROOKLYN, NY", "zone_code": "M1-2/R6", "zone_category": "Industrial", "ev_permitted": true}, "geometry": {"type": "Polygon", "coordinates": [[[-73.96662163225, 40.7123060786771], [-73.966498008412, 40.7125756797616], [-73.966753682408, 40.7126488718848], [-73.9668712401931, 40.7123924984486], [-73.96662163225, 40.7123060786771]]]}}, {"type": "Feature", "properties": {"zone_id": "0204QT4ZGHRDLA9WWBRRXX", "tract_id": "36047054900", "city": "BROOKLYN, NY", "zone_code": "M1-2/R6", "zone_category": "Industrial", "ev_permitted": true}, "geometry": {"type": "Polygon", "coordinates": [[[-73.9661087035785, 40.7123622574792], [-73.9660799014477, 40.7124250674223], [-73.9663805756406, 40.7125038162015], [-73.966409376599, 40.7124410054809], [-73.9661087035785, 40.7123622574792]]]}}, {"type": "Feature", "properties": {"zone_id": "0207N0V1JSSRDRI52XOEMY", "tract_id": "36047054900", "city": "BROOKLYN, NY", "zone_code": "M1-2/R6", "zone_category": "Industrial", "ev_permitted": true}, "geometry": {"type": "Polygon", "coordinates": [[[-73.9660799014477, 40.7124250674223], [-73.9660546963028, 40.7124800339323], [-73.9663766537887, 40.7125643568655], [-73.9664018587001, 40.7125093902857], [-73.9660799014477, 40.7124250674223]]]}}, {"type": "Feature", "properties": {"zone_id": "0203BWEFMRP4UZKMYYB9PF", "tract_id": "36047054900", "city": "BROOKLYN, NY", "zone_code": "M1-2/R6", "zone_category": "Industrial", "ev_permitted": true}, "geometry": {"type": "Polygon", "coordinates": [[[-73.9660546963028, 40.7124800339323], [-73.9660291407478, 40.7125357662314], [-73.9663510975471, 40.7126200892352], [-73.9663766537887, 40.7125643568655], [-73.9660546963028, 40.7124800339323]]]}}, {"type": "Feature", "properties": {"zone_id": "0206HE3FUU4XXDCRRRFHF7", "tract_id": "36047054900", "city": "BROOKLYN, NY", "zone_code": "M1-2/R6", "zone_category": "Industrial", "ev_permitted": true}, "geometry": {"type": "Polygon", "coordinates": [[[-73.9660291407478, 40.7125357662314], [-73.9659007189111, 40.7128158229261], [-73.9662226778241, 40.7129001462862], [-73.9663510975471, 40.7126200892352], [-73.9660291407478, 40.7125357662314]]]}}, {"type": "Feature", "properties": {"zone_id": "0206GB9HIK3M7DFNU26BRR", "tract_id": "36047054900", "city": "BROOKLYN, NY", "zone_code": "M1-2/R6", "zone_category": "Industrial", "ev_permitted": true}, "geometry": {"type": "Polygon", "coordinates": [[[-73.9655241475548, 40.7124455956369], [-73.9654190957469, 40.7126793493457], [-73.965489553536, 40.7126984322245], [-73.9655946042035, 40.7124646784517], [-73.9655241475548, 40.7124455956369]]]}}, {"type": "Feature", "properties": {"zone_id": "0206DCM4X8STDG0RU6G4E1", "tract_id": "36047054900", "city": "BROOKLYN, NY", "zone_code": "M1-2/R6", "zone_category": "Industrial", "ev_permitted": true}, "geometry": {"type": "Polygon", "coordinates": [[[-73.9657390150683, 40.712503792177], [-73.9656345548339, 40.7127377057602], [-73.9657183341167, 40.7127603971156], [-73.9658233840795, 40.712526643136], [-73.9657390150683, 40.712503792177]]]}}, {"type": "Feature", "properties": {"zone_id": "0202GAH2YOGHLMMZAVKDFH", "tract_id": "36047054900", "city": "BROOKLYN, NY", "zone_code": "M1-2/R6", "zone_category": "Industrial", "ev_permitted": true}, "geometry": {"type": "Polygon", "coordinates": [[[-73.9656625753797, 40.7124830887398], [-73.9655575249216, 40.7127168425741], [-73.9656345548339, 40.7127377057602], [-73.9657390150683, 40.712503792177], [-73.9656625753797, 40.7124830887398]]]}}, {"type": "Feature", "properties": {"zone_id": "02010399H5DP4Z9PMR5A2A", "tract_id": "36047054900", "city": "BROOKLYN, NY", "zone_code": "M1-2/R6", "zone_category": "Industrial", "ev_permitted": true}, "geometry": {"type": "Polygon", "coordinates": [[[-73.9655946042035, 40.7124646784517], [-73.965489553536, 40.7126984322245], [-73.9655575249216, 40.7127168425741], [-73.9656625753797, 40.7124830887398], [-73.9655946042035, 40.7124646784517]]]}}, {"type": "Feature", "properties": {"zone_id": "0204ZARMAC4GBHPMIT3KG8", "tract_id": "36047054900", "city": "BROOKLYN, NY", "zone_code": "M1-2/R6", "zone_category": "Industrial", "ev_permitted": true}, "geometry": {"type": "Polygon", "coordinates": [[[-73.9662908769168, 40.7121915633985], [-73.966201465723, 40.7123865524886], [-73.9662707834679, 40.7124047070452], [-73.9663578815386, 40.7122147616156], [-73.9662908769168, 40.7121915633985]]]}}, {"type": "Feature", "properties": {"zone_id": "0206XHMUWHSWJPHY0NC0SZ", "tract_id": "36047054900", "city": "BROOKLYN, NY", "zone_code": "M1-2/R6", "zone_category": "Industrial", "ev_permitted": true}, "geometry": {"type": "Polygon", "coordinates": [[[-73.9662012100451, 40.7121605182204], [-73.9661087035785, 40.7123622574792], [-73.966201465723, 40.7123865524886], [-73.9662908769168, 40.7121915633985], [-73.9662012100451, 40.7121605182204]]]}}, {"type": "Feature", "properties": {"zone_id": "0200PIVBEQIXIQA6QLFK6F", "tract_id": "36047054900", "city": "BROOKLYN, NY", "zone_code": "M1-2/R6", "zone_category": "Industrial", "ev_permitted": true}, "geometry": {"type": "Polygon", "coordinates": [[[-73.9653532024358, 40.71187160883], [-73.9651648060634, 40.7121668205865], [-73.9655307432151, 40.7122659354082], [-73.9654695689617, 40.7124020572769], [-73.9655356685219, 40.7124199597588], [-73.9655241475548, 40.7124455956369], [-73.9658233840795, 40.712526643136], [-73.9660156857902, 40.7120987392129], [-73.9653532024358, 40.71187160883]]]}}, {"type": "Feature", "properties": {"zone_id": "0202QVBLFN7S121OC2US58", "tract_id": "36047054900", "city": "BROOKLYN, NY", "zone_code": "M3-1", "zone_category": "Industrial", "ev_permitted": true}, "geometry": {"type": "Polygon", "coordinates": [[[-73.9693349538531, 40.7109661611494], [-73.968869272135, 40.7122118178336], [-73.9697032445387, 40.71250327356], [-73.9701754263673, 40.7111875762773], [-73.9693349538531, 40.7109661611494]]]}}, {"type": "Feature", "properties": {"zone_id": "0201R34YU37IEZYV29JOPN", "tract_id": "36047054900", "city": "BROOKLYN, NY", "zone_code": "M3-1", "zone_category": "Industrial", "ev_permitted": true}, "geometry": {"type": "Polygon", "coordinates": [[[-73.9686608030893, 40.7107885553265], [-73.9681593758145, 40.7118771080398], [-73.9688971526281, 40.7121373779342], [-73.9693349538531, 40.7109661611494], [-73.9686608030893, 40.7107885553265]]]}}, {"type": "Feature", "properties": {"zone_id": "0205B51MVG3UPVLLGGV6JE", "tract_id": "36047054900", "city": "BROOKLYN, NY", "zone_code": "R7-3", "zone_category": "Other", "ev_permitted": false}, "geometry": {"type": "Polygon", "coordinates": [[[-73.9697459008849, 40.709785987102], [-73.9696105249386, 40.7101768443319], [-73.9705029368941, 40.7102749674412], [-73.9706457797698, 40.7098738480305], [-73.9697459008849, 40.709785987102]]]}}, {"type": "Feature", "properties": {"zone_id": "0203V45AAFFC2NIYJ7C5F1", "tract_id": "36047054900", "city": "BROOKLYN, NY", "zone_code": "R7-3", "zone_category": "Other", "ev_permitted": false}, "geometry": {"type": "Polygon", "coordinates": [[[-73.9696105249386, 40.7101768443319], [-73.9693349538531, 40.7109661611494], [-73.9701754263673, 40.7111875762773], [-73.9705029368941, 40.7102749674412], [-73.9696105249386, 40.7101768443319]]]}}, {"type": "Feature", "properties": {"zone_id": "0204VBG0T0Q3FH6R1VZIBI", "tract_id": "36047054900", "city": "BROOKLYN, NY", "zone_code": "R7-3", "zone_category": "Other", "ev_permitted": false}, "geometry": {"type": "Polygon", "coordinates": [[[-73.9686259708841, 40.709983486619], [-73.9686527809734, 40.7106031466622], [-73.9690239185089, 40.7106973662273], [-73.9691196910057, 40.7103819527573], [-73.9695058736042, 40.7104765949967], [-73.9696401849792, 40.7100922590052], [-73.9686259708841, 40.709983486619]]]}}, {"type": "Feature", "properties": {"zone_id": "0205GFDMR5RSWN3B4ICMLN", "tract_id": "36047054900", "city": "BROOKLYN, NY", "zone_code": "R7-3", "zone_category": "Other", "ev_permitted": false}, "geometry": {"type": "Polygon", "coordinates": [[[-73.9691196910057, 40.7103819527573], [-73.9690239185089, 40.7106973662273], [-73.9686527809734, 40.7106031466622], [-73.9686608030893, 40.7107885553265], [-73.9693349538531, 40.7109661611494], [-73.9695058736042, 40.7104765949967], [-73.9691196910057, 40.7103819527573]]]}}, {"type": "Feature", "properties": {"zone_id": "0202AOGVLP0SH0NAICKKAB", "tract_id": "36047054900", "city": "BROOKLYN, NY", "zone_code": "C4-3", "zone_category": "Commercial", "ev_permitted": true}, "geometry": {"type": "Polygon", "coordinates": [[[-73.9683756302382, 40.7104883589221], [-73.9683374501568, 40.7106796755169], [-73.9684510574418, 40.7106922829037], [-73.9684423412466, 40.7104957621784], [-73.9683756302382, 40.7104883589221]]]}}, {"type": "Feature", "properties": {"zone_id": "0206UZL2V390Z3NA7LEPAJ", "tract_id": "36047054900", "city": "BROOKLYN, NY", "zone_code": "C4-3", "zone_category": "Commercial", "ev_permitted": true}, "geometry": {"type": "Polygon", "coordinates": [[[-73.968290323012, 40.7104788917144], [-73.9682521436149, 40.7106702075788], [-73.9683374501568, 40.7106796755169], [-73.9683756302382, 40.7104883589221], [-73.968290323012, 40.7104788917144]]]}}, {"type": "Feature", "properties": {"zone_id": "02018K7HNOZRL6A4405BAQ", "tract_id": "36047054900", "city": "BROOKLYN, NY", "zone_code": "C4-3", "zone_category": "Commercial", "ev_permitted": true}, "geometry": {"type": "Polygon", "coordinates": [[[-73.9680779292113, 40.7103276221413], [-73.9680653000933, 40.71039090716], [-73.9684395327056, 40.7104324391603], [-73.9684366483257, 40.7103674318464], [-73.9680779292113, 40.7103276221413]]]}}, {"type": "Feature", "properties": {"zone_id": "0204UCXZV60GN3NW5S49T7", "tract_id": "36047054900", "city": "BROOKLYN, NY", "zone_code": "C4-3", "zone_category": "Commercial", "ev_permitted": true}, "geometry": {"type": "Polygon", "coordinates": [[[-73.9680653000933, 40.71039090716], [-73.9680563623261, 40.7104356844533], [-73.9681363168188, 40.7104445573085], [-73.9681384734998, 40.7104337467898], [-73.9681924062211, 40.7104397322005], [-73.9681904022762, 40.7104497733504], [-73.9682428715091, 40.7104555960187], [-73.9682393514271, 40.7104732353086], [-73.9684423412466, 40.7104957621784], [-73.9684395327056, 40.7104324391603], [-73.9680653000933, 40.71039090716]]]}}, {"type": "Feature", "properties": {"zone_id": "0203N9BTXMXADAN5XWGMS2", "tract_id": "36047054900", "city": "BROOKLYN, NY", "zone_code": "C4-3", "zone_category": "Commercial", "ev_permitted": true}, "geometry": {"type": "Polygon", "coordinates": [[[-73.9682409282401, 40.7100941074928], [-73.9682483592963, 40.7102616579496], [-73.9684328649408, 40.7102821328906], [-73.9684254580852, 40.7101151417697], [-73.9682409282401, 40.7100941074928]]]}}, {"type": "Feature", "properties": {"zone_id": "0200S7NBBIJDOGAOA7RWJ4", "tract_id": "36047054900", "city": "BROOKLYN, NY", "zone_code": "C4-3", "zone_category": "Commercial", "ev_permitted": true}, "geometry": {"type": "Polygon", "coordinates": [[[-73.9682081503901, 40.7102571955054], [-73.9682119334864, 40.7103424937663], [-73.9684366483257, 40.7103674318464], [-73.9684328649408, 40.7102821328906], [-73.9682081503901, 40.7102571955054]]]}}, {"type": "Feature", "properties": {"zone_id": "0200MCC6H71S3CHIH3XIAV", "tract_id": "36047054900", "city": "", "zone_code": "C4-3", "zone_category": "Commercial", "ev_permitted": true}, "geometry": {"type": "Polygon", "coordinates": [[[-73.9678682288414, 40.7108796740967], [-73.9678400779669, 40.7110366698187], [-73.9679519463671, 40.7110678688718], [-73.967924451551, 40.7111301681145], [-73.9676024980008, 40.7110403764812], [-73.9674548898271, 40.7113677389016], [-73.9675693807298, 40.7113996705346], [-73.9674331286625, 40.7116287671188], [-73.967968485538, 40.7118171533909], [-73.9683635154371, 40.7109354857793], [-73.9678682288414, 40.7108796740967]]]}}, {"type": "Feature", "properties": {"zone_id": "0200JTUJBR70WY0DDK1LY4", "tract_id": "36047054900", "city": "BROOKLYN, NY", "zone_code": "C4-3", "zone_category": "Commercial", "ev_permitted": true}, "geometry": {"type": "Polygon", "coordinates": [[[-73.9674548898271, 40.7113677389016], [-73.9673503303462, 40.7115996310907], [-73.9674331286625, 40.7116287671188], [-73.9675693807298, 40.7113996705346], [-73.9674548898271, 40.7113677389016]]]}}, {"type": "Feature", "properties": {"zone_id": "0206GYHF888N06RWZPP6F0", "tract_id": "36047054900", "city": "", "zone_code": "C4-3", "zone_category": "Commercial", "ev_permitted": true}, "geometry": {"type": "Polygon", "coordinates": [[[-73.9670685853264, 40.7112554754978], [-73.9669505676635, 40.7114634533901], [-73.9671938432558, 40.7115472532489], [-73.9672977888462, 40.711315944233], [-73.9670685853264, 40.7112554754978]]]}}, {"type": "Feature", "properties": {"zone_id": "0203WYHYY6AYBUPQU9F37D", "tract_id": "36047054900", "city": "BROOKLYN, NY", "zone_code": "C4-3", "zone_category": "Commercial", "ev_permitted": true}, "geometry": {"type": "Polygon", "coordinates": [[[-73.9676305211957, 40.7109782257242], [-73.9676024980008, 40.7110403764812], [-73.967924451551, 40.7111301681145], [-73.9679519463671, 40.7110678688718], [-73.9676305211957, 40.7109782257242]]]}}, {"type": "Feature", "properties": {"zone_id": "02041CKWGTVT57XYP9MOOU", "tract_id": "36047054900", "city": "BROOKLYN, NY", "zone_code": "C4-3", "zone_category": "Commercial", "ev_permitted": true}, "geometry": {"type": "Polygon", "coordinates": [[[-73.9677888380969, 40.7108707274345], [-73.967762861281, 40.7110151349035], [-73.9678400779669, 40.7110366698187], [-73.9678682288414, 40.7108796740967], [-73.9677888380969, 40.7108707274345]]]}}, {"type": "Feature", "properties": {"zone_id": "0203GGNOXFETX4GCPA2BY9", "tract_id": "36047054900", "city": "BROOKLYN, NY", "zone_code": "C4-3", "zone_category": "Commercial", "ev_permitted": true}, "geometry": {"type": "Polygon", "coordinates": [[[-73.9676843026579, 40.7108589475661], [-73.9676305211957, 40.7109782257242], [-73.967762861281, 40.7110151349035], [-73.9677888380969, 40.7108707274345], [-73.9676843026579, 40.7108589475661]]]}}, {"type": "Feature", "properties": {"zone_id": "0207A2V5HJ2WWVSR6QVWXH", "tract_id": "36047054900", "city": "BROOKLYN, NY", "zone_code": "C4-3", "zone_category": "Commercial", "ev_permitted": true}, "geometry": {"type": "Polygon", "coordinates": [[[-73.9670644751964, 40.7110369079581], [-73.9669749150896, 40.7112307656509], [-73.9672977888462, 40.711315944233], [-73.9673851617856, 40.7111215094911], [-73.9670644751964, 40.7110369079581]]]}}, {"type": "Feature", "properties": {"zone_id": "0203L2VUDVFPH9SV0F02FU", "tract_id": "36047054900", "city": "BROOKLYN, NY", "zone_code": "C4-3", "zone_category": "Commercial", "ev_permitted": true}, "geometry": {"type": "Polygon", "coordinates": [[[-73.9669884024627, 40.7112343221644], [-73.9668734539206, 40.7114368910854], [-73.9669505676635, 40.7114634533901], [-73.9670685853264, 40.7112554754978], [-73.9669884024627, 40.7112343221644]]]}}, {"type": "Feature", "properties": {"zone_id": "020373HKMG3GH3X6IKT6BM", "tract_id": "36047054900", "city": "BROOKLYN, NY", "zone_code": "C4-3", "zone_category": "Commercial", "ev_permitted": true}, "geometry": {"type": "Polygon", "coordinates": [[[-73.9669244160781, 40.7111892429653], [-73.9668010442055, 40.7114119483096], [-73.9668734539206, 40.7114368910854], [-73.9669884024627, 40.7112343221644], [-73.9669749150896, 40.7112307656509], [-73.9669861779592, 40.7112063866071], [-73.9669244160781, 40.7111892429653]]]}}, {"type": "Feature", "properties": {"zone_id": "0206VTJHJZIS7TRD1SAAPS", "tract_id": "36047054900", "city": "BROOKLYN, NY", "zone_code": "C4-3", "zone_category": "Commercial", "ev_permitted": true}, "geometry": {"type": "Polygon", "coordinates": [[[-73.9673351111022, 40.7108205105172], [-73.9673074241883, 40.710957212741], [-73.9672409424625, 40.710939164308], [-73.9671150671602, 40.7109273968199], [-73.9670644751964, 40.7110369079581], [-73.9673851617856, 40.7111215094911], [-73.9675119693645, 40.710839318757], [-73.9673351111022, 40.7108205105172]]]}}, {"type": "Feature", "properties": {"zone_id": "0204DIOGL2FLY65J3JRUVG", "tract_id": "36047054900", "city": "BROOKLYN, NY", "zone_code": "C4-3", "zone_category": "Commercial", "ev_permitted": true}, "geometry": {"type": "Polygon", "coordinates": [[[-73.967278797622, 40.7108145219206], [-73.9672548064374, 40.7109429281821], [-73.9673074241883, 40.710957212741], [-73.9673351111022, 40.7108205105172], [-73.967278797622, 40.7108145219206]]]}}, {"type": "Feature", "properties": {"zone_id": "0201JRPRFVQ6ZD7JBWMY2G", "tract_id": "36047054900", "city": "BROOKLYN, NY", "zone_code": "C4-3", "zone_category": "Commercial", "ev_permitted": true}, "geometry": {"type": "Polygon", "coordinates": [[[-73.9672191028319, 40.71080817468], [-73.9671933164351, 40.7109347120467], [-73.9672409424625, 40.710939164308], [-73.9672548064374, 40.7109429281821], [-73.967278797622, 40.7108145219206], [-73.9672191028319, 40.71080817468]]]}}, {"type": "Feature", "properties": {"zone_id": "0205YQYBU6AMD6QXSI9Y07", "tract_id": "36047054900", "city": "BROOKLYN, NY", "zone_code": "C4-3", "zone_category": "Commercial", "ev_permitted": true}, "geometry": {"type": "Polygon", "coordinates": [[[-73.9671556056845, 40.7108014251053], [-73.9671296691842, 40.7109287620413], [-73.9671933164351, 40.7109347120467], [-73.9672191028319, 40.71080817468], [-73.9671556056845, 40.7108014251053]]]}}, {"type": "Feature", "properties": {"zone_id": "0207AGJEQYF69RMRWGYGAF", "tract_id": "36047054900", "city": "BROOKLYN, NY", "zone_code": "C4-3", "zone_category": "Commercial", "ev_permitted": true}, "geometry": {"type": "Polygon", "coordinates": [[[-73.9670958342825, 40.7107950637258], [-73.9670581142499, 40.7109968847766], [-73.9670801408819, 40.7110029985916], [-73.9671150671602, 40.7109273968199], [-73.9671296691842, 40.7109287620413], [-73.9671556056845, 40.7108014251053], [-73.9670958342825, 40.7107950637258]]]}}, {"type": "Feature", "properties": {"zone_id": "0202OYOUNFLAND1OQ6Z6LG", "tract_id": "36047054900", "city": "BROOKLYN, NY", "zone_code": "C4-3", "zone_category": "Commercial", "ev_permitted": true}, "geometry": {"type": "Polygon", "coordinates": [[[-73.9670134709899, 40.7107863050456], [-73.9669733473409, 40.7109908857769], [-73.9670729620496, 40.7110185365499], [-73.9670801408819, 40.7110029985916], [-73.9670581142499, 40.7109968847766], [-73.9670958342825, 40.7107950637258], [-73.9670134709899, 40.7107863050456]]]}}, {"type": "Feature", "properties": {"zone_id": "02074OECREVZX8A9SIZDHB", "tract_id": "36047054900", "city": "", "zone_code": "C4-3", "zone_category": "Commercial", "ev_permitted": true}, "geometry": {"type": "Polygon", "coordinates": [[[-73.9668324618493, 40.7107670539252], [-73.9667596943006, 40.7109315802718], [-73.9669733473409, 40.7109908857769], [-73.9670134709899, 40.7107863050456], [-73.9668324618493, 40.7107670539252]]]}}, {"type": "Feature", "properties": {"zone_id": "02059ZKRBPUTLWT8MM7JX2", "tract_id": "36047054900", "city": "", "zone_code": "C4-3", "zone_category": "Commercial", "ev_permitted": true}, "geometry": {"type": "Polygon", "coordinates": [[[-73.9657544179255, 40.7106468884897], [-73.9657254220433, 40.7107855988504], [-73.9657112365783, 40.7107823511509], [-73.9655834430487, 40.7109976450472], [-73.9657460424284, 40.7110535057674], [-73.96586367415, 40.7108117029673], [-73.9662128758533, 40.7108884766525], [-73.9662284269383, 40.7108464354921], [-73.9665364008747, 40.7109292607449], [-73.9666202284999, 40.7107445398066], [-73.9657544179255, 40.7106468884897]]]}}, {"type": "Feature", "properties": {"zone_id": "0203UPXDDS7OJMBEGIFCQX", "tract_id": "36047054900", "city": "BROOKLYN, NY", "zone_code": "PARK", "zone_category": "Other", "ev_permitted": false}, "geometry": {"type": "Polygon", "coordinates": [[[-73.9653456970295, 40.7112497264965], [-73.9651067289572, 40.7116313971037], [-73.9660798380996, 40.7119579958347], [-73.9662706721452, 40.7115297902839], [-73.9653456970295, 40.7112497264965]]]}}, {"type": "Feature", "properties": {"zone_id": "0205B91F0EJSXVMSGL8C55", "tract_id": "36047054900", "city": "BROOKLYN, NY", "zone_code": "C4-3", "zone_category": "Commercial", "ev_permitted": true}, "geometry": {"type": "Polygon", "coordinates": [[[-73.9660456658048, 40.7113259515672], [-73.9659742382363, 40.7114400367088], [-73.9662706721452, 40.7115297902839], [-73.9663192543486, 40.7114207778013], [-73.9660456658048, 40.7113259515672]]]}}, {"type": "Feature", "properties": {"zone_id": "0200JVQN00ULUDG0OR6ZKR", "tract_id": "36047054900", "city": "BROOKLYN, NY", "zone_code": "C4-3", "zone_category": "Commercial", "ev_permitted": true}, "geometry": {"type": "Polygon", "coordinates": [[[-73.9659762026733, 40.71130187552], [-73.9659031725097, 40.7114185199317], [-73.9659742382363, 40.7114400367088], [-73.9660456658048, 40.7113259515672], [-73.9659762026733, 40.71130187552]]]}}, {"type": "Feature", "properties": {"zone_id": "0205UAUS2F4ULWPP8VZ44M", "tract_id": "36047054900", "city": "", "zone_code": "C4-3", "zone_category": "Commercial", "ev_permitted": true}, "geometry": {"type": "Polygon", "coordinates": [[[-73.9667596943006, 40.7109315802718], [-73.966580789897, 40.7113360781922], [-73.9667241383134, 40.7113854569332], [-73.9668486536251, 40.7111682130671], [-73.9669861779592, 40.7112063866071], [-73.9670729620496, 40.7110185365499], [-73.9667596943006, 40.7109315802718]]]}}, {"type": "Feature", "properties": {"zone_id": "0207CI2UDHDK1L14RGSONA", "tract_id": "36047054900", "city": "BROOKLYN, NY", "zone_code": "C4-3", "zone_category": "Commercial", "ev_permitted": true}, "geometry": {"type": "Polygon", "coordinates": [[[-73.9668486536251, 40.7111682130671], [-73.9667241383134, 40.7113854569332], [-73.9668010442055, 40.7114119483096], [-73.9669244160781, 40.7111892429653], [-73.9668486536251, 40.7111682130671]]]}}, {"type": "Feature", "properties": {"zone_id": "0201MPN5VBLDHVR2Y9WUNS", "tract_id": "36047054900", "city": "BROOKLYN, NY", "zone_code": "C4-3", "zone_category": "Commercial", "ev_permitted": true}, "geometry": {"type": "Polygon", "coordinates": [[[-73.9663458686201, 40.7110170811693], [-73.9662259170552, 40.7112183628235], [-73.9663810225849, 40.7112716473079], [-73.9664801587032, 40.711053194875], [-73.9663458686201, 40.7110170811693]]]}}, {"type": "Feature", "properties": {"zone_id": "0204B9FR9PYQR2E8ZAA9JB", "tract_id": "36047054900", "city": "BROOKLYN, NY", "zone_code": "C4-3", "zone_category": "Commercial", "ev_permitted": true}, "geometry": {"type": "Polygon", "coordinates": [[[-73.9662284269383, 40.7108464354921], [-73.9661917628577, 40.7109455432475], [-73.9660632060818, 40.711162464806], [-73.9662259170552, 40.7112183628235], [-73.9663458686201, 40.7110170811693], [-73.9664801587032, 40.711053194875], [-73.9665364008747, 40.7109292607449], [-73.9662284269383, 40.7108464354921]]]}}, {"type": "Feature", "properties": {"zone_id": "0207B5WZHCJL608SXLU9YO", "tract_id": "36047054900", "city": "BROOKLYN, NY", "zone_code": "C4-3", "zone_category": "Commercial", "ev_permitted": true}, "geometry": {"type": "Polygon", "coordinates": [[[-73.9658413923813, 40.711255149514], [-73.9657725799325, 40.7113650565934], [-73.9657430215867, 40.7113561064628], [-73.9657356938596, 40.7113678105842], [-73.9659031725097, 40.7114185199317], [-73.9659762026733, 40.71130187552], [-73.9658413923813, 40.711255149514]]]}}, {"type": "Feature", "properties": {"zone_id": "02001G80QYJ00W4I21P1LH", "tract_id": "36047054900", "city": "BROOKLYN, NY", "zone_code": "C4-3", "zone_category": "Commercial", "ev_permitted": true}, "geometry": {"type": "Polygon", "coordinates": [[[-73.9657604497943, 40.7112270942837], [-73.9656897704202, 40.711339983547], [-73.9657725799325, 40.7113650565934], [-73.9658413923813, 40.711255149514], [-73.9657604497943, 40.7112270942837]]]}}, {"type": "Feature", "properties": {"zone_id": "0202EFT0AE6OJ4ZAVRC0CV", "tract_id": "36047054900", "city": "", "zone_code": "C4-3", "zone_category": "Commercial", "ev_permitted": true}, "geometry": {"type": "Polygon", "coordinates": [[[-73.9656838677482, 40.711200550311], [-73.9656040935142, 40.7113279649922], [-73.9657356938596, 40.7113678105842], [-73.9657430215867, 40.7113561064628], [-73.9656897704202, 40.711339983547], [-73.9657604497943, 40.7112270942837], [-73.9656838677482, 40.711200550311]]]}}, {"type": "Feature", "properties": {"zone_id": "0202WI51VS5ZA52JAF6X94", "tract_id": "36047054900", "city": "", "zone_code": "C4-3", "zone_category": "Commercial", "ev_permitted": true}, "geometry": {"type": "Polygon", "coordinates": [[[-73.9655988381041, 40.7111710785927], [-73.9655171026499, 40.7113016257855], [-73.9656040935142, 40.7113279649922], [-73.9656838677482, 40.711200550311], [-73.9655988381041, 40.7111710785927]]]}}, {"type": "Feature", "properties": {"zone_id": "02030XT5CDZAUF90ERI3WJ", "tract_id": "36047054900", "city": "", "zone_code": "C4-3", "zone_category": "Commercial", "ev_permitted": true}, "geometry": {"type": "Polygon", "coordinates": [[[-73.9655167619819, 40.7111426300655], [-73.965433132771, 40.7112762008771], [-73.9655171026499, 40.7113016257855], [-73.9655988381041, 40.7111710785927], [-73.9655167619819, 40.7111426300655]]]}}, {"type": "Feature", "properties": {"zone_id": "0206KM1JKT4R8QNBLXCVHL", "tract_id": "36047054900", "city": "BROOKLYN, NY", "zone_code": "C4-3", "zone_category": "Commercial", "ev_permitted": true}, "geometry": {"type": "Polygon", "coordinates": [[[-73.9661184315557, 40.7108677127171], [-73.9659876652889, 40.7111365136839], [-73.9660632060818, 40.711162464806], [-73.9661917628577, 40.7109455432475], [-73.9662128758533, 40.7108884766525], [-73.9661184315557, 40.7108677127171]]]}}, {"type": "Feature", "properties": {"zone_id": "0200U3B7ATYRDH58JC3CUC", "tract_id": "36047054900", "city": "BROOKLYN, NY", "zone_code": "C4-3", "zone_category": "Commercial", "ev_permitted": true}, "geometry": {"type": "Polygon", "coordinates": [[[-73.9659489720976, 40.7108304562066], [-73.9658269433797, 40.7110812989042], [-73.9659876652889, 40.7111365136839], [-73.9661184315557, 40.7108677127171], [-73.9659489720976, 40.7108304562066]]]}}, {"type": "Feature", "properties": {"zone_id": "02042EMIG01N2KH4VONY51", "tract_id": "36047054900", "city": "BROOKLYN, NY", "zone_code": "C4-3", "zone_category": "Commercial", "ev_permitted": true}, "geometry": {"type": "Polygon", "coordinates": [[[-73.96586367415, 40.7108117029673], [-73.9657460424284, 40.7110535057674], [-73.9658269433797, 40.7110812989042], [-73.9659489720976, 40.7108304562066], [-73.96586367415, 40.7108117029673]]]}}, {"type": "Feature", "properties": {"zone_id": "02001KUFHK3T3BY941PFE1", "tract_id": "36047054900", "city": "BROOKLYN, NY", "zone_code": "C4-3", "zone_category": "Commercial", "ev_permitted": true}, "geometry": {"type": "Polygon", "coordinates": [[[-73.9655372063364, 40.7108083692457], [-73.9655033879876, 40.7109701428932], [-73.9655834430487, 40.7109976450472], [-73.9656766595336, 40.7108402975865], [-73.9655372063364, 40.7108083692457]]]}}, {"type": "Feature", "properties": {"zone_id": "0206GPNVOL8MX7QHHBX41S", "tract_id": "36047054900", "city": "", "zone_code": "C4-3", "zone_category": "Commercial", "ev_permitted": true}, "geometry": {"type": "Polygon", "coordinates": [[[-73.9679004859857, 40.7100553007528], [-73.9677727273552, 40.7106170018058], [-73.968014816709, 40.7106438694522], [-73.9680883877378, 40.7102752171982], [-73.968021535718, 40.7102677975361], [-73.9680603079367, 40.7100735187882], [-73.9679004859857, 40.7100553007528]]]}}, {"type": "Feature", "properties": {"zone_id": "0206ZAO1RDEY92EZ6GTM2B", "tract_id": "36047054900", "city": "", "zone_code": "C4-3", "zone_category": "Commercial", "ev_permitted": true}, "geometry": {"type": "Polygon", "coordinates": [[[-73.9681384734998, 40.7104337467898], [-73.9681363168188, 40.7104445573085], [-73.9680563623261, 40.7104356844533], [-73.968014816709, 40.7106438694522], [-73.9682521436149, 40.7106702075788], [-73.968290323012, 40.7104788917144], [-73.9682393514271, 40.7104732353086], [-73.9682428715091, 40.7104555960187], [-73.9681904022762, 40.7104497733504], [-73.9681924062211, 40.7104397322005], [-73.9681384734998, 40.7104337467898]]]}}, {"type": "Feature", "properties": {"zone_id": "0201G1GR4C79GKID8ZEJJ9", "tract_id": "36047054900", "city": "", "zone_code": "C4-3", "zone_category": "Commercial", "ev_permitted": true}, "geometry": {"type": "Polygon", "coordinates": [[[-73.9677543550877, 40.7103160793141], [-73.9676959979627, 40.7106084858517], [-73.9677727273552, 40.7106170018058], [-73.9678390341542, 40.7103254778831], [-73.9677543550877, 40.7103160793141]]]}}, {"type": "Feature", "properties": {"zone_id": "0203A7G0G97YMLLO2UAX8O", "tract_id": "36047054900", "city": "", "zone_code": "C4-3", "zone_category": "Commercial", "ev_permitted": true}, "geometry": {"type": "Polygon", "coordinates": [[[-73.9676768716709, 40.7103074802218], [-73.9676185132901, 40.7105998867201], [-73.9676959979627, 40.7106084858517], [-73.9677543550877, 40.7103160793141], [-73.9676768716709, 40.7103074802218]]]}}, {"type": "Feature", "properties": {"zone_id": "0203P0G4CBVI4D03JQDWQG", "tract_id": "36047054900", "city": "", "zone_code": "C4-3", "zone_category": "Commercial", "ev_permitted": true}, "geometry": {"type": "Polygon", "coordinates": [[[-73.9676035719486, 40.7102993453072], [-73.9675452141771, 40.7105917510663], [-73.9676185132901, 40.7105998867201], [-73.9676768716709, 40.7103074802218], [-73.9676035719486, 40.7102993453072]]]}}, {"type": "Feature", "properties": {"zone_id": "02008CNIBFRLEYFAQEW1U6", "tract_id": "36047054900", "city": "", "zone_code": "C4-3", "zone_category": "Commercial", "ev_permitted": true}, "geometry": {"type": "Polygon", "coordinates": [[[-73.9675233213079, 40.7102904382705], [-73.9674649641153, 40.7105828446922], [-73.9675452141771, 40.7105917510663], [-73.9676035719486, 40.7102993453072], [-73.9675233213079, 40.7102904382705]]]}}, {"type": "Feature", "properties": {"zone_id": "0204GUJ17E0XNSWSFCPKBX", "tract_id": "36047054900", "city": "BROOKLYN, NY", "zone_code": "C4-3", "zone_category": "Commercial", "ev_permitted": true}, "geometry": {"type": "Polygon", "coordinates": [[[-73.9673475620772, 40.7102723182616], [-73.9672894744275, 40.7105633678366], [-73.9674649641153, 40.7105828446922], [-73.9675230510154, 40.710291795732], [-73.9673475620772, 40.7102723182616]]]}}, {"type": "Feature", "properties": {"zone_id": "02052ABJ10JMYHXRWFV143", "tract_id": "36047054900", "city": "", "zone_code": "C4-3", "zone_category": "Commercial", "ev_permitted": true}, "geometry": {"type": "Polygon", "coordinates": [[[-73.9669792441309, 40.7102314392854], [-73.9669211558319, 40.7105224886764], [-73.9672894744275, 40.7105633678366], [-73.9673475620772, 40.7102723182616], [-73.9669792441309, 40.7102314392854]]]}}, {"type": "Feature", "properties": {"zone_id": "0202OTE543HTLZOKXM30CM", "tract_id": "36047054900", "city": "BROOKLYN, NY", "zone_code": "C4-3", "zone_category": "Commercial", "ev_permitted": true}, "geometry": {"type": "Polygon", "coordinates": [[[-73.9680603079367, 40.7100735187882], [-73.968021535718, 40.7102677975361], [-73.9680883877378, 40.7102752171982], [-73.9680779292113, 40.7103276221413], [-73.9682119334864, 40.7103424937663], [-73.9682081503901, 40.7102571955054], [-73.9682483592963, 40.7102616579496], [-73.9682409282401, 40.7100941074928], [-73.9680603079367, 40.7100735187882]]]}}, {"type": "Feature", "properties": {"zone_id": "020381ZMLJFQ6Q96D0K49H", "tract_id": "36047054900", "city": "", "zone_code": "C4-3", "zone_category": "Commercial", "ev_permitted": true}, "geometry": {"type": "Polygon", "coordinates": [[[-73.9678198765365, 40.7100461113534], [-73.9677657463962, 40.7103173437779], [-73.9678390341542, 40.7103254778831], [-73.9679004859857, 40.7100553007528], [-73.9678198765365, 40.7100461113534]]]}}, {"type": "Feature", "properties": {"zone_id": "0207FB9CFOXVLD41E0ZNFO", "tract_id": "36047054900", "city": "", "zone_code": "C4-3", "zone_category": "Commercial", "ev_permitted": true}, "geometry": {"type": "Polygon", "coordinates": [[[-73.9677380852341, 40.7100367880611], [-73.9676839057118, 40.7103082614458], [-73.9677657463962, 40.7103173437779], [-73.9678198765365, 40.7100461113534], [-73.9677380852341, 40.7100367880611]]]}}, {"type": "Feature", "properties": {"zone_id": "0201Y6KS2WRI5SRULUZSCB", "tract_id": "36047054900", "city": "", "zone_code": "C4-3", "zone_category": "Commercial", "ev_permitted": true}, "geometry": {"type": "Polygon", "coordinates": [[[-73.9676603446456, 40.7100279260905], [-73.9676061194566, 40.7102996277905], [-73.9676839057118, 40.7103082614458], [-73.9677380852341, 40.7100367880611], [-73.9676603446456, 40.7100279260905]]]}}, {"type": "Feature", "properties": {"zone_id": "0201P6NBX90YLTLVLMPQCW", "tract_id": "36047054900", "city": "", "zone_code": "C4-3", "zone_category": "Commercial", "ev_permitted": true}, "geometry": {"type": "Polygon", "coordinates": [[[-73.9675775949615, 40.7100184935027], [-73.9675233213079, 40.7102904382705], [-73.9676061194566, 40.7102996277905], [-73.9676603446456, 40.7100279260905], [-73.9675775949615, 40.7100184935027]]]}}, {"type": "Feature", "properties": {"zone_id": "0204CJ2FFVHXD5QPYKXJFT", "tract_id": "36047054900", "city": "", "zone_code": "C4-3", "zone_category": "Commercial", "ev_permitted": true}, "geometry": {"type": "Polygon", "coordinates": [[[-73.9674022094751, 40.7099985010945], [-73.9673475620772, 40.7102723182616], [-73.9675230510154, 40.710291795732], [-73.9675775949615, 40.7100184935027], [-73.9674022094751, 40.7099985010945]]]}}, {"type": "Feature", "properties": {"zone_id": "0201NY2UD53Q1KAERD8JRD", "tract_id": "36047054900", "city": "", "zone_code": "C4-3", "zone_category": "Commercial", "ev_permitted": true}, "geometry": {"type": "Polygon", "coordinates": [[[-73.9670341114647, 40.7099565374483], [-73.9669792441309, 40.7102314392854], [-73.9673475620772, 40.7102723182616], [-73.9674022094751, 40.7099985010945], [-73.9670341114647, 40.7099565374483]]]}}, {"type": "Feature", "properties": {"zone_id": "0204E3R17U5W8ELKK5WH37", "tract_id": "36047054900", "city": "BROOKLYN, NY", "zone_code": "C4-3", "zone_category": "Commercial", "ev_permitted": true}, "geometry": {"type": "Polygon", "coordinates": [[[-73.965664395422, 40.7106367349486], [-73.9656374849242, 40.7107654653374], [-73.9657254220433, 40.7107855988504], [-73.9657544179255, 40.7106468884897], [-73.965664395422, 40.7106367349486]]]}}, {"type": "Feature", "properties": {"zone_id": "0204B33UO2O3UA18F80BJG", "tract_id": "36047054900", "city": "BROOKLYN, NY", "zone_code": "C4-3", "zone_category": "Commercial", "ev_permitted": true}, "geometry": {"type": "Polygon", "coordinates": [[[-73.9655503455817, 40.7107455146872], [-73.9655372063364, 40.7108083692457], [-73.9656766595336, 40.7108402975865], [-73.9657112365783, 40.7107823511509], [-73.9655503455817, 40.7107455146872]]]}}, {"type": "Feature", "properties": {"zone_id": "02010LPC2QOHCWYFL1EKOB", "tract_id": "36047054900", "city": "BROOKLYN, NY", "zone_code": "C4-3", "zone_category": "Commercial", "ev_permitted": true}, "geometry": {"type": "Polygon", "coordinates": [[[-73.9655751891829, 40.7106266736296], [-73.9655503455817, 40.7107455146872], [-73.9656374849242, 40.7107654653374], [-73.965664395422, 40.7106367349486], [-73.9655751891829, 40.7106266736296]]]}}, {"type": "Feature", "properties": {"zone_id": "0202REH4R66BIMHV8W4ARE", "tract_id": "36047054900", "city": "", "zone_code": "C4-3", "zone_category": "Commercial", "ev_permitted": true}, "geometry": {"type": "Polygon", "coordinates": [[[-73.9658412982598, 40.7101090040258], [-73.96578609909, 40.7103963211813], [-73.9667278572105, 40.7105042369046], [-73.9667863445357, 40.7101997823913], [-73.9665255351705, 40.7101698972273], [-73.9665236205888, 40.7101798645954], [-73.9661565940038, 40.7101378071102], [-73.9661555869226, 40.7101430486526], [-73.9660168387185, 40.7101271487556], [-73.9660164674549, 40.7101290774458], [-73.9658412982598, 40.7101090040258]]]}}, {"type": "Feature", "properties": {"zone_id": "0207MR2C9EQFA9HIYALFRS", "tract_id": "36047054900", "city": "BROOKLYN, NY", "zone_code": "R6", "zone_category": "Residential", "ev_permitted": false}, "geometry": {"type": "Polygon", "coordinates": [[[-73.9665560054486, 40.7100112870683], [-73.9665454132679, 40.7100664202617], [-73.9668062231608, 40.7100963046785], [-73.9668168142069, 40.7100411721638], [-73.9665560054486, 40.7100112870683]]]}}, {"type": "Feature", "properties": {"zone_id": "0201JN13J92MFFGUNEWRDX", "tract_id": "36047054900", "city": "BROOKLYN, NY", "zone_code": "R6", "zone_category": "Residential", "ev_permitted": false}, "geometry": {"type": "Polygon", "coordinates": [[[-73.9665454132679, 40.7100664202617], [-73.9665359181519, 40.7101158509897], [-73.9667967273107, 40.7101457354276], [-73.9668062231608, 40.7100963046785], [-73.9665454132679, 40.7100664202617]]]}}, {"type": "Feature", "properties": {"zone_id": "0206EGF48I9E4TM3GJG3B7", "tract_id": "36047054900", "city": "BROOKLYN, NY", "zone_code": "R6", "zone_category": "Residential", "ev_permitted": false}, "geometry": {"type": "Polygon", "coordinates": [[[-73.9665359181519, 40.7101158509897], [-73.9665255351705, 40.7101698972273], [-73.9667863445357, 40.7101997823913], [-73.9667967273107, 40.7101457354276], [-73.9665359181519, 40.7101158509897]]]}}, {"type": "Feature", "properties": {"zone_id": "0202BHKOCUCAUQ8F9B5HC0", "tract_id": "36047054900", "city": "BROOKLYN, NY", "zone_code": "R6", "zone_category": "Residential", "ev_permitted": false}, "geometry": {"type": "Polygon", "coordinates": [[[-73.9665772406806, 40.7099007480604], [-73.9665661606332, 40.7099584240389], [-73.9668269691892, 40.7099883091116], [-73.9668380490158, 40.7099306331082], [-73.9665772406806, 40.7099007480604]]]}}, {"type": "Feature", "properties": {"zone_id": "02068Z4T498EELQJ3BOGPE", "tract_id": "36047054900", "city": "BROOKLYN, NY", "zone_code": "R6", "zone_category": "Residential", "ev_permitted": false}, "geometry": {"type": "Polygon", "coordinates": [[[-73.9665661606332, 40.7099584240389], [-73.9665560054486, 40.7100112870683], [-73.9668168142069, 40.7100411721638], [-73.9668269691892, 40.7099883091116], [-73.9665661606332, 40.7099584240389]]]}}, {"type": "Feature", "properties": {"zone_id": "0202OPSG1I32ANGI1QP9UC", "tract_id": "36047054900", "city": "BROOKLYN, NY", "zone_code": "R6", "zone_category": "Residential", "ev_permitted": false}, "geometry": {"type": "Polygon", "coordinates": [[[-73.9664718781517, 40.7098886747182], [-73.9664182576284, 40.7101677912047], [-73.9665236205888, 40.7101798645954], [-73.9665772406806, 40.7099007480604], [-73.9664718781517, 40.7098886747182]]]}}, {"type": "Feature", "properties": {"zone_id": "0201H7G4ATDRRTHKL3A2J4", "tract_id": "36047054900", "city": "BROOKLYN, NY", "zone_code": "R6", "zone_category": "Residential", "ev_permitted": false}, "geometry": {"type": "Polygon", "coordinates": [[[-73.9662102158294, 40.7098586907446], [-73.9661565940038, 40.7101378071102], [-73.9664182576284, 40.7101677912047], [-73.9664718781517, 40.7098886747182], [-73.9662102158294, 40.7098586907446]]]}}, {"type": "Feature", "properties": {"zone_id": "0200JUBEWPP62EQ0M7FUI3", "tract_id": "36047054900", "city": "BROOKLYN, NY", "zone_code": "C4-3", "zone_category": "Commercial", "ev_permitted": true}, "geometry": {"type": "Polygon", "coordinates": [[[-73.9656842844615, 40.7100251989313], [-73.9656167139928, 40.7103769103417], [-73.96578609909, 40.7103963211813], [-73.9658412982598, 40.7101090040258], [-73.9660164674549, 40.7101290774458], [-73.9660288386377, 40.710064683074], [-73.9656842844615, 40.7100251989313]]]}}, {"type": "Feature", "properties": {"zone_id": "0203WF75YWTO24MM898RFI", "tract_id": "36047054900", "city": "BROOKLYN, NY", "zone_code": "R6", "zone_category": "Residential", "ev_permitted": false}, "geometry": {"type": "Polygon", "coordinates": [[[-73.966140663805, 40.7098507204201], [-73.9661302805437, 40.7099047680293], [-73.9661160131681, 40.709903133661], [-73.9660717671845, 40.7101334432189], [-73.9661555869226, 40.7101430486526], [-73.9662102158294, 40.7098586907446], [-73.966140663805, 40.7098507204201]]]}}, {"type": "Feature", "properties": {"zone_id": "0206ZB2A92X4EFKMPFOPOT", "tract_id": "36047054900", "city": "BROOKLYN, NY", "zone_code": "R6", "zone_category": "Residential", "ev_permitted": false}, "geometry": {"type": "Polygon", "coordinates": [[[-73.9660714672807, 40.7098427909126], [-73.9660168387185, 40.7101271487556], [-73.9660717671845, 40.7101334432189], [-73.9661160131681, 40.709903133661], [-73.9661302805437, 40.7099047680293], [-73.966140663805, 40.7098507204201], [-73.9660714672807, 40.7098427909126]]]}}, {"type": "Feature", "properties": {"zone_id": "0205DGQS7TO3F537A139EY", "tract_id": "36047054900", "city": "BROOKLYN, NY", "zone_code": "R6", "zone_category": "Residential", "ev_permitted": false}, "geometry": {"type": "Polygon", "coordinates": [[[-73.9657269151497, 40.7098033068966], [-73.9656842844615, 40.7100251989313], [-73.9660288386377, 40.710064683074], [-73.9660714672807, 40.7098427909126], [-73.9657269151497, 40.7098033068966]]]}}, {"type": "Feature", "properties": {"zone_id": "02055HYSPCZC4ZV1OUKD6C", "tract_id": "36047054900", "city": "BROOKLYN, NY", "zone_code": "M1-2/R6", "zone_category": "Industrial", "ev_permitted": true}, "geometry": {"type": "Polygon", "coordinates": [[[-73.9653244623315, 40.7122100633524], [-73.9651752892602, 40.7124751112264], [-73.9651130894269, 40.7125964662112], [-73.9654190957469, 40.7126793493457], [-73.9655356685219, 40.7124199597588], [-73.9654695689617, 40.7124020572769], [-73.9655307432151, 40.7122659354082], [-73.9653244623315, 40.7122100633524]]]}}, {"type": "Feature", "properties": {"zone_id": "0202OZ4RHSUZZOLMRQQ8HW", "tract_id": "36047054900", "city": "BROOKLYN, NY", "zone_code": "M1-2/R6", "zone_category": "Industrial", "ev_permitted": true}, "geometry": {"type": "Polygon", "coordinates": [[[-73.9649501987776, 40.7122911001112], [-73.9649131953611, 40.7123490828086], [-73.964843149556, 40.7123237488465], [-73.9647410378146, 40.7124837517406], [-73.9648725573663, 40.7125313184033], [-73.9650116713165, 40.7123133333789], [-73.9649501987776, 40.7122911001112]]]}}, {"type": "Feature", "properties": {"zone_id": "0204LJAZ67EW3E2ZG4UP4H", "tract_id": "36047054900", "city": "BROOKLYN, NY", "zone_code": "M1-2/R6", "zone_category": "Industrial", "ev_permitted": true}, "geometry": {"type": "Polygon", "coordinates": [[[-73.9652582153097, 40.7121921206525], [-73.9651013963836, 40.7124530260563], [-73.9650437665823, 40.7125776912111], [-73.9651130894269, 40.7125964662112], [-73.9651752892602, 40.7124751112264], [-73.9653244623315, 40.7122100633524], [-73.9652582153097, 40.7121921206525]]]}}, {"type": "Feature", "properties": {"zone_id": "020416V7J6XD4L4FKUGI2D", "tract_id": "36047054900", "city": "BROOKLYN, NY", "zone_code": "M1-2/R6", "zone_category": "Industrial", "ev_permitted": true}, "geometry": {"type": "Polygon", "coordinates": [[[-73.9651896739486, 40.71217355607], [-73.9650287990815, 40.7124345339283], [-73.9649677028059, 40.7125570886097], [-73.9650437665823, 40.7125776912111], [-73.9651013963836, 40.7124530260563], [-73.9652582153097, 40.7121921206525], [-73.9651896739486, 40.71217355607]]]}}, {"type": "Feature", "properties": {"zone_id": "0204L2J0TVEPSVGKB2VC2R", "tract_id": "36047054900", "city": "BROOKLYN, NY", "zone_code": "M1-2/R6", "zone_category": "Industrial", "ev_permitted": true}, "geometry": {"type": "Polygon", "coordinates": [[[-73.9651139614378, 40.7121530492319], [-73.9648725573663, 40.7125313184033], [-73.9649677028059, 40.7125570886097], [-73.9650287990815, 40.7124345339283], [-73.9651896739486, 40.71217355607], [-73.9651139614378, 40.7121530492319]]]}}, {"type": "Feature", "properties": {"zone_id": "0206SFWYHS659HTL3QAJ86", "tract_id": "36047054900", "city": "", "zone_code": "M1-2/R6", "zone_category": "Industrial", "ev_permitted": true}, "geometry": {"type": "Polygon", "coordinates": [[[-73.965020323685, 40.7117574813377], [-73.9647916299052, 40.712115833834], [-73.9650728123698, 40.7122175289167], [-73.9651139614378, 40.7121530492319], [-73.9650835335218, 40.7121448069499], [-73.9652749947396, 40.7118447956827], [-73.965020323685, 40.7117574813377]]]}}, {"type": "Feature", "properties": {"zone_id": "0207EO32W5QSTKEQB1VPK0", "tract_id": "36047054900", "city": "BROOKLYN, NY", "zone_code": "M1-2/R6", "zone_category": "Industrial", "ev_permitted": true}, "geometry": {"type": "Polygon", "coordinates": [[[-73.9647594506994, 40.7121662566438], [-73.9647272825347, 40.7122166632866], [-73.9649469918605, 40.7122961252554], [-73.9649501987776, 40.7122911001112], [-73.9650116713165, 40.7123133333789], [-73.965040633328, 40.7122679511018], [-73.9647594506994, 40.7121662566438]]]}}, {"type": "Feature", "properties": {"zone_id": "0205KNJXN9Z3PYJHTQ5J1Q", "tract_id": "36047054900", "city": "BROOKLYN, NY", "zone_code": "M1-2/R6", "zone_category": "Industrial", "ev_permitted": true}, "geometry": {"type": "Polygon", "coordinates": [[[-73.9647916299052, 40.712115833834], [-73.9647594506994, 40.7121662566438], [-73.965040633328, 40.7122679511018], [-73.9650728123698, 40.7122175289167], [-73.9647916299052, 40.712115833834]]]}}, {"type": "Feature", "properties": {"zone_id": "0201IX5MELEPWSBFFMJEN5", "tract_id": "36047054900", "city": "BROOKLYN, NY", "zone_code": "M1-2/R6", "zone_category": "Industrial", "ev_permitted": true}, "geometry": {"type": "Polygon", "coordinates": [[[-73.9647272825347, 40.7122166632866], [-73.964693485901, 40.7122696207758], [-73.9649131953611, 40.7123490828086], [-73.9649469918605, 40.7122961252554], [-73.9647272825347, 40.7122166632866]]]}}, {"type": "Feature", "properties": {"zone_id": "0201DBEJC6GROKU1XO7EU3", "tract_id": "36047054900", "city": "", "zone_code": "M1-2/R6", "zone_category": "Industrial", "ev_permitted": true}, "geometry": {"type": "Polygon", "coordinates": [[[-73.9652749947396, 40.7118447956827], [-73.9650835335218, 40.7121448069499], [-73.9651648060634, 40.7121668205865], [-73.9653532024358, 40.71187160883], [-73.9652749947396, 40.7118447956827]]]}}, {"type": "Feature", "properties": {"zone_id": "0206TJ2F5Q8BS3CZ682LRD", "tract_id": "36047054900", "city": "BROOKLYN, NY", "zone_code": "M1-2/R6", "zone_category": "Industrial", "ev_permitted": true}, "geometry": {"type": "Polygon", "coordinates": [[[-73.9647703737662, 40.7122974281754], [-73.9646682618901, 40.7124574317081], [-73.9647410378146, 40.7124837517406], [-73.964843149556, 40.7123237488465], [-73.9647703737662, 40.7122974281754]]]}}, {"type": "Feature", "properties": {"zone_id": "0206T3HGKHHHRYD1N2GE1M", "tract_id": "36047054900", "city": "BROOKLYN, NY", "zone_code": "M1-2/R6", "zone_category": "Industrial", "ev_permitted": true}, "geometry": {"type": "Polygon", "coordinates": [[[-73.9646641770811, 40.7123155460148], [-73.9645913738832, 40.7124296235383], [-73.9646682618901, 40.7124574317081], [-73.9647410649872, 40.7123433534337], [-73.9646641770811, 40.7123155460148]]]}}, {"type": "Feature", "properties": {"zone_id": "02074T80R335KXYCOII49J", "tract_id": "36047054900", "city": "BROOKLYN, NY", "zone_code": "M1-2/R6", "zone_category": "Industrial", "ev_permitted": true}, "geometry": {"type": "Polygon", "coordinates": [[[-73.964693485901, 40.7122696207758], [-73.9646641770811, 40.7123155460148], [-73.9647410649872, 40.7123433534337], [-73.9647703737662, 40.7122974281754], [-73.964693485901, 40.7122696207758]]]}}, {"type": "Feature", "properties": {"zone_id": "0201SRGVMLY025CNIXKHM6", "tract_id": "36047054900", "city": "BROOKLYN, NY", "zone_code": "M1-2/R6", "zone_category": "Industrial", "ev_permitted": true}, "geometry": {"type": "Polygon", "coordinates": [[[-73.964495200203, 40.7120794342855], [-73.964425735567, 40.7121892504073], [-73.9645005337903, 40.712216561967], [-73.9645549745953, 40.7121304952702], [-73.9644908204791, 40.712107069221], [-73.9645047335754, 40.7120829146855], [-73.964495200203, 40.7120794342855]]]}}, {"type": "Feature", "properties": {"zone_id": "0206F08YBNXM65SG8NLTHG", "tract_id": "36047054900", "city": "BROOKLYN, NY", "zone_code": "M1-2/R6", "zone_category": "Industrial", "ev_permitted": true}, "geometry": {"type": "Polygon", "coordinates": [[[-73.9643405521723, 40.7120229650644], [-73.9641838719685, 40.7122706620874], [-73.9642586692606, 40.7122979738037], [-73.9644153501741, 40.7120502766801], [-73.9643405521723, 40.7120229650644]]]}}, {"type": "Feature", "properties": {"zone_id": "02070NL1VAVUK0G5V3DS4F", "tract_id": "36047054900", "city": "BROOKLYN, NY", "zone_code": "M1-2/R6", "zone_category": "Industrial", "ev_permitted": true}, "geometry": {"type": "Polygon", "coordinates": [[[-73.9644153501741, 40.7120502766801], [-73.9642586692606, 40.7122979738037], [-73.9643385195185, 40.7123271301115], [-73.964495200203, 40.7120794342855], [-73.9644153501741, 40.7120502766801]]]}}, {"type": "Feature", "properties": {"zone_id": "02061LNQCJZBS3WQ36UU44", "tract_id": "36047054900", "city": "BROOKLYN, NY", "zone_code": "M1-2/R6", "zone_category": "Industrial", "ev_permitted": true}, "geometry": {"type": "Polygon", "coordinates": [[[-73.964425735567, 40.7121892504073], [-73.9643385195185, 40.7123271301115], [-73.964413316937, 40.7123544424298], [-73.9645005337903, 40.712216561967], [-73.964425735567, 40.7121892504073]]]}}, {"type": "Feature", "properties": {"zone_id": "02006QDWDII0M714BHO2Z3", "tract_id": "36047054900", "city": "BROOKLYN, NY", "zone_code": "M1-2/R6", "zone_category": "Industrial", "ev_permitted": true}, "geometry": {"type": "Polygon", "coordinates": [[[-73.9645871309805, 40.7118347608524], [-73.9645546790229, 40.7119066328961], [-73.9646699517534, 40.7119487238867], [-73.9647129737572, 40.7118807112447], [-73.9645871309805, 40.7118347608524]]]}}, {"type": "Feature", "properties": {"zone_id": "0205GDYQO9ZT91I4QGF6Q7", "tract_id": "36047054900", "city": "BROOKLYN, NY", "zone_code": "M1-2/R6", "zone_category": "Industrial", "ev_permitted": true}, "geometry": {"type": "Polygon", "coordinates": [[[-73.9645546790229, 40.7119066328961], [-73.964523522231, 40.7119756349667], [-73.9646286495836, 40.7120140219654], [-73.9646699517534, 40.7119487238867], [-73.9645546790229, 40.7119066328961]]]}}, {"type": "Feature", "properties": {"zone_id": "0202NS8XRC4TJS88ETUEEF", "tract_id": "36047054900", "city": "BROOKLYN, NY", "zone_code": "M1-2/R6", "zone_category": "Industrial", "ev_permitted": true}, "geometry": {"type": "Polygon", "coordinates": [[[-73.9642679746177, 40.7119964635526], [-73.9641112932834, 40.7122441597747], [-73.9641838719685, 40.7122706620874], [-73.9643405521723, 40.7120229650644], [-73.9642679746177, 40.7119964635526]]]}}, {"type": "Feature", "properties": {"zone_id": "02030W3SQMJSXUXZI46KVE", "tract_id": "36047054900", "city": "BROOKLYN, NY", "zone_code": "M1-2/R6", "zone_category": "Industrial", "ev_permitted": true}, "geometry": {"type": "Polygon", "coordinates": [[[-73.9635834309309, 40.7117465035977], [-73.9634267476404, 40.7119941988963], [-73.9641112932834, 40.7122441597747], [-73.9642679746177, 40.7119964635526], [-73.9635834309309, 40.7117465035977]]]}}, {"type": "Feature", "properties": {"zone_id": "0201K6JYAD7Z8GY209G2SE", "tract_id": "36047054900", "city": "BROOKLYN, NY", "zone_code": "C4-3", "zone_category": "Commercial", "ev_permitted": true}, "geometry": {"type": "Polygon", "coordinates": [[[-73.9637653274108, 40.7107757396249], [-73.9635303768626, 40.7111528086431], [-73.9649082420289, 40.7115739892405], [-73.9651480671876, 40.7111884855931], [-73.9637653274108, 40.7107757396249]]]}}, {"type": "Feature", "properties": {"zone_id": "0206NWPA0XWEV13IYQ2CM5", "tract_id": "36047054900", "city": "", "zone_code": "M1-2/R6", "zone_category": "Industrial", "ev_permitted": true}, "geometry": {"type": "Polygon", "coordinates": [[[-73.9641043713778, 40.7115530136432], [-73.963975559876, 40.711756651815], [-73.9641109621687, 40.71180609456], [-73.9640424317314, 40.7119141077224], [-73.9645047335754, 40.7120829146855], [-73.9644908204791, 40.712107069221], [-73.9645549745953, 40.7121304952702], [-73.9646286495836, 40.7120140219654], [-73.9642873166476, 40.7118893871113], [-73.9643606674446, 40.7117734261122], [-73.9644408734872, 40.711802713156], [-73.9645190398837, 40.7116791374194], [-73.9641043713778, 40.7115530136432]]]}}, {"type": "Feature", "properties": {"zone_id": "0205QPJT1Q29M2SBJEGVP1", "tract_id": "36047054900", "city": "BROOKLYN, NY", "zone_code": "M1-2/R6", "zone_category": "Industrial", "ev_permitted": true}, "geometry": {"type": "Polygon", "coordinates": [[[-73.9645190398837, 40.7116791374194], [-73.9644408734872, 40.711802713156], [-73.9643606674446, 40.7117734261122], [-73.9642873166476, 40.7118893871113], [-73.964523522231, 40.7119756349667], [-73.9645871309805, 40.7118347608524], [-73.9647129737572, 40.7118807112447], [-73.964788614862, 40.7117611291698], [-73.9645190398837, 40.7116791374194]]]}}, {"type": "Feature", "properties": {"zone_id": "0203YZBPDJLJZJG9PVUAVD", "tract_id": "36047054900", "city": "BROOKLYN, NY", "zone_code": "C4-3", "zone_category": "Commercial", "ev_permitted": true}, "geometry": {"type": "Polygon", "coordinates": [[[-73.9654312976399, 40.7111130070213], [-73.9653456970295, 40.7112497264965], [-73.965433132771, 40.7112762008771], [-73.9655167619819, 40.7111426300655], [-73.9654312976399, 40.7111130070213]]]}}, {"type": "Feature", "properties": {"zone_id": "0205B4PNTKYA2RGXU0F9YA", "tract_id": "36047054900", "city": "BROOKLYN, NY", "zone_code": "C4-3", "zone_category": "Commercial", "ev_permitted": true}, "geometry": {"type": "Polygon", "coordinates": [[[-73.9651700086797, 40.7110215586719], [-73.9650828249861, 40.7111617008301], [-73.9651519025493, 40.7111823195142], [-73.9652375067026, 40.7110447148323], [-73.9651700086797, 40.7110215586719]]]}}, {"type": "Feature", "properties": {"zone_id": "0203J4QZZN626WF4PPCYRE", "tract_id": "36047054900", "city": "BROOKLYN, NY", "zone_code": "C4-3", "zone_category": "Commercial", "ev_permitted": true}, "geometry": {"type": "Polygon", "coordinates": [[[-73.9649678084817, 40.7109521912252], [-73.964896821847, 40.7111134910251], [-73.9651480671876, 40.7111884855931], [-73.9651519025493, 40.7111823195142], [-73.9650512401971, 40.7111522720987], [-73.9651391448068, 40.7110109700921], [-73.9649678084817, 40.7109521912252]]]}}, {"type": "Feature", "properties": {"zone_id": "0205YWWWC5WIE3TTFXRBTF", "tract_id": "36047054900", "city": "BROOKLYN, NY", "zone_code": "C4-3", "zone_category": "Commercial", "ev_permitted": true}, "geometry": {"type": "Polygon", "coordinates": [[[-73.9651391448068, 40.7110109700921], [-73.9650512401971, 40.7111522720987], [-73.9650828249861, 40.7111617008301], [-73.9651700086797, 40.7110215586719], [-73.9651391448068, 40.7110109700921]]]}}, {"type": "Feature", "properties": {"zone_id": "0205FWDQKC0M57PL2Y96IQ", "tract_id": "36047054900", "city": "BROOKLYN, NY", "zone_code": "C4-3", "zone_category": "Commercial", "ev_permitted": true}, "geometry": {"type": "Polygon", "coordinates": [[[-73.9649016539553, 40.7109294955578], [-73.9648043591838, 40.7110858911476], [-73.964896821847, 40.7111134910251], [-73.9649678084817, 40.7109521912252], [-73.9649016539553, 40.7109294955578]]]}}, {"type": "Feature", "properties": {"zone_id": "0201ZFU0IHDBIFHG7KYGDN", "tract_id": "36047054900", "city": "BROOKLYN, NY", "zone_code": "C4-3", "zone_category": "Commercial", "ev_permitted": true}, "geometry": {"type": "Polygon", "coordinates": [[[-73.9648283120834, 40.7109043348359], [-73.9647293018782, 40.7110634870735], [-73.9648043591838, 40.7110858911476], [-73.9649016539553, 40.7109294955578], [-73.9648283120834, 40.7109043348359]]]}}, {"type": "Feature", "properties": {"zone_id": "02077M1UZ55JX0MFVVSIWG", "tract_id": "36047054900", "city": "BROOKLYN, NY", "zone_code": "C4-3", "zone_category": "Commercial", "ev_permitted": true}, "geometry": {"type": "Polygon", "coordinates": [[[-73.9647372099968, 40.7108730807885], [-73.9646360702794, 40.711035657758], [-73.9647293018782, 40.7110634870735], [-73.9648283120834, 40.7109043348359], [-73.9647372099968, 40.7108730807885]]]}}, {"type": "Feature", "properties": {"zone_id": "0205RL55DANRI8K31GNMSC", "tract_id": "36047054900", "city": "BROOKLYN, NY", "zone_code": "C4-3", "zone_category": "Commercial", "ev_permitted": true}, "geometry": {"type": "Polygon", "coordinates": [[[-73.9646509263538, 40.7108434801005], [-73.9645477680312, 40.7110092998482], [-73.9646360702794, 40.711035657758], [-73.9647372099968, 40.7108730807885], [-73.9646509263538, 40.7108434801005]]]}}, {"type": "Feature", "properties": {"zone_id": "0200FFYJO7MVWW293M7UA0", "tract_id": "36047054900", "city": "BROOKLYN, NY", "zone_code": "C4-3", "zone_category": "Commercial", "ev_permitted": true}, "geometry": {"type": "Polygon", "coordinates": [[[-73.9645680947573, 40.7108150615804], [-73.9644630000808, 40.7109839962479], [-73.9645477680312, 40.7110092998482], [-73.9646509263538, 40.7108434801005], [-73.9645680947573, 40.7108150615804]]]}}, {"type": "Feature", "properties": {"zone_id": "0205RRZVXRHSPIKHI1F5YG", "tract_id": "36047054900", "city": "BROOKLYN, NY", "zone_code": "C4-3", "zone_category": "Commercial", "ev_permitted": true}, "geometry": {"type": "Polygon", "coordinates": [[[-73.9642875864407, 40.7107188279263], [-73.9641759303031, 40.7108983065109], [-73.9644630000808, 40.7109839962479], [-73.9645680947573, 40.7108150615804], [-73.9642875864407, 40.7107188279263]]]}}, {"type": "Feature", "properties": {"zone_id": "02016A9A0ZMZC7DI0F5N29", "tract_id": "36047054900", "city": "BROOKLYN, NY", "zone_code": "M1-2/R6", "zone_category": "Industrial", "ev_permitted": true}, "geometry": {"type": "Polygon", "coordinates": [[[-73.9637694978878, 40.7114511587674], [-73.9636510764519, 40.7116383709746], [-73.9632982835749, 40.7115095466312], [-73.963262032203, 40.7115666816369], [-73.9636155269667, 40.7116957627828], [-73.9635834309309, 40.7117465035977], [-73.9636732575919, 40.7117793040021], [-73.9638628642157, 40.7114795572767], [-73.9637694978878, 40.7114511587674]]]}}, {"type": "Feature", "properties": {"zone_id": "0202D5QAB47MVQSHDUJN6H", "tract_id": "36047054900", "city": "BROOKLYN, NY", "zone_code": "M1-2/R6", "zone_category": "Industrial", "ev_permitted": true}, "geometry": {"type": "Polygon", "coordinates": [[[-73.9638628642157, 40.7114795572767], [-73.9636732575919, 40.7117793040021], [-73.9640424317314, 40.7119141077224], [-73.9641109621687, 40.71180609456], [-73.963975559876, 40.711756651815], [-73.9641043713778, 40.7115530136432], [-73.9638628642157, 40.7114795572767]]]}}, {"type": "Feature", "properties": {"zone_id": "0203ML41K4U8LBNSXWA6AE", "tract_id": "36047054900", "city": "BROOKLYN, NY", "zone_code": "M1-2/R6", "zone_category": "Industrial", "ev_permitted": true}, "geometry": {"type": "Polygon", "coordinates": [[[-73.963262032203, 40.7115666816369], [-73.9631854987566, 40.7116873058761], [-73.9635391814278, 40.7118164554722], [-73.9636155269667, 40.7116957627828], [-73.963262032203, 40.7115666816369]]]}}, {"type": "Feature", "properties": {"zone_id": "0205X6K4FYM3IHJJIDFQ1Q", "tract_id": "36047054900", "city": "BROOKLYN, NY", "zone_code": "M1-2/R6", "zone_category": "Industrial", "ev_permitted": true}, "geometry": {"type": "Polygon", "coordinates": [[[-73.9634055613594, 40.7113404626598], [-73.9633396485486, 40.7114443495253], [-73.9636760787839, 40.7115671987888], [-73.963752710293, 40.7114460528796], [-73.9634055613594, 40.7113404626598]]]}}, {"type": "Feature", "properties": {"zone_id": "0207C3CS7UTLT1FLR8N0DH", "tract_id": "36047054900", "city": "BROOKLYN, NY", "zone_code": "M1-2/R6", "zone_category": "Industrial", "ev_permitted": true}, "geometry": {"type": "Polygon", "coordinates": [[[-73.9633396485486, 40.7114443495253], [-73.9632982835749, 40.7115095466312], [-73.9636510764519, 40.7116383709746], [-73.9637694978878, 40.7114511587674], [-73.963752710293, 40.7114460528796], [-73.9636760787839, 40.7115671987888], [-73.9633396485486, 40.7114443495253]]]}}, {"type": "Feature", "properties": {"zone_id": "02071ZS5PKW6X5P5PGNWXL", "tract_id": "36047054900", "city": "BROOKLYN, NY", "zone_code": "M1-2/R6", "zone_category": "Industrial", "ev_permitted": true}, "geometry": {"type": "Polygon", "coordinates": [[[-73.9628577103792, 40.7112159643005], [-73.962604233336, 40.7116158077484], [-73.9629375778588, 40.7117371692304], [-73.9631910524405, 40.7113373250545], [-73.9628577103792, 40.7112159643005]]]}}, {"type": "Feature", "properties": {"zone_id": "0204OV5W0R263OA52ES2DI", "tract_id": "36047054900", "city": "BROOKLYN, NY", "zone_code": "M1-2/R6", "zone_category": "Industrial", "ev_permitted": true}, "geometry": {"type": "Polygon", "coordinates": [[[-73.9631854987566, 40.7116873058761], [-73.9630727891212, 40.7118649490919], [-73.9634267476404, 40.7119941988963], [-73.9635391814278, 40.7118164554722], [-73.9631854987566, 40.7116873058761]]]}}, {"type": "Feature", "properties": {"zone_id": "02019MPBLJMNIBOPKGD02S", "tract_id": "36047054900", "city": "BROOKLYN, NY", "zone_code": "M1-2/R6", "zone_category": "Industrial", "ev_permitted": true}, "geometry": {"type": "Polygon", "coordinates": [[[-73.962604233336, 40.7116158077484], [-73.9625622667539, 40.7116820084932], [-73.962895610608, 40.7118033700953], [-73.9629375778588, 40.7117371692304], [-73.962604233336, 40.7116158077484]]]}}, {"type": "Feature", "properties": {"zone_id": "02060GZZ6VJCAV7UU5A3Z9", "tract_id": "36047054900", "city": "BROOKLYN, NY", "zone_code": "M1-2/R6", "zone_category": "Industrial", "ev_permitted": true}, "geometry": {"type": "Polygon", "coordinates": [[[-73.962878191074, 40.7111836570145], [-73.9628577103792, 40.7112159643005], [-73.9631910524405, 40.7113373250545], [-73.9632220237511, 40.7112884678162], [-73.962878191074, 40.7111836570145]]]}}, {"type": "Feature", "properties": {"zone_id": "0203W6JGKXMYOYXZKKB7M0", "tract_id": "36047054900", "city": "", "zone_code": "C4-3", "zone_category": "Commercial", "ev_permitted": true}, "geometry": {"type": "Polygon", "coordinates": [[[-73.9652906397015, 40.7105919625414], [-73.9652728750557, 40.7106829424239], [-73.9652648791773, 40.7106814770749], [-73.9651655221865, 40.7108495343878], [-73.9653081724824, 40.7108984923863], [-73.9653663742963, 40.7106004242895], [-73.9652906397015, 40.7105919625414]]]}}, {"type": "Feature", "properties": {"zone_id": "02011E1LKSX4C0LXZBEVTU", "tract_id": "36047054900", "city": "BROOKLYN, NY", "zone_code": "C4-3", "zone_category": "Commercial", "ev_permitted": true}, "geometry": {"type": "Polygon", "coordinates": [[[-73.9651704679858, 40.7107133485762], [-73.9651027199688, 40.710827980266], [-73.9651655221865, 40.7108495343878], [-73.9652338773064, 40.7107339156085], [-73.9651704679858, 40.7107133485762]]]}}, {"type": "Feature", "properties": {"zone_id": "0200YYTE0VPHXYOY8JXIXR", "tract_id": "36047054900", "city": "BROOKLYN, NY", "zone_code": "C4-3", "zone_category": "Commercial", "ev_permitted": true}, "geometry": {"type": "Polygon", "coordinates": [[[-73.9652025793999, 40.7105821233193], [-73.9651801435907, 40.7106970224047], [-73.9651704679858, 40.7107133485762], [-73.9652338773064, 40.7107339156085], [-73.9652648791773, 40.7106814770749], [-73.9652728750557, 40.7106829424239], [-73.9652906397015, 40.7105919625414], [-73.9652025793999, 40.7105821233193]]]}}, {"type": "Feature", "properties": {"zone_id": "0201DEQDMQKK6P9KNX3JKK", "tract_id": "36047054900", "city": "BROOKLYN, NY", "zone_code": "C4-3", "zone_category": "Commercial", "ev_permitted": true}, "geometry": {"type": "Polygon", "coordinates": [[[-73.965122711958, 40.7105731992668], [-73.9651009758153, 40.710683066806], [-73.965100423357, 40.7106994463285], [-73.9651697905469, 40.7107144712208], [-73.9651801435907, 40.7106970224047], [-73.9652025793999, 40.7105821233193], [-73.965122711958, 40.7105731992668]]]}}, {"type": "Feature", "properties": {"zone_id": "0200IPR6YXI5KBJ9HF3J20", "tract_id": "36047054900", "city": "BROOKLYN, NY", "zone_code": "C4-3", "zone_category": "Commercial", "ev_permitted": true}, "geometry": {"type": "Polygon", "coordinates": [[[-73.9650344762708, 40.7105633401885], [-73.9649754566024, 40.7107843029632], [-73.964988634855, 40.7107888257737], [-73.9650447720389, 40.7106938735166], [-73.965099949699, 40.7107134670478], [-73.9651009758153, 40.710683066806], [-73.965122711958, 40.7105731992668], [-73.9650344762708, 40.7105633401885]]]}}, {"type": "Feature", "properties": {"zone_id": "0204NLGMV1XZ7K9TS2Y7FS", "tract_id": "36047054900", "city": "BROOKLYN, NY", "zone_code": "C4-3", "zone_category": "Commercial", "ev_permitted": true}, "geometry": {"type": "Polygon", "coordinates": [[[-73.9647629587866, 40.7105330015912], [-73.9647303150265, 40.7107001682874], [-73.9648191826424, 40.7107306684075], [-73.9648557566332, 40.7105433709959], [-73.9647629587866, 40.7105330015912]]]}}, {"type": "Feature", "properties": {"zone_id": "0204TBUGETSLI7GPCHNRMK", "tract_id": "36047054900", "city": "BROOKLYN, NY", "zone_code": "C4-3", "zone_category": "Commercial", "ev_permitted": true}, "geometry": {"type": "Polygon", "coordinates": [[[-73.9648557566332, 40.7105433709959], [-73.9648191826424, 40.7107306684075], [-73.9649754566024, 40.7107843029632], [-73.9650344762708, 40.7105633401885], [-73.9648557566332, 40.7105433709959]]]}}, {"type": "Feature", "properties": {"zone_id": "0206TXHL3IQ54L9G1O9VSN", "tract_id": "36047054900", "city": "BROOKLYN, NY", "zone_code": "C4-3", "zone_category": "Commercial", "ev_permitted": true}, "geometry": {"type": "Polygon", "coordinates": [[[-73.9650447720389, 40.7106938735166], [-73.964988634855, 40.7107888257737], [-73.9650441351307, 40.7108078734633], [-73.965099949699, 40.7107134670478], [-73.9650447720389, 40.7106938735166]]]}}, {"type": "Feature", "properties": {"zone_id": "020610ZY6P3GFN98JMYRWL", "tract_id": "36047054900", "city": "BROOKLYN, NY", "zone_code": "C4-3", "zone_category": "Commercial", "ev_permitted": true}, "geometry": {"type": "Polygon", "coordinates": [[[-73.965100423357, 40.7106994463285], [-73.965099949699, 40.7107134670478], [-73.9650441351307, 40.7108078734633], [-73.9651027199688, 40.710827980266], [-73.9651697905469, 40.7107144712208], [-73.965100423357, 40.7106994463285]]]}}, {"type": "Feature", "properties": {"zone_id": "0201JO20V5968ACZLET2N2", "tract_id": "36047054900", "city": "BROOKLYN, NY", "zone_code": "C4-3", "zone_category": "Commercial", "ev_permitted": true}, "geometry": {"type": "Polygon", "coordinates": [[[-73.9646773436527, 40.7105234353475], [-73.9646483264901, 40.7106720290385], [-73.9647303150265, 40.7107001682874], [-73.9647629587866, 40.7105330015912], [-73.9646773436527, 40.7105234353475]]]}}, {"type": "Feature", "properties": {"zone_id": "0201855LHU8CPG0NQ71F3R", "tract_id": "36047054900", "city": "BROOKLYN, NY", "zone_code": "C4-3", "zone_category": "Commercial", "ev_permitted": true}, "geometry": {"type": "Polygon", "coordinates": [[[-73.9645853953364, 40.710513161622], [-73.9645602733202, 40.7106418079927], [-73.9646483264901, 40.7106720290385], [-73.9646773436527, 40.7105234353475], [-73.9645853953364, 40.710513161622]]]}}, {"type": "Feature", "properties": {"zone_id": "0203PTPHBDCBZFNJLA8IU7", "tract_id": "36047054900", "city": "BROOKLYN, NY", "zone_code": "C4-3", "zone_category": "Commercial", "ev_permitted": true}, "geometry": {"type": "Polygon", "coordinates": [[[-73.9641427178251, 40.7106691273678], [-73.9640276732501, 40.7108540510661], [-73.9640964482635, 40.7108745810524], [-73.964209921547, 40.71069218356], [-73.9641427178251, 40.7106691273678]]]}}, {"type": "Feature", "properties": {"zone_id": "0207149ZQ0YPMBG522TJ74", "tract_id": "36047054900", "city": "BROOKLYN, NY", "zone_code": "C4-3", "zone_category": "Commercial", "ev_permitted": true}, "geometry": {"type": "Polygon", "coordinates": [[[-73.964209921547, 40.71069218356], [-73.9640964482635, 40.7108745810524], [-73.9641759303031, 40.7108983065109], [-73.9642875864407, 40.7107188279263], [-73.964209921547, 40.71069218356]]]}}, {"type": "Feature", "properties": {"zone_id": "0206MFHM3NDNC7TUZGG9YW", "tract_id": "36047054900", "city": "BROOKLYN, NY", "zone_code": "C4-3", "zone_category": "Commercial", "ev_permitted": true}, "geometry": {"type": "Polygon", "coordinates": [[[-73.9644933648713, 40.7105028779604], [-73.9644721417556, 40.7106115601542], [-73.9645602733202, 40.7106418079927], [-73.9645853953364, 40.710513161622], [-73.9644933648713, 40.7105028779604]]]}}, {"type": "Feature", "properties": {"zone_id": "0202COYWEJ9P6HXOQZ1CLX", "tract_id": "36047054900", "city": "BROOKLYN, NY", "zone_code": "C4-3", "zone_category": "Commercial", "ev_permitted": true}, "geometry": {"type": "Polygon", "coordinates": [[[-73.964397053821, 40.7104921157958], [-73.9643799102108, 40.7105799049583], [-73.9644721417556, 40.7106115601542], [-73.9644933648713, 40.7105028779604], [-73.964397053821, 40.7104921157958]]]}}, {"type": "Feature", "properties": {"zone_id": "02010YMJ4VW1VLHOY7VK98", "tract_id": "36047054900", "city": "BROOKLYN, NY", "zone_code": "C4-3", "zone_category": "Commercial", "ev_permitted": true}, "geometry": {"type": "Polygon", "coordinates": [[[-73.9641337426499, 40.7104626931141], [-73.9641279156572, 40.7104925304275], [-73.9643799102108, 40.7105799049583], [-73.964397053821, 40.7104921157958], [-73.9641337426499, 40.7104626931141]]]}}, {"type": "Feature", "properties": {"zone_id": "0205KD9VNI3WFYU5CRIHAV", "tract_id": "36047054900", "city": "BROOKLYN, NY", "zone_code": "C4-3", "zone_category": "Commercial", "ev_permitted": true}, "geometry": {"type": "Polygon", "coordinates": [[[-73.9653170030387, 40.709979104022], [-73.9653036354052, 40.7100459706761], [-73.9651365836193, 40.710026949808], [-73.9650787580404, 40.7103161728502], [-73.9654100473086, 40.7103531744311], [-73.9654811000817, 40.7099977878713], [-73.9653170030387, 40.709979104022]]]}}, {"type": "Feature", "properties": {"zone_id": "0203VY0FUS7S3N0GUS79RG", "tract_id": "36047054900", "city": "BROOKLYN, NY", "zone_code": "C4-3", "zone_category": "Commercial", "ev_permitted": true}, "geometry": {"type": "Polygon", "coordinates": [[[-73.9647811263739, 40.7099864766386], [-73.9647231483752, 40.7102764541136], [-73.9650787580404, 40.7103161728502], [-73.9651365836193, 40.710026949808], [-73.9647811263739, 40.7099864766386]]]}}, {"type": "Feature", "properties": {"zone_id": "0203Z336QFJS6A1KWYSJX2", "tract_id": "36047054900", "city": "BROOKLYN, NY", "zone_code": "R6", "zone_category": "Residential", "ev_permitted": false}, "geometry": {"type": "Polygon", "coordinates": [[[-73.9650968491338, 40.7097325663681], [-73.9650477153433, 40.710016831266], [-73.9652198675863, 40.7100364327955], [-73.9652765295069, 40.7097530252325], [-73.9650968491338, 40.7097325663681]]]}}, {"type": "Feature", "properties": {"zone_id": "0202T2SUG7PBHX4CFX3NCR", "tract_id": "36047054900", "city": "BROOKLYN, NY", "zone_code": "R6", "zone_category": "Residential", "ev_permitted": false}, "geometry": {"type": "Polygon", "coordinates": [[[-73.9652765295069, 40.7097530252325], [-73.9652198675863, 40.7100364327955], [-73.9653036354052, 40.7100459706761], [-73.9653170030387, 40.709979104022], [-73.965313437118, 40.7099786975132], [-73.9653567301451, 40.7097621565643], [-73.9652765295069, 40.7097530252325]]]}}, {"type": "Feature", "properties": {"zone_id": "0202FQV7OPLMY5ACB7IIEZ", "tract_id": "36047054900", "city": "BROOKLYN, NY", "zone_code": "R6", "zone_category": "Residential", "ev_permitted": false}, "geometry": {"type": "Polygon", "coordinates": [[[-73.9653567301451, 40.7097621565643], [-73.965313437118, 40.7099786975132], [-73.9654811000817, 40.7099977878713], [-73.9655243916531, 40.7097812468597], [-73.9653567301451, 40.7097621565643]]]}}, {"type": "Feature", "properties": {"zone_id": "0207MIKJLH4MY20AXNIMV0", "tract_id": "36047054900", "city": "BROOKLYN, NY", "zone_code": "R6", "zone_category": "Residential", "ev_permitted": false}, "geometry": {"type": "Polygon", "coordinates": [[[-73.9648377901175, 40.7097030692897], [-73.9647811263739, 40.7099864766386], [-73.9649154992832, 40.7100017773236], [-73.9649721624681, 40.7097183706118], [-73.9648377901175, 40.7097030692897]]]}}, {"type": "Feature", "properties": {"zone_id": "0207C37FY1JOZQZK4SI8W3", "tract_id": "36047054900", "city": "BROOKLYN, NY", "zone_code": "R6", "zone_category": "Residential", "ev_permitted": false}, "geometry": {"type": "Polygon", "coordinates": [[[-73.9649721624681, 40.7097183706118], [-73.9649154992832, 40.7100017773236], [-73.9650477153433, 40.710016831266], [-73.9650968491338, 40.7097325663681], [-73.9649721624681, 40.7097183706118]]]}}, {"type": "Feature", "properties": {"zone_id": "0204TH6MHPAVAK980CJWR7", "tract_id": "36047054900", "city": "BROOKLYN, NY", "zone_code": "C4-3", "zone_category": "Commercial", "ev_permitted": true}, "geometry": {"type": "Polygon", "coordinates": [[[-73.9644226936561, 40.7099456641752], [-73.9643645622907, 40.7102364017016], [-73.9644521760412, 40.7102461880254], [-73.9645102709224, 40.7099556352434], [-73.9644226936561, 40.7099456641752]]]}}, {"type": "Feature", "properties": {"zone_id": "02062OMAULZW4CYJ060O5W", "tract_id": "36047054900", "city": "BROOKLYN, NY", "zone_code": "C4-3", "zone_category": "Commercial", "ev_permitted": true}, "geometry": {"type": "Polygon", "coordinates": [[[-73.9645102709224, 40.7099556352434], [-73.9644521760412, 40.7102461880254], [-73.9647231483752, 40.7102764541136], [-73.9647811263739, 40.7099864766386], [-73.9645102709224, 40.7099556352434]]]}}, {"type": "Feature", "properties": {"zone_id": "0201YAEL4GBI7X5CB8UJW2", "tract_id": "36047054900", "city": "BROOKLYN, NY", "zone_code": "C4-3", "zone_category": "Commercial", "ev_permitted": true}, "geometry": {"type": "Polygon", "coordinates": [[[-73.9643279707416, 40.7099348778495], [-73.9642697982351, 40.7102258169791], [-73.9643645622907, 40.7102364017016], [-73.9644226936561, 40.7099456641752], [-73.9643279707416, 40.7099348778495]]]}}, {"type": "Feature", "properties": {"zone_id": "0201H2YQQ4YT2M6IAZEE3I", "tract_id": "36047054900", "city": "BROOKLYN, NY", "zone_code": "C4-3", "zone_category": "Commercial", "ev_permitted": true}, "geometry": {"type": "Polygon", "coordinates": [[[-73.9642663890447, 40.7099278658843], [-73.9642034887138, 40.7102184100237], [-73.9642697982351, 40.7102258169791], [-73.9643279707416, 40.7099348778495], [-73.9642663890447, 40.7099278658843]]]}}, {"type": "Feature", "properties": {"zone_id": "02020QILAZT16VWISKFRV2", "tract_id": "36047054900", "city": "BROOKLYN, NY", "zone_code": "C4-3", "zone_category": "Commercial", "ev_permitted": true}, "geometry": {"type": "Polygon", "coordinates": [[[-73.9641985386087, 40.7100117177332], [-73.9641549654623, 40.7102129900692], [-73.9642034887138, 40.7102184100237], [-73.9642470404242, 40.7100172402511], [-73.9641985386087, 40.7100117177332]]]}}, {"type": "Feature", "properties": {"zone_id": "0200N65PV14HXKTP8SK6XY", "tract_id": "36047054900", "city": "BROOKLYN, NY", "zone_code": "C4-3", "zone_category": "Commercial", "ev_permitted": true}, "geometry": {"type": "Polygon", "coordinates": [[[-73.964058692761, 40.7099042150584], [-73.9640004042963, 40.7101957259818], [-73.9641549654623, 40.7102129900692], [-73.9641985386087, 40.7100117177332], [-73.9642470404242, 40.7100172402511], [-73.9642663890447, 40.7099278658843], [-73.964058692761, 40.7099042150584]]]}}, {"type": "Feature", "properties": {"zone_id": "0207NL9I8MZSXNNDFAHCKM", "tract_id": "36047054900", "city": "BROOKLYN, NY", "zone_code": "R6", "zone_category": "Residential", "ev_permitted": false}, "geometry": {"type": "Polygon", "coordinates": [[[-73.9647428560374, 40.7096922600527], [-73.9646861918995, 40.7099756673552], [-73.9647811263739, 40.7099864766386], [-73.9648377901175, 40.7097030692897], [-73.9647428560374, 40.7096922600527]]]}}, {"type": "Feature", "properties": {"zone_id": "0204HRYT4XKRGWOEWKJJMQ", "tract_id": "36047054900", "city": "", "zone_code": "R6", "zone_category": "Residential", "ev_permitted": false}, "geometry": {"type": "Polygon", "coordinates": [[[-73.9644793588889, 40.7096622570013], [-73.9644226936561, 40.7099456641752], [-73.964595885206, 40.7099653843035], [-73.9646525497192, 40.709681977045], [-73.9644793588889, 40.7096622570013]]]}}, {"type": "Feature", "properties": {"zone_id": "0206ABTJ1S6SMNWA5FY386", "tract_id": "36047054900", "city": "", "zone_code": "R6", "zone_category": "Residential", "ev_permitted": false}, "geometry": {"type": "Polygon", "coordinates": [[[-73.9646525497192, 40.709681977045], [-73.964595885206, 40.7099653843035], [-73.9646861918995, 40.7099756673552], [-73.9647428560374, 40.7096922600527], [-73.9646525497192, 40.709681977045]]]}}, {"type": "Feature", "properties": {"zone_id": "02021M1XEGBA7FZ4KAGUEZ", "tract_id": "36047054900", "city": "BROOKLYN, NY", "zone_code": "R6", "zone_category": "Residential", "ev_permitted": false}, "geometry": {"type": "Polygon", "coordinates": [[[-73.964384636368, 40.7096514707218], [-73.9643279707416, 40.7099348778495], [-73.9644226936561, 40.7099456641752], [-73.9644793588889, 40.7096622570013], [-73.964384636368, 40.7096514707218]]]}}, {"type": "Feature", "properties": {"zone_id": "0201EXYKZKAI8HOXW40WGX", "tract_id": "36047054900", "city": "", "zone_code": "R6", "zone_category": "Residential", "ev_permitted": false}, "geometry": {"type": "Polygon", "coordinates": [[[-73.9640708681497, 40.7098433186716], [-73.964058692761, 40.7099042150584], [-73.9643279707416, 40.7099348778495], [-73.9643401458899, 40.7098739814345], [-73.9640708681497, 40.7098433186716]]]}}, {"type": "Feature", "properties": {"zone_id": "020734IXB8S6V4M6CW9FRH", "tract_id": "36047054900", "city": "BROOKLYN, NY", "zone_code": "C4-3", "zone_category": "Commercial", "ev_permitted": true}, "geometry": {"type": "Polygon", "coordinates": [[[-73.9622037050323, 40.7103144574188], [-73.9619753373253, 40.7106935905652], [-73.9633435617489, 40.7111038723317], [-73.9635754598503, 40.7107362949502], [-73.9634258851049, 40.710685008909], [-73.963431595994, 40.7106755269312], [-73.9626427946431, 40.7104285896542], [-73.9626246089694, 40.7104587819395], [-73.9622037050323, 40.7103144574188]]]}}, {"type": "Feature", "properties": {"zone_id": "02025JTVSHFOM19WRD8I9S", "tract_id": "36047054900", "city": "BROOKLYN, NY", "zone_code": "C4-3", "zone_category": "Commercial", "ev_permitted": true}, "geometry": {"type": "Polygon", "coordinates": [[[-73.96378903424, 40.7107376924645], [-73.9637653274108, 40.7107757396249], [-73.9640276732501, 40.7108540510661], [-73.9640453551101, 40.7108256298075], [-73.96378903424, 40.7107376924645]]]}}, {"type": "Feature", "properties": {"zone_id": "0202BU9PFPYZ6N8NVSK1IO", "tract_id": "36047054900", "city": "", "zone_code": "C4-3", "zone_category": "Commercial", "ev_permitted": true}, "geometry": {"type": "Polygon", "coordinates": [[[-73.9638865229873, 40.7105812331413], [-73.96378903424, 40.7107376924645], [-73.9639865612459, 40.7108054591618], [-73.9640120163029, 40.7107624961714], [-73.9639117007372, 40.7107280804872], [-73.9639313665802, 40.7106948886355], [-73.9639020855183, 40.7106843242855], [-73.9639522669098, 40.7106037880302], [-73.9638865229873, 40.7105812331413]]]}}, {"type": "Feature", "properties": {"zone_id": "0201SGUDL7GAM91Q48AUHJ", "tract_id": "36047054900", "city": "", "zone_code": "C4-3", "zone_category": "Commercial", "ev_permitted": true}, "geometry": {"type": "Polygon", "coordinates": [[[-73.9639522669098, 40.7106037880302], [-73.9639020855183, 40.7106843242855], [-73.9639313665802, 40.7106948886355], [-73.9639117007372, 40.7107280804872], [-73.9640120163029, 40.7107624961714], [-73.9639865612459, 40.7108054591618], [-73.9640453551101, 40.7108256298075], [-73.9641427178251, 40.7106691273678], [-73.9639522669098, 40.7106037880302]]]}}, {"type": "Feature", "properties": {"zone_id": "0201R483LION2Z1NVX04VK", "tract_id": "36047054900", "city": "BROOKLYN, NY", "zone_code": "C4-3", "zone_category": "Commercial", "ev_permitted": true}, "geometry": {"type": "Polygon", "coordinates": [[[-73.9635585013421, 40.7104648319286], [-73.9634258851049, 40.710685008909], [-73.9635754598503, 40.7107362949502], [-73.963713244833, 40.7105178901298], [-73.9635585013421, 40.7104648319286]]]}}, {"type": "Feature", "properties": {"zone_id": "0204CDG7ZX7S9GAMHEXNHY", "tract_id": "36047054900", "city": "BROOKLYN, NY", "zone_code": "C4-3", "zone_category": "Commercial", "ev_permitted": true}, "geometry": {"type": "Polygon", "coordinates": [[[-73.9634930974288, 40.7104424062114], [-73.9633652039005, 40.7106547429429], [-73.963431595994, 40.7106755269312], [-73.9635585013421, 40.7104648319286], [-73.9634930974288, 40.7104424062114]]]}}, {"type": "Feature", "properties": {"zone_id": "0200STUOI313K4BJO72GHV", "tract_id": "36047054900", "city": "BROOKLYN, NY", "zone_code": "C4-3", "zone_category": "Commercial", "ev_permitted": true}, "geometry": {"type": "Polygon", "coordinates": [[[-73.9634220074327, 40.7104180308788], [-73.963293038829, 40.7106321519438], [-73.9633652039005, 40.7106547429429], [-73.9634930974288, 40.7104424062114], [-73.9634220074327, 40.7104180308788]]]}}, {"type": "Feature", "properties": {"zone_id": "0204L5O82JQZ6UD7HHDQGC", "tract_id": "36047054900", "city": "", "zone_code": "C4-3", "zone_category": "Commercial", "ev_permitted": true}, "geometry": {"type": "Polygon", "coordinates": [[[-73.9632162453846, 40.7103474787494], [-73.9630841661618, 40.7105667638369], [-73.963150302343, 40.7105874678026], [-73.9632813970723, 40.7103698181167], [-73.9632162453846, 40.7103474787494]]]}}, {"type": "Feature", "properties": {"zone_id": "0203V3D925M2U9N407ZJ9L", "tract_id": "36047054900", "city": "BROOKLYN, NY", "zone_code": "C4-3", "zone_category": "Commercial", "ev_permitted": true}, "geometry": {"type": "Polygon", "coordinates": [[[-73.9631388149182, 40.7103209285928], [-73.963005563546, 40.7105421574738], [-73.9630841661618, 40.7105667638369], [-73.9632162453846, 40.7103474787494], [-73.9631388149182, 40.7103209285928]]]}}, {"type": "Feature", "properties": {"zone_id": "0200XJYSQUZ3UGZ1F2RXJX", "tract_id": "36047054900", "city": "BROOKLYN, NY", "zone_code": "C4-3", "zone_category": "Commercial", "ev_permitted": true}, "geometry": {"type": "Polygon", "coordinates": [[[-73.9632813970723, 40.7103698181167], [-73.963150302343, 40.7105874678026], [-73.9632289539969, 40.7106120902434], [-73.9633588775068, 40.7103963843543], [-73.9632813970723, 40.7103698181167]]]}}, {"type": "Feature", "properties": {"zone_id": "0200PALSKNKS53KW3JFSKN", "tract_id": "36047054900", "city": "BROOKLYN, NY", "zone_code": "C4-3", "zone_category": "Commercial", "ev_permitted": true}, "geometry": {"type": "Polygon", "coordinates": [[[-73.9633588775068, 40.7103963843543], [-73.9632289539969, 40.7106120902434], [-73.963293038829, 40.7106321519438], [-73.9634220074327, 40.7104180308788], [-73.9633588775068, 40.7103963843543]]]}}, {"type": "Feature", "properties": {"zone_id": "0204BXB7AK29VHRSK00QTD", "tract_id": "36047054900", "city": "BROOKLYN, NY", "zone_code": "C4-3", "zone_category": "Commercial", "ev_permitted": true}, "geometry": {"type": "Polygon", "coordinates": [[[-73.9627814483095, 40.7101983927875], [-73.9626427946431, 40.7104285896542], [-73.963005563546, 40.7105421574738], [-73.9631388149182, 40.7103209285928], [-73.9627814483095, 40.7101983927875]]]}}, {"type": "Feature", "properties": {"zone_id": "020722IV2C83ECJIUXV4MN", "tract_id": "36047054900", "city": "", "zone_code": "C4-3", "zone_category": "Commercial", "ev_permitted": true}, "geometry": {"type": "Polygon", "coordinates": [[[-73.9635843757798, 40.7097398348255], [-73.9635622210017, 40.7098512513182], [-73.9635417849085, 40.7098489499623], [-73.9635188235293, 40.70996442475], [-73.963539260581, 40.7099667254076], [-73.9635064878869, 40.7101315434418], [-73.963797040028, 40.710163210587], [-73.9638747225513, 40.7097725240812], [-73.9635843757798, 40.7097398348255]]]}}, {"type": "Feature", "properties": {"zone_id": "0205KV2FCAQLHHV6G4M1S5", "tract_id": "36047054900", "city": "BROOKLYN, NY", "zone_code": "C4-3", "zone_category": "Commercial", "ev_permitted": true}, "geometry": {"type": "Polygon", "coordinates": [[[-73.9634932176833, 40.7098434819337], [-73.9634374361347, 40.7101240178316], [-73.9635064878869, 40.7101315434418], [-73.963539260581, 40.7099667254076], [-73.9635188235293, 40.70996442475], [-73.9635417849085, 40.7098489499623], [-73.9634932176833, 40.7098434819337]]]}}, {"type": "Feature", "properties": {"zone_id": "0203A6GSMTZST10K8GH8I5", "tract_id": "36047054900", "city": "BROOKLYN, NY", "zone_code": "C4-3", "zone_category": "Commercial", "ev_permitted": true}, "geometry": {"type": "Polygon", "coordinates": [[[-73.9633998966136, 40.709832974947], [-73.9633440489398, 40.7101138389211], [-73.9634374361347, 40.7101240178316], [-73.9634932176833, 40.7098434819337], [-73.9633998966136, 40.709832974947]]]}}, {"type": "Feature", "properties": {"zone_id": "0207D16TV5LD4PFFJZ4525", "tract_id": "36047054900", "city": "", "zone_code": "C4-3", "zone_category": "Commercial", "ev_permitted": true}, "geometry": {"type": "Polygon", "coordinates": [[[-73.9633101922597, 40.7098228744719], [-73.9632542812511, 40.7101040552821], [-73.9633440489398, 40.7101138389211], [-73.9633998966136, 40.709832974947], [-73.9633101922597, 40.7098228744719]]]}}, {"type": "Feature", "properties": {"zone_id": "0207HBQKW7ESZCCKPW5ZS8", "tract_id": "36047054900", "city": "", "zone_code": "C4-3", "zone_category": "Commercial", "ev_permitted": true}, "geometry": {"type": "Polygon", "coordinates": [[[-73.9632259226553, 40.7098133862741], [-73.9631699520383, 40.710094863547], [-73.9632542812511, 40.7101040552821], [-73.9633101922597, 40.7098228744719], [-73.9632259226553, 40.7098133862741]]]}}, {"type": "Feature", "properties": {"zone_id": "02033HG6ZPD0F4BKVNQ4C5", "tract_id": "36047054900", "city": "", "zone_code": "C4-3", "zone_category": "Commercial", "ev_permitted": true}, "geometry": {"type": "Polygon", "coordinates": [[[-73.9631323052812, 40.7098028452482], [-73.9630772093197, 40.7100799227039], [-73.9630976954636, 40.7100869881885], [-73.9631699520383, 40.710094863547], [-73.9632259226553, 40.7098133862741], [-73.9631323052812, 40.7098028452482]]]}}, {"type": "Feature", "properties": {"zone_id": "0206HJ1LL8UWHWW0SPONT7", "tract_id": "36047054900", "city": "BROOKLYN, NY", "zone_code": "C4-3", "zone_category": "Commercial", "ev_permitted": true}, "geometry": {"type": "Polygon", "coordinates": [[[-73.9629742761509, 40.7098005663949], [-73.9629285118016, 40.7100286419141], [-73.9630772093197, 40.7100799227039], [-73.9631290171872, 40.7098193777695], [-73.9629742761509, 40.7098005663949]]]}}, {"type": "Feature", "properties": {"zone_id": "0205OIVZIDFV88HHVHRWC1", "tract_id": "36047054900", "city": "BROOKLYN, NY", "zone_code": "C4-3", "zone_category": "Commercial", "ev_permitted": true}, "geometry": {"type": "Polygon", "coordinates": [[[-73.9627180560655, 40.7097335146407], [-73.9626762901665, 40.7099416583167], [-73.9627669320097, 40.7099729187694], [-73.9628083772618, 40.7097663728053], [-73.9627936750939, 40.7097647168048], [-73.9627980883412, 40.7097425261407], [-73.9627180560655, 40.7097335146407]]]}}, {"type": "Feature", "properties": {"zone_id": "0200WIXXZE4TX8SRZ4FD9K", "tract_id": "36047054900", "city": "", "zone_code": "C4-3", "zone_category": "Commercial", "ev_permitted": true}, "geometry": {"type": "Polygon", "coordinates": [[[-73.9628083772618, 40.7097663728053], [-73.9627669320097, 40.7099729187694], [-73.9629285118016, 40.7100286419141], [-73.9629742761509, 40.7098005663949], [-73.9631290171872, 40.7098193777695], [-73.9631323052812, 40.7098028452482], [-73.9628083772618, 40.7097663728053]]]}}, {"type": "Feature", "properties": {"zone_id": "0206TPXRRBZ75906GIZWVL", "tract_id": "36047054900", "city": "BROOKLYN, NY", "zone_code": "M1-2/R6", "zone_category": "Industrial", "ev_permitted": true}, "geometry": {"type": "Polygon", "coordinates": [[[-73.9622512636741, 40.7109925469519], [-73.9621892376039, 40.7110903887584], [-73.9622605310442, 40.7111163451973], [-73.9623248010603, 40.71101496409], [-73.9622512636741, 40.7109925469519]]]}}, {"type": "Feature", "properties": {"zone_id": "0200ZCN7SAYMVJ0R0Q1LVE", "tract_id": "36047054900", "city": "BROOKLYN, NY", "zone_code": "M1-2/R6", "zone_category": "Industrial", "ev_permitted": true}, "geometry": {"type": "Polygon", "coordinates": [[[-73.9620573038745, 40.7111899304302], [-73.9618985434476, 40.7114403605439], [-73.9619739999429, 40.7114678327675], [-73.9621327610747, 40.7112174032535], [-73.9620573038745, 40.7111899304302]]]}}, {"type": "Feature", "properties": {"zone_id": "0200BCLCEXIPN2FHBZ6HC9", "tract_id": "36047054900", "city": "BROOKLYN, NY", "zone_code": "C4-3", "zone_category": "Commercial", "ev_permitted": true}, "geometry": {"type": "Polygon", "coordinates": [[[-73.9623605456771, 40.7100540688354], [-73.9622037050323, 40.7103144574188], [-73.9626246089694, 40.7104587819395], [-73.9627814483095, 40.7101983927875], [-73.9623605456771, 40.7100540688354]]]}}, {"type": "Feature", "properties": {"zone_id": "0203VMR7NJNBXKJBKSUBL4", "tract_id": "36047054900", "city": "BROOKLYN, NY", "zone_code": "C4-3", "zone_category": "Commercial", "ev_permitted": true}, "geometry": {"type": "Polygon", "coordinates": [[[-73.9624463059134, 40.7096487143986], [-73.9624062124864, 40.7098485158504], [-73.9626762901665, 40.7099416583167], [-73.9627180560655, 40.7097335146407], [-73.9627980883412, 40.7097425261407], [-73.9628086297549, 40.7096895117905], [-73.9624463059134, 40.7096487143986]]]}}, {"type": "Feature", "properties": {"zone_id": "02040IPG6O122R3OQH0FBQ", "tract_id": "36047054900", "city": "BROOKLYN, NY", "zone_code": "M1-2/R6", "zone_category": "Industrial", "ev_permitted": true}, "geometry": {"type": "Polygon", "coordinates": [[[-73.9621327610747, 40.7112174032535], [-73.9619739999429, 40.7114678327675], [-73.9620460332019, 40.7114940587007], [-73.9622047932022, 40.711243629088], [-73.9621327610747, 40.7112174032535]]]}}, {"type": "Feature", "properties": {"zone_id": "0204JR8XVABRQVVM02JVOV", "tract_id": "36047054900", "city": "BROOKLYN, NY", "zone_code": "M1-2/R6", "zone_category": "Industrial", "ev_permitted": true}, "geometry": {"type": "Polygon", "coordinates": [[[-73.9623982542506, 40.7110373539255], [-73.9623299327314, 40.7111451261901], [-73.962795226808, 40.7113145293191], [-73.962878191074, 40.7111836570145], [-73.9623982542506, 40.7110373539255]]]}}, {"type": "Feature", "properties": {"zone_id": "02056PLX3MVJG148X3ZEW6", "tract_id": "36047054900", "city": "", "zone_code": "M1-2/R6", "zone_category": "Industrial", "ev_permitted": true}, "geometry": {"type": "Polygon", "coordinates": [[[-73.9623248010603, 40.71101496409], [-73.9621845193604, 40.7112362473187], [-73.9622047932022, 40.711243629088], [-73.9620460332019, 40.7114940587007], [-73.9625622667539, 40.7116820084932], [-73.962795226808, 40.7113145293191], [-73.9623299327314, 40.7111451261901], [-73.9623982542506, 40.7110373539255], [-73.9623248010603, 40.71101496409]]]}}, {"type": "Feature", "properties": {"zone_id": "02046P1OBA1EIU01ZCE44X", "tract_id": "36047054900", "city": "BROOKLYN, NY", "zone_code": "M1-2/R6", "zone_category": "Industrial", "ev_permitted": true}, "geometry": {"type": "Polygon", "coordinates": [[[-73.9621209077362, 40.7110655111296], [-73.9620352995066, 40.7112005487882], [-73.9619770446275, 40.7111793387645], [-73.9619743809722, 40.7111835411922], [-73.9620450438716, 40.7112092691917], [-73.9620573038745, 40.7111899304302], [-73.9621845193604, 40.7112362473187], [-73.9622605310442, 40.7111163451973], [-73.9621209077362, 40.7110655111296]]]}}, {"type": "Feature", "properties": {"zone_id": "0207EDO0GQ13M33JSC7QIL", "tract_id": "36047054900", "city": "BROOKLYN, NY", "zone_code": "M1-2/R6", "zone_category": "Industrial", "ev_permitted": true}, "geometry": {"type": "Polygon", "coordinates": [[[-73.9619743809722, 40.7111835411922], [-73.9618278794359, 40.7114146331576], [-73.9618985434476, 40.7114403605439], [-73.9620450438716, 40.7112092691917], [-73.9619743809722, 40.7111835411922]]]}}, {"type": "Feature", "properties": {"zone_id": "0204KQBPDMQOSDVV6OG8VK", "tract_id": "36047054900", "city": "BROOKLYN, NY", "zone_code": "M1-2/R6", "zone_category": "Industrial", "ev_permitted": true}, "geometry": {"type": "Polygon", "coordinates": [[[-73.9618751250786, 40.7112074613132], [-73.9617595567564, 40.7113897581285], [-73.9618278794359, 40.7114146331576], [-73.9619434466905, 40.7112323369767], [-73.9618751250786, 40.7112074613132]]]}}, {"type": "Feature", "properties": {"zone_id": "02035KC4OBMSP7WAKB3Y7V", "tract_id": "36047054900", "city": "BROOKLYN, NY", "zone_code": "M1-2/R6", "zone_category": "Industrial", "ev_permitted": true}, "geometry": {"type": "Polygon", "coordinates": [[[-73.9617456858415, 40.7111603338802], [-73.9616301163236, 40.7113426305663], [-73.9617595567564, 40.7113897581285], [-73.9618751250786, 40.7112074613132], [-73.9617456858415, 40.7111603338802]]]}}, {"type": "Feature", "properties": {"zone_id": "02007K8YN5G6VJT8Q833GM", "tract_id": "36047054900", "city": "BROOKLYN, NY", "zone_code": "M1-2/R6", "zone_category": "Industrial", "ev_permitted": true}, "geometry": {"type": "Polygon", "coordinates": [[[-73.9617052394834, 40.7110803781889], [-73.9616714401201, 40.7111333024762], [-73.9619434466905, 40.7112323369767], [-73.9619770446275, 40.7111793387645], [-73.9617052394834, 40.7110803781889]]]}}, {"type": "Feature", "properties": {"zone_id": "02053KGA9163S65274QVFL", "tract_id": "36047054900", "city": "BROOKLYN, NY", "zone_code": "M1-2/R6", "zone_category": "Industrial", "ev_permitted": true}, "geometry": {"type": "Polygon", "coordinates": [[[-73.9617421913592, 40.7110225173526], [-73.9617052394834, 40.7110803781889], [-73.9620352995066, 40.7112005487882], [-73.962072032361, 40.7111426076716], [-73.9617421913592, 40.7110225173526]]]}}, {"type": "Feature", "properties": {"zone_id": "02041KLLB2GIIAYRNMIITF", "tract_id": "36047054900", "city": "BROOKLYN, NY", "zone_code": "M1-2/R6", "zone_category": "Industrial", "ev_permitted": true}, "geometry": {"type": "Polygon", "coordinates": [[[-73.9616714401201, 40.7111333024762], [-73.9615551798821, 40.7113153466032], [-73.9616301163236, 40.7113426305663], [-73.9617456858415, 40.7111603338802], [-73.9616714401201, 40.7111333024762]]]}}, {"type": "Feature", "properties": {"zone_id": "0207B2WZG3PLK3QSNLRQYB", "tract_id": "36047054900", "city": "BROOKLYN, NY", "zone_code": "M1-2/R6", "zone_category": "Industrial", "ev_permitted": true}, "geometry": {"type": "Polygon", "coordinates": [[[-73.9617762715771, 40.7109691532724], [-73.9617421913592, 40.7110225173526], [-73.962072032361, 40.7111426076716], [-73.9621059092694, 40.7110891689458], [-73.9617762715771, 40.7109691532724]]]}}, {"type": "Feature", "properties": {"zone_id": "02015G64M0HSKGNGTZF49T", "tract_id": "36047054900", "city": "BROOKLYN, NY", "zone_code": "M1-2/R6", "zone_category": "Industrial", "ev_permitted": true}, "geometry": {"type": "Polygon", "coordinates": [[[-73.961841169315, 40.7108675330345], [-73.9617762715771, 40.7109691532724], [-73.9621059092694, 40.7110891689458], [-73.9621209077362, 40.7110655111296], [-73.9621892376039, 40.7110903887584], [-73.9622512636741, 40.7109925469519], [-73.961841169315, 40.7108675330345]]]}}, {"type": "Feature", "properties": {"zone_id": "0204NTH82CRSOQ7OAAI43Z", "tract_id": "36047054900", "city": "BROOKLYN, NY", "zone_code": "R6", "zone_category": "Residential", "ev_permitted": false}, "geometry": {"type": "Polygon", "coordinates": [[[-73.9643000778834, 40.7096418419862], [-73.9642555880529, 40.7098643526668], [-73.9643401458899, 40.7098739814345], [-73.964384636368, 40.7096514707218], [-73.9643000778834, 40.7096418419862]]]}}, {"type": "Feature", "properties": {"zone_id": "0202DP2ZKXVRSOGYDQIBUL", "tract_id": "36047054900", "city": "", "zone_code": "R6", "zone_category": "Residential", "ev_permitted": false}, "geometry": {"type": "Polygon", "coordinates": [[[-73.9641153604292, 40.709620808765], [-73.9640708681497, 40.7098433186716], [-73.9642555880529, 40.7098643526668], [-73.9642664392584, 40.7098100819255], [-73.9642420291497, 40.7098073023545], [-73.9642472918027, 40.7097809809647], [-73.9641923554675, 40.7097747256796], [-73.964197401482, 40.7097494898332], [-73.9641859872725, 40.7097481898762], [-73.9641859616942, 40.7097373632929], [-73.9642071762245, 40.7096312634098], [-73.9641153604292, 40.709620808765]]]}}, {"type": "Feature", "properties": {"zone_id": "0204IV3RA7EUZ8SIJ4T0ZU", "tract_id": "36047054900", "city": "BROOKLYN, NY", "zone_code": "R6", "zone_category": "Residential", "ev_permitted": false}, "geometry": {"type": "Polygon", "coordinates": [[[-73.9642071762245, 40.7096312634098], [-73.9641859616942, 40.7097373632929], [-73.9641859872725, 40.7097481898762], [-73.964197401482, 40.7097494898332], [-73.9641923554675, 40.7097747256796], [-73.9642472918027, 40.7097809809647], [-73.9642420291497, 40.7098073023545], [-73.9642664392584, 40.7098100819255], [-73.9643000778834, 40.7096418419862], [-73.9642071762245, 40.7096312634098]]]}}, {"type": "Feature", "properties": {"zone_id": "0203PFZAI64U4RRKY503RW", "tract_id": "36047054900", "city": "BROOKLYN, NY", "zone_code": "R6", "zone_category": "Residential", "ev_permitted": false}, "geometry": {"type": "Polygon", "coordinates": [[[-73.9634398200963, 40.7095469905191], [-73.963383324671, 40.7098311090349], [-73.9634932176833, 40.7098434819337], [-73.9635497126511, 40.7095593626617], [-73.9634398200963, 40.7095469905191]]]}}, {"type": "Feature", "properties": {"zone_id": "0202W9RN5NZMTWQS6HJXRL", "tract_id": "36047054900", "city": "", "zone_code": "R6", "zone_category": "Residential", "ev_permitted": false}, "geometry": {"type": "Polygon", "coordinates": [[[-73.9635497126511, 40.7095593626617], [-73.9634932176833, 40.7098434819337], [-73.9635622210017, 40.7098512513182], [-73.9635843757798, 40.7097398348255], [-73.9638747225513, 40.7097725240812], [-73.9639090617177, 40.7095998218852], [-73.9635497126511, 40.7095593626617]]]}}, {"type": "Feature", "properties": {"zone_id": "0201CCR7RYPQIST86Z1G1L", "tract_id": "36047054900", "city": "BROOKLYN, NY", "zone_code": "R6", "zone_category": "Residential", "ev_permitted": false}, "geometry": {"type": "Polygon", "coordinates": [[[-73.9631888008291, 40.7095187268542], [-73.9631323052812, 40.7098028452482], [-73.9632127024117, 40.7098118973309], [-73.9632691967012, 40.7095277788975], [-73.9631888008291, 40.7095187268542]]]}}, {"type": "Feature", "properties": {"zone_id": "0204A905KOOMGHRLEIA5WD", "tract_id": "36047054900", "city": "BROOKLYN, NY", "zone_code": "R6", "zone_category": "Residential", "ev_permitted": false}, "geometry": {"type": "Polygon", "coordinates": [[[-73.9632691967012, 40.7095277788975], [-73.9632127024117, 40.7098118973309], [-73.9633092606192, 40.7098227694787], [-73.9633657554297, 40.7095386509986], [-73.9632691967012, 40.7095277788975]]]}}, {"type": "Feature", "properties": {"zone_id": "0200U4RPXN4M6RUB9L74JM", "tract_id": "36047054900", "city": "BROOKLYN, NY", "zone_code": "R6", "zone_category": "Residential", "ev_permitted": false}, "geometry": {"type": "Polygon", "coordinates": [[[-73.9633657554297, 40.7095386509986], [-73.9633092606192, 40.7098227694787], [-73.963383324671, 40.7098311090349], [-73.9634398200963, 40.7095469905191], [-73.9633657554297, 40.7095386509986]]]}}, {"type": "Feature", "properties": {"zone_id": "020706G98EOL54ZEO6MSPL", "tract_id": "36047054900", "city": "BROOKLYN, NY", "zone_code": "R6", "zone_category": "Residential", "ev_permitted": false}, "geometry": {"type": "Polygon", "coordinates": [[[-73.9628501720528, 40.7094805985756], [-73.9627936750939, 40.7097647168048], [-73.9631323052812, 40.7098028452482], [-73.9631888008291, 40.7095187268542], [-73.9628501720528, 40.7094805985756]]]}}, {"type": "Feature", "properties": {"zone_id": "0200SPUYT2F4JPR8JXGGV1", "tract_id": "36047054900", "city": "BROOKLYN, NY", "zone_code": "R6", "zone_category": "Residential", "ev_permitted": false}, "geometry": {"type": "Polygon", "coordinates": [[[-73.9624882186514, 40.7094398421879], [-73.9624463059134, 40.7096487143986], [-73.9628086297549, 40.7096895117905], [-73.9628501720528, 40.7094805985756], [-73.9624882186514, 40.7094398421879]]]}}]}