{"type": "FeatureCollection", "features": [{"type": "Feature", "properties": {"zone_id": "0203P627YGSF70LUJ2QRSU", "tract_id": "36005039600", "city": "BRONX, NY", "zone_code": "C2-4", "zone_category": "Commercial", "ev_permitted": true}, "geometry": {"type": "Polygon", "coordinates": [[[-73.8609933016933, 40.885933577954], [-73.8609575594243, 40.8859970739906], [-73.8612362810457, 40.8860859547753], [-73.8612721866515, 40.8860221672542], [-73.8609933016933, 40.885933577954]]]}}, {"type": "Feature", "properties": {"zone_id": "0201XU727F881A7YYTLY9R", "tract_id": "36005039600", "city": "BRONX, NY", "zone_code": "C2-4", "zone_category": "Commercial", "ev_permitted": true}, "geometry": {"type": "Polygon", "coordinates": [[[-73.861144593657, 40.8856648004702], [-73.8610283525119, 40.885871307181], [-73.8613072372542, 40.8859598971001], [-73.8614234776878, 40.8857533901118], [-73.861144593657, 40.8856648004702]]]}}, {"type": "Feature", "properties": {"zone_id": "02060G9VVUMVNEFGFJCM8W", "tract_id": "36005039600", "city": "BRONX, NY", "zone_code": "R6", "zone_category": "Residential", "ev_permitted": false}, "geometry": {"type": "Polygon", "coordinates": [[[-73.8610283525119, 40.885871307181], [-73.8609933016933, 40.885933577954], [-73.8612721866515, 40.8860221672542], [-73.8613072372542, 40.8859598971001], [-73.8610283525119, 40.885871307181]]]}}, {"type": "Feature", "properties": {"zone_id": "0205MIISDGOY195UOBTCZO", "tract_id": "36005039600", "city": "BRONX, NY", "zone_code": "C2-4", "zone_category": "Commercial", "ev_permitted": true}, "geometry": {"type": "Polygon", "coordinates": [[[-73.8613353423173, 40.8851833717136], [-73.8612993324758, 40.885249108088], [-73.8616430040985, 40.8853577126491], [-73.8616790770852, 40.8852918615388], [-73.8613353423173, 40.8851833717136]]]}}, {"type": "Feature", "properties": {"zone_id": "0207AK4LZCC7SQ4NFONDOG", "tract_id": "36005039600", "city": "BRONX, NY", "zone_code": "R6", "zone_category": "Residential", "ev_permitted": false}, "geometry": {"type": "Polygon", "coordinates": [[[-73.8612993324758, 40.885249108088], [-73.8612686503914, 40.8853051180511], [-73.8616123220222, 40.8854137227023], [-73.8616430040985, 40.8853577126491], [-73.8612993324758, 40.885249108088]]]}}, {"type": "Feature", "properties": {"zone_id": "020538BX8U60KV4X7J7Q8P", "tract_id": "36005039600", "city": "BRONX, NY", "zone_code": "C2-4", "zone_category": "Commercial", "ev_permitted": true}, "geometry": {"type": "Polygon", "coordinates": [[[-73.8612686503914, 40.8853051180511], [-73.8612118676275, 40.8854087744829], [-73.8615555392388, 40.8855173791248], [-73.8616123220222, 40.8854137227023], [-73.8612686503914, 40.8853051180511]]]}}, {"type": "Feature", "properties": {"zone_id": "0201CZK1MKLR4X9SRBDUR9", "tract_id": "36005039600", "city": "BRONX, NY", "zone_code": "R5", "zone_category": "Residential", "ev_permitted": false}, "geometry": {"type": "Polygon", "coordinates": [[[-73.8612371927294, 40.8851523930743], [-73.8611137354225, 40.8853777634398], [-73.8612118676275, 40.8854087744829], [-73.8613353423173, 40.8851833717136], [-73.8612371927294, 40.8851523930743]]]}}, {"type": "Feature", "properties": {"zone_id": "0203SHA9CXKACLZHI6PSZB", "tract_id": "36005039600", "city": "BRONX, NY", "zone_code": "R5", "zone_category": "Residential", "ev_permitted": false}, "geometry": {"type": "Polygon", "coordinates": [[[-73.8611677498439, 40.8851304750069], [-73.8610443044265, 40.8853558221264], [-73.8611137354225, 40.8853777634398], [-73.8612371927294, 40.8851523930743], [-73.8611677498439, 40.8851304750069]]]}}, {"type": "Feature", "properties": {"zone_id": "02063PMJ4XZBQO542HZXCK", "tract_id": "36005039600", "city": "BRONX, NY", "zone_code": "C2-4", "zone_category": "Commercial", "ev_permitted": true}, "geometry": {"type": "Polygon", "coordinates": [[[-73.8615809102931, 40.8849150434124], [-73.861419391701, 40.8852098996776], [-73.8616790770852, 40.8852918615388], [-73.8618405928687, 40.8849970070203], [-73.8615809102931, 40.8849150434124]]]}}, {"type": "Feature", "properties": {"zone_id": "0207LD3ZPG3Q28F96Q879F", "tract_id": "36005039600", "city": "BRONX, NY", "zone_code": "C2-4", "zone_category": "Commercial", "ev_permitted": true}, "geometry": {"type": "Polygon", "coordinates": [[[-73.8613987129171, 40.8848575363594], [-73.8612371927294, 40.8851523930743], [-73.861419391701, 40.8852098996776], [-73.8615809102931, 40.8849150434124], [-73.8613987129171, 40.8848575363594]]]}}, {"type": "Feature", "properties": {"zone_id": "0206YJZTURCSCBLK083K6S", "tract_id": "36005039600", "city": "BRONX, NY", "zone_code": "R5", "zone_category": "Residential", "ev_permitted": false}, "geometry": {"type": "Polygon", "coordinates": [[[-73.8613094411753, 40.8848293593288], [-73.8611479215844, 40.8851242166241], [-73.8612371927294, 40.8851523930743], [-73.8613987129171, 40.8848575363594], [-73.8613094411753, 40.8848293593288]]]}}, {"type": "Feature", "properties": {"zone_id": "0202785BRCQV8AEREOM7NH", "tract_id": "36005039600", "city": "BRONX, NY", "zone_code": "R6", "zone_category": "Residential", "ev_permitted": false}, "geometry": {"type": "Polygon", "coordinates": [[[-73.8616904681945, 40.8846783131461], [-73.861665218169, 40.8847246838767], [-73.861941244633, 40.8848119422759], [-73.8619664713684, 40.8847655644316], [-73.8616904681945, 40.8846783131461]]]}}, {"type": "Feature", "properties": {"zone_id": "0204N6VDIPX6GAA4IHJNZA", "tract_id": "36005039600", "city": "BRONX, NY", "zone_code": "C2-4", "zone_category": "Commercial", "ev_permitted": true}, "geometry": {"type": "Polygon", "coordinates": [[[-73.861665218169, 40.8847246838767], [-73.8616323471586, 40.8847851010912], [-73.8619083747562, 40.8848723595691], [-73.861941244633, 40.8848119422759], [-73.861665218169, 40.8847246838767]]]}}, {"type": "Feature", "properties": {"zone_id": "0205RHQ879K99N0C4QMANH", "tract_id": "36005039600", "city": "BRONX, NY", "zone_code": "C2-4", "zone_category": "Commercial", "ev_permitted": true}, "geometry": {"type": "Polygon", "coordinates": [[[-73.8618428892081, 40.8843981068892], [-73.8617888707962, 40.884497397733], [-73.862064792053, 40.8845850098463], [-73.8621188008717, 40.8844857160534], [-73.8618428892081, 40.8843981068892]]]}}, {"type": "Feature", "properties": {"zone_id": "0202W9HU1D8TIKNHVVPXCK", "tract_id": "36005039600", "city": "BRONX, NY", "zone_code": "R6", "zone_category": "Residential", "ev_permitted": false}, "geometry": {"type": "Polygon", "coordinates": [[[-73.8617888707962, 40.884497397733], [-73.8617194349073, 40.8846250286616], [-73.8619954656549, 40.8847122883435], [-73.862064792053, 40.8845850098463], [-73.8617888707962, 40.884497397733]]]}}, {"type": "Feature", "properties": {"zone_id": "0200YGIEF2D7HMIPCFGD5Z", "tract_id": "36005039600", "city": "BRONX, NY", "zone_code": "C2-4", "zone_category": "Commercial", "ev_permitted": true}, "geometry": {"type": "Polygon", "coordinates": [[[-73.8617194349073, 40.8846250286616], [-73.8616904681945, 40.8846783131461], [-73.8619664713684, 40.8847655644316], [-73.8619954656549, 40.8847122883435], [-73.8617194349073, 40.8846250286616]]]}}, {"type": "Feature", "properties": {"zone_id": "0205REATKB894NR1DEFMSW", "tract_id": "36005039600", "city": "BRONX, NY", "zone_code": "R5", "zone_category": "Residential", "ev_permitted": false}, "geometry": {"type": "Polygon", "coordinates": [[[-73.8612306993208, 40.8848045057326], [-73.8610691785137, 40.8850993636206], [-73.8611479215844, 40.8851242166241], [-73.8613094411753, 40.8848293593288], [-73.8612306993208, 40.8848045057326]]]}}, {"type": "Feature", "properties": {"zone_id": "0206H9VMPBMGANYF4FZHRH", "tract_id": "36005039600", "city": "BRONX, NY", "zone_code": "R5", "zone_category": "Residential", "ev_permitted": false}, "geometry": {"type": "Polygon", "coordinates": [[[-73.8611399813882, 40.8847758722231], [-73.8609784600161, 40.8850707303367], [-73.8610691785137, 40.8850993636206], [-73.8612306993208, 40.8848045057326], [-73.8611399813882, 40.8847758722231]]]}}, {"type": "Feature", "properties": {"zone_id": "0207JDHP4XJZIN72MMPXJH", "tract_id": "36005039600", "city": "BRONX, NY", "zone_code": "C2-4", "zone_category": "Commercial", "ev_permitted": true}, "geometry": {"type": "Polygon", "coordinates": [[[-73.8617323086797, 40.8844794377674], [-73.8615753977057, 40.8847670979001], [-73.8616323471586, 40.8847851010912], [-73.8617888707962, 40.884497397733], [-73.8617323086797, 40.8844794377674]]]}}, {"type": "Feature", "properties": {"zone_id": "0203AC1T9AZVWLS6X195IF", "tract_id": "36005039600", "city": "BRONX, NY", "zone_code": "R5", "zone_category": "Residential", "ev_permitted": false}, "geometry": {"type": "Polygon", "coordinates": [[[-73.8616622476476, 40.8844571914717], [-73.861505290421, 40.8847449350693], [-73.8615753977057, 40.8847670979001], [-73.8617323086797, 40.8844794377674], [-73.8616622476476, 40.8844571914717]]]}}, {"type": "Feature", "properties": {"zone_id": "02078I887G22SZCYTQLIF1", "tract_id": "36005039600", "city": "BRONX, NY", "zone_code": "R5", "zone_category": "Residential", "ev_permitted": false}, "geometry": {"type": "Polygon", "coordinates": [[[-73.8615955229429, 40.8844360045005], [-73.8614385217982, 40.8847238275302], [-73.861505290421, 40.8847449350693], [-73.8616622476476, 40.8844571914717], [-73.8615955229429, 40.8844360045005]]]}}, {"type": "Feature", "properties": {"zone_id": "0200TK9VWGIX6T5OVCH8YK", "tract_id": "36005039600", "city": "BRONX, NY", "zone_code": "R5", "zone_category": "Residential", "ev_permitted": false}, "geometry": {"type": "Polygon", "coordinates": [[[-73.8615285794711, 40.8844147476668], [-73.8613717795861, 40.8847027284157], [-73.8614385217982, 40.8847238275302], [-73.8615955229429, 40.8844360045005], [-73.8615285794711, 40.8844147476668]]]}}, {"type": "Feature", "properties": {"zone_id": "02021HK1UT29R7SHJG77GX", "tract_id": "36005039600", "city": "BRONX, NY", "zone_code": "R5", "zone_category": "Residential", "ev_permitted": false}, "geometry": {"type": "Polygon", "coordinates": [[[-73.861461855084, 40.8843935600915], [-73.8613050110477, 40.8846816209748], [-73.8613717795861, 40.8847027284157], [-73.8615285794711, 40.8844147476668], [-73.861461855084, 40.8843935600915]]]}}, {"type": "Feature", "properties": {"zone_id": "02019NYT5VSC2F7SRMO3C9", "tract_id": "36005039600", "city": "BRONX, NY", "zone_code": "R5", "zone_category": "Residential", "ev_permitted": false}, "geometry": {"type": "Polygon", "coordinates": [[[-73.861203977722, 40.884311675783], [-73.8610470820465, 40.8846000812558], [-73.8613050110477, 40.8846816209748], [-73.861461855084, 40.8843935600915], [-73.861203977722, 40.884311675783]]]}}, {"type": "Feature", "properties": {"zone_id": "0202L0IQ49WGQV3ZWDMYL0", "tract_id": "36005039600", "city": "BRONX, NY", "zone_code": "R6", "zone_category": "Residential", "ev_permitted": false}, "geometry": {"type": "Polygon", "coordinates": [[[-73.8619502034371, 40.8842008522478], [-73.8618796575836, 40.8843305231228], [-73.8621555958316, 40.8844181476903], [-73.86222593217, 40.8842883977034], [-73.8619502034371, 40.8842008522478]]]}}, {"type": "Feature", "properties": {"zone_id": "0200AI9ELAV82GAG2UASA9", "tract_id": "36005039600", "city": "BRONX, NY", "zone_code": "R6", "zone_category": "Residential", "ev_permitted": false}, "geometry": {"type": "Polygon", "coordinates": [[[-73.8618796575836, 40.8843305231228], [-73.8618428892081, 40.8843981068892], [-73.8621188008717, 40.8844857160534], [-73.8621555958316, 40.8844181476903], [-73.8618796575836, 40.8843305231228]]]}}, {"type": "Feature", "properties": {"zone_id": "0204ZBHIDXUHYRE54DH1D1", "tract_id": "36005039600", "city": "BRONX, NY", "zone_code": "C2-4", "zone_category": "Commercial", "ev_permitted": true}, "geometry": {"type": "Polygon", "coordinates": [[[-73.8617840874462, 40.8841481106631], [-73.8616228846557, 40.8844446926128], [-73.8617888707962, 40.884497397733], [-73.8619502034371, 40.8842008522478], [-73.8617840874462, 40.8841481106631]]]}}, {"type": "Feature", "properties": {"zone_id": "0202DTLZ6DOGL2VSOH116R", "tract_id": "36005039600", "city": "BRONX, NY", "zone_code": "R6", "zone_category": "Residential", "ev_permitted": false}, "geometry": {"type": "Polygon", "coordinates": [[[-73.8621056570789, 40.8839215275501], [-73.8620544271842, 40.8840176332733], [-73.8623397997637, 40.8841081579411], [-73.8623894888988, 40.8840115429495], [-73.8621056570789, 40.8839215275501]]]}}, {"type": "Feature", "properties": {"zone_id": "0200YBUOJHM9W5F1JIPVJD", "tract_id": "36005039600", "city": "BRONX, NY", "zone_code": "R6", "zone_category": "Residential", "ev_permitted": false}, "geometry": {"type": "Polygon", "coordinates": [[[-73.8620544271842, 40.8840176332733], [-73.862017620008, 40.8840866841665], [-73.862303860657, 40.8841774924211], [-73.8623397997637, 40.8841081579411], [-73.8620544271842, 40.8840176332733]]]}}, {"type": "Feature", "properties": {"zone_id": "0207LEGC7NV4DHSMD8WO0E", "tract_id": "36005039600", "city": "BRONX, NY", "zone_code": "R5", "zone_category": "Residential", "ev_permitted": false}, "geometry": {"type": "Polygon", "coordinates": [[[-73.8616973447151, 40.8841205695088], [-73.8615361427661, 40.8844171492323], [-73.8616228846557, 40.8844446926128], [-73.8617840874462, 40.8841481106631], [-73.8616973447151, 40.8841205695088]]]}}, {"type": "Feature", "properties": {"zone_id": "02051AWWMX7J2GV4L5OGQU", "tract_id": "36005039600", "city": "BRONX, NY", "zone_code": "R5", "zone_category": "Residential", "ev_permitted": false}, "geometry": {"type": "Polygon", "coordinates": [[[-73.8616230519824, 40.8840969811667], [-73.861461855084, 40.8843935600915], [-73.8615361427661, 40.8844171492323], [-73.8616973447151, 40.8841205695088], [-73.8616230519824, 40.8840969811667]]]}}, {"type": "Feature", "properties": {"zone_id": "02071003BV0G39GMJSYF4H", "tract_id": "36005039600", "city": "BRONX, NY", "zone_code": "R5", "zone_category": "Residential", "ev_permitted": false}, "geometry": {"type": "Polygon", "coordinates": [[[-73.8614577590135, 40.8840444986693], [-73.861296286727, 40.8843409870979], [-73.861461855084, 40.8843935600915], [-73.8616230519824, 40.8840969811667], [-73.8614577590135, 40.8840444986693]]]}}, {"type": "Feature", "properties": {"zone_id": "0205N7V7K1QG8QHBH7NE93", "tract_id": "36005039600", "city": "", "zone_code": "R5", "zone_category": "Residential", "ev_permitted": false}, "geometry": {"type": "Polygon", "coordinates": [[[-73.8611355954856, 40.8842247436114], [-73.8611029254433, 40.8842779265328], [-73.861126391452, 40.8842852798002], [-73.8609686293068, 40.8845752798228], [-73.8610470820465, 40.8846000812558], [-73.861203977722, 40.884311675783], [-73.861179186091, 40.8843038030907], [-73.8612094928932, 40.8842482086536], [-73.8611355954856, 40.8842247436114]]]}}, {"type": "Feature", "properties": {"zone_id": "0200ZP6J8OFT1DO3HGP51J", "tract_id": "36005039600", "city": "BRONX, NY", "zone_code": "R5", "zone_category": "Residential", "ev_permitted": false}, "geometry": {"type": "Polygon", "coordinates": [[[-73.8613405672089, 40.8840072887161], [-73.861179186091, 40.8843038030907], [-73.861296286727, 40.8843409870979], [-73.8614577590135, 40.8840444986693], [-73.8613405672089, 40.8840072887161]]]}}, {"type": "Feature", "properties": {"zone_id": "0206SEBKRDWFF57BRXJ7XM", "tract_id": "36005039600", "city": "BRONX, NY", "zone_code": "R5", "zone_category": "Residential", "ev_permitted": false}, "geometry": {"type": "Polygon", "coordinates": [[[-73.8612299027817, 40.8839721515533], [-73.8610988355408, 40.8842130713755], [-73.8612094928932, 40.8842482086536], [-73.8613405672089, 40.8840072887161], [-73.8612299027817, 40.8839721515533]]]}}, {"type": "Feature", "properties": {"zone_id": "0202BHCJJQ8T548ASE6J6Q", "tract_id": "36005039600", "city": "BRONX, NY", "zone_code": "R5", "zone_category": "Residential", "ev_permitted": false}, "geometry": {"type": "Polygon", "coordinates": [[[-73.861134553202, 40.883941876717], [-73.8610035976275, 40.8841828302939], [-73.8610988355408, 40.8842130713755], [-73.8612299027817, 40.8839721515533], [-73.861134553202, 40.883941876717]]]}}, {"type": "Feature", "properties": {"zone_id": "02014CXLYYEKVG92KTQJ1Z", "tract_id": "36005039600", "city": "BRONX, NY", "zone_code": "R6", "zone_category": "Residential", "ev_permitted": false}, "geometry": {"type": "Polygon", "coordinates": [[[-73.8622876270336, 40.8835801545429], [-73.8622210613531, 40.8837050320541], [-73.8625016222086, 40.8837938263037], [-73.862566231677, 40.8836682837135], [-73.8622876270336, 40.8835801545429]]]}}, {"type": "Feature", "properties": {"zone_id": "0200LXXPAT9JEGLQT0QJ6M", "tract_id": "36005039600", "city": "BRONX, NY", "zone_code": "C1-4", "zone_category": "Commercial", "ev_permitted": true}, "geometry": {"type": "Polygon", "coordinates": [[[-73.8622210613531, 40.8837050320541], [-73.8621771444073, 40.8837874485809], [-73.8624590848195, 40.8838767792892], [-73.8625016222086, 40.8837938263037], [-73.8622210613531, 40.8837050320541]]]}}, {"type": "Feature", "properties": {"zone_id": "0201I0MM4ODAATXVAVXY1G", "tract_id": "36005039600", "city": "BRONX, NY", "zone_code": "R6", "zone_category": "Residential", "ev_permitted": false}, "geometry": {"type": "Polygon", "coordinates": [[[-73.8621771444073, 40.8837874485809], [-73.8621056570789, 40.8839215275501], [-73.8623894888988, 40.8840115429495], [-73.8624590848195, 40.8838767792892], [-73.8621771444073, 40.8837874485809]]]}}, {"type": "Feature", "properties": {"zone_id": "02049RBBX5NH12HUFCSUSJ", "tract_id": "36005039600", "city": "BRONX, NY", "zone_code": "C1-4", "zone_category": "Commercial", "ev_permitted": true}, "geometry": {"type": "Polygon", "coordinates": [[[-73.8620935956441, 40.8837609769153], [-73.8619341027615, 40.8840601544571], [-73.862017620008, 40.8840866841665], [-73.8621771444073, 40.8837874485809], [-73.8620935956441, 40.8837609769153]]]}}, {"type": "Feature", "properties": {"zone_id": "0206M4XF52AVXJQOYIU0Q0", "tract_id": "36005039600", "city": "BRONX, NY", "zone_code": "R5", "zone_category": "Residential", "ev_permitted": false}, "geometry": {"type": "Polygon", "coordinates": [[[-73.8620182464976, 40.8837371028183], [-73.8618587809847, 40.8840362279436], [-73.8619341027615, 40.8840601544571], [-73.8620935956441, 40.8837609769153], [-73.8620182464976, 40.8837371028183]]]}}, {"type": "Feature", "properties": {"zone_id": "0207EDB4WKLWD3I6TEL0KX", "tract_id": "36005039600", "city": "BRONX, NY", "zone_code": "R5", "zone_category": "Residential", "ev_permitted": false}, "geometry": {"type": "Polygon", "coordinates": [[[-73.8618475886803, 40.8836830307086], [-73.8616881336857, 40.88398213313], [-73.8618587809847, 40.8840362279436], [-73.8620182464976, 40.8837371028183], [-73.8618475886803, 40.8836830307086]]]}}, {"type": "Feature", "properties": {"zone_id": "0203DI33MV8GGJQ1HVOUN3", "tract_id": "36005039600", "city": "BRONX, NY", "zone_code": "R6", "zone_category": "Residential", "ev_permitted": false}, "geometry": {"type": "Polygon", "coordinates": [[[-73.8623111678245, 40.8834909964181], [-73.8622671721928, 40.8835735316345], [-73.862566231677, 40.8836682837135], [-73.8626087624097, 40.8835852864113], [-73.8623111678245, 40.8834909964181]]]}}, {"type": "Feature", "properties": {"zone_id": "020128TUY18M2NJGQIM1PM", "tract_id": "36005039600", "city": "BRONX, NY", "zone_code": "R6", "zone_category": "Residential", "ev_permitted": false}, "geometry": {"type": "Polygon", "coordinates": [[[-73.8622419790721, 40.8834690750759], [-73.8620803632509, 40.8837567842553], [-73.8621771444073, 40.8837874485809], [-73.8622876270336, 40.8835801545429], [-73.8622671721928, 40.8835735316345], [-73.8623111678245, 40.8834909964181], [-73.8622419790721, 40.8834690750759]]]}}, {"type": "Feature", "properties": {"zone_id": "02072D16A99TIVXVFNZ87T", "tract_id": "36005039600", "city": "BRONX, NY", "zone_code": "R5", "zone_category": "Residential", "ev_permitted": false}, "geometry": {"type": "Polygon", "coordinates": [[[-73.8621727903652, 40.8834471536922], [-73.8620182464976, 40.8837371028183], [-73.8620803632509, 40.8837567842553], [-73.8622419790721, 40.8834690750759], [-73.8621727903652, 40.8834471536922]]]}}, {"type": "Feature", "properties": {"zone_id": "0201L1NJ8A1UJFT4KTV23E", "tract_id": "36005039600", "city": "BRONX, NY", "zone_code": "R5", "zone_category": "Residential", "ev_permitted": false}, "geometry": {"type": "Polygon", "coordinates": [[[-73.8620800675989, 40.8834177744219], [-73.8619255233936, 40.883707724128], [-73.8620182464976, 40.8837371028183], [-73.8621727903652, 40.8834471536922], [-73.8620800675989, 40.8834177744219]]]}}, {"type": "Feature", "properties": {"zone_id": "0206WLU9E6H9ESJFIZKKG1", "tract_id": "36005039600", "city": "BRONX, NY", "zone_code": "R5", "zone_category": "Residential", "ev_permitted": false}, "geometry": {"type": "Polygon", "coordinates": [[[-73.8620021340939, 40.8833930811067], [-73.8618475886803, 40.8836830307086], [-73.8619255233936, 40.883707724128], [-73.8620800675989, 40.8834177744219], [-73.8620021340939, 40.8833930811067]]]}}, {"type": "Feature", "properties": {"zone_id": "02066BL56FMV2NAC99L0IF", "tract_id": "36005039600", "city": "BRONX, NY", "zone_code": "R5", "zone_category": "Residential", "ev_permitted": false}, "geometry": {"type": "Polygon", "coordinates": [[[-73.8619186027812, 40.8833666144268], [-73.8617640232943, 40.8836565536896], [-73.8618475886803, 40.8836830307086], [-73.8620021340939, 40.8833930811067], [-73.8619186027812, 40.8833666144268]]]}}, {"type": "Feature", "properties": {"zone_id": "02066T256EJ3QJQZB7HM9T", "tract_id": "36005039600", "city": "BRONX, NY", "zone_code": "R5", "zone_category": "Residential", "ev_permitted": false}, "geometry": {"type": "Polygon", "coordinates": [[[-73.861831578019, 40.8833390407094], [-73.8616770329115, 40.8836289907896], [-73.8617640232943, 40.8836565536896], [-73.8619186027812, 40.8833666144268], [-73.861831578019, 40.8833390407094]]]}}, {"type": "Feature", "properties": {"zone_id": "0205W750ETLOHF33VWLIA0", "tract_id": "36005039600", "city": "BRONX, NY", "zone_code": "R5", "zone_category": "Residential", "ev_permitted": false}, "geometry": {"type": "Polygon", "coordinates": [[[-73.8617623107606, 40.883656011132], [-73.8616028461554, 40.8839551295867], [-73.8616881336857, 40.88398213313], [-73.8618475886803, 40.8836830307086], [-73.8617623107606, 40.883656011132]]]}}, {"type": "Feature", "properties": {"zone_id": "02079XZZ9FD2KNMK87CZ5E", "tract_id": "36005039600", "city": "BRONX, NY", "zone_code": "R5", "zone_category": "Residential", "ev_permitted": false}, "geometry": {"type": "Polygon", "coordinates": [[[-73.8616770329115, 40.8836289907896], [-73.86151755777, 40.8839281252764], [-73.8616028461554, 40.8839551295867], [-73.8617623107606, 40.883656011132], [-73.8616770329115, 40.8836289907896]]]}}, {"type": "Feature", "properties": {"zone_id": "02071TEW8GLTM33TU4KVGI", "tract_id": "36005039600", "city": "BRONX, NY", "zone_code": "R5", "zone_category": "Residential", "ev_permitted": false}, "geometry": {"type": "Polygon", "coordinates": [[[-73.8616030124083, 40.8836055376651], [-73.8614435657994, 40.8839046195631], [-73.86151755777, 40.8839281252764], [-73.8616770329115, 40.8836289907896], [-73.8616030124083, 40.8836055376651]]]}}, {"type": "Feature", "properties": {"zone_id": "0206JFS5WYJJMJY7DIRO8B", "tract_id": "36005039600", "city": "BRONX, NY", "zone_code": "R5", "zone_category": "Residential", "ev_permitted": false}, "geometry": {"type": "Polygon", "coordinates": [[[-73.8615131619287, 40.8835770686694], [-73.8613536818325, 40.8838760652098], [-73.8614435657994, 40.8839046195631], [-73.8616030124083, 40.8836055376651], [-73.8615131619287, 40.8835770686694]]]}}, {"type": "Feature", "properties": {"zone_id": "0205SXIUOG76KZITKIJRCW", "tract_id": "36005039600", "city": "BRONX, NY", "zone_code": "R5", "zone_category": "Residential", "ev_permitted": false}, "geometry": {"type": "Polygon", "coordinates": [[[-73.8613425770985, 40.8835230183825], [-73.8611832066528, 40.8838219586116], [-73.8613536818325, 40.8838760652098], [-73.8615131619287, 40.8835770686694], [-73.8613425770985, 40.8835230183825]]]}}, {"type": "Feature", "properties": {"zone_id": "0204GFGTJ1BSMGGCJ6T889", "tract_id": "36005039600", "city": "BRONX, NY", "zone_code": "R5", "zone_category": "Residential", "ev_permitted": false}, "geometry": {"type": "Polygon", "coordinates": [[[-73.8617497151886, 40.8833131027093], [-73.8615951697844, 40.8836030526812], [-73.8616770329115, 40.8836289907896], [-73.861831578019, 40.8833390407094], [-73.8617497151886, 40.8833131027093]]]}}, {"type": "Feature", "properties": {"zone_id": "0206DUKJ5VM06E4QMRWMMW", "tract_id": "36005039600", "city": "BRONX, NY", "zone_code": "R5", "zone_category": "Residential", "ev_permitted": false}, "geometry": {"type": "Polygon", "coordinates": [[[-73.861667799224, 40.8832871477239], [-73.8615131619287, 40.8835770686694], [-73.8615951697844, 40.8836030526812], [-73.8617497151886, 40.8833131027093], [-73.861667799224, 40.8832871477239]]]}}, {"type": "Feature", "properties": {"zone_id": "0205NDK2418ZBUWPQBQ0B7", "tract_id": "36005039600", "city": "BRONX, NY", "zone_code": "R5", "zone_category": "Residential", "ev_permitted": false}, "geometry": {"type": "Polygon", "coordinates": [[[-73.8615805604875, 40.8832595066335], [-73.8614260135458, 40.883549455678], [-73.8615131619287, 40.8835770686694], [-73.861667799224, 40.8832871477239], [-73.8615805604875, 40.8832595066335]]]}}, {"type": "Feature", "properties": {"zone_id": "02041VCLETO4XPK7M9XVGZ", "tract_id": "36005039600", "city": "BRONX, NY", "zone_code": "R5", "zone_category": "Residential", "ev_permitted": false}, "geometry": {"type": "Polygon", "coordinates": [[[-73.8612622493526, 40.8834975665283], [-73.8611028932436, 40.8837964801408], [-73.8611832066528, 40.8838219586116], [-73.8613425770985, 40.8835230183825], [-73.8612622493526, 40.8834975665283]]]}}, {"type": "Feature", "properties": {"zone_id": "02027QE7RMD6BJOVR0ORI1", "tract_id": "36005039600", "city": "BRONX, NY", "zone_code": "R5", "zone_category": "Residential", "ev_permitted": false}, "geometry": {"type": "Polygon", "coordinates": [[[-73.8611771264161, 40.8834705950107], [-73.8610177841666, 40.8837694802429], [-73.8611028932436, 40.8837964801408], [-73.8612622493526, 40.8834975665283], [-73.8611771264161, 40.8834705950107]]]}}, {"type": "Feature", "properties": {"zone_id": "02002SC4KWMKRXGKMYK2XV", "tract_id": "36005039600", "city": "BRONX, NY", "zone_code": "R5", "zone_category": "Residential", "ev_permitted": false}, "geometry": {"type": "Polygon", "coordinates": [[[-73.8609972638114, 40.88307468628], [-73.8608427129039, 40.8833646345512], [-73.8611771264161, 40.8834705950107], [-73.8613316742599, 40.8831806462952], [-73.8609972638114, 40.88307468628]]]}}, {"type": "Feature", "properties": {"zone_id": "0201NTNIW5ABF5NNC3ALJE", "tract_id": "36005039600", "city": "BRONX, NY", "zone_code": "R5", "zone_category": "Residential", "ev_permitted": false}, "geometry": {"type": "Polygon", "coordinates": [[[-73.8614971234168, 40.8832330694471], [-73.8613425770985, 40.8835230183825], [-73.8614260135458, 40.883549455678], [-73.8615805604875, 40.8832595066335], [-73.8614971234168, 40.8832330694471]]]}}, {"type": "Feature", "properties": {"zone_id": "0206UO8ODDOKMTP3A9HJVS", "tract_id": "36005039600", "city": "BRONX, NY", "zone_code": "R5", "zone_category": "Residential", "ev_permitted": false}, "geometry": {"type": "Polygon", "coordinates": [[[-73.8613316742599, 40.8831806462952], [-73.8611771264161, 40.8834705950107], [-73.8613425770985, 40.8835230183825], [-73.8614971234168, 40.8832330694471], [-73.8613316742599, 40.8831806462952]]]}}, {"type": "Feature", "properties": {"zone_id": "0203NJVYLYACDRWC4GTS9B", "tract_id": "36005039600", "city": "BRONX, NY", "zone_code": "C2-4", "zone_category": "Commercial", "ev_permitted": true}, "geometry": {"type": "Polygon", "coordinates": [[[-73.8604506962281, 40.8865587476002], [-73.8602902668861, 40.8868486604475], [-73.8607320790103, 40.8869877122161], [-73.8608925076869, 40.8866977987633], [-73.8604506962281, 40.8865587476002]]]}}, {"type": "Feature", "properties": {"zone_id": "0206JRVIXZJ5ZJS85GX85X", "tract_id": "36005039600", "city": "BRONX, NY", "zone_code": "R4", "zone_category": "Residential", "ev_permitted": false}, "geometry": {"type": "Polygon", "coordinates": [[[-73.8602836604411, 40.8865061756222], [-73.8601232304976, 40.8867960882402], [-73.8602902668861, 40.8868486604475], [-73.8604506962281, 40.8865587476002], [-73.8602836604411, 40.8865061756222]]]}}, {"type": "Feature", "properties": {"zone_id": "0202PNJ3OX09NLT40VZCWF", "tract_id": "36005039600", "city": "BRONX, NY", "zone_code": "R4", "zone_category": "Residential", "ev_permitted": false}, "geometry": {"type": "Polygon", "coordinates": [[[-73.8601170412699, 40.8864537353004], [-73.8599566107278, 40.886743646987], [-73.8600397124017, 40.8867698023971], [-73.860200142646, 40.8864798898937], [-73.8601170412699, 40.8864537353004]]]}}, {"type": "Feature", "properties": {"zone_id": "0204UTA4ODGSKQX7I6HSYJ", "tract_id": "36005039600", "city": "BRONX, NY", "zone_code": "R4", "zone_category": "Residential", "ev_permitted": false}, "geometry": {"type": "Polygon", "coordinates": [[[-73.860200142646, 40.8864798898937], [-73.8600397124017, 40.8867698023971], [-73.8601232304976, 40.8867960882402], [-73.8602836604411, 40.8865061756222], [-73.860200142646, 40.8864798898937]]]}}, {"type": "Feature", "properties": {"zone_id": "0202WK2R5J0JCSP50OVYUC", "tract_id": "36005039600", "city": "BRONX, NY", "zone_code": "R4", "zone_category": "Residential", "ev_permitted": false}, "geometry": {"type": "Polygon", "coordinates": [[[-73.860033523608, 40.8864274487484], [-73.8598730918378, 40.8867173610219], [-73.8599566107278, 40.886743646987], [-73.8601170412699, 40.8864537353004], [-73.860033523608, 40.8864274487484]]]}}, {"type": "Feature", "properties": {"zone_id": "0202FY4ER85K6VJT71K1L0", "tract_id": "36005039600", "city": "BRONX, NY", "zone_code": "R4", "zone_category": "Residential", "ev_permitted": false}, "geometry": {"type": "Polygon", "coordinates": [[[-73.8599464762656, 40.8864000518968], [-73.8597860451077, 40.8866899640519], [-73.8598730918378, 40.8867173610219], [-73.860033523608, 40.8864274487484], [-73.8599464762656, 40.8864000518968]]]}}, {"type": "Feature", "properties": {"zone_id": "0200QB99MHRSW73OHMY7CU", "tract_id": "36005039600", "city": "BRONX, NY", "zone_code": "R4", "zone_category": "Residential", "ev_permitted": false}, "geometry": {"type": "Polygon", "coordinates": [[[-73.8598629587371, 40.8863737659238], [-73.8597025272785, 40.8866636779642], [-73.8597860451077, 40.8866899640519], [-73.8599464762656, 40.8864000518968], [-73.8598629587371, 40.8863737659238]]]}}, {"type": "Feature", "properties": {"zone_id": "02034OPTSDAHDLGU5C1FCU", "tract_id": "36005039600", "city": "BRONX, NY", "zone_code": "C2-4", "zone_category": "Commercial", "ev_permitted": true}, "geometry": {"type": "Polygon", "coordinates": [[[-73.8606135860497, 40.886264384854], [-73.8604506962281, 40.8865587476002], [-73.8608925076869, 40.8866977987633], [-73.8609647002253, 40.8865673386505], [-73.860567863496, 40.8864404970771], [-73.8606575423169, 40.8862784345279], [-73.8606135860497, 40.886264384854]]]}}, {"type": "Feature", "properties": {"zone_id": "0202WWWY9AXR1XMB1X6FCN", "tract_id": "36005039600", "city": "BRONX, NY", "zone_code": "R6", "zone_category": "Residential", "ev_permitted": false}, "geometry": {"type": "Polygon", "coordinates": [[[-73.8606575423169, 40.8862784345279], [-73.860567863496, 40.8864404970771], [-73.8609647002253, 40.8865673386505], [-73.8610543763967, 40.8864052764973], [-73.8606575423169, 40.8862784345279]]]}}, {"type": "Feature", "properties": {"zone_id": "02003VXFSGL3V2M19FQKMD", "tract_id": "36005039600", "city": "BRONX, NY", "zone_code": "R5", "zone_category": "Residential", "ev_permitted": false}, "geometry": {"type": "Polygon", "coordinates": [[[-73.8604469356316, 40.8862111172573], [-73.8602836604411, 40.8865061756222], [-73.8603671782994, 40.8865324626954], [-73.8605302608073, 40.8862377510857], [-73.8604469356316, 40.8862111172573]]]}}, {"type": "Feature", "properties": {"zone_id": "0203EPX8BAP1Z5TQ5GK57A", "tract_id": "36005039600", "city": "BRONX, NY", "zone_code": "R5", "zone_category": "Residential", "ev_permitted": false}, "geometry": {"type": "Polygon", "coordinates": [[[-73.8605302608073, 40.8862377510857], [-73.8603671782994, 40.8865324626954], [-73.8604506962281, 40.8865587476002], [-73.8606135860497, 40.886264384854], [-73.8605302608073, 40.8862377510857]]]}}, {"type": "Feature", "properties": {"zone_id": "0205GOT49D1MHJ8HA05A40", "tract_id": "36005039600", "city": "BRONX, NY", "zone_code": "C2-4", "zone_category": "Commercial", "ev_permitted": true}, "geometry": {"type": "Polygon", "coordinates": [[[-73.8609575594243, 40.8859970739906], [-73.8609218273052, 40.8860605538669], [-73.8612005491449, 40.8861494347369], [-73.8612362810457, 40.8860859547753], [-73.8609575594243, 40.8859970739906]]]}}, {"type": "Feature", "properties": {"zone_id": "0203Z7J30RRGXT8TJR237H", "tract_id": "36005039600", "city": "BRONX, NY", "zone_code": "C2-4", "zone_category": "Commercial", "ev_permitted": true}, "geometry": {"type": "Polygon", "coordinates": [[[-73.8609218273052, 40.8860605538669], [-73.8608859984722, 40.8861242050593], [-73.8611647205323, 40.8862130853121], [-73.8612005491449, 40.8861494347369], [-73.8609218273052, 40.8860605538669]]]}}, {"type": "Feature", "properties": {"zone_id": "0203HQ3SWZ5GFNFCV1HKFO", "tract_id": "36005039600", "city": "BRONX, NY", "zone_code": "R6", "zone_category": "Residential", "ev_permitted": false}, "geometry": {"type": "Polygon", "coordinates": [[[-73.8608859984722, 40.8861242050593], [-73.8608458000323, 40.8861956172583], [-73.8611245232624, 40.8862844983107], [-73.8611647205323, 40.8862130853121], [-73.8608859984722, 40.8861242050593]]]}}, {"type": "Feature", "properties": {"zone_id": "0200WBEGXD79IEQR4BHQZS", "tract_id": "36005039600", "city": "BRONX, NY", "zone_code": "C2-4", "zone_category": "Commercial", "ev_permitted": true}, "geometry": {"type": "Polygon", "coordinates": [[[-73.8609057345174, 40.8859144772747], [-73.86076244412, 40.8861690363184], [-73.8608458000323, 40.8861956172583], [-73.8609891394175, 40.8859409717468], [-73.8609057345174, 40.8859144772747]]]}}, {"type": "Feature", "properties": {"zone_id": "0206R4MWR2E0YD4T7Y6UZE", "tract_id": "36005039600", "city": "BRONX, NY", "zone_code": "R5", "zone_category": "Residential", "ev_permitted": false}, "geometry": {"type": "Polygon", "coordinates": [[[-73.8607393847501, 40.8858616341506], [-73.8605961914063, 40.886116019556], [-73.86076244412, 40.8861690363184], [-73.8609057345174, 40.8859144772747], [-73.8607393847501, 40.8858616341506]]]}}, {"type": "Feature", "properties": {"zone_id": "0206W5BW6WKDTV5EDSP6C1", "tract_id": "36005039600", "city": "BRONX, NY", "zone_code": "R4", "zone_category": "Residential", "ev_permitted": false}, "geometry": {"type": "Polygon", "coordinates": [[[-73.8601105305744, 40.8861035889619], [-73.8599464762656, 40.8864000518968], [-73.8601170412699, 40.8864537353004], [-73.8602807018276, 40.8861579827224], [-73.8601105305744, 40.8861035889619]]]}}, {"type": "Feature", "properties": {"zone_id": "0207A6HE9R4PJLB7C0XIH6", "tract_id": "36005039600", "city": "BRONX, NY", "zone_code": "R4", "zone_category": "Residential", "ev_permitted": false}, "geometry": {"type": "Polygon", "coordinates": [[[-73.8602807018276, 40.8861579827224], [-73.8601170412699, 40.8864537353004], [-73.860200142646, 40.8864798898937], [-73.8603636105212, 40.8861844840711], [-73.8602807018276, 40.8861579827224]]]}}, {"type": "Feature", "properties": {"zone_id": "0203T14QXZTYAHC3UDB4JX", "tract_id": "36005039600", "city": "BRONX, NY", "zone_code": "R5", "zone_category": "Residential", "ev_permitted": false}, "geometry": {"type": "Polygon", "coordinates": [[[-73.8603636105212, 40.8861844840711], [-73.860200142646, 40.8864798898937], [-73.8602836604411, 40.8865061756222], [-73.8604469356316, 40.8862111172573], [-73.8603636105212, 40.8861844840711]]]}}, {"type": "Feature", "properties": {"zone_id": "0203Q6JB0LGMK68ZD44J48", "tract_id": "36005039600", "city": "BRONX, NY", "zone_code": "R4", "zone_category": "Residential", "ev_permitted": false}, "geometry": {"type": "Polygon", "coordinates": [[[-73.8597784411057, 40.8863471645948], [-73.8596180093428, 40.8866370765192], [-73.8597025272785, 40.8866636779642], [-73.8598629587371, 40.8863737659238], [-73.8597784411057, 40.8863471645948]]]}}, {"type": "Feature", "properties": {"zone_id": "02043HBOO0W5NN67VGCP9N", "tract_id": "36005039600", "city": "BRONX, NY", "zone_code": "R4", "zone_category": "Residential", "ev_permitted": false}, "geometry": {"type": "Polygon", "coordinates": [[[-73.8597765488104, 40.8859968341261], [-73.8596117209577, 40.8862946910969], [-73.8596812701525, 40.8863165814159], [-73.8598459369669, 40.8860190143423], [-73.8597765488104, 40.8859968341261]]]}}, {"type": "Feature", "properties": {"zone_id": "0202EG1EJOULT25SZU2R9C", "tract_id": "36005039600", "city": "BRONX, NY", "zone_code": "R4", "zone_category": "Residential", "ev_permitted": false}, "geometry": {"type": "Polygon", "coordinates": [[[-73.8598459369669, 40.8860190143423], [-73.8596812701525, 40.8863165814159], [-73.8597784411057, 40.8863471645948], [-73.8599428826563, 40.8860500018324], [-73.8598459369669, 40.8860190143423]]]}}, {"type": "Feature", "properties": {"zone_id": "0200ZEM2FYYA94252F821K", "tract_id": "36005039600", "city": "BRONX, NY", "zone_code": "R4", "zone_category": "Residential", "ev_permitted": false}, "geometry": {"type": "Polygon", "coordinates": [[[-73.8599428826563, 40.8860500018324], [-73.8597784411057, 40.8863471645948], [-73.8598629587371, 40.8863737659238], [-73.8600272057336, 40.8860769555324], [-73.8599428826563, 40.8860500018324]]]}}, {"type": "Feature", "properties": {"zone_id": "02039GFAPSO4FFSCGHGCHP", "tract_id": "36005039600", "city": "BRONX, NY", "zone_code": "R4", "zone_category": "Residential", "ev_permitted": false}, "geometry": {"type": "Polygon", "coordinates": [[[-73.8600272057336, 40.8860769555324], [-73.8598629587371, 40.8863737659238], [-73.8599464762656, 40.8864000518968], [-73.8601105305744, 40.8861035889619], [-73.8600272057336, 40.8860769555324]]]}}, {"type": "Feature", "properties": {"zone_id": "0204G05JBJ270A47C74P2H", "tract_id": "36005039600", "city": "BRONX, NY", "zone_code": "R5", "zone_category": "Residential", "ev_permitted": false}, "geometry": {"type": "Polygon", "coordinates": [[[-73.8609499706544, 40.8856029762036], [-73.8607945157511, 40.8858791472214], [-73.8608590285061, 40.8858996402323], [-73.8610144831894, 40.8856234691288], [-73.8609499706544, 40.8856029762036]]]}}, {"type": "Feature", "properties": {"zone_id": "02042U3G3ZBD05OBXUFY7F", "tract_id": "36005039600", "city": "BRONX, NY", "zone_code": "C2-4", "zone_category": "Commercial", "ev_permitted": true}, "geometry": {"type": "Polygon", "coordinates": [[[-73.8610144831894, 40.8856234691288], [-73.8608590285061, 40.8858996402323], [-73.8609891394175, 40.8859409717468], [-73.861144593657, 40.8856648004702], [-73.8610144831894, 40.8856234691288]]]}}, {"type": "Feature", "properties": {"zone_id": "0204QE241634MYFBEE07N2", "tract_id": "36005039600", "city": "BRONX, NY", "zone_code": "R5", "zone_category": "Residential", "ev_permitted": false}, "geometry": {"type": "Polygon", "coordinates": [[[-73.8605994957251, 40.8857760403453], [-73.8604367430058, 40.886065172806], [-73.8605128356937, 40.8860894384354], [-73.8606756327477, 40.8858002265242], [-73.8605994957251, 40.8857760403453]]]}}, {"type": "Feature", "properties": {"zone_id": "0203E2GEJQSUIRBVXNW7F3", "tract_id": "36005039600", "city": "BRONX, NY", "zone_code": "R5", "zone_category": "Residential", "ev_permitted": false}, "geometry": {"type": "Polygon", "coordinates": [[[-73.8606559800475, 40.8858351402002], [-73.8605128356937, 40.8860894384354], [-73.8605961914063, 40.886116019556], [-73.8607393847501, 40.8858616341506], [-73.8606559800475, 40.8858351402002]]]}}, {"type": "Feature", "properties": {"zone_id": "0200N03QE1T9YC1IXLFJEP", "tract_id": "36005039600", "city": "BRONX, NY", "zone_code": "R5", "zone_category": "Residential", "ev_permitted": false}, "geometry": {"type": "Polygon", "coordinates": [[[-73.8605326821573, 40.8857548164727], [-73.860369968232, 40.8860438786235], [-73.8604367430058, 40.886065172806], [-73.8605994957251, 40.8857760403453], [-73.8605326821573, 40.8857548164727]]]}}, {"type": "Feature", "properties": {"zone_id": "0204MQEK5OF3TM4W3RAPMZ", "tract_id": "36005039600", "city": "BRONX, NY", "zone_code": "R5", "zone_category": "Residential", "ev_permitted": false}, "geometry": {"type": "Polygon", "coordinates": [[[-73.8604559503254, 40.8857304411723], [-73.860293280733, 40.8860194238718], [-73.860369968232, 40.8860438786235], [-73.8605326821573, 40.8857548164727], [-73.8604559503254, 40.8857304411723]]]}}, {"type": "Feature", "properties": {"zone_id": "02018ZM47MP73XVWDUP463", "tract_id": "36005039600", "city": "BRONX, NY", "zone_code": "R5", "zone_category": "Residential", "ev_permitted": false}, "geometry": {"type": "Polygon", "coordinates": [[[-73.8606575775058, 40.8858323013527], [-73.8606559800475, 40.8858351402002], [-73.8607274790407, 40.8858578522264], [-73.8607290764965, 40.8858550133778], [-73.8606575775058, 40.8858323013527]]]}}, {"type": "Feature", "properties": {"zone_id": "02030LO1VN5I3E1FY01WN4", "tract_id": "36005039600", "city": "BRONX, NY", "zone_code": "R5", "zone_category": "Residential", "ev_permitted": false}, "geometry": {"type": "Polygon", "coordinates": [[[-73.8608829332484, 40.8855816805941], [-73.8607274790407, 40.8858578522264], [-73.8607945157511, 40.8858791472214], [-73.8609499706544, 40.8856029762036], [-73.8608829332484, 40.8855816805941]]]}}, {"type": "Feature", "properties": {"zone_id": "020672SF2KB9DQ6JHXGMLR", "tract_id": "36005039600", "city": "BRONX, NY", "zone_code": "R5", "zone_category": "Residential", "ev_permitted": false}, "geometry": {"type": "Polygon", "coordinates": [[[-73.8608114354234, 40.8855589693669], [-73.8606575775058, 40.8858323013527], [-73.8607290764965, 40.8858550133778], [-73.8608829332484, 40.8855816805941], [-73.8608114354234, 40.8855589693669]]]}}, {"type": "Feature", "properties": {"zone_id": "0201U6K4WSIIWPIYSHRNOH", "tract_id": "36005039600", "city": "BRONX, NY", "zone_code": "R5", "zone_category": "Residential", "ev_permitted": false}, "geometry": {"type": "Polygon", "coordinates": [[[-73.860475784807, 40.8854523445176], [-73.8603399811296, 40.8856936019874], [-73.8605067899913, 40.8857465916912], [-73.8606425931731, 40.8855053333248], [-73.860475784807, 40.8854523445176]]]}}, {"type": "Feature", "properties": {"zone_id": "02075WHAUJDDHSE1VU934R", "tract_id": "36005039600", "city": "BRONX, NY", "zone_code": "R5", "zone_category": "Residential", "ev_permitted": false}, "geometry": {"type": "Polygon", "coordinates": [[[-73.8603820857888, 40.8857069771008], [-73.8602194596095, 40.8859958824599], [-73.860293280733, 40.8860194238718], [-73.8604559503254, 40.8857304411723], [-73.8603820857888, 40.8857069771008]]]}}, {"type": "Feature", "properties": {"zone_id": "0203SLPZGJ8EIZ5N0LAXCU", "tract_id": "36005039600", "city": "BRONX, NY", "zone_code": "R5", "zone_category": "Residential", "ev_permitted": false}, "geometry": {"type": "Polygon", "coordinates": [[[-73.8602515612177, 40.8856655130045], [-73.8600890098503, 40.8859542826636], [-73.860152755288, 40.8859746121264], [-73.860315343603, 40.8856857749702], [-73.8602515612177, 40.8856655130045]]]}}, {"type": "Feature", "properties": {"zone_id": "02056KK5YRYPZTXAA5Z5EF", "tract_id": "36005039600", "city": "BRONX, NY", "zone_code": "R5", "zone_category": "Residential", "ev_permitted": false}, "geometry": {"type": "Polygon", "coordinates": [[[-73.8601817936666, 40.8856433508395], [-73.8600192838667, 40.8859320473775], [-73.8600890098503, 40.8859542826636], [-73.8602515612177, 40.8856655130045], [-73.8601817936666, 40.8856433508395]]]}}, {"type": "Feature", "properties": {"zone_id": "0202G8US96H2YC4QSXSBHF", "tract_id": "36005039600", "city": "BRONX, NY", "zone_code": "R4", "zone_category": "Residential", "ev_permitted": false}, "geometry": {"type": "Polygon", "coordinates": [[[-73.8594479294052, 40.8862431392748], [-73.8592884078015, 40.8865333371284], [-73.8594512885927, 40.8865846034949], [-73.8596117209577, 40.8862946910969], [-73.8594479294052, 40.8862431392748]]]}}, {"type": "Feature", "properties": {"zone_id": "020699MJ6SKUC3DHXEM48K", "tract_id": "36005039600", "city": "BRONX, NY", "zone_code": "R5", "zone_category": "Residential", "ev_permitted": false}, "geometry": {"type": "Polygon", "coordinates": [[[-73.8607280319991, 40.8855324747655], [-73.8605922290749, 40.885773731826], [-73.8606756327477, 40.8858002265242], [-73.8608114354234, 40.8855589693669], [-73.8607280319991, 40.8855324747655]]]}}, {"type": "Feature", "properties": {"zone_id": "0201EQOCCONOF57N998D6N", "tract_id": "36005039600", "city": "BRONX, NY", "zone_code": "R5", "zone_category": "Residential", "ev_permitted": false}, "geometry": {"type": "Polygon", "coordinates": [[[-73.8606425931731, 40.8855053333248], [-73.8605067899913, 40.8857465916912], [-73.8605922290749, 40.885773731826], [-73.8607280319991, 40.8855324747655], [-73.8606425931731, 40.8855053333248]]]}}, {"type": "Feature", "properties": {"zone_id": "0204VZQVBCL3DEPO0YDM5E", "tract_id": "36005039600", "city": "BRONX, NY", "zone_code": "R5", "zone_category": "Residential", "ev_permitted": false}, "geometry": {"type": "Polygon", "coordinates": [[[-73.860315343603, 40.8856857749702], [-73.860152755288, 40.8859746121264], [-73.8602194596095, 40.8859958824599], [-73.8603820857888, 40.8857069771008], [-73.860315343603, 40.8856857749702]]]}}, {"type": "Feature", "properties": {"zone_id": "020276EZ5RCUATNX7MJTIP", "tract_id": "36005039600", "city": "BRONX, NY", "zone_code": "R5", "zone_category": "Residential", "ev_permitted": false}, "geometry": {"type": "Polygon", "coordinates": [[[-73.8600923783581, 40.8856149464481], [-73.8599299212087, 40.8859035494748], [-73.8600192838667, 40.8859320473775], [-73.8601817936666, 40.8856433508395], [-73.8600923783581, 40.8856149464481]]]}}, {"type": "Feature", "properties": {"zone_id": "0202DHOXJSZSZXDAAQCNFH", "tract_id": "36005039600", "city": "BRONX, NY", "zone_code": "R5", "zone_category": "Residential", "ev_permitted": false}, "geometry": {"type": "Polygon", "coordinates": [[[-73.8602281827734, 40.8853736892661], [-73.8600923783581, 40.8856149464481], [-73.8601817936666, 40.8856433508395], [-73.8603175978154, 40.8854020935536], [-73.8602281827734, 40.8853736892661]]]}}, {"type": "Feature", "properties": {"zone_id": "02059ZZSZ6SDJ14D8L0VL7", "tract_id": "36005039600", "city": "BRONX, NY", "zone_code": "R5", "zone_category": "Residential", "ev_permitted": false}, "geometry": {"type": "Polygon", "coordinates": [[[-73.8603175978154, 40.8854020935536], [-73.8601817936666, 40.8856433508395], [-73.8603399811296, 40.8856936019874], [-73.860475784807, 40.8854523445176], [-73.8603175978154, 40.8854020935536]]]}}, {"type": "Feature", "properties": {"zone_id": "0200E143RB71Q9Y7D6C5IR", "tract_id": "36005039600", "city": "BRONX, NY", "zone_code": "R5", "zone_category": "Residential", "ev_permitted": false}, "geometry": {"type": "Polygon", "coordinates": [[[-73.8597506990239, 40.885506404513], [-73.8595923800068, 40.8857959072643], [-73.859675734056, 40.8858224897525], [-73.8598341011001, 40.8855328998196], [-73.8597506990239, 40.885506404513]]]}}, {"type": "Feature", "properties": {"zone_id": "0202ADL5AVKO6J8H5N3VB1", "tract_id": "36005039600", "city": "BRONX, NY", "zone_code": "R5", "zone_category": "Residential", "ev_permitted": false}, "geometry": {"type": "Polygon", "coordinates": [[[-73.8600075419971, 40.885587996386], [-73.859845133801, 40.8858765108218], [-73.8599299212087, 40.8859035494748], [-73.8600923783581, 40.8856149464481], [-73.8600075419971, 40.885587996386]]]}}, {"type": "Feature", "properties": {"zone_id": "0200IDCH8X91FF5EGAATG1", "tract_id": "36005039600", "city": "BRONX, NY", "zone_code": "R5", "zone_category": "Residential", "ev_permitted": false}, "geometry": {"type": "Polygon", "coordinates": [[[-73.8598341011001, 40.8855328998196], [-73.859675734056, 40.8858224897525], [-73.859845133801, 40.8858765108218], [-73.8600075419971, 40.885587996386], [-73.8598341011001, 40.8855328998196]]]}}, {"type": "Feature", "properties": {"zone_id": "0206JZABOJB30VJIO9WYTB", "tract_id": "36005039600", "city": "BRONX, NY", "zone_code": "R4", "zone_category": "Residential", "ev_permitted": false}, "geometry": {"type": "Polygon", "coordinates": [[[-73.859695850786, 40.8863211705201], [-73.8595354196514, 40.8866110823322], [-73.8596180093428, 40.8866370765192], [-73.8597784411057, 40.8863471645948], [-73.859695850786, 40.8863211705201]]]}}, {"type": "Feature", "properties": {"zone_id": "02058R01MLZ3S25Z2WR8ZM", "tract_id": "36005039600", "city": "BRONX, NY", "zone_code": "R4", "zone_category": "Residential", "ev_permitted": false}, "geometry": {"type": "Polygon", "coordinates": [[[-73.8596117209577, 40.8862946910969], [-73.8594512885927, 40.8865846034949], [-73.8595354196514, 40.8866110823322], [-73.859695850786, 40.8863211705201], [-73.8596117209577, 40.8862946910969]]]}}, {"type": "Feature", "properties": {"zone_id": "0203XZUIBQMYU4VK6I5Q3S", "tract_id": "36005039600", "city": "BRONX, NY", "zone_code": "R4", "zone_category": "Residential", "ev_permitted": false}, "geometry": {"type": "Polygon", "coordinates": [[[-73.8593611184777, 40.8862158160453], [-73.8592015965606, 40.8865060137804], [-73.8592884078015, 40.8865333371284], [-73.8594479294052, 40.8862431392748], [-73.8593611184777, 40.8862158160453]]]}}, {"type": "Feature", "properties": {"zone_id": "02039I55U4NHYCGZDJAGKU", "tract_id": "36005039600", "city": "BRONX, NY", "zone_code": "R4", "zone_category": "Residential", "ev_permitted": false}, "geometry": {"type": "Polygon", "coordinates": [[[-73.8592776023379, 40.886189529649], [-73.8591180801193, 40.8864797272701], [-73.8592015965606, 40.8865060137804], [-73.8593611184777, 40.8862158160453], [-73.8592776023379, 40.886189529649]]]}}, {"type": "Feature", "properties": {"zone_id": "02061FFTK6186VSOJYVTL8", "tract_id": "36005039600", "city": "BRONX, NY", "zone_code": "R4", "zone_category": "Residential", "ev_permitted": false}, "geometry": {"type": "Polygon", "coordinates": [[[-73.8591969470484, 40.886164143954], [-73.8590374245386, 40.886454341465], [-73.8591180801193, 40.8864797272701], [-73.8592776023379, 40.886189529649], [-73.8591969470484, 40.886164143954]]]}}, {"type": "Feature", "properties": {"zone_id": "0206SB4RQ2MUJBH1XYXPR3", "tract_id": "36005039600", "city": "BRONX, NY", "zone_code": "R4", "zone_category": "Residential", "ev_permitted": false}, "geometry": {"type": "Polygon", "coordinates": [[[-73.8591106155913, 40.8861369714855], [-73.8589510927699, 40.8864271688786], [-73.8590374245386, 40.886454341465], [-73.8591969470484, 40.886164143954], [-73.8591106155913, 40.8861369714855]]]}}, {"type": "Feature", "properties": {"zone_id": "020098C2KOIZTS7TCKLKJW", "tract_id": "36005039600", "city": "BRONX, NY", "zone_code": "R4", "zone_category": "Residential", "ev_permitted": false}, "geometry": {"type": "Polygon", "coordinates": [[[-73.8594422627994, 40.8858899809855], [-73.8592776023379, 40.886189529649], [-73.8593881488694, 40.886224323526], [-73.8595525551914, 40.8859252360328], [-73.8594422627994, 40.8858899809855]]]}}, {"type": "Feature", "properties": {"zone_id": "0206S2PY8ZRS4S9JSJW3MI", "tract_id": "36005039600", "city": "BRONX, NY", "zone_code": "R4", "zone_category": "Residential", "ev_permitted": false}, "geometry": {"type": "Polygon", "coordinates": [[[-73.8596690651204, 40.8859624778725], [-73.8595039887224, 40.8862607840797], [-73.8596117209577, 40.8862946910969], [-73.8597765488104, 40.8859968341261], [-73.8596690651204, 40.8859624778725]]]}}, {"type": "Feature", "properties": {"zone_id": "0204E8PKAL5VC4J6I8672O", "tract_id": "36005039600", "city": "BRONX, NY", "zone_code": "R4", "zone_category": "Residential", "ev_permitted": false}, "geometry": {"type": "Polygon", "coordinates": [[[-73.8595525551914, 40.8859252360328], [-73.8593881488694, 40.886224323526], [-73.8595039887224, 40.8862607840797], [-73.8596690651204, 40.8859624778725], [-73.8595525551914, 40.8859252360328]]]}}, {"type": "Feature", "properties": {"zone_id": "0205KCGJP6BHLUCWL76IFG", "tract_id": "36005039600", "city": "BRONX, NY", "zone_code": "R4", "zone_category": "Residential", "ev_permitted": false}, "geometry": {"type": "Polygon", "coordinates": [[[-73.8593627734845, 40.8858645722321], [-73.8591979296342, 40.8861644529093], [-73.8592776023379, 40.886189529649], [-73.8594422627994, 40.8858899809855], [-73.8593627734845, 40.8858645722321]]]}}, {"type": "Feature", "properties": {"zone_id": "0201LQBWL550EHVBSXOQ2B", "tract_id": "36005039600", "city": "BRONX, NY", "zone_code": "R4", "zone_category": "Residential", "ev_permitted": false}, "geometry": {"type": "Polygon", "coordinates": [[[-73.8590270987238, 40.8861106849064], [-73.8588675774526, 40.8864008821878], [-73.8589510927699, 40.8864271688786], [-73.8591106155913, 40.8861369714855], [-73.8590270987238, 40.8861106849064]]]}}, {"type": "Feature", "properties": {"zone_id": "0204CKX3PVU6LGBCXJ9VNT", "tract_id": "36005039600", "city": "BRONX, NY", "zone_code": "R4", "zone_category": "Residential", "ev_permitted": false}, "geometry": {"type": "Polygon", "coordinates": [[[-73.8587992861786, 40.8859886500621], [-73.8586161751387, 40.8863217536991], [-73.8587840594238, 40.886374595433], [-73.8589667840607, 40.8860421915943], [-73.8587992861786, 40.8859886500621]]]}}, {"type": "Feature", "properties": {"zone_id": "02013ON0KJ9HJ0FC2MG2QX", "tract_id": "36005039600", "city": "BRONX, NY", "zone_code": "R4", "zone_category": "Residential", "ev_permitted": false}, "geometry": {"type": "Polygon", "coordinates": [[[-73.8589435828482, 40.8860843982679], [-73.8587840594238, 40.886374595433], [-73.8588675774526, 40.8864008821878], [-73.8590270987238, 40.8861106849064], [-73.8589435828482, 40.8860843982679]]]}}, {"type": "Feature", "properties": {"zone_id": "0205VFC0I0C0B023NYL591", "tract_id": "36005039600", "city": "BRONX, NY", "zone_code": "R4", "zone_category": "Residential", "ev_permitted": false}, "geometry": {"type": "Polygon", "coordinates": [[[-73.8585919287903, 40.8860090074682], [-73.8584489434005, 40.8862691169888], [-73.8585466905911, 40.8862998833694], [-73.8586896758965, 40.8860397735537], [-73.8585919287903, 40.8860090074682]]]}}, {"type": "Feature", "properties": {"zone_id": "02058AV5A218KFDVKNKJQK", "tract_id": "36005039600", "city": "BRONX, NY", "zone_code": "R4", "zone_category": "Residential", "ev_permitted": false}, "geometry": {"type": "Polygon", "coordinates": [[[-73.8582386270635, 40.8858978041933], [-73.8580956414563, 40.8861579132828], [-73.8584489434005, 40.8862691169888], [-73.8585919287903, 40.8860090074682], [-73.8582386270635, 40.8858978041933]]]}}, {"type": "Feature", "properties": {"zone_id": "0203V7S7MP3AUZ8UZS645A", "tract_id": "36005039600", "city": "BRONX, NY", "zone_code": "R4", "zone_category": "Residential", "ev_permitted": false}, "geometry": {"type": "Polygon", "coordinates": [[[-73.8586896758965, 40.8860397735537], [-73.8585466905911, 40.8862998833694], [-73.8586161751387, 40.8863217536991], [-73.8587591609133, 40.886061643975], [-73.8586896758965, 40.8860397735537]]]}}, {"type": "Feature", "properties": {"zone_id": "0206GGQRQVV02SQNJ6280C", "tract_id": "36005039600", "city": "BRONX, NY", "zone_code": "R4", "zone_category": "Residential", "ev_permitted": false}, "geometry": {"type": "Polygon", "coordinates": [[[-73.8591090103931, 40.8857834569708], [-73.8589435828482, 40.8860843982679], [-73.8590270987238, 40.8861106849064], [-73.8591923354225, 40.8858100917685], [-73.8591090103931, 40.8857834569708]]]}}, {"type": "Feature", "properties": {"zone_id": "0200DQAJH2X3DYLA02CDTJ", "tract_id": "36005039600", "city": "BRONX, NY", "zone_code": "R4", "zone_category": "Residential", "ev_permitted": false}, "geometry": {"type": "Polygon", "coordinates": [[[-73.8591923354225, 40.8858100917685], [-73.8590270987238, 40.8861106849064], [-73.8591106155913, 40.8861369714855], [-73.8592756595929, 40.8858367265046], [-73.8591923354225, 40.8858100917685]]]}}, {"type": "Feature", "properties": {"zone_id": "020023OJTC57DCDJSA8SWZ", "tract_id": "36005039600", "city": "BRONX, NY", "zone_code": "R4", "zone_category": "Residential", "ev_permitted": false}, "geometry": {"type": "Polygon", "coordinates": [[[-73.8592756595929, 40.8858367265046], [-73.8591106155913, 40.8861369714855], [-73.8591979296342, 40.8861644529093], [-73.8593627734845, 40.8858645722321], [-73.8592756595929, 40.8858367265046]]]}}, {"type": "Feature", "properties": {"zone_id": "0207CDLP8E377UT6ES4A4N", "tract_id": "36005039600", "city": "BRONX, NY", "zone_code": "R5", "zone_category": "Residential", "ev_permitted": false}, "geometry": {"type": "Polygon", "coordinates": [[[-73.8596672979385, 40.8854799098499], [-73.8595090260227, 40.8857693254184], [-73.8595923800068, 40.8857959072643], [-73.8597506990239, 40.885506404513], [-73.8596672979385, 40.8854799098499]]]}}, {"type": "Feature", "properties": {"zone_id": "0201XJFJ9BJ3FXXGQM0FGU", "tract_id": "36005039600", "city": "BRONX, NY", "zone_code": "R5", "zone_category": "Residential", "ev_permitted": false}, "geometry": {"type": "Polygon", "coordinates": [[[-73.8595838959937, 40.8854534151252], [-73.8594256711795, 40.8857427435111], [-73.8595090260227, 40.8857693254184], [-73.8596672979385, 40.8854799098499], [-73.8595838959937, 40.8854534151252]]]}}, {"type": "Feature", "properties": {"zone_id": "0200M32XWPV08Q2RDUUONF", "tract_id": "36005039600", "city": "BRONX, NY", "zone_code": "R5", "zone_category": "Residential", "ev_permitted": false}, "geometry": {"type": "Polygon", "coordinates": [[[-73.8594205349948, 40.8854015194835], [-73.8592624034649, 40.8856906763183], [-73.8593457572517, 40.8857172583427], [-73.8595039368094, 40.8854280143265], [-73.8594205349948, 40.8854015194835]]]}}, {"type": "Feature", "properties": {"zone_id": "0202I4XBL9C63IKPPVLBQ9", "tract_id": "36005039600", "city": "BRONX, NY", "zone_code": "R5", "zone_category": "Residential", "ev_permitted": false}, "geometry": {"type": "Polygon", "coordinates": [[[-73.8595039368094, 40.8854280143265], [-73.8593457572517, 40.8857172583427], [-73.8594256711795, 40.8857427435111], [-73.8595838959937, 40.8854534151252], [-73.8595039368094, 40.8854280143265]]]}}, {"type": "Feature", "properties": {"zone_id": "0200CEM853SANV7JVEXXL2", "tract_id": "36005039600", "city": "BRONX, NY", "zone_code": "R5", "zone_category": "Residential", "ev_permitted": false}, "geometry": {"type": "Polygon", "coordinates": [[[-73.8593371350984, 40.8853750245824], [-73.8591790497447, 40.8856640942336], [-73.8592624034649, 40.8856906763183], [-73.8594205349948, 40.8854015194835], [-73.8593371350984, 40.8853750245824]]]}}, {"type": "Feature", "properties": {"zone_id": "0202CYZII9O33XT9YZP4HW", "tract_id": "36005039600", "city": "BRONX, NY", "zone_code": "R5", "zone_category": "Residential", "ev_permitted": false}, "geometry": {"type": "Polygon", "coordinates": [[[-73.859238721972, 40.8853437609343], [-73.8590806929585, 40.8856327275848], [-73.8591790497447, 40.8856640942336], [-73.8593371350984, 40.8853750245824], [-73.859238721972, 40.8853437609343]]]}}, {"type": "Feature", "properties": {"zone_id": "02058P42T3739LEBNUCW9P", "tract_id": "36005039600", "city": "BRONX, NY", "zone_code": "R4", "zone_category": "Residential", "ev_permitted": false}, "geometry": {"type": "Polygon", "coordinates": [[[-73.8582799471259, 40.8858226393607], [-73.8582386270635, 40.8858978041933], [-73.8587591609133, 40.886061643975], [-73.8587992861786, 40.8859886500621], [-73.8582799471259, 40.8858226393607]]]}}, {"type": "Feature", "properties": {"zone_id": "0200L3YBNZTULFJPOVNLS6", "tract_id": "36005039600", "city": "BRONX, NY", "zone_code": "R5", "zone_category": "Residential", "ev_permitted": false}, "geometry": {"type": "Polygon", "coordinates": [[[-73.8587742389474, 40.88567644531], [-73.8586320106152, 40.8859351795249], [-73.8587129199288, 40.8859610423176], [-73.8588551480015, 40.8857023080042], [-73.8587742389474, 40.88567644531]]]}}, {"type": "Feature", "properties": {"zone_id": "0204M45GFFSNRNMX4UDOTQ", "tract_id": "36005039600", "city": "BRONX, NY", "zone_code": "R5", "zone_category": "Residential", "ev_permitted": false}, "geometry": {"type": "Polygon", "coordinates": [[[-73.8590319962586, 40.8857588386704], [-73.8588897696791, 40.8860175732001], [-73.8589667840607, 40.8860421915943], [-73.8591090103931, 40.8857834569708], [-73.8590319962586, 40.8857588386704]]]}}, {"type": "Feature", "properties": {"zone_id": "0204H2YDCAW5LFIJHJFD9M", "tract_id": "36005039600", "city": "BRONX, NY", "zone_code": "R5", "zone_category": "Residential", "ev_permitted": false}, "geometry": {"type": "Polygon", "coordinates": [[[-73.8588551480015, 40.8857023080042], [-73.8587129199288, 40.8859610423176], [-73.8587992861786, 40.8859886500621], [-73.8589415130498, 40.8857299149398], [-73.8588551480015, 40.8857023080042]]]}}, {"type": "Feature", "properties": {"zone_id": "0203CIRDXI054Z706ASO6A", "tract_id": "36005039600", "city": "BRONX, NY", "zone_code": "R5", "zone_category": "Residential", "ev_permitted": false}, "geometry": {"type": "Polygon", "coordinates": [[[-73.8589415130498, 40.8857299149398], [-73.8587992861786, 40.8859886500621], [-73.8588897696791, 40.8860175732001], [-73.8590319962586, 40.8857588386704], [-73.8589415130498, 40.8857299149398]]]}}, {"type": "Feature", "properties": {"zone_id": "0204I5Q2EQ5R209ZKTOQ2K", "tract_id": "36005039600", "city": "BRONX, NY", "zone_code": "R5", "zone_category": "Residential", "ev_permitted": false}, "geometry": {"type": "Polygon", "coordinates": [[[-73.8583575373645, 40.8856814918835], [-73.8582799471259, 40.8858226393607], [-73.8584620892353, 40.8858808630339], [-73.8585396791567, 40.8857397147331], [-73.8583575373645, 40.8856814918835]]]}}, {"type": "Feature", "properties": {"zone_id": "0203SYV2VGBH1OA80722VT", "tract_id": "36005039600", "city": "BRONX, NY", "zone_code": "R5", "zone_category": "Residential", "ev_permitted": false}, "geometry": {"type": "Polygon", "coordinates": [[[-73.8586043181126, 40.8856221290257], [-73.8584620892353, 40.8858808630339], [-73.8585445805179, 40.8859072316782], [-73.8586868082048, 40.8856484975685], [-73.8586043181126, 40.8856221290257]]]}}, {"type": "Feature", "properties": {"zone_id": "0203IUH0X4Z4RCJNI6CVIT", "tract_id": "36005039600", "city": "BRONX, NY", "zone_code": "R5", "zone_category": "Residential", "ev_permitted": false}, "geometry": {"type": "Polygon", "coordinates": [[[-73.8586868082048, 40.8856484975685], [-73.8585445805179, 40.8859072316782], [-73.8586320106152, 40.8859351795249], [-73.8587742389474, 40.88567644531], [-73.8586868082048, 40.8856484975685]]]}}, {"type": "Feature", "properties": {"zone_id": "020522MHC6RBBO7VV9XXEH", "tract_id": "36005039600", "city": "BRONX, NY", "zone_code": "R5", "zone_category": "Residential", "ev_permitted": false}, "geometry": {"type": "Polygon", "coordinates": [[[-73.8584221756616, 40.8855639055731], [-73.8583575373645, 40.8856814918835], [-73.8585396791567, 40.8857397147331], [-73.8586043181126, 40.8856221290257], [-73.8584221756616, 40.8855639055731]]]}}, {"type": "Feature", "properties": {"zone_id": "02038Q5X941JVW4B9RVIAE", "tract_id": "36005039600", "city": "BRONX, NY", "zone_code": "R5", "zone_category": "Residential", "ev_permitted": false}, "geometry": {"type": "Polygon", "coordinates": [[[-73.8610691785137, 40.8850993636206], [-73.8609457514056, 40.8853246776342], [-73.8610443044265, 40.8853558221264], [-73.8611677498439, 40.8851304750069], [-73.8610691785137, 40.8850993636206]]]}}, {"type": "Feature", "properties": {"zone_id": "02043CW2CMFPFCNJHB3L4J", "tract_id": "36005039600", "city": "BRONX, NY", "zone_code": "R5", "zone_category": "Residential", "ev_permitted": false}, "geometry": {"type": "Polygon", "coordinates": [[[-73.8608989200021, 40.8850456257654], [-73.8607755240138, 40.8852708827234], [-73.8608316298996, 40.8852886133682], [-73.8609550368802, 40.885063337393], [-73.8608989200021, 40.8850456257654]]]}}, {"type": "Feature", "properties": {"zone_id": "0203V97KQUWXMPYMPNZKRY", "tract_id": "36005039600", "city": "BRONX, NY", "zone_code": "R5", "zone_category": "Residential", "ev_permitted": false}, "geometry": {"type": "Polygon", "coordinates": [[[-73.8607834064657, 40.8850091662927], [-73.8606600306028, 40.8852343845082], [-73.8607148291029, 40.8852517011816], [-73.8608382141102, 40.8850264639481], [-73.8607834064657, 40.8850091662927]]]}}, {"type": "Feature", "properties": {"zone_id": "0203Y53PMOJ64GDQLPG3WC", "tract_id": "36005039600", "city": "BRONX, NY", "zone_code": "R5", "zone_category": "Residential", "ev_permitted": false}, "geometry": {"type": "Polygon", "coordinates": [[[-73.8608382141102, 40.8850264639481], [-73.8607148291029, 40.8852517011816], [-73.8607755240138, 40.8852708827234], [-73.8608989200021, 40.8850456257654], [-73.8608382141102, 40.8850264639481]]]}}, {"type": "Feature", "properties": {"zone_id": "0203XOJIZC5IJB3B91F7B6", "tract_id": "36005039600", "city": "BRONX, NY", "zone_code": "R5", "zone_category": "Residential", "ev_permitted": false}, "geometry": {"type": "Polygon", "coordinates": [[[-73.8610079007396, 40.8850800227338], [-73.8608844836864, 40.8853053163184], [-73.8609457514056, 40.8853246776342], [-73.8610691785137, 40.8850993636206], [-73.8610079007396, 40.8850800227338]]]}}, {"type": "Feature", "properties": {"zone_id": "02070HPL1Y31P723BUIBGH", "tract_id": "36005039600", "city": "BRONX, NY", "zone_code": "R5", "zone_category": "Residential", "ev_permitted": false}, "geometry": {"type": "Polygon", "coordinates": [[[-73.8609550368802, 40.885063337393], [-73.8608316298996, 40.8852886133682], [-73.8608844836864, 40.8853053163184], [-73.8610079007396, 40.8850800227338], [-73.8609550368802, 40.885063337393]]]}}, {"type": "Feature", "properties": {"zone_id": "0205CAZSFV28S0DU5GF015", "tract_id": "36005039600", "city": "BRONX, NY", "zone_code": "R5", "zone_category": "Residential", "ev_permitted": false}, "geometry": {"type": "Polygon", "coordinates": [[[-73.8607293908346, 40.8849921161938], [-73.8606060259656, 40.8852173175023], [-73.8606600306028, 40.8852343845082], [-73.8607834064657, 40.8850091662927], [-73.8607293908346, 40.8849921161938]]]}}, {"type": "Feature", "properties": {"zone_id": "0206L7RLFXAZFYGJILR8UR", "tract_id": "36005039600", "city": "BRONX, NY", "zone_code": "R5", "zone_category": "Residential", "ev_permitted": false}, "geometry": {"type": "Polygon", "coordinates": [[[-73.8606377476468, 40.8849173717805], [-73.8604930021294, 40.8851815992226], [-73.8606060259656, 40.8852173175023], [-73.8607507906332, 40.8849530520013], [-73.8606377476468, 40.8849173717805]]]}}, {"type": "Feature", "properties": {"zone_id": "02017BFG7JH1D5FTMNH1P1", "tract_id": "36005039600", "city": "BRONX, NY", "zone_code": "R5", "zone_category": "Residential", "ev_permitted": false}, "geometry": {"type": "Polygon", "coordinates": [[[-73.8605631221883, 40.8848938176662], [-73.8604183894387, 40.8851580204392], [-73.8604930021294, 40.8851815992226], [-73.8606377476468, 40.8849173717805], [-73.8605631221883, 40.8848938176662]]]}}, {"type": "Feature", "properties": {"zone_id": "0202Y2S39J9PWENVQ3FXKW", "tract_id": "36005039600", "city": "BRONX, NY", "zone_code": "R5", "zone_category": "Residential", "ev_permitted": false}, "geometry": {"type": "Polygon", "coordinates": [[[-73.8604907700205, 40.8848709794317], [-73.8603460500433, 40.8851351589436], [-73.8604183894387, 40.8851580204392], [-73.8605631221883, 40.8848938176662], [-73.8604907700205, 40.8848709794317]]]}}, {"type": "Feature", "properties": {"zone_id": "0206BHD3CINNFT07LZPR1Z", "tract_id": "36005039600", "city": "BRONX, NY", "zone_code": "R5", "zone_category": "Residential", "ev_permitted": false}, "geometry": {"type": "Polygon", "coordinates": [[[-73.8601433466653, 40.8853467393026], [-73.8600075419971, 40.885587996386], [-73.8600923783581, 40.8856149464481], [-73.8602281827734, 40.8853736892661], [-73.8601433466653, 40.8853467393026]]]}}, {"type": "Feature", "properties": {"zone_id": "0207226CQ2GDIURU6HFZSV", "tract_id": "36005039600", "city": "BRONX, NY", "zone_code": "R5", "zone_category": "Residential", "ev_permitted": false}, "geometry": {"type": "Polygon", "coordinates": [[[-73.8600516770401, 40.8853176189657], [-73.8599191704751, 40.885559923367], [-73.8600075419971, 40.885587996386], [-73.8601433466653, 40.8853467393026], [-73.8600516770401, 40.8853176189657]]]}}, {"type": "Feature", "properties": {"zone_id": "02014WA0KV7WAX6WKAKVWL", "tract_id": "36005039600", "city": "BRONX, NY", "zone_code": "R5", "zone_category": "Residential", "ev_permitted": false}, "geometry": {"type": "Polygon", "coordinates": [[[-73.8597998043362, 40.885237605733], [-73.8596672979385, 40.8854799098499], [-73.8598341011001, 40.8855328998196], [-73.8599666079214, 40.8852905955147], [-73.8597998043362, 40.885237605733]]]}}, {"type": "Feature", "properties": {"zone_id": "0205QOTM1IT595UTH8HJ5B", "tract_id": "36005039600", "city": "BRONX, NY", "zone_code": "R5", "zone_category": "Residential", "ev_permitted": false}, "geometry": {"type": "Polygon", "coordinates": [[[-73.8599666079214, 40.8852905955147], [-73.8598341011001, 40.8855328998196], [-73.8599191704751, 40.885559923367], [-73.8600516770401, 40.8853176189657], [-73.8599666079214, 40.8852905955147]]]}}, {"type": "Feature", "properties": {"zone_id": "02042P78DNLISVIECNZOP6", "tract_id": "36005039600", "city": "BRONX, NY", "zone_code": "R5", "zone_category": "Residential", "ev_permitted": false}, "geometry": {"type": "Polygon", "coordinates": [[[-73.8604212786378, 40.8848490460992], [-73.860276570518, 40.88511320165], [-73.8603460500433, 40.8851351589436], [-73.8604907700205, 40.8848709794317], [-73.8604212786378, 40.8848490460992]]]}}, {"type": "Feature", "properties": {"zone_id": "02030G8SWVYYU17J8QPF8B", "tract_id": "36005039600", "city": "BRONX, NY", "zone_code": "R5", "zone_category": "Residential", "ev_permitted": false}, "geometry": {"type": "Polygon", "coordinates": [[[-73.8610604414366, 40.8847507667075], [-73.8608989200021, 40.8850456257654], [-73.8609784600161, 40.8850707303367], [-73.8611399813882, 40.8847758722231], [-73.8610604414366, 40.8847507667075]]]}}, {"type": "Feature", "properties": {"zone_id": "0200H77LH06LKTL1C1MDE2", "tract_id": "36005039600", "city": "BRONX, NY", "zone_code": "R5", "zone_category": "Residential", "ev_permitted": false}, "geometry": {"type": "Polygon", "coordinates": [[[-73.860794615567, 40.8846668616671], [-73.8606544911482, 40.8849226575856], [-73.8607507906332, 40.8849530520013], [-73.8608909138168, 40.8846972573714], [-73.860794615567, 40.8846668616671]]]}}, {"type": "Feature", "properties": {"zone_id": "0203KG7SG9EZPZ61TY0Z4C", "tract_id": "36005039600", "city": "BRONX, NY", "zone_code": "R5", "zone_category": "Residential", "ev_permitted": false}, "geometry": {"type": "Polygon", "coordinates": [[[-73.8608909138168, 40.8846972573714], [-73.8607293908346, 40.8849921161938], [-73.8608140910839, 40.885018849854], [-73.860975613754, 40.8847239916171], [-73.8608909138168, 40.8846972573714]]]}}, {"type": "Feature", "properties": {"zone_id": "0201FRRRDDBTJCKKFW5CMY", "tract_id": "36005039600", "city": "BRONX, NY", "zone_code": "R5", "zone_category": "Residential", "ev_permitted": false}, "geometry": {"type": "Polygon", "coordinates": [[[-73.860975613754, 40.8847239916171], [-73.8608140910839, 40.885018849854], [-73.8608989200021, 40.8850456257654], [-73.8610604414366, 40.8847507667075], [-73.860975613754, 40.8847239916171]]]}}, {"type": "Feature", "properties": {"zone_id": "0203XGWOY2EZS8MBDWXWVA", "tract_id": "36005039600", "city": "BRONX, NY", "zone_code": "R5", "zone_category": "Residential", "ev_permitted": false}, "geometry": {"type": "Polygon", "coordinates": [[[-73.8606052399693, 40.8846070857094], [-73.860465114022, 40.8848628813998], [-73.860561475318, 40.8848932978305], [-73.8607016000328, 40.8846375020234], [-73.8606052399693, 40.8846070857094]]]}}, {"type": "Feature", "properties": {"zone_id": "0204R1Z40D2BL8A7VLISL6", "tract_id": "36005039600", "city": "BRONX, NY", "zone_code": "R5", "zone_category": "Residential", "ev_permitted": false}, "geometry": {"type": "Polygon", "coordinates": [[[-73.8605136457147, 40.8845781745098], [-73.860373519473, 40.8848339714956], [-73.860465114022, 40.8848628813998], [-73.8606052399693, 40.8846070857094], [-73.8605136457147, 40.8845781745098]]]}}, {"type": "Feature", "properties": {"zone_id": "0200GOOX4BBJBAM08Y6LUI", "tract_id": "36005039600", "city": "BRONX, NY", "zone_code": "R5", "zone_category": "Residential", "ev_permitted": false}, "geometry": {"type": "Polygon", "coordinates": [[[-73.8607016000328, 40.8846375020234], [-73.860561475318, 40.8848932978305], [-73.8606544911482, 40.8849226575856], [-73.860794615567, 40.8846668616671], [-73.8607016000328, 40.8846375020234]]]}}, {"type": "Feature", "properties": {"zone_id": "0201K1V3S6N6145E5LS9TC", "tract_id": "36005039600", "city": "BRONX, NY", "zone_code": "R5", "zone_category": "Residential", "ev_permitted": false}, "geometry": {"type": "Polygon", "coordinates": [[[-73.860329244656, 40.8848199965055], [-73.860184553888, 40.8850841217501], [-73.860276570518, 40.88511320165], [-73.8604212786378, 40.8848490460992], [-73.860329244656, 40.8848199965055]]]}}, {"type": "Feature", "properties": {"zone_id": "02076FMGEYRNUPBO3JILZ9", "tract_id": "36005039600", "city": "BRONX, NY", "zone_code": "R5", "zone_category": "Residential", "ev_permitted": false}, "geometry": {"type": "Polygon", "coordinates": [[[-73.8602361921026, 40.8847906259032], [-73.8600915177586, 40.8850547201366], [-73.860184553888, 40.8850841217501], [-73.860329244656, 40.8848199965055], [-73.8602361921026, 40.8847906259032]]]}}, {"type": "Feature", "properties": {"zone_id": "0202N3ZN3R1R5RCIZH1OI0", "tract_id": "36005039600", "city": "BRONX, NY", "zone_code": "R5", "zone_category": "Residential", "ev_permitted": false}, "geometry": {"type": "Polygon", "coordinates": [[[-73.860080143356, 40.8847413967264], [-73.8599365391457, 40.885005742206], [-73.8600915177586, 40.8850547201366], [-73.8602361921026, 40.8847906259032], [-73.860080143356, 40.8847413967264]]]}}, {"type": "Feature", "properties": {"zone_id": "02043ES2FBFHARRYVOPJDL", "tract_id": "36005039600", "city": "BRONX, NY", "zone_code": "R5", "zone_category": "Residential", "ev_permitted": false}, "geometry": {"type": "Polygon", "coordinates": [[[-73.8599771470793, 40.8847483825466], [-73.8598518726429, 40.8849789854578], [-73.8599365391457, 40.885005742206], [-73.8600618216979, 40.8847751265666], [-73.8599771470793, 40.8847483825466]]]}}, {"type": "Feature", "properties": {"zone_id": "0204AGFKMDHDRCADD76100", "tract_id": "36005039600", "city": "BRONX, NY", "zone_code": "R5", "zone_category": "Residential", "ev_permitted": false}, "geometry": {"type": "Polygon", "coordinates": [[[-73.8598916999703, 40.8847214014391], [-73.8597664392156, 40.8849519853044], [-73.8598518726429, 40.8849789854578], [-73.8599771470793, 40.8847483825466], [-73.8598916999703, 40.8847214014391]]]}}, {"type": "Feature", "properties": {"zone_id": "0202IRKUA7Y6246MYH4JVO", "tract_id": "36005039600", "city": "BRONX, NY", "zone_code": "R5", "zone_category": "Residential", "ev_permitted": false}, "geometry": {"type": "Polygon", "coordinates": [[[-73.8598148990382, 40.8846971043181], [-73.8596896269057, 40.8849277105719], [-73.8597664392156, 40.8849519853044], [-73.8598916999703, 40.8847214014391], [-73.8598148990382, 40.8846971043181]]]}}, {"type": "Feature", "properties": {"zone_id": "0201207G4M9FMDIJ07V4IH", "tract_id": "36005039600", "city": "BRONX, NY", "zone_code": "R5", "zone_category": "Residential", "ev_permitted": false}, "geometry": {"type": "Polygon", "coordinates": [[[-73.8604111933607, 40.884545836677], [-73.8602710658642, 40.8848016349441], [-73.860373519473, 40.8848339714956], [-73.8605136457147, 40.8845781745098], [-73.8604111933607, 40.884545836677]]]}}, {"type": "Feature", "properties": {"zone_id": "0204NU1KC5S3B1JJEBELVG", "tract_id": "36005039600", "city": "BRONX, NY", "zone_code": "R5", "zone_category": "Residential", "ev_permitted": false}, "geometry": {"type": "Polygon", "coordinates": [[[-73.8602192778466, 40.8844852602174], [-73.860080143356, 40.8847413967264], [-73.8601744559519, 40.8847711406784], [-73.8603145837543, 40.8845153432298], [-73.8602192778466, 40.8844852602174]]]}}, {"type": "Feature", "properties": {"zone_id": "020736OW8XZPTOBZ556YZG", "tract_id": "36005039600", "city": "BRONX, NY", "zone_code": "R5", "zone_category": "Residential", "ev_permitted": false}, "geometry": {"type": "Polygon", "coordinates": [[[-73.8603145837543, 40.8845153432298], [-73.8601744559519, 40.8847711406784], [-73.8602710658642, 40.8848016349441], [-73.8604111933607, 40.884545836677], [-73.8603145837543, 40.8845153432298]]]}}, {"type": "Feature", "properties": {"zone_id": "0206FX9GFI9BOMS26MBR33", "tract_id": "36005039600", "city": "BRONX, NY", "zone_code": "R5", "zone_category": "Residential", "ev_permitted": false}, "geometry": {"type": "Polygon", "coordinates": [[[-73.8601369905151, 40.8844592864877], [-73.8599795415052, 40.8847491386823], [-73.8600618216979, 40.8847751265666], [-73.8602192778466, 40.8844852602174], [-73.8601369905151, 40.8844592864877]]]}}, {"type": "Feature", "properties": {"zone_id": "0205EXYSZ44OQM3848L86B", "tract_id": "36005039600", "city": "BRONX, NY", "zone_code": "R5", "zone_category": "Residential", "ev_permitted": false}, "geometry": {"type": "Polygon", "coordinates": [[[-73.8598868814626, 40.8843803393638], [-73.8597294650313, 40.8846701188902], [-73.8598148990382, 40.8846971043181], [-73.8599723235259, 40.8844073092287], [-73.8598868814626, 40.8843803393638]]]}}, {"type": "Feature", "properties": {"zone_id": "0203T8NSN6JASTW05FUKWD", "tract_id": "36005039600", "city": "BRONX, NY", "zone_code": "R5", "zone_category": "Residential", "ev_permitted": false}, "geometry": {"type": "Polygon", "coordinates": [[[-73.8600491492768, 40.8844315591998], [-73.8598916999703, 40.8847214014391], [-73.8599795415052, 40.8847491386823], [-73.8601369905151, 40.8844592864877], [-73.8600491492768, 40.8844315591998]]]}}, {"type": "Feature", "properties": {"zone_id": "0206RV57GK1EQXRFJRWOR8", "tract_id": "36005039600", "city": "BRONX, NY", "zone_code": "R5", "zone_category": "Residential", "ev_permitted": false}, "geometry": {"type": "Polygon", "coordinates": [[[-73.8597521810564, 40.8843378212798], [-73.8595948161637, 40.8846275156684], [-73.8597294650313, 40.8846701188902], [-73.8598868814626, 40.8843803393638], [-73.8597521810564, 40.8843378212798]]]}}, {"type": "Feature", "properties": {"zone_id": "020591Y54LSBFW2JQU04P3", "tract_id": "36005039600", "city": "BRONX, NY", "zone_code": "R5", "zone_category": "Residential", "ev_permitted": false}, "geometry": {"type": "Polygon", "coordinates": [[[-73.8599723235259, 40.8844073092287], [-73.8598148990382, 40.8846971043181], [-73.8598916999703, 40.8847214014391], [-73.8600491492768, 40.8844315591998], [-73.8599723235259, 40.8844073092287]]]}}, {"type": "Feature", "properties": {"zone_id": "0204GXU57FIEPOQJ14XESJ", "tract_id": "36005039600", "city": "BRONX, NY", "zone_code": "R5", "zone_category": "Residential", "ev_permitted": false}, "geometry": {"type": "Polygon", "coordinates": [[[-73.8596170838063, 40.8851795598225], [-73.8594845768583, 40.8854218637322], [-73.8595903742969, 40.8854554733117], [-73.8597229887369, 40.8852129726737], [-73.8596170838063, 40.8851795598225]]]}}, {"type": "Feature", "properties": {"zone_id": "02048IABL94NB4106C4A6B", "tract_id": "36005039600", "city": "BRONX, NY", "zone_code": "R5", "zone_category": "Residential", "ev_permitted": false}, "geometry": {"type": "Polygon", "coordinates": [[[-73.8594696415646, 40.8851327208387], [-73.8593371350984, 40.8853750245824], [-73.8594845768583, 40.8854218637322], [-73.8596170838063, 40.8851795598225], [-73.8594696415646, 40.8851327208387]]]}}, {"type": "Feature", "properties": {"zone_id": "02001CWESMWS7XOXJ0JI6J", "tract_id": "36005039600", "city": "BRONX, NY", "zone_code": "R5", "zone_category": "Residential", "ev_permitted": false}, "geometry": {"type": "Polygon", "coordinates": [[[-73.8597229887369, 40.8852129726737], [-73.8595903742969, 40.8854554733117], [-73.8596672979385, 40.8854799098499], [-73.8597998043362, 40.885237605733], [-73.8597229887369, 40.8852129726737]]]}}, {"type": "Feature", "properties": {"zone_id": "02049TELLT0ACYOZTXJDEZ", "tract_id": "36005039600", "city": "BRONX, NY", "zone_code": "R5", "zone_category": "Residential", "ev_permitted": false}, "geometry": {"type": "Polygon", "coordinates": [[[-73.859302839696, 40.885079731041], [-73.8591703308758, 40.8853220345933], [-73.8593371350984, 40.8853750245824], [-73.8594696415646, 40.8851327208387], [-73.859302839696, 40.885079731041]]]}}, {"type": "Feature", "properties": {"zone_id": "0207J1YIF60E67VJD39X95", "tract_id": "36005039600", "city": "BRONX, NY", "zone_code": "R5", "zone_category": "Residential", "ev_permitted": false}, "geometry": {"type": "Polygon", "coordinates": [[[-73.8591703308758, 40.8853220345933], [-73.8590123415785, 40.8856109298821], [-73.8590806929585, 40.8856327275848], [-73.859238721972, 40.8853437609343], [-73.8591703308758, 40.8853220345933]]]}}, {"type": "Feature", "properties": {"zone_id": "0202BRZJLI54XVBUQW0BIK", "tract_id": "36005039600", "city": "BRONX, NY", "zone_code": "R6", "zone_category": "Residential", "ev_permitted": false}, "geometry": {"type": "Polygon", "coordinates": [[[-73.8586655269587, 40.885161666569], [-73.8585078249053, 40.8854500331439], [-73.8590123415785, 40.8856109298821], [-73.8591703308758, 40.8853220345933], [-73.8586655269587, 40.885161666569]]]}}, {"type": "Feature", "properties": {"zone_id": "0201ELGWG03QWQMW0Q1S1N", "tract_id": "36005039600", "city": "BRONX, NY", "zone_code": "R6", "zone_category": "Residential", "ev_permitted": false}, "geometry": {"type": "Polygon", "coordinates": [[[-73.858798037299, 40.8849193635891], [-73.8586655269587, 40.885161666569], [-73.8591703308758, 40.8853220345933], [-73.859302839696, 40.885079731041], [-73.858798037299, 40.8849193635891]]]}}, {"type": "Feature", "properties": {"zone_id": "02056OJSMLKADTLWGHZTXQ", "tract_id": "36005039600", "city": "BRONX, NY", "zone_code": "R5", "zone_category": "Residential", "ev_permitted": false}, "geometry": {"type": "Polygon", "coordinates": [[[-73.8594961086424, 40.8845962734824], [-73.8593707928637, 40.8848269467959], [-73.8595266653122, 40.8848762090383], [-73.8596519443967, 40.8846456015617], [-73.8594961086424, 40.8845962734824]]]}}, {"type": "Feature", "properties": {"zone_id": "02050GM6T6FULA60S15PFS", "tract_id": "36005039600", "city": "BRONX, NY", "zone_code": "R5", "zone_category": "Residential", "ev_permitted": false}, "geometry": {"type": "Polygon", "coordinates": [[[-73.8597294650313, 40.8846701188902], [-73.8596041991606, 40.8849007124129], [-73.8596896269057, 40.8849277105719], [-73.8598148990382, 40.8846971043181], [-73.8597294650313, 40.8846701188902]]]}}, {"type": "Feature", "properties": {"zone_id": "0201C2W83ZBCVZ1KBGDX76", "tract_id": "36005039600", "city": "BRONX, NY", "zone_code": "R5", "zone_category": "Residential", "ev_permitted": false}, "geometry": {"type": "Polygon", "coordinates": [[[-73.8596519443967, 40.8846456015617], [-73.8595266653122, 40.8848762090383], [-73.8596041991606, 40.8849007124129], [-73.8597294650313, 40.8846701188902], [-73.8596519443967, 40.8846456015617]]]}}, {"type": "Feature", "properties": {"zone_id": "020403GFRP4SA518VBWW2S", "tract_id": "36005039600", "city": "BRONX, NY", "zone_code": "R5", "zone_category": "Residential", "ev_permitted": false}, "geometry": {"type": "Polygon", "coordinates": [[[-73.859691318856, 40.8843186101834], [-73.859533950024, 40.8846083122147], [-73.8595948161637, 40.8846275156684], [-73.8597521810564, 40.8843378212798], [-73.859691318856, 40.8843186101834]]]}}, {"type": "Feature", "properties": {"zone_id": "020764OD18OQM4V72LWR29", "tract_id": "36005039600", "city": "BRONX, NY", "zone_code": "R5", "zone_category": "Residential", "ev_permitted": false}, "geometry": {"type": "Polygon", "coordinates": [[[-73.8593837561663, 40.8845608296601], [-73.8592584679522, 40.8847914494865], [-73.8593707928637, 40.8848269467959], [-73.8594961086424, 40.8845962734824], [-73.8593837561663, 40.8845608296601]]]}}, {"type": "Feature", "properties": {"zone_id": "02077NHQUB7IORBI8OTR6E", "tract_id": "36005039600", "city": "BRONX, NY", "zone_code": "R5", "zone_category": "Residential", "ev_permitted": false}, "geometry": {"type": "Polygon", "coordinates": [[[-73.8596299367312, 40.8842992347073], [-73.8594726104329, 40.8845888573096], [-73.859533950024, 40.8846083122147], [-73.859691318856, 40.8843186101834], [-73.8596299367312, 40.8842992347073]]]}}, {"type": "Feature", "properties": {"zone_id": "0204OI9Q09AV0LFOY0ZNEH", "tract_id": "36005039600", "city": "BRONX, NY", "zone_code": "R5", "zone_category": "Residential", "ev_permitted": false}, "geometry": {"type": "Polygon", "coordinates": [[[-73.8591830764588, 40.8844973782402], [-73.8590577755803, 40.8847280224291], [-73.8591585963458, 40.8847598858919], [-73.859283895077, 40.8845292444032], [-73.8591830764588, 40.8844973782402]]]}}, {"type": "Feature", "properties": {"zone_id": "0206PR9WMMPCWR9CCN1JYA", "tract_id": "36005039600", "city": "BRONX, NY", "zone_code": "R5", "zone_category": "Residential", "ev_permitted": false}, "geometry": {"type": "Polygon", "coordinates": [[[-73.8590682699021, 40.8844610984863], [-73.8589429696269, 40.8846917390401], [-73.8590577755803, 40.8847280224291], [-73.8591830764588, 40.8844973782402], [-73.8590682699021, 40.8844610984863]]]}}, {"type": "Feature", "properties": {"zone_id": "0206G7DZA11822SC1HLHB3", "tract_id": "36005039600", "city": "BRONX, NY", "zone_code": "R5", "zone_category": "Residential", "ev_permitted": false}, "geometry": {"type": "Polygon", "coordinates": [[[-73.8590935014393, 40.8844146488985], [-73.8590682699021, 40.8844610984863], [-73.8594141979382, 40.8845704528719], [-73.8594394906137, 40.8845238922669], [-73.8590935014393, 40.8844146488985]]]}}, {"type": "Feature", "properties": {"zone_id": "02066L80LBNN7O820W0MU5", "tract_id": "36005039600", "city": "BRONX, NY", "zone_code": "R5", "zone_category": "Residential", "ev_permitted": false}, "geometry": {"type": "Polygon", "coordinates": [[[-73.859283895077, 40.8845292444032], [-73.8591585963458, 40.8847598858919], [-73.8592584679522, 40.8847914494865], [-73.8593837561663, 40.8845608296601], [-73.859283895077, 40.8845292444032]]]}}, {"type": "Feature", "properties": {"zone_id": "02028B96VSNZYUQ90LELMW", "tract_id": "36005039600", "city": "BRONX, NY", "zone_code": "R5", "zone_category": "Residential", "ev_permitted": false}, "geometry": {"type": "Polygon", "coordinates": [[[-73.8583718738471, 40.8847910381151], [-73.8582428707501, 40.8850252441753], [-73.8583189294669, 40.8850493123692], [-73.8584467360631, 40.8848147281424], [-73.8583718738471, 40.8847910381151]]]}}, {"type": "Feature", "properties": {"zone_id": "0204WPWMXXNCZQJZ74XV71", "tract_id": "36005039600", "city": "BRONX, NY", "zone_code": "R5", "zone_category": "Residential", "ev_permitted": false}, "geometry": {"type": "Polygon", "coordinates": [[[-73.8584467360631, 40.8848147281424], [-73.8583189294669, 40.8850493123692], [-73.8584729483492, 40.8850980516955], [-73.8586019498511, 40.8848638453802], [-73.8584467360631, 40.8848147281424]]]}}, {"type": "Feature", "properties": {"zone_id": "0205RMZDLUXVAECBY6S1FV", "tract_id": "36005039600", "city": "BRONX, NY", "zone_code": "R5", "zone_category": "Residential", "ev_permitted": false}, "geometry": {"type": "Polygon", "coordinates": [[[-73.8586618289388, 40.8844721125054], [-73.8586005867408, 40.884582683575], [-73.8587462302462, 40.8846291467915], [-73.8588071109584, 40.8845184604974], [-73.8586618289388, 40.8844721125054]]]}}, {"type": "Feature", "properties": {"zone_id": "0201PFO3Z7CW3BOLBLUED1", "tract_id": "36005039600", "city": "BRONX, NY", "zone_code": "R5", "zone_category": "Residential", "ev_permitted": false}, "geometry": {"type": "Polygon", "coordinates": [[[-73.8585607120391, 40.8844398535349], [-73.8584994697026, 40.8845504245515], [-73.8586005867408, 40.884582683575], [-73.8586618289388, 40.8844721125054], [-73.8585607120391, 40.8844398535349]]]}}, {"type": "Feature", "properties": {"zone_id": "0203JFGX3DI3J3YMJ54MI0", "tract_id": "36005039600", "city": "BRONX, NY", "zone_code": "R5", "zone_category": "Residential", "ev_permitted": false}, "geometry": {"type": "Polygon", "coordinates": [[[-73.8584592351092, 40.8844074795034], [-73.8583983529936, 40.8845181656151], [-73.8584994697026, 40.8845504245515], [-73.8585607120391, 40.8844398535349], [-73.8584592351092, 40.8844074795034]]]}}, {"type": "Feature", "properties": {"zone_id": "020315ABK0GAYY2GJRZJEY", "tract_id": "36005039600", "city": "BRONX, NY", "zone_code": "R5", "zone_category": "Residential", "ev_permitted": false}, "geometry": {"type": "Polygon", "coordinates": [[[-73.8576036271458, 40.8859330623867], [-73.8575753680059, 40.8859835663542], [-73.8579191408419, 40.8860923807879], [-73.8579473997684, 40.8860418760345], [-73.8576036271458, 40.8859330623867]]]}}, {"type": "Feature", "properties": {"zone_id": "0204QBGMVIHIVZ7J6TM1Q3", "tract_id": "36005039600", "city": "BRONX, NY", "zone_code": "R5", "zone_category": "Residential", "ev_permitted": false}, "geometry": {"type": "Polygon", "coordinates": [[[-73.8577019194782, 40.8857573934528], [-73.8576705321621, 40.8858134887161], [-73.8580143042743, 40.8859223028697], [-73.8580456913518, 40.885866207514], [-73.8577019194782, 40.8857573934528]]]}}, {"type": "Feature", "properties": {"zone_id": "0205I3TEETSQMC10B361UZ", "tract_id": "36005039600", "city": "BRONX, NY", "zone_code": "R5", "zone_category": "Residential", "ev_permitted": false}, "geometry": {"type": "Polygon", "coordinates": [[[-73.8576357283462, 40.8858756920276], [-73.8576036271458, 40.8859330623867], [-73.8579473997684, 40.8860418760345], [-73.8579794997974, 40.8859845062825], [-73.8576357283462, 40.8858756920276]]]}}, {"type": "Feature", "properties": {"zone_id": "0203HNQUX6MYXGS8MKIUQR", "tract_id": "36005039600", "city": "BRONX, NY", "zone_code": "R5", "zone_category": "Residential", "ev_permitted": false}, "geometry": {"type": "Polygon", "coordinates": [[[-73.8577384453191, 40.8856921139737], [-73.8577019194782, 40.8857573934528], [-73.8580456913518, 40.885866207514], [-73.8580822169149, 40.8858009279274], [-73.8577384453191, 40.8856921139737]]]}}, {"type": "Feature", "properties": {"zone_id": "0200FCR9KPGY71XB0O05GP", "tract_id": "36005039600", "city": "BRONX, NY", "zone_code": "R5", "zone_category": "Residential", "ev_permitted": false}, "geometry": {"type": "Polygon", "coordinates": [[[-73.8576705321621, 40.8858134887161], [-73.8576357283462, 40.8858756920276], [-73.8579794997974, 40.8859845062825], [-73.8580143042743, 40.8859223028697], [-73.8576705321621, 40.8858134887161]]]}}, {"type": "Feature", "properties": {"zone_id": "0202AYY9ECBF9F6CXSSPXH", "tract_id": "36005039600", "city": "BRONX, NY", "zone_code": "R5", "zone_category": "Residential", "ev_permitted": false}, "geometry": {"type": "Polygon", "coordinates": [[[-73.8578522817648, 40.8854886619748], [-73.8578179940979, 40.8855499427104], [-73.8581617650887, 40.8856587564301], [-73.8581960534207, 40.8855974755948], [-73.8578522817648, 40.8854886619748]]]}}, {"type": "Feature", "properties": {"zone_id": "0205JQXEA456NA89LO6MWC", "tract_id": "36005039600", "city": "BRONX, NY", "zone_code": "R5", "zone_category": "Residential", "ev_permitted": false}, "geometry": {"type": "Polygon", "coordinates": [[[-73.8579000983257, 40.8854032038573], [-73.8578522817648, 40.8854886619748], [-73.8581960534207, 40.8855974755948], [-73.858243620548, 40.8855124618022], [-73.8579000983257, 40.8854032038573]]]}}, {"type": "Feature", "properties": {"zone_id": "02045P82KMJXM1RWTTQ9K9", "tract_id": "36005039600", "city": "BRONX, NY", "zone_code": "R5", "zone_category": "Residential", "ev_permitted": false}, "geometry": {"type": "Polygon", "coordinates": [[[-73.8577298369209, 40.8853490509824], [-73.8575680596966, 40.8856381820425], [-73.857651506613, 40.8856645953675], [-73.8578132240513, 40.8853755737305], [-73.8577298369209, 40.8853490509824]]]}}, {"type": "Feature", "properties": {"zone_id": "0206TBF5USBZPYREFVZH4Z", "tract_id": "36005039600", "city": "BRONX, NY", "zone_code": "R5", "zone_category": "Residential", "ev_permitted": false}, "geometry": {"type": "Polygon", "coordinates": [[[-73.8578132240513, 40.8853755737305], [-73.857651506613, 40.8856645953675], [-73.8577384453191, 40.8856921139737], [-73.8579000983257, 40.8854032038573], [-73.8578132240513, 40.8853755737305]]]}}, {"type": "Feature", "properties": {"zone_id": "0200PT0JOE1SVAZDEHC1WR", "tract_id": "36005039600", "city": "BRONX, NY", "zone_code": "R5", "zone_category": "Residential", "ev_permitted": false}, "geometry": {"type": "Polygon", "coordinates": [[[-73.8578179940979, 40.8855499427104], [-73.8577843894698, 40.8856100002767], [-73.858128161642, 40.8857188140964], [-73.8581617650887, 40.8856587564301], [-73.8578179940979, 40.8855499427104]]]}}, {"type": "Feature", "properties": {"zone_id": "0207N170ND69PEFB5UU57E", "tract_id": "36005039600", "city": "BRONX, NY", "zone_code": "R5", "zone_category": "Residential", "ev_permitted": false}, "geometry": {"type": "Polygon", "coordinates": [[[-73.8577843894698, 40.8856100002767], [-73.8577384453191, 40.8856921139737], [-73.8580822169149, 40.8858009279274], [-73.858128161642, 40.8857188140964], [-73.8577843894698, 40.8856100002767]]]}}, {"type": "Feature", "properties": {"zone_id": "0201A3A9U422190BROHPVD", "tract_id": "36005039600", "city": "BRONX, NY", "zone_code": "R5", "zone_category": "Residential", "ev_permitted": false}, "geometry": {"type": "Polygon", "coordinates": [[[-73.8572393899825, 40.8855341463254], [-73.8570763108689, 40.8858255980094], [-73.8575753680059, 40.8859835663542], [-73.8577384453191, 40.8856921139737], [-73.8572393899825, 40.8855341463254]]]}}, {"type": "Feature", "properties": {"zone_id": "0206W2MXUAJ1J99IWI6MMA", "tract_id": "36005039600", "city": "BRONX, NY", "zone_code": "R4", "zone_category": "Residential", "ev_permitted": false}, "geometry": {"type": "Polygon", "coordinates": [[[-73.8571125977875, 40.8854940119853], [-73.8569520588237, 40.8857862676514], [-73.8570763108689, 40.8858255980094], [-73.8572393899825, 40.8855341463254], [-73.8571125977875, 40.8854940119853]]]}}, {"type": "Feature", "properties": {"zone_id": "0204O45PRJD3P4UGDCN2QK", "tract_id": "36005039600", "city": "BRONX, NY", "zone_code": "R4", "zone_category": "Residential", "ev_permitted": false}, "geometry": {"type": "Polygon", "coordinates": [[[-73.8569869677955, 40.8854542450213], [-73.8568264283753, 40.8857465005148], [-73.8569520588237, 40.8857862676514], [-73.8571125977875, 40.8854940119853], [-73.8569869677955, 40.8854542450213]]]}}, {"type": "Feature", "properties": {"zone_id": "0204U7HX2M6F1XSNDTBK7U", "tract_id": "36005039600", "city": "BRONX, NY", "zone_code": "R4", "zone_category": "Residential", "ev_permitted": false}, "geometry": {"type": "Polygon", "coordinates": [[[-73.856903522333, 40.885427831216], [-73.8567429826084, 40.8857200872975], [-73.8568264283753, 40.8857465005148], [-73.8569869677955, 40.8854542450213], [-73.856903522333, 40.885427831216]]]}}, {"type": "Feature", "properties": {"zone_id": "02062HTB13ZPULOWN3E5UM", "tract_id": "36005039600", "city": "BRONX, NY", "zone_code": "R4", "zone_category": "Residential", "ev_permitted": false}, "geometry": {"type": "Polygon", "coordinates": [[[-73.8568332822733, 40.8854055975797], [-73.8566727422951, 40.8856978528621], [-73.8567429826084, 40.8857200872975], [-73.856903522333, 40.885427831216], [-73.8568332822733, 40.8854055975797]]]}}, {"type": "Feature", "properties": {"zone_id": "0202V5IIXBBX1I7CTBOH2A", "tract_id": "36005039600", "city": "BRONX, NY", "zone_code": "R4", "zone_category": "Residential", "ev_permitted": false}, "geometry": {"type": "Polygon", "coordinates": [[[-73.8567726115695, 40.8853863922122], [-73.8566120713709, 40.8856786474113], [-73.8566727422951, 40.8856978528621], [-73.8568332822733, 40.8854055975797], [-73.8567726115695, 40.8853863922122]]]}}, {"type": "Feature", "properties": {"zone_id": "0206W082Y7XW5BWXEKRW3O", "tract_id": "36005039600", "city": "BRONX, NY", "zone_code": "R4", "zone_category": "Residential", "ev_permitted": false}, "geometry": {"type": "Polygon", "coordinates": [[[-73.8567034438997, 40.8853644977975], [-73.8565429034499, 40.8856567529016], [-73.8566120713709, 40.8856786474113], [-73.8567726115695, 40.8853863922122], [-73.8567034438997, 40.8853644977975]]]}}, {"type": "Feature", "properties": {"zone_id": "0202F2LFOY5WSLZRJT8JPF", "tract_id": "36005039600", "city": "BRONX, NY", "zone_code": "R4", "zone_category": "Residential", "ev_permitted": false}, "geometry": {"type": "Polygon", "coordinates": [[[-73.856640343706, 40.8853445241684], [-73.8564798021012, 40.8856367791845], [-73.8565429034499, 40.8856567529016], [-73.8567034438997, 40.8853644977975], [-73.856640343706, 40.8853445241684]]]}}, {"type": "Feature", "properties": {"zone_id": "0202NETPA7YFI2JU4GZ9J7", "tract_id": "36005039600", "city": "BRONX, NY", "zone_code": "R5", "zone_category": "Residential", "ev_permitted": false}, "geometry": {"type": "Polygon", "coordinates": [[[-73.8580521412222, 40.8851353440417], [-73.8579713710703, 40.8852819799576], [-73.858312140159, 40.8853899997741], [-73.8583929952014, 40.885243206336], [-73.8580521412222, 40.8851353440417]]]}}, {"type": "Feature", "properties": {"zone_id": "0206KJGA73UL9DWQFK2QP7", "tract_id": "36005039600", "city": "BRONX, NY", "zone_code": "R5", "zone_category": "Residential", "ev_permitted": false}, "geometry": {"type": "Polygon", "coordinates": [[[-73.8580918946217, 40.8850631719943], [-73.8580521412222, 40.8851353440417], [-73.8583929952014, 40.885243206336], [-73.858432748294, 40.8851710348753], [-73.8580918946217, 40.8850631719943]]]}}, {"type": "Feature", "properties": {"zone_id": "0205ZDS0SXKK3X22WXNJXL", "tract_id": "36005039600", "city": "BRONX, NY", "zone_code": "R5", "zone_category": "Residential", "ev_permitted": false}, "geometry": {"type": "Polygon", "coordinates": [[[-73.8581320949859, 40.8849901889317], [-73.8580918946217, 40.8850631719943], [-73.858432748294, 40.8851710348753], [-73.8584729483492, 40.8850980516955], [-73.8581320949859, 40.8849901889317]]]}}, {"type": "Feature", "properties": {"zone_id": "02075WC7GSBS7FAA46ZFEU", "tract_id": "36005039600", "city": "BRONX, NY", "zone_code": "R5", "zone_category": "Residential", "ev_permitted": false}, "geometry": {"type": "Polygon", "coordinates": [[[-73.8580439727695, 40.8849623023834], [-73.8578832708414, 40.8852540525624], [-73.8579713710703, 40.8852819799576], [-73.8581320949859, 40.8849901889317], [-73.8580439727695, 40.8849623023834]]]}}, {"type": "Feature", "properties": {"zone_id": "02069GE8TFHP59TGSFXEL0", "tract_id": "36005039600", "city": "BRONX, NY", "zone_code": "R5", "zone_category": "Residential", "ev_permitted": false}, "geometry": {"type": "Polygon", "coordinates": [[[-73.8578770758012, 40.8849094874703], [-73.8577164160201, 40.8852011608846], [-73.8577998438597, 40.8852276071056], [-73.8579605237893, 40.8849358949565], [-73.8578770758012, 40.8849094874703]]]}}, {"type": "Feature", "properties": {"zone_id": "0201XRVAZB9210BYMIEO4V", "tract_id": "36005039600", "city": "BRONX, NY", "zone_code": "R5", "zone_category": "Residential", "ev_permitted": false}, "geometry": {"type": "Polygon", "coordinates": [[[-73.8577976413712, 40.8848843503244], [-73.8576370017486, 40.8851759871174], [-73.8577164160201, 40.8852011608846], [-73.8578770758012, 40.8849094874703], [-73.8577976413712, 40.8848843503244]]]}}, {"type": "Feature", "properties": {"zone_id": "020398OQTGFU2Q0L7IW923", "tract_id": "36005039600", "city": "BRONX, NY", "zone_code": "R5", "zone_category": "Residential", "ev_permitted": false}, "geometry": {"type": "Polygon", "coordinates": [[[-73.857713871546, 40.8848578404403], [-73.8575568261024, 40.8851505713501], [-73.8576370017486, 40.8851759871174], [-73.8577976413712, 40.8848843503244], [-73.857713871546, 40.8848578404403]]]}}, {"type": "Feature", "properties": {"zone_id": "020496WTQW18D8C0RATXA7", "tract_id": "36005039600", "city": "BRONX, NY", "zone_code": "R5", "zone_category": "Residential", "ev_permitted": false}, "geometry": {"type": "Polygon", "coordinates": [[[-73.8579605237893, 40.8849358949565], [-73.8577998438597, 40.8852276071056], [-73.8578832708414, 40.8852540525624], [-73.8580439727695, 40.8849623023834], [-73.8579605237893, 40.8849358949565]]]}}, {"type": "Feature", "properties": {"zone_id": "0204PKM7GWIMXHQA6XQJMR", "tract_id": "36005039600", "city": "BRONX, NY", "zone_code": "R5", "zone_category": "Residential", "ev_permitted": false}, "geometry": {"type": "Polygon", "coordinates": [[[-73.8574014053782, 40.8852445916182], [-73.8572393899825, 40.8855341463254], [-73.8573253938936, 40.8855613696811], [-73.8574873476372, 40.8852719264988], [-73.8574014053782, 40.8852445916182]]]}}, {"type": "Feature", "properties": {"zone_id": "02046KHFBV4TCLJENXQ70P", "tract_id": "36005039600", "city": "BRONX, NY", "zone_code": "R5", "zone_category": "Residential", "ev_permitted": false}, "geometry": {"type": "Polygon", "coordinates": [[[-73.8574873476372, 40.8852719264988], [-73.8573253938936, 40.8855613696811], [-73.8574088406155, 40.8855877838845], [-73.8575707345772, 40.8852984480171], [-73.8574873476372, 40.8852719264988]]]}}, {"type": "Feature", "properties": {"zone_id": "020302KTH9EVP56PBW7X5Y", "tract_id": "36005039600", "city": "BRONX, NY", "zone_code": "R5", "zone_category": "Residential", "ev_permitted": false}, "geometry": {"type": "Polygon", "coordinates": [[[-73.8575707345772, 40.8852984480171], [-73.8574088406155, 40.8855877838845], [-73.8574903935153, 40.8856135977419], [-73.8576522267806, 40.8853243670831], [-73.8575707345772, 40.8852984480171]]]}}, {"type": "Feature", "properties": {"zone_id": "0207DFX3NTCWNW6AOP55MW", "tract_id": "36005039600", "city": "BRONX, NY", "zone_code": "R5", "zone_category": "Residential", "ev_permitted": false}, "geometry": {"type": "Polygon", "coordinates": [[[-73.8576522267806, 40.8853243670831], [-73.8574903935153, 40.8856135977419], [-73.8575680596966, 40.8856381820425], [-73.8577298369209, 40.8853490509824], [-73.8576522267806, 40.8853243670831]]]}}, {"type": "Feature", "properties": {"zone_id": "0206SLM7M8XSLZRAI8QUMG", "tract_id": "36005039600", "city": "BRONX, NY", "zone_code": "R4", "zone_category": "Residential", "ev_permitted": false}, "geometry": {"type": "Polygon", "coordinates": [[[-73.8569861234884, 40.8851125062155], [-73.8568263340437, 40.8854033981272], [-73.8570686110366, 40.885480088098], [-73.8572307506526, 40.8851903131512], [-73.8569861234884, 40.8851125062155]]]}}, {"type": "Feature", "properties": {"zone_id": "0205WE7ARGA039JKKAC72L", "tract_id": "36005039600", "city": "BRONX, NY", "zone_code": "R4", "zone_category": "Residential", "ev_permitted": false}, "geometry": {"type": "Polygon", "coordinates": [[[-73.8572307506526, 40.8851903131512], [-73.8570686110366, 40.885480088098], [-73.8571558406978, 40.8855076995507], [-73.8573179168022, 40.88521803753], [-73.8572307506526, 40.8851903131512]]]}}, {"type": "Feature", "properties": {"zone_id": "02028TE47QFJ7I8NOJVHDV", "tract_id": "36005039600", "city": "BRONX, NY", "zone_code": "R5", "zone_category": "Residential", "ev_permitted": false}, "geometry": {"type": "Polygon", "coordinates": [[[-73.8573179168022, 40.88521803753], [-73.8571558406978, 40.8855076995507], [-73.8572393899825, 40.8855341463254], [-73.8574014053782, 40.8852445916182], [-73.8573179168022, 40.88521803753]]]}}, {"type": "Feature", "properties": {"zone_id": "0207EVTMNN80U7JOD3PPLV", "tract_id": "36005039600", "city": "BRONX, NY", "zone_code": "R5", "zone_category": "Residential", "ev_permitted": false}, "geometry": {"type": "Polygon", "coordinates": [[[-73.8576247245655, 40.8848296297955], [-73.8574677011046, 40.8851223191572], [-73.8575568261024, 40.8851505713501], [-73.857713871546, 40.8848578404403], [-73.8576247245655, 40.8848296297955]]]}}, {"type": "Feature", "properties": {"zone_id": "0207EDBF9FX1QCYIA72A0Q", "tract_id": "36005039600", "city": "BRONX, NY", "zone_code": "R5", "zone_category": "Residential", "ev_permitted": false}, "geometry": {"type": "Polygon", "coordinates": [[[-73.8580917333668, 40.8847023875343], [-73.8579627303808, 40.8849365932864], [-73.8580439727695, 40.8849623023834], [-73.8581729755192, 40.8847280965417], [-73.8580917333668, 40.8847023875343]]]}}, {"type": "Feature", "properties": {"zone_id": "02028OLD5JTG171JXJA2WA", "tract_id": "36005039600", "city": "BRONX, NY", "zone_code": "R5", "zone_category": "Residential", "ev_permitted": false}, "geometry": {"type": "Polygon", "coordinates": [[[-73.8581729755192, 40.8847280965417], [-73.8580439727695, 40.8849623023834], [-73.8581320949859, 40.8849901889317], [-73.8582610974793, 40.8847559829927], [-73.8581729755192, 40.8847280965417]]]}}, {"type": "Feature", "properties": {"zone_id": "0200FCN6Y6ATUDA68GRSBT", "tract_id": "36005039600", "city": "BRONX, NY", "zone_code": "R5", "zone_category": "Residential", "ev_permitted": false}, "geometry": {"type": "Polygon", "coordinates": [[[-73.8582610974793, 40.8847559829927], [-73.8581320949859, 40.8849901889317], [-73.8582428707501, 40.8850252441753], [-73.8583718738471, 40.8847910381151], [-73.8582610974793, 40.8847559829927]]]}}, {"type": "Feature", "properties": {"zone_id": "0206QJLD8CX7MQX375CKCU", "tract_id": "36005039600", "city": "BRONX, NY", "zone_code": "R5", "zone_category": "Residential", "ev_permitted": false}, "geometry": {"type": "Polygon", "coordinates": [[[-73.8579266457632, 40.8846501447558], [-73.8577976413712, 40.8848843503244], [-73.8578776984579, 40.8849096842737], [-73.8580060790364, 40.8846752818128], [-73.8579266457632, 40.8846501447558]]]}}, {"type": "Feature", "properties": {"zone_id": "02048SI6M4TKBZNVLXFU7N", "tract_id": "36005039600", "city": "BRONX, NY", "zone_code": "R5", "zone_category": "Residential", "ev_permitted": false}, "geometry": {"type": "Polygon", "coordinates": [[[-73.8577508585961, 40.8845945158782], [-73.8576247245655, 40.8848296297955], [-73.8577976413712, 40.8848843503244], [-73.8579266457632, 40.8846501447558], [-73.8577508585961, 40.8845945158782]]]}}, {"type": "Feature", "properties": {"zone_id": "0207AYCWKTR9VNSX86IKOX", "tract_id": "36005039600", "city": "BRONX, NY", "zone_code": "R5", "zone_category": "Residential", "ev_permitted": false}, "geometry": {"type": "Polygon", "coordinates": [[[-73.8580060790364, 40.8846752818128], [-73.8578776984579, 40.8849096842737], [-73.8579627303808, 40.8849365932864], [-73.8580917333668, 40.8847023875343], [-73.8580060790364, 40.8846752818128]]]}}, {"type": "Feature", "properties": {"zone_id": "0202RODB9LXSIO201OIIOJ", "tract_id": "36005039600", "city": "BRONX, NY", "zone_code": "R5", "zone_category": "Residential", "ev_permitted": false}, "geometry": {"type": "Polygon", "coordinates": [[[-73.857476273804, 40.8847826507033], [-73.8573192860539, 40.8850752717542], [-73.8573806449164, 40.8850947229075], [-73.8575376482416, 40.884802073688], [-73.857476273804, 40.8847826507033]]]}}, {"type": "Feature", "properties": {"zone_id": "0201RROKVYC8VUTZAM58DI", "tract_id": "36005039600", "city": "BRONX, NY", "zone_code": "R5", "zone_category": "Residential", "ev_permitted": false}, "geometry": {"type": "Polygon", "coordinates": [[[-73.8575386502252, 40.8848023904105], [-73.8573816469022, 40.8850950403339], [-73.8574677011046, 40.8851223191572], [-73.8576247245655, 40.8848296297955], [-73.8575386502252, 40.8848023904105]]]}}, {"type": "Feature", "properties": {"zone_id": "02051DDK16EA0I90XHRWVR", "tract_id": "36005039600", "city": "BRONX, NY", "zone_code": "R5", "zone_category": "Residential", "ev_permitted": false}, "geometry": {"type": "Polygon", "coordinates": [[[-73.8574192487235, 40.8847646046135], [-73.8572622737837, 40.8850571989036], [-73.8573192860539, 40.8850752717542], [-73.857476273804, 40.8847826507033], [-73.8574192487235, 40.8847646046135]]]}}, {"type": "Feature", "properties": {"zone_id": "0203ZNSG5KY1Q184C6SKR1", "tract_id": "36005039600", "city": "BRONX, NY", "zone_code": "R5", "zone_category": "Residential", "ev_permitted": false}, "geometry": {"type": "Polygon", "coordinates": [[[-73.8573574441613, 40.88474503629], [-73.8572004810736, 40.8850376108381], [-73.8572622737837, 40.8850571989036], [-73.8574192487235, 40.8847646046135], [-73.8573574441613, 40.88474503629]]]}}, {"type": "Feature", "properties": {"zone_id": "0202EGR953SLJB4ULRTXMP", "tract_id": "36005039600", "city": "BRONX, NY", "zone_code": "R5", "zone_category": "Residential", "ev_permitted": false}, "geometry": {"type": "Polygon", "coordinates": [[[-73.8575376482416, 40.884802073688], [-73.8573806449164, 40.8850947229075], [-73.8573816469022, 40.8850950403339], [-73.8575386502252, 40.8848023904105], [-73.8575376482416, 40.884802073688]]]}}, {"type": "Feature", "properties": {"zone_id": "0205RT7P2OCKN9LPDVH44T", "tract_id": "36005039600", "city": "BRONX, NY", "zone_code": "R5", "zone_category": "Residential", "ev_permitted": false}, "geometry": {"type": "Polygon", "coordinates": [[[-73.8571285282455, 40.8846726031866], [-73.8569716256719, 40.8849650629729], [-73.8570523088026, 40.8849906392762], [-73.8572092306023, 40.8846981428684], [-73.8571285282455, 40.8846726031866]]]}}, {"type": "Feature", "properties": {"zone_id": "0201DFR1X76LKZNOZKBYC1", "tract_id": "36005039600", "city": "BRONX, NY", "zone_code": "R5", "zone_category": "Residential", "ev_permitted": false}, "geometry": {"type": "Polygon", "coordinates": [[[-73.8570445563265, 40.8846791862453], [-73.8569028757029, 40.8849432696708], [-73.8569716256719, 40.8849650629729], [-73.8571133218757, 40.8847009478648], [-73.8570445563265, 40.8846791862453]]]}}, {"type": "Feature", "properties": {"zone_id": "0201MSFMZ6QQ6OA12N20FY", "tract_id": "36005039600", "city": "BRONX, NY", "zone_code": "R5", "zone_category": "Residential", "ev_permitted": false}, "geometry": {"type": "Polygon", "coordinates": [[[-73.8572917769261, 40.8847242651548], [-73.8571348340495, 40.8850168009948], [-73.8572004810736, 40.8850376108381], [-73.8573574441613, 40.88474503629], [-73.8572917769261, 40.8847242651548]]]}}, {"type": "Feature", "properties": {"zone_id": "0202ZVEI1J095N2KEM5HXH", "tract_id": "36005039600", "city": "BRONX, NY", "zone_code": "R5", "zone_category": "Residential", "ev_permitted": false}, "geometry": {"type": "Polygon", "coordinates": [[[-73.8572894398961, 40.8847235258977], [-73.8571324979398, 40.8850160603304], [-73.8571348340495, 40.8850168009948], [-73.8572917769261, 40.8847242651548], [-73.8572894398961, 40.8847235258977]]]}}, {"type": "Feature", "properties": {"zone_id": "020121CE8VZUJ0J6TXS1ZJ", "tract_id": "36005039600", "city": "BRONX, NY", "zone_code": "R5", "zone_category": "Residential", "ev_permitted": false}, "geometry": {"type": "Polygon", "coordinates": [[[-73.8572092306023, 40.8846981428684], [-73.8570523088026, 40.8849906392762], [-73.8571324979398, 40.8850160603304], [-73.8572894398961, 40.8847235258977], [-73.8572092306023, 40.8846981428684]]]}}, {"type": "Feature", "properties": {"zone_id": "0206ZJBEX8E0H4FKSNUBCE", "tract_id": "36005039600", "city": "BRONX, NY", "zone_code": "R5", "zone_category": "Residential", "ev_permitted": false}, "geometry": {"type": "Polygon", "coordinates": [[[-73.857339645996, 40.884464383936], [-73.8572135112206, 40.8846994975858], [-73.8572894398961, 40.8847235258977], [-73.8574155758369, 40.8844884123434], [-73.857339645996, 40.884464383936]]]}}, {"type": "Feature", "properties": {"zone_id": "0204V02M9LCY2NERFWU24J", "tract_id": "36005039600", "city": "BRONX, NY", "zone_code": "R5", "zone_category": "Residential", "ev_permitted": false}, "geometry": {"type": "Polygon", "coordinates": [[[-73.8574155758369, 40.8844884123434], [-73.8572894398961, 40.8847235258977], [-73.8573711415841, 40.8847493807819], [-73.8574972763577, 40.8845142678409], [-73.8574155758369, 40.8844884123434]]]}}, {"type": "Feature", "properties": {"zone_id": "0204FSNM096KFHLZLW2S5R", "tract_id": "36005039600", "city": "BRONX, NY", "zone_code": "R5", "zone_category": "Residential", "ev_permitted": false}, "geometry": {"type": "Polygon", "coordinates": [[[-73.8574972763577, 40.8845142678409], [-73.8573711415841, 40.8847493807819], [-73.8574572870268, 40.8847766428646], [-73.8575834224748, 40.8845415291292], [-73.8574972763577, 40.8845142678409]]]}}, {"type": "Feature", "properties": {"zone_id": "0205DMOYU74HCW6B4VBEXB", "tract_id": "36005039600", "city": "BRONX, NY", "zone_code": "R5", "zone_category": "Residential", "ev_permitted": false}, "geometry": {"type": "Polygon", "coordinates": [[[-73.8576647845071, 40.8845672772887], [-73.8575386502252, 40.8848023904105], [-73.8576247245655, 40.8848296297955], [-73.8577508585961, 40.8845945158782], [-73.8576647845071, 40.8845672772887]]]}}, {"type": "Feature", "properties": {"zone_id": "0202QBJ08DGMEY4BHLYKE9", "tract_id": "36005039600", "city": "BRONX, NY", "zone_code": "R5", "zone_category": "Residential", "ev_permitted": false}, "geometry": {"type": "Polygon", "coordinates": [[[-73.8575834224748, 40.8845415291292], [-73.8574572870268, 40.8847766428646], [-73.8575386502252, 40.8848023904105], [-73.8576647845071, 40.8845672772887], [-73.8575834224748, 40.8845415291292]]]}}, {"type": "Feature", "properties": {"zone_id": "02037C709MY9NBSY6L104L", "tract_id": "36005039600", "city": "BRONX, NY", "zone_code": "R5", "zone_category": "Residential", "ev_permitted": false}, "geometry": {"type": "Polygon", "coordinates": [[[-73.8571858984101, 40.8844157282684], [-73.8570445563265, 40.8846791862453], [-73.8571133218757, 40.8847009478648], [-73.8572546628057, 40.8844374905063], [-73.8571858984101, 40.8844157282684]]]}}, {"type": "Feature", "properties": {"zone_id": "0205U6Q8MDHDGXMZSSGAWR", "tract_id": "36005039600", "city": "BRONX, NY", "zone_code": "R5", "zone_category": "Residential", "ev_permitted": false}, "geometry": {"type": "Polygon", "coordinates": [[[-73.8572546628057, 40.8844374905063], [-73.8571285282455, 40.8846726031866], [-73.8572135112206, 40.8846994975858], [-73.857339645996, 40.884464383936], [-73.8572546628057, 40.8844374905063]]]}}, {"type": "Feature", "properties": {"zone_id": "0201M7N6OJMRMATZX0QI23", "tract_id": "36005039600", "city": "BRONX, NY", "zone_code": "R5", "zone_category": "Residential", "ev_permitted": false}, "geometry": {"type": "Polygon", "coordinates": [[[-73.8570487870077, 40.8843723376881], [-73.8569074435472, 40.884635795498], [-73.8569743641834, 40.8846569731267], [-73.8571157074237, 40.8843935152359], [-73.8570487870077, 40.8843723376881]]]}}, {"type": "Feature", "properties": {"zone_id": "02009RAE3SU1FSXGZPLNI4", "tract_id": "36005039600", "city": "BRONX, NY", "zone_code": "R5", "zone_category": "Residential", "ev_permitted": false}, "geometry": {"type": "Polygon", "coordinates": [[[-73.8571157074237, 40.8843935152359], [-73.8569743641834, 40.8846569731267], [-73.8570445563265, 40.8846791862453], [-73.8571858984101, 40.8844157282684], [-73.8571157074237, 40.8843935152359]]]}}, {"type": "Feature", "properties": {"zone_id": "02054WBT3W021CU5V3JY5P", "tract_id": "36005039600", "city": "BRONX, NY", "zone_code": "R4", "zone_category": "Residential", "ev_permitted": false}, "geometry": {"type": "Polygon", "coordinates": [[[-73.8569016656448, 40.8850856435701], [-73.8567418154819, 40.8853766442007], [-73.8568263340437, 40.8854033981272], [-73.8569861234884, 40.8851125062155], [-73.8569016656448, 40.8850856435701]]]}}, {"type": "Feature", "properties": {"zone_id": "0201JVZ6E7C1WSNDHSQMK3", "tract_id": "36005039600", "city": "BRONX, NY", "zone_code": "R4", "zone_category": "Residential", "ev_permitted": false}, "geometry": {"type": "Polygon", "coordinates": [[[-73.8563196807337, 40.8852430203559], [-73.8561591388918, 40.88553527423], [-73.8562423094094, 40.8855616018059], [-73.8564028509524, 40.8852693464121], [-73.8563196807337, 40.8852430203559]]]}}, {"type": "Feature", "properties": {"zone_id": "02054PPNN3BBQY0HX4P42Y", "tract_id": "36005039600", "city": "BRONX, NY", "zone_code": "R4", "zone_category": "Residential", "ev_permitted": false}, "geometry": {"type": "Polygon", "coordinates": [[[-73.8565697411463, 40.8853221753904], [-73.856409200211, 40.8856144303107], [-73.8564798021012, 40.8856367791845], [-73.856640343706, 40.8853445241684], [-73.8565697411463, 40.8853221753904]]]}}, {"type": "Feature", "properties": {"zone_id": "0202ROSMNPM8CVOKLX0SD4", "tract_id": "36005039600", "city": "BRONX, NY", "zone_code": "R4", "zone_category": "Residential", "ev_permitted": false}, "geometry": {"type": "Polygon", "coordinates": [[[-73.8564028509524, 40.8852693464121], [-73.8562423094094, 40.8855616018059], [-73.856409200211, 40.8856144303107], [-73.8565697411463, 40.8853221753904], [-73.8564028509524, 40.8852693464121]]]}}, {"type": "Feature", "properties": {"zone_id": "0203ZCTJ6CL0RPVPASDSV4", "tract_id": "36005039600", "city": "BRONX, NY", "zone_code": "R4", "zone_category": "Residential", "ev_permitted": false}, "geometry": {"type": "Polygon", "coordinates": [[[-73.8568124116897, 40.8850572551009], [-73.8566524979983, 40.8853483714666], [-73.8567418154819, 40.8853766442007], [-73.8569016656448, 40.8850856435701], [-73.8568124116897, 40.8850572551009]]]}}, {"type": "Feature", "properties": {"zone_id": "0201IPNSZXCWWS9SS8H786", "tract_id": "36005039600", "city": "BRONX, NY", "zone_code": "R4", "zone_category": "Residential", "ev_permitted": false}, "geometry": {"type": "Polygon", "coordinates": [[[-73.8567286261372, 40.8850306055356], [-73.8565686521919, 40.8853218307972], [-73.8566524979983, 40.8853483714666], [-73.8568124116897, 40.8850572551009], [-73.8567286261372, 40.8850306055356]]]}}, {"type": "Feature", "properties": {"zone_id": "0203AS65PWM067P7GAHLW4", "tract_id": "36005039600", "city": "BRONX, NY", "zone_code": "R4", "zone_category": "Residential", "ev_permitted": false}, "geometry": {"type": "Polygon", "coordinates": [[[-73.8564013001014, 40.884926493022], [-73.8562410921368, 40.8852181417648], [-73.8563196807337, 40.8852430203559], [-73.8564798328788, 40.8849514719138], [-73.8564013001014, 40.884926493022]]]}}, {"type": "Feature", "properties": {"zone_id": "0202W6BGOX20KNTQ1C7EGH", "tract_id": "36005039600", "city": "BRONX, NY", "zone_code": "R4", "zone_category": "Residential", "ev_permitted": false}, "geometry": {"type": "Polygon", "coordinates": [[[-73.8564798328788, 40.8849514719138], [-73.8563196807337, 40.8852430203559], [-73.8564028509524, 40.8852693464121], [-73.8565629430774, 40.8849779066913], [-73.8564798328788, 40.8849514719138]]]}}, {"type": "Feature", "properties": {"zone_id": "0203EONXXTOCJTPZM3EPX4", "tract_id": "36005039600", "city": "BRONX, NY", "zone_code": "R4", "zone_category": "Residential", "ev_permitted": false}, "geometry": {"type": "Polygon", "coordinates": [[[-73.8565629430774, 40.8849779066913], [-73.8564028509524, 40.8852693464121], [-73.8564851612659, 40.8852954017007], [-73.8566451945361, 40.8850040684201], [-73.8565629430774, 40.8849779066913]]]}}, {"type": "Feature", "properties": {"zone_id": "0204E0D1J7ZCCL6B5ZVQZ8", "tract_id": "36005039600", "city": "BRONX, NY", "zone_code": "R4", "zone_category": "Residential", "ev_permitted": false}, "geometry": {"type": "Polygon", "coordinates": [[[-73.8566451945361, 40.8850040684201], [-73.8564851612659, 40.8852954017007], [-73.8565686521919, 40.8853218307972], [-73.8567286261372, 40.8850306055356], [-73.8566451945361, 40.8850040684201]]]}}, {"type": "Feature", "properties": {"zone_id": "02019MC8RG0TGBK6NG6NLC", "tract_id": "36005039600", "city": "BRONX, NY", "zone_code": "R4", "zone_category": "Residential", "ev_permitted": false}, "geometry": {"type": "Polygon", "coordinates": [[[-73.8560690704313, 40.8851636891344], [-73.8559085276777, 40.8854559433669], [-73.8560805500064, 40.8855103969363], [-73.8562410921368, 40.8852181417648], [-73.8560690704313, 40.8851636891344]]]}}, {"type": "Feature", "properties": {"zone_id": "0206AJ9ORHIUD5NKI4QNUD", "tract_id": "36005039600", "city": "BRONX, NY", "zone_code": "R4", "zone_category": "Residential", "ev_permitted": false}, "geometry": {"type": "Polygon", "coordinates": [[[-73.8562410921368, 40.8852181417648], [-73.8560805500064, 40.8855103969363], [-73.8561591388918, 40.88553527423], [-73.8563196807337, 40.8852430203559], [-73.8562410921368, 40.8852181417648]]]}}, {"type": "Feature", "properties": {"zone_id": "0204OV2AZ4L67ARBX6EN82", "tract_id": "36005039600", "city": "BRONX, NY", "zone_code": "R4", "zone_category": "Residential", "ev_permitted": false}, "geometry": {"type": "Polygon", "coordinates": [[[-73.855842562805, 40.8850919872358], [-73.8556820192272, 40.8853842418597], [-73.8557973157543, 40.8854207391909], [-73.8559578589118, 40.8851284851112], [-73.855842562805, 40.8850919872358]]]}}, {"type": "Feature", "properties": {"zone_id": "0203VQO9HDRH7DK88DHR2A", "tract_id": "36005039600", "city": "BRONX, NY", "zone_code": "R4", "zone_category": "Residential", "ev_permitted": false}, "geometry": {"type": "Polygon", "coordinates": [[[-73.8559578589118, 40.8851284851112], [-73.8557973157543, 40.8854207391909], [-73.8559085276777, 40.8854559433669], [-73.8560690704313, 40.8851636891344], [-73.8559578589118, 40.8851284851112]]]}}, {"type": "Feature", "properties": {"zone_id": "02033BXY81TSOASCFVMJS0", "tract_id": "36005039600", "city": "BRONX, NY", "zone_code": "R4", "zone_category": "Residential", "ev_permitted": false}, "geometry": {"type": "Polygon", "coordinates": [[[-73.8562373953005, 40.8848743596147], [-73.8560770705524, 40.8851662215907], [-73.8561452635832, 40.8851878081133], [-73.8563055406759, 40.8848960345175], [-73.8562373953005, 40.8848743596147]]]}}, {"type": "Feature", "properties": {"zone_id": "0206SMFGPKVBGZKIYPP56E", "tract_id": "36005039600", "city": "BRONX, NY", "zone_code": "R4", "zone_category": "Residential", "ev_permitted": false}, "geometry": {"type": "Polygon", "coordinates": [[[-73.8560507405198, 40.8848149899133], [-73.8558902821791, 40.8851070931758], [-73.8559486070192, 40.8851255562002], [-73.8561090242495, 40.8848335279892], [-73.8560507405198, 40.8848149899133]]]}}, {"type": "Feature", "properties": {"zone_id": "0206XUQFXI708GGWUQ48YD", "tract_id": "36005039600", "city": "BRONX, NY", "zone_code": "R4", "zone_category": "Residential", "ev_permitted": false}, "geometry": {"type": "Polygon", "coordinates": [[[-73.8561673514931, 40.8848520808453], [-73.8560069762991, 40.8851440340059], [-73.8560770705524, 40.8851662215907], [-73.8562373953005, 40.8848743596147], [-73.8561673514931, 40.8848520808453]]]}}, {"type": "Feature", "properties": {"zone_id": "0200WHLDC7QBWJSPEJGM99", "tract_id": "36005039600", "city": "BRONX, NY", "zone_code": "R4", "zone_category": "Residential", "ev_permitted": false}, "geometry": {"type": "Polygon", "coordinates": [[[-73.8563055406759, 40.8848960345175], [-73.8561452635832, 40.8851878081133], [-73.8562410921368, 40.8852181417648], [-73.8564013001014, 40.884926493022], [-73.8563055406759, 40.8848960345175]]]}}, {"type": "Feature", "properties": {"zone_id": "0206W0O00S3U7Z7JD3X9XJ", "tract_id": "36005039600", "city": "BRONX, NY", "zone_code": "R4", "zone_category": "Residential", "ev_permitted": false}, "geometry": {"type": "Polygon", "coordinates": [[[-73.8561090242495, 40.8848335279892], [-73.8559486070192, 40.8851255562002], [-73.8560069762991, 40.8851440340059], [-73.8561673514931, 40.8848520808453], [-73.8561090242495, 40.8848335279892]]]}}, {"type": "Feature", "properties": {"zone_id": "0200O5ZJZV3FVHMPRS3IT6", "tract_id": "36005039600", "city": "BRONX, NY", "zone_code": "R4", "zone_category": "Residential", "ev_permitted": false}, "geometry": {"type": "Polygon", "coordinates": [[[-73.8556278166345, 40.885024008844], [-73.8554672713526, 40.8853162624691], [-73.8555740799439, 40.8853500730364], [-73.855734624838, 40.8850578192645], [-73.8556278166345, 40.885024008844]]]}}, {"type": "Feature", "properties": {"zone_id": "0202P4MJUK893CRG7350VV", "tract_id": "36005039600", "city": "BRONX, NY", "zone_code": "R4", "zone_category": "Residential", "ev_permitted": false}, "geometry": {"type": "Polygon", "coordinates": [[[-73.855734624838, 40.8850578192645], [-73.8555740799439, 40.8853500730364], [-73.8556820192272, 40.8853842418597], [-73.855842562805, 40.8850919872358], [-73.855734624838, 40.8850578192645]]]}}, {"type": "Feature", "properties": {"zone_id": "0203NFWRH9ZFECD49A67MK", "tract_id": "36005039600", "city": "BRONX, NY", "zone_code": "R5", "zone_category": "Residential", "ev_permitted": false}, "geometry": {"type": "Polygon", "coordinates": [[[-73.8569074435472, 40.884635795498], [-73.8567657977902, 40.8848998148609], [-73.8568327019142, 40.8849210241688], [-73.8569743641834, 40.8846569731267], [-73.8569074435472, 40.884635795498]]]}}, {"type": "Feature", "properties": {"zone_id": "0201BW93TMR6VGRBQQ9GP4", "tract_id": "36005039600", "city": "BRONX, NY", "zone_code": "R5", "zone_category": "Residential", "ev_permitted": false}, "geometry": {"type": "Polygon", "coordinates": [[[-73.8567775446213, 40.8845946865822], [-73.8566360623452, 40.8848586877225], [-73.8567039591136, 40.8848802117161], [-73.8568455902008, 40.8846162205153], [-73.8567775446213, 40.8845946865822]]]}}, {"type": "Feature", "properties": {"zone_id": "02032B65OR6YE982XBGN1J", "tract_id": "36005039600", "city": "BRONX, NY", "zone_code": "R5", "zone_category": "Residential", "ev_permitted": false}, "geometry": {"type": "Polygon", "coordinates": [[[-73.8568455902008, 40.8846162205153], [-73.8567039591136, 40.8848802117161], [-73.8567657977902, 40.8848998148609], [-73.8569074435472, 40.884635795498], [-73.8568455902008, 40.8846162205153]]]}}, {"type": "Feature", "properties": {"zone_id": "02041X1RH6ZQVLB6JXYB8N", "tract_id": "36005039600", "city": "BRONX, NY", "zone_code": "R5", "zone_category": "Residential", "ev_permitted": false}, "geometry": {"type": "Polygon", "coordinates": [[[-73.8569743641834, 40.8846569731267], [-73.8568327019142, 40.8849210241688], [-73.8569028757029, 40.8849432696708], [-73.8570445563265, 40.8846791862453], [-73.8569743641834, 40.8846569731267]]]}}, {"type": "Feature", "properties": {"zone_id": "0203FI53A2BLPLNNYYOYBZ", "tract_id": "36005039600", "city": "BRONX, NY", "zone_code": "R5", "zone_category": "Residential", "ev_permitted": false}, "geometry": {"type": "Polygon", "coordinates": [[[-73.8567760060371, 40.8845941998508], [-73.8566343933066, 40.8848581586688], [-73.8566360623452, 40.8848586877225], [-73.8567227163206, 40.8846971703689], [-73.8567775446213, 40.8845946865822], [-73.8567760060371, 40.8845941998508]]]}}, {"type": "Feature", "properties": {"zone_id": "020260U87CD5QCRRQ2OKVY", "tract_id": "36005039600", "city": "BRONX, NY", "zone_code": "R5", "zone_category": "Residential", "ev_permitted": false}, "geometry": {"type": "Polygon", "coordinates": [[[-73.8569859707489, 40.884352458046], [-73.8568446280076, 40.8846159157811], [-73.8569074435472, 40.884635795498], [-73.8570487870077, 40.8843723376881], [-73.8569859707489, 40.884352458046]]]}}, {"type": "Feature", "properties": {"zone_id": "0203HT0J7I3IYW0TF6BG2B", "tract_id": "36005039600", "city": "BRONX, NY", "zone_code": "R5", "zone_category": "Residential", "ev_permitted": false}, "geometry": {"type": "Polygon", "coordinates": [[[-73.8569173508559, 40.884330742201], [-73.8567760060371, 40.8845941998508], [-73.8568446280076, 40.8846159157811], [-73.8569859707489, 40.884352458046], [-73.8569173508559, 40.884330742201]]]}}, {"type": "Feature", "properties": {"zone_id": "0201A72H6JHPN8HQFDB11F", "tract_id": "36005039600", "city": "BRONX, NY", "zone_code": "R5", "zone_category": "Residential", "ev_permitted": false}, "geometry": {"type": "Polygon", "coordinates": [[[-73.8566265111613, 40.8845137319089], [-73.8564697303884, 40.8848059593036], [-73.8565531600121, 40.8848324071337], [-73.8567099609318, 40.8845401410073], [-73.8566265111613, 40.8845137319089]]]}}, {"type": "Feature", "properties": {"zone_id": "0204MPTHIVL9NIXAO8A4CW", "tract_id": "36005039600", "city": "BRONX, NY", "zone_code": "R5", "zone_category": "Residential", "ev_permitted": false}, "geometry": {"type": "Polygon", "coordinates": [[[-73.8564596108949, 40.8844609128268], [-73.8563028704144, 40.8847530634607], [-73.8564697303884, 40.8848059593036], [-73.8566265111613, 40.8845137319089], [-73.8564596108949, 40.8844609128268]]]}}, {"type": "Feature", "properties": {"zone_id": "0200IBKRNQ86JRJ4JOWZ11", "tract_id": "36005039600", "city": "BRONX, NY", "zone_code": "R5", "zone_category": "Residential", "ev_permitted": false}, "geometry": {"type": "Polygon", "coordinates": [[[-73.8563713083981, 40.8844661254814], [-73.8562297938, 40.8847298970305], [-73.8563028704144, 40.8847530634607], [-73.8564444033625, 40.8844892574168], [-73.8563713083981, 40.8844661254814]]]}}, {"type": "Feature", "properties": {"zone_id": "02002FHQVNATH1CHQ74MXC", "tract_id": "36005039600", "city": "BRONX, NY", "zone_code": "R4", "zone_category": "Residential", "ev_permitted": false}, "geometry": {"type": "Polygon", "coordinates": [[[-73.8559883628947, 40.8847951489224], [-73.8558278587858, 40.8850873335487], [-73.8558902821791, 40.8851070931758], [-73.8560507405198, 40.8848149899133], [-73.8559883628947, 40.8847951489224]]]}}, {"type": "Feature", "properties": {"zone_id": "0201UL1TGFAY8VKGSXBYUA", "tract_id": "36005039600", "city": "BRONX, NY", "zone_code": "R4", "zone_category": "Residential", "ev_permitted": false}, "geometry": {"type": "Polygon", "coordinates": [[[-73.8557475291, 40.8847185448984], [-73.8555868530875, 40.885011041655], [-73.8556482031201, 40.8850304621004], [-73.8558088361483, 40.884738045307], [-73.8557475291, 40.8847185448984]]]}}, {"type": "Feature", "properties": {"zone_id": "0202BPRD9PZ0FND842BANY", "tract_id": "36005039600", "city": "BRONX, NY", "zone_code": "R4", "zone_category": "Residential", "ev_permitted": false}, "geometry": {"type": "Polygon", "coordinates": [[[-73.8558088361483, 40.884738045307], [-73.8556482031201, 40.8850304621004], [-73.855708988824, 40.8850497040394], [-73.8558695770216, 40.8847573658025], [-73.8558088361483, 40.884738045307]]]}}, {"type": "Feature", "properties": {"zone_id": "0200VYL5ZVRFU3P3QMCOHR", "tract_id": "36005039600", "city": "BRONX, NY", "zone_code": "R5", "zone_category": "Residential", "ev_permitted": false}, "geometry": {"type": "Polygon", "coordinates": [[[-73.8563012471562, 40.8844439528681], [-73.8561597499878, 40.884707692033], [-73.8562297938, 40.8847298970305], [-73.8563713083981, 40.8844661254814], [-73.8563012471562, 40.8844439528681]]]}}, {"type": "Feature", "properties": {"zone_id": "0206OIU77GRJTFEDK6JUHL", "tract_id": "36005039600", "city": "BRONX, NY", "zone_code": "R5D", "zone_category": "Residential", "ev_permitted": false}, "geometry": {"type": "Polygon", "coordinates": [[[-73.8560382664967, 40.8843607261795], [-73.8558968326068, 40.8846243435492], [-73.8559647474007, 40.8846458736228], [-73.8561061978001, 40.8843822245729], [-73.8560382664967, 40.8843607261795]]]}}, {"type": "Feature", "properties": {"zone_id": "02009OGHPR2U2G7FBTAZH8", "tract_id": "36005039600", "city": "BRONX, NY", "zone_code": "R5", "zone_category": "Residential", "ev_permitted": false}, "geometry": {"type": "Polygon", "coordinates": [[[-73.8562385800072, 40.8844241200819], [-73.8560970975063, 40.8846878310838], [-73.8561597499878, 40.884707692033], [-73.8563012471562, 40.8844439528681], [-73.8562385800072, 40.8844241200819]]]}}, {"type": "Feature", "properties": {"zone_id": "0203FQZAH17M29L1Q28T45", "tract_id": "36005039600", "city": "BRONX, NY", "zone_code": "R5D", "zone_category": "Residential", "ev_permitted": false}, "geometry": {"type": "Polygon", "coordinates": [[[-73.8561061978001, 40.8843822245729], [-73.8559647474007, 40.8846458736228], [-73.8560284609856, 40.8846660718299], [-73.8561699279038, 40.8844023932129], [-73.8561061978001, 40.8843822245729]]]}}, {"type": "Feature", "properties": {"zone_id": "02003YYIDURLRLFFQPJI47", "tract_id": "36005039600", "city": "BRONX, NY", "zone_code": "R5D", "zone_category": "Residential", "ev_permitted": false}, "geometry": {"type": "Polygon", "coordinates": [[[-73.855975795641, 40.88434095603], [-73.8558343773467, 40.8846045445356], [-73.8558968326068, 40.8846243435492], [-73.8560382664967, 40.8843607261795], [-73.855975795641, 40.88434095603]]]}}, {"type": "Feature", "properties": {"zone_id": "0203PMADGXMG6FF3NM34CR", "tract_id": "36005039600", "city": "BRONX, NY", "zone_code": "R5", "zone_category": "Residential", "ev_permitted": false}, "geometry": {"type": "Polygon", "coordinates": [[[-73.8567099609318, 40.8845401410073], [-73.8565531600121, 40.8848324071337], [-73.8566343933066, 40.8848581586688], [-73.856791214378, 40.8845658552188], [-73.8567099609318, 40.8845401410073]]]}}, {"type": "Feature", "properties": {"zone_id": "0205XT1F0FZQWTNYQQILS5", "tract_id": "36005039600", "city": "BRONX, NY", "zone_code": "R4", "zone_category": "Residential", "ev_permitted": false}, "geometry": {"type": "Polygon", "coordinates": [[[-73.8558695770216, 40.8847573658025], [-73.855708988824, 40.8850497040394], [-73.8557651430746, 40.8850674793685], [-73.855925692024, 40.884775214783], [-73.8558695770216, 40.8847573658025]]]}}, {"type": "Feature", "properties": {"zone_id": "0204OI4ECXOZTJBREMWU4G", "tract_id": "36005039600", "city": "BRONX, NY", "zone_code": "R4", "zone_category": "Residential", "ev_permitted": false}, "geometry": {"type": "Polygon", "coordinates": [[[-73.855925692024, 40.884775214783], [-73.8557651430746, 40.8850674793685], [-73.8558278587858, 40.8850873335487], [-73.8559883628947, 40.8847951489224], [-73.855925692024, 40.884775214783]]]}}, {"type": "Feature", "properties": {"zone_id": "02073FA3EM9VD2QNGKXFIA", "tract_id": "36005039600", "city": "BRONX, NY", "zone_code": "R4", "zone_category": "Residential", "ev_permitted": false}, "geometry": {"type": "Polygon", "coordinates": [[[-73.8556835982795, 40.8846982099523], [-73.8555228755637, 40.8849907894746], [-73.8555868530875, 40.885011041655], [-73.8557475291, 40.8847185448984], [-73.8556835982795, 40.8846982099523]]]}}, {"type": "Feature", "properties": {"zone_id": "0206UTYENXLGTJPBLB81CM", "tract_id": "36005039600", "city": "BRONX, NY", "zone_code": "R5D", "zone_category": "Residential", "ev_permitted": false}, "geometry": {"type": "Polygon", "coordinates": [[[-73.8561699279038, 40.8844023932129], [-73.8560284609856, 40.8846660718299], [-73.8560970975063, 40.8846878310838], [-73.8562385800072, 40.8844241200819], [-73.8561699279038, 40.8844023932129]]]}}, {"type": "Feature", "properties": {"zone_id": "0205FH8779FIXYHH84XUB9", "tract_id": "36005039600", "city": "BRONX, NY", "zone_code": "R5D", "zone_category": "Residential", "ev_permitted": false}, "geometry": {"type": "Polygon", "coordinates": [[[-73.8559054645121, 40.8843186971167], [-73.8557640627196, 40.8845822539393], [-73.8558343773467, 40.8846045445356], [-73.855975795641, 40.88434095603], [-73.8559054645121, 40.8843186971167]]]}}, {"type": "Feature", "properties": {"zone_id": "0206QKWE29F88LTP1CG2SS", "tract_id": "36005039600", "city": "BRONX, NY", "zone_code": "R4", "zone_category": "Residential", "ev_permitted": false}, "geometry": {"type": "Polygon", "coordinates": [[[-73.8555109934067, 40.8849870281197], [-73.8553504486264, 40.8852792815855], [-73.8554672713526, 40.8853162624691], [-73.8556278166345, 40.885024008844], [-73.8555109934067, 40.8849870281197]]]}}, {"type": "Feature", "properties": {"zone_id": "0206ELQGS606LUWSCQRMLG", "tract_id": "36005039600", "city": "BRONX, NY", "zone_code": "R4", "zone_category": "Residential", "ev_permitted": false}, "geometry": {"type": "Polygon", "coordinates": [[[-73.8554554526915, 40.8849694459585], [-73.8552949077095, 40.8852616993479], [-73.8553504486264, 40.8852792815855], [-73.8555109934067, 40.8849870281197], [-73.8554554526915, 40.8849694459585]]]}}, {"type": "Feature", "properties": {"zone_id": "02056MO23517YHP6YXQKQH", "tract_id": "36005039600", "city": "BRONX, NY", "zone_code": "R4", "zone_category": "Residential", "ev_permitted": false}, "geometry": {"type": "Polygon", "coordinates": [[[-73.8556162230582, 40.8846767794609], [-73.8554554526915, 40.8849694459585], [-73.8555228755637, 40.8849907894746], [-73.8556835982795, 40.8846982099523], [-73.8556162230582, 40.8846767794609]]]}}, {"type": "Feature", "properties": {"zone_id": "0200EVC7QEK0XHP5ZQZ1KL", "tract_id": "36005039600", "city": "BRONX, NY", "zone_code": "R5", "zone_category": "Residential", "ev_permitted": false}, "geometry": {"type": "Polygon", "coordinates": [[[-73.860781875188, 40.8841806420466], [-73.8606261053051, 40.8844669951975], [-73.8607911308353, 40.8845191665863], [-73.8609467495328, 40.8842331074405], [-73.860781875188, 40.8841806420466]]]}}, {"type": "Feature", "properties": {"zone_id": "0202KS617KLBP3MFVRHJKZ", "tract_id": "36005039600", "city": "", "zone_code": "R5", "zone_category": "Residential", "ev_permitted": false}, "geometry": {"type": "Polygon", "coordinates": [[[-73.8610487870068, 40.8841971792305], [-73.8610141765104, 40.8842498700504], [-73.8610376424994, 40.8842572233359], [-73.8608798800335, 40.8845472232387], [-73.8609686293068, 40.8845752798228], [-73.861126391452, 40.8842852798002], [-73.8611029254433, 40.8842779265328], [-73.8611355954856, 40.8842247436114], [-73.8610487870068, 40.8841971792305]]]}}, {"type": "Feature", "properties": {"zone_id": "02077UXD0JX7VXIBIT7R8E", "tract_id": "36005039600", "city": "", "zone_code": "R5", "zone_category": "Residential", "ev_permitted": false}, "geometry": {"type": "Polygon", "coordinates": [[[-73.8607877210407, 40.8841698951796], [-73.860781875188, 40.8841806420466], [-73.8609467495328, 40.8842331074405], [-73.8607911308353, 40.8845191665863], [-73.8608798800335, 40.8845472232387], [-73.8610376424994, 40.8842572233359], [-73.8610141765104, 40.8842498700504], [-73.8610487870068, 40.8841971792305], [-73.8610035976275, 40.8841828302939], [-73.8609878036347, 40.8842118914689], [-73.8608893442425, 40.8841806268811], [-73.8608801461104, 40.8841975360886], [-73.8607877210407, 40.8841698951796]]]}}, {"type": "Feature", "properties": {"zone_id": "0207H0UGB36S7UF9BIQNEJ", "tract_id": "36005039600", "city": "BRONX, NY", "zone_code": "R5", "zone_category": "Residential", "ev_permitted": false}, "geometry": {"type": "Polygon", "coordinates": [[[-73.860703411, 40.8841514250218], [-73.8605455471214, 40.8844415283432], [-73.8606261053051, 40.8844669951975], [-73.8607838705848, 40.8841769738577], [-73.860703411, 40.8841514250218]]]}}, {"type": "Feature", "properties": {"zone_id": "020129OK5X2CR2JV3IEI07", "tract_id": "36005039600", "city": "BRONX, NY", "zone_code": "R5", "zone_category": "Residential", "ev_permitted": false}, "geometry": {"type": "Polygon", "coordinates": [[[-73.8606167600788, 40.884123910393], [-73.8604588780551, 40.8844141288089], [-73.8605455471214, 40.8844415283432], [-73.860703411, 40.8841514250218], [-73.8606167600788, 40.884123910393]]]}}, {"type": "Feature", "properties": {"zone_id": "0205V496BAMHAGVD731U4Q", "tract_id": "36005039600", "city": "BRONX, NY", "zone_code": "R5", "zone_category": "Residential", "ev_permitted": false}, "geometry": {"type": "Polygon", "coordinates": [[[-73.8605349563179, 40.8840979340157], [-73.8603769969661, 40.8843882428686], [-73.8604588780551, 40.8844141288089], [-73.8606167600788, 40.884123910393], [-73.8605349563179, 40.8840979340157]]]}}, {"type": "Feature", "properties": {"zone_id": "0202FHETPWK5G0QT7ILOXJ", "tract_id": "36005039600", "city": "BRONX, NY", "zone_code": "R5", "zone_category": "Residential", "ev_permitted": false}, "geometry": {"type": "Polygon", "coordinates": [[[-73.8604499671847, 40.8840709454393], [-73.8602919758165, 40.8843613644535], [-73.8603769969661, 40.8843882428686], [-73.8605349563179, 40.8840979340157], [-73.8604499671847, 40.8840709454393]]]}}, {"type": "Feature", "properties": {"zone_id": "0205PZDEZE3XL7EKW3U5YM", "tract_id": "36005039600", "city": "BRONX, NY", "zone_code": "R5", "zone_category": "Residential", "ev_permitted": false}, "geometry": {"type": "Polygon", "coordinates": [[[-73.8609445713266, 40.8838815546246], [-73.8607877210407, 40.8841698951796], [-73.8608801461104, 40.8841975360886], [-73.8610362162616, 40.8839106531531], [-73.8609445713266, 40.8838815546246]]]}}, {"type": "Feature", "properties": {"zone_id": "0205QJXZ4I410Z8JY0XKMF", "tract_id": "36005039600", "city": "BRONX, NY", "zone_code": "R5", "zone_category": "Residential", "ev_permitted": false}, "geometry": {"type": "Polygon", "coordinates": [[[-73.8610362162616, 40.8839106531531], [-73.8608893442425, 40.8841806268811], [-73.8609878036347, 40.8842118914689], [-73.861134553202, 40.883941876717], [-73.8610362162616, 40.8839106531531]]]}}, {"type": "Feature", "properties": {"zone_id": "0204W7SZLF7IR94BUBDS9X", "tract_id": "36005039600", "city": "BRONX, NY", "zone_code": "R5", "zone_category": "Residential", "ev_permitted": false}, "geometry": {"type": "Polygon", "coordinates": [[[-73.8607774669794, 40.8838284963149], [-73.8606167600788, 40.884123910393], [-73.8607838705848, 40.8841769738577], [-73.8609445713266, 40.8838815546246], [-73.8607774669794, 40.8838284963149]]]}}, {"type": "Feature", "properties": {"zone_id": "0203TL9SJWONDULSJ9XW9Q", "tract_id": "36005039600", "city": "BRONX, NY", "zone_code": "R5", "zone_category": "Residential", "ev_permitted": false}, "geometry": {"type": "Polygon", "coordinates": [[[-73.8606956394586, 40.8838025151026], [-73.8605349563179, 40.8840979340157], [-73.8606167600788, 40.884123910393], [-73.8607774669794, 40.8838284963149], [-73.8606956394586, 40.8838025151026]]]}}, {"type": "Feature", "properties": {"zone_id": "02079RJ6XK3QYS7GJID30Y", "tract_id": "36005039600", "city": "BRONX, NY", "zone_code": "R5", "zone_category": "Residential", "ev_permitted": false}, "geometry": {"type": "Polygon", "coordinates": [[[-73.8606053950973, 40.8837738599554], [-73.8604447125543, 40.884069276989], [-73.8605349563179, 40.8840979340157], [-73.8606956394586, 40.8838025151026], [-73.8606053950973, 40.8837738599554]]]}}, {"type": "Feature", "properties": {"zone_id": "02051597NTL0L4EDY1WJDB", "tract_id": "36005039600", "city": "BRONX, NY", "zone_code": "R5", "zone_category": "Residential", "ev_permitted": false}, "geometry": {"type": "Polygon", "coordinates": [[[-73.8603823263869, 40.88404946752], [-73.8602242688881, 40.8843399594377], [-73.8602919758165, 40.8843613644535], [-73.8604499671847, 40.8840709454393], [-73.8603823263869, 40.88404946752]]]}}, {"type": "Feature", "properties": {"zone_id": "02022XSA917SG5LRZ4CBMC", "tract_id": "36005039600", "city": "BRONX, NY", "zone_code": "R5", "zone_category": "Residential", "ev_permitted": false}, "geometry": {"type": "Polygon", "coordinates": [[[-73.8603186158473, 40.8840292365865], [-73.8601605310998, 40.8843198091889], [-73.8602242688881, 40.8843399594377], [-73.8603823263869, 40.88404946752], [-73.8603186158473, 40.8840292365865]]]}}, {"type": "Feature", "properties": {"zone_id": "0206FWN8VJWEOQ797BHGI1", "tract_id": "36005039600", "city": "BRONX, NY", "zone_code": "R5", "zone_category": "Residential", "ev_permitted": false}, "geometry": {"type": "Polygon", "coordinates": [[[-73.8602494291438, 40.8840072662749], [-73.8600913013829, 40.8842979223461], [-73.8601605310998, 40.8843198091889], [-73.8603186158473, 40.8840292365865], [-73.8602494291438, 40.8840072662749]]]}}, {"type": "Feature", "properties": {"zone_id": "0206LLXMG408BXTNB85JIS", "tract_id": "36005039600", "city": "BRONX, NY", "zone_code": "R5", "zone_category": "Residential", "ev_permitted": false}, "geometry": {"type": "Polygon", "coordinates": [[[-73.8601828265408, 40.883986116926], [-73.8600246576333, 40.8842768536612], [-73.8600913013829, 40.8842979223461], [-73.8602494291438, 40.8840072662749], [-73.8601828265408, 40.883986116926]]]}}, {"type": "Feature", "properties": {"zone_id": "0207AE9AX6Z4VWWYE1M5D4", "tract_id": "36005039600", "city": "BRONX, NY", "zone_code": "R5", "zone_category": "Residential", "ev_permitted": false}, "geometry": {"type": "Polygon", "coordinates": [[[-73.8601172453892, 40.8839652919913], [-73.8599590436694, 40.8842561101045], [-73.8600246576333, 40.8842768536612], [-73.8601828265408, 40.883986116926], [-73.8601172453892, 40.8839652919913]]]}}, {"type": "Feature", "properties": {"zone_id": "0206SE0GBD4CURPM7L213Y", "tract_id": "36005039600", "city": "BRONX, NY", "zone_code": "R5", "zone_category": "Residential", "ev_permitted": false}, "geometry": {"type": "Polygon", "coordinates": [[[-73.8600367955689, 40.8839397455115], [-73.8598785387339, 40.8842306590084], [-73.8599590436694, 40.8842561101045], [-73.8601172453892, 40.8839652919913], [-73.8600367955689, 40.8839397455115]]]}}, {"type": "Feature", "properties": {"zone_id": "0203GQDU1PLIGN77OB1C89", "tract_id": "36005039600", "city": "BRONX, NY", "zone_code": "R5", "zone_category": "Residential", "ev_permitted": false}, "geometry": {"type": "Polygon", "coordinates": [[[-73.8599514006814, 40.883912628194], [-73.8597930961002, 40.8842036462112], [-73.8598785387339, 40.8842306590084], [-73.8600367955689, 40.8839397455115], [-73.8599514006814, 40.883912628194]]]}}, {"type": "Feature", "properties": {"zone_id": "0204P2INKHSGWU7H72GJ0A", "tract_id": "36005039600", "city": "BRONX, NY", "zone_code": "R5", "zone_category": "Residential", "ev_permitted": false}, "geometry": {"type": "Polygon", "coordinates": [[[-73.8598652287064, 40.8838852639453], [-73.8597068661951, 40.884176385064], [-73.8597930961002, 40.8842036462112], [-73.8599514006814, 40.883912628194], [-73.8598652287064, 40.8838852639453]]]}}, {"type": "Feature", "properties": {"zone_id": "02010QJY2KCRHD8BXQGOOI", "tract_id": "36005039600", "city": "BRONX, NY", "zone_code": "R5", "zone_category": "Residential", "ev_permitted": false}, "geometry": {"type": "Polygon", "coordinates": [[[-73.8597834745678, 40.8838593025519], [-73.8596250661836, 40.884150523982], [-73.8597068661951, 40.884176385064], [-73.8598652287064, 40.8838852639453], [-73.8597834745678, 40.8838593025519]]]}}, {"type": "Feature", "properties": {"zone_id": "02075AXWP7U1TWTY3W7JNJ", "tract_id": "36005039600", "city": "BRONX, NY", "zone_code": "R5", "zone_category": "Residential", "ev_permitted": false}, "geometry": {"type": "Polygon", "coordinates": [[[-73.8604485909432, 40.8837240710505], [-73.8602878930264, 40.8840194804729], [-73.8603781368873, 40.8840481370957], [-73.8605388354019, 40.8837527257938], [-73.8604485909432, 40.8837240710505]]]}}, {"type": "Feature", "properties": {"zone_id": "0205EMNXP9K9TVMYLPSWD3", "tract_id": "36005039600", "city": "BRONX, NY", "zone_code": "R5", "zone_category": "Residential", "ev_permitted": false}, "geometry": {"type": "Polygon", "coordinates": [[[-73.8605388354019, 40.8837527257938], [-73.8603781368873, 40.8840481370957], [-73.8604447125543, 40.884069276989], [-73.8606053950973, 40.8837738599554], [-73.8605388354019, 40.8837527257938]]]}}, {"type": "Feature", "properties": {"zone_id": "0206H9MQBUWMMCNWBFO8ZL", "tract_id": "36005039600", "city": "BRONX, NY", "zone_code": "R5", "zone_category": "Residential", "ev_permitted": false}, "geometry": {"type": "Polygon", "coordinates": [[[-73.8610099199897, 40.8834176149029], [-73.8608505919812, 40.88371647463], [-73.8610177841666, 40.8837694802429], [-73.8611771264161, 40.8834705950107], [-73.8610099199897, 40.8834176149029]]]}}, {"type": "Feature", "properties": {"zone_id": "0202YF5A6PC0PG6MXO2HXG", "tract_id": "36005039600", "city": "BRONX, NY", "zone_code": "R5", "zone_category": "Residential", "ev_permitted": false}, "geometry": {"type": "Polygon", "coordinates": [[[-73.8608427129039, 40.8833646345512], [-73.8606834140127, 40.8836634385777], [-73.8608505919812, 40.88371647463], [-73.8610099199897, 40.8834176149029], [-73.8608427129039, 40.8833646345512]]]}}, {"type": "Feature", "properties": {"zone_id": "0200KT6G8P0SLUG1FQF55G", "tract_id": "36005039600", "city": "BRONX, NY", "zone_code": "R5", "zone_category": "Residential", "ev_permitted": false}, "geometry": {"type": "Polygon", "coordinates": [[[-73.8607313270879, 40.8833293407511], [-73.8605720593271, 40.8836281116398], [-73.8606834140127, 40.8836634385777], [-73.8608427129039, 40.8833646345512], [-73.8607313270879, 40.8833293407511]]]}}, {"type": "Feature", "properties": {"zone_id": "0200G28HQ5C2XTPH1LGZSH", "tract_id": "36005039600", "city": "BRONX, NY", "zone_code": "R5", "zone_category": "Residential", "ev_permitted": false}, "geometry": {"type": "Polygon", "coordinates": [[[-73.8606769688673, 40.8833120857388], [-73.860517714851, 40.883610827762], [-73.8605720593271, 40.8836281116398], [-73.8607313270879, 40.8833293407511], [-73.8606769688673, 40.8833120857388]]]}}, {"type": "Feature", "properties": {"zone_id": "0202MZ03PKLNV17PERT3T8", "tract_id": "36005039600", "city": "BRONX, NY", "zone_code": "R5", "zone_category": "Residential", "ev_permitted": false}, "geometry": {"type": "Polygon", "coordinates": [[[-73.8605644979217, 40.8832764791973], [-73.8604052760669, 40.8835751360871], [-73.8604556153138, 40.8835911679881], [-73.8606148750844, 40.8832924415142], [-73.8605644979217, 40.8832764791973]]]}}, {"type": "Feature", "properties": {"zone_id": "0205YVDABMY7JZ6JSYRGAQ", "tract_id": "36005039600", "city": "BRONX, NY", "zone_code": "R5", "zone_category": "Residential", "ev_permitted": false}, "geometry": {"type": "Polygon", "coordinates": [[[-73.8606148750844, 40.8832924415142], [-73.8604556153138, 40.8835911679881], [-73.860517714851, 40.883610827762], [-73.8606769688673, 40.8833120857388], [-73.8606148750844, 40.8832924415142]]]}}, {"type": "Feature", "properties": {"zone_id": "0206ACB9AM1WOSLUZA3UVZ", "tract_id": "36005039600", "city": "BRONX, NY", "zone_code": "R5", "zone_category": "Residential", "ev_permitted": false}, "geometry": {"type": "Polygon", "coordinates": [[[-73.8605057672029, 40.8832579203411], [-73.8603465515811, 40.8835565905089], [-73.8604052760669, 40.8835751360871], [-73.8605644979217, 40.8832764791973], [-73.8605057672029, 40.8832579203411]]]}}, {"type": "Feature", "properties": {"zone_id": "0202Y7HQH6IKI6B3MM6NWY", "tract_id": "36005039600", "city": "BRONX, NY", "zone_code": "R5", "zone_category": "Residential", "ev_permitted": false}, "geometry": {"type": "Polygon", "coordinates": [[[-73.8601121164715, 40.8836172326046], [-73.8599514006814, 40.883912628194], [-73.8601172453892, 40.8839652919913], [-73.8602779402243, 40.8836698856096], [-73.8601121164715, 40.8836172326046]]]}}, {"type": "Feature", "properties": {"zone_id": "0205NKSTONV3CY94K48QYE", "tract_id": "36005039600", "city": "BRONX, NY", "zone_code": "R5", "zone_category": "Residential", "ev_permitted": false}, "geometry": {"type": "Polygon", "coordinates": [[[-73.8602779402243, 40.8836698856096], [-73.8601172453892, 40.8839652919913], [-73.8602878930264, 40.8840194804729], [-73.8604485909432, 40.8837240710505], [-73.8602779402243, 40.8836698856096]]]}}, {"type": "Feature", "properties": {"zone_id": "0201VGT2DMGWDR5AZGB2AR", "tract_id": "36005039600", "city": "BRONX, NY", "zone_code": "R5", "zone_category": "Residential", "ev_permitted": false}, "geometry": {"type": "Polygon", "coordinates": [[[-73.8599441456331, 40.8835638965988], [-73.8597834745678, 40.8838593025519], [-73.8599514006814, 40.883912628194], [-73.8601121164715, 40.8836172326046], [-73.8599441456331, 40.8835638965988]]]}}, {"type": "Feature", "properties": {"zone_id": "02062TO2SO3BEF5ZM6DWDI", "tract_id": "36005039600", "city": "BRONX, NY", "zone_code": "R5", "zone_category": "Residential", "ev_permitted": false}, "geometry": {"type": "Polygon", "coordinates": [[[-73.8595733350599, 40.8835503108685], [-73.8595440137555, 40.8836025685393], [-73.8598673107413, 40.8837052323076], [-73.8598958694849, 40.8836527326244], [-73.8595733350599, 40.8835503108685]]]}}, {"type": "Feature", "properties": {"zone_id": "0204XTIA8S4CYS1LPAIZQN", "tract_id": "36005039600", "city": "BRONX, NY", "zone_code": "R5", "zone_category": "Residential", "ev_permitted": false}, "geometry": {"type": "Polygon", "coordinates": [[[-73.859622938256, 40.8834619044981], [-73.8595733350599, 40.8835503108685], [-73.8598958694849, 40.8836527326244], [-73.8599441456331, 40.8835638965988], [-73.859622938256, 40.8834619044981]]]}}, {"type": "Feature", "properties": {"zone_id": "0201ZVMY1LR5UDCFLEFHSF", "tract_id": "36005039600", "city": "BRONX, NY", "zone_code": "R5", "zone_category": "Residential", "ev_permitted": false}, "geometry": {"type": "Polygon", "coordinates": [[[-73.8594579620723, 40.8837559353217], [-73.8592950967552, 40.8840462037189], [-73.8596250661836, 40.884150523982], [-73.8597834745678, 40.8838593025519], [-73.8594579620723, 40.8837559353217]]]}}, {"type": "Feature", "properties": {"zone_id": "02074SLJDUNYX4N3JZ73S8", "tract_id": "36005039600", "city": "BRONX, NY", "zone_code": "R5", "zone_category": "Residential", "ev_permitted": false}, "geometry": {"type": "Polygon", "coordinates": [[[-73.8595715402471, 40.8842808015593], [-73.8594141979382, 40.8845704528719], [-73.8594726104329, 40.8845888573096], [-73.8596299367312, 40.8842992347073], [-73.8595715402471, 40.8842808015593]]]}}, {"type": "Feature", "properties": {"zone_id": "0202TFCZ1TOPZMC44DT5C9", "tract_id": "36005039600", "city": "BRONX, NY", "zone_code": "R5", "zone_category": "Residential", "ev_permitted": false}, "geometry": {"type": "Polygon", "coordinates": [[[-73.8592255381802, 40.8841715838599], [-73.8591935098715, 40.8842305448416], [-73.8595394880251, 40.884339808278], [-73.8595715402471, 40.8842808015593], [-73.8592255381802, 40.8841715838599]]]}}, {"type": "Feature", "properties": {"zone_id": "0203GPH0Q5MGLYX9FPW77Q", "tract_id": "36005039600", "city": "BRONX, NY", "zone_code": "R5", "zone_category": "Residential", "ev_permitted": false}, "geometry": {"type": "Polygon", "coordinates": [[[-73.8591686697699, 40.8842762726155], [-73.8591436196802, 40.8843232142907], [-73.859489220785, 40.8844323439136], [-73.8595146499812, 40.8843855319119], [-73.8591686697699, 40.8842762726155]]]}}, {"type": "Feature", "properties": {"zone_id": "0206Q917Y2XQ3Y329FS4CW", "tract_id": "36005039600", "city": "BRONX, NY", "zone_code": "R5", "zone_category": "Residential", "ev_permitted": false}, "geometry": {"type": "Polygon", "coordinates": [[[-73.8591935098715, 40.8842305448416], [-73.8591686697699, 40.8842762726155], [-73.8595146499812, 40.8843855319119], [-73.8595394880251, 40.884339808278], [-73.8591935098715, 40.8842305448416]]]}}, {"type": "Feature", "properties": {"zone_id": "02046JBG7UKVJVB9PTBDVT", "tract_id": "36005039600", "city": "BRONX, NY", "zone_code": "R5", "zone_category": "Residential", "ev_permitted": false}, "geometry": {"type": "Polygon", "coordinates": [[[-73.8591436196802, 40.8843232142907], [-73.8591187431566, 40.8843681845619], [-73.8594647228398, 40.8844774433023], [-73.859489220785, 40.8844323439136], [-73.8591436196802, 40.8843232142907]]]}}, {"type": "Feature", "properties": {"zone_id": "0206L9B54WUT7DRFHLQJMY", "tract_id": "36005039600", "city": "BRONX, NY", "zone_code": "R5", "zone_category": "Residential", "ev_permitted": false}, "geometry": {"type": "Polygon", "coordinates": [[[-73.8591187431566, 40.8843681845619], [-73.8590935014393, 40.8844146488985], [-73.8594394906137, 40.8845238922669], [-73.8594647228398, 40.8844774433023], [-73.8591187431566, 40.8843681845619]]]}}, {"type": "Feature", "properties": {"zone_id": "02054C8GDGGP6Q8SUUYXO8", "tract_id": "36005039600", "city": "BRONX, NY", "zone_code": "R5", "zone_category": "Residential", "ev_permitted": false}, "geometry": {"type": "Polygon", "coordinates": [[[-73.8586018359837, 40.8841482231232], [-73.8585763424155, 40.8841945711047], [-73.8589242173461, 40.8843055517501], [-73.8589497107159, 40.8842592029901], [-73.8586018359837, 40.8841482231232]]]}}, {"type": "Feature", "properties": {"zone_id": "0201FIW66QJ3PINYIYO0X9", "tract_id": "36005039600", "city": "BRONX, NY", "zone_code": "R5", "zone_category": "Residential", "ev_permitted": false}, "geometry": {"type": "Polygon", "coordinates": [[[-73.8585763424155, 40.8841945711047], [-73.8585514213196, 40.8842398812786], [-73.85889929552, 40.884350861997], [-73.8589242173461, 40.8843055517501], [-73.8585763424155, 40.8841945711047]]]}}, {"type": "Feature", "properties": {"zone_id": "020159AC53VGIQOGWHB069", "tract_id": "36005039600", "city": "BRONX, NY", "zone_code": "R5", "zone_category": "Residential", "ev_permitted": false}, "geometry": {"type": "Polygon", "coordinates": [[[-73.8585514213196, 40.8842398812786], [-73.8585243030797, 40.884289181159], [-73.8588721821352, 40.88440015564], [-73.85889929552, 40.884350861997], [-73.8585514213196, 40.8842398812786]]]}}, {"type": "Feature", "properties": {"zone_id": "0207HL5Q0BW2AXORR4PSMR", "tract_id": "36005039600", "city": "BRONX, NY", "zone_code": "R5", "zone_category": "Residential", "ev_permitted": false}, "geometry": {"type": "Polygon", "coordinates": [[[-73.8585243030797, 40.884289181159], [-73.8584592351092, 40.8844074795034], [-73.8588071109584, 40.8845184604974], [-73.8588721821352, 40.88440015564], [-73.8585243030797, 40.884289181159]]]}}, {"type": "Feature", "properties": {"zone_id": "0200464GJ5GUBEP4K8V6SR", "tract_id": "36005039600", "city": "BRONX, NY", "zone_code": "R5", "zone_category": "Residential", "ev_permitted": false}, "geometry": {"type": "Polygon", "coordinates": [[[-73.8584431385591, 40.8842632898049], [-73.8583171891727, 40.8844922720667], [-73.8583983529936, 40.8845181656151], [-73.8585243030797, 40.884289181159], [-73.8584431385591, 40.8842632898049]]]}}, {"type": "Feature", "properties": {"zone_id": "0207H1H29COC7W3FHCBE55", "tract_id": "36005039600", "city": "BRONX, NY", "zone_code": "R5", "zone_category": "Residential", "ev_permitted": false}, "geometry": {"type": "Polygon", "coordinates": [[[-73.8586264977065, 40.8841033847947], [-73.8586018359837, 40.8841482231232], [-73.8589497107159, 40.8842592029901], [-73.8589743722437, 40.8842143652908], [-73.8586264977065, 40.8841033847947]]]}}, {"type": "Feature", "properties": {"zone_id": "0207GWE3B2AP6PI97GOF6Z", "tract_id": "36005039600", "city": "BRONX, NY", "zone_code": "R5", "zone_category": "Residential", "ev_permitted": false}, "geometry": {"type": "Polygon", "coordinates": [[[-73.8586840936354, 40.8839986711951], [-73.8586517179615, 40.8840575332338], [-73.8589995923009, 40.8841685136549], [-73.8590319677208, 40.8841096515198], [-73.8586840936354, 40.8839986711951]]]}}, {"type": "Feature", "properties": {"zone_id": "0205Z7H8CSJUCGBRKKD7R7", "tract_id": "36005039600", "city": "BRONX, NY", "zone_code": "R5", "zone_category": "Residential", "ev_permitted": false}, "geometry": {"type": "Polygon", "coordinates": [[[-73.8586517179615, 40.8840575332338], [-73.8586264977065, 40.8841033847947], [-73.8589743722437, 40.8842143652908], [-73.8589995923009, 40.8841685136549], [-73.8586517179615, 40.8840575332338]]]}}, {"type": "Feature", "properties": {"zone_id": "0205XIIYZE18KIP1H3IWHW", "tract_id": "36005039600", "city": "BRONX, NY", "zone_code": "R5", "zone_category": "Residential", "ev_permitted": false}, "geometry": {"type": "Polygon", "coordinates": [[[-73.8583498393266, 40.8838920348022], [-73.8581900447757, 40.8841825506294], [-73.85835717333, 40.8842358663662], [-73.858516966347, 40.8839453531199], [-73.8583498393266, 40.8838920348022]]]}}, {"type": "Feature", "properties": {"zone_id": "02004RY2BXKN2G2W53JYY6", "tract_id": "36005039600", "city": "BRONX, NY", "zone_code": "R5", "zone_category": "Residential", "ev_permitted": false}, "geometry": {"type": "Polygon", "coordinates": [[[-73.858516966347, 40.8839453531199], [-73.85835717333, 40.8842358663662], [-73.8585243030797, 40.884289181159], [-73.8586840936354, 40.8839986711951], [-73.858516966347, 40.8839453531199]]]}}, {"type": "Feature", "properties": {"zone_id": "02013BR1I7N4LCMCOHBLQA", "tract_id": "36005039600", "city": "BRONX, NY", "zone_code": "R5", "zone_category": "Residential", "ev_permitted": false}, "geometry": {"type": "Polygon", "coordinates": [[[-73.8595137473034, 40.8836565106874], [-73.8594846573, 40.8837083568761], [-73.8598095016188, 40.8838115124283], [-73.8598378179586, 40.8837594207003], [-73.8595137473034, 40.8836565106874]]]}}, {"type": "Feature", "properties": {"zone_id": "0204BRB1JBNNVBG85HAMY9", "tract_id": "36005039600", "city": "BRONX, NY", "zone_code": "R5", "zone_category": "Residential", "ev_permitted": false}, "geometry": {"type": "Polygon", "coordinates": [[[-73.8595440137555, 40.8836025685393], [-73.8595137473034, 40.8836565106874], [-73.8598378179586, 40.8837594207003], [-73.8598673107413, 40.8837052323076], [-73.8595440137555, 40.8836025685393]]]}}, {"type": "Feature", "properties": {"zone_id": "0206N51U69CD3FG5IXEEZX", "tract_id": "36005039600", "city": "BRONX, NY", "zone_code": "R5", "zone_category": "Residential", "ev_permitted": false}, "geometry": {"type": "Polygon", "coordinates": [[[-73.8594846573, 40.8837083568761], [-73.8594579620723, 40.8837559353217], [-73.8597834745678, 40.8838593025519], [-73.8598095016188, 40.8838115124283], [-73.8594846573, 40.8837083568761]]]}}, {"type": "Feature", "properties": {"zone_id": "0203W509C6N316LLLYPMY3", "tract_id": "36005039600", "city": "BRONX, NY", "zone_code": "R5", "zone_category": "Residential", "ev_permitted": false}, "geometry": {"type": "Polygon", "coordinates": [[[-73.8588982429467, 40.8836127666665], [-73.8588608539626, 40.8836792596429], [-73.859218076674, 40.883793597525], [-73.8592555406391, 40.8837269703217], [-73.8588982429467, 40.8836127666665]]]}}, {"type": "Feature", "properties": {"zone_id": "0207FH86GCOID8E526Q1ES", "tract_id": "36005039600", "city": "BRONX, NY", "zone_code": "R5", "zone_category": "Residential", "ev_permitted": false}, "geometry": {"type": "Polygon", "coordinates": [[[-73.8590806813278, 40.8837496208968], [-73.8589724212977, 40.8839421535068], [-73.8591098169701, 40.8839861302623], [-73.859218076674, 40.883793597525], [-73.8590806813278, 40.8837496208968]]]}}, {"type": "Feature", "properties": {"zone_id": "0204CPLC1RZT7SAY6NY8VG", "tract_id": "36005039600", "city": "BRONX, NY", "zone_code": "R5", "zone_category": "Residential", "ev_permitted": false}, "geometry": {"type": "Polygon", "coordinates": [[[-73.8589795063242, 40.8834682449112], [-73.8589530703233, 40.8835152607437], [-73.8593103685162, 40.8836294621244], [-73.8593366516509, 40.8835823996507], [-73.8589795063242, 40.8834682449112]]]}}, {"type": "Feature", "properties": {"zone_id": "0203N68S7BPOUR5N8Z9HHS", "tract_id": "36005039600", "city": "BRONX, NY", "zone_code": "R5", "zone_category": "Residential", "ev_permitted": false}, "geometry": {"type": "Polygon", "coordinates": [[[-73.8590798534897, 40.8832897842456], [-73.8590052973462, 40.8834223778049], [-73.8593619826593, 40.8835363850533], [-73.8594371506842, 40.8834039873465], [-73.8590798534897, 40.8832897842456]]]}}, {"type": "Feature", "properties": {"zone_id": "0204E6ZMZSTY3BY1C7BDZN", "tract_id": "36005039600", "city": "BRONX, NY", "zone_code": "R5", "zone_category": "Residential", "ev_permitted": false}, "geometry": {"type": "Polygon", "coordinates": [[[-73.8589276119209, 40.8835605366205], [-73.8588982429467, 40.8836127666665], [-73.8592555406391, 40.8837269703217], [-73.8592849084587, 40.8836747394821], [-73.8589276119209, 40.8835605366205]]]}}, {"type": "Feature", "properties": {"zone_id": "0206WB3GVQXNFI3GTU720C", "tract_id": "36005039600", "city": "BRONX, NY", "zone_code": "R5", "zone_category": "Residential", "ev_permitted": false}, "geometry": {"type": "Polygon", "coordinates": [[[-73.8590052973462, 40.8834223778049], [-73.8589795063242, 40.8834682449112], [-73.8593366516509, 40.8835823996507], [-73.8593619826593, 40.8835363850533], [-73.8590052973462, 40.8834223778049]]]}}, {"type": "Feature", "properties": {"zone_id": "0205X8UA3KLHZ8N3EGSUKB", "tract_id": "36005039600", "city": "BRONX, NY", "zone_code": "R5", "zone_category": "Residential", "ev_permitted": false}, "geometry": {"type": "Polygon", "coordinates": [[[-73.8589530703233, 40.8835152607437], [-73.8589276119209, 40.8835605366205], [-73.8592849084587, 40.8836747394821], [-73.8593103685162, 40.8836294621244], [-73.8589530703233, 40.8835152607437]]]}}, {"type": "Feature", "properties": {"zone_id": "0201VJ16Z1LT9O3WSLMFWE", "tract_id": "36005039600", "city": "BRONX, NY", "zone_code": "R5", "zone_category": "Residential", "ev_permitted": false}, "geometry": {"type": "Polygon", "coordinates": [[[-73.858675334169, 40.8831604864078], [-73.8585103670381, 40.8834538645604], [-73.8585883192157, 40.8834787808867], [-73.8584260924128, 40.8837672859325], [-73.8586631186365, 40.8838431531881], [-73.8588253947742, 40.8835545607471], [-73.8589148868914, 40.8835831657788], [-73.8590798534897, 40.8832897842456], [-73.858675334169, 40.8831604864078]]]}}, {"type": "Feature", "properties": {"zone_id": "0202BXZ0R59BBV26Q2L4WQ", "tract_id": "36005039600", "city": "BRONX, NY", "zone_code": "R5", "zone_category": "Residential", "ev_permitted": false}, "geometry": {"type": "Polygon", "coordinates": [[[-73.8590107564758, 40.8837272400024], [-73.8589024962811, 40.883919771845], [-73.8589724212977, 40.8839421535068], [-73.8590806813278, 40.8837496208968], [-73.8590107564758, 40.8837272400024]]]}}, {"type": "Feature", "properties": {"zone_id": "0201XFMA0N4VGJB3QUA7U4", "tract_id": "36005039600", "city": "BRONX, NY", "zone_code": "R5", "zone_category": "Residential", "ev_permitted": false}, "geometry": {"type": "Polygon", "coordinates": [[[-73.8588253947742, 40.8835545607471], [-73.8586631186365, 40.8838431531881], [-73.8587525934104, 40.8838717920492], [-73.8589148868914, 40.8835831657788], [-73.8588253947742, 40.8835545607471]]]}}, {"type": "Feature", "properties": {"zone_id": "0205CHBJS8CAJWG506LD0T", "tract_id": "36005039600", "city": "BRONX, NY", "zone_code": "R5", "zone_category": "Residential", "ev_permitted": false}, "geometry": {"type": "Polygon", "coordinates": [[[-73.8589376157627, 40.8837038285768], [-73.8588293553913, 40.8838963617568], [-73.8589024962811, 40.883919771845], [-73.8590107564758, 40.8837272400024], [-73.8589376157627, 40.8837038285768]]]}}, {"type": "Feature", "properties": {"zone_id": "02061JMLA868DPQHVYIG3U", "tract_id": "36005039600", "city": "BRONX, NY", "zone_code": "R5", "zone_category": "Residential", "ev_permitted": false}, "geometry": {"type": "Polygon", "coordinates": [[[-73.8588608539626, 40.8836792596429], [-73.8587525934104, 40.8838717920492], [-73.8588293553913, 40.8838963617568], [-73.8589376157627, 40.8837038285768], [-73.8588608539626, 40.8836792596429]]]}}, {"type": "Feature", "properties": {"zone_id": "020290O7IWEP6ZLHVMXSVK", "tract_id": "36005039600", "city": "BRONX, NY", "zone_code": "R5", "zone_category": "Residential", "ev_permitted": false}, "geometry": {"type": "Polygon", "coordinates": [[[-73.8584210704822, 40.8834253205836], [-73.8582588774719, 40.8837137629043], [-73.8584260924128, 40.8837672859325], [-73.8585883192157, 40.8834787808867], [-73.8584210704822, 40.8834253205836]]]}}, {"type": "Feature", "properties": {"zone_id": "0205OKM2JAMZUZONB0R8IB", "tract_id": "36005039600", "city": "BRONX, NY", "zone_code": "R5", "zone_category": "Residential", "ev_permitted": false}, "geometry": {"type": "Polygon", "coordinates": [[[-73.8608315305548, 40.883022139807], [-73.8606769688673, 40.8833120857388], [-73.8608427129039, 40.8833646345512], [-73.8609972638114, 40.88307468628], [-73.8608315305548, 40.883022139807]]]}}, {"type": "Feature", "properties": {"zone_id": "02001WJW8R7KHMMQLI4PN9", "tract_id": "36005039600", "city": "BRONX, NY", "zone_code": "R5", "zone_category": "Residential", "ev_permitted": false}, "geometry": {"type": "Polygon", "coordinates": [[[-73.8604987286654, 40.8829167206128], [-73.8603441778024, 40.8832066682271], [-73.8604287986144, 40.8832334814841], [-73.8605833611986, 40.8829435372857], [-73.8604987286654, 40.8829167206128]]]}}, {"type": "Feature", "properties": {"zone_id": "0201NDJ0L6MWZOP4RW9D5A", "tract_id": "36005039600", "city": "BRONX, NY", "zone_code": "R5", "zone_category": "Residential", "ev_permitted": false}, "geometry": {"type": "Polygon", "coordinates": [[[-73.8605833611986, 40.8829435372857], [-73.8604287986144, 40.8832334814841], [-73.8605057672029, 40.8832579203411], [-73.8606603285809, 40.8829679767425], [-73.8605833611986, 40.8829435372857]]]}}, {"type": "Feature", "properties": {"zone_id": "020539AJF9LR2XW7EHOSBT", "tract_id": "36005039600", "city": "BRONX, NY", "zone_code": "R5", "zone_category": "Residential", "ev_permitted": false}, "geometry": {"type": "Polygon", "coordinates": [[[-73.8606603285809, 40.8829679767425], [-73.8605057672029, 40.8832579203411], [-73.8606769688673, 40.8833120857388], [-73.8608315305548, 40.883022139807], [-73.8606603285809, 40.8829679767425]]]}}, {"type": "Feature", "properties": {"zone_id": "02066P51X76GQZUSB59O4U", "tract_id": "36005039600", "city": "BRONX, NY", "zone_code": "R5", "zone_category": "Residential", "ev_permitted": false}, "geometry": {"type": "Polygon", "coordinates": [[[-73.8604287986144, 40.8832334814841], [-73.8602696189578, 40.8835320820295], [-73.8603465515811, 40.8835565905089], [-73.8605057672029, 40.8832579203411], [-73.8604287986144, 40.8832334814841]]]}}, {"type": "Feature", "properties": {"zone_id": "0204DGTC4D5R62EZJ3EEOV", "tract_id": "36005039600", "city": "BRONX, NY", "zone_code": "R5", "zone_category": "Residential", "ev_permitted": false}, "geometry": {"type": "Polygon", "coordinates": [[[-73.8603441778024, 40.8832066682271], [-73.8601850062389, 40.8835052321301], [-73.8602696189578, 40.8835320820295], [-73.8604287986144, 40.8832334814841], [-73.8603441778024, 40.8832066682271]]]}}, {"type": "Feature", "properties": {"zone_id": "0205L5PPO7J99W7847846G", "tract_id": "36005039600", "city": "BRONX, NY", "zone_code": "R5", "zone_category": "Residential", "ev_permitted": false}, "geometry": {"type": "Polygon", "coordinates": [[[-73.8602601741544, 40.8831800502866], [-73.8601009892733, 40.8834786344361], [-73.8601850062389, 40.8835052321301], [-73.8603441778024, 40.8832066682271], [-73.8602601741544, 40.8831800502866]]]}}, {"type": "Feature", "properties": {"zone_id": "0203R8EJ6Y39TCI3HT8TVL", "tract_id": "36005039600", "city": "BRONX, NY", "zone_code": "R5", "zone_category": "Residential", "ev_permitted": false}, "geometry": {"type": "Polygon", "coordinates": [[[-73.8601767377085, 40.8831536121454], [-73.8600175515814, 40.883452200396], [-73.8601009892733, 40.8834786344361], [-73.8602601741544, 40.8831800502866], [-73.8601767377085, 40.8831536121454]]]}}, {"type": "Feature", "properties": {"zone_id": "0204E77ZPH4Q4S7ULO30UK", "tract_id": "36005039600", "city": "BRONX, NY", "zone_code": "R5", "zone_category": "Residential", "ev_permitted": false}, "geometry": {"type": "Polygon", "coordinates": [[[-73.8597834742349, 40.8831479074052], [-73.8597556383395, 40.8832001233741], [-73.8600946111184, 40.8833076481634], [-73.8601224495818, 40.8832554264961], [-73.8597834742349, 40.8831479074052]]]}}, {"type": "Feature", "properties": {"zone_id": "020153PJRIGV5GJRU9845I", "tract_id": "36005039600", "city": "BRONX, NY", "zone_code": "R5", "zone_category": "Residential", "ev_permitted": false}, "geometry": {"type": "Polygon", "coordinates": [[[-73.8597556383395, 40.8832001233741], [-73.8597288954646, 40.8832502889525], [-73.8600678684561, 40.8833578138193], [-73.8600946111184, 40.8833076481634], [-73.8597556383395, 40.8832001233741]]]}}, {"type": "Feature", "properties": {"zone_id": "0200GDTRUDNL0UJ544TLNW", "tract_id": "36005039600", "city": "BRONX, NY", "zone_code": "R5", "zone_category": "Residential", "ev_permitted": false}, "geometry": {"type": "Polygon", "coordinates": [[[-73.8598103397166, 40.8830975121987], [-73.8597834742349, 40.8831479074052], [-73.8601224495818, 40.8832554264961], [-73.8601493148515, 40.883205030509], [-73.8598103397166, 40.8830975121987]]]}}, {"type": "Feature", "properties": {"zone_id": "02032M42P0NGQXZSBW09B8", "tract_id": "36005039600", "city": "BRONX, NY", "zone_code": "R5", "zone_category": "Residential", "ev_permitted": false}, "geometry": {"type": "Polygon", "coordinates": [[[-73.8597288954646, 40.8832502889525], [-73.8596786218731, 40.8833445946326], [-73.8600175515814, 40.883452200396], [-73.8600678684561, 40.8833578138193], [-73.8597288954646, 40.8832502889525]]]}}, {"type": "Feature", "properties": {"zone_id": "020265H3AA1DUQ8SMCVUAD", "tract_id": "36005039600", "city": "BRONX, NY", "zone_code": "R5", "zone_category": "Residential", "ev_permitted": false}, "geometry": {"type": "Polygon", "coordinates": [[[-73.8603312901027, 40.8828636654563], [-73.8601767377085, 40.8831536121454], [-73.8603441778024, 40.8832066682271], [-73.8604987286654, 40.8829167206128], [-73.8603312901027, 40.8828636654563]]]}}, {"type": "Feature", "properties": {"zone_id": "0200XPIOCGR3DCP23ZUVL9", "tract_id": "36005039600", "city": "BRONX, NY", "zone_code": "R5", "zone_category": "Residential", "ev_permitted": false}, "geometry": {"type": "Polygon", "coordinates": [[[-73.8599922671519, 40.8827562403626], [-73.8598906831086, 40.8829467977038], [-73.8602297496174, 40.8830541451508], [-73.8603312901027, 40.8828636654563], [-73.8599922671519, 40.8827562403626]]]}}, {"type": "Feature", "properties": {"zone_id": "0204WPHKF224OQKJPGL9VX", "tract_id": "36005039600", "city": "BRONX, NY", "zone_code": "R5", "zone_category": "Residential", "ev_permitted": false}, "geometry": {"type": "Polygon", "coordinates": [[[-73.8598377144532, 40.8830461873072], [-73.8598103397166, 40.8830975121987], [-73.8601493148515, 40.883205030509], [-73.8601767377085, 40.8831536121454], [-73.8598377144532, 40.8830461873072]]]}}, {"type": "Feature", "properties": {"zone_id": "0207546ZOHJHGYZOBUOTQ9", "tract_id": "36005039600", "city": "BRONX, NY", "zone_code": "R5", "zone_category": "Residential", "ev_permitted": false}, "geometry": {"type": "Polygon", "coordinates": [[[-73.8598906831086, 40.8829467977038], [-73.8598628492377, 40.8829990115948], [-73.8602018750764, 40.8831064335529], [-73.8602297496174, 40.8830541451508], [-73.8598906831086, 40.8829467977038]]]}}, {"type": "Feature", "properties": {"zone_id": "0202FSP89L1J81MZ5IM5F7", "tract_id": "36005039600", "city": "BRONX, NY", "zone_code": "R5", "zone_category": "Residential", "ev_permitted": false}, "geometry": {"type": "Polygon", "coordinates": [[[-73.8598628492377, 40.8829990115948], [-73.8598377144532, 40.8830461873072], [-73.8601767377085, 40.8831536121454], [-73.8602018750764, 40.8831064335529], [-73.8598628492377, 40.8829990115948]]]}}, {"type": "Feature", "properties": {"zone_id": "02076UDP2BB9FV79WT3JUE", "tract_id": "36005039600", "city": "BRONX, NY", "zone_code": "R5", "zone_category": "Residential", "ev_permitted": false}, "geometry": {"type": "Polygon", "coordinates": [[[-73.8591825363053, 40.8830962708485], [-73.8591432126931, 40.8831668326635], [-73.8594886716737, 40.8832772859207], [-73.8595284085279, 40.8832059839091], [-73.8591825363053, 40.8830962708485]]]}}, {"type": "Feature", "properties": {"zone_id": "0205E9PB5UCC9CT4073BD1", "tract_id": "36005039600", "city": "BRONX, NY", "zone_code": "R5", "zone_category": "Residential", "ev_permitted": false}, "geometry": {"type": "Polygon", "coordinates": [[[-73.8592180737524, 40.8830325066688], [-73.8591825363053, 40.8830962708485], [-73.8595284085279, 40.8832059839091], [-73.8595639447762, 40.883142219623], [-73.8592180737524, 40.8830325066688]]]}}, {"type": "Feature", "properties": {"zone_id": "020158Z3I6ASROLWMTY0JD", "tract_id": "36005039600", "city": "BRONX, NY", "zone_code": "R5", "zone_category": "Residential", "ev_permitted": false}, "geometry": {"type": "Polygon", "coordinates": [[[-73.8592765940051, 40.8829274991246], [-73.8592473337862, 40.8829800029005], [-73.8595932050479, 40.8830897157688], [-73.859622465042, 40.8830372119062], [-73.8592765940051, 40.8829274991246]]]}}, {"type": "Feature", "properties": {"zone_id": "0204JGZSWV0G78DUORERJD", "tract_id": "36005039600", "city": "BRONX, NY", "zone_code": "R5", "zone_category": "Residential", "ev_permitted": false}, "geometry": {"type": "Polygon", "coordinates": [[[-73.8593054180947, 40.8828757773757], [-73.8592765940051, 40.8829274991246], [-73.859622465042, 40.8830372119062], [-73.859651289373, 40.8829854900726], [-73.8593054180947, 40.8828757773757]]]}}, {"type": "Feature", "properties": {"zone_id": "0205KSEGEAFGO22XYXQOEZ", "tract_id": "36005039600", "city": "BRONX, NY", "zone_code": "R5", "zone_category": "Residential", "ev_permitted": false}, "geometry": {"type": "Polygon", "coordinates": [[[-73.8593397797185, 40.8828141217539], [-73.8593054180947, 40.8828757773757], [-73.859651289373, 40.8829854900726], [-73.8596856498069, 40.8829238343479], [-73.8593397797185, 40.8828141217539]]]}}, {"type": "Feature", "properties": {"zone_id": "0205U9BVSJIKSGCO72KFLE", "tract_id": "36005039600", "city": "BRONX, NY", "zone_code": "R5", "zone_category": "Residential", "ev_permitted": false}, "geometry": {"type": "Polygon", "coordinates": [[[-73.8592473337862, 40.8829800029005], [-73.8592180737524, 40.8830325066688], [-73.8595639447762, 40.883142219623], [-73.8595932050479, 40.8830897157688], [-73.8592473337862, 40.8829800029005]]]}}, {"type": "Feature", "properties": {"zone_id": "02018H00TIEKSZ73F1HSRR", "tract_id": "36005039600", "city": "BRONX, NY", "zone_code": "R5", "zone_category": "Residential", "ev_permitted": false}, "geometry": {"type": "Polygon", "coordinates": [[[-73.859138584842, 40.8828228561322], [-73.8589765767919, 40.8831135537859], [-73.8590598947099, 40.8831401929035], [-73.8592220018981, 40.8828493167847], [-73.859138584842, 40.8828228561322]]]}}, {"type": "Feature", "properties": {"zone_id": "0204S426UYAAYQRBHC93EQ", "tract_id": "36005039600", "city": "BRONX, NY", "zone_code": "R5", "zone_category": "Residential", "ev_permitted": false}, "geometry": {"type": "Polygon", "coordinates": [[[-73.8592220018981, 40.8828493167847], [-73.8590598947099, 40.8831401929035], [-73.8591432126931, 40.8831668326635], [-73.8593054180947, 40.8828757773757], [-73.8592220018981, 40.8828493167847]]]}}, {"type": "Feature", "properties": {"zone_id": "0204E88QUK9O6UMKFO79WV", "tract_id": "36005039600", "city": "BRONX, NY", "zone_code": "R5", "zone_category": "Residential", "ev_permitted": false}, "geometry": {"type": "Polygon", "coordinates": [[[-73.8585860360832, 40.8831319432575], [-73.8584210704822, 40.8834253205836], [-73.8585103670381, 40.8834538645604], [-73.858675334169, 40.8831604864078], [-73.8585860360832, 40.8831319432575]]]}}, {"type": "Feature", "properties": {"zone_id": "02030ZGNIDGKOU1RPDLNUE", "tract_id": "36005039600", "city": "BRONX, NY", "zone_code": "R5", "zone_category": "Residential", "ev_permitted": false}, "geometry": {"type": "Polygon", "coordinates": [[[-73.8584992249209, 40.8831041949632], [-73.8583342590057, 40.8833975721667], [-73.8584210704822, 40.8834253205836], [-73.8585860360832, 40.8831319432575], [-73.8584992249209, 40.8831041949632]]]}}, {"type": "Feature", "properties": {"zone_id": "0203X6WNRVX96H0YWWGN7X", "tract_id": "36005039600", "city": "BRONX, NY", "zone_code": "R5", "zone_category": "Residential", "ev_permitted": false}, "geometry": {"type": "Polygon", "coordinates": [[[-73.8584120539417, 40.8830763316315], [-73.8582470877124, 40.8833697080093], [-73.8583342590057, 40.8833975721667], [-73.8584992249209, 40.8831041949632], [-73.8584120539417, 40.8830763316315]]]}}, {"type": "Feature", "properties": {"zone_id": "0201L8LH62CD2IG0LGJSLR", "tract_id": "36005039600", "city": "BRONX, NY", "zone_code": "R5", "zone_category": "Residential", "ev_permitted": false}, "geometry": {"type": "Polygon", "coordinates": [[[-73.8590549515945, 40.8827963266476], [-73.8588930424534, 40.8830868444305], [-73.8589765767919, 40.8831135537859], [-73.859138584842, 40.8828228561322], [-73.8590549515945, 40.8827963266476]]]}}, {"type": "Feature", "properties": {"zone_id": "0202U6T76XZL7K7P94SENU", "tract_id": "36005039600", "city": "BRONX, NY", "zone_code": "R5", "zone_category": "Residential", "ev_permitted": false}, "geometry": {"type": "Polygon", "coordinates": [[[-73.8589202930723, 40.8827536112386], [-73.8587585453782, 40.8830438409503], [-73.8588099402348, 40.8830602732607], [-73.8589717500049, 40.882769933942], [-73.8589202930723, 40.8827536112386]]]}}, {"type": "Feature", "properties": {"zone_id": "0203ZHGSA2V3I3EC369KOM", "tract_id": "36005039600", "city": "BRONX, NY", "zone_code": "R5", "zone_category": "Residential", "ev_permitted": false}, "geometry": {"type": "Polygon", "coordinates": [[[-73.8589717500049, 40.882769933942], [-73.8588099402348, 40.8830602732607], [-73.8588930424534, 40.8830868444305], [-73.8590549515945, 40.8827963266476], [-73.8589717500049, 40.882769933942]]]}}, {"type": "Feature", "properties": {"zone_id": "0204380NBQHSAHXDGQJU42", "tract_id": "36005039600", "city": "BRONX, NY", "zone_code": "R5", "zone_category": "Residential", "ev_permitted": false}, "geometry": {"type": "Polygon", "coordinates": [[[-73.8594675616608, 40.8825848348961], [-73.8594324995685, 40.882647748838], [-73.8597783689443, 40.8827574611575], [-73.8598134307687, 40.8826945464092], [-73.8594675616608, 40.8825848348961]]]}}, {"type": "Feature", "properties": {"zone_id": "0200N4K0XL22R5DP601D1R", "tract_id": "36005039600", "city": "BRONX, NY", "zone_code": "R5", "zone_category": "Residential", "ev_permitted": false}, "geometry": {"type": "Polygon", "coordinates": [[[-73.8594324995685, 40.882647748838], [-73.85940182564, 40.8827027901027], [-73.8597476952531, 40.8828125018104], [-73.8597783689443, 40.8827574611575], [-73.8594324995685, 40.882647748838]]]}}, {"type": "Feature", "properties": {"zone_id": "0201ZZY5YNES7TM5M70G9M", "tract_id": "36005039600", "city": "BRONX, NY", "zone_code": "R5", "zone_category": "Residential", "ev_permitted": false}, "geometry": {"type": "Polygon", "coordinates": [[[-73.85940182564, 40.8827027901027], [-73.8593702678815, 40.8827594161427], [-73.8597161377371, 40.8828691279438], [-73.8597476952531, 40.8828125018104], [-73.85940182564, 40.8827027901027]]]}}, {"type": "Feature", "properties": {"zone_id": "020041SVH82VS8S72ZG4UI", "tract_id": "36005039600", "city": "BRONX, NY", "zone_code": "R5", "zone_category": "Residential", "ev_permitted": false}, "geometry": {"type": "Polygon", "coordinates": [[[-73.8593702678815, 40.8827594161427], [-73.8593397797185, 40.8828141217539], [-73.8596856498069, 40.8829238343479], [-73.8597161377371, 40.8828691279438], [-73.8593702678815, 40.8827594161427]]]}}, {"type": "Feature", "properties": {"zone_id": "0205WV7188U7KPBOKFBRVC", "tract_id": "36005039600", "city": "BRONX, NY", "zone_code": "R5", "zone_category": "Residential", "ev_permitted": false}, "geometry": {"type": "Polygon", "coordinates": [[[-73.8593007280849, 40.8825319131803], [-73.859138584842, 40.8828228561322], [-73.8593054180947, 40.8828757773757], [-73.8594675616608, 40.8825848348961], [-73.8593007280849, 40.8825319131803]]]}}, {"type": "Feature", "properties": {"zone_id": "0206K1DQJGJMDR4BJVJNW3", "tract_id": "36005039600", "city": "BRONX, NY", "zone_code": "R5", "zone_category": "Residential", "ev_permitted": false}, "geometry": {"type": "Polygon", "coordinates": [[[-73.8591338938488, 40.8824789912217], [-73.8589717500049, 40.882769933942], [-73.8590550015536, 40.882796342518], [-73.8592171117916, 40.8825053891019], [-73.8591338938488, 40.8824789912217]]]}}, {"type": "Feature", "properties": {"zone_id": "0206FCDHUWHWNIGWQMG6QF", "tract_id": "36005039600", "city": "BRONX, NY", "zone_code": "R5", "zone_category": "Residential", "ev_permitted": false}, "geometry": {"type": "Polygon", "coordinates": [[[-73.8592171117916, 40.8825053891019], [-73.8590550015536, 40.882796342518], [-73.859138584842, 40.8828228561322], [-73.8593007280849, 40.8825319131803], [-73.8592171117916, 40.8825053891019]]]}}, {"type": "Feature", "properties": {"zone_id": "0200MBF17MGZ8OJG15MZ9O", "tract_id": "36005039600", "city": "BRONX, NY", "zone_code": "R5", "zone_category": "Residential", "ev_permitted": false}, "geometry": {"type": "Polygon", "coordinates": [[[-73.8588649273322, 40.8827360484895], [-73.8587032454228, 40.883026159459], [-73.8587585453782, 40.8830438409503], [-73.8589202930723, 40.8827536112386], [-73.8588649273322, 40.8827360484895]]]}}, {"type": "Feature", "properties": {"zone_id": "02066OP55ZESOFOIRINA9P", "tract_id": "36005039600", "city": "BRONX, NY", "zone_code": "R5", "zone_category": "Residential", "ev_permitted": false}, "geometry": {"type": "Polygon", "coordinates": [[[-73.858810019579, 40.8827186310181], [-73.8586484034545, 40.8830086239487], [-73.8587032454228, 40.883026159459], [-73.8588649273322, 40.8827360484895], [-73.858810019579, 40.8827186310181]]]}}, {"type": "Feature", "properties": {"zone_id": "0201L0WAC8SW2IK0OIZF4P", "tract_id": "36005039600", "city": "BRONX, NY", "zone_code": "R5", "zone_category": "Residential", "ev_permitted": false}, "geometry": {"type": "Polygon", "coordinates": [[[-73.8587199296265, 40.8826900532729], [-73.8585584200556, 40.8829798529835], [-73.8586484034545, 40.8830086239487], [-73.858810019579, 40.8827186310181], [-73.8587199296265, 40.8826900532729]]]}}, {"type": "Feature", "properties": {"zone_id": "02060Q1QHOMGE1YQS7E98E", "tract_id": "36005039600", "city": "BRONX, NY", "zone_code": "R5", "zone_category": "Residential", "ev_permitted": false}, "geometry": {"type": "Polygon", "coordinates": [[[-73.8585574020977, 40.8826384967699], [-73.8583960871005, 40.8829279486879], [-73.8584746501343, 40.882953068907], [-73.8586360596392, 40.8826634483627], [-73.8585574020977, 40.8826384967699]]]}}, {"type": "Feature", "properties": {"zone_id": "0202QK93YA8WURBEGKP3LL", "tract_id": "36005039600", "city": "BRONX, NY", "zone_code": "R5", "zone_category": "Residential", "ev_permitted": false}, "geometry": {"type": "Polygon", "coordinates": [[[-73.8584739864964, 40.8826120356371], [-73.8583127697144, 40.8829013090901], [-73.8583960871005, 40.8829279486879], [-73.8585574020977, 40.8826384967699], [-73.8584739864964, 40.8826120356371]]]}}, {"type": "Feature", "properties": {"zone_id": "0206HIOSRI9YXA1O1BPGC3", "tract_id": "36005039600", "city": "BRONX, NY", "zone_code": "R5", "zone_category": "Residential", "ev_permitted": false}, "geometry": {"type": "Polygon", "coordinates": [[[-73.8586360596392, 40.8826634483627], [-73.8584746501343, 40.882953068907], [-73.8585584200556, 40.8829798529835], [-73.8587199296265, 40.8826900532729], [-73.8586360596392, 40.8826634483627]]]}}, {"type": "Feature", "properties": {"zone_id": "02076MP87NWRO1ET8QPA7H", "tract_id": "36005039600", "city": "BRONX, NY", "zone_code": "R5", "zone_category": "Residential", "ev_permitted": false}, "geometry": {"type": "Polygon", "coordinates": [[[-73.8588699047854, 40.8823952504671], [-73.8587077599905, 40.882686192821], [-73.8588067037801, 40.882717579324], [-73.8589688482185, 40.8824266368327], [-73.8588699047854, 40.8823952504671]]]}}, {"type": "Feature", "properties": {"zone_id": "0202ZKJ92773DBWA7CPEZT", "tract_id": "36005039600", "city": "BRONX, NY", "zone_code": "R5", "zone_category": "Residential", "ev_permitted": false}, "geometry": {"type": "Polygon", "coordinates": [[[-73.8587982046924, 40.8823725061082], [-73.8586360596392, 40.8826634483627], [-73.8587077599905, 40.882686192821], [-73.8588699047854, 40.8823952504671], [-73.8587982046924, 40.8823725061082]]]}}, {"type": "Feature", "properties": {"zone_id": "0201UEF8UL99CZOW7C8Q7T", "tract_id": "36005039600", "city": "BRONX, NY", "zone_code": "R5", "zone_category": "Residential", "ev_permitted": false}, "geometry": {"type": "Polygon", "coordinates": [[[-73.8589688482185, 40.8824266368327], [-73.8588067037801, 40.882717579324], [-73.858903467043, 40.8827482737853], [-73.8590656120586, 40.8824573311609], [-73.8589688482185, 40.8824266368327]]]}}, {"type": "Feature", "properties": {"zone_id": "02045PL15FGSZ5D043IG4K", "tract_id": "36005039600", "city": "BRONX, NY", "zone_code": "R5", "zone_category": "Residential", "ev_permitted": false}, "geometry": {"type": "Polygon", "coordinates": [[[-73.8590656120586, 40.8824573311609], [-73.858903467043, 40.8827482737853], [-73.8589717500049, 40.882769933942], [-73.8591338938488, 40.8824789912217], [-73.8590656120586, 40.8824573311609]]]}}, {"type": "Feature", "properties": {"zone_id": "02032JX1OZPQXUH5U1HVZK", "tract_id": "36005039600", "city": "BRONX, NY", "zone_code": "R5", "zone_category": "Residential", "ev_permitted": false}, "geometry": {"type": "Polygon", "coordinates": [[[-73.8584641976271, 40.8822665525719], [-73.8583020513706, 40.8825574943627], [-73.8583854677608, 40.8825839556212], [-73.8585476137152, 40.8822930144172], [-73.8584641976271, 40.8822665525719]]]}}, {"type": "Feature", "properties": {"zone_id": "0202KC3GCN0A1YVH5967FZ", "tract_id": "36005039600", "city": "BRONX, NY", "zone_code": "R5", "zone_category": "Residential", "ev_permitted": false}, "geometry": {"type": "Polygon", "coordinates": [[[-73.8585476137152, 40.8822930144172], [-73.8583854677608, 40.8825839556212], [-73.8584739864964, 40.8826120356371], [-73.8586361321335, 40.8823210936076], [-73.8585476137152, 40.8822930144172]]]}}, {"type": "Feature", "properties": {"zone_id": "0204Q0JG3MJ1QUOMCEIHBJ", "tract_id": "36005039600", "city": "BRONX, NY", "zone_code": "R5", "zone_category": "Residential", "ev_permitted": false}, "geometry": {"type": "Polygon", "coordinates": [[[-73.8586895185478, 40.8823380286944], [-73.858527373103, 40.8826289707979], [-73.8586360596392, 40.8826634483627], [-73.8587982046924, 40.8823725061082], [-73.8586895185478, 40.8823380286944]]]}}, {"type": "Feature", "properties": {"zone_id": "0204174T85H5YM9X6ANZXF", "tract_id": "36005039600", "city": "BRONX, NY", "zone_code": "R5", "zone_category": "Residential", "ev_permitted": false}, "geometry": {"type": "Polygon", "coordinates": [[[-73.8586361321335, 40.8823210936076], [-73.8584739864964, 40.8826120356371], [-73.858527373103, 40.8826289707979], [-73.8586895185478, 40.8823380286944], [-73.8586361321335, 40.8823210936076]]]}}, {"type": "Feature", "properties": {"zone_id": "02009RYVHJRRKEK8UETQ2I", "tract_id": "36005039600", "city": "BRONX, NY", "zone_code": "R5", "zone_category": "Residential", "ev_permitted": false}, "geometry": {"type": "Polygon", "coordinates": [[[-73.85835717333, 40.8842358663662], [-73.8582312246284, 40.8844648471313], [-73.8583171891727, 40.8844922720667], [-73.8584431385591, 40.8842632898049], [-73.85835717333, 40.8842358663662]]]}}, {"type": "Feature", "properties": {"zone_id": "0203E2N0J33U2SG90C4GLD", "tract_id": "36005039600", "city": "BRONX, NY", "zone_code": "R5", "zone_category": "Residential", "ev_permitted": false}, "geometry": {"type": "Polygon", "coordinates": [[[-73.8582743500896, 40.8842094451741], [-73.8581484020815, 40.8844384244457], [-73.8582312246284, 40.8844648471313], [-73.85835717333, 40.8842358663662], [-73.8582743500896, 40.8842094451741]]]}}, {"type": "Feature", "properties": {"zone_id": "02058MZXHB3WKO7RJSCYWH", "tract_id": "36005039600", "city": "BRONX, NY", "zone_code": "R5", "zone_category": "Residential", "ev_permitted": false}, "geometry": {"type": "Polygon", "coordinates": [[[-73.8581900447757, 40.8841825506294], [-73.858064097457, 40.884411528406], [-73.8581484020815, 40.8844384244457], [-73.8582743500896, 40.8842094451741], [-73.8581900447757, 40.8841825506294]]]}}, {"type": "Feature", "properties": {"zone_id": "0205WZR3MN7GSKE3IP0AXE", "tract_id": "36005039600", "city": "BRONX, NY", "zone_code": "R5", "zone_category": "Residential", "ev_permitted": false}, "geometry": {"type": "Polygon", "coordinates": [[[-73.8580614557787, 40.884141529784], [-73.8579355090267, 40.8843705046126], [-73.858064097457, 40.884411528406], [-73.8581900447757, 40.8841825506294], [-73.8580614557787, 40.884141529784]]]}}, {"type": "Feature", "properties": {"zone_id": "02045JYU4GNEFBU2OHI9Q1", "tract_id": "36005039600", "city": "BRONX, NY", "zone_code": "R5", "zone_category": "Residential", "ev_permitted": false}, "geometry": {"type": "Polygon", "coordinates": [[[-73.8578566803391, 40.8840762047987], [-73.857730735792, 40.8843051751943], [-73.8579355090267, 40.8843705046126], [-73.8580614557787, 40.884141529784], [-73.8578566803391, 40.8840762047987]]]}}, {"type": "Feature", "properties": {"zone_id": "0207LXV27OL3VI0O6RZNAA", "tract_id": "36005039600", "city": "BRONX, NY", "zone_code": "R5", "zone_category": "Residential", "ev_permitted": false}, "geometry": {"type": "Polygon", "coordinates": [[[-73.8581060978303, 40.8838142734627], [-73.8579462996118, 40.8841047945742], [-73.8580169453779, 40.8841273308771], [-73.8581767424116, 40.8838368117757], [-73.8581060978303, 40.8838142734627]]]}}, {"type": "Feature", "properties": {"zone_id": "0203T7H9U65I4OOSDFLONH", "tract_id": "36005039600", "city": "BRONX, NY", "zone_code": "R5", "zone_category": "Residential", "ev_permitted": false}, "geometry": {"type": "Polygon", "coordinates": [[[-73.8582898295384, 40.8838728900588], [-73.8581300338425, 40.884163407208], [-73.8581900447757, 40.8841825506294], [-73.8583498393266, 40.8838920348022], [-73.8582898295384, 40.8838728900588]]]}}, {"type": "Feature", "properties": {"zone_id": "0203RWV5PZU4GZHGOZSXCI", "tract_id": "36005039600", "city": "BRONX, NY", "zone_code": "R5", "zone_category": "Residential", "ev_permitted": false}, "geometry": {"type": "Polygon", "coordinates": [[[-73.8581767424116, 40.8838368117757], [-73.8580169453779, 40.8841273308771], [-73.8581300338425, 40.884163407208], [-73.8582898295384, 40.8838728900588], [-73.8581767424116, 40.8838368117757]]]}}, {"type": "Feature", "properties": {"zone_id": "0206E5ENRVL24MZH0HZLBO", "tract_id": "36005039600", "city": "BRONX, NY", "zone_code": "R5", "zone_category": "Residential", "ev_permitted": false}, "geometry": {"type": "Polygon", "coordinates": [[[-73.8580164798094, 40.8837856824056], [-73.8578566803391, 40.8840762047987], [-73.8579462996118, 40.8841047945742], [-73.8581060978303, 40.8838142734627], [-73.8580164798094, 40.8837856824056]]]}}, {"type": "Feature", "properties": {"zone_id": "0206G0OCY31967N237A2VO", "tract_id": "36005039600", "city": "BRONX, NY", "zone_code": "R5", "zone_category": "Residential", "ev_permitted": false}, "geometry": {"type": "Polygon", "coordinates": [[[-73.857771880392, 40.8840491526495], [-73.8576459356071, 40.8842781215483], [-73.857730735792, 40.8843051751943], [-73.8578566803391, 40.8840762047987], [-73.857771880392, 40.8840491526495]]]}}, {"type": "Feature", "properties": {"zone_id": "0202ZY1ANX6SETOGB8CXM0", "tract_id": "36005039600", "city": "BRONX, NY", "zone_code": "R5", "zone_category": "Residential", "ev_permitted": false}, "geometry": {"type": "Polygon", "coordinates": [[[-73.8576896478794, 40.8840229193694], [-73.8575637047156, 40.8842518867766], [-73.8576459356071, 40.8842781215483], [-73.857771880392, 40.8840491526495], [-73.8576896478794, 40.8840229193694]]]}}, {"type": "Feature", "properties": {"zone_id": "0204SYMB7RBVAYRMJ1BWBP", "tract_id": "36005039600", "city": "BRONX, NY", "zone_code": "R5", "zone_category": "Residential", "ev_permitted": false}, "geometry": {"type": "Polygon", "coordinates": [[[-73.8576241131691, 40.8839569786097], [-73.8576030402751, 40.8839952901065], [-73.8576091399596, 40.883997236218], [-73.8574831974976, 40.8842262014317], [-73.8575637047156, 40.8842518867766], [-73.8576896478794, 40.8840229193694], [-73.8576855456471, 40.8840216102098], [-73.8577066175716, 40.8839833008049], [-73.8576241131691, 40.8839569786097]]]}}, {"type": "Feature", "properties": {"zone_id": "0204VV77MXCOZT8CYRKJ3X", "tract_id": "36005039600", "city": "BRONX, NY", "zone_code": "R5", "zone_category": "Residential", "ev_permitted": false}, "geometry": {"type": "Polygon", "coordinates": [[[-73.8575224565574, 40.8839695829111], [-73.857396514778, 40.8841985466273], [-73.8574831974976, 40.8842262014317], [-73.8576091399596, 40.883997236218], [-73.8575224565574, 40.8839695829111]]]}}, {"type": "Feature", "properties": {"zone_id": "020751X0ZCT6APN373T8XQ", "tract_id": "36005039600", "city": "BRONX, NY", "zone_code": "R5", "zone_category": "Residential", "ev_permitted": false}, "geometry": {"type": "Polygon", "coordinates": [[[-73.857412598535, 40.8839345365322], [-73.8572866573739, 40.8841634980231], [-73.857396514778, 40.8841985466273], [-73.8575224565574, 40.8839695829111], [-73.857412598535, 40.8839345365322]]]}}, {"type": "Feature", "properties": {"zone_id": "02039LWUOABAQ1MDERPNNR", "tract_id": "36005039600", "city": "BRONX, NY", "zone_code": "R5", "zone_category": "Residential", "ev_permitted": false}, "geometry": {"type": "Polygon", "coordinates": [[[-73.8572472397921, 40.8838764738669], [-73.8571188147064, 40.884109949384], [-73.8572033100784, 40.8841369067797], [-73.8573292505472, 40.8839079467826], [-73.8572542458335, 40.8838840190585], [-73.8572472397921, 40.8838764738669]]]}}, {"type": "Feature", "properties": {"zone_id": "0207HRPJ373Z6EY17DCEKQ", "tract_id": "36005039600", "city": "BRONX, NY", "zone_code": "R5", "zone_category": "Residential", "ev_permitted": false}, "geometry": {"type": "Polygon", "coordinates": [[[-73.8571823548251, 40.8838216585715], [-73.8570379664421, 40.8840841550985], [-73.8571188147064, 40.884109949384], [-73.8572472397921, 40.8838764738669], [-73.8572021767121, 40.8838279436279], [-73.8571823548251, 40.8838216585715]]]}}, {"type": "Feature", "properties": {"zone_id": "02024WQ7KQD4L6UFT2ZC88", "tract_id": "36005039600", "city": "BRONX, NY", "zone_code": "R5", "zone_category": "Residential", "ev_permitted": false}, "geometry": {"type": "Polygon", "coordinates": [[[-73.8570976513467, 40.8837947985678], [-73.8569533398288, 40.8840571559629], [-73.8570379664421, 40.8840841550985], [-73.8571823548251, 40.8838216585715], [-73.8570976513467, 40.8837947985678]]]}}, {"type": "Feature", "properties": {"zone_id": "0202169ESXUD4ENAZPOC2V", "tract_id": "36005039600", "city": "BRONX, NY", "zone_code": "R5", "zone_category": "Residential", "ev_permitted": false}, "geometry": {"type": "Polygon", "coordinates": [[[-73.8573292505472, 40.8839079467826], [-73.8572033100784, 40.8841369067797], [-73.8572866573739, 40.8841634980231], [-73.857412598535, 40.8839345365322], [-73.8573292505472, 40.8839079467826]]]}}, {"type": "Feature", "properties": {"zone_id": "02026B487XZK6LG17YSYAM", "tract_id": "36005039600", "city": "BRONX, NY", "zone_code": "R5", "zone_category": "Residential", "ev_permitted": false}, "geometry": {"type": "Polygon", "coordinates": [[[-73.8578453466657, 40.8837310852413], [-73.8576855456471, 40.8840216102098], [-73.8577732385529, 40.8840495857446], [-73.8579330401798, 40.8837590613599], [-73.8578453466657, 40.8837310852413]]]}}, {"type": "Feature", "properties": {"zone_id": "0200V6A1K2HIITJ2OE72VZ", "tract_id": "36005039600", "city": "BRONX, NY", "zone_code": "R5", "zone_category": "Residential", "ev_permitted": false}, "geometry": {"type": "Polygon", "coordinates": [[[-73.8579330401798, 40.8837590613599], [-73.8577732385529, 40.8840495857446], [-73.8578566803391, 40.8840762047987], [-73.8580164798094, 40.8837856824056], [-73.8579330401798, 40.8837590613599]]]}}, {"type": "Feature", "properties": {"zone_id": "0204FH4DN8LRJ4F35DXRWG", "tract_id": "36005039600", "city": "BRONX, NY", "zone_code": "R5", "zone_category": "Residential", "ev_permitted": false}, "geometry": {"type": "Polygon", "coordinates": [[[-73.8577628434471, 40.8837047631451], [-73.8576241131691, 40.8839569786097], [-73.8577066175716, 40.8839833008049], [-73.8578453466657, 40.8837310852413], [-73.8577628434471, 40.8837047631451]]]}}, {"type": "Feature", "properties": {"zone_id": "0206WLA00GRTBXBNFI199L", "tract_id": "36005039600", "city": "BRONX, NY", "zone_code": "R5", "zone_category": "Residential", "ev_permitted": false}, "geometry": {"type": "Polygon", "coordinates": [[[-73.8582470877124, 40.8833697080093], [-73.8580849312529, 40.8836580854912], [-73.8581720842714, 40.8836859820683], [-73.8583342590057, 40.8833975721667], [-73.8582470877124, 40.8833697080093]]]}}, {"type": "Feature", "properties": {"zone_id": "0202U4VCEAS6NUSCGK1XJE", "tract_id": "36005039600", "city": "BRONX, NY", "zone_code": "R5", "zone_category": "Residential", "ev_permitted": false}, "geometry": {"type": "Polygon", "coordinates": [[[-73.8581530480453, 40.8833396480235], [-73.8579909098408, 40.8836279909683], [-73.8580849312529, 40.8836580854912], [-73.8582470877124, 40.8833697080093], [-73.8581530480453, 40.8833396480235]]]}}, {"type": "Feature", "properties": {"zone_id": "0204MW1486QOH7Y6OHL7YH", "tract_id": "36005039600", "city": "BRONX, NY", "zone_code": "R5", "zone_category": "Residential", "ev_permitted": false}, "geometry": {"type": "Polygon", "coordinates": [[[-73.8580969467977, 40.8833217158204], [-73.8579348204741, 40.8836100376231], [-73.8579909098408, 40.8836279909683], [-73.8581530480453, 40.8833396480235], [-73.8580969467977, 40.8833217158204]]]}}, {"type": "Feature", "properties": {"zone_id": "0200KG9SSKTEUMDZUP6NV6", "tract_id": "36005039600", "city": "BRONX, NY", "zone_code": "R5", "zone_category": "Residential", "ev_permitted": false}, "geometry": {"type": "Polygon", "coordinates": [[[-73.8583342590057, 40.8833975721667], [-73.8581720842714, 40.8836859820683], [-73.8582588774719, 40.8837137629043], [-73.8584210704822, 40.8834253205836], [-73.8583342590057, 40.8833975721667]]]}}, {"type": "Feature", "properties": {"zone_id": "020718040QFJ3K6V8Y4QYW", "tract_id": "36005039600", "city": "BRONX, NY", "zone_code": "R5", "zone_category": "Residential", "ev_permitted": false}, "geometry": {"type": "Polygon", "coordinates": [[[-73.8579695402095, 40.8832809907243], [-73.8578074403815, 40.8835692653063], [-73.8578708681242, 40.8835895668424], [-73.8580329798115, 40.883301269], [-73.8579695402095, 40.8832809907243]]]}}, {"type": "Feature", "properties": {"zone_id": "0207GJF2GPY9PN0JZT5OK2", "tract_id": "36005039600", "city": "BRONX, NY", "zone_code": "R5", "zone_category": "Residential", "ev_permitted": false}, "geometry": {"type": "Polygon", "coordinates": [[[-73.8579097208223, 40.883261868499], [-73.8577483813257, 40.8835503603489], [-73.8578074403815, 40.8835692653063], [-73.8579695402095, 40.8832809907243], [-73.8579097208223, 40.883261868499]]]}}, {"type": "Feature", "properties": {"zone_id": "0204NZKHL8RZ0ITHEO6JEF", "tract_id": "36005039600", "city": "BRONX, NY", "zone_code": "R5", "zone_category": "Residential", "ev_permitted": false}, "geometry": {"type": "Polygon", "coordinates": [[[-73.8580329798115, 40.883301269], [-73.8578708681242, 40.8835895668424], [-73.8579348204741, 40.8836100376231], [-73.8580969467977, 40.8833217158204], [-73.8580329798115, 40.883301269]]]}}, {"type": "Feature", "properties": {"zone_id": "0207N17MOZF7VUWZMTYS38", "tract_id": "36005039600", "city": "BRONX, NY", "zone_code": "R5", "zone_category": "Residential", "ev_permitted": false}, "geometry": {"type": "Polygon", "coordinates": [[[-73.8569757679023, 40.8834536531268], [-73.8568340906869, 40.8837112209393], [-73.8572021767121, 40.8838279436279], [-73.8572075718637, 40.8838337541168], [-73.8573508269933, 40.8835733140018], [-73.8569757679023, 40.8834536531268]]]}}, {"type": "Feature", "properties": {"zone_id": "020687Z7AC3AXI6RMAWO0F", "tract_id": "36005039600", "city": "BRONX, NY", "zone_code": "R5", "zone_category": "Residential", "ev_permitted": false}, "geometry": {"type": "Polygon", "coordinates": [[[-73.8573508269933, 40.8835733140018], [-73.8572075718637, 40.8838337541168], [-73.8572542458335, 40.8838840190585], [-73.8572760660363, 40.8838909804062], [-73.8574358741033, 40.8836004475728], [-73.8573508269933, 40.8835733140018]]]}}, {"type": "Feature", "properties": {"zone_id": "0204N6NARDWR8FUO6U6AZN", "tract_id": "36005039600", "city": "BRONX, NY", "zone_code": "R5", "zone_category": "Residential", "ev_permitted": false}, "geometry": {"type": "Polygon", "coordinates": [[[-73.8574358741033, 40.8836004475728], [-73.8572760660363, 40.8838909804062], [-73.8573586812448, 40.8839173360118], [-73.8575184880852, 40.8836268044696], [-73.8574358741033, 40.8836004475728]]]}}, {"type": "Feature", "properties": {"zone_id": "0201LL34ZIVBAM46L1QTP0", "tract_id": "36005039600", "city": "BRONX, NY", "zone_code": "R5", "zone_category": "Residential", "ev_permitted": false}, "geometry": {"type": "Polygon", "coordinates": [[[-73.8575184880852, 40.8836268044696], [-73.8573586812448, 40.8839173360118], [-73.85744222817, 40.8839439885208], [-73.8576020337792, 40.883653458971], [-73.8575184880852, 40.8836268044696]]]}}, {"type": "Feature", "properties": {"zone_id": "02042JMXM0UAKWOCVJBVBV", "tract_id": "36005039600", "city": "BRONX, NY", "zone_code": "R5", "zone_category": "Residential", "ev_permitted": false}, "geometry": {"type": "Polygon", "coordinates": [[[-73.8576822618744, 40.883679054657], [-73.8575224565574, 40.8839695829111], [-73.8576030402751, 40.8839952901065], [-73.8577628434471, 40.8837047631451], [-73.8576822618744, 40.883679054657]]]}}, {"type": "Feature", "properties": {"zone_id": "0206P57BY7BJ5I3LIMFVU2", "tract_id": "36005039600", "city": "BRONX, NY", "zone_code": "R5", "zone_category": "Residential", "ev_permitted": false}, "geometry": {"type": "Polygon", "coordinates": [[[-73.8576020337792, 40.883653458971], [-73.85744222817, 40.8839439885208], [-73.8575224565574, 40.8839695829111], [-73.8576822618744, 40.883679054657], [-73.8576020337792, 40.883653458971]]]}}, {"type": "Feature", "properties": {"zone_id": "0206G9782SVXNZ9RO9SBLY", "tract_id": "36005039600", "city": "BRONX, NY", "zone_code": "R5", "zone_category": "Residential", "ev_permitted": false}, "geometry": {"type": "Polygon", "coordinates": [[[-73.8570142302286, 40.8837683448116], [-73.8568699927999, 40.8840305644782], [-73.8569533398288, 40.8840571559629], [-73.8570976513467, 40.8837947985678], [-73.8570142302286, 40.8837683448116]]]}}, {"type": "Feature", "properties": {"zone_id": "0204PCPGAAZXBB0BPQVGEN", "tract_id": "36005039600", "city": "BRONX, NY", "zone_code": "R5", "zone_category": "Residential", "ev_permitted": false}, "geometry": {"type": "Polygon", "coordinates": [[[-73.8567526481228, 40.8842786190688], [-73.8566265111613, 40.8845137319089], [-73.8567099609318, 40.8845401410073], [-73.8568360976467, 40.8843050287798], [-73.8567526481228, 40.8842786190688]]]}}, {"type": "Feature", "properties": {"zone_id": "0200G9ZWVXXIHDU50MRPBG", "tract_id": "36005039600", "city": "BRONX, NY", "zone_code": "R5", "zone_category": "Residential", "ev_permitted": false}, "geometry": {"type": "Polygon", "coordinates": [[[-73.8568360976467, 40.8843050287798], [-73.8567099609318, 40.8845401410073], [-73.856791214378, 40.8845658552188], [-73.8569173508559, 40.884330742201], [-73.8568360976467, 40.8843050287798]]]}}, {"type": "Feature", "properties": {"zone_id": "02074QJ9YJOG1ZYFE9G1VV", "tract_id": "36005039600", "city": "BRONX, NY", "zone_code": "R5", "zone_category": "Residential", "ev_permitted": false}, "geometry": {"type": "Polygon", "coordinates": [[[-73.8565857483449, 40.8842258008695], [-73.85655342511, 40.8842860493979], [-73.8563507961884, 40.8844596335503], [-73.8564444033625, 40.8844892574168], [-73.8564596108949, 40.8844609128268], [-73.8566265111613, 40.8845137319089], [-73.8567526481228, 40.8842786190688], [-73.8565857483449, 40.8842258008695]]]}}, {"type": "Feature", "properties": {"zone_id": "0206KBFXB946JU0VFJSHXT", "tract_id": "36005039600", "city": "BRONX, NY", "zone_code": "R5D", "zone_category": "Residential", "ev_permitted": false}, "geometry": {"type": "Polygon", "coordinates": [[[-73.8563107371867, 40.884138766993], [-73.856169391298, 40.8844022239104], [-73.8562611747782, 40.8844312708932], [-73.8564025194391, 40.8841678138637], [-73.8563107371867, 40.884138766993]]]}}, {"type": "Feature", "properties": {"zone_id": "0202RMIW7I0NVDOW18TG5U", "tract_id": "36005039600", "city": "BRONX, NY", "zone_code": "R5", "zone_category": "Residential", "ev_permitted": false}, "geometry": {"type": "Polygon", "coordinates": [[[-73.8564025194391, 40.8841678138637], [-73.8562611747782, 40.8844312708932], [-73.8562624098952, 40.8844316616944], [-73.8564089058891, 40.8843546055391], [-73.8564936467453, 40.8841966532704], [-73.8564025194391, 40.8841678138637]]]}}, {"type": "Feature", "properties": {"zone_id": "020404DTCZQ9CHUGHIWR0T", "tract_id": "36005039600", "city": "BRONX, NY", "zone_code": "R5", "zone_category": "Residential", "ev_permitted": false}, "geometry": {"type": "Polygon", "coordinates": [[[-73.8564936467453, 40.8841966532704], [-73.8564089058891, 40.8843546055391], [-73.8562624098952, 40.8844316616944], [-73.8563507961884, 40.8844596335503], [-73.85655342511, 40.8842860493979], [-73.8565857483449, 40.8842258008695], [-73.8564936467453, 40.8841966532704]]]}}, {"type": "Feature", "properties": {"zone_id": "0203H2HGQ290AG417XUT70", "tract_id": "36005039600", "city": "BRONX, NY", "zone_code": "R5D", "zone_category": "Residential", "ev_permitted": false}, "geometry": {"type": "Polygon", "coordinates": [[[-73.8561171421666, 40.8840774993467], [-73.855975795641, 40.88434095603], [-73.8560382664967, 40.8843607261795], [-73.856179611891, 40.8840972694195], [-73.8561171421666, 40.8840774993467]]]}}, {"type": "Feature", "properties": {"zone_id": "020578CLU38115YXUOT3Z8", "tract_id": "36005039600", "city": "BRONX, NY", "zone_code": "R5D", "zone_category": "Residential", "ev_permitted": false}, "geometry": {"type": "Polygon", "coordinates": [[[-73.8560468103418, 40.88405524122], [-73.8559054645121, 40.8843186971167], [-73.855975795641, 40.88434095603], [-73.8561171421666, 40.8840774993467], [-73.8560468103418, 40.88405524122]]]}}, {"type": "Feature", "properties": {"zone_id": "0205AVIWL8PJK82OCPVTJH", "tract_id": "36005039600", "city": "BRONX, NY", "zone_code": "R5D", "zone_category": "Residential", "ev_permitted": false}, "geometry": {"type": "Polygon", "coordinates": [[[-73.8562475438952, 40.8841187684346], [-73.8561061978001, 40.8843822245729], [-73.856169391298, 40.8844022239104], [-73.8563107371867, 40.884138766993], [-73.8562475438952, 40.8841187684346]]]}}, {"type": "Feature", "properties": {"zone_id": "020546TDB7M5H1GCNI5KB3", "tract_id": "36005039600", "city": "BRONX, NY", "zone_code": "R5D", "zone_category": "Residential", "ev_permitted": false}, "geometry": {"type": "Polygon", "coordinates": [[[-73.856179611891, 40.8840972694195], [-73.8560382664967, 40.8843607261795], [-73.8561061978001, 40.8843822245729], [-73.8562475438952, 40.8841187684346], [-73.856179611891, 40.8840972694195]]]}}, {"type": "Feature", "properties": {"zone_id": "0201VO8GR2BXJPQA265UHB", "tract_id": "36005039600", "city": "BRONX, NY", "zone_code": "R5D", "zone_category": "Residential", "ev_permitted": false}, "geometry": {"type": "Polygon", "coordinates": [[[-73.8558372021242, 40.8842970942004], [-73.8556958177676, 40.884560618641], [-73.8557640627196, 40.8845822539393], [-73.8559054645121, 40.8843186971167], [-73.8558372021242, 40.8842970942004]]]}}, {"type": "Feature", "properties": {"zone_id": "0207HCPLM8301HZDH1QJY8", "tract_id": "36005039600", "city": "BRONX, NY", "zone_code": "R5D", "zone_category": "Residential", "ev_permitted": false}, "geometry": {"type": "Polygon", "coordinates": [[[-73.8559785491058, 40.8840336376847], [-73.8558372021242, 40.8842970942004], [-73.8559054645121, 40.8843186971167], [-73.8560468103418, 40.88405524122], [-73.8559785491058, 40.8840336376847]]]}}, {"type": "Feature", "properties": {"zone_id": "0203SPLJTW9CFWCNY6RL6I", "tract_id": "36005039600", "city": "BRONX, NY", "zone_code": "R5", "zone_category": "Residential", "ev_permitted": false}, "geometry": {"type": "Polygon", "coordinates": [[[-73.8567629643835, 40.88368866645], [-73.8566189547788, 40.8839504715323], [-73.8567030102892, 40.8839772889236], [-73.8568470958349, 40.8837153454119], [-73.8567629643835, 40.88368866645]]]}}, {"type": "Feature", "properties": {"zone_id": "0200MBGBA91LAOPMPZNII3", "tract_id": "36005039600", "city": "BRONX, NY", "zone_code": "R5", "zone_category": "Residential", "ev_permitted": false}, "geometry": {"type": "Polygon", "coordinates": [[[-73.8568470958349, 40.8837153454119], [-73.8567030102892, 40.8839772889236], [-73.8567876727797, 40.8840043002329], [-73.856931834267, 40.8837422168857], [-73.8568470958349, 40.8837153454119]]]}}, {"type": "Feature", "properties": {"zone_id": "0200L52MGH41D9Y8JI9VD8", "tract_id": "36005039600", "city": "BRONX, NY", "zone_code": "R5", "zone_category": "Residential", "ev_permitted": false}, "geometry": {"type": "Polygon", "coordinates": [[[-73.8566795435318, 40.8836622124513], [-73.8565356089416, 40.8839238805094], [-73.8566189547788, 40.8839504715323], [-73.8567629643835, 40.88368866645], [-73.8566795435318, 40.8836622124513]]]}}, {"type": "Feature", "properties": {"zone_id": "02043G02RK2XGSV1KP061T", "tract_id": "36005039600", "city": "BRONX, NY", "zone_code": "R5", "zone_category": "Residential", "ev_permitted": false}, "geometry": {"type": "Polygon", "coordinates": [[[-73.856931834267, 40.8837422168857], [-73.8567876727797, 40.8840043002329], [-73.8568699927999, 40.8840305644782], [-73.8570142302286, 40.8837683448116], [-73.856931834267, 40.8837422168857]]]}}, {"type": "Feature", "properties": {"zone_id": "0206A62ST3PSVVMOP4SLVY", "tract_id": "36005039600", "city": "BRONX, NY", "zone_code": "R5", "zone_category": "Residential", "ev_permitted": false}, "geometry": {"type": "Polygon", "coordinates": [[[-73.8565975438061, 40.8836362098481], [-73.8564536833067, 40.883897742288], [-73.8565356089416, 40.8839238805094], [-73.8566795435318, 40.8836622124513], [-73.8565975438061, 40.8836362098481]]]}}, {"type": "Feature", "properties": {"zone_id": "02041JXHM8FSH8HEIHISFW", "tract_id": "36005039600", "city": "BRONX, NY", "zone_code": "R5D", "zone_category": "Residential", "ev_permitted": false}, "geometry": {"type": "Polygon", "coordinates": [[[-73.8565473607206, 40.8835846895753], [-73.8563868842465, 40.8838764295975], [-73.8564536833067, 40.883897742288], [-73.8566141493643, 40.8836059979456], [-73.8565473607206, 40.8835846895753]]]}}, {"type": "Feature", "properties": {"zone_id": "0202SOREPJ5OFU9SL9BMEI", "tract_id": "36005039600", "city": "BRONX, NY", "zone_code": "R5D", "zone_category": "Residential", "ev_permitted": false}, "geometry": {"type": "Polygon", "coordinates": [[[-73.8564803843128, 40.8835633205056], [-73.8563199075949, 40.8838550611384], [-73.8563868842465, 40.8838764295975], [-73.8565473607206, 40.8835846895753], [-73.8564803843128, 40.8835633205056]]]}}, {"type": "Feature", "properties": {"zone_id": "0202FRRQLR65871JM0VMDD", "tract_id": "36005039600", "city": "BRONX, NY", "zone_code": "R5D", "zone_category": "Residential", "ev_permitted": false}, "geometry": {"type": "Polygon", "coordinates": [[[-73.8563477250052, 40.8835209949042], [-73.8561872478074, 40.8838127353548], [-73.8562474632472, 40.8838319474969], [-73.8564079411529, 40.8835402069647], [-73.8563477250052, 40.8835209949042]]]}}, {"type": "Feature", "properties": {"zone_id": "02076OTLERIK1A2T8OULDN", "tract_id": "36005039600", "city": "BRONX, NY", "zone_code": "R5D", "zone_category": "Residential", "ev_permitted": false}, "geometry": {"type": "Polygon", "coordinates": [[[-73.8564079411529, 40.8835402069647], [-73.8562474632472, 40.8838319474969], [-73.8563199075949, 40.8838550611384], [-73.8564803843128, 40.8835633205056], [-73.8564079411529, 40.8835402069647]]]}}, {"type": "Feature", "properties": {"zone_id": "0203UNCFGD2PR4NMNTTKP6", "tract_id": "36005039600", "city": "BRONX, NY", "zone_code": "R5", "zone_category": "Residential", "ev_permitted": false}, "geometry": {"type": "Polygon", "coordinates": [[[-73.8568566908348, 40.8834156626686], [-73.8567149063479, 40.8836734269436], [-73.8567704897323, 40.8836910521206], [-73.8569122247759, 40.8834333797631], [-73.8568566908348, 40.8834156626686]]]}}, {"type": "Feature", "properties": {"zone_id": "020106TYXPPBMNKZ03O2R4", "tract_id": "36005039600", "city": "BRONX, NY", "zone_code": "R5", "zone_category": "Residential", "ev_permitted": false}, "geometry": {"type": "Polygon", "coordinates": [[[-73.8567394364775, 40.8833782526231], [-73.8565975438061, 40.8836362098481], [-73.8566556861497, 40.8836546469997], [-73.8567975256571, 40.8833967859002], [-73.8567394364775, 40.8833782526231]]]}}, {"type": "Feature", "properties": {"zone_id": "0205NBT7M9D4ZNH8NLB96P", "tract_id": "36005039600", "city": "BRONX, NY", "zone_code": "R5", "zone_category": "Residential", "ev_permitted": false}, "geometry": {"type": "Polygon", "coordinates": [[[-73.8569122247759, 40.8834333797631], [-73.8567704897323, 40.8836910521206], [-73.8568340906869, 40.8837112209393], [-73.8569757679023, 40.8834536531268], [-73.8569122247759, 40.8834333797631]]]}}, {"type": "Feature", "properties": {"zone_id": "02057HJU7WJPQBRH4Q4ZLD", "tract_id": "36005039600", "city": "BRONX, NY", "zone_code": "R5", "zone_category": "Residential", "ev_permitted": false}, "geometry": {"type": "Polygon", "coordinates": [[[-73.8567975256571, 40.8833967859002], [-73.8566556861497, 40.8836546469997], [-73.8567149063479, 40.8836734269436], [-73.8568566908348, 40.8834156626686], [-73.8567975256571, 40.8833967859002]]]}}, {"type": "Feature", "properties": {"zone_id": "0205AFWXTVODJRNDVX32PI", "tract_id": "36005039600", "city": "BRONX, NY", "zone_code": "R5D", "zone_category": "Residential", "ev_permitted": false}, "geometry": {"type": "Polygon", "coordinates": [[[-73.8563999288474, 40.8832699429993], [-73.8562746574275, 40.8834976935996], [-73.8566141493643, 40.8836059979456], [-73.8567394364775, 40.8833782526231], [-73.8563999288474, 40.8832699429993]]]}}, {"type": "Feature", "properties": {"zone_id": "02039A9KK9TEB6A2EFCE3P", "tract_id": "36005039600", "city": "BRONX, NY", "zone_code": "R5D", "zone_category": "Residential", "ev_permitted": false}, "geometry": {"type": "Polygon", "coordinates": [[[-73.8562746574275, 40.8834976935996], [-73.8561141864413, 40.883789436066], [-73.8561872478074, 40.8838127353548], [-73.8563477250052, 40.8835209949042], [-73.8562746574275, 40.8834976935996]]]}}, {"type": "Feature", "properties": {"zone_id": "02048HQ0NW1B70RF0UYCDZ", "tract_id": "36005039600", "city": "BRONX, NY", "zone_code": "R5", "zone_category": "Residential", "ev_permitted": false}, "geometry": {"type": "Polygon", "coordinates": [[[-73.8581979477386, 40.883007894331], [-73.8580329798115, 40.883301269], [-73.8580969467977, 40.8833217158204], [-73.8582619135689, 40.8830283403572], [-73.8581979477386, 40.883007894331]]]}}, {"type": "Feature", "properties": {"zone_id": "02021BQVS0979JM58YVGTX", "tract_id": "36005039600", "city": "BRONX, NY", "zone_code": "R5", "zone_category": "Residential", "ev_permitted": false}, "geometry": {"type": "Polygon", "coordinates": [[[-73.8582619135689, 40.8830283403572], [-73.8580969467977, 40.8833217158204], [-73.8581530480453, 40.8833396480235], [-73.8583180146135, 40.8830462724811], [-73.8582619135689, 40.8830283403572]]]}}, {"type": "Feature", "properties": {"zone_id": "0206V9IPP0S3NFLXBWXWUT", "tract_id": "36005039600", "city": "BRONX, NY", "zone_code": "R5", "zone_category": "Residential", "ev_permitted": false}, "geometry": {"type": "Polygon", "coordinates": [[[-73.8583180146135, 40.8830462724811], [-73.8581530480453, 40.8833396480235], [-73.8582470877124, 40.8833697080093], [-73.8584120539417, 40.8830763316315], [-73.8583180146135, 40.8830462724811]]]}}, {"type": "Feature", "properties": {"zone_id": "0206BWE764I2BUYTZO9VXU", "tract_id": "36005039600", "city": "BRONX, NY", "zone_code": "R5", "zone_category": "Residential", "ev_permitted": false}, "geometry": {"type": "Polygon", "coordinates": [[[-73.8577498134335, 40.883210753944], [-73.8575885058979, 40.8834991858887], [-73.8576639754843, 40.8835233430319], [-73.8578252976254, 40.8832348821931], [-73.8577498134335, 40.883210753944]]]}}, {"type": "Feature", "properties": {"zone_id": "020545697X5IAKNAQG0A5A", "tract_id": "36005039600", "city": "BRONX, NY", "zone_code": "R5", "zone_category": "Residential", "ev_permitted": false}, "geometry": {"type": "Polygon", "coordinates": [[[-73.8578252976254, 40.8832348821931], [-73.8576639754843, 40.8835233430319], [-73.8577483813257, 40.8835503603489], [-73.8579097208223, 40.883261868499], [-73.8578252976254, 40.8832348821931]]]}}, {"type": "Feature", "properties": {"zone_id": "02075V0T0LD59Q7XOGN3NR", "tract_id": "36005039600", "city": "BRONX, NY", "zone_code": "R5", "zone_category": "Residential", "ev_permitted": false}, "geometry": {"type": "Polygon", "coordinates": [[[-73.8581345065161, 40.8829876154399], [-73.8579695402095, 40.8832809907243], [-73.8580329798115, 40.883301269], [-73.8581979477386, 40.883007894331], [-73.8581345065161, 40.8829876154399]]]}}, {"type": "Feature", "properties": {"zone_id": "0202DCCMTDBAAWBCQ31HKG", "tract_id": "36005039600", "city": "BRONX, NY", "zone_code": "R5", "zone_category": "Residential", "ev_permitted": false}, "geometry": {"type": "Polygon", "coordinates": [[[-73.8580739259337, 40.8829682513569], [-73.8579097208223, 40.883261868499], [-73.8579695402095, 40.8832809907243], [-73.8581345065161, 40.8829876154399], [-73.8580739259337, 40.8829682513569]]]}}, {"type": "Feature", "properties": {"zone_id": "020323AYJEL4MAU1ZT8UBM", "tract_id": "36005039600", "city": "BRONX, NY", "zone_code": "R5", "zone_category": "Residential", "ev_permitted": false}, "geometry": {"type": "Polygon", "coordinates": [[[-73.8579894779535, 40.8829413087025], [-73.8578252976254, 40.8832348821931], [-73.8579097208223, 40.883261868499], [-73.8580739259337, 40.8829682513569], [-73.8579894779535, 40.8829413087025]]]}}, {"type": "Feature", "properties": {"zone_id": "0202HMRS5ZIAEFPU13D404", "tract_id": "36005039600", "city": "BRONX, NY", "zone_code": "R5", "zone_category": "Residential", "ev_permitted": false}, "geometry": {"type": "Polygon", "coordinates": [[[-73.8575003221513, 40.8827849000681], [-73.8573361186687, 40.8830785135981], [-73.8574162329924, 40.8831041226822], [-73.8575804371101, 40.8828105090408], [-73.8575003221513, 40.8827849000681]]]}}, {"type": "Feature", "properties": {"zone_id": "0202GFIFDX81INCEKSBMV9", "tract_id": "36005039600", "city": "BRONX, NY", "zone_code": "R5", "zone_category": "Residential", "ev_permitted": false}, "geometry": {"type": "Polygon", "coordinates": [[[-73.8577456926803, 40.8828633329267], [-73.8575814891588, 40.8831569482056], [-73.8576700541187, 40.88318525725], [-73.8578343223736, 40.8828915252883], [-73.8577456926803, 40.8828633329267]]]}}, {"type": "Feature", "properties": {"zone_id": "0200KAO6AM0C00DWMSUOMI", "tract_id": "36005039600", "city": "BRONX, NY", "zone_code": "R5", "zone_category": "Residential", "ev_permitted": false}, "geometry": {"type": "Polygon", "coordinates": [[[-73.8578343223736, 40.8828915252883], [-73.8576700541187, 40.88318525725], [-73.8577498134335, 40.883210753944], [-73.8579140172717, 40.8829171377271], [-73.8578343223736, 40.8828915252883]]]}}, {"type": "Feature", "properties": {"zone_id": "0203ASCWK7JCIH1EFOR1U0", "tract_id": "36005039600", "city": "BRONX, NY", "zone_code": "R5", "zone_category": "Residential", "ev_permitted": false}, "geometry": {"type": "Polygon", "coordinates": [[[-73.8579140172717, 40.8829171377271], [-73.8577498134335, 40.883210753944], [-73.8578252976254, 40.8832348821931], [-73.8579894779535, 40.8829413087025], [-73.8579140172717, 40.8829171377271]]]}}, {"type": "Feature", "properties": {"zone_id": "0203KZTJ95RIXDKIV7JJ0H", "tract_id": "36005039600", "city": "BRONX, NY", "zone_code": "R5", "zone_category": "Residential", "ev_permitted": false}, "geometry": {"type": "Polygon", "coordinates": [[[-73.8575814891588, 40.8831569482056], [-73.8574202163364, 40.8834453181291], [-73.8575885058979, 40.8834991858887], [-73.8577498134335, 40.883210753944], [-73.8575814891588, 40.8831569482056]]]}}, {"type": "Feature", "properties": {"zone_id": "0203PFNAMNAIYEVI6ELJUO", "tract_id": "36005039600", "city": "BRONX, NY", "zone_code": "R5", "zone_category": "Residential", "ev_permitted": false}, "geometry": {"type": "Polygon", "coordinates": [[[-73.8575107456772, 40.8831343342196], [-73.8573494986232, 40.883422658406], [-73.8574202163364, 40.8834453181291], [-73.8575814891588, 40.8831569482056], [-73.8575107456772, 40.8831343342196]]]}}, {"type": "Feature", "properties": {"zone_id": "0205TYDQKBK37DXJMVVE2V", "tract_id": "36005039600", "city": "BRONX, NY", "zone_code": "R5", "zone_category": "Residential", "ev_permitted": false}, "geometry": {"type": "Polygon", "coordinates": [[[-73.8574457511988, 40.8831135576708], [-73.8572845066997, 40.883401877555], [-73.8573494986232, 40.883422658406], [-73.8575107456772, 40.8831343342196], [-73.8574457511988, 40.8831135576708]]]}}, {"type": "Feature", "properties": {"zone_id": "0203UYRMV6EP3TU4ZPQ7EN", "tract_id": "36005039600", "city": "BRONX, NY", "zone_code": "R5", "zone_category": "Residential", "ev_permitted": false}, "geometry": {"type": "Polygon", "coordinates": [[[-73.8573845221629, 40.8830939865515], [-73.8572232904567, 40.8833822831803], [-73.8572845066997, 40.883401877555], [-73.8574457511988, 40.8831135576708], [-73.8573845221629, 40.8830939865515]]]}}, {"type": "Feature", "properties": {"zone_id": "02057EB9BDTZ3V084Y1TWG", "tract_id": "36005039600", "city": "BRONX, NY", "zone_code": "R5", "zone_category": "Residential", "ev_permitted": false}, "geometry": {"type": "Polygon", "coordinates": [[[-73.8571691605984, 40.8830251438797], [-73.8570079736616, 40.8833133601666], [-73.8570883989195, 40.8833391047692], [-73.857249603225, 40.8830508581797], [-73.8571691605984, 40.8830251438797]]]}}, {"type": "Feature", "properties": {"zone_id": "0201WUA9YFVYBL90SU95ZV", "tract_id": "36005039600", "city": "BRONX, NY", "zone_code": "R5", "zone_category": "Residential", "ev_permitted": false}, "geometry": {"type": "Polygon", "coordinates": [[[-73.857320254013, 40.8830734427008], [-73.8571590360208, 40.8833617132603], [-73.8572232904567, 40.8833822831803], [-73.8573845221629, 40.8830939865515], [-73.857320254013, 40.8830734427008]]]}}, {"type": "Feature", "properties": {"zone_id": "0204HJ961IDF4I2EGH1XMU", "tract_id": "36005039600", "city": "BRONX, NY", "zone_code": "R5", "zone_category": "Residential", "ev_permitted": false}, "geometry": {"type": "Polygon", "coordinates": [[[-73.8570821447817, 40.8829973289192], [-73.8569209751947, 40.8832855127864], [-73.8570079736616, 40.8833133601666], [-73.8571691605984, 40.8830251438797], [-73.8570821447817, 40.8829973289192]]]}}, {"type": "Feature", "properties": {"zone_id": "02025JU14CULL0UQIK3C77", "tract_id": "36005039600", "city": "BRONX, NY", "zone_code": "R5", "zone_category": "Residential", "ev_permitted": false}, "geometry": {"type": "Polygon", "coordinates": [[[-73.857249603225, 40.8830508581797], [-73.8570883989195, 40.8833391047692], [-73.8571590360208, 40.8833617132603], [-73.857320254013, 40.8830734427008], [-73.857249603225, 40.8830508581797]]]}}, {"type": "Feature", "properties": {"zone_id": "0206IG3C1JBC1V8X9JHAZ8", "tract_id": "36005039600", "city": "BRONX, NY", "zone_code": "R5", "zone_category": "Residential", "ev_permitted": false}, "geometry": {"type": "Polygon", "coordinates": [[[-73.8574138060941, 40.8827572454728], [-73.857249603225, 40.8830508581797], [-73.8573361186687, 40.8830785135981], [-73.8575003221513, 40.8827849000681], [-73.8574138060941, 40.8827572454728]]]}}, {"type": "Feature", "properties": {"zone_id": "0201AXFUYI1DM9FXC9N8K2", "tract_id": "36005039600", "city": "BRONX, NY", "zone_code": "R5", "zone_category": "Residential", "ev_permitted": false}, "geometry": {"type": "Polygon", "coordinates": [[[-73.8575804371101, 40.8828105090408], [-73.8574162329924, 40.8831041226822], [-73.8575014801775, 40.8831313723908], [-73.8576656839877, 40.882837757927], [-73.8575804371101, 40.8828105090408]]]}}, {"type": "Feature", "properties": {"zone_id": "0200TRBBDE0330GJ2A15HN", "tract_id": "36005039600", "city": "BRONX, NY", "zone_code": "R5", "zone_category": "Residential", "ev_permitted": false}, "geometry": {"type": "Polygon", "coordinates": [[[-73.8576656839877, 40.882837757927], [-73.8575014801775, 40.8831313723908], [-73.8575814891588, 40.8831569482056], [-73.8577456926803, 40.8828633329267], [-73.8576656839877, 40.882837757927]]]}}, {"type": "Feature", "properties": {"zone_id": "0207NTRTKMBFXJUWBJL1JO", "tract_id": "36005039600", "city": "BRONX, NY", "zone_code": "R5", "zone_category": "Residential", "ev_permitted": false}, "geometry": {"type": "Polygon", "coordinates": [[[-73.8573333646836, 40.8827315319897], [-73.8571691605984, 40.8830251438797], [-73.857249603225, 40.8830508581797], [-73.8574138060941, 40.8827572454728], [-73.8573333646836, 40.8827315319897]]]}}, {"type": "Feature", "properties": {"zone_id": "0201S5K4BGIRDQ9GQEFYL1", "tract_id": "36005039600", "city": "BRONX, NY", "zone_code": "R5", "zone_category": "Residential", "ev_permitted": false}, "geometry": {"type": "Polygon", "coordinates": [[[-73.8583020513706, 40.8825574943627], [-73.8581410384336, 40.8828463989432], [-73.8583127697144, 40.8829013090901], [-73.8584739864964, 40.8826120356371], [-73.8583020513706, 40.8825574943627]]]}}, {"type": "Feature", "properties": {"zone_id": "02064K845TV076DIQ3LJDI", "tract_id": "36005039600", "city": "BRONX, NY", "zone_code": "R5", "zone_category": "Residential", "ev_permitted": false}, "geometry": {"type": "Polygon", "coordinates": [[[-73.8582186341227, 40.8825310323401], [-73.858057721252, 40.8828197591609], [-73.8581410384336, 40.8828463989432], [-73.8583020513706, 40.8825574943627], [-73.8582186341227, 40.8825310323401]]]}}, {"type": "Feature", "properties": {"zone_id": "0201N8X6NAKXGDVVHT9AMK", "tract_id": "36005039600", "city": "BRONX, NY", "zone_code": "R5", "zone_category": "Residential", "ev_permitted": false}, "geometry": {"type": "Polygon", "coordinates": [[[-73.8581352178653, 40.8825045709608], [-73.8579744041387, 40.8827931186155], [-73.858057721252, 40.8828197591609], [-73.8582186341227, 40.8825310323401], [-73.8581352178653, 40.8825045709608]]]}}, {"type": "Feature", "properties": {"zone_id": "0200ZN6H0350Y6DFFH1YI7", "tract_id": "36005039600", "city": "BRONX, NY", "zone_code": "R5", "zone_category": "Residential", "ev_permitted": false}, "geometry": {"type": "Polygon", "coordinates": [[[-73.8580518016744, 40.882478109521], [-73.8578910861663, 40.8827664780088], [-73.8579744041387, 40.8827931186155], [-73.8581352178653, 40.8825045709608], [-73.8580518016744, 40.882478109521]]]}}, {"type": "Feature", "properties": {"zone_id": "0204KBRY9M0OV0Z9DYZSWQ", "tract_id": "36005039600", "city": "BRONX, NY", "zone_code": "R5", "zone_category": "Residential", "ev_permitted": false}, "geometry": {"type": "Polygon", "coordinates": [[[-73.8583540880098, 40.882231623405], [-73.8581919413568, 40.8825225650431], [-73.8583020513706, 40.8825574943627], [-73.8584641976271, 40.8822665525719], [-73.8583540880098, 40.882231623405]]]}}, {"type": "Feature", "properties": {"zone_id": "0201UVDR59GV9D45BM6VIG", "tract_id": "36005039600", "city": "BRONX, NY", "zone_code": "R5", "zone_category": "Residential", "ev_permitted": false}, "geometry": {"type": "Polygon", "coordinates": [[[-73.8577541696871, 40.8823836931684], [-73.8575938090578, 40.8826714243905], [-73.857656391256, 40.8826914348149], [-73.8578168260124, 40.882403569394], [-73.8577541696871, 40.8823836931684]]]}}, {"type": "Feature", "properties": {"zone_id": "02056W4XI7U1XIRVA9DHW8", "tract_id": "36005039600", "city": "BRONX, NY", "zone_code": "R5", "zone_category": "Residential", "ev_permitted": false}, "geometry": {"type": "Polygon", "coordinates": [[[-73.8579683855499, 40.8824516480209], [-73.857807769185, 40.8827398380457], [-73.8578910861663, 40.8827664780088], [-73.8580518016744, 40.882478109521], [-73.8579683855499, 40.8824516480209]]]}}, {"type": "Feature", "properties": {"zone_id": "0203J7TCC93UDCVS4ELDCL", "tract_id": "36005039600", "city": "BRONX, NY", "zone_code": "R5", "zone_category": "Residential", "ev_permitted": false}, "geometry": {"type": "Polygon", "coordinates": [[[-73.8578741821409, 40.8824217639625], [-73.8577136788175, 40.8827097523395], [-73.857807769185, 40.8827398380457], [-73.8579683855499, 40.8824516480209], [-73.8578741821409, 40.8824217639625]]]}}, {"type": "Feature", "properties": {"zone_id": "0200OKA1VZTR2L9YJVKSHD", "tract_id": "36005039600", "city": "BRONX, NY", "zone_code": "R5", "zone_category": "Residential", "ev_permitted": false}, "geometry": {"type": "Polygon", "coordinates": [[[-73.8578168260124, 40.882403569394], [-73.857656391256, 40.8826914348149], [-73.8577136788175, 40.8827097523395], [-73.8578741821409, 40.8824217639625], [-73.8578168260124, 40.882403569394]]]}}, {"type": "Feature", "properties": {"zone_id": "0206VOJ1HRD66BT3TFI59C", "tract_id": "36005039600", "city": "BRONX, NY", "zone_code": "R5", "zone_category": "Residential", "ev_permitted": false}, "geometry": {"type": "Polygon", "coordinates": [[[-73.8570723988876, 40.8826481126727], [-73.8569081938591, 40.8829417227907], [-73.8570821447817, 40.8829973289192], [-73.8572463491824, 40.8827037171515], [-73.8570723988876, 40.8826481126727]]]}}, {"type": "Feature", "properties": {"zone_id": "0207HRSGYC3TKAS1FZCKI9", "tract_id": "36005039600", "city": "BRONX, NY", "zone_code": "R5", "zone_category": "Residential", "ev_permitted": false}, "geometry": {"type": "Polygon", "coordinates": [[[-73.8572463491824, 40.8827037171515], [-73.8570821447817, 40.8829973289192], [-73.8571691605984, 40.8830251438797], [-73.8573333646836, 40.8827315319897], [-73.8572463491824, 40.8827037171515]]]}}, {"type": "Feature", "properties": {"zone_id": "02072GQ5KBKU7U8Z8M3HEM", "tract_id": "36005039600", "city": "BRONX, NY", "zone_code": "R5", "zone_category": "Residential", "ev_permitted": false}, "geometry": {"type": "Polygon", "coordinates": [[[-73.8576998694189, 40.8823664677367], [-73.8575395736512, 40.8826540823262], [-73.8575938090578, 40.8826714243905], [-73.8577541696871, 40.8823836931684], [-73.8576998694189, 40.8823664677367]]]}}, {"type": "Feature", "properties": {"zone_id": "02077NLEY1HAHYUD8LQ7J2", "tract_id": "36005039600", "city": "BRONX, NY", "zone_code": "R5", "zone_category": "Residential", "ev_permitted": false}, "geometry": {"type": "Polygon", "coordinates": [[[-73.857557032641, 40.8823211552802], [-73.857396906439, 40.8826084642349], [-73.857472103006, 40.8826325080463], [-73.8576323190863, 40.8823450381949], [-73.857557032641, 40.8823211552802]]]}}, {"type": "Feature", "properties": {"zone_id": "02076697BVDQ2KUXMWBB6G", "tract_id": "36005039600", "city": "BRONX, NY", "zone_code": "R5", "zone_category": "Residential", "ev_permitted": false}, "geometry": {"type": "Polygon", "coordinates": [[[-73.8573889236083, 40.8822678259055], [-73.8572289966263, 40.8825547744221], [-73.8573050414368, 40.8825790899088], [-73.8574650592252, 40.8822919783879], [-73.8573889236083, 40.8822678259055]]]}}, {"type": "Feature", "properties": {"zone_id": "0200K1Z4MLVM5B830XPVZ9", "tract_id": "36005039600", "city": "BRONX, NY", "zone_code": "R5", "zone_category": "Residential", "ev_permitted": false}, "geometry": {"type": "Polygon", "coordinates": [[[-73.8576323190863, 40.8823450381949], [-73.857472103006, 40.8826325080463], [-73.8575395736512, 40.8826540823262], [-73.8576998694189, 40.8823664677367], [-73.8576323190863, 40.8823450381949]]]}}, {"type": "Feature", "properties": {"zone_id": "0200ZZDUQAWPPFSO4H492H", "tract_id": "36005039600", "city": "BRONX, NY", "zone_code": "R5", "zone_category": "Residential", "ev_permitted": false}, "geometry": {"type": "Polygon", "coordinates": [[[-73.8574650592252, 40.8822919783879], [-73.8573050414368, 40.8825790899088], [-73.857396906439, 40.8826084642349], [-73.857557032641, 40.8823211552802], [-73.8574650592252, 40.8822919783879]]]}}, {"type": "Feature", "properties": {"zone_id": "0201SSA17PFEEIHB99FF5Y", "tract_id": "36005039600", "city": "BRONX, NY", "zone_code": "R5D", "zone_category": "Residential", "ev_permitted": false}, "geometry": {"type": "Polygon", "coordinates": [[[-73.8572792250898, 40.8822330263848], [-73.8571194289915, 40.8825197393533], [-73.8572289966263, 40.8825547744221], [-73.8573889236083, 40.8822678259055], [-73.8572792250898, 40.8822330263848]]]}}, {"type": "Feature", "properties": {"zone_id": "0200THITTF1NB6RTES27KY", "tract_id": "36005039600", "city": "BRONX, NY", "zone_code": "R5D", "zone_category": "Residential", "ev_permitted": false}, "geometry": {"type": "Polygon", "coordinates": [[[-73.8564972171702, 40.8830894135887], [-73.8564685475579, 40.8831406763559], [-73.8567470589724, 40.8832298418188], [-73.8567757860287, 40.8831784764691], [-73.8564972171702, 40.8830894135887]]]}}, {"type": "Feature", "properties": {"zone_id": "0205T2LQZTXVFQETOQ3LEO", "tract_id": "36005039600", "city": "BRONX, NY", "zone_code": "R5D", "zone_category": "Residential", "ev_permitted": false}, "geometry": {"type": "Polygon", "coordinates": [[[-73.8569081938591, 40.8829417227907], [-73.8567470589724, 40.8832298418188], [-73.8569209751947, 40.8832855127864], [-73.8570821447817, 40.8829973289192], [-73.8569081938591, 40.8829417227907]]]}}, {"type": "Feature", "properties": {"zone_id": "0203SE2CHR1OJVT3WERN3O", "tract_id": "36005039600", "city": "BRONX, NY", "zone_code": "R5D", "zone_category": "Residential", "ev_permitted": false}, "geometry": {"type": "Polygon", "coordinates": [[[-73.8565264648117, 40.8830371179475], [-73.8564972171702, 40.8830894135887], [-73.8567757860287, 40.8831784764691], [-73.8568050334887, 40.8831261814608], [-73.8565264648117, 40.8830371179475]]]}}, {"type": "Feature", "properties": {"zone_id": "02019J0XKPGOZDWBAOJG0A", "tract_id": "36005039600", "city": "BRONX, NY", "zone_code": "R5D", "zone_category": "Residential", "ev_permitted": false}, "geometry": {"type": "Polygon", "coordinates": [[[-73.8565779701042, 40.8829450242639], [-73.8565264648117, 40.8830371179475], [-73.8568050334887, 40.8831261814608], [-73.8568565384658, 40.8830340869518], [-73.8565779701042, 40.8829450242639]]]}}, {"type": "Feature", "properties": {"zone_id": "0200VQ9TB6LMDRYCGOYLYQ", "tract_id": "36005039600", "city": "BRONX, NY", "zone_code": "R5D", "zone_category": "Residential", "ev_permitted": false}, "geometry": {"type": "Polygon", "coordinates": [[[-73.856629619309, 40.8828526721627], [-73.8565779701042, 40.8829450242639], [-73.8568565384658, 40.8830340869518], [-73.8569081938591, 40.8829417227907], [-73.856629619309, 40.8828526721627]]]}}, {"type": "Feature", "properties": {"zone_id": "0204MN1HYK7E3R7S3OVFPA", "tract_id": "36005039600", "city": "BRONX, NY", "zone_code": "R5D", "zone_category": "Residential", "ev_permitted": false}, "geometry": {"type": "Polygon", "coordinates": [[[-73.8567086244494, 40.88271140662], [-73.8566701670008, 40.8827801713198], [-73.8569487347951, 40.8828692337879], [-73.8569871920071, 40.8828004689963], [-73.8567086244494, 40.88271140662]]]}}, {"type": "Feature", "properties": {"zone_id": "0205POEMXLL4368R7IQO6X", "tract_id": "36005039600", "city": "BRONX, NY", "zone_code": "R5D", "zone_category": "Residential", "ev_permitted": false}, "geometry": {"type": "Polygon", "coordinates": [[[-73.8567938318541, 40.8825590504995], [-73.8567086244494, 40.88271140662], [-73.8569871920071, 40.8828004689963], [-73.8570723988876, 40.8826481126727], [-73.8567938318541, 40.8825590504995]]]}}, {"type": "Feature", "properties": {"zone_id": "0202LQPZ67T436G3PX0DP4", "tract_id": "36005039600", "city": "BRONX, NY", "zone_code": "R5D", "zone_category": "Residential", "ev_permitted": false}, "geometry": {"type": "Polygon", "coordinates": [[[-73.8566701670008, 40.8827801713198], [-73.856629619309, 40.8828526721627], [-73.8569081938591, 40.8829417227907], [-73.8569487347951, 40.8828692337879], [-73.8566701670008, 40.8827801713198]]]}}, {"type": "Feature", "properties": {"zone_id": "0200FS7GQG41PRQTORDJIO", "tract_id": "36005039600", "city": "BRONX, NY", "zone_code": "R5", "zone_category": "Residential", "ev_permitted": false}, "geometry": {"type": "Polygon", "coordinates": [[[-73.8580481663769, 40.8821345781854], [-73.8578860186232, 40.8824255186962], [-73.8579683855499, 40.8824516480209], [-73.8581305330084, 40.8821607066932], [-73.8580481663769, 40.8821345781854]]]}}, {"type": "Feature", "properties": {"zone_id": "0201E3VC4NFAODL3M3B3KB", "tract_id": "36005039600", "city": "BRONX, NY", "zone_code": "R5", "zone_category": "Residential", "ev_permitted": false}, "geometry": {"type": "Polygon", "coordinates": [[[-73.8581305330084, 40.8821607066932], [-73.8579683855499, 40.8824516480209], [-73.8581919413568, 40.8825225650431], [-73.8583540880098, 40.882231623405], [-73.8581305330084, 40.8821607066932]]]}}, {"type": "Feature", "properties": {"zone_id": "0201EHPV9TVTMIVGBHL02U", "tract_id": "36005039600", "city": "BRONX, NY", "zone_code": "R5", "zone_category": "Residential", "ev_permitted": false}, "geometry": {"type": "Polygon", "coordinates": [[[-73.8577944677554, 40.8820540973336], [-73.8576323190863, 40.8823450381949], [-73.8577213413962, 40.8823732789108], [-73.8578834897446, 40.882082337926], [-73.8577944677554, 40.8820540973336]]]}}, {"type": "Feature", "properties": {"zone_id": "0204IX3M2UKLGJBTLUNGB9", "tract_id": "36005039600", "city": "BRONX, NY", "zone_code": "R5", "zone_category": "Residential", "ev_permitted": false}, "geometry": {"type": "Polygon", "coordinates": [[[-73.8578834897446, 40.882082337926], [-73.8577213413962, 40.8823732789108], [-73.8578018319731, 40.8823988130127], [-73.8579639800315, 40.8821078719161], [-73.8578834897446, 40.882082337926]]]}}, {"type": "Feature", "properties": {"zone_id": "02022DTDVTC6G51JENI4WX", "tract_id": "36005039600", "city": "BRONX, NY", "zone_code": "R5", "zone_category": "Residential", "ev_permitted": false}, "geometry": {"type": "Polygon", "coordinates": [[[-73.8579639800315, 40.8821078719161], [-73.8578018319731, 40.8823988130127], [-73.8578860186232, 40.8824255186962], [-73.8580481663769, 40.8821345781854], [-73.8579639800315, 40.8821078719161]]]}}, {"type": "Feature", "properties": {"zone_id": "0205JLLO7F04QXR7OGKTG6", "tract_id": "36005039600", "city": "BRONX, NY", "zone_code": "R5", "zone_category": "Residential", "ev_permitted": false}, "geometry": {"type": "Polygon", "coordinates": [[[-73.8577191815813, 40.8820302145234], [-73.857557032641, 40.8823211552802], [-73.8576323190863, 40.8823450381949], [-73.8577944677554, 40.8820540973336], [-73.8577191815813, 40.8820302145234]]]}}, {"type": "Feature", "properties": {"zone_id": "0206U31OUWBHS4BLISSBFV", "tract_id": "36005039600", "city": "BRONX, NY", "zone_code": "R5D", "zone_category": "Residential", "ev_permitted": false}, "geometry": {"type": "Polygon", "coordinates": [[[-73.8572911587327, 40.8818944325688], [-73.8571921427313, 40.8820712569241], [-73.857075793045, 40.8820343465003], [-73.8568518883876, 40.8824341915253], [-73.8571194289915, 40.8825197393533], [-73.8572792250898, 40.8822330263848], [-73.8571287908416, 40.8821853029009], [-73.8572911587327, 40.8818944325688]]]}}, {"type": "Feature", "properties": {"zone_id": "02065IQDY6ZQ50MUQOBUF3", "tract_id": "36005039600", "city": "BRONX, NY", "zone_code": "R5", "zone_category": "Residential", "ev_permitted": false}, "geometry": {"type": "Polygon", "coordinates": [[[-73.8575510731542, 40.881976885382], [-73.8573889236083, 40.8822678259055], [-73.8574650592252, 40.8822919783879], [-73.8576272075711, 40.8820010377576], [-73.8575510731542, 40.881976885382]]]}}, {"type": "Feature", "properties": {"zone_id": "0201IDVEM0CSPFU5FKSSFF", "tract_id": "36005039600", "city": "BRONX, NY", "zone_code": "R5", "zone_category": "Residential", "ev_permitted": false}, "geometry": {"type": "Polygon", "coordinates": [[[-73.8576272075711, 40.8820010377576], [-73.8574650592252, 40.8822919783879], [-73.857557032641, 40.8823211552802], [-73.8577191815813, 40.8820302145234], [-73.8576272075711, 40.8820010377576]]]}}, {"type": "Feature", "properties": {"zone_id": "0200T2TXNZEJUNFHJ3BGXX", "tract_id": "36005039600", "city": "BRONX, NY", "zone_code": "R5D", "zone_category": "Residential", "ev_permitted": false}, "geometry": {"type": "Polygon", "coordinates": [[[-73.8574657039391, 40.8819498041856], [-73.8573029027775, 40.8822405379115], [-73.8573889236083, 40.8822678259055], [-73.8575510731542, 40.881976885382], [-73.8574657039391, 40.8819498041856]]]}}, {"type": "Feature", "properties": {"zone_id": "0206X10MSB7YTUGFXLPLD5", "tract_id": "36005039600", "city": "BRONX, NY", "zone_code": "R5D", "zone_category": "Residential", "ev_permitted": false}, "geometry": {"type": "Polygon", "coordinates": [[[-73.8572915926277, 40.8818945701203], [-73.8571287908416, 40.8821853029009], [-73.8573029027775, 40.8822405379115], [-73.8574657039391, 40.8819498041856], [-73.8572915926277, 40.8818945701203]]]}}, {"type": "Feature", "properties": {"zone_id": "02071P34FKLJI8A9V7PFH9", "tract_id": "36005039600", "city": "BRONX, NY", "zone_code": "R5D", "zone_category": "Residential", "ev_permitted": false}, "geometry": {"type": "Polygon", "coordinates": [[[-73.8571748083751, 40.8818575222424], [-73.857075793045, 40.8820343465003], [-73.8571921427313, 40.8820712569241], [-73.8572911587327, 40.8818944325688], [-73.8571748083751, 40.8818575222424]]]}}]}