{"type": "FeatureCollection", "features": [{"type": "Feature", "properties": {"zone_id": "0201M5H3PXEFKZAW6SFNCN", "tract_id": "36081015400", "city": "JAMAICA, NY", "zone_code": "R4A", "zone_category": "Residential", "ev_permitted": false}, "geometry": {"type": "Polygon", "coordinates": [[[-73.8186833338909, 40.6932570665598], [-73.8183457231557, 40.6933532689748], [-73.8183759101923, 40.6934147370317], [-73.8187121991319, 40.6933158538977], [-73.8186833338909, 40.6932570665598]]]}}, {"type": "Feature", "properties": {"zone_id": "0203CEY6YD6A6GY9TPUULF", "tract_id": "36081015400", "city": "JAMAICA, NY", "zone_code": "R4A", "zone_category": "Residential", "ev_permitted": false}, "geometry": {"type": "Polygon", "coordinates": [[[-73.8178218432181, 40.693282486628], [-73.8177436330546, 40.6933047721023], [-73.8178706018226, 40.6935633160319], [-73.8179485056074, 40.6935404088335], [-73.8178218432181, 40.693282486628]]]}}, {"type": "Feature", "properties": {"zone_id": "0204ZJU3SPL6UNCTG9M201", "tract_id": "36081015400", "city": "JAMAICA, NY", "zone_code": "R4A", "zone_category": "Residential", "ev_permitted": false}, "geometry": {"type": "Polygon", "coordinates": [[[-73.8179096505889, 40.6932574660657], [-73.8178218432181, 40.693282486628], [-73.8179485056074, 40.6935404088335], [-73.8180359708321, 40.6935146912956], [-73.8179096505889, 40.6932574660657]]]}}, {"type": "Feature", "properties": {"zone_id": "0200EPIMVEOI56R5I4LUTE", "tract_id": "36081015400", "city": "JAMAICA, NY", "zone_code": "R4A", "zone_category": "Residential", "ev_permitted": false}, "geometry": {"type": "Polygon", "coordinates": [[[-73.8181633894395, 40.6931793018819], [-73.8180827386246, 40.693202283582], [-73.8182109001557, 40.6934632560186], [-73.8182912363412, 40.6934396343097], [-73.8181633894395, 40.6931793018819]]]}}, {"type": "Feature", "properties": {"zone_id": "0202MG7BBP3KPBQJEJ2GSZ", "tract_id": "36081015400", "city": "JAMAICA, NY", "zone_code": "R4A", "zone_category": "Residential", "ev_permitted": false}, "geometry": {"type": "Polygon", "coordinates": [[[-73.8182483944279, 40.6931550797764], [-73.8181633894395, 40.6931793018819], [-73.8182912363412, 40.6934396343097], [-73.8183759101923, 40.6934147370317], [-73.8182483944279, 40.6931550797764]]]}}, {"type": "Feature", "properties": {"zone_id": "0204QFT5MNXG3O3KICA8UE", "tract_id": "36081015400", "city": "JAMAICA, NY", "zone_code": "R4A", "zone_category": "Residential", "ev_permitted": false}, "geometry": {"type": "Polygon", "coordinates": [[[-73.8186505604527, 40.6931903224319], [-73.8183129463117, 40.6932865261511], [-73.8183457231557, 40.6933532689748], [-73.8186833338909, 40.6932570665598], [-73.8186505604527, 40.6931903224319]]]}}, {"type": "Feature", "properties": {"zone_id": "0203SIU3NP055A9QIQL9WB", "tract_id": "36081015400", "city": "JAMAICA, NY", "zone_code": "R4A", "zone_category": "Residential", "ev_permitted": false}, "geometry": {"type": "Polygon", "coordinates": [[[-73.8186175777651, 40.6931231500429], [-73.818279959295, 40.6932193557668], [-73.8183129463117, 40.6932865261511], [-73.8186505604527, 40.6931903224319], [-73.8186175777651, 40.6931231500429]]]}}, {"type": "Feature", "properties": {"zone_id": "02001YUWISVS2NXQX0HFBR", "tract_id": "36081015400", "city": "JAMAICA, NY", "zone_code": "R4A", "zone_category": "Residential", "ev_permitted": false}, "geometry": {"type": "Polygon", "coordinates": [[[-73.8185860163125, 40.6930588734475], [-73.8182483944279, 40.6931550797764], [-73.818279959295, 40.6932193557668], [-73.8186175777651, 40.6931231500429], [-73.8185860163125, 40.6930588734475]]]}}, {"type": "Feature", "properties": {"zone_id": "0201P5XOJMROG83KFORDJM", "tract_id": "36081015400", "city": "JAMAICA, NY", "zone_code": "R4A", "zone_category": "Residential", "ev_permitted": false}, "geometry": {"type": "Polygon", "coordinates": [[[-73.818134093226, 40.6931196459356], [-73.817711812529, 40.6932399741844], [-73.8177436330546, 40.6933047721023], [-73.8179974569686, 40.6932324461375], [-73.8180852642076, 40.6932074254409], [-73.8180827386246, 40.693202283582], [-73.8181633894395, 40.6931793018819], [-73.818134093226, 40.6931196459356]]]}}, {"type": "Feature", "properties": {"zone_id": "02047RRVB7EN540V0EYPOD", "tract_id": "36081015400", "city": "JAMAICA, NY", "zone_code": "R4A", "zone_category": "Residential", "ev_permitted": false}, "geometry": {"type": "Polygon", "coordinates": [[[-73.8179974569686, 40.6932324461375], [-73.8179096505889, 40.6932574660657], [-73.8180359708321, 40.6935146912956], [-73.8181234359892, 40.6934889736912], [-73.8179974569686, 40.6932324461375]]]}}, {"type": "Feature", "properties": {"zone_id": "02026L2HT8VALDPRAQD1AV", "tract_id": "36081015400", "city": "JAMAICA, NY", "zone_code": "R4A", "zone_category": "Residential", "ev_permitted": false}, "geometry": {"type": "Polygon", "coordinates": [[[-73.8180852642076, 40.6932074254409], [-73.8179974569686, 40.6932324461375], [-73.8181234359892, 40.6934889736912], [-73.8182109001557, 40.6934632560186], [-73.8180852642076, 40.6932074254409]]]}}, {"type": "Feature", "properties": {"zone_id": "0201VF0523TO9T7YP0FBNW", "tract_id": "36081015400", "city": "JAMAICA, NY", "zone_code": "R4A", "zone_category": "Residential", "ev_permitted": false}, "geometry": {"type": "Polygon", "coordinates": [[[-73.8181015489745, 40.6930533770111], [-73.8176792686404, 40.6931737044388], [-73.817711812529, 40.6932399741844], [-73.818134093226, 40.6931196459356], [-73.8181015489745, 40.6930533770111]]]}}, {"type": "Feature", "properties": {"zone_id": "0207L7C1AZEKUM2A6EOBYM", "tract_id": "36081015400", "city": "JAMAICA, NY", "zone_code": "R4A", "zone_category": "Residential", "ev_permitted": false}, "geometry": {"type": "Polygon", "coordinates": [[[-73.8175731562702, 40.6933504434652], [-73.8174683942996, 40.693380360436], [-73.8176022653734, 40.6936399913837], [-73.8177024082585, 40.6936113936013], [-73.8175731562702, 40.6933504434652]]]}}, {"type": "Feature", "properties": {"zone_id": "02023ANGKASYNH9N4PGE4A", "tract_id": "36081015400", "city": "JAMAICA, NY", "zone_code": "R4A", "zone_category": "Residential", "ev_permitted": false}, "geometry": {"type": "Polygon", "coordinates": [[[-73.817260574647, 40.6934397070422], [-73.8171570180687, 40.6934692792312], [-73.8172908881086, 40.6937289105383], [-73.8173944450307, 40.6936993382298], [-73.817260574647, 40.6934397070422]]]}}, {"type": "Feature", "properties": {"zone_id": "0202RO8NK22Z6I6WFDQR1K", "tract_id": "36081015400", "city": "JAMAICA, NY", "zone_code": "R4A", "zone_category": "Residential", "ev_permitted": false}, "geometry": {"type": "Polygon", "coordinates": [[[-73.8173624256431, 40.6934106211064], [-73.817260574647, 40.6934397070422], [-73.8173944450307, 40.6936993382298], [-73.8174962963632, 40.6936702528791], [-73.8173624256431, 40.6934106211064]]]}}, {"type": "Feature", "properties": {"zone_id": "02026NTVMSXAHCEGCGFILF", "tract_id": "36081015400", "city": "JAMAICA, NY", "zone_code": "R4A", "zone_category": "Residential", "ev_permitted": false}, "geometry": {"type": "Polygon", "coordinates": [[[-73.8174683942996, 40.693380360436], [-73.8173624256431, 40.6934106211064], [-73.8174962963632, 40.6936702528791], [-73.8176022653734, 40.6936399913837], [-73.8174683942996, 40.693380360436]]]}}, {"type": "Feature", "properties": {"zone_id": "02007ZW852P6H5N8L9FF42", "tract_id": "36081015400", "city": "JAMAICA, NY", "zone_code": "R4A", "zone_category": "Residential", "ev_permitted": false}, "geometry": {"type": "Polygon", "coordinates": [[[-73.8171570180687, 40.6934692792312], [-73.8170715548122, 40.6934936846027], [-73.8172054245682, 40.6937533160084], [-73.8172908881086, 40.6937289105383], [-73.8171570180687, 40.6934692792312]]]}}, {"type": "Feature", "properties": {"zone_id": "0204D7OVMK5ZAGXA975SY3", "tract_id": "36081015400", "city": "JAMAICA, NY", "zone_code": "R4A", "zone_category": "Residential", "ev_permitted": false}, "geometry": {"type": "Polygon", "coordinates": [[[-73.8174469478153, 40.6930956378649], [-73.8170188947272, 40.6932178754955], [-73.8170524897488, 40.6932830312717], [-73.8174793837242, 40.6931611240375], [-73.8174469478153, 40.6930956378649]]]}}, {"type": "Feature", "properties": {"zone_id": "0202PJ217LDMTMMM5B2YE1", "tract_id": "36081015400", "city": "JAMAICA, NY", "zone_code": "R4A", "zone_category": "Residential", "ev_permitted": false}, "geometry": {"type": "Polygon", "coordinates": [[[-73.8175419292984, 40.6932873988811], [-73.8171172695087, 40.6934086683661], [-73.8171496112678, 40.6934713944222], [-73.8175731562702, 40.6933504434652], [-73.8175419292984, 40.6932873988811]]]}}, {"type": "Feature", "properties": {"zone_id": "0203YXK50K9XFG8QW66MFI", "tract_id": "36081015400", "city": "JAMAICA, NY", "zone_code": "R4A", "zone_category": "Residential", "ev_permitted": false}, "geometry": {"type": "Polygon", "coordinates": [[[-73.8175095152974, 40.6932219584351], [-73.8170836973143, 40.6933435583194], [-73.8171172695087, 40.6934086683661], [-73.8175419292984, 40.6932873988811], [-73.8175095152974, 40.6932219584351]]]}}, {"type": "Feature", "properties": {"zone_id": "020484456QACV6AWVYG9LT", "tract_id": "36081015400", "city": "JAMAICA, NY", "zone_code": "R4A", "zone_category": "Residential", "ev_permitted": false}, "geometry": {"type": "Polygon", "coordinates": [[[-73.8174793837242, 40.6931611240375], [-73.8170524897488, 40.6932830312717], [-73.8170836973143, 40.6933435583194], [-73.8175095152974, 40.6932219584351], [-73.8174793837242, 40.6931611240375]]]}}, {"type": "Feature", "properties": {"zone_id": "0203PBKDXZGKYAWOOCPPPP", "tract_id": "36081015400", "city": "JAMAICA, NY", "zone_code": "R4A", "zone_category": "Residential", "ev_permitted": false}, "geometry": {"type": "Polygon", "coordinates": [[[-73.8263089196915, 40.6909002490617], [-73.8260161959695, 40.6909837328784], [-73.8261292685617, 40.6912147431102], [-73.8264219940794, 40.6911312590098], [-73.8263089196915, 40.6909002490617]]]}}, {"type": "Feature", "properties": {"zone_id": "0202CBA9K137FPB8BM2KC5", "tract_id": "36081015400", "city": "JAMAICA, NY", "zone_code": "R4A", "zone_category": "Residential", "ev_permitted": false}, "geometry": {"type": "Polygon", "coordinates": [[[-73.8260161959695, 40.6909837328784], [-73.8258830019271, 40.6910217183235], [-73.8259960741204, 40.6912527293878], [-73.8261292685617, 40.6912147431102], [-73.8260161959695, 40.6909837328784]]]}}, {"type": "Feature", "properties": {"zone_id": "02075NR6HB1NQXSY9UMEH6", "tract_id": "36081015400", "city": "JAMAICA, NY", "zone_code": "R4A", "zone_category": "Residential", "ev_permitted": false}, "geometry": {"type": "Polygon", "coordinates": [[[-73.8258830019271, 40.6910217183235], [-73.8257450593059, 40.6910610581841], [-73.8258581320111, 40.6912920693841], [-73.8259960741204, 40.6912527293878], [-73.8258830019271, 40.6910217183235]]]}}, {"type": "Feature", "properties": {"zone_id": "02006N194NUWIHMS4GVU0R", "tract_id": "36081015400", "city": "JAMAICA, NY", "zone_code": "R4A", "zone_category": "Residential", "ev_permitted": false}, "geometry": {"type": "Polygon", "coordinates": [[[-73.8257450593059, 40.6910610581841], [-73.8256756888424, 40.6910808426844], [-73.8257887604195, 40.691311853248], [-73.8258581320111, 40.6912920693841], [-73.8257450593059, 40.6910610581841]]]}}, {"type": "Feature", "properties": {"zone_id": "0201PE80QW7KT76CMS1ZAS", "tract_id": "36081015400", "city": "JAMAICA, NY", "zone_code": "R4A", "zone_category": "Residential", "ev_permitted": false}, "geometry": {"type": "Polygon", "coordinates": [[[-73.8256756888424, 40.6910808426844], [-73.8256047977336, 40.6911010597865], [-73.8257178690994, 40.6913320704192], [-73.8257887604195, 40.691311853248], [-73.8256756888424, 40.6910808426844]]]}}, {"type": "Feature", "properties": {"zone_id": "0205B2D5GC85XZYDT32ODH", "tract_id": "36081015400", "city": "JAMAICA, NY", "zone_code": "R4A", "zone_category": "Residential", "ev_permitted": false}, "geometry": {"type": "Polygon", "coordinates": [[[-73.8256047977336, 40.6911010597865], [-73.8255426403745, 40.6911187864992], [-73.825655711555, 40.6913497971924], [-73.8257178690994, 40.6913320704192], [-73.8256047977336, 40.6911010597865]]]}}, {"type": "Feature", "properties": {"zone_id": "0201PCFC88DIGLQVGVCBTR", "tract_id": "36081015400", "city": "JAMAICA, NY", "zone_code": "R4A", "zone_category": "Residential", "ev_permitted": false}, "geometry": {"type": "Polygon", "coordinates": [[[-73.8242292648891, 40.6914902326743], [-73.8241459200761, 40.6915134948694], [-73.8242592529644, 40.6917452022625], [-73.8243450165837, 40.6917212649057], [-73.8242292648891, 40.6914902326743]]]}}, {"type": "Feature", "properties": {"zone_id": "0207MUFONDTLEHY68VVDRK", "tract_id": "36081015400", "city": "JAMAICA, NY", "zone_code": "R4A", "zone_category": "Residential", "ev_permitted": false}, "geometry": {"type": "Polygon", "coordinates": [[[-73.8241459200761, 40.6915134948694], [-73.8240626250894, 40.6915367437297], [-73.8241759586509, 40.6917684512056], [-73.8242592529644, 40.6917452022625], [-73.8241459200761, 40.6915134948694]]]}}, {"type": "Feature", "properties": {"zone_id": "0203UKMO76GY8Y8NM0YB98", "tract_id": "36081015400", "city": "JAMAICA, NY", "zone_code": "R4A", "zone_category": "Residential", "ev_permitted": false}, "geometry": {"type": "Polygon", "coordinates": [[[-73.8240626250894, 40.6915367437297], [-73.823982693663, 40.6915590539989], [-73.8240960260634, 40.6917907608487], [-73.8241759586509, 40.6917684512056], [-73.8240626250894, 40.6915367437297]]]}}, {"type": "Feature", "properties": {"zone_id": "0206BZEJKK7450AOOSR9FD", "tract_id": "36081015400", "city": "JAMAICA, NY", "zone_code": "R4A", "zone_category": "Residential", "ev_permitted": false}, "geometry": {"type": "Polygon", "coordinates": [[[-73.825277398452, 40.691193017385], [-73.824773608447, 40.6913339362441], [-73.8248918778605, 40.6915703801531], [-73.8253969210793, 40.6914319641574], [-73.825277398452, 40.691193017385]]]}}, {"type": "Feature", "properties": {"zone_id": "0206RA4ICR0CYUKNE9DOGD", "tract_id": "36081015400", "city": "JAMAICA, NY", "zone_code": "R4A", "zone_category": "Residential", "ev_permitted": false}, "geometry": {"type": "Polygon", "coordinates": [[[-73.8247851571065, 40.6913570229357], [-73.8246827440818, 40.6913856704996], [-73.8247892092613, 40.6915985179923], [-73.8248918778605, 40.6915703801531], [-73.8247851571065, 40.6913570229357]]]}}, {"type": "Feature", "properties": {"zone_id": "0207NS7AF1AYDQ1FB9HY1X", "tract_id": "36081015400", "city": "JAMAICA, NY", "zone_code": "R4A", "zone_category": "Residential", "ev_permitted": false}, "geometry": {"type": "Polygon", "coordinates": [[[-73.8252186177625, 40.6910755041098], [-73.8248274660034, 40.691184916093], [-73.8248862461018, 40.6913024288638], [-73.825277398452, 40.691193017385], [-73.8252186177625, 40.6910755041098]]]}}, {"type": "Feature", "properties": {"zone_id": "0206V91T1OBZRPZWBCD8AH", "tract_id": "36081015400", "city": "JAMAICA, NY", "zone_code": "R4A", "zone_category": "Residential", "ev_permitted": false}, "geometry": {"type": "Polygon", "coordinates": [[[-73.825174444913, 40.6909871938611], [-73.8247832926782, 40.6910966049913], [-73.8248274660034, 40.691184916093], [-73.8252186177625, 40.6910755041098], [-73.825174444913, 40.6909871938611]]]}}, {"type": "Feature", "properties": {"zone_id": "0203PH6QYRMDMD11T6CY8B", "tract_id": "36081015400", "city": "JAMAICA, NY", "zone_code": "R4A", "zone_category": "Residential", "ev_permitted": false}, "geometry": {"type": "Polygon", "coordinates": [[[-73.824773608447, 40.6913339362441], [-73.8244918738937, 40.6914127405373], [-73.8245032219983, 40.6914358845695], [-73.8246132520232, 40.6914051077618], [-73.8247195462161, 40.691617610051], [-73.8247892092613, 40.6915985179923], [-73.8246827440818, 40.6913856704996], [-73.8247851571065, 40.6913570229357], [-73.824773608447, 40.6913339362441]]]}}, {"type": "Feature", "properties": {"zone_id": "020337SDX1OPW2OGBMF45J", "tract_id": "36081015400", "city": "JAMAICA, NY", "zone_code": "R4A", "zone_category": "Residential", "ev_permitted": false}, "geometry": {"type": "Polygon", "coordinates": [[[-73.8246132520232, 40.6914051077618], [-73.8245032219983, 40.6914358845695], [-73.8246073992407, 40.6916483464925], [-73.8247195462161, 40.691617610051], [-73.8246132520232, 40.6914051077618]]]}}, {"type": "Feature", "properties": {"zone_id": "020746F6O4GDWEQVCA8S6V", "tract_id": "36081015400", "city": "JAMAICA, NY", "zone_code": "R4A", "zone_category": "Residential", "ev_permitted": false}, "geometry": {"type": "Polygon", "coordinates": [[[-73.8242033375151, 40.6914384834457], [-73.823806603641, 40.6915492156805], [-73.8238319903141, 40.6916011166482], [-73.8242292648891, 40.6914902326743], [-73.8242033375151, 40.6914384834457]]]}}, {"type": "Feature", "properties": {"zone_id": "0202K49OSTOIJ8F024FZQS", "tract_id": "36081015400", "city": "JAMAICA, NY", "zone_code": "R4A", "zone_category": "Residential", "ev_permitted": false}, "geometry": {"type": "Polygon", "coordinates": [[[-73.8248364140003, 40.6912028054436], [-73.8244429069903, 40.6913128744431], [-73.8244918738937, 40.6914127405373], [-73.8248862461018, 40.6913024288638], [-73.8248364140003, 40.6912028054436]]]}}, {"type": "Feature", "properties": {"zone_id": "0201QYO6VXCSTPDI9IK6EG", "tract_id": "36081015400", "city": "JAMAICA, NY", "zone_code": "R4A", "zone_category": "Residential", "ev_permitted": false}, "geometry": {"type": "Polygon", "coordinates": [[[-73.8247832926782, 40.6910966049913], [-73.824390707247, 40.6912064166363], [-73.8244429069903, 40.6913128744431], [-73.8248364140003, 40.6912028054436], [-73.8247832926782, 40.6910966049913]]]}}, {"type": "Feature", "properties": {"zone_id": "02033MHB7C1ZT3T2FRRZZN", "tract_id": "36081015400", "city": "JAMAICA, NY", "zone_code": "R4A", "zone_category": "Residential", "ev_permitted": false}, "geometry": {"type": "Polygon", "coordinates": [[[-73.8247334076293, 40.6909968725302], [-73.8243416873922, 40.6911064415025], [-73.824390707247, 40.6912064166363], [-73.8247832926782, 40.6910966049913], [-73.8247334076293, 40.6909968725302]]]}}, {"type": "Feature", "properties": {"zone_id": "020168KJW0D3D01AYZ7B2T", "tract_id": "36081015400", "city": "JAMAICA, NY", "zone_code": "R4A", "zone_category": "Residential", "ev_permitted": false}, "geometry": {"type": "Polygon", "coordinates": [[[-73.823982693663, 40.6915590539989], [-73.8239007916812, 40.6915819134898], [-73.8240141238358, 40.6918136204196], [-73.8240960260634, 40.6917907608487], [-73.823982693663, 40.6915590539989]]]}}, {"type": "Feature", "properties": {"zone_id": "02045XVGP0SEZZ8ZL2JH1Z", "tract_id": "36081015400", "city": "JAMAICA, NY", "zone_code": "R4A", "zone_category": "Residential", "ev_permitted": false}, "geometry": {"type": "Polygon", "coordinates": [[[-73.8239007916812, 40.6915819134898], [-73.8238178438798, 40.6916050650343], [-73.8239311757837, 40.6918367727478], [-73.8240141238358, 40.6918136204196], [-73.8239007916812, 40.6915819134898]]]}}, {"type": "Feature", "properties": {"zone_id": "0207JEQU4K35DQHK7E71NG", "tract_id": "36081015400", "city": "JAMAICA, NY", "zone_code": "R4A", "zone_category": "Residential", "ev_permitted": false}, "geometry": {"type": "Polygon", "coordinates": [[[-73.8238178438798, 40.6916050650343], [-73.8237298177865, 40.69162963374], [-73.8238431494262, 40.6918613415394], [-73.8239311757837, 40.6918367727478], [-73.8238178438798, 40.6916050650343]]]}}, {"type": "Feature", "properties": {"zone_id": "0205VNSJO0S88PYTA9MM6P", "tract_id": "36081015400", "city": "JAMAICA, NY", "zone_code": "R4A", "zone_category": "Residential", "ev_permitted": false}, "geometry": {"type": "Polygon", "coordinates": [[[-73.8237298177865, 40.69162963374], [-73.8235907099125, 40.6916684598041], [-73.8237040420579, 40.6919001677408], [-73.8238431494262, 40.6918613415394], [-73.8237298177865, 40.69162963374]]]}}, {"type": "Feature", "properties": {"zone_id": "02069AQ547UFHEW5IGSJ6J", "tract_id": "36081015400", "city": "JAMAICA, NY", "zone_code": "R4A", "zone_category": "Residential", "ev_permitted": false}, "geometry": {"type": "Polygon", "coordinates": [[[-73.8235907099125, 40.6916684598041], [-73.8234491990162, 40.6917079565695], [-73.8235625298157, 40.6919396639403], [-73.8237040420579, 40.6919001677408], [-73.8235907099125, 40.6916684598041]]]}}, {"type": "Feature", "properties": {"zone_id": "02037QDURMIL5H0GT2DO4J", "tract_id": "36081015400", "city": "JAMAICA, NY", "zone_code": "R4A", "zone_category": "Residential", "ev_permitted": false}, "geometry": {"type": "Polygon", "coordinates": [[[-73.8237816871236, 40.6914982717503], [-73.8233988963355, 40.6916051115056], [-73.8234491990162, 40.6917079565695], [-73.8238319903141, 40.6916011166482], [-73.8237816871236, 40.6914982717503]]]}}, {"type": "Feature", "properties": {"zone_id": "0202JW73ADSDR5KAKOFSVZ", "tract_id": "36081015400", "city": "JAMAICA, NY", "zone_code": "R4A", "zone_category": "Residential", "ev_permitted": false}, "geometry": {"type": "Polygon", "coordinates": [[[-73.8231904987587, 40.6917931886455], [-73.8231002041709, 40.6918187476518], [-73.8232124755815, 40.6920502738557], [-73.8233056557258, 40.6920241914928], [-73.8231904987587, 40.6917931886455]]]}}, {"type": "Feature", "properties": {"zone_id": "02079E5O21ZEMRN4VBZ01Z", "tract_id": "36081015400", "city": "JAMAICA, NY", "zone_code": "R4A", "zone_category": "Residential", "ev_permitted": false}, "geometry": {"type": "Polygon", "coordinates": [[[-73.8231002041709, 40.6918187476518], [-73.8230159486256, 40.6918425957573], [-73.8231281077777, 40.6920738892893], [-73.8232124755815, 40.6920502738557], [-73.8231002041709, 40.6918187476518]]]}}, {"type": "Feature", "properties": {"zone_id": "0200447WN842QJ9W5MOMZ1", "tract_id": "36081015400", "city": "JAMAICA, NY", "zone_code": "R4A", "zone_category": "Residential", "ev_permitted": false}, "geometry": {"type": "Polygon", "coordinates": [[[-73.8230159486256, 40.6918425957573], [-73.8229291691002, 40.6918671587412], [-73.8230412113897, 40.69209821257], [-73.8231281077777, 40.6920738892893], [-73.8230159486256, 40.6918425957573]]]}}, {"type": "Feature", "properties": {"zone_id": "0201ZARGXSGZRFRWW2HMMS", "tract_id": "36081015400", "city": "JAMAICA, NY", "zone_code": "R4A", "zone_category": "Residential", "ev_permitted": false}, "geometry": {"type": "Polygon", "coordinates": [[[-73.8229291691002, 40.6918671587412], [-73.8228407774167, 40.6918921780165], [-73.8229527010043, 40.6921229879246], [-73.8230412113897, 40.69209821257], [-73.8229291691002, 40.6918671587412]]]}}, {"type": "Feature", "properties": {"zone_id": "0204PUVQ9DBGDEALPNBOCI", "tract_id": "36081015400", "city": "JAMAICA, NY", "zone_code": "R4A", "zone_category": "Residential", "ev_permitted": false}, "geometry": {"type": "Polygon", "coordinates": [[[-73.8228407774167, 40.6918921780165], [-73.8227581236174, 40.6919155730738], [-73.8228699358646, 40.6921461545254], [-73.8229527010043, 40.6921229879246], [-73.8228407774167, 40.6918921780165]]]}}, {"type": "Feature", "properties": {"zone_id": "0204MBTUNXF80YU4ZM2K4T", "tract_id": "36081015400", "city": "JAMAICA, NY", "zone_code": "R4A", "zone_category": "Residential", "ev_permitted": false}, "geometry": {"type": "Polygon", "coordinates": [[[-73.8227581236174, 40.6919155730738], [-73.8226905403193, 40.6919347022411], [-73.8228022614706, 40.6921650967096], [-73.8228699358646, 40.6921461545254], [-73.8227581236174, 40.6919155730738]]]}}, {"type": "Feature", "properties": {"zone_id": "0206W37FBBLXQXS2RWYTBG", "tract_id": "36081015400", "city": "JAMAICA, NY", "zone_code": "R4A", "zone_category": "Residential", "ev_permitted": false}, "geometry": {"type": "Polygon", "coordinates": [[[-73.8226905403193, 40.6919347022411], [-73.8226260841723, 40.691952946618], [-73.822737719752, 40.6921831632435], [-73.8228022614706, 40.6921650967096], [-73.8226905403193, 40.6919347022411]]]}}, {"type": "Feature", "properties": {"zone_id": "0206LLE3P1JMP3PYPH6LYN", "tract_id": "36081015400", "city": "JAMAICA, NY", "zone_code": "R4A", "zone_category": "Residential", "ev_permitted": false}, "geometry": {"type": "Polygon", "coordinates": [[[-73.8226260841723, 40.691952946618], [-73.8225549098395, 40.6919730918419], [-73.8226664497237, 40.6922031116433], [-73.822737719752, 40.6921831632435], [-73.8226260841723, 40.691952946618]]]}}, {"type": "Feature", "properties": {"zone_id": "0201NOX8FDCFLIXIXCW77E", "tract_id": "36081015400", "city": "JAMAICA, NY", "zone_code": "R4A", "zone_category": "Residential", "ev_permitted": false}, "geometry": {"type": "Polygon", "coordinates": [[[-73.8231482563124, 40.6917084501142], [-73.8227625251789, 40.6918176315325], [-73.8228037556028, 40.6919026567382], [-73.8231904987587, 40.6917931886455], [-73.8231482563124, 40.6917084501142]]]}}, {"type": "Feature", "properties": {"zone_id": "0206OYQ1QMZPC8920XXNDL", "tract_id": "36081015400", "city": "JAMAICA, NY", "zone_code": "R4A", "zone_category": "Residential", "ev_permitted": false}, "geometry": {"type": "Polygon", "coordinates": [[[-73.8230862872037, 40.6915841403236], [-73.8227020412885, 40.6916929015229], [-73.8227274691203, 40.6917453382266], [-73.8231123388833, 40.691636400128], [-73.8230862872037, 40.6915841403236]]]}}, {"type": "Feature", "properties": {"zone_id": "0206KVCYZXJ87SL6BN7QB0", "tract_id": "36081015400", "city": "JAMAICA, NY", "zone_code": "R4A", "zone_category": "Residential", "ev_permitted": false}, "geometry": {"type": "Polygon", "coordinates": [[[-73.8231123388833, 40.691636400128], [-73.8227274691203, 40.6917453382266], [-73.8227625251789, 40.6918176315325], [-73.8231482563124, 40.6917084501142], [-73.8231123388833, 40.691636400128]]]}}, {"type": "Feature", "properties": {"zone_id": "0200XRV2BUKNUXTH2DBL4O", "tract_id": "36081015400", "city": "JAMAICA, NY", "zone_code": "R4A", "zone_category": "Residential", "ev_permitted": false}, "geometry": {"type": "Polygon", "coordinates": [[[-73.824101302478, 40.6912348273775], [-73.8237067027345, 40.6913449645653], [-73.8237562785, 40.6914463229561], [-73.8241519365291, 40.6913358899897], [-73.824101302478, 40.6912348273775]]]}}, {"type": "Feature", "properties": {"zone_id": "0201UOZDNP1IC6Y10XEKHN", "tract_id": "36081015400", "city": "JAMAICA, NY", "zone_code": "R4A", "zone_category": "Residential", "ev_permitted": false}, "geometry": {"type": "Polygon", "coordinates": [[[-73.8241519365291, 40.6913358899897], [-73.8237562785, 40.6914463229561], [-73.823806603641, 40.6915492156805], [-73.8242033375151, 40.6914384834457], [-73.8241519365291, 40.6913358899897]]]}}, {"type": "Feature", "properties": {"zone_id": "0201OSQM2K0S87ZKGGRR3I", "tract_id": "36081015400", "city": "JAMAICA, NY", "zone_code": "R4A", "zone_category": "Residential", "ev_permitted": false}, "geometry": {"type": "Polygon", "coordinates": [[[-73.8236813750283, 40.6912931803004], [-73.8232985852569, 40.6914000197248], [-73.8233988963355, 40.6916051115056], [-73.8237816871236, 40.6914982717503], [-73.8236813750283, 40.6912931803004]]]}}, {"type": "Feature", "properties": {"zone_id": "0203OAJESLKX6QWR0X6HMT", "tract_id": "36081015400", "city": "JAMAICA, NY", "zone_code": "R4A", "zone_category": "Residential", "ev_permitted": false}, "geometry": {"type": "Polygon", "coordinates": [[[-73.8239729342474, 40.6909786090302], [-73.8235810176354, 40.6910879973413], [-73.823630742682, 40.6911896609743], [-73.8240237203453, 40.6910799761881], [-73.8239729342474, 40.6909786090302]]]}}, {"type": "Feature", "properties": {"zone_id": "0202VX5F5CB76U6RXWOSGS", "tract_id": "36081015400", "city": "JAMAICA, NY", "zone_code": "R4A", "zone_category": "Residential", "ev_permitted": false}, "geometry": {"type": "Polygon", "coordinates": [[[-73.8240237203453, 40.6910799761881], [-73.823630742682, 40.6911896609743], [-73.8236562704682, 40.69124185521], [-73.8240497943694, 40.6911320179917], [-73.8240237203453, 40.6910799761881]]]}}, {"type": "Feature", "properties": {"zone_id": "0202OQ8ZF5FC4PDO68P1IW", "tract_id": "36081015400", "city": "JAMAICA, NY", "zone_code": "R4A", "zone_category": "Residential", "ev_permitted": false}, "geometry": {"type": "Polygon", "coordinates": [[[-73.8240497943694, 40.6911320179917], [-73.8236562704682, 40.69124185521], [-73.8237067027345, 40.6913449645653], [-73.824101302478, 40.6912348273775], [-73.8240497943694, 40.6911320179917]]]}}, {"type": "Feature", "properties": {"zone_id": "0204ALH5TNARV36TN4DX89", "tract_id": "36081015400", "city": "JAMAICA, NY", "zone_code": "R4A", "zone_category": "Residential", "ev_permitted": false}, "geometry": {"type": "Polygon", "coordinates": [[[-73.823630742682, 40.6911896609743], [-73.8232479534237, 40.6912965002317], [-73.8232985852569, 40.6914000197248], [-73.8236813750283, 40.6912931803004], [-73.823630742682, 40.6911896609743]]]}}, {"type": "Feature", "properties": {"zone_id": "0205ZDGOG47BBYQ4IQVHD7", "tract_id": "36081015400", "city": "JAMAICA, NY", "zone_code": "R4A", "zone_category": "Residential", "ev_permitted": false}, "geometry": {"type": "Polygon", "coordinates": [[[-73.8236061808421, 40.6911394426945], [-73.8232233918308, 40.6912462825736], [-73.8232479534237, 40.6912965002317], [-73.823630742682, 40.6911896609743], [-73.8236061808421, 40.6911394426945]]]}}, {"type": "Feature", "properties": {"zone_id": "0202H0S8GOBT2JR6UDW426", "tract_id": "36081015400", "city": "JAMAICA, NY", "zone_code": "R4A", "zone_category": "Residential", "ev_permitted": false}, "geometry": {"type": "Polygon", "coordinates": [[[-73.8235810176354, 40.6910879973413], [-73.8231982288812, 40.6911948364347], [-73.8232233918308, 40.6912462825736], [-73.8236061808421, 40.6911394426945], [-73.8235810176354, 40.6910879973413]]]}}, {"type": "Feature", "properties": {"zone_id": "02039QRQ3H17BLURN2RY9K", "tract_id": "36081015400", "city": "JAMAICA, NY", "zone_code": "R6B", "zone_category": "Residential", "ev_permitted": false}, "geometry": {"type": "Polygon", "coordinates": [[[-73.8235549831388, 40.6910347679919], [-73.8231721946484, 40.6911416069993], [-73.8231982288812, 40.6911948364347], [-73.8235810176354, 40.6910879973413], [-73.8235549831388, 40.6910347679919]]]}}, {"type": "Feature", "properties": {"zone_id": "020414KUQ5TIPJCJWEQSDX", "tract_id": "36081015400", "city": "JAMAICA, NY", "zone_code": "R4A", "zone_category": "Residential", "ev_permitted": false}, "geometry": {"type": "Polygon", "coordinates": [[[-73.8229311340488, 40.6912729005252], [-73.8225506080906, 40.6913806087348], [-73.822577892071, 40.6914368757381], [-73.8229590890059, 40.6913289773467], [-73.8229311340488, 40.6912729005252]]]}}, {"type": "Feature", "properties": {"zone_id": "0202Z2TZKN3ZVXRFDQIXT2", "tract_id": "36081015400", "city": "JAMAICA, NY", "zone_code": "R4A", "zone_category": "Residential", "ev_permitted": false}, "geometry": {"type": "Polygon", "coordinates": [[[-73.8229590890059, 40.6913289773467], [-73.822577892071, 40.6914368757381], [-73.8226257672325, 40.6915356033354], [-73.8230081388419, 40.6914273721253], [-73.8229590890059, 40.6913289773467]]]}}, {"type": "Feature", "properties": {"zone_id": "02020WKGC1NDIA87649JSW", "tract_id": "36081015400", "city": "JAMAICA, NY", "zone_code": "R4A", "zone_category": "Residential", "ev_permitted": false}, "geometry": {"type": "Polygon", "coordinates": [[[-73.8230081388419, 40.6914273721253], [-73.8226257672325, 40.6915356033354], [-73.8227020412885, 40.6916929015229], [-73.8230862872037, 40.6915841403236], [-73.8230081388419, 40.6914273721253]]]}}, {"type": "Feature", "properties": {"zone_id": "0206K8JQJN1SD07BO2SUY0", "tract_id": "36081015400", "city": "JAMAICA, NY", "zone_code": "R6B", "zone_category": "Residential", "ev_permitted": false}, "geometry": {"type": "Polygon", "coordinates": [[[-73.8232585993636, 40.6909864133954], [-73.8231157852936, 40.691026273838], [-73.8231721946484, 40.6911416069993], [-73.8233150089317, 40.6911017464873], [-73.8232585993636, 40.6909864133954]]]}}, {"type": "Feature", "properties": {"zone_id": "0207KFCENC4WWK4ZJYEZG4", "tract_id": "36081015400", "city": "JAMAICA, NY", "zone_code": "C2-3", "zone_category": "Commercial", "ev_permitted": true}, "geometry": {"type": "Polygon", "coordinates": [[[-73.8227844906901, 40.690978727225], [-73.8224956291478, 40.6910604886255], [-73.8226127006646, 40.6913019198454], [-73.8229044362123, 40.6912193439731], [-73.8227844906901, 40.690978727225]]]}}, {"type": "Feature", "properties": {"zone_id": "0200P47NSHQT4B2DK0NVN8", "tract_id": "36081015400", "city": "JAMAICA, NY", "zone_code": "R6B", "zone_category": "Residential", "ev_permitted": false}, "geometry": {"type": "Polygon", "coordinates": [[[-73.8229044362123, 40.6912193439731], [-73.8225245498068, 40.6913268710915], [-73.8225506080906, 40.6913806087348], [-73.8229311340488, 40.6912729005252], [-73.8229044362123, 40.6912193439731]]]}}, {"type": "Feature", "properties": {"zone_id": "0205U0HVZW5RANIPHDX51C", "tract_id": "36081015400", "city": "JAMAICA, NY", "zone_code": "R4A", "zone_category": "Residential", "ev_permitted": false}, "geometry": {"type": "Polygon", "coordinates": [[[-73.826251595864, 40.6907831355152], [-73.8258655469335, 40.6908932339882], [-73.8258929441271, 40.6909492080688], [-73.8262789933363, 40.6908391095047], [-73.826251595864, 40.6907831355152]]]}}, {"type": "Feature", "properties": {"zone_id": "02018KRSAMP8OQRDKV7VWC", "tract_id": "36081015400", "city": "JAMAICA, NY", "zone_code": "R4A", "zone_category": "Residential", "ev_permitted": false}, "geometry": {"type": "Polygon", "coordinates": [[[-73.8262789933363, 40.6908391095047], [-73.8258929441271, 40.6909492080688], [-73.8259228701758, 40.6910103484281], [-73.8263089196915, 40.6909002490617], [-73.8262789933363, 40.6908391095047]]]}}, {"type": "Feature", "properties": {"zone_id": "0204KTS9G2P7JX3E5JZOWF", "tract_id": "36081015400", "city": "JAMAICA, NY", "zone_code": "R4A", "zone_category": "Residential", "ev_permitted": false}, "geometry": {"type": "Polygon", "coordinates": [[[-73.8262076757108, 40.6906934045572], [-73.8258216263043, 40.6908035028827], [-73.8258655469335, 40.6908932339882], [-73.826251595864, 40.6907831355152], [-73.8262076757108, 40.6906934045572]]]}}, {"type": "Feature", "properties": {"zone_id": "020696FIISMOZXU8H1V0EU", "tract_id": "36081015400", "city": "JAMAICA, NY", "zone_code": "R4A", "zone_category": "Residential", "ev_permitted": false}, "geometry": {"type": "Polygon", "coordinates": [[[-73.8258968392558, 40.6909571666944], [-73.8255166097172, 40.6910656039776], [-73.8255426403745, 40.6911187864992], [-73.8259228701758, 40.6910103484281], [-73.8258968392558, 40.6909571666944]]]}}, {"type": "Feature", "properties": {"zone_id": "0206QHAX0D4M647VQ4G179", "tract_id": "36081015400", "city": "JAMAICA, NY", "zone_code": "R4A", "zone_category": "Residential", "ev_permitted": false}, "geometry": {"type": "Polygon", "coordinates": [[[-73.8257961620938, 40.6907514771594], [-73.8254159326395, 40.6908599148139], [-73.8254666512447, 40.6909635353719], [-73.8258468802843, 40.6908550975498], [-73.8257961620938, 40.6907514771594]]]}}, {"type": "Feature", "properties": {"zone_id": "0204ZIFB87O5SY2DCV8RZ1", "tract_id": "36081015400", "city": "JAMAICA, NY", "zone_code": "R4A", "zone_category": "Residential", "ev_permitted": false}, "geometry": {"type": "Polygon", "coordinates": [[[-73.8258468802843, 40.6908550975498], [-73.8254666512447, 40.6909635353719], [-73.8255166097172, 40.6910656039776], [-73.8258968392558, 40.6909571666944], [-73.8258468802843, 40.6908550975498]]]}}, {"type": "Feature", "properties": {"zone_id": "0204HJPXWT95N54TN8OZJ0", "tract_id": "36081015400", "city": "JAMAICA, NY", "zone_code": "R4A", "zone_category": "Residential", "ev_permitted": false}, "geometry": {"type": "Polygon", "coordinates": [[[-73.8260950408041, 40.6904632888343], [-73.8257089934652, 40.6905733874892], [-73.8258216263043, 40.6908035028827], [-73.8262076757108, 40.6906934045572], [-73.8260950408041, 40.6904632888343]]]}}, {"type": "Feature", "properties": {"zone_id": "0200LBL1AUEYKIRQSM1ICZ", "tract_id": "36081015400", "city": "JAMAICA, NY", "zone_code": "R4A", "zone_category": "Residential", "ev_permitted": false}, "geometry": {"type": "Polygon", "coordinates": [[[-73.8257206107806, 40.6905971220476], [-73.8253403830068, 40.690705559456], [-73.8254159326395, 40.6908599148139], [-73.8257961620938, 40.6907514771594], [-73.8257206107806, 40.6905971220476]]]}}, {"type": "Feature", "properties": {"zone_id": "0206IIFLCEVU4QDOXQINDO", "tract_id": "36081015400", "city": "JAMAICA, NY", "zone_code": "R4A", "zone_category": "Residential", "ev_permitted": false}, "geometry": {"type": "Polygon", "coordinates": [[[-73.825681967542, 40.6905181706916], [-73.8253017392342, 40.6906266072694], [-73.8253403830068, 40.690705559456], [-73.8257206107806, 40.6905971220476], [-73.825681967542, 40.6905181706916]]]}}, {"type": "Feature", "properties": {"zone_id": "0202ITFDJAXZTC88H738LT", "tract_id": "36081015400", "city": "JAMAICA, NY", "zone_code": "R4A", "zone_category": "Residential", "ev_permitted": false}, "geometry": {"type": "Polygon", "coordinates": [[[-73.8256437945174, 40.6904401812764], [-73.8252635675154, 40.6905486177305], [-73.8253017392342, 40.6906266072694], [-73.825681967542, 40.6905181706916], [-73.8256437945174, 40.6904401812764]]]}}, {"type": "Feature", "properties": {"zone_id": "020169LX47UOKBYUNXE35X", "tract_id": "36081015400", "city": "JAMAICA, NY", "zone_code": "R6B", "zone_category": "Residential", "ev_permitted": false}, "geometry": {"type": "Polygon", "coordinates": [[[-73.8260298411927, 40.6903300828383], [-73.8256437945174, 40.6904401812764], [-73.8256695119241, 40.6904927224709], [-73.8260555588612, 40.6903826239474], [-73.8260298411927, 40.6903300828383]]]}}, {"type": "Feature", "properties": {"zone_id": "0206UP29A70HMYK1HKIVHW", "tract_id": "36081015400", "city": "JAMAICA, NY", "zone_code": "R4A", "zone_category": "Residential", "ev_permitted": false}, "geometry": {"type": "Polygon", "coordinates": [[[-73.8260555588612, 40.6903826239474], [-73.8256695119241, 40.6904927224709], [-73.8257089934652, 40.6905733874892], [-73.8260950408041, 40.6904632888343], [-73.8260555588612, 40.6903826239474]]]}}, {"type": "Feature", "properties": {"zone_id": "0203UCF45EW6WF7NZOJX6A", "tract_id": "36081015400", "city": "JAMAICA, NY", "zone_code": "C2-3", "zone_category": "Commercial", "ev_permitted": true}, "geometry": {"type": "Polygon", "coordinates": [[[-73.8253651856499, 40.6902452035407], [-73.825280192466, 40.6902694421627], [-73.8253980616935, 40.6905102618598], [-73.8254830551434, 40.6904860224489], [-73.8253651856499, 40.6902452035407]]]}}, {"type": "Feature", "properties": {"zone_id": "0201N51E0FIOGJEJUMHNDN", "tract_id": "36081015400", "city": "JAMAICA, NY", "zone_code": "R6B", "zone_category": "Residential", "ev_permitted": false}, "geometry": {"type": "Polygon", "coordinates": [[[-73.8254527284846, 40.690220236549], [-73.8253651856499, 40.6902452035407], [-73.8254830551434, 40.6904860224489], [-73.8255705982483, 40.6904610560708], [-73.8254527284846, 40.690220236549]]]}}, {"type": "Feature", "properties": {"zone_id": "02064I4G4BB8V9M3RG3P4J", "tract_id": "36081015400", "city": "JAMAICA, NY", "zone_code": "R6B", "zone_category": "Residential", "ev_permitted": false}, "geometry": {"type": "Polygon", "coordinates": [[[-73.8256220835826, 40.6901719379126], [-73.8255340678872, 40.6901970392275], [-73.8256519388287, 40.6904378579655], [-73.8257399547975, 40.6904127565612], [-73.8256220835826, 40.6901719379126]]]}}, {"type": "Feature", "properties": {"zone_id": "02041W3EIH1BKAY6RJ5HXB", "tract_id": "36081015400", "city": "JAMAICA, NY", "zone_code": "R6B", "zone_category": "Residential", "ev_permitted": false}, "geometry": {"type": "Polygon", "coordinates": [[[-73.8257019290724, 40.6901491668329], [-73.8256220835826, 40.6901719379126], [-73.8257399547975, 40.6904127565612], [-73.8258197996124, 40.690389985399], [-73.8257019290724, 40.6901491668329]]]}}, {"type": "Feature", "properties": {"zone_id": "0206HSHQ3VWDHB9CTDW4YA", "tract_id": "36081015400", "city": "JAMAICA, NY", "zone_code": "C2-3", "zone_category": "Commercial", "ev_permitted": true}, "geometry": {"type": "Polygon", "coordinates": [[[-73.8255340678872, 40.6901970392275], [-73.8254527284846, 40.690220236549], [-73.8255705982483, 40.6904610560708], [-73.8256519388287, 40.6904378579655], [-73.8255340678872, 40.6901970392275]]]}}, {"type": "Feature", "properties": {"zone_id": "02008LWYJJJK7OA6SFSZIU", "tract_id": "36081015400", "city": "JAMAICA, NY", "zone_code": "C2-3", "zone_category": "Commercial", "ev_permitted": true}, "geometry": {"type": "Polygon", "coordinates": [[[-73.8258242445989, 40.6901142828446], [-73.8257634360501, 40.6901316252543], [-73.8258813077043, 40.6903724437594], [-73.825942114594, 40.6903551019878], [-73.8258242445989, 40.6901142828446]]]}}, {"type": "Feature", "properties": {"zone_id": "02033N43RV6MNL9JD6TOI3", "tract_id": "36081015400", "city": "JAMAICA, NY", "zone_code": "C2-3", "zone_category": "Commercial", "ev_permitted": true}, "geometry": {"type": "Polygon", "coordinates": [[[-73.82591197, 40.6900892644856], [-73.8258242445989, 40.6901142828446], [-73.825942114594, 40.6903551019878], [-73.8260298411927, 40.6903300828383], [-73.82591197, 40.6900892644856]]]}}, {"type": "Feature", "properties": {"zone_id": "0200BXGF8G3C8QH9SMZIIU", "tract_id": "36081015400", "city": "JAMAICA, NY", "zone_code": "C2-3", "zone_category": "Commercial", "ev_permitted": true}, "geometry": {"type": "Polygon", "coordinates": [[[-73.8257634360501, 40.6901316252543], [-73.8257019290724, 40.6901491668329], [-73.8258197996124, 40.690389985399], [-73.8258813077043, 40.6903724437594], [-73.8257634360501, 40.6901316252543]]]}}, {"type": "Feature", "properties": {"zone_id": "02061JWKRYGXR490G0PE5V", "tract_id": "36081015400", "city": "JAMAICA, NY", "zone_code": "R4A", "zone_category": "Residential", "ev_permitted": false}, "geometry": {"type": "Polygon", "coordinates": [[[-73.8250740265396, 40.6907864388829], [-73.8246828762408, 40.6908958496759], [-73.8247074609899, 40.6909450018224], [-73.8250986124635, 40.6908355895426], [-73.8250740265396, 40.6907864388829]]]}}, {"type": "Feature", "properties": {"zone_id": "02068ZZXVHJ9AENVFMPFWF", "tract_id": "36081015400", "city": "JAMAICA, NY", "zone_code": "R4A", "zone_category": "Residential", "ev_permitted": false}, "geometry": {"type": "Polygon", "coordinates": [[[-73.8250986124635, 40.6908355895426], [-73.8247074609899, 40.6909450018224], [-73.8247334076293, 40.6909968725302], [-73.8251245584378, 40.6908874615668], [-73.8250986124635, 40.6908355895426]]]}}, {"type": "Feature", "properties": {"zone_id": "0201KG0SGXZ9HXFI5BFZ1P", "tract_id": "36081015400", "city": "JAMAICA, NY", "zone_code": "R4A", "zone_category": "Residential", "ev_permitted": false}, "geometry": {"type": "Polygon", "coordinates": [[[-73.8251245584378, 40.6908874615668], [-73.8247334076293, 40.6909968725302], [-73.8247832926782, 40.6910966049913], [-73.825174444913, 40.6909871938611], [-73.8251245584378, 40.6908874615668]]]}}, {"type": "Feature", "properties": {"zone_id": "02025FYUCUFH3NSI0LRBKD", "tract_id": "36081015400", "city": "JAMAICA, NY", "zone_code": "R6B", "zone_category": "Residential", "ev_permitted": false}, "geometry": {"type": "Polygon", "coordinates": [[[-73.8249371558193, 40.6905128044311], [-73.824654928846, 40.6905917482068], [-73.8246841380085, 40.6906501446065], [-73.8249663651944, 40.6905712007598], [-73.8249371558193, 40.6905128044311]]]}}, {"type": "Feature", "properties": {"zone_id": "0202T0QWORPIDICA7URZ5R", "tract_id": "36081015400", "city": "JAMAICA, NY", "zone_code": "R6B", "zone_category": "Residential", "ev_permitted": false}, "geometry": {"type": "Polygon", "coordinates": [[[-73.8249663651944, 40.6905712007598], [-73.8246841380085, 40.6906501446065], [-73.8247129284808, 40.690707702787], [-73.8249951558781, 40.6906287581676], [-73.8249663651944, 40.6905712007598]]]}}, {"type": "Feature", "properties": {"zone_id": "0206RDM6UG7YFZCKP00AQB", "tract_id": "36081015400", "city": "JAMAICA, NY", "zone_code": "R6B", "zone_category": "Residential", "ev_permitted": false}, "geometry": {"type": "Polygon", "coordinates": [[[-73.8249951558781, 40.6906287581676], [-73.8246040054482, 40.6907381700986], [-73.8246296690889, 40.6907894761622], [-73.8250208188528, 40.6906800648458], [-73.8249951558781, 40.6906287581676]]]}}, {"type": "Feature", "properties": {"zone_id": "0205J9NWWNS8NB0O8YPQ0D", "tract_id": "36081015400", "city": "JAMAICA, NY", "zone_code": "R4A", "zone_category": "Residential", "ev_permitted": false}, "geometry": {"type": "Polygon", "coordinates": [[[-73.8250208188528, 40.6906800648458], [-73.8246296690889, 40.6907894761622], [-73.8246828762408, 40.6908958496759], [-73.8250740265396, 40.6907864388829], [-73.8250208188528, 40.6906800648458]]]}}, {"type": "Feature", "properties": {"zone_id": "0204L667CYBKCC5I415P48", "tract_id": "36081015400", "city": "JAMAICA, NY", "zone_code": "R4A", "zone_category": "Residential", "ev_permitted": false}, "geometry": {"type": "Polygon", "coordinates": [[[-73.8246828762408, 40.6908958496759], [-73.8242920332081, 40.6910051738843], [-73.8243416873922, 40.6911064415025], [-73.8247334076293, 40.6909968725302], [-73.8246828762408, 40.6908958496759]]]}}, {"type": "Feature", "properties": {"zone_id": "0202AHUZ8T0XB9DXOK1AQ1", "tract_id": "36081015400", "city": "JAMAICA, NY", "zone_code": "R4A", "zone_category": "Residential", "ev_permitted": false}, "geometry": {"type": "Polygon", "coordinates": [[[-73.8246492205657, 40.6908285655526], [-73.8242589617221, 40.6909377254135], [-73.8242920332081, 40.6910051738843], [-73.8246828762408, 40.6908958496759], [-73.8246492205657, 40.6908285655526]]]}}, {"type": "Feature", "properties": {"zone_id": "02069SPA9V4FMN80FXFORF", "tract_id": "36081015400", "city": "JAMAICA, NY", "zone_code": "R4A", "zone_category": "Residential", "ev_permitted": false}, "geometry": {"type": "Polygon", "coordinates": [[[-73.8246040054482, 40.6907381700986], [-73.8242145313728, 40.6908471103695], [-73.8242589617221, 40.6909377254135], [-73.8246492205657, 40.6908285655526], [-73.8246040054482, 40.6907381700986]]]}}, {"type": "Feature", "properties": {"zone_id": "0207527PH9NVBULXOTZY74", "tract_id": "36081015400", "city": "JAMAICA, NY", "zone_code": "R6B", "zone_category": "Residential", "ev_permitted": false}, "geometry": {"type": "Polygon", "coordinates": [[[-73.8243763867934, 40.6905264663157], [-73.8242357377038, 40.6905658072656], [-73.8243565695506, 40.6908073808857], [-73.8244972200016, 40.6907680397907], [-73.8243763867934, 40.6905264663157]]]}}, {"type": "Feature", "properties": {"zone_id": "02026JS8K3JOQHC8449ORZ", "tract_id": "36081015400", "city": "JAMAICA, NY", "zone_code": "R6B", "zone_category": "Residential", "ev_permitted": false}, "geometry": {"type": "Polygon", "coordinates": [[[-73.8245920955235, 40.690466129538], [-73.8243763867934, 40.6905264663157], [-73.8244972200016, 40.6907680397907], [-73.8247129284808, 40.690707702787], [-73.8245920955235, 40.690466129538]]]}}, {"type": "Feature", "properties": {"zone_id": "0204CWMRSM0L2CWLYQW0I1", "tract_id": "36081015400", "city": "JAMAICA, NY", "zone_code": "C2-3", "zone_category": "Commercial", "ev_permitted": true}, "geometry": {"type": "Polygon", "coordinates": [[[-73.8241668320589, 40.6905850814345], [-73.8240957960807, 40.6906049509743], [-73.8242145313728, 40.6908471103695], [-73.8242876618448, 40.6908266551236], [-73.8241668320589, 40.6905850814345]]]}}, {"type": "Feature", "properties": {"zone_id": "0206JBHDDWGACSLC20YENP", "tract_id": "36081015400", "city": "JAMAICA, NY", "zone_code": "C2-3", "zone_category": "Commercial", "ev_permitted": true}, "geometry": {"type": "Polygon", "coordinates": [[[-73.8242357377038, 40.6905658072656], [-73.8241668320589, 40.6905850814345], [-73.8242876618448, 40.6908266551236], [-73.8243565695506, 40.6908073808857], [-73.8242357377038, 40.6905658072656]]]}}, {"type": "Feature", "properties": {"zone_id": "0200M58H7ACTMM0HO8D980", "tract_id": "36081015400", "city": "JAMAICA, NY", "zone_code": "R6B", "zone_category": "Residential", "ev_permitted": false}, "geometry": {"type": "Polygon", "coordinates": [[[-73.825280192466, 40.6902694421627], [-73.8251456977809, 40.6903077985981], [-73.8252635675154, 40.6905486177305], [-73.8253980616935, 40.6905102618598], [-73.825280192466, 40.6902694421627]]]}}, {"type": "Feature", "properties": {"zone_id": "0205J9Y7SW5BE81BO0I375", "tract_id": "36081015400", "city": "JAMAICA, NY", "zone_code": "C2-3", "zone_category": "Commercial", "ev_permitted": true}, "geometry": {"type": "Polygon", "coordinates": [[[-73.8248743220395, 40.6903871859152], [-73.8245920955235, 40.690466129538], [-73.8246264286527, 40.6905347708524], [-73.8249086554186, 40.690455827146], [-73.8248743220395, 40.6903871859152]]]}}, {"type": "Feature", "properties": {"zone_id": "02076PCCH7CWOS3VT9W8U0", "tract_id": "36081015400", "city": "JAMAICA, NY", "zone_code": "R6B", "zone_category": "Residential", "ev_permitted": false}, "geometry": {"type": "Polygon", "coordinates": [[[-73.8249086554186, 40.690455827146], [-73.8246264286527, 40.6905347708524], [-73.824654928846, 40.6905917482068], [-73.8249371558193, 40.6905128044311], [-73.8249086554186, 40.690455827146]]]}}, {"type": "Feature", "properties": {"zone_id": "0207GHGJT20G5QGSMAKRU2", "tract_id": "36081015400", "city": "JAMAICA, NY", "zone_code": "R6B", "zone_category": "Residential", "ev_permitted": false}, "geometry": {"type": "Polygon", "coordinates": [[[-73.8236760220178, 40.690723391586], [-73.8236084355144, 40.6907425444759], [-73.8237113302774, 40.6909529169561], [-73.8237790418389, 40.6909340178587], [-73.8236760220178, 40.690723391586]]]}}, {"type": "Feature", "properties": {"zone_id": "0205XQBQ7KBCYSZ9V0LUVT", "tract_id": "36081015400", "city": "JAMAICA, NY", "zone_code": "R6B", "zone_category": "Residential", "ev_permitted": false}, "geometry": {"type": "Polygon", "coordinates": [[[-73.823748016935, 40.6907029899261], [-73.8236760220178, 40.690723391586], [-73.8237790418389, 40.6909340178587], [-73.8238511691686, 40.6909138863353], [-73.823748016935, 40.6907029899261]]]}}, {"type": "Feature", "properties": {"zone_id": "0203VLNRX9A6Y84UVI4I1J", "tract_id": "36081015400", "city": "JAMAICA, NY", "zone_code": "R6B", "zone_category": "Residential", "ev_permitted": false}, "geometry": {"type": "Polygon", "coordinates": [[[-73.8239295478664, 40.6908920097833], [-73.8237113302774, 40.6909529169561], [-73.8237150424157, 40.6909605078833], [-73.8236478518381, 40.6909792615877], [-73.8236605849398, 40.6910052936617], [-73.8235549831388, 40.6910347679919], [-73.8235810176354, 40.6910879973413], [-73.8239729342474, 40.6909786090302], [-73.8239295478664, 40.6908920097833]]]}}, {"type": "Feature", "properties": {"zone_id": "0202LZ4MYJA4HX791RG0PC", "tract_id": "36081015400", "city": "JAMAICA, NY", "zone_code": "R6B", "zone_category": "Residential", "ev_permitted": false}, "geometry": {"type": "Polygon", "coordinates": [[[-73.8238240525807, 40.6906814430948], [-73.823748016935, 40.6907029899261], [-73.8238511691686, 40.6909138863353], [-73.8239295478664, 40.6908920097833], [-73.8238240525807, 40.6906814430948]]]}}, {"type": "Feature", "properties": {"zone_id": "0204PNMYNGTVDG1XJ1RIIM", "tract_id": "36081015400", "city": "JAMAICA, NY", "zone_code": "R6B", "zone_category": "Residential", "ev_permitted": false}, "geometry": {"type": "Polygon", "coordinates": [[[-73.8234701555892, 40.6907817300227], [-73.8231964267648, 40.6908592976085], [-73.8233150089317, 40.6911017464873], [-73.8235892408452, 40.6910252066842], [-73.8234701555892, 40.6907817300227]]]}}, {"type": "Feature", "properties": {"zone_id": "0201EKAK60EWO0JEG2VFHE", "tract_id": "36081015400", "city": "JAMAICA, NY", "zone_code": "C2-3", "zone_category": "Commercial", "ev_permitted": true}, "geometry": {"type": "Polygon", "coordinates": [[[-73.8235413681591, 40.6907615498603], [-73.8234701555892, 40.6907817300227], [-73.8235892408452, 40.6910252066842], [-73.8236605849398, 40.6910052936617], [-73.8235413681591, 40.6907615498603]]]}}, {"type": "Feature", "properties": {"zone_id": "0201RBZZCQLVAZBZD7PVJQ", "tract_id": "36081015400", "city": "JAMAICA, NY", "zone_code": "R6B", "zone_category": "Residential", "ev_permitted": false}, "geometry": {"type": "Polygon", "coordinates": [[[-73.8236084355144, 40.6907425444759], [-73.8235413681591, 40.6907615498603], [-73.8236478518381, 40.6909792615877], [-73.8237150424157, 40.6909605078833], [-73.8236084355144, 40.6907425444759]]]}}, {"type": "Feature", "properties": {"zone_id": "02073YA82M71C966HN5KGB", "tract_id": "36081015400", "city": "JAMAICA, NY", "zone_code": "R6B", "zone_category": "Residential", "ev_permitted": false}, "geometry": {"type": "Polygon", "coordinates": [[[-73.8231964267648, 40.6908592976085], [-73.823053874603, 40.6908996924003], [-73.8231157852936, 40.691026273838], [-73.8232585993636, 40.6909864133954], [-73.8231964267648, 40.6908592976085]]]}}, {"type": "Feature", "properties": {"zone_id": "02021JN7248F0SBGDXVBB4", "tract_id": "36081015400", "city": "JAMAICA, NY", "zone_code": "R4A", "zone_category": "Residential", "ev_permitted": false}, "geometry": {"type": "Polygon", "coordinates": [[[-73.8225549098395, 40.6919730918419], [-73.8224174102762, 40.6920120103141], [-73.8225287652095, 40.6922416505254], [-73.8226664497237, 40.6922031116433], [-73.8225549098395, 40.6919730918419]]]}}, {"type": "Feature", "properties": {"zone_id": "02059NI9OHP75M99GKMCP3", "tract_id": "36081015400", "city": "JAMAICA, NY", "zone_code": "R4A", "zone_category": "Residential", "ev_permitted": false}, "geometry": {"type": "Polygon", "coordinates": [[[-73.8221484424896, 40.6920794651165], [-73.8220740150267, 40.6921005318272], [-73.8221903179723, 40.6923363831177], [-73.8222648475817, 40.6923155223698], [-73.8221484424896, 40.6920794651165]]]}}, {"type": "Feature", "properties": {"zone_id": "0204RVCRWA2KO84VSN6CXZ", "tract_id": "36081015400", "city": "JAMAICA, NY", "zone_code": "R4A", "zone_category": "Residential", "ev_permitted": false}, "geometry": {"type": "Polygon", "coordinates": [[[-73.8220740150267, 40.6921005318272], [-73.8220047129958, 40.6921201476903], [-73.8221209211565, 40.6923558077799], [-73.8221903179723, 40.6923363831177], [-73.8220740150267, 40.6921005318272]]]}}, {"type": "Feature", "properties": {"zone_id": "02002M8MUZQVT66HM9B5ZP", "tract_id": "36081015400", "city": "JAMAICA, NY", "zone_code": "R4A", "zone_category": "Residential", "ev_permitted": false}, "geometry": {"type": "Polygon", "coordinates": [[[-73.8220047129958, 40.6921201476903], [-73.8218736917253, 40.6921572310441], [-73.8219897222829, 40.692392530525], [-73.8221209211565, 40.6923558077799], [-73.8220047129958, 40.6921201476903]]]}}, {"type": "Feature", "properties": {"zone_id": "0201LKP10FHVSSMCHXFALQ", "tract_id": "36081015400", "city": "JAMAICA, NY", "zone_code": "R4A", "zone_category": "Residential", "ev_permitted": false}, "geometry": {"type": "Polygon", "coordinates": [[[-73.8218276807726, 40.6923785047753], [-73.8215577702962, 40.6924548988183], [-73.8215832713856, 40.6925062952414], [-73.8218534107376, 40.6924306835562], [-73.8218276807726, 40.6923785047753]]]}}, {"type": "Feature", "properties": {"zone_id": "0200PQZIINYE3SV4Y6IZHO", "tract_id": "36081015400", "city": "JAMAICA, NY", "zone_code": "R4A", "zone_category": "Residential", "ev_permitted": false}, "geometry": {"type": "Polygon", "coordinates": [[[-73.821795487841, 40.6923132204628], [-73.8215254048323, 40.6923896633495], [-73.8215577702962, 40.6924548988183], [-73.8218276807726, 40.6923785047753], [-73.821795487841, 40.6923132204628]]]}}, {"type": "Feature", "properties": {"zone_id": "0206D8MFGEH1LEGM4E60FQ", "tract_id": "36081015400", "city": "JAMAICA, NY", "zone_code": "R4A", "zone_category": "Residential", "ev_permitted": false}, "geometry": {"type": "Polygon", "coordinates": [[[-73.8212636123881, 40.6923295940003], [-73.821193820226, 40.6923496976669], [-73.8213085454516, 40.6925828484681], [-73.8213775146594, 40.69256298236], [-73.8212636123881, 40.6923295940003]]]}}, {"type": "Feature", "properties": {"zone_id": "02076XCRT9EWCWO17EIMGU", "tract_id": "36081015400", "city": "JAMAICA, NY", "zone_code": "R4A", "zone_category": "Residential", "ev_permitted": false}, "geometry": {"type": "Polygon", "coordinates": [[[-73.8218736917253, 40.6921572310441], [-73.8218074595116, 40.6921759774278], [-73.8219233971317, 40.6924110892207], [-73.8219897222829, 40.692392530525], [-73.8218736917253, 40.6921572310441]]]}}, {"type": "Feature", "properties": {"zone_id": "02050J5OT51RH1KGB2MKP3", "tract_id": "36081015400", "city": "JAMAICA, NY", "zone_code": "R4A", "zone_category": "Residential", "ev_permitted": false}, "geometry": {"type": "Polygon", "coordinates": [[[-73.8218074595116, 40.6921759774278], [-73.8217375669872, 40.6921957601521], [-73.8218534107376, 40.6924306835562], [-73.8219233971317, 40.6924110892207], [-73.8218074595116, 40.6921759774278]]]}}, {"type": "Feature", "properties": {"zone_id": "0206KV1VS2O6KT4ZY31GHM", "tract_id": "36081015400", "city": "JAMAICA, NY", "zone_code": "R4A", "zone_category": "Residential", "ev_permitted": false}, "geometry": {"type": "Polygon", "coordinates": [[[-73.8217674818252, 40.6922564258675], [-73.8214972484274, 40.6923329113178], [-73.8215254048323, 40.6923896633495], [-73.821795487841, 40.6923132204628], [-73.8217674818252, 40.6922564258675]]]}}, {"type": "Feature", "properties": {"zone_id": "02058V42GP5ZMWOEI2IHPX", "tract_id": "36081015400", "city": "JAMAICA, NY", "zone_code": "R4A", "zone_category": "Residential", "ev_permitted": false}, "geometry": {"type": "Polygon", "coordinates": [[[-73.8217375669872, 40.6921957601521], [-73.8214671721286, 40.6922722909549], [-73.8214972484274, 40.6923329113178], [-73.8217674818252, 40.6922564258675], [-73.8217375669872, 40.6921957601521]]]}}, {"type": "Feature", "properties": {"zone_id": "0205EDIHBK9VKWY8N9QKUI", "tract_id": "36081015400", "city": "JAMAICA, NY", "zone_code": "R4A", "zone_category": "Residential", "ev_permitted": false}, "geometry": {"type": "Polygon", "coordinates": [[[-73.8217833419771, 40.6921270706195], [-73.821442925473, 40.692223419711], [-73.8214671721286, 40.6922722909549], [-73.8218074595116, 40.6921759774278], [-73.8217833419771, 40.6921270706195]]]}}, {"type": "Feature", "properties": {"zone_id": "0202JSGUENFBEC511M273B", "tract_id": "36081015400", "city": "JAMAICA, NY", "zone_code": "R4A", "zone_category": "Residential", "ev_permitted": false}, "geometry": {"type": "Polygon", "coordinates": [[[-73.8217561862717, 40.6920720002649], [-73.8214156249615, 40.692168391914], [-73.821442925473, 40.692223419711], [-73.8217833419771, 40.6921270706195], [-73.8217561862717, 40.6920720002649]]]}}, {"type": "Feature", "properties": {"zone_id": "02009JIJ1UIYCW1LW8A3YU", "tract_id": "36081015400", "city": "JAMAICA, NY", "zone_code": "R4A", "zone_category": "Residential", "ev_permitted": false}, "geometry": {"type": "Polygon", "coordinates": [[[-73.8206983195389, 40.6925159320078], [-73.8205960568063, 40.6925453877453], [-73.8207006486431, 40.6927579508054], [-73.8208029125805, 40.6927284942745], [-73.8206983195389, 40.6925159320078]]]}}, {"type": "Feature", "properties": {"zone_id": "0200HMVRWMN0EVR5F0RXNZ", "tract_id": "36081015400", "city": "JAMAICA, NY", "zone_code": "R4A", "zone_category": "Residential", "ev_permitted": false}, "geometry": {"type": "Polygon", "coordinates": [[[-73.8203988768574, 40.6925983715097], [-73.8203358456091, 40.6926163097645], [-73.8204413138519, 40.6928322535307], [-73.8205055978604, 40.6928140227566], [-73.8203988768574, 40.6925983715097]]]}}, {"type": "Feature", "properties": {"zone_id": "0207KGUWUJWM241WQVXXIY", "tract_id": "36081015400", "city": "JAMAICA, NY", "zone_code": "R4A", "zone_category": "Residential", "ev_permitted": false}, "geometry": {"type": "Polygon", "coordinates": [[[-73.8203899661789, 40.6925803659346], [-73.8202501021306, 40.6926201698066], [-73.8203643461256, 40.692854081777], [-73.8204413138519, 40.6928322535307], [-73.8203358456091, 40.6926163097645], [-73.8203988768574, 40.6925983715097], [-73.8203899661789, 40.6925803659346]]]}}, {"type": "Feature", "properties": {"zone_id": "0204GNFHZXNKJ12EFUEUPG", "tract_id": "36081015400", "city": "JAMAICA, NY", "zone_code": "R4A", "zone_category": "Residential", "ev_permitted": false}, "geometry": {"type": "Polygon", "coordinates": [[[-73.8202501021306, 40.6926201698066], [-73.8201486363592, 40.6926490459924], [-73.8202628368983, 40.6928828694599], [-73.8203643461256, 40.692854081777], [-73.8202501021306, 40.6926201698066]]]}}, {"type": "Feature", "properties": {"zone_id": "0206LK4JZ6BYAYYC382I6M", "tract_id": "36081015400", "city": "JAMAICA, NY", "zone_code": "R4A", "zone_category": "Residential", "ev_permitted": false}, "geometry": {"type": "Polygon", "coordinates": [[[-73.8201486363592, 40.6926490459924], [-73.820047204683, 40.6926779123048], [-73.8201613617645, 40.6929116479719], [-73.8202628368983, 40.6928828694599], [-73.8201486363592, 40.6926490459924]]]}}, {"type": "Feature", "properties": {"zone_id": "02032Z4GHHMMVVDP43WPK0", "tract_id": "36081015400", "city": "JAMAICA, NY", "zone_code": "R4A", "zone_category": "Residential", "ev_permitted": false}, "geometry": {"type": "Polygon", "coordinates": [[[-73.820047204683, 40.6926779123048], [-73.8199394121229, 40.6927085891739], [-73.8200535229737, 40.6929422314211], [-73.8201613617645, 40.6929116479719], [-73.820047204683, 40.6926779123048]]]}}, {"type": "Feature", "properties": {"zone_id": "0205J84HVMSBB3T2JDR0SS", "tract_id": "36081015400", "city": "JAMAICA, NY", "zone_code": "R4A", "zone_category": "Residential", "ev_permitted": false}, "geometry": {"type": "Polygon", "coordinates": [[[-73.8199394121229, 40.6927085891739], [-73.8198379802655, 40.6927374553017], [-73.819952047663, 40.6929710083431], [-73.8200535229737, 40.6929422314211], [-73.8199394121229, 40.6927085891739]]]}}, {"type": "Feature", "properties": {"zone_id": "0205U3FWYK0CXS9WDA5UBB", "tract_id": "36081015400", "city": "JAMAICA, NY", "zone_code": "R4A", "zone_category": "Residential", "ev_permitted": false}, "geometry": {"type": "Polygon", "coordinates": [[[-73.821193820226, 40.6923496976669], [-73.8211262997958, 40.6923691478329], [-73.8212410248207, 40.6926022979982], [-73.8213085454516, 40.6925828484681], [-73.821193820226, 40.6923496976669]]]}}, {"type": "Feature", "properties": {"zone_id": "020560DMPCTJRVQOGGBGWL", "tract_id": "36081015400", "city": "JAMAICA, NY", "zone_code": "R4A", "zone_category": "Residential", "ev_permitted": false}, "geometry": {"type": "Polygon", "coordinates": [[[-73.8211262997958, 40.6923691478329], [-73.8210137548866, 40.6924015651399], [-73.8211284795719, 40.692634716119], [-73.8212410248207, 40.6926022979982], [-73.8211262997958, 40.6923691478329]]]}}, {"type": "Feature", "properties": {"zone_id": "0201FEZM9NWL28VP7LYS2M", "tract_id": "36081015400", "city": "JAMAICA, NY", "zone_code": "R4A", "zone_category": "Residential", "ev_permitted": false}, "geometry": {"type": "Polygon", "coordinates": [[[-73.8210137548866, 40.6924015651399], [-73.8209011766065, 40.6924339928248], [-73.821015900952, 40.6926671446178], [-73.8211284795719, 40.692634716119], [-73.8210137548866, 40.6924015651399]]]}}, {"type": "Feature", "properties": {"zone_id": "0206NHEOWYPB49SDMFVODZ", "tract_id": "36081015400", "city": "JAMAICA, NY", "zone_code": "R4A", "zone_category": "Residential", "ev_permitted": false}, "geometry": {"type": "Polygon", "coordinates": [[[-73.8209011766065, 40.6924339928248], [-73.8207885649572, 40.6924664301849], [-73.8209032889665, 40.6926995813866], [-73.821015900952, 40.6926671446178], [-73.8209011766065, 40.6924339928248]]]}}, {"type": "Feature", "properties": {"zone_id": "0202ZJDO9BYY70E9S25A79", "tract_id": "36081015400", "city": "JAMAICA, NY", "zone_code": "R4A", "zone_category": "Residential", "ev_permitted": false}, "geometry": {"type": "Polygon", "coordinates": [[[-73.8207986956503, 40.6924870192104], [-73.8206983195389, 40.6925159320078], [-73.8208029125805, 40.6927284942745], [-73.8209032889665, 40.6926995813866], [-73.8207986956503, 40.6924870192104]]]}}, {"type": "Feature", "properties": {"zone_id": "0200JX44R5K2BCVR8F3M57", "tract_id": "36081015400", "city": "JAMAICA, NY", "zone_code": "R4A", "zone_category": "Residential", "ev_permitted": false}, "geometry": {"type": "Polygon", "coordinates": [[[-73.820898721631, 40.6923770642211], [-73.8205610861956, 40.6924743179541], [-73.8205960568063, 40.6925453877453], [-73.8206983195389, 40.6925159320078], [-73.8207986956503, 40.6924870192104], [-73.8207885649572, 40.6924664301849], [-73.8209235618217, 40.6924275448969], [-73.820898721631, 40.6923770642211]]]}}, {"type": "Feature", "properties": {"zone_id": "0205VCYQ3EIYYV5TWH2SOZ", "tract_id": "36081015400", "city": "JAMAICA, NY", "zone_code": "R4A", "zone_category": "Residential", "ev_permitted": false}, "geometry": {"type": "Polygon", "coordinates": [[[-73.8208480800881, 40.6922741451441], [-73.8205104441768, 40.6923713987284], [-73.8205610861956, 40.6924743179541], [-73.820898721631, 40.6923770642211], [-73.8208480800881, 40.6922741451441]]]}}, {"type": "Feature", "properties": {"zone_id": "0205R3EZSB06ZY5WY1HRA6", "tract_id": "36081015400", "city": "JAMAICA, NY", "zone_code": "R4A", "zone_category": "Residential", "ev_permitted": false}, "geometry": {"type": "Polygon", "coordinates": [[[-73.8211203226239, 40.6920359873544], [-73.8207792367739, 40.6921342362538], [-73.8208104063717, 40.6921975827228], [-73.8211512689264, 40.6920993980293], [-73.8211203226239, 40.6920359873544]]]}}, {"type": "Feature", "properties": {"zone_id": "0206X759LLQKM39SKUOZ43", "tract_id": "36081015400", "city": "JAMAICA, NY", "zone_code": "R4A", "zone_category": "Residential", "ev_permitted": false}, "geometry": {"type": "Polygon", "coordinates": [[[-73.8211512689264, 40.6920993980293], [-73.8208104063717, 40.6921975827228], [-73.8208407873597, 40.692259323777], [-73.8211814312312, 40.6921612018937], [-73.8211512689264, 40.6920993980293]]]}}, {"type": "Feature", "properties": {"zone_id": "0203WIMGOI55PE2JNV3LGD", "tract_id": "36081015400", "city": "JAMAICA, NY", "zone_code": "R4A", "zone_category": "Residential", "ev_permitted": false}, "geometry": {"type": "Polygon", "coordinates": [[[-73.8211814312312, 40.6921612018937], [-73.8208407873597, 40.692259323777], [-73.8208714658694, 40.6923216730887], [-73.8212118910583, 40.6922236147174], [-73.8211814312312, 40.6921612018937]]]}}, {"type": "Feature", "properties": {"zone_id": "0207HUDLG1QXCGHMFRU471", "tract_id": "36081015400", "city": "JAMAICA, NY", "zone_code": "R4A", "zone_category": "Residential", "ev_permitted": false}, "geometry": {"type": "Polygon", "coordinates": [[[-73.8212118910583, 40.6922236147174], [-73.8208714658694, 40.6923216730887], [-73.820896787119, 40.6923731326254], [-73.8212370305329, 40.6922751265968], [-73.8212118910583, 40.6922236147174]]]}}, {"type": "Feature", "properties": {"zone_id": "0203JGWMIOA48G795QDULF", "tract_id": "36081015400", "city": "JAMAICA, NY", "zone_code": "R4A", "zone_category": "Residential", "ev_permitted": false}, "geometry": {"type": "Polygon", "coordinates": [[[-73.8212370305329, 40.6922751265968], [-73.820896787119, 40.6923731326254], [-73.8209235618217, 40.6924275448969], [-73.8212636123881, 40.6923295940003], [-73.8212370305329, 40.6922751265968]]]}}, {"type": "Feature", "properties": {"zone_id": "0202S51A7ZID3H3TK0BL2N", "tract_id": "36081015400", "city": "JAMAICA, NY", "zone_code": "R4A", "zone_category": "Residential", "ev_permitted": false}, "geometry": {"type": "Polygon", "coordinates": [[[-73.8208227589156, 40.6922226848933], [-73.8204851241511, 40.6923199384055], [-73.8205104441768, 40.6923713987284], [-73.8208480800881, 40.6922741451441], [-73.8208227589156, 40.6922226848933]]]}}, {"type": "Feature", "properties": {"zone_id": "0200WM3C8I78ZTAC4S4W5C", "tract_id": "36081015400", "city": "JAMAICA, NY", "zone_code": "R4A", "zone_category": "Residential", "ev_permitted": false}, "geometry": {"type": "Polygon", "coordinates": [[[-73.820772116684, 40.6921197657795], [-73.8204344823668, 40.6922170191443], [-73.8204851241511, 40.6923199384055], [-73.8208227589156, 40.6922226848933], [-73.820772116684, 40.6921197657795]]]}}, {"type": "Feature", "properties": {"zone_id": "0202ZR1AXYFE9RVH5S4PV2", "tract_id": "36081015400", "city": "JAMAICA, NY", "zone_code": "R4A", "zone_category": "Residential", "ev_permitted": false}, "geometry": {"type": "Polygon", "coordinates": [[[-73.8207214746126, 40.6920168452367], [-73.8203838407408, 40.6921140991568], [-73.8204344823668, 40.6922170191443], [-73.820772116684, 40.6921197657795], [-73.8207214746126, 40.6920168452367]]]}}, {"type": "Feature", "properties": {"zone_id": "0203U87KSPPJBL1GFJF6MG", "tract_id": "36081015400", "city": "JAMAICA, NY", "zone_code": "R4A", "zone_category": "Residential", "ev_permitted": false}, "geometry": {"type": "Polygon", "coordinates": [[[-73.8202627400479, 40.692323274658], [-73.8199214384604, 40.6924204055536], [-73.8199717497898, 40.6925234186788], [-73.8203136357096, 40.6924261213131], [-73.8202627400479, 40.692323274658]]]}}, {"type": "Feature", "properties": {"zone_id": "0205UIKVSHI2W64RNN7U1T", "tract_id": "36081015400", "city": "JAMAICA, NY", "zone_code": "R4A", "zone_category": "Residential", "ev_permitted": false}, "geometry": {"type": "Polygon", "coordinates": [[[-73.8203136357096, 40.6924261213131], [-73.8199717497898, 40.6925234186788], [-73.8200094707657, 40.692600652489], [-73.8203517949346, 40.692503230622], [-73.8203136357096, 40.6924261213131]]]}}, {"type": "Feature", "properties": {"zone_id": "02047DJ7C8NPZXFL6KHBHJ", "tract_id": "36081015400", "city": "JAMAICA, NY", "zone_code": "R4A", "zone_category": "Residential", "ev_permitted": false}, "geometry": {"type": "Polygon", "coordinates": [[[-73.8203517949346, 40.692503230622], [-73.8200094707657, 40.692600652489], [-73.820047204683, 40.6926779123048], [-73.8203899661789, 40.6925803659346], [-73.8203517949346, 40.692503230622]]]}}, {"type": "Feature", "properties": {"zone_id": "0203IF5VPJEVN8CLMCUE0F", "tract_id": "36081015400", "city": "JAMAICA, NY", "zone_code": "R4A", "zone_category": "Residential", "ev_permitted": false}, "geometry": {"type": "Polygon", "coordinates": [[[-73.8201368535706, 40.6920688786294], [-73.8197969943152, 40.6921655996515], [-73.8198218105376, 40.6922164135923], [-73.8201619545612, 40.692119612136], [-73.8201368535706, 40.6920688786294]]]}}, {"type": "Feature", "properties": {"zone_id": "0201Z3D4QU84X58PR90FJ0", "tract_id": "36081015400", "city": "JAMAICA, NY", "zone_code": "R4A", "zone_category": "Residential", "ev_permitted": false}, "geometry": {"type": "Polygon", "coordinates": [[[-73.8201619545612, 40.692119612136], [-73.8198218105376, 40.6922164135923], [-73.8198846991079, 40.6923451800524], [-73.8202255726231, 40.6922481694545], [-73.8201619545612, 40.692119612136]]]}}, {"type": "Feature", "properties": {"zone_id": "0202PEKJH7VE8BN2GUL0PL", "tract_id": "36081015400", "city": "JAMAICA, NY", "zone_code": "R4A", "zone_category": "Residential", "ev_permitted": false}, "geometry": {"type": "Polygon", "coordinates": [[[-73.8202255726231, 40.6922481694545], [-73.8198846991079, 40.6923451800524], [-73.8199214384604, 40.6924204055536], [-73.8202627400479, 40.692323274658], [-73.8202255726231, 40.6922481694545]]]}}, {"type": "Feature", "properties": {"zone_id": "0201HFQJHO3TII06QGND7R", "tract_id": "36081015400", "city": "JAMAICA, NY", "zone_code": "R4A", "zone_category": "Residential", "ev_permitted": false}, "geometry": {"type": "Polygon", "coordinates": [[[-73.8227508431831, 40.6917935410312], [-73.8223644984021, 40.691902894431], [-73.8224174102762, 40.6920120103141], [-73.8228037556028, 40.6919026567382], [-73.8227508431831, 40.6917935410312]]]}}, {"type": "Feature", "properties": {"zone_id": "02034X01G3HRRVF730ZQEI", "tract_id": "36081015400", "city": "JAMAICA, NY", "zone_code": "R4A", "zone_category": "Residential", "ev_permitted": false}, "geometry": {"type": "Polygon", "coordinates": [[[-73.8221134158984, 40.6920084350576], [-73.8217724323117, 40.692104946562], [-73.8218074595116, 40.6921759774278], [-73.8221484424896, 40.6920794651165], [-73.8221134158984, 40.6920084350576]]]}}, {"type": "Feature", "properties": {"zone_id": "0205I3FH636UQ644T4LUUC", "tract_id": "36081015400", "city": "JAMAICA, NY", "zone_code": "R4A", "zone_category": "Residential", "ev_permitted": false}, "geometry": {"type": "Polygon", "coordinates": [[[-73.8227020412885, 40.6916929015229], [-73.8223156979337, 40.6918022547618], [-73.8223644984021, 40.691902894431], [-73.8227508431831, 40.6917935410312], [-73.8227020412885, 40.6916929015229]]]}}, {"type": "Feature", "properties": {"zone_id": "02016KL4Q5OLDHDXMPU4G8", "tract_id": "36081015400", "city": "JAMAICA, NY", "zone_code": "R4A", "zone_category": "Residential", "ev_permitted": false}, "geometry": {"type": "Polygon", "coordinates": [[[-73.8226752565495, 40.6916376633156], [-73.8222889125477, 40.6917470164638], [-73.8223156979337, 40.6918022547618], [-73.8227020412885, 40.6916929015229], [-73.8226752565495, 40.6916376633156]]]}}, {"type": "Feature", "properties": {"zone_id": "0203Q76FLQ6V4T7HZPKKLW", "tract_id": "36081015400", "city": "JAMAICA, NY", "zone_code": "R4A", "zone_category": "Residential", "ev_permitted": false}, "geometry": {"type": "Polygon", "coordinates": [[[-73.8226499077575, 40.6915853890363], [-73.822263564017, 40.6916947421001], [-73.8222889125477, 40.6917470164638], [-73.8226752565495, 40.6916376633156], [-73.8226499077575, 40.6915853890363]]]}}, {"type": "Feature", "properties": {"zone_id": "020253SJU6KFCHGBR0HCDD", "tract_id": "36081015400", "city": "JAMAICA, NY", "zone_code": "R4A", "zone_category": "Residential", "ev_permitted": false}, "geometry": {"type": "Polygon", "coordinates": [[[-73.8226169755078, 40.6915174744458], [-73.8222306321049, 40.6916268281028], [-73.822263564017, 40.6916947421001], [-73.8226499077575, 40.6915853890363], [-73.8226169755078, 40.6915174744458]]]}}, {"type": "Feature", "properties": {"zone_id": "0200VD9R4X4AG6A0LUTEJM", "tract_id": "36081015400", "city": "JAMAICA, NY", "zone_code": "R4A", "zone_category": "Residential", "ev_permitted": false}, "geometry": {"type": "Polygon", "coordinates": [[[-73.8219968447719, 40.6917720387002], [-73.8216558631486, 40.6918685498635], [-73.8217064997846, 40.691971238108], [-73.8220474818598, 40.6918747267959], [-73.8219968447719, 40.6917720387002]]]}}, {"type": "Feature", "properties": {"zone_id": "0204E8Q7BNEJJPRB645ELY", "tract_id": "36081015400", "city": "JAMAICA, NY", "zone_code": "R4A", "zone_category": "Residential", "ev_permitted": false}, "geometry": {"type": "Polygon", "coordinates": [[[-73.8220474818598, 40.6918747267959], [-73.8217064997846, 40.691971238108], [-73.8217400724641, 40.6920393218845], [-73.8220810548408, 40.6919428097711], [-73.8220474818598, 40.6918747267959]]]}}, {"type": "Feature", "properties": {"zone_id": "0207JVXSURJVUDOXJYQMD8", "tract_id": "36081015400", "city": "JAMAICA, NY", "zone_code": "R4A", "zone_category": "Residential", "ev_permitted": false}, "geometry": {"type": "Polygon", "coordinates": [[[-73.8220810548408, 40.6919428097711], [-73.8217400724641, 40.6920393218845], [-73.8217724323117, 40.692104946562], [-73.8221134158984, 40.6920084350576], [-73.8220810548408, 40.6919428097711]]]}}, {"type": "Feature", "properties": {"zone_id": "0205HAD4LIWZXQMKOO4UZJ", "tract_id": "36081015400", "city": "JAMAICA, NY", "zone_code": "R4A", "zone_category": "Residential", "ev_permitted": false}, "geometry": {"type": "Polygon", "coordinates": [[[-73.8217177454545, 40.6919940435726], [-73.8213769766242, 40.6920904931073], [-73.8214156249615, 40.692168391914], [-73.8217561862717, 40.6920720002649], [-73.8217177454545, 40.6919940435726]]]}}, {"type": "Feature", "properties": {"zone_id": "02029IEHTMNOD0MU71H9BI", "tract_id": "36081015400", "city": "JAMAICA, NY", "zone_code": "R4A", "zone_category": "Residential", "ev_permitted": false}, "geometry": {"type": "Polygon", "coordinates": [[[-73.821683405234, 40.6919244043107], [-73.821342452864, 40.6920209061589], [-73.8213769766242, 40.6920904931073], [-73.8217177454545, 40.6919940435726], [-73.821683405234, 40.6919244043107]]]}}, {"type": "Feature", "properties": {"zone_id": "0207OB0QZ179X0S709V1WI", "tract_id": "36081015400", "city": "JAMAICA, NY", "zone_code": "R4A", "zone_category": "Residential", "ev_permitted": false}, "geometry": {"type": "Polygon", "coordinates": [[[-73.8216558631486, 40.6918685498635], [-73.821314762286, 40.6919650935595], [-73.821342452864, 40.6920209061589], [-73.821683405234, 40.6919244043107], [-73.8216558631486, 40.6918685498635]]]}}, {"type": "Feature", "properties": {"zone_id": "0202P9N7B9CHOV271MVA1L", "tract_id": "36081015400", "city": "JAMAICA, NY", "zone_code": "R4A", "zone_category": "Residential", "ev_permitted": false}, "geometry": {"type": "Polygon", "coordinates": [[[-73.8216301822144, 40.6918164708881], [-73.8212889439281, 40.6919130536439], [-73.821314762286, 40.6919650935595], [-73.8216558631486, 40.6918685498635], [-73.8216301822144, 40.6918164708881]]]}}, {"type": "Feature", "properties": {"zone_id": "0204N2YSBRJMD1OXI6YAAV", "tract_id": "36081015400", "city": "JAMAICA, NY", "zone_code": "R6B", "zone_category": "Residential", "ev_permitted": false}, "geometry": {"type": "Polygon", "coordinates": [[[-73.8218678820415, 40.6915105105855], [-73.8215269006439, 40.691607022071], [-73.8215820615624, 40.6917188843239], [-73.8219230425272, 40.6916223733775], [-73.8218678820415, 40.6915105105855]]]}}, {"type": "Feature", "properties": {"zone_id": "0204L42VKEU8Z6WK4KS3J8", "tract_id": "36081015400", "city": "JAMAICA, NY", "zone_code": "R4A", "zone_category": "Residential", "ev_permitted": false}, "geometry": {"type": "Polygon", "coordinates": [[[-73.8219230425272, 40.6916223733775], [-73.8215820615624, 40.6917188843239], [-73.8216049319362, 40.6917652652809], [-73.8219459140281, 40.6916687542687], [-73.8219230425272, 40.6916223733775]]]}}, {"type": "Feature", "properties": {"zone_id": "0201P1AD1MNAJIBZ4V150N", "tract_id": "36081015400", "city": "JAMAICA, NY", "zone_code": "R4A", "zone_category": "Residential", "ev_permitted": false}, "geometry": {"type": "Polygon", "coordinates": [[[-73.8219459140281, 40.6916687542687], [-73.8216049319362, 40.6917652652809], [-73.8216558631486, 40.6918685498635], [-73.8219968447719, 40.6917720387002], [-73.8219459140281, 40.6916687542687]]]}}, {"type": "Feature", "properties": {"zone_id": "0203EBK4M3ESMUV3U5Q5LS", "tract_id": "36081015400", "city": "JAMAICA, NY", "zone_code": "R4A", "zone_category": "Residential", "ev_permitted": false}, "geometry": {"type": "Polygon", "coordinates": [[[-73.8215820615624, 40.6917188843239], [-73.8212405650316, 40.6918155396133], [-73.8212889439281, 40.6919130536439], [-73.8216301822144, 40.6918164708881], [-73.8215820615624, 40.6917188843239]]]}}, {"type": "Feature", "properties": {"zone_id": "0206XW7WV95A31AX1U9FMF", "tract_id": "36081015400", "city": "JAMAICA, NY", "zone_code": "R4A", "zone_category": "Residential", "ev_permitted": false}, "geometry": {"type": "Polygon", "coordinates": [[[-73.8215542487851, 40.6916624827596], [-73.82121260284, 40.6917591805971], [-73.8212405650316, 40.6918155396133], [-73.8215820615624, 40.6917188843239], [-73.8215542487851, 40.6916624827596]]]}}, {"type": "Feature", "properties": {"zone_id": "0200WOEQEMKHJY411RINEQ", "tract_id": "36081015400", "city": "JAMAICA, NY", "zone_code": "R4A", "zone_category": "Residential", "ev_permitted": false}, "geometry": {"type": "Polygon", "coordinates": [[[-73.8215269006439, 40.691607022071], [-73.8211851080537, 40.6917037610568], [-73.82121260284, 40.6917591805971], [-73.8215542487851, 40.6916624827596], [-73.8215269006439, 40.691607022071]]]}}, {"type": "Feature", "properties": {"zone_id": "0202U4E06OTD7N8Y86524W", "tract_id": "36081015400", "city": "JAMAICA, NY", "zone_code": "R4A", "zone_category": "Residential", "ev_permitted": false}, "geometry": {"type": "Polygon", "coordinates": [[[-73.822577892071, 40.6914368757381], [-73.8221915490729, 40.6915462285622], [-73.8222306321049, 40.6916268281028], [-73.8226169755078, 40.6915174744458], [-73.822577892071, 40.6914368757381]]]}}, {"type": "Feature", "properties": {"zone_id": "0201J38X552JH4R1I36FT6", "tract_id": "36081015400", "city": "JAMAICA, NY", "zone_code": "R6B", "zone_category": "Residential", "ev_permitted": false}, "geometry": {"type": "Polygon", "coordinates": [[[-73.8225245498068, 40.6913268710915], [-73.8221382073587, 40.6914362237381], [-73.8221915490729, 40.6915462285622], [-73.822577892071, 40.6914368757381], [-73.8225245498068, 40.6913268710915]]]}}, {"type": "Feature", "properties": {"zone_id": "0204E7P9D3KHO8XTI7VZ1J", "tract_id": "36081015400", "city": "JAMAICA, NY", "zone_code": "R6B", "zone_category": "Residential", "ev_permitted": false}, "geometry": {"type": "Polygon", "coordinates": [[[-73.8224956291478, 40.6910604886255], [-73.8222306515444, 40.6911354907495], [-73.8223477222353, 40.6913769215341], [-73.8226127006646, 40.6913019198454], [-73.8224956291478, 40.6910604886255]]]}}, {"type": "Feature", "properties": {"zone_id": "0203NQQW4YCKKZK5188HUA", "tract_id": "36081015400", "city": "JAMAICA, NY", "zone_code": "R6B", "zone_category": "Residential", "ev_permitted": false}, "geometry": {"type": "Polygon", "coordinates": [[[-73.8222306515444, 40.6911354907495], [-73.8220211373224, 40.6911947927423], [-73.8221382073587, 40.6914362237381], [-73.8223477222353, 40.6913769215341], [-73.8222306515444, 40.6911354907495]]]}}, {"type": "Feature", "properties": {"zone_id": "02004JFC7AJSE37HIUTEF5", "tract_id": "36081015400", "city": "JAMAICA, NY", "zone_code": "R6B", "zone_category": "Residential", "ev_permitted": false}, "geometry": {"type": "Polygon", "coordinates": [[[-73.8216404948618, 40.6913025302632], [-73.8214704633372, 40.6913506559888], [-73.8215883080951, 40.6915896413707], [-73.8217573777386, 40.6915417878445], [-73.8216404948618, 40.6913025302632]]]}}, {"type": "Feature", "properties": {"zone_id": "0201VM1WOLQ7N8DHNNACH7", "tract_id": "36081015400", "city": "JAMAICA, NY", "zone_code": "R6B", "zone_category": "Residential", "ev_permitted": false}, "geometry": {"type": "Polygon", "coordinates": [[[-73.8217500364213, 40.6912715254875], [-73.8216404948618, 40.6913025302632], [-73.8217573777386, 40.6915417878445], [-73.8218678820415, 40.6915105105855], [-73.8217500364213, 40.6912715254875]]]}}, {"type": "Feature", "properties": {"zone_id": "0200BZSWYH1O2LDXHYHWWP", "tract_id": "36081015400", "city": "JAMAICA, NY", "zone_code": "C2-3", "zone_category": "Commercial", "ev_permitted": true}, "geometry": {"type": "Polygon", "coordinates": [[[-73.8214090560754, 40.6913680366267], [-73.821277266394, 40.6914053380441], [-73.821395110556, 40.6916443236222], [-73.8215269006439, 40.691607022071], [-73.8214090560754, 40.6913680366267]]]}}, {"type": "Feature", "properties": {"zone_id": "0203POC4HXL3BQ6VN3HADW", "tract_id": "36081015400", "city": "JAMAICA, NY", "zone_code": "R6B", "zone_category": "Residential", "ev_permitted": false}, "geometry": {"type": "Polygon", "coordinates": [[[-73.8214704633372, 40.6913506559888], [-73.8214090560754, 40.6913680366267], [-73.8215269006439, 40.691607022071], [-73.8215883080951, 40.6915896413707], [-73.8214704633372, 40.6913506559888]]]}}, {"type": "Feature", "properties": {"zone_id": "02073Q35WHK3ZRBWCGLZF1", "tract_id": "36081015400", "city": "JAMAICA, NY", "zone_code": "R6B", "zone_category": "Residential", "ev_permitted": false}, "geometry": {"type": "Polygon", "coordinates": [[[-73.821277266394, 40.6914053380441], [-73.8212034500673, 40.6914262301791], [-73.8213212940016, 40.6916652158321], [-73.821395110556, 40.6916443236222], [-73.821277266394, 40.6914053380441]]]}}, {"type": "Feature", "properties": {"zone_id": "0203JKBIAPVE2I2TEL547E", "tract_id": "36081015400", "city": "JAMAICA, NY", "zone_code": "R4A", "zone_category": "Residential", "ev_permitted": false}, "geometry": {"type": "Polygon", "coordinates": [[[-73.8210876365918, 40.6919690114678], [-73.8207463145292, 40.692067328061], [-73.8207792367739, 40.6921342362538], [-73.8211203226239, 40.6920359873544], [-73.8210876365918, 40.6919690114678]]]}}, {"type": "Feature", "properties": {"zone_id": "0202BGBTHYVQU3T0SL5BAV", "tract_id": "36081015400", "city": "JAMAICA, NY", "zone_code": "R6B", "zone_category": "Residential", "ev_permitted": false}, "geometry": {"type": "Polygon", "coordinates": [[[-73.8209875572542, 40.6917639426253], [-73.820645512716, 40.6918624664876], [-73.8206961545548, 40.6919653863632], [-73.821037835551, 40.6918669657796], [-73.8209875572542, 40.6917639426253]]]}}, {"type": "Feature", "properties": {"zone_id": "0202RBYW7BASUO602MSDEZ", "tract_id": "36081015400", "city": "JAMAICA, NY", "zone_code": "R4A", "zone_category": "Residential", "ev_permitted": false}, "geometry": {"type": "Polygon", "coordinates": [[[-73.821037835551, 40.6918669657796], [-73.8206961545548, 40.6919653863632], [-73.8207463145292, 40.692067328061], [-73.8210876365918, 40.6919690114678], [-73.821037835551, 40.6918669657796]]]}}, {"type": "Feature", "properties": {"zone_id": "020464KQNC5VS94CRXNKHW", "tract_id": "36081015400", "city": "JAMAICA, NY", "zone_code": "R6B", "zone_category": "Residential", "ev_permitted": false}, "geometry": {"type": "Polygon", "coordinates": [[[-73.8211370557958, 40.6914450223018], [-73.8210666307864, 40.6914649548643], [-73.8211851080537, 40.6917037610568], [-73.8212548995254, 40.6916840080223], [-73.8211370557958, 40.6914450223018]]]}}, {"type": "Feature", "properties": {"zone_id": "0206UK8942I7RDUWMVSNOR", "tract_id": "36081015400", "city": "JAMAICA, NY", "zone_code": "C2-3", "zone_category": "Commercial", "ev_permitted": true}, "geometry": {"type": "Polygon", "coordinates": [[[-73.8206625245069, 40.6915789160241], [-73.8205945139834, 40.6915985639688], [-73.8207145783811, 40.6918425728197], [-73.8207826139068, 40.691822975435], [-73.8206625245069, 40.6915789160241]]]}}, {"type": "Feature", "properties": {"zone_id": "0205M0QPZBFCN4DBZ7N54H", "tract_id": "36081015400", "city": "JAMAICA, NY", "zone_code": "R6B", "zone_category": "Residential", "ev_permitted": false}, "geometry": {"type": "Polygon", "coordinates": [[[-73.820727359702, 40.6915601856886], [-73.8206625245069, 40.6915789160241], [-73.8207826139068, 40.691822975435], [-73.8208474731787, 40.6918042928506], [-73.820727359702, 40.6915601856886]]]}}, {"type": "Feature", "properties": {"zone_id": "0206JDV4MFF0A77MLRBKFE", "tract_id": "36081015400", "city": "JAMAICA, NY", "zone_code": "C2-3", "zone_category": "Commercial", "ev_permitted": true}, "geometry": {"type": "Polygon", "coordinates": [[[-73.8207972132341, 40.6915400058092], [-73.820727359702, 40.6915601856886], [-73.8208474731787, 40.6918042928506], [-73.8209173517171, 40.6917841642319], [-73.8207972132341, 40.6915400058092]]]}}, {"type": "Feature", "properties": {"zone_id": "0202H5SXPRLO9330BWW721", "tract_id": "36081015400", "city": "JAMAICA, NY", "zone_code": "R6B", "zone_category": "Residential", "ev_permitted": false}, "geometry": {"type": "Polygon", "coordinates": [[[-73.8208682547971, 40.6915194834322], [-73.8207972132341, 40.6915400058092], [-73.8209173517171, 40.6917841642319], [-73.8209875572542, 40.6917639426253], [-73.8208682547971, 40.6915194834322]]]}}, {"type": "Feature", "properties": {"zone_id": "020048KCYFJU3W0ZC7RVFC", "tract_id": "36081015400", "city": "JAMAICA, NY", "zone_code": "C2-3", "zone_category": "Commercial", "ev_permitted": true}, "geometry": {"type": "Polygon", "coordinates": [[[-73.8205945139834, 40.6915985639688], [-73.8205262380438, 40.6916182878738], [-73.8206462772074, 40.6918622463404], [-73.8207145783811, 40.6918425728197], [-73.8205945139834, 40.6915985639688]]]}}, {"type": "Feature", "properties": {"zone_id": "0203TOJN583NG67QP75U5W", "tract_id": "36081015400", "city": "JAMAICA, NY", "zone_code": "R4A", "zone_category": "Residential", "ev_permitted": false}, "geometry": {"type": "Polygon", "coordinates": [[[-73.8206961545548, 40.6919653863632], [-73.8203585199855, 40.6920626395056], [-73.8203838407408, 40.6921140991568], [-73.8207214746126, 40.6920168452367], [-73.8206961545548, 40.6919653863632]]]}}, {"type": "Feature", "properties": {"zone_id": "0201HSFCLSAWV31TLPQBRE", "tract_id": "36081015400", "city": "JAMAICA, NY", "zone_code": "R4A", "zone_category": "Residential", "ev_permitted": false}, "geometry": {"type": "Polygon", "coordinates": [[[-73.8206708326918, 40.6919139267782], [-73.8203331992692, 40.6920111798484], [-73.8203585199855, 40.6920626395056], [-73.8206961545548, 40.6919653863632], [-73.8206708326918, 40.6919139267782]]]}}, {"type": "Feature", "properties": {"zone_id": "0205HL7ODX6195274AIMCA", "tract_id": "36081015400", "city": "JAMAICA, NY", "zone_code": "R4A", "zone_category": "Residential", "ev_permitted": false}, "geometry": {"type": "Polygon", "coordinates": [[[-73.820645512716, 40.6918624664876], [-73.820307877669, 40.6919597201839], [-73.8203331992692, 40.6920111798484], [-73.8206708326918, 40.6919139267782], [-73.820645512716, 40.6918624664876]]]}}, {"type": "Feature", "properties": {"zone_id": "0206BYTZ4XIUZ95YNLO9T3", "tract_id": "36081015400", "city": "JAMAICA, NY", "zone_code": "R6B", "zone_category": "Residential", "ev_permitted": false}, "geometry": {"type": "Polygon", "coordinates": [[[-73.8199200298484, 40.6917873516323], [-73.8198524769906, 40.6918065761493], [-73.8199719842293, 40.6920512728066], [-73.8200395382255, 40.6920320475188], [-73.8199200298484, 40.6917873516323]]]}}, {"type": "Feature", "properties": {"zone_id": "0201BXE209O4PM2VB1C5K3", "tract_id": "36081015400", "city": "JAMAICA, NY", "zone_code": "C2-3", "zone_category": "Commercial", "ev_permitted": true}, "geometry": {"type": "Polygon", "coordinates": [[[-73.819987963295, 40.6917680180556], [-73.8199200298484, 40.6917873516323], [-73.8200395382255, 40.6920320475188], [-73.8201089057059, 40.6920123057586], [-73.819987963295, 40.6917680180556]]]}}, {"type": "Feature", "properties": {"zone_id": "0205VOCVE6ABE6S579GOHG", "tract_id": "36081015400", "city": "JAMAICA, NY", "zone_code": "R6B", "zone_category": "Residential", "ev_permitted": false}, "geometry": {"type": "Polygon", "coordinates": [[[-73.8201089057059, 40.6920123057586], [-73.8197693247783, 40.6921089477335], [-73.8197969943152, 40.6921655996515], [-73.8201368535706, 40.6920688786294], [-73.8201089057059, 40.6920123057586]]]}}, {"type": "Feature", "properties": {"zone_id": "0204HQDEE3LKDG13ROBP7A", "tract_id": "36081015400", "city": "JAMAICA, NY", "zone_code": "R6B", "zone_category": "Residential", "ev_permitted": false}, "geometry": {"type": "Polygon", "coordinates": [[[-73.8205262380438, 40.6916182878738], [-73.8204579680691, 40.6916380099911], [-73.8205779824591, 40.6918819184253], [-73.8206462772074, 40.6918622463404], [-73.8205262380438, 40.6916182878738]]]}}, {"type": "Feature", "properties": {"zone_id": "0204474V73QMY8AXCOZBD9", "tract_id": "36081015400", "city": "JAMAICA, NY", "zone_code": "R6B", "zone_category": "Residential", "ev_permitted": false}, "geometry": {"type": "Polygon", "coordinates": [[[-73.8202604372114, 40.6916950733334], [-73.8201879623661, 40.6917160104774], [-73.820307877669, 40.6919597201839], [-73.8203803793667, 40.6919388371116], [-73.8202604372114, 40.6916950733334]]]}}, {"type": "Feature", "properties": {"zone_id": "02068DE4NYVIZZQ66WARVB", "tract_id": "36081015400", "city": "JAMAICA, NY", "zone_code": "R6B", "zone_category": "Residential", "ev_permitted": false}, "geometry": {"type": "Polygon", "coordinates": [[[-73.8203293764072, 40.6916751579162], [-73.8202604372114, 40.6916950733334], [-73.8203803793667, 40.6919388371116], [-73.8204493435672, 40.6919189722536], [-73.8203293764072, 40.6916751579162]]]}}, {"type": "Feature", "properties": {"zone_id": "02011KJ0F89NBVQV344BBW", "tract_id": "36081015400", "city": "JAMAICA, NY", "zone_code": "R6B", "zone_category": "Residential", "ev_permitted": false}, "geometry": {"type": "Polygon", "coordinates": [[[-73.820395821148, 40.6916559630098], [-73.8203293764072, 40.6916751579162], [-73.8204493435672, 40.6919189722536], [-73.8205158133106, 40.6918998258008], [-73.820395821148, 40.6916559630098]]]}}, {"type": "Feature", "properties": {"zone_id": "02073OU4BZJNQY7MDAL49X", "tract_id": "36081015400", "city": "JAMAICA, NY", "zone_code": "R6B", "zone_category": "Residential", "ev_permitted": false}, "geometry": {"type": "Polygon", "coordinates": [[[-73.8204579680691, 40.6916380099911], [-73.820395821148, 40.6916559630098], [-73.8205158133106, 40.6918998258008], [-73.8205779824591, 40.6918819184253], [-73.8204579680691, 40.6916380099911]]]}}, {"type": "Feature", "properties": {"zone_id": "0203R18MBRA6HZYRBQK59O", "tract_id": "36081015400", "city": "JAMAICA, NY", "zone_code": "R6B", "zone_category": "Residential", "ev_permitted": false}, "geometry": {"type": "Polygon", "coordinates": [[[-73.8212034500673, 40.6914262301791], [-73.8211370557958, 40.6914450223018], [-73.8212548995254, 40.6916840080223], [-73.8213212940016, 40.6916652158321], [-73.8212034500673, 40.6914262301791]]]}}, {"type": "Feature", "properties": {"zone_id": "0201ZFGKP61O1JVI6N6I1C", "tract_id": "36081015400", "city": "JAMAICA, NY", "zone_code": "R4A", "zone_category": "Residential", "ev_permitted": false}, "geometry": {"type": "Polygon", "coordinates": [[[-73.8195106004058, 40.692828933476], [-73.8194313253154, 40.6928521613994], [-73.8195430043103, 40.6930812393545], [-73.819623135155, 40.6930577611426], [-73.8195106004058, 40.692828933476]]]}}, {"type": "Feature", "properties": {"zone_id": "0201HHUP3PZOFCKJJZ8QN7", "tract_id": "36081015400", "city": "JAMAICA, NY", "zone_code": "R4A", "zone_category": "Residential", "ev_permitted": false}, "geometry": {"type": "Polygon", "coordinates": [[[-73.8194313253154, 40.6928521613994], [-73.8193522340234, 40.6928753354517], [-73.8194639127854, 40.6931044134829], [-73.8195430043103, 40.6930812393545], [-73.8194313253154, 40.6928521613994]]]}}, {"type": "Feature", "properties": {"zone_id": "020493KRXFILJRSRP56DVE", "tract_id": "36081015400", "city": "JAMAICA, NY", "zone_code": "R4A", "zone_category": "Residential", "ev_permitted": false}, "geometry": {"type": "Polygon", "coordinates": [[[-73.8193522340234, 40.6928753354517], [-73.8192725088879, 40.6928986953625], [-73.8193841874152, 40.6931277734704], [-73.8194639127854, 40.6931044134829], [-73.8193522340234, 40.6928753354517]]]}}, {"type": "Feature", "properties": {"zone_id": "0205W2H8IL1LEPXVSOUECO", "tract_id": "36081015400", "city": "JAMAICA, NY", "zone_code": "R4A", "zone_category": "Residential", "ev_permitted": false}, "geometry": {"type": "Polygon", "coordinates": [[[-73.8192725088879, 40.6928986953625], [-73.8192197067652, 40.6929141665636], [-73.8193313851369, 40.6931432447223], [-73.8193841874152, 40.6931277734704], [-73.8192725088879, 40.6928986953625]]]}}, {"type": "Feature", "properties": {"zone_id": "0206IST773C0UL27TDNRMY", "tract_id": "36081015400", "city": "JAMAICA, NY", "zone_code": "R4A", "zone_category": "Residential", "ev_permitted": false}, "geometry": {"type": "Polygon", "coordinates": [[[-73.8192197067652, 40.6929141665636], [-73.8191402023475, 40.6929374613819], [-73.819251880485, 40.693166539617], [-73.8193313851369, 40.6931432447223], [-73.8192197067652, 40.6929141665636]]]}}, {"type": "Feature", "properties": {"zone_id": "02003EK8WWV06IRLLVURX1", "tract_id": "36081015400", "city": "JAMAICA, NY", "zone_code": "R4A", "zone_category": "Residential", "ev_permitted": false}, "geometry": {"type": "Polygon", "coordinates": [[[-73.8198379802655, 40.6927374553017], [-73.8197040458451, 40.6927755708634], [-73.8198180559165, 40.693009008008], [-73.819952047663, 40.6929710083431], [-73.8198379802655, 40.6927374553017]]]}}, {"type": "Feature", "properties": {"zone_id": "0202AK6SE479FV2NOE12WA", "tract_id": "36081015400", "city": "JAMAICA, NY", "zone_code": "R4A", "zone_category": "Residential", "ev_permitted": false}, "geometry": {"type": "Polygon", "coordinates": [[[-73.8200094707657, 40.692600652489], [-73.8196663122702, 40.692698310936], [-73.8197040458451, 40.6927755708634], [-73.820047204683, 40.6926779123048], [-73.8200094707657, 40.692600652489]]]}}, {"type": "Feature", "properties": {"zone_id": "0204YS5WE9XHOEYGC5FDID", "tract_id": "36081015400", "city": "JAMAICA, NY", "zone_code": "R4A", "zone_category": "Residential", "ev_permitted": false}, "geometry": {"type": "Polygon", "coordinates": [[[-73.8194072730796, 40.6926188278223], [-73.8190376622475, 40.692727125459], [-73.8190872870806, 40.6928289187699], [-73.81945727904, 40.6927205084438], [-73.8194072730796, 40.6926188278223]]]}}, {"type": "Feature", "properties": {"zone_id": "02079TZYS8LN7546WYEUIX", "tract_id": "36081015400", "city": "JAMAICA, NY", "zone_code": "R4A", "zone_category": "Residential", "ev_permitted": false}, "geometry": {"type": "Polygon", "coordinates": [[[-73.81945727904, 40.6927205084438], [-73.8190872870806, 40.6928289187699], [-73.8191126168739, 40.6928808761961], [-73.819482802171, 40.6927724098792], [-73.81945727904, 40.6927205084438]]]}}, {"type": "Feature", "properties": {"zone_id": "0206K9F05TUVGV6ULPEZDP", "tract_id": "36081015400", "city": "JAMAICA, NY", "zone_code": "R4A", "zone_category": "Residential", "ev_permitted": false}, "geometry": {"type": "Polygon", "coordinates": [[[-73.819482802171, 40.6927724098792], [-73.8191126168739, 40.6928808761961], [-73.8191402023475, 40.6929374613819], [-73.8195106004058, 40.692828933476], [-73.819482802171, 40.6927724098792]]]}}, {"type": "Feature", "properties": {"zone_id": "0205L6N0CCGWINRZVGUKHL", "tract_id": "36081015400", "city": "JAMAICA, NY", "zone_code": "R4A", "zone_category": "Residential", "ev_permitted": false}, "geometry": {"type": "Polygon", "coordinates": [[[-73.8191251729933, 40.6929066330461], [-73.8190333604818, 40.6929335341833], [-73.8191600676648, 40.6931934415571], [-73.819251880485, 40.693166539617], [-73.8191251729933, 40.6929066330461]]]}}, {"type": "Feature", "properties": {"zone_id": "02038NID0RNBF6Z9QCMPE4", "tract_id": "36081015400", "city": "JAMAICA, NY", "zone_code": "R4A", "zone_category": "Residential", "ev_permitted": false}, "geometry": {"type": "Polygon", "coordinates": [[[-73.8190333604818, 40.6929335341833], [-73.8189370272962, 40.6929617596801], [-73.8190637341573, 40.693221667159], [-73.8191600676648, 40.6931934415571], [-73.8190333604818, 40.6929335341833]]]}}, {"type": "Feature", "properties": {"zone_id": "0206R7A4HU2LOD8R7Z9AVT", "tract_id": "36081015400", "city": "JAMAICA, NY", "zone_code": "R4A", "zone_category": "Residential", "ev_permitted": false}, "geometry": {"type": "Polygon", "coordinates": [[[-73.8189370272962, 40.6929617596801], [-73.8187558280378, 40.6930148507939], [-73.8188825342935, 40.6932747584706], [-73.8190637341573, 40.693221667159], [-73.8189370272962, 40.6929617596801]]]}}, {"type": "Feature", "properties": {"zone_id": "0201XCVJOWAVCRXGU4XP2K", "tract_id": "36081015400", "city": "JAMAICA, NY", "zone_code": "R4A", "zone_category": "Residential", "ev_permitted": false}, "geometry": {"type": "Polygon", "coordinates": [[[-73.8190944358989, 40.6928435819223], [-73.8187250903177, 40.6929518002736], [-73.8187558280378, 40.6930148507939], [-73.8191251729933, 40.6929066330461], [-73.8190944358989, 40.6928435819223]]]}}, {"type": "Feature", "properties": {"zone_id": "0202F7IYZ4A7HO0XV4S7PD", "tract_id": "36081015400", "city": "JAMAICA, NY", "zone_code": "R4A", "zone_category": "Residential", "ev_permitted": false}, "geometry": {"type": "Polygon", "coordinates": [[[-73.8190637750513, 40.692780690414], [-73.8186944306938, 40.6928889079665], [-73.8187250903177, 40.6929518002736], [-73.8190944358989, 40.6928435819223], [-73.8190637750513, 40.692780690414]]]}}, {"type": "Feature", "properties": {"zone_id": "02077F0HQV7TIU2K5L137W", "tract_id": "36081015400", "city": "JAMAICA, NY", "zone_code": "R4A", "zone_category": "Residential", "ev_permitted": false}, "geometry": {"type": "Polygon", "coordinates": [[[-73.8190315315639, 40.6927145501083], [-73.8186621865953, 40.6928227682594], [-73.8186944306938, 40.6928889079665], [-73.8190637750513, 40.692780690414], [-73.8190315315639, 40.6927145501083]]]}}, {"type": "Feature", "properties": {"zone_id": "02058MRINGJI0FF87W416P", "tract_id": "36081015400", "city": "JAMAICA, NY", "zone_code": "R4A", "zone_category": "Residential", "ev_permitted": false}, "geometry": {"type": "Polygon", "coordinates": [[[-73.8190010581194, 40.692652041125], [-73.8186317143728, 40.692760258478], [-73.8186621865953, 40.6928227682594], [-73.8190315315639, 40.6927145501083], [-73.8190010581194, 40.692652041125]]]}}, {"type": "Feature", "properties": {"zone_id": "0206SK9MQK1BJX0TA2J9SF", "tract_id": "36081015400", "city": "JAMAICA, NY", "zone_code": "R4A", "zone_category": "Residential", "ev_permitted": false}, "geometry": {"type": "Polygon", "coordinates": [[[-73.8189707380449, 40.6925898464645], [-73.8186013945916, 40.6926980644236], [-73.8186317143728, 40.692760258478], [-73.8190010581194, 40.692652041125], [-73.8189707380449, 40.6925898464645]]]}}, {"type": "Feature", "properties": {"zone_id": "0205DZJWSFM6M3PPS9DH88", "tract_id": "36081015400", "city": "JAMAICA, NY", "zone_code": "R4A", "zone_category": "Residential", "ev_permitted": false}, "geometry": {"type": "Polygon", "coordinates": [[[-73.8199717497898, 40.6925234186788], [-73.8196285916365, 40.6926210770143], [-73.8196663122702, 40.692698310936], [-73.8200094707657, 40.692600652489], [-73.8199717497898, 40.6925234186788]]]}}, {"type": "Feature", "properties": {"zone_id": "0203H30TBOTBRNB8YT5MLU", "tract_id": "36081015400", "city": "JAMAICA, NY", "zone_code": "R4A", "zone_category": "Residential", "ev_permitted": false}, "geometry": {"type": "Polygon", "coordinates": [[[-73.8199465945672, 40.6924719121198], [-73.8196034366422, 40.6925695703809], [-73.8196285916365, 40.6926210770143], [-73.8199717497898, 40.6925234186788], [-73.8199465945672, 40.6924719121198]]]}}, {"type": "Feature", "properties": {"zone_id": "0202E3VV0OPDANW8OFHTLJ", "tract_id": "36081015400", "city": "JAMAICA, NY", "zone_code": "R4A", "zone_category": "Residential", "ev_permitted": false}, "geometry": {"type": "Polygon", "coordinates": [[[-73.8199214384604, 40.6924204055536], [-73.8195782807636, 40.6925180637404], [-73.8196034366422, 40.6925695703809], [-73.8199465945672, 40.6924719121198], [-73.8199214384604, 40.6924204055536]]]}}, {"type": "Feature", "properties": {"zone_id": "0206P63O9IQMGWLAPCXZQ5", "tract_id": "36081015400", "city": "JAMAICA, NY", "zone_code": "R4A", "zone_category": "Residential", "ev_permitted": false}, "geometry": {"type": "Polygon", "coordinates": [[[-73.8198712741808, 40.6923176919693], [-73.8195281169391, 40.6924153500077], [-73.8195782807636, 40.6925180637404], [-73.8199214384604, 40.6924204055536], [-73.8198712741808, 40.6923176919693]]]}}, {"type": "Feature", "properties": {"zone_id": "0201FIONU07KSE40T94E0J", "tract_id": "36081015400", "city": "JAMAICA, NY", "zone_code": "R4A", "zone_category": "Residential", "ev_permitted": false}, "geometry": {"type": "Polygon", "coordinates": [[[-73.8198457087318, 40.6922653471711], [-73.8195025517221, 40.6923630051339], [-73.8195281169391, 40.6924153500077], [-73.8198712741808, 40.6923176919693], [-73.8198457087318, 40.6922653471711]]]}}, {"type": "Feature", "properties": {"zone_id": "0206GNURJ4IC9QLDLL83UX", "tract_id": "36081015400", "city": "JAMAICA, NY", "zone_code": "R4A", "zone_category": "Residential", "ev_permitted": false}, "geometry": {"type": "Polygon", "coordinates": [[[-73.8198218105376, 40.6922164135923], [-73.8194786546678, 40.6923140714859], [-73.8195025517221, 40.6923630051339], [-73.8198457087318, 40.6922653471711], [-73.8198218105376, 40.6922164135923]]]}}, {"type": "Feature", "properties": {"zone_id": "02028HMLJ9PX7NUDQ5KXG3", "tract_id": "36081015400", "city": "JAMAICA, NY", "zone_code": "R6B", "zone_category": "Residential", "ev_permitted": false}, "geometry": {"type": "Polygon", "coordinates": [[[-73.8197693247783, 40.6921089477335], [-73.8194262091122, 40.6922065935889], [-73.8194786546678, 40.6923140714859], [-73.8198218105376, 40.6922164135923], [-73.8197693247783, 40.6921089477335]]]}}, {"type": "Feature", "properties": {"zone_id": "0203E8YPKNGFJHIG0T6U52", "tract_id": "36081015400", "city": "JAMAICA, NY", "zone_code": "R4A", "zone_category": "Residential", "ev_permitted": false}, "geometry": {"type": "Polygon", "coordinates": [[[-73.8192582136931, 40.6923157273743], [-73.8188897379044, 40.6924236925557], [-73.8189145542064, 40.6924745980377], [-73.8192832205543, 40.692366577566], [-73.8192582136931, 40.6923157273743]]]}}, {"type": "Feature", "properties": {"zone_id": "02019N8PURPF3TQ823036P", "tract_id": "36081015400", "city": "JAMAICA, NY", "zone_code": "R4A", "zone_category": "Residential", "ev_permitted": false}, "geometry": {"type": "Polygon", "coordinates": [[[-73.8192832205543, 40.692366577566], [-73.8189145542064, 40.6924745980377], [-73.8189402959259, 40.6925274021582], [-73.8193091602351, 40.6924193235942], [-73.8192832205543, 40.692366577566]]]}}, {"type": "Feature", "properties": {"zone_id": "02032RR8HQH1FD1NDJ574B", "tract_id": "36081015400", "city": "JAMAICA, NY", "zone_code": "R4A", "zone_category": "Residential", "ev_permitted": false}, "geometry": {"type": "Polygon", "coordinates": [[[-73.8193091602351, 40.6924193235942], [-73.8189402959259, 40.6925274021582], [-73.8189650085695, 40.692578093856], [-73.8193340625162, 40.6924699592979], [-73.8193091602351, 40.6924193235942]]]}}, {"type": "Feature", "properties": {"zone_id": "0200LTYUC53YV693FRHQO3", "tract_id": "36081015400", "city": "JAMAICA, NY", "zone_code": "R4A", "zone_category": "Residential", "ev_permitted": false}, "geometry": {"type": "Polygon", "coordinates": [[[-73.8193340625162, 40.6924699592979], [-73.8189650085695, 40.692578093856], [-73.8190376622475, 40.692727125459], [-73.8194072730796, 40.6926188278223], [-73.8193340625162, 40.6924699592979]]]}}, {"type": "Feature", "properties": {"zone_id": "0201DIL2GH8SOQYJ9QFNSS", "tract_id": "36081015400", "city": "JAMAICA, NY", "zone_code": "R4A", "zone_category": "Residential", "ev_permitted": false}, "geometry": {"type": "Polygon", "coordinates": [[[-73.8189402959259, 40.6925274021582], [-73.818570952771, 40.6926356193178], [-73.8186013945916, 40.6926980644236], [-73.8189707380449, 40.6925898464645], [-73.8189402959259, 40.6925274021582]]]}}, {"type": "Feature", "properties": {"zone_id": "02026AXLX3MZ1LX3W0021B", "tract_id": "36081015400", "city": "JAMAICA, NY", "zone_code": "R4A", "zone_category": "Residential", "ev_permitted": false}, "geometry": {"type": "Polygon", "coordinates": [[[-73.8189079608803, 40.6924610733578], [-73.8185386180404, 40.6925692904146], [-73.818570952771, 40.6926356193178], [-73.8189402959259, 40.6925274021582], [-73.8189079608803, 40.6924610733578]]]}}, {"type": "Feature", "properties": {"zone_id": "02068P9O14C5GJH3O6KRXQ", "tract_id": "36081015400", "city": "JAMAICA, NY", "zone_code": "R4A", "zone_category": "Residential", "ev_permitted": false}, "geometry": {"type": "Polygon", "coordinates": [[[-73.8188740083223, 40.6923914275435], [-73.8185046658112, 40.692499645195], [-73.8185386180404, 40.6925692904146], [-73.8189079608803, 40.6924610733578], [-73.8188740083223, 40.6923914275435]]]}}, {"type": "Feature", "properties": {"zone_id": "0205XEKJCGA4J3N2DOUSD7", "tract_id": "36081015400", "city": "JAMAICA, NY", "zone_code": "R6B", "zone_category": "Residential", "ev_permitted": false}, "geometry": {"type": "Polygon", "coordinates": [[[-73.8188367676713, 40.6921002292026], [-73.8187699042229, 40.6921192876386], [-73.8188875120457, 40.6923605344624], [-73.8189541480277, 40.6923410097353], [-73.8188367676713, 40.6921002292026]]]}}, {"type": "Feature", "properties": {"zone_id": "0200RU5PLFUNIHOU5F6A2O", "tract_id": "36081015400", "city": "JAMAICA, NY", "zone_code": "C2-3", "zone_category": "Commercial", "ev_permitted": true}, "geometry": {"type": "Polygon", "coordinates": [[[-73.8189078568163, 40.6920799652846], [-73.8188367676713, 40.6921002292026], [-73.8189541480277, 40.6923410097353], [-73.8190249968708, 40.6923202513955], [-73.8189078568163, 40.6920799652846]]]}}, {"type": "Feature", "properties": {"zone_id": "02012BU4SHS05G5ZOWZOJG", "tract_id": "36081015400", "city": "JAMAICA, NY", "zone_code": "R6B", "zone_category": "Residential", "ev_permitted": false}, "geometry": {"type": "Polygon", "coordinates": [[[-73.8189736217178, 40.6920612198331], [-73.8189078568163, 40.6920799652846], [-73.8190249968708, 40.6923202513955], [-73.8190905379745, 40.692301046687], [-73.8189736217178, 40.6920612198331]]]}}, {"type": "Feature", "properties": {"zone_id": "0201KDK9OMO2XD9045Q4D6", "tract_id": "36081015400", "city": "JAMAICA, NY", "zone_code": "C2-3", "zone_category": "Commercial", "ev_permitted": true}, "geometry": {"type": "Polygon", "coordinates": [[[-73.8190410569194, 40.6920419977548], [-73.8189736217178, 40.6920612198331], [-73.8190905379745, 40.692301046687], [-73.8191577438723, 40.6922813548016], [-73.8190410569194, 40.6920419977548]]]}}, {"type": "Feature", "properties": {"zone_id": "0206PFIZGR24V57VMAROJF", "tract_id": "36081015400", "city": "JAMAICA, NY", "zone_code": "R6B", "zone_category": "Residential", "ev_permitted": false}, "geometry": {"type": "Polygon", "coordinates": [[[-73.8191134513501, 40.6920213619459], [-73.8190410569194, 40.6920419977548], [-73.8191577438723, 40.6922813548016], [-73.819230786803, 40.6922599540363], [-73.8191134513501, 40.6920213619459]]]}}, {"type": "Feature", "properties": {"zone_id": "0200URW52QQIHM3BVT9SUE", "tract_id": "36081015400", "city": "JAMAICA, NY", "zone_code": "R6B", "zone_category": "Residential", "ev_permitted": false}, "geometry": {"type": "Polygon", "coordinates": [[[-73.819230786803, 40.6922599540363], [-73.8188625182323, 40.6923678569194], [-73.8188897379044, 40.6924236925557], [-73.8192582136931, 40.6923157273743], [-73.819230786803, 40.6922599540363]]]}}, {"type": "Feature", "properties": {"zone_id": "02018OP6XM7CD82X7B8KO4", "tract_id": "36081015400", "city": "JAMAICA, NY", "zone_code": "R6B", "zone_category": "Residential", "ev_permitted": false}, "geometry": {"type": "Polygon", "coordinates": [[[-73.8187699042229, 40.6921192876386], [-73.8183742252545, 40.6922320714561], [-73.8185046658112, 40.692499645195], [-73.8188740083223, 40.6923914275435], [-73.8188625182323, 40.6923678569194], [-73.8188875120457, 40.6923605344624], [-73.8187699042229, 40.6921192876386]]]}}, {"type": "Feature", "properties": {"zone_id": "0200RGDWPD0HZSJSI39FJR", "tract_id": "36081015400", "city": "JAMAICA, NY", "zone_code": "R4A", "zone_category": "Residential", "ev_permitted": false}, "geometry": {"type": "Polygon", "coordinates": [[[-73.8184624784909, 40.6928072766042], [-73.8180398354324, 40.6929277108851], [-73.8180697557583, 40.6929886368519], [-73.8184923954488, 40.6928682052669], [-73.8184624784909, 40.6928072766042]]]}}, {"type": "Feature", "properties": {"zone_id": "02011LS2NDQ32J03NV8Y64", "tract_id": "36081015400", "city": "JAMAICA, NY", "zone_code": "R4A", "zone_category": "Residential", "ev_permitted": false}, "geometry": {"type": "Polygon", "coordinates": [[[-73.8184923954488, 40.6928682052669], [-73.8180697557583, 40.6929886368519], [-73.8180998625001, 40.6930499439481], [-73.8185224979072, 40.6929295129489], [-73.8184923954488, 40.6928682052669]]]}}, {"type": "Feature", "properties": {"zone_id": "0200SA8JA5AQ031RDK9PHM", "tract_id": "36081015400", "city": "JAMAICA, NY", "zone_code": "R4A", "zone_category": "Residential", "ev_permitted": false}, "geometry": {"type": "Polygon", "coordinates": [[[-73.8185224979072, 40.6929295129489], [-73.8180998625001, 40.6930499439481], [-73.8181325977045, 40.6931166017471], [-73.8185552279303, 40.6929961727279], [-73.8185224979072, 40.6929295129489]]]}}, {"type": "Feature", "properties": {"zone_id": "0201S3MNK15TV8NM2CGRDC", "tract_id": "36081015400", "city": "JAMAICA, NY", "zone_code": "R4A", "zone_category": "Residential", "ev_permitted": false}, "geometry": {"type": "Polygon", "coordinates": [[[-73.8185552279303, 40.6929961727279], [-73.8181325977045, 40.6931166017471], [-73.8181633894395, 40.6931793018819], [-73.8185860163125, 40.6930588734475], [-73.8185552279303, 40.6929961727279]]]}}, {"type": "Feature", "properties": {"zone_id": "0205BVQ0R8U2L606VL4PNZ", "tract_id": "36081015400", "city": "JAMAICA, NY", "zone_code": "R4A", "zone_category": "Residential", "ev_permitted": false}, "geometry": {"type": "Polygon", "coordinates": [[[-73.8180697557583, 40.6929886368519], [-73.817647475775, 40.6931089648666], [-73.8176792686404, 40.6931737044388], [-73.8181015489745, 40.6930533770111], [-73.8180697557583, 40.6929886368519]]]}}, {"type": "Feature", "properties": {"zone_id": "02043J91ZHGOUSC4JFQO21", "tract_id": "36081015400", "city": "JAMAICA, NY", "zone_code": "R4A", "zone_category": "Residential", "ev_permitted": false}, "geometry": {"type": "Polygon", "coordinates": [[[-73.818037658732, 40.6929232764548], [-73.8176153781816, 40.6930436043513], [-73.817647475775, 40.6931089648666], [-73.8180697557583, 40.6929886368519], [-73.818037658732, 40.6929232764548]]]}}, {"type": "Feature", "properties": {"zone_id": "0204O1SITMH48TBN8Z0N8Z", "tract_id": "36081015400", "city": "JAMAICA, NY", "zone_code": "R4A", "zone_category": "Residential", "ev_permitted": false}, "geometry": {"type": "Polygon", "coordinates": [[[-73.8183805259409, 40.6926403696917], [-73.8179578708625, 40.6927608057616], [-73.8179835064933, 40.6928130077458], [-73.8184061572386, 40.6926925722778], [-73.8183805259409, 40.6926403696917]]]}}, {"type": "Feature", "properties": {"zone_id": "0204FJLAIKL64YECR78AFJ", "tract_id": "36081015400", "city": "JAMAICA, NY", "zone_code": "R4A", "zone_category": "Residential", "ev_permitted": false}, "geometry": {"type": "Polygon", "coordinates": [[[-73.8184061572386, 40.6926925722778], [-73.8179835064933, 40.6928130077458], [-73.8180089346867, 40.6928647863931], [-73.8184315820179, 40.6927443522321], [-73.8184061572386, 40.6926925722778]]]}}, {"type": "Feature", "properties": {"zone_id": "0203NOE5RXRJI9U49OANTT", "tract_id": "36081015400", "city": "JAMAICA, NY", "zone_code": "R4A", "zone_category": "Residential", "ev_permitted": false}, "geometry": {"type": "Polygon", "coordinates": [[[-73.8184315820179, 40.6927443522321], [-73.8180089346867, 40.6928647863931], [-73.8180398354324, 40.6929277108851], [-73.8184624784909, 40.6928072766042], [-73.8184315820179, 40.6927443522321]]]}}, {"type": "Feature", "properties": {"zone_id": "0201WGIMGMT4AOIIKIH7GI", "tract_id": "36081015400", "city": "JAMAICA, NY", "zone_code": "R4A", "zone_category": "Residential", "ev_permitted": false}, "geometry": {"type": "Polygon", "coordinates": [[[-73.8183314722917, 40.6925404692429], [-73.8179088122133, 40.6926609072335], [-73.8179340640246, 40.6927123272616], [-73.8183567216101, 40.6925918905801], [-73.8183314722917, 40.6925404692429]]]}}, {"type": "Feature", "properties": {"zone_id": "0206BS8T508U5UNIM6LDWX", "tract_id": "36081015400", "city": "JAMAICA, NY", "zone_code": "R4A", "zone_category": "Residential", "ev_permitted": false}, "geometry": {"type": "Polygon", "coordinates": [[[-73.8183567216101, 40.6925918905801], [-73.8179340640246, 40.6927123272616], [-73.8179578708625, 40.6927608057616], [-73.8183805259409, 40.6926403696917], [-73.8183567216101, 40.6925918905801]]]}}, {"type": "Feature", "properties": {"zone_id": "0203L6TCL4XOG21LWFQQMM", "tract_id": "36081015400", "city": "JAMAICA, NY", "zone_code": "R4A", "zone_category": "Residential", "ev_permitted": false}, "geometry": {"type": "Polygon", "coordinates": [[[-73.8180060933136, 40.6928590010968], [-73.8175838140383, 40.6929793281772], [-73.8176153781816, 40.6930436043513], [-73.818037658732, 40.6929232764548], [-73.8180060933136, 40.6928590010968]]]}}, {"type": "Feature", "properties": {"zone_id": "0201XGI8G11PWT70TSJV9A", "tract_id": "36081015400", "city": "JAMAICA, NY", "zone_code": "R4A", "zone_category": "Residential", "ev_permitted": false}, "geometry": {"type": "Polygon", "coordinates": [[[-73.8179766862943, 40.6927991200803], [-73.8175544073452, 40.6929194470537], [-73.8175838140383, 40.6929793281772], [-73.8180060933136, 40.6928590010968], [-73.8179766862943, 40.6927991200803]]]}}, {"type": "Feature", "properties": {"zone_id": "0203XZ1NJK94LXGUL0KPZA", "tract_id": "36081015400", "city": "JAMAICA, NY", "zone_code": "R4A", "zone_category": "Residential", "ev_permitted": false}, "geometry": {"type": "Polygon", "coordinates": [[[-73.8173512113058, 40.692902349384], [-73.8169231140119, 40.6930245999401], [-73.816956126657, 40.6930886277494], [-73.8173830851597, 40.6929667020019], [-73.8173512113058, 40.692902349384]]]}}, {"type": "Feature", "properties": {"zone_id": "0201RS5XZTW1OXPZH1O1MU", "tract_id": "36081015400", "city": "JAMAICA, NY", "zone_code": "R4A", "zone_category": "Residential", "ev_permitted": false}, "geometry": {"type": "Polygon", "coordinates": [[[-73.8173830851597, 40.6929667020019], [-73.8170465608443, 40.6930628025558], [-73.8171127049314, 40.6931910873491], [-73.8174469478153, 40.6930956378649], [-73.8173830851597, 40.6929667020019]]]}}, {"type": "Feature", "properties": {"zone_id": "0204QU7O3I8V1MUVHC5MED", "tract_id": "36081015400", "city": "JAMAICA, NY", "zone_code": "R4A", "zone_category": "Residential", "ev_permitted": false}, "geometry": {"type": "Polygon", "coordinates": [[[-73.817913687969, 40.6926708323244], [-73.8174914087937, 40.6927911597699], [-73.8175544073452, 40.6929194470537], [-73.8179766862943, 40.6927991200803], [-73.817913687969, 40.6926708323244]]]}}, {"type": "Feature", "properties": {"zone_id": "0203H9MA7LDCGPCRCH657G", "tract_id": "36081015400", "city": "JAMAICA, NY", "zone_code": "R6B", "zone_category": "Residential", "ev_permitted": false}, "geometry": {"type": "Polygon", "coordinates": [[[-73.8171817643971, 40.6925602393111], [-73.8170452337869, 40.69259904259], [-73.8171872384528, 40.6928744540217], [-73.8173187885035, 40.6928368884894], [-73.8171817643971, 40.6925602393111]]]}}, {"type": "Feature", "properties": {"zone_id": "0207F51OFPVW7VOHSF2BLF", "tract_id": "36081015400", "city": "JAMAICA, NY", "zone_code": "R4A", "zone_category": "Residential", "ev_permitted": false}, "geometry": {"type": "Polygon", "coordinates": [[[-73.8174539941906, 40.6924974262078], [-73.8173602778778, 40.6925241297599], [-73.8174914087937, 40.6927911597699], [-73.8175851251999, 40.6927644555846], [-73.8174539941906, 40.6924974262078]]]}}, {"type": "Feature", "properties": {"zone_id": "02069GS66VVT3M24C9KTM8", "tract_id": "36081015400", "city": "JAMAICA, NY", "zone_code": "R6B", "zone_category": "Residential", "ev_permitted": false}, "geometry": {"type": "Polygon", "coordinates": [[[-73.8182052309033, 40.6922833610711], [-73.8181065990691, 40.6923114677091], [-73.8182328586105, 40.6925685696934], [-73.8183314722917, 40.6925404692429], [-73.8182052309033, 40.6922833610711]]]}}, {"type": "Feature", "properties": {"zone_id": "0206B8P12DU1TID81O0A7P", "tract_id": "36081015400", "city": "JAMAICA, NY", "zone_code": "R6B", "zone_category": "Residential", "ev_permitted": false}, "geometry": {"type": "Polygon", "coordinates": [[[-73.8178500478286, 40.6923845716639], [-73.8177825546735, 40.6924038034928], [-73.8179088122133, 40.6926609072335], [-73.8179763055941, 40.6926416746285], [-73.8178500478286, 40.6923845716639]]]}}, {"type": "Feature", "properties": {"zone_id": "0205AR80IXTFRRZJ6XQEOQ", "tract_id": "36081015400", "city": "JAMAICA, NY", "zone_code": "R4A", "zone_category": "Residential", "ev_permitted": false}, "geometry": {"type": "Polygon", "coordinates": [[[-73.817912690645, 40.6923667212848], [-73.8178500478286, 40.6923845716639], [-73.8179763055941, 40.6926416746285], [-73.8180389486183, 40.6926238241813], [-73.817912690645, 40.6923667212848]]]}}, {"type": "Feature", "properties": {"zone_id": "0204KPX5CGA6S4XUZBAKJZ", "tract_id": "36081015400", "city": "JAMAICA, NY", "zone_code": "R6B", "zone_category": "Residential", "ev_permitted": false}, "geometry": {"type": "Polygon", "coordinates": [[[-73.8179768633491, 40.6923484355327], [-73.817912690645, 40.6923667212848], [-73.8180389486183, 40.6926238241813], [-73.8181031224584, 40.6926055383608], [-73.8179768633491, 40.6923484355327]]]}}, {"type": "Feature", "properties": {"zone_id": "02043ECIKFGZKKSZC9Q3WF", "tract_id": "36081015400", "city": "JAMAICA, NY", "zone_code": "R6B", "zone_category": "Residential", "ev_permitted": false}, "geometry": {"type": "Polygon", "coordinates": [[[-73.8180413187223, 40.6923300686829], [-73.8179768633491, 40.6923484355327], [-73.8181031224584, 40.6926055383608], [-73.8181675780453, 40.6925871714409], [-73.8180413187223, 40.6923300686829]]]}}, {"type": "Feature", "properties": {"zone_id": "0200ZCDTYZA59MK9B97XVB", "tract_id": "36081015400", "city": "JAMAICA, NY", "zone_code": "R6B", "zone_category": "Residential", "ev_permitted": false}, "geometry": {"type": "Polygon", "coordinates": [[[-73.8181065990691, 40.6923114677091], [-73.8180413187223, 40.6923300686829], [-73.8181675780453, 40.6925871714409], [-73.8182328586105, 40.6925685696934], [-73.8181065990691, 40.6923114677091]]]}}, {"type": "Feature", "properties": {"zone_id": "0203L7TVP7LQLH80CEBQKX", "tract_id": "36081015400", "city": "JAMAICA, NY", "zone_code": "R6B", "zone_category": "Residential", "ev_permitted": false}, "geometry": {"type": "Polygon", "coordinates": [[[-73.8177825546735, 40.6924038034928], [-73.8176942827492, 40.6924289567291], [-73.8178254148176, 40.6926959856591], [-73.817913687969, 40.6926708323244], [-73.8177825546735, 40.6924038034928]]]}}, {"type": "Feature", "properties": {"zone_id": "0203GVL06886RFWMGU9GMT", "tract_id": "36081015400", "city": "JAMAICA, NY", "zone_code": "R6B", "zone_category": "Residential", "ev_permitted": false}, "geometry": {"type": "Polygon", "coordinates": [[[-73.8176942827492, 40.6924289567291], [-73.8175732960785, 40.6924634313847], [-73.8177044277301, 40.6927304604513], [-73.8178254148176, 40.6926959856591], [-73.8176942827492, 40.6924289567291]]]}}, {"type": "Feature", "properties": {"zone_id": "0200DRW2VT95AB6XYU2M99", "tract_id": "36081015400", "city": "JAMAICA, NY", "zone_code": "R4A", "zone_category": "Residential", "ev_permitted": false}, "geometry": {"type": "Polygon", "coordinates": [[[-73.8175732960785, 40.6924634313847], [-73.8174539941906, 40.6924974262078], [-73.8175851251999, 40.6927644555846], [-73.8177044277301, 40.6927304604513], [-73.8175732960785, 40.6924634313847]]]}}, {"type": "Feature", "properties": {"zone_id": "0205P2X2PQK20FVHJINQTW", "tract_id": "36081015400", "city": "JAMAICA, NY", "zone_code": "R6B", "zone_category": "Residential", "ev_permitted": false}, "geometry": {"type": "Polygon", "coordinates": [[[-73.8196498172569, 40.691864250866], [-73.8195121410286, 40.6919034319022], [-73.8196316471918, 40.6921481289098], [-73.8197693247783, 40.6921089477335], [-73.8196498172569, 40.691864250866]]]}}, {"type": "Feature", "properties": {"zone_id": "0203XLGR2SPGAYSJA091SI", "tract_id": "36081015400", "city": "JAMAICA, NY", "zone_code": "C2-3", "zone_category": "Commercial", "ev_permitted": true}, "geometry": {"type": "Polygon", "coordinates": [[[-73.8197173702314, 40.6918450264682], [-73.8196498172569, 40.691864250866], [-73.8197693247783, 40.6921089477335], [-73.8198368779682, 40.6920897225633], [-73.8197173702314, 40.6918450264682]]]}}, {"type": "Feature", "properties": {"zone_id": "0207KOWYQ81M6845PHT1Y0", "tract_id": "36081015400", "city": "JAMAICA, NY", "zone_code": "R6B", "zone_category": "Residential", "ev_permitted": false}, "geometry": {"type": "Polygon", "coordinates": [[[-73.8197849240921, 40.6918258013293], [-73.8197173702314, 40.6918450264682], [-73.8198368779682, 40.6920897225633], [-73.8199044311173, 40.6920704980561], [-73.8197849240921, 40.6918258013293]]]}}, {"type": "Feature", "properties": {"zone_id": "0206UOURASP47XPQMEYXHI", "tract_id": "36081015400", "city": "JAMAICA, NY", "zone_code": "R6B", "zone_category": "Residential", "ev_permitted": false}, "geometry": {"type": "Polygon", "coordinates": [[[-73.8198524769906, 40.6918065761493], [-73.8197849240921, 40.6918258013293], [-73.8199044311173, 40.6920704980561], [-73.8199719842293, 40.6920512728066], [-73.8198524769906, 40.6918065761493]]]}}, {"type": "Feature", "properties": {"zone_id": "0200CWYVQLGB4PHHWH42UF", "tract_id": "36081015400", "city": "JAMAICA, NY", "zone_code": "R6B", "zone_category": "Residential", "ev_permitted": false}, "geometry": {"type": "Polygon", "coordinates": [[[-73.8193767253088, 40.6919419698721], [-73.8193066620246, 40.6919619082497], [-73.8194262091122, 40.6922065935889], [-73.8194962301229, 40.6921866663152], [-73.8193767253088, 40.6919419698721]]]}}, {"type": "Feature", "properties": {"zone_id": "0201XG0IRXI850QU7L2PVC", "tract_id": "36081015400", "city": "JAMAICA, NY", "zone_code": "R6B", "zone_category": "Residential", "ev_permitted": false}, "geometry": {"type": "Polygon", "coordinates": [[[-73.8194473576475, 40.6919218686244], [-73.8193767253088, 40.6919419698721], [-73.8194962301229, 40.6921866663152], [-73.819566864531, 40.6921665649976], [-73.8194473576475, 40.6919218686244]]]}}, {"type": "Feature", "properties": {"zone_id": "0203DPKUJNMUVL8HVWC90D", "tract_id": "36081015400", "city": "JAMAICA, NY", "zone_code": "R6B", "zone_category": "Residential", "ev_permitted": false}, "geometry": {"type": "Polygon", "coordinates": [[[-73.8195121410286, 40.6919034319022], [-73.8194473576475, 40.6919218686244], [-73.819566864531, 40.6921665649976], [-73.8196316471918, 40.6921481289098], [-73.8195121410286, 40.6919034319022]]]}}, {"type": "Feature", "properties": {"zone_id": "02002STTPR7RVHVPSLN19H", "tract_id": "36081015400", "city": "JAMAICA, NY", "zone_code": "R4A", "zone_category": "Residential", "ev_permitted": false}, "geometry": {"type": "Polygon", "coordinates": [[[-73.8151225773872, 40.6940516214631], [-73.8150333324891, 40.6940772706882], [-73.8151585489819, 40.6943335880461], [-73.8152484815671, 40.6943077402722], [-73.8151225773872, 40.6940516214631]]]}}, {"type": "Feature", "properties": {"zone_id": "02076T479QPXDVMT5ZQ9RT", "tract_id": "36081015400", "city": "JAMAICA, NY", "zone_code": "R4A", "zone_category": "Residential", "ev_permitted": false}, "geometry": {"type": "Polygon", "coordinates": [[[-73.8163042223812, 40.6931280251533], [-73.8159669261396, 40.6932239927326], [-73.8159628115925, 40.6932156399297], [-73.8156294825157, 40.6933104773622], [-73.8160138720327, 40.6940906323968], [-73.8166833671416, 40.69390168542], [-73.8163042223812, 40.6931280251533]]]}}, {"type": "Feature", "properties": {"zone_id": "02052TOJKE1DTR38LKIQTC", "tract_id": "36081015400", "city": "JAMAICA, NY", "zone_code": "R4A", "zone_category": "Residential", "ev_permitted": false}, "geometry": {"type": "Polygon", "coordinates": [[[-73.8169819598661, 40.6935192694343], [-73.816898718434, 40.6935430401935], [-73.8170325876162, 40.6938026717985], [-73.8171158293227, 40.6937789016459], [-73.8169819598661, 40.6935192694343]]]}}, {"type": "Feature", "properties": {"zone_id": "0203AS93QT91M84ZXVEYK6", "tract_id": "36081015400", "city": "JAMAICA, NY", "zone_code": "R4A", "zone_category": "Residential", "ev_permitted": false}, "geometry": {"type": "Polygon", "coordinates": [[[-73.816898718434, 40.6935430401935], [-73.8168113212881, 40.6935679973981], [-73.81694519018, 40.693827629104], [-73.8170325876162, 40.6938026717985], [-73.816898718434, 40.6935430401935]]]}}, {"type": "Feature", "properties": {"zone_id": "0202Z0WHYIGLZ778LRFETE", "tract_id": "36081015400", "city": "JAMAICA, NY", "zone_code": "R4A", "zone_category": "Residential", "ev_permitted": false}, "geometry": {"type": "Polygon", "coordinates": [[[-73.8168113212881, 40.6935679973981], [-73.81672483503, 40.6935926952994], [-73.8168523454016, 40.6938541425034], [-73.81694519018, 40.693827629104], [-73.8168113212881, 40.6935679973981]]]}}, {"type": "Feature", "properties": {"zone_id": "02079NDHMO9DLSEYG9BK4U", "tract_id": "36081015400", "city": "JAMAICA, NY", "zone_code": "R4A", "zone_category": "Residential", "ev_permitted": false}, "geometry": {"type": "Polygon", "coordinates": [[[-73.8170465608443, 40.6930628025558], [-73.8165373263518, 40.6932082215403], [-73.8166003283903, 40.6933374024312], [-73.8171127049314, 40.6931910873491], [-73.8170465608443, 40.6930628025558]]]}}, {"type": "Feature", "properties": {"zone_id": "0207NL6D2L1XMADENV6AB5", "tract_id": "36081015400", "city": "JAMAICA, NY", "zone_code": "R4A", "zone_category": "Residential", "ev_permitted": false}, "geometry": {"type": "Polygon", "coordinates": [[[-73.8170715548122, 40.6934936846027], [-73.8169819598661, 40.6935192694343], [-73.8171158293227, 40.6937789016459], [-73.8172054245682, 40.6937533160084], [-73.8170715548122, 40.6934936846027]]]}}, {"type": "Feature", "properties": {"zone_id": "0206CKQFLL90T5M4WZ3AUI", "tract_id": "36081015400", "city": "JAMAICA, NY", "zone_code": "R4A", "zone_category": "Residential", "ev_permitted": false}, "geometry": {"type": "Polygon", "coordinates": [[[-73.8171172695087, 40.6934086683661], [-73.8166940291189, 40.693529529596], [-73.81672483503, 40.6935926952994], [-73.8171496112678, 40.6934713944222], [-73.8171172695087, 40.6934086683661]]]}}, {"type": "Feature", "properties": {"zone_id": "0206YVK2H40AP5SRTKNSWA", "tract_id": "36081015400", "city": "JAMAICA, NY", "zone_code": "R4A", "zone_category": "Residential", "ev_permitted": false}, "geometry": {"type": "Polygon", "coordinates": [[[-73.8170836973143, 40.6933435583194], [-73.8166620528326, 40.6934639638329], [-73.8166940291189, 40.693529529596], [-73.8171172695087, 40.6934086683661], [-73.8170836973143, 40.6933435583194]]]}}, {"type": "Feature", "properties": {"zone_id": "0207MKRWX6YI95LK3MSGK1", "tract_id": "36081015400", "city": "JAMAICA, NY", "zone_code": "R4A", "zone_category": "Residential", "ev_permitted": false}, "geometry": {"type": "Polygon", "coordinates": [[[-73.8170524897488, 40.6932830312717], [-73.8166323275086, 40.6934030139222], [-73.8166620528326, 40.6934639638329], [-73.8170836973143, 40.6933435583194], [-73.8170524897488, 40.6932830312717]]]}}, {"type": "Feature", "properties": {"zone_id": "02042W6YPD3RNRHYPRHE5M", "tract_id": "36081015400", "city": "JAMAICA, NY", "zone_code": "R4A", "zone_category": "Residential", "ev_permitted": false}, "geometry": {"type": "Polygon", "coordinates": [[[-73.8170188947272, 40.6932178754955], [-73.8166003283903, 40.6933374024312], [-73.8166323275086, 40.6934030139222], [-73.8170524897488, 40.6932830312717], [-73.8170188947272, 40.6932178754955]]]}}, {"type": "Feature", "properties": {"zone_id": "02039FP9S3AHPP3I1GVY3V", "tract_id": "36081015400", "city": "JAMAICA, NY", "zone_code": "R4A", "zone_category": "Residential", "ev_permitted": false}, "geometry": {"type": "Polygon", "coordinates": [[[-73.8157157388191, 40.6938816846315], [-73.8156271463155, 40.6939066010794], [-73.815753053081, 40.6941627200453], [-73.8158414108684, 40.6941373246122], [-73.8157157388191, 40.6938816846315]]]}}, {"type": "Feature", "properties": {"zone_id": "0203BYZIXUQPJG6NWQ52F7", "tract_id": "36081015400", "city": "JAMAICA, NY", "zone_code": "R4A", "zone_category": "Residential", "ev_permitted": false}, "geometry": {"type": "Polygon", "coordinates": [[[-73.8156271463155, 40.6939066010794], [-73.8155384127225, 40.6939321046587], [-73.8156643191952, 40.6941882237208], [-73.815753053081, 40.6941627200453], [-73.8156271463155, 40.6939066010794]]]}}, {"type": "Feature", "properties": {"zone_id": "0202VYA7LBICE8IU5T0S2Z", "tract_id": "36081015400", "city": "JAMAICA, NY", "zone_code": "R4A", "zone_category": "Residential", "ev_permitted": false}, "geometry": {"type": "Polygon", "coordinates": [[[-73.8155384127225, 40.6939321046587], [-73.8154560096594, 40.6939557885884], [-73.8155819158603, 40.6942119077399], [-73.8156643191952, 40.6941882237208], [-73.8155384127225, 40.6939321046587]]]}}, {"type": "Feature", "properties": {"zone_id": "0207KH3N53RSE85MUM2MLZ", "tract_id": "36081015400", "city": "JAMAICA, NY", "zone_code": "R4A", "zone_category": "Residential", "ev_permitted": false}, "geometry": {"type": "Polygon", "coordinates": [[[-73.8154560096594, 40.6939557885884], [-73.8153751420698, 40.6939790308397], [-73.8155010470789, 40.6942351507801], [-73.8155819158603, 40.6942119077399], [-73.8154560096594, 40.6939557885884]]]}}, {"type": "Feature", "properties": {"zone_id": "0200WE2VQG9FIQFD3U0LKJ", "tract_id": "36081015400", "city": "JAMAICA, NY", "zone_code": "R4A", "zone_category": "Residential", "ev_permitted": false}, "geometry": {"type": "Polygon", "coordinates": [[[-73.8153751420698, 40.6939790308397], [-73.8152876666453, 40.6940041722651], [-73.8154135722929, 40.6942602908965], [-73.8155010470789, 40.6942351507801], [-73.8153751420698, 40.6939790308397]]]}}, {"type": "Feature", "properties": {"zone_id": "0201FLD09QVK5VYB3HWZXH", "tract_id": "36081015400", "city": "JAMAICA, NY", "zone_code": "R4A", "zone_category": "Residential", "ev_permitted": false}, "geometry": {"type": "Polygon", "coordinates": [[[-73.8152876666453, 40.6940041722651], [-73.8152055738336, 40.694027767978], [-73.8153314792104, 40.6942838866985], [-73.8154135722929, 40.6942602908965], [-73.8152876666453, 40.6940041722651]]]}}, {"type": "Feature", "properties": {"zone_id": "0206IH0PIDRNTLTXAUWUDB", "tract_id": "36081015400", "city": "JAMAICA, NY", "zone_code": "R4A", "zone_category": "Residential", "ev_permitted": false}, "geometry": {"type": "Polygon", "coordinates": [[[-73.8152055738336, 40.694027767978], [-73.8151225773872, 40.6940516214631], [-73.8152484815671, 40.6943077402722], [-73.8153314792104, 40.6942838866985], [-73.8152055738336, 40.694027767978]]]}}, {"type": "Feature", "properties": {"zone_id": "0203EJ8BD5JVICM08W0F6L", "tract_id": "36081015400", "city": "JAMAICA, NY", "zone_code": "R4A", "zone_category": "Residential", "ev_permitted": false}, "geometry": {"type": "Polygon", "coordinates": [[[-73.8153412119242, 40.6939100115054], [-73.8149995892771, 40.6940081974489], [-73.8150333324891, 40.6940772706882], [-73.8153751420698, 40.6939790308397], [-73.8153412119242, 40.6939100115054]]]}}, {"type": "Feature", "properties": {"zone_id": "0206AR4BTBKRFCZOA2LTZ3", "tract_id": "36081015400", "city": "JAMAICA, NY", "zone_code": "R4A", "zone_category": "Residential", "ev_permitted": false}, "geometry": {"type": "Polygon", "coordinates": [[[-73.8153131909983, 40.6938530087366], [-73.8149717210472, 40.693951150575], [-73.8149995892771, 40.6940081974489], [-73.8153412119242, 40.6939100115054], [-73.8153131909983, 40.6938530087366]]]}}, {"type": "Feature", "properties": {"zone_id": "02074KOWJCQ6A5CPL9V7EP", "tract_id": "36081015400", "city": "JAMAICA, NY", "zone_code": "R4A", "zone_category": "Residential", "ev_permitted": false}, "geometry": {"type": "Polygon", "coordinates": [[[-73.8155869658197, 40.6936197310326], [-73.8152466033779, 40.6937175557503], [-73.8152790948287, 40.6937836497303], [-73.8156194557157, 40.6936858242116], [-73.8155869658197, 40.6936197310326]]]}}, {"type": "Feature", "properties": {"zone_id": "0205WWE2IA57V7XVN9PQK2", "tract_id": "36081015400", "city": "JAMAICA, NY", "zone_code": "R4A", "zone_category": "Residential", "ev_permitted": false}, "geometry": {"type": "Polygon", "coordinates": [[[-73.8156194557157, 40.6936858242116], [-73.8152790948287, 40.6937836497303], [-73.8153103424532, 40.6938472156333], [-73.8156507045382, 40.6937493914299], [-73.8156194557157, 40.6936858242116]]]}}, {"type": "Feature", "properties": {"zone_id": "02077KNU1ZQQLNCK04ROG3", "tract_id": "36081015400", "city": "JAMAICA, NY", "zone_code": "R4A", "zone_category": "Residential", "ev_permitted": false}, "geometry": {"type": "Polygon", "coordinates": [[[-73.8156507045382, 40.6937493914299], [-73.8153103424532, 40.6938472156333], [-73.8153412119242, 40.6939100115054], [-73.8156815742884, 40.6938121858061], [-73.8156507045382, 40.6937493914299]]]}}, {"type": "Feature", "properties": {"zone_id": "02014II1GFJ8MQ3BYS6LOW", "tract_id": "36081015400", "city": "JAMAICA, NY", "zone_code": "R4A", "zone_category": "Residential", "ev_permitted": false}, "geometry": {"type": "Polygon", "coordinates": [[[-73.8156815742884, 40.6938121858061], [-73.8153412119242, 40.6939100115054], [-73.8153751420698, 40.6939790308397], [-73.8157157388191, 40.6938816846315], [-73.8156815742884, 40.6938121858061]]]}}, {"type": "Feature", "properties": {"zone_id": "0205V92HK6AN9I6EFYWCBV", "tract_id": "36081015400", "city": "JAMAICA, NY", "zone_code": "R4A", "zone_category": "Residential", "ev_permitted": false}, "geometry": {"type": "Polygon", "coordinates": [[[-73.8152853628888, 40.6937964018689], [-73.8149440456318, 40.6938944996028], [-73.8149717210472, 40.693951150575], [-73.8153131909983, 40.6938530087366], [-73.8152853628888, 40.6937964018689]]]}}, {"type": "Feature", "properties": {"zone_id": "02077AND2OT4D5K36VOJ0W", "tract_id": "36081015400", "city": "JAMAICA, NY", "zone_code": "R4A", "zone_category": "Residential", "ev_permitted": false}, "geometry": {"type": "Polygon", "coordinates": [[[-73.8152575357536, 40.6937397935901], [-73.8149163711865, 40.693837848625], [-73.8149440456318, 40.6938944996028], [-73.8152853628888, 40.6937964018689], [-73.8152575357536, 40.6937397935901]]]}}, {"type": "Feature", "properties": {"zone_id": "0206PCJ67PPZ7AWG5S2NNO", "tract_id": "36081015400", "city": "JAMAICA, NY", "zone_code": "R4A", "zone_category": "Residential", "ev_permitted": false}, "geometry": {"type": "Polygon", "coordinates": [[[-73.8152297086618, 40.6936831867096], [-73.8148886958652, 40.6937811976387], [-73.8149163711865, 40.693837848625], [-73.8152575357536, 40.6937397935901], [-73.8152297086618, 40.6936831867096]]]}}, {"type": "Feature", "properties": {"zone_id": "02045FM52506AH307KXK6K", "tract_id": "36081015400", "city": "JAMAICA, NY", "zone_code": "R4A", "zone_category": "Residential", "ev_permitted": false}, "geometry": {"type": "Polygon", "coordinates": [[[-73.815201880696, 40.6936265791178], [-73.8148610215159, 40.6937245459442], [-73.8148886958652, 40.6937811976387], [-73.8152297086618, 40.6936831867096], [-73.815201880696, 40.6936265791178]]]}}, {"type": "Feature", "properties": {"zone_id": "0204FZ73KAYWZYY1EV3EFT", "tract_id": "36081015400", "city": "JAMAICA, NY", "zone_code": "R4A", "zone_category": "Residential", "ev_permitted": false}, "geometry": {"type": "Polygon", "coordinates": [[[-73.8154612700092, 40.6933640415298], [-73.8151209096135, 40.6934618651777], [-73.8151525287298, 40.6935261842748], [-73.8154928884864, 40.69342835983], [-73.8154612700092, 40.6933640415298]]]}}, {"type": "Feature", "properties": {"zone_id": "0204W2XKOS9OORS2RXMC55", "tract_id": "36081015400", "city": "JAMAICA, NY", "zone_code": "R4A", "zone_category": "Residential", "ev_permitted": false}, "geometry": {"type": "Polygon", "coordinates": [[[-73.8154928884864, 40.69342835983], [-73.8151525287298, 40.6935261842748], [-73.8151833538392, 40.6935888908828], [-73.8155237147938, 40.6934910663491], [-73.8154928884864, 40.69342835983]]]}}, {"type": "Feature", "properties": {"zone_id": "02016RWEUXPDY33QZW2T4T", "tract_id": "36081015400", "city": "JAMAICA, NY", "zone_code": "R4A", "zone_category": "Residential", "ev_permitted": false}, "geometry": {"type": "Polygon", "coordinates": [[[-73.8155237147938, 40.6934910663491], [-73.8151833538392, 40.6935888908828], [-73.8152149730741, 40.6936532106644], [-73.8155553333875, 40.6935553860365], [-73.8155237147938, 40.6934910663491]]]}}, {"type": "Feature", "properties": {"zone_id": "02050UJWQSJ6F2676HX12U", "tract_id": "36081015400", "city": "JAMAICA, NY", "zone_code": "R4A", "zone_category": "Residential", "ev_permitted": false}, "geometry": {"type": "Polygon", "coordinates": [[[-73.8155553333875, 40.6935553860365], [-73.8152149730741, 40.6936532106644], [-73.8152466033779, 40.6937175557503], [-73.8155869658197, 40.6936197310326], [-73.8155553333875, 40.6935553860365]]]}}, {"type": "Feature", "properties": {"zone_id": "02003ZW698QS8KK79QFVBF", "tract_id": "36081015400", "city": "JAMAICA, NY", "zone_code": "R6B", "zone_category": "Residential", "ev_permitted": false}, "geometry": {"type": "Polygon", "coordinates": [[[-73.8157186206318, 40.6929800666812], [-73.8154976633933, 40.6930429325964], [-73.8156294825157, 40.6933104773622], [-73.8158546818467, 40.6932464046604], [-73.8157186206318, 40.6929800666812]]]}}, {"type": "Feature", "properties": {"zone_id": "0204FM58Y81H3KE63SW63R", "tract_id": "36081015400", "city": "JAMAICA, NY", "zone_code": "R4A", "zone_category": "Residential", "ev_permitted": false}, "geometry": {"type": "Polygon", "coordinates": [[[-73.8150673597899, 40.6931709331429], [-73.8149850914317, 40.693195255673], [-73.8151167391316, 40.6934630635438], [-73.8151993006161, 40.6934393344378], [-73.8150673597899, 40.6931709331429]]]}}, {"type": "Feature", "properties": {"zone_id": "02067U2KQR6YE8PKI8TDG6", "tract_id": "36081015400", "city": "JAMAICA, NY", "zone_code": "R4A", "zone_category": "Residential", "ev_permitted": false}, "geometry": {"type": "Polygon", "coordinates": [[[-73.8151591407281, 40.6931437983195], [-73.8150673597899, 40.6931709331429], [-73.8151993006161, 40.6934393344378], [-73.8152914077577, 40.693412861941], [-73.8151591407281, 40.6931437983195]]]}}, {"type": "Feature", "properties": {"zone_id": "02056OHTYDH1B22HMZACYD", "tract_id": "36081015400", "city": "JAMAICA, NY", "zone_code": "R4A", "zone_category": "Residential", "ev_permitted": false}, "geometry": {"type": "Polygon", "coordinates": [[[-73.8152411123814, 40.6931195637242], [-73.8151591407281, 40.6931437983195], [-73.8152914077577, 40.693412861941], [-73.8153736697753, 40.6933892186567], [-73.8152411123814, 40.6931195637242]]]}}, {"type": "Feature", "properties": {"zone_id": "02014CWIY4N12QV45EJF1G", "tract_id": "36081015400", "city": "JAMAICA, NY", "zone_code": "R4A", "zone_category": "Residential", "ev_permitted": false}, "geometry": {"type": "Polygon", "coordinates": [[[-73.8153284029539, 40.6930937559127], [-73.8152411123814, 40.6931195637242], [-73.8153736697753, 40.6933892186567], [-73.8154612700092, 40.6933640415298], [-73.8153284029539, 40.6930937559127]]]}}, {"type": "Feature", "properties": {"zone_id": "0201DL27A6YWSZY8I9JU66", "tract_id": "36081015400", "city": "JAMAICA, NY", "zone_code": "R4A", "zone_category": "Residential", "ev_permitted": false}, "geometry": {"type": "Polygon", "coordinates": [[[-73.8151740536987, 40.693569972223], [-73.8148333462886, 40.6936678949437], [-73.8148610215159, 40.6937245459442], [-73.815201880696, 40.6936265791178], [-73.8151740536987, 40.693569972223]]]}}, {"type": "Feature", "properties": {"zone_id": "0201CJONBR35OXD90CS4IO", "tract_id": "36081015400", "city": "JAMAICA, NY", "zone_code": "R4A", "zone_category": "Residential", "ev_permitted": false}, "geometry": {"type": "Polygon", "coordinates": [[[-73.8151474265585, 40.6935158054865], [-73.8148068653608, 40.6936136869069], [-73.8148333462886, 40.6936678949437], [-73.8151740536987, 40.693569972223], [-73.8151474265585, 40.6935158054865]]]}}, {"type": "Feature", "properties": {"zone_id": "02050WBWQW673PDS1CTABS", "tract_id": "36081015400", "city": "JAMAICA, NY", "zone_code": "R4A", "zone_category": "Residential", "ev_permitted": false}, "geometry": {"type": "Polygon", "coordinates": [[[-73.8151209096135, 40.6934618651777], [-73.8147804946287, 40.6935597045955], [-73.8148068653608, 40.6936136869069], [-73.8151474265585, 40.6935158054865], [-73.8151209096135, 40.6934618651777]]]}}, {"type": "Feature", "properties": {"zone_id": "0206CKPXXQTYUATMT9VN9V", "tract_id": "36081015400", "city": "JAMAICA, NY", "zone_code": "R4A", "zone_category": "Residential", "ev_permitted": false}, "geometry": {"type": "Polygon", "coordinates": [[[-73.8147377076246, 40.6932683934283], [-73.8146507464353, 40.6932941029497], [-73.8147804946287, 40.6935597045955], [-73.8148684778091, 40.6935344168125], [-73.8147377076246, 40.6932683934283]]]}}, {"type": "Feature", "properties": {"zone_id": "0205Z0N7GQ3MKPIC1XOAB8", "tract_id": "36081015400", "city": "JAMAICA, NY", "zone_code": "R4A", "zone_category": "Residential", "ev_permitted": false}, "geometry": {"type": "Polygon", "coordinates": [[[-73.81481852561, 40.693244500176], [-73.8147377076246, 40.6932683934283], [-73.8148684778091, 40.6935344168125], [-73.8149495834024, 40.6935111064383], [-73.81481852561, 40.693244500176]]]}}, {"type": "Feature", "properties": {"zone_id": "0201EGNNIZQKM4J4UY91J1", "tract_id": "36081015400", "city": "JAMAICA, NY", "zone_code": "R4A", "zone_category": "Residential", "ev_permitted": false}, "geometry": {"type": "Polygon", "coordinates": [[[-73.8149093403321, 40.6932176513859], [-73.81481852561, 40.693244500176], [-73.8149495834024, 40.6935111064383], [-73.815040720647, 40.6934849129448], [-73.8149093403321, 40.6932176513859]]]}}, {"type": "Feature", "properties": {"zone_id": "0203EUQXZFQ4WIWC1LDLZD", "tract_id": "36081015400", "city": "JAMAICA, NY", "zone_code": "R4A", "zone_category": "Residential", "ev_permitted": false}, "geometry": {"type": "Polygon", "coordinates": [[[-73.8149850914317, 40.693195255673], [-73.8149093403321, 40.6932176513859], [-73.815040720647, 40.6934849129448], [-73.8151167391316, 40.6934630635438], [-73.8149850914317, 40.693195255673]]]}}, {"type": "Feature", "properties": {"zone_id": "0200CEW8ZACL6SIFQ9D0AH", "tract_id": "36081015400", "city": "JAMAICA, NY", "zone_code": "R4A", "zone_category": "Residential", "ev_permitted": false}, "geometry": {"type": "Polygon", "coordinates": [[[-73.8173187885035, 40.6928368884894], [-73.8168895321018, 40.6929594694404], [-73.8169231140119, 40.6930245999401], [-73.8173512113058, 40.692902349384], [-73.8173187885035, 40.6928368884894]]]}}, {"type": "Feature", "properties": {"zone_id": "02034UAHTXKQR31LCTX5M3", "tract_id": "36081015400", "city": "JAMAICA, NY", "zone_code": "R4A", "zone_category": "Residential", "ev_permitted": false}, "geometry": {"type": "Polygon", "coordinates": [[[-73.8169231140119, 40.6930245999401], [-73.8165058818829, 40.693143745705], [-73.8165373263518, 40.6932082215403], [-73.816956126657, 40.6930886277494], [-73.8169231140119, 40.6930245999401]]]}}, {"type": "Feature", "properties": {"zone_id": "0201C9AU4Q5Q8GG5YSOYR1", "tract_id": "36081015400", "city": "JAMAICA, NY", "zone_code": "R4A", "zone_category": "Residential", "ev_permitted": false}, "geometry": {"type": "Polygon", "coordinates": [[[-73.8168895321018, 40.6929594694404], [-73.8164738958699, 40.6930781587904], [-73.8165058818829, 40.693143745705], [-73.8169231140119, 40.6930245999401], [-73.8168895321018, 40.6929594694404]]]}}, {"type": "Feature", "properties": {"zone_id": "0203ZIYTIFLSOSDAMFUYS3", "tract_id": "36081015400", "city": "JAMAICA, NY", "zone_code": "R6B", "zone_category": "Residential", "ev_permitted": false}, "geometry": {"type": "Polygon", "coordinates": [[[-73.8165007524082, 40.6927537873246], [-73.8163382267996, 40.6927999761577], [-73.8164738958699, 40.6930781587904], [-73.8166430875623, 40.6930298449964], [-73.8165007524082, 40.6927537873246]]]}}, {"type": "Feature", "properties": {"zone_id": "0206VKHMUZO12FR0VWWVLV", "tract_id": "36081015400", "city": "JAMAICA, NY", "zone_code": "R6B", "zone_category": "Residential", "ev_permitted": false}, "geometry": {"type": "Polygon", "coordinates": [[[-73.8170452337869, 40.69259904259], [-73.816842279313, 40.692656724544], [-73.8169844072313, 40.6929323760291], [-73.8171872384528, 40.6928744540217], [-73.8170452337869, 40.69259904259]]]}}, {"type": "Feature", "properties": {"zone_id": "02041YK0K5AKH5JCQOYSQA", "tract_id": "36081015400", "city": "JAMAICA, NY", "zone_code": "R6B", "zone_category": "Residential", "ev_permitted": false}, "geometry": {"type": "Polygon", "coordinates": [[[-73.816842279313, 40.692656724544], [-73.8165007524082, 40.6927537873246], [-73.8166430875623, 40.6930298449964], [-73.8169844072313, 40.6929323760291], [-73.816842279313, 40.692656724544]]]}}, {"type": "Feature", "properties": {"zone_id": "0205FIUPCZISDC30001DJL", "tract_id": "36081015400", "city": "JAMAICA, NY", "zone_code": "R4A", "zone_category": "Residential", "ev_permitted": false}, "geometry": {"type": "Polygon", "coordinates": [[[-73.8161689275359, 40.6928519452849], [-73.8159430544813, 40.6929162109325], [-73.8160783485224, 40.6931922908885], [-73.8163042223812, 40.6931280251533], [-73.8161689275359, 40.6928519452849]]]}}, {"type": "Feature", "properties": {"zone_id": "02057N4JZMBLPBDCPCMY78", "tract_id": "36081015400", "city": "JAMAICA, NY", "zone_code": "R6B", "zone_category": "Residential", "ev_permitted": false}, "geometry": {"type": "Polygon", "coordinates": [[[-73.8159430544813, 40.6929162109325], [-73.8157186206318, 40.6929800666812], [-73.8158546818467, 40.6932464046604], [-73.8159628115925, 40.6932156399297], [-73.8159669261396, 40.6932239927326], [-73.8160783485224, 40.6931922908885], [-73.8159430544813, 40.6929162109325]]]}}]}