{"type": "FeatureCollection", "features": [{"type": "Feature", "properties": {"zone_id": "0204WKXPFK0E2ID33E06HB", "tract_id": "36081047300", "city": "FLUSHING, NY", "zone_code": "R6B", "zone_category": "Residential", "ev_permitted": false}, "geometry": {"type": "Polygon", "coordinates": [[[-73.8754240880541, 40.7387953231132], [-73.8753579123707, 40.7388130849513], [-73.8754651445108, 40.7390881711041], [-73.8755313241182, 40.739070417641], [-73.8754240880541, 40.7387953231132]]]}}, {"type": "Feature", "properties": {"zone_id": "0200INRFN6EQPIQA86U14P", "tract_id": "36081047300", "city": "FLUSHING, NY", "zone_code": "R6B", "zone_category": "Residential", "ev_permitted": false}, "geometry": {"type": "Polygon", "coordinates": [[[-73.8753579123707, 40.7388130849513], [-73.8752859083001, 40.7388324108788], [-73.8753931374209, 40.7391074872577], [-73.8754651445108, 40.7390881711041], [-73.8753579123707, 40.7388130849513]]]}}, {"type": "Feature", "properties": {"zone_id": "0202SRQ6DNIQ1KIS5P8Q1E", "tract_id": "36081047300", "city": "FLUSHING, NY", "zone_code": "R5", "zone_category": "Residential", "ev_permitted": false}, "geometry": {"type": "Polygon", "coordinates": [[[-73.8752921481091, 40.738848417141], [-73.8752229764898, 40.7388640787524], [-73.8753250405977, 40.7391257541407], [-73.8753931374209, 40.7391074872577], [-73.8752921481091, 40.738848417141]]]}}, {"type": "Feature", "properties": {"zone_id": "02039D46NK9T1K776VYFFS", "tract_id": "36081047300", "city": "FLUSHING, NY", "zone_code": "R6B", "zone_category": "Residential", "ev_permitted": false}, "geometry": {"type": "Polygon", "coordinates": [[[-73.8752229764898, 40.7388640787524], [-73.8751231214835, 40.7388866861985], [-73.87522660631, 40.7391521589682], [-73.8753250405977, 40.7391257541407], [-73.8752229764898, 40.7388640787524]]]}}, {"type": "Feature", "properties": {"zone_id": "020036M9JS65O9EZIAMKIB", "tract_id": "36081047300", "city": "FLUSHING, NY", "zone_code": "R5", "zone_category": "Residential", "ev_permitted": false}, "geometry": {"type": "Polygon", "coordinates": [[[-73.8751231214835, 40.7388866861985], [-73.8750423302496, 40.7389049779709], [-73.8751458184567, 40.739170462059], [-73.87522660631, 40.7391521589682], [-73.8751231214835, 40.7388866861985]]]}}, {"type": "Feature", "properties": {"zone_id": "0204DNKX5P3K8ZYMUP3IY4", "tract_id": "36081047300", "city": "FLUSHING, NY", "zone_code": "R5", "zone_category": "Residential", "ev_permitted": false}, "geometry": {"type": "Polygon", "coordinates": [[[-73.8750423302496, 40.7389049779709], [-73.8749417013454, 40.7389277613138], [-73.8750451073619, 40.739193036011], [-73.8751458184567, 40.739170462059], [-73.8750423302496, 40.7389049779709]]]}}, {"type": "Feature", "properties": {"zone_id": "0200BT4IXV1A7N3N6OHGU1", "tract_id": "36081047300", "city": "FLUSHING, NY", "zone_code": "R6B", "zone_category": "Residential", "ev_permitted": false}, "geometry": {"type": "Polygon", "coordinates": [[[-73.8749417013454, 40.7389277613138], [-73.8748551320048, 40.738947361352], [-73.8749584678363, 40.7392124561699], [-73.8750451073619, 40.739193036011], [-73.8749417013454, 40.7389277613138]]]}}, {"type": "Feature", "properties": {"zone_id": "02027YNTI02WDOSVDZYJ2Q", "tract_id": "36081047300", "city": "FLUSHING, NY", "zone_code": "R5", "zone_category": "Residential", "ev_permitted": false}, "geometry": {"type": "Polygon", "coordinates": [[[-73.8748551320048, 40.738947361352], [-73.8747685635384, 40.7389669606233], [-73.874871829184, 40.7392318762648], [-73.8749584678363, 40.7392124561699], [-73.8748551320048, 40.738947361352]]]}}, {"type": "Feature", "properties": {"zone_id": "02030B7CVYSAPYH1MY1TG6", "tract_id": "36081047300", "city": "", "zone_code": "R5", "zone_category": "Residential", "ev_permitted": false}, "geometry": {"type": "Polygon", "coordinates": [[[-73.8747685635384, 40.7389669606233], [-73.8740768771626, 40.7391235594599], [-73.8741795794957, 40.7393870395745], [-73.874871829184, 40.7392318762648], [-73.8747685635384, 40.7389669606233]]]}}, {"type": "Feature", "properties": {"zone_id": "0206N43WD4Q0DXVSZ8OXGX", "tract_id": "36081047300", "city": "FLUSHING, NY", "zone_code": "R6B", "zone_category": "Residential", "ev_permitted": false}, "geometry": {"type": "Polygon", "coordinates": [[[-73.8743942847697, 40.7389922147661], [-73.8740555706155, 40.7390688996437], [-73.8740768771626, 40.7391235594599], [-73.8744155906451, 40.7390468752219], [-73.8743942847697, 40.7389922147661]]]}}, {"type": "Feature", "properties": {"zone_id": "02055DKKW30WGK58LQ55B1", "tract_id": "36081047300", "city": "FLUSHING, NY", "zone_code": "R6B", "zone_category": "Residential", "ev_permitted": false}, "geometry": {"type": "Polygon", "coordinates": [[[-73.8743740940897, 40.7389404181481], [-73.8740353810993, 40.7390171029678], [-73.8740555706155, 40.7390688996437], [-73.8743942847697, 40.7389922147661], [-73.8743740940897, 40.7389404181481]]]}}, {"type": "Feature", "properties": {"zone_id": "0200K68AUZ5PJZGEU5NFCR", "tract_id": "36081047300", "city": "FLUSHING, NY", "zone_code": "R6B", "zone_category": "Residential", "ev_permitted": false}, "geometry": {"type": "Polygon", "coordinates": [[[-73.8743529234236, 40.7388861056466], [-73.8740142097612, 40.7389627904037], [-73.8740353810993, 40.7390171029678], [-73.8743740940897, 40.7389404181481], [-73.8743529234236, 40.7388861056466]]]}}, {"type": "Feature", "properties": {"zone_id": "0203PZHA2RIV567BL2LTAJ", "tract_id": "36081047300", "city": "FLUSHING, NY", "zone_code": "R5", "zone_category": "Residential", "ev_permitted": false}, "geometry": {"type": "Polygon", "coordinates": [[[-73.8802335636227, 40.7378798635912], [-73.8802201942732, 40.7379947016513], [-73.8805125065589, 40.7379411529552], [-73.8802335636227, 40.7378798635912]]]}}, {"type": "Feature", "properties": {"zone_id": "0205JQSFWMUIQ1NVL5034S", "tract_id": "36081047300", "city": "FLUSHING, NY", "zone_code": "C2-3", "zone_category": "Commercial", "ev_permitted": true}, "geometry": {"type": "Polygon", "coordinates": [[[-73.8807835674924, 40.7376853855658], [-73.8807590514397, 40.7378959873228], [-73.8812585440597, 40.7378044813152], [-73.8812653429861, 40.7377754896598], [-73.8807835674924, 40.7376853855658]]]}}, {"type": "Feature", "properties": {"zone_id": "0201RUQP55XS6KUUN6FS38", "tract_id": "36081047300", "city": "", "zone_code": "R6", "zone_category": "Residential", "ev_permitted": false}, "geometry": {"type": "Polygon", "coordinates": [[[-73.8806642677669, 40.7376630720881], [-73.8806253669037, 40.737788252325], [-73.8806638507792, 40.7379134277399], [-73.8807590514397, 40.7378959873228], [-73.8807835674924, 40.7376853855658], [-73.8806642677669, 40.7376630720881]]]}}, {"type": "Feature", "properties": {"zone_id": "0200SNDPDV76O9RHC7VKSR", "tract_id": "36081047300", "city": "", "zone_code": "R5", "zone_category": "Residential", "ev_permitted": false}, "geometry": {"type": "Polygon", "coordinates": [[[-73.8802674423201, 40.7375888544834], [-73.8802335636227, 40.7378798635912], [-73.8805125065589, 40.7379411529552], [-73.8805475842931, 40.7376412495472], [-73.8802674423201, 40.7375888544834]]]}}, {"type": "Feature", "properties": {"zone_id": "0201NOX271UDGGSTVRXVEG", "tract_id": "36081047300", "city": "FLUSHING, NY", "zone_code": "R6", "zone_category": "Residential", "ev_permitted": false}, "geometry": {"type": "Polygon", "coordinates": [[[-73.8805475842931, 40.7376412495472], [-73.8805125065589, 40.7379411529552], [-73.8806638507792, 40.7379134277399], [-73.8806253669037, 40.737788252325], [-73.8806642677669, 40.7376630720881], [-73.8805475842931, 40.7376412495472]]]}}, {"type": "Feature", "properties": {"zone_id": "0202IYKFTFBTJV7YKARKR4", "tract_id": "36081047300", "city": "FLUSHING, NY", "zone_code": "R5", "zone_category": "Residential", "ev_permitted": false}, "geometry": {"type": "Polygon", "coordinates": [[[-73.8800391292843, 40.7378113480023], [-73.8800133722832, 40.7380325893483], [-73.8801255126656, 40.7380120466019], [-73.880147911202, 40.7378196521407], [-73.8800391292843, 40.7378113480023]]]}}, {"type": "Feature", "properties": {"zone_id": "02054IV82W0J46MCAECDC5", "tract_id": "36081047300", "city": "FLUSHING, NY", "zone_code": "R5", "zone_category": "Residential", "ev_permitted": false}, "geometry": {"type": "Polygon", "coordinates": [[[-73.8799511073388, 40.737804627411], [-73.8799226317908, 40.7380492116906], [-73.8800133722832, 40.7380325893483], [-73.8800391292843, 40.7378113480023], [-73.8799511073388, 40.737804627411]]]}}, {"type": "Feature", "properties": {"zone_id": "0204IX2GDZ338UOUSVB0AJ", "tract_id": "36081047300", "city": "FLUSHING, NY", "zone_code": "R5", "zone_category": "Residential", "ev_permitted": false}, "geometry": {"type": "Polygon", "coordinates": [[[-73.8796709096473, 40.7378141658631], [-73.8796374608198, 40.7381014509793], [-73.8797305495558, 40.7380843991798], [-73.8797613763192, 40.7378196251407], [-73.8796709096473, 40.7378141658631]]]}}, {"type": "Feature", "properties": {"zone_id": "0207BZB6YUXYRVWRPT6YHU", "tract_id": "36081047300", "city": "FLUSHING, NY", "zone_code": "R5", "zone_category": "Residential", "ev_permitted": false}, "geometry": {"type": "Polygon", "coordinates": [[[-73.8797613763192, 40.7378196251407], [-73.8797305495558, 40.7380843991798], [-73.879821695817, 40.7380677029306], [-73.8798499559364, 40.7378249699533], [-73.8797613763192, 40.7378196251407]]]}}, {"type": "Feature", "properties": {"zone_id": "020001XRAQJW6MPULRGKN8", "tract_id": "36081047300", "city": "FLUSHING, NY", "zone_code": "R5", "zone_category": "Residential", "ev_permitted": false}, "geometry": {"type": "Polygon", "coordinates": [[[-73.8798499559364, 40.7378249699533], [-73.879821695817, 40.7380677029306], [-73.8799226317908, 40.7380492116906], [-73.8799479210432, 40.7378308809867], [-73.8798499559364, 40.7378249699533]]]}}, {"type": "Feature", "properties": {"zone_id": "0206B7QSQ0ZBXPAK7WKPIG", "tract_id": "36081047300", "city": "FLUSHING, NY", "zone_code": "R5", "zone_category": "Residential", "ev_permitted": false}, "geometry": {"type": "Polygon", "coordinates": [[[-73.8787545816235, 40.7381009190502], [-73.8788916200875, 40.7382456328664], [-73.8791691491639, 40.7381952817707], [-73.8791779495399, 40.7381242333837], [-73.8787545816235, 40.7381009190502]]]}}, {"type": "Feature", "properties": {"zone_id": "0201YQU5FKDJLJBT5WTNQI", "tract_id": "36081047300", "city": "FLUSHING, NY", "zone_code": "R5", "zone_category": "Residential", "ev_permitted": false}, "geometry": {"type": "Polygon", "coordinates": [[[-73.8794180416063, 40.737936624684], [-73.8793936506412, 40.7381461132695], [-73.879550919189, 40.738117304494], [-73.8795708816, 40.7379458481901], [-73.8794180416063, 40.737936624684]]]}}, {"type": "Feature", "properties": {"zone_id": "0201N278X9CP33LBSGHP8R", "tract_id": "36081047300", "city": "FLUSHING, NY", "zone_code": "R5", "zone_category": "Residential", "ev_permitted": false}, "geometry": {"type": "Polygon", "coordinates": [[[-73.879586804345, 40.737809090493], [-73.879550919189, 40.738117304494], [-73.8796374608198, 40.7381014509793], [-73.8796709096473, 40.7378141658631], [-73.879586804345, 40.737809090493]]]}}, {"type": "Feature", "properties": {"zone_id": "0203AIZIZGNZIC03AMM5O5", "tract_id": "36081047300", "city": "FLUSHING, NY", "zone_code": "R5", "zone_category": "Residential", "ev_permitted": false}, "geometry": {"type": "Polygon", "coordinates": [[[-73.8788461325575, 40.7379608858655], [-73.8788376684253, 40.7380292181099], [-73.8791873339546, 40.7380484735885], [-73.8791957977306, 40.7379801413186], [-73.8788461325575, 40.7379608858655]]]}}, {"type": "Feature", "properties": {"zone_id": "0205T2TDRS81MVBVZLNFBG", "tract_id": "36081047300", "city": "FLUSHING, NY", "zone_code": "R5", "zone_category": "Residential", "ev_permitted": false}, "geometry": {"type": "Polygon", "coordinates": [[[-73.87885462667, 40.7378923133427], [-73.8788461325575, 40.7379608858655], [-73.8791957977306, 40.7379801413186], [-73.8792042914871, 40.7379115680675], [-73.87885462667, 40.7378923133427]]]}}, {"type": "Feature", "properties": {"zone_id": "0203L8O40NZ1NXEMKD26FG", "tract_id": "36081047300", "city": "FLUSHING, NY", "zone_code": "R5", "zone_category": "Residential", "ev_permitted": false}, "geometry": {"type": "Polygon", "coordinates": [[[-73.8783829963383, 40.737925356891], [-73.8783329678166, 40.7383469834285], [-73.8788916200875, 40.7382456328664], [-73.8786300194396, 40.7379693600158], [-73.8783973272615, 40.7379565454145], [-73.8783829963383, 40.737925356891]]]}}, {"type": "Feature", "properties": {"zone_id": "02049U8DGQ7HLZHYYAFQEK", "tract_id": "36081047300", "city": "FLUSHING, NY", "zone_code": "R5", "zone_category": "Residential", "ev_permitted": false}, "geometry": {"type": "Polygon", "coordinates": [[[-73.8786783767659, 40.7380204463723], [-73.8787545816235, 40.7381009190502], [-73.8791779495399, 40.7381242333837], [-73.8791873339546, 40.7380484735885], [-73.8786783767659, 40.7380204463723]]]}}, {"type": "Feature", "properties": {"zone_id": "0204X2S7GVEBSTC5M6FJH3", "tract_id": "36081047300", "city": "FLUSHING, NY", "zone_code": "R5", "zone_category": "Residential", "ev_permitted": false}, "geometry": {"type": "Polygon", "coordinates": [[[-73.878389539404, 40.7378702185539], [-73.8783829963383, 40.737925356891], [-73.8783973272615, 40.7379565454145], [-73.8786300194396, 40.7379693600158], [-73.8786783767659, 40.7380204463723], [-73.8788376684253, 40.7380292181099], [-73.878854194456, 40.7378958072027], [-73.878389539404, 40.7378702185539]]]}}, {"type": "Feature", "properties": {"zone_id": "0203NQ4B77RSEYWM07RSOL", "tract_id": "36081047300", "city": "FLUSHING, NY", "zone_code": "R7A", "zone_category": "Residential", "ev_permitted": false}, "geometry": {"type": "Polygon", "coordinates": [[[-73.8781690361842, 40.7381720156995], [-73.8774373245748, 40.738332692375], [-73.877513811948, 40.7384960502153], [-73.8781443144473, 40.7383828766601], [-73.8781690361842, 40.7381720156995]]]}}, {"type": "Feature", "properties": {"zone_id": "02043EZOM4UEAJPJLYSL1V", "tract_id": "36081047300", "city": "FLUSHING, NY", "zone_code": "R7A", "zone_category": "Residential", "ev_permitted": false}, "geometry": {"type": "Polygon", "coordinates": [[[-73.8776125268378, 40.7377155022275], [-73.8777150406492, 40.737897368897], [-73.8777417969387, 40.7378978772197], [-73.8777392052004, 40.7379696607478], [-73.8773183361707, 40.7379616617141], [-73.8773234038149, 40.7380014101115], [-73.8773290111321, 40.7380325311546], [-73.8773377530893, 40.7380720473719], [-73.8773481333708, 40.7381113187005], [-73.8773601455556, 40.7381503219454], [-73.8773737638726, 40.7381890071899], [-73.8773890013024, 40.7382273498544], [-73.8774373245748, 40.738332692375], [-73.8781690361842, 40.7381720156995], [-73.8781858047273, 40.7380289871732], [-73.8778292988239, 40.7380047887428], [-73.8778531671284, 40.7377318359171], [-73.877782889499, 40.7377270662], [-73.8777794161038, 40.737741166954], [-73.8776125268378, 40.7377155022275]]]}}, {"type": "Feature", "properties": {"zone_id": "020506E7PBLR24SNSI3LUO", "tract_id": "36081047300", "city": "FLUSHING, NY", "zone_code": "R7A", "zone_category": "Residential", "ev_permitted": false}, "geometry": {"type": "Polygon", "coordinates": [[[-73.8778352876181, 40.7379363035768], [-73.8778292988239, 40.7380047887428], [-73.8781858047273, 40.7380289871732], [-73.878193816903, 40.7379606404449], [-73.8778352876181, 40.7379363035768]]]}}, {"type": "Feature", "properties": {"zone_id": "02056ZW1PKDD8UW9L8BNM7", "tract_id": "36081047300", "city": "FLUSHING, NY", "zone_code": "R7A", "zone_category": "Residential", "ev_permitted": false}, "geometry": {"type": "Polygon", "coordinates": [[[-73.8778401582911, 40.7378805992626], [-73.8778352876181, 40.7379363035768], [-73.878193816903, 40.7379606404449], [-73.8782003350941, 40.7379050474731], [-73.8778401582911, 40.7378805992626]]]}}, {"type": "Feature", "properties": {"zone_id": "0204TH71YZNNBI8QTLYC6E", "tract_id": "36081047300", "city": "FLUSHING, NY", "zone_code": "R6", "zone_category": "Residential", "ev_permitted": false}, "geometry": {"type": "Polygon", "coordinates": [[[-73.8797984557614, 40.7375011373511], [-73.8797613763192, 40.7378196251407], [-73.8799479210432, 40.7378308809867], [-73.8799511073388, 40.737804627411], [-73.880147911202, 40.7378196521407], [-73.8801255126656, 40.7380120466019], [-73.8802201942732, 40.7379947016513], [-73.8802674423201, 40.7375888544834], [-73.8797984557614, 40.7375011373511]]]}}, {"type": "Feature", "properties": {"zone_id": "0201J2LDX5R6MQS26M9CMO", "tract_id": "36081047300", "city": "FLUSHING, NY", "zone_code": "C2-3", "zone_category": "Commercial", "ev_permitted": true}, "geometry": {"type": "Polygon", "coordinates": [[[-73.8796317658875, 40.7374699597227], [-73.8796151500363, 40.7376132292871], [-73.8796978852863, 40.7376182218732], [-73.8797133413398, 40.7374852176118], [-73.8796317658875, 40.7374699597227]]]}}, {"type": "Feature", "properties": {"zone_id": "0204DX68YLOMIPOMFTVMZT", "tract_id": "36081047300", "city": "FLUSHING, NY", "zone_code": "C2-3", "zone_category": "Commercial", "ev_permitted": true}, "geometry": {"type": "Polygon", "coordinates": [[[-73.8797133413398, 40.7374852176118], [-73.8796978852863, 40.7376182218732], [-73.879784217795, 40.7376234312358], [-73.8797984557614, 40.7375011373511], [-73.8797133413398, 40.7374852176118]]]}}, {"type": "Feature", "properties": {"zone_id": "0201WULXC7GVGWAULIGNLU", "tract_id": "36081047300", "city": "FLUSHING, NY", "zone_code": "R5", "zone_category": "Residential", "ev_permitted": false}, "geometry": {"type": "Polygon", "coordinates": [[[-73.8794492842899, 40.7376682921981], [-73.8794418187297, 40.7377324081852], [-73.8797692300582, 40.7377521655933], [-73.879776694383, 40.7376880488816], [-73.8794492842899, 40.7376682921981]]]}}, {"type": "Feature", "properties": {"zone_id": "0200XRQ0F31ZYDBRE1BD1T", "tract_id": "36081047300", "city": "FLUSHING, NY", "zone_code": "R5", "zone_category": "Residential", "ev_permitted": false}, "geometry": {"type": "Polygon", "coordinates": [[[-73.8794418187297, 40.7377324081852], [-73.8794339646616, 40.7377998677105], [-73.8797613763192, 40.7378196251407], [-73.8797692300582, 40.7377521655933], [-73.8794418187297, 40.7377324081852]]]}}, {"type": "Feature", "properties": {"zone_id": "0201MP1Q96ZE7K0PFMX5PS", "tract_id": "36081047300", "city": "FLUSHING, NY", "zone_code": "R6", "zone_category": "Residential", "ev_permitted": false}, "geometry": {"type": "Polygon", "coordinates": [[[-73.8794568070935, 40.7376036745726], [-73.8794492842899, 40.7376682921981], [-73.879776694383, 40.7376880488816], [-73.879784217795, 40.7376234312358], [-73.8794568070935, 40.7376036745726]]]}}, {"type": "Feature", "properties": {"zone_id": "0203MT52HL4Q0UIP9O1YN0", "tract_id": "36081047300", "city": "FLUSHING, NY", "zone_code": "R5", "zone_category": "Residential", "ev_permitted": false}, "geometry": {"type": "Polygon", "coordinates": [[[-73.8794339646616, 40.7377998677105], [-73.8794180416063, 40.737936624684], [-73.8795708816, 40.7379458481901], [-73.879586804345, 40.737809090493], [-73.8794339646616, 40.7377998677105]]]}}, {"type": "Feature", "properties": {"zone_id": "0204HAOQW7GEJ1FU1C7N9R", "tract_id": "36081047300", "city": "FLUSHING, NY", "zone_code": "R5", "zone_category": "Residential", "ev_permitted": false}, "geometry": {"type": "Polygon", "coordinates": [[[-73.8787583074791, 40.7376078346262], [-73.878747217137, 40.7376750820102], [-73.8792302882766, 40.7377016834947], [-73.879238636648, 40.737634284929], [-73.8787583074791, 40.7376078346262]]]}}, {"type": "Feature", "properties": {"zone_id": "020425NSMLHT01WNZHEN71", "tract_id": "36081047300", "city": "FLUSHING, NY", "zone_code": "R5", "zone_category": "Residential", "ev_permitted": false}, "geometry": {"type": "Polygon", "coordinates": [[[-73.8788630907674, 40.7378239810958], [-73.87885462667, 40.7378923133427], [-73.8792042914871, 40.7379115680675], [-73.879212755227, 40.7378432364978], [-73.8788630907674, 40.7378239810958]]]}}, {"type": "Feature", "properties": {"zone_id": "020174IG5ZXTTBKQ8JSX23", "tract_id": "36081047300", "city": "FLUSHING, NY", "zone_code": "R5", "zone_category": "Residential", "ev_permitted": false}, "geometry": {"type": "Polygon", "coordinates": [[[-73.8788715548474, 40.7377556488476], [-73.8788630907674, 40.7378239810958], [-73.879212755227, 40.7378432364978], [-73.8792212189521, 40.7377749035214], [-73.8788715548474, 40.7377556488476]]]}}, {"type": "Feature", "properties": {"zone_id": "02042Z7V95TT5MOCQPJIA4", "tract_id": "36081047300", "city": "FLUSHING, NY", "zone_code": "R5", "zone_category": "Residential", "ev_permitted": false}, "geometry": {"type": "Polygon", "coordinates": [[[-73.8788806245548, 40.7376824281457], [-73.8788715548474, 40.7377556488476], [-73.8792212189521, 40.7377749035214], [-73.8792302882766, 40.7377016834947], [-73.8788806245548, 40.7376824281457]]]}}, {"type": "Feature", "properties": {"zone_id": "0202E4F4RFHL0GNI1QIRRV", "tract_id": "36081047300", "city": "FLUSHING, NY", "zone_code": "C2-3", "zone_category": "Commercial", "ev_permitted": true}, "geometry": {"type": "Polygon", "coordinates": [[[-73.879475773056, 40.7374407826225], [-73.8794568070935, 40.7376036745726], [-73.8795324147977, 40.7376082371685], [-73.8795501904725, 40.7374547017758], [-73.879475773056, 40.7374407826225]]]}}, {"type": "Feature", "properties": {"zone_id": "0206EOO3NN32LODDMVSNKN", "tract_id": "36081047300", "city": "FLUSHING, NY", "zone_code": "C2-3", "zone_category": "Commercial", "ev_permitted": true}, "geometry": {"type": "Polygon", "coordinates": [[[-73.8795501904725, 40.7374547017758], [-73.8795324147977, 40.7376082371685], [-73.8796151500363, 40.7376132292871], [-73.8796317658875, 40.7374699597227], [-73.8795501904725, 40.7374547017758]]]}}, {"type": "Feature", "properties": {"zone_id": "02079AGRF46BY4RYZT17QO", "tract_id": "36081047300", "city": "ELMHURST, NY", "zone_code": "C2-3", "zone_category": "Commercial", "ev_permitted": true}, "geometry": {"type": "Polygon", "coordinates": [[[-73.8788974363794, 40.7375466980548], [-73.8788870076825, 40.7376149219638], [-73.879238636648, 40.737634284929], [-73.8792471003188, 40.7375659526515], [-73.8788974363794, 40.7375466980548]]]}}, {"type": "Feature", "properties": {"zone_id": "020230HCLPH8NVJ7VM9YFS", "tract_id": "36081047300", "city": "", "zone_code": "C2-3", "zone_category": "Commercial", "ev_permitted": true}, "geometry": {"type": "Polygon", "coordinates": [[[-73.8789654436547, 40.7373472009917], [-73.8789383034504, 40.7374851497708], [-73.8792549489789, 40.7375025861098], [-73.8792671053717, 40.7374044411402], [-73.8789654436547, 40.7373472009917]]]}}, {"type": "Feature", "properties": {"zone_id": "0200TZH0HDA8M8645CPAPH", "tract_id": "36081047300", "city": "FLUSHING, NY", "zone_code": "R6", "zone_category": "Residential", "ev_permitted": false}, "geometry": {"type": "Polygon", "coordinates": [[[-73.8789052853697, 40.7374833315367], [-73.8788974363794, 40.7375466980548], [-73.8792471003188, 40.7375659526515], [-73.8792549489789, 40.7375025861098], [-73.8789052853697, 40.7374833315367]]]}}, {"type": "Feature", "properties": {"zone_id": "0205BI2C7OEPKEGRPS96Y3", "tract_id": "36081047300", "city": "FLUSHING, NY", "zone_code": "R5", "zone_category": "Residential", "ev_permitted": false}, "geometry": {"type": "Polygon", "coordinates": [[[-73.8784088711599, 40.7377072913335], [-73.878402578608, 40.737760328992], [-73.8788678018887, 40.7377859484014], [-73.8788743693292, 40.7377329264656], [-73.8784088711599, 40.7377072913335]]]}}, {"type": "Feature", "properties": {"zone_id": "02045C0FGL2XAQ9WV1XGU3", "tract_id": "36081047300", "city": "FLUSHING, NY", "zone_code": "R5", "zone_category": "Residential", "ev_permitted": false}, "geometry": {"type": "Polygon", "coordinates": [[[-73.8783958554174, 40.7378169912041], [-73.878389539404, 40.7378702185539], [-73.878854194456, 40.7378958072027], [-73.8788607844337, 40.7378425955747], [-73.8783958554174, 40.7378169912041]]]}}, {"type": "Feature", "properties": {"zone_id": "02010HZ0GH7KTCA1SFRR5B", "tract_id": "36081047300", "city": "FLUSHING, NY", "zone_code": "R5", "zone_category": "Residential", "ev_permitted": false}, "geometry": {"type": "Polygon", "coordinates": [[[-73.878402578608, 40.737760328992], [-73.8783958554174, 40.7378169912041], [-73.8788607844337, 40.7378425955747], [-73.8788678018887, 40.7377859484014], [-73.878402578608, 40.737760328992]]]}}, {"type": "Feature", "properties": {"zone_id": "02057DLPTYHJ1UHTH1LPZC", "tract_id": "36081047300", "city": "FLUSHING, NY", "zone_code": "R5", "zone_category": "Residential", "ev_permitted": false}, "geometry": {"type": "Polygon", "coordinates": [[[-73.8784155455331, 40.7376510450414], [-73.8784088711599, 40.7377072913335], [-73.8788743693292, 40.7377329264656], [-73.8788806245548, 40.7376824281457], [-73.878747217137, 40.7376750820102], [-73.8787481596336, 40.7376693626694], [-73.8784155455331, 40.7376510450414]]]}}, {"type": "Feature", "properties": {"zone_id": "0205KF5JZTSYG173SKQGDG", "tract_id": "36081047300", "city": "FLUSHING, NY", "zone_code": "R5", "zone_category": "Residential", "ev_permitted": false}, "geometry": {"type": "Polygon", "coordinates": [[[-73.8784218239771, 40.7375981338448], [-73.8784155455331, 40.7376510450414], [-73.8787481596336, 40.7376693626694], [-73.8787565775628, 40.7376183241813], [-73.8784218239771, 40.7375981338448]]]}}, {"type": "Feature", "properties": {"zone_id": "0203IQ3EBLR06V66AXMGAT", "tract_id": "36081047300", "city": "FLUSHING, NY", "zone_code": "C2-3", "zone_category": "Commercial", "ev_permitted": true}, "geometry": {"type": "Polygon", "coordinates": [[[-73.8786361579055, 40.7372847189828], [-73.8785217662592, 40.7373391414479], [-73.8784970218773, 40.7375378732126], [-73.8787720085188, 40.7375247717672], [-73.8788062778066, 40.7373169990389], [-73.8786361579055, 40.7372847189828]]]}}, {"type": "Feature", "properties": {"zone_id": "02037710R6IFZRRUBYEGHT", "tract_id": "36081047300", "city": "FLUSHING, NY", "zone_code": "R5", "zone_category": "Residential", "ev_permitted": false}, "geometry": {"type": "Polygon", "coordinates": [[[-73.8788062778066, 40.7373169990389], [-73.8787583074791, 40.7376078346262], [-73.8788365871526, 40.7376121454273], [-73.8788826735356, 40.737331495304], [-73.8788062778066, 40.7373169990389]]]}}, {"type": "Feature", "properties": {"zone_id": "02070U5ZMD8DRL5DZ182D0", "tract_id": "36081047300", "city": "FLUSHING, NY", "zone_code": "R6", "zone_category": "Residential", "ev_permitted": false}, "geometry": {"type": "Polygon", "coordinates": [[[-73.8787720085188, 40.7375247717672], [-73.8784285874622, 40.7375411336938], [-73.8784218239771, 40.7375981338448], [-73.8787565775628, 40.7376183241813], [-73.8787720085188, 40.7375247717672]]]}}, {"type": "Feature", "properties": {"zone_id": "02008OC5XS68ZH6Y3EGGDO", "tract_id": "36081047300", "city": "", "zone_code": "C2-3", "zone_category": "Commercial", "ev_permitted": true}, "geometry": {"type": "Polygon", "coordinates": [[[-73.8788826735356, 40.737331495304], [-73.8788365871526, 40.7376121454273], [-73.8788870076825, 40.7376149219638], [-73.8788974363794, 40.7375466980548], [-73.8789052853697, 40.7374833315367], [-73.8789383034504, 40.7374851497708], [-73.8789654436547, 40.7373472009917], [-73.8788826735356, 40.737331495304]]]}}, {"type": "Feature", "properties": {"zone_id": "0206ECL60F73CUX8LKTZKE", "tract_id": "36081047300", "city": "FLUSHING, NY", "zone_code": "R5", "zone_category": "Residential", "ev_permitted": false}, "geometry": {"type": "Polygon", "coordinates": [[[-73.878462913221, 40.7372518437399], [-73.8784285874622, 40.7375411336938], [-73.8784970218773, 40.7375378732126], [-73.8785217662592, 40.7373391414479], [-73.8786361579055, 40.7372847189828], [-73.878462913221, 40.7372518437399]]]}}, {"type": "Feature", "properties": {"zone_id": "02039KSYYPG1XGVFCI7JU9", "tract_id": "36081047300", "city": "", "zone_code": "C1-2", "zone_category": "Commercial", "ev_permitted": true}, "geometry": {"type": "Polygon", "coordinates": [[[-73.877571757349, 40.7370818158491], [-73.8773926806697, 40.7375436358963], [-73.8778121797092, 40.7376081486394], [-73.877782889499, 40.7377270662], [-73.8778531671284, 40.7377318359171], [-73.8778508327769, 40.7377585266896], [-73.8778762445349, 40.7377602519629], [-73.8779371339127, 40.73759304824], [-73.8782303537798, 40.7376489929536], [-73.8782809840178, 40.7372171335535], [-73.877571757349, 40.7370818158491]]]}}, {"type": "Feature", "properties": {"zone_id": "0205TON01J17UX8QRB6UTD", "tract_id": "36081047300", "city": "FLUSHING, NY", "zone_code": "C1-2", "zone_category": "Commercial", "ev_permitted": true}, "geometry": {"type": "Polygon", "coordinates": [[[-73.8778449496765, 40.7378258125342], [-73.8778401582911, 40.7378805992626], [-73.8782003350941, 40.7379050474731], [-73.8782067453667, 40.7378503699489], [-73.8778449496765, 40.7378258125342]]]}}, {"type": "Feature", "properties": {"zone_id": "0202GXWF6YGMUCILWHBIQK", "tract_id": "36081047300", "city": "FLUSHING, NY", "zone_code": "R7A", "zone_category": "Residential", "ev_permitted": false}, "geometry": {"type": "Polygon", "coordinates": [[[-73.8778508327769, 40.7377585266896], [-73.8778449496765, 40.7378258125342], [-73.8782067453667, 40.7378503699489], [-73.8782146185923, 40.7377832203986], [-73.8778508327769, 40.7377585266896]]]}}, {"type": "Feature", "properties": {"zone_id": "0202OEBWFZZLEGPQ6N3549", "tract_id": "36081047300", "city": "FLUSHING, NY", "zone_code": "R5", "zone_category": "Residential", "ev_permitted": false}, "geometry": {"type": "Polygon", "coordinates": [[[-73.8778969582177, 40.7377033678191], [-73.8778762445349, 40.7377602519629], [-73.8782146185923, 40.7377832203986], [-73.8782213976456, 40.7377253911419], [-73.8778969582177, 40.7377033678191]]]}}, {"type": "Feature", "properties": {"zone_id": "0204DZD1TC99OH5QCQGDJB", "tract_id": "36081047300", "city": "FLUSHING, NY", "zone_code": "R5", "zone_category": "Residential", "ev_permitted": false}, "geometry": {"type": "Polygon", "coordinates": [[[-73.8779371339127, 40.73759304824], [-73.8778969582177, 40.7377033678191], [-73.8782213976456, 40.7377253911419], [-73.8782303537798, 40.7376489929536], [-73.8779371339127, 40.73759304824]]]}}, {"type": "Feature", "properties": {"zone_id": "0202F37GYA1HTH7OC4D515", "tract_id": "36081047300", "city": "FLUSHING, NY", "zone_code": "R7A", "zone_category": "Residential", "ev_permitted": false}, "geometry": {"type": "Polygon", "coordinates": [[[-73.8773926806697, 40.7375436358963], [-73.8773607003557, 40.7376280732004], [-73.8773455214567, 40.7376744408504], [-73.8777794161038, 40.737741166954], [-73.8778121797092, 40.7376081486394], [-73.8773926806697, 40.7375436358963]]]}}, {"type": "Feature", "properties": {"zone_id": "02001FU93OQ8T1NU1WA3YH", "tract_id": "36081047300", "city": "FLUSHING, NY", "zone_code": "R7A", "zone_category": "Residential", "ev_permitted": false}, "geometry": {"type": "Polygon", "coordinates": [[[-73.8771259562663, 40.7383029178376], [-73.8764004011854, 40.7385419035372], [-73.8765230952789, 40.7388043652038], [-73.8772329232846, 40.7385744965172], [-73.8771259562663, 40.7383029178376]]]}}, {"type": "Feature", "properties": {"zone_id": "02020HCN4P9B7C1MJRJJF7", "tract_id": "36081047300", "city": "FLUSHING, NY", "zone_code": "R7A", "zone_category": "Residential", "ev_permitted": false}, "geometry": {"type": "Polygon", "coordinates": [[[-73.8773144870843, 40.7378897568004], [-73.8773162063006, 40.7379388877275], [-73.8773183361707, 40.7379616617141], [-73.8777392052004, 40.7379696607478], [-73.8777417969387, 40.7378978772197], [-73.8773144870843, 40.7378897568004]]]}}, {"type": "Feature", "properties": {"zone_id": "0205O88DDATEVPFJ4N8OEB", "tract_id": "36081047300", "city": "FLUSHING, NY", "zone_code": "R7A", "zone_category": "Residential", "ev_permitted": false}, "geometry": {"type": "Polygon", "coordinates": [[[-73.8769657298555, 40.7379381533676], [-73.8767914246665, 40.7380561750545], [-73.8762681028445, 40.7382588941439], [-73.8764004011854, 40.7385419035372], [-73.8771259562663, 40.7383029178376], [-73.8770822181684, 40.738196611115], [-73.87705519182, 40.738126622194], [-73.8769657298555, 40.7379381533676]]]}}, {"type": "Feature", "properties": {"zone_id": "0201A34ZBW803F9SKVZIXT", "tract_id": "36081047300", "city": "FLUSHING, NY", "zone_code": "R7B", "zone_category": "Residential", "ev_permitted": false}, "geometry": {"type": "Polygon", "coordinates": [[[-73.8764990178936, 40.7381508309009], [-73.8764305325364, 40.7381936188288], [-73.8764323816804, 40.7381952573017], [-73.876513634898, 40.7381637831984], [-73.8764990178936, 40.7381508309009]]]}}, {"type": "Feature", "properties": {"zone_id": "0207EZGZZQ0DMQQGF8MQMO", "tract_id": "36081047300", "city": "FLUSHING, NY", "zone_code": "R7A", "zone_category": "Residential", "ev_permitted": false}, "geometry": {"type": "Polygon", "coordinates": [[[-73.8767563467207, 40.7378100528802], [-73.8764569671667, 40.7380049640331], [-73.8765040884286, 40.7380467186892], [-73.8768163415806, 40.7378434265389], [-73.8767966060543, 40.7378309121802], [-73.8767563467207, 40.7378100528802]]]}}, {"type": "Feature", "properties": {"zone_id": "02025PX2DDYVLN6AQRYAOF", "tract_id": "36081047300", "city": "FLUSHING, NY", "zone_code": "R7A", "zone_category": "Residential", "ev_permitted": false}, "geometry": {"type": "Polygon", "coordinates": [[[-73.8768163415806, 40.7378434265389], [-73.8765040884286, 40.7380467186892], [-73.8765989176929, 40.7381307471326], [-73.8767914246665, 40.7380561750545], [-73.8769657298555, 40.7379381533676], [-73.8768163415806, 40.7378434265389]]]}}, {"type": "Feature", "properties": {"zone_id": "0206KM4UKLC7TUOV3U17V7", "tract_id": "36081047300", "city": "FLUSHING, NY", "zone_code": "R7B", "zone_category": "Residential", "ev_permitted": false}, "geometry": {"type": "Polygon", "coordinates": [[[-73.8761918397078, 40.7379418490983], [-73.8761365410021, 40.7379778471976], [-73.8763972536486, 40.7382088652093], [-73.8764323816804, 40.7381952573017], [-73.8764305325364, 40.7381936188288], [-73.876457180335, 40.7381769691453], [-73.8761918397078, 40.7379418490983]]]}}, {"type": "Feature", "properties": {"zone_id": "020099439JJB8MEPMQ1KJ3", "tract_id": "36081047300", "city": "FLUSHING, NY", "zone_code": "R7A", "zone_category": "Residential", "ev_permitted": false}, "geometry": {"type": "Polygon", "coordinates": [[[-73.8763036217248, 40.7378690846821], [-73.8762476701644, 40.7379055072415], [-73.8765313851663, 40.7381569077568], [-73.8765989176929, 40.7381307471326], [-73.8763036217248, 40.7378690846821]]]}}, {"type": "Feature", "properties": {"zone_id": "0204FZ69Y5WTIVI1CDXQ65", "tract_id": "36081047300", "city": "FLUSHING, NY", "zone_code": "R7B", "zone_category": "Residential", "ev_permitted": false}, "geometry": {"type": "Polygon", "coordinates": [[[-73.8761365410021, 40.7379778471976], [-73.8760830078711, 40.7380126948121], [-73.8763326394453, 40.7382338940576], [-73.8763972536486, 40.7382088652093], [-73.8761365410021, 40.7379778471976]]]}}, {"type": "Feature", "properties": {"zone_id": "0205M7DK3FJAQ5O1185F0O", "tract_id": "36081047300", "city": "FLUSHING, NY", "zone_code": "R7B", "zone_category": "Residential", "ev_permitted": false}, "geometry": {"type": "Polygon", "coordinates": [[[-73.8762476701644, 40.7379055072415], [-73.8761918397078, 40.7379418490983], [-73.876457180335, 40.7381769691453], [-73.8764990178936, 40.7381508309009], [-73.876513634898, 40.7381637831984], [-73.8765313851663, 40.7381569077568], [-73.8762476701644, 40.7379055072415]]]}}, {"type": "Feature", "properties": {"zone_id": "0205AJI3BJBBQAVZHYF1IY", "tract_id": "36081047300", "city": "FLUSHING, NY", "zone_code": "R7B", "zone_category": "Residential", "ev_permitted": false}, "geometry": {"type": "Polygon", "coordinates": [[[-73.8760227071897, 40.7380519478042], [-73.8755938143824, 40.7383311351609], [-73.8757358722892, 40.7384607573493], [-73.875643436734, 40.7385006999021], [-73.8758339198186, 40.7389893491756], [-73.8765230952789, 40.7388043652038], [-73.8762681028445, 40.7382588941439], [-73.8762619857728, 40.7382612639585], [-73.8760227071897, 40.7380519478042]]]}}, {"type": "Feature", "properties": {"zone_id": "0203P55B0A047Z0KV428DH", "tract_id": "36081047300", "city": "", "zone_code": "R6B", "zone_category": "Residential", "ev_permitted": false}, "geometry": {"type": "Polygon", "coordinates": [[[-73.8755691716561, 40.7385294237144], [-73.8753740852772, 40.7386011515181], [-73.8754473432081, 40.7387890812666], [-73.8754240880541, 40.7387953231132], [-73.8755313241182, 40.739070417641], [-73.8758339198186, 40.7389893491756], [-73.8757000791946, 40.7386460073323], [-73.8756223478999, 40.7386658367151], [-73.8755691716561, 40.7385294237144]]]}}, {"type": "Feature", "properties": {"zone_id": "0202QQ5HAEX8XHI9XN5M8Y", "tract_id": "36081047300", "city": "FLUSHING, NY", "zone_code": "R6B", "zone_category": "Residential", "ev_permitted": false}, "geometry": {"type": "Polygon", "coordinates": [[[-73.8755067666004, 40.7383877975332], [-73.8754082858405, 40.7384519033673], [-73.8755150513952, 40.7385493228008], [-73.8755691716561, 40.7385294237144], [-73.8756223478999, 40.7386658367151], [-73.8756623595963, 40.7386556295568], [-73.8756111403869, 40.7385367471763], [-73.8756125168351, 40.7384842917853], [-73.8755067666004, 40.7383877975332]]]}}, {"type": "Feature", "properties": {"zone_id": "0203PFH62KQ1MLWU7BJOLA", "tract_id": "36081047300", "city": "FLUSHING, NY", "zone_code": "R7B", "zone_category": "Residential", "ev_permitted": false}, "geometry": {"type": "Polygon", "coordinates": [[[-73.8755938143824, 40.7383311351609], [-73.8755067666004, 40.7383877975332], [-73.8756125168351, 40.7384842917853], [-73.8756111403869, 40.7385367471763], [-73.8756623595963, 40.7386556295568], [-73.8757000791946, 40.7386460073323], [-73.875643436734, 40.7385006999021], [-73.8757358722892, 40.7384607573493], [-73.8755938143824, 40.7383311351609]]]}}, {"type": "Feature", "properties": {"zone_id": "02043RMYVF7WIJGXXMOCWV", "tract_id": "36081047300", "city": "FLUSHING, NY", "zone_code": "R6B", "zone_category": "Residential", "ev_permitted": false}, "geometry": {"type": "Polygon", "coordinates": [[[-73.8752722987296, 40.7385404223801], [-73.8752241523233, 40.7385717621412], [-73.8752086362809, 40.7385752754792], [-73.8753066934779, 40.7388102589286], [-73.8752859083001, 40.7388324108788], [-73.8753766275999, 40.7388080615315], [-73.8752722987296, 40.7385404223801]]]}}, {"type": "Feature", "properties": {"zone_id": "02071PWX68HE85U3UFW495", "tract_id": "36081047300", "city": "FLUSHING, NY", "zone_code": "R6B", "zone_category": "Residential", "ev_permitted": false}, "geometry": {"type": "Polygon", "coordinates": [[[-73.8752086362809, 40.7385752754792], [-73.8751359699114, 40.7385917274302], [-73.8752405814824, 40.7388600928549], [-73.8752921481091, 40.738848417141], [-73.8752859083001, 40.7388324108788], [-73.8753066934779, 40.7388102589286], [-73.8752086362809, 40.7385752754792]]]}}, {"type": "Feature", "properties": {"zone_id": "0204NXAB7RFLXMK6O676VQ", "tract_id": "36081047300", "city": "FLUSHING, NY", "zone_code": "R6B", "zone_category": "Residential", "ev_permitted": false}, "geometry": {"type": "Polygon", "coordinates": [[[-73.8750668773085, 40.7386073709405], [-73.8749971885769, 40.7386231493751], [-73.8751017987158, 40.7388915142211], [-73.8751714867796, 40.7388757357227], [-73.8750668773085, 40.7386073709405]]]}}, {"type": "Feature", "properties": {"zone_id": "0205KXL3MHUVX1LML1ZSI7", "tract_id": "36081047300", "city": "FLUSHING, NY", "zone_code": "R6B", "zone_category": "Residential", "ev_permitted": false}, "geometry": {"type": "Polygon", "coordinates": [[[-73.8749282770501, 40.7386387508394], [-73.8748545005996, 40.7386554543638], [-73.8749591102144, 40.7389238193381], [-73.8750328878597, 40.7389071157483], [-73.8749282770501, 40.7386387508394]]]}}, {"type": "Feature", "properties": {"zone_id": "0202QM2JTF0Z0EJ3YZB38Q", "tract_id": "36081047300", "city": "FLUSHING, NY", "zone_code": "R6B", "zone_category": "Residential", "ev_permitted": false}, "geometry": {"type": "Polygon", "coordinates": [[[-73.8749971885769, 40.7386231493751], [-73.8749282770501, 40.7386387508394], [-73.8750328878597, 40.7389071157483], [-73.8751017987158, 40.7388915142211], [-73.8749971885769, 40.7386231493751]]]}}, {"type": "Feature", "properties": {"zone_id": "0201PB2ZH0SYRP0C12T6XJ", "tract_id": "36081047300", "city": "FLUSHING, NY", "zone_code": "R6B", "zone_category": "Residential", "ev_permitted": false}, "geometry": {"type": "Polygon", "coordinates": [[[-73.8751359699114, 40.7385917274302], [-73.8750668773085, 40.7386073709405], [-73.8751714867796, 40.7388757357227], [-73.8752405814824, 40.7388600928549], [-73.8751359699114, 40.7385917274302]]]}}, {"type": "Feature", "properties": {"zone_id": "0201I7L29EAYUJM7OHS4BT", "tract_id": "36081047300", "city": "FLUSHING, NY", "zone_code": "R6B", "zone_category": "Residential", "ev_permitted": false}, "geometry": {"type": "Polygon", "coordinates": [[[-73.8748545005996, 40.7386554543638], [-73.8747825733987, 40.7386717396626], [-73.874887184597, 40.7389401047036], [-73.8749591102144, 40.7389238193381], [-73.8748545005996, 40.7386554543638]]]}}, {"type": "Feature", "properties": {"zone_id": "020191BYVL4YVJV70CVLHU", "tract_id": "36081047300", "city": "FLUSHING, NY", "zone_code": "R6B", "zone_category": "Residential", "ev_permitted": false}, "geometry": {"type": "Polygon", "coordinates": [[[-73.8753346036558, 40.7384998657124], [-73.8752722987296, 40.7385404223801], [-73.8753766275999, 40.7388080615315], [-73.8754473432081, 40.7387890812666], [-73.8753346036558, 40.7384998657124]]]}}, {"type": "Feature", "properties": {"zone_id": "02022UW8X589LBL2XNXUOZ", "tract_id": "36081047300", "city": "FLUSHING, NY", "zone_code": "R7B", "zone_category": "Residential", "ev_permitted": false}, "geometry": {"type": "Polygon", "coordinates": [[[-73.8754082858405, 40.7384519033673], [-73.8753346036558, 40.7384998657124], [-73.8753740852772, 40.7386011515181], [-73.8755150513952, 40.7385493228008], [-73.8754082858405, 40.7384519033673]]]}}, {"type": "Feature", "properties": {"zone_id": "0204T2OIYZ1AUO0TP630QF", "tract_id": "36081047300", "city": "FLUSHING, NY", "zone_code": "R7B", "zone_category": "Residential", "ev_permitted": false}, "geometry": {"type": "Polygon", "coordinates": [[[-73.8760830078711, 40.7380126948121], [-73.8760227071897, 40.7380519478042], [-73.8762619857728, 40.7382612639585], [-73.8763326394453, 40.7382338940576], [-73.8760830078711, 40.7380126948121]]]}}, {"type": "Feature", "properties": {"zone_id": "02030FKDC8YZ4LZSS14H4R", "tract_id": "36081047300", "city": "FLUSHING, NY", "zone_code": "R6B", "zone_category": "Residential", "ev_permitted": false}, "geometry": {"type": "Polygon", "coordinates": [[[-73.8755504242653, 40.7377856048754], [-73.8754902076457, 40.7378248007656], [-73.8757263682607, 40.7380423076553], [-73.8757865849393, 40.7380031109402], [-73.8755504242653, 40.7377856048754]]]}}, {"type": "Feature", "properties": {"zone_id": "02035V4EN98DD2YCSTOTZ9", "tract_id": "36081047300", "city": "FLUSHING, NY", "zone_code": "R6B", "zone_category": "Residential", "ev_permitted": false}, "geometry": {"type": "Polygon", "coordinates": [[[-73.8754387470089, 40.737858297707], [-73.8753804096625, 40.7378962701377], [-73.8756165710962, 40.7381137772514], [-73.8756749084998, 40.7380758039995], [-73.8754387470089, 40.737858297707]]]}}, {"type": "Feature", "properties": {"zone_id": "0201E84NDQTB1HHAG1CQLQ", "tract_id": "36081047300", "city": "FLUSHING, NY", "zone_code": "R6B", "zone_category": "Residential", "ev_permitted": false}, "geometry": {"type": "Polygon", "coordinates": [[[-73.8754902076457, 40.7378248007656], [-73.8754387470089, 40.737858297707], [-73.8756749084998, 40.7380758039995], [-73.8757263682607, 40.7380423076553], [-73.8754902076457, 40.7378248007656]]]}}, {"type": "Feature", "properties": {"zone_id": "02002YF8OH7PXZVIVJZX54", "tract_id": "36081047300", "city": "FLUSHING, NY", "zone_code": "R6B", "zone_category": "Residential", "ev_permitted": false}, "geometry": {"type": "Polygon", "coordinates": [[[-73.8751061546093, 40.7380747880809], [-73.8750360131833, 40.73812044374], [-73.8752721733648, 40.7383379508493], [-73.875342314858, 40.7382922950478], [-73.8751061546093, 40.7380747880809]]]}}, {"type": "Feature", "properties": {"zone_id": "02065HS4BPONRPKVCKCFKG", "tract_id": "36081047300", "city": "FLUSHING, NY", "zone_code": "R6B", "zone_category": "Residential", "ev_permitted": false}, "geometry": {"type": "Polygon", "coordinates": [[[-73.8751700195179, 40.7380332171493], [-73.8751061546093, 40.7380747880809], [-73.875342314858, 40.7382922950478], [-73.8754061807515, 40.7382507239876], [-73.8751700195179, 40.7380332171493]]]}}, {"type": "Feature", "properties": {"zone_id": "0203UVI79X0HDQ3QFN1YOI", "tract_id": "36081047300", "city": "FLUSHING, NY", "zone_code": "R6B", "zone_category": "Residential", "ev_permitted": false}, "geometry": {"type": "Polygon", "coordinates": [[[-73.8749345152361, 40.7381811351989], [-73.8749270590637, 40.7381827874806], [-73.875032297865, 40.7384562831908], [-73.8751203517932, 40.7384367731636], [-73.8751488372743, 40.7384182321142], [-73.8749994510428, 40.7382946574486], [-73.8749345152361, 40.7381811351989]]]}}, {"type": "Feature", "properties": {"zone_id": "02034EZKRYA6JSNJKLNTZN", "tract_id": "36081047300", "city": "FLUSHING, NY", "zone_code": "R6B", "zone_category": "Residential", "ev_permitted": false}, "geometry": {"type": "Polygon", "coordinates": [[[-73.8748379851323, 40.7382025246155], [-73.8747566353393, 40.7382205492742], [-73.8748618734995, 40.7384940458414], [-73.8749432235979, 40.738476021109], [-73.8748379851323, 40.7382025246155]]]}}, {"type": "Feature", "properties": {"zone_id": "02034MK2RHBPZNU1V4KDY0", "tract_id": "36081047300", "city": "FLUSHING, NY", "zone_code": "R6B", "zone_category": "Residential", "ev_permitted": false}, "geometry": {"type": "Polygon", "coordinates": [[[-73.8750360131833, 40.73812044374], [-73.874977735496, 40.7381583773845], [-73.8752138965456, 40.7383758846132], [-73.8752721733648, 40.7383379508493], [-73.8750360131833, 40.73812044374]]]}}, {"type": "Feature", "properties": {"zone_id": "0203DZV38CU021MDF8N29C", "tract_id": "36081047300", "city": "FLUSHING, NY", "zone_code": "R6B", "zone_category": "Residential", "ev_permitted": false}, "geometry": {"type": "Polygon", "coordinates": [[[-73.8749270590637, 40.7381827874806], [-73.8748379851323, 40.7382025246155], [-73.8749432235979, 40.738476021109], [-73.875032297865, 40.7384562831908], [-73.8749270590637, 40.7381827874806]]]}}, {"type": "Feature", "properties": {"zone_id": "0200KNCOI4D1ZOOTBLQ4JO", "tract_id": "36081047300", "city": "FLUSHING, NY", "zone_code": "R6B", "zone_category": "Residential", "ev_permitted": false}, "geometry": {"type": "Polygon", "coordinates": [[[-73.8753255804118, 40.7379319598898], [-73.8752683333992, 40.7379692230574], [-73.875504494727, 40.738186729696], [-73.8755617417944, 40.7381494664121], [-73.8753255804118, 40.7379319598898]]]}}, {"type": "Feature", "properties": {"zone_id": "0204XHKHA3THHHO0JOAPZA", "tract_id": "36081047300", "city": "FLUSHING, NY", "zone_code": "R6B", "zone_category": "Residential", "ev_permitted": false}, "geometry": {"type": "Polygon", "coordinates": [[[-73.874977735496, 40.7381583773845], [-73.8749470330642, 40.7381783620535], [-73.8749345152361, 40.7381811351989], [-73.8749994510428, 40.7382946574486], [-73.8751488372743, 40.7384182321142], [-73.8752138965456, 40.7383758846132], [-73.874977735496, 40.7381583773845]]]}}, {"type": "Feature", "properties": {"zone_id": "0203B2AJP0QB9EN6WQP5H4", "tract_id": "36081047300", "city": "FLUSHING, NY", "zone_code": "R6B", "zone_category": "Residential", "ev_permitted": false}, "geometry": {"type": "Polygon", "coordinates": [[[-73.8753804096625, 40.7378962701377], [-73.8753255804118, 40.7379319598898], [-73.8755617417944, 40.7381494664121], [-73.8756165710962, 40.7381137772514], [-73.8753804096625, 40.7378962701377]]]}}, {"type": "Feature", "properties": {"zone_id": "02073P9U8TWY4WQPXQ3P7F", "tract_id": "36081047300", "city": "", "zone_code": "R6B", "zone_category": "Residential", "ev_permitted": false}, "geometry": {"type": "Polygon", "coordinates": [[[-73.8752683333992, 40.7379692230574], [-73.8751700195179, 40.7380332171493], [-73.8754061807515, 40.7382507239876], [-73.875504494727, 40.738186729696], [-73.8752683333992, 40.7379692230574]]]}}, {"type": "Feature", "properties": {"zone_id": "0200QHFR5U0JQ3RUJ8H4H2", "tract_id": "36081047300", "city": "FLUSHING, NY", "zone_code": "R6B", "zone_category": "Residential", "ev_permitted": false}, "geometry": {"type": "Polygon", "coordinates": [[[-73.8750147832477, 40.7377784619764], [-73.8749392531892, 40.7378273327109], [-73.8751657852908, 40.7380359733002], [-73.8752411291377, 40.7379869307683], [-73.8750147832477, 40.7377784619764]]]}}, {"type": "Feature", "properties": {"zone_id": "0200TFHUFXBA4AUE5KN564", "tract_id": "36081047300", "city": "FLUSHING, NY", "zone_code": "R6B", "zone_category": "Residential", "ev_permitted": false}, "geometry": {"type": "Polygon", "coordinates": [[[-73.8748091612037, 40.7379115081365], [-73.874773631065, 40.7379344976958], [-73.8747381441731, 40.7379423323779], [-73.8748382402039, 40.7382024672748], [-73.8749470330642, 40.7381783620535], [-73.8750360131833, 40.73812044374], [-73.8748091612037, 40.7379115081365]]]}}, {"type": "Feature", "properties": {"zone_id": "0206QUZNUNIOIYIEGOCJBE", "tract_id": "36081047300", "city": "FLUSHING, NY", "zone_code": "R6B", "zone_category": "Residential", "ev_permitted": false}, "geometry": {"type": "Polygon", "coordinates": [[[-73.874879475013, 40.7378660116023], [-73.8748091612037, 40.7379115081365], [-73.8750360131833, 40.73812044374], [-73.8751061546093, 40.7380747880809], [-73.874879475013, 40.7378660116023]]]}}, {"type": "Feature", "properties": {"zone_id": "0205GLRDB4FX40KEGFOJ2W", "tract_id": "36081047300", "city": "FLUSHING, NY", "zone_code": "R6B", "zone_category": "Residential", "ev_permitted": false}, "geometry": {"type": "Polygon", "coordinates": [[[-73.8749392531892, 40.7378273327109], [-73.874879475013, 40.7378660116023], [-73.8751061546093, 40.7380747880809], [-73.8751657852908, 40.7380359733002], [-73.8749392531892, 40.7378273327109]]]}}, {"type": "Feature", "properties": {"zone_id": "0205306Q4B8RZZICVMGIKM", "tract_id": "36081047300", "city": "", "zone_code": "C1-2", "zone_category": "Commercial", "ev_permitted": true}, "geometry": {"type": "Polygon", "coordinates": [[[-73.8761584428151, 40.7368859433245], [-73.8760553285517, 40.7370031726659], [-73.875977286615, 40.7369711240576], [-73.8757936515343, 40.7371846274487], [-73.8760348828472, 40.7373080372126], [-73.8765889802328, 40.7375479005112], [-73.8766908406419, 40.7373284516846], [-73.8767954320388, 40.7373537545966], [-73.8768280536351, 40.7373045128336], [-73.8768400017127, 40.7372780024045], [-73.876857637047, 40.7372821866161], [-73.876907005626, 40.7371569049945], [-73.8768978520533, 40.7371468837479], [-73.8765948894747, 40.737013789574], [-73.8763671136731, 40.7368953920209], [-73.8763168611185, 40.7369525139966], [-73.8761584428151, 40.7368859433245]]]}}, {"type": "Feature", "properties": {"zone_id": "0203MCIPHHSF0J3DFP6QM2", "tract_id": "36081047300", "city": "FLUSHING, NY", "zone_code": "R7A", "zone_category": "Residential", "ev_permitted": false}, "geometry": {"type": "Polygon", "coordinates": [[[-73.8773455214567, 40.7376744408504], [-73.8773333221782, 40.7377200535045], [-73.8773244895493, 40.7377654343533], [-73.8776471323441, 40.7377768957378], [-73.8776125268378, 40.7377155022275], [-73.8773455214567, 40.7376744408504]]]}}, {"type": "Feature", "properties": {"zone_id": "02067R0EIIRD8PVDK1S5EZ", "tract_id": "36081047300", "city": "FLUSHING, NY", "zone_code": "R7A", "zone_category": "Residential", "ev_permitted": false}, "geometry": {"type": "Polygon", "coordinates": [[[-73.8773244895493, 40.7377654343533], [-73.8773179411937, 40.7378134399516], [-73.8773154844512, 40.7378447737424], [-73.8773144870843, 40.7378897568004], [-73.8777150406492, 40.737897368897], [-73.8776471323441, 40.7377768957378], [-73.8773244895493, 40.7377654343533]]]}}, {"type": "Feature", "properties": {"zone_id": "0207KZVABVIAQNY3AAPEKN", "tract_id": "36081047300", "city": "FLUSHING, NY", "zone_code": "C1-2", "zone_category": "Commercial", "ev_permitted": true}, "geometry": {"type": "Polygon", "coordinates": [[[-73.8768184237824, 40.7373192625542], [-73.8767954320388, 40.7373537545966], [-73.8766908406419, 40.7373284516846], [-73.8765889802328, 40.7375479005112], [-73.8766779735726, 40.737586424174], [-73.8770986201282, 40.7376170536902], [-73.8771532843211, 40.7374783343802], [-73.8768104956212, 40.7373954080781], [-73.8768377570276, 40.7373239397424], [-73.8768184237824, 40.7373192625542]]]}}, {"type": "Feature", "properties": {"zone_id": "02003L2WJ2XQRLU1Z1WL2O", "tract_id": "36081047300", "city": "FLUSHING, NY", "zone_code": "R7A", "zone_category": "Residential", "ev_permitted": false}, "geometry": {"type": "Polygon", "coordinates": [[[-73.8766948120012, 40.7377781685801], [-73.8764101613754, 40.7379634900562], [-73.8764569671667, 40.7380049640331], [-73.8767563467207, 40.7378100528802], [-73.8766948120012, 40.7377781685801]]]}}, {"type": "Feature", "properties": {"zone_id": "02041PVYR0D6IAOQW8KBGP", "tract_id": "36081047300", "city": "FLUSHING, NY", "zone_code": "R6B", "zone_category": "Residential", "ev_permitted": false}, "geometry": {"type": "Polygon", "coordinates": [[[-73.8761853919284, 40.7375520022598], [-73.8760657598203, 40.7376298741643], [-73.876187594797, 40.737742083275], [-73.8763633401438, 40.7376276841334], [-73.8761853919284, 40.7375520022598]]]}}, {"type": "Feature", "properties": {"zone_id": "020642XM8ZSOWZ3KUHPKGE", "tract_id": "36081047300", "city": "FLUSHING, NY", "zone_code": "R7A", "zone_category": "Residential", "ev_permitted": false}, "geometry": {"type": "Polygon", "coordinates": [[[-73.8766322566238, 40.7377457554579], [-73.8763625800218, 40.7379213280285], [-73.8764101613754, 40.7379634900562], [-73.8766948120012, 40.7377781685801], [-73.8766322566238, 40.7377457554579]]]}}, {"type": "Feature", "properties": {"zone_id": "0205TGTMI0DA8MHD50NFWF", "tract_id": "36081047300", "city": "FLUSHING, NY", "zone_code": "R7A", "zone_category": "Residential", "ev_permitted": false}, "geometry": {"type": "Polygon", "coordinates": [[[-73.8765547615748, 40.7377056019764], [-73.8763036217248, 40.7378690846821], [-73.8763625800218, 40.7379213280285], [-73.8766322566238, 40.7377457554579], [-73.8765547615748, 40.7377056019764]]]}}, {"type": "Feature", "properties": {"zone_id": "0206BSHOM6ERTR1K9B20WV", "tract_id": "36081047300", "city": "", "zone_code": "C1-2", "zone_category": "Commercial", "ev_permitted": true}, "geometry": {"type": "Polygon", "coordinates": [[[-73.8771719881601, 40.7368002035359], [-73.8768307976911, 40.737099875943], [-73.8768712625439, 40.737117776549], [-73.876907005626, 40.7371569049945], [-73.876857637047, 40.7372821866161], [-73.8768400017127, 40.7372780024045], [-73.8768280536351, 40.7373045128336], [-73.8768184237824, 40.7373192625542], [-73.8768377570276, 40.7373239397424], [-73.8768104956212, 40.7373954080781], [-73.8771532843211, 40.7374783343802], [-73.8773687016166, 40.7369316667689], [-73.8771719881601, 40.7368002035359]]]}}, {"type": "Feature", "properties": {"zone_id": "0205EJXJBC0XKA3A306MVP", "tract_id": "36081047300", "city": "FLUSHING, NY", "zone_code": "C1-2", "zone_category": "Commercial", "ev_permitted": true}, "geometry": {"type": "Polygon", "coordinates": [[[-73.8762827416607, 40.7368367068099], [-73.8762713960459, 40.7368456380444], [-73.8765948894747, 40.737013789574], [-73.8768978520533, 40.7371468837479], [-73.8768712625439, 40.737117776549], [-73.8767125248829, 40.7370475559951], [-73.8767053332512, 40.737052609537], [-73.8762827416607, 40.7368367068099]]]}}, {"type": "Feature", "properties": {"zone_id": "02063SR0TUJW8S30462T3S", "tract_id": "36081047300", "city": "FLUSHING, NY", "zone_code": "R6B", "zone_category": "Residential", "ev_permitted": false}, "geometry": {"type": "Polygon", "coordinates": [[[-73.8760657598203, 40.7376298741643], [-73.8759086191826, 40.7377321622247], [-73.876030453158, 40.7378443714991], [-73.876187594797, 40.737742083275], [-73.8760657598203, 40.7376298741643]]]}}, {"type": "Feature", "properties": {"zone_id": "0201FA4Z55JCFBYTXR5R8O", "tract_id": "36081047300", "city": "FLUSHING, NY", "zone_code": "R6B", "zone_category": "Residential", "ev_permitted": false}, "geometry": {"type": "Polygon", "coordinates": [[[-73.8754388836387, 40.737504046129], [-73.8753599922169, 40.7375550931481], [-73.8755854900137, 40.7377627796992], [-73.8756606020176, 40.7377138877125], [-73.8755997480175, 40.737652204566], [-73.8754388836387, 40.737504046129]]]}}, {"type": "Feature", "properties": {"zone_id": "02015JTY2WT6GN3VJVJLJT", "tract_id": "36081047300", "city": "FLUSHING, NY", "zone_code": "R6B", "zone_category": "Residential", "ev_permitted": false}, "geometry": {"type": "Polygon", "coordinates": [[[-73.8757942904043, 40.737626865225], [-73.8755504242653, 40.7377856048754], [-73.8757865849393, 40.7380031109402], [-73.876030453158, 40.7378443714991], [-73.8757942904043, 40.737626865225]]]}}, {"type": "Feature", "properties": {"zone_id": "02061VTCKZOUB0TWHXU214", "tract_id": "36081047300", "city": "FLUSHING, NY", "zone_code": "R6B", "zone_category": "Residential", "ev_permitted": false}, "geometry": {"type": "Polygon", "coordinates": [[[-73.8760941140585, 40.7375131813443], [-73.8758461258616, 40.7376746055542], [-73.8759086191826, 40.7377321622247], [-73.8761853919284, 40.7375520022598], [-73.8760941140585, 40.7375131813443]]]}}, {"type": "Feature", "properties": {"zone_id": "02074UQEB4852IBZ5NM1OR", "tract_id": "36081047300", "city": "", "zone_code": "R6B", "zone_category": "Residential", "ev_permitted": false}, "geometry": {"type": "Polygon", "coordinates": [[[-73.8760184061579, 40.7374809820987], [-73.8757942904043, 40.737626865225], [-73.8758461258616, 40.7376746055542], [-73.8760941140585, 40.7375131813443], [-73.8760184061579, 40.7374809820987]]]}}, {"type": "Feature", "properties": {"zone_id": "0200IXZCDAA4FUB81UL9IS", "tract_id": "36081047300", "city": "FLUSHING, NY", "zone_code": "R6B", "zone_category": "Residential", "ev_permitted": false}, "geometry": {"type": "Polygon", "coordinates": [[[-73.8758563351203, 40.7374065366193], [-73.8756072979151, 40.7375686407643], [-73.8756647520894, 40.7376215566947], [-73.8759351266282, 40.7374455627996], [-73.8758563351203, 40.7374065366193]]]}}, {"type": "Feature", "properties": {"zone_id": "0201WOHUCMEDZCG2P6P15P", "tract_id": "36081047300", "city": "FLUSHING, NY", "zone_code": "R6B", "zone_category": "Residential", "ev_permitted": false}, "geometry": {"type": "Polygon", "coordinates": [[[-73.8759351266282, 40.7374455627996], [-73.8756647520894, 40.7376215566947], [-73.8757217710826, 40.7376740709089], [-73.8760184061579, 40.7374809820987], [-73.8759351266282, 40.7374455627996]]]}}, {"type": "Feature", "properties": {"zone_id": "0206YP0U2Q98Y3YMAGN6B3", "tract_id": "36081047300", "city": "FLUSHING, NY", "zone_code": "R6B", "zone_category": "Residential", "ev_permitted": false}, "geometry": {"type": "Polygon", "coordinates": [[[-73.8754966088345, 40.7374666948569], [-73.8754388836387, 40.737504046129], [-73.8755997480175, 40.737652204566], [-73.8756606020176, 40.7377138877125], [-73.8757217710826, 40.7376740709089], [-73.8754966088345, 40.7374666948569]]]}}, {"type": "Feature", "properties": {"zone_id": "0205700SMSU1BCF9DM2C8O", "tract_id": "36081047300", "city": "FLUSHING, NY", "zone_code": "R6B", "zone_category": "Residential", "ev_permitted": false}, "geometry": {"type": "Polygon", "coordinates": [[[-73.8757052821091, 40.7373316706687], [-73.8756065614987, 40.7373955487601], [-73.8756675696307, 40.737451737994], [-73.8757885919997, 40.7373729608699], [-73.8757052821091, 40.7373316706687]]]}}, {"type": "Feature", "properties": {"zone_id": "02016CW37AAZKD0GXTKHAP", "tract_id": "36081047300", "city": "FLUSHING, NY", "zone_code": "R6B", "zone_category": "Residential", "ev_permitted": false}, "geometry": {"type": "Polygon", "coordinates": [[[-73.8757885919997, 40.7373729608699], [-73.8756675696307, 40.737451737994], [-73.8757169804285, 40.7374972455305], [-73.8758563351203, 40.7374065366193], [-73.8757885919997, 40.7373729608699]]]}}, {"type": "Feature", "properties": {"zone_id": "0202PCV62MZOJCG2XCPTR4", "tract_id": "36081047300", "city": "FLUSHING, NY", "zone_code": "R6B", "zone_category": "Residential", "ev_permitted": false}, "geometry": {"type": "Polygon", "coordinates": [[[-73.8756065614987, 40.7373955487601], [-73.8755515842721, 40.7374311218207], [-73.8756621387393, 40.73753294316], [-73.8757169804285, 40.7374972455305], [-73.8756065614987, 40.7373955487601]]]}}, {"type": "Feature", "properties": {"zone_id": "0201STBE7LJ8D2RRDOQ3X6", "tract_id": "36081047300", "city": "FLUSHING, NY", "zone_code": "R6B", "zone_category": "Residential", "ev_permitted": false}, "geometry": {"type": "Polygon", "coordinates": [[[-73.8755515842721, 40.7374311218207], [-73.8754966088345, 40.7374666948569], [-73.8756072979151, 40.7375686407643], [-73.8756621387393, 40.73753294316], [-73.8755515842721, 40.7374311218207]]]}}, {"type": "Feature", "properties": {"zone_id": "0200YMD5OC5QMAKY874GYT", "tract_id": "36081047300", "city": "FLUSHING, NY", "zone_code": "R6B", "zone_category": "Residential", "ev_permitted": false}, "geometry": {"type": "Polygon", "coordinates": [[[-73.8753599922169, 40.7375550931481], [-73.8752984942255, 40.7375948862165], [-73.8755241432058, 40.7378027114738], [-73.8755854900137, 40.7377627796992], [-73.8753599922169, 40.7375550931481]]]}}, {"type": "Feature", "properties": {"zone_id": "0206ZKNNZ2XOMA1BNEHN8X", "tract_id": "36081047300", "city": "FLUSHING, NY", "zone_code": "R6B", "zone_category": "Residential", "ev_permitted": false}, "geometry": {"type": "Polygon", "coordinates": [[[-73.8752984942255, 40.7375948862165], [-73.875243764541, 40.7376302991917], [-73.8754695481092, 40.7378382490711], [-73.8755241432058, 40.7378027114738], [-73.8752984942255, 40.7375948862165]]]}}, {"type": "Feature", "properties": {"zone_id": "020294PXME6EYDBBU6FSKM", "tract_id": "36081047300", "city": "FLUSHING, NY", "zone_code": "R6B", "zone_category": "Residential", "ev_permitted": false}, "geometry": {"type": "Polygon", "coordinates": [[[-73.8751300292003, 40.737703891708], [-73.8750715424029, 40.7377417352348], [-73.8752977490948, 40.7379500758819], [-73.875356092086, 40.7379120992833], [-73.8751300292003, 40.737703891708]]]}}, {"type": "Feature", "properties": {"zone_id": "0201QGS3CVBN8CYIH00BMC", "tract_id": "36081047300", "city": "FLUSHING, NY", "zone_code": "R6B", "zone_category": "Residential", "ev_permitted": false}, "geometry": {"type": "Polygon", "coordinates": [[[-73.8751849227123, 40.7376683728633], [-73.8751300292003, 40.737703891708], [-73.875356092086, 40.7379120992833], [-73.8754108510103, 40.737876455816], [-73.8751849227123, 40.7376683728633]]]}}, {"type": "Feature", "properties": {"zone_id": "0204JCNTYAHY0ZFH20DTCA", "tract_id": "36081047300", "city": "FLUSHING, NY", "zone_code": "R6B", "zone_category": "Residential", "ev_permitted": false}, "geometry": {"type": "Polygon", "coordinates": [[[-73.875243764541, 40.7376302991917], [-73.8751849227123, 40.7376683728633], [-73.8754108510103, 40.737876455816], [-73.8754695481092, 40.7378382490711], [-73.875243764541, 40.7376302991917]]]}}, {"type": "Feature", "properties": {"zone_id": "0202M36S4GWFTOGJH6H9NI", "tract_id": "36081047300", "city": "FLUSHING, NY", "zone_code": "R6B", "zone_category": "Residential", "ev_permitted": false}, "geometry": {"type": "Polygon", "coordinates": [[[-73.8750715424029, 40.7377417352348], [-73.8750147832477, 40.7377784619764], [-73.8752411291377, 40.7379869307683], [-73.8752977490948, 40.7379500758819], [-73.8750715424029, 40.7377417352348]]]}}, {"type": "Feature", "properties": {"zone_id": "0203FQA9930CZ0HM58AM9J", "tract_id": "36081047300", "city": "FLUSHING, NY", "zone_code": "R6B", "zone_category": "Residential", "ev_permitted": false}, "geometry": {"type": "Polygon", "coordinates": [[[-73.8748402377995, 40.7374080443579], [-73.8747294973959, 40.7374265345341], [-73.8749313230468, 40.7376149655911], [-73.875008260145, 40.7375649138153], [-73.8748402377995, 40.7374080443579]]]}}, {"type": "Feature", "properties": {"zone_id": "0203RW2FISUBLK26KNU0KR", "tract_id": "36081047300", "city": "FLUSHING, NY", "zone_code": "R6B", "zone_category": "Residential", "ev_permitted": false}, "geometry": {"type": "Polygon", "coordinates": [[[-73.8750335789504, 40.7373757627411], [-73.8749282767502, 40.7373933448523], [-73.8750694229479, 40.7375251233486], [-73.8751425816229, 40.7374775301978], [-73.8750335789504, 40.7373757627411]]]}}, {"type": "Feature", "properties": {"zone_id": "0202XHU91RUJN2TSFVW9S1", "tract_id": "36081047300", "city": "FLUSHING, NY", "zone_code": "R6B", "zone_category": "Residential", "ev_permitted": false}, "geometry": {"type": "Polygon", "coordinates": [[[-73.8750632351486, 40.7373139716087], [-73.8749456980608, 40.737390435798], [-73.8750335789504, 40.7373757627411], [-73.8751425816229, 40.7374775301978], [-73.8751990642784, 40.7374407848234], [-73.8750632351486, 40.7373139716087]]]}}, {"type": "Feature", "properties": {"zone_id": "02019DTGVPMTQO7S0NV1WL", "tract_id": "36081047300", "city": "FLUSHING, NY", "zone_code": "R6B", "zone_category": "Residential", "ev_permitted": false}, "geometry": {"type": "Polygon", "coordinates": [[[-73.8749282767502, 40.7373933448523], [-73.8748402377995, 40.7374080443579], [-73.875008260145, 40.7375649138153], [-73.8750694229479, 40.7375251233486], [-73.8749282767502, 40.7373933448523]]]}}, {"type": "Feature", "properties": {"zone_id": "020455F1681OI1ZBFZ4Q8Q", "tract_id": "36081047300", "city": "FLUSHING, NY", "zone_code": "R6B", "zone_category": "Residential", "ev_permitted": false}, "geometry": {"type": "Polygon", "coordinates": [[[-73.8754447452034, 40.7371940821944], [-73.8752022234554, 40.7373520728349], [-73.8752569240437, 40.7374031436193], [-73.8755193639407, 40.7372324085169], [-73.8754447452034, 40.7371940821944]]]}}, {"type": "Feature", "properties": {"zone_id": "020788A6K7NKWOEDVLTMPQ", "tract_id": "36081047300", "city": "FLUSHING, NY", "zone_code": "R6B", "zone_category": "Residential", "ev_permitted": false}, "geometry": {"type": "Polygon", "coordinates": [[[-73.8753834280348, 40.7371625881024], [-73.8751589180339, 40.7373116427731], [-73.8752022234554, 40.7373520728349], [-73.8754447452034, 40.7371940821944], [-73.8753834280348, 40.7371625881024]]]}}, {"type": "Feature", "properties": {"zone_id": "0204P3PHHM1E8P4N7KEK2I", "tract_id": "36081047300", "city": "FLUSHING, NY", "zone_code": "R6B", "zone_category": "Residential", "ev_permitted": false}, "geometry": {"type": "Polygon", "coordinates": [[[-73.8752277935579, 40.7370826518095], [-73.8751786369983, 40.7370935930207], [-73.8751598551955, 40.7372458237639], [-73.8753280607315, 40.7371341506547], [-73.8752277935579, 40.7370826518095]]]}}, {"type": "Feature", "properties": {"zone_id": "02049SAPZSNTCII7YD0O1U", "tract_id": "36081047300", "city": "FLUSHING, NY", "zone_code": "R6B", "zone_category": "Residential", "ev_permitted": false}, "geometry": {"type": "Polygon", "coordinates": [[[-73.8753280607315, 40.7371341506547], [-73.8751598551955, 40.7372458237639], [-73.8751524767702, 40.737305629475], [-73.8751589180339, 40.7373116427731], [-73.8753834280348, 40.7371625881024], [-73.8753280607315, 40.7371341506547]]]}}, {"type": "Feature", "properties": {"zone_id": "0204OR9KL3LCZCV9SQZWJ4", "tract_id": "36081047300", "city": "FLUSHING, NY", "zone_code": "R6B", "zone_category": "Residential", "ev_permitted": false}, "geometry": {"type": "Polygon", "coordinates": [[[-73.8750418300995, 40.7371240425768], [-73.8749815263437, 40.7371374646363], [-73.8750530344471, 40.7373206083832], [-73.87510530134, 40.7372866044651], [-73.8750418300995, 40.7371240425768]]]}}, {"type": "Feature", "properties": {"zone_id": "0207BAHYDB2TNMB4NOPF6N", "tract_id": "36081047300", "city": "FLUSHING, NY", "zone_code": "R6B", "zone_category": "Residential", "ev_permitted": false}, "geometry": {"type": "Polygon", "coordinates": [[[-73.8748278885697, 40.737171660504], [-73.8747504000736, 40.7371889072988], [-73.8748362218318, 40.7374087145443], [-73.8749152900048, 40.7373955132011], [-73.8748278885697, 40.737171660504]]]}}, {"type": "Feature", "properties": {"zone_id": "0206DLMRWNEC61ACTWX8HE", "tract_id": "36081047300", "city": "FLUSHING, NY", "zone_code": "R6B", "zone_category": "Residential", "ev_permitted": false}, "geometry": {"type": "Polygon", "coordinates": [[[-73.8749815263437, 40.7371374646363], [-73.8749042837518, 40.7371546569943], [-73.8749860838048, 40.7373641630188], [-73.8750530344471, 40.7373206083832], [-73.8749815263437, 40.7371374646363]]]}}, {"type": "Feature", "properties": {"zone_id": "0204YL6NJ4ME12FUVJCYMV", "tract_id": "36081047300", "city": "FLUSHING, NY", "zone_code": "R6B", "zone_category": "Residential", "ev_permitted": false}, "geometry": {"type": "Polygon", "coordinates": [[[-73.8749042837518, 40.7371546569943], [-73.8748278885697, 40.737171660504], [-73.8749152900048, 40.7373955132011], [-73.8749456980608, 40.737390435798], [-73.8749860838048, 40.7373641630188], [-73.8749042837518, 40.7371546569943]]]}}, {"type": "Feature", "properties": {"zone_id": "02037K53HXEH36350XR98L", "tract_id": "36081047300", "city": "FLUSHING, NY", "zone_code": "R6B", "zone_category": "Residential", "ev_permitted": false}, "geometry": {"type": "Polygon", "coordinates": [[[-73.8751591460494, 40.7372515756511], [-73.8750632351486, 40.7373139716087], [-73.8751990642784, 40.7374407848234], [-73.8752569240437, 40.7374031436193], [-73.8751524767702, 40.737305629475], [-73.8751591460494, 40.7372515756511]]]}}, {"type": "Feature", "properties": {"zone_id": "02077HLXPVZDJNI19PXNQG", "tract_id": "36081047300", "city": "FLUSHING, NY", "zone_code": "R6B", "zone_category": "Residential", "ev_permitted": false}, "geometry": {"type": "Polygon", "coordinates": [[[-73.8751786369983, 40.7370935930207], [-73.8750418300995, 40.7371240425768], [-73.87510530134, 40.7372866044651], [-73.8751591460494, 40.7372515756511], [-73.8751786369983, 40.7370935930207]]]}}, {"type": "Feature", "properties": {"zone_id": "020547E852PZX3W4LZN5KX", "tract_id": "36081047300", "city": "FLUSHING, NY", "zone_code": "R6B", "zone_category": "Residential", "ev_permitted": false}, "geometry": {"type": "Polygon", "coordinates": [[[-73.8747795113563, 40.7368661472749], [-73.8748367727173, 40.7370131668102], [-73.8749964911933, 40.7369775328671], [-73.8747795113563, 40.7368661472749]]]}}, {"type": "Feature", "properties": {"zone_id": "0200NCQF5V8XTHY42TSK56", "tract_id": "36081047300", "city": "FLUSHING, NY", "zone_code": "R6B", "zone_category": "Residential", "ev_permitted": false}, "geometry": {"type": "Polygon", "coordinates": [[[-73.8746369675681, 40.7387047052201], [-73.8745612936226, 40.7387218386254], [-73.8746659021607, 40.7389902038636], [-73.8747415773079, 40.7389730703913], [-73.8746369675681, 40.7387047052201]]]}}, {"type": "Feature", "properties": {"zone_id": "0203WC0YZWWE8N2QG222HX", "tract_id": "36081047300", "city": "FLUSHING, NY", "zone_code": "R6B", "zone_category": "Residential", "ev_permitted": false}, "geometry": {"type": "Polygon", "coordinates": [[[-73.8745612936226, 40.7387218386254], [-73.874486310929, 40.7387388146363], [-73.8745909201156, 40.739007179943], [-73.8746659021607, 40.7389902038636], [-73.8745612936226, 40.7387218386254]]]}}, {"type": "Feature", "properties": {"zone_id": "0204S67G6JAZGU6KLZ2QYZ", "tract_id": "36081047300", "city": "FLUSHING, NY", "zone_code": "R6B", "zone_category": "Residential", "ev_permitted": false}, "geometry": {"type": "Polygon", "coordinates": [[[-73.8747825733987, 40.7386717396626], [-73.8747075196559, 40.7386887319014], [-73.8748121287311, 40.738957097008], [-73.874887184597, 40.7389401047036], [-73.8747825733987, 40.7386717396626]]]}}, {"type": "Feature", "properties": {"zone_id": "0203APLQCWTRJ9E9Y8739M", "tract_id": "36081047300", "city": "FLUSHING, NY", "zone_code": "R6B", "zone_category": "Residential", "ev_permitted": false}, "geometry": {"type": "Polygon", "coordinates": [[[-73.874486310929, 40.7387388146363], [-73.874398793487, 40.7387586290143], [-73.8745034014284, 40.7390269943988], [-73.8745909201156, 40.739007179943], [-73.874486310929, 40.7387388146363]]]}}, {"type": "Feature", "properties": {"zone_id": "020217ZRCW0NILPHS0BV0A", "tract_id": "36081047300", "city": "FLUSHING, NY", "zone_code": "R6B", "zone_category": "Residential", "ev_permitted": false}, "geometry": {"type": "Polygon", "coordinates": [[[-73.8747075196559, 40.7386887319014], [-73.8746369675681, 40.7387047052201], [-73.8747415773079, 40.7389730703913], [-73.8748121287311, 40.738957097008], [-73.8747075196559, 40.7386887319014]]]}}, {"type": "Feature", "properties": {"zone_id": "02008AN29BU1H3VLCQ679E", "tract_id": "36081047300", "city": "FLUSHING, NY", "zone_code": "R6B", "zone_category": "Residential", "ev_permitted": false}, "geometry": {"type": "Polygon", "coordinates": [[[-73.8743109830261, 40.7387785097585], [-73.8739722698637, 40.7388551936907], [-73.8739940046793, 40.7389109543539], [-73.8743327181015, 40.7388342696556], [-73.8743109830261, 40.7387785097585]]]}}, {"type": "Feature", "properties": {"zone_id": "0201F5HXL0A1IRKVSVI1TB", "tract_id": "36081047300", "city": "FLUSHING, NY", "zone_code": "R6B", "zone_category": "Residential", "ev_permitted": false}, "geometry": {"type": "Polygon", "coordinates": [[[-73.8743327181015, 40.7388342696556], [-73.8739940046793, 40.7389109543539], [-73.8740142097612, 40.7389627904037], [-73.8743529234236, 40.7388861056466], [-73.8743327181015, 40.7388342696556]]]}}, {"type": "Feature", "properties": {"zone_id": "0203UNRR3EP1YJPL1ABIAF", "tract_id": "36081047300", "city": "FLUSHING, NY", "zone_code": "R6B", "zone_category": "Residential", "ev_permitted": false}, "geometry": {"type": "Polygon", "coordinates": [[[-73.874398793487, 40.7387586290143], [-73.8743109830261, 40.7387785097585], [-73.8744155906451, 40.7390468752219], [-73.8745034014284, 40.7390269943988], [-73.874398793487, 40.7387586290143]]]}}, {"type": "Feature", "properties": {"zone_id": "0200QU61DUJ3RVO2TV5SGD", "tract_id": "36081047300", "city": "FLUSHING, NY", "zone_code": "R6B", "zone_category": "Residential", "ev_permitted": false}, "geometry": {"type": "Polygon", "coordinates": [[[-73.874497960723, 40.7382778651904], [-73.8744126728607, 40.7382967622308], [-73.8745179097293, 40.7385702591094], [-73.874603197912, 40.7385513619917], [-73.874497960723, 40.7382778651904]]]}}, {"type": "Feature", "properties": {"zone_id": "0200T19L22BWL0OWUWXD0L", "tract_id": "36081047300", "city": "", "zone_code": "R6B", "zone_category": "Residential", "ev_permitted": false}, "geometry": {"type": "Polygon", "coordinates": [[[-73.8743235376298, 40.7383165122515], [-73.8742233964014, 40.7383387003495], [-73.8743286325593, 40.7386121973993], [-73.8744287750875, 40.7385900092117], [-73.8743235376298, 40.7383165122515]]]}}, {"type": "Feature", "properties": {"zone_id": "0207CAA04LMRSJX6BNYYAC", "tract_id": "36081047300", "city": "", "zone_code": "R6B", "zone_category": "Residential", "ev_permitted": false}, "geometry": {"type": "Polygon", "coordinates": [[[-73.8742233964014, 40.7383387003495], [-73.8741484914435, 40.738355296791], [-73.8742537282427, 40.7386287946124], [-73.8743286325593, 40.7386121973993], [-73.8742233964014, 40.7383387003495]]]}}, {"type": "Feature", "properties": {"zone_id": "02070KA9TNBRKEG93GPE12", "tract_id": "36081047300", "city": "FLUSHING, NY", "zone_code": "R6B", "zone_category": "Residential", "ev_permitted": false}, "geometry": {"type": "Polygon", "coordinates": [[[-73.8744126728607, 40.7382967622308], [-73.8743235376298, 40.7383165122515], [-73.8744287750875, 40.7385900092117], [-73.8745179097293, 40.7385702591094], [-73.8744126728607, 40.7382967622308]]]}}, {"type": "Feature", "properties": {"zone_id": "0203RPMGPNX9JBXMWGPRTY", "tract_id": "36081047300", "city": "FLUSHING, NY", "zone_code": "R6B", "zone_category": "Residential", "ev_permitted": false}, "geometry": {"type": "Polygon", "coordinates": [[[-73.8742017615061, 40.7384937370203], [-73.8741368281965, 40.7385081239491], [-73.8741887957364, 40.7386431815711], [-73.8742537282427, 40.7386287946124], [-73.8742017615061, 40.7384937370203]]]}}, {"type": "Feature", "properties": {"zone_id": "0204FTGK9I7M6P2L6OD60W", "tract_id": "36081047300", "city": "FLUSHING, NY", "zone_code": "R6B", "zone_category": "Residential", "ev_permitted": false}, "geometry": {"type": "Polygon", "coordinates": [[[-73.8741484914435, 40.738355296791], [-73.873798739478, 40.7384327902605], [-73.8738520079521, 40.7385712306492], [-73.8742017615061, 40.7384937370203], [-73.8741484914435, 40.738355296791]]]}}, {"type": "Feature", "properties": {"zone_id": "0204SWPU5HE2NM5LAEIDOZ", "tract_id": "36081047300", "city": "FLUSHING, NY", "zone_code": "R6B", "zone_category": "Residential", "ev_permitted": false}, "geometry": {"type": "Polygon", "coordinates": [[[-73.8740668100553, 40.7385236379646], [-73.8740009830115, 40.7385382226915], [-73.8740529502995, 40.7386732803743], [-73.8741187774667, 40.7386586949153], [-73.8740668100553, 40.7385236379646]]]}}, {"type": "Feature", "properties": {"zone_id": "0202HV5RCZUHD12UQFQPKF", "tract_id": "36081047300", "city": "FLUSHING, NY", "zone_code": "R6B", "zone_category": "Residential", "ev_permitted": false}, "geometry": {"type": "Polygon", "coordinates": [[[-73.8741368281965, 40.7385081239491], [-73.8740668100553, 40.7385236379646], [-73.8741187774667, 40.7386586949153], [-73.8741887957364, 40.7386431815711], [-73.8741368281965, 40.7385081239491]]]}}, {"type": "Feature", "properties": {"zone_id": "0204SE2M8H2AQDYITINCK6", "tract_id": "36081047300", "city": "FLUSHING, NY", "zone_code": "R6B", "zone_category": "Residential", "ev_permitted": false}, "geometry": {"type": "Polygon", "coordinates": [[[-73.8740009830115, 40.7385382226915], [-73.8739351568626, 40.7385528073817], [-73.8739871240273, 40.7386878657966], [-73.8740529502995, 40.7386732803743], [-73.8740009830115, 40.7385382226915]]]}}, {"type": "Feature", "properties": {"zone_id": "0204GPLK2PT6XOSPUBQN6P", "tract_id": "36081047300", "city": "FLUSHING, NY", "zone_code": "R6B", "zone_category": "Residential", "ev_permitted": false}, "geometry": {"type": "Polygon", "coordinates": [[[-73.8739351568626, 40.7385528073817], [-73.8738520079521, 40.7385712306492], [-73.8739039749639, 40.7387062883985], [-73.8739871240273, 40.7386878657966], [-73.8739351568626, 40.7385528073817]]]}}, {"type": "Feature", "properties": {"zone_id": "020014JUITIUNMF98D1V4R", "tract_id": "36081047300", "city": "FLUSHING, NY", "zone_code": "R6B", "zone_category": "Residential", "ev_permitted": false}, "geometry": {"type": "Polygon", "coordinates": [[[-73.8745231674246, 40.7382722798306], [-73.874497960723, 40.7382778651904], [-73.874603197912, 40.7385513619917], [-73.8746284047081, 40.7385457766091], [-73.8745231674246, 40.7382722798306]]]}}, {"type": "Feature", "properties": {"zone_id": "0206P5X7YSOK73Y9KFOBJI", "tract_id": "36081047300", "city": "FLUSHING, NY", "zone_code": "R6B", "zone_category": "Residential", "ev_permitted": false}, "geometry": {"type": "Polygon", "coordinates": [[[-73.8747566353393, 40.7382205492742], [-73.874667564081, 40.738240284875], [-73.8747728037543, 40.7385137815247], [-73.8748618734995, 40.7384940458414], [-73.8747566353393, 40.7382205492742]]]}}, {"type": "Feature", "properties": {"zone_id": "02005LD0XLKH6XKBOPUIC1", "tract_id": "36081047300", "city": "FLUSHING, NY", "zone_code": "R6B", "zone_category": "Residential", "ev_permitted": false}, "geometry": {"type": "Polygon", "coordinates": [[[-73.8745982283808, 40.7382556481824], [-73.8745231674246, 40.7382722798306], [-73.8746284047081, 40.7385457766091], [-73.8747034659462, 40.7385291448929], [-73.8745982283808, 40.7382556481824]]]}}, {"type": "Feature", "properties": {"zone_id": "0204XND3FFVDS427DC43Z8", "tract_id": "36081047300", "city": "FLUSHING, NY", "zone_code": "R6B", "zone_category": "Residential", "ev_permitted": false}, "geometry": {"type": "Polygon", "coordinates": [[[-73.874667564081, 40.738240284875], [-73.8745982283808, 40.7382556481824], [-73.8747034659462, 40.7385291448929], [-73.8747728037543, 40.7385137815247], [-73.874667564081, 40.738240284875]]]}}, {"type": "Feature", "properties": {"zone_id": "0203PZOLCQC3M7TJDXLVIJ", "tract_id": "36081047300", "city": "FLUSHING, NY", "zone_code": "R6B", "zone_category": "Residential", "ev_permitted": false}, "geometry": {"type": "Polygon", "coordinates": [[[-73.8741219643713, 40.7380783730403], [-73.8740482029874, 40.7380946572817], [-73.8741484914435, 40.738355296791], [-73.8742222319466, 40.7383389583582], [-73.8741219643713, 40.7380783730403]]]}}, {"type": "Feature", "properties": {"zone_id": "0204OQHUGHHA6F2RG9ZKLF", "tract_id": "36081047300", "city": "FLUSHING, NY", "zone_code": "R6B", "zone_category": "Residential", "ev_permitted": false}, "geometry": {"type": "Polygon", "coordinates": [[[-73.8741868195393, 40.7380640541919], [-73.8741219643713, 40.7380783730403], [-73.8742222319466, 40.7383389583582], [-73.8742870698836, 40.7383245923568], [-73.8741868195393, 40.7380640541919]]]}}, {"type": "Feature", "properties": {"zone_id": "0203Z75985MKFBIDHXP3XC", "tract_id": "36081047300", "city": "FLUSHING, NY", "zone_code": "R6B", "zone_category": "Residential", "ev_permitted": false}, "geometry": {"type": "Polygon", "coordinates": [[[-73.8743234028018, 40.7380338998223], [-73.8742568213539, 40.7380485991084], [-73.874357051721, 40.7383090865995], [-73.8744236141004, 40.7382943380489], [-73.8743234028018, 40.7380338998223]]]}}, {"type": "Feature", "properties": {"zone_id": "0204SDPO40MIWP7EZXOOTW", "tract_id": "36081047300", "city": "FLUSHING, NY", "zone_code": "R6B", "zone_category": "Residential", "ev_permitted": false}, "geometry": {"type": "Polygon", "coordinates": [[[-73.8743909435042, 40.7380189879362], [-73.8743234028018, 40.7380338998223], [-73.8744236141004, 40.7382943380489], [-73.8744911375851, 40.7382793768996], [-73.8743909435042, 40.7380189879362]]]}}, {"type": "Feature", "properties": {"zone_id": "0202M815KJPOCGUYMZVYMH", "tract_id": "36081047300", "city": "FLUSHING, NY", "zone_code": "R6B", "zone_category": "Residential", "ev_permitted": false}, "geometry": {"type": "Polygon", "coordinates": [[[-73.8742568213539, 40.7380485991084], [-73.8741868195393, 40.7380640541919], [-73.8742870698836, 40.7383245923568], [-73.874357051721, 40.7383090865995], [-73.8742568213539, 40.7380485991084]]]}}, {"type": "Feature", "properties": {"zone_id": "0201W6QR8VX3ZGJKT1FCWR", "tract_id": "36081047300", "city": "FLUSHING, NY", "zone_code": "R6B", "zone_category": "Residential", "ev_permitted": false}, "geometry": {"type": "Polygon", "coordinates": [[[-73.8747381441731, 40.7379423323779], [-73.8746527682143, 40.7379611824227], [-73.8747528887659, 40.7382213792539], [-73.8748382402039, 40.7382024672748], [-73.8747381441731, 40.7379423323779]]]}}, {"type": "Feature", "properties": {"zone_id": "02041IGCOZ9L20FPHM8AGL", "tract_id": "36081047300", "city": "FLUSHING, NY", "zone_code": "R6B", "zone_category": "Residential", "ev_permitted": false}, "geometry": {"type": "Polygon", "coordinates": [[[-73.8745297029862, 40.73798835297], [-73.8743909435042, 40.7380189879362], [-73.8744911375851, 40.7382793768996], [-73.8746298571087, 40.7382486398844], [-73.8745297029862, 40.73798835297]]]}}, {"type": "Feature", "properties": {"zone_id": "0207NJEMFZSVA70CUKY7HY", "tract_id": "36081047300", "city": "", "zone_code": "R6B", "zone_category": "Residential", "ev_permitted": false}, "geometry": {"type": "Polygon", "coordinates": [[[-73.8746527682143, 40.7379611824227], [-73.8745297029862, 40.73798835297], [-73.8746298571087, 40.7382486398844], [-73.8747528887659, 40.7382213792539], [-73.8746527682143, 40.7379611824227]]]}}, {"type": "Feature", "properties": {"zone_id": "0203AJS39WFMHPSYWBPNUN", "tract_id": "36081047300", "city": "FLUSHING, NY", "zone_code": "R6B", "zone_category": "Residential", "ev_permitted": false}, "geometry": {"type": "Polygon", "coordinates": [[[-73.8740482029874, 40.7380946572817], [-73.8736983548376, 40.7381718945754], [-73.8737202744365, 40.738228864772], [-73.8739721809196, 40.7381730496926], [-73.8740726223482, 40.7381581212937], [-73.8740482029874, 40.7380946572817]]]}}, {"type": "Feature", "properties": {"zone_id": "0201UM7UCRXQNS0ERSR2K0", "tract_id": "36081047300", "city": "FLUSHING, NY", "zone_code": "R6B", "zone_category": "Residential", "ev_permitted": false}, "geometry": {"type": "Polygon", "coordinates": [[[-73.8740726223482, 40.7381581212937], [-73.8739721809196, 40.7381730496926], [-73.8737202744365, 40.738228864772], [-73.8737498468892, 40.7383057201234], [-73.8740995982445, 40.7382282268009], [-73.8740726223482, 40.7381581212937]]]}}, {"type": "Feature", "properties": {"zone_id": "0201UMXIEIV2K4WYRRD75B", "tract_id": "36081047300", "city": "FLUSHING, NY", "zone_code": "R6B", "zone_category": "Residential", "ev_permitted": false}, "geometry": {"type": "Polygon", "coordinates": [[[-73.8741290222039, 40.7383046996467], [-73.8737792714051, 40.7383821930586], [-73.873798739478, 40.7384327902605], [-73.8741484914435, 40.738355296791], [-73.8741290222039, 40.7383046996467]]]}}, {"type": "Feature", "properties": {"zone_id": "0206SYLWL4PEEUTWFO5XEO", "tract_id": "36081047300", "city": "FLUSHING, NY", "zone_code": "R6B", "zone_category": "Residential", "ev_permitted": false}, "geometry": {"type": "Polygon", "coordinates": [[[-73.8740995982445, 40.7382282268009], [-73.8737498468892, 40.7383057201234], [-73.8737792714051, 40.7383821930586], [-73.8741290222039, 40.7383046996467], [-73.8740995982445, 40.7382282268009]]]}}, {"type": "Feature", "properties": {"zone_id": "0206N5GLQC697LQ96T4WOZ", "tract_id": "36081047300", "city": "FLUSHING, NY", "zone_code": "R6B", "zone_category": "Residential", "ev_permitted": false}, "geometry": {"type": "Polygon", "coordinates": [[[-73.8738613171298, 40.737826997466], [-73.8737780164621, 40.7378455364532], [-73.8738284144117, 40.7379746185388], [-73.8739117814156, 40.7379562503337], [-73.8738613171298, 40.737826997466]]]}}, {"type": "Feature", "properties": {"zone_id": "02075YKEB1R52ZVYZ3XZ8Q", "tract_id": "36081047300", "city": "FLUSHING, NY", "zone_code": "R6B", "zone_category": "Residential", "ev_permitted": false}, "geometry": {"type": "Polygon", "coordinates": [[[-73.8736962812856, 40.7378637278764], [-73.8735868395146, 40.7378880848642], [-73.8736370835987, 40.7380167747814], [-73.8737466128968, 40.7379926419897], [-73.8736962812856, 40.7378637278764]]]}}, {"type": "Feature", "properties": {"zone_id": "0204USEQA1WCT9ZFVZRPMS", "tract_id": "36081047300", "city": "FLUSHING, NY", "zone_code": "R6B", "zone_category": "Residential", "ev_permitted": false}, "geometry": {"type": "Polygon", "coordinates": [[[-73.8737780164621, 40.7378455364532], [-73.8736962812856, 40.7378637278764], [-73.8737466128968, 40.7379926419897], [-73.8738284144117, 40.7379746185388], [-73.8737780164621, 40.7378455364532]]]}}, {"type": "Feature", "properties": {"zone_id": "0204CK0XPDNY3OS7NP1K1V", "tract_id": "36081047300", "city": "FLUSHING, NY", "zone_code": "R6B", "zone_category": "Residential", "ev_permitted": false}, "geometry": {"type": "Polygon", "coordinates": [[[-73.874363934354, 40.737566631241], [-73.8742431381388, 40.7375935165715], [-73.8743472967441, 40.7378602915399], [-73.8744681908538, 40.7378336542454], [-73.874363934354, 40.737566631241]]]}}, {"type": "Feature", "properties": {"zone_id": "0206BX36SDS4OZIJY00HYX", "tract_id": "36081047300", "city": "FLUSHING, NY", "zone_code": "R6B", "zone_category": "Residential", "ev_permitted": false}, "geometry": {"type": "Polygon", "coordinates": [[[-73.8742231073378, 40.7375693759821], [-73.8741622827104, 40.7375829136847], [-73.8742766575363, 40.7378758555972], [-73.8743472967441, 40.7378602915399], [-73.8742431381388, 40.7375935165715], [-73.874233380838, 40.7375956883699], [-73.8742231073378, 40.7375693759821]]]}}, {"type": "Feature", "properties": {"zone_id": "0205B2401BX2J4Z3NVCLQH", "tract_id": "36081047300", "city": "FLUSHING, NY", "zone_code": "R6B", "zone_category": "Residential", "ev_permitted": false}, "geometry": {"type": "Polygon", "coordinates": [[[-73.8741622827104, 40.7375829136847], [-73.8740957411913, 40.7375977232389], [-73.8742100624271, 40.7378905295458], [-73.8742766575363, 40.7378758555972], [-73.8741622827104, 40.7375829136847]]]}}, {"type": "Feature", "properties": {"zone_id": "02042EBYCS8PG36HZ6P5R5", "tract_id": "36081047300", "city": "FLUSHING, NY", "zone_code": "R6B", "zone_category": "Residential", "ev_permitted": false}, "geometry": {"type": "Polygon", "coordinates": [[[-73.8745611028573, 40.7374546500592], [-73.8745230915589, 40.737460996508], [-73.8745483126864, 40.7375255946844], [-73.8747120603761, 40.737757607713], [-73.8748143328197, 40.7376910739904], [-73.8745611028573, 40.7374546500592]]]}}, {"type": "Feature", "properties": {"zone_id": "02050ECA0PL6S670Z6T76T", "tract_id": "36081047300", "city": "FLUSHING, NY", "zone_code": "R6B", "zone_category": "Residential", "ev_permitted": false}, "geometry": {"type": "Polygon", "coordinates": [[[-73.8747294973959, 40.7374265345341], [-73.8746514724143, 40.7374395619235], [-73.8748771162856, 40.7376502299967], [-73.8749313230468, 40.7376149655911], [-73.8747294973959, 40.7374265345341]]]}}, {"type": "Feature", "properties": {"zone_id": "02023RJRGNZWPCHI3QFD4T", "tract_id": "36081047300", "city": "FLUSHING, NY", "zone_code": "R6B", "zone_category": "Residential", "ev_permitted": false}, "geometry": {"type": "Polygon", "coordinates": [[[-73.8746514724143, 40.7374395619235], [-73.8745611028573, 40.7374546500592], [-73.8748143328197, 40.7376910739904], [-73.8748771162856, 40.7376502299967], [-73.8746514724143, 40.7374395619235]]]}}, {"type": "Feature", "properties": {"zone_id": "0202DRVHS8QD0XABMMEM36", "tract_id": "36081047300", "city": "FLUSHING, NY", "zone_code": "R6B", "zone_category": "Residential", "ev_permitted": false}, "geometry": {"type": "Polygon", "coordinates": [[[-73.8743633497597, 40.7372750523834], [-73.8742852196594, 40.7372924408047], [-73.8743900077071, 40.7375608283291], [-73.8744681371723, 40.7375434391338], [-73.8743633497597, 40.7372750523834]]]}}, {"type": "Feature", "properties": {"zone_id": "0202GFXBNCPP1BYI9Q11VX", "tract_id": "36081047300", "city": "FLUSHING, NY", "zone_code": "R6B", "zone_category": "Residential", "ev_permitted": false}, "geometry": {"type": "Polygon", "coordinates": [[[-73.8738669972225, 40.7376099563431], [-73.8735093308572, 40.7376895587812], [-73.8735351909289, 40.7377557943692], [-73.873892856695, 40.7376761918505], [-73.8738669972225, 40.7376099563431]]]}}, {"type": "Feature", "properties": {"zone_id": "0202RITT99X43SVUZGRJEN", "tract_id": "36081047300", "city": "", "zone_code": "R6B", "zone_category": "Residential", "ev_permitted": false}, "geometry": {"type": "Polygon", "coordinates": [[[-73.8739147362599, 40.7377322300707], [-73.8735570695253, 40.7378118331831], [-73.8735868395146, 40.7378880848642], [-73.873944507778, 40.7378084814858], [-73.8739147362599, 40.7377322300707]]]}}, {"type": "Feature", "properties": {"zone_id": "0204Q3SSZR45CAD74D8WF9", "tract_id": "36081047300", "city": "", "zone_code": "R6B", "zone_category": "Residential", "ev_permitted": false}, "geometry": {"type": "Polygon", "coordinates": [[[-73.873892856695, 40.7376761918505], [-73.8735351909289, 40.7377557943692], [-73.8735570695253, 40.7378118331831], [-73.8739147362599, 40.7377322300707], [-73.873892856695, 40.7376761918505]]]}}, {"type": "Feature", "properties": {"zone_id": "020721VUCHPUP8X9B459R3", "tract_id": "36081047300", "city": "FLUSHING, NY", "zone_code": "R6B", "zone_category": "Residential", "ev_permitted": false}, "geometry": {"type": "Polygon", "coordinates": [[[-73.8738405595513, 40.7375422403994], [-73.8734828925955, 40.7376218420525], [-73.8735093308572, 40.7376895587812], [-73.8738669972225, 40.7376099563431], [-73.8738405595513, 40.7375422403994]]]}}, {"type": "Feature", "properties": {"zone_id": "0203APD0H0WMM182LXWG14", "tract_id": "36081047300", "city": "FLUSHING, NY", "zone_code": "R6B", "zone_category": "Residential", "ev_permitted": false}, "geometry": {"type": "Polygon", "coordinates": [[[-73.8737863780232, 40.7374034659244], [-73.8734287117476, 40.7374830674108], [-73.8734569618404, 40.7375554257909], [-73.8738146284733, 40.7374758228122], [-73.8737863780232, 40.7374034659244]]]}}, {"type": "Feature", "properties": {"zone_id": "0200ILJM1WZJCZFASGR8NZ", "tract_id": "36081047300", "city": "FLUSHING, NY", "zone_code": "R6B", "zone_category": "Residential", "ev_permitted": false}, "geometry": {"type": "Polygon", "coordinates": [[[-73.8738146284733, 40.7374758228122], [-73.8734569618404, 40.7375554257909], [-73.8734828925955, 40.7376218420525], [-73.8738405595513, 40.7375422403994], [-73.8738146284733, 40.7374758228122]]]}}, {"type": "Feature", "properties": {"zone_id": "0203I52P3RFGJ87H3M775R", "tract_id": "36081047300", "city": "FLUSHING, NY", "zone_code": "R6B", "zone_category": "Residential", "ev_permitted": false}, "geometry": {"type": "Polygon", "coordinates": [[[-73.8745483126864, 40.7375255946844], [-73.8744964081595, 40.7375371474358], [-73.8746007699439, 40.7378044416613], [-73.8746601943281, 40.7377913476882], [-73.8747120603761, 40.737757607713], [-73.8745483126864, 40.7375255946844]]]}}, {"type": "Feature", "properties": {"zone_id": "0202F769JY05ACHXOP5S41", "tract_id": "36081047300", "city": "FLUSHING, NY", "zone_code": "R6B", "zone_category": "Residential", "ev_permitted": false}, "geometry": {"type": "Polygon", "coordinates": [[[-73.8744964081595, 40.7375371474358], [-73.8744313666739, 40.7375516229484], [-73.8745356767387, 40.737818784374], [-73.8746007699439, 40.7378044416613], [-73.8744964081595, 40.7375371474358]]]}}, {"type": "Feature", "properties": {"zone_id": "0203EPB2AXDYG1G1KMKGTG", "tract_id": "36081047300", "city": "FLUSHING, NY", "zone_code": "R6B", "zone_category": "Residential", "ev_permitted": false}, "geometry": {"type": "Polygon", "coordinates": [[[-73.8744313666739, 40.7375516229484], [-73.874363934354, 40.737566631241], [-73.8744681908538, 40.7378336542454], [-73.8745356767387, 40.737818784374], [-73.8744313666739, 40.7375516229484]]]}}, {"type": "Feature", "properties": {"zone_id": "0204L32LBVBFD4OH68A73S", "tract_id": "36081047300", "city": "FLUSHING, NY", "zone_code": "R6B", "zone_category": "Residential", "ev_permitted": false}, "geometry": {"type": "Polygon", "coordinates": [[[-73.8742091263594, 40.737309377481], [-73.874128593365, 40.7373273014069], [-73.874233380838, 40.7375956883699], [-73.8743139132047, 40.7375777643704], [-73.8742091263594, 40.737309377481]]]}}, {"type": "Feature", "properties": {"zone_id": "02033SY7ZEB9W3R053JKM1", "tract_id": "36081047300", "city": "FLUSHING, NY", "zone_code": "R6B", "zone_category": "Residential", "ev_permitted": false}, "geometry": {"type": "Polygon", "coordinates": [[[-73.8742852196594, 40.7372924408047], [-73.8742091263594, 40.737309377481], [-73.8743139132047, 40.7375777643704], [-73.8743900077071, 40.7375608283291], [-73.8742852196594, 40.7372924408047]]]}}, {"type": "Feature", "properties": {"zone_id": "0200HD95T1541FUWT356HL", "tract_id": "36081047300", "city": "FLUSHING, NY", "zone_code": "R6B", "zone_category": "Residential", "ev_permitted": false}, "geometry": {"type": "Polygon", "coordinates": [[[-73.874128593365, 40.7373273014069], [-73.8740465474799, 40.7373455616], [-73.8741410611791, 40.7375876369446], [-73.8742231073378, 40.7375693759821], [-73.874128593365, 40.7373273014069]]]}}, {"type": "Feature", "properties": {"zone_id": "0201HUR9NR7H97R80AZ6GI", "tract_id": "36081047300", "city": "FLUSHING, NY", "zone_code": "R6B", "zone_category": "Residential", "ev_permitted": false}, "geometry": {"type": "Polygon", "coordinates": [[[-73.8744435249789, 40.7372572080063], [-73.8743633497597, 40.7372750523834], [-73.8744681371723, 40.7375434391338], [-73.8745483126864, 40.7375255946844], [-73.8744435249789, 40.7372572080063]]]}}, {"type": "Feature", "properties": {"zone_id": "0201NKZQ2U4S7ZVIKRG7T0", "tract_id": "36081047300", "city": "FLUSHING, NY", "zone_code": "R6B", "zone_category": "Residential", "ev_permitted": false}, "geometry": {"type": "Polygon", "coordinates": [[[-73.8740957411913, 40.7375977232389], [-73.8740239882887, 40.7376136927627], [-73.8741382522425, 40.7379063508172], [-73.8742100624271, 40.7378905295458], [-73.8740957411913, 40.7375977232389]]]}}, {"type": "Feature", "properties": {"zone_id": "020118XM9B92WXLFKG7LGO", "tract_id": "36081047300", "city": "FLUSHING, NY", "zone_code": "R6B", "zone_category": "Residential", "ev_permitted": false}, "geometry": {"type": "Polygon", "coordinates": [[[-73.8739565946287, 40.7376286924272], [-73.873880890862, 40.7376455400752], [-73.8739950383988, 40.7379379058382], [-73.8740708040697, 40.7379212127678], [-73.8739565946287, 40.7376286924272]]]}}, {"type": "Feature", "properties": {"zone_id": "0204YWA5YXWAPZRMM8VPK6", "tract_id": "36081047300", "city": "FLUSHING, NY", "zone_code": "R6B", "zone_category": "Residential", "ev_permitted": false}, "geometry": {"type": "Polygon", "coordinates": [[[-73.8740239882887, 40.7376136927627], [-73.8739565946287, 40.7376286924272], [-73.8740708040697, 40.7379212127678], [-73.8741382522425, 40.7379063508172], [-73.8740239882887, 40.7376136927627]]]}}, {"type": "Feature", "properties": {"zone_id": "0203T2BBZ4DEWBF6WISAME", "tract_id": "36081047300", "city": "FLUSHING, NY", "zone_code": "R6B", "zone_category": "Residential", "ev_permitted": false}, "geometry": {"type": "Polygon", "coordinates": [[[-73.873944507778, 40.7378084814858], [-73.8738613171298, 40.737826997466], [-73.8739117814156, 40.7379562503337], [-73.8739950383988, 40.7379379058382], [-73.873944507778, 40.7378084814858]]]}}, {"type": "Feature", "properties": {"zone_id": "02068CPME8LPUVZ09WAR2D", "tract_id": "36081047300", "city": "FLUSHING, NY", "zone_code": "R6B", "zone_category": "Residential", "ev_permitted": false}, "geometry": {"type": "Polygon", "coordinates": [[[-73.8740465474799, 40.7373455616], [-73.8739570482027, 40.7373654809833], [-73.8740515616051, 40.7376075564007], [-73.8741410611791, 40.7375876369446], [-73.8740465474799, 40.7373455616]]]}}, {"type": "Feature", "properties": {"zone_id": "0200TEG2XTNP4RMQRVS0YU", "tract_id": "36081047300", "city": "FLUSHING, NY", "zone_code": "R6B", "zone_category": "Residential", "ev_permitted": false}, "geometry": {"type": "Polygon", "coordinates": [[[-73.873870327822, 40.7373847814888], [-73.8737863780232, 40.7374034659244], [-73.873880890862, 40.7376455400752], [-73.8739648400128, 40.7376268569757], [-73.873870327822, 40.7373847814888]]]}}, {"type": "Feature", "properties": {"zone_id": "0200URRX6K6D5F5EKJSZPR", "tract_id": "36081047300", "city": "FLUSHING, NY", "zone_code": "R6B", "zone_category": "Residential", "ev_permitted": false}, "geometry": {"type": "Polygon", "coordinates": [[[-73.8739570482027, 40.7373654809833], [-73.873870327822, 40.7373847814888], [-73.8739648400128, 40.7376268569757], [-73.8740515616051, 40.7376075564007], [-73.8739570482027, 40.7373654809833]]]}}, {"type": "Feature", "properties": {"zone_id": "0201E5RL309H7SAM6FVHVO", "tract_id": "36081047300", "city": "FLUSHING, NY", "zone_code": "R6B", "zone_category": "Residential", "ev_permitted": false}, "geometry": {"type": "Polygon", "coordinates": [[[-73.8746767504803, 40.7372052981664], [-73.8746003302285, 40.7372223078218], [-73.8746830928793, 40.7374342821387], [-73.8747610716456, 40.7374212624068], [-73.8746767504803, 40.7372052981664]]]}}, {"type": "Feature", "properties": {"zone_id": "02064MPXYN4Y9U6KSM8NUD", "tract_id": "36081047300", "city": "FLUSHING, NY", "zone_code": "R6B", "zone_category": "Residential", "ev_permitted": false}, "geometry": {"type": "Polygon", "coordinates": [[[-73.8747504000736, 40.7371889072988], [-73.8746767504803, 40.7372052981664], [-73.8747610716456, 40.7374212624068], [-73.8748362218318, 40.7374087145443], [-73.8747504000736, 40.7371889072988]]]}}, {"type": "Feature", "properties": {"zone_id": "02064YUJ0Q5ND2PFPVBH39", "tract_id": "36081047300", "city": "FLUSHING, NY", "zone_code": "R6B", "zone_category": "Residential", "ev_permitted": false}, "geometry": {"type": "Polygon", "coordinates": [[[-73.8746003302285, 40.7372223078218], [-73.8745224691792, 40.7372396376737], [-73.8746036448233, 40.7374475475534], [-73.8746830928793, 40.7374342821387], [-73.8746003302285, 40.7372223078218]]]}}, {"type": "Feature", "properties": {"zone_id": "02063J60C5JOZHJYRBHPGE", "tract_id": "36081047300", "city": "FLUSHING, NY", "zone_code": "R6B", "zone_category": "Residential", "ev_permitted": false}, "geometry": {"type": "Polygon", "coordinates": [[[-73.8745224691792, 40.7372396376737], [-73.8744435249789, 40.7372572080063], [-73.8745230915589, 40.737460996508], [-73.8746036448233, 40.7374475475534], [-73.8745224691792, 40.7372396376737]]]}}, {"type": "Feature", "properties": {"zone_id": "02004QXLOWA4SEOUESJXZZ", "tract_id": "36081047300", "city": "FLUSHING, NY", "zone_code": "R6B", "zone_category": "Residential", "ev_permitted": false}, "geometry": {"type": "Polygon", "coordinates": [[[-73.8745052032752, 40.7368584103485], [-73.8744567958157, 40.7369130489286], [-73.8745230502254, 40.7370831593136], [-73.8745871680693, 40.737068854894], [-73.8745052032752, 40.7368584103485]]]}}, {"type": "Feature", "properties": {"zone_id": "0203PH5YJXOHYZEZHNN32D", "tract_id": "36081047300", "city": "FLUSHING, NY", "zone_code": "R6B", "zone_category": "Residential", "ev_permitted": false}, "geometry": {"type": "Polygon", "coordinates": [[[-73.8746244683357, 40.7367883040214], [-73.8746166329665, 40.7367971489745], [-73.8747116405229, 40.7370410843398], [-73.8747740532231, 40.7370271602067], [-73.8746943071481, 40.7368224083277], [-73.8746244683357, 40.7367883040214]]]}}, {"type": "Feature", "properties": {"zone_id": "02050HHGHCWFIDIGAHNGRJ", "tract_id": "36081047300", "city": "FLUSHING, NY", "zone_code": "R6B", "zone_category": "Residential", "ev_permitted": false}, "geometry": {"type": "Polygon", "coordinates": [[[-73.8746943071481, 40.7368224083277], [-73.8747740532231, 40.7370271602067], [-73.8748367727173, 40.7370131668102], [-73.8747795113563, 40.7368661472749], [-73.8746943071481, 40.7368224083277]]]}}, {"type": "Feature", "properties": {"zone_id": "02075DA8MITCNY0K9RIJ8G", "tract_id": "36081047300", "city": "FLUSHING, NY", "zone_code": "R6B", "zone_category": "Residential", "ev_permitted": false}, "geometry": {"type": "Polygon", "coordinates": [[[-73.8745515925614, 40.7368060510781], [-73.8745052032752, 40.7368584103485], [-73.8745871680693, 40.737068854894], [-73.8746486104605, 40.7370551468933], [-73.8745515925614, 40.7368060510781]]]}}, {"type": "Feature", "properties": {"zone_id": "0202RR4U6IGYPY81GOPYYG", "tract_id": "36081047300", "city": "FLUSHING, NY", "zone_code": "R6B", "zone_category": "Residential", "ev_permitted": false}, "geometry": {"type": "Polygon", "coordinates": [[[-73.8745851835764, 40.7367681371365], [-73.8745515925614, 40.7368060510781], [-73.8746486104605, 40.7370551468933], [-73.8747116405229, 40.7370410843398], [-73.8746166329665, 40.7367971489745], [-73.8746244683357, 40.7367883040214], [-73.8745851835764, 40.7367681371365]]]}}, {"type": "Feature", "properties": {"zone_id": "0204UK7T9NDC1ZLG6T5DHJ", "tract_id": "36081047300", "city": "FLUSHING, NY", "zone_code": "R6B", "zone_category": "Residential", "ev_permitted": false}, "geometry": {"type": "Polygon", "coordinates": [[[-73.8742113338023, 40.7368569514304], [-73.8741434751098, 40.7368720905258], [-73.8742494530301, 40.7371441986613], [-73.8743173128993, 40.737129059505], [-73.8742113338023, 40.7368569514304]]]}}, {"type": "Feature", "properties": {"zone_id": "0202TOXA6R9ZRZWVV9R8KI", "tract_id": "36081047300", "city": "FLUSHING, NY", "zone_code": "R6B", "zone_category": "Residential", "ev_permitted": false}, "geometry": {"type": "Polygon", "coordinates": [[[-73.8741434751098, 40.7368720905258], [-73.8740545050236, 40.7368919395954], [-73.8741604835358, 40.737164047813], [-73.8742494530301, 40.7371441986613], [-73.8741434751098, 40.7368720905258]]]}}, {"type": "Feature", "properties": {"zone_id": "02067Z0E7RFQECNK08T27H", "tract_id": "36081047300", "city": "FLUSHING, NY", "zone_code": "R6B", "zone_category": "Residential", "ev_permitted": false}, "geometry": {"type": "Polygon", "coordinates": [[[-73.874279540869, 40.7368417346803], [-73.8742113338023, 40.7368569514304], [-73.8743173128993, 40.737129059505], [-73.8743796305767, 40.7371151565617], [-73.874302780073, 40.7369166050099], [-73.874279540869, 40.7368417346803]]]}}, {"type": "Feature", "properties": {"zone_id": "0206MAQE4VB40GHGD83WJ7", "tract_id": "36081047300", "city": "FLUSHING, NY", "zone_code": "R6B", "zone_category": "Residential", "ev_permitted": false}, "geometry": {"type": "Polygon", "coordinates": [[[-73.8744567958157, 40.7369130489286], [-73.8743486487302, 40.7370351125675], [-73.8743796305767, 40.7371151565617], [-73.8745230502254, 40.7370831593136], [-73.8744567958157, 40.7369130489286]]]}}, {"type": "Feature", "properties": {"zone_id": "0205HZQZ3BAW7FPCWEMT60", "tract_id": "36081047300", "city": "FLUSHING, NY", "zone_code": "R6B", "zone_category": "Residential", "ev_permitted": false}, "geometry": {"type": "Polygon", "coordinates": [[[-73.8745292631911, 40.7367394302849], [-73.8743981611167, 40.7368874040466], [-73.8743326108606, 40.7369936769261], [-73.8743486487302, 40.7370351125675], [-73.8745851835764, 40.7367681371365], [-73.8745292631911, 40.7367394302849]]]}}, {"type": "Feature", "properties": {"zone_id": "0206EWTA3A5Q6MQ58B7ILU", "tract_id": "36081047300", "city": "FLUSHING, NY", "zone_code": "R6B", "zone_category": "Residential", "ev_permitted": false}, "geometry": {"type": "Polygon", "coordinates": [[[-73.8737057614032, 40.7369697430621], [-73.8736167873599, 40.7369895924919], [-73.8737227642398, 40.7372617011086], [-73.8738117376926, 40.7372418508941], [-73.8737057614032, 40.7369697430621]]]}}, {"type": "Feature", "properties": {"zone_id": "02029O4ZDWGDAMLB8N5G44", "tract_id": "36081047300", "city": "FLUSHING, NY", "zone_code": "R6B", "zone_category": "Residential", "ev_permitted": false}, "geometry": {"type": "Polygon", "coordinates": [[[-73.8736581756078, 40.7370958649526], [-73.8735494327121, 40.7371201250034], [-73.8736140192496, 40.7372859612178], [-73.8737227642398, 40.7372617011086], [-73.8736581756078, 40.7370958649526]]]}}, {"type": "Feature", "properties": {"zone_id": "0200EOB1IZGE46VGXKPLP7", "tract_id": "36081047300", "city": "FLUSHING, NY", "zone_code": "R6B", "zone_category": "Residential", "ev_permitted": false}, "geometry": {"type": "Polygon", "coordinates": [[[-73.8735494327121, 40.7371201250034], [-73.8734356040912, 40.7371455190727], [-73.8735001903699, 40.7373113553504], [-73.8736140192496, 40.7372859612178], [-73.8735494327121, 40.7371201250034]]]}}, {"type": "Feature", "properties": {"zone_id": "02014P750GHRHQTSUV6MQ7", "tract_id": "36081047300", "city": "FLUSHING, NY", "zone_code": "R6B", "zone_category": "Residential", "ev_permitted": false}, "geometry": {"type": "Polygon", "coordinates": [[[-73.8738812289005, 40.7369305970819], [-73.8737987582417, 40.73694899576], [-73.8739047339527, 40.7372211042088], [-73.8739872067666, 40.7372027054575], [-73.8738812289005, 40.7369305970819]]]}}, {"type": "Feature", "properties": {"zone_id": "0201LRP5CIIC287LOLFP8D", "tract_id": "36081047300", "city": "FLUSHING, NY", "zone_code": "R6B", "zone_category": "Residential", "ev_permitted": false}, "geometry": {"type": "Polygon", "coordinates": [[[-73.8740545050236, 40.7368919395954], [-73.8739679099607, 40.7369112585811], [-73.87407388815, 40.7371833668777], [-73.8741604835358, 40.737164047813], [-73.8740545050236, 40.7368919395954]]]}}, {"type": "Feature", "properties": {"zone_id": "0200GSNRB1ILFB0P5QAMSK", "tract_id": "36081047300", "city": "FLUSHING, NY", "zone_code": "R6B", "zone_category": "Residential", "ev_permitted": false}, "geometry": {"type": "Polygon", "coordinates": [[[-73.8737987582417, 40.73694899576], [-73.8737057614032, 40.7369697430621], [-73.8738117376926, 40.7372418508941], [-73.8739047339527, 40.7372211042088], [-73.8737987582417, 40.73694899576]]]}}, {"type": "Feature", "properties": {"zone_id": "0203XR1RSAT3BR5KPU4U8Q", "tract_id": "36081047300", "city": "", "zone_code": "R6B", "zone_category": "Residential", "ev_permitted": false}, "geometry": {"type": "Polygon", "coordinates": [[[-73.8739679099607, 40.7369112585811], [-73.8738812289005, 40.7369305970819], [-73.8739872067666, 40.7372027054575], [-73.87407388815, 40.7371833668777], [-73.8739679099607, 40.7369112585811]]]}}, {"type": "Feature", "properties": {"zone_id": "0207GZX9F3PTQ0EEVCQ9CZ", "tract_id": "36081047300", "city": "FLUSHING, NY", "zone_code": "R6B", "zone_category": "Residential", "ev_permitted": false}, "geometry": {"type": "Polygon", "coordinates": [[[-73.8735573763981, 40.7367150046339], [-73.8734820329858, 40.7367318130677], [-73.8735851747417, 40.7369966455001], [-73.8736605175051, 40.7369798362957], [-73.8735573763981, 40.7367150046339]]]}}, {"type": "Feature", "properties": {"zone_id": "0203204H5S2NZA4BP5CL38", "tract_id": "36081047300", "city": "FLUSHING, NY", "zone_code": "R6B", "zone_category": "Residential", "ev_permitted": false}, "geometry": {"type": "Polygon", "coordinates": [[[-73.8736370935278, 40.7370417322817], [-73.8732911506877, 40.7371189086875], [-73.8733122325097, 40.7371730421237], [-73.8736581756078, 40.7370958649526], [-73.8736370935278, 40.7370417322817]]]}}, {"type": "Feature", "properties": {"zone_id": "0200ADMZWR2IQX5ZP8PQ3Q", "tract_id": "36081047300", "city": "FLUSHING, NY", "zone_code": "R6B", "zone_category": "Residential", "ev_permitted": false}, "geometry": {"type": "Polygon", "coordinates": [[[-73.8736167873599, 40.7369895924919], [-73.8732708447656, 40.7370667695399], [-73.8732911506877, 40.7371189086875], [-73.8736370935278, 40.7370417322817], [-73.8736167873599, 40.7369895924919]]]}}, {"type": "Feature", "properties": {"zone_id": "0205AXHFJ93DGBT94TFRNF", "tract_id": "36081047300", "city": "FLUSHING, NY", "zone_code": "R6B", "zone_category": "Residential", "ev_permitted": false}, "geometry": {"type": "Polygon", "coordinates": [[[-73.8734356040912, 40.7371455190727], [-73.8733122325097, 40.7371730421237], [-73.8733768194331, 40.7373388777683], [-73.8735001903699, 40.7373113553504], [-73.8734356040912, 40.7371455190727]]]}}, {"type": "Feature", "properties": {"zone_id": "0204RHQIQMVNCN11I8WHA1", "tract_id": "36081047300", "city": "FLUSHING, NY", "zone_code": "R6B", "zone_category": "Residential", "ev_permitted": false}, "geometry": {"type": "Polygon", "coordinates": [[[-73.8735236433299, 40.7368386542748], [-73.873209314033, 40.7369087788508], [-73.8732302559945, 40.7369625523892], [-73.8735445864469, 40.7368924277576], [-73.8735236433299, 40.7368386542748]]]}}, {"type": "Feature", "properties": {"zone_id": "0200SFSNWC322SM75MTYFZ", "tract_id": "36081047300", "city": "FLUSHING, NY", "zone_code": "R6B", "zone_category": "Residential", "ev_permitted": false}, "geometry": {"type": "Polygon", "coordinates": [[[-73.8735445864469, 40.7368924277576], [-73.8732302559945, 40.7369625523892], [-73.8732500792364, 40.7370134508232], [-73.8735644089828, 40.7369433268396], [-73.8735445864469, 40.7368924277576]]]}}, {"type": "Feature", "properties": {"zone_id": "02035WKTOKCQLMP16PAQAF", "tract_id": "36081047300", "city": "FLUSHING, NY", "zone_code": "R6B", "zone_category": "Residential", "ev_permitted": false}, "geometry": {"type": "Polygon", "coordinates": [[[-73.8735644089828, 40.7369433268396], [-73.8732500792364, 40.7370134508232], [-73.8732708447656, 40.7370667695399], [-73.8735851747417, 40.7369966455001], [-73.8735644089828, 40.7369433268396]]]}}, {"type": "Feature", "properties": {"zone_id": "0204HN7VJVAY51NFPA6FSU", "tract_id": "36081047300", "city": "FLUSHING, NY", "zone_code": "R6", "zone_category": "Residential", "ev_permitted": false}, "geometry": {"type": "Polygon", "coordinates": [[[-73.8760584137778, 40.7360095340324], [-73.8756988126762, 40.7362770943423], [-73.8760209177598, 40.7364856495098], [-73.8760319489141, 40.7364987554068], [-73.8760714458269, 40.7365654288154], [-73.8760824964744, 40.7365809799761], [-73.8761346680591, 40.7366398878794], [-73.8761578480023, 40.736662239749], [-73.8761860216569, 40.7366971035825], [-73.8761907474041, 40.7367056705441], [-73.8761958569057, 40.7367194952008], [-73.8762017632877, 40.7367300161161], [-73.8762288124208, 40.7367715357063], [-73.8762438316792, 40.7368019769138], [-73.8762570904927, 40.7368208518918], [-73.8762713960459, 40.7368456380444], [-73.8767301002771, 40.7364989019546], [-73.8760584137778, 40.7360095340324]]]}}, {"type": "Feature", "properties": {"zone_id": "0203Q80D8TQ6YCYD1EHAPN", "tract_id": "36081047300", "city": "FLUSHING, NY", "zone_code": "R6", "zone_category": "Residential", "ev_permitted": false}, "geometry": {"type": "Polygon", "coordinates": [[[-73.8767301002771, 40.7364989019546], [-73.8762827416607, 40.7368367068099], [-73.8767053332512, 40.737052609537], [-73.8767125248829, 40.7370475559951], [-73.8768307976911, 40.737099875943], [-73.8771719881601, 40.7368002035359], [-73.8768241095864, 40.7365677154162], [-73.8767301002771, 40.7364989019546]]]}}, {"type": "Feature", "properties": {"zone_id": "02043TCLG2NUSS3E6KIUCW", "tract_id": "36081047300", "city": "", "zone_code": "C4-2", "zone_category": "Commercial", "ev_permitted": true}, "geometry": {"type": "Polygon", "coordinates": [[[-73.875342089159, 40.7362606403804], [-73.8753043511938, 40.7362857068811], [-73.8752729472838, 40.7363049102292], [-73.875228856406, 40.7363295854706], [-73.8752028127543, 40.7363430075199], [-73.8751395654201, 40.7363723676631], [-73.8750721623877, 40.7363990826765], [-73.8749953562909, 40.7364243652654], [-73.8749529983905, 40.7364361414909], [-73.8745741584365, 40.7365247533961], [-73.8745553684884, 40.7365511275548], [-73.8754455032045, 40.7370065191614], [-73.875882757536, 40.736610713542], [-73.875342089159, 40.7362606403804]]]}}, {"type": "Feature", "properties": {"zone_id": "0203YL3DRDFIEM51T1QMG8", "tract_id": "36081047300", "city": "FLUSHING, NY", "zone_code": "R6", "zone_category": "Residential", "ev_permitted": false}, "geometry": {"type": "Polygon", "coordinates": [[[-73.8760209177598, 40.7364856495098], [-73.8754455032045, 40.7370065191614], [-73.8757936515343, 40.7371846274487], [-73.875977286615, 40.7369711240576], [-73.8760553285517, 40.7370031726659], [-73.8761584428151, 40.7368859433245], [-73.8763168611185, 40.7369525139966], [-73.8763671136731, 40.7368953920209], [-73.8762713960459, 40.7368456380444], [-73.8762570904927, 40.7368208518918], [-73.8762438316792, 40.7368019769138], [-73.8762288124208, 40.7367715357063], [-73.8762017632877, 40.7367300161161], [-73.8761958569057, 40.7367194952008], [-73.8761907474041, 40.7367056705441], [-73.8761860216569, 40.7366971035825], [-73.8761578480023, 40.736662239749], [-73.8761346680591, 40.7366398878794], [-73.8760824964744, 40.7365809799761], [-73.8760714458269, 40.7365654288154], [-73.8760319489141, 40.7364987554068], [-73.8760209177598, 40.7364856495098]]]}}, {"type": "Feature", "properties": {"zone_id": "0202NPQQU5FSVQJQ9VCFVM", "tract_id": "36081047300", "city": "FLUSHING, NY", "zone_code": "C4-2", "zone_category": "Commercial", "ev_permitted": true}, "geometry": {"type": "Polygon", "coordinates": [[[-73.8758690910538, 40.735871598003], [-73.875342089159, 40.7362606403804], [-73.875882757536, 40.736610713542], [-73.8760209177598, 40.7364856495098], [-73.8756988126762, 40.7362770943423], [-73.8760584137778, 40.7360095340324], [-73.8758690910538, 40.735871598003]]]}}, {"type": "Feature", "properties": {"zone_id": "0207585SMED65BOLUXVOF5", "tract_id": "36081047300", "city": "FLUSHING, NY", "zone_code": "C4-2", "zone_category": "Commercial", "ev_permitted": true}, "geometry": {"type": "Polygon", "coordinates": [[[-73.8755448971677, 40.7356551078309], [-73.8751070353244, 40.7359790936353], [-73.8752334306384, 40.736086485691], [-73.8756862252555, 40.7357514493781], [-73.8755448971677, 40.7356551078309]]]}}, {"type": "Feature", "properties": {"zone_id": "0207B7OZOP9YDNIU68NPBA", "tract_id": "36081047300", "city": "FLUSHING, NY", "zone_code": "C4-2", "zone_category": "Commercial", "ev_permitted": true}, "geometry": {"type": "Polygon", "coordinates": [[[-73.8744316452918, 40.7350440656306], [-73.8728234180822, 40.7357772159933], [-73.8728963360298, 40.7359650978883], [-73.8733035834548, 40.7360171961977], [-73.8738511956089, 40.7361518011813], [-73.8743049997871, 40.7363809393312], [-73.8748742556884, 40.7362589272533], [-73.8749671159603, 40.736228515913], [-73.8749970297518, 40.7362172735452], [-73.8750552395501, 40.7361924647482], [-73.8751110393292, 40.7361646466367], [-73.8752080051372, 40.7361052991999], [-73.8752334306384, 40.736086485691], [-73.8751070353244, 40.7359790936353], [-73.8755216189058, 40.7356723315085], [-73.8751429166531, 40.7354185537636], [-73.8750186830852, 40.7353428397469], [-73.874891414322, 40.7352701114029], [-73.874628229766, 40.7351338841213], [-73.8744316452918, 40.7350440656306]]]}}, {"type": "Feature", "properties": {"zone_id": "0203ZH4LF1BPV01LI9Y6ME", "tract_id": "36081047300", "city": "FLUSHING, NY", "zone_code": "R6B", "zone_category": "Residential", "ev_permitted": false}, "geometry": {"type": "Polygon", "coordinates": [[[-73.8729148321103, 40.7361526301925], [-73.8731109173167, 40.7366561255485], [-73.8740222523997, 40.7364523892677], [-73.8737400667205, 40.7363075260187], [-73.8732269533693, 40.736189206746], [-73.8729148321103, 40.7361526301925]]]}}, {"type": "Feature", "properties": {"zone_id": "0203U6Q0Q3EH7ZBXSR9IRO", "tract_id": "36081047300", "city": "FLUSHING, NY", "zone_code": "R6B", "zone_category": "Residential", "ev_permitted": false}, "geometry": {"type": "Polygon", "coordinates": [[[-73.8744705290252, 40.7367092798912], [-73.8743507458256, 40.7368444782743], [-73.8743134713494, 40.7369442254944], [-73.8743326108606, 40.7369936769261], [-73.8743981611167, 40.7368874040466], [-73.8745292631911, 40.7367394302849], [-73.8744705290252, 40.7367092798912]]]}}, {"type": "Feature", "properties": {"zone_id": "02074JOKFOVXISH18K7GSL", "tract_id": "36081047300", "city": "FLUSHING, NY", "zone_code": "R6B", "zone_category": "Residential", "ev_permitted": false}, "geometry": {"type": "Polygon", "coordinates": [[[-73.8742076826857, 40.7365743470473], [-73.8741920748781, 40.7365777547501], [-73.8742666281468, 40.7368027631465], [-73.8743912481861, 40.7366685805471], [-73.8742076826857, 40.7365743470473]]]}}, {"type": "Feature", "properties": {"zone_id": "0204IIJ7UQEDOZ61X375GA", "tract_id": "36081047300", "city": "FLUSHING, NY", "zone_code": "R6B", "zone_category": "Residential", "ev_permitted": false}, "geometry": {"type": "Polygon", "coordinates": [[[-73.8743912481861, 40.7366685805471], [-73.8742666281468, 40.7368027631465], [-73.874302780073, 40.7369166050099], [-73.8743134713494, 40.7369442254944], [-73.8743507458256, 40.7368444782743], [-73.8744705290252, 40.7367092798912], [-73.8743912481861, 40.7366685805471]]]}}, {"type": "Feature", "properties": {"zone_id": "0200N0GGRLW3UENGES0YDF", "tract_id": "36081047300", "city": "FLUSHING, NY", "zone_code": "R6B", "zone_category": "Residential", "ev_permitted": false}, "geometry": {"type": "Polygon", "coordinates": [[[-73.8741920748781, 40.7365777547501], [-73.8739015165881, 40.7366382287782], [-73.8740046589454, 40.736903059432], [-73.874279540869, 40.7368417346803], [-73.8741920748781, 40.7365777547501]]]}}, {"type": "Feature", "properties": {"zone_id": "0202QES1V4M0IJ5Z0Z3Y21", "tract_id": "36081047300", "city": "FLUSHING, NY", "zone_code": "R6B", "zone_category": "Residential", "ev_permitted": false}, "geometry": {"type": "Polygon", "coordinates": [[[-73.8738350211708, 40.736653063529], [-73.8737633708072, 40.7366690484622], [-73.8738665126617, 40.7369338799412], [-73.8739381642091, 40.7369178949454], [-73.8738350211708, 40.736653063529]]]}}, {"type": "Feature", "properties": {"zone_id": "0203ZC8FEVDQMQOC5Q071W", "tract_id": "36081047300", "city": "FLUSHING, NY", "zone_code": "R6B", "zone_category": "Residential", "ev_permitted": false}, "geometry": {"type": "Polygon", "coordinates": [[[-73.8739015165881, 40.7366382287782], [-73.8738350211708, 40.736653063529], [-73.8739381642091, 40.7369178949454], [-73.8740046589454, 40.736903059432], [-73.8739015165881, 40.7366382287782]]]}}, {"type": "Feature", "properties": {"zone_id": "0201EYTAM5V7FLG68OQDS6", "tract_id": "36081047300", "city": "FLUSHING, NY", "zone_code": "R6B", "zone_category": "Residential", "ev_permitted": false}, "geometry": {"type": "Polygon", "coordinates": [[[-73.8736257692245, 40.7366997463152], [-73.8735573763981, 40.7367150046339], [-73.8736605175051, 40.7369798362957], [-73.8737289105784, 40.736964578619], [-73.8736257692245, 40.7366997463152]]]}}, {"type": "Feature", "properties": {"zone_id": "0206ZNUTJTCYIRD2DWW52H", "tract_id": "36081047300", "city": "FLUSHING, NY", "zone_code": "R6B", "zone_category": "Residential", "ev_permitted": false}, "geometry": {"type": "Polygon", "coordinates": [[[-73.8736956157092, 40.7366841642199], [-73.8736257692245, 40.7366997463152], [-73.8737289105784, 40.736964578619], [-73.8737987582417, 40.73694899576], [-73.8736956157092, 40.7366841642199]]]}}, {"type": "Feature", "properties": {"zone_id": "0205C6ECIT6WXQLSPT44HS", "tract_id": "36081047300", "city": "FLUSHING, NY", "zone_code": "R6B", "zone_category": "Residential", "ev_permitted": false}, "geometry": {"type": "Polygon", "coordinates": [[[-73.8737633708072, 40.7366690484622], [-73.8736956157092, 40.7366841642199], [-73.8737987582417, 40.73694899576], [-73.8738665126617, 40.7369338799412], [-73.8737633708072, 40.7366690484622]]]}}, {"type": "Feature", "properties": {"zone_id": "0202VHTCXECIVR3K17205A", "tract_id": "36081047300", "city": "FLUSHING, NY", "zone_code": "R6B", "zone_category": "Residential", "ev_permitted": false}, "geometry": {"type": "Polygon", "coordinates": [[[-73.8735033924634, 40.7367866592715], [-73.8731890643156, 40.7368567830912], [-73.873209314033, 40.7369087788508], [-73.8735236433299, 40.7368386542748], [-73.8735033924634, 40.7367866592715]]]}}, {"type": "Feature", "properties": {"zone_id": "0207LR0Q9YEFY5MB0JLTU8", "tract_id": "36081047300", "city": "FLUSHING, NY", "zone_code": "R6B", "zone_category": "Residential", "ev_permitted": false}, "geometry": {"type": "Polygon", "coordinates": [[[-73.8734820329858, 40.7367318130677], [-73.8731677041505, 40.7368019368285], [-73.8731890643156, 40.7368567830912], [-73.8735033924634, 40.7367866592715], [-73.8734820329858, 40.7367318130677]]]}}]}