{"type": "FeatureCollection", "features": [{"type": "Feature", "properties": {"zone_id": "0202N2U5HMCH2FR1XQDKP9", "tract_id": "36081003100", "city": "LONG ISLAND CITY, NY", "zone_code": "M1-2/R5D", "zone_category": "Industrial", "ev_permitted": true}, "geometry": {"type": "Polygon", "coordinates": [[[-73.9359481391903, 40.7549948545606], [-73.9358928225123, 40.7550482515739], [-73.9362206592914, 40.7552229512921], [-73.9362718559143, 40.7551673581545], [-73.9359481391903, 40.7549948545606]]]}}, {"type": "Feature", "properties": {"zone_id": "02065ZA6NOJSG1ANBM8U20", "tract_id": "36081003100", "city": "LONG ISLAND CITY, NY", "zone_code": "M1-2/R5D", "zone_category": "Industrial", "ev_permitted": true}, "geometry": {"type": "Polygon", "coordinates": [[[-73.9358928225123, 40.7550482515739], [-73.9357809662033, 40.7551562252983], [-73.9361171354613, 40.7553353644093], [-73.9362206592914, 40.7552229512921], [-73.9358928225123, 40.7550482515739]]]}}, {"type": "Feature", "properties": {"zone_id": "0200XBO3UG4MSB3JHGGVF0", "tract_id": "36081003100", "city": "LONG ISLAND CITY, NY", "zone_code": "M1-2/R5D", "zone_category": "Industrial", "ev_permitted": true}, "geometry": {"type": "Polygon", "coordinates": [[[-73.9357649885016, 40.7552334353712], [-73.9357138617034, 40.7552889524355], [-73.9357989672018, 40.7553343035837], [-73.9355883794842, 40.7555628046798], [-73.9358029211071, 40.7556765571105], [-73.9360641783364, 40.7553928684242], [-73.9357649885016, 40.7552334353712]]]}}, {"type": "Feature", "properties": {"zone_id": "02068LM3M43EO4NG4UBDF9", "tract_id": "36081003100", "city": "LONG ISLAND CITY, NY", "zone_code": "M1-2/R6A", "zone_category": "Industrial", "ev_permitted": true}, "geometry": {"type": "Polygon", "coordinates": [[[-73.9357138617034, 40.7552889524355], [-73.9356825323584, 40.755322970153], [-73.9356468531108, 40.7553039567574], [-73.9354674972511, 40.7554987118], [-73.9355883794842, 40.7555628046798], [-73.9357989672018, 40.7553343035837], [-73.9357138617034, 40.7552889524355]]]}}, {"type": "Feature", "properties": {"zone_id": "02019SY8RHK8PWJSDZ2O1X", "tract_id": "36081003100", "city": "LONG ISLAND CITY, NY", "zone_code": "M1-2/R6A", "zone_category": "Industrial", "ev_permitted": true}, "geometry": {"type": "Polygon", "coordinates": [[[-73.9353745267237, 40.7551588374251], [-73.9351943357921, 40.7553538768562], [-73.9354674972511, 40.7554987118], [-73.9356468531108, 40.7553039567574], [-73.9353745267237, 40.7551588374251]]]}}, {"type": "Feature", "properties": {"zone_id": "0206PF017ZQKE9PEBSJYGN", "tract_id": "36081003100", "city": "LONG ISLAND CITY, NY", "zone_code": "M1-2/R5D", "zone_category": "Industrial", "ev_permitted": true}, "geometry": {"type": "Polygon", "coordinates": [[[-73.9357809662033, 40.7551562252983], [-73.9357237467828, 40.7552114579089], [-73.9360641783364, 40.7553928684242], [-73.9361171354613, 40.7553353644093], [-73.9357809662033, 40.7551562252983]]]}}, {"type": "Feature", "properties": {"zone_id": "0200LI6LCC077WWANX1FLG", "tract_id": "36081003100", "city": "LONG ISLAND CITY, NY", "zone_code": "M1-2/R5B", "zone_category": "Industrial", "ev_permitted": true}, "geometry": {"type": "Polygon", "coordinates": [[[-73.9355409362092, 40.7549787136878], [-73.9354986663149, 40.7550244673034], [-73.9357684997828, 40.7551682583424], [-73.9358140749383, 40.7551242666215], [-73.9355409362092, 40.7549787136878]]]}}, {"type": "Feature", "properties": {"zone_id": "0204S5IQYTJCKE1Q17AQ6F", "tract_id": "36081003100", "city": "LONG ISLAND CITY, NY", "zone_code": "M1-2/R5B", "zone_category": "Industrial", "ev_permitted": true}, "geometry": {"type": "Polygon", "coordinates": [[[-73.9354986663149, 40.7550244673034], [-73.9354571594747, 40.755069395711], [-73.9357237467828, 40.7552114579089], [-73.9357684997828, 40.7551682583424], [-73.9354986663149, 40.7550244673034]]]}}, {"type": "Feature", "properties": {"zone_id": "0206ZWM96S385DOH1ULXJ2", "tract_id": "36081003100", "city": "LONG ISLAND CITY, NY", "zone_code": "M1-2/R5D", "zone_category": "Industrial", "ev_permitted": true}, "geometry": {"type": "Polygon", "coordinates": [[[-73.9354571594747, 40.755069395711], [-73.935415536725, 40.7551144484083], [-73.9357227094399, 40.7552793450516], [-73.9357649885016, 40.7552334353712], [-73.9354571594747, 40.755069395711]]]}}, {"type": "Feature", "properties": {"zone_id": "0201U847U9H3D1HMJZZM6C", "tract_id": "36081003100", "city": "LONG ISLAND CITY, NY", "zone_code": "M1-2/R5B", "zone_category": "Industrial", "ev_permitted": true}, "geometry": {"type": "Polygon", "coordinates": [[[-73.935415536725, 40.7551144484083], [-73.9353745267237, 40.7551588374251], [-73.9356825323584, 40.755322970153], [-73.9357227094399, 40.7552793450516], [-73.935415536725, 40.7551144484083]]]}}, {"type": "Feature", "properties": {"zone_id": "0205UOLCRA5G23LAQONEUY", "tract_id": "36081003100", "city": "LONG ISLAND CITY, NY", "zone_code": "M1-2/R5B", "zone_category": "Industrial", "ev_permitted": true}, "geometry": {"type": "Polygon", "coordinates": [[[-73.9358601775766, 40.7546331588707], [-73.935665870611, 40.7548434823724], [-73.9362718559143, 40.7551673581545], [-73.9363231680733, 40.755111639985], [-73.9360035815607, 40.7549413374363], [-73.9361582760898, 40.7547920113964], [-73.9358601775766, 40.7546331588707]]]}}, {"type": "Feature", "properties": {"zone_id": "0203FHN62E17P91ZGUL1EJ", "tract_id": "36081003100", "city": "LONG ISLAND CITY, NY", "zone_code": "M1-2/R5D", "zone_category": "Industrial", "ev_permitted": true}, "geometry": {"type": "Polygon", "coordinates": [[[-73.9361997080491, 40.7547580230333], [-73.9361650724188, 40.754795633134], [-73.9361582760898, 40.7547920113964], [-73.9361170038736, 40.7548318522474], [-73.936428140641, 40.7549976521262], [-73.9365009747625, 40.7549185627955], [-73.9361997080491, 40.7547580230333]]]}}, {"type": "Feature", "properties": {"zone_id": "0200ZUTVLKQ2O4R71NX2CA", "tract_id": "36081003100", "city": "LONG ISLAND CITY, NY", "zone_code": "M1-2/R5D", "zone_category": "Industrial", "ev_permitted": true}, "geometry": {"type": "Polygon", "coordinates": [[[-73.9361170038736, 40.7548318522474], [-73.936058381058, 40.7548884403725], [-73.9363738853884, 40.7550565672037], [-73.936428140641, 40.7549976521262], [-73.9361170038736, 40.7548318522474]]]}}, {"type": "Feature", "properties": {"zone_id": "02027RNVPMLUX5DIZ6TUQO", "tract_id": "36081003100", "city": "LONG ISLAND CITY, NY", "zone_code": "M1-2/R5D", "zone_category": "Industrial", "ev_permitted": true}, "geometry": {"type": "Polygon", "coordinates": [[[-73.936058381058, 40.7548884403725], [-73.9360035815607, 40.7549413374363], [-73.9363231680733, 40.755111639985], [-73.9363738853884, 40.7550565672037], [-73.936058381058, 40.7548884403725]]]}}, {"type": "Feature", "properties": {"zone_id": "0205JTP602K9X51Z7686J2", "tract_id": "36081003100", "city": "LONG ISLAND CITY, NY", "zone_code": "M1-2/R5D", "zone_category": "Industrial", "ev_permitted": true}, "geometry": {"type": "Polygon", "coordinates": [[[-73.9363337511312, 40.7546124677071], [-73.9361997080491, 40.7547580230333], [-73.9365009747625, 40.7549185627955], [-73.9366350184334, 40.7547730071226], [-73.9363337511312, 40.7546124677071]]]}}, {"type": "Feature", "properties": {"zone_id": "0207AWBE53GXNUVJU9AI5A", "tract_id": "36081003100", "city": "LONG ISLAND CITY, NY", "zone_code": "M1-2/R5D", "zone_category": "Industrial", "ev_permitted": true}, "geometry": {"type": "Polygon", "coordinates": [[[-73.9362653151181, 40.7545759985995], [-73.9360966353859, 40.7547591639267], [-73.9361650724188, 40.754795633134], [-73.9363337511312, 40.7546124677071], [-73.9362653151181, 40.7545759985995]]]}}, {"type": "Feature", "properties": {"zone_id": "0204FEFJ35KC22UVHKHI60", "tract_id": "36081003100", "city": "LONG ISLAND CITY, NY", "zone_code": "M1-2/R5D", "zone_category": "Industrial", "ev_permitted": true}, "geometry": {"type": "Polygon", "coordinates": [[[-73.9361850985489, 40.7545332524311], [-73.9360164187043, 40.7547164176419], [-73.9360966353859, 40.7547591639267], [-73.9362653151181, 40.7545759985995], [-73.9361850985489, 40.7545332524311]]]}}, {"type": "Feature", "properties": {"zone_id": "0205DM1CBGC458JBOCFL7K", "tract_id": "36081003100", "city": "LONG ISLAND CITY, NY", "zone_code": "M1-2/R5D", "zone_category": "Industrial", "ev_permitted": true}, "geometry": {"type": "Polygon", "coordinates": [[[-73.9361009376647, 40.7544884037823], [-73.9359322577016, 40.7546715695737], [-73.9360164187043, 40.7547164176419], [-73.9361850985489, 40.7545332524311], [-73.9361009376647, 40.7544884037823]]]}}, {"type": "Feature", "properties": {"zone_id": "0201D23ML2U44QQKBRQSXR", "tract_id": "36081003100", "city": "LONG ISLAND CITY, NY", "zone_code": "M1-2/R5D", "zone_category": "Industrial", "ev_permitted": true}, "geometry": {"type": "Polygon", "coordinates": [[[-73.9360292159715, 40.754450184505], [-73.9358601775766, 40.7546331588707], [-73.9359322577016, 40.7546715695737], [-73.9361009376647, 40.7544884037823], [-73.9360292159715, 40.754450184505]]]}}, {"type": "Feature", "properties": {"zone_id": "0202TP8U4PFTTPZS4KBZZ1", "tract_id": "36081003100", "city": "LONG ISLAND CITY, NY", "zone_code": "M1-2/R5B", "zone_category": "Industrial", "ev_permitted": true}, "geometry": {"type": "Polygon", "coordinates": [[[-73.9355811738616, 40.7549351589331], [-73.9355409362092, 40.7549787136878], [-73.9358140749383, 40.7551242666215], [-73.9358574590064, 40.7550823879515], [-73.9355811738616, 40.7549351589331]]]}}, {"type": "Feature", "properties": {"zone_id": "0205QP02USK0WPGT5KWJ1G", "tract_id": "36081003100", "city": "LONG ISLAND CITY, NY", "zone_code": "M1-2/R5B", "zone_category": "Industrial", "ev_permitted": true}, "geometry": {"type": "Polygon", "coordinates": [[[-73.935665870611, 40.7548434823724], [-73.9355811738616, 40.7549351589331], [-73.9358574590064, 40.7550823879515], [-73.9359487773509, 40.7549942400923], [-73.935665870611, 40.7548434823724]]]}}, {"type": "Feature", "properties": {"zone_id": "0207FUIV0ZY3VYDP4EG2H0", "tract_id": "36081003100", "city": "LONG ISLAND CITY, NY", "zone_code": "M1-2/R5B", "zone_category": "Industrial", "ev_permitted": true}, "geometry": {"type": "Polygon", "coordinates": [[[-73.9353456628953, 40.75443851261], [-73.9352926903305, 40.7544957886087], [-73.9355898996103, 40.7546548662571], [-73.9356428711234, 40.7545975887171], [-73.9353456628953, 40.75443851261]]]}}, {"type": "Feature", "properties": {"zone_id": "0202N9TU26M4ASPCRZ5S9G", "tract_id": "36081003100", "city": "LONG ISLAND CITY, NY", "zone_code": "M1-2/R5B", "zone_category": "Industrial", "ev_permitted": true}, "geometry": {"type": "Polygon", "coordinates": [[[-73.9352926903305, 40.7544957886087], [-73.9352431835751, 40.754549317866], [-73.9355403929762, 40.7547083949381], [-73.9355898996103, 40.7546548662571], [-73.9352926903305, 40.7544957886087]]]}}, {"type": "Feature", "properties": {"zone_id": "0202J23A135ZHO1KBEIJ9Z", "tract_id": "36081003100", "city": "LONG ISLAND CITY, NY", "zone_code": "M1-2/R5B", "zone_category": "Industrial", "ev_permitted": true}, "geometry": {"type": "Polygon", "coordinates": [[[-73.9352431835751, 40.754549317866], [-73.935200395806, 40.7545955833194], [-73.9354976043866, 40.754754661203], [-73.9355403929762, 40.7547083949381], [-73.9352431835751, 40.754549317866]]]}}, {"type": "Feature", "properties": {"zone_id": "02075B4MV1QQUN5KJQD9DK", "tract_id": "36081003100", "city": "LONG ISLAND CITY, NY", "zone_code": "M1-2/R5B", "zone_category": "Industrial", "ev_permitted": true}, "geometry": {"type": "Polygon", "coordinates": [[[-73.935200395806, 40.7545955833194], [-73.9351590343023, 40.7546403051235], [-73.9354562429843, 40.7547993824101], [-73.9354976043866, 40.754754661203], [-73.935200395806, 40.7545955833194]]]}}, {"type": "Feature", "properties": {"zone_id": "0207D4A082S2RRUJYUN3SM", "tract_id": "36081003100", "city": "LONG ISLAND CITY, NY", "zone_code": "M1-2/R5B", "zone_category": "Industrial", "ev_permitted": true}, "geometry": {"type": "Polygon", "coordinates": [[[-73.9351590343023, 40.7546403051235], [-73.9351178244394, 40.7546848639819], [-73.9354150332225, 40.7548439406711], [-73.9354562429843, 40.7547993824101], [-73.9351590343023, 40.7546403051235]]]}}, {"type": "Feature", "properties": {"zone_id": "0204X4XN98091PSNW13U96", "tract_id": "36081003100", "city": "LONG ISLAND CITY, NY", "zone_code": "M1-2/R5D", "zone_category": "Industrial", "ev_permitted": true}, "geometry": {"type": "Polygon", "coordinates": [[[-73.9361143082422, 40.753962158315], [-73.9359041004905, 40.7541903222644], [-73.9359853175537, 40.7542336228793], [-73.9361955251639, 40.7540054587832], [-73.9361143082422, 40.753962158315]]]}}, {"type": "Feature", "properties": {"zone_id": "02011DWBVINWE8ZW069K6U", "tract_id": "36081003100", "city": "LONG ISLAND CITY, NY", "zone_code": "M1-2/R5D", "zone_category": "Industrial", "ev_permitted": true}, "geometry": {"type": "Polygon", "coordinates": [[[-73.9355644025812, 40.7542019970787], [-73.9353974199526, 40.7543825491672], [-73.9356946271299, 40.7545416258443], [-73.9358616102764, 40.7543610726269], [-73.9355644025812, 40.7542019970787]]]}}, {"type": "Feature", "properties": {"zone_id": "0203NNU36RDX1T92E3PQ5H", "tract_id": "36081003100", "city": "LONG ISLAND CITY, NY", "zone_code": "M1-2/R5D", "zone_category": "Industrial", "ev_permitted": true}, "geometry": {"type": "Polygon", "coordinates": [[[-73.9354862493235, 40.7541601657293], [-73.9352769340941, 40.7543864915858], [-73.9353550865625, 40.7544283223727], [-73.9355644025812, 40.7542019970787], [-73.9354862493235, 40.7541601657293]]]}}, {"type": "Feature", "properties": {"zone_id": "0206RCOAKJG5094370KD5K", "tract_id": "36081003100", "city": "LONG ISLAND CITY, NY", "zone_code": "M1-2/R5B", "zone_category": "Industrial", "ev_permitted": true}, "geometry": {"type": "Polygon", "coordinates": [[[-73.9353974199526, 40.7543825491672], [-73.9353456628953, 40.75443851261], [-73.9356428711234, 40.7545975887171], [-73.9356946271299, 40.7545416258443], [-73.9353974199526, 40.7543825491672]]]}}, {"type": "Feature", "properties": {"zone_id": "020622DLXP31WFLSEXR42W", "tract_id": "36081003100", "city": "LONG ISLAND CITY, NY", "zone_code": "M1-2/R5D", "zone_category": "Industrial", "ev_permitted": true}, "geometry": {"type": "Polygon", "coordinates": [[[-73.9354195450756, 40.7541244629803], [-73.9352102297317, 40.7543507887168], [-73.9352769340941, 40.7543864915858], [-73.9354862493235, 40.7541601657293], [-73.9354195450756, 40.7541244629803]]]}}, {"type": "Feature", "properties": {"zone_id": "02004QOWQH3JBN3HHD0VP8", "tract_id": "36081003100", "city": "LONG ISLAND CITY, NY", "zone_code": "M1-2/R5D", "zone_category": "Industrial", "ev_permitted": true}, "geometry": {"type": "Polygon", "coordinates": [[[-73.9353407224455, 40.7540822742075], [-73.9351314069671, 40.7543085990994], [-73.9352102297317, 40.7543507887168], [-73.9354195450756, 40.7541244629803], [-73.9353407224455, 40.7540822742075]]]}}, {"type": "Feature", "properties": {"zone_id": "0206CO9EPMAQ2LNDVSMBZJ", "tract_id": "36081003100", "city": "LONG ISLAND CITY, NY", "zone_code": "M1-2/R5B", "zone_category": "Industrial", "ev_permitted": true}, "geometry": {"type": "Polygon", "coordinates": [[[-73.9359909312772, 40.7537322154707], [-73.9359414540186, 40.753786031733], [-73.9362474413931, 40.7539491078807], [-73.9362969489423, 40.7538953702024], [-73.9359909312772, 40.7537322154707]]]}}, {"type": "Feature", "properties": {"zone_id": "0206WJYXOYBD1QCDZU9AD7", "tract_id": "36081003100", "city": "LONG ISLAND CITY, NY", "zone_code": "M1-2/R5B", "zone_category": "Industrial", "ev_permitted": true}, "geometry": {"type": "Polygon", "coordinates": [[[-73.9359414540186, 40.753786031733], [-73.9358894684532, 40.753842283386], [-73.9361955251639, 40.7540054587832], [-73.9362474413931, 40.7539491078807], [-73.9359414540186, 40.753786031733]]]}}, {"type": "Feature", "properties": {"zone_id": "0205Z0MNZPPATMYFSTF19F", "tract_id": "36081003100", "city": "LONG ISLAND CITY, NY", "zone_code": "M1-2/R5B", "zone_category": "Industrial", "ev_permitted": true}, "geometry": {"type": "Polygon", "coordinates": [[[-73.936047068984, 40.7536712814741], [-73.9359909312772, 40.7537322154707], [-73.9362969489423, 40.7538953702024], [-73.9363530874306, 40.7538344360587], [-73.936047068984, 40.7536712814741]]]}}, {"type": "Feature", "properties": {"zone_id": "0207C3F6ZPWTJ044P6SH6A", "tract_id": "36081003100", "city": "LONG ISLAND CITY, NY", "zone_code": "M1-2/R5B", "zone_category": "Industrial", "ev_permitted": true}, "geometry": {"type": "Polygon", "coordinates": [[[-73.9363082718707, 40.7533877621692], [-73.9362022759064, 40.7535028146026], [-73.9365082939593, 40.7536659687787], [-73.9366142896547, 40.7535509160665], [-73.9363082718707, 40.7533877621692]]]}}, {"type": "Feature", "properties": {"zone_id": "0201KW2PFT1HDGFG7RYX06", "tract_id": "36081003100", "city": "LONG ISLAND CITY, NY", "zone_code": "M1-2/R5B", "zone_category": "Industrial", "ev_permitted": true}, "geometry": {"type": "Polygon", "coordinates": [[[-73.9362022759064, 40.7535028146026], [-73.936047068984, 40.7536712814741], [-73.9363530874306, 40.7538344360587], [-73.9365082939593, 40.7536659687787], [-73.9362022759064, 40.7535028146026]]]}}, {"type": "Feature", "properties": {"zone_id": "0200LD3SBGQQQV0JLX3GDM", "tract_id": "36081003100", "city": "LONG ISLAND CITY, NY", "zone_code": "M1-2/R5B", "zone_category": "Industrial", "ev_permitted": true}, "geometry": {"type": "Polygon", "coordinates": [[[-73.93584807491, 40.7534031366586], [-73.9357973899155, 40.7534581256232], [-73.9360965182153, 40.7536176077891], [-73.9361471864604, 40.7535626102531], [-73.93584807491, 40.7534031366586]]]}}, {"type": "Feature", "properties": {"zone_id": "0201ZP8G2B0GAYQLVPXBWG", "tract_id": "36081003100", "city": "LONG ISLAND CITY, NY", "zone_code": "M1-2/R5D", "zone_category": "Industrial", "ev_permitted": true}, "geometry": {"type": "Polygon", "coordinates": [[[-73.9356706674524, 40.7537256288464], [-73.9354604589276, 40.753953791994], [-73.9355383017806, 40.7539952950486], [-73.9357485101704, 40.7537671310577], [-73.9356706674524, 40.7537256288464]]]}}, {"type": "Feature", "properties": {"zone_id": "020785Q0HTKO97FDNKYTIG", "tract_id": "36081003100", "city": "LONG ISLAND CITY, NY", "zone_code": "M1-2/R5D", "zone_category": "Industrial", "ev_permitted": true}, "geometry": {"type": "Polygon", "coordinates": [[[-73.9358894684532, 40.753842283386], [-73.9356792990973, 40.7540704680303], [-73.9359041004905, 40.7541903222644], [-73.9361143082422, 40.753962158315], [-73.9358894684532, 40.753842283386]]]}}, {"type": "Feature", "properties": {"zone_id": "0203BH4JPKECBLD3OFJOLG", "tract_id": "36081003100", "city": "LONG ISLAND CITY, NY", "zone_code": "M1-2/R5D", "zone_category": "Industrial", "ev_permitted": true}, "geometry": {"type": "Polygon", "coordinates": [[[-73.9358204267361, 40.7538054735873], [-73.9356102184715, 40.7540336377081], [-73.9356792990973, 40.7540704680303], [-73.9358894684532, 40.753842283386], [-73.9358204267361, 40.7538054735873]]]}}, {"type": "Feature", "properties": {"zone_id": "0205CTKHKLD6B0VOCMLFFL", "tract_id": "36081003100", "city": "LONG ISLAND CITY, NY", "zone_code": "M1-2/R5D", "zone_category": "Industrial", "ev_permitted": true}, "geometry": {"type": "Polygon", "coordinates": [[[-73.9357485101704, 40.7537671310577], [-73.9355383017806, 40.7539952950486], [-73.9356102184715, 40.7540336377081], [-73.9358204267361, 40.7538054735873], [-73.9357485101704, 40.7537671310577]]]}}, {"type": "Feature", "properties": {"zone_id": "0204G3D5FRPLB2VTFKTRSF", "tract_id": "36081003100", "city": "LONG ISLAND CITY, NY", "zone_code": "M1-2/R5D", "zone_category": "Industrial", "ev_permitted": true}, "geometry": {"type": "Polygon", "coordinates": [[[-73.9355903100873, 40.7536827852126], [-73.9353800312339, 40.7539109116375], [-73.9354604589276, 40.753953791994], [-73.9356706674524, 40.7537256288464], [-73.9355903100873, 40.7536827852126]]]}}, {"type": "Feature", "properties": {"zone_id": "0205I6X5FDPCXJ9ALRDXPH", "tract_id": "36081003100", "city": "LONG ISLAND CITY, NY", "zone_code": "M1-2/R5B", "zone_category": "Industrial", "ev_permitted": true}, "geometry": {"type": "Polygon", "coordinates": [[[-73.9357973899155, 40.7534581256232], [-73.9357479239378, 40.7535117907399], [-73.936047068984, 40.7536712814741], [-73.9360965182153, 40.7536176077891], [-73.9357973899155, 40.7534581256232]]]}}, {"type": "Feature", "properties": {"zone_id": "02033YH8B00YG1GXCUEEEI", "tract_id": "36081003100", "city": "LONG ISLAND CITY, NY", "zone_code": "M1-2/R5B", "zone_category": "Industrial", "ev_permitted": true}, "geometry": {"type": "Polygon", "coordinates": [[[-73.9357479239378, 40.7535117907399], [-73.9356422432008, 40.7536264430215], [-73.9359414540186, 40.753786031733], [-73.936047068984, 40.7536712814741], [-73.9357479239378, 40.7535117907399]]]}}, {"type": "Feature", "properties": {"zone_id": "0201QX94MFA7C6J5ZOO1CQ", "tract_id": "36081003100", "city": "LONG ISLAND CITY, NY", "zone_code": "M1-2/R5B", "zone_category": "Industrial", "ev_permitted": true}, "geometry": {"type": "Polygon", "coordinates": [[[-73.9356422432008, 40.7536264430215], [-73.9355903100873, 40.7536827852126], [-73.9358894684532, 40.753842283386], [-73.9359414540186, 40.753786031733], [-73.9356422432008, 40.7536264430215]]]}}, {"type": "Feature", "properties": {"zone_id": "02013UPVA6WJZ3RM6CLR2R", "tract_id": "36081003100", "city": "LONG ISLAND CITY, NY", "zone_code": "M1-2/R6A", "zone_category": "Industrial", "ev_permitted": true}, "geometry": {"type": "Polygon", "coordinates": [[[-73.9348528366414, 40.7549713801419], [-73.9348174066523, 40.7550096878266], [-73.9351146170907, 40.7551687659866], [-73.9351500460694, 40.7551304582109], [-73.9348528366414, 40.7549713801419]]]}}, {"type": "Feature", "properties": {"zone_id": "0203XW81EXOZY4ZG5BVUOX", "tract_id": "36081003100", "city": "LONG ISLAND CITY, NY", "zone_code": "M1-2/R6A", "zone_category": "Industrial", "ev_permitted": true}, "geometry": {"type": "Polygon", "coordinates": [[[-73.9348174066523, 40.7550096878266], [-73.9347806686799, 40.7550494106096], [-73.9350778792077, 40.7552084888636], [-73.9351146170907, 40.7551687659866], [-73.9348174066523, 40.7550096878266]]]}}, {"type": "Feature", "properties": {"zone_id": "0202OM2BA1NWJM3J67OULM", "tract_id": "36081003100", "city": "LONG ISLAND CITY, NY", "zone_code": "M1-2/R6A", "zone_category": "Industrial", "ev_permitted": true}, "geometry": {"type": "Polygon", "coordinates": [[[-73.9347806686799, 40.7550494106096], [-73.9347277561911, 40.7551066224365], [-73.9350260999659, 40.755264474629], [-73.9350778792077, 40.7552084888636], [-73.9347806686799, 40.7550494106096]]]}}, {"type": "Feature", "properties": {"zone_id": "0205YM2X7XDG8H8Y7O0P4F", "tract_id": "36081003100", "city": "LONG ISLAND CITY, NY", "zone_code": "M1-2/R5B", "zone_category": "Industrial", "ev_permitted": true}, "geometry": {"type": "Polygon", "coordinates": [[[-73.9351178244394, 40.7546848639819], [-73.9348889973332, 40.7549322816695], [-73.9351862066725, 40.7550913603488], [-73.9354150332225, 40.7548439406711], [-73.9351178244394, 40.7546848639819]]]}}, {"type": "Feature", "properties": {"zone_id": "0204NE9169TGGY7XTAEZ36", "tract_id": "36081003100", "city": "LONG ISLAND CITY, NY", "zone_code": "M1-2/R6A", "zone_category": "Industrial", "ev_permitted": true}, "geometry": {"type": "Polygon", "coordinates": [[[-73.9348889973332, 40.7549322816695], [-73.9348528366414, 40.7549713801419], [-73.9351500460694, 40.7551304582109], [-73.9351862066725, 40.7550913603488], [-73.9348889973332, 40.7549322816695]]]}}, {"type": "Feature", "properties": {"zone_id": "02033ZUB6PZ09CGYR5JXV7", "tract_id": "36081003100", "city": "LONG ISLAND CITY, NY", "zone_code": "M1-2/R6A", "zone_category": "Industrial", "ev_permitted": true}, "geometry": {"type": "Polygon", "coordinates": [[[-73.9346759433098, 40.7547415918464], [-73.9346327099282, 40.7547951061281], [-73.9348889973332, 40.7549322816695], [-73.9349364178814, 40.7548810090197], [-73.9346759433098, 40.7547415918464]]]}}, {"type": "Feature", "properties": {"zone_id": "0202MQLT520XO60ROMP6I2", "tract_id": "36081003100", "city": "LONG ISLAND CITY, NY", "zone_code": "M1-2/R6A", "zone_category": "Industrial", "ev_permitted": true}, "geometry": {"type": "Polygon", "coordinates": [[[-73.9346327099282, 40.7547951061281], [-73.9345809448665, 40.7548591799678], [-73.9348322185628, 40.7549936728602], [-73.9348889973332, 40.7549322816695], [-73.9346327099282, 40.7547951061281]]]}}, {"type": "Feature", "properties": {"zone_id": "0204AFESFYGKOY4VVNRB64", "tract_id": "36081003100", "city": "LONG ISLAND CITY, NY", "zone_code": "M1-2/R6A", "zone_category": "Industrial", "ev_permitted": true}, "geometry": {"type": "Polygon", "coordinates": [[[-73.9345809448665, 40.7548591799678], [-73.9345339469433, 40.7549173541902], [-73.9347806686799, 40.7550494106096], [-73.9348322185628, 40.7549936728602], [-73.9345809448665, 40.7548591799678]]]}}, {"type": "Feature", "properties": {"zone_id": "0205ZWD3E353KJRUISXVPL", "tract_id": "36081003100", "city": "LONG ISLAND CITY, NY", "zone_code": "M1-2/R6A", "zone_category": "Industrial", "ev_permitted": true}, "geometry": {"type": "Polygon", "coordinates": [[[-73.9345339469433, 40.7549173541902], [-73.9344848645982, 40.754978107357], [-73.9347277561911, 40.7551066224365], [-73.9347806686799, 40.7550494106096], [-73.9345339469433, 40.7549173541902]]]}}, {"type": "Feature", "properties": {"zone_id": "02077F9DJRGEPVXTUAZ27V", "tract_id": "36081003100", "city": "LONG ISLAND CITY, NY", "zone_code": "M1-2/R5B", "zone_category": "Industrial", "ev_permitted": true}, "geometry": {"type": "Polygon", "coordinates": [[[-73.934963168953, 40.7543860619072], [-73.9348193016418, 40.7545641423165], [-73.935093661072, 40.7547109898426], [-73.9352514612224, 40.754540367882], [-73.934963168953, 40.7543860619072]]]}}, {"type": "Feature", "properties": {"zone_id": "0206TGLKFXOCVWZJKB9CRT", "tract_id": "36081003100", "city": "LONG ISLAND CITY, NY", "zone_code": "M1-2/R5B", "zone_category": "Industrial", "ev_permitted": true}, "geometry": {"type": "Polygon", "coordinates": [[[-73.9348193016418, 40.7545641423165], [-73.9346759433098, 40.7547415918464], [-73.9349364178814, 40.7548810090197], [-73.935093661072, 40.7547109898426], [-73.9348193016418, 40.7545641423165]]]}}, {"type": "Feature", "properties": {"zone_id": "0203KRN1CVCEI1CWWJFE41", "tract_id": "36081003100", "city": "LONG ISLAND CITY, NY", "zone_code": "M1-2/R5B", "zone_category": "Industrial", "ev_permitted": true}, "geometry": {"type": "Polygon", "coordinates": [[[-73.9342475048536, 40.7544192165423], [-73.9339978997943, 40.7547209224998], [-73.9343131650612, 40.7548874022008], [-73.9345740981734, 40.7545720030379], [-73.9342475048536, 40.7544192165423]]]}}, {"type": "Feature", "properties": {"zone_id": "0207FZRF0RGSPXEYSR57WF", "tract_id": "36081003100", "city": "LONG ISLAND CITY, NY", "zone_code": "M1-2/R6A", "zone_category": "Industrial", "ev_permitted": true}, "geometry": {"type": "Polygon", "coordinates": [[[-73.9337951172347, 40.7544709932583], [-73.933714084827, 40.7545710476129], [-73.9339978997943, 40.7547209224998], [-73.9340791056409, 40.7546227666212], [-73.9337951172347, 40.7544709932583]]]}}, {"type": "Feature", "properties": {"zone_id": "0200HBQNFDV2TEZEJG2NJQ", "tract_id": "36081003100", "city": "LONG ISLAND CITY, NY", "zone_code": "M1-2/R5B", "zone_category": "Industrial", "ev_permitted": true}, "geometry": {"type": "Polygon", "coordinates": [[[-73.93505764428, 40.7542691182058], [-73.9350117730636, 40.7543258984923], [-73.9353047733255, 40.7544827246046], [-73.9353550865625, 40.7544283223727], [-73.93505764428, 40.7542691182058]]]}}, {"type": "Feature", "properties": {"zone_id": "0204IGJEXLXM78HGCSQUB6", "tract_id": "36081003100", "city": "LONG ISLAND CITY, NY", "zone_code": "M1-2/R5B", "zone_category": "Industrial", "ev_permitted": true}, "geometry": {"type": "Polygon", "coordinates": [[[-73.9350117730636, 40.7543258984923], [-73.934963168953, 40.7543860619072], [-73.9352514612224, 40.754540367882], [-73.9353047733255, 40.7544827246046], [-73.9350117730636, 40.7543258984923]]]}}, {"type": "Feature", "properties": {"zone_id": "0201LFMF6M235QYGQ4KB4Z", "tract_id": "36081003100", "city": "LONG ISLAND CITY, NY", "zone_code": "M1-2/R5B", "zone_category": "Industrial", "ev_permitted": true}, "geometry": {"type": "Polygon", "coordinates": [[[-73.9344407096976, 40.7541856825774], [-73.9343475710436, 40.7542982637506], [-73.9346741630759, 40.7544510499647], [-73.9347673013915, 40.7543384685299], [-73.9344407096976, 40.7541856825774]]]}}, {"type": "Feature", "properties": {"zone_id": "02009JZ6C4P4PJSLC0D1UD", "tract_id": "36081003100", "city": "LONG ISLAND CITY, NY", "zone_code": "M1-2/R5D", "zone_category": "Industrial", "ev_permitted": true}, "geometry": {"type": "Polygon", "coordinates": [[[-73.9352620449083, 40.754040162754], [-73.9350962079025, 40.7542213832793], [-73.93505764428, 40.7542691182058], [-73.9351314069671, 40.7543085990994], [-73.9353407224455, 40.7540822742075], [-73.9352620449083, 40.754040162754]]]}}, {"type": "Feature", "properties": {"zone_id": "0202SBCG5EHLQ8DDEG780M", "tract_id": "36081003100", "city": "LONG ISLAND CITY, NY", "zone_code": "M1-2/R5B", "zone_category": "Industrial", "ev_permitted": true}, "geometry": {"type": "Polygon", "coordinates": [[[-73.9345363522819, 40.7540700757116], [-73.9344880592292, 40.7541284494423], [-73.9348146507519, 40.7542812345592], [-73.9348629427044, 40.754222861395], [-73.9345363522819, 40.7540700757116]]]}}, {"type": "Feature", "properties": {"zone_id": "0205QU1BT27QQUPTJ0MHH0", "tract_id": "36081003100", "city": "LONG ISLAND CITY, NY", "zone_code": "M1-2/R5B", "zone_category": "Industrial", "ev_permitted": true}, "geometry": {"type": "Polygon", "coordinates": [[[-73.9344880592292, 40.7541284494423], [-73.9344407096976, 40.7541856825774], [-73.9347673013915, 40.7543384685299], [-73.9348146507519, 40.7542812345592], [-73.9344880592292, 40.7541284494423]]]}}, {"type": "Feature", "properties": {"zone_id": "0201OT1RNLMEK3IBN10QGH", "tract_id": "36081003100", "city": "LONG ISLAND CITY, NY", "zone_code": "M1-2/R5B", "zone_category": "Industrial", "ev_permitted": true}, "geometry": {"type": "Polygon", "coordinates": [[[-73.9345835628857, 40.7540130089868], [-73.9345363522819, 40.7540700757116], [-73.9348629427044, 40.754222861395], [-73.9349090791006, 40.7541670931401], [-73.9347470666216, 40.754091315678], [-73.9345835628857, 40.7540130089868]]]}}, {"type": "Feature", "properties": {"zone_id": "0202AOI025EPL4YCFV1WKV", "tract_id": "36081003100", "city": "LONG ISLAND CITY, NY", "zone_code": "M1-2/R5D", "zone_category": "Industrial", "ev_permitted": true}, "geometry": {"type": "Polygon", "coordinates": [[[-73.9348009351693, 40.7540344950518], [-73.9347470666216, 40.754091315678], [-73.9349090791006, 40.7541670931401], [-73.9349352010068, 40.7541355179262], [-73.934953778726, 40.7541159236358], [-73.9348009351693, 40.7540344950518]]]}}, {"type": "Feature", "properties": {"zone_id": "0206R7491YZ1XXTL3ROVO2", "tract_id": "36081003100", "city": "LONG ISLAND CITY, NY", "zone_code": "M1-2/R5B", "zone_category": "Industrial", "ev_permitted": true}, "geometry": {"type": "Polygon", "coordinates": [[[-73.9343475710436, 40.7542982637506], [-73.9342949065246, 40.7543619195766], [-73.9346214996715, 40.7545147066417], [-73.9346741630759, 40.7544510499647], [-73.9343475710436, 40.7542982637506]]]}}, {"type": "Feature", "properties": {"zone_id": "0203VO42BKTDTAIYU42BRX", "tract_id": "36081003100", "city": "LONG ISLAND CITY, NY", "zone_code": "M1-2/R5B", "zone_category": "Industrial", "ev_permitted": true}, "geometry": {"type": "Polygon", "coordinates": [[[-73.9342949065246, 40.7543619195766], [-73.9342475048536, 40.7544192165423], [-73.9345740981734, 40.7545720030379], [-73.9346214996715, 40.7545147066417], [-73.9342949065246, 40.7543619195766]]]}}, {"type": "Feature", "properties": {"zone_id": "0205IQ36UL9MK24FIOM07Q", "tract_id": "36081003100", "city": "LONG ISLAND CITY, NY", "zone_code": "M1-2/R5B", "zone_category": "Industrial", "ev_permitted": true}, "geometry": {"type": "Polygon", "coordinates": [[[-73.9339498329575, 40.7542799584651], [-73.9338545862391, 40.7543975641224], [-73.9341507807321, 40.7545361315913], [-73.9342475048536, 40.7544192165423], [-73.9339498329575, 40.7542799584651]]]}}, {"type": "Feature", "properties": {"zone_id": "0201H31OD6CD962MSO06G8", "tract_id": "36081003100", "city": "LONG ISLAND CITY, NY", "zone_code": "M1-2/R6A", "zone_category": "Industrial", "ev_permitted": true}, "geometry": {"type": "Polygon", "coordinates": [[[-73.9338545862391, 40.7543975641224], [-73.9337951172347, 40.7544709932583], [-73.9340791056409, 40.7546227666212], [-73.9341507807321, 40.7545361315913], [-73.9338545862391, 40.7543975641224]]]}}, {"type": "Feature", "properties": {"zone_id": "0204MYR2IYKTO7PRRYJL9H", "tract_id": "36081003100", "city": "LONG ISLAND CITY, NY", "zone_code": "M1-2/R5B", "zone_category": "Industrial", "ev_permitted": true}, "geometry": {"type": "Polygon", "coordinates": [[[-73.9339963774833, 40.754222486871], [-73.9339498329575, 40.7542799584651], [-73.9342475048536, 40.7544192165423], [-73.9342949065246, 40.7543619195766], [-73.9340957212373, 40.7542687370049], [-73.9340946002048, 40.754269888718], [-73.9340235799656, 40.7542366630643], [-73.9340244449448, 40.7542356173062], [-73.9339963774833, 40.754222486871]]]}}, {"type": "Feature", "properties": {"zone_id": "0206FY0VSS0WZ384FHQT4H", "tract_id": "36081003100", "city": "LONG ISLAND CITY, NY", "zone_code": "M1-2/R5B", "zone_category": "Industrial", "ev_permitted": true}, "geometry": {"type": "Polygon", "coordinates": [[[-73.9341400848525, 40.7540450425886], [-73.9340483691149, 40.7541582904531], [-73.9343475710436, 40.7542982637506], [-73.9344407096976, 40.7541856825774], [-73.9341400848525, 40.7540450425886]]]}}, {"type": "Feature", "properties": {"zone_id": "0205MH2L4CMHSZW1EVIGE0", "tract_id": "36081003100", "city": "LONG ISLAND CITY, NY", "zone_code": "M1-2/R5B", "zone_category": "Industrial", "ev_permitted": true}, "geometry": {"type": "Polygon", "coordinates": [[[-73.9341867104607, 40.7539874711852], [-73.9341400848525, 40.7540450425886], [-73.9344407096976, 40.7541856825774], [-73.9344880592292, 40.7541284494423], [-73.9341867104607, 40.7539874711852]]]}}, {"type": "Feature", "properties": {"zone_id": "020701JCYU780TZL85WBNL", "tract_id": "36081003100", "city": "LONG ISLAND CITY, NY", "zone_code": "M1-2/R5B", "zone_category": "Industrial", "ev_permitted": true}, "geometry": {"type": "Polygon", "coordinates": [[[-73.9342323192745, 40.7539311541241], [-73.9341867104607, 40.7539874711852], [-73.9344880592292, 40.7541284494423], [-73.9345343762682, 40.7540724636163], [-73.9342323192745, 40.7539311541241]]]}}, {"type": "Feature", "properties": {"zone_id": "0201YHQKMR5W7AJY6YQT5D", "tract_id": "36081003100", "city": "LONG ISLAND CITY, NY", "zone_code": "M1-2/R5B", "zone_category": "Industrial", "ev_permitted": true}, "geometry": {"type": "Polygon", "coordinates": [[[-73.9340483691149, 40.7541582904531], [-73.9339963774833, 40.754222486871], [-73.9340244449448, 40.7542356173062], [-73.9340235799656, 40.7542366630643], [-73.9340946002048, 40.754269888718], [-73.9340957212373, 40.7542687370049], [-73.9342949065246, 40.7543619195766], [-73.9343475710436, 40.7542982637506], [-73.9340483691149, 40.7541582904531]]]}}, {"type": "Feature", "properties": {"zone_id": "0203XI5V24N80ODZBGV4YD", "tract_id": "36081003100", "city": "LONG ISLAND CITY, NY", "zone_code": "M1-2/R5D", "zone_category": "Industrial", "ev_permitted": true}, "geometry": {"type": "Polygon", "coordinates": [[[-73.9349517433051, 40.7538754218821], [-73.9348009351693, 40.7540344950518], [-73.934953778726, 40.7541159236358], [-73.9351045857571, 40.7539568502674], [-73.9349517433051, 40.7538754218821]]]}}, {"type": "Feature", "properties": {"zone_id": "0206ULU8CKQQAUT4GXNDZC", "tract_id": "36081003100", "city": "LONG ISLAND CITY, NY", "zone_code": "M1-2/R5D", "zone_category": "Industrial", "ev_permitted": true}, "geometry": {"type": "Polygon", "coordinates": [[[-73.9344447711424, 40.7536932332049], [-73.9343933656366, 40.7537484881491], [-73.9346850909348, 40.7539039098163], [-73.9347365064763, 40.7538486610728], [-73.9344447711424, 40.7536932332049]]]}}, {"type": "Feature", "properties": {"zone_id": "0200TWLN9DQQBZ98NO8IGL", "tract_id": "36081003100", "city": "LONG ISLAND CITY, NY", "zone_code": "M1-2/R5D", "zone_category": "Industrial", "ev_permitted": true}, "geometry": {"type": "Polygon", "coordinates": [[[-73.9347911991043, 40.7537898896427], [-73.9345835628857, 40.7540130089868], [-73.9347470666216, 40.754091315678], [-73.9349517433051, 40.7538754218821], [-73.9347911991043, 40.7537898896427]]]}}, {"type": "Feature", "properties": {"zone_id": "0200QKDPG5YCZMG3SJUNQA", "tract_id": "36081003100", "city": "LONG ISLAND CITY, NY", "zone_code": "M1-2/R5D", "zone_category": "Industrial", "ev_permitted": true}, "geometry": {"type": "Polygon", "coordinates": [[[-73.935196411071, 40.7534723874591], [-73.9349836358798, 40.7537023442881], [-73.9352158637604, 40.7538259611619], [-73.935428899385, 40.7535957215868], [-73.935196411071, 40.7534723874591]]]}}, {"type": "Feature", "properties": {"zone_id": "0205J4E5ZL6KBON5INOR5B", "tract_id": "36081003100", "city": "LONG ISLAND CITY, NY", "zone_code": "M1-2/R5D", "zone_category": "Industrial", "ev_permitted": true}, "geometry": {"type": "Polygon", "coordinates": [[[-73.9351266205792, 40.7534348165479], [-73.9349135844237, 40.7536650562719], [-73.9349836358798, 40.7537023442881], [-73.935196411071, 40.7534723874591], [-73.9351266205792, 40.7534348165479]]]}}, {"type": "Feature", "properties": {"zone_id": "02040BN2IYJACOS2CAELSU", "tract_id": "36081003100", "city": "LONG ISLAND CITY, NY", "zone_code": "M1-2/R5D", "zone_category": "Industrial", "ev_permitted": true}, "geometry": {"type": "Polygon", "coordinates": [[[-73.9344994518931, 40.7536344569865], [-73.9344447711424, 40.7536932332049], [-73.9347365064763, 40.7538486610728], [-73.9347911991043, 40.7537898896427], [-73.9344994518931, 40.7536344569865]]]}}, {"type": "Feature", "properties": {"zone_id": "0202X00HMD81K96WYPJX8S", "tract_id": "36081003100", "city": "LONG ISLAND CITY, NY", "zone_code": "M1-2/R5D", "zone_category": "Industrial", "ev_permitted": true}, "geometry": {"type": "Polygon", "coordinates": [[[-73.934661743013, 40.7534388659937], [-73.9346046267921, 40.7535005955733], [-73.9349135844237, 40.7536650562719], [-73.9349707004979, 40.7536033279458], [-73.934661743013, 40.7534388659937]]]}}, {"type": "Feature", "properties": {"zone_id": "0207EOZKTAVHTPA4ORRVFO", "tract_id": "36081003100", "city": "LONG ISLAND CITY, NY", "zone_code": "M1-2/R5B", "zone_category": "Industrial", "ev_permitted": true}, "geometry": {"type": "Polygon", "coordinates": [[[-73.9342918807524, 40.7538576095746], [-73.9342323192745, 40.7539311541241], [-73.9345343762682, 40.7540724636163], [-73.9345835628857, 40.7540130089868], [-73.9342918807524, 40.7538576095746]]]}}, {"type": "Feature", "properties": {"zone_id": "0200BTDHRYIL49T40T73CE", "tract_id": "36081003100", "city": "LONG ISLAND CITY, NY", "zone_code": "M1-2/R5D", "zone_category": "Industrial", "ev_permitted": true}, "geometry": {"type": "Polygon", "coordinates": [[[-73.9343933656366, 40.7537484881491], [-73.9342918807524, 40.7538576095746], [-73.9345835628857, 40.7540130089868], [-73.9346850909348, 40.7539039098163], [-73.9343933656366, 40.7537484881491]]]}}, {"type": "Feature", "properties": {"zone_id": "02004VZV1O4WFGFNZWS9GW", "tract_id": "36081003100", "city": "LONG ISLAND CITY, NY", "zone_code": "M1-2/R5B", "zone_category": "Industrial", "ev_permitted": true}, "geometry": {"type": "Polygon", "coordinates": [[[-73.9337604660824, 40.7536829883994], [-73.9337119860066, 40.7537404096029], [-73.9340332314899, 40.7538920569732], [-73.934080066527, 40.7538338589631], [-73.9337604660824, 40.7536829883994]]]}}, {"type": "Feature", "properties": {"zone_id": "02050FEKBNXNON01TFQAKU", "tract_id": "36081003100", "city": "LONG ISLAND CITY, NY", "zone_code": "M1-2/R5D", "zone_category": "Industrial", "ev_permitted": true}, "geometry": {"type": "Polygon", "coordinates": [[[-73.9340292785109, 40.753378086996], [-73.9338796617897, 40.7535459245755], [-73.9341872942763, 40.7537098594698], [-73.9343411605794, 40.7535442857646], [-73.9340292785109, 40.753378086996]]]}}, {"type": "Feature", "properties": {"zone_id": "0205YQPNHJJL1SM81ICK7V", "tract_id": "36081003100", "city": "LONG ISLAND CITY, NY", "zone_code": "M1-2/R5B", "zone_category": "Industrial", "ev_permitted": true}, "geometry": {"type": "Polygon", "coordinates": [[[-73.9338796617897, 40.7535459245755], [-73.9338139942555, 40.753619589777], [-73.93413177694, 40.7537696012122], [-73.9341872942763, 40.7537098594698], [-73.9338796617897, 40.7535459245755]]]}}, {"type": "Feature", "properties": {"zone_id": "0206NYUKGJ7JPUTEZWTY2T", "tract_id": "36081003100", "city": "LONG ISLAND CITY, NY", "zone_code": "M1-2/R5B", "zone_category": "Industrial", "ev_permitted": true}, "geometry": {"type": "Polygon", "coordinates": [[[-73.9338139942555, 40.753619589777], [-73.9337604660824, 40.7536829883994], [-73.934080066527, 40.7538338589631], [-73.93413177694, 40.7537696012122], [-73.9338139942555, 40.753619589777]]]}}, {"type": "Feature", "properties": {"zone_id": "0201Q27PIJ0VJG371A6II3", "tract_id": "36081003100", "city": "LONG ISLAND CITY, NY", "zone_code": "M1-2/R6A", "zone_category": "Industrial", "ev_permitted": true}, "geometry": {"type": "Polygon", "coordinates": [[[-73.9336621068791, 40.7542172483832], [-73.9334557854162, 40.7544335022025], [-73.9335551069875, 40.7544861827858], [-73.9337414082737, 40.7542546830095], [-73.9336621068791, 40.7542172483832]]]}}, {"type": "Feature", "properties": {"zone_id": "0204CG0HUXIWGY6A87N5XN", "tract_id": "36081003100", "city": "LONG ISLAND CITY, NY", "zone_code": "M1-2/R6A", "zone_category": "Industrial", "ev_permitted": true}, "geometry": {"type": "Polygon", "coordinates": [[[-73.9334943905973, 40.7541380762656], [-73.9332942671006, 40.7543478331135], [-73.9334557854162, 40.7544335022025], [-73.9336621068791, 40.7542172483832], [-73.9334943905973, 40.7541380762656]]]}}, {"type": "Feature", "properties": {"zone_id": "0201OG7QCVM3A2O8UDKXME", "tract_id": "36081003100", "city": "LONG ISLAND CITY, NY", "zone_code": "M1-2/R5B", "zone_category": "Industrial", "ev_permitted": true}, "geometry": {"type": "Polygon", "coordinates": [[[-73.9335123635173, 40.7539768455419], [-73.9334099064281, 40.7540981946377], [-73.9337414082737, 40.7542546830095], [-73.933840385914, 40.7541316916263], [-73.9335123635173, 40.7539768455419]]]}}, {"type": "Feature", "properties": {"zone_id": "020309ITGU8B7TBGW43EZ2", "tract_id": "36081003100", "city": "LONG ISLAND CITY, NY", "zone_code": "M1-2/R5D", "zone_category": "Industrial", "ev_permitted": true}, "geometry": {"type": "Polygon", "coordinates": [[[-73.9333160473784, 40.7540113041038], [-73.9332411966589, 40.7541009413345], [-73.9332889054996, 40.7541241523795], [-73.9331546447585, 40.7542737773419], [-73.9332942671006, 40.7543478331135], [-73.9334943905973, 40.7541380762656], [-73.9334099064281, 40.7540981946377], [-73.9334348331578, 40.7540686715282], [-73.9333160473784, 40.7540113041038]]]}}, {"type": "Feature", "properties": {"zone_id": "0202OBPXOQGYUVEKBO20BF", "tract_id": "36081003100", "city": "LONG ISLAND CITY, NY", "zone_code": "M1-2/R6A", "zone_category": "Industrial", "ev_permitted": true}, "geometry": {"type": "Polygon", "coordinates": [[[-73.9330562086208, 40.7540109383785], [-73.9330173075148, 40.7540593996761], [-73.9332489338046, 40.7541686986424], [-73.9332889054996, 40.7541241523795], [-73.9330562086208, 40.7540109383785]]]}}, {"type": "Feature", "properties": {"zone_id": "0203I2RLV14GS8RWTUMBT8", "tract_id": "36081003100", "city": "LONG ISLAND CITY, NY", "zone_code": "M1-2/R6A", "zone_category": "Industrial", "ev_permitted": true}, "geometry": {"type": "Polygon", "coordinates": [[[-73.9331958287767, 40.7541436399817], [-73.9331831299075, 40.7541586820854], [-73.9331788353285, 40.7541566552446], [-73.9331741376612, 40.7541622196565], [-73.9331784313171, 40.7541642457943], [-73.9331088440878, 40.7542494845582], [-73.9331546447585, 40.7542737773419], [-73.9332489338046, 40.7541686986424], [-73.9331958287767, 40.7541436399817]]]}}, {"type": "Feature", "properties": {"zone_id": "02079RVSV38G3OJ1Q4MDN9", "tract_id": "36081003100", "city": "LONG ISLAND CITY, NY", "zone_code": "M1-2/R6A", "zone_category": "Industrial", "ev_permitted": true}, "geometry": {"type": "Polygon", "coordinates": [[[-73.9329788828095, 40.7541072681965], [-73.9329376233501, 40.7541586680037], [-73.9331088440878, 40.7542494845582], [-73.9331559800126, 40.754190836699], [-73.9329788828095, 40.7541072681965]]]}}, {"type": "Feature", "properties": {"zone_id": "0206F5YU77LFVRS9NWGOFD", "tract_id": "36081003100", "city": "LONG ISLAND CITY, NY", "zone_code": "M1-2/R6A", "zone_category": "Industrial", "ev_permitted": true}, "geometry": {"type": "Polygon", "coordinates": [[[-73.9330173075148, 40.7540593996761], [-73.9329788828095, 40.7541072681965], [-73.9331559800126, 40.754190836699], [-73.9331784313171, 40.7541642457943], [-73.9331741376612, 40.7541622196565], [-73.9331788353285, 40.7541566552446], [-73.9331831299075, 40.7541586820854], [-73.9331958287767, 40.7541436399817], [-73.9330173075148, 40.7540593996761]]]}}, {"type": "Feature", "properties": {"zone_id": "0205C2WZUYP0WJSDGH3MOT", "tract_id": "36081003100", "city": "LONG ISLAND CITY, NY", "zone_code": "M1-2/R6A", "zone_category": "Industrial", "ev_permitted": true}, "geometry": {"type": "Polygon", "coordinates": [[[-73.9330896900987, 40.7539692271387], [-73.9330562086208, 40.7540109383785], [-73.9332411966589, 40.7541009413345], [-73.9332756376356, 40.7540596971603], [-73.9330896900987, 40.7539692271387]]]}}, {"type": "Feature", "properties": {"zone_id": "0205U8FZE6P7IC1Q3Z1XOE", "tract_id": "36081003100", "city": "LONG ISLAND CITY, NY", "zone_code": "M1-2/R5D", "zone_category": "Industrial", "ev_permitted": true}, "geometry": {"type": "Polygon", "coordinates": [[[-73.9334100272775, 40.7535706011162], [-73.9331748097671, 40.7538634384057], [-73.9334826078616, 40.7540120890068], [-73.9337263674074, 40.7537233763807], [-73.9334100272775, 40.7535706011162]]]}}, {"type": "Feature", "properties": {"zone_id": "0201TM63SRU5FIZLC61P8Q", "tract_id": "36081003100", "city": "LONG ISLAND CITY, NY", "zone_code": "M1-2/R5B", "zone_category": "Industrial", "ev_permitted": true}, "geometry": {"type": "Polygon", "coordinates": [[[-73.9337119860066, 40.7537404096029], [-73.9336663458699, 40.7537944667025], [-73.933989141257, 40.7539468451457], [-73.9340332314899, 40.7538920569732], [-73.9337119860066, 40.7537404096029]]]}}, {"type": "Feature", "properties": {"zone_id": "02046KT5WJGQEL07RW1Z3J", "tract_id": "36081003100", "city": "LONG ISLAND CITY, NY", "zone_code": "M1-2/R5B", "zone_category": "Industrial", "ev_permitted": true}, "geometry": {"type": "Polygon", "coordinates": [[[-73.9336663458699, 40.7537944667025], [-73.9336168341567, 40.7538531091884], [-73.9339284752069, 40.754022229861], [-73.933989141257, 40.7539468451457], [-73.9336663458699, 40.7537944667025]]]}}, {"type": "Feature", "properties": {"zone_id": "0203DRJVSK18AN42NH4CQ9", "tract_id": "36081003100", "city": "LONG ISLAND CITY, NY", "zone_code": "M1-2/R5D", "zone_category": "Industrial", "ev_permitted": true}, "geometry": {"type": "Polygon", "coordinates": [[[-73.9336168341567, 40.7538531091884], [-73.9335123635173, 40.7539768455419], [-73.933840385914, 40.7541316916263], [-73.9339284752069, 40.754022229861], [-73.9336168341567, 40.7538531091884]]]}}, {"type": "Feature", "properties": {"zone_id": "020470MYYCIX4542ZMB2HH", "tract_id": "36081003100", "city": "LONG ISLAND CITY, NY", "zone_code": "M1-2/R5D", "zone_category": "Industrial", "ev_permitted": true}, "geometry": {"type": "Polygon", "coordinates": [[[-73.9331748097671, 40.7538634384057], [-73.9331285873992, 40.7539207700298], [-73.9334348331578, 40.7540686715282], [-73.9334826078616, 40.7540120890068], [-73.9331748097671, 40.7538634384057]]]}}, {"type": "Feature", "properties": {"zone_id": "0202OBDB1TQS3HDP4FYHNE", "tract_id": "36081003100", "city": "LONG ISLAND CITY, NY", "zone_code": "M1-2/R5D", "zone_category": "Industrial", "ev_permitted": true}, "geometry": {"type": "Polygon", "coordinates": [[[-73.9331285873992, 40.7539207700298], [-73.9330896900987, 40.7539692271387], [-73.9332756376356, 40.7540596971603], [-73.9333160473784, 40.7540113041038], [-73.9331285873992, 40.7539207700298]]]}}, {"type": "Feature", "properties": {"zone_id": "0205ER8TBVXV0ZJRPSMVF4", "tract_id": "36081003100", "city": "LONG ISLAND CITY, NY", "zone_code": "M1-2/R5D", "zone_category": "Industrial", "ev_permitted": true}, "geometry": {"type": "Polygon", "coordinates": [[[-73.9334557821752, 40.7535136380006], [-73.9334100272775, 40.7535706011162], [-73.9337263674074, 40.7537233763807], [-73.9337737826852, 40.7536672165276], [-73.9334557821752, 40.7535136380006]]]}}, {"type": "Feature", "properties": {"zone_id": "0205L6F9O4HRL8Q1MKI6VG", "tract_id": "36081003100", "city": "LONG ISLAND CITY, NY", "zone_code": "M1-2/R5D", "zone_category": "Industrial", "ev_permitted": true}, "geometry": {"type": "Polygon", "coordinates": [[[-73.9328404155265, 40.7537599739888], [-73.9326330720323, 40.7539970032683], [-73.9327888723713, 40.7540784926685], [-73.9329904652037, 40.7538280032162], [-73.9328404155265, 40.7537599739888]]]}}, {"type": "Feature", "properties": {"zone_id": "02035HQZ7BI9IGO0X2ILMA", "tract_id": "36081003100", "city": "LONG ISLAND CITY, NY", "zone_code": "M1-2/R5D", "zone_category": "Industrial", "ev_permitted": true}, "geometry": {"type": "Polygon", "coordinates": [[[-73.9327621749183, 40.7537245011716], [-73.9325581013813, 40.7539577912897], [-73.9326330720323, 40.7539970032683], [-73.9328404155265, 40.7537599739888], [-73.9327621749183, 40.7537245011716]]]}}, {"type": "Feature", "properties": {"zone_id": "0200G2FGAIKOZOXKGOHVEU", "tract_id": "36081003100", "city": "LONG ISLAND CITY, NY", "zone_code": "M1-2/R6A", "zone_category": "Industrial", "ev_permitted": true}, "geometry": {"type": "Polygon", "coordinates": [[[-73.9326890334391, 40.7536913409084], [-73.9324880171087, 40.7539211348723], [-73.9325581013813, 40.7539577912897], [-73.9327621749183, 40.7537245011716], [-73.9326890334391, 40.7536913409084]]]}}, {"type": "Feature", "properties": {"zone_id": "02071Y7GK3N7WOVO1WXYZB", "tract_id": "36081003100", "city": "LONG ISLAND CITY, NY", "zone_code": "M1-2/R5D", "zone_category": "Industrial", "ev_permitted": true}, "geometry": {"type": "Polygon", "coordinates": [[[-73.932838006074, 40.7535112867318], [-73.9326890334391, 40.7536913409084], [-73.9329904652037, 40.7538280032162], [-73.9331211327706, 40.7536656414261], [-73.932838006074, 40.7535112867318]]]}}, {"type": "Feature", "properties": {"zone_id": "0204LFAEEAICRDD6R4ZJAP", "tract_id": "36081003100", "city": "LONG ISLAND CITY, NY", "zone_code": "M1-2/R6A", "zone_category": "Industrial", "ev_permitted": true}, "geometry": {"type": "Polygon", "coordinates": [[[-73.9324167241135, 40.7535422473606], [-73.9323709368554, 40.7535992458802], [-73.9326514776374, 40.7537342736768], [-73.9326997010654, 40.7536784470939], [-73.9324167241135, 40.7535422473606]]]}}, {"type": "Feature", "properties": {"zone_id": "0205N1FSKN8ZCTBXSGEF2R", "tract_id": "36081003100", "city": "LONG ISLAND CITY, NY", "zone_code": "M1-2/R5D", "zone_category": "Industrial", "ev_permitted": true}, "geometry": {"type": "Polygon", "coordinates": [[[-73.9324637695118, 40.7534836826387], [-73.9324167241135, 40.7535422473606], [-73.9326997010654, 40.7536784470939], [-73.9327477548231, 40.7536203683812], [-73.9324637695118, 40.7534836826387]]]}}, {"type": "Feature", "properties": {"zone_id": "0200S1R3I7TIPA0K55EF2Q", "tract_id": "36081003100", "city": "LONG ISLAND CITY, NY", "zone_code": "M1-2/R6A", "zone_category": "Industrial", "ev_permitted": true}, "geometry": {"type": "Polygon", "coordinates": [[[-73.9325086249751, 40.7534278443219], [-73.9324637695118, 40.7534836826387], [-73.9327477548231, 40.7536203683812], [-73.9327935697034, 40.7535649928619], [-73.9325086249751, 40.7534278443219]]]}}, {"type": "Feature", "properties": {"zone_id": "0205GTYXLWF05ZK4GVMYVZ", "tract_id": "36081003100", "city": "LONG ISLAND CITY, NY", "zone_code": "M1-2/R5B", "zone_category": "Industrial", "ev_permitted": true}, "geometry": {"type": "Polygon", "coordinates": [[[-73.9365105035988, 40.7531682511804], [-73.936461042086, 40.7532219383899], [-73.9367670594823, 40.7533850918853], [-73.9368165208703, 40.7533314038429], [-73.9365105035988, 40.7531682511804]]]}}, {"type": "Feature", "properties": {"zone_id": "02076IXY3XVVCRXLAWXOSN", "tract_id": "36081003100", "city": "LONG ISLAND CITY, NY", "zone_code": "M1-2/R5B", "zone_category": "Industrial", "ev_permitted": true}, "geometry": {"type": "Polygon", "coordinates": [[[-73.9369505839291, 40.7530568044387], [-73.9367367736922, 40.7532888866707], [-73.9368165208703, 40.7533314038429], [-73.9370306482204, 40.7530989759313], [-73.9369505839291, 40.7530568044387]]]}}, {"type": "Feature", "properties": {"zone_id": "0204HL5YFGOGVQ71CZ79LS", "tract_id": "36081003100", "city": "LONG ISLAND CITY, NY", "zone_code": "M1-2/R5D", "zone_category": "Industrial", "ev_permitted": true}, "geometry": {"type": "Polygon", "coordinates": [[[-73.9356443753366, 40.7523768701472], [-73.9354364075301, 40.7526016386116], [-73.9357453630452, 40.7527660978032], [-73.9355921386297, 40.7529317004596], [-73.9352831836495, 40.7527672401588], [-73.9352339307084, 40.7528204716414], [-73.9355428858144, 40.7529849313704], [-73.9352370335845, 40.7533154877125], [-73.9355393121162, 40.7534763917618], [-73.9362556079948, 40.7527022316771], [-73.9356443753366, 40.7523768701472]]]}}, {"type": "Feature", "properties": {"zone_id": "0204R3BT0A1KE9YQIKOHXO", "tract_id": "36081003100", "city": "LONG ISLAND CITY, NY", "zone_code": "M1-2/R5D", "zone_category": "Industrial", "ev_permitted": true}, "geometry": {"type": "Polygon", "coordinates": [[[-73.9364232975235, 40.7527790697713], [-73.9362115111597, 40.753008841122], [-73.9367367736922, 40.7532888866707], [-73.9369505839291, 40.7530568044387], [-73.9364232975235, 40.7527790697713]]]}}, {"type": "Feature", "properties": {"zone_id": "0207AYXIN9TR7TUPR63OAH", "tract_id": "36081003100", "city": "LONG ISLAND CITY, NY", "zone_code": "M1-2/R5B", "zone_category": "Industrial", "ev_permitted": true}, "geometry": {"type": "Polygon", "coordinates": [[[-73.936461042086, 40.7532219383899], [-73.9363082718707, 40.7533877621692], [-73.9366142896547, 40.7535509160665], [-73.9367670594823, 40.7533850918853], [-73.936461042086, 40.7532219383899]]]}}, {"type": "Feature", "properties": {"zone_id": "0202IC3Z933TB5DHL596BX", "tract_id": "36081003100", "city": "LONG ISLAND CITY, NY", "zone_code": "M1-2/R5B", "zone_category": "Industrial", "ev_permitted": true}, "geometry": {"type": "Polygon", "coordinates": [[[-73.9359528059343, 40.7532895137494], [-73.935903182039, 40.7533433509967], [-73.9362022759064, 40.7535028146026], [-73.936251883979, 40.7534489687871], [-73.9359528059343, 40.7532895137494]]]}}, {"type": "Feature", "properties": {"zone_id": "02027TEAQ8PTOOM4E4WMC0", "tract_id": "36081003100", "city": "", "zone_code": "M1-2/R5B", "zone_category": "Industrial", "ev_permitted": true}, "geometry": {"type": "Polygon", "coordinates": [[[-73.9360571222228, 40.7531763402125], [-73.9360092142842, 40.7532283171249], [-73.9363082718707, 40.7533877621692], [-73.9363561649143, 40.7533357773962], [-73.9360571222228, 40.7531763402125]]]}}, {"type": "Feature", "properties": {"zone_id": "0200M0AB7F9G50SUSIGD83", "tract_id": "36081003100", "city": "LONG ISLAND CITY, NY", "zone_code": "M1-2/R5B", "zone_category": "Industrial", "ev_permitted": true}, "geometry": {"type": "Polygon", "coordinates": [[[-73.935903182039, 40.7533433509967], [-73.93584807491, 40.7534031366586], [-73.9361471864604, 40.7535626102531], [-73.9362022759064, 40.7535028146026], [-73.935903182039, 40.7533433509967]]]}}, {"type": "Feature", "properties": {"zone_id": "02024OX7F11HHM4OFM1D4N", "tract_id": "36081003100", "city": "LONG ISLAND CITY, NY", "zone_code": "M1-2/R5B", "zone_category": "Industrial", "ev_permitted": true}, "geometry": {"type": "Polygon", "coordinates": [[[-73.9360092142842, 40.7532283171249], [-73.9359528059343, 40.7532895137494], [-73.936251883979, 40.7534489687871], [-73.9363082718707, 40.7533877621692], [-73.9360092142842, 40.7532283171249]]]}}, {"type": "Feature", "properties": {"zone_id": "0206QX7J2S7UD5GNV6KV8O", "tract_id": "36081003100", "city": "LONG ISLAND CITY, NY", "zone_code": "M1-2/R5B", "zone_category": "Industrial", "ev_permitted": true}, "geometry": {"type": "Polygon", "coordinates": [[[-73.9362115111597, 40.753008841122], [-73.9360989568587, 40.7531309529252], [-73.936397986518, 40.753290382265], [-73.9365105035988, 40.7531682511804], [-73.9362115111597, 40.753008841122]]]}}, {"type": "Feature", "properties": {"zone_id": "0203KBFBGHM4Y4X49UEGX2", "tract_id": "36081003100", "city": "LONG ISLAND CITY, NY", "zone_code": "M1-2/R5B", "zone_category": "Industrial", "ev_permitted": true}, "geometry": {"type": "Polygon", "coordinates": [[[-73.9360989568587, 40.7531309529252], [-73.9360571222228, 40.7531763402125], [-73.9363561649143, 40.7533357773962], [-73.936397986518, 40.753290382265], [-73.9360989568587, 40.7531309529252]]]}}, {"type": "Feature", "properties": {"zone_id": "0203ZE2N6G1VBHV60OIBIC", "tract_id": "36081003100", "city": "LONG ISLAND CITY, NY", "zone_code": "M1-2/R5B", "zone_category": "Industrial", "ev_permitted": true}, "geometry": {"type": "Polygon", "coordinates": [[[-73.9352370335845, 40.7533154877125], [-73.9351765835077, 40.7533808189182], [-73.9354788621891, 40.7535417238273], [-73.9355393121162, 40.7534763917618], [-73.9352370335845, 40.7533154877125]]]}}, {"type": "Feature", "properties": {"zone_id": "0205LWV4QE2QSINUYEW20Y", "tract_id": "36081003100", "city": "LONG ISLAND CITY, NY", "zone_code": "M1-2/R5B", "zone_category": "Industrial", "ev_permitted": true}, "geometry": {"type": "Polygon", "coordinates": [[[-73.9351765835077, 40.7533808189182], [-73.9351266205792, 40.7534348165479], [-73.935428899385, 40.7535957215868], [-73.9354788621891, 40.7535417238273], [-73.9351765835077, 40.7533808189182]]]}}, {"type": "Feature", "properties": {"zone_id": "02006B8QGP4ZT8YL7N9K2G", "tract_id": "36081003100", "city": "LONG ISLAND CITY, NY", "zone_code": "M1-2/R5B", "zone_category": "Industrial", "ev_permitted": true}, "geometry": {"type": "Polygon", "coordinates": [[[-73.9351262961708, 40.7529367981954], [-73.9350760985936, 40.7529910507382], [-73.9353850550252, 40.753155510887], [-73.9354352515507, 40.7531012582103], [-73.9351262961708, 40.7529367981954]]]}}, {"type": "Feature", "properties": {"zone_id": "0207N4EITHS5I8WKI0WPK9", "tract_id": "36081003100", "city": "LONG ISLAND CITY, NY", "zone_code": "M1-2/R5B", "zone_category": "Industrial", "ev_permitted": true}, "geometry": {"type": "Polygon", "coordinates": [[[-73.9351812581215, 40.752877397848], [-73.9351262961708, 40.7529367981954], [-73.9354352515507, 40.7531012582103], [-73.9354902142857, 40.7530418577175], [-73.9351812581215, 40.752877397848]]]}}, {"type": "Feature", "properties": {"zone_id": "0206CIUZAD2QV631AKRT35", "tract_id": "36081003100", "city": "LONG ISLAND CITY, NY", "zone_code": "M1-2/R5D", "zone_category": "Industrial", "ev_permitted": true}, "geometry": {"type": "Polygon", "coordinates": [[[-73.9352339307084, 40.7528204716414], [-73.9351812581215, 40.752877397848], [-73.9354902142857, 40.7530418577175], [-73.9355428858144, 40.7529849313704], [-73.9352339307084, 40.7528204716414]]]}}, {"type": "Feature", "properties": {"zone_id": "02069FA3NY1OGF2O5OH0MG", "tract_id": "36081003100", "city": "LONG ISLAND CITY, NY", "zone_code": "M1-2/R5B", "zone_category": "Industrial", "ev_permitted": true}, "geometry": {"type": "Polygon", "coordinates": [[[-73.9353375959002, 40.7527084317651], [-73.9352831836495, 40.7527672401588], [-73.9355921386297, 40.7529317004596], [-73.9356465516666, 40.7528728912192], [-73.9353375959002, 40.7527084317651]]]}}, {"type": "Feature", "properties": {"zone_id": "0202WVVKGI0T1C7UFDB6X5", "tract_id": "36081003100", "city": "LONG ISLAND CITY, NY", "zone_code": "M1-2/R5D", "zone_category": "Industrial", "ev_permitted": true}, "geometry": {"type": "Polygon", "coordinates": [[[-73.9354364075301, 40.7526016386116], [-73.9353375959002, 40.7527084317651], [-73.9356465516666, 40.7528728912192], [-73.9357453630452, 40.7527660978032], [-73.9354364075301, 40.7526016386116]]]}}, {"type": "Feature", "properties": {"zone_id": "020339UDOQVYFJI7Y0OCQZ", "tract_id": "36081003100", "city": "LONG ISLAND CITY, NY", "zone_code": "M1-2/R5D", "zone_category": "Industrial", "ev_permitted": true}, "geometry": {"type": "Polygon", "coordinates": [[[-73.9351274295325, 40.7521790911501], [-73.9350752110187, 40.7522360330273], [-73.935380434374, 40.7523970916576], [-73.9354652842536, 40.7523045348711], [-73.9351274295325, 40.7521790911501]]]}}, {"type": "Feature", "properties": {"zone_id": "020550DYUNBEUNC5ZEBSBX", "tract_id": "36081003100", "city": "LONG ISLAND CITY, NY", "zone_code": "M1-3/R7X", "zone_category": "Industrial", "ev_permitted": true}, "geometry": {"type": "Polygon", "coordinates": [[[-73.9354241004589, 40.751862578793], [-73.9352306161117, 40.7520700043512], [-73.9355643480023, 40.7521941757673], [-73.9357239293139, 40.7520230959665], [-73.9354241004589, 40.751862578793]]]}}, {"type": "Feature", "properties": {"zone_id": "0205IP05HUPJ4GLJJOVZ73", "tract_id": "36081003100", "city": "LONG ISLAND CITY, NY", "zone_code": "M1-2/R5D", "zone_category": "Industrial", "ev_permitted": true}, "geometry": {"type": "Polygon", "coordinates": [[[-73.9356871925456, 40.7515805269206], [-73.9355778626197, 40.751697736207], [-73.9358776911033, 40.7518582529841], [-73.9359870207651, 40.7517410434158], [-73.9356871925456, 40.7515805269206]]]}}, {"type": "Feature", "properties": {"zone_id": "0205PXB8C6JA27EYDWAF15", "tract_id": "36081003100", "city": "LONG ISLAND CITY, NY", "zone_code": "M1-3/R7X", "zone_category": "Industrial", "ev_permitted": true}, "geometry": {"type": "Polygon", "coordinates": [[[-73.9354815063086, 40.7518010365648], [-73.9354241004589, 40.751862578793], [-73.9357239293139, 40.7520230959665], [-73.935781334101, 40.7519615535898], [-73.9354815063086, 40.7518010365648]]]}}, {"type": "Feature", "properties": {"zone_id": "02073OJH491KPZCSZKG9R2", "tract_id": "36081003100", "city": "LONG ISLAND CITY, NY", "zone_code": "M1-3/R7X", "zone_category": "Industrial", "ev_permitted": true}, "geometry": {"type": "Polygon", "coordinates": [[[-73.9355778626197, 40.751697736207], [-73.9354815063086, 40.7518010365648], [-73.935781334101, 40.7519615535898], [-73.9358776911033, 40.7518582529841], [-73.9355778626197, 40.751697736207]]]}}, {"type": "Feature", "properties": {"zone_id": "0206ST8IJJ1L9HIUDJ53H2", "tract_id": "36081003100", "city": "LONG ISLAND CITY, NY", "zone_code": "M1-3/R7X", "zone_category": "Industrial", "ev_permitted": true}, "geometry": {"type": "Polygon", "coordinates": [[[-73.9356134103937, 40.7515410266805], [-73.9353753366402, 40.751796257312], [-73.935449118933, 40.7518357584058], [-73.9356871925456, 40.7515805269206], [-73.9356134103937, 40.7515410266805]]]}}, {"type": "Feature", "properties": {"zone_id": "02011BS9NM0X3IYNM9VQ9U", "tract_id": "36081003100", "city": "LONG ISLAND CITY, NY", "zone_code": "M1-3/R7X", "zone_category": "Industrial", "ev_permitted": true}, "geometry": {"type": "Polygon", "coordinates": [[[-73.9353039490412, 40.7517580391592], [-73.9350690301459, 40.7520098834211], [-73.9352306161117, 40.7520700043512], [-73.935449118933, 40.7518357584058], [-73.9353039490412, 40.7517580391592]]]}}, {"type": "Feature", "properties": {"zone_id": "0203875RDU40KLVUGXUYNS", "tract_id": "36081003100", "city": "LONG ISLAND CITY, NY", "zone_code": "M1-3/R7X", "zone_category": "Industrial", "ev_permitted": true}, "geometry": {"type": "Polygon", "coordinates": [[[-73.9353913893953, 40.7514221641318], [-73.935153314292, 40.7516773943083], [-73.9353039490412, 40.7517580391592], [-73.9355420238562, 40.7515028079717], [-73.9353913893953, 40.7514221641318]]]}}, {"type": "Feature", "properties": {"zone_id": "0205RQEFSV07E5YMBM1PHJ", "tract_id": "36081003100", "city": "LONG ISLAND CITY, NY", "zone_code": "M1-3/R7X", "zone_category": "Industrial", "ev_permitted": true}, "geometry": {"type": "Polygon", "coordinates": [[[-73.9355420238562, 40.7515028079717], [-73.9353039490412, 40.7517580391592], [-73.9353753366402, 40.751796257312], [-73.9356134103937, 40.7515410266805], [-73.9355420238562, 40.7515028079717]]]}}, {"type": "Feature", "properties": {"zone_id": "02032VUH4R3F2M3NU2XJJ3", "tract_id": "36081003100", "city": "LONG ISLAND CITY, NY", "zone_code": "M1-2/R5D", "zone_category": "Industrial", "ev_permitted": true}, "geometry": {"type": "Polygon", "coordinates": [[[-73.9348676265458, 40.7532163582156], [-73.9348176634902, 40.7532703557126], [-73.9351266205792, 40.7534348165479], [-73.9351765835077, 40.7533808189182], [-73.9348676265458, 40.7532163582156]]]}}, {"type": "Feature", "properties": {"zone_id": "02041UY95ZU3JG566YGZHG", "tract_id": "36081003100", "city": "LONG ISLAND CITY, NY", "zone_code": "M1-2/R5D", "zone_category": "Industrial", "ev_permitted": true}, "geometry": {"type": "Polygon", "coordinates": [[[-73.9349201285503, 40.7531596168569], [-73.9348676265458, 40.7532163582156], [-73.9351765835077, 40.7533808189182], [-73.9352290853786, 40.75332407742], [-73.9349201285503, 40.7531596168569]]]}}, {"type": "Feature", "properties": {"zone_id": "0204R4KLTRWECUZDFZ46PG", "tract_id": "36081003100", "city": "LONG ISLAND CITY, NY", "zone_code": "M1-2/R5D", "zone_category": "Industrial", "ev_permitted": true}, "geometry": {"type": "Polygon", "coordinates": [[[-73.9348176634902, 40.7532703557126], [-73.934661743013, 40.7534388659937], [-73.9349707004979, 40.7536033279458], [-73.9351266205792, 40.7534348165479], [-73.9348176634902, 40.7532703557126]]]}}, {"type": "Feature", "properties": {"zone_id": "020218S1MTKX0B0I2Z25YO", "tract_id": "36081003100", "city": "LONG ISLAND CITY, NY", "zone_code": "M1-2/R5D", "zone_category": "Industrial", "ev_permitted": true}, "geometry": {"type": "Polygon", "coordinates": [[[-73.9350293029472, 40.7530416246691], [-73.9349732242928, 40.7531022328794], [-73.9352821809861, 40.7532666933015], [-73.9353382594978, 40.7532060849422], [-73.9350293029472, 40.7530416246691]]]}}, {"type": "Feature", "properties": {"zone_id": "0205HOWA7ACBSN62GK4QMG", "tract_id": "36081003100", "city": "LONG ISLAND CITY, NY", "zone_code": "M1-2/R5B", "zone_category": "Industrial", "ev_permitted": true}, "geometry": {"type": "Polygon", "coordinates": [[[-73.9350760985936, 40.7529910507382], [-73.9350293029472, 40.7530416246691], [-73.9353382594978, 40.7532060849422], [-73.9353850550252, 40.753155510887], [-73.9350760985936, 40.7529910507382]]]}}, {"type": "Feature", "properties": {"zone_id": "02038UUUR7TTMZQLEHFJG7", "tract_id": "36081003100", "city": "LONG ISLAND CITY, NY", "zone_code": "M1-2/R5D", "zone_category": "Industrial", "ev_permitted": true}, "geometry": {"type": "Polygon", "coordinates": [[[-73.9349732242928, 40.7531022328794], [-73.9349201285503, 40.7531596168569], [-73.9352290853786, 40.75332407742], [-73.9352821809861, 40.7532666933015], [-73.9349732242928, 40.7531022328794]]]}}, {"type": "Feature", "properties": {"zone_id": "02039H4WJHJY53WVNKDWV0", "tract_id": "36081003100", "city": "LONG ISLAND CITY, NY", "zone_code": "M1-2/R5D", "zone_category": "Industrial", "ev_permitted": true}, "geometry": {"type": "Polygon", "coordinates": [[[-73.9342710789564, 40.7529825651286], [-73.9340646353646, 40.7532088122892], [-73.9344499107659, 40.753412113604], [-73.9346594820714, 40.7531835148687], [-73.9343542688606, 40.7530224613797], [-73.9342710789564, 40.7529825651286]]]}}, {"type": "Feature", "properties": {"zone_id": "0203V5FG619EHTXIYCNV8K", "tract_id": "36081003100", "city": "LONG ISLAND CITY, NY", "zone_code": "M1-3/R7X", "zone_category": "Industrial", "ev_permitted": true}, "geometry": {"type": "Polygon", "coordinates": [[[-73.9341011453531, 40.752808654827], [-73.9338419966696, 40.7530913299589], [-73.9340646353646, 40.7532088122892], [-73.9342710789564, 40.7529825651286], [-73.9343542688606, 40.7530224613797], [-73.9346594820714, 40.7531835148687], [-73.934709489156, 40.7531289679881], [-73.9341011453531, 40.752808654827]]]}}, {"type": "Feature", "properties": {"zone_id": "0203O9JA1GP4M4NPSHSI1X", "tract_id": "36081003100", "city": "LONG ISLAND CITY, NY", "zone_code": "M1-3/R7X", "zone_category": "Industrial", "ev_permitted": true}, "geometry": {"type": "Polygon", "coordinates": [[[-73.9347148031242, 40.7526291722778], [-73.9346635504816, 40.7526850787987], [-73.9349687748998, 40.7528461378067], [-73.9350200274102, 40.7527902311514], [-73.9347148031242, 40.7526291722778]]]}}, {"type": "Feature", "properties": {"zone_id": "0206M657PVGW8XXYFJOQ5E", "tract_id": "36081003100", "city": "LONG ISLAND CITY, NY", "zone_code": "M1-2/R5D", "zone_category": "Industrial", "ev_permitted": true}, "geometry": {"type": "Polygon", "coordinates": [[[-73.9346635504816, 40.7526850787987], [-73.9345599562248, 40.7527980976112], [-73.9348651698288, 40.7529591505609], [-73.9349687748998, 40.7528461378067], [-73.9346635504816, 40.7526850787987]]]}}, {"type": "Feature", "properties": {"zone_id": "0203V2DOXC6Q5GIJBQUUWL", "tract_id": "36081003100", "city": "LONG ISLAND CITY, NY", "zone_code": "M1-2/R5D", "zone_category": "Industrial", "ev_permitted": true}, "geometry": {"type": "Polygon", "coordinates": [[[-73.9345599562248, 40.7527980976112], [-73.9344042751511, 40.7529679139272], [-73.934709489156, 40.7531289679881], [-73.9348651698288, 40.7529591505609], [-73.9345599562248, 40.7527980976112]]]}}, {"type": "Feature", "properties": {"zone_id": "0206KUI0QI1ATFG8M63XVT", "tract_id": "36081003100", "city": "LONG ISLAND CITY, NY", "zone_code": "M1-2/R5D", "zone_category": "Industrial", "ev_permitted": true}, "geometry": {"type": "Polygon", "coordinates": [[[-73.9349226672749, 40.7524024305956], [-73.9348701237284, 40.7524597467099], [-73.9351753476136, 40.7526208051758], [-73.9352278910245, 40.7525634889236], [-73.9349226672749, 40.7524024305956]]]}}, {"type": "Feature", "properties": {"zone_id": "0200MYSBGKKH2W8V1E9T47", "tract_id": "36081003100", "city": "LONG ISLAND CITY, NY", "zone_code": "M1-3/R7X", "zone_category": "Industrial", "ev_permitted": true}, "geometry": {"type": "Polygon", "coordinates": [[[-73.9348701237284, 40.7524597467099], [-73.934767343238, 40.7525718604496], [-73.9350725683124, 40.7527329191857], [-73.9351753476136, 40.7526208051758], [-73.9348701237284, 40.7524597467099]]]}}, {"type": "Feature", "properties": {"zone_id": "02026NBJSB07IF6EBU243H", "tract_id": "36081003100", "city": "LONG ISLAND CITY, NY", "zone_code": "M1-2/R5D", "zone_category": "Industrial", "ev_permitted": true}, "geometry": {"type": "Polygon", "coordinates": [[[-73.934767343238, 40.7525718604496], [-73.9347148031242, 40.7526291722778], [-73.9350200274102, 40.7527902311514], [-73.9350725683124, 40.7527329191857], [-73.934767343238, 40.7525718604496]]]}}, {"type": "Feature", "properties": {"zone_id": "0202UECJTGDWLNTII9KPVQ", "tract_id": "36081003100", "city": "LONG ISLAND CITY, NY", "zone_code": "M1-3/R7X", "zone_category": "Industrial", "ev_permitted": true}, "geometry": {"type": "Polygon", "coordinates": [[[-73.934517123576, 40.7523549078427], [-73.9343591670672, 40.7525272074039], [-73.9346618540832, 40.7526869293332], [-73.9348198101886, 40.7525146286583], [-73.934517123576, 40.7523549078427]]]}}, {"type": "Feature", "properties": {"zone_id": "0204W3W7JOIX79ULYLKB5P", "tract_id": "36081003100", "city": "LONG ISLAND CITY, NY", "zone_code": "M1-3/R7X", "zone_category": "Industrial", "ev_permitted": true}, "geometry": {"type": "Polygon", "coordinates": [[[-73.9342564004124, 40.7526393045339], [-73.9341011453531, 40.752808654827], [-73.9344042751511, 40.7529679139272], [-73.934559098773, 40.7527990330609], [-73.9342564004124, 40.7526393045339]]]}}, {"type": "Feature", "properties": {"zone_id": "02071L47FGBLTE7DJUI9CZ", "tract_id": "36081003100", "city": "LONG ISLAND CITY, NY", "zone_code": "M1-3/R7X", "zone_category": "Industrial", "ev_permitted": true}, "geometry": {"type": "Polygon", "coordinates": [[[-73.9343591670672, 40.7525272074039], [-73.9342564004124, 40.7526393045339], [-73.934559098773, 40.7527990330609], [-73.9346618540832, 40.7526869293332], [-73.9343591670672, 40.7525272074039]]]}}, {"type": "Feature", "properties": {"zone_id": "0200DRVEA0MVASJLRMJLPV", "tract_id": "36081003100", "city": "", "zone_code": "M1-3/R7X", "zone_category": "Industrial", "ev_permitted": true}, "geometry": {"type": "Polygon", "coordinates": [[[-73.9337475348179, 40.7519133549468], [-73.9331150954583, 40.7527066680358], [-73.9336860119517, 40.7530095186434], [-73.9343629751728, 40.7522626085364], [-73.9339451741213, 40.7520436174495], [-73.9339615604617, 40.7520255380358], [-73.9337475348179, 40.7519133549468]]]}}, {"type": "Feature", "properties": {"zone_id": "0202VPCNB0SRVP0F5Q4FP6", "tract_id": "36081003100", "city": "LONG ISLAND CITY, NY", "zone_code": "M1-2/R5D", "zone_category": "Industrial", "ev_permitted": true}, "geometry": {"type": "Polygon", "coordinates": [[[-73.9337203495042, 40.7532134602146], [-73.9335366350338, 40.753412978723], [-73.9334557821752, 40.7535136380006], [-73.9337737826852, 40.7536672165276], [-73.9338257180342, 40.7536064385906], [-73.9336795724469, 40.7535285579572], [-73.9338831322619, 40.7533002073204], [-73.9337203495042, 40.7532134602146]]]}}, {"type": "Feature", "properties": {"zone_id": "0201M1UNT6KIPV8GQRUCMN", "tract_id": "36081003100", "city": "LONG ISLAND CITY, NY", "zone_code": "M1-2/R5D", "zone_category": "Industrial", "ev_permitted": true}, "geometry": {"type": "Polygon", "coordinates": [[[-73.9338831322619, 40.7533002073204], [-73.9336795724469, 40.7535285579572], [-73.9338257180342, 40.7536064385906], [-73.9340292785109, 40.753378086996], [-73.9338831322619, 40.7533002073204]]]}}, {"type": "Feature", "properties": {"zone_id": "0206VINKF64YOA2EQYGX1F", "tract_id": "36081003100", "city": "LONG ISLAND CITY, NY", "zone_code": "M1-2/R5D", "zone_category": "Industrial", "ev_permitted": true}, "geometry": {"type": "Polygon", "coordinates": [[[-73.9330742689336, 40.7532257281232], [-73.9330234089468, 40.753287199871], [-73.9333136631771, 40.7534264096966], [-73.9333635209521, 40.7533644573286], [-73.9330742689336, 40.7532257281232]]]}}, {"type": "Feature", "properties": {"zone_id": "0205DH1EB6CB1O8TIY42SF", "tract_id": "36081003100", "city": "LONG ISLAND CITY, NY", "zone_code": "M1-2/R5D", "zone_category": "Industrial", "ev_permitted": true}, "geometry": {"type": "Polygon", "coordinates": [[[-73.9331959661312, 40.7532032512598], [-73.9331443558486, 40.7532593437999], [-73.9333635209521, 40.7533644573286], [-73.9333850082805, 40.7533377583168], [-73.9334125507375, 40.7533071279316], [-73.9331959661312, 40.7532032512598]]]}}, {"type": "Feature", "properties": {"zone_id": "0207IDRGFXIEWN4LVZFCEL", "tract_id": "36081003100", "city": "LONG ISLAND CITY, NY", "zone_code": "M1-2/R5D", "zone_category": "Industrial", "ev_permitted": true}, "geometry": {"type": "Polygon", "coordinates": [[[-73.9334918568697, 40.7530961213964], [-73.9333328707532, 40.7532689122039], [-73.9334125507375, 40.7533071279316], [-73.9335662320914, 40.7531362198827], [-73.9334918568697, 40.7530961213964]]]}}, {"type": "Feature", "properties": {"zone_id": "0206663OSOV8BIUHLICNZR", "tract_id": "36081003100", "city": "LONG ISLAND CITY, NY", "zone_code": "M1-2/R5D", "zone_category": "Industrial", "ev_permitted": true}, "geometry": {"type": "Polygon", "coordinates": [[[-73.9332772389143, 40.7529804069701], [-73.9330742689336, 40.7532257281232], [-73.9331443558486, 40.7532593437999], [-73.9333599659073, 40.753025010935], [-73.9332772389143, 40.7529804069701]]]}}, {"type": "Feature", "properties": {"zone_id": "0201NSPJGOUNBFQ5T4FD1E", "tract_id": "36081003100", "city": "LONG ISLAND CITY, NY", "zone_code": "M1-2/R5D", "zone_category": "Industrial", "ev_permitted": true}, "geometry": {"type": "Polygon", "coordinates": [[[-73.9333599659073, 40.753025010935], [-73.9331959661312, 40.7532032512598], [-73.9332593961652, 40.7532336729508], [-73.933421073191, 40.7530579572399], [-73.9333599659073, 40.753025010935]]]}}, {"type": "Feature", "properties": {"zone_id": "020032SMQHYELVZ6NRJTL4", "tract_id": "36081003100", "city": "LONG ISLAND CITY, NY", "zone_code": "M1-2/R5D", "zone_category": "Industrial", "ev_permitted": true}, "geometry": {"type": "Polygon", "coordinates": [[[-73.933421073191, 40.7530579572399], [-73.9332593961652, 40.7532336729508], [-73.9333328707532, 40.7532689122039], [-73.9334918568697, 40.7530961213964], [-73.933421073191, 40.7530579572399]]]}}, {"type": "Feature", "properties": {"zone_id": "02079YAZVXW018LJIP5R4U", "tract_id": "36081003100", "city": "LONG ISLAND CITY, NY", "zone_code": "M1-2/R6A", "zone_category": "Industrial", "ev_permitted": true}, "geometry": {"type": "Polygon", "coordinates": [[[-73.9332035538855, 40.7529406796984], [-73.9331040186766, 40.7530609839802], [-73.9331802256277, 40.7530976632539], [-73.9332772389143, 40.7529804069701], [-73.9332035538855, 40.7529406796984]]]}}, {"type": "Feature", "properties": {"zone_id": "0207OBQJN0CLTP13N6J5X8", "tract_id": "36081003100", "city": "LONG ISLAND CITY, NY", "zone_code": "M1-2/R5D", "zone_category": "Industrial", "ev_permitted": true}, "geometry": {"type": "Polygon", "coordinates": [[[-73.9330234089468, 40.753287199871], [-73.932838006074, 40.7535112867318], [-73.9331211327706, 40.7536656414261], [-73.9333136631771, 40.7534264096966], [-73.9330234089468, 40.753287199871]]]}}, {"type": "Feature", "properties": {"zone_id": "0202D9SOARQWIMUC0B3612", "tract_id": "36081003100", "city": "LONG ISLAND CITY, NY", "zone_code": "M1-2/R5D", "zone_category": "Industrial", "ev_permitted": true}, "geometry": {"type": "Polygon", "coordinates": [[[-73.9325592644495, 40.7533648050492], [-73.9325086249751, 40.7534278443219], [-73.9327935697034, 40.7535649928619], [-73.9328452960266, 40.7535024754691], [-73.9325592644495, 40.7533648050492]]]}}, {"type": "Feature", "properties": {"zone_id": "0200RTH4QBB11NC26RJV6Y", "tract_id": "36081003100", "city": "LONG ISLAND CITY, NY", "zone_code": "M1-2/R5D", "zone_category": "Industrial", "ev_permitted": true}, "geometry": {"type": "Polygon", "coordinates": [[[-73.9326049052107, 40.753307988355], [-73.9325592644495, 40.7533648050492], [-73.9328452960266, 40.7535024754691], [-73.9328812360191, 40.7534590364856], [-73.9326049052107, 40.753307988355]]]}}, {"type": "Feature", "properties": {"zone_id": "0204APYKCQ3RO9SVB2M7WO", "tract_id": "36081003100", "city": "LONG ISLAND CITY, NY", "zone_code": "M1-2/R5D", "zone_category": "Industrial", "ev_permitted": true}, "geometry": {"type": "Polygon", "coordinates": [[[-73.9327460392403, 40.753132294596], [-73.9326049052107, 40.753307988355], [-73.9328812360191, 40.7534590364856], [-73.9330360746892, 40.7532718921603], [-73.9327460392403, 40.753132294596]]]}}, {"type": "Feature", "properties": {"zone_id": "0200WGCXEYH9POPZSKC5AJ", "tract_id": "36081003100", "city": "LONG ISLAND CITY, NY", "zone_code": "M1-2/R6A", "zone_category": "Industrial", "ev_permitted": true}, "geometry": {"type": "Polygon", "coordinates": [[[-73.9328412944825, 40.7530137138505], [-73.9327460392403, 40.753132294596], [-73.9330360746892, 40.7532718921603], [-73.9331333715672, 40.7531542939721], [-73.9328412944825, 40.7530137138505]]]}}, {"type": "Feature", "properties": {"zone_id": "0206SMMPYAO0X1JQG1NUHT", "tract_id": "36081003100", "city": "LONG ISLAND CITY, NY", "zone_code": "M1-2/R5D", "zone_category": "Industrial", "ev_permitted": true}, "geometry": {"type": "Polygon", "coordinates": [[[-73.9328871642005, 40.7529566097893], [-73.9328412944825, 40.7530137138505], [-73.9331333715672, 40.7531542939721], [-73.9331802256277, 40.7530976632539], [-73.9328871642005, 40.7529566097893]]]}}, {"type": "Feature", "properties": {"zone_id": "0204CVNHLN15YD7TL6OV08", "tract_id": "36081003100", "city": "LONG ISLAND CITY, NY", "zone_code": "M1-2/R6A", "zone_category": "Industrial", "ev_permitted": true}, "geometry": {"type": "Polygon", "coordinates": [[[-73.9331357303076, 40.7529041114068], [-73.9330338730025, 40.7530272220914], [-73.9331040186766, 40.7530609839802], [-73.9332035538855, 40.7529406796984], [-73.9331357303076, 40.7529041114068]]]}}, {"type": "Feature", "properties": {"zone_id": "0205M7BQ2JIWN6LAFMSH3R", "tract_id": "36081003100", "city": "LONG ISLAND CITY, NY", "zone_code": "M1-2/R6A", "zone_category": "Industrial", "ev_permitted": true}, "geometry": {"type": "Polygon", "coordinates": [[[-73.9330659093066, 40.7528664668518], [-73.9329616623662, 40.7529924661059], [-73.9330338730025, 40.7530272220914], [-73.9331357303076, 40.7529041114068], [-73.9330659093066, 40.7528664668518]]]}}, {"type": "Feature", "properties": {"zone_id": "0205LWIDPQU5NJPP7IOYJW", "tract_id": "36081003100", "city": "LONG ISLAND CITY, NY", "zone_code": "M1-2/R6A", "zone_category": "Industrial", "ev_permitted": true}, "geometry": {"type": "Polygon", "coordinates": [[[-73.9329917110742, 40.7528264615967], [-73.9328871642005, 40.7529566097893], [-73.9329616623662, 40.7529924661059], [-73.9330659093066, 40.7528664668518], [-73.9329917110742, 40.7528264615967]]]}}, {"type": "Feature", "properties": {"zone_id": "0204T8GB03KS8R7R2KVQSH", "tract_id": "36081003100", "city": "LONG ISLAND CITY, NY", "zone_code": "M1-3/R7X", "zone_category": "Industrial", "ev_permitted": true}, "geometry": {"type": "Polygon", "coordinates": [[[-73.9347923571558, 40.752054680211], [-73.934517123576, 40.7523549078427], [-73.9348198101886, 40.7525146286583], [-73.9351274295325, 40.7521790911501], [-73.9347923571558, 40.752054680211]]]}}, {"type": "Feature", "properties": {"zone_id": "0206ZWE9K9IDPXA98LERYT", "tract_id": "36081003100", "city": "LONG ISLAND CITY, NY", "zone_code": "M1-2/R5D", "zone_category": "Industrial", "ev_permitted": true}, "geometry": {"type": "Polygon", "coordinates": [[[-73.9350752110187, 40.7522360330273], [-73.9349226672749, 40.7524024305956], [-73.9352278910245, 40.7525634889236], [-73.935380434374, 40.7523970916576], [-73.9350752110187, 40.7522360330273]]]}}, {"type": "Feature", "properties": {"zone_id": "0206SO2VE3LS8H777I8NWF", "tract_id": "36081003100", "city": "LONG ISLAND CITY, NY", "zone_code": "M1-3/R7X", "zone_category": "Industrial", "ev_permitted": true}, "geometry": {"type": "Polygon", "coordinates": [[[-73.9339008857411, 40.751720992578], [-73.9337475348179, 40.7519133549468], [-73.9339615604617, 40.7520255380358], [-73.9339451741213, 40.7520436174495], [-73.9343629751728, 40.7522626085364], [-73.9344037675405, 40.7522176006985], [-73.9342493125523, 40.7521356687437], [-73.9344394799008, 40.7519258497017], [-73.9339008857411, 40.751720992578]]]}}, {"type": "Feature", "properties": {"zone_id": "0202M2U2XB2P1CR9OVB23J", "tract_id": "36081003100", "city": "LONG ISLAND CITY, NY", "zone_code": "M1-3/R7X", "zone_category": "Industrial", "ev_permitted": true}, "geometry": {"type": "Polygon", "coordinates": [[[-73.9344394799008, 40.7519258497017], [-73.934305640196, 40.7520735200962], [-73.9344600951093, 40.7521554519762], [-73.9346095602328, 40.7519905400854], [-73.9344394799008, 40.7519258497017]]]}}, {"type": "Feature", "properties": {"zone_id": "0204KGJGPZRQ0JVA9ZYRWO", "tract_id": "36081003100", "city": "LONG ISLAND CITY, NY", "zone_code": "M1-3/R7X", "zone_category": "Industrial", "ev_permitted": true}, "geometry": {"type": "Polygon", "coordinates": [[[-73.934305640196, 40.7520735200962], [-73.9342493125523, 40.7521356687437], [-73.9344037675405, 40.7522176006985], [-73.9344600951093, 40.7521554519762], [-73.934305640196, 40.7520735200962]]]}}, {"type": "Feature", "properties": {"zone_id": "0203IHEOL6E3FV1Y0AV6CI", "tract_id": "36081003100", "city": "LONG ISLAND CITY, NY", "zone_code": "M1-3/R7X", "zone_category": "Industrial", "ev_permitted": true}, "geometry": {"type": "Polygon", "coordinates": [[[-73.9350949273636, 40.7512634460693], [-73.9348395757383, 40.7515371969994], [-73.9350613375588, 40.7516559227435], [-73.9353166887279, 40.7513821713265], [-73.9350949273636, 40.7512634460693]]]}}, {"type": "Feature", "properties": {"zone_id": "0205UGZUI2HI3XDXPF7FHD", "tract_id": "36081003100", "city": "LONG ISLAND CITY, NY", "zone_code": "M1-3/R7X", "zone_category": "Industrial", "ev_permitted": true}, "geometry": {"type": "Polygon", "coordinates": [[[-73.9353166887279, 40.7513821713265], [-73.9350613375588, 40.7516559227435], [-73.9349167724702, 40.7515785258663], [-73.9346573029077, 40.7518566888383], [-73.9350690301459, 40.7520098834211], [-73.9353039490412, 40.7517580391592], [-73.935153314292, 40.7516773943083], [-73.9353913893953, 40.7514221641318], [-73.9353166887279, 40.7513821713265]]]}}, {"type": "Feature", "properties": {"zone_id": "0203PMOAT78RR7T5MP620A", "tract_id": "36081003100", "city": "LONG ISLAND CITY, NY", "zone_code": "M1-3/R7X", "zone_category": "Industrial", "ev_permitted": true}, "geometry": {"type": "Polygon", "coordinates": [[[-73.9348395757383, 40.7515371969994], [-73.9345713763933, 40.7518247177243], [-73.9346573029077, 40.7518566888383], [-73.9349167724702, 40.7515785258663], [-73.9348395757383, 40.7515371969994]]]}}, {"type": "Feature", "properties": {"zone_id": "0203491BURRLCZEKHJCVBQ", "tract_id": "36081003100", "city": "LONG ISLAND CITY, NY", "zone_code": "M1-3/R7X", "zone_category": "Industrial", "ev_permitted": true}, "geometry": {"type": "Polygon", "coordinates": [[[-73.9345418931548, 40.7513106473852], [-73.9344812786178, 40.7513498857427], [-73.934412615145, 40.751392154957], [-73.9342839702992, 40.7514684075841], [-73.9342056338835, 40.7515131761222], [-73.9340473123149, 40.7515999780615], [-73.9340160291829, 40.7516180823321], [-73.9345713763933, 40.7518247177243], [-73.9348813671004, 40.7514923947286], [-73.9345418931548, 40.7513106473852]]]}}, {"type": "Feature", "properties": {"zone_id": "0205Q8ILEIQ7D6OQFM28J1", "tract_id": "36081003100", "city": "LONG ISLAND CITY, NY", "zone_code": "M1-3/R7X", "zone_category": "Industrial", "ev_permitted": true}, "geometry": {"type": "Polygon", "coordinates": [[[-73.9333917137036, 40.7518758624518], [-73.9331951870536, 40.7519347056464], [-73.9330670099618, 40.751969681797], [-73.9329843492668, 40.7519901751634], [-73.9327947278329, 40.752029649482], [-73.9331462579149, 40.7521853425472], [-73.9333917137036, 40.7518758624518]]]}}, {"type": "Feature", "properties": {"zone_id": "02042IO64U5MZM1KVSXA9J", "tract_id": "36081003100", "city": "LONG ISLAND CITY, NY", "zone_code": "M1-3/R7X", "zone_category": "Industrial", "ev_permitted": true}, "geometry": {"type": "Polygon", "coordinates": [[[-73.9327947278329, 40.752029649482], [-73.9326689342583, 40.7520572543194], [-73.9325827946166, 40.7520731373498], [-73.9324452605582, 40.752085547877], [-73.93229902836, 40.7522704978895], [-73.9328466912049, 40.7525630437048], [-73.9331462579149, 40.7521853425472], [-73.9327947278329, 40.752029649482]]]}}, {"type": "Feature", "properties": {"zone_id": "0203LIPRMOEBG70JTM6H6J", "tract_id": "36081003100", "city": "LONG ISLAND CITY, NY", "zone_code": "M1-2/R6A", "zone_category": "Industrial", "ev_permitted": true}, "geometry": {"type": "Polygon", "coordinates": [[[-73.9322693221867, 40.7537257414131], [-73.9322235004449, 40.7537827827145], [-73.9324880171087, 40.7539211348723], [-73.9325496489802, 40.7538506799029], [-73.9322693221867, 40.7537257414131]]]}}, {"type": "Feature", "properties": {"zone_id": "0201LBW65RZY45UUT40P0S", "tract_id": "36081003100", "city": "LONG ISLAND CITY, NY", "zone_code": "M1-2/R6A", "zone_category": "Industrial", "ev_permitted": true}, "geometry": {"type": "Polygon", "coordinates": [[[-73.9323709368554, 40.7535992458802], [-73.9322693221867, 40.7537257414131], [-73.9325496489802, 40.7538506799029], [-73.9326514776374, 40.7537342736768], [-73.9323709368554, 40.7535992458802]]]}}, {"type": "Feature", "properties": {"zone_id": "0201I3UEZVRIKXZC3QEQDQ", "tract_id": "36081003100", "city": "LONG ISLAND CITY, NY", "zone_code": "M1-2/R6A", "zone_category": "Industrial", "ev_permitted": true}, "geometry": {"type": "Polygon", "coordinates": [[[-73.9317010648149, 40.7534296126135], [-73.9316592462558, 40.7534733365332], [-73.9319501833778, 40.75362858479], [-73.9319960354992, 40.7535726840234], [-73.9317010648149, 40.7534296126135]]]}}, {"type": "Feature", "properties": {"zone_id": "0200D6RJK7EWP5NF70AG8V", "tract_id": "36081003100", "city": "LONG ISLAND CITY, NY", "zone_code": "M1-2/R6A", "zone_category": "Industrial", "ev_permitted": true}, "geometry": {"type": "Polygon", "coordinates": [[[-73.9318643805167, 40.7532588544838], [-73.9318077985528, 40.7533180154933], [-73.9320918952558, 40.7534558124158], [-73.932142714222, 40.7533938555212], [-73.9318643805167, 40.7532588544838]]]}}, {"type": "Feature", "properties": {"zone_id": "02000ZKV2Z7XNFECWJ5DNY", "tract_id": "36081003100", "city": "LONG ISLAND CITY, NY", "zone_code": "M1-2/R6A", "zone_category": "Industrial", "ev_permitted": true}, "geometry": {"type": "Polygon", "coordinates": [[[-73.9318077985528, 40.7533180154933], [-73.9317582916806, 40.7533697781929], [-73.932047431935, 40.7535100220468], [-73.9320918952558, 40.7534558124158], [-73.9318077985528, 40.7533180154933]]]}}, {"type": "Feature", "properties": {"zone_id": "0206PZVILT40PUKTH408AA", "tract_id": "36081003100", "city": "LONG ISLAND CITY, NY", "zone_code": "M1-2/R6A", "zone_category": "Industrial", "ev_permitted": true}, "geometry": {"type": "Polygon", "coordinates": [[[-73.9317582916806, 40.7533697781929], [-73.9317010648149, 40.7534296126135], [-73.9319960354992, 40.7535726840234], [-73.932047431935, 40.7535100220468], [-73.9317582916806, 40.7533697781929]]]}}, {"type": "Feature", "properties": {"zone_id": "0202F572HS51Y2K1J7V2H9", "tract_id": "36081003100", "city": "LONG ISLAND CITY, NY", "zone_code": "M1-3/R7X", "zone_category": "Industrial", "ev_permitted": true}, "geometry": {"type": "Polygon", "coordinates": [[[-73.9320973429163, 40.752956553746], [-73.9320573464029, 40.7530054082708], [-73.9323342704702, 40.7531603100278], [-73.9323863980487, 40.7530967566565], [-73.9320973429163, 40.752956553746]]]}}, {"type": "Feature", "properties": {"zone_id": "0202KT2W88WP55RBHEK6Q0", "tract_id": "36081003100", "city": "LONG ISLAND CITY, NY", "zone_code": "M1-3/R7X", "zone_category": "Industrial", "ev_permitted": true}, "geometry": {"type": "Polygon", "coordinates": [[[-73.9317369851206, 40.7529236820398], [-73.9316910951903, 40.7529797337567], [-73.9319682914352, 40.7531141843683], [-73.9320141812249, 40.7530581325419], [-73.9317369851206, 40.7529236820398]]]}}, {"type": "Feature", "properties": {"zone_id": "0203VYPIM5TS008P8QXQ68", "tract_id": "36081003100", "city": "", "zone_code": "M1-3/R7X", "zone_category": "Industrial", "ev_permitted": true}, "geometry": {"type": "Polygon", "coordinates": [[[-73.9320573464029, 40.7530054082708], [-73.9318539797006, 40.7532538095901], [-73.932142714222, 40.7533938555212], [-73.9323342704702, 40.7531603100278], [-73.9320573464029, 40.7530054082708]]]}}, {"type": "Feature", "properties": {"zone_id": "0205M6ID5CUT3XJLTZMV4L", "tract_id": "36081003100", "city": "", "zone_code": "M1-2/R6A", "zone_category": "Industrial", "ev_permitted": true}, "geometry": {"type": "Polygon", "coordinates": [[[-73.931758263763, 40.753178757823], [-73.9315382676562, 40.7534087799126], [-73.9316592462558, 40.7534733365332], [-73.9318643805167, 40.7532588544838], [-73.9318539797006, 40.7532538095901], [-73.9318707544448, 40.7532333195447], [-73.931758263763, 40.753178757823]]]}}, {"type": "Feature", "properties": {"zone_id": "020150A168UPKEFUFYDHD6", "tract_id": "36081003100", "city": "LONG ISLAND CITY, NY", "zone_code": "M1-2/R6A", "zone_category": "Industrial", "ev_permitted": true}, "geometry": {"type": "Polygon", "coordinates": [[[-73.931593558825, 40.7530988687013], [-73.9314001651305, 40.7533350847728], [-73.9315382676562, 40.7534087799126], [-73.931758263763, 40.753178757823], [-73.931593558825, 40.7530988687013]]]}}, {"type": "Feature", "properties": {"zone_id": "0206DKK8GB136F8YO9SNKV", "tract_id": "36081003100", "city": "LONG ISLAND CITY, NY", "zone_code": "M1-3/R7X", "zone_category": "Industrial", "ev_permitted": true}, "geometry": {"type": "Polygon", "coordinates": [[[-73.9316398707873, 40.7530423008228], [-73.931593558825, 40.7530988687013], [-73.9318707544448, 40.7532333195447], [-73.9319170671892, 40.7531767515563], [-73.9316398707873, 40.7530423008228]]]}}, {"type": "Feature", "properties": {"zone_id": "0200Y6KYDW76D7T3BZ3I43", "tract_id": "36081003100", "city": "LONG ISLAND CITY, NY", "zone_code": "M1-3/R7X", "zone_category": "Industrial", "ev_permitted": true}, "geometry": {"type": "Polygon", "coordinates": [[[-73.9316910951903, 40.7529797337567], [-73.9316398707873, 40.7530423008228], [-73.9319170671892, 40.7531767515563], [-73.9319682914352, 40.7531141843683], [-73.9316910951903, 40.7529797337567]]]}}, {"type": "Feature", "properties": {"zone_id": "0200S0XU9D1AORRHCM4NOH", "tract_id": "36081003100", "city": "LONG ISLAND CITY, NY", "zone_code": "M1-2/R6A", "zone_category": "Industrial", "ev_permitted": true}, "geometry": {"type": "Polygon", "coordinates": [[[-73.9312827389557, 40.7529452849088], [-73.931076847136, 40.7531703903302], [-73.9312273758699, 40.7532501895167], [-73.9314193611444, 40.7530127910274], [-73.9312827389557, 40.7529452849088]]]}}, {"type": "Feature", "properties": {"zone_id": "0205UCTK3YJBYSMJHOSY9F", "tract_id": "36081003100", "city": "LONG ISLAND CITY, NY", "zone_code": "M1-2/R6A", "zone_category": "Industrial", "ev_permitted": true}, "geometry": {"type": "Polygon", "coordinates": [[[-73.9312133377573, 40.7529109925521], [-73.9310089850693, 40.7531344145078], [-73.931076847136, 40.7531703903302], [-73.9312827389557, 40.7529452849088], [-73.9312133377573, 40.7529109925521]]]}}, {"type": "Feature", "properties": {"zone_id": "0206CCLNZCGO1IGVQ8LU06", "tract_id": "36081003100", "city": "LONG ISLAND CITY, NY", "zone_code": "M1-3/R7X", "zone_category": "Industrial", "ev_permitted": true}, "geometry": {"type": "Polygon", "coordinates": [[[-73.9324382272415, 40.7525401779448], [-73.9320973429163, 40.752956553746], [-73.9323863980487, 40.7530967566565], [-73.9327195372437, 40.7526905885808], [-73.9324382272415, 40.7525401779448]]]}}, {"type": "Feature", "properties": {"zone_id": "0202G4D4USABCFLFEM3I3Z", "tract_id": "36081003100", "city": "LONG ISLAND CITY, NY", "zone_code": "M1-3/R7X", "zone_category": "Industrial", "ev_permitted": true}, "geometry": {"type": "Polygon", "coordinates": [[[-73.9318809629692, 40.7527478209727], [-73.9317369851206, 40.7529236820398], [-73.9320141812249, 40.7530581325419], [-73.9321581577076, 40.752882271834], [-73.9318809629692, 40.7527478209727]]]}}, {"type": "Feature", "properties": {"zone_id": "0202RFFJKDV80RES6FZFPE", "tract_id": "36081003100", "city": "LONG ISLAND CITY, NY", "zone_code": "M1-3/R7X", "zone_category": "Industrial", "ev_permitted": true}, "geometry": {"type": "Polygon", "coordinates": [[[-73.9319305799571, 40.7526872160662], [-73.9318809629692, 40.7527478209727], [-73.9321581577076, 40.752882271834], [-73.932207775469, 40.7528216654045], [-73.9319305799571, 40.7526872160662]]]}}, {"type": "Feature", "properties": {"zone_id": "0203BVBDYVIK8X8R0GRRHE", "tract_id": "36081003100", "city": "LONG ISLAND CITY, NY", "zone_code": "M1-3/R7X", "zone_category": "Industrial", "ev_permitted": true}, "geometry": {"type": "Polygon", "coordinates": [[[-73.9319822867333, 40.7526240603278], [-73.9319305799571, 40.7526872160662], [-73.932207775469, 40.7528216654045], [-73.9322594811627, 40.7527585095423], [-73.9319822867333, 40.7526240603278]]]}}, {"type": "Feature", "properties": {"zone_id": "0204HZGDFH4LBT2FBVEGTQ", "tract_id": "36081003100", "city": "LONG ISLAND CITY, NY", "zone_code": "M1-3/R7X", "zone_category": "Industrial", "ev_permitted": true}, "geometry": {"type": "Polygon", "coordinates": [[[-73.9321688692043, 40.7523961558753], [-73.9319822867333, 40.7526240603278], [-73.9322594811627, 40.7527585095423], [-73.9324382272415, 40.7525401779448], [-73.9321688692043, 40.7523961558753]]]}}, {"type": "Feature", "properties": {"zone_id": "02041E1IS936T3IVE7NSY7", "tract_id": "36081003100", "city": "LONG ISLAND CITY, NY", "zone_code": "M1-3/R7X", "zone_category": "Industrial", "ev_permitted": true}, "geometry": {"type": "Polygon", "coordinates": [[[-73.9310313778567, 40.7524615813239], [-73.9308418948422, 40.752695506057], [-73.930941756671, 40.752744849513], [-73.9307237472471, 40.7529832019348], [-73.9309320018601, 40.7530936038265], [-73.9311346082238, 40.7528720914819], [-73.9314193611444, 40.7530127910274], [-73.9316074492105, 40.7527802094098], [-73.9310313778567, 40.7524615813239]]]}}, {"type": "Feature", "properties": {"zone_id": "0207K1U9ZT7E8K3QHCT80O", "tract_id": "36081003100", "city": "LONG ISLAND CITY, NY", "zone_code": "M1-3/R7X", "zone_category": "Industrial", "ev_permitted": true}, "geometry": {"type": "Polygon", "coordinates": [[[-73.9317781610468, 40.7521799063851], [-73.9315588975942, 40.7524105669903], [-73.9315128495971, 40.7523850978751], [-73.9314843715442, 40.7524202558677], [-73.9313161835235, 40.7526191097613], [-73.9316074492105, 40.7527802094098], [-73.9319965503033, 40.7522990569137], [-73.9317781610468, 40.7521799063851]]]}}, {"type": "Feature", "properties": {"zone_id": "0202GJQM1PFXG8LBZ4PE5H", "tract_id": "36081003100", "city": "LONG ISLAND CITY, NY", "zone_code": "M1-2/R6A", "zone_category": "Industrial", "ev_permitted": true}, "geometry": {"type": "Polygon", "coordinates": [[[-73.9311346082238, 40.7528720914819], [-73.9309320018601, 40.7530936038265], [-73.9310089850693, 40.7531344145078], [-73.9312133377573, 40.7529109925521], [-73.9311346082238, 40.7528720914819]]]}}, {"type": "Feature", "properties": {"zone_id": "0200K46MZDRZK6KLVJ8Z07", "tract_id": "36081003100", "city": "LONG ISLAND CITY, NY", "zone_code": "M1-2/R6A", "zone_category": "Industrial", "ev_permitted": true}, "geometry": {"type": "Polygon", "coordinates": [[[-73.9308418948422, 40.752695506057], [-73.9306433706138, 40.7529405909237], [-73.9307237472471, 40.7529832019348], [-73.930941756671, 40.752744849513], [-73.9308418948422, 40.752695506057]]]}}, {"type": "Feature", "properties": {"zone_id": "0205PS6X1WSQHN567QO5WW", "tract_id": "36081003100", "city": "LONG ISLAND CITY, NY", "zone_code": "M1-2/R6A", "zone_category": "Industrial", "ev_permitted": true}, "geometry": {"type": "Polygon", "coordinates": [[[-73.9305721865555, 40.7525471552013], [-73.930360811362, 40.7527883693438], [-73.9304438570949, 40.7528326797803], [-73.9306480074137, 40.7525835815601], [-73.9305721865555, 40.7525471552013]]]}}, {"type": "Feature", "properties": {"zone_id": "020655J5OK5ZMGCNNKKOTO", "tract_id": "36081003100", "city": "LONG ISLAND CITY, NY", "zone_code": "M1-3/R7X", "zone_category": "Industrial", "ev_permitted": true}, "geometry": {"type": "Polygon", "coordinates": [[[-73.9304000934547, 40.7523755191158], [-73.9303465456501, 40.752438750326], [-73.9306480074137, 40.7525835815601], [-73.9307003156868, 40.752519755019], [-73.9304000934547, 40.7523755191158]]]}}, {"type": "Feature", "properties": {"zone_id": "0204XCNYUHJQOOAGMIOI4O", "tract_id": "36081003100", "city": "LONG ISLAND CITY, NY", "zone_code": "M1-2/R6A", "zone_category": "Industrial", "ev_permitted": true}, "geometry": {"type": "Polygon", "coordinates": [[[-73.9303652680694, 40.7524477450948], [-73.9301533369561, 40.7526776675553], [-73.9302238740583, 40.7527153037719], [-73.9304381990193, 40.7524827835063], [-73.9303652680694, 40.7524477450948]]]}}, {"type": "Feature", "properties": {"zone_id": "02072NRV12T8YZDDS1MXI2", "tract_id": "36081003100", "city": "LONG ISLAND CITY, NY", "zone_code": "M1-2/R6A", "zone_category": "Industrial", "ev_permitted": true}, "geometry": {"type": "Polygon", "coordinates": [[[-73.9305066214359, 40.7525156556756], [-73.9302900497022, 40.7527506136243], [-73.930360811362, 40.7527883693438], [-73.9305721865555, 40.7525471552013], [-73.9305066214359, 40.7525156556756]]]}}, {"type": "Feature", "properties": {"zone_id": "0200ERP8IMPB7XS2B2SSTT", "tract_id": "36081003100", "city": "LONG ISLAND CITY, NY", "zone_code": "M1-2/R6A", "zone_category": "Industrial", "ev_permitted": true}, "geometry": {"type": "Polygon", "coordinates": [[[-73.9304381990193, 40.7524827835063], [-73.9302238740583, 40.7527153037719], [-73.9302900497022, 40.7527506136243], [-73.9305066214359, 40.7525156556756], [-73.9304381990193, 40.7524827835063]]]}}, {"type": "Feature", "properties": {"zone_id": "0204N67Y6L3AUI5RSIW86N", "tract_id": "36081003100", "city": "LONG ISLAND CITY, NY", "zone_code": "M1-2/R6A", "zone_category": "Industrial", "ev_permitted": true}, "geometry": {"type": "Polygon", "coordinates": [[[-73.9302896220647, 40.7524114022708], [-73.9300801745241, 40.752638630715], [-73.9301533369561, 40.7526776675553], [-73.9303652680694, 40.7524477450948], [-73.9302896220647, 40.7524114022708]]]}}, {"type": "Feature", "properties": {"zone_id": "0200C2F5B9C0PQYL9KQPZS", "tract_id": "36081003100", "city": "LONG ISLAND CITY, NY", "zone_code": "M1-2/R6A", "zone_category": "Industrial", "ev_permitted": true}, "geometry": {"type": "Polygon", "coordinates": [[[-73.9301339362328, 40.7523366051392], [-73.9299296001454, 40.7525582882455], [-73.9300801745241, 40.752638630715], [-73.9302896220647, 40.7524114022708], [-73.9301339362328, 40.7523366051392]]]}}, {"type": "Feature", "properties": {"zone_id": "0206RYDGE574FAABH4UQ1H", "tract_id": "36081003100", "city": "LONG ISLAND CITY, NY", "zone_code": "M1-3/R7X", "zone_category": "Industrial", "ev_permitted": true}, "geometry": {"type": "Polygon", "coordinates": [[[-73.931306237345, 40.7521222519933], [-73.9310313778567, 40.7524615813239], [-73.9313161835235, 40.7526191097613], [-73.9314843715442, 40.7524202558677], [-73.931414111574, 40.7523813944531], [-73.9314064947036, 40.7521225724244], [-73.931306237345, 40.7521222519933]]]}}, {"type": "Feature", "properties": {"zone_id": "02011XKBDM0GYSR54UE2J0", "tract_id": "36081003100", "city": "LONG ISLAND CITY, NY", "zone_code": "M1-3/R7X", "zone_category": "Industrial", "ev_permitted": true}, "geometry": {"type": "Polygon", "coordinates": [[[-73.9315051332662, 40.7521228868871], [-73.9315128495971, 40.7523850978751], [-73.9315588975942, 40.7524105669903], [-73.9317781610468, 40.7521799063851], [-73.9316746413579, 40.75212342742], [-73.9315051332662, 40.7521228868871]]]}}, {"type": "Feature", "properties": {"zone_id": "0204NJUT1V79N8B9S6W0LV", "tract_id": "36081003100", "city": "LONG ISLAND CITY, NY", "zone_code": "M1-3/R7X", "zone_category": "Industrial", "ev_permitted": true}, "geometry": {"type": "Polygon", "coordinates": [[[-73.9314064947036, 40.7521225724244], [-73.931414111574, 40.7523813944531], [-73.9314843715442, 40.7524202558677], [-73.9315128495971, 40.7523850978751], [-73.9315051332662, 40.7521228868871], [-73.9314064947036, 40.7521225724244]]]}}, {"type": "Feature", "properties": {"zone_id": "0206LYTRYNL8I3S1C2H7DF", "tract_id": "36081003100", "city": "LONG ISLAND CITY, NY", "zone_code": "M1-3/R7X", "zone_category": "Industrial", "ev_permitted": true}, "geometry": {"type": "Polygon", "coordinates": [[[-73.9310195151685, 40.7521302715005], [-73.9304657898572, 40.7521394377695], [-73.9304676075648, 40.7522445385491], [-73.9304139927064, 40.7523420487946], [-73.9304284307688, 40.7523420575158], [-73.9304000934547, 40.7523755191158], [-73.9307003156868, 40.752519755019], [-73.9310195151685, 40.7521302715005]]]}}, {"type": "Feature", "properties": {"zone_id": "020646JUMD9MGF2IEB5KNL", "tract_id": "36081003100", "city": "LONG ISLAND CITY, NY", "zone_code": "M1-3/R7X", "zone_category": "Industrial", "ev_permitted": true}, "geometry": {"type": "Polygon", "coordinates": [[[-73.9302675689175, 40.7521427180909], [-73.9301684505862, 40.7521443584703], [-73.9300439326558, 40.7522933646102], [-73.9302720688346, 40.7524029689164], [-73.9302675689175, 40.7521427180909]]]}}, {"type": "Feature", "properties": {"zone_id": "02064H4V0D28CZJ24L3NFK", "tract_id": "36081003100", "city": "LONG ISLAND CITY, NY", "zone_code": "M1-3/R7X", "zone_category": "Industrial", "ev_permitted": true}, "geometry": {"type": "Polygon", "coordinates": [[[-73.9303611405291, 40.7521411684288], [-73.9302675689175, 40.7521427180909], [-73.9302720688346, 40.7524029689164], [-73.9303465456501, 40.752438750326], [-73.9303658936242, 40.7524159039417], [-73.9303611405291, 40.7521411684288]]]}}, {"type": "Feature", "properties": {"zone_id": "0200FCP42Q8405UW60TJUJ", "tract_id": "36081003100", "city": "LONG ISLAND CITY, NY", "zone_code": "M1-3/R7X", "zone_category": "Industrial", "ev_permitted": true}, "geometry": {"type": "Polygon", "coordinates": [[[-73.9304657898572, 40.7521394377695], [-73.9303611405291, 40.7521411684288], [-73.9303658936242, 40.7524159039417], [-73.9304284307688, 40.7523420575158], [-73.9304139927064, 40.7523420487946], [-73.9304676075648, 40.7522445385491], [-73.9304657898572, 40.7521394377695]]]}}, {"type": "Feature", "properties": {"zone_id": "0205G41CTR1SL7PUIYZPRN", "tract_id": "36081003100", "city": "LONG ISLAND CITY, NY", "zone_code": "M1-2/R6A", "zone_category": "Industrial", "ev_permitted": true}, "geometry": {"type": "Polygon", "coordinates": [[[-73.9300439326558, 40.7522933646102], [-73.9298555588408, 40.752518782056], [-73.9299296001454, 40.7525582882455], [-73.9301339362328, 40.7523366051392], [-73.9300439326558, 40.7522933646102]]]}}, {"type": "Feature", "properties": {"zone_id": "0202KVIS02QTUB8RIZ58LB", "tract_id": "36081003100", "city": "LONG ISLAND CITY, NY", "zone_code": "M1-3/R7X", "zone_category": "Industrial", "ev_permitted": true}, "geometry": {"type": "Polygon", "coordinates": [[[-73.9299121245609, 40.7521502540587], [-73.9291897132722, 40.7521639285794], [-73.929685861781, 40.752430214281], [-73.9299121245609, 40.7521502540587]]]}}, {"type": "Feature", "properties": {"zone_id": "0200XP5LEKDKNNGDU57MV1", "tract_id": "36081003100", "city": "LONG ISLAND CITY, NY", "zone_code": "M1-3/R7X", "zone_category": "Industrial", "ev_permitted": true}, "geometry": {"type": "Polygon", "coordinates": [[[-73.9346808096687, 40.7512168395281], [-73.9345811979315, 40.7512849279313], [-73.9345418931548, 40.7513106473852], [-73.9348813671004, 40.7514923947286], [-73.9349856033907, 40.751380647776], [-73.9346808096687, 40.7512168395281]]]}}, {"type": "Feature", "properties": {"zone_id": "0206WJ748YI152IXP4HENC", "tract_id": "36081003100", "city": "LONG ISLAND CITY, NY", "zone_code": "M1-3/R7X", "zone_category": "Industrial", "ev_permitted": true}, "geometry": {"type": "Polygon", "coordinates": [[[-73.9348207890173, 40.7511166793957], [-73.9347610760042, 40.7511603071977], [-73.9346808096687, 40.7512168395281], [-73.9349856033907, 40.751380647776], [-73.9350949273636, 40.7512634460693], [-73.9348207890173, 40.7511166793957]]]}}]}