{"type": "FeatureCollection", "features": [{"type": "Feature", "properties": {"zone_id": "0204Y13RBL648X14RHTIDY", "tract_id": "22071011600", "city": "NEW ORLEANS, LA", "zone_code": "IZD - NON-COMMERCIAL STR SPECIAL EXCEPTION", "zone_category": "Commercial", "ev_permitted": true}, "geometry": {"type": "Polygon", "coordinates": [[[-90.1170536876746, 29.9266380372377], [-90.117016209521, 29.9267716615568], [-90.1173845570825, 29.9268507069098], [-90.1174227919257, 29.926716658221], [-90.1170536876746, 29.9266380372377]]]}}, {"type": "Feature", "properties": {"zone_id": "0204TF0GHRHVI135EX3WB9", "tract_id": "22071011600", "city": "NEW ORLEANS, LA", "zone_code": "IZD - BED AND BREAKFAST", "zone_category": "Other", "ev_permitted": false}, "geometry": {"type": "Polygon", "coordinates": [[[-90.117016209521, 29.9267716615568], [-90.1169859239489, 29.9268776521844], [-90.1173545597959, 29.9269567002826], [-90.1173845570825, 29.9268507069098], [-90.117016209521, 29.9267716615568]]]}}, {"type": "Feature", "properties": {"zone_id": "0204KZ2LZU225OTMETNJT4", "tract_id": "22071011600", "city": "NEW ORLEANS, LA", "zone_code": "UNIVERSITY AREA OFF-STREET PARKING", "zone_category": "Other", "ev_permitted": false}, "geometry": {"type": "Polygon", "coordinates": [[[-90.1166855706434, 29.9265591987863], [-90.1166637221801, 29.9266396260739], [-90.1166172821004, 29.9267992282351], [-90.1169859239489, 29.9268776521844], [-90.1170536876746, 29.9266380372377], [-90.1166855706434, 29.9265591987863]]]}}, {"type": "Feature", "properties": {"zone_id": "02018CN15Y49ASK3UU5LYA", "tract_id": "22071011600", "city": "NEW ORLEANS, LA", "zone_code": "IZD - BED AND BREAKFAST", "zone_category": "Other", "ev_permitted": false}, "geometry": {"type": "Polygon", "coordinates": [[[-90.1171353142937, 29.9263498662272], [-90.1170984298899, 29.9264792384508], [-90.117467788656, 29.9265576676888], [-90.1175030523662, 29.9264317187764], [-90.1172724250469, 29.9263834939883], [-90.1171353142937, 29.9263498662272]]]}}, {"type": "Feature", "properties": {"zone_id": "0205PQQMT3Q7YBNCRF7ML5", "tract_id": "22071011600", "city": "NEW ORLEANS, LA", "zone_code": "IZD - NON-COMMERCIAL STR SPECIAL EXCEPTION", "zone_category": "Commercial", "ev_permitted": true}, "geometry": {"type": "Polygon", "coordinates": [[[-90.1170984298899, 29.9264792384508], [-90.1170763844955, 29.9265581753085], [-90.1174445840108, 29.9266362185635], [-90.117467788656, 29.9265576676888], [-90.1170984298899, 29.9264792384508]]]}}, {"type": "Feature", "properties": {"zone_id": "0205F9ZXNGMEKQTANGNMUI", "tract_id": "22071011600", "city": "NEW ORLEANS, LA", "zone_code": "IZD - NON-COMMERCIAL STR SPECIAL EXCEPTION", "zone_category": "Commercial", "ev_permitted": true}, "geometry": {"type": "Polygon", "coordinates": [[[-90.1170763844955, 29.9265581753085], [-90.1170536876746, 29.9266380372377], [-90.1174227919257, 29.926716658221], [-90.1174445840108, 29.9266362185635], [-90.1170763844955, 29.9265581753085]]]}}, {"type": "Feature", "properties": {"zone_id": "0204OOSEI9B7ZDN3L9O66N", "tract_id": "22071011600", "city": "NEW ORLEANS, LA", "zone_code": "IZD - BED AND BREAKFAST", "zone_category": "Other", "ev_permitted": false}, "geometry": {"type": "Polygon", "coordinates": [[[-90.1167305050733, 29.9264008214314], [-90.1167087200847, 29.9264806357998], [-90.1166855706434, 29.9265591987863], [-90.1170536876746, 29.9266380372377], [-90.1170984298899, 29.9264792384508], [-90.1167305050733, 29.9264008214314]]]}}, {"type": "Feature", "properties": {"zone_id": "02015C5MRLJDAU0CLHUYDC", "tract_id": "22071011600", "city": "NEW ORLEANS, LA", "zone_code": "IZD - BED AND BREAKFAST", "zone_category": "Other", "ev_permitted": false}, "geometry": {"type": "Polygon", "coordinates": [[[-90.116113241451, 29.9265832726011], [-90.116085388426, 29.9266899116869], [-90.1164548233755, 29.9267620938402], [-90.1164834024056, 29.9266548361528], [-90.116113241451, 29.9265832726011]]]}}, {"type": "Feature", "properties": {"zone_id": "020005LMJQZ2766A1G3PQ9", "tract_id": "22071011600", "city": "NEW ORLEANS, LA", "zone_code": "UNIVERSITY AREA OFF-STREET PARKING", "zone_category": "Other", "ev_permitted": false}, "geometry": {"type": "Polygon", "coordinates": [[[-90.1161373554123, 29.9264891028822], [-90.116113241451, 29.9265832726011], [-90.1164834024056, 29.9266548361528], [-90.1165067906918, 29.926561284901], [-90.1161373554123, 29.9264891028822]]]}}, {"type": "Feature", "properties": {"zone_id": "0201KHQWHCBK7AQLLCWX32", "tract_id": "22071011600", "city": "NEW ORLEANS, LA", "zone_code": "HU-RD2", "zone_category": "Residential", "ev_permitted": false}, "geometry": {"type": "Polygon", "coordinates": [[[-90.1161686263676, 29.9263671800966], [-90.1161373554123, 29.9264891028822], [-90.1165067906918, 29.926561284901], [-90.1165391553052, 29.9264378085888], [-90.1161686263676, 29.9263671800966]]]}}, {"type": "Feature", "properties": {"zone_id": "0206MJ6APRE2I40THT98GN", "tract_id": "22071011600", "city": "NEW ORLEANS, LA", "zone_code": "HU-RD2", "zone_category": "Residential", "ev_permitted": false}, "geometry": {"type": "Polygon", "coordinates": [[[-90.1154733941473, 29.9266754956696], [-90.1154108981124, 29.926915589872], [-90.1154781839352, 29.9269299654705], [-90.1155414051674, 29.9266892527078], [-90.1154733941473, 29.9266754956696]]]}}, {"type": "Feature", "properties": {"zone_id": "0204TJZPSH3ISCD26V1XOC", "tract_id": "22071011600", "city": "NEW ORLEANS, LA", "zone_code": "IZD - BED AND BREAKFAST", "zone_category": "Other", "ev_permitted": false}, "geometry": {"type": "Polygon", "coordinates": [[[-90.1153875052584, 29.9266565720252], [-90.11532429997, 29.9268960343785], [-90.1154108981124, 29.926915589872], [-90.1154733941473, 29.9266754956696], [-90.1153875052584, 29.9266565720252]]]}}, {"type": "Feature", "properties": {"zone_id": "02021QK44FDTI9ZQ1ZJ7O2", "tract_id": "22071011600", "city": "NEW ORLEANS, LA", "zone_code": "HU-RD2", "zone_category": "Residential", "ev_permitted": false}, "geometry": {"type": "Polygon", "coordinates": [[[-90.1157973705373, 29.9262971690714], [-90.1157664710093, 29.9264181568949], [-90.1161373554123, 29.9264891028822], [-90.1161686263676, 29.9263671800966], [-90.1157973705373, 29.9262971690714]]]}}, {"type": "Feature", "properties": {"zone_id": "0202EWZZO0W03IV7UTH8OJ", "tract_id": "22071011600", "city": "NEW ORLEANS, LA", "zone_code": "IZD - NON-COMMERCIAL STR SPECIAL EXCEPTION", "zone_category": "Commercial", "ev_permitted": true}, "geometry": {"type": "Polygon", "coordinates": [[[-90.1157664710093, 29.9264181568949], [-90.1157348678919, 29.9265378886124], [-90.116106456226, 29.9266100916847], [-90.1161373554123, 29.9264891028822], [-90.1157664710093, 29.9264181568949]]]}}, {"type": "Feature", "properties": {"zone_id": "02060B4Z9JUP1JIIFAAZQR", "tract_id": "22071011600", "city": "NEW ORLEANS, LA", "zone_code": "IZD - NON-COMMERCIAL STR SPECIAL EXCEPTION", "zone_category": "Commercial", "ev_permitted": true}, "geometry": {"type": "Polygon", "coordinates": [[[-90.1157348678919, 29.9265378886124], [-90.115713799799, 29.9266177094579], [-90.116085388426, 29.9266899116869], [-90.116106456226, 29.9266100916847], [-90.1157348678919, 29.9265378886124]]]}}, {"type": "Feature", "properties": {"zone_id": "0205YDIYBLQ15Z95R5MWDD", "tract_id": "22071011600", "city": "NEW ORLEANS, LA", "zone_code": "HU-RD2", "zone_category": "Residential", "ev_permitted": false}, "geometry": {"type": "Polygon", "coordinates": [[[-90.1153049969722, 29.9264782722541], [-90.1152847062475, 29.9265531000871], [-90.1155617175528, 29.9266125511119], [-90.1155827628944, 29.9265346049079], [-90.1153049969722, 29.9264782722541]]]}}, {"type": "Feature", "properties": {"zone_id": "0201H53IMEI0IWXMEIFJLJ", "tract_id": "22071011600", "city": "NEW ORLEANS, LA", "zone_code": "HU-RD2", "zone_category": "Residential", "ev_permitted": false}, "geometry": {"type": "Polygon", "coordinates": [[[-90.1152847062475, 29.9265531000871], [-90.1152651037535, 29.9266304334597], [-90.1154733941473, 29.9266754956696], [-90.1155414051674, 29.9266892527078], [-90.1155617175528, 29.9266125511119], [-90.1152847062475, 29.9265531000871]]]}}, {"type": "Feature", "properties": {"zone_id": "0200YZ7G88BWD6SEN6BJI0", "tract_id": "22071011600", "city": "NEW ORLEANS, LA", "zone_code": "HU-RD2", "zone_category": "Residential", "ev_permitted": false}, "geometry": {"type": "Polygon", "coordinates": [[[-90.1154664837967, 29.9264185061551], [-90.1154438809353, 29.9265064382129], [-90.1155827628944, 29.9265346049079], [-90.1156053732783, 29.9264460467514], [-90.1154664837967, 29.9264185061551]]]}}, {"type": "Feature", "properties": {"zone_id": "02029V1F5H7SIEUBJVYMHL", "tract_id": "22071011600", "city": "NEW ORLEANS, LA", "zone_code": "UNIVERSITY AREA OFF-STREET PARKING", "zone_category": "Other", "ev_permitted": false}, "geometry": {"type": "Polygon", "coordinates": [[[-90.1152651037535, 29.9266304334597], [-90.1152018895223, 29.9268705209184], [-90.11532429997, 29.9268960343785], [-90.1153875052584, 29.9266565720252], [-90.1152651037535, 29.9266304334597]]]}}, {"type": "Feature", "properties": {"zone_id": "0202B2J2SN87I4OHOPFTNF", "tract_id": "22071011600", "city": "NEW ORLEANS, LA", "zone_code": "UNIVERSITY AREA OFF-STREET PARKING", "zone_category": "Other", "ev_permitted": false}, "geometry": {"type": "Polygon", "coordinates": [[[-90.1150166273288, 29.9264674763795], [-90.1149256030592, 29.9268104515146], [-90.1152018895223, 29.9268705209184], [-90.1152847062475, 29.9265531000871], [-90.1152929510335, 29.9265244206315], [-90.1151089973163, 29.9264845854599], [-90.1150166273288, 29.9264674763795]]]}}, {"type": "Feature", "properties": {"zone_id": "0206JFAQXB8AWYNY7O3BYK", "tract_id": "22071011600", "city": "NEW ORLEANS, LA", "zone_code": "IZD - BED AND BREAKFAST", "zone_category": "Other", "ev_permitted": false}, "geometry": {"type": "Polygon", "coordinates": [[[-90.1147614501303, 29.926324459134], [-90.1147380678857, 29.9264173858073], [-90.1151089973163, 29.9264845854599], [-90.115130852259, 29.9263991447988], [-90.1147614501303, 29.926324459134]]]}}, {"type": "Feature", "properties": {"zone_id": "0207K81PNF77PXMP7WD9M4", "tract_id": "22071011600", "city": "NEW ORLEANS, LA", "zone_code": "HU-RD2", "zone_category": "Residential", "ev_permitted": false}, "geometry": {"type": "Polygon", "coordinates": [[[-90.1147380678857, 29.9264173858073], [-90.1147094860123, 29.9265246431093], [-90.1149887721398, 29.926574114323], [-90.1150166273288, 29.9264674763795], [-90.1147380678857, 29.9264173858073]]]}}, {"type": "Feature", "properties": {"zone_id": "0204TNKDC5VSGS2KWQCWDP", "tract_id": "22071011600", "city": "NEW ORLEANS, LA", "zone_code": "IZD - NON-COMMERCIAL STR SPECIAL EXCEPTION", "zone_category": "Commercial", "ev_permitted": true}, "geometry": {"type": "Polygon", "coordinates": [[[-90.1147094860123, 29.9265246431093], [-90.1146493016837, 29.9267516300719], [-90.1149256030592, 29.9268104515146], [-90.1149887721398, 29.926574114323], [-90.1147094860123, 29.9265246431093]]]}}, {"type": "Feature", "properties": {"zone_id": "0207B0MIR7NDNXHEXKUSS3", "tract_id": "22071011600", "city": "NEW ORLEANS, LA", "zone_code": "HU-RD2", "zone_category": "Residential", "ev_permitted": false}, "geometry": {"type": "Polygon", "coordinates": [[[-90.1140999123417, 29.926371094343], [-90.1140953092733, 29.9263954316764], [-90.1140734458189, 29.9264814964363], [-90.1145331574327, 29.9265709484805], [-90.1145622566466, 29.9264618022329], [-90.1140999123417, 29.926371094343]]]}}, {"type": "Feature", "properties": {"zone_id": "02019289G0L0OLLVK71UFX", "tract_id": "22071011600", "city": "NEW ORLEANS, LA", "zone_code": "HU-RD2", "zone_category": "Residential", "ev_permitted": false}, "geometry": {"type": "Polygon", "coordinates": [[[-90.1140734458189, 29.9264814964363], [-90.114032046564, 29.926639268716], [-90.1144957100446, 29.9267301081471], [-90.1145331574327, 29.9265709484805], [-90.1140734458189, 29.9264814964363]]]}}, {"type": "Feature", "properties": {"zone_id": "0205MSBPZRKXQE0WFK8T9V", "tract_id": "22071011600", "city": "NEW ORLEANS, LA", "zone_code": "IZD - NON-COMMERCIAL STR SPECIAL EXCEPTION", "zone_category": "Commercial", "ev_permitted": true}, "geometry": {"type": "Polygon", "coordinates": [[[-90.1137244409016, 29.9263232304776], [-90.1136965461862, 29.9264329931123], [-90.1140674149345, 29.9265051952908], [-90.1140953092733, 29.9263954316764], [-90.1137244409016, 29.9263232304776]]]}}, {"type": "Feature", "properties": {"zone_id": "0205PHMQ3VQX2UD7F75JDN", "tract_id": "22071011600", "city": "NEW ORLEANS, LA", "zone_code": "IZD - BED AND BREAKFAST", "zone_category": "Other", "ev_permitted": false}, "geometry": {"type": "Polygon", "coordinates": [[[-90.1136965461862, 29.9264329931123], [-90.1136618950534, 29.9265670739957], [-90.114032046564, 29.926639268716], [-90.1140674149345, 29.9265051952908], [-90.1136965461862, 29.9264329931123]]]}}, {"type": "Feature", "properties": {"zone_id": "020436W1F7CLT1QIGGBWFU", "tract_id": "22071011600", "city": "NEW ORLEANS, LA", "zone_code": "IZD - BED AND BREAKFAST", "zone_category": "Other", "ev_permitted": false}, "geometry": {"type": "Polygon", "coordinates": [[[-90.1207565296758, 29.9227441348069], [-90.1207120486842, 29.9228612480247], [-90.1210667348378, 29.9229651625104], [-90.1211126432567, 29.9228486875757], [-90.1207565296758, 29.9227441348069]]]}}, {"type": "Feature", "properties": {"zone_id": "0203YBZ5EL4EZOU6UL3BM4", "tract_id": "22071011600", "city": "NEW ORLEANS, LA", "zone_code": "MAGAZINE STREET USE RESTRICTION", "zone_category": "Other", "ev_permitted": false}, "geometry": {"type": "Polygon", "coordinates": [[[-90.1208510152843, 29.9224687012725], [-90.1208263723077, 29.9225478647376], [-90.1211910727474, 29.9226543712819], [-90.1212221584785, 29.9225765176073], [-90.1208510152843, 29.9224687012725]]]}}, {"type": "Feature", "properties": {"zone_id": "020374JV1EPEB5Y9QXWDJH", "tract_id": "22071011600", "city": "NEW ORLEANS, LA", "zone_code": "IZD - NON-COMMERCIAL STR SPECIAL EXCEPTION", "zone_category": "Commercial", "ev_permitted": true}, "geometry": {"type": "Polygon", "coordinates": [[[-90.1208263723077, 29.9225478647376], [-90.1207935927145, 29.9226469573849], [-90.1211518590704, 29.9227515298958], [-90.1211910727474, 29.9226543712819], [-90.1208263723077, 29.9225478647376]]]}}, {"type": "Feature", "properties": {"zone_id": "0203A2LUV5I4119RD9VAOP", "tract_id": "22071011600", "city": "NEW ORLEANS, LA", "zone_code": "IZD - BED AND BREAKFAST", "zone_category": "Other", "ev_permitted": false}, "geometry": {"type": "Polygon", "coordinates": [[[-90.1207935927145, 29.9226469573849], [-90.1207565296758, 29.9227441348069], [-90.1211126432567, 29.9228486875757], [-90.1211518590704, 29.9227515298958], [-90.1207935927145, 29.9226469573849]]]}}, {"type": "Feature", "properties": {"zone_id": "0206D6W9OYUA5GMMZ17BNH", "tract_id": "22071011600", "city": "NEW ORLEANS, LA", "zone_code": "IZD - BED AND BREAKFAST", "zone_category": "Other", "ev_permitted": false}, "geometry": {"type": "Polygon", "coordinates": [[[-90.1212588704473, 29.9221536462027], [-90.121135968746, 29.9224644516451], [-90.1212532451968, 29.9224986639341], [-90.1213761552018, 29.9221872332194], [-90.1212588704473, 29.9221536462027]]]}}, {"type": "Feature", "properties": {"zone_id": "0206GWXCCIWJ87QP3TSHB6", "tract_id": "22071011600", "city": "NEW ORLEANS, LA", "zone_code": "HU-RD2", "zone_category": "Residential", "ev_permitted": false}, "geometry": {"type": "Polygon", "coordinates": [[[-90.121138738826, 29.9221181571147], [-90.121015829201, 29.9224295876199], [-90.121135968746, 29.9224644516451], [-90.1212588704473, 29.9221536462027], [-90.121138738826, 29.9221181571147]]]}}, {"type": "Feature", "properties": {"zone_id": "0204UH6J19AY16INDWKTFP", "tract_id": "22071011600", "city": "NEW ORLEANS, LA", "zone_code": "IZD - BED AND BREAKFAST", "zone_category": "Other", "ev_permitted": false}, "geometry": {"type": "Polygon", "coordinates": [[[-90.1210357614276, 29.9220884532062], [-90.1209128580871, 29.9223992575309], [-90.121015829201, 29.9224295876199], [-90.121138738826, 29.9221181571147], [-90.1210357614276, 29.9220884532062]]]}}, {"type": "Feature", "properties": {"zone_id": "0207LR0JY1CIGXDAR5ZVOW", "tract_id": "22071011600", "city": "NEW ORLEANS, LA", "zone_code": "IZD - NON-COMMERCIAL STR SPECIAL EXCEPTION", "zone_category": "Commercial", "ev_permitted": true}, "geometry": {"type": "Polygon", "coordinates": [[[-90.1208821098636, 29.9223902216101], [-90.1208510152843, 29.9224687012725], [-90.1212221584785, 29.9225765176073], [-90.1212532451968, 29.9224986639341], [-90.1208821098636, 29.9223902216101]]]}}, {"type": "Feature", "properties": {"zone_id": "0207CMQ056XT2FQFTPHFLL", "tract_id": "22071011600", "city": "", "zone_code": "IZD - BED AND BREAKFAST", "zone_category": "Other", "ev_permitted": false}, "geometry": {"type": "Polygon", "coordinates": [[[-90.1208805908782, 29.9220426397593], [-90.1207258844417, 29.9224312899993], [-90.1208510152843, 29.9224687012725], [-90.1208821098636, 29.9223902216101], [-90.1209128580871, 29.9223992575309], [-90.1210357614276, 29.9220884532062], [-90.1208805908782, 29.9220426397593]]]}}, {"type": "Feature", "properties": {"zone_id": "02028BQ5OG6R7Q9B9BPKNY", "tract_id": "22071011600", "city": "NEW ORLEANS, LA", "zone_code": "IZD - NON-COMMERCIAL STR SPECIAL EXCEPTION", "zone_category": "Commercial", "ev_permitted": true}, "geometry": {"type": "Polygon", "coordinates": [[[-90.1195075288322, 29.9260007223661], [-90.1194204836494, 29.9262331331617], [-90.1197814102692, 29.9263323159256], [-90.1198673980317, 29.9261057118058], [-90.1195075288322, 29.9260007223661]]]}}, {"type": "Feature", "properties": {"zone_id": "0200K11ANHVQJ4HIQDDB7Z", "tract_id": "22071011600", "city": "NEW ORLEANS, LA", "zone_code": "HU-RD2", "zone_category": "Residential", "ev_permitted": false}, "geometry": {"type": "Polygon", "coordinates": [[[-90.1194204836494, 29.9262331331617], [-90.1193601722727, 29.9263888585955], [-90.1197228090606, 29.926489098466], [-90.1197814102692, 29.9263323159256], [-90.1194204836494, 29.9262331331617]]]}}, {"type": "Feature", "properties": {"zone_id": "0204NKXNAI9S7ZVVH51CE8", "tract_id": "22071011600", "city": "NEW ORLEANS, LA", "zone_code": "IZD - BED AND BREAKFAST", "zone_category": "Other", "ev_permitted": false}, "geometry": {"type": "Polygon", "coordinates": [[[-90.1195916262039, 29.9257774753004], [-90.1195462498643, 29.9258976365884], [-90.1199076769961, 29.9259977330836], [-90.1199528051867, 29.9258775035246], [-90.1195916262039, 29.9257774753004]]]}}, {"type": "Feature", "properties": {"zone_id": "0206BWWE5ZNX6XB8LKT9MX", "tract_id": "22071011600", "city": "NEW ORLEANS, LA", "zone_code": "IZD - BED AND BREAKFAST", "zone_category": "Other", "ev_permitted": false}, "geometry": {"type": "Polygon", "coordinates": [[[-90.1195462498643, 29.9258976365884], [-90.1195075288322, 29.9260007223661], [-90.1198673980317, 29.9261057118058], [-90.1199076769961, 29.9259977330836], [-90.1195462498643, 29.9258976365884]]]}}, {"type": "Feature", "properties": {"zone_id": "0201NFUWGF8TJX7PZ6IZGI", "tract_id": "22071011600", "city": "NEW ORLEANS, LA", "zone_code": "IZD - BED AND BREAKFAST", "zone_category": "Other", "ev_permitted": false}, "geometry": {"type": "Polygon", "coordinates": [[[-90.1194877606428, 29.9255754988636], [-90.1193439438341, 29.9259529962097], [-90.1195075288322, 29.9260007223661], [-90.1196508364387, 29.925620761581], [-90.1194877606428, 29.9255754988636]]]}}, {"type": "Feature", "properties": {"zone_id": "0204MALCYRZ42LXZMTYGH4", "tract_id": "22071011600", "city": "NEW ORLEANS, LA", "zone_code": "IZD - BED AND BREAKFAST", "zone_category": "Other", "ev_permitted": false}, "geometry": {"type": "Polygon", "coordinates": [[[-90.1195432136022, 29.9250284018434], [-90.1194121168991, 29.9254222702774], [-90.1195908725816, 29.9254764302755], [-90.1197226760515, 29.9250817976904], [-90.1195432136022, 29.9250284018434]]]}}, {"type": "Feature", "properties": {"zone_id": "0205DEXZE6V0QR23AW9GGU", "tract_id": "22071011600", "city": "NEW ORLEANS, LA", "zone_code": "IZD - NON-COMMERCIAL STR SPECIAL EXCEPTION", "zone_category": "Commercial", "ev_permitted": true}, "geometry": {"type": "Polygon", "coordinates": [[[-90.1197461922119, 29.925392221161], [-90.1197017088548, 29.9255093339974], [-90.120060664069, 29.9256170410281], [-90.1201051394537, 29.9255005532454], [-90.1197461922119, 29.925392221161]]]}}, {"type": "Feature", "properties": {"zone_id": "020693DNMFWGRKF1CZ4KRC", "tract_id": "22071011600", "city": "NEW ORLEANS, LA", "zone_code": "IZD - NON-COMMERCIAL STR SPECIAL EXCEPTION", "zone_category": "Commercial", "ev_permitted": true}, "geometry": {"type": "Polygon", "coordinates": [[[-90.1196508364387, 29.925620761581], [-90.1195916262039, 29.9257774753004], [-90.1199528051867, 29.9258775035246], [-90.1200127530013, 29.9257209949424], [-90.1196508364387, 29.925620761581]]]}}, {"type": "Feature", "properties": {"zone_id": "0201Y629K14K3UGOT2A1NM", "tract_id": "22071011600", "city": "NEW ORLEANS, LA", "zone_code": "IZD - BED AND BREAKFAST", "zone_category": "Other", "ev_permitted": false}, "geometry": {"type": "Polygon", "coordinates": [[[-90.1198492642216, 29.9251193676779], [-90.119800316269, 29.9252495676744], [-90.1201592706664, 29.9253572735375], [-90.1202082181926, 29.9252270743114], [-90.1198492642216, 29.9251193676779]]]}}, {"type": "Feature", "properties": {"zone_id": "020582SPMWHOPGBW5FQQBE", "tract_id": "22071011600", "city": "NEW ORLEANS, LA", "zone_code": "IZD - BED AND BREAKFAST", "zone_category": "Other", "ev_permitted": false}, "geometry": {"type": "Polygon", "coordinates": [[[-90.119800316269, 29.9252495676744], [-90.1197461922119, 29.925392221161], [-90.1201051394537, 29.9255005532454], [-90.1201592706664, 29.9253572735375], [-90.119800316269, 29.9252495676744]]]}}, {"type": "Feature", "properties": {"zone_id": "0202TA89VQ23SPM8KEF2B1", "tract_id": "22071011600", "city": "NEW ORLEANS, LA", "zone_code": "HU-RD2", "zone_category": "Residential", "ev_permitted": false}, "geometry": {"type": "Polygon", "coordinates": [[[-90.1197226760515, 29.9250817976904], [-90.1195908725816, 29.9254764302755], [-90.1197017088548, 29.9255093339974], [-90.1198492642216, 29.9251193676779], [-90.1197226760515, 29.9250817976904]]]}}, {"type": "Feature", "properties": {"zone_id": "02047FLK8W4T1X28ZJ8RMM", "tract_id": "22071011600", "city": "NEW ORLEANS, LA", "zone_code": "UNIVERSITY AREA OFF-STREET PARKING", "zone_category": "Other", "ev_permitted": false}, "geometry": {"type": "Polygon", "coordinates": [[[-90.1193439438341, 29.9259529962097], [-90.119196369015, 29.9263442122575], [-90.1193601722727, 29.9263888585955], [-90.1194204836494, 29.9262331331617], [-90.1195075288322, 29.9260007223661], [-90.1193439438341, 29.9259529962097]]]}}, {"type": "Feature", "properties": {"zone_id": "0207FWEWU2USX6TNDO4OQ1", "tract_id": "22071011600", "city": "NEW ORLEANS, LA", "zone_code": "UNIVERSITY AREA OFF-STREET PARKING", "zone_category": "Other", "ev_permitted": false}, "geometry": {"type": "Polygon", "coordinates": [[[-90.1191938787186, 29.925911854582], [-90.1191820217369, 29.9259308732657], [-90.119061466405, 29.9263132747759], [-90.119196369015, 29.9263442122575], [-90.1193439438341, 29.9259529962097], [-90.1191938787186, 29.925911854582]]]}}, {"type": "Feature", "properties": {"zone_id": "0202PUTI6Q8CQQ1IVP3571", "tract_id": "22071011600", "city": "NEW ORLEANS, LA", "zone_code": "UNIVERSITY AREA OFF-STREET PARKING", "zone_category": "Other", "ev_permitted": false}, "geometry": {"type": "Polygon", "coordinates": [[[-90.1190288243209, 29.9258994529089], [-90.1189206938883, 29.9262929084962], [-90.119061466405, 29.9263132747759], [-90.1191820217369, 29.9259308732657], [-90.1190288243209, 29.9258994529089]]]}}, {"type": "Feature", "properties": {"zone_id": "02027DENTMRC6ETY5IOE31", "tract_id": "22071011600", "city": "NEW ORLEANS, LA", "zone_code": "UNIVERSITY AREA OFF-STREET PARKING", "zone_category": "Other", "ev_permitted": false}, "geometry": {"type": "Polygon", "coordinates": [[[-90.1188373954702, 29.9260020815088], [-90.1187674807837, 29.9262627381831], [-90.1189206938883, 29.9262929084962], [-90.1189927527071, 29.9260328967817], [-90.1188373954702, 29.9260020815088]]]}}, {"type": "Feature", "properties": {"zone_id": "0206CQZNTLT3G37Q5500ZZ", "tract_id": "22071011600", "city": "NEW ORLEANS, LA", "zone_code": "IZD - BED AND BREAKFAST", "zone_category": "Other", "ev_permitted": false}, "geometry": {"type": "Polygon", "coordinates": [[[-90.1188967694896, 29.9257819610943], [-90.1188373954702, 29.9260020815088], [-90.1189927527071, 29.9260328967817], [-90.1190521101657, 29.925814025733], [-90.1188967694896, 29.9257819610943]]]}}, {"type": "Feature", "properties": {"zone_id": "0206ZL6030VDVCEMSRIS6E", "tract_id": "22071011600", "city": "NEW ORLEANS, LA", "zone_code": "HU-RD2", "zone_category": "Residential", "ev_permitted": false}, "geometry": {"type": "Polygon", "coordinates": [[[-90.1184751088303, 29.9259912350892], [-90.1184172224525, 29.9262069932538], [-90.1186011769673, 29.926246824703], [-90.1186590629706, 29.9260310664586], [-90.1184751088303, 29.9259912350892]]]}}, {"type": "Feature", "properties": {"zone_id": "0203EBK55T7RVZB9V91MSF", "tract_id": "22071011600", "city": "NEW ORLEANS, LA", "zone_code": "UNIVERSITY AREA OFF-STREET PARKING", "zone_category": "Other", "ev_permitted": false}, "geometry": {"type": "Polygon", "coordinates": [[[-90.1183407746764, 29.925766199614], [-90.118318991114, 29.9258460142557], [-90.1186868760571, 29.925927552695], [-90.1187086659154, 29.9258471128104], [-90.1183407746764, 29.925766199614]]]}}, {"type": "Feature", "properties": {"zone_id": "02077NX6N833PAIW2M4REK", "tract_id": "22071011600", "city": "NEW ORLEANS, LA", "zone_code": "HU-RD2", "zone_category": "Residential", "ev_permitted": false}, "geometry": {"type": "Polygon", "coordinates": [[[-90.11850292867, 29.9258870961811], [-90.1184751088303, 29.9259912350892], [-90.1186590629706, 29.9260310664586], [-90.1186868760571, 29.925927552695], [-90.11850292867, 29.9258870961811]]]}}, {"type": "Feature", "properties": {"zone_id": "0202NU3YFNW9FXNF8B9L1L", "tract_id": "22071011600", "city": "NEW ORLEANS, LA", "zone_code": "HU-RD2", "zone_category": "Residential", "ev_permitted": false}, "geometry": {"type": "Polygon", "coordinates": [[[-90.118318991114, 29.9258460142557], [-90.1182550670072, 29.9260860965766], [-90.1182325655769, 29.9261659054732], [-90.1184172224525, 29.9262069932538], [-90.11850292867, 29.9258870961811], [-90.118318991114, 29.9258460142557]]]}}, {"type": "Feature", "properties": {"zone_id": "0200A9N7STR04CD3S9BPP5", "tract_id": "22071011600", "city": "NEW ORLEANS, LA", "zone_code": "IZD - BED AND BREAKFAST", "zone_category": "Other", "ev_permitted": false}, "geometry": {"type": "Polygon", "coordinates": [[[-90.1179503814325, 29.9257650942309], [-90.1179285965225, 29.9258449087983], [-90.117908240434, 29.9259253618069], [-90.1182761329557, 29.9260062753187], [-90.118318991114, 29.9258460142557], [-90.1179503814325, 29.9257650942309]]]}}, {"type": "Feature", "properties": {"zone_id": "0206CR4SLQUSTJ5X2CX1YT", "tract_id": "22071011600", "city": "NEW ORLEANS, LA", "zone_code": "IZD - BED AND BREAKFAST", "zone_category": "Other", "ev_permitted": false}, "geometry": {"type": "Polygon", "coordinates": [[[-90.1193254027198, 29.9255302416653], [-90.1191938787186, 29.925911854582], [-90.1193439438341, 29.9259529962097], [-90.1194877606428, 29.9255754988636], [-90.1193254027198, 29.9255302416653]]]}}, {"type": "Feature", "properties": {"zone_id": "0201YN71MUEMWB4SIWKSUW", "tract_id": "22071011600", "city": "NEW ORLEANS, LA", "zone_code": "HU-RD2", "zone_category": "Residential", "ev_permitted": false}, "geometry": {"type": "Polygon", "coordinates": [[[-90.1191185017475, 29.9254889489258], [-90.1190334993132, 29.9258101033784], [-90.1190521101657, 29.925814025733], [-90.1190288243209, 29.9258994529089], [-90.1191820217369, 29.9259308732657], [-90.1191938787186, 29.925911854582], [-90.1193254027198, 29.9255302416653], [-90.1191185017475, 29.9254889489258]]]}}, {"type": "Feature", "properties": {"zone_id": "0201STBDO5VIZ6UMNVU3E9", "tract_id": "22071011600", "city": "NEW ORLEANS, LA", "zone_code": "IZD - BED AND BREAKFAST", "zone_category": "Other", "ev_permitted": false}, "geometry": {"type": "Polygon", "coordinates": [[[-90.1189817713041, 29.9254608067193], [-90.1188967694896, 29.9257819610943], [-90.1190334993132, 29.9258101033784], [-90.1191185017475, 29.9254889489258], [-90.1189817713041, 29.9254608067193]]]}}, {"type": "Feature", "properties": {"zone_id": "02057YD3NOQ5XIC5V4MUK6", "tract_id": "22071011600", "city": "NEW ORLEANS, LA", "zone_code": "IZD - NON-COMMERCIAL STR SPECIAL EXCEPTION", "zone_category": "Commercial", "ev_permitted": true}, "geometry": {"type": "Polygon", "coordinates": [[[-90.1192683513442, 29.9251465139038], [-90.1192080479072, 29.9253841300282], [-90.1194121168991, 29.9254222702774], [-90.119488848115, 29.9251910571883], [-90.1192683513442, 29.9251465139038]]]}}, {"type": "Feature", "properties": {"zone_id": "02054F0ZKCCCVSG80TMCXW", "tract_id": "22071011600", "city": "NEW ORLEANS, LA", "zone_code": "HU-RD2", "zone_category": "Residential", "ev_permitted": false}, "geometry": {"type": "Polygon", "coordinates": [[[-90.1190650549466, 29.9251040047533], [-90.1189982632942, 29.9253440609676], [-90.1192080479072, 29.9253841300282], [-90.1192683513442, 29.9251465139038], [-90.1190650549466, 29.9251040047533]]]}}, {"type": "Feature", "properties": {"zone_id": "02066V8SXR0UT29YFBID6J", "tract_id": "22071011600", "city": "NEW ORLEANS, LA", "zone_code": "IZD - BED AND BREAKFAST", "zone_category": "Other", "ev_permitted": false}, "geometry": {"type": "Polygon", "coordinates": [[[-90.1187088012027, 29.9254232801085], [-90.1186388452426, 29.9256879296106], [-90.1187452286922, 29.9257096775793], [-90.1188147358616, 29.9254461372289], [-90.1187088012027, 29.9254232801085]]]}}, {"type": "Feature", "properties": {"zone_id": "0204KVQLD3GO1OABN5P0V9", "tract_id": "22071011600", "city": "NEW ORLEANS, LA", "zone_code": "IZD - BED AND BREAKFAST", "zone_category": "Other", "ev_permitted": false}, "geometry": {"type": "Polygon", "coordinates": [[[-90.1186325269737, 29.925405966703], [-90.1185608513492, 29.9256719843034], [-90.1186388452426, 29.9256879296106], [-90.1187088012027, 29.9254232801085], [-90.1186325269737, 29.925405966703]]]}}, {"type": "Feature", "properties": {"zone_id": "0206H05L76AAF4IYKGM5MM", "tract_id": "22071011600", "city": "NEW ORLEANS, LA", "zone_code": "IZD - BED AND BREAKFAST", "zone_category": "Other", "ev_permitted": false}, "geometry": {"type": "Polygon", "coordinates": [[[-90.118448272795, 29.9253658627456], [-90.1184271995096, 29.925446309211], [-90.1184046983721, 29.9255261172416], [-90.118362558204, 29.925686384968], [-90.1185467860482, 29.9257241881156], [-90.1186325269737, 29.925405966703], [-90.118448272795, 29.9253658627456]]]}}, {"type": "Feature", "properties": {"zone_id": "0204I9Q6KF740RY05ZGD99", "tract_id": "22071011600", "city": "NEW ORLEANS, LA", "zone_code": "IZD - BED AND BREAKFAST", "zone_category": "Other", "ev_permitted": false}, "geometry": {"type": "Polygon", "coordinates": [[[-90.118362558204, 29.925686384968], [-90.1183407746764, 29.925766199614], [-90.1187086659154, 29.9258471128104], [-90.1187311882834, 29.9257618861511], [-90.118362558204, 29.925686384968]]]}}, {"type": "Feature", "properties": {"zone_id": "0205G994WLLDXOT2AWKMX7", "tract_id": "22071011600", "city": "NEW ORLEANS, LA", "zone_code": "UNIVERSITY AREA OFF-STREET PARKING", "zone_category": "Other", "ev_permitted": false}, "geometry": {"type": "Polygon", "coordinates": [[[-90.1185608513492, 29.9256719843034], [-90.1185467860482, 29.9257241881156], [-90.1187311882834, 29.9257618861511], [-90.1187452286922, 29.9257096775793], [-90.1185608513492, 29.9256719843034]]]}}, {"type": "Feature", "properties": {"zone_id": "020390EGCF9B5FYUN8OGF5", "tract_id": "22071011600", "city": "NEW ORLEANS, LA", "zone_code": "UNIVERSITY AREA OFF-STREET PARKING", "zone_category": "Other", "ev_permitted": false}, "geometry": {"type": "Polygon", "coordinates": [[[-90.1180368075159, 29.9254452040843], [-90.1179939490877, 29.9256054641616], [-90.118362558204, 29.925686384968], [-90.1184046983721, 29.9255261172416], [-90.1180368075159, 29.9254452040843]]]}}, {"type": "Feature", "properties": {"zone_id": "0204T7756L05GCI3MWV9OQ", "tract_id": "22071011600", "city": "NEW ORLEANS, LA", "zone_code": "UNIVERSITY AREA OFF-STREET PARKING", "zone_category": "Other", "ev_permitted": false}, "geometry": {"type": "Polygon", "coordinates": [[[-90.1179939490877, 29.9256054641616], [-90.1179503814325, 29.9257650942309], [-90.118318991114, 29.9258460142557], [-90.118362558204, 29.925686384968], [-90.1179939490877, 29.9256054641616]]]}}, {"type": "Feature", "properties": {"zone_id": "0206WTS5HBWP5I2RAHB9JU", "tract_id": "22071011600", "city": "NEW ORLEANS, LA", "zone_code": "UNIVERSITY AREA OFF-STREET PARKING", "zone_category": "Other", "ev_permitted": false}, "geometry": {"type": "Polygon", "coordinates": [[[-90.1180803824942, 29.9252849497086], [-90.1180368075159, 29.9254452040843], [-90.1184046983721, 29.9255261172416], [-90.1184271995096, 29.925446309211], [-90.118448272795, 29.9253658627456], [-90.1180803824942, 29.9252849497086]]]}}, {"type": "Feature", "properties": {"zone_id": "02049PX856NXJFBVDCCV67", "tract_id": "22071011600", "city": "NEW ORLEANS, LA", "zone_code": "IZD - BED AND BREAKFAST", "zone_category": "Other", "ev_permitted": false}, "geometry": {"type": "Polygon", "coordinates": [[[-90.1200651297661, 29.9245412437696], [-90.1200332640162, 29.9246240919193], [-90.1203944292732, 29.9247268165134], [-90.1204263023423, 29.9246433440059], [-90.1200651297661, 29.9245412437696]]]}}, {"type": "Feature", "properties": {"zone_id": "02025WPPTREPC5K62XF13M", "tract_id": "22071011600", "city": "NEW ORLEANS, LA", "zone_code": "HU-RD2", "zone_category": "Residential", "ev_permitted": false}, "geometry": {"type": "Polygon", "coordinates": [[[-90.119885883002, 29.9250234360118], [-90.1198492642216, 29.9251193676779], [-90.1202082181926, 29.9252270743114], [-90.1202438310432, 29.925131133273], [-90.119885883002, 29.9250234360118]]]}}, {"type": "Feature", "properties": {"zone_id": "0202OQZHR02NE77H4YXRL7", "tract_id": "22071011600", "city": "NEW ORLEANS, LA", "zone_code": "IZD - NON-COMMERCIAL STR SPECIAL EXCEPTION", "zone_category": "Commercial", "ev_permitted": true}, "geometry": {"type": "Polygon", "coordinates": [[[-90.1198573861705, 29.9246874822934], [-90.1197226760515, 29.9250817976904], [-90.1198492642216, 29.9251193676779], [-90.1199968184464, 29.9247294002712], [-90.1198573861705, 29.9246874822934]]]}}, {"type": "Feature", "properties": {"zone_id": "0206UTCJTYOAGXJZA0GRDX", "tract_id": "22071011600", "city": "NEW ORLEANS, LA", "zone_code": "HU-RD2", "zone_category": "Residential", "ev_permitted": false}, "geometry": {"type": "Polygon", "coordinates": [[[-90.1199620577313, 29.9248207576735], [-90.1199263841192, 29.9249150379821], [-90.1202853298405, 29.9250233695814], [-90.120326161126, 29.9249154670935], [-90.1201769234061, 29.9248706873976], [-90.1201724150859, 29.9248838634509], [-90.1199620577313, 29.9248207576735]]]}}, {"type": "Feature", "properties": {"zone_id": "02000KK6HTQ2XT8C1L81QX", "tract_id": "22071011600", "city": "NEW ORLEANS, LA", "zone_code": "IZD - NON-COMMERCIAL STR SPECIAL EXCEPTION", "zone_category": "Commercial", "ev_permitted": true}, "geometry": {"type": "Polygon", "coordinates": [[[-90.1199263841192, 29.9249150379821], [-90.119885883002, 29.9250234360118], [-90.1202438310432, 29.925131133273], [-90.1202853298405, 29.9250233695814], [-90.1199263841192, 29.9249150379821]]]}}, {"type": "Feature", "properties": {"zone_id": "0201GGU7OQZCYCVH2N713B", "tract_id": "22071011600", "city": "NEW ORLEANS, LA", "zone_code": "UNIVERSITY AREA OFF-STREET PARKING", "zone_category": "Other", "ev_permitted": false}, "geometry": {"type": "Polygon", "coordinates": [[[-90.1199968184464, 29.9247294002712], [-90.1199620577313, 29.9248207576735], [-90.1201724150859, 29.9248838634509], [-90.1201769234061, 29.9248706873976], [-90.120326161126, 29.9249154670935], [-90.1203557711633, 29.9248371074096], [-90.1199968184464, 29.9247294002712]]]}}, {"type": "Feature", "properties": {"zone_id": "0200BBJZYCSM7KTJXKU9W5", "tract_id": "22071011600", "city": "NEW ORLEANS, LA", "zone_code": "IZD - NON-COMMERCIAL STR SPECIAL EXCEPTION", "zone_category": "Commercial", "ev_permitted": true}, "geometry": {"type": "Polygon", "coordinates": [[[-90.1197179529979, 29.9246455623538], [-90.1195982769422, 29.925044537393], [-90.1197226760515, 29.9250817976904], [-90.1198573861705, 29.9246874822934], [-90.1197179529979, 29.9246455623538]]]}}, {"type": "Feature", "properties": {"zone_id": "02044DJHRY5VK6GLFCN4N2", "tract_id": "22071011600", "city": "NEW ORLEANS, LA", "zone_code": "HU-RD2", "zone_category": "Residential", "ev_permitted": false}, "geometry": {"type": "Polygon", "coordinates": [[[-90.119591927322, 29.9246225196746], [-90.1194831588017, 29.9250097183346], [-90.1195982769422, 29.925044537393], [-90.1197179529979, 29.9246455623538], [-90.119591927322, 29.9246225196746]]]}}, {"type": "Feature", "properties": {"zone_id": "020284OWHRQWZVWK2XIP2I", "tract_id": "22071011600", "city": "NEW ORLEANS, LA", "zone_code": "IZD - NON-COMMERCIAL STR SPECIAL EXCEPTION", "zone_category": "Commercial", "ev_permitted": true}, "geometry": {"type": "Polygon", "coordinates": [[[-90.1200811201627, 29.9239931572585], [-90.1200159470247, 29.92415946461], [-90.1205537723434, 29.9243113285178], [-90.1206189457201, 29.9241450209127], [-90.1200811201627, 29.9239931572585]]]}}, {"type": "Feature", "properties": {"zone_id": "0204K916QCR2VTLGF1TSK6", "tract_id": "22071011600", "city": "NEW ORLEANS, LA", "zone_code": "HU-RD2", "zone_category": "Residential", "ev_permitted": false}, "geometry": {"type": "Polygon", "coordinates": [[[-90.1201933175073, 29.9242092352365], [-90.12015713434, 29.9243048263593], [-90.1205171448732, 29.924406600762], [-90.1205537723434, 29.9243113285178], [-90.1201933175073, 29.9242092352365]]]}}, {"type": "Feature", "properties": {"zone_id": "02020MQ9HW6EJDKJ9313TZ", "tract_id": "22071011600", "city": "NEW ORLEANS, LA", "zone_code": "UNIVERSITY AREA OFF-STREET PARKING", "zone_category": "Other", "ev_permitted": false}, "geometry": {"type": "Polygon", "coordinates": [[[-90.12015713434, 29.9243048263593], [-90.1200969944166, 29.9244583965038], [-90.1204581677612, 29.9245604966633], [-90.1205171448732, 29.924406600762], [-90.12015713434, 29.9243048263593]]]}}, {"type": "Feature", "properties": {"zone_id": "02077VF8WWALQV43AI8A17", "tract_id": "22071011600", "city": "NEW ORLEANS, LA", "zone_code": "HU-RD2", "zone_category": "Residential", "ev_permitted": false}, "geometry": {"type": "Polygon", "coordinates": [[[-90.1200969944166, 29.9244583965038], [-90.1200651297661, 29.9245412437696], [-90.1204263023423, 29.9246433440059], [-90.1204581677612, 29.9245604966633], [-90.1200969944166, 29.9244583965038]]]}}, {"type": "Feature", "properties": {"zone_id": "0202YV3CZLN545L5FGZBIN", "tract_id": "22071011600", "city": "NEW ORLEANS, LA", "zone_code": "IZD - NON-COMMERCIAL STR SPECIAL EXCEPTION", "zone_category": "Commercial", "ev_permitted": true}, "geometry": {"type": "Polygon", "coordinates": [[[-90.1202992123187, 29.923940157072], [-90.1202606379658, 29.9240435728465], [-90.1206189457201, 29.9241450209127], [-90.120658955137, 29.9240416191694], [-90.1202992123187, 29.923940157072]]]}}, {"type": "Feature", "properties": {"zone_id": "0207A87O2E6E0EUHOKD7VS", "tract_id": "22071011600", "city": "NEW ORLEANS, LA", "zone_code": "IZD - BED AND BREAKFAST", "zone_category": "Other", "ev_permitted": false}, "geometry": {"type": "Polygon", "coordinates": [[[-90.1200159470247, 29.92415946461], [-90.11986089853, 29.924575616841], [-90.1200332640162, 29.9246240919193], [-90.120162023729, 29.9242923377086], [-90.1201933175073, 29.9242092352365], [-90.1200159470247, 29.92415946461]]]}}, {"type": "Feature", "properties": {"zone_id": "0206K8GCVYQADTAFDU1JUM", "tract_id": "22071011600", "city": "NEW ORLEANS, LA", "zone_code": "IZD - BED AND BREAKFAST", "zone_category": "Other", "ev_permitted": false}, "geometry": {"type": "Polygon", "coordinates": [[[-90.1198943552218, 29.9241258366755], [-90.1198176116089, 29.9243582994871], [-90.1197975569495, 29.9243549891619], [-90.1197378946983, 29.9245401000113], [-90.11986089853, 29.924575616841], [-90.1200159470247, 29.92415946461], [-90.1198943552218, 29.9241258366755]]]}}, {"type": "Feature", "properties": {"zone_id": "02013G7KU7P2B9NI6P0YHF", "tract_id": "22071011600", "city": "NEW ORLEANS, LA", "zone_code": "IZD - BED AND BREAKFAST", "zone_category": "Other", "ev_permitted": false}, "geometry": {"type": "Polygon", "coordinates": [[[-90.1198564533562, 29.9241148588002], [-90.1198430362292, 29.9241559938903], [-90.119707055518, 29.9241253583596], [-90.1195997147617, 29.9245131955478], [-90.1197378946983, 29.9245401000113], [-90.1197975569495, 29.9243549891619], [-90.1198176116089, 29.9243582994871], [-90.1198943552218, 29.9241258366755], [-90.1198564533562, 29.9241148588002]]]}}, {"type": "Feature", "properties": {"zone_id": "02044N9LWU8WTVSXS8XQZL", "tract_id": "22071011600", "city": "NEW ORLEANS, LA", "zone_code": "UNIVERSITY AREA OFF-STREET PARKING", "zone_category": "Other", "ev_permitted": false}, "geometry": {"type": "Polygon", "coordinates": [[[-90.1195326169347, 29.9242475236527], [-90.1194672613575, 29.924487593367], [-90.1195997147617, 29.9245131955478], [-90.1196657877422, 29.9242731323902], [-90.1195326169347, 29.9242475236527]]]}}, {"type": "Feature", "properties": {"zone_id": "02013ABPKVSR0D3VW7JDC0", "tract_id": "22071011600", "city": "NEW ORLEANS, LA", "zone_code": "UNIVERSITY AREA OFF-STREET PARKING", "zone_category": "Other", "ev_permitted": false}, "geometry": {"type": "Polygon", "coordinates": [[[-90.1193691782803, 29.9239372046177], [-90.1193399234563, 29.9240413295764], [-90.119707055518, 29.9241253583596], [-90.1197343088804, 29.9240087117899], [-90.1193691782803, 29.9239372046177]]]}}, {"type": "Feature", "properties": {"zone_id": "02051X95HP07WVZAWW9M5L", "tract_id": "22071011600", "city": "", "zone_code": "UNIVERSITY AREA OFF-STREET PARKING", "zone_category": "Other", "ev_permitted": false}, "geometry": {"type": "Polygon", "coordinates": [[[-90.1193399234563, 29.9240413295764], [-90.1193178039105, 29.9241213587264], [-90.1196881207418, 29.924193161093], [-90.119707055518, 29.9241253583596], [-90.1193399234563, 29.9240413295764]]]}}, {"type": "Feature", "properties": {"zone_id": "0204XCC8F9M4PLSC2C94CB", "tract_id": "22071011600", "city": "NEW ORLEANS, LA", "zone_code": "HU-RD2", "zone_category": "Residential", "ev_permitted": false}, "geometry": {"type": "Polygon", "coordinates": [[[-90.1193178039105, 29.9241213587264], [-90.1192956343742, 29.9242015777808], [-90.1196657877422, 29.9242731323902], [-90.1196881207418, 29.924193161093], [-90.1193178039105, 29.9241213587264]]]}}, {"type": "Feature", "properties": {"zone_id": "0206PQER5APUEC16040I1K", "tract_id": "22071011600", "city": "NEW ORLEANS, LA", "zone_code": "HU-RD2", "zone_category": "Residential", "ev_permitted": false}, "geometry": {"type": "Polygon", "coordinates": [[[-90.1191370441059, 29.9248496176764], [-90.1191002629114, 29.9249824297987], [-90.1194673982219, 29.9250664601427], [-90.1195048956331, 29.9249336545323], [-90.1191370441059, 29.9248496176764]]]}}, {"type": "Feature", "properties": {"zone_id": "0200C2XOBYIG0GNL01YNXZ", "tract_id": "22071011600", "city": "NEW ORLEANS, LA", "zone_code": "IZD - NON-COMMERCIAL STR SPECIAL EXCEPTION", "zone_category": "Commercial", "ev_permitted": true}, "geometry": {"type": "Polygon", "coordinates": [[[-90.1191002629114, 29.9249824297987], [-90.1190650549466, 29.9251040047533], [-90.1192683513442, 29.9251465139038], [-90.119488848115, 29.9251910571883], [-90.1195432136022, 29.9250284018434], [-90.1194831588017, 29.9250097183346], [-90.1194673982219, 29.9250664601427], [-90.1191002629114, 29.9249824297987]]]}}, {"type": "Feature", "properties": {"zone_id": "02034G9EBTC8IEKICFJ48N", "tract_id": "22071011600", "city": "NEW ORLEANS, LA", "zone_code": "IZD - NON-COMMERCIAL STR SPECIAL EXCEPTION", "zone_category": "Commercial", "ev_permitted": true}, "geometry": {"type": "Polygon", "coordinates": [[[-90.1187503158489, 29.9249604463237], [-90.1186660380115, 29.925280981112], [-90.1187576593945, 29.9253005807972], [-90.1188507390489, 29.925318319053], [-90.1189350239421, 29.9249971580724], [-90.1188419445723, 29.9249794198755], [-90.1187503158489, 29.9249604463237]]]}}, {"type": "Feature", "properties": {"zone_id": "0207BKQZYULXMPLA9V606R", "tract_id": "22071011600", "city": "NEW ORLEANS, LA", "zone_code": "HU-RD2", "zone_category": "Residential", "ev_permitted": false}, "geometry": {"type": "Polygon", "coordinates": [[[-90.1192202678192, 29.9245565781636], [-90.1191970508443, 29.9246363797241], [-90.1191752682131, 29.9247161945192], [-90.1195416828383, 29.924800217113], [-90.119591927322, 29.9246225196746], [-90.1192202678192, 29.9245565781636]]]}}, {"type": "Feature", "properties": {"zone_id": "0205VJY0BYQKUPE23PM7TN", "tract_id": "22071011600", "city": "NEW ORLEANS, LA", "zone_code": "HU-RD2", "zone_category": "Residential", "ev_permitted": false}, "geometry": {"type": "Polygon", "coordinates": [[[-90.1191752682131, 29.9247161945192], [-90.1191370441059, 29.9248496176764], [-90.1195048956331, 29.9249336545323], [-90.1195416828383, 29.924800217113], [-90.1191752682131, 29.9247161945192]]]}}, {"type": "Feature", "properties": {"zone_id": "0207FWGOW7LW01LE6K9WLX", "tract_id": "22071011600", "city": "NEW ORLEANS, LA", "zone_code": "UNIVERSITY AREA OFF-STREET PARKING", "zone_category": "Other", "ev_permitted": false}, "geometry": {"type": "Polygon", "coordinates": [[[-90.1185648836196, 29.9249243519687], [-90.1185438170948, 29.9250041732744], [-90.1181736912185, 29.9249301157138], [-90.1181111875594, 29.9251714606975], [-90.1185729594495, 29.9252632436372], [-90.11865724519, 29.9249420828323], [-90.1185648836196, 29.9249243519687]]]}}, {"type": "Feature", "properties": {"zone_id": "0206D098IHWHY1NMJOZ27P", "tract_id": "22071011600", "city": "NEW ORLEANS, LA", "zone_code": "IZD - BED AND BREAKFAST", "zone_category": "Other", "ev_permitted": false}, "geometry": {"type": "Polygon", "coordinates": [[[-90.1182158237596, 29.9247704732056], [-90.1181736912185, 29.9249301157138], [-90.1185438170948, 29.9250041732744], [-90.1185859490861, 29.9248445297471], [-90.1182158237596, 29.9247704732056]]]}}, {"type": "Feature", "properties": {"zone_id": "0201QWNWIWB1YSAT05P95D", "tract_id": "22071011600", "city": "NEW ORLEANS, LA", "zone_code": "IZD - BED AND BREAKFAST", "zone_category": "Other", "ev_permitted": false}, "geometry": {"type": "Polygon", "coordinates": [[[-90.1186070221055, 29.9247640841521], [-90.1185648836196, 29.9249243519687], [-90.1189350239421, 29.9249971580724], [-90.1189771542582, 29.9248375153121], [-90.1186070221055, 29.9247640841521]]]}}, {"type": "Feature", "properties": {"zone_id": "0200N9UZ3HX527ZEI4QAS1", "tract_id": "22071011600", "city": "NEW ORLEANS, LA", "zone_code": "IZD - NON-COMMERCIAL STR SPECIAL EXCEPTION", "zone_category": "Commercial", "ev_permitted": true}, "geometry": {"type": "Polygon", "coordinates": [[[-90.1192956343742, 29.9242015777808], [-90.1192633184975, 29.9243213028542], [-90.1195003013164, 29.9243672496857], [-90.1195326169347, 29.9242475236527], [-90.1192956343742, 29.9242015777808]]]}}, {"type": "Feature", "properties": {"zone_id": "0205CXRS1AX0GF20IECD61", "tract_id": "22071011600", "city": "NEW ORLEANS, LA", "zone_code": "IZD - NON-COMMERCIAL STR SPECIAL EXCEPTION", "zone_category": "Commercial", "ev_permitted": true}, "geometry": {"type": "Polygon", "coordinates": [[[-90.1187815541846, 29.9241036889811], [-90.1187586448194, 29.9241875569443], [-90.1191284052087, 29.9242619216847], [-90.1191501877782, 29.9241821068928], [-90.1187815541846, 29.9241036889811]]]}}, {"type": "Feature", "properties": {"zone_id": "0207DLYZTIAF95MUQDOT55", "tract_id": "22071011600", "city": "NEW ORLEANS, LA", "zone_code": "HU-RD2", "zone_category": "Residential", "ev_permitted": false}, "geometry": {"type": "Polygon", "coordinates": [[[-90.11866686879, 29.9245360006019], [-90.118637719502, 29.924645847404], [-90.1187762180521, 29.9246733756502], [-90.1187740901299, 29.9246814137968], [-90.1190053765588, 29.9247273847038], [-90.1190364570528, 29.9246094599648], [-90.11866686879, 29.9245360006019]]]}}, {"type": "Feature", "properties": {"zone_id": "02042NPYWHCQEDLCF1576K", "tract_id": "22071011600", "city": "NEW ORLEANS, LA", "zone_code": "HU-RD2", "zone_category": "Residential", "ev_permitted": false}, "geometry": {"type": "Polygon", "coordinates": [[[-90.118637719502, 29.924645847404], [-90.1186070221055, 29.9247640841521], [-90.1189771542582, 29.9248375153121], [-90.1190053765588, 29.9247273847038], [-90.1187740901299, 29.9246814137968], [-90.1187762180521, 29.9246733756502], [-90.118637719502, 29.924645847404]]]}}, {"type": "Feature", "properties": {"zone_id": "0204JCOOYX91QIMQMQNHWP", "tract_id": "22071011600", "city": "NEW ORLEANS, LA", "zone_code": "HU-RD2", "zone_category": "Residential", "ev_permitted": false}, "geometry": {"type": "Polygon", "coordinates": [[[-90.11865724519, 29.9249420828323], [-90.1185729594495, 29.9252632436372], [-90.1186660380115, 29.925280981112], [-90.1187503158489, 29.9249604463237], [-90.11865724519, 29.9249420828323]]]}}, {"type": "Feature", "properties": {"zone_id": "02050QO2L0G833XEIXMDS6", "tract_id": "22071011600", "city": "NEW ORLEANS, LA", "zone_code": "HU-RD2", "zone_category": "Residential", "ev_permitted": false}, "geometry": {"type": "Polygon", "coordinates": [[[-90.1182858149358, 29.9245035659424], [-90.1182579637876, 29.9246102046051], [-90.1186280874935, 29.9246842628243], [-90.1186559458752, 29.9245769989108], [-90.1182858149358, 29.9245035659424]]]}}, {"type": "Feature", "properties": {"zone_id": "0203BXNU1QKQ55QX7HGPD6", "tract_id": "22071011600", "city": "NEW ORLEANS, LA", "zone_code": "IZD - NON-COMMERCIAL STR SPECIAL EXCEPTION", "zone_category": "Commercial", "ev_permitted": true}, "geometry": {"type": "Polygon", "coordinates": [[[-90.1182579637876, 29.9246102046051], [-90.1182158237596, 29.9247704732056], [-90.1185859490861, 29.9248445297471], [-90.1186280874935, 29.9246842628243], [-90.1182579637876, 29.9246102046051]]]}}, {"type": "Feature", "properties": {"zone_id": "020791665NG9FTBFYP61DN", "tract_id": "22071011600", "city": "NEW ORLEANS, LA", "zone_code": "HU-RD2", "zone_category": "Residential", "ev_permitted": false}, "geometry": {"type": "Polygon", "coordinates": [[[-90.1192633184975, 29.9243213028542], [-90.1192302858617, 29.9244410222053], [-90.1194672613575, 29.924487593367], [-90.1195003013164, 29.9243672496857], [-90.1192633184975, 29.9243213028542]]]}}, {"type": "Feature", "properties": {"zone_id": "0202FO2RFIKJNQ79N2ZX8T", "tract_id": "22071011600", "city": "NEW ORLEANS, LA", "zone_code": "IZD - NON-COMMERCIAL STR SPECIAL EXCEPTION", "zone_category": "Commercial", "ev_permitted": true}, "geometry": {"type": "Polygon", "coordinates": [[[-90.1187364835515, 29.9242689308357], [-90.1187161968951, 29.9243437583267], [-90.1190855576713, 29.9244215578802], [-90.119105126361, 29.9243467237081], [-90.1187364835515, 29.9242689308357]]]}}, {"type": "Feature", "properties": {"zone_id": "0206K5O7MDQVVSGTGHKXM1", "tract_id": "22071011600", "city": "NEW ORLEANS, LA", "zone_code": "IZD - BED AND BREAKFAST", "zone_category": "Other", "ev_permitted": false}, "geometry": {"type": "Polygon", "coordinates": [[[-90.1186905820007, 29.924443541851], [-90.11866686879, 29.9245360006019], [-90.1190364570528, 29.9246094599648], [-90.1190607140618, 29.9245169727885], [-90.1186905820007, 29.924443541851]]]}}, {"type": "Feature", "properties": {"zone_id": "0203OWMI8IFIOSQHJD95DY", "tract_id": "22071011600", "city": "NEW ORLEANS, LA", "zone_code": "HU-RD2", "zone_category": "Residential", "ev_permitted": false}, "geometry": {"type": "Polygon", "coordinates": [[[-90.1187586448194, 29.9241875569443], [-90.1187364835515, 29.9242689308357], [-90.119105126361, 29.9243467237081], [-90.1191284052087, 29.9242619216847], [-90.1187586448194, 29.9241875569443]]]}}, {"type": "Feature", "properties": {"zone_id": "02046O6EZ9CG1CB97YUMH9", "tract_id": "22071011600", "city": "NEW ORLEANS, LA", "zone_code": "UNIVERSITY AREA OFF-STREET PARKING", "zone_category": "Other", "ev_permitted": false}, "geometry": {"type": "Polygon", "coordinates": [[[-90.1188251197743, 29.9239440595045], [-90.1187815541846, 29.9241036889811], [-90.1191501877782, 29.9241821068928], [-90.1191944781207, 29.9240218587465], [-90.1188251197743, 29.9239440595045]]]}}, {"type": "Feature", "properties": {"zone_id": "0203MSVR2F700M5DALU58Q", "tract_id": "22071011600", "city": "NEW ORLEANS, LA", "zone_code": "HU-RD2", "zone_category": "Residential", "ev_permitted": false}, "geometry": {"type": "Polygon", "coordinates": [[[-90.1183211768358, 29.9243694913366], [-90.1182858149358, 29.9245035659424], [-90.1186559458752, 29.9245769989108], [-90.1186905820007, 29.924443541851], [-90.1183211768358, 29.9243694913366]]]}}, {"type": "Feature", "properties": {"zone_id": "0200FK7GGGNFSK0KNAD3HO", "tract_id": "22071011600", "city": "NEW ORLEANS, LA", "zone_code": "IZD - NON-COMMERCIAL STR SPECIAL EXCEPTION", "zone_category": "Commercial", "ev_permitted": true}, "geometry": {"type": "Polygon", "coordinates": [[[-90.1183888839563, 29.9241131902521], [-90.1183482721157, 29.9242659700912], [-90.1187161968951, 29.9243437583267], [-90.1187586448194, 29.9241875569443], [-90.1183888839563, 29.9241131902521]]]}}, {"type": "Feature", "properties": {"zone_id": "0206H7291840X16QEK5B7U", "tract_id": "22071011600", "city": "NEW ORLEANS, LA", "zone_code": "IZD - BED AND BREAKFAST", "zone_category": "Other", "ev_permitted": false}, "geometry": {"type": "Polygon", "coordinates": [[[-90.1184244318247, 29.9239865345453], [-90.1183888839563, 29.9241131902521], [-90.1187586448194, 29.9241875569443], [-90.1187928110131, 29.9240631601949], [-90.1184244318247, 29.9239865345453]]]}}, {"type": "Feature", "properties": {"zone_id": "0202QOTGINZIP07641LQ5F", "tract_id": "22071011600", "city": "NEW ORLEANS, LA", "zone_code": "UNIVERSITY AREA OFF-STREET PARKING", "zone_category": "Other", "ev_permitted": false}, "geometry": {"type": "Polygon", "coordinates": [[[-90.117908240434, 29.9259253618069], [-90.1178857387735, 29.9260051697437], [-90.1178646725131, 29.9260849909392], [-90.1182325655769, 29.9261659054732], [-90.1182550670072, 29.9260860965766], [-90.1182761329557, 29.9260062753187], [-90.117908240434, 29.9259253618069]]]}}, {"type": "Feature", "properties": {"zone_id": "0203R70R0FEXKGFU8IQLIZ", "tract_id": "22071011600", "city": "NEW ORLEANS, LA", "zone_code": "IZD - NON-COMMERCIAL STR SPECIAL EXCEPTION", "zone_category": "Commercial", "ev_permitted": true}, "geometry": {"type": "Polygon", "coordinates": [[[-90.1172880242198, 29.9258499282441], [-90.1172626412334, 29.9259600278961], [-90.1176126783016, 29.9260339023263], [-90.1176420334557, 29.9259216514187], [-90.1172880242198, 29.9258499282441]]]}}, {"type": "Feature", "properties": {"zone_id": "0203ZNTZ3N3X86B8DKGQ9R", "tract_id": "22071011600", "city": "NEW ORLEANS, LA", "zone_code": "HU-RD2", "zone_category": "Residential", "ev_permitted": false}, "geometry": {"type": "Polygon", "coordinates": [[[-90.1173193773309, 29.9257211300735], [-90.1172880242198, 29.9258499282441], [-90.1176420334557, 29.9259216514187], [-90.1176744355434, 29.9257950507645], [-90.1173193773309, 29.9257211300735]]]}}, {"type": "Feature", "properties": {"zone_id": "0201BR4395LLT06X95FCOR", "tract_id": "22071011600", "city": "NEW ORLEANS, LA", "zone_code": "HU-RD2", "zone_category": "Residential", "ev_permitted": false}, "geometry": {"type": "Polygon", "coordinates": [[[-90.1171741649322, 29.926212384905], [-90.1171353142937, 29.9263498662272], [-90.1172724250469, 29.9263834939883], [-90.1175030523662, 29.9264317187764], [-90.1175428050398, 29.9262908082019], [-90.1171741649322, 29.926212384905]]]}}, {"type": "Feature", "properties": {"zone_id": "0204ZY7AI6H1HNWJCAWZFC", "tract_id": "22071011600", "city": "NEW ORLEANS, LA", "zone_code": "IZD - NON-COMMERCIAL STR SPECIAL EXCEPTION", "zone_category": "Commercial", "ev_permitted": true}, "geometry": {"type": "Polygon", "coordinates": [[[-90.1172116658251, 29.926079579968], [-90.1171741649322, 29.926212384905], [-90.1175428050398, 29.9262908082019], [-90.1175802988923, 29.9261586283439], [-90.1172116658251, 29.926079579968]]]}}, {"type": "Feature", "properties": {"zone_id": "0207IHMFXBSDP5Y678TW3D", "tract_id": "22071011600", "city": "NEW ORLEANS, LA", "zone_code": "HU-RD2", "zone_category": "Residential", "ev_permitted": false}, "geometry": {"type": "Polygon", "coordinates": [[[-90.1168437434174, 29.9260011641729], [-90.1168055167372, 29.9261345866401], [-90.1171741649322, 29.926212384905], [-90.1172116658251, 29.926079579968], [-90.1168437434174, 29.9260011641729]]]}}, {"type": "Feature", "properties": {"zone_id": "0205UUQOD65S7WXPEX8BDA", "tract_id": "22071011600", "city": "NEW ORLEANS, LA", "zone_code": "IZD - NON-COMMERCIAL STR SPECIAL EXCEPTION", "zone_category": "Commercial", "ev_permitted": true}, "geometry": {"type": "Polygon", "coordinates": [[[-90.1168055167372, 29.9261345866401], [-90.1167687167264, 29.9262686484348], [-90.1171353142937, 29.9263498662272], [-90.1171741649322, 29.926212384905], [-90.1168055167372, 29.9261345866401]]]}}, {"type": "Feature", "properties": {"zone_id": "0203VR49LE4VJ2Y2G92IIS", "tract_id": "22071011600", "city": "NEW ORLEANS, LA", "zone_code": "IZD - BED AND BREAKFAST", "zone_category": "Other", "ev_permitted": false}, "geometry": {"type": "Polygon", "coordinates": [[[-90.1167687167264, 29.9262686484348], [-90.1167305050733, 29.9264008214314], [-90.1170984298899, 29.9264792384508], [-90.1171353142937, 29.9263498662272], [-90.1167687167264, 29.9262686484348]]]}}, {"type": "Feature", "properties": {"zone_id": "0203UF7RYAU3PTAJ4PEU6T", "tract_id": "22071011600", "city": "NEW ORLEANS, LA", "zone_code": "HU-RD2", "zone_category": "Residential", "ev_permitted": false}, "geometry": {"type": "Polygon", "coordinates": [[[-90.1169039527803, 29.9257716754914], [-90.1168753755126, 29.9258789314878], [-90.1172626412334, 29.9259600278961], [-90.1172880242198, 29.9258499282441], [-90.1169039527803, 29.9257716754914]]]}}, {"type": "Feature", "properties": {"zone_id": "0200GB4X7TX580UDS8LA6M", "tract_id": "22071011600", "city": "NEW ORLEANS, LA", "zone_code": "IZD - NON-COMMERCIAL STR SPECIAL EXCEPTION", "zone_category": "Commercial", "ev_permitted": true}, "geometry": {"type": "Polygon", "coordinates": [[[-90.1173428321278, 29.925621952093], [-90.1173193773309, 29.9257211300735], [-90.1176744355434, 29.9257950507645], [-90.1177000431505, 29.9256958926192], [-90.1173428321278, 29.925621952093]]]}}, {"type": "Feature", "properties": {"zone_id": "0203XCPAWUU6ERGDL56BH8", "tract_id": "22071011600", "city": "NEW ORLEANS, LA", "zone_code": "HU-RD2", "zone_category": "Residential", "ev_permitted": false}, "geometry": {"type": "Polygon", "coordinates": [[[-90.1173693339129, 29.925508424375], [-90.1173428321278, 29.925621952093], [-90.1177000431505, 29.9256958926192], [-90.1177286890533, 29.925583008989], [-90.1173693339129, 29.925508424375]]]}}, {"type": "Feature", "properties": {"zone_id": "0205GZ4MPYAK0CS5I6YRQ0", "tract_id": "22071011600", "city": "NEW ORLEANS, LA", "zone_code": "IZD - NON-COMMERCIAL STR SPECIAL EXCEPTION", "zone_category": "Commercial", "ev_permitted": true}, "geometry": {"type": "Polygon", "coordinates": [[[-90.1173936700331, 29.9253958149489], [-90.1173768866741, 29.925477488239], [-90.1173693339129, 29.925508424375], [-90.1177286890533, 29.925583008989], [-90.11775804498, 29.9254707580586], [-90.1173936700331, 29.9253958149489]]]}}, {"type": "Feature", "properties": {"zone_id": "0202YUHF4T2PJFVK3URW79", "tract_id": "22071011600", "city": "NEW ORLEANS, LA", "zone_code": "IZD - NON-COMMERCIAL STR SPECIAL EXCEPTION", "zone_category": "Commercial", "ev_permitted": true}, "geometry": {"type": "Polygon", "coordinates": [[[-90.1174140312884, 29.9253150480842], [-90.1173936700331, 29.9253958149489], [-90.11775804498, 29.9254707580586], [-90.1177783945187, 29.9253909302515], [-90.1174140312884, 29.9253150480842]]]}}, {"type": "Feature", "properties": {"zone_id": "0201ATNK0HUD1JCUOCAXQH", "tract_id": "22071011600", "city": "NEW ORLEANS, LA", "zone_code": "HU-RD2", "zone_category": "Residential", "ev_permitted": false}, "geometry": {"type": "Polygon", "coordinates": [[[-90.1174540272937, 29.9251541364812], [-90.1174252495756, 29.925275614363], [-90.1174140312884, 29.9253150480842], [-90.1177783945187, 29.9253909302515], [-90.1178205268399, 29.9252312887719], [-90.1174540272937, 29.9251541364812]]]}}, {"type": "Feature", "properties": {"zone_id": "0206O6VO9B27FEBIJ00FNR", "tract_id": "22071011600", "city": "NEW ORLEANS, LA", "zone_code": "UNIVERSITY AREA OFF-STREET PARKING", "zone_category": "Other", "ev_permitted": false}, "geometry": {"type": "Polygon", "coordinates": [[[-90.1169800174301, 29.9254779441133], [-90.11695894951, 29.9255577660616], [-90.1173390466037, 29.9256381698264], [-90.1173579686887, 29.9255577045459], [-90.1169800174301, 29.9254779441133]]]}}, {"type": "Feature", "properties": {"zone_id": "0201MRV8Y7X7AXT7IZT4BU", "tract_id": "22071011600", "city": "NEW ORLEANS, LA", "zone_code": "UNIVERSITY AREA OFF-STREET PARKING", "zone_category": "Other", "ev_permitted": false}, "geometry": {"type": "Polygon", "coordinates": [[[-90.11695894951, 29.9255577660616], [-90.1169318067458, 29.9256650362389], [-90.1173133386216, 29.9257454533406], [-90.1173390466037, 29.9256381698264], [-90.11695894951, 29.9255577660616]]]}}, {"type": "Feature", "properties": {"zone_id": "0205Y6EA2MFEVZULR3KEXJ", "tract_id": "22071011600", "city": "NEW ORLEANS, LA", "zone_code": "HU-RD2", "zone_category": "Residential", "ev_permitted": false}, "geometry": {"type": "Polygon", "coordinates": [[[-90.1169318067458, 29.9256650362389], [-90.1169039527803, 29.9257716754914], [-90.1172880242198, 29.9258499282441], [-90.1173133386216, 29.9257454533406], [-90.1169318067458, 29.9256650362389]]]}}, {"type": "Feature", "properties": {"zone_id": "0203KCJQC6EPXWG2ONWJ41", "tract_id": "22071011600", "city": "NEW ORLEANS, LA", "zone_code": "UNIVERSITY AREA OFF-STREET PARKING", "zone_category": "Other", "ev_permitted": false}, "geometry": {"type": "Polygon", "coordinates": [[[-90.1170516219722, 29.9251966754176], [-90.1170207319127, 29.9253170392818], [-90.1173936700331, 29.9253958149489], [-90.1174140312884, 29.9253150480842], [-90.1174252495756, 29.925275614363], [-90.1170516219722, 29.9251966754176]]]}}, {"type": "Feature", "properties": {"zone_id": "0202TFTUE1SF60XTTGS32H", "tract_id": "22071011600", "city": "NEW ORLEANS, LA", "zone_code": "UNIVERSITY AREA OFF-STREET PARKING", "zone_category": "Other", "ev_permitted": false}, "geometry": {"type": "Polygon", "coordinates": [[[-90.1170207319127, 29.9253170392818], [-90.1170003665568, 29.925398116417], [-90.1173768866741, 29.925477488239], [-90.1173936700331, 29.9253958149489], [-90.1170207319127, 29.9253170392818]]]}}, {"type": "Feature", "properties": {"zone_id": "02014769AVJH3IPSHU0ZPE", "tract_id": "22071011600", "city": "NEW ORLEANS, LA", "zone_code": "UNIVERSITY AREA OFF-STREET PARKING", "zone_category": "Other", "ev_permitted": false}, "geometry": {"type": "Polygon", "coordinates": [[[-90.1170003665568, 29.925398116417], [-90.1169800174301, 29.9254779441133], [-90.1173579686887, 29.9255577045459], [-90.1173768866741, 29.925477488239], [-90.1170003665568, 29.925398116417]]]}}, {"type": "Feature", "properties": {"zone_id": "0203I5X56RR6RN9VB3624B", "tract_id": "22071011600", "city": "NEW ORLEANS, LA", "zone_code": "UNIVERSITY AREA OFF-STREET PARKING", "zone_category": "Other", "ev_permitted": false}, "geometry": {"type": "Polygon", "coordinates": [[[-90.1163600006248, 29.9261228627215], [-90.1163311815085, 29.9262347763689], [-90.1165790769681, 29.9262831481046], [-90.1166074042296, 29.9261712009854], [-90.1163600006248, 29.9261228627215]]]}}, {"type": "Feature", "properties": {"zone_id": "0203HQRUYSKP3G06SSMBPT", "tract_id": "22071011600", "city": "NEW ORLEANS, LA", "zone_code": "IZD - NON-COMMERCIAL STR SPECIAL EXCEPTION", "zone_category": "Commercial", "ev_permitted": true}, "geometry": {"type": "Polygon", "coordinates": [[[-90.1163883293269, 29.9260128527412], [-90.1163600006248, 29.9261228627215], [-90.1166074042296, 29.9261712009854], [-90.1166357099431, 29.9260611862311], [-90.1163883293269, 29.9260128527412]]]}}, {"type": "Feature", "properties": {"zone_id": "020748ZHBEE5KNTFK615CX", "tract_id": "22071011600", "city": "NEW ORLEANS, LA", "zone_code": "IZD - NON-COMMERCIAL STR SPECIAL EXCEPTION", "zone_category": "Commercial", "ev_permitted": true}, "geometry": {"type": "Polygon", "coordinates": [[[-90.1162074219428, 29.92621657203], [-90.1161686263676, 29.9263671800966], [-90.1165391553052, 29.9264378085888], [-90.1165790769681, 29.9262831481046], [-90.1163311815085, 29.9262347763689], [-90.1162074219428, 29.92621657203]]]}}, {"type": "Feature", "properties": {"zone_id": "0206E4S9ET67B6ATVQKOIK", "tract_id": "22071011600", "city": "NEW ORLEANS, LA", "zone_code": "IZD - BED AND BREAKFAST", "zone_category": "Other", "ev_permitted": false}, "geometry": {"type": "Polygon", "coordinates": [[[-90.1164138941502, 29.9259135753469], [-90.1163883293269, 29.9260128527412], [-90.1166357099431, 29.9260611862311], [-90.116661935598, 29.9259619744506], [-90.1164138941502, 29.9259135753469]]]}}, {"type": "Feature", "properties": {"zone_id": "0200CMS6E7OY971WX65YT5", "tract_id": "22071011600", "city": "NEW ORLEANS, LA", "zone_code": "HU-RD2", "zone_category": "Residential", "ev_permitted": false}, "geometry": {"type": "Polygon", "coordinates": [[[-90.115920917662, 29.9258175912201], [-90.1158968341392, 29.925909262019], [-90.1158775600837, 29.9259890994983], [-90.1162473527013, 29.9260612855764], [-90.1162925024134, 29.925889793764], [-90.115920917662, 29.9258175912201]]]}}, {"type": "Feature", "properties": {"zone_id": "02044C44BJU7ANSKZNVO5F", "tract_id": "22071011600", "city": "NEW ORLEANS, LA", "zone_code": "UNIVERSITY AREA OFF-STREET PARKING", "zone_category": "Other", "ev_permitted": false}, "geometry": {"type": "Polygon", "coordinates": [[[-90.1162925024134, 29.925889793764], [-90.1162074219428, 29.92621657203], [-90.1163311815085, 29.9262347763689], [-90.1164138941502, 29.9259135753469], [-90.1162925024134, 29.925889793764]]]}}, {"type": "Feature", "properties": {"zone_id": "0203SF8MIRW5U0X70BMOO0", "tract_id": "22071011600", "city": "NEW ORLEANS, LA", "zone_code": "UNIVERSITY AREA OFF-STREET PARKING", "zone_category": "Other", "ev_permitted": false}, "geometry": {"type": "Polygon", "coordinates": [[[-90.1158140031975, 29.9262293257321], [-90.1157973705373, 29.9262971690714], [-90.1161686263676, 29.9263671800966], [-90.1161855603599, 29.9263026362408], [-90.1158140031975, 29.9262293257321]]]}}, {"type": "Feature", "properties": {"zone_id": "020293S4AJBDAIXP8J962X", "tract_id": "22071011600", "city": "NEW ORLEANS, LA", "zone_code": "UNIVERSITY AREA OFF-STREET PARKING", "zone_category": "Other", "ev_permitted": false}, "geometry": {"type": "Polygon", "coordinates": [[[-90.1158350446109, 29.9261504050443], [-90.1158140031975, 29.9262293257321], [-90.1161855603599, 29.9263026362408], [-90.1162074219428, 29.92621657203], [-90.1158350446109, 29.9261504050443]]]}}, {"type": "Feature", "properties": {"zone_id": "020697QX9SEQ3NNY5GWK5W", "tract_id": "22071011600", "city": "NEW ORLEANS, LA", "zone_code": "IZD - BED AND BREAKFAST", "zone_category": "Other", "ev_permitted": false}, "geometry": {"type": "Polygon", "coordinates": [[[-90.1158775600837, 29.9259890994983], [-90.1158350446109, 29.9261504050443], [-90.1162074219428, 29.92621657203], [-90.1162473527013, 29.9260612855764], [-90.1158775600837, 29.9259890994983]]]}}, {"type": "Feature", "properties": {"zone_id": "02013NDNA5T9HUY46NH8WP", "tract_id": "22071011600", "city": "NEW ORLEANS, LA", "zone_code": "IZD - BED AND BREAKFAST", "zone_category": "Other", "ev_permitted": false}, "geometry": {"type": "Polygon", "coordinates": [[[-90.1155206736952, 29.9262120909632], [-90.1154664837967, 29.9264185061551], [-90.1156053732783, 29.9264460467514], [-90.1156595563021, 29.9262402575878], [-90.1155206736952, 29.9262120909632]]]}}, {"type": "Feature", "properties": {"zone_id": "0203FMJI10AHD6EKX260PW", "tract_id": "22071011600", "city": "NEW ORLEANS, LA", "zone_code": "UNIVERSITY AREA OFF-STREET PARKING", "zone_category": "Other", "ev_permitted": false}, "geometry": {"type": "Polygon", "coordinates": [[[-90.1153825002097, 29.9261845569026], [-90.1153049969722, 29.9264782722541], [-90.1154438809353, 29.9265064382129], [-90.1155206736952, 29.9262120909632], [-90.1153825002097, 29.9261845569026]]]}}, {"type": "Feature", "properties": {"zone_id": "0207JOURBVK5UNCAQS9E7E", "tract_id": "22071011600", "city": "NEW ORLEANS, LA", "zone_code": "IZD - NON-COMMERCIAL STR SPECIAL EXCEPTION", "zone_category": "Commercial", "ev_permitted": true}, "geometry": {"type": "Polygon", "coordinates": [[[-90.1153450295317, 29.9257853802394], [-90.1152671138817, 29.9260540883288], [-90.1154052556153, 29.9260841222917], [-90.1154831948261, 29.9258135395138], [-90.1153450295317, 29.9257853802394]]]}}, {"type": "Feature", "properties": {"zone_id": "02039KH35NAQL9UCEZ7SVD", "tract_id": "22071011600", "city": "NEW ORLEANS, LA", "zone_code": "IZD - NON-COMMERCIAL STR SPECIAL EXCEPTION", "zone_category": "Commercial", "ev_permitted": true}, "geometry": {"type": "Polygon", "coordinates": [[[-90.1154831948261, 29.9258135395138], [-90.1154052556153, 29.9260841222917], [-90.1155441314305, 29.9261129133192], [-90.1156227869567, 29.9258423379965], [-90.1154831948261, 29.9258135395138]]]}}, {"type": "Feature", "properties": {"zone_id": "0203KUVQO9AAD888009SNL", "tract_id": "22071011600", "city": "NEW ORLEANS, LA", "zone_code": "IZD - NON-COMMERCIAL STR SPECIAL EXCEPTION", "zone_category": "Commercial", "ev_permitted": true}, "geometry": {"type": "Polygon", "coordinates": [[[-90.1156227869567, 29.9258423379965], [-90.1155441314305, 29.9261129133192], [-90.1156822809337, 29.9261423236222], [-90.1157609437462, 29.9258711221426], [-90.1156227869567, 29.9258423379965]]]}}, {"type": "Feature", "properties": {"zone_id": "0205J7U4O8ULRPHB1HRFR5", "tract_id": "22071011600", "city": "NEW ORLEANS, LA", "zone_code": "UNIVERSITY AREA OFF-STREET PARKING", "zone_category": "Other", "ev_permitted": false}, "geometry": {"type": "Polygon", "coordinates": [[[-90.1164115876546, 29.9254526050349], [-90.1163883633842, 29.9255327182165], [-90.1167570090202, 29.9256105185586], [-90.1167802281725, 29.9255307174387], [-90.1164115876546, 29.9254526050349]]]}}, {"type": "Feature", "properties": {"zone_id": "0202ZLF3IMTFJ2NFVPMBFX", "tract_id": "22071011600", "city": "NEW ORLEANS, LA", "zone_code": "IZD - NON-COMMERCIAL STR SPECIAL EXCEPTION", "zone_category": "Commercial", "ev_permitted": true}, "geometry": {"type": "Polygon", "coordinates": [[[-90.1166281642524, 29.9255830711722], [-90.116557308007, 29.9258224642533], [-90.1166866305172, 29.9258499152219], [-90.1167570090202, 29.9256105185586], [-90.1166281642524, 29.9255830711722]]]}}, {"type": "Feature", "properties": {"zone_id": "0202Y3O5AG9VKRWXG0SC7L", "tract_id": "22071011600", "city": "NEW ORLEANS, LA", "zone_code": "UNIVERSITY AREA OFF-STREET PARKING", "zone_category": "Other", "ev_permitted": false}, "geometry": {"type": "Polygon", "coordinates": [[[-90.1165050383921, 29.9255575531937], [-90.1164353846712, 29.925796330288], [-90.116557308007, 29.9258224642533], [-90.1166281642524, 29.9255830711722], [-90.1165050383921, 29.9255575531937]]]}}, {"type": "Feature", "properties": {"zone_id": "0205YARQBSS7ONZ1O0WI5P", "tract_id": "22071011600", "city": "NEW ORLEANS, LA", "zone_code": "IZD - NON-COMMERCIAL STR SPECIAL EXCEPTION", "zone_category": "Commercial", "ev_permitted": true}, "geometry": {"type": "Polygon", "coordinates": [[[-90.1163590108727, 29.92552682128], [-90.1162893568129, 29.9257655991999], [-90.1164353846712, 29.925796330288], [-90.1165050383921, 29.9255575531937], [-90.1163590108727, 29.92552682128]]]}}, {"type": "Feature", "properties": {"zone_id": "0202SOHR74TEF43BWYE1C5", "tract_id": "22071011600", "city": "NEW ORLEANS, LA", "zone_code": "UNIVERSITY AREA OFF-STREET PARKING", "zone_category": "Other", "ev_permitted": false}, "geometry": {"type": "Polygon", "coordinates": [[[-90.1160113670971, 29.9254923478682], [-90.115982192157, 29.9255895978606], [-90.1163200583884, 29.9256608621476], [-90.116348515295, 29.9255636063434], [-90.1160113670971, 29.9254923478682]]]}}, {"type": "Feature", "properties": {"zone_id": "0206BFX1HF1I6UEAOXQQ5M", "tract_id": "22071011600", "city": "NEW ORLEANS, LA", "zone_code": "IZD - BED AND BREAKFAST", "zone_category": "Other", "ev_permitted": false}, "geometry": {"type": "Polygon", "coordinates": [[[-90.115982192157, 29.9255895978606], [-90.11595075833, 29.9256955776468], [-90.1162893568129, 29.9257655991999], [-90.1163200583884, 29.9256608621476], [-90.115982192157, 29.9255895978606]]]}}, {"type": "Feature", "properties": {"zone_id": "0205Y99N7OF472UAFELE9W", "tract_id": "22071011600", "city": "NEW ORLEANS, LA", "zone_code": "IZD - NON-COMMERCIAL STR SPECIAL EXCEPTION", "zone_category": "Commercial", "ev_permitted": true}, "geometry": {"type": "Polygon", "coordinates": [[[-90.1164587413323, 29.9252933225955], [-90.1164347966541, 29.9253737412927], [-90.1168041584278, 29.925451547232], [-90.1168273785411, 29.9253717461117], [-90.1164587413323, 29.9252933225955]]]}}, {"type": "Feature", "properties": {"zone_id": "0204IKM6D32PVCWB7V089P", "tract_id": "22071011600", "city": "NEW ORLEANS, LA", "zone_code": "IZD - BED AND BREAKFAST", "zone_category": "Other", "ev_permitted": false}, "geometry": {"type": "Polygon", "coordinates": [[[-90.1164347966541, 29.9253737412927], [-90.1164115876546, 29.9254526050349], [-90.1167802281725, 29.9255307174387], [-90.1168041584278, 29.925451547232], [-90.1164347966541, 29.9253737412927]]]}}, {"type": "Feature", "properties": {"zone_id": "0207KEQYIWGGGWRNHN7YYS", "tract_id": "22071011600", "city": "NEW ORLEANS, LA", "zone_code": "IZD - COMMERCIAL SHORT TERM RENTAL", "zone_category": "Other", "ev_permitted": false}, "geometry": {"type": "Polygon", "coordinates": [[[-90.1165051667679, 29.9251349699131], [-90.1164587413323, 29.9252933225955], [-90.1168273785411, 29.9253717461117], [-90.1168738110369, 29.9252127690297], [-90.1165051667679, 29.9251349699131]]]}}, {"type": "Feature", "properties": {"zone_id": "02064SAOP2ZV7886HNVYUQ", "tract_id": "22071011600", "city": "NEW ORLEANS, LA", "zone_code": "IZD - NON-COMMERCIAL STR SPECIAL EXCEPTION", "zone_category": "Commercial", "ev_permitted": true}, "geometry": {"type": "Polygon", "coordinates": [[[-90.1160398777689, 29.9253937618381], [-90.1160113670971, 29.9254923478682], [-90.116348515295, 29.9255636063434], [-90.1163590108727, 29.92552682128], [-90.1163883633842, 29.9255327182165], [-90.1164063706169, 29.9254706004221], [-90.1160398777689, 29.9253937618381]]]}}, {"type": "Feature", "properties": {"zone_id": "0205VAMW5MN5GB2VY4MCRO", "tract_id": "22071011600", "city": "NEW ORLEANS, LA", "zone_code": "IZD - NON-COMMERCIAL STR SPECIAL EXCEPTION", "zone_category": "Commercial", "ev_permitted": true}, "geometry": {"type": "Polygon", "coordinates": [[[-90.1160690143216, 29.9252965926768], [-90.1160398777689, 29.9253937618381], [-90.1164063706169, 29.9254706004221], [-90.1164347966541, 29.9253737412927], [-90.1160690143216, 29.9252965926768]]]}}, {"type": "Feature", "properties": {"zone_id": "0200LJ90JBWMWH9W16Q241", "tract_id": "22071011600", "city": "NEW ORLEANS, LA", "zone_code": "IZD - NON-COMMERCIAL STR SPECIAL EXCEPTION", "zone_category": "Commercial", "ev_permitted": true}, "geometry": {"type": "Polygon", "coordinates": [[[-90.1160922349866, 29.9252167916846], [-90.1160690143216, 29.9252965926768], [-90.1164347966541, 29.9253737412927], [-90.1164587413323, 29.9252933225955], [-90.1160922349866, 29.9252167916846]]]}}, {"type": "Feature", "properties": {"zone_id": "02028FPRO03OWBIGY1Q3I4", "tract_id": "22071011600", "city": "NEW ORLEANS, LA", "zone_code": "UNIVERSITY AREA OFF-STREET PARKING", "zone_category": "Other", "ev_permitted": false}, "geometry": {"type": "Polygon", "coordinates": [[[-90.1161147455276, 29.9251363588733], [-90.1160922349866, 29.9252167916846], [-90.116369265921, 29.9252743664017], [-90.1163924863518, 29.9251945644543], [-90.1161147455276, 29.9251363588733]]]}}, {"type": "Feature", "properties": {"zone_id": "0203R5SK1KQUUP2V08ZF8B", "tract_id": "22071011600", "city": "NEW ORLEANS, LA", "zone_code": "IZD - NON-COMMERCIAL STR SPECIAL EXCEPTION", "zone_category": "Commercial", "ev_permitted": true}, "geometry": {"type": "Polygon", "coordinates": [[[-90.1156061572382, 29.9255583775215], [-90.1155297226321, 29.9258233480137], [-90.1157609437462, 29.9258711221426], [-90.115838857913, 29.9256024146565], [-90.1156061572382, 29.9255583775215]]]}}, {"type": "Feature", "properties": {"zone_id": "0205G2HVYEOXI4O3N1YRTP", "tract_id": "22071011600", "city": "NEW ORLEANS, LA", "zone_code": "IZD - NON-COMMERCIAL STR SPECIAL EXCEPTION", "zone_category": "Commercial", "ev_permitted": true}, "geometry": {"type": "Polygon", "coordinates": [[[-90.1154214406777, 29.925522285363], [-90.1153450295317, 29.9257853802394], [-90.1155297226321, 29.9258233480137], [-90.1156061572382, 29.9255583775215], [-90.1154214406777, 29.925522285363]]]}}, {"type": "Feature", "properties": {"zone_id": "0201BZFBGNBYXU7A2SVL6J", "tract_id": "22071011600", "city": "NEW ORLEANS, LA", "zone_code": "HU-RD2", "zone_category": "Residential", "ev_permitted": false}, "geometry": {"type": "Polygon", "coordinates": [[[-90.1157070695468, 29.9251104723107], [-90.1156313161749, 29.925378574494], [-90.1157702042549, 29.92540611492], [-90.1158459506845, 29.9251386378404], [-90.1157070695468, 29.9251104723107]]]}}, {"type": "Feature", "properties": {"zone_id": "0202MNRN18VCW5D7RGHVUJ", "tract_id": "22071011600", "city": "NEW ORLEANS, LA", "zone_code": "UNIVERSITY AREA OFF-STREET PARKING", "zone_category": "Other", "ev_permitted": false}, "geometry": {"type": "Polygon", "coordinates": [[[-90.1158459506845, 29.9251386378404], [-90.1157702042549, 29.92540611492], [-90.1158618251841, 29.9254257166217], [-90.1159382967196, 29.9251576209589], [-90.1158459506845, 29.9251386378404]]]}}, {"type": "Feature", "properties": {"zone_id": "0200QMU3ZV4YWYEQ54IC63", "tract_id": "22071011600", "city": "NEW ORLEANS, LA", "zone_code": "IZD - NON-COMMERCIAL STR SPECIAL EXCEPTION", "zone_category": "Commercial", "ev_permitted": true}, "geometry": {"type": "Polygon", "coordinates": [[[-90.1154915673004, 29.9250097077919], [-90.1154000876106, 29.9253314243958], [-90.1156313161749, 29.925378574494], [-90.1157070695468, 29.9251104723107], [-90.1155689051735, 29.9250823123666], [-90.1155846232316, 29.9250293229768], [-90.1154915673004, 29.9250097077919]]]}}, {"type": "Feature", "properties": {"zone_id": "0206TL88O4XRBD7F7FYZ40", "tract_id": "22071011600", "city": "NEW ORLEANS, LA", "zone_code": "UNIVERSITY AREA OFF-STREET PARKING", "zone_category": "Other", "ev_permitted": false}, "geometry": {"type": "Polygon", "coordinates": [[[-90.1175120521985, 29.9249271273955], [-90.1174790096461, 29.9250474714709], [-90.1178476761553, 29.9251233923298], [-90.1178807116999, 29.9250036742481], [-90.1175120521985, 29.9249271273955]]]}}, {"type": "Feature", "properties": {"zone_id": "0206VMHH4SGC8AZJT5S67J", "tract_id": "22071011600", "city": "NEW ORLEANS, LA", "zone_code": "HU-RD2", "zone_category": "Residential", "ev_permitted": false}, "geometry": {"type": "Polygon", "coordinates": [[[-90.1176037197905, 29.9245943254385], [-90.117566869975, 29.9247275939496], [-90.1179362551387, 29.924803522118], [-90.1179731561289, 29.9246702657108], [-90.1176037197905, 29.9245943254385]]]}}, {"type": "Feature", "properties": {"zone_id": "0200XFQQ6DM36X0GJ4XT2S", "tract_id": "22071011600", "city": "NEW ORLEANS, LA", "zone_code": "IZD - BED AND BREAKFAST", "zone_category": "Other", "ev_permitted": false}, "geometry": {"type": "Polygon", "coordinates": [[[-90.117566869975, 29.9247275939496], [-90.1175120521985, 29.9249271273955], [-90.1178807116999, 29.9250036742481], [-90.1179362551387, 29.924803522118], [-90.117566869975, 29.9247275939496]]]}}, {"type": "Feature", "properties": {"zone_id": "0204IJDSCM2PS3QVCQ4TGC", "tract_id": "22071011600", "city": "NEW ORLEANS, LA", "zone_code": "IZD - BED AND BREAKFAST", "zone_category": "Other", "ev_permitted": false}, "geometry": {"type": "Polygon", "coordinates": [[[-90.1171306992102, 29.9248910957714], [-90.1171089072532, 29.9249715353949], [-90.1174790096461, 29.9250474714709], [-90.1175007937169, 29.9249676560581], [-90.1171306992102, 29.9248910957714]]]}}, {"type": "Feature", "properties": {"zone_id": "0205H2EI9NX40BDM6VGIUB", "tract_id": "22071011600", "city": "NEW ORLEANS, LA", "zone_code": "UNIVERSITY AREA OFF-STREET PARKING", "zone_category": "Other", "ev_permitted": false}, "geometry": {"type": "Polygon", "coordinates": [[[-90.1170839549857, 29.9250757005449], [-90.1170516219722, 29.9251966754176], [-90.1174252495756, 29.925275614363], [-90.1174540272937, 29.9251541364812], [-90.1170839549857, 29.9250757005449]]]}}, {"type": "Feature", "properties": {"zone_id": "0200YQEG7W7RE7EWINAFD2", "tract_id": "22071011600", "city": "NEW ORLEANS, LA", "zone_code": "HU-RD2", "zone_category": "Residential", "ev_permitted": false}, "geometry": {"type": "Polygon", "coordinates": [[[-90.1171532012232, 29.9248112879522], [-90.1171306992102, 29.9248910957714], [-90.1175007937169, 29.9249676560581], [-90.1175233030666, 29.924887223003], [-90.1171532012232, 29.9248112879522]]]}}, {"type": "Feature", "properties": {"zone_id": "02060U09WGZQ1QMHRHXQX5", "tract_id": "22071011600", "city": "NEW ORLEANS, LA", "zone_code": "HU-RD2", "zone_category": "Residential", "ev_permitted": false}, "geometry": {"type": "Polygon", "coordinates": [[[-90.1172192802851, 29.9245712260327], [-90.117196769726, 29.9246516590294], [-90.117566869975, 29.9247275939496], [-90.1175886625344, 29.9246471551594], [-90.1172192802851, 29.9245712260327]]]}}, {"type": "Feature", "properties": {"zone_id": "0206X45TMT2AGSX29V5KQV", "tract_id": "22071011600", "city": "NEW ORLEANS, LA", "zone_code": "HU-RD2", "zone_category": "Residential", "ev_permitted": false}, "geometry": {"type": "Polygon", "coordinates": [[[-90.117196769726, 29.9246516590294], [-90.117174985492, 29.924731473493], [-90.1175450860204, 29.9248074084738], [-90.117566869975, 29.9247275939496], [-90.117196769726, 29.9246516590294]]]}}, {"type": "Feature", "properties": {"zone_id": "0205GC37B619KMO8ZFEG05", "tract_id": "22071011600", "city": "NEW ORLEANS, LA", "zone_code": "IZD - NON-COMMERCIAL STR SPECIAL EXCEPTION", "zone_category": "Commercial", "ev_permitted": true}, "geometry": {"type": "Polygon", "coordinates": [[[-90.117174985492, 29.924731473493], [-90.1171532012232, 29.9248112879522], [-90.1175233030666, 29.924887223003], [-90.1175450860204, 29.9248074084738], [-90.117174985492, 29.924731473493]]]}}, {"type": "Feature", "properties": {"zone_id": "0207ABO0AJ2Z6UE1RPC4PX", "tract_id": "22071011600", "city": "NEW ORLEANS, LA", "zone_code": "IZD - NON-COMMERCIAL STR SPECIAL EXCEPTION", "zone_category": "Commercial", "ev_permitted": true}, "geometry": {"type": "Polygon", "coordinates": [[[-90.116593089751, 29.9247804778267], [-90.1165713050062, 29.924860292189], [-90.1169414294346, 29.9249343542588], [-90.1169632138997, 29.9248545398359], [-90.116593089751, 29.9247804778267]]]}}, {"type": "Feature", "properties": {"zone_id": "0203PQLM3KKNUY1SYDKZVD", "tract_id": "22071011600", "city": "NEW ORLEANS, LA", "zone_code": "HU-RD2", "zone_category": "Residential", "ev_permitted": false}, "geometry": {"type": "Polygon", "coordinates": [[[-90.116615161337, 29.9247006661134], [-90.116593089751, 29.9247804778267], [-90.1169632138997, 29.9248545398359], [-90.1169847284063, 29.9247741815761], [-90.116615161337, 29.9247006661134]]]}}, {"type": "Feature", "properties": {"zone_id": "0201CQG9M7N800MT5HPGEX", "tract_id": "22071011600", "city": "NEW ORLEANS, LA", "zone_code": "HU-RD2", "zone_category": "Residential", "ev_permitted": false}, "geometry": {"type": "Polygon", "coordinates": [[[-90.1166366667569, 29.9246202239155], [-90.116615161337, 29.9247006661134], [-90.1169847284063, 29.9247741815761], [-90.1170060736604, 29.924694280079], [-90.1166366667569, 29.9246202239155]]]}}, {"type": "Feature", "properties": {"zone_id": "0201LIRXJOR9W16Q68X9MH", "tract_id": "22071011600", "city": "NEW ORLEANS, LA", "zone_code": "HU-RD2", "zone_category": "Residential", "ev_permitted": false}, "geometry": {"type": "Polygon", "coordinates": [[[-90.1166603261831, 29.9245338631736], [-90.1166366667569, 29.9246202239155], [-90.1170060736604, 29.924694280079], [-90.1170316044514, 29.9246013719691], [-90.1166603261831, 29.9245338631736]]]}}, {"type": "Feature", "properties": {"zone_id": "02065CE127WSGUFJ40B0WF", "tract_id": "22071011600", "city": "NEW ORLEANS, LA", "zone_code": "IZD - NON-COMMERCIAL STR SPECIAL EXCEPTION", "zone_category": "Commercial", "ev_permitted": true}, "geometry": {"type": "Polygon", "coordinates": [[[-90.1177920889373, 29.9242664590033], [-90.1177478028239, 29.9244260805872], [-90.1180248325188, 29.9244836518237], [-90.1180691248018, 29.9243234040626], [-90.1177920889373, 29.9242664590033]]]}}, {"type": "Feature", "properties": {"zone_id": "0203XQ58PPY0OFG7WAXKNC", "tract_id": "22071011600", "city": "NEW ORLEANS, LA", "zone_code": "HU-RD2", "zone_category": "Residential", "ev_permitted": false}, "geometry": {"type": "Polygon", "coordinates": [[[-90.1176298432631, 29.9245010960879], [-90.1176037197905, 29.9245943254385], [-90.1179731561289, 29.9246702657108], [-90.1179989900406, 29.9245769722639], [-90.1176298432631, 29.9245010960879]]]}}, {"type": "Feature", "properties": {"zone_id": "0205CTX93RQC4FM7XKC5A4", "tract_id": "22071011600", "city": "NEW ORLEANS, LA", "zone_code": "UNIVERSITY AREA OFF-STREET PARKING", "zone_category": "Other", "ev_permitted": false}, "geometry": {"type": "Polygon", "coordinates": [[[-90.1176556963569, 29.9244071009481], [-90.1176298432631, 29.9245010960879], [-90.1179989900406, 29.9245769722639], [-90.1180248325188, 29.9244836518237], [-90.1176556963569, 29.9244071009481]]]}}, {"type": "Feature", "properties": {"zone_id": "0202J3VBUFLUO7CXV2YZZ5", "tract_id": "22071011600", "city": "NEW ORLEANS, LA", "zone_code": "HU-RD2", "zone_category": "Residential", "ev_permitted": false}, "geometry": {"type": "Polygon", "coordinates": [[[-90.1173078597566, 29.9242513562116], [-90.1172642829646, 29.9244116094411], [-90.1176336656932, 29.9244875384526], [-90.1176779596415, 29.9243272908328], [-90.1173078597566, 29.9242513562116]]]}}, {"type": "Feature", "properties": {"zone_id": "0200G6WZW3OCCOGYKJJ0OC", "tract_id": "22071011600", "city": "NEW ORLEANS, LA", "zone_code": "HU-RD2", "zone_category": "Residential", "ev_permitted": false}, "geometry": {"type": "Polygon", "coordinates": [[[-90.1172642829646, 29.9244116094411], [-90.1172417811195, 29.9244914181855], [-90.1176111641262, 29.9245673472594], [-90.1176336656932, 29.9244875384526], [-90.1172642829646, 29.9244116094411]]]}}, {"type": "Feature", "properties": {"zone_id": "0207GMYSXA183N3XQ67N3B", "tract_id": "22071011600", "city": "NEW ORLEANS, LA", "zone_code": "IZD - NON-COMMERCIAL STR SPECIAL EXCEPTION", "zone_category": "Commercial", "ev_permitted": true}, "geometry": {"type": "Polygon", "coordinates": [[[-90.1176997433851, 29.9242474762818], [-90.1176554571216, 29.9244070987372], [-90.1177478028239, 29.9244260805872], [-90.1177920889373, 29.9242664590033], [-90.1176997433851, 29.9242474762818]]]}}, {"type": "Feature", "properties": {"zone_id": "0201QN198ZNIIX7Y8TZUKM", "tract_id": "22071011600", "city": "NEW ORLEANS, LA", "zone_code": "IZD - BED AND BREAKFAST", "zone_category": "Other", "ev_permitted": false}, "geometry": {"type": "Polygon", "coordinates": [[[-90.117777553751, 29.9239278196999], [-90.1177429954886, 29.9240547126488], [-90.1181123554724, 29.9241325149472], [-90.1181484189295, 29.923999696447], [-90.117777553751, 29.9239278196999]]]}}, {"type": "Feature", "properties": {"zone_id": "0205STJK5R0LVHYEXI323J", "tract_id": "22071011600", "city": "NEW ORLEANS, LA", "zone_code": "IZD - NON-COMMERCIAL STR SPECIAL EXCEPTION", "zone_category": "Commercial", "ev_permitted": true}, "geometry": {"type": "Polygon", "coordinates": [[[-90.1177429954886, 29.9240547126488], [-90.1177212118217, 29.924134527209], [-90.1180898467675, 29.9242129481109], [-90.1181123554724, 29.9241325149472], [-90.1177429954886, 29.9240547126488]]]}}, {"type": "Feature", "properties": {"zone_id": "0203WRLSL7S7WNZZYCKB4L", "tract_id": "22071011600", "city": "NEW ORLEANS, LA", "zone_code": "HU-RD2", "zone_category": "Residential", "ev_permitted": false}, "geometry": {"type": "Polygon", "coordinates": [[[-90.1173296514071, 29.9241709156456], [-90.1173078597566, 29.9242513562116], [-90.1176779596415, 29.9243272908328], [-90.1176997433851, 29.9242474762818], [-90.1173296514071, 29.9241709156456]]]}}, {"type": "Feature", "properties": {"zone_id": "02079M9LL7L7KDWCCSH27Y", "tract_id": "22071011600", "city": "NEW ORLEANS, LA", "zone_code": "HU-RD2", "zone_category": "Residential", "ev_permitted": false}, "geometry": {"type": "Polygon", "coordinates": [[[-90.1173863319896, 29.9239363930411], [-90.1173532896135, 29.9240567371002], [-90.1177212118217, 29.924134527209], [-90.1177542471908, 29.9240148091437], [-90.1173863319896, 29.9239363930411]]]}}, {"type": "Feature", "properties": {"zone_id": "0202EJCOHGR4AB0VPN9L2M", "tract_id": "22071011600", "city": "NEW ORLEANS, LA", "zone_code": "IZD - NON-COMMERCIAL STR SPECIAL EXCEPTION", "zone_category": "Commercial", "ev_permitted": true}, "geometry": {"type": "Polygon", "coordinates": [[[-90.1172417811195, 29.9244914181855], [-90.1172192802851, 29.9245712260327], [-90.1175886625344, 29.9246471551594], [-90.1176111641262, 29.9245673472594], [-90.1172417811195, 29.9244914181855]]]}}, {"type": "Feature", "properties": {"zone_id": "0201LD6G7WAVFW15X1ZTYH", "tract_id": "22071011600", "city": "NEW ORLEANS, LA", "zone_code": "HU-RD2", "zone_category": "Residential", "ev_permitted": false}, "geometry": {"type": "Polygon", "coordinates": [[[-90.1167080822097, 29.924354582012], [-90.1166857407943, 29.9244407375171], [-90.1170551935752, 29.9245148020946], [-90.1170782048644, 29.9244286437017], [-90.1167080822097, 29.924354582012]]]}}, {"type": "Feature", "properties": {"zone_id": "02021NKKDWNZ8OI60P4ABG", "tract_id": "22071011600", "city": "NEW ORLEANS, LA", "zone_code": "HU-RD2", "zone_category": "Residential", "ev_permitted": false}, "geometry": {"type": "Polygon", "coordinates": [[[-90.1167336294564, 29.9242604245209], [-90.1167080822097, 29.924354582012], [-90.1170782048644, 29.9244286437017], [-90.1171030340865, 29.9243344786018], [-90.1167336294564, 29.9242604245209]]]}}, {"type": "Feature", "properties": {"zone_id": "02073J13I3MERNPV06Z6ZK", "tract_id": "22071011600", "city": "NEW ORLEANS, LA", "zone_code": "HU-RD2", "zone_category": "Residential", "ev_permitted": false}, "geometry": {"type": "Polygon", "coordinates": [[[-90.1166857407943, 29.9244407375171], [-90.1166603261831, 29.9245338631736], [-90.1170316044514, 29.9246013719691], [-90.1170551935752, 29.9245148020946], [-90.1166857407943, 29.9244407375171]]]}}, {"type": "Feature", "properties": {"zone_id": "0202J7CCOZR9HV5U4VZV3X", "tract_id": "22071011600", "city": "NEW ORLEANS, LA", "zone_code": "UNIVERSITY AREA OFF-STREET PARKING", "zone_category": "Other", "ev_permitted": false}, "geometry": {"type": "Polygon", "coordinates": [[[-90.1167609079928, 29.9241612062005], [-90.1167336294564, 29.9242604245209], [-90.117102674716, 29.9243344752791], [-90.117130640809, 29.9242337141182], [-90.1167609079928, 29.9241612062005]]]}}, {"type": "Feature", "properties": {"zone_id": "02029P1XHO0HAGAVWKJU37", "tract_id": "22071011600", "city": "NEW ORLEANS, LA", "zone_code": "UNIVERSITY AREA OFF-STREET PARKING", "zone_category": "Other", "ev_permitted": false}, "geometry": {"type": "Polygon", "coordinates": [[[-90.1168941363939, 29.924088793949], [-90.1168686465741, 29.9241823348788], [-90.117130640809, 29.9242337141182], [-90.1171551300369, 29.924140922663], [-90.1168941363939, 29.924088793949]]]}}, {"type": "Feature", "properties": {"zone_id": "0205QEQHH5VQTJAS06IZL4", "tract_id": "22071011600", "city": "NEW ORLEANS, LA", "zone_code": "IZD - BED AND BREAKFAST", "zone_category": "Other", "ev_permitted": false}, "geometry": {"type": "Polygon", "coordinates": [[[-90.116763364307, 29.9240626749729], [-90.1167363878842, 29.9241616678253], [-90.1167595120069, 29.9241662863653], [-90.1167609079928, 29.9241612062005], [-90.1168686465741, 29.9241823348788], [-90.1168941363939, 29.924088793949], [-90.116763364307, 29.9240626749729]]]}}, {"type": "Feature", "properties": {"zone_id": "0205SMTO4PDZUGD4F4VTH1", "tract_id": "22071011600", "city": "NEW ORLEANS, LA", "zone_code": "IZD - NON-COMMERCIAL STR SPECIAL EXCEPTION", "zone_category": "Commercial", "ev_permitted": true}, "geometry": {"type": "Polygon", "coordinates": [[[-90.1164621387307, 29.9249557864525], [-90.116369265921, 29.9252743664017], [-90.1164587413323, 29.9252933225955], [-90.1165523326196, 29.9249747492322], [-90.1164621387307, 29.9249557864525]]]}}, {"type": "Feature", "properties": {"zone_id": "0203I1A0C31WHH3POUJUAB", "tract_id": "22071011600", "city": "NEW ORLEANS, LA", "zone_code": "IZD - NON-COMMERCIAL STR SPECIAL EXCEPTION", "zone_category": "Commercial", "ev_permitted": true}, "geometry": {"type": "Polygon", "coordinates": [[[-90.1161618957232, 29.9249773886693], [-90.1161379508707, 29.9250578082179], [-90.1164156991232, 29.9251153876752], [-90.1164389194578, 29.9250355875222], [-90.1161618957232, 29.9249773886693]]]}}, {"type": "Feature", "properties": {"zone_id": "0201IA2B62BX19KR5EEUOW", "tract_id": "22071011600", "city": "NEW ORLEANS, LA", "zone_code": "IZD - BED AND BREAKFAST", "zone_category": "Other", "ev_permitted": false}, "geometry": {"type": "Polygon", "coordinates": [[[-90.1163304640002, 29.9243067047563], [-90.1162985179281, 29.9244263865407], [-90.1166695019724, 29.9245003066774], [-90.1167013039028, 29.9243807741469], [-90.1163304640002, 29.9243067047563]]]}}, {"type": "Feature", "properties": {"zone_id": "02052IQNJEDB9OJPAPWSTG", "tract_id": "22071011600", "city": "NEW ORLEANS, LA", "zone_code": "IZD - NON-COMMERCIAL STR SPECIAL EXCEPTION", "zone_category": "Commercial", "ev_permitted": true}, "geometry": {"type": "Polygon", "coordinates": [[[-90.1162985179281, 29.9244263865407], [-90.1162651017182, 29.9245467728875], [-90.1166366667569, 29.9246202239155], [-90.1166695019724, 29.9245003066774], [-90.1162985179281, 29.9244263865407]]]}}, {"type": "Feature", "properties": {"zone_id": "020132IJZC9WM2GZ5DPMSS", "tract_id": "22071011600", "city": "NEW ORLEANS, LA", "zone_code": "UNIVERSITY AREA OFF-STREET PARKING", "zone_category": "Other", "ev_permitted": false}, "geometry": {"type": "Polygon", "coordinates": [[[-90.1163560441323, 29.9242112376043], [-90.1163304640002, 29.9243067047563], [-90.1167013039028, 29.9243807741469], [-90.1167268661262, 29.9242853040546], [-90.1163560441323, 29.9242112376043]]]}}, {"type": "Feature", "properties": {"zone_id": "0202JVIX7GBPIEIMOLL9JZ", "tract_id": "22071011600", "city": "NEW ORLEANS, LA", "zone_code": "HU-RD2", "zone_category": "Residential", "ev_permitted": false}, "geometry": {"type": "Polygon", "coordinates": [[[-90.1165523326196, 29.9249747492322], [-90.1165051667679, 29.9251349699131], [-90.1168738110369, 29.9252127690297], [-90.1169209752979, 29.9250525482087], [-90.1165523326196, 29.9249747492322]]]}}, {"type": "Feature", "properties": {"zone_id": "0202VF2TZTKK5J14TQSSNJ", "tract_id": "22071011600", "city": "NEW ORLEANS, LA", "zone_code": "IZD - NON-COMMERCIAL STR SPECIAL EXCEPTION", "zone_category": "Commercial", "ev_permitted": true}, "geometry": {"type": "Polygon", "coordinates": [[[-90.1161379508707, 29.9250578082179], [-90.1161147455276, 29.9251363588733], [-90.1163924863518, 29.9251945644543], [-90.1164156991232, 29.9251153876752], [-90.1161379508707, 29.9250578082179]]]}}, {"type": "Feature", "properties": {"zone_id": "02005JMM6VY7UYJBBD090H", "tract_id": "22071011600", "city": "NEW ORLEANS, LA", "zone_code": "UNIVERSITY AREA OFF-STREET PARKING", "zone_category": "Other", "ev_permitted": false}, "geometry": {"type": "Polygon", "coordinates": [[[-90.1161851162506, 29.9248975867554], [-90.1161618957232, 29.9249773886693], [-90.1164389194578, 29.9250355875222], [-90.1164621387307, 29.9249557864525], [-90.1161851162506, 29.9248975867554]]]}}, {"type": "Feature", "properties": {"zone_id": "02020B9RK6YXO5NYGLQUOS", "tract_id": "22071011600", "city": "NEW ORLEANS, LA", "zone_code": "HU-RD2", "zone_category": "Residential", "ev_permitted": false}, "geometry": {"type": "Polygon", "coordinates": [[[-90.1162651017182, 29.9245467728875], [-90.1162335008271, 29.9246665047633], [-90.1166043409589, 29.9247405744142], [-90.1166366667569, 29.9246202239155], [-90.1162651017182, 29.9245467728875]]]}}, {"type": "Feature", "properties": {"zone_id": "0206MUFC3FIL1BU9URSS5L", "tract_id": "22071011600", "city": "NEW ORLEANS, LA", "zone_code": "HU-RD2", "zone_category": "Residential", "ev_permitted": false}, "geometry": {"type": "Polygon", "coordinates": [[[-90.1162335008271, 29.9246665047633], [-90.1162011821516, 29.9247862299889], [-90.1165713050062, 29.924860292189], [-90.1166043409589, 29.9247405744142], [-90.1162335008271, 29.9246665047633]]]}}, {"type": "Feature", "properties": {"zone_id": "0205GQ9JJIFPCYH7P2E8YS", "tract_id": "22071011600", "city": "NEW ORLEANS, LA", "zone_code": "IZD - NON-COMMERCIAL STR SPECIAL EXCEPTION", "zone_category": "Commercial", "ev_permitted": true}, "geometry": {"type": "Polygon", "coordinates": [[[-90.1156446595128, 29.9248142111207], [-90.1156191634524, 29.9249039921715], [-90.1159892720865, 29.9249793072662], [-90.1160140425101, 29.924890143774], [-90.1156446595128, 29.9248142111207]]]}}, {"type": "Feature", "properties": {"zone_id": "02052CCR7V65H76H5O6H4W", "tract_id": "22071011600", "city": "NEW ORLEANS, LA", "zone_code": "UNIVERSITY AREA OFF-STREET PARKING", "zone_category": "Other", "ev_permitted": false}, "geometry": {"type": "Polygon", "coordinates": [[[-90.1156191634524, 29.9249039921715], [-90.1155846232316, 29.9250293229768], [-90.1155689051735, 29.9250823123666], [-90.1159382967196, 29.9251576209589], [-90.115963067222, 29.9250684583805], [-90.1159892720865, 29.9249793072662], [-90.1156191634524, 29.9249039921715]]]}}, {"type": "Feature", "properties": {"zone_id": "0202VARYW1ENF59TLFJZGG", "tract_id": "22071011600", "city": "NEW ORLEANS, LA", "zone_code": "IZD - BED AND BREAKFAST", "zone_category": "Other", "ev_permitted": false}, "geometry": {"type": "Polygon", "coordinates": [[[-90.1155530315709, 29.9247952335374], [-90.1154915673004, 29.9250097077919], [-90.1155846232316, 29.9250293229768], [-90.1156446595128, 29.9248142111207], [-90.1155530315709, 29.9247952335374]]]}}, {"type": "Feature", "properties": {"zone_id": "02051T8XS6PVWISDXSH7HB", "tract_id": "22071011600", "city": "NEW ORLEANS, LA", "zone_code": "UNIVERSITY AREA OFF-STREET PARKING", "zone_category": "Other", "ev_permitted": false}, "geometry": {"type": "Polygon", "coordinates": [[[-90.1160184476668, 29.9244701009912], [-90.1159462744618, 29.9247388617406], [-90.1160386201461, 29.9247578447896], [-90.116110785492, 29.9244897091636], [-90.1160184476668, 29.9244701009912]]]}}, {"type": "Feature", "properties": {"zone_id": "0207FNSIZXT6K3RW049OUO", "tract_id": "22071011600", "city": "NEW ORLEANS, LA", "zone_code": "HU-RD2", "zone_category": "Residential", "ev_permitted": false}, "geometry": {"type": "Polygon", "coordinates": [[[-90.1159254070036, 29.9244506288011], [-90.1158538364705, 29.9247196368771], [-90.1159462744618, 29.9247388617406], [-90.1160184476668, 29.9244701009912], [-90.1159254070036, 29.9244506288011]]]}}, {"type": "Feature", "properties": {"zone_id": "0206MEX4XUCTZV3KNCKUFU", "tract_id": "22071011600", "city": "NEW ORLEANS, LA", "zone_code": "UNIVERSITY AREA OFF-STREET PARKING", "zone_category": "Other", "ev_permitted": false}, "geometry": {"type": "Polygon", "coordinates": [[[-90.1160906118232, 29.9242019653568], [-90.1160184476668, 29.9244701009912], [-90.116110785492, 29.9244897091636], [-90.1161822393337, 29.924220941665], [-90.1160906118232, 29.9242019653568]]]}}, {"type": "Feature", "properties": {"zone_id": "0201NRBA74YSA03ZEH0UID", "tract_id": "22071011600", "city": "NEW ORLEANS, LA", "zone_code": "IZD - BED AND BREAKFAST", "zone_category": "Other", "ev_permitted": false}, "geometry": {"type": "Polygon", "coordinates": [[[-90.1163886883597, 29.9240922199869], [-90.1163560441323, 29.9242112376043], [-90.1167268661262, 29.9242853040546], [-90.1167595120069, 29.9241662863653], [-90.1163886883597, 29.9240922199869]]]}}, {"type": "Feature", "properties": {"zone_id": "0204RH9FSMRP4P1CDZ0L3E", "tract_id": "22071011600", "city": "NEW ORLEANS, LA", "zone_code": "IZD - BED AND BREAKFAST", "zone_category": "Other", "ev_permitted": false}, "geometry": {"type": "Polygon", "coordinates": [[[-90.1164156661441, 29.9239932272144], [-90.1163886883597, 29.9240922199869], [-90.1167363878842, 29.9241616678253], [-90.116763364307, 29.9240626749729], [-90.1164156661441, 29.9239932272144]]]}}, {"type": "Feature", "properties": {"zone_id": "0206771ZET19GROA4NBFN9", "tract_id": "22071011600", "city": "NEW ORLEANS, LA", "zone_code": "IZD - BED AND BREAKFAST", "zone_category": "Other", "ev_permitted": false}, "geometry": {"type": "Polygon", "coordinates": [[[-90.1159052124555, 29.924163367458], [-90.1158337644993, 29.9244315096252], [-90.1159254070036, 29.9244506288011], [-90.1159975489391, 29.924182975701], [-90.1159052124555, 29.924163367458]]]}}, {"type": "Feature", "properties": {"zone_id": "0200RLEJCJ6S0JYA49SOB6", "tract_id": "22071011600", "city": "NEW ORLEANS, LA", "zone_code": "IZD - NON-COMMERCIAL STR SPECIAL EXCEPTION", "zone_category": "Commercial", "ev_permitted": true}, "geometry": {"type": "Polygon", "coordinates": [[[-90.1157414191559, 29.9244125264315], [-90.1156692539092, 29.9246806618672], [-90.115761599487, 29.9246996451109], [-90.1158337644993, 29.9244315096252], [-90.1157414191559, 29.9244125264315]]]}}, {"type": "Feature", "properties": {"zone_id": "02072K6KSG7G2RJM0T2DLZ", "tract_id": "22071011600", "city": "NEW ORLEANS, LA", "zone_code": "IZD - NON-COMMERCIAL STR SPECIAL EXCEPTION", "zone_category": "Commercial", "ev_permitted": true}, "geometry": {"type": "Polygon", "coordinates": [[[-90.1158337644993, 29.9244315096252], [-90.115761599487, 29.9246996451109], [-90.1158538364705, 29.9247196368771], [-90.1159254070036, 29.9244506288011], [-90.1158337644993, 29.9244315096252]]]}}, {"type": "Feature", "properties": {"zone_id": "0200KOI4AFRUM8NZSHTX37", "tract_id": "22071011600", "city": "NEW ORLEANS, LA", "zone_code": "HU-RD2", "zone_category": "Residential", "ev_permitted": false}, "geometry": {"type": "Polygon", "coordinates": [[[-90.1159975489391, 29.924182975701], [-90.1159254070036, 29.9244506288011], [-90.1160184476668, 29.9244701009912], [-90.1160906118232, 29.9242019653568], [-90.1159975489391, 29.924182975701]]]}}, {"type": "Feature", "properties": {"zone_id": "0204GFBC4NKGCRRSQ0AWF9", "tract_id": "22071011600", "city": "NEW ORLEANS, LA", "zone_code": "UNIVERSITY AREA OFF-STREET PARKING", "zone_category": "Other", "ev_permitted": false}, "geometry": {"type": "Polygon", "coordinates": [[[-90.1152443346393, 29.9244510572037], [-90.1152082518952, 29.9245851252465], [-90.1154845628701, 29.9246426942831], [-90.1155206462885, 29.9245086270772], [-90.1152443346393, 29.9244510572037]]]}}, {"type": "Feature", "properties": {"zone_id": "0202QBZN9BCNE3NQDHC1WQ", "tract_id": "22071011600", "city": "NEW ORLEANS, LA", "zone_code": "IZD - NON-COMMERCIAL STR SPECIAL EXCEPTION", "zone_category": "Commercial", "ev_permitted": true}, "geometry": {"type": "Polygon", "coordinates": [[[-90.1152804295193, 29.9243161565057], [-90.1152443346393, 29.9244510572037], [-90.1155206462885, 29.9245086270772], [-90.1155567362131, 29.9243739337742], [-90.1152804295193, 29.9243161565057]]]}}, {"type": "Feature", "properties": {"zone_id": "02005QCEKSH8FHC42615EU", "tract_id": "22071011600", "city": "NEW ORLEANS, LA", "zone_code": "IZD - NON-COMMERCIAL STR SPECIAL EXCEPTION", "zone_category": "Commercial", "ev_permitted": true}, "geometry": {"type": "Polygon", "coordinates": [[[-90.1156497767329, 29.9243934062253], [-90.1155776260742, 29.9246616852028], [-90.1156692539092, 29.9246806618672], [-90.1157414191559, 29.9244125264315], [-90.1156497767329, 29.9243934062253]]]}}, {"type": "Feature", "properties": {"zone_id": "0207HOKVX3X5B9Z2JND5Q5", "tract_id": "22071011600", "city": "NEW ORLEANS, LA", "zone_code": "HU-RD2", "zone_category": "Residential", "ev_permitted": false}, "geometry": {"type": "Polygon", "coordinates": [[[-90.1155567362131, 29.9243739337742], [-90.1154845628701, 29.9246426942831], [-90.1155776260742, 29.9246616852028], [-90.1156497767329, 29.9243934062253], [-90.1155567362131, 29.9243739337742]]]}}, {"type": "Feature", "properties": {"zone_id": "0204YD2IV29KX6DDGS5YDE", "tract_id": "22071011600", "city": "NEW ORLEANS, LA", "zone_code": "IZD - BED AND BREAKFAST", "zone_category": "Other", "ev_permitted": false}, "geometry": {"type": "Polygon", "coordinates": [[[-90.1157212399876, 29.924125406846], [-90.1156497767329, 29.9243934062253], [-90.1157414191559, 29.9244125264315], [-90.1158135850616, 29.9241443900545], [-90.1157212399876, 29.924125406846]]]}}, {"type": "Feature", "properties": {"zone_id": "020357A53HL4VFC7DGRP0O", "tract_id": "22071011600", "city": "NEW ORLEANS, LA", "zone_code": "IZD - BED AND BREAKFAST", "zone_category": "Other", "ev_permitted": false}, "geometry": {"type": "Polygon", "coordinates": [[[-90.1158135850616, 29.9241443900545], [-90.1157414191559, 29.9244125264315], [-90.1158337644993, 29.9244315096252], [-90.1159052124555, 29.924163367458], [-90.1158135850616, 29.9241443900545]]]}}, {"type": "Feature", "properties": {"zone_id": "02010UNWIMW1KDFT79BNOF", "tract_id": "22071011600", "city": "NEW ORLEANS, LA", "zone_code": "HU-RD2", "zone_category": "Residential", "ev_permitted": false}, "geometry": {"type": "Polygon", "coordinates": [[[-90.1156281838367, 29.9241057917459], [-90.1155567362131, 29.9243739337742], [-90.1156497767329, 29.9243934062253], [-90.1157212399876, 29.924125406846], [-90.1156281838367, 29.9241057917459]]]}}, {"type": "Feature", "properties": {"zone_id": "02022N73HFETVDDYVKRI9W", "tract_id": "22071011600", "city": "NEW ORLEANS, LA", "zone_code": "UNIVERSITY AREA OFF-STREET PARKING", "zone_category": "Other", "ev_permitted": false}, "geometry": {"type": "Polygon", "coordinates": [[[-90.1155365565372, 29.9240868150514], [-90.1154643909757, 29.9243549503859], [-90.1155567362131, 29.9243739337742], [-90.1156281838367, 29.9241057917459], [-90.1155365565372, 29.9240868150514]]]}}, {"type": "Feature", "properties": {"zone_id": "0204PFWZ64MZM1KKYWL3AE", "tract_id": "22071011600", "city": "NEW ORLEANS, LA", "zone_code": "IZD - NON-COMMERCIAL STR SPECIAL EXCEPTION", "zone_category": "Commercial", "ev_permitted": true}, "geometry": {"type": "Polygon", "coordinates": [[[-90.1154442126048, 29.9240678316578], [-90.1153727634786, 29.924335973578], [-90.1154643909757, 29.9243549503859], [-90.1155365565372, 29.9240868150514], [-90.1154442126048, 29.9240678316578]]]}}, {"type": "Feature", "properties": {"zone_id": "0202CTBKIV58DOS6IKDMQR", "tract_id": "22071011600", "city": "NEW ORLEANS, LA", "zone_code": "UNIVERSITY AREA OFF-STREET PARKING", "zone_category": "Other", "ev_permitted": false}, "geometry": {"type": "Polygon", "coordinates": [[[-90.115352593004, 29.9240482296619], [-90.1152804295193, 29.9243161565057], [-90.1153727634786, 29.924335973578], [-90.1154442126048, 29.9240678316578], [-90.115352593004, 29.9240482296619]]]}}, {"type": "Feature", "properties": {"zone_id": "0204FF8RBNC22E1BML0FPP", "tract_id": "22071011600", "city": "NEW ORLEANS, LA", "zone_code": "IZD - BED AND BREAKFAST", "zone_category": "Other", "ev_permitted": false}, "geometry": {"type": "Polygon", "coordinates": [[[-90.1204930851135, 29.9236950213219], [-90.120462677147, 29.9237760072889], [-90.1207329977462, 29.9238541385949], [-90.1207619321391, 29.9237762652027], [-90.1204930851135, 29.9236950213219]]]}}, {"type": "Feature", "properties": {"zone_id": "0203BT6ENV4EUU0KNT7ORP", "tract_id": "22071011600", "city": "NEW ORLEANS, LA", "zone_code": "IZD - BED AND BREAKFAST", "zone_category": "Other", "ev_permitted": false}, "geometry": {"type": "Polygon", "coordinates": [[[-90.1203326193684, 29.9238485723632], [-90.1202992123187, 29.923940157072], [-90.120658955137, 29.9240416191694], [-90.1206937973072, 29.9239500467007], [-90.1203326193684, 29.9238485723632]]]}}, {"type": "Feature", "properties": {"zone_id": "0201DOE973M80XP4MT0CAL", "tract_id": "22071011600", "city": "NEW ORLEANS, LA", "zone_code": "IZD - BED AND BREAKFAST", "zone_category": "Other", "ev_permitted": false}, "geometry": {"type": "Polygon", "coordinates": [[[-90.120153110503, 29.9237975326103], [-90.1200811201627, 29.9239931572585], [-90.1202606379658, 29.9240435728465], [-90.1203326193684, 29.9238485723632], [-90.120153110503, 29.9237975326103]]]}}, {"type": "Feature", "properties": {"zone_id": "02006B07B9GREP4JV0YS3K", "tract_id": "22071011600", "city": "NEW ORLEANS, LA", "zone_code": "IZD - BED AND BREAKFAST", "zone_category": "Other", "ev_permitted": false}, "geometry": {"type": "Polygon", "coordinates": [[[-90.1205227449553, 29.9236165285223], [-90.1204930851135, 29.9236950213219], [-90.1207619321391, 29.9237762652027], [-90.1207915983419, 29.9236971480622], [-90.1205227449553, 29.9236165285223]]]}}, {"type": "Feature", "properties": {"zone_id": "0200C7EYSI2CBEDCDQ2E8W", "tract_id": "22071011600", "city": "NEW ORLEANS, LA", "zone_code": "IZD - NON-COMMERCIAL STR SPECIAL EXCEPTION", "zone_category": "Commercial", "ev_permitted": true}, "geometry": {"type": "Polygon", "coordinates": [[[-90.1204684884387, 29.9234985050214], [-90.1204333679791, 29.9235894496266], [-90.1207915983419, 29.9236971480622], [-90.1208264337112, 29.9236062007375], [-90.1204684884387, 29.9234985050214]]]}}, {"type": "Feature", "properties": {"zone_id": "02068FBTV39HHQK0SI4LU3", "tract_id": "22071011600", "city": "NEW ORLEANS, LA", "zone_code": "IZD - BED AND BREAKFAST", "zone_category": "Other", "ev_permitted": false}, "geometry": {"type": "Polygon", "coordinates": [[[-90.1205023194618, 29.9234075485177], [-90.1204684884387, 29.9234985050214], [-90.1208264337112, 29.9236062007375], [-90.1208605492351, 29.9235152476703], [-90.1205023194618, 29.9234075485177]]]}}, {"type": "Feature", "properties": {"zone_id": "0201AMLT7VCTGN3SFWKK5A", "tract_id": "22071011600", "city": "NEW ORLEANS, LA", "zone_code": "HU-RD2", "zone_category": "Residential", "ev_permitted": false}, "geometry": {"type": "Polygon", "coordinates": [[[-90.1201488655937, 29.9232611363414], [-90.1200114282574, 29.9236455709922], [-90.1201923493834, 29.9236984996981], [-90.1203398849723, 29.9233097821825], [-90.1201488655937, 29.9232611363414]]]}}, {"type": "Feature", "properties": {"zone_id": "0205OHBFSO6YFBKZJ4BHOX", "tract_id": "22071011600", "city": "NEW ORLEANS, LA", "zone_code": "IZD - BED AND BREAKFAST", "zone_category": "Other", "ev_permitted": false}, "geometry": {"type": "Polygon", "coordinates": [[[-90.1203398849723, 29.9233097821825], [-90.1201923493834, 29.9236984996981], [-90.1202824582534, 29.9237243350188], [-90.120430741605, 29.9233331242288], [-90.1203398849723, 29.9233097821825]]]}}, {"type": "Feature", "properties": {"zone_id": "0206YZF6BRNPMTFOO21FXO", "tract_id": "22071011600", "city": "NEW ORLEANS, LA", "zone_code": "HU-RD2", "zone_category": "Residential", "ev_permitted": false}, "geometry": {"type": "Polygon", "coordinates": [[[-90.1204018298629, 29.9234091229339], [-90.1202824582534, 29.9237243350188], [-90.1203725681947, 29.9237501711895], [-90.120492679004, 29.9234330901107], [-90.1204018298629, 29.9234091229339]]]}}, {"type": "Feature", "properties": {"zone_id": "020383GMIOILYX491AZCI1", "tract_id": "22071011600", "city": "NEW ORLEANS, LA", "zone_code": "IZD - BED AND BREAKFAST", "zone_category": "Other", "ev_permitted": false}, "geometry": {"type": "Polygon", "coordinates": [[[-90.1204333679791, 29.9235894496266], [-90.1203725681947, 29.9237501711895], [-90.120462677147, 29.9237760072889], [-90.1205227449553, 29.9236165285223], [-90.1204333679791, 29.9235894496266]]]}}, {"type": "Feature", "properties": {"zone_id": "0206SFXQYIQUQDHVRPJOLT", "tract_id": "22071011600", "city": "NEW ORLEANS, LA", "zone_code": "HU-RD2", "zone_category": "Residential", "ev_permitted": false}, "geometry": {"type": "Polygon", "coordinates": [[[-90.1198039349406, 29.9237124193273], [-90.119707055518, 29.9241253583596], [-90.1198430362292, 29.9241559938903], [-90.1199728841309, 29.9237464850899], [-90.1198039349406, 29.9237124193273]]]}}, {"type": "Feature", "properties": {"zone_id": "0203VS3WAS0OY1SO4YT8GC", "tract_id": "22071011600", "city": "NEW ORLEANS, LA", "zone_code": "HU-RD2", "zone_category": "Residential", "ev_permitted": false}, "geometry": {"type": "Polygon", "coordinates": [[[-90.1199728841309, 29.9237464850899], [-90.1198564533562, 29.9241148588002], [-90.1200159470247, 29.92415946461], [-90.1200811201627, 29.9239931572585], [-90.120153110503, 29.9237975326103], [-90.1199728841309, 29.9237464850899]]]}}, {"type": "Feature", "properties": {"zone_id": "02070HJ56CKWMQ4610VC8X", "tract_id": "22071011600", "city": "NEW ORLEANS, LA", "zone_code": "HU-RD2", "zone_category": "Residential", "ev_permitted": false}, "geometry": {"type": "Polygon", "coordinates": [[[-90.1194502865121, 29.9236410182945], [-90.1194262447725, 29.9237295638976], [-90.119783511364, 29.9237984982984], [-90.1198039349406, 29.9237124193273], [-90.1194502865121, 29.9236410182945]]]}}, {"type": "Feature", "properties": {"zone_id": "02063JDC5TGWQYXYHFUGY7", "tract_id": "22071011600", "city": "NEW ORLEANS, LA", "zone_code": "IZD - NON-COMMERCIAL STR SPECIAL EXCEPTION", "zone_category": "Commercial", "ev_permitted": true}, "geometry": {"type": "Polygon", "coordinates": [[[-90.1194262447725, 29.9237295638976], [-90.119397716399, 29.9238330712332], [-90.1197592722712, 29.9239032966683], [-90.119783511364, 29.9237984982984], [-90.1194262447725, 29.9237295638976]]]}}, {"type": "Feature", "properties": {"zone_id": "02036VHPIFHDU3HLLDOGX9", "tract_id": "22071011600", "city": "NEW ORLEANS, LA", "zone_code": "IZD - BED AND BREAKFAST", "zone_category": "Other", "ev_permitted": false}, "geometry": {"type": "Polygon", "coordinates": [[[-90.119397716399, 29.9238330712332], [-90.1193691782803, 29.9239372046177], [-90.1197343088804, 29.9240087117899], [-90.1197592722712, 29.9239032966683], [-90.119397716399, 29.9238330712332]]]}}, {"type": "Feature", "properties": {"zone_id": "0207ECY9MZ8URNG2TKBHX4", "tract_id": "22071011600", "city": "NEW ORLEANS, LA", "zone_code": "IZD - BED AND BREAKFAST", "zone_category": "Other", "ev_permitted": false}, "geometry": {"type": "Polygon", "coordinates": [[[-90.1198365675137, 29.9232713831315], [-90.1197465453766, 29.9235924917903], [-90.1198396236249, 29.9236102284482], [-90.119923903894, 29.9232890667635], [-90.1198365675137, 29.9232713831315]]]}}, {"type": "Feature", "properties": {"zone_id": "0207EF3268638J3NR7EO2T", "tract_id": "22071011600", "city": "NEW ORLEANS, LA", "zone_code": "IZD - BED AND BREAKFAST", "zone_category": "Other", "ev_permitted": false}, "geometry": {"type": "Polygon", "coordinates": [[[-90.1199449689423, 29.9232092461212], [-90.1198396236249, 29.9236102284482], [-90.1199319700301, 29.9236292096786], [-90.1200336798978, 29.9232319434077], [-90.1199449689423, 29.9232092461212]]]}}, {"type": "Feature", "properties": {"zone_id": "0205WOL04N7G26WZ6F0WC2", "tract_id": "22071011600", "city": "NEW ORLEANS, LA", "zone_code": "HU-RD2", "zone_category": "Residential", "ev_permitted": false}, "geometry": {"type": "Polygon", "coordinates": [[[-90.1200336798978, 29.9232319434077], [-90.1199319700301, 29.9236292096786], [-90.1200114282574, 29.9236455709922], [-90.1201488655937, 29.9232611363414], [-90.1200336798978, 29.9232319434077]]]}}, {"type": "Feature", "properties": {"zone_id": "0202R4PBA5IPU4YNYPJE4F", "tract_id": "22071011600", "city": "NEW ORLEANS, LA", "zone_code": "IZD - BED AND BREAKFAST", "zone_category": "Other", "ev_permitted": false}, "geometry": {"type": "Polygon", "coordinates": [[[-90.1196518709309, 29.9232340465744], [-90.1195618558248, 29.923554530837], [-90.1197465453766, 29.9235924917903], [-90.1198365675137, 29.9232713831315], [-90.1196518709309, 29.9232340465744]]]}}, {"type": "Feature", "properties": {"zone_id": "0201NHQ2Z37SWS2TCAOGFA", "tract_id": "22071011600", "city": "NEW ORLEANS, LA", "zone_code": "IZD - BED AND BREAKFAST", "zone_category": "Other", "ev_permitted": false}, "geometry": {"type": "Polygon", "coordinates": [[[-90.120460416571, 29.9232533819944], [-90.1204018298629, 29.9234091229339], [-90.120492679004, 29.9234330901107], [-90.1205023194618, 29.9234075485177], [-90.1208605492351, 29.9235152476703], [-90.1209198529994, 29.9233595122414], [-90.1205651655865, 29.9232555982671], [-90.1205505099051, 29.9232804683825], [-90.120460416571, 29.9232533819944]]]}}, {"type": "Feature", "properties": {"zone_id": "0200MKBZ7D639NAERKDQC8", "tract_id": "22071011600", "city": "NEW ORLEANS, LA", "zone_code": "IZD - NON-COMMERCIAL STR SPECIAL EXCEPTION", "zone_category": "Commercial", "ev_permitted": true}, "geometry": {"type": "Polygon", "coordinates": [[[-90.1205397324318, 29.9230453216026], [-90.1204693458723, 29.9232272095047], [-90.120460416571, 29.9232533819944], [-90.1205505099051, 29.9232804683825], [-90.1205651655865, 29.9232555982671], [-90.1209198529994, 29.9233595122414], [-90.1209895276809, 29.9231769932057], [-90.1205397324318, 29.9230453216026]]]}}, {"type": "Feature", "properties": {"zone_id": "02019389O8OKW9VUPZVOWF", "tract_id": "22071011600", "city": "NEW ORLEANS, LA", "zone_code": "HU-RD2", "zone_category": "Residential", "ev_permitted": false}, "geometry": {"type": "Polygon", "coordinates": [[[-90.1203995381894, 29.9228889982988], [-90.1202821422312, 29.9231795075812], [-90.1201869790982, 29.9231550583785], [-90.1201488655937, 29.9232611363414], [-90.120430741605, 29.9233331242288], [-90.1204693458723, 29.9232272095047], [-90.1205797480504, 29.9229412946855], [-90.1203995381894, 29.9228889982988]]]}}, {"type": "Feature", "properties": {"zone_id": "0202GIJZKNQ60W4DGV3MPH", "tract_id": "22071011600", "city": "NEW ORLEANS, LA", "zone_code": "UNIVERSITY AREA OFF-STREET PARKING", "zone_category": "Other", "ev_permitted": false}, "geometry": {"type": "Polygon", "coordinates": [[[-90.1205797480504, 29.9229412946855], [-90.1205397324318, 29.9230453216026], [-90.1209895276809, 29.9231769932057], [-90.1210288186184, 29.9230735856246], [-90.1205797480504, 29.9229412946855]]]}}, {"type": "Feature", "properties": {"zone_id": "0205YSRRBY8T66RKOASI86", "tract_id": "22071011600", "city": "NEW ORLEANS, LA", "zone_code": "IZD - BED AND BREAKFAST", "zone_category": "Other", "ev_permitted": false}, "geometry": {"type": "Polygon", "coordinates": [[[-90.1202937046425, 29.9228580160918], [-90.1201869790982, 29.9231550583785], [-90.1202821422312, 29.9231795075812], [-90.1203995381894, 29.9228889982988], [-90.1202937046425, 29.9228580160918]]]}}, {"type": "Feature", "properties": {"zone_id": "0205M86GB34U6XNGPP0JC3", "tract_id": "22071011600", "city": "NEW ORLEANS, LA", "zone_code": "IZD - NON-COMMERCIAL STR SPECIAL EXCEPTION", "zone_category": "Commercial", "ev_permitted": true}, "geometry": {"type": "Polygon", "coordinates": [[[-90.1201376418385, 29.9228265714519], [-90.1200336798978, 29.9232319434077], [-90.1201488655937, 29.9232611363414], [-90.1202937046425, 29.9228580160918], [-90.1201376418385, 29.9228265714519]]]}}, {"type": "Feature", "properties": {"zone_id": "0206FQTF2DX3GARCJ04494", "tract_id": "22071011600", "city": "NEW ORLEANS, LA", "zone_code": "HU-RD2", "zone_category": "Residential", "ev_permitted": false}, "geometry": {"type": "Polygon", "coordinates": [[[-90.1195595249336, 29.9232150660486], [-90.1194695105838, 29.9235355502583], [-90.1195618558248, 29.923554530837], [-90.1196518709309, 29.9232340465744], [-90.1195595249336, 29.9232150660486]]]}}, {"type": "Feature", "properties": {"zone_id": "0200NCQIE4NUVDAHZESVAY", "tract_id": "22071011600", "city": "NEW ORLEANS, LA", "zone_code": "IZD - NON-COMMERCIAL STR SPECIAL EXCEPTION", "zone_category": "Commercial", "ev_permitted": true}, "geometry": {"type": "Polygon", "coordinates": [[[-90.1196045242841, 29.9230554495403], [-90.1195813069299, 29.9231352511745], [-90.1199449689423, 29.9232092461212], [-90.1199660405322, 29.9231287993896], [-90.1196045242841, 29.9230554495403]]]}}, {"type": "Feature", "properties": {"zone_id": "0206W70FTEO1TZD61ENCP4", "tract_id": "22071011600", "city": "NEW ORLEANS, LA", "zone_code": "HU-RD2", "zone_category": "Residential", "ev_permitted": false}, "geometry": {"type": "Polygon", "coordinates": [[[-90.1195813069299, 29.9231352511745], [-90.1195595249336, 29.9232150660486], [-90.119923903894, 29.9232890667635], [-90.1199449689423, 29.9232092461212], [-90.1195813069299, 29.9231352511745]]]}}, {"type": "Feature", "properties": {"zone_id": "02072YW611TY7VUKISO5TH", "tract_id": "22071011600", "city": "NEW ORLEANS, LA", "zone_code": "IZD - NON-COMMERCIAL STR SPECIAL EXCEPTION", "zone_category": "Commercial", "ev_permitted": true}, "geometry": {"type": "Polygon", "coordinates": [[[-90.1200488780461, 29.9228082486457], [-90.1199449689423, 29.9232092461212], [-90.1200336798978, 29.9232319434077], [-90.1201376418385, 29.9228265714519], [-90.1200488780461, 29.9228082486457]]]}}, {"type": "Feature", "properties": {"zone_id": "0207G0H7YIFRTJRTZVDWR4", "tract_id": "22071011600", "city": "NEW ORLEANS, LA", "zone_code": "UNIVERSITY AREA OFF-STREET PARKING", "zone_category": "Other", "ev_permitted": false}, "geometry": {"type": "Polygon", "coordinates": [[[-90.1196938124608, 29.9227355846726], [-90.1196713129361, 29.9228153938497], [-90.1200285308497, 29.9228880768305], [-90.1200488780461, 29.9228082486457], [-90.1196938124608, 29.9227355846726]]]}}, {"type": "Feature", "properties": {"zone_id": "020125HXFNRRXSSGG3OSA3", "tract_id": "22071011600", "city": "NEW ORLEANS, LA", "zone_code": "UNIVERSITY AREA OFF-STREET PARKING", "zone_category": "Other", "ev_permitted": false}, "geometry": {"type": "Polygon", "coordinates": [[[-90.1196713129361, 29.9228153938497], [-90.1196488133863, 29.9228952021201], [-90.1200074669498, 29.9229678993032], [-90.1200285308497, 29.9228880768305], [-90.1196713129361, 29.9228153938497]]]}}, {"type": "Feature", "properties": {"zone_id": "0202W1MCZ9D0QWCV33651Q", "tract_id": "22071011600", "city": "NEW ORLEANS, LA", "zone_code": "IZD - NON-COMMERCIAL STR SPECIAL EXCEPTION", "zone_category": "Commercial", "ev_permitted": true}, "geometry": {"type": "Polygon", "coordinates": [[[-90.1196488133863, 29.9228952021201], [-90.1196263138006, 29.9229750103857], [-90.1199863943917, 29.9230483460336], [-90.1200074669498, 29.9229678993032], [-90.1196488133863, 29.9228952021201]]]}}, {"type": "Feature", "properties": {"zone_id": "0207MMI68LFD4TB0ZM13O5", "tract_id": "22071011600", "city": "NEW ORLEANS, LA", "zone_code": "IZD - COMMERCIAL SHORT TERM RENTAL", "zone_category": "Other", "ev_permitted": false}, "geometry": {"type": "Polygon", "coordinates": [[[-90.1196263138006, 29.9229750103857], [-90.1196045242841, 29.9230554495403], [-90.1199660405322, 29.9231287993896], [-90.1199863943917, 29.9230483460336], [-90.1196263138006, 29.9229750103857]]]}}, {"type": "Feature", "properties": {"zone_id": "0207GCD1DF3HJYHVE0CJBC", "tract_id": "22071011600", "city": "NEW ORLEANS, LA", "zone_code": "IZD - BED AND BREAKFAST", "zone_category": "Other", "ev_permitted": false}, "geometry": {"type": "Polygon", "coordinates": [[[-90.1188469090883, 29.9238636195764], [-90.1188251197743, 29.9239440595045], [-90.1191944781207, 29.9240218587465], [-90.1192148037741, 29.9239425131869], [-90.1188469090883, 29.9238636195764]]]}}, {"type": "Feature", "properties": {"zone_id": "0202IP4UO7FCQ6SOXI093R", "tract_id": "22071011600", "city": "NEW ORLEANS, LA", "zone_code": "UNIVERSITY AREA OFF-STREET PARKING", "zone_category": "Other", "ev_permitted": false}, "geometry": {"type": "Polygon", "coordinates": [[[-90.1188904755154, 29.9237039891807], [-90.1188469090883, 29.9238636195764], [-90.1192148037741, 29.9239425131869], [-90.1192591163475, 29.9237817825294], [-90.1188904755154, 29.9237039891807]]]}}, {"type": "Feature", "properties": {"zone_id": "0201ECFOIVSOAZPUDWMII0", "tract_id": "22071011600", "city": "NEW ORLEANS, LA", "zone_code": "HU-RD2", "zone_category": "Residential", "ev_permitted": false}, "geometry": {"type": "Polygon", "coordinates": [[[-90.1189873607571, 29.9233498137423], [-90.1189648529338, 29.9234302470637], [-90.1193327447197, 29.923510532473], [-90.1193552446608, 29.9234307242631], [-90.1189873607571, 29.9233498137423]]]}}, {"type": "Feature", "properties": {"zone_id": "02009SY7F3EIS91PGGJFQF", "tract_id": "22071011600", "city": "NEW ORLEANS, LA", "zone_code": "IZD - BED AND BREAKFAST", "zone_category": "Other", "ev_permitted": false}, "geometry": {"type": "Polygon", "coordinates": [[[-90.1190428518567, 29.9235666197358], [-90.1189992791848, 29.9237268735637], [-90.1192591163475, 29.9237817825294], [-90.1193034063376, 29.9236215343382], [-90.1190428518567, 29.9235666197358]]]}}, {"type": "Feature", "properties": {"zone_id": "0205PIJTLNKSBRYJ6NKGG5", "tract_id": "22071011600", "city": "NEW ORLEANS, LA", "zone_code": "IZD - NON-COMMERCIAL STR SPECIAL EXCEPTION", "zone_category": "Commercial", "ev_permitted": true}, "geometry": {"type": "Polygon", "coordinates": [[[-90.118934048352, 29.9235437353884], [-90.1188904755154, 29.9237039891807], [-90.1189992791848, 29.9237268735637], [-90.1190428518567, 29.9235666197358], [-90.118934048352, 29.9235437353884]]]}}, {"type": "Feature", "properties": {"zone_id": "0203SFAOTCKETA88PHVGEB", "tract_id": "22071011600", "city": "NEW ORLEANS, LA", "zone_code": "UNIVERSITY AREA OFF-STREET PARKING", "zone_category": "Other", "ev_permitted": false}, "geometry": {"type": "Polygon", "coordinates": [[[-90.1184572039927, 29.9238656463961], [-90.1184244318247, 29.9239865345453], [-90.1187928110131, 29.9240631601949], [-90.1188251197743, 29.9239440595045], [-90.1184572039927, 29.9238656463961]]]}}, {"type": "Feature", "properties": {"zone_id": "0202O4F5QPYUCGDQO2N9RS", "tract_id": "22071011600", "city": "NEW ORLEANS, LA", "zone_code": "HU-RD2", "zone_category": "Residential", "ev_permitted": false}, "geometry": {"type": "Polygon", "coordinates": [[[-90.1184905062366, 29.9237464728544], [-90.1184572039927, 29.9238656463961], [-90.1188251197743, 29.9239440595045], [-90.1188574426367, 29.9238237084477], [-90.1184905062366, 29.9237464728544]]]}}, {"type": "Feature", "properties": {"zone_id": "0202FTZIYRCJQR4DJMWH9D", "tract_id": "22071011600", "city": "NEW ORLEANS, LA", "zone_code": "IZD - NON-COMMERCIAL STR SPECIAL EXCEPTION", "zone_category": "Commercial", "ev_permitted": true}, "geometry": {"type": "Polygon", "coordinates": [[[-90.118521842845, 29.9236255714289], [-90.1184905062366, 29.9237464728544], [-90.1188574426367, 29.9238237084477], [-90.1188904755154, 29.9237039891807], [-90.118521842845, 29.9236255714289]]]}}, {"type": "Feature", "properties": {"zone_id": "02024Z66PF6MUY9P4DXAZH", "tract_id": "22071011600", "city": "NEW ORLEANS, LA", "zone_code": "UNIVERSITY AREA OFF-STREET PARKING", "zone_category": "Other", "ev_permitted": false}, "geometry": {"type": "Polygon", "coordinates": [[[-90.1185661263406, 29.9234659486562], [-90.118521842845, 29.9236255714289], [-90.1188904755154, 29.9237039891807], [-90.118934048352, 29.9235437353884], [-90.1185661263406, 29.9234659486562]]]}}, {"type": "Feature", "properties": {"zone_id": "0205VJAGDT1R78BT740UBN", "tract_id": "22071011600", "city": "NEW ORLEANS, LA", "zone_code": "IZD - NON-COMMERCIAL STR SPECIAL EXCEPTION", "zone_category": "Commercial", "ev_permitted": true}, "geometry": {"type": "Polygon", "coordinates": [[[-90.1179376222462, 29.9233357430005], [-90.1179060227201, 29.923455474385], [-90.1182739441784, 29.9235332629635], [-90.1183069776389, 29.9234135456427], [-90.1179376222462, 29.9233357430005]]]}}, {"type": "Feature", "properties": {"zone_id": "02052KDNPEKOP31UXEU5BA", "tract_id": "22071011600", "city": "NEW ORLEANS, LA", "zone_code": "IZD - NON-COMMERCIAL STR SPECIAL EXCEPTION", "zone_category": "Commercial", "ev_permitted": true}, "geometry": {"type": "Polygon", "coordinates": [[[-90.1190203933232, 29.9232300944354], [-90.1189873607571, 29.9233498137423], [-90.1193552446608, 29.9234307242631], [-90.1193882768124, 29.923311004865], [-90.1190203933232, 29.9232300944354]]]}}, {"type": "Feature", "properties": {"zone_id": "0203X745A13YM5SJ7KBN1W", "tract_id": "22071011600", "city": "NEW ORLEANS, LA", "zone_code": "HU-RD2", "zone_category": "Residential", "ev_permitted": false}, "geometry": {"type": "Polygon", "coordinates": [[[-90.1190534334156, 29.9231097499447], [-90.1190203933232, 29.9232300944354], [-90.1193882768124, 29.923311004865], [-90.1194213099094, 29.9231912863685], [-90.1190534334156, 29.9231097499447]]]}}, {"type": "Feature", "properties": {"zone_id": "02046JIO1CYBRZTKYDYYPQ", "tract_id": "22071011600", "city": "NEW ORLEANS, LA", "zone_code": "UNIVERSITY AREA OFF-STREET PARKING", "zone_category": "Other", "ev_permitted": false}, "geometry": {"type": "Polygon", "coordinates": [[[-90.1186344748808, 29.923215904886], [-90.1185969769569, 29.9233487102776], [-90.1189648529338, 29.9234302470637], [-90.1190023590406, 29.9232968164046], [-90.1186344748808, 29.923215904886]]]}}, {"type": "Feature", "properties": {"zone_id": "0203DCQODL5JRJSERQ9CAL", "tract_id": "22071011600", "city": "NEW ORLEANS, LA", "zone_code": "IZD - BED AND BREAKFAST", "zone_category": "Other", "ev_permitted": false}, "geometry": {"type": "Polygon", "coordinates": [[[-90.118663043981, 29.9231092718592], [-90.1186344748808, 29.923215904886], [-90.1190023590406, 29.9232968164046], [-90.1190309256887, 29.9231901841821], [-90.118663043981, 29.9231092718592]]]}}, {"type": "Feature", "properties": {"zone_id": "02057AGY67GR2SQDQOYJM3", "tract_id": "22071011600", "city": "NEW ORLEANS, LA", "zone_code": "IZD - NON-COMMERCIAL STR SPECIAL EXCEPTION", "zone_category": "Commercial", "ev_permitted": true}, "geometry": {"type": "Polygon", "coordinates": [[[-90.1191397928244, 29.9227948603529], [-90.1191164763135, 29.9228827873601], [-90.1194829242339, 29.9229636851908], [-90.1195091710075, 29.9228707832117], [-90.1191397928244, 29.9227948603529]]]}}, {"type": "Feature", "properties": {"zone_id": "0200GX3EUFYLXC59ETZ6PK", "tract_id": "22071011600", "city": "NEW ORLEANS, LA", "zone_code": "IZD - NON-COMMERCIAL STR SPECIAL EXCEPTION", "zone_category": "Commercial", "ev_permitted": true}, "geometry": {"type": "Polygon", "coordinates": [[[-90.1191164763135, 29.9228827873601], [-90.1191037919531, 29.922922678659], [-90.119086465812, 29.9229900315196], [-90.1194543494947, 29.9230709426787], [-90.1194829242339, 29.9229636851908], [-90.1191164763135, 29.9228827873601]]]}}, {"type": "Feature", "properties": {"zone_id": "0207NX659KG99BJWV9PCML", "tract_id": "22071011600", "city": "NEW ORLEANS, LA", "zone_code": "UNIVERSITY AREA OFF-STREET PARKING", "zone_category": "Other", "ev_permitted": false}, "geometry": {"type": "Polygon", "coordinates": [[[-90.119086465812, 29.9229900315196], [-90.1190534334156, 29.9231097499447], [-90.1194213099094, 29.9231912863685], [-90.1194543494947, 29.9230709426787], [-90.119086465812, 29.9229900315196]]]}}, {"type": "Feature", "properties": {"zone_id": "0204LG0ENNRIPYP9WZZBY0", "tract_id": "22071011600", "city": "NEW ORLEANS, LA", "zone_code": "IZD - BED AND BREAKFAST", "zone_category": "Other", "ev_permitted": false}, "geometry": {"type": "Polygon", "coordinates": [[[-90.1187073335941, 29.9229490238453], [-90.118663043981, 29.9231092718592], [-90.1190309256887, 29.9231901841821], [-90.1190752168183, 29.9230299360651], [-90.1187073335941, 29.9229490238453]]]}}, {"type": "Feature", "properties": {"zone_id": "0203W40DZV6PXJ3E65A2YV", "tract_id": "22071011600", "city": "NEW ORLEANS, LA", "zone_code": "HU-RD2", "zone_category": "Residential", "ev_permitted": false}, "geometry": {"type": "Polygon", "coordinates": [[[-90.1187359101367, 29.9228417665276], [-90.1187073335941, 29.9229490238453], [-90.1190752168183, 29.9230299360651], [-90.1191037919531, 29.922922678659], [-90.1187359101367, 29.9228417665276]]]}}, {"type": "Feature", "properties": {"zone_id": "0203FGK0LLS3EP2078ENZR", "tract_id": "22071011600", "city": "NEW ORLEANS, LA", "zone_code": "UNIVERSITY AREA OFF-STREET PARKING", "zone_category": "Other", "ev_permitted": false}, "geometry": {"type": "Polygon", "coordinates": [[[-90.1187704152142, 29.9227189355541], [-90.1187359101367, 29.9228417665276], [-90.1191037919531, 29.922922678659], [-90.1191164763135, 29.9228827873601], [-90.1191397928244, 29.9227948603529], [-90.1187704152142, 29.9227189355541]]]}}, {"type": "Feature", "properties": {"zone_id": "0207L8MVSFS65MSUGEBEMB", "tract_id": "22071011600", "city": "NEW ORLEANS, LA", "zone_code": "HU-RD2", "zone_category": "Residential", "ev_permitted": false}, "geometry": {"type": "Polygon", "coordinates": [[[-90.118001422546, 29.923105661711], [-90.11796838881, 29.9232253798619], [-90.1183392639502, 29.92329631968], [-90.1183722972759, 29.9231766005351], [-90.118001422546, 29.923105661711]]]}}, {"type": "Feature", "properties": {"zone_id": "02077PS314SK9655O7GPG7", "tract_id": "22071011600", "city": "NEW ORLEANS, LA", "zone_code": "IZD - BED AND BREAKFAST", "zone_category": "Other", "ev_permitted": false}, "geometry": {"type": "Polygon", "coordinates": [[[-90.1180940714216, 29.9227695752998], [-90.1180674984387, 29.9228655993129], [-90.1184383723127, 29.9229365388549], [-90.118465374757, 29.922840517835], [-90.1180940714216, 29.9227695752998]]]}}, {"type": "Feature", "properties": {"zone_id": "0203ZLY8BJIF8AKHSDP3GS", "tract_id": "22071011600", "city": "NEW ORLEANS, LA", "zone_code": "UNIVERSITY AREA OFF-STREET PARKING", "zone_category": "Other", "ev_permitted": false}, "geometry": {"type": "Polygon", "coordinates": [[[-90.1180674984387, 29.9228655993129], [-90.1180344648614, 29.922985317484], [-90.1184053381211, 29.9230562571085], [-90.1184383723127, 29.9229365388549], [-90.1180674984387, 29.9228655993129]]]}}, {"type": "Feature", "properties": {"zone_id": "020179MXC26HDXIAFVFYUW", "tract_id": "22071011600", "city": "NEW ORLEANS, LA", "zone_code": "IZD - NON-COMMERCIAL STR SPECIAL EXCEPTION", "zone_category": "Commercial", "ev_permitted": true}, "geometry": {"type": "Polygon", "coordinates": [[[-90.1180344648614, 29.922985317484], [-90.118001422546, 29.923105661711], [-90.1183722972759, 29.9231766005351], [-90.1184053381211, 29.9230562571085], [-90.1180344648614, 29.922985317484]]]}}, {"type": "Feature", "properties": {"zone_id": "0207J2N72FO2HO8EUHD3WD", "tract_id": "22071011600", "city": "NEW ORLEANS, LA", "zone_code": "IZD - BED AND BREAKFAST", "zone_category": "Other", "ev_permitted": false}, "geometry": {"type": "Polygon", "coordinates": [[[-90.1199358692521, 29.9218326379586], [-90.1197216083531, 29.9226333209936], [-90.1203466454895, 29.922753484092], [-90.1206181458428, 29.9219664552286], [-90.1199358692521, 29.9218326379586]]]}}, {"type": "Feature", "properties": {"zone_id": "0201LA3QYNAU7C2GTNKIWX", "tract_id": "22071011600", "city": "NEW ORLEANS, LA", "zone_code": "HU-RD2", "zone_category": "Residential", "ev_permitted": false}, "geometry": {"type": "Polygon", "coordinates": [[[-90.1204827578151, 29.9223596600015], [-90.1203466454895, 29.922753484092], [-90.1205268474817, 29.9228064057257], [-90.1206658223403, 29.9224132330905], [-90.1204827578151, 29.9223596600015]]]}}, {"type": "Feature", "properties": {"zone_id": "02036FIED935S4XU487G59", "tract_id": "22071011600", "city": "NEW ORLEANS, LA", "zone_code": "HU-RD2", "zone_category": "Residential", "ev_permitted": false}, "geometry": {"type": "Polygon", "coordinates": [[[-90.1206658223403, 29.9224132330905], [-90.1205268474817, 29.9228064057257], [-90.1207120486842, 29.9228612480247], [-90.1207935927145, 29.9226469573849], [-90.1208263723077, 29.9225478647376], [-90.1208510152843, 29.9224687012725], [-90.1206658223403, 29.9224132330905]]]}}, {"type": "Feature", "properties": {"zone_id": "0203KHARLRVMJ9J5248749", "tract_id": "22071011600", "city": "NEW ORLEANS, LA", "zone_code": "HU-B1", "zone_category": "Commercial", "ev_permitted": true}, "geometry": {"type": "Polygon", "coordinates": [[[-90.1207547266443, 29.9220064722343], [-90.1206036071856, 29.9223951563042], [-90.1207258844417, 29.9224312899993], [-90.1208805908782, 29.9220426397593], [-90.1207547266443, 29.9220064722343]]]}}, {"type": "Feature", "properties": {"zone_id": "0201LGQKQ8Y35SLCA32ATQ", "tract_id": "22071011600", "city": "NEW ORLEANS, LA", "zone_code": "IZD - BED AND BREAKFAST", "zone_category": "Other", "ev_permitted": false}, "geometry": {"type": "Polygon", "coordinates": [[[-90.1193114699884, 29.9221325622924], [-90.1192912785408, 29.9222130026199], [-90.1196604995074, 29.9222883137213], [-90.1196808610434, 29.9222072352303], [-90.1193114699884, 29.9221325622924]]]}}, {"type": "Feature", "properties": {"zone_id": "0203X5MC4DKRZBC2AMHP2P", "tract_id": "22071011600", "city": "NEW ORLEANS, LA", "zone_code": "HU-RD2", "zone_category": "Residential", "ev_permitted": false}, "geometry": {"type": "Polygon", "coordinates": [[[-90.119627976275, 29.9217760363894], [-90.1195472989478, 29.9220959807022], [-90.1197004906894, 29.9221274004707], [-90.1197804498636, 29.921807449444], [-90.119627976275, 29.9217760363894]]]}}, {"type": "Feature", "properties": {"zone_id": "0201CLIDSWJERVI7PTCM4V", "tract_id": "22071011600", "city": "NEW ORLEANS, LA", "zone_code": "HU-B1", "zone_category": "Commercial", "ev_permitted": true}, "geometry": {"type": "Polygon", "coordinates": [[[-90.11951845689, 29.9217531468002], [-90.1194384817132, 29.9220743480171], [-90.1195472989478, 29.9220959807022], [-90.119627976275, 29.9217760363894], [-90.11951845689, 29.9217531468002]]]}}, {"type": "Feature", "properties": {"zone_id": "0206QNZQJ2LE1WR4BUX7G2", "tract_id": "22071011600", "city": "NEW ORLEANS, LA", "zone_code": "HU-RD2", "zone_category": "Residential", "ev_permitted": false}, "geometry": {"type": "Polygon", "coordinates": [[[-90.1193318241723, 29.9220521090274], [-90.1193114699884, 29.9221325622924], [-90.1196808610434, 29.9222072352303], [-90.1197004906894, 29.9221274004707], [-90.1193318241723, 29.9220521090274]]]}}, {"type": "Feature", "properties": {"zone_id": "020237MP34PLA6Y42B6J5L", "tract_id": "22071011600", "city": "NEW ORLEANS, LA", "zone_code": "UNIVERSITY AREA OFF-STREET PARKING", "zone_category": "Other", "ev_permitted": false}, "geometry": {"type": "Polygon", "coordinates": [[[-90.1191848686933, 29.9226289931458], [-90.1191652993645, 29.9227038273367], [-90.1195331820673, 29.9227847373761], [-90.1195534677834, 29.9227099106462], [-90.1191848686933, 29.9226289931458]]]}}, {"type": "Feature", "properties": {"zone_id": "0206Q7H0S9SN001GXNP3B5", "tract_id": "22071011600", "city": "NEW ORLEANS, LA", "zone_code": "HU-RD2", "zone_category": "Residential", "ev_permitted": false}, "geometry": {"type": "Polygon", "coordinates": [[[-90.1191652993645, 29.9227038273367], [-90.1191397928244, 29.9227948603529], [-90.1195091710075, 29.9228707832117], [-90.1195331820673, 29.9227847373761], [-90.1191652993645, 29.9227038273367]]]}}, {"type": "Feature", "properties": {"zone_id": "0204O975I45ZCG15P337BZ", "tract_id": "22071011600", "city": "NEW ORLEANS, LA", "zone_code": "IZD - BED AND BREAKFAST", "zone_category": "Other", "ev_permitted": false}, "geometry": {"type": "Polygon", "coordinates": [[[-90.1188169889292, 29.9225480812476], [-90.1187704152142, 29.9227189355541], [-90.1191397928244, 29.9227948603529], [-90.1191652993645, 29.9227038273367], [-90.1191848686933, 29.9226289931458], [-90.1188169889292, 29.9225480812476]]]}}, {"type": "Feature", "properties": {"zone_id": "0202Y9J72QJQAYXHH3JEW9", "tract_id": "22071011600", "city": "NEW ORLEANS, LA", "zone_code": "IZD - BED AND BREAKFAST", "zone_category": "Other", "ev_permitted": false}, "geometry": {"type": "Polygon", "coordinates": [[[-90.1192511304641, 29.9223733034945], [-90.1192104218022, 29.9225342099888], [-90.1195798066658, 29.9226095083803], [-90.1196197981065, 29.9224485951608], [-90.1192511304641, 29.9223733034945]]]}}, {"type": "Feature", "properties": {"zone_id": "0205NEI4LVHE8YY3R5YQ1R", "tract_id": "22071011600", "city": "NEW ORLEANS, LA", "zone_code": "MAGAZINE STREET USE RESTRICTION", "zone_category": "Other", "ev_permitted": false}, "geometry": {"type": "Polygon", "coordinates": [[[-90.1192707604864, 29.9222934688007], [-90.1192511304641, 29.9223733034945], [-90.1196197981065, 29.9224485951608], [-90.119639434415, 29.9223681352295], [-90.1192707604864, 29.9222934688007]]]}}, {"type": "Feature", "properties": {"zone_id": "0206F0CCQ8DE9CU26SRK30", "tract_id": "22071011600", "city": "NEW ORLEANS, LA", "zone_code": "IZD - BED AND BREAKFAST", "zone_category": "Other", "ev_permitted": false}, "geometry": {"type": "Polygon", "coordinates": [[[-90.1192912785408, 29.9222130026199], [-90.1192707604864, 29.9222934688007], [-90.119639434415, 29.9223681352295], [-90.1196604995074, 29.9222883137213], [-90.1192912785408, 29.9222130026199]]]}}, {"type": "Feature", "properties": {"zone_id": "0204J0WSMPWGFULU0U64ML", "tract_id": "22071011600", "city": "NEW ORLEANS, LA", "zone_code": "MAGAZINE STREET USE RESTRICTION", "zone_category": "Other", "ev_permitted": false}, "geometry": {"type": "Polygon", "coordinates": [[[-90.118921374266, 29.9221377130392], [-90.1189006679773, 29.9222175377483], [-90.1192707604864, 29.9222934688007], [-90.1192912785408, 29.9222130026199], [-90.118921374266, 29.9221377130392]]]}}, {"type": "Feature", "properties": {"zone_id": "0204T7TYH84TKY9MY8BIIZ", "tract_id": "22071011600", "city": "NEW ORLEANS, LA", "zone_code": "IZD - BED AND BREAKFAST", "zone_category": "Other", "ev_permitted": false}, "geometry": {"type": "Polygon", "coordinates": [[[-90.1181891145865, 29.9224253845666], [-90.1181443329792, 29.9225856693797], [-90.1185149785445, 29.9226565642034], [-90.1185592692189, 29.9224963171419], [-90.1181891145865, 29.9224253845666]]]}}, {"type": "Feature", "properties": {"zone_id": "0206WRAF08AUI0RUTWVRWT", "tract_id": "22071011600", "city": "NEW ORLEANS, LA", "zone_code": "IZD - BED AND BREAKFAST", "zone_category": "Other", "ev_permitted": false}, "geometry": {"type": "Polygon", "coordinates": [[[-90.1206181458428, 29.9219664552286], [-90.1204827578151, 29.9223596600015], [-90.1206036071856, 29.9223951563042], [-90.1207547266443, 29.9220064722343], [-90.1206181458428, 29.9219664552286]]]}}, {"type": "Feature", "properties": {"zone_id": "02022EAO1CE7Q6TGZPEEKG", "tract_id": "22071011600", "city": "NEW ORLEANS, LA", "zone_code": "UNIVERSITY AREA OFF-STREET PARKING", "zone_category": "Other", "ev_permitted": false}, "geometry": {"type": "Polygon", "coordinates": [[[-90.1189006679773, 29.9222175377483], [-90.1188810376739, 29.9222973723877], [-90.1192511304641, 29.9223733034945], [-90.1192707604864, 29.9222934688007], [-90.1189006679773, 29.9222175377483]]]}}, {"type": "Feature", "properties": {"zone_id": "0201J8YNIM2Q29Q334HE0C", "tract_id": "22071011600", "city": "NEW ORLEANS, LA", "zone_code": "IZD - BED AND BREAKFAST", "zone_category": "Other", "ev_permitted": false}, "geometry": {"type": "Polygon", "coordinates": [[[-90.1188810376739, 29.9222973723877], [-90.1188403273999, 29.9224582796615], [-90.1192104218022, 29.9225342099888], [-90.1192511304641, 29.9223733034945], [-90.1188810376739, 29.9222973723877]]]}}, {"type": "Feature", "properties": {"zone_id": "02051F2LBL7AH5TWF7J9V8", "tract_id": "22071011600", "city": "NEW ORLEANS, LA", "zone_code": "HU-RD2", "zone_category": "Residential", "ev_permitted": false}, "geometry": {"type": "Polygon", "coordinates": [[[-90.1181443329792, 29.9225856693797], [-90.1181209718321, 29.9226703035788], [-90.1184909438104, 29.9227444853754], [-90.1185149785445, 29.9226565642034], [-90.1181443329792, 29.9225856693797]]]}}, {"type": "Feature", "properties": {"zone_id": "0201C6J16EAW9405XDGQAN", "tract_id": "22071011600", "city": "NEW ORLEANS, LA", "zone_code": "HU-RD2", "zone_category": "Residential", "ev_permitted": false}, "geometry": {"type": "Polygon", "coordinates": [[[-90.1181209718321, 29.9226703035788], [-90.1180940714216, 29.9227695752998], [-90.118465374757, 29.922840517835], [-90.1184909438104, 29.9227444853754], [-90.1181209718321, 29.9226703035788]]]}}, {"type": "Feature", "properties": {"zone_id": "020621JLW69WCIEWEGMSZ4", "tract_id": "22071011600", "city": "NEW ORLEANS, LA", "zone_code": "IZD - NON-COMMERCIAL STR SPECIAL EXCEPTION", "zone_category": "Commercial", "ev_permitted": true}, "geometry": {"type": "Polygon", "coordinates": [[[-90.1183298629744, 29.9222410224444], [-90.1182998670303, 29.9223470169882], [-90.1185761964074, 29.922402704929], [-90.1186061996831, 29.9222960851493], [-90.1183298629744, 29.9222410224444]]]}}, {"type": "Feature", "properties": {"zone_id": "02057OFEU8WBI826BC27H0", "tract_id": "22071011600", "city": "NEW ORLEANS, LA", "zone_code": "MAGAZINE STREET USE RESTRICTION", "zone_category": "Other", "ev_permitted": false}, "geometry": {"type": "Polygon", "coordinates": [[[-90.1182660417242, 29.9221191590754], [-90.1182060725426, 29.9223292726083], [-90.1182998670303, 29.9223470169882], [-90.1183298629744, 29.9222410224444], [-90.1186061996831, 29.9222960851493], [-90.1186361479473, 29.9221924485213], [-90.1182660417242, 29.9221191590754]]]}}, {"type": "Feature", "properties": {"zone_id": "02039UQSL3UN9LVX3YK91N", "tract_id": "22071011600", "city": "NEW ORLEANS, LA", "zone_code": "IZD - BED AND BREAKFAST", "zone_category": "Other", "ev_permitted": false}, "geometry": {"type": "Polygon", "coordinates": [[[-90.1190017094834, 29.9218165154472], [-90.1189413856402, 29.9220560070814], [-90.1193114699884, 29.9221325622924], [-90.1193718016181, 29.9218924462288], [-90.1190017094834, 29.9218165154472]]]}}, {"type": "Feature", "properties": {"zone_id": "0200WAIWDP1ZYIVYXD5D9D", "tract_id": "22071011600", "city": "NEW ORLEANS, LA", "zone_code": "IZD - NON-COMMERCIAL STR SPECIAL EXCEPTION", "zone_category": "Commercial", "ev_permitted": true}, "geometry": {"type": "Polygon", "coordinates": [[[-90.1189413856402, 29.9220560070814], [-90.118921374266, 29.9221377130392], [-90.1192912785408, 29.9222130026199], [-90.1193114699884, 29.9221325622924], [-90.1189413856402, 29.9220560070814]]]}}, {"type": "Feature", "properties": {"zone_id": "02079OA15AT1FQX7RYID6Q", "tract_id": "22071011600", "city": "NEW ORLEANS, LA", "zone_code": "IZD - NON-COMMERCIAL STR SPECIAL EXCEPTION", "zone_category": "Commercial", "ev_permitted": true}, "geometry": {"type": "Polygon", "coordinates": [[[-90.1190417091439, 29.9216549772134], [-90.1190017094834, 29.9218165154472], [-90.1193718016181, 29.9218924462288], [-90.1194117920712, 29.9217315330482], [-90.1190417091439, 29.9216549772134]]]}}, {"type": "Feature", "properties": {"zone_id": "0200TIYMY9TMQ81VGDK0B8", "tract_id": "22071011600", "city": "NEW ORLEANS, LA", "zone_code": "IZD - NON-COMMERCIAL STR SPECIAL EXCEPTION", "zone_category": "Commercial", "ev_permitted": true}, "geometry": {"type": "Polygon", "coordinates": [[[-90.1194117920712, 29.9217315330482], [-90.1193318241723, 29.9220521090274], [-90.1194384817132, 29.9220743480171], [-90.11951845689, 29.9217531468002], [-90.1194117920712, 29.9217315330482]]]}}, {"type": "Feature", "properties": {"zone_id": "0204ADGX6OL2KPHJ9M41JF", "tract_id": "22071011600", "city": "NEW ORLEANS, LA", "zone_code": "IZD - NON-COMMERCIAL STR SPECIAL EXCEPTION", "zone_category": "Commercial", "ev_permitted": true}, "geometry": {"type": "Polygon", "coordinates": [[[-90.1182959773096, 29.9220121643106], [-90.1182660417242, 29.9221191590754], [-90.1186361479473, 29.9221924485213], [-90.11866615174, 29.922087222673], [-90.1182959773096, 29.9220121643106]]]}}, {"type": "Feature", "properties": {"zone_id": "020551SMG9GE1O6D1LU7CJ", "tract_id": "22071011600", "city": "NEW ORLEANS, LA", "zone_code": "IZD - NON-COMMERCIAL STR SPECIAL EXCEPTION", "zone_category": "Commercial", "ev_permitted": true}, "geometry": {"type": "Polygon", "coordinates": [[[-90.1183437345611, 29.9218453747939], [-90.1182959773096, 29.9220121643106], [-90.11866615174, 29.922087222673], [-90.1187138653762, 29.9219181815677], [-90.1183437345611, 29.9218453747939]]]}}, {"type": "Feature", "properties": {"zone_id": "0202CF8XF6115Y6UVPRQ4D", "tract_id": "22071011600", "city": "NEW ORLEANS, LA", "zone_code": "UNIVERSITY AREA OFF-STREET PARKING", "zone_category": "Other", "ev_permitted": false}, "geometry": {"type": "Polygon", "coordinates": [[[-90.1179498971723, 29.9218561865611], [-90.1179045439561, 29.9220151749359], [-90.1182742994615, 29.922089229962], [-90.1183209723539, 29.9219249088581], [-90.1179498971723, 29.9218561865611]]]}}, {"type": "Feature", "properties": {"zone_id": "0201S4CHGO7QGGNAG4AMW6", "tract_id": "22071011600", "city": "NEW ORLEANS, LA", "zone_code": "IZD - BED AND BREAKFAST", "zone_category": "Other", "ev_permitted": false}, "geometry": {"type": "Polygon", "coordinates": [[[-90.118434455539, 29.9215261482801], [-90.1183437345611, 29.9218453747939], [-90.1187138653762, 29.9219181815677], [-90.1188045821187, 29.9215989556751], [-90.118434455539, 29.9215261482801]]]}}, {"type": "Feature", "properties": {"zone_id": "020129ZT7ULW2A6UMYFV1H", "tract_id": "22071011600", "city": "NEW ORLEANS, LA", "zone_code": "MAGAZINE STREET USE RESTRICTION", "zone_category": "Other", "ev_permitted": false}, "geometry": {"type": "Polygon", "coordinates": [[[-90.1183428138184, 29.9215084238717], [-90.1182520946458, 29.92182764944], [-90.1183437345611, 29.9218453747939], [-90.118434455539, 29.9215261482801], [-90.1183428138184, 29.9215084238717]]]}}, {"type": "Feature", "properties": {"zone_id": "0203TP7WNXFT0WA5TDL01Y", "tract_id": "22071011600", "city": "NEW ORLEANS, LA", "zone_code": "UNIVERSITY AREA OFF-STREET PARKING", "zone_category": "Other", "ev_permitted": false}, "geometry": {"type": "Polygon", "coordinates": [[[-90.1179968181142, 29.9216933899138], [-90.1179743164429, 29.9217731978996], [-90.1182520946458, 29.92182764944], [-90.1182745798508, 29.921749091745], [-90.1179968181142, 29.9216933899138]]]}}, {"type": "Feature", "properties": {"zone_id": "0206KQPMKF6E05HYNN2N0N", "tract_id": "22071011600", "city": "NEW ORLEANS, LA", "zone_code": "HU-B1", "zone_category": "Commercial", "ev_permitted": true}, "geometry": {"type": "Polygon", "coordinates": [[[-90.1179743164429, 29.9217731978996], [-90.1179498971723, 29.9218561865611], [-90.1183209723539, 29.9219249088581], [-90.1183437345611, 29.9218453747939], [-90.1179743164429, 29.9217731978996]]]}}, {"type": "Feature", "properties": {"zone_id": "0206QEG5NI2YZT6RZETZCN", "tract_id": "22071011600", "city": "NEW ORLEANS, LA", "zone_code": "HU-B1", "zone_category": "Commercial", "ev_permitted": true}, "geometry": {"type": "Polygon", "coordinates": [[[-90.1182039370271, 29.9214802609649], [-90.1181357027439, 29.921720928767], [-90.1182745798508, 29.921749091745], [-90.1183428138184, 29.9215084238717], [-90.1182039370271, 29.9214802609649]]]}}, {"type": "Feature", "properties": {"zone_id": "020357LW9OJ3ZKZ1PICLXO", "tract_id": "22071011600", "city": "NEW ORLEANS, LA", "zone_code": "IZD - BED AND BREAKFAST", "zone_category": "Other", "ev_permitted": false}, "geometry": {"type": "Polygon", "coordinates": [[[-90.1178369174593, 29.9237086370141], [-90.1178038822908, 29.9238283551048], [-90.1181732328375, 29.9239067823985], [-90.1182062741643, 29.9237864390332], [-90.1178369174593, 29.9237086370141]]]}}, {"type": "Feature", "properties": {"zone_id": "02050ZZA5902D5TTRC4KMY", "tract_id": "22071011600", "city": "NEW ORLEANS, LA", "zone_code": "HU-RD2", "zone_category": "Residential", "ev_permitted": false}, "geometry": {"type": "Polygon", "coordinates": [[[-90.1178038822908, 29.9238283551048], [-90.117777553751, 29.9239278196999], [-90.1181484189295, 29.923999696447], [-90.1181732328375, 29.9239067823985], [-90.1178038822908, 29.9238283551048]]]}}, {"type": "Feature", "properties": {"zone_id": "0206T7NURZNXXQJ4NIAMEM", "tract_id": "22071011600", "city": "NEW ORLEANS, LA", "zone_code": "HU-RD2", "zone_category": "Residential", "ev_permitted": false}, "geometry": {"type": "Polygon", "coordinates": [[[-90.117408115881, 29.9238565785343], [-90.1173863319896, 29.9239363930411], [-90.1177542471908, 29.9240148091437], [-90.117777553751, 29.9239278196999], [-90.117408115881, 29.9238565785343]]]}}, {"type": "Feature", "properties": {"zone_id": "0206YT3YLGTF807D8JKNI9", "tract_id": "22071011600", "city": "NEW ORLEANS, LA", "zone_code": "HU-RD2", "zone_category": "Residential", "ev_permitted": false}, "geometry": {"type": "Polygon", "coordinates": [[[-90.1174294868955, 29.9237762188704], [-90.117408115881, 29.9238565785343], [-90.117777553751, 29.9239278196999], [-90.1177971053319, 29.9238545482097], [-90.1174294868955, 29.9237762188704]]]}}, {"type": "Feature", "properties": {"zone_id": "020254WXODRHBCLH4GW6GO", "tract_id": "22071011600", "city": "NEW ORLEANS, LA", "zone_code": "HU-RD2", "zone_category": "Residential", "ev_permitted": false}, "geometry": {"type": "Polygon", "coordinates": [[[-90.1174622242171, 29.9236564142087], [-90.1174294868955, 29.9237762188704], [-90.1177971053319, 29.9238545482097], [-90.1178301394926, 29.9237348292093], [-90.1174622242171, 29.9236564142087]]]}}, {"type": "Feature", "properties": {"zone_id": "0203TKTTTLLWTY0JN8HJIY", "tract_id": "22071011600", "city": "NEW ORLEANS, LA", "zone_code": "IZD - NON-COMMERCIAL STR SPECIAL EXCEPTION", "zone_category": "Commercial", "ev_permitted": true}, "geometry": {"type": "Polygon", "coordinates": [[[-90.1178712618097, 29.9235814289875], [-90.1178369174593, 29.9237086370141], [-90.1182062741643, 29.9237864390332], [-90.118237873446, 29.9236667066795], [-90.1178712618097, 29.9235814289875]]]}}, {"type": "Feature", "properties": {"zone_id": "0205WBJ9PDLJXAZ9VQPSV2", "tract_id": "22071011600", "city": "NEW ORLEANS, LA", "zone_code": "HU-RD2", "zone_category": "Residential", "ev_permitted": false}, "geometry": {"type": "Polygon", "coordinates": [[[-90.1179060227201, 29.923455474385], [-90.1178712618097, 29.9235814289875], [-90.118237873446, 29.9236667066795], [-90.1182739441784, 29.9235332629635], [-90.1179060227201, 29.923455474385]]]}}, {"type": "Feature", "properties": {"zone_id": "0204DZQOS7D75GU3E0J21Z", "tract_id": "22071011600", "city": "NEW ORLEANS, LA", "zone_code": "IZD - BED AND BREAKFAST", "zone_category": "Other", "ev_permitted": false}, "geometry": {"type": "Polygon", "coordinates": [[[-90.1174840079868, 29.9235765996865], [-90.1174622242171, 29.9236564142087], [-90.1178301394926, 29.9237348292093], [-90.1178519305983, 29.9236543894536], [-90.1174840079868, 29.9235765996865]]]}}, {"type": "Feature", "properties": {"zone_id": "02033DMCZO8QQBPDSU7VLL", "tract_id": "22071011600", "city": "NEW ORLEANS, LA", "zone_code": "IZD - NON-COMMERCIAL STR SPECIAL EXCEPTION", "zone_category": "Commercial", "ev_permitted": true}, "geometry": {"type": "Polygon", "coordinates": [[[-90.1175050750578, 29.9234967785358], [-90.1174840079868, 29.9235765996865], [-90.1178519305983, 29.9236543894536], [-90.1178712618097, 29.9235814289875], [-90.1175050750578, 29.9234967785358]]]}}, {"type": "Feature", "properties": {"zone_id": "02019TSN41BJ5657PWWA0V", "tract_id": "22071011600", "city": "NEW ORLEANS, LA", "zone_code": "HU-RD2", "zone_category": "Residential", "ev_permitted": false}, "geometry": {"type": "Polygon", "coordinates": [[[-90.1175493677374, 29.9233365309294], [-90.1175050750578, 29.9234967785358], [-90.1178712618097, 29.9235814289875], [-90.1179172884794, 29.9234143205065], [-90.1175493677374, 29.9233365309294]]]}}, {"type": "Feature", "properties": {"zone_id": "0201XJAB498NFRZ4L9CR6K", "tract_id": "22071011600", "city": "NEW ORLEANS, LA", "zone_code": "HU-RD2", "zone_category": "Residential", "ev_permitted": false}, "geometry": {"type": "Polygon", "coordinates": [[[-90.1168446447248, 29.9238663729058], [-90.1168220817428, 29.9239511802645], [-90.1171922019506, 29.9240252416278], [-90.1172147798803, 29.9239391829574], [-90.1168446447248, 29.9238663729058]]]}}, {"type": "Feature", "properties": {"zone_id": "0201C6OOTQYB49HIOUZEQ9", "tract_id": "22071011600", "city": "NEW ORLEANS, LA", "zone_code": "HU-RD2", "zone_category": "Residential", "ev_permitted": false}, "geometry": {"type": "Polygon", "coordinates": [[[-90.1168672229183, 29.9237803142933], [-90.1168446447248, 29.9238663729058], [-90.1172147798803, 29.9239391829574], [-90.1172366258707, 29.9238543680036], [-90.1168672229183, 29.9237803142933]]]}}, {"type": "Feature", "properties": {"zone_id": "02017E0PRL9D094N5KN2LS", "tract_id": "22071011600", "city": "NEW ORLEANS, LA", "zone_code": "UNIVERSITY AREA OFF-STREET PARKING", "zone_category": "Other", "ev_permitted": false}, "geometry": {"type": "Polygon", "coordinates": [[[-90.1168898010728, 29.9236942556761], [-90.1168672229183, 29.9237803142933], [-90.1172366258707, 29.9238543680036], [-90.1172599214138, 29.9237683168608], [-90.1168898010728, 29.9236942556761]]]}}, {"type": "Feature", "properties": {"zone_id": "0201MV7OOCBL781IB23FNC", "tract_id": "22071011600", "city": "NEW ORLEANS, LA", "zone_code": "IZD - BED AND BREAKFAST", "zone_category": "Other", "ev_permitted": false}, "geometry": {"type": "Polygon", "coordinates": [[[-90.1169259279748, 29.923556437028], [-90.1168898010728, 29.9236942556761], [-90.1172599214138, 29.9237683168608], [-90.117296046796, 29.9236304981028], [-90.1169259279748, 29.923556437028]]]}}, {"type": "Feature", "properties": {"zone_id": "020757NEKE8CP0ZTQLAGS3", "tract_id": "22071011600", "city": "NEW ORLEANS, LA", "zone_code": "IZD - BED AND BREAKFAST", "zone_category": "Other", "ev_permitted": false}, "geometry": {"type": "Polygon", "coordinates": [[[-90.1169490797732, 29.9234703837037], [-90.1169259279748, 29.923556437028], [-90.117296046796, 29.9236304981028], [-90.1173186245469, 29.9235444394104], [-90.1169490797732, 29.9234703837037]]]}}, {"type": "Feature", "properties": {"zone_id": "0200GUWQTDMCKXCRHRZOBF", "tract_id": "22071011600", "city": "NEW ORLEANS, LA", "zone_code": "IZD - NON-COMMERCIAL STR SPECIAL EXCEPTION", "zone_category": "Commercial", "ev_permitted": true}, "geometry": {"type": "Polygon", "coordinates": [[[-90.1169706415569, 29.923387567301], [-90.1169490797732, 29.9234703837037], [-90.1173186245469, 29.9235444394104], [-90.117341919958, 29.9234583873475], [-90.1171572239513, 29.9234210481909], [-90.1169706415569, 29.923387567301]]]}}, {"type": "Feature", "properties": {"zone_id": "02006JYVUHEZ0Y0Z8MT6S7", "tract_id": "22071011600", "city": "NEW ORLEANS, LA", "zone_code": "IZD - BED AND BREAKFAST", "zone_category": "Other", "ev_permitted": false}, "geometry": {"type": "Polygon", "coordinates": [[[-90.1166009043716, 29.9233152591498], [-90.1165648010184, 29.9234512013001], [-90.1169341862439, 29.9235265071021], [-90.1169706415569, 29.923387567301], [-90.1166009043716, 29.9233152591498]]]}}, {"type": "Feature", "properties": {"zone_id": "02044DHAYPIZB3GH2RCC5K", "tract_id": "22071011600", "city": "NEW ORLEANS, LA", "zone_code": "UNIVERSITY AREA OFF-STREET PARKING", "zone_category": "Other", "ev_permitted": false}, "geometry": {"type": "Polygon", "coordinates": [[[-90.1165648010184, 29.9234512013001], [-90.1165429773985, 29.9235341415287], [-90.11691164625, 29.923609440764], [-90.1169341862439, 29.9235265071021], [-90.1165648010184, 29.9234512013001]]]}}, {"type": "Feature", "properties": {"zone_id": "02036VNU7AV1AO684ZKPQI", "tract_id": "22071011600", "city": "NEW ORLEANS, LA", "zone_code": "UNIVERSITY AREA OFF-STREET PARKING", "zone_category": "Other", "ev_permitted": false}, "geometry": {"type": "Polygon", "coordinates": [[[-90.117569701778, 29.9232579534795], [-90.1175493677374, 29.9233365309294], [-90.1179172884794, 29.9234143205065], [-90.1179376222462, 29.9233357430005], [-90.117569701778, 29.9232579534795]]]}}, {"type": "Feature", "properties": {"zone_id": "0202PGYDD5PJPPYMK2K8U5", "tract_id": "22071011600", "city": "NEW ORLEANS, LA", "zone_code": "IZD - NON-COMMERCIAL STR SPECIAL EXCEPTION", "zone_category": "Commercial", "ev_permitted": true}, "geometry": {"type": "Polygon", "coordinates": [[[-90.1176860922347, 29.9228345688731], [-90.1176530581992, 29.9229542878511], [-90.1180232133764, 29.9230252219204], [-90.118056248027, 29.9229055028602], [-90.1176860922347, 29.9228345688731]]]}}, {"type": "Feature", "properties": {"zone_id": "0207KB7GWX0YW54E8LMY3V", "tract_id": "22071011600", "city": "NEW ORLEANS, LA", "zone_code": "UNIVERSITY AREA OFF-STREET PARKING", "zone_category": "Other", "ev_permitted": false}, "geometry": {"type": "Polygon", "coordinates": [[[-90.1176530581992, 29.9229542878511], [-90.1175982329185, 29.9231544465423], [-90.11796838881, 29.9232253798619], [-90.1180232133764, 29.9230252219204], [-90.1176530581992, 29.9229542878511]]]}}, {"type": "Feature", "properties": {"zone_id": "0201PJX413VULGJIWUA983", "tract_id": "22071011600", "city": "NEW ORLEANS, LA", "zone_code": "IZD - BED AND BREAKFAST", "zone_category": "Other", "ev_permitted": false}, "geometry": {"type": "Polygon", "coordinates": [[[-90.1172181857733, 29.9231884409503], [-90.1171572239513, 29.9234210481909], [-90.117341919958, 29.9234583873475], [-90.1174028834436, 29.9232257800415], [-90.1172181857733, 29.9231884409503]]]}}, {"type": "Feature", "properties": {"zone_id": "0205KIB7M9ZKX7FL87LWVC", "tract_id": "22071011600", "city": "NEW ORLEANS, LA", "zone_code": "IZD - NON-COMMERCIAL STR SPECIAL EXCEPTION", "zone_category": "Commercial", "ev_permitted": true}, "geometry": {"type": "Polygon", "coordinates": [[[-90.1170177497985, 29.9231472046105], [-90.1169827235993, 29.9233082739527], [-90.1169706415569, 29.923387567301], [-90.1171572239513, 29.9234210481909], [-90.1172181857733, 29.9231884409503], [-90.1170177497985, 29.9231472046105]]]}}, {"type": "Feature", "properties": {"zone_id": "0207N5RXAOW447GVJ3ZWZ2", "tract_id": "22071011600", "city": "NEW ORLEANS, LA", "zone_code": "HU-RD2", "zone_category": "Residential", "ev_permitted": false}, "geometry": {"type": "Polygon", "coordinates": [[[-90.1166219721048, 29.9232354372357], [-90.1166009043716, 29.9233152591498], [-90.1169706415569, 29.923387567301], [-90.1169827235993, 29.9233082739527], [-90.1166219721048, 29.9232354372357]]]}}, {"type": "Feature", "properties": {"zone_id": "0205FIPYWMH6VJN721HBTO", "tract_id": "22071011600", "city": "NEW ORLEANS, LA", "zone_code": "UNIVERSITY AREA OFF-STREET PARKING", "zone_category": "Other", "ev_permitted": false}, "geometry": {"type": "Polygon", "coordinates": [[[-90.1166641129972, 29.9230751700068], [-90.1166219721048, 29.9232354372357], [-90.1169827235993, 29.9233082739527], [-90.1170177497985, 29.9231472046105], [-90.1166641129972, 29.9230751700068]]]}}, {"type": "Feature", "properties": {"zone_id": "0203SC3EY8QO78P8X83WS3", "tract_id": "22071011600", "city": "NEW ORLEANS, LA", "zone_code": "UNIVERSITY AREA OFF-STREET PARKING", "zone_category": "Other", "ev_permitted": false}, "geometry": {"type": "Polygon", "coordinates": [[[-90.1171447991683, 29.9227326715276], [-90.1171230077049, 29.9228131102736], [-90.1174924138254, 29.922886539896], [-90.1175149161329, 29.922806732004], [-90.1171447991683, 29.9227326715276]]]}}, {"type": "Feature", "properties": {"zone_id": "0201P56Z137FOCO5BKD0NX", "tract_id": "22071011600", "city": "NEW ORLEANS, LA", "zone_code": "IZD - BED AND BREAKFAST", "zone_category": "Other", "ev_permitted": false}, "geometry": {"type": "Polygon", "coordinates": [[[-90.1171230077049, 29.9228131102736], [-90.1171019414972, 29.9228929322818], [-90.1174720579887, 29.9229669928677], [-90.1174924138254, 29.922886539896], [-90.1171230077049, 29.9228131102736]]]}}, {"type": "Feature", "properties": {"zone_id": "0204M7C8CBW7XD99LU6WX6", "tract_id": "22071011600", "city": "NEW ORLEANS, LA", "zone_code": "UNIVERSITY AREA OFF-STREET PARKING", "zone_category": "Other", "ev_permitted": false}, "geometry": {"type": "Polygon", "coordinates": [[[-90.1172866441226, 29.922929646345], [-90.1172437865837, 29.9230899080435], [-90.1174292073226, 29.9231266285407], [-90.1174720579887, 29.9229669928677], [-90.1172866441226, 29.922929646345]]]}}, {"type": "Feature", "properties": {"zone_id": "02070L2Z9XIYD1SWOEMH5Y", "tract_id": "22071011600", "city": "NEW ORLEANS, LA", "zone_code": "HU-RD2", "zone_category": "Residential", "ev_permitted": false}, "geometry": {"type": "Polygon", "coordinates": [[[-90.1171019414972, 29.9228929322818], [-90.117059090271, 29.9230525678357], [-90.1172437865837, 29.9230899080435], [-90.1172866441226, 29.922929646345], [-90.1171019414972, 29.9228929322818]]]}}, {"type": "Feature", "properties": {"zone_id": "0203QMMKW2LJMI907HHPHP", "tract_id": "22071011600", "city": "NEW ORLEANS, LA", "zone_code": "IZD - NON-COMMERCIAL STR SPECIAL EXCEPTION", "zone_category": "Commercial", "ev_permitted": true}, "geometry": {"type": "Polygon", "coordinates": [[[-90.1167543492441, 29.9227371873517], [-90.1167325574541, 29.9228176269351], [-90.1171019414972, 29.9228929322818], [-90.1171230077049, 29.9228131102736], [-90.1167543492441, 29.9227371873517]]]}}, {"type": "Feature", "properties": {"zone_id": "020583FS98ASP2FTG69G5M", "tract_id": "22071011600", "city": "NEW ORLEANS, LA", "zone_code": "IZD - NON-COMMERCIAL STR SPECIAL EXCEPTION", "zone_category": "Commercial", "ev_permitted": true}, "geometry": {"type": "Polygon", "coordinates": [[[-90.1167325574541, 29.9228176269351], [-90.116689698049, 29.9229778875437], [-90.117059090271, 29.9230525678357], [-90.1171019414972, 29.9228929322818], [-90.1167325574541, 29.9228176269351]]]}}, {"type": "Feature", "properties": {"zone_id": "0200YMARZPUM5WQL73A7WP", "tract_id": "22071011600", "city": "NEW ORLEANS, LA", "zone_code": "HU-RD2", "zone_category": "Residential", "ev_permitted": false}, "geometry": {"type": "Polygon", "coordinates": [[[-90.1165204066027, 29.9236195749148], [-90.1164978281467, 29.9237056334695], [-90.1168672229183, 29.9237803142933], [-90.1168898010728, 29.9236942556761], [-90.1165204066027, 29.9236195749148]]]}}, {"type": "Feature", "properties": {"zone_id": "0200Z9BJHE2QV3TMLTEB3D", "tract_id": "22071011600", "city": "NEW ORLEANS, LA", "zone_code": "HU-RD2", "zone_category": "Residential", "ev_permitted": false}, "geometry": {"type": "Polygon", "coordinates": [[[-90.1164978281467, 29.9237056334695], [-90.1164752496516, 29.9237916920194], [-90.1168446447248, 29.9238663729058], [-90.1168672229183, 29.9237803142933], [-90.1164978281467, 29.9237056334695]]]}}, {"type": "Feature", "properties": {"zone_id": "0205MM24PTSNPKVYPA4LNS", "tract_id": "22071011600", "city": "NEW ORLEANS, LA", "zone_code": "IZD - NON-COMMERCIAL STR SPECIAL EXCEPTION", "zone_category": "Commercial", "ev_permitted": true}, "geometry": {"type": "Polygon", "coordinates": [[[-90.1164752496516, 29.9237916920194], [-90.1164526863616, 29.9238765002177], [-90.1168220817428, 29.9239511802645], [-90.1168446447248, 29.9238663729058], [-90.1164752496516, 29.9237916920194]]]}}, {"type": "Feature", "properties": {"zone_id": "02071VHX0G172OGL62UJ04", "tract_id": "22071011600", "city": "NEW ORLEANS, LA", "zone_code": "HU-RD2", "zone_category": "Residential", "ev_permitted": false}, "geometry": {"type": "Polygon", "coordinates": [[[-90.1159240474274, 29.9237579984861], [-90.1158992085865, 29.9238527876321], [-90.1162693298159, 29.9239268516119], [-90.1162941672773, 29.9238320632895], [-90.1159240474274, 29.9237579984861]]]}}, {"type": "Feature", "properties": {"zone_id": "0207JY2LU8NQ80SI7INVXG", "tract_id": "22071011600", "city": "NEW ORLEANS, LA", "zone_code": "HU-RD2", "zone_category": "Residential", "ev_permitted": false}, "geometry": {"type": "Polygon", "coordinates": [[[-90.1159621426952, 29.923608877153], [-90.1159240474274, 29.9237579984861], [-90.1162941672773, 29.9238320632895], [-90.1163324857951, 29.9236845516909], [-90.1159621426952, 29.923608877153]]]}}, {"type": "Feature", "properties": {"zone_id": "02009HF2SP41MYAN5F35RX", "tract_id": "22071011600", "city": "NEW ORLEANS, LA", "zone_code": "IZD - BED AND BREAKFAST", "zone_category": "Other", "ev_permitted": false}, "geometry": {"type": "Polygon", "coordinates": [[[-90.1158992085865, 29.9238527876321], [-90.1158577751792, 29.9240136864062], [-90.1162278959388, 29.9240877504916], [-90.1162693298159, 29.9239268516119], [-90.1158992085865, 29.9238527876321]]]}}, {"type": "Feature", "properties": {"zone_id": "0200SYY7OKGOSDHUEW591O", "tract_id": "22071011600", "city": "NEW ORLEANS, LA", "zone_code": "IZD - NON-COMMERCIAL STR SPECIAL EXCEPTION", "zone_category": "Commercial", "ev_permitted": true}, "geometry": {"type": "Polygon", "coordinates": [[[-90.1165429773985, 29.9235341415287], [-90.1165204066027, 29.9236195749148], [-90.1168898010728, 29.9236942556761], [-90.11691164625, 29.923609440764], [-90.1165429773985, 29.9235341415287]]]}}, {"type": "Feature", "properties": {"zone_id": "0203DT1FIJUXRXIVDUCCEG", "tract_id": "22071011600", "city": "NEW ORLEANS, LA", "zone_code": "IZD - BED AND BREAKFAST", "zone_category": "Other", "ev_permitted": false}, "geometry": {"type": "Polygon", "coordinates": [[[-90.1160317817692, 29.9233389118966], [-90.1160109862119, 29.923419985824], [-90.1163822523742, 29.9234940600998], [-90.116401900156, 29.9234129754988], [-90.1160317817692, 29.9233389118966]]]}}, {"type": "Feature", "properties": {"zone_id": "0206PPKBS7WCH54Z89MENC", "tract_id": "22071011600", "city": "NEW ORLEANS, LA", "zone_code": "HU-RD2", "zone_category": "Residential", "ev_permitted": false}, "geometry": {"type": "Polygon", "coordinates": [[[-90.1160109862119, 29.923419985824], [-90.1159904927431, 29.9234998120554], [-90.1163611854415, 29.9235738810803], [-90.1163822523742, 29.9234940600998], [-90.1160109862119, 29.923419985824]]]}}, {"type": "Feature", "properties": {"zone_id": "0200JW7HJPJQE8R6H9F8AA", "tract_id": "22071011600", "city": "NEW ORLEANS, LA", "zone_code": "IZD - NON-COMMERCIAL STR SPECIAL EXCEPTION", "zone_category": "Commercial", "ev_permitted": true}, "geometry": {"type": "Polygon", "coordinates": [[[-90.1159904927431, 29.9234998120554], [-90.1159621426952, 29.923608877153], [-90.1163324857951, 29.9236845516909], [-90.1163611854415, 29.9235738810803], [-90.1159904927431, 29.9234998120554]]]}}, {"type": "Feature", "properties": {"zone_id": "0204JE1I6W81K7TXBUKJUA", "tract_id": "22071011600", "city": "NEW ORLEANS, LA", "zone_code": "IZD - BED AND BREAKFAST", "zone_category": "Other", "ev_permitted": false}, "geometry": {"type": "Polygon", "coordinates": [[[-90.1158542741022, 29.9236535820875], [-90.1157661337146, 29.9239959593256], [-90.1158577751792, 29.9240136864062], [-90.1159459086896, 29.9236719333884], [-90.1158542741022, 29.9236535820875]]]}}, {"type": "Feature", "properties": {"zone_id": "0202YSWN5DK89EQERDSHWD", "tract_id": "22071011600", "city": "NEW ORLEANS, LA", "zone_code": "IZD - BED AND BREAKFAST", "zone_category": "Other", "ev_permitted": false}, "geometry": {"type": "Polygon", "coordinates": [[[-90.1154193336689, 29.9238339676041], [-90.1153960136269, 29.9239218948422], [-90.1157661337146, 29.9239959593256], [-90.1157887357347, 29.9239080262819], [-90.1154193336689, 29.9238339676041]]]}}, {"type": "Feature", "properties": {"zone_id": "020472LZ7GI0AKT9X1EKTL", "tract_id": "22071011600", "city": "NEW ORLEANS, LA", "zone_code": "UNIVERSITY AREA OFF-STREET PARKING", "zone_category": "Other", "ev_permitted": false}, "geometry": {"type": "Polygon", "coordinates": [[[-90.1154411953829, 29.9237479025911], [-90.1154193336689, 29.9238339676041], [-90.1157887357347, 29.9239080262819], [-90.1158105971353, 29.9238219621105], [-90.1154411953829, 29.9237479025911]]]}}, {"type": "Feature", "properties": {"zone_id": "0203S7GVFV399VD901B5AF", "tract_id": "22071011600", "city": "NEW ORLEANS, LA", "zone_code": "HU-RD2", "zone_category": "Residential", "ev_permitted": false}, "geometry": {"type": "Polygon", "coordinates": [[[-90.1154630418028, 29.9236630879202], [-90.1154411953829, 29.9237479025911], [-90.1158105971353, 29.9238219621105], [-90.1158324432685, 29.9237371464768], [-90.1154630418028, 29.9236630879202]]]}}, {"type": "Feature", "properties": {"zone_id": "020485AZMHN9E3U8KDYM8X", "tract_id": "22071011600", "city": "NEW ORLEANS, LA", "zone_code": "UNIVERSITY AREA OFF-STREET PARKING", "zone_category": "Other", "ev_permitted": false}, "geometry": {"type": "Polygon", "coordinates": [[[-90.11550526204, 29.9234965702498], [-90.1154841476017, 29.9235801421201], [-90.1159459086896, 29.9236719333884], [-90.1159654958608, 29.9235958502411], [-90.11550526204, 29.9234965702498]]]}}, {"type": "Feature", "properties": {"zone_id": "02077JLNT60C42GFTLHCCU", "tract_id": "22071011600", "city": "NEW ORLEANS, LA", "zone_code": "IZD - NON-COMMERCIAL STR SPECIAL EXCEPTION", "zone_category": "Commercial", "ev_permitted": true}, "geometry": {"type": "Polygon", "coordinates": [[[-90.1159401474719, 29.9233205606547], [-90.1158745942907, 29.9235762552495], [-90.1159654958608, 29.9235958502411], [-90.1160317817692, 29.9233389118966], [-90.1159401474719, 29.9233205606547]]]}}, {"type": "Feature", "properties": {"zone_id": "020662RVPLNE8FHDL3PSLT", "tract_id": "22071011600", "city": "NEW ORLEANS, LA", "zone_code": "IZD - NON-COMMERCIAL STR SPECIAL EXCEPTION", "zone_category": "Commercial", "ev_permitted": true}, "geometry": {"type": "Polygon", "coordinates": [[[-90.1155481911602, 29.9233306852724], [-90.1155270854673, 29.9234136310854], [-90.1158972037566, 29.923487696107], [-90.1159183101933, 29.9234047502449], [-90.1155481911602, 29.9233306852724]]]}}, {"type": "Feature", "properties": {"zone_id": "0204VI5NZI382R7URJWY8V", "tract_id": "22071011600", "city": "NEW ORLEANS, LA", "zone_code": "IZD - BED AND BREAKFAST", "zone_category": "Other", "ev_permitted": false}, "geometry": {"type": "Polygon", "coordinates": [[[-90.1155270854673, 29.9234136310854], [-90.11550526204, 29.9234965702498], [-90.1158745942907, 29.9235762552495], [-90.1158972037566, 29.923487696107], [-90.1155270854673, 29.9234136310854]]]}}, {"type": "Feature", "properties": {"zone_id": "0204VS1TT18VRUGPYZOKFK", "tract_id": "22071011600", "city": "NEW ORLEANS, LA", "zone_code": "IZD - BED AND BREAKFAST", "zone_category": "Other", "ev_permitted": false}, "geometry": {"type": "Polygon", "coordinates": [[[-90.1154841476017, 29.9235801421201], [-90.1154630418028, 29.9236630879202], [-90.1158324432685, 29.9237371464768], [-90.1158542741022, 29.9236535820875], [-90.1154841476017, 29.9235801421201]]]}}, {"type": "Feature", "properties": {"zone_id": "0204K4PW7ZW6SFSN3MH29L", "tract_id": "22071011600", "city": "NEW ORLEANS, LA", "zone_code": "IZD - BED AND BREAKFAST", "zone_category": "Other", "ev_permitted": false}, "geometry": {"type": "Polygon", "coordinates": [[[-90.1163089878617, 29.923109524924], [-90.1162699523998, 29.9232504427258], [-90.1164231220261, 29.9232837409244], [-90.1164621572629, 29.9231428248819], [-90.1163089878617, 29.923109524924]]]}}, {"type": "Feature", "properties": {"zone_id": "0205E4PFHM5ZOTB68ON0TT", "tract_id": "22071011600", "city": "NEW ORLEANS, LA", "zone_code": "HU-RD2", "zone_category": "Residential", "ev_permitted": false}, "geometry": {"type": "Polygon", "coordinates": [[[-90.1163472978733, 29.9229692274458], [-90.1163089878617, 29.923109524924], [-90.1164621572629, 29.9231428248819], [-90.116500467094, 29.9230025255555], [-90.1163472978733, 29.9229692274458]]]}}, {"type": "Feature", "properties": {"zone_id": "02052U2CPNXG8FK3PILNIR", "tract_id": "22071011600", "city": "NEW ORLEANS, LA", "zone_code": "UNIVERSITY AREA OFF-STREET PARKING", "zone_category": "Other", "ev_permitted": false}, "geometry": {"type": "Polygon", "coordinates": [[[-90.1160492279147, 29.922872075664], [-90.1159636134537, 29.9231838457933], [-90.1161475614288, 29.923223679787], [-90.1162331743139, 29.9229119095299], [-90.1160492279147, 29.922872075664]]]}}, {"type": "Feature", "properties": {"zone_id": "0205OFIN2BB7HUYL8F9U5W", "tract_id": "22071011600", "city": "NEW ORLEANS, LA", "zone_code": "IZD - NON-COMMERCIAL STR SPECIAL EXCEPTION", "zone_category": "Commercial", "ev_permitted": true}, "geometry": {"type": "Polygon", "coordinates": [[[-90.1161280726016, 29.9227621578362], [-90.1160957544163, 29.9228818830653], [-90.1165094583724, 29.9229713528485], [-90.1165424948209, 29.9228516341675], [-90.1161280726016, 29.9227621578362]]]}}, {"type": "Feature", "properties": {"zone_id": "0201VDN5PQ8N2YUSFMWKA3", "tract_id": "22071011600", "city": "NEW ORLEANS, LA", "zone_code": "IZD - BED AND BREAKFAST", "zone_category": "Other", "ev_permitted": false}, "geometry": {"type": "Polygon", "coordinates": [[[-90.1162331743139, 29.9229119095299], [-90.1161475614288, 29.923223679787], [-90.1162699523998, 29.9232504427258], [-90.1163472978733, 29.9229692274458], [-90.116500467094, 29.9230025255555], [-90.1165094583724, 29.9229713528485], [-90.1162331743139, 29.9229119095299]]]}}, {"type": "Feature", "properties": {"zone_id": "02005KLT57MYLH12LGBV7G", "tract_id": "22071011600", "city": "NEW ORLEANS, LA", "zone_code": "UNIVERSITY AREA OFF-STREET PARKING", "zone_category": "Other", "ev_permitted": false}, "geometry": {"type": "Polygon", "coordinates": [[[-90.1155700231896, 29.9232471200333], [-90.1155481911602, 29.9233306852724], [-90.1159183101933, 29.9234047502449], [-90.1159401474719, 29.9233205606547], [-90.1155700231896, 29.9232471200333]]]}}, {"type": "Feature", "properties": {"zone_id": "02065XH09OWS1HB3QQ8VFJ", "tract_id": "22071011600", "city": "NEW ORLEANS, LA", "zone_code": "IZD - BED AND BREAKFAST", "zone_category": "Other", "ev_permitted": false}, "geometry": {"type": "Polygon", "coordinates": [[[-90.1158280582362, 29.9228243940912], [-90.1157424528119, 29.9231355398265], [-90.1159636134537, 29.9231838457933], [-90.1160492279147, 29.922872075664], [-90.1158280582362, 29.9228243940912]]]}}, {"type": "Feature", "properties": {"zone_id": "020457GT1ZHWFZCDOUTNWK", "tract_id": "22071011600", "city": "NEW ORLEANS, LA", "zone_code": "UNIVERSITY AREA OFF-STREET PARKING", "zone_category": "Other", "ev_permitted": false}, "geometry": {"type": "Polygon", "coordinates": [[[-90.1156813324829, 29.9227924044249], [-90.115594992653, 29.923104792857], [-90.1157424528119, 29.9231355398265], [-90.1158280582362, 29.9228243940912], [-90.1156813324829, 29.9227924044249]]]}}, {"type": "Feature", "properties": {"zone_id": "02018X6D940F4GK6K6BPFF", "tract_id": "22071011600", "city": "NEW ORLEANS, LA", "zone_code": "HU-RD2", "zone_category": "Residential", "ev_permitted": false}, "geometry": {"type": "Polygon", "coordinates": [[[-90.1152705988197, 29.9226960286105], [-90.1151870487757, 29.9230168486811], [-90.1154652900542, 29.9230763808892], [-90.1155487026412, 29.9227558065901], [-90.1152705988197, 29.9226960286105]]]}}, {"type": "Feature", "properties": {"zone_id": "0200PRMJI3L9BG6S6JF1QN", "tract_id": "22071011600", "city": "NEW ORLEANS, LA", "zone_code": "HU-RD2", "zone_category": "Residential", "ev_permitted": false}, "geometry": {"type": "Polygon", "coordinates": [[[-90.1177739520014, 29.922514692946], [-90.1177303843298, 29.9226743211921], [-90.1181005395594, 29.922745255056], [-90.1181443329792, 29.9225856693797], [-90.1177739520014, 29.922514692946]]]}}, {"type": "Feature", "properties": {"zone_id": "020593MNNEV3CGDPAJ3R2U", "tract_id": "22071011600", "city": "NEW ORLEANS, LA", "zone_code": "IZD - NON-COMMERCIAL STR SPECIAL EXCEPTION", "zone_category": "Commercial", "ev_permitted": true}, "geometry": {"type": "Polygon", "coordinates": [[[-90.1177303843298, 29.9226743211921], [-90.1176860922347, 29.9228345688731], [-90.118056248027, 29.9229055028602], [-90.1181005395594, 29.922745255056], [-90.1177303843298, 29.9226743211921]]]}}, {"type": "Feature", "properties": {"zone_id": "0204A6KIQK77XBXIOYNE7V", "tract_id": "22071011600", "city": "NEW ORLEANS, LA", "zone_code": "HU-RD2", "zone_category": "Residential", "ev_permitted": false}, "geometry": {"type": "Polygon", "coordinates": [[[-90.1177971782807, 29.9224342655488], [-90.1177739520014, 29.922514692946], [-90.1181443329792, 29.9225856693797], [-90.1181673316319, 29.9225051992173], [-90.1177971782807, 29.9224342655488]]]}}, {"type": "Feature", "properties": {"zone_id": "0206U3PEZTIO66YVH0MAI0", "tract_id": "22071011600", "city": "NEW ORLEANS, LA", "zone_code": "HU-RD2", "zone_category": "Residential", "ev_permitted": false}, "geometry": {"type": "Polygon", "coordinates": [[[-90.1178189604801, 29.9223544509491], [-90.1177971782807, 29.9224342655488], [-90.1181673316319, 29.9225051992173], [-90.1181891145865, 29.9224253845666], [-90.1178189604801, 29.9223544509491]]]}}, {"type": "Feature", "properties": {"zone_id": "02046O2CZ0A7DZ92BD6DHV", "tract_id": "22071011600", "city": "NEW ORLEANS, LA", "zone_code": "UNIVERSITY AREA OFF-STREET PARKING", "zone_category": "Other", "ev_permitted": false}, "geometry": {"type": "Polygon", "coordinates": [[[-90.1178816787474, 29.9220953954719], [-90.1178359578821, 29.9222552131794], [-90.1182060725426, 29.9223292726083], [-90.1182517913589, 29.9221696622723], [-90.1178816787474, 29.9220953954719]]]}}, {"type": "Feature", "properties": {"zone_id": "0201PWN1Q64DK3ADW36Q2N", "tract_id": "22071011600", "city": "NEW ORLEANS, LA", "zone_code": "IZD - BED AND BREAKFAST", "zone_category": "Other", "ev_permitted": false}, "geometry": {"type": "Polygon", "coordinates": [[[-90.1172524702387, 29.9223316973856], [-90.1172305227502, 29.9224115248034], [-90.1176006385877, 29.9224855850417], [-90.1176217119141, 29.9224051386781], [-90.1172524702387, 29.9223316973856]]]}}, {"type": "Feature", "properties": {"zone_id": "0200K7O6S7T2HWQ2SQX1RR", "tract_id": "22071011600", "city": "NEW ORLEANS, LA", "zone_code": "HU-RD2", "zone_category": "Residential", "ev_permitted": false}, "geometry": {"type": "Polygon", "coordinates": [[[-90.1172733723915, 29.922251889171], [-90.1172524702387, 29.9223316973856], [-90.1176217119141, 29.9224051386781], [-90.1176434876688, 29.9223259492902], [-90.1172733723915, 29.922251889171]]]}}, {"type": "Feature", "properties": {"zone_id": "02043Z45XTXS6DFJIVC3GD", "tract_id": "22071011600", "city": "NEW ORLEANS, LA", "zone_code": "IZD - BED AND BREAKFAST", "zone_category": "Other", "ev_permitted": false}, "geometry": {"type": "Polygon", "coordinates": [[[-90.1172087237979, 29.9224925896426], [-90.1171876490845, 29.9225730359296], [-90.117557765489, 29.922647096287], [-90.1175788399197, 29.9225666499415], [-90.1172087237979, 29.9224925896426]]]}}, {"type": "Feature", "properties": {"zone_id": "0205JODRM7CYPRWFX40NJ6", "tract_id": "22071011600", "city": "NEW ORLEANS, LA", "zone_code": "HU-RD2", "zone_category": "Residential", "ev_permitted": false}, "geometry": {"type": "Polygon", "coordinates": [[[-90.1171876490845, 29.9225730359296], [-90.1171658663325, 29.9226528504226], [-90.1175359743661, 29.9227275360044], [-90.117557765489, 29.922647096287], [-90.1171876490845, 29.9225730359296]]]}}, {"type": "Feature", "properties": {"zone_id": "0203798CRGNL0MT59XWXYS", "tract_id": "22071011600", "city": "NEW ORLEANS, LA", "zone_code": "UNIVERSITY AREA OFF-STREET PARKING", "zone_category": "Other", "ev_permitted": false}, "geometry": {"type": "Polygon", "coordinates": [[[-90.1171658663325, 29.9226528504226], [-90.1171447991683, 29.9227326715276], [-90.1175149161329, 29.922806732004], [-90.1175359743661, 29.9227275360044], [-90.1171658663325, 29.9226528504226]]]}}, {"type": "Feature", "properties": {"zone_id": "0204E9W8CY51OSBL440P36", "tract_id": "22071011600", "city": "NEW ORLEANS, LA", "zone_code": "HU-RD2", "zone_category": "Residential", "ev_permitted": false}, "geometry": {"type": "Polygon", "coordinates": [[[-90.1168189925079, 29.922497112294], [-90.1167972008223, 29.9225775518906], [-90.1171658663325, 29.9226528504226], [-90.1171876490845, 29.9225730359296], [-90.1168189925079, 29.922497112294]]]}}, {"type": "Feature", "properties": {"zone_id": "0203AMLMQ0MNZ4I618MUJI", "tract_id": "22071011600", "city": "NEW ORLEANS, LA", "zone_code": "IZD - BED AND BREAKFAST", "zone_category": "Other", "ev_permitted": false}, "geometry": {"type": "Polygon", "coordinates": [[[-90.1167972008223, 29.9225775518906], [-90.116775408066, 29.9226579914732], [-90.1171447991683, 29.9227326715276], [-90.1171658663325, 29.9226528504226], [-90.1167972008223, 29.9225775518906]]]}}, {"type": "Feature", "properties": {"zone_id": "0207A1SEIWFYKR0FEHITFA", "tract_id": "22071011600", "city": "NEW ORLEANS, LA", "zone_code": "IZD - BED AND BREAKFAST", "zone_category": "Other", "ev_permitted": false}, "geometry": {"type": "Polygon", "coordinates": [[[-90.116775408066, 29.9226579914732], [-90.1167543492441, 29.9227371873517], [-90.1171230077049, 29.9228131102736], [-90.1171447991683, 29.9227326715276], [-90.116775408066, 29.9226579914732]]]}}, {"type": "Feature", "properties": {"zone_id": "0201H35PTKQPHLEUJBO2KK", "tract_id": "22071011600", "city": "NEW ORLEANS, LA", "zone_code": "HU-RD2", "zone_category": "Residential", "ev_permitted": false}, "geometry": {"type": "Polygon", "coordinates": [[[-90.1172305227502, 29.9224115248034], [-90.1172087237979, 29.9224925896426], [-90.1175788399197, 29.9225666499415], [-90.1176006385877, 29.9224855850417], [-90.1172305227502, 29.9224115248034]]]}}, {"type": "Feature", "properties": {"zone_id": "0201TD9JEKF7ZW7ZXY6E6H", "tract_id": "22071011600", "city": "NEW ORLEANS, LA", "zone_code": "IZD - BED AND BREAKFAST", "zone_category": "Other", "ev_permitted": false}, "geometry": {"type": "Polygon", "coordinates": [[[-90.1174541712467, 29.9215833106874], [-90.1174125346851, 29.9217411044242], [-90.1177814041955, 29.921819505911], [-90.1178220854522, 29.9216611005482], [-90.1174541712467, 29.9215833106874]]]}}, {"type": "Feature", "properties": {"zone_id": "0200XP19Q9QU3E7RL4R0SY", "tract_id": "22071011600", "city": "NEW ORLEANS, LA", "zone_code": "HU-RD2", "zone_category": "Residential", "ev_permitted": false}, "geometry": {"type": "Polygon", "coordinates": [[[-90.1170850266726, 29.9218420746431], [-90.1170225340029, 29.9220825450545], [-90.1171191749171, 29.9221021923326], [-90.1171823804813, 29.9218621037959], [-90.1170850266726, 29.9218420746431]]]}}, {"type": "Feature", "properties": {"zone_id": "02061IFZLSF9PZZNYORBZ7", "tract_id": "22071011600", "city": "NEW ORLEANS, LA", "zone_code": "HU-RD2", "zone_category": "Residential", "ev_permitted": false}, "geometry": {"type": "Polygon", "coordinates": [[[-90.1171823804813, 29.9218621037959], [-90.1171191749171, 29.9221021923326], [-90.1172136562194, 29.9221224448174], [-90.1172761438815, 29.921882349601], [-90.1171823804813, 29.9218621037959]]]}}, {"type": "Feature", "properties": {"zone_id": "0200EUAWRWWQ3ZR1N1FXGK", "tract_id": "22071011600", "city": "NEW ORLEANS, LA", "zone_code": "IZD - NON-COMMERCIAL STR SPECIAL EXCEPTION", "zone_category": "Commercial", "ev_permitted": true}, "geometry": {"type": "Polygon", "coordinates": [[[-90.1172761438815, 29.921882349601], [-90.1172136562194, 29.9221224448174], [-90.1173074264513, 29.9221420654164], [-90.117370631588, 29.9219019767904], [-90.1172761438815, 29.921882349601]]]}}, {"type": "Feature", "properties": {"zone_id": "0206421U6ZJ8D9SYC4PPJD", "tract_id": "22071011600", "city": "NEW ORLEANS, LA", "zone_code": "HU-RD2", "zone_category": "Residential", "ev_permitted": false}, "geometry": {"type": "Polygon", "coordinates": [[[-90.1169934067588, 29.9218226406777], [-90.116930189571, 29.92206356268], [-90.1170225340029, 29.9220825450545], [-90.1170850266726, 29.9218420746431], [-90.1169934067588, 29.9218226406777]]]}}, {"type": "Feature", "properties": {"zone_id": "0207CWPSUYGHI1TV7SIFW6", "tract_id": "22071011600", "city": "NEW ORLEANS, LA", "zone_code": "IZD - BED AND BREAKFAST", "zone_category": "Other", "ev_permitted": false}, "geometry": {"type": "Polygon", "coordinates": [[[-90.1170566185628, 29.9215821354199], [-90.1170355449547, 29.9216625817015], [-90.1174125346851, 29.9217411044242], [-90.1174338461075, 29.9216612629722], [-90.1170566185628, 29.9215821354199]]]}}, {"type": "Feature", "properties": {"zone_id": "0203UFW3K2MRH630VGVVSD", "tract_id": "22071011600", "city": "NEW ORLEANS, LA", "zone_code": "UNIVERSITY AREA OFF-STREET PARKING", "zone_category": "Other", "ev_permitted": false}, "geometry": {"type": "Polygon", "coordinates": [[[-90.1170355449547, 29.9216625817015], [-90.1170144789309, 29.9217424028053], [-90.117391256631, 29.9218216048071], [-90.1174125346851, 29.9217411044242], [-90.1170355449547, 29.9216625817015]]]}}, {"type": "Feature", "properties": {"zone_id": "02010XD51NYN7K499JCAPQ", "tract_id": "22071011600", "city": "NEW ORLEANS, LA", "zone_code": "HU-RD2", "zone_category": "Residential", "ev_permitted": false}, "geometry": {"type": "Polygon", "coordinates": [[[-90.1166040724808, 29.9215457713414], [-90.1165824082252, 29.9216278252744], [-90.1168600197679, 29.921683791261], [-90.1168810945576, 29.9216033450173], [-90.1167880263372, 29.9215849801859], [-90.1166040724808, 29.9215457713414]]]}}, {"type": "Feature", "properties": {"zone_id": "0200UN9VY1MCVSWBIPY3N3", "tract_id": "22071011600", "city": "NEW ORLEANS, LA", "zone_code": "HU-RD2", "zone_category": "Residential", "ev_permitted": false}, "geometry": {"type": "Polygon", "coordinates": [[[-90.1169047093168, 29.9221765909459], [-90.1168832695141, 29.9222576590569], [-90.1172524702387, 29.9223316973856], [-90.1172733723915, 29.922251889171], [-90.1169047093168, 29.9221765909459]]]}}, {"type": "Feature", "properties": {"zone_id": "02015ZWX9LWQMIZ4TID0Y7", "tract_id": "22071011600", "city": "NEW ORLEANS, LA", "zone_code": "HU-RD2", "zone_category": "Residential", "ev_permitted": false}, "geometry": {"type": "Polygon", "coordinates": [[[-90.1168832695141, 29.9222576590569], [-90.1168618580826, 29.9223362264503], [-90.1172305227502, 29.9224115248034], [-90.1172524702387, 29.9223316973856], [-90.1168832695141, 29.9222576590569]]]}}, {"type": "Feature", "properties": {"zone_id": "0204N20JN4STCEK9ZOIDUN", "tract_id": "22071011600", "city": "NEW ORLEANS, LA", "zone_code": "HU-RD2", "zone_category": "Residential", "ev_permitted": false}, "geometry": {"type": "Polygon", "coordinates": [[[-90.1168618580826, 29.9223362264503], [-90.116840402972, 29.9224185448995], [-90.1172087237979, 29.9224925896426], [-90.1172305227502, 29.9224115248034], [-90.1168618580826, 29.9223362264503]]]}}, {"type": "Feature", "properties": {"zone_id": "0205CZ5Y22MLVEBO0C7HWI", "tract_id": "22071011600", "city": "NEW ORLEANS, LA", "zone_code": "IZD - NON-COMMERCIAL STR SPECIAL EXCEPTION", "zone_category": "Commercial", "ev_permitted": true}, "geometry": {"type": "Polygon", "coordinates": [[[-90.116840402972, 29.9224185448995], [-90.1168189925079, 29.922497112294], [-90.1171876490845, 29.9225730359296], [-90.1172087237979, 29.9224925896426], [-90.116840402972, 29.9224185448995]]]}}, {"type": "Feature", "properties": {"zone_id": "0202U7Z6AWVKV8DXXRI4NZ", "tract_id": "22071011600", "city": "NEW ORLEANS, LA", "zone_code": "IZD - NON-COMMERCIAL STR SPECIAL EXCEPTION", "zone_category": "Commercial", "ev_permitted": true}, "geometry": {"type": "Polygon", "coordinates": [[[-90.1179045439561, 29.9220151749359], [-90.1178816787474, 29.9220953954719], [-90.1182517913589, 29.9221696622723], [-90.1182742994615, 29.922089229962], [-90.1179045439561, 29.9220151749359]]]}}, {"type": "Feature", "properties": {"zone_id": "02030DLL5PY8S5WRXO9ZZV", "tract_id": "22071011600", "city": "NEW ORLEANS, LA", "zone_code": "IZD - NON-COMMERCIAL STR SPECIAL EXCEPTION", "zone_category": "Commercial", "ev_permitted": true}, "geometry": {"type": "Polygon", "coordinates": [[[-90.1173284933608, 29.9220622442794], [-90.1173074264513, 29.9221420654164], [-90.1176767703682, 29.922220494121], [-90.1176971258767, 29.9221400420121], [-90.1173284933608, 29.9220622442794]]]}}, {"type": "Feature", "properties": {"zone_id": "02003F44EK64SBQICX8KQL", "tract_id": "22071011600", "city": "NEW ORLEANS, LA", "zone_code": "IZD - BED AND BREAKFAST", "zone_category": "Other", "ev_permitted": false}, "geometry": {"type": "Polygon", "coordinates": [[[-90.1173495581654, 29.921982423119], [-90.1173284933608, 29.9220622442794], [-90.1176971258767, 29.9221400420121], [-90.1177181914495, 29.9220602199009], [-90.1173495581654, 29.921982423119]]]}}, {"type": "Feature", "properties": {"zone_id": "0202P8RH67TB9XIOTH2Y5T", "tract_id": "22071011600", "city": "NEW ORLEANS, LA", "zone_code": "UNIVERSITY AREA OFF-STREET PARKING", "zone_category": "Other", "ev_permitted": false}, "geometry": {"type": "Polygon", "coordinates": [[[-90.117370631588, 29.9219019767904], [-90.1173495581654, 29.921982423119], [-90.1177181914495, 29.9220602199009], [-90.1177392580133, 29.9219803986972], [-90.117370631588, 29.9219019767904]]]}}, {"type": "Feature", "properties": {"zone_id": "0206RTFEQI4L0GK43V3U7A", "tract_id": "22071011600", "city": "NEW ORLEANS, LA", "zone_code": "IZD - COMMERCIAL SHORT TERM RENTAL", "zone_category": "Other", "ev_permitted": false}, "geometry": {"type": "Polygon", "coordinates": [[[-90.1174125346851, 29.9217411044242], [-90.117370631588, 29.9219019767904], [-90.1177392580133, 29.9219803986972], [-90.1177814041955, 29.921819505911], [-90.1174125346851, 29.9217411044242]]]}}, {"type": "Feature", "properties": {"zone_id": "0205BUWHRHAEP1RMCRUN7R", "tract_id": "22071011600", "city": "NEW ORLEANS, LA", "zone_code": "IZD - NON-COMMERCIAL STR SPECIAL EXCEPTION", "zone_category": "Commercial", "ev_permitted": true}, "geometry": {"type": "Polygon", "coordinates": [[[-90.1170144789309, 29.9217424028053], [-90.1169934067588, 29.9218226406777], [-90.117370631588, 29.9219019767904], [-90.117391256631, 29.9218216048071], [-90.1170144789309, 29.9217424028053]]]}}, {"type": "Feature", "properties": {"zone_id": "0203X0S3JLZZK9TQU5VM9P", "tract_id": "22071011600", "city": "NEW ORLEANS, LA", "zone_code": "HU-RD2", "zone_category": "Residential", "ev_permitted": false}, "geometry": {"type": "Polygon", "coordinates": [[[-90.1164824187684, 29.9223663032481], [-90.1163953750663, 29.9226778727772], [-90.1165793237991, 29.9227175816762], [-90.1166663692487, 29.9224058243847], [-90.1164824187684, 29.9223663032481]]]}}, {"type": "Feature", "properties": {"zone_id": "0200VNIIFGZ13MG2Z3T5CJ", "tract_id": "22071011600", "city": "NEW ORLEANS, LA", "zone_code": "IZD - NON-COMMERCIAL STR SPECIAL EXCEPTION", "zone_category": "Commercial", "ev_permitted": true}, "geometry": {"type": "Polygon", "coordinates": [[[-90.1163593235973, 29.9223385965644], [-90.1162722609656, 29.9226516039928], [-90.1163953750663, 29.9226778727772], [-90.1164824187684, 29.9223663032481], [-90.1163593235973, 29.9223385965644]]]}}, {"type": "Feature", "properties": {"zone_id": "0201R0WY5LN7RGCDGWRC2P", "tract_id": "22071011600", "city": "NEW ORLEANS, LA", "zone_code": "IZD - BED AND BREAKFAST", "zone_category": "Other", "ev_permitted": false}, "geometry": {"type": "Polygon", "coordinates": [[[-90.1162369184631, 29.9223130849546], [-90.1161555970251, 29.9226261445285], [-90.1161652151203, 29.9226282572234], [-90.1161431174749, 29.9227079206751], [-90.1162204157255, 29.9227248886479], [-90.1162407648984, 29.9226450610408], [-90.1162722609656, 29.9226516039928], [-90.1163593235973, 29.9223385965644], [-90.1162369184631, 29.9223130849546]]]}}, {"type": "Feature", "properties": {"zone_id": "0204ZO9VNE27N06NZR5RTF", "tract_id": "22071011600", "city": "NEW ORLEANS, LA", "zone_code": "UNIVERSITY AREA OFF-STREET PARKING", "zone_category": "Other", "ev_permitted": false}, "geometry": {"type": "Polygon", "coordinates": [[[-90.1162407648984, 29.9226450610408], [-90.1162204157255, 29.9227248886479], [-90.1161431174749, 29.9227079206751], [-90.1161280726016, 29.9227621578362], [-90.1165424948209, 29.9228516341675], [-90.1165793237991, 29.9227175816762], [-90.1162407648984, 29.9226450610408]]]}}, {"type": "Feature", "properties": {"zone_id": "0202WHYJEC64HJFFF9B4CY", "tract_id": "22071011600", "city": "NEW ORLEANS, LA", "zone_code": "HU-RD2", "zone_category": "Residential", "ev_permitted": false}, "geometry": {"type": "Polygon", "coordinates": [[[-90.1161391452508, 29.9222912449643], [-90.1160523043624, 29.922604021532], [-90.1161555970251, 29.9226261445285], [-90.1162369184631, 29.9223130849546], [-90.1161391452508, 29.9222912449643]]]}}, {"type": "Feature", "properties": {"zone_id": "0205LSQ6MNQ7O5ADMCS5Q2", "tract_id": "22071011600", "city": "NEW ORLEANS, LA", "zone_code": "HU-RD2", "zone_category": "Residential", "ev_permitted": false}, "geometry": {"type": "Polygon", "coordinates": [[[-90.1157511998676, 29.9225386354909], [-90.1156813324829, 29.9227924044249], [-90.1160957544163, 29.9228818830653], [-90.1161652151203, 29.9226282572234], [-90.1157511998676, 29.9225386354909]]]}}, {"type": "Feature", "properties": {"zone_id": "0202KFTF1M5WMUF6SKCFL4", "tract_id": "22071011600", "city": "NEW ORLEANS, LA", "zone_code": "UNIVERSITY AREA OFF-STREET PARKING", "zone_category": "Other", "ev_permitted": false}, "geometry": {"type": "Polygon", "coordinates": [[[-90.1152074669268, 29.9225645532675], [-90.1151785491261, 29.9226762988901], [-90.1155487026412, 29.9227558065901], [-90.1155778828757, 29.9226436573179], [-90.1152074669268, 29.9225645532675]]]}}, {"type": "Feature", "properties": {"zone_id": "0206FV6NK0XDUYDZSCPF0F", "tract_id": "22071011600", "city": "NEW ORLEANS, LA", "zone_code": "IZD - BED AND BREAKFAST", "zone_category": "Other", "ev_permitted": false}, "geometry": {"type": "Polygon", "coordinates": [[[-90.1152368444447, 29.9224510327011], [-90.1152074669268, 29.9225645532675], [-90.1155778828757, 29.9226436573179], [-90.1156127735893, 29.9225095663874], [-90.1155214108904, 29.9224891422339], [-90.1155158574176, 29.9225106026425], [-90.1152368444447, 29.9224510327011]]]}}, {"type": "Feature", "properties": {"zone_id": "0204A7LOHQG493RZRW1ECB", "tract_id": "22071011600", "city": "NEW ORLEANS, LA", "zone_code": "UNIVERSITY AREA OFF-STREET PARKING", "zone_category": "Other", "ev_permitted": false}, "geometry": {"type": "Polygon", "coordinates": [[[-90.1158375376833, 29.9222262469241], [-90.1157511998676, 29.9225386354909], [-90.1159294233147, 29.9225769173139], [-90.1160163571869, 29.9222647840697], [-90.1158375376833, 29.9222262469241]]]}}, {"type": "Feature", "properties": {"zone_id": "0204LWCS2QS3L28KJAMVSA", "tract_id": "22071011600", "city": "NEW ORLEANS, LA", "zone_code": "IZD - NON-COMMERCIAL STR SPECIAL EXCEPTION", "zone_category": "Commercial", "ev_permitted": true}, "geometry": {"type": "Polygon", "coordinates": [[[-90.1160163571869, 29.9222647840697], [-90.1159294233147, 29.9225769173139], [-90.1160523043624, 29.922604021532], [-90.1161391452508, 29.9222912449643], [-90.1160163571869, 29.9222647840697]]]}}, {"type": "Feature", "properties": {"zone_id": "0204DQKTIMMLYKRK2FWS21", "tract_id": "22071011600", "city": "NEW ORLEANS, LA", "zone_code": "IZD - BED AND BREAKFAST", "zone_category": "Other", "ev_permitted": false}, "geometry": {"type": "Polygon", "coordinates": [[[-90.115504718907, 29.9221723236979], [-90.1154223603956, 29.9224905754898], [-90.1155158574176, 29.9225106026425], [-90.1155982971607, 29.9221920366699], [-90.115504718907, 29.9221723236979]]]}}, {"type": "Feature", "properties": {"zone_id": "02053E5MY93MDR6QV4P48K", "tract_id": "22071011600", "city": "NEW ORLEANS, LA", "zone_code": "UNIVERSITY AREA OFF-STREET PARKING", "zone_category": "Other", "ev_permitted": false}, "geometry": {"type": "Polygon", "coordinates": [[[-90.1155982971607, 29.9221920366699], [-90.1155214108904, 29.9224891422339], [-90.1156127735893, 29.9225095663874], [-90.1156903464641, 29.9222114286644], [-90.1155982971607, 29.9221920366699]]]}}, {"type": "Feature", "properties": {"zone_id": "0205Z7BEX4M6IOQ3SWS60W", "tract_id": "22071011600", "city": "NEW ORLEANS, LA", "zone_code": "IZD - NON-COMMERCIAL STR SPECIAL EXCEPTION", "zone_category": "Commercial", "ev_permitted": true}, "geometry": {"type": "Polygon", "coordinates": [[[-90.1154111407012, 29.9221526097571], [-90.1153288493312, 29.922470598665], [-90.1154223603956, 29.9224905754898], [-90.115504718907, 29.9221723236979], [-90.1154111407012, 29.9221526097571]]]}}, {"type": "Feature", "properties": {"zone_id": "0205GP3DW2QF4RHIBP4CQM", "tract_id": "22071011600", "city": "NEW ORLEANS, LA", "zone_code": "MAGAZINE STREET USE RESTRICTION", "zone_category": "Other", "ev_permitted": false}, "geometry": {"type": "Polygon", "coordinates": [[[-90.116425303118, 29.9218466779966], [-90.116338157296, 29.9221665605924], [-90.116431218354, 29.9221855509142], [-90.1165183562838, 29.921866292529], [-90.116425303118, 29.9218466779966]]]}}, {"type": "Feature", "properties": {"zone_id": "0203DC0HKSLT8QMU1KC7YK", "tract_id": "22071011600", "city": "NEW ORLEANS, LA", "zone_code": "IZD - BED AND BREAKFAST", "zone_category": "Other", "ev_permitted": false}, "geometry": {"type": "Polygon", "coordinates": [[[-90.1165183562838, 29.921866292529], [-90.116431218354, 29.9221855509142], [-90.1165235465255, 29.922205783976], [-90.1166099786745, 29.9218855193361], [-90.1165183562838, 29.921866292529]]]}}, {"type": "Feature", "properties": {"zone_id": "0200SGMTNTJPT9MVPYET0M", "tract_id": "22071011600", "city": "NEW ORLEANS, LA", "zone_code": "IZD - NON-COMMERCIAL STR SPECIAL EXCEPTION", "zone_category": "Commercial", "ev_permitted": true}, "geometry": {"type": "Polygon", "coordinates": [[[-90.1166099786745, 29.9218855193361], [-90.1165235465255, 29.922205783976], [-90.1166151722969, 29.9222247590855], [-90.116701599583, 29.9219048705727], [-90.1166099786745, 29.9218855193361]]]}}, {"type": "Feature", "properties": {"zone_id": "0207FS360HZMP0WYYNBZ99", "tract_id": "22071011600", "city": "NEW ORLEANS, LA", "zone_code": "IZD - COMMERCIAL SHORT TERM RENTAL", "zone_category": "Other", "ev_permitted": false}, "geometry": {"type": "Polygon", "coordinates": [[[-90.116701599583, 29.9219048705727], [-90.1166151722969, 29.9222247590855], [-90.1167075157715, 29.9222437425733], [-90.1167939427891, 29.9219238530985], [-90.116701599583, 29.9219048705727]]]}}, {"type": "Feature", "properties": {"zone_id": "0206MZ0MNOJTCSXTPSQP7R", "tract_id": "22071011600", "city": "NEW ORLEANS, LA", "zone_code": "IZD - BED AND BREAKFAST", "zone_category": "Other", "ev_permitted": false}, "geometry": {"type": "Polygon", "coordinates": [[[-90.1162406216, 29.9218083370778], [-90.1161541883218, 29.9221286023803], [-90.1162465316417, 29.9221475843877], [-90.1163329590177, 29.9218276952023], [-90.1162406216, 29.9218083370778]]]}}, {"type": "Feature", "properties": {"zone_id": "020197F1YGXEYSG1NK3SEC", "tract_id": "22071011600", "city": "NEW ORLEANS, LA", "zone_code": "MAGAZINE STREET USE RESTRICTION", "zone_category": "Other", "ev_permitted": false}, "geometry": {"type": "Polygon", "coordinates": [[[-90.1163329590177, 29.9218276952023], [-90.1162465316417, 29.9221475843877], [-90.116338157296, 29.9221665605924], [-90.116425303118, 29.9218466779966], [-90.1163329590177, 29.9218276952023]]]}}, {"type": "Feature", "properties": {"zone_id": "0202WMBID3612O3VBMY7DS", "tract_id": "22071011600", "city": "NEW ORLEANS, LA", "zone_code": "IZD - NON-COMMERCIAL STR SPECIAL EXCEPTION", "zone_category": "Commercial", "ev_permitted": true}, "geometry": {"type": "Polygon", "coordinates": [[[-90.1161489993403, 29.9217891109153], [-90.1160618537188, 29.92210899334], [-90.1161541883218, 29.9221286023803], [-90.1162406216, 29.9218083370778], [-90.1161489993403, 29.9217891109153]]]}}, {"type": "Feature", "properties": {"zone_id": "0205OY7Y3A58JP9ATE73MA", "tract_id": "22071011600", "city": "NEW ORLEANS, LA", "zone_code": "IZD - NON-COMMERCIAL STR SPECIAL EXCEPTION", "zone_category": "Commercial", "ev_permitted": true}, "geometry": {"type": "Polygon", "coordinates": [[[-90.116055946319, 29.9217694961215], [-90.1159695094451, 29.9220900102911], [-90.1160618537188, 29.92210899334], [-90.1161489993403, 29.9217891109153], [-90.116055946319, 29.9217694961215]]]}}, {"type": "Feature", "properties": {"zone_id": "0201C5IPXRR7QHPE72WFDU", "tract_id": "22071011600", "city": "NEW ORLEANS, LA", "zone_code": "HU-RD2", "zone_category": "Residential", "ev_permitted": false}, "geometry": {"type": "Polygon", "coordinates": [[[-90.1164433586511, 29.9216017962863], [-90.1164230708177, 29.9216766234492], [-90.1168382359124, 29.9217636056992], [-90.1168600197679, 29.921683791261], [-90.1165824082252, 29.9216278252744], [-90.1164848704917, 29.9216109319215], [-90.1164433586511, 29.9216017962863]]]}}, {"type": "Feature", "properties": {"zone_id": "0201CTTH5OV0CKLFA2IBLT", "tract_id": "22071011600", "city": "NEW ORLEANS, LA", "zone_code": "HU-RD2", "zone_category": "Residential", "ev_permitted": false}, "geometry": {"type": "Polygon", "coordinates": [[[-90.1164012779456, 29.9217570638813], [-90.116379486096, 29.9218375025142], [-90.1167939427891, 29.9219238530985], [-90.116816452022, 29.921843420133], [-90.1164012779456, 29.9217570638813]]]}}, {"type": "Feature", "properties": {"zone_id": "02069HGP66UK6W1B9HVKRY", "tract_id": "22071011600", "city": "NEW ORLEANS, LA", "zone_code": "IZD - NON-COMMERCIAL STR SPECIAL EXCEPTION", "zone_category": "Commercial", "ev_permitted": true}, "geometry": {"type": "Polygon", "coordinates": [[[-90.1164230708177, 29.9216766234492], [-90.1164012779456, 29.9217570638813], [-90.116816452022, 29.921843420133], [-90.1168382359124, 29.9217636056992], [-90.1164230708177, 29.9216766234492]]]}}, {"type": "Feature", "properties": {"zone_id": "0203SAJFT8FJIJC18ZMVEX", "tract_id": "22071011600", "city": "NEW ORLEANS, LA", "zone_code": "IZD - NON-COMMERCIAL STR SPECIAL EXCEPTION", "zone_category": "Commercial", "ev_permitted": true}, "geometry": {"type": "Polygon", "coordinates": [[[-90.1160086307102, 29.9215890222488], [-90.1159861056342, 29.9216707054256], [-90.1164012779456, 29.9217570638813], [-90.1164230708177, 29.9216766234492], [-90.1160086307102, 29.9215890222488]]]}}, {"type": "Feature", "properties": {"zone_id": "0207GFDMCEG6VAPTKVFXUU", "tract_id": "22071011600", "city": "NEW ORLEANS, LA", "zone_code": "UNIVERSITY AREA OFF-STREET PARKING", "zone_category": "Other", "ev_permitted": false}, "geometry": {"type": "Polygon", "coordinates": [[[-90.1159861056342, 29.9216707054256], [-90.1159643210828, 29.9217505197193], [-90.116379486096, 29.9218375025142], [-90.1164012779456, 29.9217570638813], [-90.1159861056342, 29.9216707054256]]]}}, {"type": "Feature", "properties": {"zone_id": "02011SSK72OWZXJD2A9DEK", "tract_id": "22071011600", "city": "NEW ORLEANS, LA", "zone_code": "HU-RD2", "zone_category": "Residential", "ev_permitted": false}, "geometry": {"type": "Polygon", "coordinates": [[[-90.1159643210828, 29.9217505197193], [-90.115877166242, 29.9220710271871], [-90.1159695094451, 29.9220900102911], [-90.116055946319, 29.9217694961215], [-90.1159643210828, 29.9217505197193]]]}}, {"type": "Feature", "properties": {"zone_id": "02052V6UZRS7JPHZR4P0DT", "tract_id": "22071011600", "city": "NEW ORLEANS, LA", "zone_code": "HU-RD2", "zone_category": "Residential", "ev_permitted": false}, "geometry": {"type": "Polygon", "coordinates": [[[-90.1157214443843, 29.9217089878265], [-90.1156423883975, 29.9220168378718], [-90.1157365837736, 29.9220355369421], [-90.1158158537802, 29.9217268461433], [-90.1157214443843, 29.9217089878265]]]}}, {"type": "Feature", "properties": {"zone_id": "020686VBHY40GUJPYO2RIP", "tract_id": "22071011600", "city": "NEW ORLEANS, LA", "zone_code": "IZD - BED AND BREAKFAST", "zone_category": "Other", "ev_permitted": false}, "geometry": {"type": "Polygon", "coordinates": [[[-90.1154354477389, 29.921570877832], [-90.115415680725, 29.9216478632876], [-90.1154389353218, 29.9216526014671], [-90.1154382143392, 29.9216554115479], [-90.1158158537802, 29.9217268461433], [-90.1158346319362, 29.9216537202326], [-90.1154354477389, 29.921570877832]]]}}, {"type": "Feature", "properties": {"zone_id": "0203JG13ZMGUR4XQSV767P", "tract_id": "22071011600", "city": "NEW ORLEANS, LA", "zone_code": "HU-RD2", "zone_category": "Residential", "ev_permitted": false}, "geometry": {"type": "Polygon", "coordinates": [[[-90.1156270350223, 29.9216911294418], [-90.1155481940923, 29.9219981387437], [-90.1156423883975, 29.9220168378718], [-90.1157214443843, 29.9217089878265], [-90.1156270350223, 29.9216911294418]]]}}, {"type": "Feature", "properties": {"zone_id": "0205X09UQI5BCR2A8OORYD", "tract_id": "22071011600", "city": "NEW ORLEANS, LA", "zone_code": "HU-RD2", "zone_category": "Residential", "ev_permitted": false}, "geometry": {"type": "Polygon", "coordinates": [[[-90.1154382143392, 29.9216554115479], [-90.1153598045411, 29.9219607411774], [-90.1155481940923, 29.9219981387437], [-90.1156270350223, 29.9216911294418], [-90.1154382143392, 29.9216554115479]]]}}, {"type": "Feature", "properties": {"zone_id": "02075FOSJER84J1JZVTTBT", "tract_id": "22071011600", "city": "NEW ORLEANS, LA", "zone_code": "IZD - NON-COMMERCIAL STR SPECIAL EXCEPTION", "zone_category": "Commercial", "ev_permitted": true}, "geometry": {"type": "Polygon", "coordinates": [[[-90.1151978075325, 29.9261465889329], [-90.1151089973163, 29.9264845854599], [-90.1152929510335, 29.9265244206315], [-90.1153825002097, 29.9261845569026], [-90.1151978075325, 29.9261465889329]]]}}, {"type": "Feature", "properties": {"zone_id": "020441XDHYB75THJ03YH63", "tract_id": "22071011600", "city": "NEW ORLEANS, LA", "zone_code": "UNIVERSITY AREA OFF-STREET PARKING", "zone_category": "Other", "ev_permitted": false}, "geometry": {"type": "Polygon", "coordinates": [[[-90.1148284118494, 29.9260712782614], [-90.1147869844523, 29.926231552391], [-90.1151556695835, 29.9263062304461], [-90.1151978075325, 29.9261465889329], [-90.1148284118494, 29.9260712782614]]]}}, {"type": "Feature", "properties": {"zone_id": "0200FQCM1KAYXSYH49KO3U", "tract_id": "22071011600", "city": "NEW ORLEANS, LA", "zone_code": "IZD - NON-COMMERCIAL STR SPECIAL EXCEPTION", "zone_category": "Commercial", "ev_permitted": true}, "geometry": {"type": "Polygon", "coordinates": [[[-90.1147869844523, 29.926231552391], [-90.1147614501303, 29.926324459134], [-90.115130852259, 29.9263991447988], [-90.1151556695835, 29.9263062304461], [-90.1147869844523, 29.926231552391]]]}}, {"type": "Feature", "properties": {"zone_id": "02015TI3YG2VFNNRSK1BN2", "tract_id": "22071011600", "city": "NEW ORLEANS, LA", "zone_code": "HU-RD2", "zone_category": "Residential", "ev_permitted": false}, "geometry": {"type": "Polygon", "coordinates": [[[-90.1149226728844, 29.9256983277569], [-90.1148865882216, 29.9258323956803], [-90.115173629035, 29.925893190032], [-90.1152125973847, 29.9257578982499], [-90.1149226728844, 29.9256983277569]]]}}, {"type": "Feature", "properties": {"zone_id": "0205A3G8IRPPE68LMYHPU4", "tract_id": "22071011600", "city": "NEW ORLEANS, LA", "zone_code": "IZD - BED AND BREAKFAST", "zone_category": "Other", "ev_permitted": false}, "geometry": {"type": "Polygon", "coordinates": [[[-90.1152125973847, 29.9257578982499], [-90.1151354067474, 29.9260259877352], [-90.1152671138817, 29.9260540883288], [-90.1153450295317, 29.9257853802394], [-90.1152125973847, 29.9257578982499]]]}}, {"type": "Feature", "properties": {"zone_id": "0200CB9YENSL15OA7HK95I", "tract_id": "22071011600", "city": "NEW ORLEANS, LA", "zone_code": "IZD - NON-COMMERCIAL STR SPECIAL EXCEPTION", "zone_category": "Commercial", "ev_permitted": true}, "geometry": {"type": "Polygon", "coordinates": [[[-90.1148865882216, 29.9258323956803], [-90.1148519389068, 29.9259664759855], [-90.1151354067474, 29.9260259877352], [-90.115173629035, 29.925893190032], [-90.1148865882216, 29.9258323956803]]]}}, {"type": "Feature", "properties": {"zone_id": "0201NOHPRSH1W3STI0DWWH", "tract_id": "22071011600", "city": "NEW ORLEANS, LA", "zone_code": "HU-RD2", "zone_category": "Residential", "ev_permitted": false}, "geometry": {"type": "Polygon", "coordinates": [[[-90.1141553757509, 29.9260419118299], [-90.1141299139307, 29.926147578434], [-90.1146180501348, 29.9262430570724], [-90.1146483898287, 29.9261389323656], [-90.1141553757509, 29.9260419118299]]]}}, {"type": "Feature", "properties": {"zone_id": "0207NHPSRV66NUTHLFWRM2", "tract_id": "22071011600", "city": "NEW ORLEANS, LA", "zone_code": "UNIVERSITY AREA OFF-STREET PARKING", "zone_category": "Other", "ev_permitted": false}, "geometry": {"type": "Polygon", "coordinates": [[[-90.1141805636696, 29.9259373803907], [-90.1141553757509, 29.9260419118299], [-90.1146483898287, 29.9261389323656], [-90.1146748719069, 29.9260347466514], [-90.1141805636696, 29.9259373803907]]]}}, {"type": "Feature", "properties": {"zone_id": "0203XUP4FXOYL9S8E9DZSL", "tract_id": "22071011600", "city": "NEW ORLEANS, LA", "zone_code": "HU-RD2", "zone_category": "Residential", "ev_permitted": false}, "geometry": {"type": "Polygon", "coordinates": [[[-90.1142465249527, 29.9261698651224], [-90.1142189442325, 29.9262796659611], [-90.1145930667161, 29.9263536904436], [-90.1146180501348, 29.9262430570724], [-90.1142465249527, 29.9261698651224]]]}}, {"type": "Feature", "properties": {"zone_id": "0202WQFZNGLYGO81J0HKX4", "tract_id": "22071011600", "city": "NEW ORLEANS, LA", "zone_code": "IZD - NON-COMMERCIAL STR SPECIAL EXCEPTION", "zone_category": "Commercial", "ev_permitted": true}, "geometry": {"type": "Polygon", "coordinates": [[[-90.1142189442325, 29.9262796659611], [-90.1142128111682, 29.9263060525139], [-90.1141231730036, 29.9262881687465], [-90.1140999123417, 29.926371094343], [-90.1145622566466, 29.9264618022329], [-90.1145930667161, 29.9263536904436], [-90.1142189442325, 29.9262796659611]]]}}, {"type": "Feature", "properties": {"zone_id": "0203JN5Y336GYS6602NZ77", "tract_id": "22071011600", "city": "NEW ORLEANS, LA", "zone_code": "HU-RD2", "zone_category": "Residential", "ev_permitted": false}, "geometry": {"type": "Polygon", "coordinates": [[[-90.1137876965342, 29.9260800178468], [-90.1137523060572, 29.9262159667329], [-90.1142128111682, 29.9263060525139], [-90.1142465249527, 29.9261698651224], [-90.1137876965342, 29.9260800178468]]]}}, {"type": "Feature", "properties": {"zone_id": "0204TB14EVWGIZJO6P7ZOV", "tract_id": "22071011600", "city": "NEW ORLEANS, LA", "zone_code": "IZD - BED AND BREAKFAST", "zone_category": "Other", "ev_permitted": false}, "geometry": {"type": "Polygon", "coordinates": [[[-90.1144984753455, 29.9257548743684], [-90.1144666963908, 29.9258889820755], [-90.1146871763567, 29.9259347837405], [-90.1147268336017, 29.9258019994539], [-90.1144984753455, 29.9257548743684]]]}}, {"type": "Feature", "properties": {"zone_id": "0203HFKACF83XE0ZTFGWSX", "tract_id": "22071011600", "city": "NEW ORLEANS, LA", "zone_code": "UNIVERSITY AREA OFF-STREET PARKING", "zone_category": "Other", "ev_permitted": false}, "geometry": {"type": "Polygon", "coordinates": [[[-90.113841203583, 29.9258710969034], [-90.1137876965342, 29.9260800178468], [-90.1141299139307, 29.926147578434], [-90.1141805636696, 29.9259373803907], [-90.113841203583, 29.9258710969034]]]}}, {"type": "Feature", "properties": {"zone_id": "0206BIMAJFP56B7HNK9L4R", "tract_id": "22071011600", "city": "NEW ORLEANS, LA", "zone_code": "IZD - BED AND BREAKFAST", "zone_category": "Other", "ev_permitted": false}, "geometry": {"type": "Polygon", "coordinates": [[[-90.1152882616632, 29.9254972975061], [-90.1152125973847, 29.9257578982499], [-90.1153450295317, 29.9257853802394], [-90.1154214406777, 29.925522285363], [-90.1152882616632, 29.9254972975061]]]}}, {"type": "Feature", "properties": {"zone_id": "0202MY861C9OZSYNPBTLR0", "tract_id": "22071011600", "city": "NEW ORLEANS, LA", "zone_code": "IZD - NON-COMMERCIAL STR SPECIAL EXCEPTION", "zone_category": "Commercial", "ev_permitted": true}, "geometry": {"type": "Polygon", "coordinates": [[[-90.1149911388958, 29.925439535332], [-90.1149572838647, 29.925567372392], [-90.1152507813188, 29.9256282263854], [-90.1152882616632, 29.9254972975061], [-90.1149911388958, 29.925439535332]]]}}, {"type": "Feature", "properties": {"zone_id": "0200OCDYM6IW3RXI81ROM9", "tract_id": "22071011600", "city": "NEW ORLEANS, LA", "zone_code": "IZD - NON-COMMERCIAL STR SPECIAL EXCEPTION", "zone_category": "Commercial", "ev_permitted": true}, "geometry": {"type": "Polygon", "coordinates": [[[-90.1149572838647, 29.925567372392], [-90.1149226728844, 29.9256983277569], [-90.1152125973847, 29.9257578982499], [-90.1152507813188, 29.9256282263854], [-90.1149572838647, 29.925567372392]]]}}, {"type": "Feature", "properties": {"zone_id": "0204VE8G313PWL3EVLJS2A", "tract_id": "22071011600", "city": "NEW ORLEANS, LA", "zone_code": "IZD - BED AND BREAKFAST", "zone_category": "Other", "ev_permitted": false}, "geometry": {"type": "Polygon", "coordinates": [[[-90.1147527867212, 29.9253809058386], [-90.1146734343742, 29.925649599391], [-90.114765780648, 29.9256685842335], [-90.1148444150596, 29.9253998830758], [-90.1147527867212, 29.9253809058386]]]}}, {"type": "Feature", "properties": {"zone_id": "0204X41M2O7B5KYFDB26XG", "tract_id": "22071011600", "city": "NEW ORLEANS, LA", "zone_code": "IZD - BED AND BREAKFAST", "zone_category": "Other", "ev_permitted": false}, "geometry": {"type": "Polygon", "coordinates": [[[-90.1145208429144, 29.9253337484676], [-90.1144279767552, 29.9256510766654], [-90.1145661492389, 29.9256786117304], [-90.1146597229924, 29.9253619152393], [-90.1145208429144, 29.9253337484676]]]}}, {"type": "Feature", "properties": {"zone_id": "0206FTVF957FSQ4PR731MY", "tract_id": "22071011600", "city": "NEW ORLEANS, LA", "zone_code": "HU-RD2", "zone_category": "Residential", "ev_permitted": false}, "geometry": {"type": "Polygon", "coordinates": [[[-90.1146597229924, 29.9253619152393], [-90.1145803704099, 29.9256306087363], [-90.1146734343742, 29.925649599391], [-90.1147527867212, 29.9253809058386], [-90.1146597229924, 29.9253619152393]]]}}, {"type": "Feature", "properties": {"zone_id": "02053AKPXQD2RY90LG9NEN", "tract_id": "22071011600", "city": "NEW ORLEANS, LA", "zone_code": "IZD - NON-COMMERCIAL STR SPECIAL EXCEPTION", "zone_category": "Commercial", "ev_permitted": true}, "geometry": {"type": "Polygon", "coordinates": [[[-90.1145803704099, 29.9256306087363], [-90.1145661492389, 29.9256786117304], [-90.1145196129141, 29.9256694289551], [-90.1144984753455, 29.9257548743684], [-90.1147268336017, 29.9258019994539], [-90.114765780648, 29.9256685842335], [-90.1145803704099, 29.9256306087363]]]}}, {"type": "Feature", "properties": {"zone_id": "0205N33OT0R1K7RHPPBRWD", "tract_id": "22071011600", "city": "NEW ORLEANS, LA", "zone_code": "IZD - NON-COMMERCIAL STR SPECIAL EXCEPTION", "zone_category": "Commercial", "ev_permitted": true}, "geometry": {"type": "Polygon", "coordinates": [[[-90.1143871669137, 29.9256431964901], [-90.1143342719725, 29.9258608749312], [-90.1144666963908, 29.9258889820755], [-90.1145196129141, 29.9256694289551], [-90.1143871669137, 29.9256431964901]]]}}, {"type": "Feature", "properties": {"zone_id": "0203KSPVKJ89PWK32K4LSF", "tract_id": "22071011600", "city": "NEW ORLEANS, LA", "zone_code": "HU-RD2", "zone_category": "Residential", "ev_permitted": false}, "geometry": {"type": "Polygon", "coordinates": [[[-90.1138911108412, 29.9256449000889], [-90.113860466637, 29.9257628746161], [-90.1143342719725, 29.9258608749312], [-90.1143639531727, 29.9257395269691], [-90.1138911108412, 29.9256449000889]]]}}, {"type": "Feature", "properties": {"zone_id": "0205RAC4RNHLW1RRZV5KIO", "tract_id": "22071011600", "city": "NEW ORLEANS, LA", "zone_code": "IZD - NON-COMMERCIAL STR SPECIAL EXCEPTION", "zone_category": "Commercial", "ev_permitted": true}, "geometry": {"type": "Polygon", "coordinates": [[[-90.1139597834662, 29.9253874706494], [-90.1139161952362, 29.9255483479386], [-90.1142863191992, 29.9256224183645], [-90.1143292054692, 29.9254602830647], [-90.1139597834662, 29.9253874706494]]]}}, {"type": "Feature", "properties": {"zone_id": "0202E8IQ1UL41P0RODK612", "tract_id": "22071011600", "city": "NEW ORLEANS, LA", "zone_code": "UNIVERSITY AREA OFF-STREET PARKING", "zone_category": "Other", "ev_permitted": false}, "geometry": {"type": "Polygon", "coordinates": [[[-90.1139161952362, 29.9255483479386], [-90.1138911108412, 29.9256449000889], [-90.1143639531727, 29.9257395269691], [-90.1143871669137, 29.9256431964901], [-90.1139161952362, 29.9255483479386]]]}}, {"type": "Feature", "properties": {"zone_id": "0207GPRHXRDOBLV3MC2ZNX", "tract_id": "22071011600", "city": "NEW ORLEANS, LA", "zone_code": "UNIVERSITY AREA OFF-STREET PARKING", "zone_category": "Other", "ev_permitted": false}, "geometry": {"type": "Polygon", "coordinates": [[[-90.1143706037764, 29.9253025097653], [-90.1142863191992, 29.9256224183645], [-90.1144279767552, 29.9256510766654], [-90.1145208429144, 29.9253337484676], [-90.1143706037764, 29.9253025097653]]]}}, {"type": "Feature", "properties": {"zone_id": "0207JI0RVWYW4QSV52OCV7", "tract_id": "22071011600", "city": "NEW ORLEANS, LA", "zone_code": "IZD - BED AND BREAKFAST", "zone_category": "Other", "ev_permitted": false}, "geometry": {"type": "Polygon", "coordinates": [[[-90.1140012128659, 29.9252271976745], [-90.1139597834662, 29.9253874706494], [-90.1143292054692, 29.9254602830647], [-90.1143706037764, 29.9253025097653], [-90.1140012128659, 29.9252271976745]]]}}, {"type": "Feature", "properties": {"zone_id": "020323P4I2ZQNQESLJB6CE", "tract_id": "22071011600", "city": "NEW ORLEANS, LA", "zone_code": "IZD - NON-COMMERCIAL STR SPECIAL EXCEPTION", "zone_category": "Commercial", "ev_permitted": true}, "geometry": {"type": "Polygon", "coordinates": [[[-90.1137523060572, 29.9262159667329], [-90.1137244409016, 29.9263232304776], [-90.1140953092733, 29.9263954316764], [-90.1140999123417, 29.926371094343], [-90.1141231730036, 29.9262881687465], [-90.1137523060572, 29.9262159667329]]]}}, {"type": "Feature", "properties": {"zone_id": "0203O3N6E4GDJCWE6VVOLD", "tract_id": "22071011600", "city": "NEW ORLEANS, LA", "zone_code": "HU-RD2", "zone_category": "Residential", "ev_permitted": false}, "geometry": {"type": "Polygon", "coordinates": [[[-90.1151597271947, 29.9248566055438], [-90.1151222077456, 29.9249906593515], [-90.1154758425924, 29.9250633232557], [-90.1155148036052, 29.9249286574545], [-90.1151597271947, 29.9248566055438]]]}}, {"type": "Feature", "properties": {"zone_id": "0205MBBNL17XX6I429XWNH", "tract_id": "22071011600", "city": "NEW ORLEANS, LA", "zone_code": "IZD - NON-COMMERCIAL STR SPECIAL EXCEPTION", "zone_category": "Commercial", "ev_permitted": true}, "geometry": {"type": "Polygon", "coordinates": [[[-90.1151222077456, 29.9249906593515], [-90.115045741766, 29.9252581302746], [-90.1151621128874, 29.9252825215438], [-90.1152364976904, 29.9250142878494], [-90.1151222077456, 29.9249906593515]]]}}, {"type": "Feature", "properties": {"zone_id": "0204X2LQ80IJUC38SN236Q", "tract_id": "22071011600", "city": "NEW ORLEANS, LA", "zone_code": "IZD - BED AND BREAKFAST", "zone_category": "Other", "ev_permitted": false}, "geometry": {"type": "Polygon", "coordinates": [[[-90.1152364976904, 29.9250142878494], [-90.1151621128874, 29.9252825215438], [-90.1154000876106, 29.9253314243958], [-90.1154758425924, 29.9250633232557], [-90.1152364976904, 29.9250142878494]]]}}, {"type": "Feature", "properties": {"zone_id": "0202K7ZDXR0O6CZAOQKSX0", "tract_id": "22071011600", "city": "NEW ORLEANS, LA", "zone_code": "UNIVERSITY AREA OFF-STREET PARKING", "zone_category": "Other", "ev_permitted": false}, "geometry": {"type": "Polygon", "coordinates": [[[-90.1147564059802, 29.924915381709], [-90.1146885342874, 29.9251841816346], [-90.1148732260256, 29.9252221503336], [-90.1149410962112, 29.9249533503045], [-90.1147564059802, 29.924915381709]]]}}, {"type": "Feature", "properties": {"zone_id": "0206D5I17X0K7J2Z4Q4M6A", "tract_id": "22071011600", "city": "NEW ORLEANS, LA", "zone_code": "IZD - BED AND BREAKFAST", "zone_category": "Other", "ev_permitted": false}, "geometry": {"type": "Polygon", "coordinates": [[[-90.1151979555964, 29.9247231826307], [-90.1151597271947, 29.9248566055438], [-90.1155148036052, 29.9249286574545], [-90.1155530315709, 29.9247952335374], [-90.1151979555964, 29.9247231826307]]]}}, {"type": "Feature", "properties": {"zone_id": "020183TLP43V3GRZ6MI8I4", "tract_id": "22071011600", "city": "NEW ORLEANS, LA", "zone_code": "IZD - BED AND BREAKFAST", "zone_category": "Other", "ev_permitted": false}, "geometry": {"type": "Polygon", "coordinates": [[[-90.1148235117462, 29.9246503252087], [-90.1147564059802, 29.924915381709], [-90.1149410962112, 29.9249533503045], [-90.1150082035837, 29.9246882937304], [-90.1148235117462, 29.9246503252087]]]}}, {"type": "Feature", "properties": {"zone_id": "0205TQYCAF685UUC40C2RQ", "tract_id": "22071011600", "city": "NEW ORLEANS, LA", "zone_code": "HU-RD2", "zone_category": "Residential", "ev_permitted": false}, "geometry": {"type": "Polygon", "coordinates": [[[-90.1146696096541, 29.92461826887], [-90.1146107344531, 29.9248849642092], [-90.1147564059802, 29.924915381709], [-90.1148235117462, 29.9246503252087], [-90.1146696096541, 29.92461826887]]]}}, {"type": "Feature", "properties": {"zone_id": "0202X7EPW5RRQIUB4L3GTE", "tract_id": "22071011600", "city": "NEW ORLEANS, LA", "zone_code": "IZD - NON-COMMERCIAL STR SPECIAL EXCEPTION", "zone_category": "Commercial", "ev_permitted": true}, "geometry": {"type": "Polygon", "coordinates": [[[-90.1144829644707, 29.9248578377357], [-90.1144520714296, 29.9249782000998], [-90.1144310779296, 29.9250517708192], [-90.1144114979625, 29.9251272294623], [-90.1145496544485, 29.9251560148927], [-90.1146107344531, 29.9248849642092], [-90.1144829644707, 29.9248578377357]]]}}, {"type": "Feature", "properties": {"zone_id": "0204TNTSTAHI1C3ASYUX4S", "tract_id": "22071011600", "city": "NEW ORLEANS, LA", "zone_code": "IZD - BED AND BREAKFAST", "zone_category": "Other", "ev_permitted": false}, "geometry": {"type": "Polygon", "coordinates": [[[-90.1146107344531, 29.9248849642092], [-90.1145496544485, 29.9251560148927], [-90.1146885342874, 29.9251841816346], [-90.1147564059802, 29.924915381709], [-90.1146107344531, 29.9248849642092]]]}}, {"type": "Feature", "properties": {"zone_id": "0206SYVPVT0JOHXAMC68S1", "tract_id": "22071011600", "city": "NEW ORLEANS, LA", "zone_code": "UNIVERSITY AREA OFF-STREET PARKING", "zone_category": "Other", "ev_permitted": false}, "geometry": {"type": "Polygon", "coordinates": [[[-90.1140834222777, 29.9249010193675], [-90.1140421305813, 29.9250500419653], [-90.1144114979625, 29.9251272294623], [-90.1144310779296, 29.9250517708192], [-90.1144520714296, 29.9249782000998], [-90.1140834222777, 29.9249010193675]]]}}, {"type": "Feature", "properties": {"zone_id": "0202QBQUPVRT7D3JW5IP7B", "tract_id": "22071011600", "city": "NEW ORLEANS, LA", "zone_code": "IZD - NON-COMMERCIAL STR SPECIAL EXCEPTION", "zone_category": "Commercial", "ev_permitted": true}, "geometry": {"type": "Polygon", "coordinates": [[[-90.1145565160556, 29.924594091576], [-90.1145031551818, 29.9247911363493], [-90.1144829644707, 29.9248578377357], [-90.1146107344531, 29.9248849642092], [-90.1146696096541, 29.92461826887], [-90.1145565160556, 29.924594091576]]]}}, {"type": "Feature", "properties": {"zone_id": "020668RFZQPN2C75X0EL2O", "tract_id": "22071011600", "city": "NEW ORLEANS, LA", "zone_code": "HU-RD2", "zone_category": "Residential", "ev_permitted": false}, "geometry": {"type": "Polygon", "coordinates": [[[-90.1141871494996, 29.9245169044713], [-90.1141645764651, 29.9246023374424], [-90.1145332322217, 29.9246788918749], [-90.1145565160556, 29.924594091576], [-90.1141871494996, 29.9245169044713]]]}}, {"type": "Feature", "properties": {"zone_id": "0202OA69AZ3BL4R9COZIF2", "tract_id": "22071011600", "city": "NEW ORLEANS, LA", "zone_code": "HU-RD2", "zone_category": "Residential", "ev_permitted": false}, "geometry": {"type": "Polygon", "coordinates": [[[-90.1141645764651, 29.9246023374424], [-90.1141345077169, 29.9247139557679], [-90.1145031551818, 29.9247911363493], [-90.1145332322217, 29.9246788918749], [-90.1141645764651, 29.9246023374424]]]}}, {"type": "Feature", "properties": {"zone_id": "0206BD4ZA1ERNO8IGW1N61", "tract_id": "22071011600", "city": "NEW ORLEANS, LA", "zone_code": "IZD - BED AND BREAKFAST", "zone_category": "Other", "ev_permitted": false}, "geometry": {"type": "Polygon", "coordinates": [[[-90.1141345077169, 29.9247139557679], [-90.1140834222777, 29.9249010193675], [-90.1144520714296, 29.9249782000998], [-90.1144829644707, 29.9248578377357], [-90.1145031551818, 29.9247911363493], [-90.1141345077169, 29.9247139557679]]]}}, {"type": "Feature", "properties": {"zone_id": "0201C87NOM4T7LAA2QJHEI", "tract_id": "22071011600", "city": "NEW ORLEANS, LA", "zone_code": "UNIVERSITY AREA OFF-STREET PARKING", "zone_category": "Other", "ev_permitted": false}, "geometry": {"type": "Polygon", "coordinates": [[[-90.1146307384037, 29.9243367095841], [-90.1146158469363, 29.9243769381976], [-90.1145914869062, 29.9244698927976], [-90.1150478141324, 29.9245592594629], [-90.1150860730811, 29.9244233367864], [-90.1146307384037, 29.9243367095841]]]}}, {"type": "Feature", "properties": {"zone_id": "02054CYL6BZVZ71BE00XH5", "tract_id": "22071011600", "city": "NEW ORLEANS, LA", "zone_code": "IZD - NON-COMMERCIAL STR SPECIAL EXCEPTION", "zone_category": "Commercial", "ev_permitted": true}, "geometry": {"type": "Polygon", "coordinates": [[[-90.1151012684854, 29.9240015181714], [-90.1150283764805, 29.9242702717962], [-90.115124316665, 29.924288664443], [-90.1152000716182, 29.9240205616214], [-90.1151012684854, 29.9240015181714]]]}}, {"type": "Feature", "properties": {"zone_id": "0207NMOXMVNFYEHTFDTXA5", "tract_id": "22071011600", "city": "NEW ORLEANS, LA", "zone_code": "UNIVERSITY AREA OFF-STREET PARKING", "zone_category": "Other", "ev_permitted": false}, "geometry": {"type": "Polygon", "coordinates": [[[-90.1150096184998, 29.9239844157273], [-90.1149360161765, 29.9242525383832], [-90.1150283764805, 29.9242702717962], [-90.1151012684854, 29.9240015181714], [-90.1150096184998, 29.9239844157273]]]}}, {"type": "Feature", "properties": {"zone_id": "02067RCTRUPCDQ5HE4PX1W", "tract_id": "22071011600", "city": "NEW ORLEANS, LA", "zone_code": "HU-RD2", "zone_category": "Residential", "ev_permitted": false}, "geometry": {"type": "Polygon", "coordinates": [[[-90.1146819759456, 29.9241324146266], [-90.1146519238033, 29.9242434954965], [-90.1146307384037, 29.9243367095841], [-90.1150860730811, 29.9244233367864], [-90.115124316665, 29.924288664443], [-90.1147505866417, 29.9242164386482], [-90.1147686391976, 29.9241484669233], [-90.1146819759456, 29.9241324146266]]]}}, {"type": "Feature", "properties": {"zone_id": "0202M68LTWWAPBQSJRDD5D", "tract_id": "22071011600", "city": "NEW ORLEANS, LA", "zone_code": "IZD - NON-COMMERCIAL STR SPECIAL EXCEPTION", "zone_category": "Commercial", "ev_permitted": true}, "geometry": {"type": "Polygon", "coordinates": [[[-90.1148234706874, 29.9239483103392], [-90.1147505866417, 29.9242164386482], [-90.1149360161765, 29.9242525383832], [-90.1150096184998, 29.9239844157273], [-90.1148234706874, 29.9239483103392]]]}}, {"type": "Feature", "properties": {"zone_id": "02047L3FV3UBHKLIXQVC8F", "tract_id": "22071011600", "city": "NEW ORLEANS, LA", "zone_code": "UNIVERSITY AREA OFF-STREET PARKING", "zone_category": "Other", "ev_permitted": false}, "geometry": {"type": "Polygon", "coordinates": [[[-90.1143602368209, 29.9238596268063], [-90.1143061211185, 29.9240597898411], [-90.1147686391976, 29.9241484669233], [-90.1148234706874, 29.9239483103392], [-90.1143602368209, 29.9238596268063]]]}}, {"type": "Feature", "properties": {"zone_id": "02010MKRWGIR9OW4PYXNYH", "tract_id": "22071011600", "city": "NEW ORLEANS, LA", "zone_code": "HU-RD2", "zone_category": "Residential", "ev_permitted": false}, "geometry": {"type": "Polygon", "coordinates": [[[-90.1145813058419, 29.9230340100356], [-90.1143970763058, 29.9237224406701], [-90.1152281928513, 29.9238920470441], [-90.115412423561, 29.9232029900777], [-90.1145813058419, 29.9230340100356]]]}}, {"type": "Feature", "properties": {"zone_id": "0203DEBS9RIR51OKJG8WQS", "tract_id": "22071011600", "city": "NEW ORLEANS, LA", "zone_code": "IZD - BED AND BREAKFAST", "zone_category": "Other", "ev_permitted": false}, "geometry": {"type": "Polygon", "coordinates": [[[-90.1151785491261, 29.9226762988901], [-90.115164665797, 29.9227299458188], [-90.1151462593176, 29.9227260554744], [-90.1151283196677, 29.9227731922503], [-90.1151057895642, 29.922859703951], [-90.1150765998921, 29.9229935380837], [-90.1151870487757, 29.9230168486811], [-90.1152705988197, 29.9226960286105], [-90.1151785491261, 29.9226762988901]]]}}, {"type": "Feature", "properties": {"zone_id": "0205BYCC8QHL2AZCK4K7LX", "tract_id": "22071011600", "city": "NEW ORLEANS, LA", "zone_code": "HU-RD2", "zone_category": "Residential", "ev_permitted": false}, "geometry": {"type": "Polygon", "coordinates": [[[-90.1147012188301, 29.9226320091008], [-90.1146319316445, 29.922898941871], [-90.1150765998921, 29.9229935380837], [-90.1151057895642, 29.922859703951], [-90.1151283196677, 29.9227731922503], [-90.1151462593176, 29.9227260554744], [-90.1147012188301, 29.9226320091008]]]}}, {"type": "Feature", "properties": {"zone_id": "0204CT9WZVJX99P8T68JJM", "tract_id": "22071011600", "city": "NEW ORLEANS, LA", "zone_code": "UNIVERSITY AREA OFF-STREET PARKING", "zone_category": "Other", "ev_permitted": false}, "geometry": {"type": "Polygon", "coordinates": [[[-90.1147442740608, 29.9224661390602], [-90.1147012188301, 29.9226320091008], [-90.115164665797, 29.9227299458188], [-90.1152074669268, 29.9225645532675], [-90.1147442740608, 29.9224661390602]]]}}, {"type": "Feature", "properties": {"zone_id": "02072G1KPMGK8B84WR8W6F", "tract_id": "22071011600", "city": "NEW ORLEANS, LA", "zone_code": "HU-RD2", "zone_category": "Residential", "ev_permitted": false}, "geometry": {"type": "Polygon", "coordinates": [[[-90.1152270547417, 29.9221138281342], [-90.1151449997379, 29.9224309051655], [-90.1152368444447, 29.9224510327011], [-90.1153190915063, 29.9221332175671], [-90.1152270547417, 29.9221138281342]]]}}, {"type": "Feature", "properties": {"zone_id": "0202STA31O18JP7S061789", "tract_id": "22071011600", "city": "NEW ORLEANS, LA", "zone_code": "HU-RD2", "zone_category": "Residential", "ev_permitted": false}, "geometry": {"type": "Polygon", "coordinates": [[[-90.1153190915063, 29.9221332175671], [-90.1152368444447, 29.9224510327011], [-90.1153288493312, 29.922470598665], [-90.1154111407012, 29.9221526097571], [-90.1153190915063, 29.9221332175671]]]}}, {"type": "Feature", "properties": {"zone_id": "02050TQDDEQ32B5B3WOQJY", "tract_id": "22071011600", "city": "NEW ORLEANS, LA", "zone_code": "IZD - BED AND BREAKFAST", "zone_category": "Other", "ev_permitted": false}, "geometry": {"type": "Polygon", "coordinates": [[[-90.1148131943595, 29.9222006184189], [-90.1147850000476, 29.9223092381292], [-90.1151562449183, 29.9223874479297], [-90.115184359292, 29.9222788120664], [-90.1148131943595, 29.9222006184189]]]}}, {"type": "Feature", "properties": {"zone_id": "0200KJ4CZWGRD6BPV72H53", "tract_id": "22071011600", "city": "NEW ORLEANS, LA", "zone_code": "IZD - NON-COMMERCIAL STR SPECIAL EXCEPTION", "zone_category": "Commercial", "ev_permitted": true}, "geometry": {"type": "Polygon", "coordinates": [[[-90.1147850000476, 29.9223092381292], [-90.1147442740608, 29.9224661390602], [-90.1152074669268, 29.9225645532675], [-90.1152368444447, 29.9224510327011], [-90.1151449997379, 29.9224309051655], [-90.1151562449183, 29.9223874479297], [-90.1147850000476, 29.9223092381292]]]}}, {"type": "Feature", "properties": {"zone_id": "0201YMKLP3QLXN6MEGT50R", "tract_id": "22071011600", "city": "NEW ORLEANS, LA", "zone_code": "IZD - BED AND BREAKFAST", "zone_category": "Other", "ev_permitted": false}, "geometry": {"type": "Polygon", "coordinates": [[[-90.1148560112599, 29.9220356600853], [-90.1148131943595, 29.9222006184189], [-90.115184359292, 29.9222788120664], [-90.1152270547417, 29.9221138281342], [-90.1148560112599, 29.9220356600853]]]}}, {"type": "Feature", "properties": {"zone_id": "0201M27LWHU44V6RTC61ML", "tract_id": "22071011600", "city": "NEW ORLEANS, LA", "zone_code": "HU-RD2", "zone_category": "Residential", "ev_permitted": false}, "geometry": {"type": "Polygon", "coordinates": [[[-90.1149239763787, 29.9217884367382], [-90.1149029985177, 29.9218700582803], [-90.1152661848172, 29.9219421563361], [-90.1152871623964, 29.9218605347368], [-90.1149239763787, 29.9217884367382]]]}}, {"type": "Feature", "properties": {"zone_id": "0204G1U29QXM0EVQZBO117", "tract_id": "22071011600", "city": "NEW ORLEANS, LA", "zone_code": "IZD - BED AND BREAKFAST", "zone_category": "Other", "ev_permitted": false}, "geometry": {"type": "Polygon", "coordinates": [[[-90.1149638616525, 29.9216332467009], [-90.1149239763787, 29.9217884367382], [-90.1152871623964, 29.9218605347368], [-90.115327048159, 29.9217053455025], [-90.1149638616525, 29.9216332467009]]]}}, {"type": "Feature", "properties": {"zone_id": "02021N4ZU09ZE7YXFFFEHL", "tract_id": "22071011600", "city": "NEW ORLEANS, LA", "zone_code": "UNIVERSITY AREA OFF-STREET PARKING", "zone_category": "Other", "ev_permitted": false}, "geometry": {"type": "Polygon", "coordinates": [[[-90.1149869086764, 29.9215435756859], [-90.1149638616525, 29.9216332467009], [-90.115327048159, 29.9217053455025], [-90.1153454964403, 29.9216335636303], [-90.115415680725, 29.9216478632876], [-90.1154354477389, 29.921570877832], [-90.1153714726908, 29.921557601964], [-90.1153562552905, 29.9216168754917], [-90.1149869086764, 29.9215435756859]]]}}, {"type": "Feature", "properties": {"zone_id": "02040ETSR4JXOHUWR1RYGE", "tract_id": "22071011600", "city": "NEW ORLEANS, LA", "zone_code": "UNIVERSITY AREA OFF-STREET PARKING", "zone_category": "Other", "ev_permitted": false}, "geometry": {"type": "Polygon", "coordinates": [[[-90.1142400135169, 29.9243017258422], [-90.1142151968851, 29.9243946391536], [-90.1145914869062, 29.9244698927976], [-90.1146158469363, 29.9243769381976], [-90.1142400135169, 29.9243017258422]]]}}, {"type": "Feature", "properties": {"zone_id": "02026IVRN2SJNM63V1644M", "tract_id": "22071011600", "city": "NEW ORLEANS, LA", "zone_code": "UNIVERSITY AREA OFF-STREET PARKING", "zone_category": "Other", "ev_permitted": false}, "geometry": {"type": "Polygon", "coordinates": [[[-90.1143061211185, 29.9240597898411], [-90.1142760908592, 29.9241682832429], [-90.1146519238033, 29.9242434954965], [-90.1146819759456, 29.9241324146266], [-90.1143061211185, 29.9240597898411]]]}}, {"type": "Feature", "properties": {"zone_id": "02068THT1YPCYKLIW04SXV", "tract_id": "22071011600", "city": "NEW ORLEANS, LA", "zone_code": "IZD - BED AND BREAKFAST", "zone_category": "Other", "ev_permitted": false}, "geometry": {"type": "Polygon", "coordinates": [[[-90.1142760908592, 29.9241682832429], [-90.1142400135169, 29.9243017258422], [-90.1146158469363, 29.9243769381976], [-90.1146307384037, 29.9243367095841], [-90.1146519238033, 29.9242434954965], [-90.1142760908592, 29.9241682832429]]]}}, {"type": "Feature", "properties": {"zone_id": "0200ZP0BPIV5ZYABJPQ5D5", "tract_id": "22071011600", "city": "NEW ORLEANS, LA", "zone_code": "HU-RD2", "zone_category": "Residential", "ev_permitted": false}, "geometry": {"type": "Polygon", "coordinates": [[[-90.1153454964403, 29.9216335636303], [-90.1152661848172, 29.9219421563361], [-90.1153598045411, 29.9219607411774], [-90.1154389353218, 29.9216526014671], [-90.1153454964403, 29.9216335636303]]]}}, {"type": "Feature", "properties": {"zone_id": "0201TQH7UUB0NU39XO687B", "tract_id": "22071011600", "city": "NEW ORLEANS, LA", "zone_code": "IZD - BED AND BREAKFAST", "zone_category": "Other", "ev_permitted": false}, "geometry": {"type": "Polygon", "coordinates": [[[-90.1180643339821, 29.9214527164449], [-90.1179968181142, 29.9216933899138], [-90.1181357027439, 29.921720928767], [-90.1182039370271, 29.9214802609649], [-90.1180643339821, 29.9214527164449]]]}}, {"type": "Feature", "properties": {"zone_id": "02054DTS9WHKPU2VUHLTJK", "tract_id": "22071011600", "city": "NEW ORLEANS, LA", "zone_code": "UNIVERSITY AREA OFF-STREET PARKING", "zone_category": "Other", "ev_permitted": false}, "geometry": {"type": "Polygon", "coordinates": [[[-90.1177020852724, 29.9213793103065], [-90.1176606634122, 29.9215395845259], [-90.1178446242387, 29.9215781676119], [-90.1178860392533, 29.9214185176163], [-90.1177020852724, 29.9213793103065]]]}}, {"type": "Feature", "properties": {"zone_id": "0202L0LNOXR4DD6IVU2BFJ", "tract_id": "22071011600", "city": "NEW ORLEANS, LA", "zone_code": "IZD - BED AND BREAKFAST", "zone_category": "Other", "ev_permitted": false}, "geometry": {"type": "Polygon", "coordinates": [[[-90.1174752749622, 29.9215003636436], [-90.1174541712467, 29.9215833106874], [-90.1178220854522, 29.9216611005482], [-90.1178446242387, 29.9215781676119], [-90.1174752749622, 29.9215003636436]]]}}, {"type": "Feature", "properties": {"zone_id": "0204GNH58VLWF12R9V1IIS", "tract_id": "22071011600", "city": "NEW ORLEANS, LA", "zone_code": "IZD - BED AND BREAKFAST", "zone_category": "Other", "ev_permitted": false}, "geometry": {"type": "Polygon", "coordinates": [[[-90.1175174147877, 29.9213400961152], [-90.1174752749622, 29.9215003636436], [-90.1176606634122, 29.9215395845259], [-90.1177020852724, 29.9213793103065], [-90.1175174147877, 29.9213400961152]]]}}, {"type": "Feature", "properties": {"zone_id": "0206E0K1GSOGOKJKQQDTS4", "tract_id": "22071011600", "city": "NEW ORLEANS, LA", "zone_code": "IZD - BED AND BREAKFAST", "zone_category": "Other", "ev_permitted": false}, "geometry": {"type": "Polygon", "coordinates": [[[-90.1171409147269, 29.9212603502709], [-90.1170566185628, 29.9215821354199], [-90.1174338461075, 29.9216612629722], [-90.1175174147877, 29.9213400961152], [-90.1171409147269, 29.9212603502709]]]}}, {"type": "Feature", "properties": {"zone_id": "02007S7RM88ACRIXO2YYIZ", "tract_id": "22071011600", "city": "NEW ORLEANS, LA", "zone_code": "IZD - NON-COMMERCIAL STR SPECIAL EXCEPTION", "zone_category": "Commercial", "ev_permitted": true}, "geometry": {"type": "Polygon", "coordinates": [[[-90.1168751006129, 29.9212707229189], [-90.1167880263372, 29.9215849801859], [-90.1168810945576, 29.9216033450173], [-90.1169681990305, 29.9212865869951], [-90.1168751006129, 29.9212707229189]]]}}, {"type": "Feature", "properties": {"zone_id": "0207A3T1R4OPKYUB9UEIY6", "tract_id": "22071011600", "city": "NEW ORLEANS, LA", "zone_code": "HU-B1", "zone_category": "Commercial", "ev_permitted": true}, "geometry": {"type": "Polygon", "coordinates": [[[-90.1167820022249, 29.9212548587768], [-90.116695691066, 29.9215653724816], [-90.1167880263372, 29.9215849801859], [-90.1168751006129, 29.9212707229189], [-90.1167820022249, 29.9212548587768]]]}}, {"type": "Feature", "properties": {"zone_id": "0204S7T6HO0J3D3ROUL9OF", "tract_id": "22071011600", "city": "NEW ORLEANS, LA", "zone_code": "IZD - BED AND BREAKFAST", "zone_category": "Other", "ev_permitted": false}, "geometry": {"type": "Polygon", "coordinates": [[[-90.1166853164755, 29.9212389622902], [-90.1166040724808, 29.9215457713414], [-90.116695691066, 29.9215653724816], [-90.1167820022249, 29.9212548587768], [-90.1166853164755, 29.9212389622902]]]}}, {"type": "Feature", "properties": {"zone_id": "0203BCBJG5BSB7WDL5ZT8I", "tract_id": "22071011600", "city": "NEW ORLEANS, LA", "zone_code": "IZD - BED AND BREAKFAST", "zone_category": "Other", "ev_permitted": false}, "geometry": {"type": "Polygon", "coordinates": [[[-90.1165922105263, 29.9212237231873], [-90.1164848704917, 29.9216109319215], [-90.1165824082252, 29.9216278252744], [-90.1166853164755, 29.9212389622902], [-90.1165922105263, 29.9212237231873]]]}}, {"type": "Feature", "properties": {"zone_id": "0204RANZLOG8PM1IGNV33G", "tract_id": "22071011600", "city": "NEW ORLEANS, LA", "zone_code": "IZD - BED AND BREAKFAST", "zone_category": "Other", "ev_permitted": false}, "geometry": {"type": "Polygon", "coordinates": [[[-90.1164991056413, 29.921208484028], [-90.1163932518951, 29.9215913315367], [-90.1164848704917, 29.9216109319215], [-90.1165922105263, 29.9212237231873], [-90.1164991056413, 29.921208484028]]]}}, {"type": "Feature", "properties": {"zone_id": "0201KVQP7IUM1N59OG566C", "tract_id": "22071011600", "city": "NEW ORLEANS, LA", "zone_code": "IZD - BED AND BREAKFAST", "zone_category": "Other", "ev_permitted": false}, "geometry": {"type": "Polygon", "coordinates": [[[-90.1163179176746, 29.9211780510708], [-90.116212880032, 29.9215527796243], [-90.1163932518951, 29.9215913315367], [-90.1164991056413, 29.921208484028], [-90.1163179176746, 29.9211780510708]]]}}, {"type": "Feature", "properties": {"zone_id": "0204QRCK1LSEHJTYJG48YJ", "tract_id": "22071011600", "city": "NEW ORLEANS, LA", "zone_code": "IZD - BED AND BREAKFAST", "zone_category": "Other", "ev_permitted": false}, "geometry": {"type": "Polygon", "coordinates": [[[-90.1160282098114, 29.9215135633433], [-90.1160086307102, 29.9215890222488], [-90.1164230708177, 29.9216766234492], [-90.1164433586511, 29.9216017962863], [-90.1160282098114, 29.9215135633433]]]}}, {"type": "Feature", "properties": {"zone_id": "02047JEYMX2XYRBOTSA4NU", "tract_id": "22071011600", "city": "", "zone_code": "IZD - BED AND BREAKFAST", "zone_category": "Other", "ev_permitted": false}, "geometry": {"type": "Polygon", "coordinates": [[[-90.1160724963578, 29.921353941367], [-90.1160282098114, 29.9215135633433], [-90.116212880032, 29.9215527796243], [-90.1162578916076, 29.9213925390534], [-90.1160724963578, 29.921353941367]]]}}, {"type": "Feature", "properties": {"zone_id": "0206NA2SET75V8WGELKQPY", "tract_id": "22071011600", "city": "NEW ORLEANS, LA", "zone_code": "HU-B1", "zone_category": "Commercial", "ev_permitted": true}, "geometry": {"type": "Polygon", "coordinates": [[[-90.1161295682198, 29.9211463029105], [-90.1160724963578, 29.921353941367], [-90.1162578916076, 29.9213925390534], [-90.1163179176746, 29.9211780510708], [-90.1161295682198, 29.9211463029105]]]}}, {"type": "Feature", "properties": {"zone_id": "02069ZB0DT3CC8S9SHEVUQ", "tract_id": "22071011600", "city": "NEW ORLEANS, LA", "zone_code": "IZD - BED AND BREAKFAST", "zone_category": "Other", "ev_permitted": false}, "geometry": {"type": "Polygon", "coordinates": [[[-90.1154027175231, 29.9214359027996], [-90.1153714726908, 29.921557601964], [-90.1158346319362, 29.9216537202326], [-90.1158658834722, 29.9215320219289], [-90.1154027175231, 29.9214359027996]]]}}, {"type": "Feature", "properties": {"zone_id": "0203G58CTFA7944RAP4BLJ", "tract_id": "22071011600", "city": "NEW ORLEANS, LA", "zone_code": "UNIVERSITY AREA OFF-STREET PARKING", "zone_category": "Other", "ev_permitted": false}, "geometry": {"type": "Polygon", "coordinates": [[[-90.1154646718207, 29.9213457826417], [-90.1154573806858, 29.9213741831414], [-90.1154204119986, 29.9213669812169], [-90.1154027175231, 29.9214359027996], [-90.1158658834722, 29.9215320219289], [-90.1158909444815, 29.9214344279906], [-90.1154646718207, 29.9213457826417]]]}}, {"type": "Feature", "properties": {"zone_id": "02012O1G9IF983FNHEH9S8", "tract_id": "22071011600", "city": "NEW ORLEANS, LA", "zone_code": "IZD - BED AND BREAKFAST", "zone_category": "Other", "ev_permitted": false}, "geometry": {"type": "Polygon", "coordinates": [[[-90.1157580102495, 29.921070474793], [-90.1156760119906, 29.9213897315806], [-90.1158909444815, 29.9214344279906], [-90.1159750023059, 29.9211070917378], [-90.1157580102495, 29.921070474793]]]}}, {"type": "Feature", "properties": {"zone_id": "0206M4ESVDPG50ESKCH9XH", "tract_id": "22071011600", "city": "NEW ORLEANS, LA", "zone_code": "UNIVERSITY AREA OFF-STREET PARKING", "zone_category": "Other", "ev_permitted": false}, "geometry": {"type": "Polygon", "coordinates": [[[-90.1155073931436, 29.921028182437], [-90.1154204119986, 29.9213669812169], [-90.1154573806858, 29.9213741831414], [-90.1154646718207, 29.9213457826417], [-90.1155627722441, 29.9213661835123], [-90.1156417927418, 29.9210508627139], [-90.1155073931436, 29.921028182437]]]}}, {"type": "Feature", "properties": {"zone_id": "0200DQ1CH3K57YRP7WTY7R", "tract_id": "22071011600", "city": "NEW ORLEANS, LA", "zone_code": "IZD - NON-COMMERCIAL STR SPECIAL EXCEPTION", "zone_category": "Commercial", "ev_permitted": true}, "geometry": {"type": "Polygon", "coordinates": [[[-90.1156417927418, 29.9210508627139], [-90.1155627722441, 29.9213661835123], [-90.1156760119906, 29.9213897315806], [-90.1157580102495, 29.921070474793], [-90.1156417927418, 29.9210508627139]]]}}, {"type": "Feature", "properties": {"zone_id": "0200KR6893GJOM64GY5EWS", "tract_id": "22071011600", "city": "NEW ORLEANS, LA", "zone_code": "HU-B1", "zone_category": "Commercial", "ev_permitted": true}, "geometry": {"type": "Polygon", "coordinates": [[[-90.1154051221459, 29.9210109241622], [-90.1153624132527, 29.9211772424393], [-90.1154646208693, 29.9211947852627], [-90.1155073931436, 29.921028182437], [-90.1154051221459, 29.9210109241622]]]}}, {"type": "Feature", "properties": {"zone_id": "0200TS2THGYL0KE3QKLW1W", "tract_id": "22071011600", "city": "NEW ORLEANS, LA", "zone_code": "IZD - NON-COMMERCIAL STR SPECIAL EXCEPTION", "zone_category": "Commercial", "ev_permitted": true}, "geometry": {"type": "Polygon", "coordinates": [[[-90.1150196671069, 29.9214161127578], [-90.1149869086764, 29.9215435756859], [-90.1153562552905, 29.9216168754917], [-90.1153889812351, 29.9214894067628], [-90.1150196671069, 29.9214161127578]]]}}, {"type": "Feature", "properties": {"zone_id": "0204WYHUXDA1W8JTDDTLE0", "tract_id": "22071011600", "city": "NEW ORLEANS, LA", "zone_code": "IZD - BED AND BREAKFAST", "zone_category": "Other", "ev_permitted": false}, "geometry": {"type": "Polygon", "coordinates": [[[-90.1150498406763, 29.9212987136937], [-90.1150196671069, 29.9214161127578], [-90.1153889812351, 29.9214894067628], [-90.1154191234009, 29.9213720010124], [-90.1150498406763, 29.9212987136937]]]}}, {"type": "Feature", "properties": {"zone_id": "02007T04X57YP0OKF2APZA", "tract_id": "22071011600", "city": "NEW ORLEANS, LA", "zone_code": "MAGAZINE STREET USE RESTRICTION", "zone_category": "Other", "ev_permitted": false}, "geometry": {"type": "Polygon", "coordinates": [[[-90.1151354994372, 29.9209654245348], [-90.1150929463654, 29.9211309908119], [-90.1153624132527, 29.9211772424393], [-90.1154051221459, 29.9210109241622], [-90.1151354994372, 29.9209654245348]]]}}, {"type": "Feature", "properties": {"zone_id": "0204P7BYL3I71UN4EQMG75", "tract_id": "22071011600", "city": "NEW ORLEANS, LA", "zone_code": "IZD - BED AND BREAKFAST", "zone_category": "Other", "ev_permitted": false}, "geometry": {"type": "Polygon", "coordinates": [[[-90.1150929463654, 29.9211309908119], [-90.1150722569056, 29.9212114935865], [-90.1154439523643, 29.9212752918955], [-90.1154646208693, 29.9211947852627], [-90.1150929463654, 29.9211309908119]]]}}, {"type": "Feature", "properties": {"zone_id": "02054Y5JJNIE9AWBB0LXY9", "tract_id": "22071011600", "city": "NEW ORLEANS, LA", "zone_code": "IZD - NON-COMMERCIAL STR SPECIAL EXCEPTION", "zone_category": "Commercial", "ev_permitted": true}, "geometry": {"type": "Polygon", "coordinates": [[[-90.1150722569056, 29.9212114935865], [-90.1150498406763, 29.9212987136937], [-90.1154191234009, 29.9213720010124], [-90.1154439523643, 29.9212752918955], [-90.1150722569056, 29.9212114935865]]]}}]}