{"type": "FeatureCollection", "features": [{"type": "Feature", "properties": {"zone_id": "0205MYTNZIFP2N1UJ67RGV", "tract_id": "36081118700", "city": "FLUSHING, NY", "zone_code": "R3X", "zone_category": "Residential", "ev_permitted": false}, "geometry": {"type": "Polygon", "coordinates": [[[-73.8162133498159, 40.7595500921256], [-73.8160692074148, 40.759589547384], [-73.8162372381367, 40.7599493659991], [-73.8163813821409, 40.759909910534], [-73.8162133498159, 40.7595500921256]]]}}, {"type": "Feature", "properties": {"zone_id": "0202Y5NX58HXU66V85E8M8", "tract_id": "36081118700", "city": "FLUSHING, NY", "zone_code": "R3X", "zone_category": "Residential", "ev_permitted": false}, "geometry": {"type": "Polygon", "coordinates": [[[-73.8160521242525, 40.7595529665382], [-73.8156727768363, 40.7596568008658], [-73.8158578887534, 40.7600532002275], [-73.8162372381367, 40.7599493659991], [-73.8160521242525, 40.7595529665382]]]}}, {"type": "Feature", "properties": {"zone_id": "0203UYDIOMX9XG8PZFC4Y6", "tract_id": "36081118700", "city": "FLUSHING, NY", "zone_code": "R4-1", "zone_category": "Residential", "ev_permitted": false}, "geometry": {"type": "Polygon", "coordinates": [[[-73.8148722158342, 40.7602218016429], [-73.8146035980151, 40.760293869705], [-73.8146444552862, 40.7603813556842], [-73.8149129569404, 40.7603083036223], [-73.8148722158342, 40.7602218016429]]]}}, {"type": "Feature", "properties": {"zone_id": "0200UTHRAW2YJUOSZ0UYWK", "tract_id": "36081118700", "city": "FLUSHING, NY", "zone_code": "R4-1", "zone_category": "Residential", "ev_permitted": false}, "geometry": {"type": "Polygon", "coordinates": [[[-73.8145195192897, 40.7601138361753], [-73.8144173978697, 40.7601412340922], [-73.8145424951939, 40.7604090961644], [-73.8146444552862, 40.7603813556842], [-73.8145195192897, 40.7601138361753]]]}}, {"type": "Feature", "properties": {"zone_id": "0202XGF3JFF9AARK743DDI", "tract_id": "36081118700", "city": "FLUSHING, NY", "zone_code": "R4-1", "zone_category": "Residential", "ev_permitted": false}, "geometry": {"type": "Polygon", "coordinates": [[[-73.8144173978697, 40.7601412340922], [-73.8143202026653, 40.7601673104336], [-73.8144454502897, 40.7604354988853], [-73.8145424951939, 40.7604090961644], [-73.8144173978697, 40.7601412340922]]]}}, {"type": "Feature", "properties": {"zone_id": "0206FYWTAUJLP86VZDNMLE", "tract_id": "36081118700", "city": "FLUSHING, NY", "zone_code": "R3X", "zone_category": "Residential", "ev_permitted": false}, "geometry": {"type": "Polygon", "coordinates": [[[-73.8156727768363, 40.7596568008658], [-73.81533559376, 40.7597490922584], [-73.8153943667744, 40.7598749513332], [-73.8150398868264, 40.7599719753377], [-73.8151655134081, 40.7602427107464], [-73.8158578887534, 40.7600532002275], [-73.8156727768363, 40.7596568008658]]]}}, {"type": "Feature", "properties": {"zone_id": "0203WVT3DFBCSZ0VF0NZIW", "tract_id": "36081118700", "city": "FLUSHING, NY", "zone_code": "R3X", "zone_category": "Residential", "ev_permitted": false}, "geometry": {"type": "Polygon", "coordinates": [[[-73.8153102442407, 40.7596948072823], [-73.8149562367681, 40.7597917024994], [-73.8150066817488, 40.7599004155346], [-73.8153609736342, 40.7598034426242], [-73.8153102442407, 40.7596948072823]]]}}, {"type": "Feature", "properties": {"zone_id": "0201CYCSXRZCAIM4QGQWV0", "tract_id": "36081118700", "city": "FLUSHING, NY", "zone_code": "R3X", "zone_category": "Residential", "ev_permitted": false}, "geometry": {"type": "Polygon", "coordinates": [[[-73.8153609736342, 40.7598034426242], [-73.8150066817488, 40.7599004155346], [-73.8150398868264, 40.7599719753377], [-73.8153943667744, 40.7598749513332], [-73.8153609736342, 40.7598034426242]]]}}, {"type": "Feature", "properties": {"zone_id": "0205572VIC3BAMH2GCPCHH", "tract_id": "36081118700", "city": "FLUSHING, NY", "zone_code": "R3X", "zone_category": "Residential", "ev_permitted": false}, "geometry": {"type": "Polygon", "coordinates": [[[-73.8147577374635, 40.7599787361609], [-73.8144139203691, 40.7600709804612], [-73.8143830671841, 40.7600049155235], [-73.8142598054557, 40.7600379848035], [-73.8143202026653, 40.7601673104336], [-73.8145195192897, 40.7601138361753], [-73.8145302615118, 40.7601368387517], [-73.8147983276118, 40.7600649182333], [-73.8147577374635, 40.7599787361609]]]}}, {"type": "Feature", "properties": {"zone_id": "020004E6E2GGVYQ3VIEZ9C", "tract_id": "36081118700", "city": "FLUSHING, NY", "zone_code": "R4-1", "zone_category": "Residential", "ev_permitted": false}, "geometry": {"type": "Polygon", "coordinates": [[[-73.8148351430687, 40.7601430860532], [-73.8145668020355, 40.7602150799933], [-73.8146035980151, 40.760293869705], [-73.8148722158342, 40.7602218016429], [-73.8148351430687, 40.7601430860532]]]}}, {"type": "Feature", "properties": {"zone_id": "0201YYPRKEE1XGKOBLPNL5", "tract_id": "36081118700", "city": "FLUSHING, NY", "zone_code": "R4-1", "zone_category": "Residential", "ev_permitted": false}, "geometry": {"type": "Polygon", "coordinates": [[[-73.8147983276118, 40.7600649182333], [-73.8145302615118, 40.7601368387517], [-73.8145668020355, 40.7602150799933], [-73.8148351430687, 40.7601430860532], [-73.8147983276118, 40.7600649182333]]]}}, {"type": "Feature", "properties": {"zone_id": "0206JOI2T8FUIHWLHBLNFQ", "tract_id": "36081118700", "city": "FLUSHING, NY", "zone_code": "R4-1", "zone_category": "Residential", "ev_permitted": false}, "geometry": {"type": "Polygon", "coordinates": [[[-73.8147206300567, 40.7598999473993], [-73.8143770898274, 40.7599921168512], [-73.8144139203691, 40.7600709804612], [-73.8147577374635, 40.7599787361609], [-73.8147206300567, 40.7598999473993]]]}}, {"type": "Feature", "properties": {"zone_id": "0206BDJU5QL0LJHY5XI3CQ", "tract_id": "36081118700", "city": "FLUSHING, NY", "zone_code": "R3X", "zone_category": "Residential", "ev_permitted": false}, "geometry": {"type": "Polygon", "coordinates": [[[-73.8146840555541, 40.7598222914607], [-73.8142554196216, 40.7599372913478], [-73.8142976972962, 40.7600278194355], [-73.8143830671841, 40.7600049155235], [-73.8143770898274, 40.7599921168512], [-73.8147206300567, 40.7598999473993], [-73.8146840555541, 40.7598222914607]]]}}, {"type": "Feature", "properties": {"zone_id": "0203ISGP7YZUDGBOI7W8BG", "tract_id": "36081118700", "city": "FLUSHING, NY", "zone_code": "R3X", "zone_category": "Residential", "ev_permitted": false}, "geometry": {"type": "Polygon", "coordinates": [[[-73.8146232038868, 40.7596930882489], [-73.8141950236705, 40.7598079656808], [-73.8142554196216, 40.7599372913478], [-73.8146840555541, 40.7598222914607], [-73.8146232038868, 40.7596930882489]]]}}, {"type": "Feature", "properties": {"zone_id": "0202ANJIYIMC1IZF86PKJU", "tract_id": "36081118700", "city": "FLUSHING, NY", "zone_code": "R3X", "zone_category": "Residential", "ev_permitted": false}, "geometry": {"type": "Polygon", "coordinates": [[[-73.8126204007878, 40.7606250943658], [-73.8122252639562, 40.7607302112483], [-73.8123466802691, 40.7609895499917], [-73.8127420324715, 40.760884891879], [-73.8126204007878, 40.7606250943658]]]}}, {"type": "Feature", "properties": {"zone_id": "0204ZV2QVNPQ7AD0DAPZ30", "tract_id": "36081118700", "city": "FLUSHING, NY", "zone_code": "R3X", "zone_category": "Residential", "ev_permitted": false}, "geometry": {"type": "Polygon", "coordinates": [[[-73.8119919845966, 40.7607916645009], [-73.8117767632734, 40.7608433932198], [-73.8118976041321, 40.7611020948882], [-73.8121128261954, 40.7610503666482], [-73.8119919845966, 40.7607916645009]]]}}, {"type": "Feature", "properties": {"zone_id": "020518KAYKGQINFMSBYUC7", "tract_id": "36081118700", "city": "FLUSHING, NY", "zone_code": "R3X", "zone_category": "Residential", "ev_permitted": false}, "geometry": {"type": "Polygon", "coordinates": [[[-73.8117767632734, 40.7608433932198], [-73.8115885621315, 40.7608886261119], [-73.8117094032634, 40.7611473286802], [-73.8118976041321, 40.7611020948882], [-73.8117767632734, 40.7608433932198]]]}}, {"type": "Feature", "properties": {"zone_id": "02021DZJ51XN55SDN43TDF", "tract_id": "36081118700", "city": "FLUSHING, NY", "zone_code": "R4-1", "zone_category": "Residential", "ev_permitted": false}, "geometry": {"type": "Polygon", "coordinates": [[[-73.8143202024352, 40.7601673100819], [-73.8141778309417, 40.7602055068446], [-73.8143031972481, 40.7604742013784], [-73.8144454502897, 40.7604354988853], [-73.8143202024352, 40.7601673100819]]]}}, {"type": "Feature", "properties": {"zone_id": "02031B6N7S19VQL7NVGXJ3", "tract_id": "36081118700", "city": "FLUSHING, NY", "zone_code": "R4-1", "zone_category": "Residential", "ev_permitted": false}, "geometry": {"type": "Polygon", "coordinates": [[[-73.8141778309417, 40.7602055068446], [-73.8140572399692, 40.7602378599932], [-73.8141828991244, 40.7605069306996], [-73.8143031972481, 40.7604742013784], [-73.8141778309417, 40.7602055068446]]]}}, {"type": "Feature", "properties": {"zone_id": "0202NM71YRH6BHAFX6U3YH", "tract_id": "36081118700", "city": "FLUSHING, NY", "zone_code": "R4-1", "zone_category": "Residential", "ev_permitted": false}, "geometry": {"type": "Polygon", "coordinates": [[[-73.8140572399692, 40.7602378599932], [-73.813937247445, 40.7602700523713], [-73.8140630942615, 40.76053952543], [-73.8141828991244, 40.7605069306996], [-73.8140572399692, 40.7602378599932]]]}}, {"type": "Feature", "properties": {"zone_id": "0207KTVS7L36TDWOFHDPRV", "tract_id": "36081118700", "city": "FLUSHING, NY", "zone_code": "R4-1", "zone_category": "Residential", "ev_permitted": false}, "geometry": {"type": "Polygon", "coordinates": [[[-73.8137501052504, 40.7603840785879], [-73.813649062956, 40.7604109604136], [-73.8137482768646, 40.7606228690316], [-73.8138485552037, 40.7605963217544], [-73.8137501052504, 40.7603840785879]]]}}, {"type": "Feature", "properties": {"zone_id": "0204UDSHP1R41G634O5GJU", "tract_id": "36081118700", "city": "FLUSHING, NY", "zone_code": "R4-1", "zone_category": "Residential", "ev_permitted": false}, "geometry": {"type": "Polygon", "coordinates": [[[-73.813649062956, 40.7604109604136], [-73.8135701431734, 40.7604319559691], [-73.8136693136854, 40.7606437732393], [-73.8137482768646, 40.7606228690316], [-73.813649062956, 40.7604109604136]]]}}, {"type": "Feature", "properties": {"zone_id": "0203AAH8XM1IZQUKS9VHA3", "tract_id": "36081118700", "city": "FLUSHING, NY", "zone_code": "R4-1", "zone_category": "Residential", "ev_permitted": false}, "geometry": {"type": "Polygon", "coordinates": [[[-73.8135701431734, 40.7604319559691], [-73.8134883352492, 40.7604537204188], [-73.8135874614446, 40.7606654421263], [-73.8136693136854, 40.7606437732393], [-73.8135701431734, 40.7604319559691]]]}}, {"type": "Feature", "properties": {"zone_id": "02041EOE8K7MIUUPZ3RUV8", "tract_id": "36081118700", "city": "FLUSHING, NY", "zone_code": "R4-1", "zone_category": "Residential", "ev_permitted": false}, "geometry": {"type": "Polygon", "coordinates": [[[-73.8134883352492, 40.7604537204188], [-73.8134060204934, 40.7604756188996], [-73.813505102369, 40.7606872457472], [-73.8135874614446, 40.7606654421263], [-73.8134883352492, 40.7604537204188]]]}}, {"type": "Feature", "properties": {"zone_id": "02012HY2BLV7KCD4UXMFIG", "tract_id": "36081118700", "city": "FLUSHING, NY", "zone_code": "R3X", "zone_category": "Residential", "ev_permitted": false}, "geometry": {"type": "Polygon", "coordinates": [[[-73.8132556741025, 40.7603478439342], [-73.8131725548389, 40.7603699573622], [-73.8133413957702, 40.760730583929], [-73.8134245604366, 40.7607085674197], [-73.8132556741025, 40.7603478439342]]]}}, {"type": "Feature", "properties": {"zone_id": "0203BU3RH6QK8I3DOQDYD4", "tract_id": "36081118700", "city": "FLUSHING, NY", "zone_code": "R3X", "zone_category": "Residential", "ev_permitted": false}, "geometry": {"type": "Polygon", "coordinates": [[[-73.8131725548389, 40.7603699573622], [-73.813087760743, 40.7603925156048], [-73.8132565553456, 40.7607530431457], [-73.8133413957702, 40.760730583929], [-73.8131725548389, 40.7603699573622]]]}}, {"type": "Feature", "properties": {"zone_id": "0206ALYUFHDLUSZ0MKR0NI", "tract_id": "36081118700", "city": "FLUSHING, NY", "zone_code": "R3X", "zone_category": "Residential", "ev_permitted": false}, "geometry": {"type": "Polygon", "coordinates": [[[-73.813087760743, 40.7603925156048], [-73.8130012353987, 40.7604155340251], [-73.8131699827425, 40.7607759618385], [-73.8132565553456, 40.7607530431457], [-73.813087760743, 40.7603925156048]]]}}, {"type": "Feature", "properties": {"zone_id": "0207L92YESBX2I50MLVM4M", "tract_id": "36081118700", "city": "FLUSHING, NY", "zone_code": "R3X", "zone_category": "Residential", "ev_permitted": false}, "geometry": {"type": "Polygon", "coordinates": [[[-73.8130012353987, 40.7604155340251], [-73.812917190028, 40.7604378934519], [-73.8130858891949, 40.7607982236405], [-73.8131699827425, 40.7607759618385], [-73.8130012353987, 40.7604155340251]]]}}, {"type": "Feature", "properties": {"zone_id": "02060KBBUDAHV3S4157NFM", "tract_id": "36081118700", "city": "FLUSHING, NY", "zone_code": "R3X", "zone_category": "Residential", "ev_permitted": false}, "geometry": {"type": "Polygon", "coordinates": [[[-73.8133429853326, 40.7603246165021], [-73.8132556741025, 40.7603478439342], [-73.8134245604366, 40.7607085674197], [-73.813505102369, 40.7606872457472], [-73.8134060204934, 40.7604756188996], [-73.8134128342809, 40.7604738065435], [-73.8133429853326, 40.7603246165021]]]}}, {"type": "Feature", "properties": {"zone_id": "0202GTLVLXBMPCYPPU5MRH", "tract_id": "36081118700", "city": "FLUSHING, NY", "zone_code": "R4-1", "zone_category": "Residential", "ev_permitted": false}, "geometry": {"type": "Polygon", "coordinates": [[[-73.813722489883, 40.7603245442758], [-73.8133849898328, 40.7604143329109], [-73.8134128342809, 40.7604738065435], [-73.8137501052504, 40.7603840785879], [-73.813722489883, 40.7603245442758]]]}}, {"type": "Feature", "properties": {"zone_id": "0203V42QFS1K9CH4O2FSLW", "tract_id": "36081118700", "city": "FLUSHING, NY", "zone_code": "R3X", "zone_category": "Residential", "ev_permitted": false}, "geometry": {"type": "Polygon", "coordinates": [[[-73.8136640985724, 40.7601986610791], [-73.8133261126482, 40.760288578748], [-73.8133570333655, 40.7603546201865], [-73.8136947634209, 40.7602647701712], [-73.8136640985724, 40.7601986610791]]]}}, {"type": "Feature", "properties": {"zone_id": "02022DBUILFF22AXJ2YDQ7", "tract_id": "36081118700", "city": "FLUSHING, NY", "zone_code": "R3X", "zone_category": "Residential", "ev_permitted": false}, "geometry": {"type": "Polygon", "coordinates": [[[-73.8136947634209, 40.7602647701712], [-73.8133570333655, 40.7603546201865], [-73.8133849898328, 40.7604143329109], [-73.813722489883, 40.7603245442758], [-73.8136947634209, 40.7602647701712]]]}}, {"type": "Feature", "properties": {"zone_id": "0206TKY5600E6EY4XSDH8A", "tract_id": "36081118700", "city": "FLUSHING, NY", "zone_code": "R3X", "zone_category": "Residential", "ev_permitted": false}, "geometry": {"type": "Polygon", "coordinates": [[[-73.8142824544963, 40.7600864822703], [-73.8138994999135, 40.7601892240841], [-73.813937247445, 40.7602700523713], [-73.8143202024352, 40.7601673100819], [-73.8142824544963, 40.7600864822703]]]}}, {"type": "Feature", "properties": {"zone_id": "0206HE5FQBEX2OJN4KSW6M", "tract_id": "36081118700", "city": "FLUSHING, NY", "zone_code": "R3X", "zone_category": "Residential", "ev_permitted": false}, "geometry": {"type": "Polygon", "coordinates": [[[-73.8142825982464, 40.7599954876766], [-73.8138617527052, 40.7601083956083], [-73.8138994999135, 40.7601892240841], [-73.8142824544963, 40.7600864822703], [-73.8142598054557, 40.7600379848035], [-73.8142976972962, 40.7600278194355], [-73.8142825982464, 40.7599954876766]]]}}, {"type": "Feature", "properties": {"zone_id": "0204WSY6SZN6JF8K8BJ1DF", "tract_id": "36081118700", "city": "FLUSHING, NY", "zone_code": "R3X", "zone_category": "Residential", "ev_permitted": false}, "geometry": {"type": "Polygon", "coordinates": [[[-73.8142373011809, 40.7598984937924], [-73.8138164552517, 40.7600114015588], [-73.8138617527052, 40.7601083956083], [-73.8142825982464, 40.7599954876766], [-73.8142373011809, 40.7598984937924]]]}}, {"type": "Feature", "properties": {"zone_id": "0201LXEE39ZQ3TNBHEHMPG", "tract_id": "36081118700", "city": "FLUSHING, NY", "zone_code": "R3X", "zone_category": "Residential", "ev_permitted": false}, "geometry": {"type": "Polygon", "coordinates": [[[-73.8141829450613, 40.7597821011064], [-73.8137621007014, 40.7598950079749], [-73.8138164552517, 40.7600114015588], [-73.8142373011809, 40.7598984937924], [-73.8141829450613, 40.7597821011064]]]}}, {"type": "Feature", "properties": {"zone_id": "0204229XTB0BC3WLZ8C41T", "tract_id": "36081118700", "city": "FLUSHING, NY", "zone_code": "R3X", "zone_category": "Residential", "ev_permitted": false}, "geometry": {"type": "Polygon", "coordinates": [[[-73.8141467074476, 40.7597045052638], [-73.8137258635147, 40.7598174127039], [-73.8137621007014, 40.7598950079749], [-73.8141829450613, 40.7597821011064], [-73.8141467074476, 40.7597045052638]]]}}, {"type": "Feature", "properties": {"zone_id": "0200U2PWO2XJT0LHBT9OO5", "tract_id": "36081118700", "city": "FLUSHING, NY", "zone_code": "R3X", "zone_category": "Residential", "ev_permitted": false}, "geometry": {"type": "Polygon", "coordinates": [[[-73.8131771914434, 40.7599704944239], [-73.813006762667, 40.7600158350427], [-73.8131725548389, 40.7603699573622], [-73.8133429853326, 40.7603246165021], [-73.8131771914434, 40.7599704944239]]]}}, {"type": "Feature", "properties": {"zone_id": "0202CZUOMO096U3JE2TKI6", "tract_id": "36081118700", "city": "FLUSHING, NY", "zone_code": "R3X", "zone_category": "Residential", "ev_permitted": false}, "geometry": {"type": "Polygon", "coordinates": [[[-73.8136352690421, 40.7601365080896], [-73.8132970438753, 40.7602264899309], [-73.8133261126482, 40.760288578748], [-73.8136640985724, 40.7601986610791], [-73.8136352690421, 40.7601365080896]]]}}, {"type": "Feature", "properties": {"zone_id": "0207LD03RCTQ19QZ78486E", "tract_id": "36081118700", "city": "FLUSHING, NY", "zone_code": "R3X", "zone_category": "Residential", "ev_permitted": false}, "geometry": {"type": "Polygon", "coordinates": [[[-73.8134328693125, 40.7599024742962], [-73.8133135485385, 40.7599342181164], [-73.8134334014272, 40.7601902141855], [-73.8135527235288, 40.7601584695412], [-73.8134328693125, 40.7599024742962]]]}}, {"type": "Feature", "properties": {"zone_id": "02028TGMIKIL70HRTHUXCO", "tract_id": "36081118700", "city": "FLUSHING, NY", "zone_code": "R3X", "zone_category": "Residential", "ev_permitted": false}, "geometry": {"type": "Polygon", "coordinates": [[[-73.813516404053, 40.7598802503328], [-73.8134328693125, 40.7599024742962], [-73.8135527235288, 40.7601584695412], [-73.8136352690421, 40.7601365080896], [-73.813516404053, 40.7598802503328]]]}}, {"type": "Feature", "properties": {"zone_id": "0200EKZQV83WGYWL9IW0VG", "tract_id": "36081118700", "city": "FLUSHING, NY", "zone_code": "R3X", "zone_category": "Residential", "ev_permitted": false}, "geometry": {"type": "Polygon", "coordinates": [[[-73.813006762667, 40.7600158350427], [-73.8129073722849, 40.760042276227], [-73.8130731658423, 40.7603963986912], [-73.8131725548389, 40.7603699573622], [-73.813006762667, 40.7600158350427]]]}}, {"type": "Feature", "properties": {"zone_id": "0201IWNMEP9PU48YCSZ8ZT", "tract_id": "36081118700", "city": "FLUSHING, NY", "zone_code": "R3X", "zone_category": "Residential", "ev_permitted": false}, "geometry": {"type": "Polygon", "coordinates": [[[-73.8133135485385, 40.7599342181164], [-73.8131771914434, 40.7599704944239], [-73.8132970438753, 40.7602264899309], [-73.8134334014272, 40.7601902141855], [-73.8133135485385, 40.7599342181164]]]}}, {"type": "Feature", "properties": {"zone_id": "02045Q8MXOH3ZKNCD0IOX6", "tract_id": "36081118700", "city": "FLUSHING, NY", "zone_code": "R3X", "zone_category": "Residential", "ev_permitted": false}, "geometry": {"type": "Polygon", "coordinates": [[[-73.812832839885, 40.7604603338304], [-73.8126605508061, 40.7605061676915], [-73.8128291109827, 40.7608661993996], [-73.8130014927239, 40.7608205656949], [-73.812832839885, 40.7604603338304]]]}}, {"type": "Feature", "properties": {"zone_id": "02062GKNH76O3UKW3NQP26", "tract_id": "36081118700", "city": "FLUSHING, NY", "zone_code": "R4-1", "zone_category": "Residential", "ev_permitted": false}, "geometry": {"type": "Polygon", "coordinates": [[[-73.8126605508061, 40.7605061676915], [-73.8125753365108, 40.7605288372986], [-73.8127438485079, 40.7608887706808], [-73.8128291109827, 40.7608661993996], [-73.8126605508061, 40.7605061676915]]]}}, {"type": "Feature", "properties": {"zone_id": "0202TR0NMAQ1ZNBXDVDZ1N", "tract_id": "36081118700", "city": "FLUSHING, NY", "zone_code": "R3X", "zone_category": "Residential", "ev_permitted": false}, "geometry": {"type": "Polygon", "coordinates": [[[-73.812917190028, 40.7604378934519], [-73.812832839885, 40.7604603338304], [-73.8130014927239, 40.7608205656949], [-73.8130858891949, 40.7607982236405], [-73.812917190028, 40.7604378934519]]]}}, {"type": "Feature", "properties": {"zone_id": "0201EKPUPQHYO8226DOZK4", "tract_id": "36081118700", "city": "FLUSHING, NY", "zone_code": "R3X", "zone_category": "Residential", "ev_permitted": false}, "geometry": {"type": "Polygon", "coordinates": [[[-73.8125707142497, 40.7605189672997], [-73.8121755779673, 40.7606240847161], [-73.8122252639562, 40.7607302112483], [-73.8126204007878, 40.7606250943658], [-73.8125707142497, 40.7605189672997]]]}}, {"type": "Feature", "properties": {"zone_id": "0204CZ44NM9AR4T3TOE8M0", "tract_id": "36081118700", "city": "FLUSHING, NY", "zone_code": "R3X", "zone_category": "Residential", "ev_permitted": false}, "geometry": {"type": "Polygon", "coordinates": [[[-73.8126670465221, 40.7601062110221], [-73.812579974858, 40.7601293750933], [-73.8127457659694, 40.76048349732], [-73.812832839885, 40.7604603338304], [-73.8126670465221, 40.7601062110221]]]}}, {"type": "Feature", "properties": {"zone_id": "0204KNO6642NK5HFUWS4GF", "tract_id": "36081118700", "city": "FLUSHING, NY", "zone_code": "R3X", "zone_category": "Residential", "ev_permitted": false}, "geometry": {"type": "Polygon", "coordinates": [[[-73.8127662040524, 40.7600798315003], [-73.8126670465221, 40.7601062110221], [-73.812832839885, 40.7604603338304], [-73.8129319969528, 40.7604339541658], [-73.8127662040524, 40.7600798315003]]]}}, {"type": "Feature", "properties": {"zone_id": "0201BZFS5ZXGM2RKO7J4UN", "tract_id": "36081118700", "city": "FLUSHING, NY", "zone_code": "R3X", "zone_category": "Residential", "ev_permitted": false}, "geometry": {"type": "Polygon", "coordinates": [[[-73.8125183897401, 40.7604072055351], [-73.8121232549643, 40.7605123220726], [-73.8121755779673, 40.7606240847161], [-73.8125707142497, 40.7605189672997], [-73.8125183897401, 40.7604072055351]]]}}, {"type": "Feature", "properties": {"zone_id": "0202AGLY77N9N521QZFADP", "tract_id": "36081118700", "city": "FLUSHING, NY", "zone_code": "R3X", "zone_category": "Residential", "ev_permitted": false}, "geometry": {"type": "Polygon", "coordinates": [[[-73.8124947591692, 40.7601520446391], [-73.8124095443465, 40.7601747141233], [-73.8125753365108, 40.7605288372986], [-73.8126605508061, 40.7605061676915], [-73.8124947591692, 40.7601520446391]]]}}, {"type": "Feature", "properties": {"zone_id": "0207MDXX0IBXRODSTP8D0S", "tract_id": "36081118700", "city": "FLUSHING, NY", "zone_code": "R3X", "zone_category": "Residential", "ev_permitted": false}, "geometry": {"type": "Polygon", "coordinates": [[[-73.812579974858, 40.7601293750933], [-73.8124947591692, 40.7601520446391], [-73.8126605508061, 40.7605061676915], [-73.8127457659694, 40.76048349732], [-73.812579974858, 40.7601293750933]]]}}, {"type": "Feature", "properties": {"zone_id": "02022BW81K3SHW7N39Z4NI", "tract_id": "36081118700", "city": "FLUSHING, NY", "zone_code": "R3X", "zone_category": "Residential", "ev_permitted": false}, "geometry": {"type": "Polygon", "coordinates": [[[-73.8118987478807, 40.760592059903], [-73.8116439736004, 40.7606599558412], [-73.8116490429883, 40.7606708089213], [-73.8115631834425, 40.7606936903326], [-73.8115913704544, 40.7607540348538], [-73.811932004589, 40.760663256708], [-73.8118987478807, 40.760592059903]]]}}, {"type": "Feature", "properties": {"zone_id": "0205COO4KUNGOJ0IDMMWWU", "tract_id": "36081118700", "city": "FLUSHING, NY", "zone_code": "R3X", "zone_category": "Residential", "ev_permitted": false}, "geometry": {"type": "Polygon", "coordinates": [[[-73.811932004589, 40.760663256708], [-73.8115913704544, 40.7607540348538], [-73.8116476096082, 40.760874434159], [-73.8119919845966, 40.7607916645009], [-73.811932004589, 40.760663256708]]]}}, {"type": "Feature", "properties": {"zone_id": "0206ONBJBKF1MU0F7UHQKE", "tract_id": "36081118700", "city": "FLUSHING, NY", "zone_code": "R3X", "zone_category": "Residential", "ev_permitted": false}, "geometry": {"type": "Polygon", "coordinates": [[[-73.8118602822138, 40.76050971116], [-73.8116055091313, 40.760577607718], [-73.8116439736004, 40.7606599558412], [-73.8118987478807, 40.760592059903], [-73.8118602822138, 40.76050971116]]]}}, {"type": "Feature", "properties": {"zone_id": "02003HTFUJCL4JIJ5E4VWY", "tract_id": "36081118700", "city": "FLUSHING, NY", "zone_code": "R3X", "zone_category": "Residential", "ev_permitted": false}, "geometry": {"type": "Polygon", "coordinates": [[[-73.8124642760463, 40.7602916197888], [-73.8120691409466, 40.760396736141], [-73.8121232549643, 40.7605123220726], [-73.8125183897401, 40.7604072055351], [-73.8124642760463, 40.7602916197888]]]}}, {"type": "Feature", "properties": {"zone_id": "02076KEUPN91C2CGJCIULE", "tract_id": "36081118700", "city": "FLUSHING, NY", "zone_code": "R3X", "zone_category": "Residential", "ev_permitted": false}, "geometry": {"type": "Polygon", "coordinates": [[[-73.8124095443465, 40.7601747141233], [-73.8120144098519, 40.7602798309922], [-73.8120691409466, 40.760396736141], [-73.8124642760463, 40.7602916197888], [-73.8124095443465, 40.7601747141233]]]}}, {"type": "Feature", "properties": {"zone_id": "0200KBXE6XIHBSVPNTQ8XX", "tract_id": "36081118700", "city": "FLUSHING, NY", "zone_code": "R3X", "zone_category": "Residential", "ev_permitted": false}, "geometry": {"type": "Polygon", "coordinates": [[[-73.811783705724, 40.7603457709721], [-73.8115289331906, 40.7604136673625], [-73.8115668481873, 40.7604948404766], [-73.8118216219167, 40.7604269440047], [-73.811783705724, 40.7603457709721]]]}}, {"type": "Feature", "properties": {"zone_id": "02029BFAG0SXPJ7ZR24RB5", "tract_id": "36081118700", "city": "FLUSHING, NY", "zone_code": "R3X", "zone_category": "Residential", "ev_permitted": false}, "geometry": {"type": "Polygon", "coordinates": [[[-73.8118216219167, 40.7604269440047], [-73.8115668481873, 40.7604948404766], [-73.8116055091313, 40.760577607718], [-73.8118602822138, 40.76050971116], [-73.8118216219167, 40.7604269440047]]]}}, {"type": "Feature", "properties": {"zone_id": "0200U037WJ025HIVXQUFPU", "tract_id": "36081118700", "city": "FLUSHING, NY", "zone_code": "R3X", "zone_category": "Residential", "ev_permitted": false}, "geometry": {"type": "Polygon", "coordinates": [[[-73.8128354421741, 40.760061412161], [-73.8127662040524, 40.7600798315003], [-73.8129319969528, 40.7604339541658], [-73.8130012353987, 40.7604155340251], [-73.8128354421741, 40.760061412161]]]}}, {"type": "Feature", "properties": {"zone_id": "02057PTHS4M7BAPGLIDJOX", "tract_id": "36081118700", "city": "FLUSHING, NY", "zone_code": "R3X", "zone_category": "Residential", "ev_permitted": false}, "geometry": {"type": "Polygon", "coordinates": [[[-73.8129073722849, 40.760042276227], [-73.8128354421741, 40.760061412161], [-73.8130012353987, 40.7604155340251], [-73.8130731658423, 40.7603963986912], [-73.8129073722849, 40.760042276227]]]}}, {"type": "Feature", "properties": {"zone_id": "02034CHPQHNBERAD350KCT", "tract_id": "36081118700", "city": "FLUSHING, NY", "zone_code": "R3X", "zone_category": "Residential", "ev_permitted": false}, "geometry": {"type": "Polygon", "coordinates": [[[-73.8127549784769, 40.7595797716189], [-73.812627333922, 40.7596141150804], [-73.8127639781094, 40.7599061959654], [-73.812891523027, 40.7598716392866], [-73.8127549784769, 40.7595797716189]]]}}, {"type": "Feature", "properties": {"zone_id": "0204TSULLOAA0YW9KIHYKM", "tract_id": "36081118700", "city": "FLUSHING, NY", "zone_code": "R3X", "zone_category": "Residential", "ev_permitted": false}, "geometry": {"type": "Polygon", "coordinates": [[[-73.812627333922, 40.7596141150804], [-73.8125422605972, 40.7596370048248], [-73.8126789705951, 40.7599292271512], [-73.8127639781094, 40.7599061959654], [-73.812627333922, 40.7596141150804]]]}}, {"type": "Feature", "properties": {"zone_id": "0205ASIUHC7BW3ZGEXQFZB", "tract_id": "36081118700", "city": "FLUSHING, NY", "zone_code": "R3X", "zone_category": "Residential", "ev_permitted": false}, "geometry": {"type": "Polygon", "coordinates": [[[-73.8125422605972, 40.7596370048248], [-73.8124593132863, 40.7596593224922], [-73.8125960872604, 40.7599516841465], [-73.8126789705951, 40.7599292271512], [-73.8125422605972, 40.7596370048248]]]}}, {"type": "Feature", "properties": {"zone_id": "0205PFWBXD2JO74IKHP3R5", "tract_id": "36081118700", "city": "FLUSHING, NY", "zone_code": "R3X", "zone_category": "Residential", "ev_permitted": false}, "geometry": {"type": "Polygon", "coordinates": [[[-73.8124593132863, 40.7596593224922], [-73.8123679661266, 40.7596838995113], [-73.8125048104772, 40.7599764131619], [-73.8125960872604, 40.7599516841465], [-73.8124593132863, 40.7596593224922]]]}}, {"type": "Feature", "properties": {"zone_id": "0202HG5IX8DX89UJQ9BVAK", "tract_id": "36081118700", "city": "FLUSHING, NY", "zone_code": "R3X", "zone_category": "Residential", "ev_permitted": false}, "geometry": {"type": "Polygon", "coordinates": [[[-73.8123679661266, 40.7596838995113], [-73.8122828926237, 40.759706789064], [-73.8124198027837, 40.7599994441562], [-73.8125048104772, 40.7599764131619], [-73.8123679661266, 40.7596838995113]]]}}, {"type": "Feature", "properties": {"zone_id": "0205MJV0NZXBE7QXPYY66A", "tract_id": "36081118700", "city": "FLUSHING, NY", "zone_code": "R3X", "zone_category": "Residential", "ev_permitted": false}, "geometry": {"type": "Polygon", "coordinates": [[[-73.8122828926237, 40.759706789064], [-73.8121807697578, 40.7597342651008], [-73.8123177603638, 40.7600270911902], [-73.8124198027837, 40.7599994441562], [-73.8122828926237, 40.759706789064]]]}}, {"type": "Feature", "properties": {"zone_id": "0204ABPDOOGEF4OD1JMGCM", "tract_id": "36081118700", "city": "FLUSHING, NY", "zone_code": "R3X", "zone_category": "Residential", "ev_permitted": false}, "geometry": {"type": "Polygon", "coordinates": [[[-73.8121550410987, 40.7598628429308], [-73.8118565866231, 40.7599431430642], [-73.8119433180365, 40.7601285378256], [-73.8121871371418, 40.7600624804841], [-73.8121550410987, 40.7598628429308]]]}}, {"type": "Feature", "properties": {"zone_id": "0200C04K59SBQO2PIJMXHC", "tract_id": "36081118700", "city": "FLUSHING, NY", "zone_code": "R3X", "zone_category": "Residential", "ev_permitted": false}, "geometry": {"type": "Polygon", "coordinates": [[[-73.8121807697578, 40.7597342651008], [-73.8121362932149, 40.759746231888], [-73.8121871371418, 40.7600624804841], [-73.8123177603638, 40.7600270911902], [-73.8121807697578, 40.7597342651008]]]}}, {"type": "Feature", "properties": {"zone_id": "0202G5OEJCWHEQCF7ASLCY", "tract_id": "36081118700", "city": "FLUSHING, NY", "zone_code": "R3X", "zone_category": "Residential", "ev_permitted": false}, "geometry": {"type": "Polygon", "coordinates": [[[-73.8121317097846, 40.7597177225769], [-73.8117936797281, 40.7598086692906], [-73.8118565866231, 40.7599431430642], [-73.8121550410987, 40.7598628429308], [-73.8121317097846, 40.7597177225769]]]}}, {"type": "Feature", "properties": {"zone_id": "0204S7R2SAPSB6MI5F51FK", "tract_id": "36081118700", "city": "FLUSHING, NY", "zone_code": "R3X", "zone_category": "Residential", "ev_permitted": false}, "geometry": {"type": "Polygon", "coordinates": [[[-73.8114435554879, 40.7608775208876], [-73.8113003975211, 40.7609119281278], [-73.8114405369074, 40.7612119492421], [-73.8115716415832, 40.7611804388391], [-73.8114508018504, 40.7609217361291], [-73.8114628556722, 40.7609188391318], [-73.8114435554879, 40.7608775208876]]]}}, {"type": "Feature", "properties": {"zone_id": "0206IQCUUS9K1TS1DDOMYB", "tract_id": "36081118700", "city": "FLUSHING, NY", "zone_code": "R3X", "zone_category": "Residential", "ev_permitted": false}, "geometry": {"type": "Polygon", "coordinates": [[[-73.8111783629496, 40.7609869067366], [-73.8110381554246, 40.7610206045884], [-73.8111591223229, 40.7612795847847], [-73.8112993312581, 40.7612458860858], [-73.8111783629496, 40.7609869067366]]]}}, {"type": "Feature", "properties": {"zone_id": "0206VWG41LSLBK9DF3L3K7", "tract_id": "36081118700", "city": "FLUSHING, NY", "zone_code": "R3X", "zone_category": "Residential", "ev_permitted": false}, "geometry": {"type": "Polygon", "coordinates": [[[-73.8110381554246, 40.7610206045884], [-73.8109990226868, 40.7610300093856], [-73.8110050415416, 40.7613067638003], [-73.8110356611114, 40.7613092571629], [-73.8111591223229, 40.7612795847847], [-73.8110381554246, 40.7610206045884]]]}}, {"type": "Feature", "properties": {"zone_id": "02051N3FO4I0DFFL923QJR", "tract_id": "36081118700", "city": "FLUSHING, NY", "zone_code": "R3X", "zone_category": "Residential", "ev_permitted": false}, "geometry": {"type": "Polygon", "coordinates": [[[-73.8113003975211, 40.7609119281278], [-73.8111591924345, 40.7609458655039], [-73.8112993312581, 40.7612458860858], [-73.8114405369074, 40.7612119492421], [-73.8113003975211, 40.7609119281278]]]}}, {"type": "Feature", "properties": {"zone_id": "0205G0QNIPV403F5EV4C6F", "tract_id": "36081118700", "city": "FLUSHING, NY", "zone_code": "R3X", "zone_category": "Residential", "ev_permitted": false}, "geometry": {"type": "Polygon", "coordinates": [[[-73.8115885621315, 40.7608886261119], [-73.8114508018504, 40.7609217361291], [-73.8115716415832, 40.7611804388391], [-73.8117094032634, 40.7611473286802], [-73.8115885621315, 40.7608886261119]]]}}, {"type": "Feature", "properties": {"zone_id": "02073WSB9VBJDVMLC97YQM", "tract_id": "36081118700", "city": "FLUSHING, NY", "zone_code": "R3X", "zone_category": "Residential", "ev_permitted": false}, "geometry": {"type": "Polygon", "coordinates": [[[-73.8114556102261, 40.7608746238925], [-73.8114435554879, 40.7608775208876], [-73.8114628556722, 40.7609188391318], [-73.8114749094929, 40.7609159421332], [-73.8114556102261, 40.7608746238925]]]}}, {"type": "Feature", "properties": {"zone_id": "02014PBJ07W3P64WA2Z8N6", "tract_id": "36081118700", "city": "FLUSHING, NY", "zone_code": "R3X", "zone_category": "Residential", "ev_permitted": false}, "geometry": {"type": "Polygon", "coordinates": [[[-73.8108965726976, 40.7610080828192], [-73.8108570546926, 40.7612947106892], [-73.8110050415416, 40.7613067638003], [-73.8109987267731, 40.761016402671], [-73.8108965726976, 40.7610080828192]]]}}, {"type": "Feature", "properties": {"zone_id": "020360KH9899ILF80IOQ6D", "tract_id": "36081118700", "city": "FLUSHING, NY", "zone_code": "R3X", "zone_category": "Residential", "ev_permitted": false}, "geometry": {"type": "Polygon", "coordinates": [[[-73.8105933721392, 40.7610938062276], [-73.810568907418, 40.7612712421292], [-73.8108570546926, 40.7612947106892], [-73.8108815186547, 40.761117274727], [-73.8105933721392, 40.7610938062276]]]}}, {"type": "Feature", "properties": {"zone_id": "0204XFFA1NHM40ZSSZRFNT", "tract_id": "36081118700", "city": "FLUSHING, NY", "zone_code": "R3X", "zone_category": "Residential", "ev_permitted": false}, "geometry": {"type": "Polygon", "coordinates": [[[-73.8106084266491, 40.7609846143571], [-73.8105933721392, 40.7610938062276], [-73.8108815186547, 40.761117274727], [-73.8108965726976, 40.7610080828192], [-73.8106084266491, 40.7609846143571]]]}}, {"type": "Feature", "properties": {"zone_id": "0202S22X3DDEF9KPTC6EVA", "tract_id": "36081118700", "city": "FLUSHING, NY", "zone_code": "R3X", "zone_category": "Residential", "ev_permitted": false}, "geometry": {"type": "Polygon", "coordinates": [[[-73.8102557965791, 40.7609662231799], [-73.8102170474079, 40.7612483312147], [-73.8103669236844, 40.7612591375312], [-73.810405602372, 40.7609775464862], [-73.8102557965791, 40.7609662231799]]]}}, {"type": "Feature", "properties": {"zone_id": "0206JMGZRO511X48JLQ1ZA", "tract_id": "36081118700", "city": "FLUSHING, NY", "zone_code": "R3X", "zone_category": "Residential", "ev_permitted": false}, "geometry": {"type": "Polygon", "coordinates": [[[-73.8106234820338, 40.7608754224844], [-73.8106084266491, 40.7609846143571], [-73.8109987267731, 40.761016402671], [-73.8109963210279, 40.7609057894392], [-73.8106234820338, 40.7608754224844]]]}}, {"type": "Feature", "properties": {"zone_id": "020271UB8Y82O61UVUZF5Y", "tract_id": "36081118700", "city": "FLUSHING, NY", "zone_code": "R3X", "zone_category": "Residential", "ev_permitted": false}, "geometry": {"type": "Polygon", "coordinates": [[[-73.8106382335649, 40.7607684273138], [-73.8106234820338, 40.7608754224844], [-73.8109963210279, 40.7609057894392], [-73.8109939644256, 40.7607974001923], [-73.8106382335649, 40.7607684273138]]]}}, {"type": "Feature", "properties": {"zone_id": "0202C4Q9XWMPI3MIJVD2UE", "tract_id": "36081118700", "city": "FLUSHING, NY", "zone_code": "R3X", "zone_category": "Residential", "ev_permitted": false}, "geometry": {"type": "Polygon", "coordinates": [[[-73.8101028449585, 40.7609546619142], [-73.810064032647, 40.761237298895], [-73.8102170474079, 40.7612483312147], [-73.8102557965791, 40.7609662231799], [-73.8101028449585, 40.7609546619142]]]}}, {"type": "Feature", "properties": {"zone_id": "02067HZDK2P9MS82HR3R2K", "tract_id": "36081118700", "city": "FLUSHING, NY", "zone_code": "R3X", "zone_category": "Residential", "ev_permitted": false}, "geometry": {"type": "Polygon", "coordinates": [[[-73.8099622440794, 40.7609440335697], [-73.8099233540178, 40.7612271552088], [-73.810064032647, 40.761237298895], [-73.8101028449585, 40.7609546619142], [-73.8099622440794, 40.7609440335697]]]}}, {"type": "Feature", "properties": {"zone_id": "0204B63KX15T6N3SHCI3RJ", "tract_id": "36081118700", "city": "FLUSHING, NY", "zone_code": "R4A", "zone_category": "Residential", "ev_permitted": false}, "geometry": {"type": "Polygon", "coordinates": [[[-73.809819923867, 40.7609332757371], [-73.809780965269, 40.7612168883729], [-73.8099233540178, 40.7612271552088], [-73.8099622440794, 40.7609440335697], [-73.809819923867, 40.7609332757371]]]}}, {"type": "Feature", "properties": {"zone_id": "0203H3XALCXO422H2F71R0", "tract_id": "36081118700", "city": "FLUSHING, NY", "zone_code": "R4A", "zone_category": "Residential", "ev_permitted": false}, "geometry": {"type": "Polygon", "coordinates": [[[-73.8096656908642, 40.760921647131], [-73.8096264483706, 40.7612057475929], [-73.809780965269, 40.7612168883729], [-73.809819923867, 40.7609332757371], [-73.8096656908642, 40.760921647131]]]}}, {"type": "Feature", "properties": {"zone_id": "0203DYA0R84GP7R5S0JJPG", "tract_id": "36081118700", "city": "FLUSHING, NY", "zone_code": "R3X", "zone_category": "Residential", "ev_permitted": false}, "geometry": {"type": "Polygon", "coordinates": [[[-73.8100591123496, 40.7607617227053], [-73.8100483316393, 40.7608402105723], [-73.8104205998837, 40.7608683496255], [-73.8104313801579, 40.7607898624267], [-73.8100591123496, 40.7607617227053]]]}}, {"type": "Feature", "properties": {"zone_id": "020433JQF70TWAGF7UPU7Q", "tract_id": "36081118700", "city": "FLUSHING, NY", "zone_code": "R3X", "zone_category": "Residential", "ev_permitted": false}, "geometry": {"type": "Polygon", "coordinates": [[[-73.8100483316393, 40.7608402105723], [-73.8100333325995, 40.7609494073834], [-73.810405602372, 40.7609775464862], [-73.8104205998837, 40.7608683496255], [-73.8100483316393, 40.7608402105723]]]}}, {"type": "Feature", "properties": {"zone_id": "0204SXR82IV332YZ263O5N", "tract_id": "36081118700", "city": "FLUSHING, NY", "zone_code": "R3X", "zone_category": "Residential", "ev_permitted": false}, "geometry": {"type": "Polygon", "coordinates": [[[-73.8096782626815, 40.760830636714], [-73.8096656908642, 40.760921647131], [-73.8100333325995, 40.7609494073834], [-73.8100458337027, 40.7608583918922], [-73.8096782626815, 40.760830636714]]]}}, {"type": "Feature", "properties": {"zone_id": "0205ZZZQRV56YZ0UBV23R9", "tract_id": "36081118700", "city": "FLUSHING, NY", "zone_code": "R3X", "zone_category": "Residential", "ev_permitted": false}, "geometry": {"type": "Polygon", "coordinates": [[[-73.8096916139195, 40.7607339733094], [-73.8096782626815, 40.760830636714], [-73.8100458337027, 40.7608583918922], [-73.8100591123496, 40.7607617227053], [-73.8096916139195, 40.7607339733094]]]}}, {"type": "Feature", "properties": {"zone_id": "0203MD146EXFP18R0LWER3", "tract_id": "36081118700", "city": "FLUSHING, NY", "zone_code": "R5B", "zone_category": "Residential", "ev_permitted": false}, "geometry": {"type": "Polygon", "coordinates": [[[-73.8091084530443, 40.76105289402], [-73.8090937884065, 40.7611196655992], [-73.8094213137508, 40.7611804233874], [-73.809434967016, 40.7610781547273], [-73.8091084530443, 40.76105289402]]]}}, {"type": "Feature", "properties": {"zone_id": "0206DV5IHKHZSF87VZSWOD", "tract_id": "36081118700", "city": "FLUSHING, NY", "zone_code": "R5B", "zone_category": "Residential", "ev_permitted": false}, "geometry": {"type": "Polygon", "coordinates": [[[-73.80913138344, 40.7609484906378], [-73.8091198826704, 40.7610008545842], [-73.809441959848, 40.7610257713487], [-73.8094489970321, 40.760973062713], [-73.80913138344, 40.7609484906378]]]}}, {"type": "Feature", "properties": {"zone_id": "0204L7U9NX0JFDJ02DCHLD", "tract_id": "36081118700", "city": "FLUSHING, NY", "zone_code": "R5B", "zone_category": "Residential", "ev_permitted": false}, "geometry": {"type": "Polygon", "coordinates": [[[-73.8091198826704, 40.7610008545842], [-73.8091084530443, 40.76105289402], [-73.809434967016, 40.7610781547273], [-73.809441959848, 40.7610257713487], [-73.8091198826704, 40.7610008545842]]]}}, {"type": "Feature", "properties": {"zone_id": "0206JTF74QAJQC7RS8Q6FG", "tract_id": "36081118700", "city": "FLUSHING, NY", "zone_code": "R4A", "zone_category": "Residential", "ev_permitted": false}, "geometry": {"type": "Polygon", "coordinates": [[[-73.8091113081595, 40.7607847455618], [-73.8091039845777, 40.7608395996155], [-73.8091532894519, 40.7608487462695], [-73.8091473438602, 40.7608758188888], [-73.8094587624061, 40.7608999113005], [-73.809470427751, 40.7608125286242], [-73.8091113081595, 40.7607847455618]]]}}, {"type": "Feature", "properties": {"zone_id": "0200SYUYH6MKUTSLVAPT1Y", "tract_id": "36081118700", "city": "FLUSHING, NY", "zone_code": "R5B", "zone_category": "Residential", "ev_permitted": false}, "geometry": {"type": "Polygon", "coordinates": [[[-73.809015381595, 40.7608600918768], [-73.8089834595272, 40.7610991991492], [-73.8090937884065, 40.7611196655992], [-73.8091485348601, 40.7608703928445], [-73.809015381595, 40.7608600918768]]]}}, {"type": "Feature", "properties": {"zone_id": "0204H09A0NOHIC8GS5MPLB", "tract_id": "36081118700", "city": "FLUSHING, NY", "zone_code": "R5B", "zone_category": "Residential", "ev_permitted": false}, "geometry": {"type": "Polygon", "coordinates": [[[-73.808943894143, 40.7608099020777], [-73.8089071601666, 40.7610850447904], [-73.8089834595272, 40.7610991991492], [-73.809015381595, 40.7608600918768], [-73.8091485348601, 40.7608703928445], [-73.8091532894519, 40.7608487462695], [-73.808943894143, 40.7608099020777]]]}}, {"type": "Feature", "properties": {"zone_id": "0202A35ALXEGG40431RPPZ", "tract_id": "36081118700", "city": "FLUSHING, NY", "zone_code": "R3X", "zone_category": "Residential", "ev_permitted": false}, "geometry": {"type": "Polygon", "coordinates": [[[-73.8117112170625, 40.7601905826667], [-73.8109849777095, 40.7603841211544], [-73.810988750967, 40.7605576215372], [-73.811783705724, 40.7603457709721], [-73.8117112170625, 40.7601905826667]]]}}, {"type": "Feature", "properties": {"zone_id": "02020G16J7WNXEKBR4VUTU", "tract_id": "36081118700", "city": "FLUSHING, NY", "zone_code": "R3X", "zone_category": "Residential", "ev_permitted": false}, "geometry": {"type": "Polygon", "coordinates": [[[-73.8111214318198, 40.760522262974], [-73.810988750967, 40.7605576215372], [-73.8109990226868, 40.7610300093856], [-73.8111783629496, 40.7609869067366], [-73.8111591924345, 40.7609458655039], [-73.8113031347182, 40.760911269304], [-73.8111214318198, 40.760522262974]]]}}, {"type": "Feature", "properties": {"zone_id": "0203ZRTQC3EH8IB0X9DRZ2", "tract_id": "36081118700", "city": "FLUSHING, NY", "zone_code": "R3X", "zone_category": "Residential", "ev_permitted": false}, "geometry": {"type": "Polygon", "coordinates": [[[-73.8112722504469, 40.7604820715938], [-73.8111214318198, 40.760522262974], [-73.8113031347182, 40.760911269304], [-73.8114556102261, 40.7608746238925], [-73.8112722504469, 40.7604820715938]]]}}, {"type": "Feature", "properties": {"zone_id": "02028GDDJ5FJR908I9NOMJ", "tract_id": "36081118700", "city": "FLUSHING, NY", "zone_code": "R3X", "zone_category": "Residential", "ev_permitted": false}, "geometry": {"type": "Polygon", "coordinates": [[[-73.8115289331906, 40.7604136673625], [-73.8112722504469, 40.7604820715938], [-73.8114749094929, 40.7609159421332], [-73.8116476096082, 40.760874434159], [-73.8115631834425, 40.7606936903326], [-73.8116490429883, 40.7606708089213], [-73.8115289331906, 40.7604136673625]]]}}, {"type": "Feature", "properties": {"zone_id": "0204PGY58UN49WVZ99RX2F", "tract_id": "36081118700", "city": "FLUSHING, NY", "zone_code": "R5B", "zone_category": "Residential", "ev_permitted": false}, "geometry": {"type": "Polygon", "coordinates": [[[-73.8091473438602, 40.7608758188888], [-73.80913138344, 40.7609484906378], [-73.8094489970321, 40.760973062713], [-73.8094587624061, 40.7608999113005], [-73.8091473438602, 40.7608758188888]]]}}, {"type": "Feature", "properties": {"zone_id": "0204AA0SKSJAQA2ODA3LOP", "tract_id": "36081118700", "city": "FLUSHING, NY", "zone_code": "R3X", "zone_category": "Residential", "ev_permitted": false}, "geometry": {"type": "Polygon", "coordinates": [[[-73.8106532275496, 40.760659670277], [-73.8106382335649, 40.7607684273138], [-73.8109939644256, 40.7607974001923], [-73.8109915685352, 40.7606872275382], [-73.8106532275496, 40.760659670277]]]}}, {"type": "Feature", "properties": {"zone_id": "0202X0QV9VOHQUC5E4XJF1", "tract_id": "36081118700", "city": "FLUSHING, NY", "zone_code": "R3X", "zone_category": "Residential", "ev_permitted": false}, "geometry": {"type": "Polygon", "coordinates": [[[-73.8106682837094, 40.7605504790974], [-73.8106532275496, 40.760659670277], [-73.8109915685352, 40.7606872275382], [-73.8109891628158, 40.7605766135983], [-73.8106682837094, 40.7605504790974]]]}}, {"type": "Feature", "properties": {"zone_id": "020206MBOI6T786GX02GQM", "tract_id": "36081118700", "city": "FLUSHING, NY", "zone_code": "R3X", "zone_category": "Residential", "ev_permitted": false}, "geometry": {"type": "Polygon", "coordinates": [[[-73.8106833379718, 40.7604412879111], [-73.8106682837094, 40.7605504790974], [-73.8109891628158, 40.7605766135983], [-73.8109867571024, 40.7604660003592], [-73.8106833379718, 40.7604412879111]]]}}, {"type": "Feature", "properties": {"zone_id": "02044SWLQORN1550VO77K4", "tract_id": "36081118700", "city": "FLUSHING, NY", "zone_code": "R3X", "zone_category": "Residential", "ev_permitted": false}, "geometry": {"type": "Polygon", "coordinates": [[[-73.8106983921868, 40.7603320960184], [-73.8106833379718, 40.7604412879111], [-73.8109867571024, 40.7604660003592], [-73.8109843523231, 40.7603553864172], [-73.8106983921868, 40.7603320960184]]]}}, {"type": "Feature", "properties": {"zone_id": "0201DJXTJ0L3DLSIC1XQKY", "tract_id": "36081118700", "city": "FLUSHING, NY", "zone_code": "R3X", "zone_category": "Residential", "ev_permitted": false}, "geometry": {"type": "Polygon", "coordinates": [[[-73.810720831397, 40.7601693443566], [-73.8106983921868, 40.7603320960184], [-73.8109843523231, 40.7603553864172], [-73.8109807662172, 40.7601905149518], [-73.810720831397, 40.7601693443566]]]}}, {"type": "Feature", "properties": {"zone_id": "02037ON5YWN8NS9I4VELJE", "tract_id": "36081118700", "city": "FLUSHING, NY", "zone_code": "R3X", "zone_category": "Residential", "ev_permitted": false}, "geometry": {"type": "Polygon", "coordinates": [[[-73.8101272546266, 40.7602656221886], [-73.8101051310829, 40.7604266878808], [-73.810477397038, 40.7604548274549], [-73.8104995196909, 40.7602937616918], [-73.8101272546266, 40.7602656221886]]]}}, {"type": "Feature", "properties": {"zone_id": "0207EKC3UZQQUVC06SYFMK", "tract_id": "36081118700", "city": "FLUSHING, NY", "zone_code": "R3X", "zone_category": "Residential", "ev_permitted": false}, "geometry": {"type": "Polygon", "coordinates": [[[-73.8101051310829, 40.7604266878808], [-73.8100938824068, 40.7605085863791], [-73.8104661488171, 40.7605367252865], [-73.810477397038, 40.7604548274549], [-73.8101051310829, 40.7604266878808]]]}}, {"type": "Feature", "properties": {"zone_id": "0201EJSAIKEYF915E1B301", "tract_id": "36081118700", "city": "FLUSHING, NY", "zone_code": "R3X", "zone_category": "Residential", "ev_permitted": false}, "geometry": {"type": "Polygon", "coordinates": [[[-73.8116072812358, 40.7599680670894], [-73.8113449757516, 40.7600379708917], [-73.81139333755, 40.7601415084468], [-73.8116556433911, 40.7600716045356], [-73.8116072812358, 40.7599680670894]]]}}, {"type": "Feature", "properties": {"zone_id": "0200JWMOW3VBKI0JLI6ATJ", "tract_id": "36081118700", "city": "FLUSHING, NY", "zone_code": "R3X", "zone_category": "Residential", "ev_permitted": false}, "geometry": {"type": "Polygon", "coordinates": [[[-73.8116556433911, 40.7600716045356], [-73.81139333755, 40.7601415084468], [-73.8114489108131, 40.7602604860006], [-73.8117112170625, 40.7601905826667], [-73.8116556433911, 40.7600716045356]]]}}, {"type": "Feature", "properties": {"zone_id": "0205YX2BRA9FL1C6KQMTV5", "tract_id": "36081118700", "city": "FLUSHING, NY", "zone_code": "R3X", "zone_category": "Residential", "ev_permitted": false}, "geometry": {"type": "Polygon", "coordinates": [[[-73.8112975307778, 40.7599363966318], [-73.8111817164696, 40.7599672600479], [-73.8113330960096, 40.76029135027], [-73.8114489108131, 40.7602604860006], [-73.8112975307778, 40.7599363966318]]]}}, {"type": "Feature", "properties": {"zone_id": "020094L822N35P429KO8XX", "tract_id": "36081118700", "city": "FLUSHING, NY", "zone_code": "R3X", "zone_category": "Residential", "ev_permitted": false}, "geometry": {"type": "Polygon", "coordinates": [[[-73.8111817164696, 40.7599672600479], [-73.8110459757172, 40.760003434365], [-73.8111973546809, 40.7603275240612], [-73.8113330960096, 40.76029135027], [-73.8111817164696, 40.7599672600479]]]}}, {"type": "Feature", "properties": {"zone_id": "0201UEQTZ98J88HQHBYAUO", "tract_id": "36081118700", "city": "FLUSHING, NY", "zone_code": "R3X", "zone_category": "Residential", "ev_permitted": false}, "geometry": {"type": "Polygon", "coordinates": [[[-73.8110459757172, 40.760003434365], [-73.8109770986562, 40.7600217899831], [-73.8109849777095, 40.7603841211544], [-73.8111973546809, 40.7603275240612], [-73.8110459757172, 40.760003434365]]]}}, {"type": "Feature", "properties": {"zone_id": "0203ST9RJJD0YDIFIOM3RV", "tract_id": "36081118700", "city": "FLUSHING, NY", "zone_code": "R3X", "zone_category": "Residential", "ev_permitted": false}, "geometry": {"type": "Polygon", "coordinates": [[[-73.8114382334882, 40.7596061517234], [-73.8112737551864, 40.7596499838917], [-73.8113953570451, 40.7599103259795], [-73.8115598368358, 40.7598664929381], [-73.8114382334882, 40.7596061517234]]]}}, {"type": "Feature", "properties": {"zone_id": "0204W8LX8VDQ7JFJKD9LDQ", "tract_id": "36081118700", "city": "FLUSHING, NY", "zone_code": "R3X", "zone_category": "Residential", "ev_permitted": false}, "geometry": {"type": "Polygon", "coordinates": [[[-73.8115598368358, 40.7598664929381], [-73.8112975307778, 40.7599363966318], [-73.8113449757516, 40.7600379708917], [-73.8116072812358, 40.7599680670894], [-73.8115598368358, 40.7598664929381]]]}}, {"type": "Feature", "properties": {"zone_id": "020759EW9MUPDO23V1F4FW", "tract_id": "36081118700", "city": "FLUSHING, NY", "zone_code": "R3X", "zone_category": "Residential", "ev_permitted": false}, "geometry": {"type": "Polygon", "coordinates": [[[-73.8111360814134, 40.7596866744116], [-73.8109707676359, 40.759730728925], [-73.8109770986562, 40.7600217899831], [-73.8112576837291, 40.7599470152395], [-73.8111360814134, 40.7596866744116]]]}}, {"type": "Feature", "properties": {"zone_id": "0201HXZMT5RVCX2BMHNNLQ", "tract_id": "36081118700", "city": "FLUSHING, NY", "zone_code": "R3X", "zone_category": "Residential", "ev_permitted": false}, "geometry": {"type": "Polygon", "coordinates": [[[-73.8112737551864, 40.7596499838917], [-73.8111360814134, 40.7596866744116], [-73.8112576837291, 40.7599470152395], [-73.8113953570451, 40.7599103259795], [-73.8112737551864, 40.7596499838917]]]}}, {"type": "Feature", "properties": {"zone_id": "02050L81TNAE02FI041XO0", "tract_id": "36081118700", "city": "FLUSHING, NY", "zone_code": "R3X", "zone_category": "Residential", "ev_permitted": false}, "geometry": {"type": "Polygon", "coordinates": [[[-73.8107320726501, 40.7600878153793], [-73.810720831397, 40.7601693443566], [-73.8109807662172, 40.7601905149518], [-73.8109789703773, 40.760107923926], [-73.8107320726501, 40.7600878153793]]]}}, {"type": "Feature", "properties": {"zone_id": "02047WSYK9NXX3R6D8D290", "tract_id": "36081118700", "city": "FLUSHING, NY", "zone_code": "R3X", "zone_category": "Residential", "ev_permitted": false}, "geometry": {"type": "Polygon", "coordinates": [[[-73.8107437950997, 40.7600027879634], [-73.8107320726501, 40.7600878153793], [-73.8109789703773, 40.760107923926], [-73.8109770986562, 40.7600217899831], [-73.8107437950997, 40.7600027879634]]]}}, {"type": "Feature", "properties": {"zone_id": "0205S0THT58ZVEQ6XRIFGS", "tract_id": "36081118700", "city": "FLUSHING, NY", "zone_code": "R3X", "zone_category": "Residential", "ev_permitted": false}, "geometry": {"type": "Polygon", "coordinates": [[[-73.8101692507694, 40.7599598701997], [-73.8101482522841, 40.760112746197], [-73.810520517427, 40.7601408856345], [-73.8105415141446, 40.7599880088658], [-73.8101692507694, 40.7599598701997]]]}}, {"type": "Feature", "properties": {"zone_id": "0202STSTAS0UCHZYXISBMB", "tract_id": "36081118700", "city": "FLUSHING, NY", "zone_code": "R3X", "zone_category": "Residential", "ev_permitted": false}, "geometry": {"type": "Polygon", "coordinates": [[[-73.8101482522841, 40.760112746197], [-73.8101272546266, 40.7602656221886], [-73.8104995196909, 40.7602937616918], [-73.810520517427, 40.7601408856345], [-73.8101482522841, 40.760112746197]]]}}, {"type": "Feature", "properties": {"zone_id": "02046CBHTCOOJNQLHFKZDC", "tract_id": "36081118700", "city": "FLUSHING, NY", "zone_code": "R3X", "zone_category": "Residential", "ev_permitted": false}, "geometry": {"type": "Polygon", "coordinates": [[[-73.8109707676359, 40.759730728925], [-73.8107740776156, 40.7597831452715], [-73.8107437950997, 40.7600027879634], [-73.8109770986562, 40.7600217899831], [-73.8109707676359, 40.759730728925]]]}}, {"type": "Feature", "properties": {"zone_id": "0202VQQMXEXV6PDC7B0X71", "tract_id": "36081118700", "city": "FLUSHING, NY", "zone_code": "R3X", "zone_category": "Residential", "ev_permitted": false}, "geometry": {"type": "Polygon", "coordinates": [[[-73.8102061120775, 40.759691502971], [-73.810191374003, 40.7597988044841], [-73.8105636364874, 40.7598269430794], [-73.8105782428041, 40.7597205969157], [-73.8102061120775, 40.759691502971]]]}}, {"type": "Feature", "properties": {"zone_id": "02057T3GOA437MDWWNCAO6", "tract_id": "36081118700", "city": "FLUSHING, NY", "zone_code": "R3X", "zone_category": "Residential", "ev_permitted": false}, "geometry": {"type": "Polygon", "coordinates": [[[-73.810191374003, 40.7597988044841], [-73.8101692507694, 40.7599598701997], [-73.8105415141446, 40.7599880088658], [-73.8105636364874, 40.7598269430794], [-73.810191374003, 40.7597988044841]]]}}, {"type": "Feature", "properties": {"zone_id": "0205UZV6XTOS4FWBAS9Q0N", "tract_id": "36081118700", "city": "FLUSHING, NY", "zone_code": "R3X", "zone_category": "Residential", "ev_permitted": false}, "geometry": {"type": "Polygon", "coordinates": [[[-73.8100688823552, 40.7606905899782], [-73.8100591123496, 40.7607617227053], [-73.8104313801579, 40.7607898624267], [-73.8104411497701, 40.7607187296683], [-73.8100688823552, 40.7606905899782]]]}}, {"type": "Feature", "properties": {"zone_id": "0201VKN54S1TEN5D3SFWZ1", "tract_id": "36081118700", "city": "FLUSHING, NY", "zone_code": "R3X", "zone_category": "Residential", "ev_permitted": false}, "geometry": {"type": "Polygon", "coordinates": [[[-73.8100938824068, 40.7605085863791], [-73.8100788835164, 40.7606177832015], [-73.8104511505306, 40.7606459221569], [-73.8104661488171, 40.7605367252865], [-73.8100938824068, 40.7605085863791]]]}}, {"type": "Feature", "properties": {"zone_id": "0205JH1Y08W8NVDLM4WP0V", "tract_id": "36081118700", "city": "FLUSHING, NY", "zone_code": "R3X", "zone_category": "Residential", "ev_permitted": false}, "geometry": {"type": "Polygon", "coordinates": [[[-73.8100788835164, 40.7606177832015], [-73.8100688823552, 40.7606905899782], [-73.8104411497701, 40.7607187296683], [-73.8104511505306, 40.7606459221569], [-73.8100788835164, 40.7606177832015]]]}}, {"type": "Feature", "properties": {"zone_id": "0203V4W5PMHV2CJ7CFD7SS", "tract_id": "36081118700", "city": "FLUSHING, NY", "zone_code": "R3X", "zone_category": "Residential", "ev_permitted": false}, "geometry": {"type": "Polygon", "coordinates": [[[-73.8097041809672, 40.7606429902828], [-73.8096916139195, 40.7607339733094], [-73.8100591123496, 40.7607617227053], [-73.8100716096079, 40.7606707346062], [-73.8097041809672, 40.7606429902828]]]}}, {"type": "Feature", "properties": {"zone_id": "0201223BYG1A5YRU2H7PV8", "tract_id": "36081118700", "city": "FLUSHING, NY", "zone_code": "R3X", "zone_category": "Residential", "ev_permitted": false}, "geometry": {"type": "Polygon", "coordinates": [[[-73.8097167489048, 40.7605520072552], [-73.8097041809672, 40.7606429902828], [-73.8100716096079, 40.7606707346062], [-73.8100841077581, 40.7605797458034], [-73.8097167489048, 40.7605520072552]]]}}, {"type": "Feature", "properties": {"zone_id": "02004UAGYIRGGAFKLEKPX0", "tract_id": "36081118700", "city": "FLUSHING, NY", "zone_code": "R3X", "zone_category": "Residential", "ev_permitted": false}, "geometry": {"type": "Polygon", "coordinates": [[[-73.8097569682199, 40.7602608220637], [-73.809745657246, 40.7603427148065], [-73.8101128569684, 40.7603704424631], [-73.8101241055977, 40.7602885439613], [-73.8097569682199, 40.7602608220637]]]}}, {"type": "Feature", "properties": {"zone_id": "0206CJ0NBG2SW0D2Y0789F", "tract_id": "36081118700", "city": "FLUSHING, NY", "zone_code": "R3X", "zone_category": "Residential", "ev_permitted": false}, "geometry": {"type": "Polygon", "coordinates": [[[-73.8097293196605, 40.7604609961234], [-73.8097167489048, 40.7605520072552], [-73.8100841077581, 40.7605797458034], [-73.8100966096466, 40.7604887303033], [-73.8097293196605, 40.7604609961234]]]}}, {"type": "Feature", "properties": {"zone_id": "0200HI5IVOCUJM690WJBHV", "tract_id": "36081118700", "city": "FLUSHING, NY", "zone_code": "R3X", "zone_category": "Residential", "ev_permitted": false}, "geometry": {"type": "Polygon", "coordinates": [[[-73.809745657246, 40.7603427148065], [-73.8097293196605, 40.7604609961234], [-73.8100966096466, 40.7604887303033], [-73.8101128569684, 40.7603704424631], [-73.809745657246, 40.7603427148065]]]}}, {"type": "Feature", "properties": {"zone_id": "02055OET0RH7553ZVFJT9I", "tract_id": "36081118700", "city": "FLUSHING, NY", "zone_code": "R4A", "zone_category": "Residential", "ev_permitted": false}, "geometry": {"type": "Polygon", "coordinates": [[[-73.8091477644317, 40.7605116744459], [-73.8091356128624, 40.76060268902], [-73.8094947333301, 40.7606304721861], [-73.8095068834902, 40.7605394573974], [-73.8091477644317, 40.7605116744459]]]}}, {"type": "Feature", "properties": {"zone_id": "0205FTJL0SJ3H8EBH0ISX5", "tract_id": "36081118700", "city": "FLUSHING, NY", "zone_code": "R4A", "zone_category": "Residential", "ev_permitted": false}, "geometry": {"type": "Polygon", "coordinates": [[[-73.8091356128624, 40.76060268902], [-73.8091234588711, 40.7606937309912], [-73.80948257867, 40.7607215140172], [-73.8094947333301, 40.7606304721861], [-73.8091356128624, 40.76060268902]]]}}, {"type": "Feature", "properties": {"zone_id": "0200DBITQGOUIJ1VZEIBCK", "tract_id": "36081118700", "city": "FLUSHING, NY", "zone_code": "R4A", "zone_category": "Residential", "ev_permitted": false}, "geometry": {"type": "Polygon", "coordinates": [[[-73.8091234588711, 40.7606937309912], [-73.8091113081595, 40.7607847455618], [-73.809470427751, 40.7608125286242], [-73.80948257867, 40.7607215140172], [-73.8091234588711, 40.7606937309912]]]}}, {"type": "Feature", "properties": {"zone_id": "0200SFGEANXPSEW7HHQS5U", "tract_id": "36081118700", "city": "FLUSHING, NY", "zone_code": "R4A", "zone_category": "Residential", "ev_permitted": false}, "geometry": {"type": "Polygon", "coordinates": [[[-73.808764252596, 40.760679514286], [-73.8087496114413, 40.7607885435953], [-73.8088853902199, 40.7607990487806], [-73.8091039845777, 40.7608395996155], [-73.8091216650498, 40.7607071663147], [-73.808764252596, 40.760679514286]]]}}, {"type": "Feature", "properties": {"zone_id": "0203ANG6QNDSBZIZ26500Y", "tract_id": "36081118700", "city": "FLUSHING, NY", "zone_code": "R4A", "zone_category": "Residential", "ev_permitted": false}, "geometry": {"type": "Polygon", "coordinates": [[[-73.8087789210541, 40.7605702924907], [-73.808764252596, 40.760679514286], [-73.8091216650498, 40.7607071663147], [-73.8091362470057, 40.7605979380081], [-73.8087789210541, 40.7605702924907]]]}}, {"type": "Feature", "properties": {"zone_id": "0206SSE3G8ZXXF4JH5KC66", "tract_id": "36081118700", "city": "FLUSHING, NY", "zone_code": "R4A", "zone_category": "Residential", "ev_permitted": false}, "geometry": {"type": "Polygon", "coordinates": [[[-73.808793587616, 40.7604610706888], [-73.8087789210541, 40.7605702924907], [-73.8091362470057, 40.7605979380081], [-73.8091508298379, 40.7604887096995], [-73.808793587616, 40.7604610706888]]]}}, {"type": "Feature", "properties": {"zone_id": "0205PE2HQU6JOT1UJEY22F", "tract_id": "36081118700", "city": "FLUSHING, NY", "zone_code": "R4A", "zone_category": "Residential", "ev_permitted": false}, "geometry": {"type": "Polygon", "coordinates": [[[-73.809247780853, 40.7604090562783], [-73.809223949155, 40.7605175687364], [-73.8095068834902, 40.7605394573974], [-73.8095214647776, 40.7604302290393], [-73.809247780853, 40.7604090562783]]]}}, {"type": "Feature", "properties": {"zone_id": "0205ZH7ZQO6ORHE0AKQNQX", "tract_id": "36081118700", "city": "FLUSHING, NY", "zone_code": "R4A", "zone_category": "Residential", "ev_permitted": false}, "geometry": {"type": "Polygon", "coordinates": [[[-73.8091769290486, 40.7602932178179], [-73.8091623472261, 40.7604024461344], [-73.8095214647776, 40.7604302290393], [-73.8095360469414, 40.7603210006792], [-73.8091769290486, 40.7602932178179]]]}}, {"type": "Feature", "properties": {"zone_id": "02027QMMFABR86XSL69Z2B", "tract_id": "36081118700", "city": "FLUSHING, NY", "zone_code": "R4A", "zone_category": "Residential", "ev_permitted": false}, "geometry": {"type": "Polygon", "coordinates": [[[-73.8088082550538, 40.7603518488848], [-73.808793587616, 40.7604610706888], [-73.8091508298379, 40.7604887096995], [-73.8091477644317, 40.7605116744459], [-73.809223949155, 40.7605175687364], [-73.809247780853, 40.7604090562783], [-73.8091623472261, 40.7604024461344], [-73.8091654135463, 40.7603794813888], [-73.8088082550538, 40.7603518488848]]]}}, {"type": "Feature", "properties": {"zone_id": "0207FSN0OAMTWJ1F6TYE0Q", "tract_id": "36081118700", "city": "FLUSHING, NY", "zone_code": "R4A", "zone_category": "Residential", "ev_permitted": false}, "geometry": {"type": "Polygon", "coordinates": [[[-73.8088229224435, 40.7602426270772], [-73.8088082550538, 40.7603518488848], [-73.8091654135463, 40.7603794813888], [-73.8091799953608, 40.7602702523688], [-73.8088229224435, 40.7602426270772]]]}}, {"type": "Feature", "properties": {"zone_id": "020770UO6EVETHHW95DV74", "tract_id": "36081118700", "city": "FLUSHING, NY", "zone_code": "R4A", "zone_category": "Residential", "ev_permitted": false}, "geometry": {"type": "Polygon", "coordinates": [[[-73.8097682800899, 40.7601789293203], [-73.8097569682199, 40.7602608220637], [-73.8101241055977, 40.7602885439613], [-73.8101353551215, 40.7602066461616], [-73.8097682800899, 40.7601789293203]]]}}, {"type": "Feature", "properties": {"zone_id": "0200BBI108ZVAW3QG7D7TX", "tract_id": "36081118700", "city": "FLUSHING, NY", "zone_code": "R4A", "zone_category": "Residential", "ev_permitted": false}, "geometry": {"type": "Polygon", "coordinates": [[[-73.8097795919341, 40.7600970358722], [-73.8097682800899, 40.7601789293203], [-73.8101353551215, 40.7602066461616], [-73.8101466036936, 40.7601247483583], [-73.8097795919341, 40.7600970358722]]]}}, {"type": "Feature", "properties": {"zone_id": "02046IOP7R0NWTYLP8B3TC", "tract_id": "36081118700", "city": "FLUSHING, NY", "zone_code": "R4A", "zone_category": "Residential", "ev_permitted": false}, "geometry": {"type": "Polygon", "coordinates": [[[-73.8097909028246, 40.7600151431231], [-73.8097795919341, 40.7600970358722], [-73.8101466036936, 40.7601247483583], [-73.810157853162, 40.7600428505544], [-73.8097909028246, 40.7600151431231]]]}}, {"type": "Feature", "properties": {"zone_id": "0202CP94M3M9SFIYDNVMLA", "tract_id": "36081118700", "city": "FLUSHING, NY", "zone_code": "R4A", "zone_category": "Residential", "ev_permitted": false}, "geometry": {"type": "Polygon", "coordinates": [[[-73.8098018551147, 40.7599358489046], [-73.8097909028246, 40.7600151431231], [-73.810157853162, 40.7600428505544], [-73.8101687449667, 40.7599635519865], [-73.8098018551147, 40.7599358489046]]]}}, {"type": "Feature", "properties": {"zone_id": "0205D245OX9847QBRN2A1N", "tract_id": "36081118700", "city": "FLUSHING, NY", "zone_code": "R4A", "zone_category": "Residential", "ev_permitted": false}, "geometry": {"type": "Polygon", "coordinates": [[[-73.809814426562, 40.7598448377568], [-73.8098018551147, 40.7599358489046], [-73.8101687449667, 40.7599635519865], [-73.8101812466259, 40.7598725357664], [-73.809814426562, 40.7598448377568]]]}}, {"type": "Feature", "properties": {"zone_id": "02033RTI8258ITU92IGZFT", "tract_id": "36081118700", "city": "FLUSHING, NY", "zone_code": "R4A", "zone_category": "Residential", "ev_permitted": false}, "geometry": {"type": "Polygon", "coordinates": [[[-73.8098269932743, 40.7597538547051], [-73.809814426562, 40.7598448377568], [-73.8101812466259, 40.7598725357664], [-73.8101937435505, 40.7597815476421], [-73.8098269932743, 40.7597538547051]]]}}, {"type": "Feature", "properties": {"zone_id": "0203BZWTJEAXBHNJSR6VOU", "tract_id": "36081118700", "city": "FLUSHING, NY", "zone_code": "R4A", "zone_category": "Residential", "ev_permitted": false}, "geometry": {"type": "Polygon", "coordinates": [[[-73.8092099265785, 40.7600460513762], [-73.8092023274135, 40.7601029693889], [-73.8095614442912, 40.7601307521719], [-73.8095690431525, 40.7600738341358], [-73.8092099265785, 40.7600460513762]]]}}, {"type": "Feature", "properties": {"zone_id": "0203F14K4EJMQV5DW2HR42", "tract_id": "36081118700", "city": "FLUSHING, NY", "zone_code": "R4A", "zone_category": "Residential", "ev_permitted": false}, "geometry": {"type": "Polygon", "coordinates": [[[-73.8092023274135, 40.7601029693889], [-73.8091915108232, 40.7601839894976], [-73.8095506281332, 40.760211772314], [-73.8095614442912, 40.7601307521719], [-73.8092023274135, 40.7601029693889]]]}}, {"type": "Feature", "properties": {"zone_id": "02018BKIGRDBGZF1KY7RVC", "tract_id": "36081118700", "city": "FLUSHING, NY", "zone_code": "R4A", "zone_category": "Residential", "ev_permitted": false}, "geometry": {"type": "Polygon", "coordinates": [[[-73.8091915108232, 40.7601839894976], [-73.8091769290486, 40.7602932178179], [-73.8095360469414, 40.7603210006792], [-73.8095506281332, 40.760211772314], [-73.8091915108232, 40.7601839894976]]]}}, {"type": "Feature", "properties": {"zone_id": "0205LHBCCRY4L07IOSEBVS", "tract_id": "36081118700", "city": "FLUSHING, NY", "zone_code": "R4A", "zone_category": "Residential", "ev_permitted": false}, "geometry": {"type": "Polygon", "coordinates": [[[-73.8088375897871, 40.7601334045632], [-73.8088229224435, 40.7602426270772], [-73.8091799953608, 40.7602702523688], [-73.8091945771254, 40.7601610240478], [-73.8088375897871, 40.7601334045632]]]}}, {"type": "Feature", "properties": {"zone_id": "0201YKUQ28BWPMFJ19QXML", "tract_id": "36081118700", "city": "FLUSHING, NY", "zone_code": "R4A", "zone_category": "Residential", "ev_permitted": false}, "geometry": {"type": "Polygon", "coordinates": [[[-73.8088482855071, 40.7600537551678], [-73.8088375897871, 40.7601334045632], [-73.8091945771254, 40.7601610240478], [-73.8092052114475, 40.7600813696], [-73.8088482855071, 40.7600537551678]]]}}, {"type": "Feature", "properties": {"zone_id": "0200VJNELSH27U9DNKRGTH", "tract_id": "36081118700", "city": "FLUSHING, NY", "zone_code": "R4A", "zone_category": "Residential", "ev_permitted": false}, "geometry": {"type": "Polygon", "coordinates": [[[-73.8088553740884, 40.7600009749747], [-73.8088482855071, 40.7600537551678], [-73.8092052114475, 40.7600813696], [-73.8092122581754, 40.7600285858029], [-73.8088553740884, 40.7600009749747]]]}}, {"type": "Feature", "properties": {"zone_id": "0205WJJAOMT6Y46VA3RJRL", "tract_id": "36081118700", "city": "FLUSHING, NY", "zone_code": "R4A", "zone_category": "Residential", "ev_permitted": false}, "geometry": {"type": "Polygon", "coordinates": [[[-73.8092527648237, 40.7597251729141], [-73.8092352661902, 40.7598562469148], [-73.8095943808273, 40.7598840295946], [-73.8096118787614, 40.7597529555399], [-73.8092527648237, 40.7597251729141]]]}}, {"type": "Feature", "properties": {"zone_id": "0205M9375VTGWZ6ZA58NUV", "tract_id": "36081118700", "city": "FLUSHING, NY", "zone_code": "R3X", "zone_category": "Residential", "ev_permitted": false}, "geometry": {"type": "Polygon", "coordinates": [[[-73.8166313051188, 40.7594356884014], [-73.8164882331798, 40.7594748507724], [-73.8166562658759, 40.7598346687823], [-73.8167993394132, 40.7597955062062], [-73.8166313051188, 40.7594356884014]]]}}, {"type": "Feature", "properties": {"zone_id": "0205VFW4LGMLQC0EVEX3RR", "tract_id": "36081118700", "city": "FLUSHING, NY", "zone_code": "R3X", "zone_category": "Residential", "ev_permitted": false}, "geometry": {"type": "Polygon", "coordinates": [[[-73.8164882331798, 40.7594748507724], [-73.8163541295557, 40.7595115581296], [-73.8165221616199, 40.7598713763332], [-73.8166562658759, 40.7598346687823], [-73.8164882331798, 40.7594748507724]]]}}, {"type": "Feature", "properties": {"zone_id": "0200JH4845G61UY0Z7CMFA", "tract_id": "36081118700", "city": "FLUSHING, NY", "zone_code": "R3X", "zone_category": "Residential", "ev_permitted": false}, "geometry": {"type": "Polygon", "coordinates": [[[-73.8164602851884, 40.7590694714031], [-73.8163174748266, 40.7591091939966], [-73.8164882331798, 40.7594748507724], [-73.8166313051188, 40.7594356884014], [-73.8164602851884, 40.7590694714031]]]}}, {"type": "Feature", "properties": {"zone_id": "02009E6PJY7Q2WZ07KM7LM", "tract_id": "36081118700", "city": "FLUSHING, NY", "zone_code": "R4-1", "zone_category": "Residential", "ev_permitted": false}, "geometry": {"type": "Polygon", "coordinates": [[[-73.8170261963813, 40.7594610455599], [-73.8166865618174, 40.7595540122634], [-73.8167230576757, 40.7596321621105], [-73.8170626925891, 40.7595391945978], [-73.8170261963813, 40.7594610455599]]]}}, {"type": "Feature", "properties": {"zone_id": "0201B01XBCLJS5DWXN4B70", "tract_id": "36081118700", "city": "FLUSHING, NY", "zone_code": "R4-1", "zone_category": "Residential", "ev_permitted": false}, "geometry": {"type": "Polygon", "coordinates": [[[-73.8170626925891, 40.7595391945978], [-73.8167230576757, 40.7596321621105], [-73.8167993394132, 40.7597955062062], [-73.8168366995454, 40.7597852801349], [-73.8167863140948, 40.759677387998], [-73.8170885891734, 40.7595946471675], [-73.8170626925891, 40.7595391945978]]]}}, {"type": "Feature", "properties": {"zone_id": "0200Y8G9A54VKCLD85CYUX", "tract_id": "36081118700", "city": "FLUSHING, NY", "zone_code": "R4-1", "zone_category": "Residential", "ev_permitted": false}, "geometry": {"type": "Polygon", "coordinates": [[[-73.8170885891734, 40.7595946471675], [-73.8167863140948, 40.759677387998], [-73.8168366995454, 40.7597852801349], [-73.817138975051, 40.7597025391735], [-73.8170885891734, 40.7595946471675]]]}}, {"type": "Feature", "properties": {"zone_id": "0200EK6TS2KXTLZJ3D4QUK", "tract_id": "36081118700", "city": "FLUSHING, NY", "zone_code": "R3X", "zone_category": "Residential", "ev_permitted": false}, "geometry": {"type": "Polygon", "coordinates": [[[-73.8169235238756, 40.7592411900176], [-73.8165838912115, 40.7593341571256], [-73.8166865618174, 40.7595540122634], [-73.8170261963813, 40.7594610455599], [-73.8169235238756, 40.7592411900176]]]}}, {"type": "Feature", "properties": {"zone_id": "0204HVXCUJV2H76UL3DWJS", "tract_id": "36081118700", "city": "FLUSHING, NY", "zone_code": "R3X", "zone_category": "Residential", "ev_permitted": false}, "geometry": {"type": "Polygon", "coordinates": [[[-73.8163541295557, 40.7595115581296], [-73.8162133498159, 40.7595500921256], [-73.8163813821409, 40.759909910534], [-73.8165221616199, 40.7598713763332], [-73.8163541295557, 40.7595115581296]]]}}, {"type": "Feature", "properties": {"zone_id": "02054PDJFROBKGLWFHNSXU", "tract_id": "36081118700", "city": "FLUSHING, NY", "zone_code": "R3X", "zone_category": "Residential", "ev_permitted": false}, "geometry": {"type": "Polygon", "coordinates": [[[-73.816043095276, 40.7591855108125], [-73.8158992181399, 40.7592255291103], [-73.8160692074148, 40.759589547384], [-73.8162133498159, 40.7595500921256], [-73.816043095276, 40.7591855108125]]]}}, {"type": "Feature", "properties": {"zone_id": "020526PBA987YHQHHJDXDO", "tract_id": "36081118700", "city": "FLUSHING, NY", "zone_code": "R3X", "zone_category": "Residential", "ev_permitted": false}, "geometry": {"type": "Polygon", "coordinates": [[[-73.8161836162005, 40.7591464257283], [-73.816043095276, 40.7591855108125], [-73.8162133498159, 40.7595500921256], [-73.8163541295557, 40.7595115581296], [-73.8161836162005, 40.7591464257283]]]}}, {"type": "Feature", "properties": {"zone_id": "0202UUEK1QI5ENCN4MPUSI", "tract_id": "36081118700", "city": "FLUSHING, NY", "zone_code": "R3X", "zone_category": "Residential", "ev_permitted": false}, "geometry": {"type": "Polygon", "coordinates": [[[-73.8163174748266, 40.7591091939966], [-73.8161836162005, 40.7591464257283], [-73.8163541295557, 40.7595115581296], [-73.8164882331798, 40.7594748507724], [-73.8163174748266, 40.7591091939966]]]}}, {"type": "Feature", "properties": {"zone_id": "02063AVDPIDHN8LQBYNZXX", "tract_id": "36081118700", "city": "FLUSHING, NY", "zone_code": "R3X", "zone_category": "Residential", "ev_permitted": false}, "geometry": {"type": "Polygon", "coordinates": [[[-73.8158992181399, 40.7592255291103], [-73.8156876307023, 40.7592843797124], [-73.8158401510144, 40.759610987669], [-73.8160521242525, 40.7595529665382], [-73.8158992181399, 40.7592255291103]]]}}, {"type": "Feature", "properties": {"zone_id": "0200GS768AUQ53UN1SPGAC", "tract_id": "36081118700", "city": "FLUSHING, NY", "zone_code": "R3X", "zone_category": "Residential", "ev_permitted": false}, "geometry": {"type": "Polygon", "coordinates": [[[-73.8167992965806, 40.7589751763526], [-73.8164602851884, 40.7590694714031], [-73.8165158003321, 40.7591883529723], [-73.8168554341939, 40.7590953867687], [-73.8167992965806, 40.7589751763526]]]}}, {"type": "Feature", "properties": {"zone_id": "02026L0TPVSDH81LE02I6Q", "tract_id": "36081118700", "city": "FLUSHING, NY", "zone_code": "R3X", "zone_category": "Residential", "ev_permitted": false}, "geometry": {"type": "Polygon", "coordinates": [[[-73.8168554341939, 40.7590953867687], [-73.8165158003321, 40.7591883529723], [-73.8165838912115, 40.7593341571256], [-73.8169235238756, 40.7592411900176], [-73.8168554341939, 40.7590953867687]]]}}, {"type": "Feature", "properties": {"zone_id": "0200U6JDCK7ZWHP943VBQ5", "tract_id": "36081118700", "city": "FLUSHING, NY", "zone_code": "R3X", "zone_category": "Residential", "ev_permitted": false}, "geometry": {"type": "Polygon", "coordinates": [[[-73.816642079533, 40.7586372121618], [-73.8162998545103, 40.7587296037534], [-73.8163927189813, 40.7589266177565], [-73.8164178927619, 40.7589198210329], [-73.8163613800383, 40.7587999281042], [-73.8166784298216, 40.7587143317089], [-73.816642079533, 40.7586372121618]]]}}, {"type": "Feature", "properties": {"zone_id": "0201IBJI86VJLQBG8BKBXH", "tract_id": "36081118700", "city": "FLUSHING, NY", "zone_code": "R3X", "zone_category": "Residential", "ev_permitted": false}, "geometry": {"type": "Polygon", "coordinates": [[[-73.8166784298216, 40.7587143317089], [-73.8163613800383, 40.7587999281042], [-73.8164178927619, 40.7589198210329], [-73.8164485078132, 40.7589115559906], [-73.8164172858438, 40.7588453188505], [-73.8167037217473, 40.7587679881245], [-73.8166784298216, 40.7587143317089]]]}}, {"type": "Feature", "properties": {"zone_id": "020141T4INQDBPC5LK0IAU", "tract_id": "36081118700", "city": "FLUSHING, NY", "zone_code": "R3X", "zone_category": "Residential", "ev_permitted": false}, "geometry": {"type": "Polygon", "coordinates": [[[-73.8167037217473, 40.7587679881245], [-73.8164172858438, 40.7588453188505], [-73.8164485078132, 40.7589115559906], [-73.8167349439634, 40.7588342258903], [-73.8167037217473, 40.7587679881245]]]}}, {"type": "Feature", "properties": {"zone_id": "020577C22UN72RKWN903A3", "tract_id": "36081118700", "city": "FLUSHING, NY", "zone_code": "R3X", "zone_category": "Residential", "ev_permitted": false}, "geometry": {"type": "Polygon", "coordinates": [[[-73.8162394120136, 40.7586013709933], [-73.8160740934911, 40.7586460026737], [-73.8162273997562, 40.7589712489522], [-73.8163927189813, 40.7589266177565], [-73.8162394120136, 40.7586013709933]]]}}, {"type": "Feature", "properties": {"zone_id": "0207BCEIVWVJUMXV6BIWF8", "tract_id": "36081118700", "city": "FLUSHING, NY", "zone_code": "R3X", "zone_category": "Residential", "ev_permitted": false}, "geometry": {"type": "Polygon", "coordinates": [[[-73.8160740934911, 40.7586460026737], [-73.81593802944, 40.7586827359303], [-73.8160913342013, 40.7590079823866], [-73.8162273997562, 40.7589712489522], [-73.8160740934911, 40.7586460026737]]]}}, {"type": "Feature", "properties": {"zone_id": "02015CJXEVGW0B7IQK2W3B", "tract_id": "36081118700", "city": "FLUSHING, NY", "zone_code": "R3X", "zone_category": "Residential", "ev_permitted": false}, "geometry": {"type": "Polygon", "coordinates": [[[-73.81593802944, 40.7586827359303], [-73.8157845122796, 40.7587241805335], [-73.8159378163867, 40.7590494271921], [-73.8160913342013, 40.7590079823866], [-73.81593802944, 40.7586827359303]]]}}, {"type": "Feature", "properties": {"zone_id": "0201PDRISOW6YXL5NOQMJP", "tract_id": "36081118700", "city": "FLUSHING, NY", "zone_code": "R3X", "zone_category": "Residential", "ev_permitted": false}, "geometry": {"type": "Polygon", "coordinates": [[[-73.8157845122796, 40.7587241805335], [-73.8156378270509, 40.7587637801512], [-73.815791132379, 40.7590890277088], [-73.8159378163867, 40.7590494271921], [-73.8157845122796, 40.7587241805335]]]}}, {"type": "Feature", "properties": {"zone_id": "020373CDW5NETIM7LSKSBE", "tract_id": "36081118700", "city": "FLUSHING, NY", "zone_code": "R3X", "zone_category": "Residential", "ev_permitted": false}, "geometry": {"type": "Polygon", "coordinates": [[[-73.8156876307023, 40.7592843797124], [-73.8154333703485, 40.7593550989892], [-73.8155854229034, 40.7596807101658], [-73.8158401510144, 40.759610987669], [-73.8156876307023, 40.7592843797124]]]}}, {"type": "Feature", "properties": {"zone_id": "0201XVYMQBU1R384J58FWY", "tract_id": "36081118700", "city": "FLUSHING, NY", "zone_code": "R3X", "zone_category": "Residential", "ev_permitted": false}, "geometry": {"type": "Polygon", "coordinates": [[[-73.8154333703485, 40.7593550989892], [-73.8153087135527, 40.7593897700908], [-73.8154605396073, 40.7597148927224], [-73.8155854229034, 40.7596807101658], [-73.8154333703485, 40.7593550989892]]]}}, {"type": "Feature", "properties": {"zone_id": "0201F37LEVOVCGE3CJ3E46", "tract_id": "36081118700", "city": "FLUSHING, NY", "zone_code": "R3X", "zone_category": "Residential", "ev_permitted": false}, "geometry": {"type": "Polygon", "coordinates": [[[-73.8153087135527, 40.7593897700908], [-73.8151839979026, 40.7594244574755], [-73.81533559376, 40.7597490922584], [-73.8154605396073, 40.7597148927224], [-73.8153087135527, 40.7593897700908]]]}}, {"type": "Feature", "properties": {"zone_id": "02063SWYSV71UXPSCRAVCB", "tract_id": "36081118700", "city": "FLUSHING, NY", "zone_code": "R3X", "zone_category": "Residential", "ev_permitted": false}, "geometry": {"type": "Polygon", "coordinates": [[[-73.8154708598006, 40.7588088552169], [-73.8151273505486, 40.7589015897873], [-73.8152806527752, 40.7592268387188], [-73.8156241634931, 40.759134102993], [-73.8154708598006, 40.7588088552169]]]}}, {"type": "Feature", "properties": {"zone_id": "0206J3C7OQKSJ6BK3PJR8L", "tract_id": "36081118700", "city": "FLUSHING, NY", "zone_code": "R3X", "zone_category": "Residential", "ev_permitted": false}, "geometry": {"type": "Polygon", "coordinates": [[[-73.8156378270509, 40.7587637801512], [-73.815544446673, 40.7587889895277], [-73.8155334860114, 40.7587657351409], [-73.8154598991595, 40.7587856015258], [-73.8156241634931, 40.759134102993], [-73.815791132379, 40.7590890277088], [-73.8156378270509, 40.7587637801512]]]}}, {"type": "Feature", "properties": {"zone_id": "0205PPCTZC7F6DL4W7KME0", "tract_id": "36081118700", "city": "FLUSHING, NY", "zone_code": "R3X", "zone_category": "Residential", "ev_permitted": false}, "geometry": {"type": "Polygon", "coordinates": [[[-73.8153476400771, 40.7585474341333], [-73.8150043791245, 40.7586406908102], [-73.8151273505486, 40.7589015897873], [-73.8154708598006, 40.7588088552169], [-73.8153476400771, 40.7585474341333]]]}}, {"type": "Feature", "properties": {"zone_id": "02028CZYWK3P0P69KP3N1Z", "tract_id": "36081118700", "city": "FLUSHING, NY", "zone_code": "R3X", "zone_category": "Residential", "ev_permitted": false}, "geometry": {"type": "Polygon", "coordinates": [[[-73.8165438807815, 40.7584288820126], [-73.8162238794499, 40.758515273656], [-73.8162616338679, 40.758595372028], [-73.8165816355372, 40.7585089795781], [-73.8165438807815, 40.7584288820126]]]}}, {"type": "Feature", "properties": {"zone_id": "0202MS6YWPAEYXRGPSA1F6", "tract_id": "36081118700", "city": "FLUSHING, NY", "zone_code": "R3X", "zone_category": "Residential", "ev_permitted": false}, "geometry": {"type": "Polygon", "coordinates": [[[-73.8165816355372, 40.7585089795781], [-73.8162394120136, 40.7586013709933], [-73.8162998545103, 40.7587296037534], [-73.816642079533, 40.7586372121618], [-73.8165816355372, 40.7585089795781]]]}}, {"type": "Feature", "properties": {"zone_id": "0202D2BZ5U0XORJKKZ38I7", "tract_id": "36081118700", "city": "FLUSHING, NY", "zone_code": "R3X", "zone_category": "Residential", "ev_permitted": false}, "geometry": {"type": "Polygon", "coordinates": [[[-73.8161378464566, 40.7583327493385], [-73.8160341720375, 40.7583609170253], [-73.8161578846817, 40.7586233809062], [-73.8162616338679, 40.758595372028], [-73.8161378464566, 40.7583327493385]]]}}, {"type": "Feature", "properties": {"zone_id": "0201XNINIIM3DZQBFZO76Z", "tract_id": "36081118700", "city": "FLUSHING, NY", "zone_code": "R3X", "zone_category": "Residential", "ev_permitted": false}, "geometry": {"type": "Polygon", "coordinates": [[[-73.815826153416, 40.7584174323337], [-73.8157224787353, 40.7584455990371], [-73.8158459661464, 40.7587075893009], [-73.815949715595, 40.758679580704], [-73.815826153416, 40.7584174323337]]]}}, {"type": "Feature", "properties": {"zone_id": "0205UNE7UHLFN1HHYVLNJT", "tract_id": "36081118700", "city": "FLUSHING, NY", "zone_code": "R3X", "zone_category": "Residential", "ev_permitted": false}, "geometry": {"type": "Polygon", "coordinates": [[[-73.8159259597499, 40.7583903161508], [-73.815826153416, 40.7584174323337], [-73.815949715595, 40.758679580704], [-73.8160495948531, 40.7586526163046], [-73.8159259597499, 40.7583903161508]]]}}, {"type": "Feature", "properties": {"zone_id": "020123Y2FM65LPQ0AY102X", "tract_id": "36081118700", "city": "FLUSHING, NY", "zone_code": "R3X", "zone_category": "Residential", "ev_permitted": false}, "geometry": {"type": "Polygon", "coordinates": [[[-73.8160341720375, 40.7583609170253], [-73.8159259597499, 40.7583903161508], [-73.8160495948531, 40.7586526163046], [-73.8161578846817, 40.7586233809062], [-73.8160341720375, 40.7583609170253]]]}}, {"type": "Feature", "properties": {"zone_id": "02077G9SOT3WN6HU147AKN", "tract_id": "36081118700", "city": "FLUSHING, NY", "zone_code": "R3X", "zone_category": "Residential", "ev_permitted": false}, "geometry": {"type": "Polygon", "coordinates": [[[-73.8164576182705, 40.7582458720319], [-73.8161378464566, 40.7583327493385], [-73.8161863235581, 40.7584355964783], [-73.8165063245575, 40.7583492042355], [-73.8164576182705, 40.7582458720319]]]}}, {"type": "Feature", "properties": {"zone_id": "0201E5IQADG7NK4LF5P8KF", "tract_id": "36081118700", "city": "FLUSHING, NY", "zone_code": "R3X", "zone_category": "Residential", "ev_permitted": false}, "geometry": {"type": "Polygon", "coordinates": [[[-73.8165063245575, 40.7583492042355], [-73.8161863235581, 40.7584355964783], [-73.8162238794499, 40.758515273656], [-73.8165438807815, 40.7584288820126], [-73.8165063245575, 40.7583492042355]]]}}, {"type": "Feature", "properties": {"zone_id": "0201OOQLV8TSQBO73S7MAL", "tract_id": "36081118700", "city": "FLUSHING, NY", "zone_code": "R3X", "zone_category": "Residential", "ev_permitted": false}, "geometry": {"type": "Polygon", "coordinates": [[[-73.8162320866412, 40.7577741861999], [-73.8158974699849, 40.7578650780277], [-73.8160502859285, 40.7581878947174], [-73.8163849049219, 40.7580970024514], [-73.8162320866412, 40.7577741861999]]]}}, {"type": "Feature", "properties": {"zone_id": "0200NV5XL6HJEMUY80G5QV", "tract_id": "36081118700", "city": "FLUSHING, NY", "zone_code": "R3X", "zone_category": "Residential", "ev_permitted": false}, "geometry": {"type": "Polygon", "coordinates": [[[-73.8159278107261, 40.7579291736209], [-73.8157986070132, 40.7579642688936], [-73.8159188189032, 40.7582236046718], [-73.8160502859285, 40.7581878947174], [-73.8159278107261, 40.7579291736209]]]}}, {"type": "Feature", "properties": {"zone_id": "02031RG744AT3FEO5UNXQ4", "tract_id": "36081118700", "city": "FLUSHING, NY", "zone_code": "R3X", "zone_category": "Residential", "ev_permitted": false}, "geometry": {"type": "Polygon", "coordinates": [[[-73.8157986070132, 40.7579642688936], [-73.815665534693, 40.7580004144502], [-73.8157880097007, 40.7582591358239], [-73.8159188189032, 40.7582236046718], [-73.8157986070132, 40.7579642688936]]]}}, {"type": "Feature", "properties": {"zone_id": "0207AE7AN80GFGZFBBNY31", "tract_id": "36081118700", "city": "FLUSHING, NY", "zone_code": "R3X", "zone_category": "Residential", "ev_permitted": false}, "geometry": {"type": "Polygon", "coordinates": [[[-73.8161384290874, 40.7575763416306], [-73.8159666996932, 40.757622798968], [-73.816060435805, 40.7578208124391], [-73.8162320866412, 40.7577741861999], [-73.8161384290874, 40.7575763416306]]]}}, {"type": "Feature", "properties": {"zone_id": "0204NZTPR19NP7QU6L8FCE", "tract_id": "36081118700", "city": "FLUSHING, NY", "zone_code": "R3X", "zone_category": "Residential", "ev_permitted": false}, "geometry": {"type": "Polygon", "coordinates": [[[-73.8158036580403, 40.7576669048003], [-73.8156269262275, 40.7577147146775], [-73.8157511609951, 40.7579771559698], [-73.8159278107261, 40.7579291736209], [-73.8158036580403, 40.7576669048003]]]}}, {"type": "Feature", "properties": {"zone_id": "02059I7XH81WI00EA5IQ8J", "tract_id": "36081118700", "city": "FLUSHING, NY", "zone_code": "R3X", "zone_category": "Residential", "ev_permitted": false}, "geometry": {"type": "Polygon", "coordinates": [[[-73.8159666996932, 40.757622798968], [-73.8158036580403, 40.7576669048003], [-73.8158974699849, 40.7578650780277], [-73.816060435805, 40.7578208124391], [-73.8159666996932, 40.757622798968]]]}}, {"type": "Feature", "properties": {"zone_id": "0205AKZB5QFQFUKYJ5Q3S0", "tract_id": "36081118700", "city": "FLUSHING, NY", "zone_code": "R3X", "zone_category": "Residential", "ev_permitted": false}, "geometry": {"type": "Polygon", "coordinates": [[[-73.8154328688646, 40.758524279773], [-73.8153476400771, 40.7585474341333], [-73.8154598991595, 40.7587856015258], [-73.8155334860114, 40.7587657351409], [-73.815544446673, 40.7587889895277], [-73.8155561485841, 40.7587858308532], [-73.8154328688646, 40.758524279773]]]}}, {"type": "Feature", "properties": {"zone_id": "0202FKWCXWIEW8I78PNUJ2", "tract_id": "36081118700", "city": "FLUSHING, NY", "zone_code": "R3X", "zone_category": "Residential", "ev_permitted": false}, "geometry": {"type": "Polygon", "coordinates": [[[-73.8155144882542, 40.7585021053959], [-73.8154328688646, 40.758524279773], [-73.8155561485841, 40.7587858308532], [-73.8156378270509, 40.7587637801512], [-73.8155144882542, 40.7585021053959]]]}}, {"type": "Feature", "properties": {"zone_id": "02047RCMNI7I8MNFUVDKKS", "tract_id": "36081118700", "city": "FLUSHING, NY", "zone_code": "R3X", "zone_category": "Residential", "ev_permitted": false}, "geometry": {"type": "Polygon", "coordinates": [[[-73.8156172004348, 40.7584742008352], [-73.8155144882542, 40.7585021053959], [-73.8156378270509, 40.7587637801512], [-73.8157406130769, 40.7587360315888], [-73.8156172004348, 40.7584742008352]]]}}, {"type": "Feature", "properties": {"zone_id": "0206HA9SY7VVGMD2M8X85F", "tract_id": "36081118700", "city": "FLUSHING, NY", "zone_code": "R3X", "zone_category": "Residential", "ev_permitted": false}, "geometry": {"type": "Polygon", "coordinates": [[[-73.8157224787353, 40.7584455990371], [-73.8156172004348, 40.7584742008352], [-73.8157406130769, 40.7587360315888], [-73.8158459661464, 40.7587075893009], [-73.8157224787353, 40.7584455990371]]]}}, {"type": "Feature", "properties": {"zone_id": "0202JERZELKSUESMG0PMDZ", "tract_id": "36081118700", "city": "FLUSHING, NY", "zone_code": "R4A", "zone_category": "Residential", "ev_permitted": false}, "geometry": {"type": "Polygon", "coordinates": [[[-73.8092206836349, 40.7599654752442], [-73.8092099265785, 40.7600460513762], [-73.8095690431525, 40.7600738341358], [-73.8095797997789, 40.7599932579706], [-73.8092206836349, 40.7599654752442]]]}}, {"type": "Feature", "properties": {"zone_id": "020735P7LVLNDUVBPP91TV", "tract_id": "36081118700", "city": "FLUSHING, NY", "zone_code": "R4A", "zone_category": "Residential", "ev_permitted": false}, "geometry": {"type": "Polygon", "coordinates": [[[-73.8092352661902, 40.7598562469148], [-73.8092206836349, 40.7599654752442], [-73.8095797997789, 40.7599932579706], [-73.8095943808273, 40.7598840295946], [-73.8092352661902, 40.7598562469148]]]}}, {"type": "Feature", "properties": {"zone_id": "02079VA2YPN33JYUMFV8C2", "tract_id": "36081118700", "city": "FLUSHING, NY", "zone_code": "R4A", "zone_category": "Residential", "ev_permitted": false}, "geometry": {"type": "Polygon", "coordinates": [[[-73.8088702339591, 40.7598903165433], [-73.8088628847699, 40.7599450426632], [-73.8092197260585, 40.7599726512901], [-73.8092270324621, 40.7599179208613], [-73.8088702339591, 40.7598903165433]]]}}, {"type": "Feature", "properties": {"zone_id": "0205SJ3UVNP22IYJBF6IQT", "tract_id": "36081118700", "city": "FLUSHING, NY", "zone_code": "R4A", "zone_category": "Residential", "ev_permitted": false}, "geometry": {"type": "Polygon", "coordinates": [[[-73.8088779004173, 40.7598332244033], [-73.8088702339591, 40.7598903165433], [-73.8092270324621, 40.7599179208613], [-73.8092346542699, 40.7598608258138], [-73.8088779004173, 40.7598332244033]]]}}, {"type": "Feature", "properties": {"zone_id": "0202206NGSSBSUE3GDVSJU", "tract_id": "36081118700", "city": "FLUSHING, NY", "zone_code": "R4A", "zone_category": "Residential", "ev_permitted": false}, "geometry": {"type": "Polygon", "coordinates": [[[-73.8088853666736, 40.7597776250743], [-73.8088779004173, 40.7598332244033], [-73.8092346542699, 40.7598608258138], [-73.8092420777359, 40.7598052221756], [-73.8088853666736, 40.7597776250743]]]}}, {"type": "Feature", "properties": {"zone_id": "0200FFCIUFDAG7A1G9R8DQ", "tract_id": "36081118700", "city": "FLUSHING, NY", "zone_code": "R4A", "zone_category": "Residential", "ev_permitted": false}, "geometry": {"type": "Polygon", "coordinates": [[[-73.8088961160907, 40.7596975787589], [-73.8088853666736, 40.7597776250743], [-73.8092420777359, 40.7598052221756], [-73.8092527648237, 40.7597251729141], [-73.8088961160907, 40.7596975787589]]]}}, {"type": "Feature", "properties": {"zone_id": "0206MLRKRAAV2OBLJJ2ZS7", "tract_id": "36081118700", "city": "FLUSHING, NY", "zone_code": "R4A", "zone_category": "Residential", "ev_permitted": false}, "geometry": {"type": "Polygon", "coordinates": [[[-73.8088628847699, 40.7599450426632], [-73.8088553740884, 40.7600009749747], [-73.8092122581754, 40.7600285858029], [-73.8092197260585, 40.7599726512901], [-73.8088628847699, 40.7599450426632]]]}}, {"type": "Feature", "properties": {"zone_id": "0206FNG6KWCN9K11X6V3SD", "tract_id": "36081118700", "city": "FLUSHING, NY", "zone_code": "R5B", "zone_category": "Residential", "ev_permitted": false}, "geometry": {"type": "Polygon", "coordinates": [[[-73.8087496114413, 40.7607885435953], [-73.8087455783789, 40.760818579659], [-73.8088571263042, 40.7608272100133], [-73.8088247437772, 40.7610697559807], [-73.8089071601666, 40.7610850447904], [-73.808943894143, 40.7608099020777], [-73.8088853902199, 40.7607990487806], [-73.8087496114413, 40.7607885435953]]]}}, {"type": "Feature", "properties": {"zone_id": "020100QC9J9QCYUXHSHDL7", "tract_id": "36081118700", "city": "FLUSHING, NY", "zone_code": "R5B", "zone_category": "Residential", "ev_permitted": false}, "geometry": {"type": "Polygon", "coordinates": [[[-73.8087455783789, 40.760818579659], [-73.8087145905487, 40.7610493218865], [-73.8088247437772, 40.7610697559807], [-73.8088571263042, 40.7608272100133], [-73.8087455783789, 40.760818579659]]]}}, {"type": "Feature", "properties": {"zone_id": "0202Y17V1HJICZCHJ7PLZG", "tract_id": "36081118700", "city": "FLUSHING, NY", "zone_code": "R3X", "zone_category": "Residential", "ev_permitted": false}, "geometry": {"type": "Polygon", "coordinates": [[[-73.8152595140867, 40.7595861726174], [-73.814905791952, 40.7596829894404], [-73.8149562367681, 40.7597917024994], [-73.8153102442407, 40.7596948072823], [-73.8152595140867, 40.7595861726174]]]}}, {"type": "Feature", "properties": {"zone_id": "02074XRZ3JIL1U5KN77KRU", "tract_id": "36081118700", "city": "FLUSHING, NY", "zone_code": "R3X", "zone_category": "Residential", "ev_permitted": false}, "geometry": {"type": "Polygon", "coordinates": [[[-73.8151839979026, 40.7594244574755], [-73.8148313421514, 40.7595225419679], [-73.814905791952, 40.7596829894404], [-73.8152595140867, 40.7595861726174], [-73.8151839979026, 40.7594244574755]]]}}, {"type": "Feature", "properties": {"zone_id": "0205S0ESYW65J66CJTFYN4", "tract_id": "36081118700", "city": "FLUSHING, NY", "zone_code": "R3X", "zone_category": "Residential", "ev_permitted": false}, "geometry": {"type": "Polygon", "coordinates": [[[-73.8151273505486, 40.7589015897873], [-73.814954552893, 40.7589482378322], [-73.8150171272847, 40.7590809962783], [-73.8146685473426, 40.7591750971384], [-73.8147579520636, 40.7593679450556], [-73.8152806527752, 40.7592268387188], [-73.8151273505486, 40.7589015897873]]]}}, {"type": "Feature", "properties": {"zone_id": "02078MYTMX481BQKUE7DQE", "tract_id": "36081118700", "city": "FLUSHING, NY", "zone_code": "R3X", "zone_category": "Residential", "ev_permitted": false}, "geometry": {"type": "Polygon", "coordinates": [[[-73.814954552893, 40.7589482378322], [-73.8146068863008, 40.7590420926387], [-73.8146685473426, 40.7591750971384], [-73.8150171272847, 40.7590809962783], [-73.814954552893, 40.7589482378322]]]}}, {"type": "Feature", "properties": {"zone_id": "0203MDBJJQOZS08L7LYC8Q", "tract_id": "36081118700", "city": "FLUSHING, NY", "zone_code": "R3X", "zone_category": "Residential", "ev_permitted": false}, "geometry": {"type": "Polygon", "coordinates": [[[-73.8148953419403, 40.7588226139021], [-73.8145485396517, 40.758916235235], [-73.8146068863008, 40.7590420926387], [-73.814954552893, 40.7589482378322], [-73.8148953419403, 40.7588226139021]]]}}, {"type": "Feature", "properties": {"zone_id": "0207AOPM2PJX53IBDP03OD", "tract_id": "36081118700", "city": "FLUSHING, NY", "zone_code": "R3X", "zone_category": "Residential", "ev_permitted": false}, "geometry": {"type": "Polygon", "coordinates": [[[-73.8150043791245, 40.7586406908102], [-73.8148317060795, 40.7586876009624], [-73.814954552893, 40.7589482378322], [-73.8151273505486, 40.7589015897873], [-73.8150043791245, 40.7586406908102]]]}}, {"type": "Feature", "properties": {"zone_id": "0201MCK4P4RHP73QA7JLX7", "tract_id": "36081118700", "city": "FLUSHING, NY", "zone_code": "R3X", "zone_category": "Residential", "ev_permitted": false}, "geometry": {"type": "Polygon", "coordinates": [[[-73.8148317060795, 40.7586876009624], [-73.814486076277, 40.7587814987313], [-73.8145485396517, 40.758916235235], [-73.8148953419403, 40.7588226139021], [-73.8148317060795, 40.7586876009624]]]}}, {"type": "Feature", "properties": {"zone_id": "0203KMHHZ2W12C2NY3NYZ7", "tract_id": "36081118700", "city": "FLUSHING, NY", "zone_code": "R3X", "zone_category": "Residential", "ev_permitted": false}, "geometry": {"type": "Polygon", "coordinates": [[[-73.815530958811, 40.7580369677966], [-73.8153367788468, 40.7580897114444], [-73.8154592520486, 40.7583484331632], [-73.8156534335922, 40.7582956900151], [-73.815530958811, 40.7580369677966]]]}}, {"type": "Feature", "properties": {"zone_id": "0201IGVDXFT7K0OXFIZLAU", "tract_id": "36081118700", "city": "FLUSHING, NY", "zone_code": "R3X", "zone_category": "Residential", "ev_permitted": false}, "geometry": {"type": "Polygon", "coordinates": [[[-73.8153367788468, 40.7580897114444], [-73.8151594069531, 40.7581378891749], [-73.8152818795527, 40.758396611783], [-73.8154592520486, 40.7583484331632], [-73.8153367788468, 40.7580897114444]]]}}, {"type": "Feature", "properties": {"zone_id": "0200HM8LDW6CDKPW7JFO6V", "tract_id": "36081118700", "city": "FLUSHING, NY", "zone_code": "R3X", "zone_category": "Residential", "ev_permitted": false}, "geometry": {"type": "Polygon", "coordinates": [[[-73.8151594069531, 40.7581378891749], [-73.8150234362111, 40.7581748210571], [-73.8151459083505, 40.7584335438084], [-73.8152818795527, 40.758396611783], [-73.8151594069531, 40.7581378891749]]]}}, {"type": "Feature", "properties": {"zone_id": "02037LVW0W6MPG9BNWS2QW", "tract_id": "36081118700", "city": "FLUSHING, NY", "zone_code": "R3X", "zone_category": "Residential", "ev_permitted": false}, "geometry": {"type": "Polygon", "coordinates": [[[-73.8146465894849, 40.7582771790486], [-73.8143008580369, 40.7583710831274], [-73.8144207883232, 40.7586304960702], [-73.8147690603507, 40.758535901494], [-73.8146465894849, 40.7582771790486]]]}}, {"type": "Feature", "properties": {"zone_id": "0204ACO017EH91U6FB6MKX", "tract_id": "36081118700", "city": "FLUSHING, NY", "zone_code": "R3X", "zone_category": "Residential", "ev_permitted": false}, "geometry": {"type": "Polygon", "coordinates": [[[-73.8150234362111, 40.7581748210571], [-73.8148194807385, 40.758230218932], [-73.8149419521875, 40.7584889418981], [-73.8151459083505, 40.7584335438084], [-73.8150234362111, 40.7581748210571]]]}}, {"type": "Feature", "properties": {"zone_id": "0206SLFGV2E5D0MYC51MHV", "tract_id": "36081118700", "city": "FLUSHING, NY", "zone_code": "R3X", "zone_category": "Residential", "ev_permitted": false}, "geometry": {"type": "Polygon", "coordinates": [[[-73.8148194807385, 40.758230218932], [-73.8146465894849, 40.7582771790486], [-73.8147690603507, 40.758535901494], [-73.8149419521875, 40.7584889418981], [-73.8148194807385, 40.758230218932]]]}}, {"type": "Feature", "properties": {"zone_id": "02003QYJES2SEWLHLR7D7N", "tract_id": "36081118700", "city": "FLUSHING, NY", "zone_code": "R3X", "zone_category": "Residential", "ev_permitted": false}, "geometry": {"type": "Polygon", "coordinates": [[[-73.8146140165492, 40.7582083682178], [-73.8142689614121, 40.7583020891937], [-73.8143008580369, 40.7583710831274], [-73.8146465894849, 40.7582771790486], [-73.8146140165492, 40.7582083682178]]]}}, {"type": "Feature", "properties": {"zone_id": "0206KE7GOC64W003VNNP2L", "tract_id": "36081118700", "city": "FLUSHING, NY", "zone_code": "R3X", "zone_category": "Residential", "ev_permitted": false}, "geometry": {"type": "Polygon", "coordinates": [[[-73.815665534693, 40.7580004144502], [-73.815530958811, 40.7580369677966], [-73.8156534335922, 40.7582956900151], [-73.8157880097007, 40.7582591358239], [-73.815665534693, 40.7580004144502]]]}}, {"type": "Feature", "properties": {"zone_id": "0201J2APZ9UOTXLYHVP0H7", "tract_id": "36081118700", "city": "FLUSHING, NY", "zone_code": "R3X", "zone_category": "Residential", "ev_permitted": false}, "geometry": {"type": "Polygon", "coordinates": [[[-73.815119412466, 40.757852004847], [-73.8149522351268, 40.7578972284924], [-73.8150767799198, 40.7581603322061], [-73.8152438806683, 40.758114944539], [-73.815119412466, 40.757852004847]]]}}, {"type": "Feature", "properties": {"zone_id": "0205U3NAXDGWNXF9KK4ZCJ", "tract_id": "36081118700", "city": "FLUSHING, NY", "zone_code": "R3X", "zone_category": "Residential", "ev_permitted": false}, "geometry": {"type": "Polygon", "coordinates": [[[-73.8152918033112, 40.7578053706557], [-73.815119412466, 40.757852004847], [-73.8152438806683, 40.758114944539], [-73.8154161921815, 40.7580681413976], [-73.8152918033112, 40.7578053706557]]]}}, {"type": "Feature", "properties": {"zone_id": "02051GR5RA9LG8SSOBADCU", "tract_id": "36081118700", "city": "FLUSHING, NY", "zone_code": "R3X", "zone_category": "Residential", "ev_permitted": false}, "geometry": {"type": "Polygon", "coordinates": [[[-73.8154627910738, 40.757759115501], [-73.8152918033112, 40.7578053706557], [-73.8154161921815, 40.7580681413976], [-73.8155871015266, 40.7580217187015], [-73.8154627910738, 40.757759115501]]]}}, {"type": "Feature", "properties": {"zone_id": "0204FRXREXI44NOSI9V5TF", "tract_id": "36081118700", "city": "FLUSHING, NY", "zone_code": "R3X", "zone_category": "Residential", "ev_permitted": false}, "geometry": {"type": "Polygon", "coordinates": [[[-73.8155432255761, 40.7577373565823], [-73.8154627910738, 40.757759115501], [-73.8155871015266, 40.7580217187015], [-73.8156674986369, 40.7579998809391], [-73.8155432255761, 40.7577373565823]]]}}, {"type": "Feature", "properties": {"zone_id": "0204U3QKWJPDPNJ8BNQV0E", "tract_id": "36081118700", "city": "FLUSHING, NY", "zone_code": "R3X", "zone_category": "Residential", "ev_permitted": false}, "geometry": {"type": "Polygon", "coordinates": [[[-73.8156269262275, 40.7577147146775], [-73.8155432255761, 40.7577373565823], [-73.8156674986369, 40.7579998809391], [-73.8157511609951, 40.7579771559698], [-73.8156269262275, 40.7577147146775]]]}}, {"type": "Feature", "properties": {"zone_id": "0204B4EWMX0FB71DCYVBSA", "tract_id": "36081118700", "city": "FLUSHING, NY", "zone_code": "R3X", "zone_category": "Residential", "ev_permitted": false}, "geometry": {"type": "Polygon", "coordinates": [[[-73.8148251178335, 40.7579316145862], [-73.8146948174059, 40.7579668624972], [-73.8148194807385, 40.758230218932], [-73.8149497209808, 40.7581948436032], [-73.8148251178335, 40.7579316145862]]]}}, {"type": "Feature", "properties": {"zone_id": "020503TALQNV9RL9U77946", "tract_id": "36081118700", "city": "FLUSHING, NY", "zone_code": "R3X", "zone_category": "Residential", "ev_permitted": false}, "geometry": {"type": "Polygon", "coordinates": [[[-73.8149522351268, 40.7578972284924], [-73.8148251178335, 40.7579316145862], [-73.8149497209808, 40.7581948436032], [-73.8150767799198, 40.7581603322061], [-73.8149522351268, 40.7578972284924]]]}}, {"type": "Feature", "properties": {"zone_id": "02001SBIWB19R7KEMDW3V0", "tract_id": "36081118700", "city": "FLUSHING, NY", "zone_code": "R3X", "zone_category": "Residential", "ev_permitted": false}, "geometry": {"type": "Polygon", "coordinates": [[[-73.8146948174059, 40.7579668624972], [-73.8145218459049, 40.7580136522555], [-73.8146465894849, 40.7582771790486], [-73.8148194807385, 40.758230218932], [-73.8146948174059, 40.7579668624972]]]}}, {"type": "Feature", "properties": {"zone_id": "02005UFBLYOLOF3FOWRQRK", "tract_id": "36081118700", "city": "FLUSHING, NY", "zone_code": "R3X", "zone_category": "Residential", "ev_permitted": false}, "geometry": {"type": "Polygon", "coordinates": [[[-73.8145218459049, 40.7580136522555], [-73.8144436264483, 40.7580348111502], [-73.8145358336423, 40.7582296038231], [-73.8146140165492, 40.7582083682178], [-73.8145218459049, 40.7580136522555]]]}}, {"type": "Feature", "properties": {"zone_id": "0206V0HP4RV4C9Y7JVV19L", "tract_id": "36081118700", "city": "FLUSHING, NY", "zone_code": "R3X", "zone_category": "Residential", "ev_permitted": false}, "geometry": {"type": "Polygon", "coordinates": [[[-73.814586693925, 40.7596155658852], [-73.8141587860268, 40.759730370545], [-73.8141950236705, 40.7598079656808], [-73.8146232038868, 40.7596930882489], [-73.814586693925, 40.7596155658852]]]}}, {"type": "Feature", "properties": {"zone_id": "0203P4OX0LZRYPQAFI3SQI", "tract_id": "36081118700", "city": "FLUSHING, NY", "zone_code": "R3X", "zone_category": "Residential", "ev_permitted": false}, "geometry": {"type": "Polygon", "coordinates": [[[-73.8145188955995, 40.7594716121691], [-73.8140914959776, 40.7595862805563], [-73.8141216932583, 40.7596509443009], [-73.8145493214303, 40.759536214512], [-73.8145188955995, 40.7594716121691]]]}}, {"type": "Feature", "properties": {"zone_id": "0204OPVUWMSNCDN64M4VGH", "tract_id": "36081118700", "city": "FLUSHING, NY", "zone_code": "R3X", "zone_category": "Residential", "ev_permitted": false}, "geometry": {"type": "Polygon", "coordinates": [[[-73.8145493214303, 40.759536214512], [-73.8141216932583, 40.7596509443009], [-73.8141587860268, 40.759730370545], [-73.814586693925, 40.7596155658852], [-73.8145493214303, 40.759536214512]]]}}, {"type": "Feature", "properties": {"zone_id": "020380F3OIYEIEWX5SOKG7", "tract_id": "36081118700", "city": "FLUSHING, NY", "zone_code": "R4-1", "zone_category": "Residential", "ev_permitted": false}, "geometry": {"type": "Polygon", "coordinates": [[[-73.8144884702858, 40.7594070112237], [-73.8140612978264, 40.7595216185584], [-73.8140914959776, 40.7595862805563], [-73.8145188955995, 40.7594716121691], [-73.8144884702858, 40.7594070112237]]]}}, {"type": "Feature", "properties": {"zone_id": "0204S6K8D4DGIVTZFEB28P", "tract_id": "36081118700", "city": "FLUSHING, NY", "zone_code": "R3X", "zone_category": "Residential", "ev_permitted": false}, "geometry": {"type": "Polygon", "coordinates": [[[-73.8140144425666, 40.7594212865556], [-73.8135936001989, 40.7595341935173], [-73.8136525342001, 40.7596603903229], [-73.8140733781874, 40.7595474838522], [-73.8140144425666, 40.7594212865556]]]}}, {"type": "Feature", "properties": {"zone_id": "0206U9AD79ATBZZVQDSLFL", "tract_id": "36081118700", "city": "FLUSHING, NY", "zone_code": "R3X", "zone_category": "Residential", "ev_permitted": false}, "geometry": {"type": "Polygon", "coordinates": [[[-73.8140733781874, 40.7595474838522], [-73.8136525342001, 40.7596603903229], [-73.8136893476244, 40.7597392200636], [-73.8141102021455, 40.7596263373663], [-73.8140733781874, 40.7595474838522]]]}}, {"type": "Feature", "properties": {"zone_id": "02051WC90DCC1DJ21WIR4V", "tract_id": "36081118700", "city": "FLUSHING, NY", "zone_code": "R3X", "zone_category": "Residential", "ev_permitted": false}, "geometry": {"type": "Polygon", "coordinates": [[[-73.8141102021455, 40.7596263373663], [-73.8136893476244, 40.7597392200636], [-73.8137258635147, 40.7598174127039], [-73.8141467074476, 40.7597045052638], [-73.8141102021455, 40.7596263373663]]]}}, {"type": "Feature", "properties": {"zone_id": "02004H11Y9FNXCA2365FYW", "tract_id": "36081118700", "city": "FLUSHING, NY", "zone_code": "R4-1", "zone_category": "Residential", "ev_permitted": false}, "geometry": {"type": "Polygon", "coordinates": [[[-73.8143558369259, 40.7591253915483], [-73.8139688028205, 40.7592292296667], [-73.8140098423223, 40.759317108966], [-73.8143971857469, 40.7592131875926], [-73.8143558369259, 40.7591253915483]]]}}, {"type": "Feature", "properties": {"zone_id": "02016PV7HCL76LKPFYQQQJ", "tract_id": "36081118700", "city": "FLUSHING, NY", "zone_code": "R4-1", "zone_category": "Residential", "ev_permitted": false}, "geometry": {"type": "Polygon", "coordinates": [[[-73.8144475419612, 40.7593201089681], [-73.8140598216113, 40.7594241317868], [-73.8141004443198, 40.7595111158971], [-73.8144884702858, 40.7594070112237], [-73.8144475419612, 40.7593201089681]]]}}, {"type": "Feature", "properties": {"zone_id": "0203O1ETGXI3LDC747JBJB", "tract_id": "36081118700", "city": "FLUSHING, NY", "zone_code": "R4-1", "zone_category": "Residential", "ev_permitted": false}, "geometry": {"type": "Polygon", "coordinates": [[[-73.814422593493, 40.7592671362966], [-73.8139959137968, 40.7593816106791], [-73.8140612978264, 40.7595216185584], [-73.8141004443198, 40.7595111158971], [-73.8140598216113, 40.7594241317868], [-73.8144475419612, 40.7593201089681], [-73.814422593493, 40.7592671362966]]]}}, {"type": "Feature", "properties": {"zone_id": "0206TFZ37YH2YZOO4YUIT4", "tract_id": "36081118700", "city": "FLUSHING, NY", "zone_code": "R4-1", "zone_category": "Residential", "ev_permitted": false}, "geometry": {"type": "Polygon", "coordinates": [[[-73.8143971857469, 40.7592131875926], [-73.8140098423223, 40.759317108966], [-73.8139688028205, 40.7592292296667], [-73.8139296564721, 40.7592397322837], [-73.8139959137968, 40.7593816106791], [-73.814422593493, 40.7592671362966], [-73.8143971857469, 40.7592131875926]]]}}, {"type": "Feature", "properties": {"zone_id": "0201ACK0F66BSP5VPSUDHE", "tract_id": "36081118700", "city": "FLUSHING, NY", "zone_code": "R3X", "zone_category": "Residential", "ev_permitted": false}, "geometry": {"type": "Polygon", "coordinates": [[[-73.8139550230862, 40.7592940492165], [-73.8135341814216, 40.7594069559632], [-73.8135936001989, 40.7595341935173], [-73.8140144425666, 40.7594212865556], [-73.8139550230862, 40.7592940492165]]]}}, {"type": "Feature", "properties": {"zone_id": "02061QU1V5KIDXKRA0LAET", "tract_id": "36081118700", "city": "FLUSHING, NY", "zone_code": "R3X", "zone_category": "Residential", "ev_permitted": false}, "geometry": {"type": "Polygon", "coordinates": [[[-73.8139067066848, 40.7591905886896], [-73.8134858655921, 40.7593034952614], [-73.8135341814216, 40.7594069559632], [-73.8139550230862, 40.7592940492165], [-73.8139067066848, 40.7591905886896]]]}}, {"type": "Feature", "properties": {"zone_id": "0204T9OAB3YHAPZOSL41PV", "tract_id": "36081118700", "city": "FLUSHING, NY", "zone_code": "R3X", "zone_category": "Residential", "ev_permitted": false}, "geometry": {"type": "Polygon", "coordinates": [[[-73.8133061308179, 40.7594314782013], [-73.8130528013895, 40.7594996395813], [-73.81308365244, 40.7595655826171], [-73.813336959894, 40.7594974267551], [-73.8133061308179, 40.7594314782013]]]}}, {"type": "Feature", "properties": {"zone_id": "0202TPT2EANN7SGLHOLI55", "tract_id": "36081118700", "city": "FLUSHING, NY", "zone_code": "R3X", "zone_category": "Residential", "ev_permitted": false}, "geometry": {"type": "Polygon", "coordinates": [[[-73.8130528013895, 40.7594996395813], [-73.8128826219761, 40.7595454280143], [-73.8130190678123, 40.7598370824664], [-73.813189115606, 40.7597910097463], [-73.8130528013895, 40.7594996395813]]]}}, {"type": "Feature", "properties": {"zone_id": "0204470PT4UEBI1O5ALJM9", "tract_id": "36081118700", "city": "FLUSHING, NY", "zone_code": "R3X", "zone_category": "Residential", "ev_permitted": false}, "geometry": {"type": "Polygon", "coordinates": [[[-73.8131687254874, 40.7595426924726], [-73.81308365244, 40.7595655826171], [-73.813189115606, 40.7597910097463], [-73.8132741227674, 40.7597679781836], [-73.8131687254874, 40.7595426924726]]]}}, {"type": "Feature", "properties": {"zone_id": "02015N3GT4M44QY0IQIBJ2", "tract_id": "36081118700", "city": "FLUSHING, NY", "zone_code": "R3X", "zone_category": "Residential", "ev_permitted": false}, "geometry": {"type": "Polygon", "coordinates": [[[-73.8132537984764, 40.7595198022652], [-73.8131687254874, 40.7595426924726], [-73.8132741227674, 40.7597679781836], [-73.81335912987, 40.7597449465581], [-73.8132537984764, 40.7595198022652]]]}}, {"type": "Feature", "properties": {"zone_id": "02024B0KUJ039M2DHOMFO6", "tract_id": "36081118700", "city": "FLUSHING, NY", "zone_code": "R3X", "zone_category": "Residential", "ev_permitted": false}, "geometry": {"type": "Polygon", "coordinates": [[[-73.813336959894, 40.7594974267551], [-73.8132537984764, 40.7595198022652], [-73.81335912987, 40.7597449465581], [-73.8134421551045, 40.7597224513003], [-73.813336959894, 40.7594974267551]]]}}, {"type": "Feature", "properties": {"zone_id": "020011SJZH0JBPGAUBAUV9", "tract_id": "36081118700", "city": "FLUSHING, NY", "zone_code": "R3X", "zone_category": "Residential", "ev_permitted": false}, "geometry": {"type": "Polygon", "coordinates": [[[-73.813275905296, 40.7593668228012], [-73.8129333702953, 40.7594589860698], [-73.8129636149478, 40.7595236359692], [-73.8133061308179, 40.7594314782013], [-73.813275905296, 40.7593668228012]]]}}, {"type": "Feature", "properties": {"zone_id": "0201F1IG64P1NUPWCQFTVR", "tract_id": "36081118700", "city": "FLUSHING, NY", "zone_code": "R3X", "zone_category": "Residential", "ev_permitted": false}, "geometry": {"type": "Polygon", "coordinates": [[[-73.8132450763407, 40.7593008742297], [-73.812902520367, 40.7593930429943], [-73.8129333702953, 40.7594589860698], [-73.813275905296, 40.7593668228012], [-73.8132450763407, 40.7593008742297]]]}}, {"type": "Feature", "properties": {"zone_id": "0201E4CGNPKVTEWX7NWQCQ", "tract_id": "36081118700", "city": "FLUSHING, NY", "zone_code": "R3X", "zone_category": "Residential", "ev_permitted": false}, "geometry": {"type": "Polygon", "coordinates": [[[-73.8132071285621, 40.7592197009001], [-73.8128645479836, 40.759311876539], [-73.812902520367, 40.7593930429943], [-73.8132450763407, 40.7593008742297], [-73.8132071285621, 40.7592197009001]]]}}, {"type": "Feature", "properties": {"zone_id": "0207G68MEKT8PVFMMMHJCZ", "tract_id": "36081118700", "city": "FLUSHING, NY", "zone_code": "R4-1", "zone_category": "Residential", "ev_permitted": false}, "geometry": {"type": "Polygon", "coordinates": [[[-73.8142292685582, 40.758856647823], [-73.8141203075523, 40.7588858817318], [-73.8142459304255, 40.7591548791159], [-73.8143558369259, 40.7591253915483], [-73.8142292685582, 40.758856647823]]]}}, {"type": "Feature", "properties": {"zone_id": "0200TECEMDGZD5P2NP50L5", "tract_id": "36081118700", "city": "FLUSHING, NY", "zone_code": "R4-1", "zone_category": "Residential", "ev_permitted": false}, "geometry": {"type": "Polygon", "coordinates": [[[-73.8141203075523, 40.7588858817318], [-73.8140148873707, 40.7589141649391], [-73.8141405089474, 40.7591831624357], [-73.8142459304255, 40.7591548791159], [-73.8141203075523, 40.7588858817318]]]}}, {"type": "Feature", "properties": {"zone_id": "0202SZL4JM50UTKK3A44FN", "tract_id": "36081118700", "city": "FLUSHING, NY", "zone_code": "R4-1", "zone_category": "Residential", "ev_permitted": false}, "geometry": {"type": "Polygon", "coordinates": [[[-73.813909908211, 40.7589423300137], [-73.8138040356402, 40.7589707345595], [-73.8139296564721, 40.7592397322837], [-73.8140355294169, 40.7592113276235], [-73.813909908211, 40.7589423300137]]]}}, {"type": "Feature", "properties": {"zone_id": "0206CYHIZC7W4NYAHY4T4H", "tract_id": "36081118700", "city": "FLUSHING, NY", "zone_code": "R4-1", "zone_category": "Residential", "ev_permitted": false}, "geometry": {"type": "Polygon", "coordinates": [[[-73.8140148873707, 40.7589141649391], [-73.813909908211, 40.7589423300137], [-73.8140355294169, 40.7592113276235], [-73.8141405089474, 40.7591831624357], [-73.8140148873707, 40.7589141649391]]]}}, {"type": "Feature", "properties": {"zone_id": "0206JQTMD9W0KFPIQYCN01", "tract_id": "36081118700", "city": "FLUSHING, NY", "zone_code": "R3X", "zone_category": "Residential", "ev_permitted": false}, "geometry": {"type": "Polygon", "coordinates": [[[-73.8138040356402, 40.7589707345595], [-73.8136280157929, 40.7590179593151], [-73.8136921255515, 40.7591552411542], [-73.8137706858054, 40.759156849378], [-73.8138775602092, 40.7591281759591], [-73.8138040356402, 40.7589707345595]]]}}, {"type": "Feature", "properties": {"zone_id": "02022VDPOJRRVZAJKGEXRI", "tract_id": "36081118700", "city": "FLUSHING, NY", "zone_code": "R3X", "zone_category": "Residential", "ev_permitted": false}, "geometry": {"type": "Polygon", "coordinates": [[[-73.8138775602092, 40.7591281759591], [-73.8137706858054, 40.759156849378], [-73.8136601110017, 40.7591545857925], [-73.8134434691516, 40.7592127080939], [-73.8134858655921, 40.7593034952614], [-73.8139067066848, 40.7591905886896], [-73.8138775602092, 40.7591281759591]]]}}, {"type": "Feature", "properties": {"zone_id": "02058TXP90WDZF4UTR58T5", "tract_id": "36081118700", "city": "FLUSHING, NY", "zone_code": "R3X", "zone_category": "Residential", "ev_permitted": false}, "geometry": {"type": "Polygon", "coordinates": [[[-73.8136280157929, 40.7590179593151], [-73.8133831957625, 40.75908364076], [-73.8134434691516, 40.7592127080939], [-73.8136601110017, 40.7591545857925], [-73.8136921255515, 40.7591552411542], [-73.8136280157929, 40.7590179593151]]]}}, {"type": "Feature", "properties": {"zone_id": "0203XCPVPSL4RHJL9CHKWN", "tract_id": "36081118700", "city": "FLUSHING, NY", "zone_code": "R3X", "zone_category": "Residential", "ev_permitted": false}, "geometry": {"type": "Polygon", "coordinates": [[[-73.8135247957064, 40.7585747900901], [-73.8133881818042, 40.7586117414867], [-73.8135144744623, 40.7588795581996], [-73.8136512688891, 40.7588429898935], [-73.8135247957064, 40.7585747900901]]]}}, {"type": "Feature", "properties": {"zone_id": "0205A63OQLWBM0H60CMS2O", "tract_id": "36081118700", "city": "FLUSHING, NY", "zone_code": "R3X", "zone_category": "Residential", "ev_permitted": false}, "geometry": {"type": "Polygon", "coordinates": [[[-73.8133881818042, 40.7586117414867], [-73.8132511405104, 40.7586488072641], [-73.8133772517196, 40.758916240885], [-73.8135144744623, 40.7588795581996], [-73.8133881818042, 40.7586117414867]]]}}, {"type": "Feature", "properties": {"zone_id": "0206T0V5MJNW1HUR11T0BX", "tract_id": "36081118700", "city": "FLUSHING, NY", "zone_code": "R3X", "zone_category": "Residential", "ev_permitted": false}, "geometry": {"type": "Polygon", "coordinates": [[[-73.8132511405104, 40.7586488072641], [-73.8131490377571, 40.7586764233186], [-73.8132750135725, 40.7589435708504], [-73.8133772517196, 40.758916240885], [-73.8132511405104, 40.7586488072641]]]}}, {"type": "Feature", "properties": {"zone_id": "0203K5WUEKR0KPKDJQ4MIZ", "tract_id": "36081118700", "city": "FLUSHING, NY", "zone_code": "R3X", "zone_category": "Residential", "ev_permitted": false}, "geometry": {"type": "Polygon", "coordinates": [[[-73.8131490377571, 40.7586764233186], [-73.8130489407448, 40.7587034965739], [-73.8131747839306, 40.7589703636398], [-73.8132750135725, 40.7589435708504], [-73.8131490377571, 40.7586764233186]]]}}, {"type": "Feature", "properties": {"zone_id": "02031QCMUWCD2D98JJDQQ8", "tract_id": "36081118700", "city": "FLUSHING, NY", "zone_code": "R3X", "zone_category": "Residential", "ev_permitted": false}, "geometry": {"type": "Polygon", "coordinates": [[[-73.8130489407448, 40.7587034965739], [-73.8129128710045, 40.7587403000297], [-73.8130385336665, 40.759006786111], [-73.8131747839306, 40.7589703636398], [-73.8130489407448, 40.7587034965739]]]}}, {"type": "Feature", "properties": {"zone_id": "02053HIFTQCEIAYJFLQXN6", "tract_id": "36081118700", "city": "FLUSHING, NY", "zone_code": "R3X", "zone_category": "Residential", "ev_permitted": false}, "geometry": {"type": "Polygon", "coordinates": [[[-73.8128826219761, 40.7595454280143], [-73.8127549784769, 40.7595797716189], [-73.812891523027, 40.7598716392866], [-73.8130190678123, 40.7598370824664], [-73.8128826219761, 40.7595454280143]]]}}, {"type": "Feature", "properties": {"zone_id": "0204RO13N1EXNHUEFGJRC3", "tract_id": "36081118700", "city": "FLUSHING, NY", "zone_code": "R3X", "zone_category": "Residential", "ev_permitted": false}, "geometry": {"type": "Polygon", "coordinates": [[[-73.812405293692, 40.759344228913], [-73.812230998965, 40.7593911240955], [-73.8123679661266, 40.7596838995113], [-73.8125422605972, 40.7596370048248], [-73.812405293692, 40.759344228913]]]}}, {"type": "Feature", "properties": {"zone_id": "0200B7P4EUQ5GCOW75FJZ7", "tract_id": "36081118700", "city": "FLUSHING, NY", "zone_code": "R3X", "zone_category": "Residential", "ev_permitted": false}, "geometry": {"type": "Polygon", "coordinates": [[[-73.8128266454976, 40.7592308612547], [-73.8126564666154, 40.7592766493554], [-73.8127934344858, 40.7595694249714], [-73.8129636149478, 40.7595236359692], [-73.8128266454976, 40.7592308612547]]]}}, {"type": "Feature", "properties": {"zone_id": "0201BR86J54YCRN1BV2J43", "tract_id": "36081118700", "city": "FLUSHING, NY", "zone_code": "R3X", "zone_category": "Residential", "ev_permitted": false}, "geometry": {"type": "Polygon", "coordinates": [[[-73.8131692534536, 40.7591386787459], [-73.8128266454976, 40.7592308612547], [-73.8128645479836, 40.759311876539], [-73.8132071285621, 40.7592197009001], [-73.8131692534536, 40.7591386787459]]]}}, {"type": "Feature", "properties": {"zone_id": "0201TMKGBEOZQDYIP0KHEG", "tract_id": "36081118700", "city": "FLUSHING, NY", "zone_code": "R3X", "zone_category": "Residential", "ev_permitted": false}, "geometry": {"type": "Polygon", "coordinates": [[[-73.8125288235147, 40.7593109927107], [-73.812405293692, 40.759344228913], [-73.8125422605972, 40.7596370048248], [-73.8126657908945, 40.759603768477], [-73.8125288235147, 40.7593109927107]]]}}, {"type": "Feature", "properties": {"zone_id": "0206EZI792WSUICIRGR3CQ", "tract_id": "36081118700", "city": "FLUSHING, NY", "zone_code": "R3X", "zone_category": "Residential", "ev_permitted": false}, "geometry": {"type": "Polygon", "coordinates": [[[-73.8126564666154, 40.7592766493554], [-73.8125288235147, 40.7593109927107], [-73.8126657908945, 40.759603768477], [-73.8127934344858, 40.7595694249714], [-73.8126564666154, 40.7592766493554]]]}}, {"type": "Feature", "properties": {"zone_id": "0202PX6JSBL6LXBS6W5OT0", "tract_id": "36081118700", "city": "FLUSHING, NY", "zone_code": "R3X", "zone_category": "Residential", "ev_permitted": false}, "geometry": {"type": "Polygon", "coordinates": [[[-73.8120948483796, 40.7594277557072], [-73.8116690726955, 40.7595423107835], [-73.8117356100568, 40.7596845408605], [-73.8120759718615, 40.759592967135], [-73.8121303357651, 40.7597091725255], [-73.8121362932149, 40.759746231888], [-73.812231814092, 40.7597205319844], [-73.8120948483796, 40.7594277557072]]]}}, {"type": "Feature", "properties": {"zone_id": "0205ZN0U7EHTI27RL7Z5S8", "tract_id": "36081118700", "city": "FLUSHING, NY", "zone_code": "R3X", "zone_category": "Residential", "ev_permitted": false}, "geometry": {"type": "Polygon", "coordinates": [[[-73.812230998965, 40.7593911240955], [-73.8120948483796, 40.7594277557072], [-73.812231814092, 40.7597205319844], [-73.8123679661266, 40.7596838995113], [-73.812230998965, 40.7593911240955]]]}}, {"type": "Feature", "properties": {"zone_id": "020428WEY76FUKZIMYQODF", "tract_id": "36081118700", "city": "FLUSHING, NY", "zone_code": "R3X", "zone_category": "Residential", "ev_permitted": false}, "geometry": {"type": "Polygon", "coordinates": [[[-73.8120759718615, 40.759592967135], [-73.8117356100568, 40.7596845408605], [-73.8117936797281, 40.7598086692906], [-73.8121317097846, 40.7597177225769], [-73.8121303357651, 40.7597091725255], [-73.8120759718615, 40.759592967135]]]}}, {"type": "Feature", "properties": {"zone_id": "0201YVI6DM3XXR9TKJTRIC", "tract_id": "36081118700", "city": "FLUSHING, NY", "zone_code": "R3X", "zone_category": "Residential", "ev_permitted": false}, "geometry": {"type": "Polygon", "coordinates": [[[-73.8126377412868, 40.7588147138663], [-73.812500766664, 40.7588517612933], [-73.8126258840843, 40.759117093174], [-73.8127630401461, 40.759080429544], [-73.8126377412868, 40.7588147138663]]]}}, {"type": "Feature", "properties": {"zone_id": "02033SVJTPVD3E7RSJRSUG", "tract_id": "36081118700", "city": "FLUSHING, NY", "zone_code": "R3X", "zone_category": "Residential", "ev_permitted": false}, "geometry": {"type": "Polygon", "coordinates": [[[-73.812500766664, 40.7588517612933], [-73.812364695396, 40.7588885633966], [-73.8124896332199, 40.7591535149951], [-73.8126258840843, 40.759117093174], [-73.812500766664, 40.7588517612933]]]}}, {"type": "Feature", "properties": {"zone_id": "0205P4XR93X4MOSQHMNZF9", "tract_id": "36081118700", "city": "FLUSHING, NY", "zone_code": "R3X", "zone_category": "Residential", "ev_permitted": false}, "geometry": {"type": "Polygon", "coordinates": [[[-73.812364695396, 40.7588885633966], [-73.8122286249017, 40.7589253653405], [-73.8123533812845, 40.7591899359508], [-73.8124896332199, 40.7591535149951], [-73.812364695396, 40.7588885633966]]]}}, {"type": "Feature", "properties": {"zone_id": "0200CBI6WGPGRUWIEYA0YU", "tract_id": "36081118700", "city": "FLUSHING, NY", "zone_code": "R3X", "zone_category": "Residential", "ev_permitted": false}, "geometry": {"type": "Polygon", "coordinates": [[[-73.8129128710045, 40.7587403000297], [-73.8127738122531, 40.7587779114401], [-73.8128992907095, 40.7590440081017], [-73.8130385336665, 40.759006786111], [-73.8129128710045, 40.7587403000297]]]}}, {"type": "Feature", "properties": {"zone_id": "0201WXIEB02AMO5AKPK58S", "tract_id": "36081118700", "city": "FLUSHING, NY", "zone_code": "R3X", "zone_category": "Residential", "ev_permitted": false}, "geometry": {"type": "Polygon", "coordinates": [[[-73.8127738122531, 40.7587779114401], [-73.8126377412868, 40.7588147138663], [-73.8127630401461, 40.759080429544], [-73.8128992907095, 40.7590440081017], [-73.8127738122531, 40.7587779114401]]]}}, {"type": "Feature", "properties": {"zone_id": "0200IU27Q5Q3BTT7E4584V", "tract_id": "36081118700", "city": "FLUSHING, NY", "zone_code": "R3X", "zone_category": "Residential", "ev_permitted": false}, "geometry": {"type": "Polygon", "coordinates": [[[-73.8124224549829, 40.758574658705], [-73.8123071804885, 40.7586058361122], [-73.8124319246473, 40.7588703799295], [-73.812547199541, 40.7588392023985], [-73.8124224549829, 40.758574658705]]]}}, {"type": "Feature", "properties": {"zone_id": "0200WBAIUFM88295QCNIUH", "tract_id": "36081118700", "city": "FLUSHING, NY", "zone_code": "R3X", "zone_category": "Residential", "ev_permitted": false}, "geometry": {"type": "Polygon", "coordinates": [[[-73.8122286249017, 40.7589253653405], [-73.8120925533309, 40.7589621678246], [-73.8122171301221, 40.7592263574492], [-73.8123533812845, 40.7591899359508], [-73.8122286249017, 40.7589253653405]]]}}, {"type": "Feature", "properties": {"zone_id": "0202GZUSK9J0W0E96W6624", "tract_id": "36081118700", "city": "FLUSHING, NY", "zone_code": "R3X", "zone_category": "Residential", "ev_permitted": false}, "geometry": {"type": "Polygon", "coordinates": [[[-73.8120925533309, 40.7589621678246], [-73.8119564825359, 40.7589989694466], [-73.8120808788127, 40.7592627780837], [-73.8122171301221, 40.7592263574492], [-73.8120925533309, 40.7589621678246]]]}}, {"type": "Feature", "properties": {"zone_id": "0205G7EGA9ESN94FU6MCMN", "tract_id": "36081118700", "city": "FLUSHING, NY", "zone_code": "R3X", "zone_category": "Residential", "ev_permitted": false}, "geometry": {"type": "Polygon", "coordinates": [[[-73.8119564825359, 40.7589989694466], [-73.8118200916188, 40.7590358568118], [-73.8119443083056, 40.7592992844627], [-73.8120808788127, 40.7592627780837], [-73.8119564825359, 40.7589989694466]]]}}, {"type": "Feature", "properties": {"zone_id": "0207I4162RNCTG0XJIRC99", "tract_id": "36081118700", "city": "FLUSHING, NY", "zone_code": "R3X", "zone_category": "Residential", "ev_permitted": false}, "geometry": {"type": "Polygon", "coordinates": [[[-73.8118200916188, 40.7590358568118], [-73.8116520490309, 40.759081305429], [-73.8117760428428, 40.7593442621167], [-73.8119443083056, 40.7592992844627], [-73.8118200916188, 40.7590358568118]]]}}, {"type": "Feature", "properties": {"zone_id": "0203N63I0THJ6P5EPKKJHW", "tract_id": "36081118700", "city": "FLUSHING, NY", "zone_code": "R3X", "zone_category": "Residential", "ev_permitted": false}, "geometry": {"type": "Polygon", "coordinates": [[[-73.8120350404392, 40.7586794404089], [-73.8119238234892, 40.7587095201804], [-73.8120485672435, 40.7589740644102], [-73.8121597827308, 40.7589439845165], [-73.8120350404392, 40.7586794404089]]]}}, {"type": "Feature", "properties": {"zone_id": "0206Q8BZ10O65Z87LJSJX3", "tract_id": "36081118700", "city": "FLUSHING, NY", "zone_code": "R3X", "zone_category": "Residential", "ev_permitted": false}, "geometry": {"type": "Polygon", "coordinates": [[[-73.8121711105381, 40.7586426386924], [-73.8120350404392, 40.7586794404089], [-73.8121597827308, 40.7589439845165], [-73.8122958542252, 40.7589071826555], [-73.8121711105381, 40.7586426386924]]]}}, {"type": "Feature", "properties": {"zone_id": "0202EG8K2DPSZBK5HONI9T", "tract_id": "36081118700", "city": "FLUSHING, NY", "zone_code": "R3X", "zone_category": "Residential", "ev_permitted": false}, "geometry": {"type": "Polygon", "coordinates": [[[-73.8123071804885, 40.7586058361122], [-73.8121711105381, 40.7586426386924], [-73.8122958542252, 40.7589071826555], [-73.8124319246473, 40.7588703799295], [-73.8123071804885, 40.7586058361122]]]}}, {"type": "Feature", "properties": {"zone_id": "0203XYWAZZZ72Z1ABKL5NI", "tract_id": "36081118700", "city": "FLUSHING, NY", "zone_code": "R3X", "zone_category": "Residential", "ev_permitted": false}, "geometry": {"type": "Polygon", "coordinates": [[[-73.8118104369174, 40.7587401865313], [-73.8116953495783, 40.7587713130411], [-73.8118200916188, 40.7590358568118], [-73.8119351793548, 40.7590047308813], [-73.8118104369174, 40.7587401865313]]]}}, {"type": "Feature", "properties": {"zone_id": "0205K9GBBQ650XYU7B37BW", "tract_id": "36081118700", "city": "FLUSHING, NY", "zone_code": "R3X", "zone_category": "Residential", "ev_permitted": false}, "geometry": {"type": "Polygon", "coordinates": [[[-73.8119238234892, 40.7587095201804], [-73.8118104369174, 40.7587401865313], [-73.8119351793548, 40.7590047308813], [-73.8120485672435, 40.7589740644102], [-73.8119238234892, 40.7587095201804]]]}}, {"type": "Feature", "properties": {"zone_id": "0204VNM2WE3F970KYTI9PX", "tract_id": "36081118700", "city": "FLUSHING, NY", "zone_code": "R3X", "zone_category": "Residential", "ev_permitted": false}, "geometry": {"type": "Polygon", "coordinates": [[[-73.8140532946143, 40.7584318422797], [-73.8136608656925, 40.7585379866148], [-73.8137217837995, 40.7586671700918], [-73.8141142133853, 40.7585610255512], [-73.8140532946143, 40.7584318422797]]]}}, {"type": "Feature", "properties": {"zone_id": "02022SYG8C2YAQKHLV7XPL", "tract_id": "36081118700", "city": "FLUSHING, NY", "zone_code": "R3X", "zone_category": "Residential", "ev_permitted": false}, "geometry": {"type": "Polygon", "coordinates": [[[-73.8141142133853, 40.7585610255512], [-73.8137217837995, 40.7586671700918], [-73.8137875194072, 40.7588065666983], [-73.8141804678173, 40.7587015210231], [-73.8141142133853, 40.7585610255512]]]}}, {"type": "Feature", "properties": {"zone_id": "02048LSZ6DGZUMQF080KKO", "tract_id": "36081118700", "city": "FLUSHING, NY", "zone_code": "R3X", "zone_category": "Residential", "ev_permitted": false}, "geometry": {"type": "Polygon", "coordinates": [[[-73.8145064522566, 40.7581675337613], [-73.814240189661, 40.7582398535177], [-73.8142689614121, 40.7583020891937], [-73.8145358336423, 40.7582296038231], [-73.8145064522566, 40.7581675337613]]]}}, {"type": "Feature", "properties": {"zone_id": "0202GMHK9N82BRJURLNNQG", "tract_id": "36081118700", "city": "FLUSHING, NY", "zone_code": "R3X", "zone_category": "Residential", "ev_permitted": false}, "geometry": {"type": "Polygon", "coordinates": [[[-73.8139285439135, 40.7581673001998], [-73.8135361172754, 40.7582734441156], [-73.8135995959914, 40.7584080577184], [-73.8139920233213, 40.7583019135884], [-73.8139285439135, 40.7581673001998]]]}}, {"type": "Feature", "properties": {"zone_id": "0205RDFNAN5JJ6SA15FT76", "tract_id": "36081118700", "city": "FLUSHING, NY", "zone_code": "R3X", "zone_category": "Residential", "ev_permitted": false}, "geometry": {"type": "Polygon", "coordinates": [[[-73.8139920233213, 40.7583019135884], [-73.8135995959914, 40.7584080577184], [-73.8136608656925, 40.7585379866148], [-73.8140532946143, 40.7584318422797], [-73.8139920233213, 40.7583019135884]]]}}, {"type": "Feature", "properties": {"zone_id": "02044N2S9O32GUJWQTEPOI", "tract_id": "36081118700", "city": "FLUSHING, NY", "zone_code": "R3X", "zone_category": "Residential", "ev_permitted": false}, "geometry": {"type": "Polygon", "coordinates": [[[-73.8136608656925, 40.7585379866148], [-73.8135247957064, 40.7585747900901], [-73.8136512688891, 40.7588429898935], [-73.8137875194072, 40.7588065666983], [-73.8136608656925, 40.7585379866148]]]}}, {"type": "Feature", "properties": {"zone_id": "0206B3854QZL5IA9O5OFKM", "tract_id": "36081118700", "city": "FLUSHING, NY", "zone_code": "R3X", "zone_category": "Residential", "ev_permitted": false}, "geometry": {"type": "Polygon", "coordinates": [[[-73.8134000477609, 40.7583102474449], [-73.813263434334, 40.7583471979923], [-73.8133881818042, 40.7586117414867], [-73.8135247957064, 40.7585747900901], [-73.8134000477609, 40.7583102474449]]]}}, {"type": "Feature", "properties": {"zone_id": "02071E2IJ347FWWEYNJQ36", "tract_id": "36081118700", "city": "FLUSHING, NY", "zone_code": "R3X", "zone_category": "Residential", "ev_permitted": false}, "geometry": {"type": "Polygon", "coordinates": [[[-73.8130612280936, 40.7584018901248], [-73.81292419445, 40.7584389527158], [-73.8130489407448, 40.7587034965739], [-73.8131859748651, 40.7586664331334], [-73.8130612280936, 40.7584018901248]]]}}, {"type": "Feature", "properties": {"zone_id": "0205X9E745PZHVP1XX8187", "tract_id": "36081118700", "city": "FLUSHING, NY", "zone_code": "R3X", "zone_category": "Residential", "ev_permitted": false}, "geometry": {"type": "Polygon", "coordinates": [[[-73.813263434334, 40.7583471979923], [-73.8130612280936, 40.7584018901248], [-73.8131859748651, 40.7586664331334], [-73.8133881818042, 40.7586117414867], [-73.813263434334, 40.7583471979923]]]}}, {"type": "Feature", "properties": {"zone_id": "0200PNNAQ2GNXFJ1KYVECW", "tract_id": "36081118700", "city": "FLUSHING, NY", "zone_code": "R3X", "zone_category": "Residential", "ev_permitted": false}, "geometry": {"type": "Polygon", "coordinates": [[[-73.8135361172754, 40.7582734441156], [-73.8134000477609, 40.7583102474449], [-73.8135247957064, 40.7585747900901], [-73.8136608656925, 40.7585379866148], [-73.8135361172754, 40.7582734441156]]]}}, {"type": "Feature", "properties": {"zone_id": "0205T9VKNSLSS9C5LX09MY", "tract_id": "36081118700", "city": "FLUSHING, NY", "zone_code": "R3X", "zone_category": "Residential", "ev_permitted": false}, "geometry": {"type": "Polygon", "coordinates": [[[-73.8144436264483, 40.7580348111502], [-73.8141785469764, 40.758106516441], [-73.814240189661, 40.7582398535177], [-73.8145064522566, 40.7581675337613], [-73.8144436264483, 40.7580348111502]]]}}, {"type": "Feature", "properties": {"zone_id": "0202VEQ1IF6R0NUPD9OI16", "tract_id": "36081118700", "city": "FLUSHING, NY", "zone_code": "R3X", "zone_category": "Residential", "ev_permitted": false}, "geometry": {"type": "Polygon", "coordinates": [[[-73.8127881251794, 40.7584757567283], [-73.8126490669117, 40.7585133672868], [-73.8127738122531, 40.7587779114401], [-73.8129128710045, 40.7587403000297], [-73.8127881251794, 40.7584757567283]]]}}, {"type": "Feature", "properties": {"zone_id": "0205RFTFKC1E1HT3BO0MO7", "tract_id": "36081118700", "city": "FLUSHING, NY", "zone_code": "R3X", "zone_category": "Residential", "ev_permitted": false}, "geometry": {"type": "Polygon", "coordinates": [[[-73.81292419445, 40.7584389527158], [-73.8127881251794, 40.7584757567283], [-73.8129128710045, 40.7587403000297], [-73.8130489407448, 40.7587034965739], [-73.81292419445, 40.7584389527158]]]}}, {"type": "Feature", "properties": {"zone_id": "020457AAX97G4OQZCZ2FH3", "tract_id": "36081118700", "city": "FLUSHING, NY", "zone_code": "R3X", "zone_category": "Residential", "ev_permitted": false}, "geometry": {"type": "Polygon", "coordinates": [[[-73.8125384174007, 40.75854329399], [-73.8124224549829, 40.758574658705], [-73.812547199541, 40.7588392023985], [-73.8126631632827, 40.7588078382633], [-73.8125384174007, 40.75854329399]]]}}, {"type": "Feature", "properties": {"zone_id": "02020X7SH4OO7H43Z7D0DI", "tract_id": "36081118700", "city": "FLUSHING, NY", "zone_code": "R3X", "zone_category": "Residential", "ev_permitted": false}, "geometry": {"type": "Polygon", "coordinates": [[[-73.8126490669117, 40.7585133672868], [-73.8125384174007, 40.75854329399], [-73.8126631632827, 40.7588078382633], [-73.8127738122531, 40.7587779114401], [-73.8126490669117, 40.7585133672868]]]}}, {"type": "Feature", "properties": {"zone_id": "0204P0K04X4W7F169RZ4S5", "tract_id": "36081118700", "city": "FLUSHING, NY", "zone_code": "R3X", "zone_category": "Residential", "ev_permitted": false}, "geometry": {"type": "Polygon", "coordinates": [[[-73.8116520490309, 40.759081305429], [-73.8114699254921, 40.7591305623418], [-73.8115961240454, 40.7593923550159], [-73.8117760428428, 40.7593442621167], [-73.8116520490309, 40.759081305429]]]}}, {"type": "Feature", "properties": {"zone_id": "0200IN4RFUQNBFYW49UWQF", "tract_id": "36081118700", "city": "FLUSHING, NY", "zone_code": "R3X", "zone_category": "Residential", "ev_permitted": false}, "geometry": {"type": "Polygon", "coordinates": [[[-73.8112267564594, 40.7591367662856], [-73.8108858544091, 40.7592270008701], [-73.8109331646128, 40.7593307294343], [-73.8112740662057, 40.7592404947096], [-73.8112267564594, 40.7591367662856]]]}}, {"type": "Feature", "properties": {"zone_id": "0205EKOU6LRPNHR0MGCKTF", "tract_id": "36081118700", "city": "FLUSHING, NY", "zone_code": "R3X", "zone_category": "Residential", "ev_permitted": false}, "geometry": {"type": "Polygon", "coordinates": [[[-73.8112740662057, 40.7592404947096], [-73.8109331646128, 40.7593307294343], [-73.8109804749618, 40.7594344586801], [-73.8113213770216, 40.7593442238168], [-73.8112740662057, 40.7592404947096]]]}}, {"type": "Feature", "properties": {"zone_id": "0203X6DE5RFN2K6DIZYNFQ", "tract_id": "36081118700", "city": "FLUSHING, NY", "zone_code": "R3X", "zone_category": "Residential", "ev_permitted": false}, "geometry": {"type": "Polygon", "coordinates": [[[-73.8113213770216, 40.7593442238168], [-73.8109804749618, 40.7594344586801], [-73.8110292107653, 40.7595413121439], [-73.8113703355587, 40.7594515623344], [-73.8113213770216, 40.7593442238168]]]}}, {"type": "Feature", "properties": {"zone_id": "0202NQG3VY3BGUIOS2XUQD", "tract_id": "36081118700", "city": "FLUSHING, NY", "zone_code": "R3X", "zone_category": "Residential", "ev_permitted": false}, "geometry": {"type": "Polygon", "coordinates": [[[-73.8103809810016, 40.7591252554867], [-73.8102787106185, 40.7591523255694], [-73.8103815483556, 40.7593778057825], [-73.8102703368666, 40.759407241739], [-73.8103135550072, 40.7595020028438], [-73.8103391428671, 40.7595581035781], [-73.8105869121713, 40.7595767711494], [-73.8103809810016, 40.7591252554867]]]}}, {"type": "Feature", "properties": {"zone_id": "02060KQ1VKU9XFFF8O7WRO", "tract_id": "36081118700", "city": "FLUSHING, NY", "zone_code": "R3X", "zone_category": "Residential", "ev_permitted": false}, "geometry": {"type": "Polygon", "coordinates": [[[-73.8109094911258, 40.7592788247219], [-73.8107731290278, 40.7593149190018], [-73.8108927600381, 40.759577211081], [-73.8110292107653, 40.7595413121439], [-73.8109094911258, 40.7592788247219]]]}}, {"type": "Feature", "properties": {"zone_id": "0202N1EUBZNNPKD59XBBSE", "tract_id": "36081118700", "city": "FLUSHING, NY", "zone_code": "R3X", "zone_category": "Residential", "ev_permitted": false}, "geometry": {"type": "Polygon", "coordinates": [[[-73.8107731290278, 40.7593149190018], [-73.8105004071664, 40.7593871049733], [-73.8105869121713, 40.7595767711494], [-73.8108259721735, 40.7595947830639], [-73.8108927600381, 40.759577211081], [-73.8107731290278, 40.7593149190018]]]}}, {"type": "Feature", "properties": {"zone_id": "0205C0RMBG3MA0YFT2VIRI", "tract_id": "36081118700", "city": "FLUSHING, NY", "zone_code": "R3X", "zone_category": "Residential", "ev_permitted": false}, "geometry": {"type": "Polygon", "coordinates": [[[-73.8102787106185, 40.7591523255694], [-73.8101674985364, 40.7591817614261], [-73.8102703368666, 40.759407241739], [-73.8103815483556, 40.7593778057825], [-73.8102787106185, 40.7591523255694]]]}}, {"type": "Feature", "properties": {"zone_id": "0203V5SEFH8XHJMP8LOEB8", "tract_id": "36081118700", "city": "FLUSHING, NY", "zone_code": "R3X", "zone_category": "Residential", "ev_permitted": false}, "geometry": {"type": "Polygon", "coordinates": [[[-73.8105173419978, 40.7590891623712], [-73.8103809810016, 40.7591252554867], [-73.8105004071664, 40.7593871049733], [-73.810636768634, 40.7593510117178], [-73.8105173419978, 40.7590891623712]]]}}, {"type": "Feature", "properties": {"zone_id": "0206RVXT4K1DQXKRONSYOK", "tract_id": "36081118700", "city": "FLUSHING, NY", "zone_code": "R3X", "zone_category": "Residential", "ev_permitted": false}, "geometry": {"type": "Polygon", "coordinates": [[[-73.811130963728, 40.75892674135], [-73.8107900635469, 40.7590169756553], [-73.8108385443528, 40.7591232722848], [-73.8111794459363, 40.7590330378389], [-73.811130963728, 40.75892674135]]]}}, {"type": "Feature", "properties": {"zone_id": "020794MGF6BM9XI04DGN6U", "tract_id": "36081118700", "city": "FLUSHING, NY", "zone_code": "R3X", "zone_category": "Residential", "ev_permitted": false}, "geometry": {"type": "Polygon", "coordinates": [[[-73.8111794459363, 40.7590330378389], [-73.8108385443528, 40.7591232722848], [-73.8108858544091, 40.7592270008701], [-73.8112267564594, 40.7591367662856], [-73.8111794459363, 40.7590330378389]]]}}, {"type": "Feature", "properties": {"zone_id": "0205Q1SZUF5HEKD5NI0VX9", "tract_id": "36081118700", "city": "FLUSHING, NY", "zone_code": "R3X", "zone_category": "Residential", "ev_permitted": false}, "geometry": {"type": "Polygon", "coordinates": [[[-73.8116953495783, 40.7587713130411], [-73.8113427219818, 40.7588666837939], [-73.8114699254921, 40.7591305623418], [-73.8118200916188, 40.7590358568118], [-73.8116953495783, 40.7587713130411]]]}}, {"type": "Feature", "properties": {"zone_id": "0203V19VPHEQZ6WE5CU3XQ", "tract_id": "36081118700", "city": "FLUSHING, NY", "zone_code": "R3X", "zone_category": "Residential", "ev_permitted": false}, "geometry": {"type": "Polygon", "coordinates": [[[-73.8107900635469, 40.7590169756553], [-73.8106537028463, 40.7590530690941], [-73.8107731290278, 40.7593149190018], [-73.8109094911258, 40.7592788247219], [-73.8107900635469, 40.7590169756553]]]}}, {"type": "Feature", "properties": {"zone_id": "0207K4VPDBZD18AEWQCGGM", "tract_id": "36081118700", "city": "FLUSHING, NY", "zone_code": "R3X", "zone_category": "Residential", "ev_permitted": false}, "geometry": {"type": "Polygon", "coordinates": [[[-73.8106537028463, 40.7590530690941], [-73.8105173419978, 40.7590891623712], [-73.810636768634, 40.7593510117178], [-73.8107731290278, 40.7593149190018], [-73.8106537028463, 40.7590530690941]]]}}, {"type": "Feature", "properties": {"zone_id": "02016MQF53NLM5BPJJSTCR", "tract_id": "36081118700", "city": "FLUSHING, NY", "zone_code": "R4A", "zone_category": "Residential", "ev_permitted": false}, "geometry": {"type": "Polygon", "coordinates": [[[-73.8098395637267, 40.7596628442533], [-73.8098269932743, 40.7597538547051], [-73.8101937435505, 40.7597815476421], [-73.8102061120775, 40.759691502971], [-73.8098395637267, 40.7596628442533]]]}}, {"type": "Feature", "properties": {"zone_id": "0204HTDIFZWYDWNCJTN0H0", "tract_id": "36081118700", "city": "FLUSHING, NY", "zone_code": "R3X", "zone_category": "Residential", "ev_permitted": false}, "geometry": {"type": "Polygon", "coordinates": [[[-73.8103135550072, 40.7595020028438], [-73.8101542391692, 40.7595441717019], [-73.8103391428671, 40.7595581035781], [-73.8103135550072, 40.7595020028438]]]}}, {"type": "Feature", "properties": {"zone_id": "0203DKK0UFMXBH2EXJYKH1", "tract_id": "36081118700", "city": "FLUSHING, NY", "zone_code": "R3X", "zone_category": "Residential", "ev_permitted": false}, "geometry": {"type": "Polygon", "coordinates": [[[-73.8101674985364, 40.7591817614261], [-73.8098942494405, 40.7592540863293], [-73.8098582029085, 40.759521865996], [-73.8101542391692, 40.7595441717019], [-73.8103135550072, 40.7595020028438], [-73.8101674985364, 40.7591817614261]]]}}, {"type": "Feature", "properties": {"zone_id": "0203EDXUDTPTR9TRH36X1J", "tract_id": "36081118700", "city": "FLUSHING, NY", "zone_code": "R4A", "zone_category": "Residential", "ev_permitted": false}, "geometry": {"type": "Polygon", "coordinates": [[[-73.8089071157264, 40.7596156630888], [-73.8088961160907, 40.7596975787589], [-73.8093909325099, 40.7597358620467], [-73.8094137168958, 40.7596321160341], [-73.8093280246378, 40.7596254866111], [-73.8093250197788, 40.7596479954414], [-73.8089071157264, 40.7596156630888]]]}}, {"type": "Feature", "properties": {"zone_id": "02010S7OZJ2HHBFU7HJCD5", "tract_id": "36081118700", "city": "FLUSHING, NY", "zone_code": "R4A", "zone_category": "Residential", "ev_permitted": false}, "geometry": {"type": "Polygon", "coordinates": [[[-73.8089622059699, 40.7592054180403], [-73.8089402060146, 40.7593692508027], [-73.8094625708345, 40.7594096649575], [-73.8094835910605, 40.7593139522867], [-73.8094602538053, 40.7592909171601], [-73.809414683329, 40.7592404247959], [-73.8089622059699, 40.7592054180403]]]}}, {"type": "Feature", "properties": {"zone_id": "0201YWKAMVDFMB2CNPFOL6", "tract_id": "36081118700", "city": "", "zone_code": "R4A", "zone_category": "Residential", "ev_permitted": false}, "geometry": {"type": "Polygon", "coordinates": [[[-73.8089402060146, 40.7593692508027], [-73.8089182059509, 40.7595330835569], [-73.8094268238576, 40.7595724337318], [-73.8094625708345, 40.7594096649575], [-73.8089402060146, 40.7593692508027]]]}}, {"type": "Feature", "properties": {"zone_id": "02071WS5P1AMCJ6HVESLYZ", "tract_id": "36081118700", "city": "FLUSHING, NY", "zone_code": "R4A", "zone_category": "Residential", "ev_permitted": false}, "geometry": {"type": "Polygon", "coordinates": [[[-73.8094325847703, 40.7595462018672], [-73.8094268238576, 40.7595724337318], [-73.8093360457435, 40.7595654108456], [-73.8093280246378, 40.7596254866111], [-73.8094137168958, 40.7596321160341], [-73.8094149059694, 40.7596267019281], [-73.8096265475073, 40.7596430752362], [-73.8096373644368, 40.7595620438393], [-73.8094325847703, 40.7595462018672]]]}}, {"type": "Feature", "properties": {"zone_id": "0204U918ADX9Q92BWJJ2S6", "tract_id": "36081118700", "city": "FLUSHING, NY", "zone_code": "R4A", "zone_category": "Residential", "ev_permitted": false}, "geometry": {"type": "Polygon", "coordinates": [[[-73.8094149059694, 40.7596267019281], [-73.8093909325099, 40.7597358620467], [-73.8096118787614, 40.7597529555399], [-73.8096265475073, 40.7596430752362], [-73.8094149059694, 40.7596267019281]]]}}, {"type": "Feature", "properties": {"zone_id": "0201JGUINAQQCL8KJ11M2D", "tract_id": "36081118700", "city": "FLUSHING, NY", "zone_code": "R4A", "zone_category": "Residential", "ev_permitted": false}, "geometry": {"type": "Polygon", "coordinates": [[[-73.8094507363386, 40.7594635517544], [-73.8094325847703, 40.7595462018672], [-73.8096373644368, 40.7595620438393], [-73.8096484712134, 40.7594788494412], [-73.8094507363386, 40.7594635517544]]]}}, {"type": "Feature", "properties": {"zone_id": "0206II4BZ9T6H409N7NHU2", "tract_id": "36081118700", "city": "FLUSHING, NY", "zone_code": "R4A", "zone_category": "Residential", "ev_permitted": false}, "geometry": {"type": "Polygon", "coordinates": [[[-73.8089182059509, 40.7595330835569], [-73.8089071157264, 40.7596156630888], [-73.8093250197788, 40.7596479954414], [-73.8093360457435, 40.7595654108456], [-73.8089182059509, 40.7595330835569]]]}}, {"type": "Feature", "properties": {"zone_id": "0205IAO6U49U2QH5IUBDRN", "tract_id": "36081118700", "city": "FLUSHING, NY", "zone_code": "R4A", "zone_category": "Residential", "ev_permitted": false}, "geometry": {"type": "Polygon", "coordinates": [[[-73.809414683329, 40.7592404247959], [-73.8094602538053, 40.7592909171601], [-73.8094835910605, 40.7593139522867], [-73.8094507363386, 40.7594635517544], [-73.8096484712134, 40.7594788494412], [-73.809677583698, 40.7592607642758], [-73.809414683329, 40.7592404247959]]]}}]}