tract_id,city,ml_rank_score,demand_tier,pct_area_ev_permitted,pct_area_commercial,pct_area_industrial,pct_area_residential,dominant_zone_category,feasibility_score,data_confidence,computed_at
04013061034,"SURPRISE, AZ",0.5096,Medium,0.0405,0.0305,0.01,0.0299,Other,0.1813,High,2026-03-09T16:23:52.657997+00:00
04013061061,"SURPRISE, AZ",0.4066,Medium,0.0,0.0,0.0,0.0,Other,0.122,High,2026-03-09T16:34:37.818806+00:00
04013106002,"PHOENIX, AZ",0.7917,High,0.054,0.054,0.0,0.4907,Residential,0.2753,High,2026-03-09T15:40:20.321833+00:00
04013107402,"PHOENIX, AZ",0.8455,High,0.1521,0.1521,0.0,0.4845,Residential,0.3601,High,2026-03-09T15:28:24.676191+00:00
04013107403,"PHOENIX, AZ",0.8581,High,0.0327,0.0327,0.0,0.5233,Residential,0.2803,High,2026-03-09T15:25:44.642857+00:00
04013107404,"PHOENIX, AZ",0.8143,High,0.0934,0.0934,0.0,0.0989,Other,0.3096,High,2026-03-09T15:35:04.057506+00:00
04019980100,AZ,0.1031,Low,0.6117,0.0,0.6117,0.3804,Industrial,0.4591,High,2026-03-10T07:01:56.933766+00:00
04019980200,"TUCSON, AZ",0.1069,Low,0.4708,0.0,0.4708,0.0,Other,0.3616,High,2026-03-10T06:59:49.271150+00:00
06029000602,"BAKERSFIELD, CA",0.5116,Medium,0.3508,0.0818,0.1294,0.611,Residential,0.3991,High,2026-03-09T16:17:30.648968+00:00
06029001106,"BAKERSFIELD, CA",0.0687,Low,0.0606,0.0069,0.0536,0.9394,Residential,0.063,High,2026-03-10T07:31:04.876385+00:00
06029002502,"BAKERSFIELD, CA",0.0563,Low,0.0,0.0,0.0,0.9988,Residential,0.0169,High,2026-03-09T19:22:49.497120+00:00
06029003136,"BAKERSFIELD, CA",0.0921,Low,0.0,0.0,0.0,0.8735,Residential,0.0276,High,2026-03-10T07:10:43.526891+00:00
06029003217,"BAKERSFIELD, CA",0.0582,Low,0.072,0.0369,0.0,0.9278,Residential,0.0678,High,2026-03-09T19:21:35.217929+00:00
06029004302,"WASCO, CA",0.0445,Low,0.0,0.0,0.0,0.0,Other,0.0133,High,2026-03-09T19:41:03.168532+00:00
06029004601,CA,0.0449,Low,0.0,0.0,0.0,0.0,Other,0.0135,High,2026-03-09T19:40:26.371715+00:00
06029004603,"DELANO, CA",0.0449,Low,0.0501,0.0,0.0501,0.0,Other,0.0485,High,2026-03-09T19:40:22.199980+00:00
06029006303,"ARVIN, CA",0.04,Low,0.0124,0.0124,0.0,0.1803,Other,0.0207,High,2026-03-09T19:52:28.558637+00:00
06029006404,"LAMONT, CA",0.0396,Low,0.0235,0.0187,0.0048,0.0378,Other,0.0283,High,2026-03-09T19:52:31.995480+00:00
06037101221,"TUJUNGA, CA",0.8477,High,0.0553,0.0553,0.0,0.9447,Residential,0.2931,High,2026-03-09T15:28:00.300603+00:00
06037104203,"PACOIMA, CA",0.85,High,0.0739,0.0059,0.0681,0.1177,Other,0.3068,High,2026-03-09T15:28:18.409810+00:00
06037104321,"PACOIMA, CA",0.8296,High,0.0009,0.0009,0.0,0.0292,Other,0.2495,High,2026-03-09T15:33:30.545638+00:00
06037104404,"PACOIMA, CA",0.8465,High,0.0073,0.0034,0.0,0.0016,Other,0.2591,High,2026-03-09T15:28:58.374568+00:00
06037104500,"PACOIMA, CA",0.8449,High,0.0061,0.0061,0.0,0.0352,Other,0.2577,High,2026-03-09T15:29:22.970427+00:00
06037104610,"PACOIMA, CA",0.8436,High,0.0779,0.0245,0.0534,0.0,Other,0.3076,High,2026-03-09T15:29:59.384048+00:00
06037104620,"PACOIMA, CA",0.8474,High,0.002,0.002,0.0,0.0,Other,0.2556,High,2026-03-09T15:28:56.057010+00:00
06037104701,"PACOIMA, CA",0.8487,High,0.0093,0.0062,0.0,0.0122,Other,0.2611,High,2026-03-09T15:27:50.710729+00:00
06037104821,"PACOIMA, CA",0.8476,High,0.0838,0.0838,0.0,0.175,Other,0.3129,High,2026-03-09T15:28:20.679931+00:00
06037104822,"PACOIMA, CA",0.8394,High,0.1869,0.185,0.0,0.4962,Residential,0.3827,High,2026-03-09T15:30:13.266239+00:00
06037104823,"PACOIMA, CA",0.8308,High,0.0,0.0,0.0,0.0879,Other,0.2492,High,2026-03-09T15:33:14.830980+00:00
06037104824,"PACOIMA, CA",0.8244,High,0.0985,0.0757,0.0,0.0,Other,0.3163,High,2026-03-09T15:34:02.214815+00:00
06037106407,"SYLMAR, CA",0.7024,High,0.3076,0.3076,0.0,0.6876,Residential,0.4261,High,2026-03-09T15:50:30.995140+00:00
06037106408,"SYLMAR, CA",0.7222,High,0.0305,0.0305,0.0,0.9033,Residential,0.238,High,2026-03-09T15:47:42.062192+00:00
06037113323,"CHATSWORTH, CA",0.8324,High,0.1789,0.0577,0.0115,0.4805,Residential,0.375,High,2026-03-09T15:32:00.646597+00:00
06037113324,"CHATSWORTH, CA",0.8468,High,0.0335,0.0335,0.0,0.3142,Other,0.2775,High,2026-03-09T15:27:25.076001+00:00
06037113423,"WINNETKA, CA",0.8413,High,0.0248,0.0248,0.0,0.5484,Residential,0.2697,High,2026-03-09T15:30:29.746680+00:00
06037113425,"CHATSWORTH, CA",0.8723,High,0.3549,0.0,0.269,0.4882,Residential,0.5101,High,2026-03-09T15:20:51.397794+00:00
06037113428,"WINNETKA, CA",0.8253,High,0.0226,0.0201,0.0,0.5921,Residential,0.2634,High,2026-03-09T15:35:17.890670+00:00
06037115302,"NORTHRIDGE, CA",0.8464,High,0.2921,0.0104,0.2816,0.4881,Residential,0.4584,High,2026-03-09T15:28:57.110135+00:00
06037115403,"NORTHRIDGE, CA",0.8552,High,0.3079,0.2035,0.1011,0.5441,Residential,0.4721,High,2026-03-09T15:26:41.946485+00:00
06037117101,"NORTH HILLS, CA",0.8701,High,0.0361,0.0,0.0,0.6204,Residential,0.2863,High,2026-03-09T15:22:12.087770+00:00
06037117405,"NORTH HILLS, CA",0.8885,High,0.2751,0.2751,0.0,0.5618,Residential,0.4592,High,2026-03-09T15:18:24.240384+00:00
06037117407,"NORTH HILLS, CA",0.8934,High,0.0749,0.0458,0.0,0.7537,Residential,0.3204,High,2026-03-09T15:17:20.016272+00:00
06037117408,"NORTH HILLS, CA",0.8867,High,0.2881,0.2881,0.0,0.5672,Residential,0.4677,High,2026-03-09T15:18:55.695367+00:00
06037117510,"NORTH HILLS, CA",0.8726,High,0.0729,0.0,0.0729,0.7895,Residential,0.3128,High,2026-03-09T15:21:06.944786+00:00
06037117520,"NORTH HILLS, CA",0.8778,High,0.2206,0.2206,0.0,0.7391,Residential,0.4178,High,2026-03-09T15:20:14.460747+00:00
06037119201,"ARLETA, CA",0.8399,High,0.1191,0.1191,0.0,0.6787,Residential,0.3354,High,2026-03-09T15:31:54.675160+00:00
06037119320,"PANORAMA CITY, CA",0.8708,High,0.0142,0.0142,0.0,0.6057,Residential,0.2712,High,2026-03-09T15:22:00.512551+00:00
06037119340,"PANORAMA CITY, CA",0.9313,High,0.0,0.0,0.0,0.933,Residential,0.2794,High,2026-03-09T14:59:05.322533+00:00
06037119341,"PANORAMA CITY, CA",0.8698,High,0.0731,0.0731,0.0,0.7384,Residential,0.3121,High,2026-03-09T15:21:53.613779+00:00
06037119342,"PANORAMA CITY, CA",0.884,High,0.0187,0.0187,0.0,0.7883,Residential,0.2783,High,2026-03-09T15:18:57.829338+00:00
06037119400,"ARLETA, CA",0.8406,High,0.0408,0.0408,0.0,0.6643,Residential,0.2807,High,2026-03-09T15:32:20.301052+00:00
06037119801,"ARLETA, CA",0.8227,High,0.0465,0.0465,0.0,0.7916,Residential,0.2794,High,2026-03-09T15:34:56.678298+00:00
06037119802,"ARLETA, CA",0.8268,High,0.0296,0.0296,0.0,0.8118,Residential,0.2688,High,2026-03-09T15:34:14.848553+00:00
06037120030,"PANORAMA CITY, CA",0.8616,High,0.2514,0.0,0.2514,0.3846,Residential,0.4345,High,2026-03-09T15:24:02.754665+00:00
06037120106,"PANORAMA CITY, CA",0.9062,High,0.0,0.0,0.0,0.8627,Residential,0.2719,High,2026-03-09T15:13:22.651809+00:00
06037120107,"PANORAMA CITY, CA",0.9043,High,0.0222,0.0222,0.0,0.8791,Residential,0.2868,High,2026-03-09T15:14:23.232214+00:00
06037120108,"PANORAMA CITY, CA",0.8845,High,0.0,0.0,0.0,0.657,Residential,0.2654,High,2026-03-09T15:19:15.876541+00:00
06037121801,"NORTH HOLLYWOOD, CA",0.8662,High,0.0822,0.0822,0.0,0.1686,Other,0.3174,High,2026-03-09T15:23:32.514703+00:00
06037122121,"SUN VALLEY, CA",0.8712,High,0.0,0.0,0.0,0.7423,Residential,0.2614,High,2026-03-09T15:22:08.839524+00:00
06037122410,"NORTH HOLLYWOOD, CA",0.8658,High,0.4734,0.015,0.4558,0.3592,Industrial,0.5911,High,2026-03-09T15:23:11.857239+00:00
06037122420,"NORTH HOLLYWOOD, CA",0.8681,High,0.3342,0.037,0.2973,0.6437,Residential,0.4944,High,2026-03-09T15:24:02.349408+00:00
06037123010,"SUN VALLEY, CA",0.8604,High,0.4202,0.013,0.4072,0.4538,Residential,0.5523,High,2026-03-09T15:25:31.643423+00:00
06037123020,"SUN VALLEY, CA",0.8444,High,0.1171,0.0614,0.0558,0.8829,Residential,0.3353,High,2026-03-09T15:29:40.218239+00:00
06037123203,"NORTH HOLLYWOOD, CA",0.8755,High,0.4138,0.0167,0.3971,0.5782,Residential,0.5523,High,2026-03-09T15:21:08.771378+00:00
06037123204,"NORTH HOLLYWOOD, CA",0.8915,High,0.0588,0.0588,0.0,0.9352,Residential,0.3086,High,2026-03-09T15:18:27.834428+00:00
06037123205,"NORTH HOLLYWOOD, CA",0.8756,High,0.6045,0.0606,0.5439,0.2753,Industrial,0.6858,High,2026-03-09T15:21:23.450731+00:00
06037123206,"NORTH HOLLYWOOD, CA",0.8708,High,0.5913,0.0599,0.5314,0.4014,Industrial,0.6752,High,2026-03-09T15:22:00.894978+00:00
06037123410,CA,0.8691,High,0.0687,0.0687,0.0,0.7678,Residential,0.3088,High,2026-03-09T15:23:02.277065+00:00
06037123420,"NORTH HOLLYWOOD, CA",0.8772,High,0.1287,0.1287,0.0,0.626,Residential,0.3532,High,2026-03-09T15:21:25.995442+00:00
06037123520,"VAN NUYS, CA",0.8631,High,0.0295,0.0295,0.0,0.7939,Residential,0.2796,High,2026-03-09T15:24:41.429553+00:00
06037123602,"VAN NUYS, CA",0.8564,High,0.0375,0.0375,0.0,0.8187,Residential,0.2832,High,2026-03-09T15:26:55.467341+00:00
06037123700,"NORTH HOLLYWOOD, CA",0.8545,High,0.0422,0.0422,0.0,0.9036,Residential,0.2859,High,2026-03-09T15:28:27.211358+00:00
06037124103,"NORTH HOLLYWOOD, CA",0.8607,High,0.0912,0.0912,0.0,0.9088,Residential,0.322,High,2026-03-09T15:24:38.371779+00:00
06037124104,"NORTH HOLLYWOOD, CA",0.8672,High,0.0845,0.0845,0.0,0.9154,Residential,0.3193,High,2026-03-09T15:22:57.958863+00:00
06037124105,"NORTH HOLLYWOOD, CA",0.8655,High,0.2049,0.2049,0.0,0.7951,Residential,0.403,High,2026-03-09T15:23:14.758899+00:00
06037124203,"NORTH HOLLYWOOD, CA",0.9146,High,0.0093,0.0093,0.0,0.9907,Residential,0.2809,High,2026-03-09T15:09:20.633441+00:00
06037124204,"NORTH HOLLYWOOD, CA",0.9032,High,0.2266,0.2118,0.0,0.7734,Residential,0.4296,High,2026-03-09T15:15:30.934785+00:00
06037124902,"VALLEY VILLAGE, CA",0.8893,High,0.0759,0.0625,0.0,0.7881,Residential,0.3199,High,2026-03-09T15:18:40.953243+00:00
06037124903,"VALLEY VILLAGE, CA",0.8978,High,0.1167,0.1167,0.0,0.8833,Residential,0.351,High,2026-03-09T15:16:39.153422+00:00
06037125321,CA,0.9253,High,0.1991,0.0,0.1991,0.6974,Residential,0.417,High,2026-03-09T15:01:52.031540+00:00
06037125322,"NORTH HOLLYWOOD, CA",0.9123,High,0.665,0.6461,0.0188,0.0312,Commercial,0.7392,High,2026-03-09T15:10:20.211611+00:00
06037125403,"NORTH HOLLYWOOD, CA",0.9351,High,0.073,0.073,0.0,0.839,Residential,0.3316,High,2026-03-09T14:58:24.829094+00:00
06037125404,"NORTH HOLLYWOOD, CA",0.9286,High,0.0446,0.0446,0.0,0.7293,Residential,0.3098,High,2026-03-09T15:00:12.401980+00:00
06037125501,"NORTH HOLLYWOOD, CA",0.9222,High,0.0963,0.0963,0.0,0.8202,Residential,0.3441,High,2026-03-09T15:04:26.993890+00:00
06037127104,"PANORAMA CITY, CA",0.8595,High,0.4037,0.0529,0.3509,0.5302,Residential,0.5405,High,2026-03-09T15:25:41.502321+00:00
06037127220,"VAN NUYS, CA",0.874,High,0.1124,0.1124,0.0,0.865,Residential,0.3409,High,2026-03-09T15:21:57.273025+00:00
06037127603,"VAN NUYS, CA",0.8762,High,0.199,0.0201,0.0923,0.7285,Residential,0.4021,High,2026-03-09T15:20:50.040916+00:00
06037127604,"VAN NUYS, CA",0.8796,High,0.2315,0.1132,0.1183,0.7685,Residential,0.4259,High,2026-03-09T15:20:11.330799+00:00
06037127605,"VAN NUYS, CA",0.8736,High,0.0758,0.0196,0.0,0.3524,Other,0.3152,High,2026-03-09T15:21:15.324391+00:00
06037127606,"VAN NUYS, CA",0.8738,High,0.0046,0.0046,0.0,0.8001,Residential,0.2654,High,2026-03-09T15:21:54.072470+00:00
06037127711,"VAN NUYS, CA",0.8903,High,0.0711,0.0438,0.0,0.6513,Residential,0.3169,High,2026-03-09T15:19:45.718820+00:00
06037127803,"VAN NUYS, CA",0.8725,High,0.0867,0.0867,0.0,0.9133,Residential,0.3225,High,2026-03-09T15:22:18.634531+00:00
06037127804,"VAN NUYS, CA",0.8722,High,0.1638,0.1638,0.0,0.8145,Residential,0.3763,High,2026-03-09T15:22:06.773225+00:00
06037127805,"VAN NUYS, CA",0.8875,High,0.0746,0.0746,0.0,0.7241,Residential,0.3185,High,2026-03-09T15:19:40.238680+00:00
06037127910,"VAN NUYS, CA",0.8719,High,0.2818,0.2818,0.0,0.6881,Residential,0.4588,High,2026-03-09T15:21:55.932591+00:00
06037127920,"VAN NUYS, CA",0.8652,High,0.0211,0.0211,0.0,0.9311,Residential,0.2743,High,2026-03-09T15:24:30.109683+00:00
06037128101,"VAN NUYS, CA",0.8766,High,0.0322,0.0322,0.0,0.9605,Residential,0.2855,High,2026-03-09T15:21:46.989248+00:00
06037128102,"VAN NUYS, CA",0.8904,High,0.0255,0.0255,0.0,0.785,Residential,0.2849,High,2026-03-09T15:19:21.102374+00:00
06037128210,"VAN NUYS, CA",0.8824,High,0.1266,0.0853,0.0413,0.4742,Residential,0.3533,High,2026-03-09T15:20:08.202606+00:00
06037128302,"VAN NUYS, CA",0.8814,High,0.3076,0.0606,0.2471,0.4915,Residential,0.4798,High,2026-03-09T15:20:32.172905+00:00
06037128303,"VAN NUYS, CA",0.9056,High,0.1842,0.0827,0.1015,0.5045,Residential,0.4006,High,2026-03-09T15:14:35.548349+00:00
06037131022,"RESEDA, CA",0.8438,High,0.0,0.0,0.0,0.7193,Residential,0.2532,High,2026-03-09T15:29:02.126154+00:00
06037131023,"RESEDA, CA",0.8413,High,0.0174,0.0174,0.0,0.6742,Residential,0.2646,High,2026-03-09T15:30:40.597774+00:00
06037131200,"NORTHRIDGE, CA",0.8393,High,0.0085,0.0085,0.0,0.8158,Residential,0.2578,High,2026-03-09T15:32:53.997224+00:00
06037131300,"NORTHRIDGE, CA",0.8589,High,0.0267,0.0267,0.0,0.9318,Residential,0.2764,High,2026-03-09T15:27:55.574959+00:00
06037131701,"RESEDA, CA",0.8674,High,0.0083,0.0083,0.0,0.8423,Residential,0.266,High,2026-03-09T15:23:34.536682+00:00
06037131702,"RESEDA, CA",0.8583,High,0.0073,0.0073,0.0,0.9361,Residential,0.2626,High,2026-03-09T15:26:18.620297+00:00
06037131801,"RESEDA, CA",0.8398,High,0.0539,0.0524,0.0,0.6224,Residential,0.2897,High,2026-03-09T15:30:40.274211+00:00
06037131802,"RESEDA, CA",0.8368,High,0.0316,0.0316,0.0,0.9545,Residential,0.2732,High,2026-03-09T15:32:17.382949+00:00
06037131900,"VAN NUYS, CA",0.8644,High,0.0789,0.0789,0.0,0.8774,Residential,0.3145,High,2026-03-09T15:26:54.882761+00:00
06037132001,"VAN NUYS, CA",0.8645,High,0.0173,0.0173,0.0,0.6985,Residential,0.2715,High,2026-03-09T15:25:29.440807+00:00
06037132101,"VAN NUYS, CA",0.8723,High,0.0786,0.023,0.0076,0.6356,Residential,0.3167,High,2026-03-09T15:23:03.412204+00:00
06037132302,"RESEDA, CA",0.8417,High,0.0172,0.0172,0.0,0.7185,Residential,0.2645,High,2026-03-09T15:30:38.808291+00:00
06037132501,"RESEDA, CA",0.8681,High,0.013,0.013,0.0,0.6792,Residential,0.2695,High,2026-03-09T15:23:58.743777+00:00
06037133000,"RESEDA, CA",0.8535,High,0.0462,0.0462,0.0,0.5959,Residential,0.2884,High,2026-03-09T15:28:57.815084+00:00
06037133102,"RESEDA, CA",0.838,High,0.0367,0.0156,0.0181,0.3527,Other,0.2771,High,2026-03-09T15:31:28.751518+00:00
06037134104,"WINNETKA, CA",0.8542,High,0.071,0.071,0.0,0.9238,Residential,0.306,High,2026-03-09T15:27:28.416752+00:00
06037134304,"WEST HILLS, CA",0.857,High,0.0443,0.0443,0.0,0.7161,Residential,0.2881,High,2026-03-09T15:26:33.255686+00:00
06037134305,"CANOGA PARK, CA",0.8685,High,0.4504,0.0917,0.3453,0.2915,Industrial,0.5758,High,2026-03-09T15:22:08.527205+00:00
06037134306,"CANOGA PARK, CA",0.863,High,0.3905,0.009,0.3815,0.6027,Residential,0.5323,High,2026-03-09T15:24:06.276313+00:00
06037134720,"WINNETKA, CA",0.8499,High,0.0789,0.0789,0.0,0.7084,Residential,0.3102,High,2026-03-09T15:28:43.330651+00:00
06037134802,"WINNETKA, CA",0.8248,High,0.0793,0.0793,0.0,0.559,Residential,0.3029,High,2026-03-09T15:35:15.322888+00:00
06037134906,"CANOGA PARK, CA",0.8889,High,0.0,0.0,0.0,0.0,Other,0.2667,High,2026-03-09T15:18:18.436600+00:00
06037134907,CA,0.8544,High,0.0,0.0,0.0,0.0,Other,0.2563,High,2026-03-09T15:25:27.830381+00:00
06037135113,"WOODLAND HILLS, CA",0.8557,High,0.0,0.0,0.0,0.4416,Other,0.2567,High,2026-03-09T15:25:02.944131+00:00
06037135116,"CANOGA PARK, CA",0.8446,High,0.0,0.0,0.0,0.0,Other,0.2534,High,2026-03-09T15:27:57.963850+00:00
06037139302,"TARZANA, CA",0.8866,High,0.1546,0.0194,0.0843,0.739,Residential,0.3742,High,2026-03-09T15:18:36.883492+00:00
06037139504,"ENCINO, CA",0.8895,High,0.0993,0.0934,0.0,0.9007,Residential,0.3363,High,2026-03-09T15:18:11.017089+00:00
06037139505,"ENCINO, CA",0.8875,High,0.1077,0.1077,0.0,0.8754,Residential,0.3416,High,2026-03-09T15:18:25.122307+00:00
06037139506,"ENCINO, CA",0.8895,High,0.1134,0.1134,0.0,0.8866,Residential,0.3462,High,2026-03-09T15:18:06.789938+00:00
06037141303,"SHERMAN OAKS, CA",0.9017,High,0.1481,0.1481,0.0,0.8355,Residential,0.3742,High,2026-03-09T15:15:17.209453+00:00
06037183520,"LOS ANGELES, CA",0.9254,High,0.0016,0.0016,0.0,0.5056,Residential,0.2787,High,2026-03-09T15:02:36.689285+00:00
06037189101,"LOS ANGELES, CA",0.9633,High,0.1093,0.1093,0.0,0.8722,Residential,0.3655,High,2026-03-09T14:51:12.068492+00:00
06037189201,"LOS ANGELES, CA",0.977,High,0.0334,0.0334,0.0,0.8944,Residential,0.3165,High,2026-03-09T14:45:48.868142+00:00
06037189802,"LOS ANGELES, CA",0.9744,High,0.0739,0.0739,0.0,0.8666,Residential,0.344,High,2026-03-09T14:46:56.707086+00:00
06037189903,"LOS ANGELES, CA",0.9927,High,0.0,0.0,0.0,1.0,Residential,0.2978,High,2026-03-09T14:38:27.151859+00:00
06037189904,"LOS ANGELES, CA",0.9981,High,0.1073,0.1073,0.0,0.8765,Residential,0.3746,High,2026-03-09T14:33:48.451052+00:00
06037189905,"LOS ANGELES, CA",0.9804,High,0.0087,0.0087,0.0,0.8713,Residential,0.3002,High,2026-03-09T14:44:08.547144+00:00
06037189906,"LOS ANGELES, CA",0.9972,High,0.109,0.109,0.0,0.8737,Residential,0.3755,High,2026-03-09T14:35:37.363957+00:00
06037189907,"LOS ANGELES, CA",0.9839,High,0.068,0.068,0.0,0.8565,Residential,0.3428,High,2026-03-09T14:42:53.805454+00:00
06037190102,"LOS ANGELES, CA",0.9795,High,0.2387,0.2387,0.0,0.4885,Residential,0.461,High,2026-03-09T14:44:40.477604+00:00
06037190303,"LOS ANGELES, CA",0.9965,High,0.0051,0.0051,0.0,0.9949,Residential,0.3025,High,2026-03-09T14:36:19.244770+00:00
06037190401,"LOS ANGELES, CA",0.9774,High,0.0614,0.0614,0.0,0.9386,Residential,0.3362,High,2026-03-09T14:45:01.241208+00:00
06037190402,"LOS ANGELES, CA",0.9755,High,0.1101,0.1101,0.0,0.8899,Residential,0.3697,High,2026-03-09T14:45:46.271387+00:00
06037190520,"LOS ANGELES, CA",0.974,High,0.163,0.163,0.0,0.837,Residential,0.4063,High,2026-03-09T14:46:39.743940+00:00
06037190702,"LOS ANGELES, CA",0.9828,High,0.2006,0.2006,0.0,0.6309,Residential,0.4353,High,2026-03-09T14:43:17.365398+00:00
06037190801,"LOS ANGELES, CA",0.993,High,0.3935,0.3697,0.0,0.5783,Residential,0.5733,High,2026-03-09T14:38:59.818481+00:00
06037190902,"LOS ANGELES, CA",0.9916,High,0.346,0.0519,0.2942,0.5355,Residential,0.5397,High,2026-03-09T14:40:01.118169+00:00
06037191110,"LOS ANGELES, CA",0.9802,High,0.3727,0.3727,0.0,0.6273,Residential,0.5549,High,2026-03-09T14:44:09.867341+00:00
06037191203,"LOS ANGELES, CA",0.9406,High,0.2215,0.2215,0.0,0.7785,Residential,0.4372,High,2026-03-09T14:57:39.057293+00:00
06037191204,"LOS ANGELES, CA",0.9343,High,0.0492,0.0492,0.0,0.8711,Residential,0.3148,High,2026-03-09T14:59:04.135389+00:00
06037191302,"LOS ANGELES, CA",0.9738,High,0.6646,0.6646,0.0,0.3354,Commercial,0.7573,High,2026-03-09T14:47:02.883356+00:00
06037191410,"LOS ANGELES, CA",0.941,High,0.1274,0.1274,0.0,0.8042,Residential,0.3715,High,2026-03-09T14:57:36.691050+00:00
06037191420,"LOS ANGELES, CA",0.9462,High,0.1228,0.1228,0.0,0.7645,Residential,0.3698,High,2026-03-09T14:56:07.863531+00:00
06037191720,"LOS ANGELES, CA",0.9739,High,0.1206,0.1206,0.0,0.7295,Residential,0.3766,High,2026-03-09T14:46:53.851096+00:00
06037191810,"LOS ANGELES, CA",0.9541,High,0.1635,0.1204,0.0431,0.5137,Residential,0.4007,High,2026-03-09T14:54:01.703283+00:00
06037191820,"LOS ANGELES, CA",0.9557,High,0.2935,0.217,0.0765,0.5559,Residential,0.4921,High,2026-03-09T14:53:25.449233+00:00
06037192001,"WEST HOLLYWOOD, CA",0.9943,High,0.1228,0.0863,0.0365,0.6207,Residential,0.3842,High,2026-03-09T14:39:35.536999+00:00
06037192510,"LOS ANGELES, CA",0.9622,High,0.1503,0.1503,0.0,0.8497,Residential,0.3939,High,2026-03-09T14:51:39.009768+00:00
06037192520,"LOS ANGELES, CA",0.9685,High,0.0567,0.0549,0.0,0.9433,Residential,0.3302,High,2026-03-09T14:48:55.424985+00:00
06037192620,"LOS ANGELES, CA",0.9521,High,0.1433,0.1433,0.0,0.7801,Residential,0.386,High,2026-03-09T14:54:04.418162+00:00
06037195803,"LOS ANGELES, CA",0.9476,High,0.1051,0.0653,0.0,0.8683,Residential,0.3578,High,2026-03-09T14:56:23.881411+00:00
06037199801,"LOS ANGELES, CA",0.9172,High,0.0,0.0,0.0,0.896,Residential,0.2752,High,2026-03-09T15:07:52.647076+00:00
06037199802,"LOS ANGELES, CA",0.9094,High,0.0,0.0,0.0,0.6309,Residential,0.2728,High,2026-03-09T15:12:21.625523+00:00
06037203710,"LOS ANGELES, CA",0.9289,High,0.0518,0.0518,0.0,0.9143,Residential,0.3149,High,2026-03-09T15:00:41.075413+00:00
06037203720,"LOS ANGELES, CA",0.928,High,0.1689,0.1689,0.0,0.8242,Residential,0.3966,High,2026-03-09T15:01:17.355234+00:00
06037204200,"LOS ANGELES, CA",0.9269,High,0.2348,0.2348,0.0,0.7503,Residential,0.4425,High,2026-03-09T15:01:36.799465+00:00
06037204420,"LOS ANGELES, CA",0.9245,High,0.2614,0.2175,0.0,0.6223,Residential,0.4604,High,2026-03-09T15:02:32.992297+00:00
06037206201,"LOS ANGELES, CA",0.9813,High,0.0,0.0,0.0,0.0,Other,0.2944,High,2026-03-09T14:43:45.806385+00:00
06037206301,"LOS ANGELES, CA",0.9886,High,0.0,0.0,0.0,0.0,Other,0.2966,High,2026-03-09T14:40:40.961839+00:00
06037206302,"LOS ANGELES, CA",0.9983,High,0.0,0.0,0.0,0.0,Other,0.2995,High,2026-03-09T14:33:09.213331+00:00
06037207303,"LOS ANGELES, CA",0.9911,High,0.0,0.0,0.0,0.0,Other,0.2973,High,2026-03-09T14:39:35.204445+00:00
06037207304,"LOS ANGELES, CA",0.9982,High,0.0,0.0,0.0,0.0,Other,0.2995,High,2026-03-09T14:33:27.254027+00:00
06037207305,"LOS ANGELES, CA",0.9918,High,0.0,0.0,0.0,0.0,Other,0.2975,High,2026-03-09T14:39:06.907435+00:00
06037207306,"LOS ANGELES, CA",0.9837,High,0.0,0.0,0.0,0.0,Other,0.2951,High,2026-03-09T14:42:43.199480+00:00
06037207307,"LOS ANGELES, CA",0.9976,High,0.0,0.0,0.0,0.0,Other,0.2993,High,2026-03-09T14:34:26.107419+00:00
06037207308,"LOS ANGELES, CA",0.9893,High,0.0,0.0,0.0,0.0,Other,0.2968,High,2026-03-09T14:40:06.529609+00:00
06037207501,"LOS ANGELES, CA",0.9672,High,0.0,0.0,0.0,0.0,Other,0.2902,High,2026-03-09T14:48:26.317094+00:00
06037207712,"LOS ANGELES, CA",0.9989,High,0.0,0.0,0.0,0.0,Other,0.2997,High,2026-03-09T14:32:37.423870+00:00
06037207901,"LOS ANGELES, CA",0.9748,High,0.0,0.0,0.0,0.0,Other,0.2924,High,2026-03-09T14:45:57.526510+00:00
06037208401,"LOS ANGELES, CA",0.9879,High,0.3591,0.3197,0.0,0.5088,Residential,0.5477,High,2026-03-09T14:41:07.754101+00:00
06037208501,"LOS ANGELES, CA",0.9663,High,0.1763,0.1763,0.0,0.8237,Residential,0.4133,High,2026-03-09T14:49:23.991144+00:00
06037208620,"LOS ANGELES, CA",0.9663,High,0.1305,0.0829,0.0,0.8366,Residential,0.3812,High,2026-03-09T14:49:38.833746+00:00
06037208710,"LOS ANGELES, CA",0.9717,High,0.1236,0.1236,0.0,0.8764,Residential,0.378,High,2026-03-09T14:47:05.602896+00:00
06037208720,"LOS ANGELES, CA",0.9536,High,0.3938,0.3938,0.0,0.6062,Residential,0.5617,High,2026-03-09T14:53:30.667848+00:00
06037208801,"LOS ANGELES, CA",0.941,High,0.1838,0.1838,0.0,0.2057,Other,0.4109,High,2026-03-09T14:57:05.202708+00:00
06037208802,"LOS ANGELES, CA",0.9412,High,0.2604,0.2604,0.0,0.6869,Residential,0.4646,High,2026-03-09T14:57:16.570789+00:00
06037208902,"LOS ANGELES, CA",0.9718,High,0.4843,0.4843,0.0,0.0692,Commercial,0.6305,High,2026-03-09T14:47:05.472792+00:00
06037208903,"LOS ANGELES, CA",0.9558,High,0.6105,0.6105,0.0,0.3895,Commercial,0.7141,High,2026-03-09T14:52:44.783176+00:00
06037208904,"LOS ANGELES, CA",0.9881,High,0.2281,0.2281,0.0,0.7719,Residential,0.4561,High,2026-03-09T14:40:54.133664+00:00
06037209103,"LOS ANGELES, CA",0.9781,High,0.0466,0.0466,0.0,0.2743,Other,0.326,High,2026-03-09T14:44:41.265491+00:00
06037209104,"LOS ANGELES, CA",0.9846,High,0.2809,0.2809,0.0,0.7191,Residential,0.492,High,2026-03-09T14:42:19.840864+00:00
06037209105,"LOS ANGELES, CA",0.9843,High,0.0951,0.0951,0.0,0.5698,Residential,0.3619,High,2026-03-09T14:42:24.706442+00:00
06037209106,"LOS ANGELES, CA",0.9528,High,0.0,0.0,0.0,0.0,Other,0.2858,High,2026-03-09T14:53:39.444471+00:00
06037209401,"LOS ANGELES, CA",0.9679,High,0.5869,0.5869,0.0,0.4131,Commercial,0.7012,High,2026-03-09T14:48:32.798343+00:00
06037209402,"LOS ANGELES, CA",0.9684,High,0.6415,0.6415,0.0,0.3585,Commercial,0.7396,High,2026-03-09T14:48:08.482290+00:00
06037209403,"LOS ANGELES, CA",0.9964,High,0.3143,0.3143,0.0,0.6857,Residential,0.5189,High,2026-03-09T14:36:16.437113+00:00
06037209510,"LOS ANGELES, CA",0.9369,High,0.5232,0.4672,0.0,0.4768,Residential,0.6473,High,2026-03-09T14:58:13.780050+00:00
06037209520,"LOS ANGELES, CA",0.9789,High,0.5296,0.5161,0.0,0.456,Commercial,0.6644,High,2026-03-09T14:44:36.273210+00:00
06037209810,"LOS ANGELES, CA",0.9429,High,0.4973,0.4973,0.0,0.5027,Residential,0.6309,High,2026-03-09T14:56:36.858879+00:00
06037209820,"LOS ANGELES, CA",0.9824,High,0.1958,0.1958,0.0,0.7831,Residential,0.4318,High,2026-03-09T14:43:34.154114+00:00
06037211122,"LOS ANGELES, CA",0.9572,High,0.47,0.2672,0.1795,0.3752,Residential,0.6161,High,2026-03-09T14:52:33.250403+00:00
06037211123,CA,0.9747,High,0.7197,0.7197,0.0,0.0,Commercial,0.7962,High,2026-03-09T14:45:54.340965+00:00
06037211124,"LOS ANGELES, CA",0.9287,High,0.4713,0.4053,0.0,0.384,Commercial,0.6085,High,2026-03-09T15:00:02.781627+00:00
06037211201,"LOS ANGELES, CA",0.9607,High,0.0585,0.0585,0.0,0.9415,Residential,0.3292,High,2026-03-09T14:51:35.318471+00:00
06037211202,"LOS ANGELES, CA",0.9525,High,0.1842,0.1842,0.0,0.8158,Residential,0.4147,High,2026-03-09T14:53:54.857903+00:00
06037211310,"LOS ANGELES, CA",0.9771,High,0.0919,0.0919,0.0,0.9081,Residential,0.3575,High,2026-03-09T14:45:14.117143+00:00
06037211320,"LOS ANGELES, CA",0.9711,High,0.0445,0.0445,0.0,0.9555,Residential,0.3225,High,2026-03-09T14:47:36.344242+00:00
06037211410,"LOS ANGELES, CA",0.9626,High,0.3687,0.3687,0.0,0.6313,Residential,0.5469,High,2026-03-09T14:51:07.159016+00:00
06037211420,"LOS ANGELES, CA",0.9587,High,0.0805,0.0563,0.0,0.8766,Residential,0.344,High,2026-03-09T14:52:45.241074+00:00
06037211703,"LOS ANGELES, CA",0.9599,High,0.1148,0.1148,0.0,0.8852,Residential,0.3683,High,2026-03-09T14:51:38.716528+00:00
06037211704,"LOS ANGELES, CA",0.9748,High,0.2842,0.2842,0.0,0.7158,Residential,0.4914,High,2026-03-09T14:46:04.664617+00:00
06037211802,"LOS ANGELES, CA",0.9711,High,0.4835,0.4835,0.0,0.5165,Residential,0.6298,High,2026-03-09T14:47:35.092823+00:00
06037211803,"LOS ANGELES, CA",0.9577,High,0.0754,0.0754,0.0,0.9246,Residential,0.3401,High,2026-03-09T14:52:04.635501+00:00
06037211804,"LOS ANGELES, CA",0.9475,High,0.1385,0.1145,0.0,0.8615,Residential,0.3812,High,2026-03-09T14:55:17.344078+00:00
06037211910,"LOS ANGELES, CA",0.9638,High,0.1492,0.1492,0.0,0.8508,Residential,0.3936,High,2026-03-09T14:50:02.529823+00:00
06037211921,"LOS ANGELES, CA",0.9607,High,0.3759,0.3759,0.0,0.6241,Residential,0.5513,High,2026-03-09T14:51:13.502447+00:00
06037211922,"LOS ANGELES, CA",0.9739,High,0.1277,0.1277,0.0,0.8723,Residential,0.3815,High,2026-03-09T14:46:17.712421+00:00
06037212101,"LOS ANGELES, CA",0.9747,High,0.5098,0.5098,0.0,0.4418,Commercial,0.6493,High,2026-03-09T14:46:04.068496+00:00
06037212102,"LOS ANGELES, CA",0.9793,High,0.5529,0.5529,0.0,0.3481,Commercial,0.6808,High,2026-03-09T14:44:14.454344+00:00
06037212202,"LOS ANGELES, CA",0.9547,High,0.3421,0.3421,0.0,0.5636,Residential,0.5259,High,2026-03-09T14:53:19.759101+00:00
06037212203,"LOS ANGELES, CA",0.9754,High,0.7496,0.7496,0.0,0.2504,Commercial,0.8173,High,2026-03-09T14:45:46.883007+00:00
06037212204,"LOS ANGELES, CA",0.9714,High,0.5849,0.5849,0.0,0.3976,Commercial,0.7009,High,2026-03-09T14:47:24.830746+00:00
06037212303,"LOS ANGELES, CA",0.9737,High,0.347,0.347,0.0,0.5675,Residential,0.535,High,2026-03-09T14:46:25.716956+00:00
06037212304,"LOS ANGELES, CA",0.9556,High,0.3735,0.3735,0.0,0.6265,Residential,0.5482,High,2026-03-09T14:52:45.996808+00:00
06037212305,"LOS ANGELES, CA",0.9669,High,0.1485,0.1485,0.0,0.8515,Residential,0.394,High,2026-03-09T14:48:52.978442+00:00
06037212306,"LOS ANGELES, CA",0.9576,High,0.2166,0.2166,0.0,0.7834,Residential,0.4389,High,2026-03-09T14:52:22.214816+00:00
06037212410,"LOS ANGELES, CA",0.9743,High,0.3415,0.3415,0.0,0.6585,Residential,0.5314,High,2026-03-09T14:46:08.577941+00:00
06037212420,"LOS ANGELES, CA",0.962,High,0.1368,0.1368,0.0,0.8632,Residential,0.3844,High,2026-03-09T14:51:01.734727+00:00
06037212501,"LOS ANGELES, CA",0.9672,High,0.1325,0.1325,0.0,0.8675,Residential,0.3829,High,2026-03-09T14:48:36.229807+00:00
06037212502,"LOS ANGELES, CA",0.9631,High,0.5354,0.5354,0.0,0.3246,Commercial,0.6637,High,2026-03-09T14:50:24.326320+00:00
06037212610,"LOS ANGELES, CA",0.9568,High,0.1484,0.1484,0.0,0.7092,Residential,0.391,High,2026-03-09T14:52:58.157686+00:00
06037212620,"LOS ANGELES, CA",0.9652,High,0.03,0.03,0.0,0.9017,Residential,0.3105,High,2026-03-09T14:50:04.666787+00:00
06037212900,"LOS ANGELES, CA",0.9363,High,0.031,0.031,0.0,0.4426,Other,0.3026,High,2026-03-09T14:58:53.050760+00:00
06037213202,"LOS ANGELES, CA",0.927,High,0.0707,0.0707,0.0,0.8522,Residential,0.3276,High,2026-03-09T15:01:44.886615+00:00
06037213320,"LOS ANGELES, CA",0.9242,High,0.2049,0.1677,0.0,0.6532,Residential,0.4207,High,2026-03-09T15:02:42.251102+00:00
06037213401,"LOS ANGELES, CA",0.9506,High,0.1426,0.1426,0.0,0.8574,Residential,0.385,High,2026-03-09T14:54:19.187817+00:00
06037214000,"LOS ANGELES, CA",0.9486,High,0.111,0.111,0.0,0.7324,Residential,0.3623,High,2026-03-09T14:57:57.463624+00:00
06037214400,"LOS ANGELES, CA",0.9561,High,0.0103,0.0103,0.0,0.2017,Other,0.294,High,2026-03-09T14:53:35.385927+00:00
06037214600,"LOS ANGELES, CA",0.9884,High,0.0467,0.0467,0.0,0.4975,Residential,0.3292,High,2026-03-09T14:42:27.734884+00:00
06037214700,"LOS ANGELES, CA",0.9884,High,0.0214,0.0214,0.0,0.1633,Other,0.3115,High,2026-03-09T14:42:46.215023+00:00
06037214904,"WEST HOLLYWOOD, CA",0.9812,High,0.0342,0.0342,0.0,0.4157,Other,0.3183,High,2026-03-09T14:43:57.094296+00:00
06037215102,"LOS ANGELES, CA",0.9631,High,0.2488,0.2488,0.0,0.6701,Residential,0.4631,High,2026-03-09T14:50:43.101662+00:00
06037216401,"LOS ANGELES, CA",0.9446,High,0.0195,0.0195,0.0,0.7384,Residential,0.297,High,2026-03-09T14:57:14.380920+00:00
06037216402,"LOS ANGELES, CA",0.9508,High,0.0068,0.0068,0.0,0.6454,Residential,0.29,High,2026-03-09T14:54:40.971942+00:00
06037217101,"LOS ANGELES, CA",0.9223,High,0.0151,0.0151,0.0,0.1456,Other,0.2873,High,2026-03-09T15:04:21.907412+00:00
06037217102,"LOS ANGELES, CA",0.9185,High,0.0187,0.0187,0.0,0.3163,Other,0.2887,High,2026-03-09T15:07:35.503581+00:00
06037218120,"LOS ANGELES, CA",0.9379,High,0.0253,0.0253,0.0,0.3186,Other,0.2991,High,2026-03-09T14:59:04.342800+00:00
06037218210,"LOS ANGELES, CA",0.9509,High,0.035,0.035,0.0,0.1571,Other,0.3097,High,2026-03-09T14:55:23.679456+00:00
06037219010,"LOS ANGELES, CA",0.9118,High,0.03,0.03,0.0,0.2464,Other,0.2946,High,2026-03-09T15:11:49.567105+00:00
06037219300,"LOS ANGELES, CA",0.9307,High,0.294,0.294,0.0,0.6609,Residential,0.485,High,2026-03-09T15:01:10.331424+00:00
06037219800,"LOS ANGELES, CA",0.927,High,0.1978,0.1978,0.0,0.7075,Residential,0.4165,High,2026-03-09T15:02:08.235853+00:00
06037221110,"LOS ANGELES, CA",0.9346,High,0.216,0.216,0.0,0.735,Residential,0.4316,High,2026-03-09T14:58:58.419361+00:00
06037221120,"LOS ANGELES, CA",0.9565,High,0.1947,0.1947,0.0,0.6516,Residential,0.4233,High,2026-03-09T14:53:09.642878+00:00
06037221302,"LOS ANGELES, CA",0.9498,High,0.2254,0.2254,0.0,0.7207,Residential,0.4427,High,2026-03-09T14:55:28.655871+00:00
06037221303,"LOS ANGELES, CA",0.9479,High,0.2163,0.2163,0.0,0.7665,Residential,0.4358,High,2026-03-09T14:55:27.272138+00:00
06037221304,"LOS ANGELES, CA",0.9476,High,0.0275,0.0275,0.0,0.4572,Other,0.3036,High,2026-03-09T14:55:14.406139+00:00
06037221401,"LOS ANGELES, CA",0.9138,High,0.0052,0.0052,0.0,0.3349,Other,0.2778,High,2026-03-09T15:09:39.501018+00:00
06037221500,"LOS ANGELES, CA",0.9519,High,0.1599,0.1599,0.0,0.7816,Residential,0.3975,High,2026-03-09T14:54:34.235175+00:00
06037221601,"LOS ANGELES, CA",0.9505,High,0.0468,0.0468,0.0,0.903,Residential,0.3179,High,2026-03-09T14:55:15.395037+00:00
06037221810,"LOS ANGELES, CA",0.9478,High,0.0538,0.0538,0.0,0.1998,Other,0.322,High,2026-03-09T14:55:35.104002+00:00
06037221820,"LOS ANGELES, CA",0.9604,High,0.0,0.0,0.0,0.4598,Other,0.2881,High,2026-03-09T14:51:46.641971+00:00
06037222001,"LOS ANGELES, CA",0.9103,High,0.0087,0.0087,0.0,0.1739,Other,0.2792,High,2026-03-09T15:12:51.727838+00:00
06037224310,"LOS ANGELES, CA",0.9297,High,0.2747,0.2116,0.0,0.6837,Residential,0.4712,High,2026-03-09T14:59:42.240067+00:00
06037224320,"LOS ANGELES, CA",0.988,High,0.3445,0.269,0.0656,0.6318,Residential,0.5376,High,2026-03-09T14:41:21.788790+00:00
06037224701,"LOS ANGELES, CA",0.9554,High,0.0,0.0,0.0,0.1474,Other,0.2866,High,2026-03-09T14:52:55.971054+00:00
06037226410,"LOS ANGELES, CA",0.9254,High,0.1995,0.1995,0.0,0.6237,Residential,0.4172,High,2026-03-09T15:02:05.381657+00:00
06037226420,"LOS ANGELES, CA",0.9252,High,0.1096,0.1096,0.0,0.8804,Residential,0.3543,High,2026-03-09T15:02:41.903163+00:00
06037226701,"LOS ANGELES, CA",0.9067,High,0.1166,0.1166,0.0,0.6474,Residential,0.3537,High,2026-03-09T15:14:25.210113+00:00
06037227020,"LOS ANGELES, CA",0.9166,High,0.2789,0.162,0.1169,0.5027,Residential,0.4702,High,2026-03-09T15:08:23.763603+00:00
06037228210,"LOS ANGELES, CA",0.921,High,0.0812,0.0812,0.0,0.6452,Residential,0.3331,High,2026-03-09T15:04:56.780301+00:00
06037228220,"LOS ANGELES, CA",0.9258,High,0.1444,0.1444,0.0,0.8389,Residential,0.3788,High,2026-03-09T15:02:34.798514+00:00
06037228310,"LOS ANGELES, CA",0.9156,High,0.1527,0.1527,0.0,0.5461,Residential,0.3816,High,2026-03-09T15:09:21.154503+00:00
06037228320,"LOS ANGELES, CA",0.9189,High,0.0853,0.0853,0.0,0.588,Residential,0.3354,High,2026-03-09T15:06:23.544117+00:00
06037228410,"LOS ANGELES, CA",0.9244,High,0.0123,0.0123,0.0,0.8237,Residential,0.2859,High,2026-03-09T15:02:54.615286+00:00
06037228420,"LOS ANGELES, CA",0.9329,High,0.1679,0.1679,0.0,0.7045,Residential,0.3974,High,2026-03-09T14:59:34.005565+00:00
06037228500,"LOS ANGELES, CA",0.9307,High,0.2356,0.2356,0.0,0.7604,Residential,0.4441,High,2026-03-09T15:00:54.559661+00:00
06037228600,"LOS ANGELES, CA",0.9192,High,0.1381,0.1381,0.0,0.7134,Residential,0.3725,High,2026-03-09T15:06:53.119294+00:00
06037229100,"LOS ANGELES, CA",0.9198,High,0.1051,0.081,0.0241,0.8118,Residential,0.3495,High,2026-03-09T15:06:41.073621+00:00
06037229200,"LOS ANGELES, CA",0.9207,High,0.0965,0.0965,0.0,0.8189,Residential,0.3438,High,2026-03-09T15:05:35.384482+00:00
06037229300,"LOS ANGELES, CA",0.9316,High,0.1054,0.1054,0.0,0.6985,Residential,0.3532,High,2026-03-09T15:00:32.039211+00:00
06037231210,"LOS ANGELES, CA",0.9596,High,0.0087,0.0087,0.0,0.9374,Residential,0.294,High,2026-03-09T14:52:30.231980+00:00
06037231301,"LOS ANGELES, CA",0.9303,High,0.0171,0.0171,0.0,0.8594,Residential,0.2911,High,2026-03-09T15:00:13.142600+00:00
06037231400,"LOS ANGELES, CA",0.9198,High,0.0525,0.0525,0.0,0.9405,Residential,0.3127,High,2026-03-09T15:07:18.118146+00:00
06037231601,"LOS ANGELES, CA",0.9148,High,0.0488,0.0488,0.0,0.9512,Residential,0.3086,High,2026-03-09T15:09:11.121753+00:00
06037231602,"LOS ANGELES, CA",0.9056,High,0.0196,0.0196,0.0,0.9754,Residential,0.2854,High,2026-03-09T15:14:41.133496+00:00
06037231603,"LOS ANGELES, CA",0.9114,High,0.1363,0.1363,0.0,0.5647,Residential,0.3689,High,2026-03-09T15:11:02.021153+00:00
06037231800,"LOS ANGELES, CA",0.9263,High,0.2408,0.2408,0.0,0.6243,Residential,0.4465,High,2026-03-09T15:02:31.417012+00:00
06037231901,"LOS ANGELES, CA",0.9213,High,0.1407,0.1407,0.0,0.8448,Residential,0.3749,High,2026-03-09T15:04:16.412322+00:00
06037231902,"LOS ANGELES, CA",0.9127,High,0.212,0.212,0.0,0.7561,Residential,0.4222,High,2026-03-09T15:10:38.774317+00:00
06037232110,"LOS ANGELES, CA",0.9188,High,0.1488,0.1488,0.0,0.6053,Residential,0.3798,High,2026-03-09T15:06:50.273913+00:00
06037232120,"LOS ANGELES, CA",0.9221,High,0.2002,0.2002,0.0,0.6932,Residential,0.4168,High,2026-03-09T15:04:42.595535+00:00
06037232200,"LOS ANGELES, CA",0.9217,High,0.0969,0.0969,0.0,0.7076,Residential,0.3443,High,2026-03-09T15:04:52.547692+00:00
06037232300,"LOS ANGELES, CA",0.9237,High,0.0807,0.0807,0.0,0.8097,Residential,0.3336,High,2026-03-09T15:04:40.859489+00:00
06037232401,"LOS ANGELES, CA",0.8995,High,0.1304,0.1304,0.0,0.789,Residential,0.3611,High,2026-03-09T15:17:44.520348+00:00
06037232402,"LOS ANGELES, CA",0.8974,High,0.0667,0.0667,0.0,0.9296,Residential,0.3159,High,2026-03-09T15:18:09.626715+00:00
06037232602,"LOS ANGELES, CA",0.9202,High,0.101,0.101,0.0,0.8518,Residential,0.3467,High,2026-03-09T15:06:37.528036+00:00
06037232701,"LOS ANGELES, CA",0.9203,High,0.1549,0.1549,0.0,0.7947,Residential,0.3845,High,2026-03-09T15:05:23.604185+00:00
06037232800,"LOS ANGELES, CA",0.9228,High,0.1465,0.1465,0.0,0.7981,Residential,0.3794,High,2026-03-09T15:04:21.240195+00:00
06037234901,"LOS ANGELES, CA",0.9239,High,0.2197,0.1273,0.0924,0.6274,Residential,0.4309,High,2026-03-09T15:02:51.431704+00:00
06037234902,"LOS ANGELES, CA",0.9229,High,0.097,0.097,0.0,0.8975,Residential,0.3448,High,2026-03-09T15:03:51.600478+00:00
06037236206,"LOS ANGELES, CA",0.9343,High,0.2179,0.2179,0.0,0.5138,Residential,0.4328,High,2026-03-09T14:58:33.710902+00:00
06037237201,"LOS ANGELES, CA",0.9215,High,0.0974,0.0974,0.0,0.8904,Residential,0.3446,High,2026-03-09T15:05:24.612184+00:00
06037237402,"LOS ANGELES, CA",0.9171,High,0.1178,0.1178,0.0,0.874,Residential,0.3576,High,2026-03-09T15:09:19.131548+00:00
06037237710,"LOS ANGELES, CA",0.925,High,0.2948,0.2948,0.0,0.6582,Residential,0.4839,High,2026-03-09T15:02:46.676595+00:00
06037237720,"LOS ANGELES, CA",0.9267,High,0.1842,0.1842,0.0,0.6463,Residential,0.407,High,2026-03-09T15:01:39.428742+00:00
06037238310,"LOS ANGELES, CA",0.9292,High,0.1378,0.1378,0.0,0.852,Residential,0.3752,High,2026-03-09T15:00:38.814567+00:00
06037239201,CA,0.9116,High,0.2692,0.2179,0.0514,0.6392,Residential,0.4619,High,2026-03-09T15:11:48.683856+00:00
06037239310,"LOS ANGELES, CA",0.911,High,0.164,0.164,0.0,0.6537,Residential,0.3881,High,2026-03-09T15:12:16.445723+00:00
06037239320,"LOS ANGELES, CA",0.9141,High,0.1007,0.1007,0.0,0.8816,Residential,0.3447,High,2026-03-09T15:10:06.547027+00:00
06037239501,"LOS ANGELES, CA",0.9148,High,0.1287,0.1287,0.0,0.8102,Residential,0.3645,High,2026-03-09T15:09:58.212073+00:00
06037239601,"LOS ANGELES, CA",0.9128,High,0.2404,0.2404,0.0,0.6505,Residential,0.4421,High,2026-03-09T15:11:05.899821+00:00
06037239602,"LOS ANGELES, CA",0.9184,High,0.1592,0.1592,0.0,0.764,Residential,0.387,High,2026-03-09T15:07:05.085094+00:00
06037239701,"LOS ANGELES, CA",0.9192,High,0.1109,0.1109,0.0,0.8673,Residential,0.3534,High,2026-03-09T15:06:48.447075+00:00
06037239702,"LOS ANGELES, CA",0.9151,High,0.3607,0.3607,0.0,0.6334,Residential,0.527,High,2026-03-09T15:09:46.918127+00:00
06037239801,"LOS ANGELES, CA",0.9213,High,0.056,0.056,0.0,0.9373,Residential,0.3156,High,2026-03-09T15:04:54.703683+00:00
06037239802,"LOS ANGELES, CA",0.9181,High,0.0624,0.0624,0.0,0.8417,Residential,0.3191,High,2026-03-09T15:08:17.930898+00:00
06037240302,"LOS ANGELES, CA",0.9066,High,0.1827,0.1827,0.0,0.7677,Residential,0.3999,High,2026-03-09T15:14:29.032808+00:00
06037241201,"LOS ANGELES, CA",0.9171,High,0.0899,0.0899,0.0,0.8973,Residential,0.338,High,2026-03-09T15:08:42.008788+00:00
06037242600,"LOS ANGELES, CA",0.9204,High,0.0385,0.0385,0.0,0.8115,Residential,0.3031,High,2026-03-09T15:04:41.026088+00:00
06037243001,"LOS ANGELES, CA",0.9118,High,0.0994,0.0994,0.0,0.888,Residential,0.3431,High,2026-03-09T15:11:56.749295+00:00
06037264303,"LOS ANGELES, CA",0.9421,High,0.169,0.169,0.0,0.831,Residential,0.4009,High,2026-03-09T14:57:01.491399+00:00
06037264304,"LOS ANGELES, CA",0.9723,High,0.134,0.134,0.0,0.6625,Residential,0.3855,High,2026-03-09T14:47:01.817958+00:00
06037265521,"LOS ANGELES, CA",0.9458,High,0.0,0.0,0.0,0.6158,Residential,0.2837,High,2026-03-09T14:55:48.196263+00:00
06037265522,"LOS ANGELES, CA",0.9376,High,0.0281,0.0281,0.0,0.5617,Residential,0.3009,High,2026-03-09T14:58:11.427993+00:00
06037265523,"LOS ANGELES, CA",0.9642,High,0.0401,0.0401,0.0,0.7037,Residential,0.3174,High,2026-03-09T14:50:38.575261+00:00
06037265602,"LOS ANGELES, CA",0.9419,High,0.0,0.0,0.0,0.3531,Other,0.2826,High,2026-03-09T14:57:30.575990+00:00
06037267202,CA,0.9596,High,0.0016,0.0016,0.0,0.6072,Residential,0.289,High,2026-03-09T14:52:59.329296+00:00
06037267403,"LOS ANGELES, CA",0.9608,High,0.0066,0.0,0.0,0.1482,Other,0.2928,High,2026-03-09T14:51:37.785558+00:00
06037267404,"LOS ANGELES, CA",0.9558,High,0.0204,0.0175,0.0,0.3451,Other,0.301,High,2026-03-09T14:52:49.739567+00:00
06037267405,"LOS ANGELES, CA",0.9545,High,0.0757,0.0757,0.0,0.894,Residential,0.3393,High,2026-03-09T14:53:20.539383+00:00
06037267406,"LOS ANGELES, CA",0.9482,High,0.073,0.073,0.0,0.6583,Residential,0.3356,High,2026-03-09T14:55:10.533686+00:00
06037267502,"LOS ANGELES, CA",0.9488,High,0.0765,0.0765,0.0,0.9206,Residential,0.3382,High,2026-03-09T14:55:56.701837+00:00
06037267503,"LOS ANGELES, CA",0.9523,High,0.172,0.172,0.0,0.828,Residential,0.4061,High,2026-03-09T14:53:55.622948+00:00
06037267504,"LOS ANGELES, CA",0.9533,High,0.1547,0.1547,0.0,0.8453,Residential,0.3943,High,2026-03-09T14:53:55.235440+00:00
06037269602,"LOS ANGELES, CA",0.9678,High,0.0559,0.0559,0.0,0.8397,Residential,0.3295,High,2026-03-09T14:49:09.506623+00:00
06037269903,"LOS ANGELES, CA",0.976,High,0.2168,0.2168,0.0,0.657,Residential,0.4446,High,2026-03-09T14:46:02.074725+00:00
06037269906,"LOS ANGELES, CA",0.9538,High,0.0,0.0,0.0,0.9127,Residential,0.2861,High,2026-03-09T14:53:40.811361+00:00
06037269909,"LOS ANGELES, CA",0.9481,High,0.1639,0.1639,0.0,0.7109,Residential,0.3992,High,2026-03-09T14:55:14.600530+00:00
06037270102,"LOS ANGELES, CA",0.9758,High,0.0203,0.0,0.0,0.7734,Residential,0.307,High,2026-03-09T14:45:58.330615+00:00
06037271803,"LOS ANGELES, CA",0.9458,High,0.1031,0.0491,0.054,0.8969,Residential,0.3559,High,2026-03-09T14:56:09.546110+00:00
06037272201,"LOS ANGELES, CA",0.9418,High,0.0434,0.0434,0.0,0.9566,Residential,0.3129,High,2026-03-09T14:57:34.592364+00:00
06037293304,"LOMITA, CA",0.917,High,0.0689,0.0689,0.0,0.8924,Residential,0.3233,High,2026-03-09T15:08:27.576388+00:00
06037294510,"WILMINGTON, CA",0.9191,High,0.0176,0.0176,0.0,0.1968,Other,0.288,High,2026-03-09T15:07:12.503933+00:00
06037294520,"WILMINGTON, CA",0.9149,High,0.0215,0.0215,0.0,0.2633,Other,0.2895,High,2026-03-09T15:09:38.938213+00:00
06037294810,"WILMINGTON, CA",0.9255,High,0.016,0.016,0.0,0.4429,Other,0.2888,High,2026-03-09T15:02:08.738274+00:00
06037294820,"WILMINGTON, CA",0.9175,High,0.1558,0.1032,0.0525,0.4933,Residential,0.3843,High,2026-03-09T15:07:19.574872+00:00
06037296901,"SAN PEDRO, CA",0.9094,High,0.0654,0.0654,0.0,0.5953,Residential,0.3186,High,2026-03-09T15:13:13.743868+00:00
06037296902,"SAN PEDRO, CA",0.909,High,0.114,0.114,0.0,0.7842,Residential,0.3525,High,2026-03-09T15:13:17.462218+00:00
06037297110,"SAN PEDRO, CA",0.9145,High,0.3014,0.2916,0.0,0.6284,Residential,0.4853,High,2026-03-09T15:10:03.263610+00:00
06037297201,"SAN PEDRO, CA",0.9136,High,0.0528,0.0528,0.0,0.9448,Residential,0.311,High,2026-03-09T15:10:25.753946+00:00
06037297202,"SAN PEDRO, CA",0.904,High,0.01,0.01,0.0,0.9256,Residential,0.2782,High,2026-03-09T15:16:28.935770+00:00
06037402504,"POMONA, CA",0.7205,High,0.1887,0.0,0.0,0.6547,Residential,0.3483,High,2026-03-09T15:49:03.328009+00:00
06037462002,"PASADENA, CA",0.9187,High,0.1776,0.1776,0.0,0.6144,Residential,0.3999,High,2026-03-09T15:06:29.350012+00:00
06037462202,CA,0.9285,High,0.228,0.0,0.0,0.0,Other,0.4381,High,2026-03-09T15:00:20.219434+00:00
06037480303,"ALHAMBRA, CA",0.9204,High,0.1596,0.1596,0.0,0.8161,Residential,0.3878,High,2026-03-09T15:05:22.233930+00:00
06037480902,"ALHAMBRA, CA",0.9145,High,0.2038,0.0,0.105,0.7092,Residential,0.417,High,2026-03-09T15:09:41.924206+00:00
06037541606,"COMPTON, CA",0.9107,High,0.3482,0.2638,0.0844,0.6361,Residential,0.517,High,2026-03-09T15:11:36.127889+00:00
06037570503,"LONG BEACH, CA",0.8988,High,0.0176,0.0022,0.0,0.9649,Residential,0.282,High,2026-03-09T15:18:13.703866+00:00
06037573002,"LONG BEACH, CA",0.9172,High,0.1458,0.1458,0.0,0.4761,Residential,0.3772,High,2026-03-09T15:07:41.901975+00:00
06037573004,"LONG BEACH, CA",0.92,High,0.0688,0.0688,0.0,0.9094,Residential,0.3242,High,2026-03-09T15:05:59.380056+00:00
06037575103,"LONG BEACH, CA",0.9227,High,0.2186,0.0,0.109,0.7399,Residential,0.4299,High,2026-03-09T15:04:11.348451+00:00
06037575402,"LONG BEACH, CA",0.927,High,0.0388,0.0,0.0,0.4658,Other,0.3052,High,2026-03-09T15:01:22.059619+00:00
06037575801,CA,0.9098,High,0.1333,0.0003,0.1317,0.0011,Other,0.3662,High,2026-03-09T15:11:46.473899+00:00
06037575802,"LONG BEACH, CA",0.9308,High,0.0662,0.007,0.0,0.0145,Other,0.3256,High,2026-03-09T15:00:16.917909+00:00
06037575803,"LONG BEACH, CA",0.9343,High,0.017,0.0,0.0,0.0,Other,0.2922,High,2026-03-09T14:58:54.067724+00:00
06037576401,"LONG BEACH, CA",0.9271,High,0.0804,0.0259,0.0,0.2814,Other,0.3344,High,2026-03-09T15:01:37.883075+00:00
06037576403,"LONG BEACH, CA",0.9312,High,0.1355,0.0694,0.0,0.8142,Residential,0.3742,High,2026-03-09T15:00:14.874292+00:00
06037576901,"LONG BEACH, CA",0.9307,High,0.1493,0.0707,0.0,0.7982,Residential,0.3837,High,2026-03-09T15:00:49.949999+00:00
06037576903,"LONG BEACH, CA",0.9221,High,0.2397,0.0,0.0,0.607,Residential,0.4444,High,2026-03-09T15:03:51.215546+00:00
06037576904,"LONG BEACH, CA",0.914,High,0.1046,0.1046,0.0,0.8866,Residential,0.3474,High,2026-03-09T15:10:02.137475+00:00
06053013700,"SEASIDE, CA",0.0626,Low,0.3086,0.3086,0.0,0.6914,Residential,0.2348,High,2026-03-09T19:12:56.627599+00:00
06067009110,"SACRAMENTO, CA",0.0202,Low,0.6297,0.6297,0.0,0.3703,Commercial,0.4468,High,2026-03-09T20:47:55.520869+00:00
06075010102,"SAN FRANCISCO, CA",0.9582,High,0.2425,0.2425,0.0,0.0,Other,0.4572,High,2026-03-09T14:52:03.091854+00:00
06075010401,"SAN FRANCISCO, CA",0.9767,High,0.1826,0.1826,0.0,0.4578,Residential,0.4208,High,2026-03-09T14:46:05.508938+00:00
06075010702,"SAN FRANCISCO, CA",0.9587,High,0.3311,0.3311,0.0,0.0703,Other,0.5194,High,2026-03-09T14:52:14.145902+00:00
06075010901,"SAN FRANCISCO, CA",0.9833,High,0.0567,0.0567,0.0,0.9433,Residential,0.3346,High,2026-03-09T14:43:31.632877+00:00
06075011001,"SAN FRANCISCO, CA",0.9746,High,0.0,0.0,0.0,0.9524,Residential,0.2924,High,2026-03-09T14:46:28.840609+00:00
06075011002,"SAN FRANCISCO, CA",0.9727,High,0.286,0.286,0.0,0.6709,Residential,0.492,High,2026-03-09T14:47:10.132118+00:00
06075011101,"SAN FRANCISCO, CA",0.9744,High,0.0,0.0,0.0,0.956,Residential,0.2923,High,2026-03-09T14:46:30.321209+00:00
06075011102,"SAN FRANCISCO, CA",0.9719,High,0.0,0.0,0.0,0.3798,Other,0.2916,High,2026-03-09T14:47:12.996289+00:00
06075011200,"SAN FRANCISCO, CA",0.9938,High,0.0,0.0,0.0,0.7242,Residential,0.2981,High,2026-03-09T14:38:54.301043+00:00
06075011300,"SAN FRANCISCO, CA",0.9857,High,0.0,0.0,0.0,0.0991,Other,0.2957,High,2026-03-09T14:42:24.990199+00:00
06075011800,"SAN FRANCISCO, CA",0.9316,High,0.0638,0.0638,0.0,0.0,Other,0.3242,High,2026-03-09T14:59:13.062612+00:00
06075011901,"SAN FRANCISCO, CA",0.9275,High,0.0,0.0,0.0,0.1149,Other,0.2783,High,2026-03-09T15:00:33.206173+00:00
06075011902,"SAN FRANCISCO, CA",0.977,High,0.0,0.0,0.0,0.0475,Other,0.2931,High,2026-03-09T14:45:18.993366+00:00
06075012001,"SAN FRANCISCO, CA",0.9487,High,0.0,0.0,0.0,0.3507,Other,0.2846,High,2026-03-09T14:54:51.160579+00:00
06075012002,"SAN FRANCISCO, CA",0.9556,High,0.0,0.0,0.0,0.1317,Other,0.2867,High,2026-03-09T14:52:45.467662+00:00
06075012100,"SAN FRANCISCO, CA",0.9963,High,0.0763,0.0763,0.0,0.0661,Other,0.3523,High,2026-03-09T14:36:37.832328+00:00
06075012202,"SAN FRANCISCO, CA",0.9762,High,0.0632,0.0,0.0,0.1793,Other,0.3371,High,2026-03-09T14:45:31.461303+00:00
06075012203,"SAN FRANCISCO, CA",0.9232,High,0.0,0.0,0.0,0.5428,Residential,0.277,High,2026-03-09T15:02:40.450827+00:00
06075012204,"SAN FRANCISCO, CA",0.7399,High,0.0,0.0,0.0,0.5838,Residential,0.222,High,2026-03-09T15:45:26.113108+00:00
06075012301,"SAN FRANCISCO, CA",0.9727,High,0.0441,0.0441,0.0,0.1224,Other,0.3227,High,2026-03-09T14:46:44.598508+00:00
06075012302,"SAN FRANCISCO, CA",0.9812,High,0.0135,0.0135,0.0,0.2663,Other,0.3038,High,2026-03-09T14:43:45.625451+00:00
06075012403,"SAN FRANCISCO, CA",0.7176,High,0.0,0.0,0.0,0.5158,Residential,0.2153,High,2026-03-09T15:48:19.976206+00:00
06075012404,"SAN FRANCISCO, CA",0.7141,High,0.0252,0.0252,0.0,0.4382,Other,0.2319,High,2026-03-09T15:48:51.916665+00:00
06075012406,"SAN FRANCISCO, CA",0.8752,High,0.0,0.0,0.0,0.113,Other,0.2626,High,2026-03-09T15:20:10.641306+00:00
06075012502,"SAN FRANCISCO, CA",0.9792,High,0.0,0.0,0.0,0.6287,Residential,0.2938,High,2026-03-09T14:44:19.103049+00:00
06075012504,"SAN FRANCISCO, CA",0.1028,Low,0.0,0.0,0.0,0.3689,Other,0.0308,High,2026-03-10T07:02:08.923503+00:00
06075012601,"SAN FRANCISCO, CA",0.991,High,0.0715,0.0715,0.0,0.9285,Residential,0.3474,High,2026-03-09T14:40:34.334879+00:00
06075012801,"SAN FRANCISCO, CA",0.9946,High,0.0639,0.0639,0.0,0.933,Residential,0.3431,High,2026-03-09T14:39:43.764128+00:00
06075012802,"SAN FRANCISCO, CA",0.9917,High,0.1866,0.1866,0.0,0.7824,Residential,0.4281,High,2026-03-09T14:40:03.794866+00:00
06075012901,"SAN FRANCISCO, CA",0.9967,High,0.0,0.0,0.0,1.0,Residential,0.299,High,2026-03-09T14:36:41.332440+00:00
06075013001,"SAN FRANCISCO, CA",0.9957,High,0.2185,0.2185,0.0,0.6998,Residential,0.4517,High,2026-03-09T14:37:58.686163+00:00
06075013002,"SAN FRANCISCO, CA",0.9919,High,0.2919,0.2919,0.0,0.7081,Residential,0.5019,High,2026-03-09T14:39:59.273931+00:00
06075013101,"SAN FRANCISCO, CA",0.9971,High,0.0,0.0,0.0,0.992,Residential,0.2991,High,2026-03-09T14:35:50.180679+00:00
06075013401,"SAN FRANCISCO, CA",0.9796,High,0.0429,0.0429,0.0,0.5763,Residential,0.3239,High,2026-03-09T14:44:40.718032+00:00
06075013402,"SAN FRANCISCO, CA",0.9816,High,0.0895,0.0895,0.0,0.8829,Residential,0.3571,High,2026-03-09T14:44:23.787916+00:00
06075013500,"SAN FRANCISCO, CA",0.9861,High,0.1379,0.1379,0.0,0.8554,Residential,0.3924,High,2026-03-09T14:42:42.463118+00:00
06075015201,"SAN FRANCISCO, CA",0.9699,High,0.0,0.0,0.0,0.9096,Residential,0.291,High,2026-03-09T14:47:52.280656+00:00
06075015202,"SAN FRANCISCO, CA",0.9823,High,0.2136,0.2136,0.0,0.4428,Residential,0.4442,High,2026-03-09T14:44:01.077357+00:00
06075015300,"SAN FRANCISCO, CA",0.9857,High,0.1823,0.1823,0.0,0.5502,Residential,0.4233,High,2026-03-09T14:42:53.669212+00:00
06075015802,"SAN FRANCISCO, CA",0.9944,High,0.0532,0.0,0.0,0.0407,Other,0.3356,High,2026-03-09T14:38:57.262743+00:00
06075015900,"SAN FRANCISCO, CA",0.9967,High,0.2878,0.2878,0.0,0.023,Other,0.5005,High,2026-03-09T14:36:02.571666+00:00
06075016000,"SAN FRANCISCO, CA",0.9939,High,0.1524,0.1524,0.0,0.0086,Other,0.4049,High,2026-03-09T14:38:17.601768+00:00
06075016101,"SAN FRANCISCO, CA",0.9866,High,0.4275,0.4275,0.0,0.0248,Other,0.5952,High,2026-03-09T14:41:38.101060+00:00
06075016102,"SAN FRANCISCO, CA",0.9991,High,0.0566,0.0566,0.0,0.2593,Other,0.3393,High,2026-03-09T14:32:09.555520+00:00
06075016300,"SAN FRANCISCO, CA",0.9975,High,0.0081,0.0081,0.0,0.3079,Other,0.3049,High,2026-03-09T14:35:59.202058+00:00
06075016400,"SAN FRANCISCO, CA",0.9872,High,0.0472,0.0,0.0,0.0184,Other,0.3292,High,2026-03-09T14:42:18.012917+00:00
06075016601,"SAN FRANCISCO, CA",0.9827,High,0.1192,0.1192,0.0,0.0593,Other,0.3782,High,2026-03-09T14:43:58.851110+00:00
06075016602,"SAN FRANCISCO, CA",0.9776,High,0.3023,0.3023,0.0,0.1476,Other,0.5049,High,2026-03-09T14:45:18.539987+00:00
06075016801,"SAN FRANCISCO, CA",0.9993,High,0.1714,0.1714,0.0,0.3592,Other,0.4197,High,2026-03-09T14:33:07.347965+00:00
06075017102,"SAN FRANCISCO, CA",0.9864,High,0.0621,0.0621,0.0,0.4238,Other,0.3394,High,2026-03-09T14:43:33.949611+00:00
06075017604,"SAN FRANCISCO, CA",0.986,High,0.063,0.063,0.0,0.0,Other,0.3399,High,2026-03-09T14:41:48.053973+00:00
06075017801,"SAN FRANCISCO, CA",0.9986,High,0.0087,0.0087,0.0,0.0,Other,0.3057,High,2026-03-09T14:32:58.272436+00:00
06075017803,"SAN FRANCISCO, CA",0.9936,High,0.1978,0.0802,0.0,0.0127,Other,0.4365,High,2026-03-09T14:38:50.174474+00:00
06075020102,"SAN FRANCISCO, CA",0.9957,High,0.0534,0.0534,0.0,0.0,Other,0.3361,High,2026-03-09T14:37:33.405907+00:00
06075020201,"SAN FRANCISCO, CA",0.9951,High,0.0352,0.0352,0.0,0.1764,Other,0.3232,High,2026-03-09T14:38:19.355020+00:00
06075020601,"SAN FRANCISCO, CA",0.997,High,0.0652,0.0652,0.0,0.1072,Other,0.3448,High,2026-03-09T14:36:56.192342+00:00
06075020602,"SAN FRANCISCO, CA",0.9959,High,0.0,0.0,0.0,0.3354,Other,0.2988,High,2026-03-09T14:38:28.497110+00:00
06075020701,"SAN FRANCISCO, CA",0.9839,High,0.0024,0.0024,0.0,0.1137,Other,0.2968,High,2026-03-09T14:43:51.293952+00:00
06075020702,"SAN FRANCISCO, CA",0.9777,High,0.0297,0.0297,0.0,0.0936,Other,0.3141,High,2026-03-09T14:45:30.432749+00:00
06075020801,"SAN FRANCISCO, CA",0.985,High,0.0447,0.0447,0.0,0.0,Other,0.3268,High,2026-03-09T14:43:14.232842+00:00
06075020802,"SAN FRANCISCO, CA",0.9792,High,0.0555,0.0555,0.0,0.0,Other,0.3326,High,2026-03-09T14:45:04.669463+00:00
06075020900,"SAN FRANCISCO, CA",0.9892,High,0.0381,0.0381,0.0,0.0,Other,0.3234,High,2026-03-09T14:41:53.613488+00:00
06075021000,"SAN FRANCISCO, CA",0.9882,High,0.0033,0.0033,0.0,0.0617,Other,0.2987,High,2026-03-09T14:42:41.140349+00:00
06075021100,"SAN FRANCISCO, CA",0.9979,High,0.0642,0.0642,0.0,0.5257,Residential,0.3443,High,2026-03-09T14:37:11.256196+00:00
06075021400,"SAN FRANCISCO, CA",0.9984,High,0.0936,0.0936,0.0,0.7176,Residential,0.365,High,2026-03-09T14:35:39.455551+00:00
06075022801,"SAN FRANCISCO, CA",0.9894,High,0.0,0.0,0.0,0.0,Other,0.2968,High,2026-03-09T14:42:05.632854+00:00
06075022803,"SAN FRANCISCO, CA",0.989,High,0.0,0.0,0.0,0.0,Other,0.2967,High,2026-03-09T14:42:14.895029+00:00
06075022901,"SAN FRANCISCO, CA",0.9885,High,0.0041,0.0041,0.0,0.0,Other,0.2994,High,2026-03-09T14:41:57.440338+00:00
06075022902,"SAN FRANCISCO, CA",0.9818,High,0.0,0.0,0.0,0.0,Other,0.2945,High,2026-03-09T14:44:25.404055+00:00
06075026003,"SAN FRANCISCO, CA",0.9631,High,0.0,0.0,0.0,0.0289,Other,0.2889,High,2026-03-09T14:53:37.702327+00:00
06075031402,"SAN FRANCISCO, CA",0.9633,High,0.0014,0.0014,0.0,0.6836,Residential,0.29,High,2026-03-09T14:53:12.787732+00:00
06075032801,"SAN FRANCISCO, CA",0.9577,High,0.0,0.0,0.0,0.7558,Residential,0.2873,High,2026-03-09T14:55:37.338947+00:00
06075032802,"SAN FRANCISCO, CA",0.9746,High,0.068,0.068,0.0,0.6382,Residential,0.34,High,2026-03-09T14:49:46.439102+00:00
06075035102,"SAN FRANCISCO, CA",0.9703,High,0.0166,0.0166,0.0,0.8664,Residential,0.3027,High,2026-03-09T14:51:28.521447+00:00
06075040100,"SAN FRANCISCO, CA",0.9808,High,0.0032,0.0032,0.0,0.0425,Other,0.2965,High,2026-03-09T14:45:57.386602+00:00
06075042601,"SAN FRANCISCO, CA",0.9728,High,0.1382,0.1382,0.0,0.5667,Residential,0.3886,High,2026-03-09T14:48:30.545774+00:00
06075045100,"SAN FRANCISCO, CA",0.9821,High,0.1041,0.1041,0.0,0.8959,Residential,0.3675,High,2026-03-09T14:45:37.769755+00:00
06075045201,"SAN FRANCISCO, CA",0.9771,High,0.0338,0.0338,0.0,0.8158,Residential,0.3168,High,2026-03-09T14:47:16.468852+00:00
06075045202,"SAN FRANCISCO, CA",0.977,High,0.1096,0.1096,0.0,0.8448,Residential,0.3698,High,2026-03-09T14:46:37.653036+00:00
06075047600,"SAN FRANCISCO, CA",0.9893,High,0.0407,0.0407,0.0,0.7848,Residential,0.3252,High,2026-03-09T14:43:38.716392+00:00
06075047702,"SAN FRANCISCO, CA",0.9717,High,0.0096,0.0096,0.0,0.9463,Residential,0.2983,High,2026-03-09T14:49:31.853871+00:00
06075047801,"SAN FRANCISCO, CA",0.9725,High,0.0413,0.0413,0.0,0.7352,Residential,0.3206,High,2026-03-09T14:49:33.692298+00:00
06075047802,"SAN FRANCISCO, CA",0.9709,High,0.0522,0.0522,0.0,0.9404,Residential,0.3278,High,2026-03-09T14:49:42.619859+00:00
06075047903,"SAN FRANCISCO, CA",0.968,High,0.0333,0.0333,0.0,0.9667,Residential,0.3137,High,2026-03-09T14:51:06.217487+00:00
06075061101,"SAN FRANCISCO, CA",0.9986,High,0.1288,0.1288,0.0,0.0078,Other,0.3898,High,2026-03-09T14:33:18.905320+00:00
06075061102,"SAN FRANCISCO, CA",0.6239,Medium,0.0207,0.0207,0.0,0.0989,Other,0.2016,High,2026-03-09T16:01:28.647831+00:00
06075061503,"SAN FRANCISCO, CA",0.9998,High,0.4729,0.3945,0.0,0.1864,Commercial,0.6309,High,2026-03-09T14:30:58.248075+00:00
06075061505,"SAN FRANCISCO, CA",0.0033,Low,0.0,0.0,0.0,1.0,Residential,0.001,High,2026-03-10T00:25:15.635336+00:00
06077003406,CA,0.0941,Low,0.0609,0.0609,0.0,0.7756,Residential,0.0709,High,2026-03-10T07:09:46.845755+00:00
06083002309,"SANTA MARIA, CA",0.0577,Low,0.0,0.0,0.0,0.9894,Residential,0.0173,High,2026-03-09T19:22:14.543809+00:00
06083002310,"SANTA MARIA, CA",0.0581,Low,0.0023,0.0023,0.0,0.6791,Residential,0.0191,High,2026-03-09T19:20:47.320761+00:00
06099000514,"SALIDA, CA",0.0729,Low,0.0295,0.0295,0.0,0.9008,Residential,0.0425,High,2026-03-10T07:29:26.616199+00:00
06099000914,"MODESTO, CA",0.0763,Low,0.0,0.0,0.0,0.0,Other,0.0229,High,2026-03-10T07:29:34.503082+00:00
06099000915,"MODESTO, CA",0.0738,Low,0.0,0.0,0.0,0.0,Other,0.0221,High,2026-03-10T07:30:20.324094+00:00
06099002005,"MODESTO, CA",0.1609,Low,0.0853,0.0853,0.0,0.9029,Residential,0.108,High,2026-03-09T17:37:57.560976+00:00
06099002505,"CERES, CA",0.0978,Low,0.0,0.0,0.0,0.0,Other,0.0293,High,2026-03-10T07:09:18.694351+00:00
06111008307,"SIMI VALLEY, CA",0.0876,Low,0.0,0.0,0.0,0.9058,Residential,0.0263,High,2026-03-10T07:15:01.555700+00:00
08005082900,"AURORA, CO",0.0004,Low,0.037,0.0282,0.0,0.2339,Other,0.026,High,2026-03-10T02:04:19.998884+00:00
08043980200,"FLORENCE, CO",0.0034,Low,0.0,0.0,0.0,0.0,Other,0.001,Medium,2026-03-10T00:20:49.316742+00:00
12057013706,"RIVERVIEW, FL",0.5873,Medium,0.0326,0.0326,0.0,0.0,Other,0.199,High,2026-03-09T16:07:38.193262+00:00
12057980700,"LUTZ, FL",0.6526,Medium,0.0,0.0,0.0,0.0,Other,0.1958,High,2026-03-09T15:57:20.236626+00:00
12086000228,"NORTH MIAMI BEACH, FL",0.9228,High,0.1088,0.1088,0.0,0.8714,Residential,0.353,High,2026-03-09T15:04:15.009138+00:00
12086000610,"HIALEAH, FL",0.804,High,0.1468,0.1468,0.0,0.8532,Residential,0.344,High,2026-03-09T15:38:09.872870+00:00
12086000713,"HIALEAH, FL",0.8212,High,0.5936,0.5936,0.0,0.4064,Commercial,0.6619,High,2026-03-09T15:33:22.517898+00:00
12086000807,"HIALEAH, FL",0.8219,High,0.2443,0.2443,0.0,0.7557,Residential,0.4176,High,2026-03-09T15:34:19.614614+00:00
12086000906,"MIAMI, FL",0.8188,High,0.0146,0.0146,0.0,0.922,Residential,0.2559,High,2026-03-09T15:35:30.328617+00:00
12086002708,"MIAMI, FL",0.9699,High,0.0,0.0,0.0,0.0,Other,0.291,Low,2026-03-09T14:47:41.359830+00:00
12086003604,"MIAMI, FL",0.9111,High,0.0,0.0,0.0,0.0,Other,0.2733,Low,2026-03-09T15:10:58.512607+00:00
12086003607,"MIAMI, FL",0.9343,High,0.0,0.0,0.0,0.0,Other,0.2803,Low,2026-03-09T14:58:44.484924+00:00
12086003707,"MIAMI, FL",0.9719,High,0.0,0.0,0.0,0.0,Other,0.2916,Low,2026-03-09T14:46:53.970990+00:00
12086003709,"MIAMI, FL",0.9201,High,0.0,0.0,0.0,0.0,Other,0.276,Low,2026-03-09T15:04:20.157838+00:00
12086004403,"MIAMI BEACH, FL",0.9951,High,0.4773,0.349,0.0,0.5227,Residential,0.6327,High,2026-03-09T14:38:16.945154+00:00
12086004405,"MIAMI BEACH, FL",0.9953,High,0.4604,0.3412,0.0,0.5396,Residential,0.6209,High,2026-03-09T14:38:03.920430+00:00
12086004608,"KEY BISCAYNE, FL",0.8377,High,0.0,0.0,0.0,0.2215,Other,0.2513,High,2026-03-09T15:30:09.115053+00:00
12086005303,"MIAMI, FL",0.9233,High,0.0,0.0,0.0,0.0,Other,0.277,Low,2026-03-09T15:03:24.441256+00:00
12086005304,"MIAMI, FL",0.9292,High,0.0,0.0,0.0,0.0,Other,0.2788,Low,2026-03-09T15:00:28.829137+00:00
12086005305,"MIAMI, FL",0.9171,High,0.0,0.0,0.0,0.0,Other,0.2751,Low,2026-03-09T15:07:23.685150+00:00
12086005306,"MIAMI, FL",0.9189,High,0.0,0.0,0.0,0.0,Other,0.2757,Low,2026-03-09T15:06:12.628149+00:00
12086005403,"MIAMI, FL",0.8651,High,0.0,0.0,0.0,0.0,Other,0.2595,Low,2026-03-09T15:23:21.289165+00:00
12086005409,"MIAMI, FL",0.8559,High,0.0,0.0,0.0,0.0,Other,0.2568,Low,2026-03-09T15:25:46.398118+00:00
12086005410,"MIAMI, FL",0.8417,High,0.0,0.0,0.0,0.0,Other,0.2525,Low,2026-03-09T15:29:36.605926+00:00
12086006501,"MIAMI, FL",0.8454,High,0.0,0.0,0.0,0.0,Other,0.2536,Low,2026-03-09T15:30:04.889607+00:00
12086006604,"MIAMI, FL",0.9187,High,0.0,0.0,0.0,0.0,Other,0.2756,Low,2026-03-09T15:05:34.911985+00:00
12086006606,"MIAMI, FL",0.8959,High,0.0,0.0,0.0,0.0,Other,0.2688,Low,2026-03-09T15:17:04.570399+00:00
12086006716,"MIAMI, FL",0.9783,High,0.0,0.0,0.0,0.0,Other,0.2935,Low,2026-03-09T14:44:23.350727+00:00
12086006717,"MIAMI, FL",0.9316,High,0.0,0.0,0.0,0.0,Other,0.2795,Low,2026-03-09T14:58:56.504039+00:00
12086006718,"MIAMI, FL",0.9817,High,0.0,0.0,0.0,0.0,Other,0.2945,Low,2026-03-09T14:43:17.769145+00:00
12086006719,"MIAMI, FL",0.917,High,0.0,0.0,0.0,0.0,Other,0.2751,Low,2026-03-09T15:06:50.379275+00:00
12086006721,"MIAMI, FL",0.9652,High,0.0,0.0,0.0,0.0,Other,0.2895,Low,2026-03-09T14:49:22.173227+00:00
12086007104,"MIAMI, FL",0.8891,High,0.0,0.0,0.0,0.0,Other,0.2667,Low,2026-03-09T15:19:51.074967+00:00
12086008418,"MIAMI, FL",0.7633,High,0.145,0.145,0.0,0.743,Residential,0.3305,High,2026-03-09T15:43:50.531872+00:00
12086008424,"MIAMI, FL",0.7708,High,0.1303,0.1303,0.0,0.5998,Residential,0.3224,High,2026-03-09T15:40:58.906597+00:00
12086009059,"DORAL, FL",0.8232,High,0.0725,0.0725,0.0,0.7892,Residential,0.2977,High,2026-03-09T15:33:34.331054+00:00
12086009060,"DORAL, FL",0.8339,High,0.0,0.0,0.0,0.9581,Residential,0.2502,High,2026-03-09T15:33:50.500346+00:00
12086009322,"HIALEAH, FL",0.8524,High,0.0657,0.0657,0.0,0.9343,Residential,0.3017,High,2026-03-09T15:26:00.219233+00:00
12086009505,"MIAMI GARDENS, FL",0.8133,High,0.0,0.0,0.0,0.1365,Other,0.244,High,2026-03-09T15:35:07.442919+00:00
12086012301,"MIRAMAR, FL",0.8078,High,0.0,0.0,0.0,0.6233,Residential,0.2423,High,2026-03-09T15:38:15.121218+00:00
12086012402,"HIALEAH, FL",0.8101,High,0.1275,0.1275,0.0,0.834,Residential,0.3323,High,2026-03-09T15:38:41.114098+00:00
12086018002,"MIAMI, FL",0.7539,High,0.0,0.0,0.0,0.8953,Residential,0.2262,High,2026-03-09T15:45:57.446493+00:00
12099002400,"WEST PALM BEACH, FL",0.4991,Medium,0.0594,0.0594,0.0,0.0768,Other,0.1913,High,2026-03-09T16:20:17.716094+00:00
12099004007,"WEST PALM BEACH, FL",0.4247,Medium,0.071,0.071,0.0,0.9227,Residential,0.1771,High,2026-03-09T16:28:22.038924+00:00
12099004011,"GREENACRES, FL",0.4213,Medium,0.0339,0.0188,0.0,0.9589,Residential,0.1501,High,2026-03-09T16:30:24.511698+00:00
12099004012,FL,0.4146,Medium,0.0,0.0,0.0,0.9849,Residential,0.1244,High,2026-03-09T16:28:59.790179+00:00
12099004013,FL,0.4111,Medium,0.0756,0.0418,0.0338,0.8602,Residential,0.1762,High,2026-03-09T16:30:24.763829+00:00
12099004810,FL,0.3899,Low,0.0477,0.0477,0.0,0.9523,Residential,0.1504,High,2026-03-09T16:38:52.860006+00:00
12099004823,FL,0.3961,Low,0.0,0.0,0.0,1.0,Residential,0.1188,High,2026-03-09T16:36:42.406804+00:00
12099005947,"BOYNTON BEACH, FL",0.3904,Low,0.0039,0.0039,0.0,0.0163,Other,0.1199,High,2026-03-09T16:43:15.676541+00:00
12099005954,"BOYNTON BEACH, FL",0.4025,Medium,0.0057,0.0057,0.0,0.4093,Other,0.1248,High,2026-03-09T16:37:10.626358+00:00
12099007006,"BOCA RATON, FL",0.4758,Medium,0.0179,0.0179,0.0,0.98,Residential,0.1553,High,2026-03-09T16:26:02.519548+00:00
12099007204,FL,0.5544,Medium,0.043,0.043,0.0,0.7168,Residential,0.1964,High,2026-03-09T16:11:29.249427+00:00
12099007623,FL,0.4914,Medium,0.1349,0.1349,0.0,0.8651,Residential,0.2419,High,2026-03-09T16:21:39.721276+00:00
12099007742,FL,0.4956,Medium,0.0,0.0,0.0,0.9518,Residential,0.1487,High,2026-03-09T16:22:48.891023+00:00
12099007779,FL,0.4006,Medium,0.0,0.0,0.0,0.5553,Residential,0.1202,High,2026-03-09T16:37:52.432355+00:00
12099007780,FL,0.3944,Low,0.0,0.0,0.0,0.0157,Other,0.1183,High,2026-03-09T16:35:40.269834+00:00
12099007849,"LOXAHATCHEE, FL",0.3851,Low,0.0,0.0,0.0,0.1675,Other,0.1155,High,2026-03-09T16:43:29.109911+00:00
13089980000,"ATLANTA, GA",0.3618,Low,0.003,0.003,0.0,0.997,Residential,0.1107,High,2026-03-09T16:39:39.826345+00:00
13121001203,"ATLANTA, GA",0.9455,High,0.1649,0.1483,0.0,0.3516,Other,0.3991,High,2026-03-09T14:56:18.419998+00:00
13121001204,"ATLANTA, GA",0.9921,High,0.0,0.0,0.0,0.6398,Residential,0.2976,High,2026-03-09T14:39:34.393724+00:00
13121001205,"ATLANTA, GA",0.939,High,0.0,0.0,0.0,0.0,Other,0.2817,High,2026-03-09T14:57:35.904135+00:00
15003002204,"HONOLULU, HI",0.1517,Low,0.0,0.0,0.0,1.0,Residential,0.0455,High,2026-03-09T17:37:42.663933+00:00
15003003410,"HONOLULU, HI",0.2027,Low,0.0,0.0,0.0,1.0,Residential,0.0608,High,2026-03-09T17:19:11.414029+00:00
15003004201,"HONOLULU, HI",0.2893,Low,1.0,0.0,0.0,0.0,Mixed Use,0.7868,High,2026-03-09T16:52:41.172006+00:00
15003982100,"HONOLULU, HI",0.0847,Low,0.0,0.0,0.0,0.0285,Other,0.0254,High,2026-03-10T07:16:17.459324+00:00
17019000401,"CHAMPAIGN, IL",0.014,Low,0.0446,0.0446,0.0,0.9554,Residential,0.0354,High,2026-03-09T21:32:17.990548+00:00
17031030702,"CHICAGO, IL",0.0148,Low,0.0206,0.0206,0.0,0.8827,Residential,0.0189,High,2026-03-09T21:25:34.649905+00:00
17031070103,"CHICAGO, IL",0.014,Low,0.3542,0.3542,0.0,0.6458,Residential,0.2521,High,2026-03-09T21:32:13.820196+00:00
18097322200,"INDIANAPOLIS, IN",0.0115,Low,0.0029,0.0026,0.0,0.0026,Other,0.0055,High,2026-03-09T21:52:17.614838+00:00
18163980600,"EVANSVILLE, IN",0.0092,Low,0.0,0.0,0.0,1.0,Residential,0.0028,High,2026-03-09T22:10:37.281314+00:00
19155030501,"COUNCIL BLUFFS, IA",0.0017,Low,0.1002,0.1002,0.0,0.8833,Residential,0.0707,High,2026-03-10T01:19:55.610603+00:00
19181020701,IA,0.0009,Low,0.0,0.0,0.0,0.0,Other,0.0003,Low,2026-03-10T01:38:55.575465+00:00
20209042001,"KANSAS CITY, KS",0.0162,Low,0.0982,0.0982,0.0,0.9018,Residential,0.0736,High,2026-03-09T21:17:05.593604+00:00
22071001302,"NEW ORLEANS, LA",0.2393,Low,0.2895,0.2895,0.0,0.334,Other,0.2745,High,2026-03-09T17:11:16.940834+00:00
22071001900,"NEW ORLEANS, LA",0.2344,Low,0.2909,0.2687,0.0,0.2846,Other,0.274,High,2026-03-09T17:13:33.734029+00:00
22071004800,"NEW ORLEANS, LA",0.7284,High,0.5337,0.5282,0.0,0.0,Commercial,0.5921,High,2026-03-09T15:46:50.431729+00:00
22071008200,"NEW ORLEANS, LA",0.8289,High,0.3186,0.3126,0.0,0.3253,Other,0.4717,High,2026-03-09T15:33:08.849813+00:00
22071008300,"NEW ORLEANS, LA",0.8188,High,0.2655,0.2534,0.0,0.4378,Residential,0.4314,High,2026-03-09T15:35:07.155896+00:00
22071008400,"NEW ORLEANS, LA",0.9203,High,0.3764,0.3148,0.0,0.1853,Other,0.5396,High,2026-03-09T15:05:12.752397+00:00
22071008800,"NEW ORLEANS, LA",0.9042,High,0.2642,0.2642,0.0,0.4081,Residential,0.4562,High,2026-03-09T15:15:48.039473+00:00
22071009600,"NEW ORLEANS, LA",0.3117,Low,0.2734,0.2662,0.0,0.3184,Other,0.2849,High,2026-03-09T16:49:18.797383+00:00
22071009700,"NEW ORLEANS, LA",0.3116,Low,0.2538,0.2411,0.0,0.3636,Other,0.2711,High,2026-03-09T16:49:21.909708+00:00
22071010100,"NEW ORLEANS, LA",0.3058,Low,0.3452,0.3319,0.0,0.3705,Residential,0.3334,High,2026-03-09T16:50:29.545325+00:00
22071010600,"NEW ORLEANS, LA",0.3128,Low,0.4034,0.2765,0.0,0.2929,Other,0.3762,High,2026-03-09T16:48:58.206534+00:00
22071010700,"NEW ORLEANS, LA",0.3044,Low,0.3063,0.2638,0.0,0.3291,Other,0.3057,High,2026-03-09T16:50:49.328320+00:00
22071010800,"NEW ORLEANS, LA",0.3011,Low,0.3466,0.3406,0.0,0.3035,Other,0.3329,High,2026-03-09T16:51:16.507827+00:00
22071011400,"NEW ORLEANS, LA",0.3747,Low,0.2279,0.2272,0.0,0.2204,Other,0.2719,High,2026-03-09T16:40:15.146156+00:00
22071011500,"NEW ORLEANS, LA",0.2416,Low,0.8763,0.8763,0.0,0.043,Commercial,0.6859,High,2026-03-09T17:10:44.118096+00:00
22071011600,"NEW ORLEANS, LA",0.3819,Low,0.232,0.232,0.0,0.2783,Other,0.277,High,2026-03-09T16:38:12.762313+00:00
22071012700,"NEW ORLEANS, LA",0.2461,Low,0.2022,0.2013,0.0,0.2918,Other,0.2154,High,2026-03-09T17:10:10.924520+00:00
22071013000,"NEW ORLEANS, LA",0.2517,Low,0.2873,0.2549,0.0,0.2654,Other,0.2766,High,2026-03-09T17:07:15.181307+00:00
22071013100,"NEW ORLEANS, LA",0.2553,Low,0.2268,0.2268,0.0,0.2565,Other,0.2353,High,2026-03-09T17:06:28.275228+00:00
22071013600,"NEW ORLEANS, LA",0.2391,Low,0.3104,0.2818,0.0,0.3483,Residential,0.289,High,2026-03-09T17:11:14.581037+00:00
24510010500,"BALTIMORE, MD",0.5163,Medium,0.0361,0.0361,0.0,0.9601,Residential,0.1801,High,2026-03-09T16:18:30.995255+00:00
24510020100,"BALTIMORE, MD",0.4674,Medium,0.0525,0.0525,0.0,0.9475,Residential,0.177,High,2026-03-09T16:24:49.758958+00:00
24510020200,"BALTIMORE, MD",0.424,Medium,0.2109,0.2109,0.0,0.7715,Residential,0.2749,High,2026-03-09T16:29:25.345872+00:00
24510060100,"BALTIMORE, MD",0.4147,Medium,0.0253,0.0253,0.0,0.8171,Residential,0.1421,High,2026-03-09T16:32:44.766668+00:00
24510060200,"BALTIMORE, MD",0.396,Low,0.0334,0.0334,0.0,0.9597,Residential,0.1422,High,2026-03-09T16:38:04.460076+00:00
24510060300,"BALTIMORE, MD",0.7767,High,0.0886,0.0686,0.0201,0.8657,Residential,0.2951,High,2026-03-09T15:43:25.488418+00:00
24510070100,"BALTIMORE, MD",0.2512,Low,0.6521,0.0106,0.6414,0.2075,Industrial,0.5318,High,2026-03-09T17:08:52.439442+00:00
24510260800,"BALTIMORE, MD",0.2773,Low,0.3452,0.1426,0.2026,0.6548,Residential,0.3248,High,2026-03-09T17:00:11.034062+00:00
25009251200,"LAWRENCE, MA",0.0018,Low,0.4206,0.4206,0.0,0.5794,Residential,0.295,High,2026-03-10T01:16:19.349274+00:00
25017980000,"STOW, MA",0.0091,Low,0.0,0.0,0.0,0.0,Other,0.0027,High,2026-03-09T22:11:11.410187+00:00
25025010403,"BOSTON, MA",0.1461,Low,0.0109,0.0109,0.0,0.0,Other,0.0515,High,2026-03-09T17:40:29.411129+00:00
25025010408,"BOSTON, MA",0.0443,Low,0.0,0.0,0.0,0.0,Other,0.0133,High,2026-03-09T19:41:23.301288+00:00
25025060601,"SOUTH BOSTON, MA",0.0896,Low,0.0,0.0,0.0,0.2486,Other,0.0269,High,2026-03-10T07:11:51.083722+00:00
25025070801,"BOSTON, MA",0.0626,Low,0.0,0.0,0.0,0.0,Other,0.0188,High,2026-03-09T19:10:43.748705+00:00
25025070901,"BOSTON, MA",0.056,Low,0.0,0.0,0.0,0.0,Other,0.0168,High,2026-03-09T19:23:10.158249+00:00
25025070902,"BOSTON, MA",0.0899,Low,0.0,0.0,0.0,0.0296,Other,0.027,High,2026-03-10T07:11:30.039005+00:00
26033980100,"KINCHELOE, MI",0.0029,Low,0.0,0.0,0.0,0.0,Other,0.0009,High,2026-03-10T00:45:42.529079+00:00
26033980300,MI,0.0029,Low,0.2452,0.0,0.2452,0.0,Other,0.1725,High,2026-03-10T00:45:45.247446+00:00
26049012602,"MONTROSE, MI",0.0,Low,0.0,0.0,0.0,0.0,Other,0.0,Low,2026-03-10T02:57:12.456372+00:00
26049013402,"GOODRICH, MI",0.0,Low,0.0,0.0,0.0,0.0,Other,0.0,Low,2026-03-10T02:57:01.930206+00:00
26065004402,"EAST LANSING, MI",0.0001,Low,0.0,0.0,0.0,0.1912,Other,0.0,Medium,2026-03-10T02:27:38.833170+00:00
26065004490,"EAST LANSING, MI",0.0004,Low,0.0,0.0,0.0,0.0,Other,0.0001,High,2026-03-10T02:02:39.983829+00:00
26073000702,"MOUNT PLEASANT, MI",0.0039,Low,0.0,0.0,0.0,0.0,Other,0.0012,Low,2026-03-09T23:49:37.556694+00:00
26081002900,"GRAND RAPIDS, MI",0.0001,Low,0.0473,0.0473,0.0,0.4742,Other,0.0331,High,2026-03-10T02:24:04.320327+00:00
26081003000,"GRAND RAPIDS, MI",0.0001,Low,0.0436,0.0436,0.0,0.6929,Residential,0.0306,High,2026-03-10T02:24:01.239174+00:00
26087336500,"LAPEER, MI",0.0001,Low,0.0,0.0,0.0,0.0,Other,0.0,Low,2026-03-10T02:22:24.006516+00:00
26099242001,"CLINTON TOWNSHIP, MI",0.0005,Low,0.3605,0.3605,0.0,0.565,Residential,0.2525,High,2026-03-10T01:54:32.565230+00:00
26099242002,"CLINTON TOWNSHIP, MI",0.0004,Low,0.3151,0.3151,0.0,0.6849,Residential,0.2207,High,2026-03-10T02:01:05.945441+00:00
26099242003,"CLINTON TOWNSHIP, MI",0.0005,Low,0.1631,0.1631,0.0,0.8369,Residential,0.1143,High,2026-03-10T01:51:14.297695+00:00
26099256800,"ROSEVILLE, MI",0.0007,Low,0.0,0.0,0.0,0.0,Other,0.0002,Low,2026-03-10T01:47:14.127248+00:00
26099261601,"WARREN, MI",0.0006,Low,0.0,0.0,0.0,0.0,Other,0.0002,Low,2026-03-10T01:47:38.809305+00:00
26099980100,"WARREN, MI",0.0006,Low,0.0,0.0,0.0,0.0,Other,0.0002,Low,2026-03-10T01:48:11.570552+00:00
26125133101,"WIXOM, MI",0.004,Low,0.0229,0.0229,0.0,0.2615,Other,0.0172,Low,2026-03-09T23:44:00.163013+00:00
26145010305,"SAGINAW, MI",0.0,Low,0.0,0.0,0.0,0.0,Other,0.0,Low,2026-03-10T02:46:02.662246+00:00
26161980300,"YPSILANTI, MI",0.0001,Low,0.0,0.0,0.0,0.0,Other,0.0,Low,2026-03-10T02:33:26.179247+00:00
26163504000,"DETROIT, MI",0.0013,Low,0.0312,0.0312,0.0,0.9688,Residential,0.0222,High,2026-03-10T01:30:00.159179+00:00
26163517100,"DETROIT, MI",0.003,Low,0.2044,0.2044,0.0,0.7956,Residential,0.144,High,2026-03-10T00:42:37.249289+00:00
26163520400,"DETROIT, MI",0.0115,Low,0.0,0.0,0.0,0.4786,Other,0.0034,High,2026-03-09T21:51:00.263672+00:00
26163521800,MI,0.0436,Low,0.0022,0.0022,0.0,0.2495,Other,0.0146,High,2026-03-09T19:43:15.572727+00:00
26163530400,"DETROIT, MI",0.0022,Low,0.0548,0.0548,0.0,0.9452,Residential,0.039,High,2026-03-10T01:08:22.755465+00:00
26163531100,"DETROIT, MI",0.002,Low,0.0811,0.0811,0.0,0.9189,Residential,0.0574,High,2026-03-10T01:13:37.788744+00:00
26163531300,"DETROIT, MI",0.002,Low,0.0303,0.0303,0.0,0.9697,Residential,0.0218,High,2026-03-10T01:12:47.886382+00:00
26163531400,"DETROIT, MI",0.0021,Low,0.0816,0.0816,0.0,0.9184,Residential,0.0577,High,2026-03-10T01:12:15.388349+00:00
26163531502,"DETROIT, MI",0.0026,Low,0.1874,0.1874,0.0,0.8126,Residential,0.1319,High,2026-03-10T00:57:55.719582+00:00
26163531600,"DETROIT, MI",0.0022,Low,0.1076,0.1076,0.0,0.8924,Residential,0.076,High,2026-03-10T01:09:52.227817+00:00
26163532400,"DETROIT, MI",0.0035,Low,0.1353,0.1353,0.0,0.8647,Residential,0.0958,High,2026-03-10T00:19:36.832210+00:00
26163532700,"DETROIT, MI",0.0034,Low,0.0262,0.0262,0.0,0.5989,Residential,0.0194,High,2026-03-10T00:22:37.839896+00:00
26163533100,"DETROIT, MI",0.002,Low,0.152,0.152,0.0,0.768,Residential,0.107,High,2026-03-10T01:13:48.889671+00:00
26163533200,"DETROIT, MI",0.002,Low,0.0848,0.0848,0.0,0.9152,Residential,0.0599,High,2026-03-10T01:15:34.184321+00:00
26163535700,"DETROIT, MI",0.0024,Low,0.0652,0.0652,0.0,0.9348,Residential,0.0464,High,2026-03-10T01:02:40.714750+00:00
26163536700,"DETROIT, MI",0.0022,Low,0.4056,0.0888,0.3168,0.5944,Residential,0.2846,High,2026-03-10T01:08:11.435231+00:00
26163537700,"DETROIT, MI",0.002,Low,0.0688,0.0688,0.0,0.9312,Residential,0.0488,High,2026-03-10T01:14:48.178054+00:00
26163546600,"DETROIT, MI",0.0035,Low,0.0476,0.0476,0.0,0.9524,Residential,0.0344,High,2026-03-10T00:15:40.635940+00:00
26163573701,"DEARBORN, MI",0.0027,Low,0.0,0.0,0.0,0.0,Other,0.0008,Low,2026-03-10T00:53:54.759617+00:00
26163983200,"CANTON, MI",0.0032,Low,0.6407,0.273,0.3676,0.0,Industrial,0.4495,Low,2026-03-10T00:30:15.971278+00:00
26163983302,"LIVONIA, MI",0.0037,Low,1.0,0.0024,0.9976,0.0,Industrial,0.7011,High,2026-03-10T00:01:26.965917+00:00
26163986600,"HAMTRAMCK, MI",0.0017,Low,0.2954,0.0,0.2954,0.0,Other,0.2073,Low,2026-03-10T01:18:26.716513+00:00
27053002200,"MINNEAPOLIS, MN",0.0004,Low,0.1874,0.0,0.0,0.8079,Residential,0.1313,High,2026-03-10T02:03:17.065880+00:00
27053006800,"MINNEAPOLIS, MN",0.0008,Low,0.1475,0.0,0.0,0.8525,Residential,0.1035,High,2026-03-10T01:40:19.151238+00:00
27053008100,"MINNEAPOLIS, MN",0.0008,Low,0.1701,0.0,0.0,0.8274,Residential,0.1193,High,2026-03-10T01:42:49.398136+00:00
27053008200,"MINNEAPOLIS, MN",0.0008,Low,0.1998,0.0,0.0,0.8002,Residential,0.1401,High,2026-03-10T01:42:17.058053+00:00
27053008400,"MINNEAPOLIS, MN",0.0011,Low,0.1251,0.0,0.0,0.8735,Residential,0.0879,High,2026-03-10T01:35:35.033360+00:00
27053101900,"MINNEAPOLIS, MN",0.0005,Low,0.1002,0.0,0.0,0.8763,Residential,0.0703,High,2026-03-10T01:54:24.068693+00:00
27053103900,"MINNEAPOLIS, MN",0.0026,Low,0.0065,0.0,0.0,0.2379,Other,0.0053,High,2026-03-10T00:55:15.553633+00:00
27053107000,"MINNEAPOLIS, MN",0.0019,Low,0.1543,0.0,0.0,0.8437,Residential,0.1086,High,2026-03-10T01:14:58.262183+00:00
27053108600,"MINNEAPOLIS, MN",0.0004,Low,0.1056,0.0,0.0,0.8868,Residential,0.074,High,2026-03-10T02:01:24.252685+00:00
27053109200,"MINNEAPOLIS, MN",0.0011,Low,0.0595,0.0,0.0,0.9264,Residential,0.042,High,2026-03-10T01:35:57.153517+00:00
27053109700,"MINNEAPOLIS, MN",0.0004,Low,0.1577,0.0,0.0,0.8126,Residential,0.1105,High,2026-03-10T01:59:59.867695+00:00
27123032400,"SAINT PAUL, MN",0.0002,Low,0.0,0.0,0.0,0.0558,Other,0.0001,High,2026-03-10T02:16:47.835798+00:00
27123033800,"SAINT PAUL, MN",0.0002,Low,0.0372,0.0372,0.0,0.9586,Residential,0.0261,High,2026-03-10T02:13:52.276230+00:00
27123033900,"SAINT PAUL, MN",0.0004,Low,0.0377,0.0377,0.0,0.9623,Residential,0.0265,High,2026-03-10T02:02:16.127132+00:00
27123035500,"SAINT PAUL, MN",0.0004,Low,0.1182,0.1182,0.0,0.8712,Residential,0.0829,High,2026-03-10T02:02:28.431664+00:00
29095005200,"KANSAS CITY, MO",0.0219,Low,0.0,0.0,0.0,0.2522,Other,0.0066,High,2026-03-09T20:42:13.945286+00:00
29095005400,"KANSAS CITY, MO",0.0223,Low,0.0024,0.0024,0.0,0.0286,Other,0.0084,High,2026-03-09T20:40:46.856110+00:00
29095005601,"KANSAS CITY, MO",0.0189,Low,0.0085,0.0085,0.0,0.0321,Other,0.0116,High,2026-03-09T20:57:04.547201+00:00
29095005602,"KANSAS CITY, MO",0.0184,Low,0.0024,0.0024,0.0,0.0314,Other,0.0072,High,2026-03-09T21:01:21.219243+00:00
29095006000,"KANSAS CITY, MO",0.0182,Low,0.0067,0.0067,0.0,0.1084,Other,0.0101,High,2026-03-09T21:02:44.115701+00:00
30101980000,MT,0.0041,Low,0.0,0.0,0.0,0.0,Other,0.0012,Low,2026-03-09T23:40:25.069776+00:00
31109002001,"LINCOLN, NE",0.0072,Low,0.0756,0.0756,0.0,0.6492,Residential,0.0551,High,2026-03-09T22:35:15.900800+00:00
32003002303,"LAS VEGAS, NV",1.0,High,0.231,0.231,0.0,0.0,Other,0.4617,High,2026-03-09T14:30:19.883564+00:00
34003006101,"RIDGEFIELD, NJ",0.0207,Low,0.2471,0.2471,0.0,0.7015,Residential,0.1792,High,2026-03-09T20:50:47.530473+00:00
34003006202,NJ,0.0251,Low,0.1404,0.1404,0.0,0.7105,Residential,0.1058,High,2026-03-09T20:34:35.071351+00:00
34003018102,"FAIRVIEW, NJ",0.0187,Low,0.4486,0.4486,0.0,0.5514,Residential,0.3196,High,2026-03-09T20:57:07.359015+00:00
34003023303,"HACKENSACK, NJ",0.0226,Low,0.0,0.0,0.0,0.0,Other,0.0068,Low,2026-03-09T20:38:58.294161+00:00
34011010402,"BRIDGETON, NJ",0.0069,Low,0.0,0.0,0.0,0.0,Other,0.0021,High,2026-03-09T22:38:22.643700+00:00
34013000500,"NEWARK, NJ",0.0237,Low,0.4583,0.4583,0.0,0.2282,Commercial,0.3279,High,2026-03-09T20:34:18.742018+00:00
34013001300,"NEWARK, NJ",0.0276,Low,0.2765,0.2765,0.0,0.7235,Residential,0.2018,High,2026-03-09T20:20:13.204938+00:00
34013001400,"NEWARK, NJ",0.0299,Low,0.1204,0.1204,0.0,0.8765,Residential,0.0932,High,2026-03-09T20:15:11.611830+00:00
34013001500,"NEWARK, NJ",0.0243,Low,0.4514,0.4514,0.0,0.3119,Commercial,0.3233,High,2026-03-09T20:31:37.596318+00:00
34013002600,"NEWARK, NJ",0.024,Low,0.0102,0.0102,0.0,0.9635,Residential,0.0143,High,2026-03-09T20:33:51.326669+00:00
34013002800,"NEWARK, NJ",0.0247,Low,0.6273,0.6273,0.0,0.3727,Commercial,0.4465,High,2026-03-09T20:30:45.900505+00:00
34013003500,"IRVINGTON, NJ",0.0247,Low,0.2217,0.2217,0.0,0.7783,Residential,0.1626,High,2026-03-09T20:31:21.122672+00:00
34013003900,"NEWARK, NJ",0.0461,Low,0.1602,0.1602,0.0,0.672,Residential,0.126,High,2026-03-09T19:38:21.579632+00:00
34013005100,"NEWARK, NJ",0.0472,Low,0.17,0.17,0.0,0.83,Residential,0.1331,High,2026-03-09T19:37:48.852774+00:00
34013006200,"NEWARK, NJ",0.0386,Low,0.4154,0.3777,0.0,0.3964,Residential,0.3023,High,2026-03-09T19:52:48.529417+00:00
34013006600,"NEWARK, NJ",0.0682,Low,0.5283,0.5053,0.0,0.356,Commercial,0.3903,High,2026-03-09T19:03:28.323681+00:00
34013007200,"NEWARK, NJ",0.0854,Low,0.3419,0.1669,0.0,0.6581,Residential,0.2649,High,2026-03-10T07:17:07.642055+00:00
34013007600,"NEWARK, NJ",0.0373,Low,0.1317,0.1317,0.0,0.8683,Residential,0.1034,High,2026-03-09T19:56:16.563636+00:00
34013007700,"NEWARK, NJ",0.0732,Low,0.8585,0.133,0.0,0.1415,Mixed Use,0.6229,High,2026-03-10T07:27:21.434121+00:00
34013007800,"NEWARK, NJ",0.0802,Low,0.4375,0.1237,0.0,0.5051,Residential,0.3303,High,2026-03-10T07:22:14.693654+00:00
34013008900,"NEWARK, NJ",0.0274,Low,0.221,0.221,0.0,0.779,Residential,0.163,High,2026-03-09T20:20:29.777969+00:00
34013010800,"EAST ORANGE, NJ",0.0252,Low,0.0066,0.0016,0.005,0.0017,Other,0.0122,High,2026-03-09T20:28:33.307133+00:00
34013011600,"EAST ORANGE, NJ",0.0259,Low,0.0869,0.0869,0.0,0.8564,Residential,0.0686,High,2026-03-09T20:25:27.158000+00:00
34013013000,"IRVINGTON, NJ",0.0279,Low,0.0,0.0,0.0,0.7613,Residential,0.0084,High,2026-03-09T20:18:14.192736+00:00
34017000102,"JERSEY CITY, NJ",0.0794,Low,0.0,0.0,0.0,1.0,Residential,0.0238,High,2026-03-10T07:23:30.013315+00:00
34017000500,"JERSEY CITY, NJ",0.0864,Low,0.0459,0.0459,0.0,0.9541,Residential,0.0581,High,2026-03-10T07:16:43.472293+00:00
34017000600,"JERSEY CITY, NJ",0.0899,Low,0.0964,0.0964,0.0,0.7979,Residential,0.0945,High,2026-03-10T07:14:00.786221+00:00
34017000700,"JERSEY CITY, NJ",0.0807,Low,0.1692,0.1692,0.0,0.2774,Other,0.1427,High,2026-03-10T07:22:54.537256+00:00
34017001000,"JERSEY CITY, NJ",0.0818,Low,0.0,0.0,0.0,1.0,Residential,0.0245,High,2026-03-10T07:20:35.876935+00:00
34017001201,"JERSEY CITY, NJ",0.0687,Low,0.0,0.0,0.0,0.8034,Residential,0.0206,High,2026-03-10T07:30:52.847348+00:00
34017001800,"JERSEY CITY, NJ",0.0893,Low,0.0484,0.0031,0.0453,0.6149,Residential,0.0607,High,2026-03-10T07:12:43.675211+00:00
34017002001,"JERSEY CITY, NJ",0.0639,Low,0.0,0.0,0.0,0.0,Other,0.0192,High,2026-03-09T19:09:02.173459+00:00
34017002300,"JERSEY CITY, NJ",0.1042,Low,0.1618,0.1618,0.0,0.4704,Residential,0.1445,High,2026-03-10T07:04:07.710664+00:00
34017002400,"JERSEY CITY, NJ",0.1025,Low,0.0,0.0,0.0,0.0329,Other,0.0308,High,2026-03-10T07:04:55.723703+00:00
34017003101,"JERSEY CITY, NJ",0.077,Low,0.0,0.0,0.0,0.1901,Other,0.0231,High,2026-03-10T07:24:20.441377+00:00
34017003500,"JERSEY CITY, NJ",0.083,Low,0.0,0.0,0.0,0.0,Other,0.0249,High,2026-03-10T07:19:43.390076+00:00
34017004103,"JERSEY CITY, NJ",0.1426,Low,0.2366,0.2366,0.0,0.3064,Other,0.2084,High,2026-03-09T17:43:27.831387+00:00
34017004104,"JERSEY CITY, NJ",0.1018,Low,0.0183,0.0183,0.0,0.5741,Residential,0.0434,High,2026-03-10T07:04:32.511619+00:00
34017004200,"JERSEY CITY, NJ",0.1871,Low,0.195,0.195,0.0,0.805,Residential,0.1926,High,2026-03-09T17:26:49.985399+00:00
34017004400,"JERSEY CITY, NJ",0.1586,Low,0.034,0.0,0.0,0.5797,Residential,0.0714,High,2026-03-09T17:36:11.362235+00:00
34017005500,"JERSEY CITY, NJ",0.1555,Low,0.0312,0.0,0.0,0.3961,Other,0.0685,High,2026-03-10T06:44:42.950170+00:00
34017005600,"JERSEY CITY, NJ",0.1833,Low,0.0193,0.0,0.0,0.9205,Residential,0.0685,High,2026-03-09T17:27:42.454038+00:00
34017005902,"JERSEY CITY, NJ",0.1549,Low,0.0128,0.0,0.0,0.8248,Residential,0.0554,High,2026-03-09T17:39:19.127815+00:00
34017006000,"JERSEY CITY, NJ",0.1494,Low,0.0029,0.0,0.0,0.609,Residential,0.0469,High,2026-03-09T17:41:41.511651+00:00
34017006200,"JERSEY CITY, NJ",0.166,Low,0.0114,0.0114,0.0,0.849,Residential,0.0578,High,2026-03-09T17:34:19.132804+00:00
34017006400,"JERSEY CITY, NJ",0.1133,Low,0.0595,0.005,0.0,0.0,Other,0.0756,High,2026-03-09T18:02:41.331889+00:00
34017006800,"JERSEY CITY, NJ",0.1991,Low,0.0751,0.0,0.0,0.3715,Other,0.1123,High,2026-03-09T17:22:46.057100+00:00
34017007001,"JERSEY CITY, NJ",0.1002,Low,0.0,0.0,0.0,0.0,Other,0.03,High,2026-03-10T07:05:15.886750+00:00
34017007002,"JERSEY CITY, NJ",0.0917,Low,0.1635,0.1635,0.0,0.0195,Other,0.1419,High,2026-03-10T07:10:38.457168+00:00
34017010602,"BAYONNE, NJ",0.1479,Low,0.0974,0.0974,0.0,0.9026,Residential,0.1126,High,2026-03-09T17:41:49.961570+00:00
34017010701,"BAYONNE, NJ",0.1236,Low,0.1755,0.1755,0.0,0.6954,Residential,0.1599,High,2026-03-09T17:52:49.385017+00:00
34017010702,"BAYONNE, NJ",0.1303,Low,0.1794,0.1794,0.0,0.6146,Residential,0.1647,High,2026-03-09T17:47:46.679966+00:00
34017011000,"BAYONNE, NJ",0.1281,Low,0.2805,0.2805,0.0,0.7195,Residential,0.2348,High,2026-03-09T17:49:40.737186+00:00
34017013600,"HARRISON, NJ",0.0713,Low,0.1685,0.1685,0.0,0.8315,Residential,0.1394,High,2026-03-10T07:28:43.721216+00:00
34017015003,"GUTTENBERG, NJ",0.0787,Low,0.0108,0.0108,0.0,0.9892,Residential,0.0312,High,2026-03-10T07:23:03.528549+00:00
34017015300,"WEST NEW YORK, NJ",0.1054,Low,0.1042,0.1042,0.0,0.8958,Residential,0.1046,High,2026-03-10T07:02:08.740972+00:00
34017015600,"WEST NEW YORK, NJ",0.1116,Low,0.2037,0.2037,0.0,0.7963,Residential,0.1761,High,2026-03-10T06:58:37.342270+00:00
34017015700,"WEST NEW YORK, NJ",0.0899,Low,0.2177,0.2177,0.0,0.7823,Residential,0.1793,High,2026-03-10T07:11:59.461553+00:00
34017015900,"WEST NEW YORK, NJ",0.1185,Low,0.4142,0.2382,0.176,0.5858,Residential,0.3255,High,2026-03-09T17:57:07.703901+00:00
34017016400,"UNION CITY, NJ",0.1309,Low,0.1602,0.1602,0.0,0.8398,Residential,0.1514,High,2026-03-09T17:48:28.736259+00:00
34017016800,"UNION CITY, NJ",0.088,Low,0.3625,0.3625,0.0,0.6375,Residential,0.2801,High,2026-03-10T07:13:23.187374+00:00
34017016900,"UNION CITY, NJ",0.084,Low,0.2738,0.2738,0.0,0.7262,Residential,0.2168,High,2026-03-10T07:17:57.023387+00:00
34017017000,"UNION CITY, NJ",0.102,Low,0.4414,0.1362,0.3052,0.5586,Residential,0.3396,High,2026-03-10T07:04:06.233210+00:00
34017017200,"UNION CITY, NJ",0.094,Low,0.2285,0.2285,0.0,0.7715,Residential,0.1882,High,2026-03-10T07:08:55.506449+00:00
34017017300,"UNION CITY, NJ",0.0747,Low,0.0,0.0,0.0,0.9666,Residential,0.0224,High,2026-03-10T07:26:16.630605+00:00
34017017400,"UNION CITY, NJ",0.0758,Low,0.0294,0.0294,0.0,0.9706,Residential,0.0433,High,2026-03-10T07:25:00.668542+00:00
34017017500,"UNION CITY, NJ",0.1224,Low,0.0,0.0,0.0,1.0,Residential,0.0367,High,2026-03-09T17:53:01.123889+00:00
34017017600,"UNION CITY, NJ",0.0907,Low,0.1896,0.1896,0.0,0.8104,Residential,0.1599,High,2026-03-10T07:11:04.960563+00:00
34017018401,"HOBOKEN, NJ",0.1392,Low,0.1482,0.0,0.1482,0.8518,Residential,0.1455,High,2026-03-09T17:45:17.552786+00:00
34017018502,"HOBOKEN, NJ",0.0846,Low,0.0,0.0,0.0,1.0,Residential,0.0254,High,2026-03-10T07:19:40.139067+00:00
34017018600,"HOBOKEN, NJ",0.103,Low,0.0,0.0,0.0,1.0,Residential,0.0309,High,2026-03-10T07:04:32.094366+00:00
34017018702,"HOBOKEN, NJ",0.1772,Low,0.0,0.0,0.0,1.0,Residential,0.0532,High,2026-03-09T17:31:35.001694+00:00
34017018800,"HOBOKEN, NJ",0.1531,Low,0.0,0.0,0.0,1.0,Residential,0.0459,High,2026-03-09T17:40:56.485510+00:00
34017019100,"HOBOKEN, NJ",0.1522,Low,0.0,0.0,0.0,1.0,Residential,0.0457,High,2026-03-09T17:41:36.900462+00:00
34017019300,"HOBOKEN, NJ",0.1382,Low,0.3626,0.2667,0.0,0.3053,Other,0.2953,High,2026-03-09T17:46:13.696457+00:00
34017019400,"HOBOKEN, NJ",0.1184,Low,0.768,0.768,0.0,0.232,Commercial,0.5731,High,2026-03-09T17:56:33.557789+00:00
34021980000,NJ,0.0492,Low,1.0,0.0225,0.9775,0.0,Industrial,0.7148,High,2026-03-09T19:32:51.303370+00:00
34031175803,"PASSAIC, NJ",0.0098,Low,0.5569,0.5098,0.0471,0.355,Commercial,0.3928,High,2026-03-09T22:03:39.900630+00:00
34031175804,"PASSAIC, NJ",0.0105,Low,0.0645,0.0645,0.0,0.6939,Residential,0.0483,High,2026-03-09T21:57:53.613162+00:00
34031180203,"PATERSON, NJ",0.0049,Low,0.0,0.0,0.0,0.0,Other,0.0015,Low,2026-03-09T23:14:40.724890+00:00
34031182701,"PATERSON, NJ",0.0053,Low,0.0,0.0,0.0,0.0,Other,0.0016,Low,2026-03-09T23:06:54.312955+00:00
34033021000,"ELMER, NJ",0.0179,Low,0.0691,0.0497,0.0194,0.4678,Residential,0.0537,High,2026-03-09T21:04:46.371426+00:00
34039032004,"ELIZABETH, NJ",0.063,Low,0.0,0.0,0.0,0.643,Residential,0.0189,High,2026-03-09T19:11:02.583405+00:00
35001980300,"ALBUQUERQUE, NM",0.008,Low,0.0511,0.0,0.0,0.0,Other,0.0382,High,2026-03-09T22:23:02.078287+00:00
35057980000,NM,0.0022,Low,0.0,0.0,0.0,0.0,Other,0.0007,High,2026-03-10T01:05:55.268106+00:00
36003940200,NY,0.0028,Low,0.0,0.0,0.0,0.0,Other,0.0008,Low,2026-03-10T00:48:09.869360+00:00
36005001600,"BRONX, NY",0.0099,Low,0.0464,0.0464,0.0,0.8607,Residential,0.0355,High,2026-03-09T22:03:17.920071+00:00
36005001904,NY,0.005,Low,1.0,0.3334,0.6666,0.0,Industrial,0.7015,High,2026-03-09T23:10:43.660396+00:00
36005002001,"BRONX, NY",0.0121,Low,0.0,0.0,0.0,0.3533,Other,0.0036,High,2026-03-09T21:46:16.685290+00:00
36005002002,"BRONX, NY",0.0113,Low,0.1418,0.1418,0.0,0.8582,Residential,0.1027,High,2026-03-09T21:52:34.641379+00:00
36005002300,"BRONX, NY",0.0174,Low,0.012,0.0,0.012,0.9233,Residential,0.0136,High,2026-03-09T21:06:14.885725+00:00
36005002500,"BRONX, NY",0.019,Low,0.2101,0.2101,0.0,0.7899,Residential,0.1528,High,2026-03-09T20:54:21.810800+00:00
36005002701,"BRONX, NY",0.0136,Low,0.2348,0.1003,0.1345,0.6945,Residential,0.1685,High,2026-03-09T21:35:32.609899+00:00
36005002702,"BRONX, NY",0.0127,Low,0.4835,0.097,0.3866,0.5165,Residential,0.3423,High,2026-03-09T21:42:25.704570+00:00
36005002800,"BRONX, NY",0.0167,Low,0.4436,0.1689,0.2747,0.5564,Residential,0.3155,High,2026-03-09T21:11:30.526685+00:00
36005003100,"BRONX, NY",0.0099,Low,0.6923,0.0,0.6923,0.2628,Industrial,0.4876,High,2026-03-09T22:02:13.862289+00:00
36005003300,"BRONX, NY",0.0106,Low,0.4101,0.0052,0.4049,0.5899,Residential,0.2902,High,2026-03-09T21:56:54.516088+00:00
36005003500,"BRONX, NY",0.0139,Low,0.1007,0.0,0.1007,0.3038,Other,0.0747,High,2026-03-09T21:32:56.772474+00:00
36005003700,"BRONX, NY",0.0059,Low,0.0,0.0,0.0,0.1083,Other,0.0018,High,2026-03-09T22:54:01.067318+00:00
36005003800,"BRONX, NY",0.0075,Low,0.0,0.0,0.0,1.0,Residential,0.0022,High,2026-03-09T22:30:38.083579+00:00
36005003900,"BRONX, NY",0.0142,Low,0.139,0.139,0.0,0.8066,Residential,0.1016,High,2026-03-09T21:31:12.116363+00:00
36005004001,"BRONX, NY",0.0078,Low,0.0107,0.0107,0.0,0.9893,Residential,0.0099,High,2026-03-09T22:25:41.553330+00:00
36005004100,"BRONX, NY",0.0141,Low,0.1358,0.1358,0.0,0.8212,Residential,0.0993,High,2026-03-09T21:31:37.664039+00:00
36005004300,"BRONX, NY",0.0148,Low,0.3612,0.3612,0.0,0.6388,Residential,0.2573,High,2026-03-09T21:26:35.496452+00:00
36005004400,"BRONX, NY",0.0136,Low,0.0948,0.0948,0.0,0.9052,Residential,0.0705,High,2026-03-09T21:35:33.981748+00:00
36005004600,"BRONX, NY",0.0085,Low,0.1353,0.1353,0.0,0.7964,Residential,0.0973,High,2026-03-09T22:16:59.638935+00:00
36005004800,"BRONX, NY",0.0138,Low,0.2176,0.2176,0.0,0.7824,Residential,0.1565,High,2026-03-09T21:33:44.237194+00:00
36005005001,"BRONX, NY",0.0181,Low,0.1284,0.1284,0.0,0.8716,Residential,0.0953,High,2026-03-09T21:01:15.196547+00:00
36005005002,"BRONX, NY",0.0265,Low,0.3454,0.3454,0.0,0.6546,Residential,0.2497,High,2026-03-09T20:22:55.667175+00:00
36005005200,"BRONX, NY",0.0084,Low,0.5424,0.0,0.5424,0.3679,Industrial,0.3822,High,2026-03-09T22:18:59.090815+00:00
36005005300,"BRONX, NY",0.0387,Low,0.8061,0.0,0.8061,0.1939,Industrial,0.5759,High,2026-03-09T19:52:08.202121+00:00
36005005400,"BRONX, NY",0.0142,Low,0.2787,0.19,0.0887,0.696,Residential,0.1994,High,2026-03-09T21:31:41.467915+00:00
36005005600,"BRONX, NY",0.0092,Low,0.2179,0.2179,0.0,0.7522,Residential,0.1553,High,2026-03-09T22:10:48.335794+00:00
36005006200,"BRONX, NY",0.0167,Low,0.1022,0.1022,0.0,0.8624,Residential,0.0766,High,2026-03-09T21:12:08.851411+00:00
36005006400,"BRONX, NY",0.0122,Low,0.0,0.0,0.0,1.0,Residential,0.0037,High,2026-03-09T21:46:22.816744+00:00
36005006800,"BRONX, NY",0.01,Low,0.1339,0.1339,0.0,0.6887,Residential,0.0968,High,2026-03-09T22:01:47.715111+00:00
36005006900,"BRONX, NY",0.0316,Low,0.0649,0.0649,0.0,0.9351,Residential,0.0549,High,2026-03-09T20:09:36.835699+00:00
36005007000,"BRONX, NY",0.0115,Low,0.0327,0.0327,0.0,0.9513,Residential,0.0263,High,2026-03-09T21:51:19.064021+00:00
36005007200,"BRONX, NY",0.015,Low,0.1688,0.1688,0.0,0.8286,Residential,0.1227,High,2026-03-09T21:24:56.289395+00:00
36005007300,"BRONX, NY",0.0135,Low,0.0132,0.0132,0.0,0.9836,Residential,0.0133,High,2026-03-09T21:36:11.387225+00:00
36005007400,"BRONX, NY",0.0099,Low,0.0,0.0,0.0,1.0,Residential,0.003,High,2026-03-09T22:02:57.967343+00:00
36005007500,"BRONX, NY",0.0179,Low,0.0437,0.0437,0.0,0.932,Residential,0.0359,High,2026-03-09T21:02:51.537902+00:00
36005007600,"BRONX, NY",0.0128,Low,0.1233,0.1233,0.0,0.8197,Residential,0.0902,High,2026-03-09T21:42:17.398470+00:00
36005007700,"BRONX, NY",0.0112,Low,0.3196,0.3196,0.0,0.6804,Residential,0.2271,High,2026-03-09T21:52:10.465153+00:00
36005007800,"BRONX, NY",0.012,Low,0.0507,0.0507,0.0,0.9451,Residential,0.0391,High,2026-03-09T21:48:36.321661+00:00
36005007900,"BRONX, NY",0.0167,Low,0.2628,0.2628,0.0,0.7372,Residential,0.189,High,2026-03-09T21:12:08.040706+00:00
36005008300,"BRONX, NY",0.0137,Low,0.1599,0.1599,0.0,0.8401,Residential,0.116,High,2026-03-09T21:35:01.071618+00:00
36005008400,"BRONX, NY",0.0103,Low,0.0,0.0,0.0,0.9737,Residential,0.0031,High,2026-03-09T21:59:38.162589+00:00
36005008500,"BRONX, NY",0.0164,Low,0.1771,0.1771,0.0,0.8229,Residential,0.1289,High,2026-03-09T21:14:42.216413+00:00
36005008600,"BRONX, NY",0.0116,Low,0.0,0.0,0.0,0.9708,Residential,0.0035,High,2026-03-09T21:49:35.728337+00:00
36005008700,"BRONX, NY",0.0162,Low,0.0,0.0,0.0,0.782,Residential,0.0049,High,2026-03-09T21:15:34.556310+00:00
36005008900,"BRONX, NY",0.0119,Low,0.1503,0.1503,0.0,0.8497,Residential,0.1088,High,2026-03-09T21:47:29.303405+00:00
36005009200,"BRONX, NY",0.0111,Low,0.1312,0.1312,0.0,0.7738,Residential,0.0951,High,2026-03-09T21:53:47.373016+00:00
36005011701,"BRONX, NY",0.0074,Low,0.4547,0.0,0.4547,0.0929,Industrial,0.3205,High,2026-03-09T22:31:05.796110+00:00
36005012101,"BRONX, NY",0.0118,Low,0.2218,0.0,0.2218,0.7782,Residential,0.1588,High,2026-03-09T21:48:50.288782+00:00
36005012102,"BRONX, NY",0.0097,Low,0.3203,0.0,0.3203,0.6797,Residential,0.2271,High,2026-03-09T22:04:17.112535+00:00
36005012500,"BRONX, NY",0.011,Low,0.0268,0.0268,0.0,0.9732,Residential,0.0221,High,2026-03-09T21:54:30.244219+00:00
36005012701,"BRONX, NY",0.0094,Low,0.0,0.0,0.0,0.9893,Residential,0.0028,High,2026-03-09T22:09:05.958002+00:00
36005012901,"BRONX, NY",0.0136,Low,0.0154,0.0154,0.0,0.9846,Residential,0.0148,High,2026-03-09T21:36:00.596065+00:00
36005013000,"BRONX, NY",0.0071,Low,0.0,0.0,0.0,1.0,Residential,0.0021,High,2026-03-09T22:36:32.499264+00:00
36005013100,"BRONX, NY",0.0147,Low,0.0,0.0,0.0,0.9596,Residential,0.0044,High,2026-03-09T21:26:59.836998+00:00
36005013300,"BRONX, NY",0.0205,Low,0.0293,0.0293,0.0,0.9707,Residential,0.0266,High,2026-03-09T20:46:34.928677+00:00
36005013500,"BRONX, NY",0.0127,Low,0.0115,0.0115,0.0,0.934,Residential,0.0119,High,2026-03-09T21:42:14.615213+00:00
36005014100,NY,0.0302,Low,0.1658,0.1658,0.0,0.7494,Residential,0.1251,High,2026-03-09T20:12:33.545281+00:00
36005014300,"BRONX, NY",0.0121,Low,0.6757,0.0,0.6757,0.3243,Industrial,0.4766,High,2026-03-09T21:46:04.371353+00:00
36005014400,"BRONX, NY",0.0094,Low,0.0,0.0,0.0,1.0,Residential,0.0028,High,2026-03-09T22:09:09.290177+00:00
36005014500,"BRONX, NY",0.0197,Low,0.2444,0.0,0.2444,0.7311,Residential,0.177,High,2026-03-09T20:50:24.655054+00:00
36005014701,"BRONX, NY",0.0205,Low,0.0,0.0,0.0,0.9634,Residential,0.0062,High,2026-03-09T20:46:18.311860+00:00
36005014702,"BRONX, NY",0.0213,Low,0.0,0.0,0.0,1.0,Residential,0.0064,High,2026-03-09T20:43:05.305194+00:00
36005014900,"BRONX, NY",0.0151,Low,0.2006,0.2006,0.0,0.7994,Residential,0.145,High,2026-03-09T21:23:14.894542+00:00
36005015100,"BRONX, NY",0.0154,Low,0.1709,0.1709,0.0,0.8291,Residential,0.1243,High,2026-03-09T21:21:23.132246+00:00
36005015200,"BRONX, NY",0.0079,Low,0.0,0.0,0.0,1.0,Residential,0.0024,High,2026-03-09T22:25:29.777829+00:00
36005015300,"BRONX, NY",0.0115,Low,0.0,0.0,0.0,0.8824,Residential,0.0035,High,2026-03-09T21:50:33.332744+00:00
36005015500,"BRONX, NY",0.0115,Low,0.0252,0.0252,0.0,0.1759,Other,0.0211,High,2026-03-09T21:50:20.503052+00:00
36005015700,"BRONX, NY",0.0115,Low,0.175,0.114,0.0609,0.5935,Residential,0.1259,High,2026-03-09T21:50:25.871603+00:00
36005015800,"BRONX, NY",0.007,Low,0.0,0.0,0.0,1.0,Residential,0.0021,High,2026-03-09T22:37:35.124999+00:00
36005015900,"BRONX, NY",0.0094,Low,0.0669,0.0669,0.0,0.9331,Residential,0.0496,High,2026-03-09T22:07:55.141125+00:00
36005016200,"BRONX, NY",0.0076,Low,0.0,0.0,0.0,1.0,Residential,0.0023,High,2026-03-09T22:29:05.870176+00:00
36005016400,"BRONX, NY",0.0069,Low,0.0,0.0,0.0,1.0,Residential,0.0021,High,2026-03-09T22:38:39.433885+00:00
36005016500,"BRONX, NY",0.0071,Low,0.928,0.0411,0.8869,0.072,Industrial,0.6517,High,2026-03-09T22:35:36.471005+00:00
36005016700,"BRONX, NY",0.0102,Low,0.7524,0.017,0.7354,0.2476,Industrial,0.5298,High,2026-03-09T21:59:29.449008+00:00
36005016900,"BRONX, NY",0.0091,Low,0.0,0.0,0.0,1.0,Residential,0.0027,High,2026-03-09T22:11:30.279531+00:00
36005017100,"BRONX, NY",0.0061,Low,0.0,0.0,0.0,0.0206,Other,0.0018,High,2026-03-09T22:51:26.586777+00:00
36005017500,"BRONX, NY",0.0224,Low,0.0,0.0,0.0,0.9621,Residential,0.0067,High,2026-03-09T20:39:01.916059+00:00
36005017701,"BRONX, NY",0.0181,Low,0.0705,0.0,0.0705,0.9295,Residential,0.0548,High,2026-03-09T21:00:46.416176+00:00
36005017702,"BRONX, NY",0.02,Low,0.0,0.0,0.0,1.0,Residential,0.006,High,2026-03-09T20:49:24.053189+00:00
36005017901,"BRONX, NY",0.0266,Low,0.0,0.0,0.0,0.912,Residential,0.008,High,2026-03-09T20:22:01.958669+00:00
36005017902,"BRONX, NY",0.0212,Low,0.0691,0.0691,0.0,0.6801,Residential,0.0548,High,2026-03-09T20:43:46.161164+00:00
36005018101,"BRONX, NY",0.017,Low,0.0,0.0,0.0,1.0,Residential,0.0051,High,2026-03-09T21:09:38.415093+00:00
36005018102,"BRONX, NY",0.0273,Low,0.0,0.0,0.0,0.9439,Residential,0.0082,High,2026-03-09T20:20:00.978131+00:00
36005018301,"BRONX, NY",0.0234,Low,0.1083,0.1083,0.0,0.6657,Residential,0.0828,High,2026-03-09T20:34:48.735693+00:00
36005018302,"BRONX, NY",0.0178,Low,0.0874,0.0874,0.0,0.9126,Residential,0.0665,High,2026-03-09T21:03:27.716687+00:00
36005018501,"BRONX, NY",0.0181,Low,0.6742,0.0831,0.5912,0.0299,Industrial,0.4774,High,2026-03-09T21:00:25.113578+00:00
36005019500,"BRONX, NY",0.0416,Low,0.0157,0.0157,0.0,0.7217,Residential,0.0235,High,2026-03-09T19:46:52.958580+00:00
36005019700,"BRONX, NY",0.0276,Low,0.0,0.0,0.0,0.9855,Residential,0.0083,High,2026-03-09T20:19:14.771457+00:00
36005019900,"BRONX, NY",0.0264,Low,0.0,0.0,0.0,1.0,Residential,0.0079,High,2026-03-09T20:23:15.518869+00:00
36005020200,"BRONX, NY",0.0121,Low,0.1034,0.1034,0.0,0.1481,Other,0.076,High,2026-03-09T21:46:58.895565+00:00
36005020400,"BRONX, NY",0.0152,Low,0.0461,0.0461,0.0,0.6749,Residential,0.0368,High,2026-03-09T21:22:58.369425+00:00
36005020502,"BRONX, NY",0.0105,Low,0.0,0.0,0.0,1.0,Residential,0.0032,High,2026-03-09T21:57:09.300263+00:00
36005020601,"BRONX, NY",0.0091,Low,0.1363,0.1363,0.0,0.3627,Other,0.0981,High,2026-03-09T22:12:07.328964+00:00
36005020900,"BRONX, NY",0.0186,Low,0.0,0.0,0.0,0.9277,Residential,0.0056,High,2026-03-09T20:56:56.154317+00:00
36005021100,"BRONX, NY",0.0208,Low,0.0,0.0,0.0,0.9818,Residential,0.0062,High,2026-03-09T20:45:44.361380+00:00
36005021200,,0.0219,Low,1.0,1.0,0.0,0.0,Commercial,0.7066,High,2026-03-09T20:40:36.635788+00:00
36005021301,"BRONX, NY",0.0073,Low,0.0,0.0,0.0,0.9608,Residential,0.0022,High,2026-03-09T22:31:58.223107+00:00
36005021302,"BRONX, NY",0.0188,Low,0.0131,0.0131,0.0,0.9617,Residential,0.0148,High,2026-03-09T20:55:24.920662+00:00
36005021501,"BRONX, NY",0.0197,Low,0.0,0.0,0.0,0.9849,Residential,0.0059,High,2026-03-09T20:50:24.943480+00:00
36005021502,"BRONX, NY",0.0265,Low,0.0,0.0,0.0,0.9908,Residential,0.008,High,2026-03-09T20:22:35.273358+00:00
36005021601,"BRONX, NY",0.0148,Low,0.2933,0.2933,0.0,0.6995,Residential,0.2097,High,2026-03-09T21:25:46.818116+00:00
36005021900,"BRONX, NY",0.0099,Low,0.0854,0.0607,0.0247,0.8332,Residential,0.0628,High,2026-03-09T22:02:51.832170+00:00
36005022101,"BRONX, NY",0.0219,Low,0.0,0.0,0.0,1.0,Residential,0.0066,High,2026-03-09T20:40:25.862255+00:00
36005022102,"BRONX, NY",0.0393,Low,0.0,0.0,0.0,0.9039,Residential,0.0118,High,2026-03-09T19:51:14.064039+00:00
36005022200,"BRONX, NY",0.0092,Low,0.301,0.301,0.0,0.6484,Residential,0.2135,High,2026-03-09T22:10:51.676106+00:00
36005022300,"BRONX, NY",0.0281,Low,0.0,0.0,0.0,0.9665,Residential,0.0084,High,2026-03-09T20:17:58.258317+00:00
36005022401,"BRONX, NY",0.0116,Low,0.0541,0.0541,0.0,0.9459,Residential,0.0414,High,2026-03-09T21:49:21.063809+00:00
36005022403,"BRONX, NY",0.0111,Low,0.0,0.0,0.0,1.0,Residential,0.0033,High,2026-03-09T21:52:29.003818+00:00
36005022404,"BRONX, NY",0.0213,Low,0.0389,0.0389,0.0,0.9611,Residential,0.0336,High,2026-03-09T20:43:09.799990+00:00
36005022500,"BRONX, NY",0.031,Low,0.0,0.0,0.0,0.8849,Residential,0.0093,High,2026-03-09T20:10:42.899787+00:00
36005022701,"BRONX, NY",0.0171,Low,0.0,0.0,0.0,0.9199,Residential,0.0051,High,2026-03-09T21:08:42.876868+00:00
36005022702,"BRONX, NY",0.0068,Low,0.0,0.0,0.0,0.5539,Residential,0.002,High,2026-03-09T22:39:30.191952+00:00
36005022703,"BRONX, NY",0.0143,Low,0.0,0.0,0.0,0.7983,Residential,0.0043,High,2026-03-09T21:29:24.874905+00:00
36005022800,"BRONX, NY",0.0162,Low,0.0,0.0,0.0,1.0,Residential,0.0049,High,2026-03-09T21:15:43.620092+00:00
36005022901,"BRONX, NY",0.0196,Low,0.0,0.0,0.0,0.9484,Residential,0.0059,High,2026-03-09T20:51:22.132876+00:00
36005022902,"BRONX, NY",0.0159,Low,0.0,0.0,0.0,1.0,Residential,0.0048,High,2026-03-09T21:17:43.860389+00:00
36005023000,"BRONX, NY",0.0099,Low,0.1877,0.1877,0.0,0.8123,Residential,0.1343,High,2026-03-09T22:02:58.725836+00:00
36005023100,"BRONX, NY",0.0083,Low,0.6272,0.1027,0.5245,0.3728,Industrial,0.4416,High,2026-03-09T22:19:58.633694+00:00
36005023200,"BRONX, NY",0.0095,Low,0.1337,0.1337,0.0,0.8227,Residential,0.0964,High,2026-03-09T22:08:27.617319+00:00
36005023301,"BRONX, NY",0.0145,Low,0.0358,0.0358,0.0,0.8757,Residential,0.0294,High,2026-03-09T21:28:01.594934+00:00
36005023302,"BRONX, NY",0.0261,Low,0.0,0.0,0.0,0.9805,Residential,0.0078,High,2026-03-09T20:23:42.393323+00:00
36005023501,"BRONX, NY",0.0182,Low,0.0,0.0,0.0,0.7748,Residential,0.0054,High,2026-03-09T20:59:48.740830+00:00
36005023502,"BRONX, NY",0.0199,Low,0.0,0.0,0.0,0.849,Residential,0.006,High,2026-03-09T20:49:34.745531+00:00
36005023600,"BRONX, NY",0.0086,Low,0.0547,0.0547,0.0,0.8967,Residential,0.0409,High,2026-03-09T22:16:38.626425+00:00
36005023702,"BRONX, NY",0.0069,Low,0.2098,0.2098,0.0,0.3956,Residential,0.1489,High,2026-03-09T22:38:56.619787+00:00
36005023703,"BRONX, NY",0.0262,Low,0.078,0.078,0.0,0.7291,Residential,0.0625,High,2026-03-09T20:23:27.624566+00:00
36005023704,"BRONX, NY",0.0224,Low,0.0,0.0,0.0,0.8866,Residential,0.0067,High,2026-03-09T20:38:22.020111+00:00
36005023800,"BRONX, NY",0.008,Low,0.3208,0.0495,0.2712,0.6792,Residential,0.2269,High,2026-03-09T22:24:06.652187+00:00
36005023900,"BRONX, NY",0.031,Low,0.0354,0.0354,0.0,0.9646,Residential,0.0341,High,2026-03-09T20:11:05.569852+00:00
36005024100,"BRONX, NY",0.0233,Low,0.0313,0.0313,0.0,0.8993,Residential,0.0289,High,2026-03-09T20:35:48.762598+00:00
36005024400,"BRONX, NY",0.0089,Low,0.1047,0.0649,0.0398,0.8953,Residential,0.076,High,2026-03-09T22:14:11.920385+00:00
36005024501,"BRONX, NY",0.0163,Low,0.1011,0.1011,0.0,0.8989,Residential,0.0756,High,2026-03-09T21:15:27.458857+00:00
36005024502,"BRONX, NY",0.0153,Low,0.0682,0.0682,0.0,0.9318,Residential,0.0524,High,2026-03-09T21:21:30.066787+00:00
36005024600,"BRONX, NY",0.0085,Low,0.0,0.0,0.0,1.0,Residential,0.0026,High,2026-03-09T22:17:54.507693+00:00
36005024800,"BRONX, NY",0.0147,Low,0.0,0.0,0.0,1.0,Residential,0.0044,High,2026-03-09T21:27:13.390149+00:00
36005024900,"BRONX, NY",0.0058,Low,0.0,0.0,0.0,1.0,Residential,0.0017,High,2026-03-09T22:55:45.620492+00:00
36005025000,"BRONX, NY",0.0132,Low,0.0,0.0,0.0,1.0,Residential,0.004,High,2026-03-09T21:39:30.671821+00:00
36005025100,"BRONX, NY",0.0141,Low,0.0284,0.0284,0.0,0.9454,Residential,0.0241,High,2026-03-09T21:31:56.001436+00:00
36005025200,"BRONX, NY",0.0132,Low,0.0,0.0,0.0,1.0,Residential,0.004,High,2026-03-09T21:39:43.128359+00:00
36005025300,"BRONX, NY",0.027,Low,0.0136,0.0136,0.0,0.9864,Residential,0.0176,High,2026-03-09T20:21:11.224171+00:00
36005025400,"BRONX, NY",0.0104,Low,0.0,0.0,0.0,0.9241,Residential,0.0031,High,2026-03-09T21:59:00.713743+00:00
36005025500,"BRONX, NY",0.0275,Low,0.0,0.0,0.0,1.0,Residential,0.0082,High,2026-03-09T20:19:48.433577+00:00
36005026500,"BRONX, NY",0.0196,Low,0.3554,0.3554,0.0,0.6446,Residential,0.2547,High,2026-03-09T20:50:59.417814+00:00
36005026601,"BRONX, NY",0.0125,Low,0.0193,0.0193,0.0,0.4756,Other,0.0172,High,2026-03-09T21:44:19.115549+00:00
36005026701,"BRONX, NY",0.0191,Low,0.2746,0.2746,0.0,0.7254,Residential,0.198,High,2026-03-09T20:53:30.292252+00:00
36005028100,"BRONX, NY",0.0142,Low,0.0,0.0,0.0,0.0416,Other,0.0043,High,2026-03-09T21:30:14.302163+00:00
36005028600,"BRONX, NY",0.0088,Low,0.019,0.019,0.0,0.981,Residential,0.0159,High,2026-03-09T22:15:22.406971+00:00
36005028700,"BRONX, NY",0.0129,Low,0.0644,0.0644,0.0,0.9356,Residential,0.0489,High,2026-03-09T21:41:10.451801+00:00
36005028800,"BRONX, NY",0.0112,Low,0.0035,0.0035,0.0,0.9965,Residential,0.0058,High,2026-03-09T21:53:27.590030+00:00
36005030000,"BRONX, NY",0.0139,Low,0.045,0.045,0.0,0.4774,Other,0.0357,High,2026-03-09T21:34:54.538842+00:00
36005030100,"BRONX, NY",0.009,Low,0.0,0.0,0.0,0.8644,Residential,0.0027,High,2026-03-09T22:12:22.666507+00:00
36005031000,"BRONX, NY",0.007,Low,0.1074,0.1074,0.0,0.8926,Residential,0.0773,High,2026-03-09T22:39:11.749525+00:00
36005031200,"BRONX, NY",0.0071,Low,0.0,0.0,0.0,1.0,Residential,0.0021,High,2026-03-09T22:35:56.682688+00:00
36005031400,"BRONX, NY",0.0075,Low,0.0,0.0,0.0,1.0,Residential,0.0022,High,2026-03-09T22:31:47.356832+00:00
36005031600,"BRONX, NY",0.0071,Low,0.0,0.0,0.0,1.0,Residential,0.0021,High,2026-03-09T22:36:55.602603+00:00
36005031800,"BRONX, NY",0.0077,Low,0.0,0.0,0.0,1.0,Residential,0.0023,High,2026-03-09T22:28:46.554967+00:00
36005032400,"BRONX, NY",0.0079,Low,0.0039,0.0039,0.0,0.9577,Residential,0.0051,High,2026-03-09T22:23:57.111968+00:00
36005032600,"BRONX, NY",0.0077,Low,0.0,0.0,0.0,1.0,Residential,0.0023,High,2026-03-09T22:29:19.832350+00:00
36005032800,"BRONX, NY",0.0121,Low,0.0929,0.0929,0.0,0.9071,Residential,0.0686,High,2026-03-09T21:47:05.327370+00:00
36005033000,"BRONX, NY",0.0133,Low,0.3981,0.3981,0.0,0.6019,Residential,0.2827,High,2026-03-09T21:38:06.098991+00:00
36005033201,"BRONX, NY",0.0203,Low,0.0,0.0,0.0,1.0,Residential,0.0061,High,2026-03-09T20:47:20.229553+00:00
36005033202,"BRONX, NY",0.0138,Low,0.0347,0.0347,0.0,0.9653,Residential,0.0284,High,2026-03-09T21:33:21.946200+00:00
36005033601,"BRONX, NY",0.0165,Low,0.0915,0.0915,0.0,0.8635,Residential,0.069,High,2026-03-09T21:13:16.894082+00:00
36005033602,"BRONX, NY",0.0081,Low,0.0,0.0,0.0,1.0,Residential,0.0024,High,2026-03-09T22:21:27.160127+00:00
36005033801,"BRONX, NY",0.0095,Low,0.1843,0.1843,0.0,0.8157,Residential,0.1319,High,2026-03-09T22:06:49.390714+00:00
36005033802,"BRONX, NY",0.0102,Low,0.1128,0.1128,0.0,0.8872,Residential,0.082,High,2026-03-09T21:59:28.441172+00:00
36005034000,"BRONX, NY",0.0177,Low,0.1675,0.1675,0.0,0.8325,Residential,0.1226,High,2026-03-09T21:04:33.951315+00:00
36005034200,"BRONX, NY",0.0073,Low,0.2389,0.2389,0.0,0.7611,Residential,0.1694,High,2026-03-09T22:33:29.022634+00:00
36005034300,"BRONX, NY",0.0086,Low,0.0127,0.0127,0.0,0.9873,Residential,0.0115,High,2026-03-09T22:16:47.336060+00:00
36005034400,"BRONX, NY",0.0075,Low,0.1297,0.1297,0.0,0.8703,Residential,0.0931,High,2026-03-09T22:30:15.825314+00:00
36005034800,"BRONX, NY",0.0085,Low,0.1216,0.1216,0.0,0.8784,Residential,0.0877,High,2026-03-09T22:19:59.132860+00:00
36005035000,"BRONX, NY",0.0076,Low,0.012,0.012,0.0,0.988,Residential,0.0107,High,2026-03-09T22:29:54.332633+00:00
36005035600,"BRONX, NY",0.0066,Low,0.4504,0.0,0.4504,0.544,Residential,0.3173,High,2026-03-09T22:44:02.324608+00:00
36005036000,"BRONX, NY",0.0079,Low,0.0079,0.0079,0.0,0.9642,Residential,0.0079,High,2026-03-09T22:24:46.442672+00:00
36005036100,"BRONX, NY",0.016,Low,0.0,0.0,0.0,1.0,Residential,0.0048,High,2026-03-09T21:16:58.907388+00:00
36005036300,"BRONX, NY",0.0156,Low,0.0,0.0,0.0,0.937,Residential,0.0047,High,2026-03-09T21:20:14.662200+00:00
36005036400,"BRONX, NY",0.0079,Low,0.2817,0.2817,0.0,0.7183,Residential,0.1996,High,2026-03-09T22:25:00.654841+00:00
36005036501,"BRONX, NY",0.0184,Low,0.06,0.06,0.0,0.94,Residential,0.0475,High,2026-03-09T20:58:02.999040+00:00
36005036502,"BRONX, NY",0.0112,Low,0.0204,0.0204,0.0,0.9796,Residential,0.0176,High,2026-03-09T21:52:20.964865+00:00
36005036700,"BRONX, NY",0.0103,Low,0.2646,0.0,0.2646,0.7354,Residential,0.1883,High,2026-03-09T21:58:50.466080+00:00
36005036800,"BRONX, NY",0.008,Low,0.0402,0.0402,0.0,0.9598,Residential,0.0305,High,2026-03-09T22:23:06.579523+00:00
36005036901,"BRONX, NY",0.0097,Low,0.0504,0.0504,0.0,0.9032,Residential,0.0382,High,2026-03-09T22:04:28.133532+00:00
36005036902,"BRONX, NY",0.012,Low,0.0,0.0,0.0,1.0,Residential,0.0036,High,2026-03-09T21:46:46.252038+00:00
36005037000,"BRONX, NY",0.0084,Low,0.0048,0.0048,0.0,0.9952,Residential,0.0059,High,2026-03-09T22:19:58.340758+00:00
36005037100,"BRONX, NY",0.0128,Low,0.0306,0.0306,0.0,0.9694,Residential,0.0253,High,2026-03-09T21:42:04.447320+00:00
36005037300,"BRONX, NY",0.0174,Low,0.0589,0.0589,0.0,0.866,Residential,0.0464,High,2026-03-09T21:07:30.391007+00:00
36005037504,"BRONX, NY",0.0095,Low,0.203,0.203,0.0,0.7846,Residential,0.145,High,2026-03-09T22:06:58.691831+00:00
36005037600,"BRONX, NY",0.009,Low,0.0,0.0,0.0,0.2834,Other,0.0027,High,2026-03-09T22:12:39.439328+00:00
36005037800,"BRONX, NY",0.0112,Low,0.0016,0.0016,0.0,0.6072,Residential,0.0045,High,2026-03-09T21:52:09.910786+00:00
36005037900,"BRONX, NY",0.0147,Low,0.543,0.5027,0.0403,0.457,Commercial,0.3845,High,2026-03-09T21:26:34.908393+00:00
36005038000,"BRONX, NY",0.0134,Low,0.0204,0.0204,0.0,0.9796,Residential,0.0183,High,2026-03-09T21:38:28.392378+00:00
36005038100,"BRONX, NY",0.0237,Low,0.0,0.0,0.0,0.9508,Residential,0.0071,High,2026-03-09T20:34:00.823663+00:00
36005038200,"BRONX, NY",0.0092,Low,0.066,0.066,0.0,0.934,Residential,0.049,High,2026-03-09T22:11:41.881578+00:00
36005038301,"BRONX, NY",0.0269,Low,0.0,0.0,0.0,0.8834,Residential,0.0081,High,2026-03-09T20:21:23.950555+00:00
36005038303,"BRONX, NY",0.0179,Low,0.0315,0.0315,0.0,0.9685,Residential,0.0274,High,2026-03-09T21:02:13.702541+00:00
36005038304,"BRONX, NY",0.01,Low,0.2771,0.2771,0.0,0.6504,Residential,0.197,High,2026-03-09T22:02:01.821419+00:00
36005038500,"BRONX, NY",0.0178,Low,0.3733,0.2455,0.1278,0.5263,Residential,0.2667,High,2026-03-09T21:04:03.430542+00:00
36005038700,"BRONX, NY",0.0121,Low,0.2726,0.2674,0.0052,0.5866,Residential,0.1945,High,2026-03-09T21:46:14.014126+00:00
36005038800,"BRONX, NY",0.0092,Low,0.0,0.0,0.0,1.0,Residential,0.0028,High,2026-03-09T22:11:24.534116+00:00
36005038900,"BRONX, NY",0.0164,Low,0.3265,0.3265,0.0,0.6456,Residential,0.2334,High,2026-03-09T21:15:04.531765+00:00
36005039000,"BRONX, NY",0.0108,Low,0.0112,0.0112,0.0,0.9497,Residential,0.0111,High,2026-03-09T21:56:00.915269+00:00
36005039100,"BRONX, NY",0.024,Low,0.2246,0.2246,0.0,0.7666,Residential,0.1644,High,2026-03-09T20:33:46.834520+00:00
36005039200,"BRONX, NY",0.0087,Low,0.0592,0.0592,0.0,0.2167,Other,0.044,High,2026-03-09T22:15:57.618124+00:00
36005039300,"BRONX, NY",0.0379,Low,0.0122,0.0122,0.0,0.9878,Residential,0.0199,High,2026-03-09T19:54:38.962351+00:00
36005039400,"BRONX, NY",0.0191,Low,0.0775,0.0775,0.0,0.663,Residential,0.06,High,2026-03-09T20:54:02.221669+00:00
36005039600,"BRONX, NY",0.0159,Low,0.0491,0.0491,0.0,0.9509,Residential,0.0391,High,2026-03-09T21:18:51.725132+00:00
36005039800,"BRONX, NY",0.0125,Low,0.0,0.0,0.0,1.0,Residential,0.0038,High,2026-03-09T21:44:15.146061+00:00
36005039901,"BRONX, NY",0.0175,Low,0.1758,0.1758,0.0,0.6729,Residential,0.1283,High,2026-03-09T21:05:56.915977+00:00
36005039902,"BRONX, NY",0.0217,Low,0.1907,0.1907,0.0,0.8093,Residential,0.14,High,2026-03-09T20:41:53.150495+00:00
36005040100,"BRONX, NY",0.0154,Low,0.1399,0.1399,0.0,0.4196,Other,0.1026,High,2026-03-09T21:20:45.275204+00:00
36005040302,"BRONX, NY",0.0423,Low,0.0,0.0,0.0,0.8252,Residential,0.0127,High,2026-03-09T19:45:08.805706+00:00
36005040303,"BRONX, NY",0.0195,Low,0.0,0.0,0.0,0.979,Residential,0.0059,High,2026-03-09T20:51:21.710374+00:00
36005040304,"BRONX, NY",0.0195,Low,0.0,0.0,0.0,0.8804,Residential,0.0059,High,2026-03-09T20:51:14.911312+00:00
36005040400,"BRONX, NY",0.0099,Low,0.0,0.0,0.0,1.0,Residential,0.003,High,2026-03-09T22:03:44.627013+00:00
36005040501,"BRONX, NY",0.0188,Low,0.0,0.0,0.0,0.9334,Residential,0.0056,High,2026-03-09T20:55:39.659470+00:00
36005040502,"BRONX, NY",0.0274,Low,0.0,0.0,0.0,0.7411,Residential,0.0082,High,2026-03-09T20:20:11.290626+00:00
36005040600,"BRONX, NY",0.0108,Low,0.0574,0.0574,0.0,0.911,Residential,0.0434,High,2026-03-09T21:56:10.514457+00:00
36005040702,"BRONX, NY",0.0207,Low,0.0,0.0,0.0,0.9457,Residential,0.0062,High,2026-03-09T20:45:50.878186+00:00
36005040800,"BRONX, NY",0.0176,Low,0.0868,0.0868,0.0,0.2545,Other,0.066,High,2026-03-09T21:05:50.034026+00:00
36005041100,"BRONX, NY",0.0168,Low,0.049,0.049,0.0,0.7881,Residential,0.0393,High,2026-03-09T21:10:56.917445+00:00
36005041300,"BRONX, NY",0.0392,Low,0.0,0.0,0.0,0.8979,Residential,0.0118,High,2026-03-09T19:51:47.569472+00:00
36005041500,"BRONX, NY",0.022,Low,0.0,0.0,0.0,0.8302,Residential,0.0066,High,2026-03-09T20:40:30.438898+00:00
36005041800,"BRONX, NY",0.0109,Low,0.3066,0.0734,0.2332,0.4178,Residential,0.2179,High,2026-03-09T21:54:40.276424+00:00
36005042000,"BRONX, NY",0.0147,Low,0.0607,0.0607,0.0,0.6416,Residential,0.0469,High,2026-03-09T21:27:11.483169+00:00
36005042200,"BRONX, NY",0.0099,Low,0.0755,0.0755,0.0,0.9245,Residential,0.0558,High,2026-03-09T22:03:23.419555+00:00
36005042300,"BRONX, NY",0.0121,Low,0.0,0.0,0.0,0.9593,Residential,0.0036,High,2026-03-09T21:46:18.371641+00:00
36005042400,"BRONX, NY",0.0093,Low,0.0,0.0,0.0,1.0,Residential,0.0028,High,2026-03-09T22:10:11.330825+00:00
36005042500,"BRONX, NY",0.019,Low,0.0045,0.0045,0.0,0.9673,Residential,0.0089,High,2026-03-09T20:54:31.742274+00:00
36005042800,"BRONX, NY",0.0088,Low,0.0,0.0,0.0,1.0,Residential,0.0026,High,2026-03-09T22:15:44.573326+00:00
36005042901,"BRONX, NY",0.013,Low,0.0894,0.0894,0.0,0.8763,Residential,0.0665,High,2026-03-09T21:39:59.864236+00:00
36005042902,"BRONX, NY",0.0178,Low,0.0375,0.0375,0.0,0.9625,Residential,0.0316,High,2026-03-09T21:03:26.436474+00:00
36005043000,"BRONX, NY",0.0104,Low,0.0,0.0,0.0,1.0,Residential,0.0031,High,2026-03-09T21:58:59.464829+00:00
36005043101,"BRONX, NY",0.0256,Low,0.1114,0.0,0.1114,0.8886,Residential,0.0857,High,2026-03-09T20:25:41.149292+00:00
36005043102,"BRONX, NY",0.019,Low,0.4984,0.4984,0.0,0.5016,Residential,0.3546,High,2026-03-09T20:54:27.446847+00:00
36005043600,"BRONX, NY",0.0091,Low,0.0,0.0,0.0,1.0,Residential,0.0027,High,2026-03-09T22:12:46.358342+00:00
36005044800,"BRONX, NY",0.0096,Low,0.0,0.0,0.0,1.0,Residential,0.0029,High,2026-03-09T22:06:41.428281+00:00
36005044901,"BRONX, NY",0.0077,Low,0.0,0.0,0.0,0.9661,Residential,0.0023,High,2026-03-09T22:28:21.980284+00:00
36005044902,"BRONX, NY",0.0079,Low,0.0862,0.0862,0.0,0.9138,Residential,0.0627,High,2026-03-09T22:24:33.679359+00:00
36005045101,"BRONX, NY",0.0069,Low,0.0945,0.0945,0.0,0.9055,Residential,0.0682,High,2026-03-09T22:39:14.590364+00:00
36005045800,"BRONX, NY",0.013,Low,0.0,0.0,0.0,1.0,Residential,0.0039,High,2026-03-09T21:40:00.748344+00:00
36005046000,"BRONX, NY",0.0102,Low,0.029,0.029,0.0,0.9552,Residential,0.0234,High,2026-03-09T22:00:23.075114+00:00
36005048402,"BRONX, NY",0.0063,Low,0.0,0.0,0.0,0.3051,Other,0.0019,High,2026-03-09T22:47:40.510717+00:00
36009940200,"CUBA, NY",0.0036,Low,0.0,0.0,0.0,0.0,Other,0.0011,Low,2026-03-10T00:12:12.317902+00:00
36029002703,"BUFFALO, NY",0.0,Low,0.3036,0.0712,0.0,0.6964,Residential,0.2126,High,2026-03-10T03:08:28.762620+00:00
36029004901,"BUFFALO, NY",0.0,Low,0.115,0.0,0.0,0.5752,Residential,0.0805,High,2026-03-10T03:07:10.108900+00:00
36029006602,"BUFFALO, NY",0.0,Low,0.1747,0.0,0.0,0.8253,Residential,0.1223,High,2026-03-10T03:07:13.151802+00:00
36029014901,"ALDEN, NY",0.0,Low,0.0,0.0,0.0,0.0,Other,0.0,Low,2026-03-10T03:11:19.542177+00:00
36029015501,"ANGOLA, NY",0.0,Low,0.0,0.0,0.0,0.0,Other,0.0,Low,2026-03-10T03:12:14.388926+00:00
36047000501,"BROOKLYN, NY",0.0418,Low,0.0,0.0,0.0,0.7419,Residential,0.0125,High,2026-03-09T19:46:33.904117+00:00
36047000502,"BROOKLYN, NY",0.0301,Low,0.1903,0.1903,0.0,0.5467,Residential,0.1422,High,2026-03-09T20:12:44.438159+00:00
36047000900,"BROOKLYN, NY",0.0831,Low,0.7908,0.7908,0.0,0.043,Commercial,0.5785,High,2026-03-10T07:18:18.230206+00:00
36047001100,"BROOKLYN, NY",0.0489,Low,0.8016,0.8016,0.0,0.0,Commercial,0.5758,High,2026-03-09T19:33:23.726367+00:00
36047001502,"BROOKLYN, NY",0.0743,Low,1.0,1.0,0.0,0.0,Commercial,0.7223,High,2026-03-10T07:25:34.313224+00:00
36047002000,"BROOKLYN, NY",0.0169,Low,0.998,0.0,0.998,0.002,Industrial,0.7037,High,2026-03-09T21:10:41.291928+00:00
36047002901,"BROOKLYN, NY",0.067,Low,0.0,0.0,0.0,1.0,Residential,0.0201,High,2026-03-09T19:03:58.908648+00:00
36047003000,"BROOKLYN, NY",0.0146,Low,0.2106,0.0,0.2106,0.599,Residential,0.1518,High,2026-03-09T21:27:46.610322+00:00
36047003101,"BROOKLYN, NY",0.0595,Low,0.1175,0.1175,0.0,0.3721,Other,0.1001,High,2026-03-09T19:16:37.968464+00:00
36047003102,"BROOKLYN, NY",0.0142,Low,0.0,0.0,0.0,0.0,Other,0.0042,High,2026-03-09T21:30:35.173313+00:00
36047003300,"BROOKLYN, NY",0.1727,Low,0.4559,0.4559,0.0,0.5441,Residential,0.3709,High,2026-03-09T17:30:25.216616+00:00
36047003500,"BROOKLYN, NY",0.031,Low,0.5771,0.5771,0.0,0.4229,Commercial,0.4133,High,2026-03-09T20:10:47.841212+00:00
36047003600,"BROOKLYN, NY",0.0254,Low,0.0,0.0,0.0,0.4578,Other,0.0076,High,2026-03-09T20:27:09.832181+00:00
36047003700,"BROOKLYN, NY",0.1437,Low,0.9975,0.9975,0.0,0.0,Commercial,0.7413,High,2026-03-09T17:41:40.149523+00:00
36047003800,"BROOKLYN, NY",0.0137,Low,0.9333,0.0,0.9333,0.0399,Industrial,0.6574,High,2026-03-09T21:35:27.991969+00:00
36047003900,"BROOKLYN, NY",0.0336,Low,0.1465,0.1465,0.0,0.8027,Residential,0.1126,High,2026-03-09T20:04:46.462717+00:00
36047004100,"BROOKLYN, NY",0.1442,Low,0.1669,0.1669,0.0,0.8109,Residential,0.1601,High,2026-03-09T17:42:41.857755+00:00
36047004300,"BROOKLYN, NY",0.1572,Low,0.4343,0.4343,0.0,0.5412,Residential,0.3512,High,2026-03-09T17:36:32.482133+00:00
36047004500,"BROOKLYN, NY",0.1227,Low,0.0138,0.0138,0.0,0.2487,Other,0.0464,High,2026-03-09T17:53:17.557483+00:00
36047004900,"BROOKLYN, NY",0.0366,Low,0.0,0.0,0.0,0.4688,Other,0.011,High,2026-03-09T19:57:08.705151+00:00
36047005202,"BROOKLYN, NY",0.0184,Low,0.9334,0.0,0.9334,0.0461,Industrial,0.6589,High,2026-03-09T20:58:22.280316+00:00
36047005400,"BROOKLYN, NY",0.0192,Low,0.9095,0.0006,0.9089,0.0475,Industrial,0.6424,High,2026-03-09T20:53:26.264902+00:00
36047005601,"BROOKLYN, NY",0.0165,Low,0.9227,0.0002,0.9225,0.0413,Industrial,0.6508,High,2026-03-09T21:14:02.128616+00:00
36047005800,"BROOKLYN, NY",0.0172,Low,0.0141,0.0141,0.0,0.437,Other,0.015,High,2026-03-09T21:09:38.091860+00:00
36047006000,"BROOKLYN, NY",0.0202,Low,0.0284,0.0284,0.0,0.5537,Residential,0.026,High,2026-03-09T20:48:51.918448+00:00
36047006200,"BROOKLYN, NY",0.0166,Low,0.0128,0.0128,0.0,0.5808,Residential,0.014,High,2026-03-09T21:12:56.596548+00:00
36047006300,"BROOKLYN, NY",0.0209,Low,0.0887,0.0761,0.0126,0.7783,Residential,0.0684,High,2026-03-09T20:45:29.456367+00:00
36047006400,"BROOKLYN, NY",0.0174,Low,0.0023,0.0023,0.0,0.5771,Residential,0.0068,High,2026-03-09T21:08:00.952789+00:00
36047006600,"BROOKLYN, NY",0.0215,Low,0.0102,0.0102,0.0,0.4201,Other,0.0136,High,2026-03-09T20:43:14.373209+00:00
36047006700,"BROOKLYN, NY",0.0333,Low,0.0599,0.0599,0.0,0.5857,Residential,0.0519,High,2026-03-09T20:06:25.734595+00:00
36047006800,"BROOKLYN, NY",0.0255,Low,0.0015,0.0015,0.0,0.4773,Other,0.0087,High,2026-03-09T20:27:20.275643+00:00
36047006901,"BROOKLYN, NY",0.0102,Low,0.1335,0.1335,0.0,0.8665,Residential,0.0965,High,2026-03-09T22:00:41.748890+00:00
36047006902,"BROOKLYN, NY",0.0523,Low,0.0974,0.0974,0.0,0.9026,Residential,0.0839,High,2026-03-09T19:28:44.048020+00:00
36047007100,"BROOKLYN, NY",0.0504,Low,0.1788,0.0,0.1788,0.6861,Residential,0.1403,High,2026-03-09T19:32:04.468821+00:00
36047007200,"BROOKLYN, NY",0.0193,Low,0.0,0.0,0.0,1.0,Residential,0.0058,High,2026-03-09T20:52:46.659667+00:00
36047007400,"BROOKLYN, NY",0.0304,Low,0.0334,0.0334,0.0,0.9666,Residential,0.0325,High,2026-03-09T20:12:57.355843+00:00
36047007500,"BROOKLYN, NY",0.1279,Low,0.068,0.0328,0.0352,0.7786,Residential,0.086,High,2026-03-09T17:51:07.905817+00:00
36047007600,"BROOKLYN, NY",0.0299,Low,0.037,0.037,0.0,0.963,Residential,0.0349,High,2026-03-09T20:14:17.468787+00:00
36047007800,"BROOKLYN, NY",0.0284,Low,0.0377,0.0377,0.0,0.9623,Residential,0.0349,High,2026-03-09T20:18:07.066239+00:00
36047008000,"BROOKLYN, NY",0.0211,Low,0.0324,0.0324,0.0,0.9578,Residential,0.029,High,2026-03-09T20:45:15.347540+00:00
36047008200,"BROOKLYN, NY",0.0248,Low,0.024,0.024,0.0,0.9246,Residential,0.0242,High,2026-03-09T20:30:10.496720+00:00
36047008400,"BROOKLYN, NY",0.0175,Low,0.7095,0.0042,0.7053,0.2626,Industrial,0.5019,High,2026-03-09T21:06:46.912351+00:00
36047008500,"BROOKLYN, NY",0.0501,Low,0.0,0.0,0.0,0.7954,Residential,0.015,High,2026-03-09T19:31:32.904424+00:00
36047008600,"BROOKLYN, NY",0.0093,Low,0.0,0.0,0.0,0.0,Other,0.0028,High,2026-03-09T22:09:39.472596+00:00
36047008800,"BROOKLYN, NY",0.0161,Low,0.7941,0.0046,0.7895,0.2059,Industrial,0.5607,High,2026-03-09T21:16:56.926590+00:00
36047009001,"NEW YORK, NY",0.0149,Low,0.8467,0.0059,0.8408,0.1533,Industrial,0.5972,High,2026-03-09T21:24:41.950302+00:00
36047009002,"BROOKLYN, NY",0.015,Low,0.7596,0.0439,0.7157,0.2404,Industrial,0.5362,High,2026-03-09T21:24:21.146629+00:00
36047009201,"BROOKLYN, NY",0.0203,Low,0.1017,0.1017,0.0,0.8983,Residential,0.0773,High,2026-03-09T20:47:29.555202+00:00
36047009202,"BROOKLYN, NY",0.0411,Low,0.1205,0.1205,0.0,0.8795,Residential,0.0967,High,2026-03-09T19:47:55.286637+00:00
36047009401,"BROOKLYN, NY",0.0221,Low,0.0942,0.0942,0.0,0.9058,Residential,0.0726,High,2026-03-09T20:40:16.709677+00:00
36047009402,"BROOKLYN, NY",0.0265,Low,0.1739,0.1739,0.0,0.8261,Residential,0.1297,High,2026-03-09T20:22:43.329567+00:00
36047009600,"BROOKLYN, NY",0.0304,Low,0.0132,0.0132,0.0,0.9868,Residential,0.0184,High,2026-03-09T20:13:15.347079+00:00
36047009800,"BROOKLYN, NY",0.0334,Low,0.0554,0.0554,0.0,0.9446,Residential,0.0488,High,2026-03-09T20:05:52.789538+00:00
36047010000,"BROOKLYN, NY",0.0283,Low,0.072,0.072,0.0,0.9106,Residential,0.0589,High,2026-03-09T20:18:41.422933+00:00
36047010100,"BROOKLYN, NY",0.0172,Low,0.6908,0.0,0.6908,0.3092,Industrial,0.4887,High,2026-03-09T21:09:28.700551+00:00
36047010200,"BROOKLYN, NY",0.0261,Low,0.0456,0.0456,0.0,0.9544,Residential,0.0398,High,2026-03-09T20:25:02.182650+00:00
36047010401,"BROOKLYN, NY",0.0216,Low,0.1009,0.1009,0.0,0.8991,Residential,0.0771,High,2026-03-09T20:42:43.185089+00:00
36047010402,"BROOKLYN, NY",0.02,Low,0.153,0.153,0.0,0.847,Residential,0.1131,High,2026-03-09T20:49:02.063215+00:00
36047010601,"BROOKLYN, NY",0.0247,Low,0.0939,0.0939,0.0,0.9061,Residential,0.0731,High,2026-03-09T20:30:15.471122+00:00
36047010602,"BROOKLYN, NY",0.02,Low,0.1553,0.1553,0.0,0.8447,Residential,0.1147,High,2026-03-09T20:49:25.362021+00:00
36047010801,"BROOKLYN, NY",0.018,Low,0.1004,0.1004,0.0,0.8996,Residential,0.0757,High,2026-03-09T21:02:07.437111+00:00
36047010802,"BROOKLYN, NY",0.0217,Low,0.1374,0.1374,0.0,0.8626,Residential,0.1027,High,2026-03-09T20:41:55.898835+00:00
36047011000,"BROOKLYN, NY",0.0208,Low,0.6953,0.0548,0.6405,0.3036,Industrial,0.493,High,2026-03-09T20:45:52.213798+00:00
36047011200,"BROOKLYN, NY",0.0369,Low,0.0629,0.0629,0.0,0.9126,Residential,0.0551,High,2026-03-09T19:56:52.305538+00:00
36047011400,"BROOKLYN, NY",0.0213,Low,0.0363,0.0363,0.0,0.9637,Residential,0.0318,High,2026-03-09T20:44:30.889165+00:00
36047011600,"BROOKLYN, NY",0.0208,Low,0.0614,0.0614,0.0,0.898,Residential,0.0492,High,2026-03-09T20:46:17.183777+00:00
36047011700,"BROOKLYN, NY",0.0259,Low,0.5278,0.0688,0.459,0.4088,Industrial,0.3772,High,2026-03-09T20:25:32.935244+00:00
36047011800,"BROOKLYN, NY",0.0156,Low,0.8044,0.2371,0.5673,0.1956,Industrial,0.5677,High,2026-03-09T21:19:55.605754+00:00
36047012000,"BROOKLYN, NY",0.0143,Low,0.793,0.0,0.793,0.1505,Industrial,0.5594,High,2026-03-09T21:30:02.298440+00:00
36047012100,"BROOKLYN, NY",0.0203,Low,0.5212,0.0349,0.4863,0.3891,Industrial,0.371,High,2026-03-09T20:47:53.812946+00:00
36047012200,"BROOKLYN, NY",0.0258,Low,0.2266,0.0682,0.1584,0.7734,Residential,0.1664,High,2026-03-09T20:25:44.482401+00:00
36047012700,"BROOKLYN, NY",0.0443,Low,0.3249,0.0015,0.3234,0.5744,Residential,0.2407,High,2026-03-09T19:42:07.201329+00:00
36047012801,"BROOKLYN, NY",0.0178,Low,0.0403,0.0403,0.0,0.6117,Residential,0.0335,High,2026-03-09T21:03:53.038476+00:00
36047012901,"BROOKLYN, NY",0.0298,Low,0.0795,0.0795,0.0,0.7772,Residential,0.0646,High,2026-03-09T20:14:10.523328+00:00
36047012902,"BROOKLYN, NY",0.0331,Low,0.0471,0.021,0.0262,0.9529,Residential,0.0429,High,2026-03-09T20:06:36.399149+00:00
36047013000,"BROOKLYN, NY",0.0265,Low,0.0015,0.0015,0.0,0.4755,Other,0.009,High,2026-03-09T20:23:34.824032+00:00
36047013100,"BROOKLYN, NY",0.0703,Low,0.0451,0.0451,0.0,0.9201,Residential,0.0526,High,2026-03-10T07:29:56.992960+00:00
36047013200,"BROOKLYN, NY",0.0174,Low,0.0445,0.0445,0.0,0.6333,Residential,0.0364,High,2026-03-09T21:06:57.486014+00:00
36047013300,"BROOKLYN, NY",0.0343,Low,0.0203,0.0203,0.0,0.8921,Residential,0.0245,High,2026-03-09T20:03:36.919134+00:00
36047013400,"BROOKLYN, NY",0.0219,Low,0.0064,0.0064,0.0,0.4544,Other,0.0111,High,2026-03-09T20:42:30.102312+00:00
36047013500,"BROOKLYN, NY",0.0305,Low,0.0259,0.0259,0.0,0.8117,Residential,0.0273,High,2026-03-09T20:12:28.113329+00:00
36047013600,"BROOKLYN, NY",0.0184,Low,0.0,0.0,0.0,0.504,Residential,0.0055,High,2026-03-09T20:59:43.142508+00:00
36047013700,"BROOKLYN, NY",0.0286,Low,0.113,0.113,0.0,0.842,Residential,0.0877,High,2026-03-09T20:17:21.052792+00:00
36047013800,"BROOKLYN, NY",0.0216,Low,0.0364,0.0364,0.0,0.6043,Residential,0.0319,High,2026-03-09T20:43:16.236886+00:00
36047013900,"BROOKLYN, NY",0.0289,Low,0.1435,0.1435,0.0,0.7336,Residential,0.1092,High,2026-03-09T20:16:46.737043+00:00
36047014000,"BROOKLYN, NY",0.0147,Low,0.0418,0.0418,0.0,0.9578,Residential,0.0337,High,2026-03-09T21:27:49.261878+00:00
36047014101,"BROOKLYN, NY",0.0121,Low,0.1355,0.1355,0.0,0.8195,Residential,0.0985,High,2026-03-09T21:46:46.605511+00:00
36047014102,"BROOKLYN, NY",0.0185,Low,0.1695,0.1695,0.0,0.8305,Residential,0.1242,High,2026-03-09T20:58:01.165995+00:00
36047014300,"BROOKLYN, NY",0.0356,Low,0.3476,0.0788,0.2688,0.6188,Residential,0.254,High,2026-03-09T20:00:12.037418+00:00
36047014500,"BROOKLYN, NY",0.0358,Low,0.363,0.0755,0.2876,0.6352,Residential,0.2649,High,2026-03-09T19:59:46.280646+00:00
36047014700,"BROOKLYN, NY",0.0222,Low,0.0,0.0,0.0,0.9668,Residential,0.0067,High,2026-03-09T20:40:00.953508+00:00
36047014800,"BROOKLYN, NY",0.0122,Low,0.0289,0.0289,0.0,0.9711,Residential,0.0239,High,2026-03-09T21:46:07.003565+00:00
36047014901,"BROOKLYN, NY",0.0145,Low,0.1139,0.1139,0.0,0.8861,Residential,0.0841,High,2026-03-09T21:28:24.730832+00:00
36047014902,"BROOKLYN, NY",0.0335,Low,0.0483,0.0483,0.0,0.8897,Residential,0.0439,High,2026-03-09T20:05:58.183528+00:00
36047015000,"BROOKLYN, NY",0.0142,Low,0.0192,0.0192,0.0,0.9808,Residential,0.0177,High,2026-03-09T21:31:30.942360+00:00
36047015100,"BROOKLYN, NY",0.0317,Low,0.1043,0.1043,0.0,0.8957,Residential,0.0825,High,2026-03-09T20:10:14.612421+00:00
36047015200,"BROOKLYN, NY",0.017,Low,0.0322,0.0322,0.0,0.9678,Residential,0.0277,High,2026-03-09T21:10:38.486019+00:00
36047015300,"BROOKLYN, NY",0.025,Low,0.0641,0.0641,0.0,0.9359,Residential,0.0524,High,2026-03-09T20:29:02.146860+00:00
36047015500,"BROOKLYN, NY",0.0289,Low,0.03,0.03,0.0,0.97,Residential,0.0297,High,2026-03-09T20:16:37.759041+00:00
36047015700,"BROOKLYN, NY",0.035,Low,0.0411,0.0411,0.0,0.9589,Residential,0.0393,High,2026-03-09T20:02:02.589260+00:00
36047016100,"BROOKLYN, NY",0.0888,Low,0.1468,0.015,0.1318,0.8073,Residential,0.1294,High,2026-03-10T07:12:45.080853+00:00
36047016300,"BROOKLYN, NY",0.0347,Low,0.311,0.0,0.311,0.689,Residential,0.2281,High,2026-03-09T20:02:21.079846+00:00
36047016500,"BROOKLYN, NY",0.0438,Low,0.0,0.0,0.0,0.9358,Residential,0.0131,High,2026-03-09T19:44:08.128790+00:00
36047016600,"BROOKLYN, NY",0.012,Low,0.0,0.0,0.0,1.0,Residential,0.0036,High,2026-03-09T21:48:28.667471+00:00
36047016700,"BROOKLYN, NY",0.0349,Low,0.0,0.0,0.0,1.0,Residential,0.0105,High,2026-03-09T20:02:22.370068+00:00
36047016800,"BROOKLYN, NY",0.0148,Low,0.0,0.0,0.0,0.1567,Other,0.0044,High,2026-03-09T21:26:29.668433+00:00
36047017000,"BROOKLYN, NY",0.0154,Low,0.0343,0.0343,0.0,0.9657,Residential,0.0287,High,2026-03-09T21:22:18.282919+00:00
36047017100,"BROOKLYN, NY",0.0375,Low,0.013,0.013,0.0,0.987,Residential,0.0204,High,2026-03-09T19:56:45.730656+00:00
36047017200,"BROOKLYN, NY",0.0173,Low,0.0245,0.0245,0.0,0.9755,Residential,0.0223,High,2026-03-09T21:08:40.134024+00:00
36047017400,"BROOKLYN, NY",0.015,Low,0.0,0.0,0.0,0.1523,Other,0.0045,High,2026-03-09T21:24:39.659683+00:00
36047017600,"BROOKLYN, NY",0.0169,Low,0.0052,0.0052,0.0,0.1396,Other,0.0087,High,2026-03-09T21:10:16.262296+00:00
36047017800,"BROOKLYN, NY",0.0164,Low,0.1385,0.1229,0.0156,0.8124,Residential,0.1019,High,2026-03-09T21:14:46.116760+00:00
36047017900,"BROOKLYN, NY",0.0866,Low,0.0136,0.0136,0.0,0.9632,Residential,0.0355,High,2026-03-10T07:14:46.531315+00:00
36047018000,"BROOKLYN, NY",0.0169,Low,0.0643,0.0643,0.0,0.9337,Residential,0.0501,High,2026-03-09T21:11:24.896180+00:00
36047018100,"BROOKLYN, NY",0.1385,Low,0.014,0.014,0.0,0.986,Residential,0.0514,High,2026-03-09T17:44:42.116200+00:00
36047018200,"BROOKLYN, NY",0.0184,Low,0.047,0.047,0.0,0.9398,Residential,0.0385,High,2026-03-09T20:59:13.864473+00:00
36047018300,"BROOKLYN, NY",0.0249,Low,0.0288,0.0288,0.0,0.9712,Residential,0.0276,High,2026-03-09T20:29:45.534222+00:00
36047018400,"BROOKLYN, NY",0.0163,Low,0.0,0.0,0.0,1.0,Residential,0.0049,High,2026-03-09T21:15:48.490848+00:00
36047018501,"BROOKLYN, NY",0.0395,Low,0.0,0.0,0.0,1.0,Residential,0.0119,High,2026-03-09T19:50:48.930905+00:00
36047018600,"BROOKLYN, NY",0.0178,Low,0.0,0.0,0.0,1.0,Residential,0.0053,High,2026-03-09T21:04:02.847286+00:00
36047018700,"BROOKLYN, NY",0.0153,Low,0.0,0.0,0.0,1.0,Residential,0.0046,High,2026-03-09T21:21:31.357052+00:00
36047018800,"BROOKLYN, NY",0.018,Low,0.0,0.0,0.0,0.9888,Residential,0.0054,High,2026-03-09T21:02:26.836561+00:00
36047019000,"BROOKLYN, NY",0.0218,Low,0.1018,0.1018,0.0,0.8929,Residential,0.0778,High,2026-03-09T20:42:15.506494+00:00
36047019200,"BROOKLYN, NY",0.0155,Low,0.445,0.0051,0.4399,0.555,Residential,0.3161,High,2026-03-09T21:20:48.750314+00:00
36047019300,"BROOKLYN, NY",0.0859,Low,0.0,0.0,0.0,0.9828,Residential,0.0258,High,2026-03-10T07:15:11.731503+00:00
36047019400,"BROOKLYN, NY",0.0175,Low,0.1229,0.0289,0.094,0.8709,Residential,0.0913,High,2026-03-09T21:06:34.481243+00:00
36047019500,"BROOKLYN, NY",0.0283,Low,0.0,0.0,0.0,1.0,Residential,0.0085,High,2026-03-09T20:17:42.317577+00:00
36047019600,"BROOKLYN, NY",0.022,Low,0.0476,0.0476,0.0,0.9524,Residential,0.0399,High,2026-03-09T20:41:46.462068+00:00
36047019700,"BROOKLYN, NY",0.0579,Low,0.0256,0.0256,0.0,0.9274,Residential,0.0353,High,2026-03-09T19:20:27.143401+00:00
36047019800,"BROOKLYN, NY",0.0146,Low,0.0501,0.0501,0.0,0.9499,Residential,0.0394,High,2026-03-09T21:28:16.992032+00:00
36047019900,"BROOKLYN, NY",0.0334,Low,0.1039,0.1039,0.0,0.8935,Residential,0.0827,High,2026-03-09T20:05:27.233505+00:00
36047020000,"BROOKLYN, NY",0.0161,Low,0.0491,0.0491,0.0,0.9509,Residential,0.0392,High,2026-03-09T21:17:03.579798+00:00
36047020100,"BROOKLYN, NY",0.0367,Low,0.0044,0.0044,0.0,0.9956,Residential,0.0141,High,2026-03-09T19:57:50.823814+00:00
36047020200,"BROOKLYN, NY",0.0147,Low,0.0,0.0,0.0,1.0,Residential,0.0044,High,2026-03-09T21:27:42.879693+00:00
36047020300,"BROOKLYN, NY",0.0231,Low,0.3092,0.1674,0.1418,0.6857,Residential,0.2234,High,2026-03-09T20:36:46.522297+00:00
36047020400,"BROOKLYN, NY",0.0146,Low,0.0,0.0,0.0,1.0,Residential,0.0044,High,2026-03-09T21:28:51.982087+00:00
36047020500,"BROOKLYN, NY",0.0317,Low,0.0822,0.0822,0.0,0.895,Residential,0.0671,High,2026-03-09T20:09:33.866690+00:00
36047020600,"BROOKLYN, NY",0.0156,Low,0.0101,0.0101,0.0,0.9899,Residential,0.0118,High,2026-03-09T21:20:32.389290+00:00
36047020700,"BROOKLYN, NY",0.0419,Low,0.0071,0.0071,0.0,0.6429,Residential,0.0176,High,2026-03-09T19:46:49.358519+00:00
36047020800,"BROOKLYN, NY",0.0199,Low,0.0263,0.0263,0.0,0.9737,Residential,0.0243,High,2026-03-09T20:50:46.323256+00:00
36047021000,"BROOKLYN, NY",0.0212,Low,0.0498,0.0498,0.0,0.9502,Residential,0.0413,High,2026-03-09T20:44:55.342820+00:00
36047021200,"BROOKLYN, NY",0.0191,Low,0.0604,0.0604,0.0,0.9396,Residential,0.048,High,2026-03-09T20:55:01.832786+00:00
36047021300,"BROOKLYN, NY",0.065,Low,0.0552,0.0552,0.0,0.8242,Residential,0.0582,High,2026-03-09T19:06:55.449001+00:00
36047021400,"BROOKLYN, NY",0.0152,Low,0.3198,0.0136,0.3062,0.6802,Residential,0.2284,High,2026-03-09T21:22:43.166761+00:00
36047021500,"BROOKLYN, NY",0.0522,Low,0.0084,0.0084,0.0,0.8294,Residential,0.0215,High,2026-03-09T19:28:32.561517+00:00
36047021600,"BROOKLYN, NY",0.0193,Low,0.0537,0.0537,0.0,0.9463,Residential,0.0434,High,2026-03-09T20:53:26.865923+00:00
36047021700,"BROOKLYN, NY",0.0311,Low,0.0,0.0,0.0,1.0,Residential,0.0093,High,2026-03-09T20:10:40.441877+00:00
36047021800,"BROOKLYN, NY",0.0168,Low,0.1182,0.1182,0.0,0.8818,Residential,0.0878,High,2026-03-09T21:12:16.651429+00:00
36047021900,"BROOKLYN, NY",0.0602,Low,0.0568,0.0568,0.0,0.9432,Residential,0.0578,High,2026-03-09T19:16:36.043191+00:00
36047022000,"BROOKLYN, NY",0.0212,Low,0.1991,0.1991,0.0,0.8009,Residential,0.1457,High,2026-03-09T20:45:02.716170+00:00
36047022100,"BROOKLYN, NY",0.0637,Low,0.2378,0.1265,0.1113,0.7615,Residential,0.1856,High,2026-03-09T19:09:47.355723+00:00
36047022200,"BROOKLYN, NY",0.0191,Low,0.1884,0.1884,0.0,0.8116,Residential,0.1376,High,2026-03-09T20:54:53.804122+00:00
36047022400,"BROOKLYN, NY",0.0282,Low,0.0891,0.0891,0.0,0.9109,Residential,0.0708,High,2026-03-09T20:18:50.324619+00:00
36047022600,"BROOKLYN, NY",0.0168,Low,0.4202,0.0846,0.3356,0.2911,Industrial,0.2992,High,2026-03-09T21:11:48.877116+00:00
36047022700,"BROOKLYN, NY",0.0843,Low,0.0521,0.0274,0.0247,0.9245,Residential,0.0618,High,2026-03-10T07:18:02.309363+00:00
36047022800,"BROOKLYN, NY",0.0216,Low,0.4779,0.0944,0.3834,0.4786,Residential,0.341,High,2026-03-09T20:42:40.434379+00:00
36047022900,"BROOKLYN, NY",0.0694,Low,0.042,0.042,0.0,0.958,Residential,0.0502,High,2026-03-10T07:30:37.585478+00:00
36047023000,"BROOKLYN, NY",0.0274,Low,0.1968,0.0937,0.1031,0.7962,Residential,0.146,High,2026-03-09T20:20:49.590518+00:00
36047023100,"BROOKLYN, NY",0.0329,Low,0.0178,0.0178,0.0,0.9822,Residential,0.0223,High,2026-03-09T20:07:07.811211+00:00
36047023200,"BROOKLYN, NY",0.0295,Low,0.2249,0.2249,0.0,0.7751,Residential,0.1663,High,2026-03-09T20:16:08.557541+00:00
36047023300,"BROOKLYN, NY",0.1736,Low,0.0707,0.0707,0.0,0.9293,Residential,0.1016,High,2026-03-09T17:30:15.352894+00:00
36047023400,"BROOKLYN, NY",0.024,Low,0.1197,0.1197,0.0,0.8803,Residential,0.091,High,2026-03-09T20:33:25.921469+00:00
36047023500,"BROOKLYN, NY",0.0193,Low,0.0,0.0,0.0,1.0,Residential,0.0058,High,2026-03-09T20:52:57.238258+00:00
36047023600,"BROOKLYN, NY",0.0275,Low,0.09,0.09,0.0,0.91,Residential,0.0712,High,2026-03-09T20:20:17.951221+00:00
36047023800,"BROOKLYN, NY",0.0221,Low,0.0858,0.0858,0.0,0.9142,Residential,0.0667,High,2026-03-09T20:40:38.939123+00:00
36047024000,"BROOKLYN, NY",0.0278,Low,0.0231,0.0231,0.0,0.9769,Residential,0.0245,High,2026-03-09T20:19:34.560168+00:00
36047024100,"BROOKLYN, NY",0.0185,Low,0.4546,0.0102,0.4444,0.5454,Residential,0.3237,High,2026-03-09T20:58:03.355993+00:00
36047024200,"BROOKLYN, NY",0.0156,Low,0.1225,0.0104,0.1121,0.8623,Residential,0.0904,High,2026-03-09T21:20:27.263649+00:00
36047024300,"BROOKLYN, NY",0.0618,Low,0.0525,0.0525,0.0,0.9475,Residential,0.0553,High,2026-03-09T19:13:32.081093+00:00
36047024400,"BROOKLYN, NY",0.0185,Low,0.0664,0.0664,0.0,0.9253,Residential,0.0521,High,2026-03-09T20:58:34.424937+00:00
36047024500,"BROOKLYN, NY",0.0383,Low,0.2247,0.2247,0.0,0.7753,Residential,0.1687,High,2026-03-09T19:54:49.719099+00:00
36047024600,"BROOKLYN, NY",0.0158,Low,0.0248,0.0248,0.0,0.9752,Residential,0.0221,High,2026-03-09T21:19:41.332494+00:00
36047024700,"BROOKLYN, NY",0.0574,Low,0.6452,0.4021,0.243,0.3548,Commercial,0.4689,High,2026-03-09T19:21:15.616905+00:00
36047024800,"BROOKLYN, NY",0.0145,Low,0.4642,0.1714,0.2928,0.5358,Residential,0.3293,High,2026-03-09T21:29:26.171707+00:00
36047024900,"BROOKLYN, NY",0.0361,Low,0.0268,0.0268,0.0,0.9732,Residential,0.0296,High,2026-03-09T19:58:58.699929+00:00
36047025000,"BROOKLYN, NY",0.0144,Low,0.5841,0.0595,0.5246,0.4045,Industrial,0.4132,High,2026-03-09T21:30:12.266368+00:00
36047025100,"BROOKLYN, NY",0.0353,Low,0.0792,0.0792,0.0,0.9208,Residential,0.066,High,2026-03-09T20:00:22.342452+00:00
36047025200,"BROOKLYN, NY",0.0225,Low,0.167,0.167,0.0,0.833,Residential,0.1237,High,2026-03-09T20:39:25.953307+00:00
36047025300,"BROOKLYN, NY",0.0403,Low,0.0296,0.0296,0.0,0.885,Residential,0.0328,High,2026-03-09T19:50:01.666555+00:00
36047025400,"BROOKLYN, NY",0.0164,Low,0.1406,0.1406,0.0,0.8594,Residential,0.1034,High,2026-03-09T21:15:12.478543+00:00
36047025500,"BROOKLYN, NY",0.0177,Low,0.0,0.0,0.0,0.8842,Residential,0.0053,High,2026-03-09T21:03:57.523600+00:00
36047025600,"BROOKLYN, NY",0.0161,Low,0.1732,0.1732,0.0,0.8268,Residential,0.126,High,2026-03-09T21:17:34.237916+00:00
36047025700,"BROOKLYN, NY",0.0098,Low,0.4011,0.1527,0.2484,0.5989,Residential,0.2837,High,2026-03-09T22:03:46.067144+00:00
36047025800,"BROOKLYN, NY",0.0214,Low,0.1351,0.1351,0.0,0.8649,Residential,0.101,High,2026-03-09T20:44:03.456034+00:00
36047025901,"BROOKLYN, NY",0.0081,Low,0.039,0.039,0.0,0.961,Residential,0.0297,High,2026-03-09T22:21:39.338952+00:00
36047025902,"BROOKLYN, NY",0.016,Low,1.0,1.0,0.0,0.0,Commercial,0.7048,High,2026-03-09T21:16:47.450215+00:00
36047026000,"BROOKLYN, NY",0.0173,Low,0.1517,0.1517,0.0,0.8483,Residential,0.1114,High,2026-03-09T21:08:24.350608+00:00
36047026100,"BROOKLYN, NY",0.0621,Low,0.1329,0.1329,0.0,0.8671,Residential,0.1117,High,2026-03-09T19:13:16.585790+00:00
36047026200,"BROOKLYN, NY",0.0184,Low,0.0656,0.0656,0.0,0.8813,Residential,0.0514,High,2026-03-09T20:59:29.652142+00:00
36047026300,"BROOKLYN, NY",0.0145,Low,0.0053,0.0053,0.0,0.6291,Residential,0.0081,High,2026-03-09T21:28:53.609808+00:00
36047026400,"BROOKLYN, NY",0.0203,Low,0.112,0.112,0.0,0.8555,Residential,0.0845,High,2026-03-09T20:48:33.094988+00:00
36047026500,"BROOKLYN, NY",0.0287,Low,0.0843,0.0843,0.0,0.9157,Residential,0.0676,High,2026-03-09T20:17:02.259532+00:00
36047026600,"BROOKLYN, NY",0.0179,Low,0.074,0.074,0.0,0.926,Residential,0.0572,High,2026-03-09T21:03:24.843531+00:00
36047026700,"BROOKLYN, NY",0.0669,Low,0.0636,0.0636,0.0,0.9364,Residential,0.0646,High,2026-03-09T19:06:01.873179+00:00
36047026800,"BROOKLYN, NY",0.0226,Low,0.0792,0.0792,0.0,0.9208,Residential,0.0622,High,2026-03-09T20:39:15.249374+00:00
36047026900,"BROOKLYN, NY",0.0301,Low,0.1043,0.1043,0.0,0.8957,Residential,0.082,High,2026-03-09T20:13:21.089149+00:00
36047027000,"BROOKLYN, NY",0.0166,Low,0.0,0.0,0.0,1.0,Residential,0.005,High,2026-03-09T21:12:44.952714+00:00
36047027100,"BROOKLYN, NY",0.05,Low,0.0699,0.0699,0.0,0.8607,Residential,0.0639,High,2026-03-09T19:32:47.129830+00:00
36047027200,"BROOKLYN, NY",0.0218,Low,0.0396,0.0396,0.0,0.9604,Residential,0.0343,High,2026-03-09T20:41:37.198038+00:00
36047027300,"BROOKLYN, NY",0.0777,Low,0.0278,0.0278,0.0,0.9722,Residential,0.0428,High,2026-03-10T07:23:44.282356+00:00
36047027400,"BROOKLYN, NY",0.0187,Low,0.025,0.025,0.0,0.9636,Residential,0.0231,High,2026-03-09T20:57:17.269735+00:00
36047027500,"BROOKLYN, NY",0.1301,Low,0.0237,0.0237,0.0,0.9763,Residential,0.0556,High,2026-03-09T17:48:45.029804+00:00
36047027600,"BROOKLYN, NY",0.0209,Low,0.2808,0.0416,0.2392,0.7111,Residential,0.2028,High,2026-03-09T20:45:42.466527+00:00
36047027700,"BROOKLYN, NY",0.0159,Low,0.0124,0.0124,0.0,0.9876,Residential,0.0134,High,2026-03-09T21:18:23.011248+00:00
36047027800,"BROOKLYN, NY",0.0179,Low,0.1607,0.1607,0.0,0.8047,Residential,0.1179,High,2026-03-09T21:03:15.237187+00:00
36047027900,"BROOKLYN, NY",0.0134,Low,0.0342,0.0342,0.0,0.9658,Residential,0.0279,High,2026-03-09T21:38:44.617106+00:00
36047028000,"BROOKLYN, NY",0.0146,Low,0.0624,0.0624,0.0,0.8352,Residential,0.0481,High,2026-03-09T21:27:50.291001+00:00
36047028100,"BROOKLYN, NY",0.0273,Low,0.3104,0.3104,0.0,0.6896,Residential,0.2255,High,2026-03-09T20:20:53.171712+00:00
36047028200,"BROOKLYN, NY",0.0182,Low,0.0467,0.0467,0.0,0.9391,Residential,0.0382,High,2026-03-09T21:00:13.182533+00:00
36047028300,"BROOKLYN, NY",0.0135,Low,0.194,0.194,0.0,0.806,Residential,0.1399,High,2026-03-09T21:36:43.711891+00:00
36047028400,"BROOKLYN, NY",0.0185,Low,0.1041,0.1041,0.0,0.8959,Residential,0.0784,High,2026-03-09T20:58:25.375371+00:00
36047028501,"BROOKLYN, NY",0.0046,Low,0.1358,0.1358,0.0,0.7744,Residential,0.0964,High,2026-03-09T23:21:26.372554+00:00
36047028502,"BROOKLYN, NY",0.0112,Low,0.0,0.0,0.0,1.0,Residential,0.0034,High,2026-03-09T21:51:45.474200+00:00
36047028600,"BROOKLYN, NY",0.025,Low,0.0351,0.0351,0.0,0.933,Residential,0.0321,High,2026-03-09T20:28:43.431988+00:00
36047028700,"BROOKLYN, NY",0.0197,Low,0.132,0.132,0.0,0.7084,Residential,0.0983,High,2026-03-09T20:51:07.817063+00:00
36047028800,"BROOKLYN, NY",0.0195,Low,0.1917,0.1917,0.0,0.8083,Residential,0.1401,High,2026-03-09T20:52:03.367218+00:00
36047028900,"BROOKLYN, NY",0.0218,Low,0.1833,0.1833,0.0,0.7447,Residential,0.1348,High,2026-03-09T20:42:06.954685+00:00
36047029000,"BROOKLYN, NY",0.0199,Low,0.2027,0.2027,0.0,0.7973,Residential,0.1479,High,2026-03-09T20:49:54.922091+00:00
36047029100,"BROOKLYN, NY",0.0135,Low,0.0315,0.0315,0.0,0.9685,Residential,0.0261,High,2026-03-09T21:36:55.408753+00:00
36047029200,"BROOKLYN, NY",0.0149,Low,0.0239,0.0239,0.0,0.2714,Other,0.0212,High,2026-03-09T21:25:27.686910+00:00
36047029300,"BROOKLYN, NY",0.0136,Low,0.0884,0.0884,0.0,0.9116,Residential,0.066,High,2026-03-09T21:36:05.036761+00:00
36047029400,"BROOKLYN, NY",0.0157,Low,0.7633,0.0422,0.7211,0.2327,Industrial,0.539,High,2026-03-09T21:18:40.989361+00:00
36047029500,"BROOKLYN, NY",0.0283,Low,0.0761,0.0761,0.0,0.9239,Residential,0.0618,High,2026-03-09T20:18:56.273002+00:00
36047029600,"BROOKLYN, NY",0.0223,Low,0.0976,0.0976,0.0,0.9024,Residential,0.075,High,2026-03-09T20:39:59.369713+00:00
36047029700,"BROOKLYN, NY",0.0381,Low,0.1415,0.1415,0.0,0.802,Residential,0.1105,High,2026-03-09T19:55:06.570107+00:00
36047029800,"BROOKLYN, NY",0.0202,Low,0.0995,0.0995,0.0,0.9005,Residential,0.0757,High,2026-03-09T20:48:56.730735+00:00
36047029900,"BROOKLYN, NY",0.0256,Low,0.0998,0.0721,0.0277,0.9002,Residential,0.0775,High,2026-03-09T20:26:25.501007+00:00
36047030000,"BROOKLYN, NY",0.0214,Low,0.1095,0.1095,0.0,0.8905,Residential,0.0831,High,2026-03-09T20:44:23.471076+00:00
36047030100,"BROOKLYN, NY",0.014,Low,0.1567,0.1315,0.0252,0.8254,Residential,0.1139,High,2026-03-09T21:33:12.166571+00:00
36047030200,"BROOKLYN, NY",0.0183,Low,0.0,0.0,0.0,0.9954,Residential,0.0055,High,2026-03-09T21:00:24.541068+00:00
36047030300,"BROOKLYN, NY",0.0384,Low,0.1755,0.0858,0.0897,0.7872,Residential,0.1344,High,2026-03-09T19:54:21.650589+00:00
36047030500,"BROOKLYN, NY",0.046,Low,0.3395,0.0191,0.3205,0.6358,Residential,0.2515,High,2026-03-09T19:39:58.234367+00:00
36047030600,"BROOKLYN, NY",0.0152,Low,0.0128,0.0128,0.0,0.9872,Residential,0.0136,High,2026-03-09T21:22:38.824955+00:00
36047030700,"BROOKLYN, NY",0.0751,Low,0.1566,0.0131,0.1435,0.8434,Residential,0.1322,High,2026-03-10T07:25:50.393340+00:00
36047030900,"BROOKLYN, NY",0.0192,Low,0.2741,0.0099,0.2642,0.7259,Residential,0.1976,High,2026-03-09T20:53:50.758842+00:00
36047031100,"BROOKLYN, NY",0.0212,Low,0.2179,0.0532,0.1647,0.7821,Residential,0.1589,High,2026-03-09T20:44:41.157262+00:00
36047031300,"BROOKLYN, NY",0.0569,Low,0.1234,0.1234,0.0,0.8766,Residential,0.1034,High,2026-03-09T19:22:35.232765+00:00
36047031500,"BROOKLYN, NY",0.0431,Low,0.1837,0.1837,0.0,0.8163,Residential,0.1415,High,2026-03-09T19:44:55.635296+00:00
36047031701,"BROOKLYN, NY",0.0337,Low,0.1678,0.1678,0.0,0.8322,Residential,0.1275,High,2026-03-09T20:04:27.091993+00:00
36047031702,"BROOKLYN, NY",0.034,Low,0.1205,0.1205,0.0,0.8795,Residential,0.0945,High,2026-03-09T20:04:02.528404+00:00
36047031900,"BROOKLYN, NY",0.0346,Low,0.1059,0.1059,0.0,0.8941,Residential,0.0845,High,2026-03-09T20:02:04.956015+00:00
36047032100,"BROOKLYN, NY",0.0382,Low,0.0844,0.0844,0.0,0.9048,Residential,0.0705,High,2026-03-09T19:54:04.357539+00:00
36047032300,"BROOKLYN, NY",0.0286,Low,0.1395,0.1395,0.0,0.8605,Residential,0.1063,High,2026-03-09T20:16:43.783897+00:00
36047032500,"BROOKLYN, NY",0.0445,Low,0.1029,0.1029,0.0,0.8971,Residential,0.0853,High,2026-03-09T19:41:24.153896+00:00
36047032600,"BROOKLYN, NY",0.0222,Low,0.4492,0.4036,0.0455,0.4513,Residential,0.3211,High,2026-03-09T20:40:28.756029+00:00
36047032700,"BROOKLYN, NY",0.0257,Low,0.3107,0.3107,0.0,0.6893,Residential,0.2252,High,2026-03-09T20:25:54.289400+00:00
36047032800,"BROOKLYN, NY",0.0161,Low,0.1412,0.1412,0.0,0.8588,Residential,0.1037,High,2026-03-09T21:17:46.314945+00:00
36047032900,"BROOKLYN, NY",0.045,Low,0.0092,0.0092,0.0,0.9908,Residential,0.02,High,2026-03-09T19:41:04.421763+00:00
36047033100,"BROOKLYN, NY",0.0496,Low,0.0165,0.0165,0.0,0.9835,Residential,0.0265,High,2026-03-09T19:33:03.833586+00:00
36047033300,"BROOKLYN, NY",0.0458,Low,0.0342,0.0342,0.0,0.9658,Residential,0.0377,High,2026-03-09T19:40:02.400583+00:00
36047033500,"BROOKLYN, NY",0.0212,Low,0.0,0.0,0.0,1.0,Residential,0.0064,High,2026-03-09T20:45:03.275902+00:00
36047033701,"BROOKLYN, NY",0.021,Low,0.1868,0.1868,0.0,0.8132,Residential,0.1371,High,2026-03-09T20:44:49.715792+00:00
36047033702,"BROOKLYN, NY",0.0162,Low,0.0694,0.0694,0.0,0.9306,Residential,0.0535,High,2026-03-09T21:16:13.698734+00:00
36047033900,"BROOKLYN, NY",0.0266,Low,0.0959,0.0959,0.0,0.9041,Residential,0.0751,High,2026-03-09T20:23:20.036760+00:00
36047034000,"BROOKLYN, NY",0.0169,Low,0.0,0.0,0.0,0.7848,Residential,0.0051,High,2026-03-09T21:10:10.181137+00:00
36047034100,"BROOKLYN, NY",0.0226,Low,0.0,0.0,0.0,0.7291,Residential,0.0068,High,2026-03-09T20:38:07.292204+00:00
36047034200,"BROOKLYN, NY",0.0252,Low,0.5401,0.5401,0.0,0.4599,Commercial,0.3857,High,2026-03-09T20:27:02.131298+00:00
36047034300,"BROOKLYN, NY",0.031,Low,0.0,0.0,0.0,1.0,Residential,0.0093,High,2026-03-09T20:11:16.305070+00:00
36047034500,"BROOKLYN, NY",0.0203,Low,0.0649,0.0649,0.0,0.6257,Residential,0.0515,High,2026-03-09T20:48:07.936602+00:00
36047034700,"BROOKLYN, NY",0.0248,Low,0.0744,0.0744,0.0,0.9256,Residential,0.0595,High,2026-03-09T20:29:36.989648+00:00
36047034901,"BROOKLYN, NY",0.0176,Low,0.193,0.193,0.0,0.807,Residential,0.1404,High,2026-03-09T21:05:11.410067+00:00
36047034902,"BROOKLYN, NY",0.0313,Low,0.0877,0.0877,0.0,0.9123,Residential,0.0708,High,2026-03-09T20:10:16.817564+00:00
36047035000,"BROOKLYN, NY",0.0179,Low,0.1509,0.1509,0.0,0.7627,Residential,0.111,High,2026-03-09T21:01:49.123968+00:00
36047035101,"BROOKLYN, NY",0.0225,Low,0.4543,0.4543,0.0,0.5457,Residential,0.3247,High,2026-03-09T20:38:23.952363+00:00
36047035102,"BROOKLYN, NY",0.0216,Low,0.106,0.106,0.0,0.894,Residential,0.0807,High,2026-03-09T20:42:07.339009+00:00
36047035301,"BROOKLYN, NY",0.024,Low,0.1998,0.1998,0.0,0.8002,Residential,0.1471,High,2026-03-09T20:32:38.022635+00:00
36047035302,"BROOKLYN, NY",0.024,Low,0.0,0.0,0.0,1.0,Residential,0.0072,High,2026-03-09T20:32:42.218227+00:00
36047035500,"BROOKLYN, NY",0.0466,Low,0.0,0.0,0.0,1.0,Residential,0.014,High,2026-03-09T19:37:52.326555+00:00
36047035601,"BROOKLYN, NY",0.0278,Low,0.0,0.0,0.0,1.0,Residential,0.0083,High,2026-03-09T20:18:24.524911+00:00
36047035701,"BROOKLYN, NY",0.0212,Low,0.1036,0.1036,0.0,0.8964,Residential,0.0789,High,2026-03-09T20:43:51.522415+00:00
36047035702,"BROOKLYN, NY",0.0093,Low,0.0,0.0,0.0,0.0354,Other,0.0028,High,2026-03-09T22:09:38.448866+00:00
36047035900,"BROOKLYN, NY",0.0893,Low,0.16,0.16,0.0,0.84,Residential,0.1388,High,2026-03-10T07:12:09.095944+00:00
36047036001,"BROOKLYN, NY",0.0244,Low,0.0767,0.0767,0.0,0.8441,Residential,0.061,High,2026-03-09T20:30:53.210863+00:00
36047036002,"BROOKLYN, NY",0.039,Low,0.0276,0.0276,0.0,0.9724,Residential,0.031,High,2026-03-09T19:51:56.101240+00:00
36047036100,"BROOKLYN, NY",0.0354,Low,0.264,0.264,0.0,0.736,Residential,0.1954,High,2026-03-09T19:59:49.302774+00:00
36047036300,"BROOKLYN, NY",0.0613,Low,0.2793,0.2793,0.0,0.7207,Residential,0.2139,High,2026-03-09T19:14:27.511584+00:00
36047036501,"BROOKLYN, NY",0.0132,Low,0.004,0.004,0.0,0.996,Residential,0.0068,High,2026-03-09T21:38:44.130878+00:00
36047036700,"BROOKLYN, NY",0.0145,Low,0.3621,0.1211,0.241,0.372,Residential,0.2578,High,2026-03-09T21:28:23.003473+00:00
36047036900,"BROOKLYN, NY",0.0257,Low,0.1482,0.1482,0.0,0.8518,Residential,0.1115,High,2026-03-09T20:26:47.435609+00:00
36047037100,"BROOKLYN, NY",0.0187,Low,0.0915,0.0915,0.0,0.8642,Residential,0.0696,High,2026-03-09T20:57:22.552715+00:00
36047037300,"BROOKLYN, NY",0.0408,Low,0.1279,0.1279,0.0,0.8721,Residential,0.1018,High,2026-03-09T19:49:25.389396+00:00
36047037401,"BROOKLYN, NY",0.0259,Low,0.0,0.0,0.0,0.9982,Residential,0.0078,High,2026-03-09T20:25:35.690125+00:00
36047037402,"BROOKLYN, NY",0.018,Low,0.0931,0.0,0.0931,0.8618,Residential,0.0706,High,2026-03-09T21:02:07.811135+00:00
36047037700,"BROOKLYN, NY",0.0184,Low,0.0081,0.0081,0.0,0.8924,Residential,0.0112,High,2026-03-09T20:59:47.053197+00:00
36047037900,"BROOKLYN, NY",0.0182,Low,0.0699,0.0699,0.0,0.9301,Residential,0.0544,High,2026-03-09T21:00:48.778455+00:00
36047038100,"BROOKLYN, NY",0.0185,Low,0.0095,0.0095,0.0,0.9905,Residential,0.0122,High,2026-03-09T20:58:40.676122+00:00
36047038300,"BROOKLYN, NY",0.0366,Low,0.057,0.057,0.0,0.943,Residential,0.0509,High,2026-03-09T19:58:15.164628+00:00
36047038500,"BROOKLYN, NY",0.016,Low,0.0582,0.0582,0.0,0.9418,Residential,0.0455,High,2026-03-09T21:18:21.792768+00:00
36047038600,"BROOKLYN, NY",0.0155,Low,0.1937,0.1295,0.0642,0.8063,Residential,0.1402,High,2026-03-09T21:21:54.209348+00:00
36047038700,"BROOKLYN, NY",0.0149,Low,0.1157,0.1157,0.0,0.8302,Residential,0.0855,High,2026-03-09T21:25:51.853816+00:00
36047038800,"BROOKLYN, NY",0.0202,Low,0.0,0.0,0.0,1.0,Residential,0.0061,High,2026-03-09T20:48:58.965676+00:00
36047038900,"BROOKLYN, NY",0.0192,Low,0.5341,0.3234,0.2107,0.4659,Residential,0.3796,High,2026-03-09T20:53:55.816753+00:00
36047039000,"BROOKLYN, NY",0.0172,Low,0.0547,0.0547,0.0,0.9453,Residential,0.0435,High,2026-03-09T21:08:50.324988+00:00
36047039100,"BROOKLYN, NY",0.022,Low,0.3184,0.0394,0.279,0.6816,Residential,0.2295,High,2026-03-09T20:40:27.532190+00:00
36047039200,"BROOKLYN, NY",0.0177,Low,0.1112,0.1112,0.0,0.8888,Residential,0.0831,High,2026-03-09T21:04:51.537887+00:00
36047039300,"BROOKLYN, NY",0.0152,Low,0.1182,0.1182,0.0,0.8818,Residential,0.0873,High,2026-03-09T21:23:42.860671+00:00
36047039400,"BROOKLYN, NY",0.0144,Low,0.0941,0.0941,0.0,0.9059,Residential,0.0702,High,2026-03-09T21:30:25.895928+00:00
36047039500,"BROOKLYN, NY",0.0143,Low,0.1905,0.1905,0.0,0.8095,Residential,0.1376,High,2026-03-09T21:31:01.924574+00:00
36047039600,"BROOKLYN, NY",0.0147,Low,0.0701,0.0701,0.0,0.9299,Residential,0.0535,High,2026-03-09T21:27:16.396176+00:00
36047039700,"BROOKLYN, NY",0.0125,Low,0.2179,0.2179,0.0,0.7821,Residential,0.1563,High,2026-03-09T21:44:07.705337+00:00
36047039800,"BROOKLYN, NY",0.0161,Low,0.27,0.2103,0.0598,0.73,Residential,0.1939,High,2026-03-09T21:17:31.389779+00:00
36047039900,"BROOKLYN, NY",0.0163,Low,0.0,0.0,0.0,1.0,Residential,0.0049,High,2026-03-09T21:16:01.737498+00:00
36047040000,"BROOKLYN, NY",0.0163,Low,0.038,0.038,0.0,0.962,Residential,0.0315,High,2026-03-09T21:16:08.951587+00:00
36047040100,"BROOKLYN, NY",0.0166,Low,0.1248,0.1248,0.0,0.8752,Residential,0.0923,High,2026-03-09T21:13:46.394589+00:00
36047040200,"BROOKLYN, NY",0.0173,Low,0.0419,0.0419,0.0,0.8523,Residential,0.0345,High,2026-03-09T21:08:11.660364+00:00
36047040300,"BROOKLYN, NY",0.0094,Low,0.0399,0.0148,0.0252,0.959,Residential,0.0308,High,2026-03-09T22:10:05.525872+00:00
36047040400,"BROOKLYN, NY",0.0174,Low,0.0343,0.0343,0.0,0.9657,Residential,0.0292,High,2026-03-09T21:07:05.716854+00:00
36047040500,"BROOKLYN, NY",0.0068,Low,0.0753,0.019,0.0563,0.9082,Residential,0.0548,High,2026-03-09T22:40:34.527467+00:00
36047040600,"BROOKLYN, NY",0.0216,Low,0.0071,0.0071,0.0,0.9929,Residential,0.0114,High,2026-03-09T20:43:20.504350+00:00
36047040700,"BROOKLYN, NY",0.006,Low,0.0033,0.0,0.0033,0.9967,Residential,0.0041,High,2026-03-09T22:52:12.488020+00:00
36047040800,"BROOKLYN, NY",0.0206,Low,0.0822,0.0822,0.0,0.9178,Residential,0.0637,High,2026-03-09T20:47:34.964348+00:00
36047040900,"BROOKLYN, NY",0.0243,Low,0.0358,0.003,0.0328,0.9642,Residential,0.0324,High,2026-03-09T20:32:15.111002+00:00
36047041000,"BROOKLYN, NY",0.0151,Low,0.0318,0.0,0.0318,0.9682,Residential,0.0268,High,2026-03-09T21:23:35.871231+00:00
36047041100,"BROOKLYN, NY",0.0107,Low,0.0943,0.0,0.0943,0.9057,Residential,0.0692,High,2026-03-09T21:56:32.655000+00:00
36047041200,"BROOKLYN, NY",0.0184,Low,0.0938,0.0816,0.0122,0.9062,Residential,0.0712,High,2026-03-09T20:59:09.026877+00:00
36047041300,"BROOKLYN, NY",0.0173,Low,0.0514,0.0514,0.0,0.9486,Residential,0.0412,High,2026-03-09T21:08:33.123573+00:00
36047041401,"BROOKLYN, NY",0.0135,Low,0.0328,0.0161,0.0167,0.8179,Residential,0.027,High,2026-03-09T21:37:05.635104+00:00
36047041402,"BROOKLYN, NY",0.0148,Low,0.0,0.0,0.0,1.0,Residential,0.0044,High,2026-03-09T21:25:46.230538+00:00
36047041500,"BROOKLYN, NY",0.0159,Low,0.017,0.017,0.0,0.983,Residential,0.0166,High,2026-03-09T21:18:57.469533+00:00
36047041600,"BROOKLYN, NY",0.015,Low,0.0133,0.0133,0.0,0.9867,Residential,0.0138,High,2026-03-09T21:25:04.206845+00:00
36047041700,"BROOKLYN, NY",0.013,Low,0.0698,0.0698,0.0,0.9302,Residential,0.0527,High,2026-03-09T21:40:41.237128+00:00
36047041800,"BROOKLYN, NY",0.0165,Low,0.1491,0.1491,0.0,0.8495,Residential,0.1093,High,2026-03-09T21:13:53.004069+00:00
36047041900,"BROOKLYN, NY",0.0298,Low,0.1557,0.1557,0.0,0.8443,Residential,0.1179,High,2026-03-09T20:14:05.833275+00:00
36047042000,"BROOKLYN, NY",0.0159,Low,0.2004,0.2004,0.0,0.7996,Residential,0.145,High,2026-03-09T21:18:38.639179+00:00
36047042100,"BROOKLYN, NY",0.0334,Low,0.0985,0.0985,0.0,0.9015,Residential,0.0789,High,2026-03-09T20:05:39.292855+00:00
36047042200,"BROOKLYN, NY",0.0165,Low,0.0294,0.0294,0.0,0.9706,Residential,0.0255,High,2026-03-09T21:14:22.057532+00:00
36047042300,"BROOKLYN, NY",0.055,Low,0.1737,0.1737,0.0,0.8263,Residential,0.1381,High,2026-03-09T19:25:31.388539+00:00
36047042400,"BROOKLYN, NY",0.0204,Low,0.0615,0.0615,0.0,0.9385,Residential,0.0492,High,2026-03-09T20:47:53.457492+00:00
36047042500,"BROOKLYN, NY",0.0253,Low,0.5204,0.0,0.5204,0.4796,Industrial,0.3719,High,2026-03-09T20:27:13.460263+00:00
36047042600,"BROOKLYN, NY",0.0234,Low,0.0109,0.0109,0.0,0.9891,Residential,0.0147,High,2026-03-09T20:36:07.198668+00:00
36047042700,"BROOKLYN, NY",0.0201,Low,0.1681,0.0691,0.099,0.8319,Residential,0.1237,High,2026-03-09T20:49:17.945621+00:00
36047042800,"BROOKLYN, NY",0.0222,Low,0.0,0.0,0.0,1.0,Residential,0.0067,High,2026-03-09T20:40:06.934609+00:00
36047042900,"BROOKLYN, NY",0.0421,Low,0.0923,0.0923,0.0,0.686,Residential,0.0772,High,2026-03-09T19:46:31.713873+00:00
36047043000,"BROOKLYN, NY",0.0185,Low,0.1175,0.1175,0.0,0.6949,Residential,0.0878,High,2026-03-09T20:58:01.927941+00:00
36047043100,"BROOKLYN, NY",0.0367,Low,0.4086,0.4086,0.0,0.5903,Residential,0.2971,High,2026-03-09T19:57:23.319778+00:00
36047043200,"BROOKLYN, NY",0.0223,Low,0.1027,0.1027,0.0,0.8973,Residential,0.0786,High,2026-03-09T20:39:52.404803+00:00
36047043300,"BROOKLYN, NY",0.0319,Low,0.1639,0.1639,0.0,0.8361,Residential,0.1243,High,2026-03-09T20:08:50.024092+00:00
36047043400,"BROOKLYN, NY",0.0236,Low,0.0037,0.0037,0.0,0.9963,Residential,0.0097,High,2026-03-09T20:35:09.984523+00:00
36047043500,"BROOKLYN, NY",0.0398,Low,0.0563,0.0563,0.0,0.9242,Residential,0.0513,High,2026-03-09T19:51:32.082364+00:00
36047043600,"BROOKLYN, NY",0.0265,Low,0.0082,0.0082,0.0,0.9918,Residential,0.0137,High,2026-03-09T20:23:05.691627+00:00
36047043700,"BROOKLYN, NY",0.057,Low,0.0539,0.0539,0.0,0.8504,Residential,0.0548,High,2026-03-09T19:22:38.754197+00:00
36047043800,"BROOKLYN, NY",0.0186,Low,0.17,0.009,0.1611,0.7241,Residential,0.1246,High,2026-03-09T20:57:21.767311+00:00
36047044000,"BROOKLYN, NY",0.0171,Low,0.1168,0.0151,0.1016,0.8832,Residential,0.0868,High,2026-03-09T21:10:03.306107+00:00
36047044100,"BROOKLYN, NY",0.0237,Low,0.1154,0.1154,0.0,0.8846,Residential,0.0879,High,2026-03-09T20:34:54.996935+00:00
36047044200,"BROOKLYN, NY",0.0175,Low,0.0681,0.0681,0.0,0.9319,Residential,0.0529,High,2026-03-09T21:06:31.132999+00:00
36047044300,"BROOKLYN, NY",0.0197,Low,0.0684,0.0684,0.0,0.9316,Residential,0.0538,High,2026-03-09T20:51:35.342927+00:00
36047044400,"BROOKLYN, NY",0.0198,Low,0.0037,0.0037,0.0,0.9963,Residential,0.0085,High,2026-03-09T20:50:59.838411+00:00
36047044500,"BROOKLYN, NY",0.0196,Low,0.1356,0.0124,0.1233,0.8506,Residential,0.1008,High,2026-03-09T20:51:43.247192+00:00
36047044600,"BROOKLYN, NY",0.016,Low,0.1264,0.1264,0.0,0.8736,Residential,0.0933,High,2026-03-09T21:17:14.976133+00:00
36047044700,"BROOKLYN, NY",0.0139,Low,0.8679,0.0,0.8679,0.1321,Industrial,0.6117,High,2026-03-09T21:33:20.774550+00:00
36047044800,"BROOKLYN, NY",0.0146,Low,0.0522,0.0522,0.0,0.8573,Residential,0.041,High,2026-03-09T21:27:29.321402+00:00
36047045000,"BROOKLYN, NY",0.0118,Low,0.0294,0.0,0.0294,0.8459,Residential,0.0241,High,2026-03-09T21:48:41.757818+00:00
36047045200,"BROOKLYN, NY",0.0162,Low,0.0,0.0,0.0,1.0,Residential,0.0049,High,2026-03-09T21:16:21.653231+00:00
36047045400,"BROOKLYN, NY",0.0148,Low,0.1041,0.1041,0.0,0.8959,Residential,0.0773,High,2026-03-09T21:26:31.214621+00:00
36047045600,"BROOKLYN, NY",0.0156,Low,0.1456,0.1456,0.0,0.8544,Residential,0.1066,High,2026-03-09T21:19:51.864561+00:00
36047045800,"BROOKLYN, NY",0.0122,Low,0.0,0.0,0.0,1.0,Residential,0.0037,High,2026-03-09T21:45:40.864489+00:00
36047046000,"BROOKLYN, NY",0.0178,Low,0.0268,0.0268,0.0,0.9732,Residential,0.0241,High,2026-03-09T21:03:52.206124+00:00
36047046201,"BROOKLYN, NY",0.0167,Low,0.0317,0.0,0.0317,0.9683,Residential,0.0272,High,2026-03-09T21:11:52.826173+00:00
36047046202,"BROOKLYN, NY",0.0152,Low,0.3351,0.0,0.3351,0.6649,Residential,0.2392,High,2026-03-09T21:22:43.750248+00:00
36047046400,"BROOKLYN, NY",0.0178,Low,0.1667,0.0025,0.1642,0.8333,Residential,0.122,High,2026-03-09T21:03:56.826360+00:00
36047046800,"BROOKLYN, NY",0.0122,Low,0.0362,0.0,0.0362,0.8859,Residential,0.029,High,2026-03-09T21:46:08.162153+00:00
36047047000,"BROOKLYN, NY",0.0136,Low,0.01,0.01,0.0,0.9872,Residential,0.0111,High,2026-03-09T21:36:09.824792+00:00
36047047200,"BROOKLYN, NY",0.0158,Low,0.0643,0.0643,0.0,0.9357,Residential,0.0497,High,2026-03-09T21:19:08.879317+00:00
36047047400,"BROOKLYN, NY",0.0147,Low,0.0889,0.0889,0.0,0.9111,Residential,0.0666,High,2026-03-09T21:27:49.746590+00:00
36047047600,"BROOKLYN, NY",0.0209,Low,0.1129,0.0725,0.0404,0.8871,Residential,0.0853,High,2026-03-09T20:46:07.622987+00:00
36047047800,"BROOKLYN, NY",0.0207,Low,0.2039,0.0165,0.1874,0.7727,Residential,0.1489,High,2026-03-09T20:46:58.011253+00:00
36047048000,"BROOKLYN, NY",0.022,Low,0.1017,0.021,0.0806,0.8983,Residential,0.0778,High,2026-03-09T20:40:48.480634+00:00
36047048100,"BROOKLYN, NY",0.0207,Low,0.3414,0.0883,0.2532,0.6523,Residential,0.2452,High,2026-03-09T20:46:20.835767+00:00
36047048200,"BROOKLYN, NY",0.0282,Low,0.0972,0.0972,0.0,0.9028,Residential,0.0765,High,2026-03-09T20:18:35.878271+00:00
36047048400,"BROOKLYN, NY",0.0245,Low,0.0192,0.0192,0.0,0.9808,Residential,0.0208,High,2026-03-09T20:31:18.306653+00:00
36047048600,"BROOKLYN, NY",0.0193,Low,0.3848,0.0716,0.3132,0.6152,Residential,0.2752,High,2026-03-09T20:53:16.496125+00:00
36047048800,"BROOKLYN, NY",0.0249,Low,0.0255,0.0255,0.0,0.9745,Residential,0.0253,High,2026-03-09T20:29:28.407427+00:00
36047048900,"BROOKLYN, NY",0.0136,Low,0.0,0.0,0.0,0.9243,Residential,0.0041,High,2026-03-09T21:34:48.667711+00:00
36047049000,"BROOKLYN, NY",0.0249,Low,0.008,0.008,0.0,0.992,Residential,0.013,High,2026-03-09T20:29:38.955026+00:00
36047049200,"BROOKLYN, NY",0.0302,Low,0.2031,0.2031,0.0,0.7969,Residential,0.1512,High,2026-03-09T20:13:11.973733+00:00
36047049301,"BROOKLYN, NY",0.0089,Low,0.0,0.0,0.0,1.0,Residential,0.0027,High,2026-03-09T22:13:44.179620+00:00
36047049302,"BROOKLYN, NY",0.0154,Low,0.3329,0.2949,0.038,0.6671,Residential,0.2377,High,2026-03-09T21:21:04.713621+00:00
36047049400,"BROOKLYN, NY",0.0249,Low,0.0483,0.0483,0.0,0.9517,Residential,0.0413,High,2026-03-09T20:29:16.029497+00:00
36047049500,"BROOKLYN, NY",0.0222,Low,0.3078,0.3078,0.0,0.6922,Residential,0.2221,High,2026-03-09T20:40:08.467820+00:00
36047049600,"BROOKLYN, NY",0.0192,Low,0.1006,0.1006,0.0,0.8994,Residential,0.0762,High,2026-03-09T20:54:05.810449+00:00
36047049700,"BROOKLYN, NY",0.0591,Low,0.1736,0.1321,0.0415,0.8264,Residential,0.1393,High,2026-03-09T19:18:20.673188+00:00
36047049800,"BROOKLYN, NY",0.0194,Low,0.0667,0.0667,0.0,0.9333,Residential,0.0525,High,2026-03-09T20:52:48.702119+00:00
36047049900,"BROOKLYN, NY",0.0374,Low,0.4953,0.0,0.4953,0.4696,Industrial,0.3579,High,2026-03-09T19:55:35.257450+00:00
36047050001,"BROOKLYN, NY",0.0164,Low,0.0467,0.0467,0.0,0.8092,Residential,0.0376,High,2026-03-09T21:14:37.700585+00:00
36047050002,"BROOKLYN, NY",0.0198,Low,0.0,0.0,0.0,1.0,Residential,0.0059,High,2026-03-09T20:49:54.665189+00:00
36047050100,"BROOKLYN, NY",0.0239,Low,0.1251,0.0091,0.116,0.8749,Residential,0.0948,High,2026-03-09T20:34:03.094467+00:00
36047050202,"BROOKLYN, NY",0.0165,Low,0.0797,0.0797,0.0,0.8795,Residential,0.0608,High,2026-03-09T21:13:43.942459+00:00
36047050300,"BROOKLYN, NY",0.0229,Low,0.1553,0.1553,0.0,0.8447,Residential,0.1156,High,2026-03-09T20:37:46.182751+00:00
36047050401,"BROOKLYN, NY",0.0194,Low,0.1805,0.1805,0.0,0.7703,Residential,0.1322,High,2026-03-09T20:52:20.142002+00:00
36047050402,"BROOKLYN, NY",0.0165,Low,0.2702,0.2702,0.0,0.7298,Residential,0.1941,High,2026-03-09T21:13:26.803023+00:00
36047050500,"BROOKLYN, NY",0.0127,Low,0.3573,0.3573,0.0,0.5726,Residential,0.2539,High,2026-03-09T21:42:33.299571+00:00
36047050600,"BROOKLYN, NY",0.0409,Low,0.0618,0.0618,0.0,0.9382,Residential,0.0556,High,2026-03-09T19:48:39.109506+00:00
36047050700,"BROOKLYN, NY",0.0119,Low,0.2782,0.2077,0.0704,0.7218,Residential,0.1983,High,2026-03-09T21:47:59.788018+00:00
36047050801,"BROOKLYN, NY",0.0327,Low,0.0666,0.0666,0.0,0.9334,Residential,0.0564,High,2026-03-09T20:06:37.672587+00:00
36047050803,"BROOKLYN, NY",0.0251,Low,0.0,0.0,0.0,1.0,Residential,0.0075,High,2026-03-09T20:27:33.149944+00:00
36047050804,"BROOKLYN, NY",0.0608,Low,0.0,0.0,0.0,1.0,Residential,0.0182,High,2026-03-09T19:14:10.929850+00:00
36047050900,"BROOKLYN, NY",0.019,Low,0.1338,0.1338,0.0,0.8643,Residential,0.0993,High,2026-03-09T20:54:25.286701+00:00
36047051001,"BROOKLYN, NY",0.0431,Low,0.1266,0.1266,0.0,0.8734,Residential,0.1016,High,2026-03-09T19:43:52.838657+00:00
36047051002,"BROOKLYN, NY",0.0308,Low,0.0271,0.0271,0.0,0.9729,Residential,0.0282,High,2026-03-09T20:11:13.394923+00:00
36047051100,"BROOKLYN, NY",0.0413,Low,0.2135,0.2135,0.0,0.6354,Residential,0.1618,High,2026-03-09T19:47:41.629766+00:00
36047051200,"BROOKLYN, NY",0.0441,Low,0.0,0.0,0.0,1.0,Residential,0.0132,High,2026-03-09T19:41:57.086716+00:00
36047051300,"BROOKLYN, NY",0.0668,Low,0.3834,0.0222,0.3612,0.5794,Residential,0.2884,High,2026-03-09T19:05:46.879019+00:00
36047051400,"BROOKLYN, NY",0.0443,Low,0.043,0.043,0.0,0.957,Residential,0.0434,High,2026-03-09T19:42:03.837623+00:00
36047051500,"BROOKLYN, NY",0.0694,Low,0.4112,0.0,0.4112,0.0,Other,0.3086,High,2026-03-10T07:29:31.779661+00:00
36047051601,"BROOKLYN, NY",0.0419,Low,0.0,0.0,0.0,1.0,Residential,0.0126,High,2026-03-09T19:46:30.926943+00:00
36047051602,"BROOKLYN, NY",0.0315,Low,0.0144,0.0144,0.0,0.9856,Residential,0.0195,High,2026-03-09T20:09:36.015569+00:00
36047051700,"BROOKLYN, NY",0.1513,Low,0.2017,0.0117,0.19,0.2112,Other,0.1866,High,2026-03-09T17:38:20.851556+00:00
36047051800,"BROOKLYN, NY",0.0266,Low,0.0228,0.0228,0.0,0.9772,Residential,0.024,High,2026-03-09T20:22:31.022532+00:00
36047051900,"BROOKLYN, NY",0.036,Low,0.618,0.0205,0.5976,0.382,Industrial,0.4434,High,2026-03-09T19:58:57.699390+00:00
36047052000,"BROOKLYN, NY",0.0341,Low,0.1508,0.1508,0.0,0.8492,Residential,0.1158,High,2026-03-09T20:03:46.087734+00:00
36047052300,"BROOKLYN, NY",0.031,Low,0.5033,0.4769,0.0264,0.4967,Residential,0.3616,High,2026-03-09T20:11:11.591449+00:00
36047052500,"BROOKLYN, NY",0.0187,Low,0.8788,0.8788,0.0,0.1212,Commercial,0.6208,High,2026-03-09T20:56:15.204697+00:00
36047052600,"BROOKLYN, NY",0.0254,Low,0.0568,0.0568,0.0,0.9432,Residential,0.0473,High,2026-03-09T20:27:09.483836+00:00
36047052800,"BROOKLYN, NY",0.0145,Low,0.0312,0.0312,0.0,0.9688,Residential,0.0262,High,2026-03-09T21:28:41.811511+00:00
36047052900,"BROOKLYN, NY",0.0352,Low,0.2274,0.2274,0.0,0.7376,Residential,0.1698,High,2026-03-09T20:00:32.846417+00:00
36047053000,"BROOKLYN, NY",0.0206,Low,0.1411,0.1411,0.0,0.8589,Residential,0.1049,High,2026-03-09T20:47:03.645590+00:00
36047053101,"BROOKLYN, NY",0.0108,Low,0.0,0.0,0.0,0.9146,Residential,0.0032,High,2026-03-09T21:55:20.066368+00:00
36047053102,"BROOKLYN, NY",0.0317,Low,0.1165,0.0,0.1165,0.8835,Residential,0.0911,High,2026-03-09T20:08:51.608437+00:00
36047053200,"BROOKLYN, NY",0.0165,Low,0.0845,0.0845,0.0,0.9155,Residential,0.0641,High,2026-03-09T21:13:34.147501+00:00
36047053400,"BROOKLYN, NY",0.0233,Low,0.1508,0.1508,0.0,0.8492,Residential,0.1126,High,2026-03-09T20:36:25.689753+00:00
36047053500,"BROOKLYN, NY",0.0226,Low,0.1242,0.1242,0.0,0.87,Residential,0.0937,High,2026-03-09T20:38:39.794479+00:00
36047053700,"BROOKLYN, NY",0.1239,Low,0.2015,0.0444,0.1571,0.6389,Residential,0.1782,High,2026-03-09T17:51:39.823987+00:00
36047053800,"BROOKLYN, NY",0.0277,Low,0.0,0.0,0.0,0.9374,Residential,0.0083,High,2026-03-09T20:19:27.736809+00:00
36047053900,"BROOKLYN, NY",0.0169,Low,0.2151,0.0,0.2151,0.7849,Residential,0.1556,High,2026-03-09T21:10:28.199179+00:00
36047054200,"BROOKLYN, NY",0.0216,Low,0.0,0.0,0.0,1.0,Residential,0.0065,High,2026-03-09T20:43:24.457672+00:00
36047054400,"BROOKLYN, NY",0.0215,Low,0.0,0.0,0.0,1.0,Residential,0.0065,High,2026-03-09T20:43:40.293288+00:00
36047054500,"BROOKLYN, NY",0.0837,Low,0.0,0.0,0.0,1.0,Residential,0.0251,High,2026-03-10T07:17:13.752780+00:00
36047054600,"BROOKLYN, NY",0.0318,Low,0.0,0.0,0.0,1.0,Residential,0.0096,High,2026-03-09T20:09:02.185194+00:00
36047054700,"BROOKLYN, NY",0.2104,Low,0.0993,0.0248,0.0745,0.5427,Residential,0.1326,High,2026-03-09T17:17:13.114476+00:00
36047054800,"BROOKLYN, NY",0.0173,Low,0.0,0.0,0.0,1.0,Residential,0.0052,High,2026-03-09T21:08:29.205795+00:00
36047054900,"BROOKLYN, NY",0.2002,Low,0.6141,0.2631,0.351,0.2795,Industrial,0.4899,High,2026-03-09T17:20:33.209297+00:00
36047055000,"BROOKLYN, NY",0.0182,Low,0.0,0.0,0.0,1.0,Residential,0.0055,High,2026-03-09T21:00:15.785087+00:00
36047055100,"BROOKLYN, NY",0.2726,Low,0.2421,0.0916,0.1505,0.751,Residential,0.2513,High,2026-03-09T16:59:30.478671+00:00
36047055200,"BROOKLYN, NY",0.0194,Low,0.1486,0.1486,0.0,0.8514,Residential,0.1099,High,2026-03-09T20:52:35.372893+00:00
36047055300,"BROOKLYN, NY",0.1052,Low,0.4294,0.0629,0.3665,0.5706,Residential,0.3322,High,2026-03-10T07:01:38.823511+00:00
36047055400,"BROOKLYN, NY",0.0225,Low,0.2197,0.2197,0.0,0.7803,Residential,0.1606,High,2026-03-09T20:39:05.879118+00:00
36047055600,"BROOKLYN, NY",0.0206,Low,0.0118,0.0118,0.0,0.9882,Residential,0.0144,High,2026-03-09T20:47:07.459521+00:00
36047055800,"BROOKLYN, NY",0.0152,Low,0.0,0.0,0.0,0.9984,Residential,0.0046,High,2026-03-09T21:22:50.124897+00:00
36047056000,"BROOKLYN, NY",0.0176,Low,0.0,0.0,0.0,1.0,Residential,0.0053,High,2026-03-09T21:05:53.549071+00:00
36047056200,"BROOKLYN, NY",0.0132,Low,0.0,0.0,0.0,1.0,Residential,0.004,High,2026-03-09T21:39:46.819201+00:00
36047056301,"BROOKLYN, NY",0.024,Low,0.2498,0.023,0.2268,0.7502,Residential,0.1821,High,2026-03-09T20:33:28.769655+00:00
36047056400,"BROOKLYN, NY",0.0154,Low,0.0,0.0,0.0,1.0,Residential,0.0046,High,2026-03-09T21:21:45.627885+00:00
36047056600,"BROOKLYN, NY",0.0156,Low,0.0,0.0,0.0,1.0,Residential,0.0047,High,2026-03-09T21:20:05.929699+00:00
36047056800,"BROOKLYN, NY",0.0137,Low,0.0,0.0,0.0,1.0,Residential,0.0041,High,2026-03-09T21:34:55.599785+00:00
36047056900,"BROOKLYN, NY",0.0419,Low,0.6776,0.1838,0.4937,0.3224,Industrial,0.4869,High,2026-03-09T19:46:48.946963+00:00
36047057000,"BROOKLYN, NY",0.0156,Low,0.0,0.0,0.0,1.0,Residential,0.0047,High,2026-03-09T21:20:14.290864+00:00
36047057100,"BROOKLYN, NY",0.0228,Low,0.0778,0.0778,0.0,0.9222,Residential,0.0613,High,2026-03-09T20:38:51.591823+00:00
36047057200,"BROOKLYN, NY",0.0227,Low,0.0,0.0,0.0,1.0,Residential,0.0068,High,2026-03-09T20:37:30.283859+00:00
36047057300,"BROOKLYN, NY",0.0178,Low,0.3759,0.0138,0.3621,0.6241,Residential,0.2684,High,2026-03-09T21:04:24.123400+00:00
36047057400,"BROOKLYN, NY",0.017,Low,0.0,0.0,0.0,1.0,Residential,0.0051,High,2026-03-09T21:11:14.168244+00:00
36047057500,"BROOKLYN, NY",0.0244,Low,0.1283,0.1283,0.0,0.8717,Residential,0.0971,High,2026-03-09T20:31:59.917869+00:00
36047057600,"BROOKLYN, NY",0.0175,Low,0.0,0.0,0.0,0.9788,Residential,0.0052,High,2026-03-09T21:06:52.314818+00:00
36047057800,"BROOKLYN, NY",0.0164,Low,0.0193,0.0193,0.0,0.9807,Residential,0.0184,High,2026-03-09T21:15:31.723299+00:00
36047058000,"BROOKLYN, NY",0.021,Low,0.2,0.2,0.0,0.8,Residential,0.1463,High,2026-03-09T20:45:28.576562+00:00
36047058200,"BROOKLYN, NY",0.0177,Low,0.1934,0.1934,0.0,0.7665,Residential,0.1407,High,2026-03-09T21:05:16.536711+00:00
36047058400,"BROOKLYN, NY",0.0216,Low,0.0115,0.0115,0.0,0.9885,Residential,0.0145,High,2026-03-09T20:42:56.422916+00:00
36047058600,"BROOKLYN, NY",0.0176,Low,0.0736,0.0736,0.0,0.9264,Residential,0.0568,High,2026-03-09T21:06:05.627999+00:00
36047058800,"BROOKLYN, NY",0.0188,Low,0.0,0.0,0.0,1.0,Residential,0.0056,High,2026-03-09T20:56:01.829259+00:00
36047058901,"BROOKLYN, NY",0.0175,Low,0.6698,0.0053,0.6646,0.3302,Industrial,0.4741,High,2026-03-09T21:06:37.605546+00:00
36047059000,"BROOKLYN, NY",0.0145,Low,0.1437,0.1437,0.0,0.8563,Residential,0.105,High,2026-03-09T21:28:56.689077+00:00
36047059100,"BROOKLYN, NY",0.0233,Low,0.029,0.0248,0.0042,0.7063,Residential,0.0273,High,2026-03-09T20:36:51.936213+00:00
36047059200,"BROOKLYN, NY",0.0196,Low,0.1053,0.1053,0.0,0.8947,Residential,0.0796,High,2026-03-09T20:52:12.471466+00:00
36047059300,"BROOKLYN, NY",0.0184,Low,0.5776,0.0108,0.5667,0.4224,Industrial,0.4098,High,2026-03-09T20:59:08.637272+00:00
36047059402,"BROOKLYN, NY",0.02,Low,0.0,0.0,0.0,1.0,Residential,0.006,High,2026-03-09T20:51:24.727642+00:00
36047059403,"BROOKLYN, NY",0.018,Low,0.0,0.0,0.0,1.0,Residential,0.0054,High,2026-03-09T21:02:47.856521+00:00
36047059404,"BROOKLYN, NY",0.018,Low,0.0,0.0,0.0,0.9088,Residential,0.0054,High,2026-03-09T21:02:39.379524+00:00
36047059600,"BROOKLYN, NY",0.0165,Low,0.0,0.0,0.0,0.9922,Residential,0.0049,High,2026-03-09T21:13:56.220377+00:00
36047059800,"BROOKLYN, NY",0.0174,Low,0.0,0.0,0.0,1.0,Residential,0.0052,High,2026-03-09T21:08:06.106330+00:00
36047061003,"BROOKLYN, NY",0.0175,Low,0.2489,0.2489,0.0,0.7511,Residential,0.1795,High,2026-03-09T21:06:09.486727+00:00
36047061200,"BROOKLYN, NY",0.0122,Low,0.0031,0.0031,0.0,0.5477,Residential,0.0059,High,2026-03-09T21:45:48.372556+00:00
36047062600,"BROOKLYN, NY",0.0158,Low,0.4203,0.0,0.4203,0.5797,Residential,0.299,High,2026-03-09T21:19:22.189489+00:00
36047063200,"BROOKLYN, NY",0.0139,Low,0.0,0.0,0.0,1.0,Residential,0.0042,High,2026-03-09T21:33:39.790021+00:00
36047063600,"BROOKLYN, NY",0.0132,Low,0.0,0.0,0.0,1.0,Residential,0.004,High,2026-03-09T21:39:50.025564+00:00
36047063800,"BROOKLYN, NY",0.0168,Low,0.0,0.0,0.0,1.0,Residential,0.005,High,2026-03-09T21:12:15.797612+00:00
36047064000,"BROOKLYN, NY",0.015,Low,0.0,0.0,0.0,1.0,Residential,0.0045,High,2026-03-09T21:24:54.904592+00:00
36047064200,"BROOKLYN, NY",0.0175,Low,0.0012,0.0012,0.0,0.9846,Residential,0.0061,High,2026-03-09T21:06:39.671227+00:00
36047064400,"BROOKLYN, NY",0.0172,Low,0.0,0.0,0.0,1.0,Residential,0.0052,High,2026-03-09T21:09:28.092952+00:00
36047064600,"BROOKLYN, NY",0.0151,Low,0.0,0.0,0.0,1.0,Residential,0.0045,High,2026-03-09T21:24:46.657599+00:00
36047064800,"BROOKLYN, NY",0.0158,Low,0.0,0.0,0.0,1.0,Residential,0.0047,High,2026-03-09T21:19:30.177201+00:00
36047065000,"BROOKLYN, NY",0.0132,Low,0.0,0.0,0.0,1.0,Residential,0.004,High,2026-03-09T21:39:37.302585+00:00
36047065200,"BROOKLYN, NY",0.0124,Low,0.0175,0.0175,0.0,0.9825,Residential,0.016,High,2026-03-09T21:45:20.535370+00:00
36047065400,"BROOKLYN, NY",0.0135,Low,0.0,0.0,0.0,1.0,Residential,0.0041,High,2026-03-09T21:37:06.709585+00:00
36047065600,"BROOKLYN, NY",0.0143,Low,0.0,0.0,0.0,1.0,Residential,0.0043,High,2026-03-09T21:31:41.947335+00:00
36047065800,"BROOKLYN, NY",0.0142,Low,0.0,0.0,0.0,0.9711,Residential,0.0042,High,2026-03-09T21:32:15.679897+00:00
36047066000,"BROOKLYN, NY",0.0148,Low,0.0,0.0,0.0,1.0,Residential,0.0044,High,2026-03-09T21:26:42.300556+00:00
36047066200,"BROOKLYN, NY",0.0124,Low,0.3061,0.1759,0.1302,0.6939,Residential,0.218,High,2026-03-09T21:45:16.711998+00:00
36047067000,"BROOKLYN, NY",0.0153,Low,0.0885,0.0885,0.0,0.9115,Residential,0.0665,High,2026-03-09T21:22:26.877686+00:00
36047067200,"BROOKLYN, NY",0.0135,Low,0.2849,0.2849,0.0,0.6334,Residential,0.2035,High,2026-03-09T21:37:20.369823+00:00
36047067400,"BROOKLYN, NY",0.0138,Low,0.0,0.0,0.0,1.0,Residential,0.0041,High,2026-03-09T21:35:09.364641+00:00
36047067600,"BROOKLYN, NY",0.0141,Low,0.0,0.0,0.0,1.0,Residential,0.0042,High,2026-03-09T21:32:14.209774+00:00
36047067800,"BROOKLYN, NY",0.0177,Low,0.0,0.0,0.0,1.0,Residential,0.0053,High,2026-03-09T21:05:32.575778+00:00
36047068000,"BROOKLYN, NY",0.0144,Low,0.0,0.0,0.0,1.0,Residential,0.0043,High,2026-03-09T21:30:11.888114+00:00
36047068200,"BROOKLYN, NY",0.0148,Low,0.0407,0.0407,0.0,0.9593,Residential,0.0329,High,2026-03-09T21:27:21.377412+00:00
36047068600,"BROOKLYN, NY",0.0139,Low,0.0,0.0,0.0,0.9187,Residential,0.0042,High,2026-03-09T21:33:12.737598+00:00
36047068800,"BROOKLYN, NY",0.0141,Low,0.0297,0.0297,0.0,0.9703,Residential,0.025,High,2026-03-09T21:32:10.799210+00:00
36047069000,"BROOKLYN, NY",0.0141,Low,0.0,0.0,0.0,1.0,Residential,0.0042,High,2026-03-09T21:32:16.128700+00:00
36047069200,"BROOKLYN, NY",0.0147,Low,0.0,0.0,0.0,0.9038,Residential,0.0044,High,2026-03-09T21:27:41.079997+00:00
36047069601,"BROOKLYN, NY",0.0133,Low,0.0125,0.0,0.0125,0.4566,Other,0.0128,High,2026-03-09T21:39:05.694799+00:00
36047070000,"BROOKLYN, NY",0.0125,Low,0.0,0.0,0.0,1.0,Residential,0.0037,High,2026-03-09T21:44:22.290123+00:00
36047070601,"BROOKLYN, NY",0.0132,Low,0.0897,0.0017,0.088,0.9103,Residential,0.0668,High,2026-03-09T21:40:25.055751+00:00
36047070602,"BROOKLYN, NY",0.0109,Low,0.0071,0.0,0.0071,0.0016,Other,0.0083,High,2026-03-09T21:53:39.775468+00:00
36047072000,"BROOKLYN, NY",0.0147,Low,0.0,0.0,0.0,1.0,Residential,0.0044,High,2026-03-09T21:27:07.340375+00:00
36047072400,"BROOKLYN, NY",0.0137,Low,0.1888,0.0,0.1888,0.8112,Residential,0.1363,High,2026-03-09T21:35:47.948718+00:00
36047072600,"BROOKLYN, NY",0.0212,Low,0.3305,0.0,0.3305,0.6695,Residential,0.2377,High,2026-03-09T20:45:31.073007+00:00
36047072800,"BROOKLYN, NY",0.0171,Low,0.0678,0.0678,0.0,0.9322,Residential,0.0526,High,2026-03-09T21:10:16.755351+00:00
36047073000,"BROOKLYN, NY",0.0154,Low,0.0768,0.0768,0.0,0.9232,Residential,0.0584,High,2026-03-09T21:22:11.959488+00:00
36047073200,"BROOKLYN, NY",0.0165,Low,0.0,0.0,0.0,1.0,Residential,0.005,High,2026-03-09T21:14:13.106780+00:00
36047073400,"BROOKLYN, NY",0.0141,Low,0.0037,0.0037,0.0,0.8599,Residential,0.0068,High,2026-03-09T21:32:16.551786+00:00
36047073600,"BROOKLYN, NY",0.02,Low,0.0707,0.0707,0.0,0.8504,Residential,0.0555,High,2026-03-09T20:49:26.931367+00:00
36047073800,"BROOKLYN, NY",0.0221,Low,0.0643,0.0643,0.0,0.912,Residential,0.0517,High,2026-03-09T20:40:43.534240+00:00
36047074000,"BROOKLYN, NY",0.0215,Low,0.0,0.0,0.0,0.9208,Residential,0.0064,High,2026-03-09T20:43:35.308734+00:00
36047074200,"BROOKLYN, NY",0.0183,Low,0.0405,0.0405,0.0,0.9196,Residential,0.0339,High,2026-03-09T21:00:30.845857+00:00
36047074400,"BROOKLYN, NY",0.0189,Low,0.0,0.0,0.0,1.0,Residential,0.0057,High,2026-03-09T20:55:49.602762+00:00
36047074800,"BROOKLYN, NY",0.0146,Low,0.0915,0.0915,0.0,0.9085,Residential,0.0684,High,2026-03-09T21:28:29.732386+00:00
36047075000,"BROOKLYN, NY",0.0182,Low,0.0062,0.0062,0.0,0.9631,Residential,0.0098,High,2026-03-09T21:00:58.191579+00:00
36047075200,"BROOKLYN, NY",0.0125,Low,0.0,0.0,0.0,1.0,Residential,0.0038,High,2026-03-09T21:43:47.890715+00:00
36047075400,"BROOKLYN, NY",0.0129,Low,0.0,0.0,0.0,1.0,Residential,0.0039,High,2026-03-09T21:41:39.610362+00:00
36047075600,"BROOKLYN, NY",0.0169,Low,0.0,0.0,0.0,1.0,Residential,0.0051,High,2026-03-09T21:11:00.585981+00:00
36047075800,"BROOKLYN, NY",0.0167,Low,0.0,0.0,0.0,1.0,Residential,0.005,High,2026-03-09T21:12:26.408437+00:00
36047076000,"BROOKLYN, NY",0.02,Low,0.0,0.0,0.0,1.0,Residential,0.006,High,2026-03-09T20:49:16.498497+00:00
36047076200,"BROOKLYN, NY",0.0255,Low,0.0,0.0,0.0,1.0,Residential,0.0076,High,2026-03-09T20:26:46.031236+00:00
36047076400,"BROOKLYN, NY",0.0217,Low,0.0,0.0,0.0,1.0,Residential,0.0065,High,2026-03-09T20:41:31.697893+00:00
36047076600,"BROOKLYN, NY",0.0192,Low,0.0,0.0,0.0,0.9885,Residential,0.0058,High,2026-03-09T20:53:18.350331+00:00
36047077000,"BROOKLYN, NY",0.0192,Low,0.0,0.0,0.0,1.0,Residential,0.0058,High,2026-03-09T20:53:13.744922+00:00
36047077600,"BROOKLYN, NY",0.0199,Low,0.008,0.008,0.0,0.8429,Residential,0.0116,High,2026-03-09T20:50:15.350521+00:00
36047078000,"BROOKLYN, NY",0.0165,Low,0.0271,0.0,0.0271,0.9729,Residential,0.0239,High,2026-03-09T21:14:32.254202+00:00
36047078200,"BROOKLYN, NY",0.0225,Low,0.0,0.0,0.0,0.879,Residential,0.0067,High,2026-03-09T20:39:08.466265+00:00
36047078400,"BROOKLYN, NY",0.0167,Low,0.0373,0.0373,0.0,0.9627,Residential,0.0311,High,2026-03-09T21:12:41.727191+00:00
36047078601,"BROOKLYN, NY",0.0205,Low,0.1905,0.1905,0.0,0.8095,Residential,0.1395,High,2026-03-09T20:46:40.644927+00:00
36047078602,"BROOKLYN, NY",0.0186,Low,0.1041,0.1041,0.0,0.8959,Residential,0.0785,High,2026-03-09T20:56:50.182053+00:00
36047078801,"BROOKLYN, NY",0.0184,Low,0.0039,0.0039,0.0,0.9961,Residential,0.0082,High,2026-03-09T20:58:32.923402+00:00
36047078802,"BROOKLYN, NY",0.0181,Low,0.0,0.0,0.0,0.7417,Residential,0.0054,High,2026-03-09T21:00:23.579069+00:00
36047079001,"BROOKLYN, NY",0.0155,Low,0.0,0.0,0.0,1.0,Residential,0.0047,High,2026-03-09T21:20:12.386992+00:00
36047079002,"BROOKLYN, NY",0.0256,Low,0.0579,0.0579,0.0,0.9421,Residential,0.0482,High,2026-03-09T20:26:23.678413+00:00
36047079201,"BROOKLYN, NY",0.0149,Low,0.4653,0.4653,0.0,0.5347,Residential,0.3301,High,2026-03-09T21:25:22.453544+00:00
36047079202,"BROOKLYN, NY",0.0194,Low,0.275,0.275,0.0,0.725,Residential,0.1983,High,2026-03-09T20:52:30.368422+00:00
36047079400,"BROOKLYN, NY",0.0188,Low,0.5795,0.5795,0.0,0.4205,Commercial,0.4113,High,2026-03-09T20:55:32.508898+00:00
36047079601,"BROOKLYN, NY",0.0359,Low,0.0177,0.0177,0.0,0.9823,Residential,0.0231,High,2026-03-09T19:58:38.237069+00:00
36047079602,"BROOKLYN, NY",0.0362,Low,0.0576,0.0576,0.0,0.9424,Residential,0.0512,High,2026-03-09T19:57:29.822550+00:00
36047079801,"BROOKLYN, NY",0.0269,Low,0.0029,0.0029,0.0,0.9971,Residential,0.0101,High,2026-03-09T20:21:58.214886+00:00
36047079802,"BROOKLYN, NY",0.0507,Low,0.0,0.0,0.0,1.0,Residential,0.0152,High,2026-03-09T19:30:52.422903+00:00
36047080000,"BROOKLYN, NY",0.0292,Low,0.103,0.103,0.0,0.897,Residential,0.0808,High,2026-03-09T20:16:29.481395+00:00
36047080200,"BROOKLYN, NY",0.0519,Low,0.1073,0.1073,0.0,0.8927,Residential,0.0907,High,2026-03-09T19:29:58.793148+00:00
36047080400,"BROOKLYN, NY",0.0483,Low,0.1492,0.0564,0.0928,0.844,Residential,0.1189,High,2026-03-09T19:35:39.798142+00:00
36047080600,"BROOKLYN, NY",0.033,Low,0.0123,0.0123,0.0,0.9049,Residential,0.0185,High,2026-03-09T20:06:51.343493+00:00
36047081000,"BROOKLYN, NY",0.0282,Low,0.0258,0.0258,0.0,0.9742,Residential,0.0265,High,2026-03-09T20:18:05.919411+00:00
36047081400,"BROOKLYN, NY",0.017,Low,0.0,0.0,0.0,0.9649,Residential,0.0051,High,2026-03-09T21:10:42.224138+00:00
36047081600,"BROOKLYN, NY",0.0174,Low,0.0548,0.0548,0.0,0.9419,Residential,0.0436,High,2026-03-09T21:07:00.418025+00:00
36047081800,"BROOKLYN, NY",0.0322,Low,0.0846,0.0846,0.0,0.9154,Residential,0.0689,High,2026-03-09T20:08:13.273153+00:00
36047082000,"BROOKLYN, NY",0.0349,Low,0.1341,0.0966,0.0374,0.8659,Residential,0.1043,High,2026-03-09T20:01:16.629880+00:00
36047082200,"BROOKLYN, NY",0.0457,Low,0.0277,0.0277,0.0,0.9723,Residential,0.0331,High,2026-03-09T19:39:49.307840+00:00
36047082400,"BROOKLYN, NY",0.0341,Low,0.1201,0.1201,0.0,0.8799,Residential,0.0943,High,2026-03-09T20:04:24.277267+00:00
36047082600,"BROOKLYN, NY",0.0338,Low,0.1003,0.1003,0.0,0.8997,Residential,0.0803,High,2026-03-09T20:05:08.162664+00:00
36047082800,"BROOKLYN, NY",0.0284,Low,0.1147,0.1147,0.0,0.8853,Residential,0.0888,High,2026-03-09T20:17:50.530925+00:00
36047083000,"BROOKLYN, NY",0.05,Low,0.0396,0.0396,0.0,0.9604,Residential,0.0428,High,2026-03-09T19:32:38.329742+00:00
36047083200,"BROOKLYN, NY",0.0161,Low,0.0,0.0,0.0,1.0,Residential,0.0048,High,2026-03-09T21:17:18.687043+00:00
36047083400,"BROOKLYN, NY",0.0142,Low,0.0,0.0,0.0,1.0,Residential,0.0043,High,2026-03-09T21:31:31.378648+00:00
36047083600,"BROOKLYN, NY",0.0181,Low,0.5344,0.0,0.5344,0.4656,Industrial,0.3795,High,2026-03-09T21:01:31.872287+00:00
36047083800,"BROOKLYN, NY",0.0156,Low,0.0,0.0,0.0,1.0,Residential,0.0047,High,2026-03-09T21:20:54.889853+00:00
36047084000,"BROOKLYN, NY",0.0169,Low,0.1438,0.1438,0.0,0.8562,Residential,0.1058,High,2026-03-09T21:11:21.026044+00:00
36047084600,"BROOKLYN, NY",0.0151,Low,0.0275,0.0275,0.0,0.9725,Residential,0.0238,High,2026-03-09T21:24:28.104833+00:00
36047084800,"BROOKLYN, NY",0.0148,Low,0.0162,0.0162,0.0,0.9838,Residential,0.0158,High,2026-03-09T21:26:36.611230+00:00
36047085000,"BROOKLYN, NY",0.015,Low,0.0295,0.0295,0.0,0.9606,Residential,0.0252,High,2026-03-09T21:24:53.066317+00:00
36047085400,"BROOKLYN, NY",0.0153,Low,0.0,0.0,0.0,1.0,Residential,0.0046,High,2026-03-09T21:22:37.353558+00:00
36047085600,"BROOKLYN, NY",0.0216,Low,0.0125,0.0125,0.0,0.9875,Residential,0.0152,High,2026-03-09T20:42:41.727516+00:00
36047085800,"BROOKLYN, NY",0.0158,Low,0.0,0.0,0.0,0.9907,Residential,0.0047,High,2026-03-09T21:18:55.804152+00:00
36047086000,"BROOKLYN, NY",0.0187,Low,0.0164,0.0164,0.0,0.9735,Residential,0.0171,High,2026-03-09T20:56:59.696603+00:00
36047086200,"BROOKLYN, NY",0.0193,Low,0.0882,0.0882,0.0,0.8858,Residential,0.0676,High,2026-03-09T20:53:29.320307+00:00
36047086400,"BROOKLYN, NY",0.0285,Low,0.1178,0.1178,0.0,0.8822,Residential,0.091,High,2026-03-09T20:17:23.735477+00:00
36047086600,"BROOKLYN, NY",0.0255,Low,0.0621,0.0621,0.0,0.9379,Residential,0.0511,High,2026-03-09T20:27:15.355297+00:00
36047086800,"BROOKLYN, NY",0.0188,Low,0.3139,0.3139,0.0,0.6624,Residential,0.2254,High,2026-03-09T20:55:57.599195+00:00
36047087000,"BROOKLYN, NY",0.0193,Low,0.0682,0.0682,0.0,0.9318,Residential,0.0535,High,2026-03-09T20:53:10.962686+00:00
36047087200,"BROOKLYN, NY",0.019,Low,0.0,0.0,0.0,0.9839,Residential,0.0057,High,2026-03-09T20:55:01.497924+00:00
36047087401,"BROOKLYN, NY",0.0231,Low,0.0234,0.0234,0.0,0.9766,Residential,0.0233,High,2026-03-09T20:37:10.563463+00:00
36047087600,"BROOKLYN, NY",0.0152,Low,0.0731,0.0731,0.0,0.9269,Residential,0.0557,High,2026-03-09T21:22:26.377272+00:00
36047087800,"BROOKLYN, NY",0.0178,Low,0.2422,0.2422,0.0,0.7578,Residential,0.1748,High,2026-03-09T21:03:31.538865+00:00
36047088001,"BROOKLYN, NY",0.0189,Low,0.2512,0.2512,0.0,0.7488,Residential,0.1815,High,2026-03-09T20:54:45.299677+00:00
36047088002,"BROOKLYN, NY",0.015,Low,0.1905,0.1905,0.0,0.8095,Residential,0.1379,High,2026-03-09T21:24:24.475746+00:00
36047088200,"BROOKLYN, NY",0.0378,Low,0.1883,0.1883,0.0,0.8086,Residential,0.1432,High,2026-03-09T19:55:36.609398+00:00
36047088400,"BROOKLYN, NY",0.0269,Low,0.0945,0.0945,0.0,0.9055,Residential,0.0742,High,2026-03-09T20:22:32.479356+00:00
36047088600,"BROOKLYN, NY",0.0284,Low,0.0131,0.0131,0.0,0.9869,Residential,0.0176,High,2026-03-09T20:17:45.347015+00:00
36047088800,"BROOKLYN, NY",0.0295,Low,0.17,0.17,0.0,0.83,Residential,0.1279,High,2026-03-09T20:15:12.197469+00:00
36047089200,"BROOKLYN, NY",0.0207,Low,0.4166,0.4166,0.0,0.5834,Residential,0.2979,High,2026-03-09T20:46:04.622503+00:00
36047089400,"BROOKLYN, NY",0.0217,Low,0.2721,0.2721,0.0,0.7279,Residential,0.197,High,2026-03-09T20:42:52.571504+00:00
36047089600,"BROOKLYN, NY",0.0221,Low,0.0365,0.0365,0.0,0.9635,Residential,0.0322,High,2026-03-09T20:40:06.326846+00:00
36047089800,"BROOKLYN, NY",0.0182,Low,0.0404,0.0404,0.0,0.6583,Residential,0.0338,High,2026-03-09T21:00:09.241469+00:00
36047090000,"BROOKLYN, NY",0.0229,Low,0.3451,0.3451,0.0,0.6496,Residential,0.2484,High,2026-03-09T20:37:59.809982+00:00
36047090200,"BROOKLYN, NY",0.0216,Low,0.4094,0.4094,0.0,0.5906,Residential,0.2931,High,2026-03-09T20:43:09.148959+00:00
36047090600,"BROOKLYN, NY",0.0214,Low,0.8123,0.8123,0.0,0.1877,Commercial,0.575,High,2026-03-09T20:43:34.701178+00:00
36047090800,"BROOKLYN, NY",0.0283,Low,0.5365,0.028,0.5085,0.4251,Industrial,0.384,High,2026-03-09T20:17:52.519714+00:00
36047091000,"BROOKLYN, NY",0.0256,Low,0.3262,0.0,0.3262,0.6738,Residential,0.236,High,2026-03-09T20:25:49.862283+00:00
36047091200,"BROOKLYN, NY",0.03,Low,0.0,0.0,0.0,1.0,Residential,0.009,High,2026-03-09T20:12:45.131714+00:00
36047091600,"BROOKLYN, NY",0.0215,Low,0.0897,0.0578,0.0319,0.8475,Residential,0.0692,High,2026-03-09T20:43:47.567909+00:00
36047091800,"BROOKLYN, NY",0.0181,Low,0.0481,0.0154,0.0327,0.8859,Residential,0.0391,High,2026-03-09T21:01:04.431543+00:00
36047092000,"BROOKLYN, NY",0.0178,Low,0.3037,0.0301,0.2736,0.6963,Residential,0.2179,High,2026-03-09T21:04:19.093840+00:00
36047092200,"BROOKLYN, NY",0.0224,Low,0.1305,0.0806,0.0499,0.7467,Residential,0.0981,High,2026-03-09T20:38:50.176795+00:00
36047092400,"BROOKLYN, NY",0.0186,Low,0.3627,0.3627,0.0,0.5834,Residential,0.2595,High,2026-03-09T20:57:40.570307+00:00
36047092800,"BROOKLYN, NY",0.024,Low,0.1244,0.0,0.1244,0.8756,Residential,0.0943,High,2026-03-09T20:33:27.059633+00:00
36047093000,"BROOKLYN, NY",0.0181,Low,0.1521,0.0418,0.1103,0.7774,Residential,0.1119,High,2026-03-09T21:01:30.814729+00:00
36047093200,"BROOKLYN, NY",0.0155,Low,0.7474,0.0,0.7474,0.2526,Industrial,0.5278,High,2026-03-09T21:21:00.905881+00:00
36047093400,"BROOKLYN, NY",0.0173,Low,0.0414,0.02,0.0215,0.9586,Residential,0.0342,High,2026-03-09T21:08:39.493098+00:00
36047093600,"BROOKLYN, NY",0.0177,Low,0.0658,0.0658,0.0,0.9342,Residential,0.0514,High,2026-03-09T21:04:34.360925+00:00
36047093800,"BROOKLYN, NY",0.0187,Low,0.0,0.0,0.0,0.9716,Residential,0.0056,High,2026-03-09T20:56:32.991536+00:00
36047094402,"BROOKLYN, NY",0.0249,Low,0.0,0.0,0.0,0.9374,Residential,0.0075,High,2026-03-09T20:28:44.773600+00:00
36047094600,"BROOKLYN, NY",0.0188,Low,0.3897,0.0,0.3897,0.5492,Residential,0.2784,High,2026-03-09T20:56:25.925422+00:00
36047095000,"BROOKLYN, NY",0.0167,Low,0.3669,0.3465,0.0204,0.6331,Residential,0.2618,High,2026-03-09T21:13:07.236267+00:00
36047095400,"BROOKLYN, NY",0.0201,Low,0.0754,0.0,0.0754,0.8998,Residential,0.0588,High,2026-03-09T20:50:11.567362+00:00
36047095600,"BROOKLYN, NY",0.0205,Low,0.0,0.0,0.0,1.0,Residential,0.0062,High,2026-03-09T20:47:59.954665+00:00
36047095800,"BROOKLYN, NY",0.018,Low,0.0744,0.0483,0.0261,0.9256,Residential,0.0575,High,2026-03-09T21:02:38.811941+00:00
36047096200,"BROOKLYN, NY",0.015,Low,0.2491,0.0166,0.2325,0.7509,Residential,0.1789,High,2026-03-09T21:24:21.536054+00:00
36047096400,"BROOKLYN, NY",0.017,Low,0.0055,0.0055,0.0,0.9945,Residential,0.009,High,2026-03-09T21:10:26.077592+00:00
36047096600,"BROOKLYN, NY",0.0171,Low,0.0,0.0,0.0,1.0,Residential,0.0051,High,2026-03-09T21:10:08.356511+00:00
36047096800,"BROOKLYN, NY",0.0148,Low,0.0161,0.0161,0.0,0.9839,Residential,0.0157,High,2026-03-09T21:26:30.264712+00:00
36047097000,"BROOKLYN, NY",0.0179,Low,0.1201,0.0,0.1201,0.8799,Residential,0.0895,High,2026-03-09T21:02:42.622697+00:00
36047097400,"BROOKLYN, NY",0.0166,Low,0.2449,0.2427,0.0022,0.7551,Residential,0.1764,High,2026-03-09T21:13:18.857183+00:00
36047098200,"BROOKLYN, NY",0.0258,Low,0.0,0.0,0.0,1.0,Residential,0.0078,High,2026-03-09T20:24:20.677362+00:00
36047098400,"BROOKLYN, NY",0.0179,Low,0.0,0.0,0.0,1.0,Residential,0.0054,High,2026-03-09T21:02:53.278330+00:00
36047098600,"BROOKLYN, NY",0.0187,Low,0.0,0.0,0.0,1.0,Residential,0.0056,High,2026-03-09T20:57:11.512702+00:00
36047098800,"BROOKLYN, NY",0.0201,Low,0.0,0.0,0.0,1.0,Residential,0.006,High,2026-03-09T20:49:18.349175+00:00
36047099000,"BROOKLYN, NY",0.0145,Low,0.0005,0.0005,0.0,0.988,Residential,0.0047,High,2026-03-09T21:28:47.303849+00:00
36047099200,"BROOKLYN, NY",0.0181,Low,0.0,0.0,0.0,1.0,Residential,0.0054,High,2026-03-09T21:01:11.563233+00:00
36047099400,"BROOKLYN, NY",0.0152,Low,0.0,0.0,0.0,1.0,Residential,0.0046,High,2026-03-09T21:23:20.715474+00:00
36047099600,"BROOKLYN, NY",0.0195,Low,0.0,0.0,0.0,1.0,Residential,0.0058,High,2026-03-09T20:53:04.621724+00:00
36047100400,"BROOKLYN, NY",0.0203,Low,0.0,0.0,0.0,1.0,Residential,0.0061,High,2026-03-09T20:48:18.824392+00:00
36047100600,"BROOKLYN, NY",0.0187,Low,0.0,0.0,0.0,1.0,Residential,0.0056,High,2026-03-09T20:57:28.828389+00:00
36047100800,"BROOKLYN, NY",0.016,Low,0.0015,0.0015,0.0,0.9985,Residential,0.0059,High,2026-03-09T21:17:33.763398+00:00
36047101000,"BROOKLYN, NY",0.0166,Low,0.0052,0.0052,0.0,0.9948,Residential,0.0086,High,2026-03-09T21:13:22.608770+00:00
36047101200,"BROOKLYN, NY",0.0169,Low,0.0,0.0,0.0,1.0,Residential,0.0051,High,2026-03-09T21:11:23.885434+00:00
36047101400,"BROOKLYN, NY",0.0166,Low,0.0,0.0,0.0,1.0,Residential,0.005,High,2026-03-09T21:13:52.501612+00:00
36047101600,"BROOKLYN, NY",0.015,Low,0.0,0.0,0.0,1.0,Residential,0.0045,High,2026-03-09T21:24:36.898594+00:00
36047102000,"BROOKLYN, NY",0.0159,Low,0.0,0.0,0.0,1.0,Residential,0.0048,High,2026-03-09T21:18:16.751750+00:00
36047102200,"BROOKLYN, NY",0.017,Low,0.0,0.0,0.0,1.0,Residential,0.0051,High,2026-03-09T21:10:34.531713+00:00
36047102400,"BROOKLYN, NY",0.0162,Low,0.0,0.0,0.0,1.0,Residential,0.0049,High,2026-03-09T21:16:35.473832+00:00
36047102600,"BROOKLYN, NY",0.0208,Low,0.0,0.0,0.0,1.0,Residential,0.0063,High,2026-03-09T20:46:10.654080+00:00
36047102801,"BROOKLYN, NY",0.0149,Low,0.1798,0.1798,0.0,0.8099,Residential,0.1304,High,2026-03-09T21:25:33.432367+00:00
36047103401,"BROOKLYN, NY",0.0227,Low,0.0491,0.0491,0.0,0.9509,Residential,0.0412,High,2026-03-09T20:37:29.049550+00:00
36047107003,"BROOKLYN, NY",0.0128,Low,0.9909,0.0,0.9909,0.0091,Industrial,0.6975,High,2026-03-09T21:40:53.758498+00:00
36047110600,"BROOKLYN, NY",0.0264,Low,0.0,0.0,0.0,1.0,Residential,0.0079,High,2026-03-09T20:22:25.343034+00:00
36047111000,"BROOKLYN, NY",0.0096,Low,0.0,0.0,0.0,1.0,Residential,0.0029,High,2026-03-09T22:05:07.539544+00:00
36047111800,"BROOKLYN, NY",0.0091,Low,0.0457,0.0457,0.0,0.9543,Residential,0.0348,High,2026-03-09T22:12:40.845525+00:00
36047112000,"BROOKLYN, NY",0.0102,Low,0.0992,0.0992,0.0,0.9008,Residential,0.0725,High,2026-03-09T22:01:08.940288+00:00
36047112200,"BROOKLYN, NY",0.0086,Low,0.0407,0.0407,0.0,0.9125,Residential,0.0311,High,2026-03-09T22:17:56.133123+00:00
36047112400,"BROOKLYN, NY",0.0098,Low,0.1135,0.1135,0.0,0.7856,Residential,0.0824,High,2026-03-09T22:05:15.212573+00:00
36047112600,"BROOKLYN, NY",0.0101,Low,0.0984,0.0984,0.0,0.9016,Residential,0.0719,High,2026-03-09T22:01:25.755663+00:00
36047112800,"BROOKLYN, NY",0.022,Low,0.2171,0.2171,0.0,0.7829,Residential,0.1586,High,2026-03-09T20:41:37.718004+00:00
36047113000,"BROOKLYN, NY",0.0218,Low,0.0599,0.0599,0.0,0.9107,Residential,0.0485,High,2026-03-09T20:42:31.281981+00:00
36047113200,"BROOKLYN, NY",0.0169,Low,0.4646,0.0716,0.393,0.5354,Residential,0.3303,High,2026-03-09T21:11:12.730401+00:00
36047113400,"BROOKLYN, NY",0.0081,Low,0.4124,0.1023,0.3101,0.5876,Residential,0.2911,High,2026-03-09T22:21:39.591391+00:00
36047114202,"FLUSHING, NY",0.0095,Low,0.0,0.0,0.0,0.1645,Other,0.0029,High,2026-03-09T22:07:08.841975+00:00
36047114600,"BROOKLYN, NY",0.0088,Low,0.0022,0.0022,0.0,0.8695,Residential,0.0042,High,2026-03-09T22:15:13.560956+00:00
36047115000,"BROOKLYN, NY",0.0095,Low,0.0323,0.026,0.0064,0.9401,Residential,0.0255,High,2026-03-09T22:08:30.602114+00:00
36047115200,"BROOKLYN, NY",0.0096,Low,0.0602,0.0,0.0602,0.8952,Residential,0.045,High,2026-03-09T22:06:52.375918+00:00
36047115600,"BROOKLYN, NY",0.0109,Low,0.5195,0.4876,0.0319,0.4805,Commercial,0.3669,High,2026-03-09T21:54:29.507563+00:00
36047115800,"BROOKLYN, NY",0.0088,Low,0.1937,0.1937,0.0,0.7176,Residential,0.1382,High,2026-03-09T22:15:50.691719+00:00
36047116000,"BROOKLYN, NY",0.0085,Low,0.1477,0.1477,0.0,0.8523,Residential,0.1059,High,2026-03-09T22:18:51.933680+00:00
36047116200,"BROOKLYN, NY",0.0094,Low,0.1425,0.1425,0.0,0.8575,Residential,0.1025,High,2026-03-09T22:09:47.220851+00:00
36047116400,"BROOKLYN, NY",0.0087,Low,0.0813,0.0813,0.0,0.9187,Residential,0.0596,High,2026-03-09T22:16:41.590735+00:00
36047116600,"BROOKLYN, NY",0.0078,Low,0.0689,0.0511,0.0177,0.894,Residential,0.0506,High,2026-03-09T22:26:03.154586+00:00
36047116800,"BROOKLYN, NY",0.0074,Low,0.0556,0.0556,0.0,0.7179,Residential,0.0412,High,2026-03-09T22:31:44.679820+00:00
36047117000,"BROOKLYN, NY",0.008,Low,0.0893,0.0893,0.0,0.6414,Residential,0.0649,High,2026-03-09T22:22:43.147614+00:00
36047117201,"BROOKLYN, NY",0.0089,Low,0.0,0.0,0.0,0.9535,Residential,0.0027,High,2026-03-09T22:14:19.388607+00:00
36047117202,"BROOKLYN, NY",0.0104,Low,0.0,0.0,0.0,1.0,Residential,0.0031,High,2026-03-09T21:58:46.956438+00:00
36047117400,"BROOKLYN, NY",0.008,Low,0.025,0.025,0.0,0.8893,Residential,0.0199,High,2026-03-09T22:24:38.753291+00:00
36047117601,"BROOKLYN, NY",0.0084,Low,0.0137,0.0,0.0137,0.9599,Residential,0.0121,High,2026-03-09T22:18:58.000283+00:00
36047117602,"BROOKLYN, NY",0.0078,Low,0.1483,0.0824,0.0659,0.8517,Residential,0.1062,High,2026-03-09T22:26:24.099772+00:00
36047117800,"BROOKLYN, NY",0.0066,Low,0.3618,0.0599,0.3019,0.4818,Residential,0.2553,High,2026-03-09T22:43:17.328302+00:00
36047118201,"BROOKLYN, NY",0.0093,Low,0.1392,0.0,0.1392,0.8608,Residential,0.1003,High,2026-03-09T22:10:41.929119+00:00
36047118202,"BROOKLYN, NY",0.0165,Low,0.0058,0.0,0.0058,0.9832,Residential,0.009,High,2026-03-09T21:14:36.193096+00:00
36047118400,"BROOKLYN, NY",0.0104,Low,0.1983,0.1983,0.0,0.7757,Residential,0.142,High,2026-03-09T21:59:39.689229+00:00
36047118600,"BROOKLYN, NY",0.0101,Low,0.0143,0.0143,0.0,0.9857,Residential,0.013,High,2026-03-09T22:01:55.752942+00:00
36047118800,"BROOKLYN, NY",0.0119,Low,0.1949,0.1949,0.0,0.801,Residential,0.14,High,2026-03-09T21:48:49.978505+00:00
36047119200,"BROOKLYN, NY",0.0073,Low,0.0649,0.0649,0.0,0.8657,Residential,0.0476,High,2026-03-09T22:33:46.948479+00:00
36047119400,"BROOKLYN, NY",0.0115,Low,0.0514,0.0514,0.0,0.9426,Residential,0.0395,High,2026-03-09T21:51:28.797535+00:00
36047119600,"BROOKLYN, NY",0.0078,Low,0.1002,0.1002,0.0,0.7665,Residential,0.0725,High,2026-03-09T22:27:18.555250+00:00
36047120000,"BROOKLYN, NY",0.0076,Low,0.1337,0.1337,0.0,0.7428,Residential,0.0959,High,2026-03-09T22:28:32.760244+00:00
36047120200,"BROOKLYN, NY",0.0069,Low,0.0,0.0,0.0,1.0,Residential,0.0021,High,2026-03-09T22:38:56.375063+00:00
36047120801,"BROOKLYN, NY",0.0102,Low,0.0098,0.0098,0.0,0.9902,Residential,0.0099,High,2026-03-09T22:00:59.010000+00:00
36047120802,"BROOKLYN, NY",0.0128,Low,0.0055,0.0055,0.0,0.9945,Residential,0.0077,High,2026-03-09T21:40:58.659326+00:00
36047120803,"BROOKLYN, NY",0.0078,Low,0.0,0.0,0.0,1.0,Residential,0.0023,High,2026-03-09T22:25:48.667448+00:00
36047121000,"BROOKLYN, NY",0.0097,Low,0.0,0.0,0.0,0.8538,Residential,0.0029,High,2026-03-09T22:04:20.032671+00:00
36047121400,"BROOKLYN, NY",0.0099,Low,0.0,0.0,0.0,1.0,Residential,0.003,High,2026-03-09T22:01:57.908582+00:00
36047123700,"BROOKLYN, NY",0.0363,Low,0.903,0.0,0.903,0.097,Industrial,0.643,High,2026-03-09T19:58:22.843988+00:00
36047152200,"BROOKLYN, NY",0.0273,Low,0.0373,0.0373,0.0,0.9627,Residential,0.0343,High,2026-03-09T20:21:26.990200+00:00
36055001300,"ROCHESTER, NY",0.0,Low,0.1192,0.0,0.0,0.8808,Residential,0.0834,High,2026-03-10T02:55:37.407499+00:00
36055003102,"ROCHESTER, NY",0.0001,Low,0.0406,0.0,0.0,0.9594,Residential,0.0285,High,2026-03-10T02:37:57.760432+00:00
36055004900,"ROCHESTER, NY",0.0,Low,0.1255,0.0,0.1255,0.8745,Residential,0.0879,High,2026-03-10T02:57:55.505331+00:00
36055009403,"ROCHESTER, NY",0.0006,Low,0.0,0.0,0.0,0.0,Other,0.0002,High,2026-03-10T01:49:58.682967+00:00
36059416401,"LONG BEACH, NY",0.0079,Low,0.0,0.0,0.0,0.0,Other,0.0024,Low,2026-03-09T22:28:26.113337+00:00
36059416702,"LONG BEACH, NY",0.0083,Low,0.0,0.0,0.0,0.0,Other,0.0025,Low,2026-03-09T22:20:43.108898+00:00
36059416802,"LONG BEACH, NY",0.0078,Low,0.0,0.0,0.0,0.0,Other,0.0023,Low,2026-03-09T22:27:16.991853+00:00
36059980100,"GARDEN CITY, NY",0.0063,Low,0.0,0.0,0.0,1.0,Residential,0.0019,High,2026-03-09T22:47:59.010071+00:00
36061000201,"NEW YORK, NY",0.9011,High,0.6407,0.6407,0.0,0.341,Commercial,0.7188,High,2026-03-09T15:15:22.923044+00:00
36061001200,"NEW YORK, NY",0.9682,High,0.0346,0.0346,0.0,0.8758,Residential,0.3147,High,2026-03-09T14:48:07.080271+00:00
36061001401,"NEW YORK, NY",0.9186,High,0.0,0.0,0.0,0.7967,Residential,0.2756,High,2026-03-09T15:05:34.714555+00:00
36061001402,"NEW YORK, NY",0.9521,High,0.0137,0.0137,0.0,0.9156,Residential,0.2952,High,2026-03-09T14:53:48.284470+00:00
36061001800,"NEW YORK, NY",0.9913,High,0.7682,0.7682,0.0,0.0624,Commercial,0.8351,High,2026-03-09T14:40:00.389391+00:00
36061002000,"NEW YORK, NY",0.9937,High,0.0,0.0,0.0,0.1757,Other,0.2981,High,2026-03-09T14:38:04.296046+00:00
36061002100,"NEW YORK, NY",0.9997,High,0.6263,0.6263,0.0,0.0,Commercial,0.7383,High,2026-03-09T14:31:27.764168+00:00
36061002201,"NEW YORK, NY",0.9872,High,0.0,0.0,0.0,0.8475,Residential,0.2962,High,2026-03-09T14:41:15.966279+00:00
36061002202,"NEW YORK, NY",0.1242,Low,0.0,0.0,0.0,1.0,Residential,0.0372,High,2026-03-09T17:51:11.265200+00:00
36061002400,"NEW YORK, NY",0.9812,High,0.0039,0.0,0.0039,0.0385,Other,0.2971,High,2026-03-09T14:43:26.826073+00:00
36061002500,"NEW YORK, NY",0.9641,High,0.5402,0.0824,0.4578,0.4598,Residential,0.6674,High,2026-03-09T14:49:44.545768+00:00
36061002601,"NEW YORK, NY",0.9522,High,0.0,0.0,0.0,1.0,Residential,0.2857,High,2026-03-09T14:53:56.649373+00:00
36061002602,"NEW YORK, NY",0.9434,High,0.0,0.0,0.0,1.0,Residential,0.283,High,2026-03-09T14:56:53.645718+00:00
36061002800,"NEW YORK, NY",0.9864,High,0.1186,0.0133,0.1053,0.8814,Residential,0.3789,High,2026-03-09T14:41:59.412192+00:00
36061003001,"NEW YORK, NY",0.9654,High,0.4721,0.4721,0.0,0.5045,Residential,0.6201,High,2026-03-09T14:49:53.994689+00:00
36061003002,"NEW YORK, NY",0.8293,High,0.0,0.0,0.0,1.0,Residential,0.2488,High,2026-03-09T15:32:07.679211+00:00
36061003200,"NEW YORK, NY",0.9897,High,0.0,0.0,0.0,0.7348,Residential,0.2969,High,2026-03-09T14:40:47.565755+00:00
36061003400,"NEW YORK, NY",0.9851,High,0.2286,0.2286,0.0,0.7714,Residential,0.4555,High,2026-03-09T14:42:55.775596+00:00
36061003601,"NEW YORK, NY",0.9296,High,0.6785,0.6785,0.0,0.0,Commercial,0.7538,High,2026-03-09T14:59:33.663217+00:00
36061003602,"NEW YORK, NY",0.927,High,0.0688,0.0688,0.0,0.809,Residential,0.3263,High,2026-03-09T15:00:56.422700+00:00
36061003800,"NEW YORK, NY",0.9975,High,0.0565,0.0565,0.0,0.9435,Residential,0.3388,High,2026-03-09T14:36:03.635269+00:00
36061004001,"NEW YORK, NY",0.925,High,0.1477,0.1477,0.0,0.791,Residential,0.3809,High,2026-03-09T15:01:56.611282+00:00
36061004002,"NEW YORK, NY",0.9616,High,0.1879,0.1879,0.0,0.7543,Residential,0.42,High,2026-03-09T14:51:13.427723+00:00
36061004100,"NEW YORK, NY",0.9999,High,0.9246,0.9246,0.0,0.0,Commercial,0.9472,High,2026-03-09T14:31:35.436572+00:00
36061004300,"NEW YORK, NY",0.983,High,0.6926,0.6926,0.0,0.0,Commercial,0.7797,High,2026-03-09T14:43:19.207481+00:00
36061004500,"NEW YORK, NY",0.9775,High,0.0184,0.0184,0.0,0.0,Other,0.3061,High,2026-03-09T14:45:03.142832+00:00
36061004700,"NEW YORK, NY",0.9994,High,0.0597,0.0,0.0597,0.0785,Other,0.3416,High,2026-03-09T14:32:27.652799+00:00
36061004800,"NEW YORK, NY",0.9995,High,0.0908,0.0908,0.0,0.7219,Residential,0.3634,High,2026-03-09T14:32:04.651450+00:00
36061004900,"NEW YORK, NY",0.9998,High,0.0017,0.0,0.0017,0.244,Other,0.3011,High,2026-03-09T14:31:34.101162+00:00
36061005200,"NEW YORK, NY",0.9988,High,0.7236,0.1718,0.5518,0.0,Industrial,0.8062,High,2026-03-09T14:32:50.571374+00:00
36061005400,"NEW YORK, NY",0.9984,High,1.0,1.0,0.0,0.0,Commercial,0.9995,High,2026-03-09T14:33:34.777951+00:00
36061005501,"NEW YORK, NY",0.9801,High,0.8428,0.8428,0.0,0.1572,Commercial,0.884,High,2026-03-09T14:43:43.814965+00:00
36061005502,"NEW YORK, NY",0.9913,High,0.2183,0.2183,0.0,0.0,Other,0.4502,High,2026-03-09T14:39:35.003220+00:00
36061005600,"NEW YORK, NY",0.9999,High,1.0,0.8705,0.1295,0.0,Commercial,1.0,High,2026-03-09T14:30:36.882236+00:00
36061005700,"NEW YORK, NY",0.9886,High,0.4155,0.4155,0.0,0.0,Other,0.5874,High,2026-03-09T14:40:39.177559+00:00
36061005800,"NEW YORK, NY",0.9984,High,1.0,0.4075,0.5925,0.0,Industrial,0.9995,High,2026-03-09T14:33:35.363877+00:00
36061005900,"NEW YORK, NY",0.9991,High,0.0536,0.0536,0.0,0.9464,Residential,0.3372,High,2026-03-09T14:32:13.159104+00:00
36061006100,"NEW YORK, NY",0.9913,High,0.6516,0.6516,0.0,0.2308,Commercial,0.7535,High,2026-03-09T14:39:35.881283+00:00
36061006300,"NEW YORK, NY",0.993,High,0.3495,0.3495,0.0,0.5446,Residential,0.5426,High,2026-03-09T14:39:16.303051+00:00
36061006400,"NEW YORK, NY",0.9995,High,0.1279,0.1279,0.0,0.6858,Residential,0.3894,High,2026-03-09T14:31:49.938774+00:00
36061006500,"NEW YORK, NY",1.0,High,0.0,0.0,0.0,0.7157,Residential,0.3,High,2026-03-09T14:30:55.213241+00:00
36061006600,"NEW YORK, NY",0.9997,High,0.0493,0.0493,0.0,0.6791,Residential,0.3344,High,2026-03-09T14:31:23.408119+00:00
36061006700,"NEW YORK, NY",0.9967,High,0.2576,0.1853,0.0723,0.6702,Residential,0.4793,High,2026-03-09T14:36:55.967995+00:00
36061006800,"NEW YORK, NY",0.9994,High,0.6696,0.6696,0.0,0.3304,Commercial,0.7686,High,2026-03-09T14:32:10.953559+00:00
36061006900,"NEW YORK, NY",0.9975,High,0.9546,0.0866,0.868,0.0454,Industrial,0.9675,High,2026-03-09T14:34:45.776086+00:00
36061007001,"NEW YORK, NY",0.9275,High,0.1339,0.1339,0.0,0.7939,Residential,0.3719,High,2026-03-09T15:00:29.953944+00:00
36061007002,"NEW YORK, NY",0.935,High,0.1308,0.1308,0.0,0.7733,Residential,0.372,High,2026-03-09T14:58:44.757101+00:00
36061007100,"NEW YORK, NY",1.0,High,0.4427,0.4427,0.0,0.5441,Residential,0.6099,High,2026-03-09T14:31:11.060477+00:00
36061007200,"NEW YORK, NY",0.9995,High,0.6318,0.6318,0.0,0.3682,Commercial,0.7421,High,2026-03-09T14:32:05.859423+00:00
36061007300,"NEW YORK, NY",0.9967,High,0.5007,0.5007,0.0,0.4993,Commercial,0.6495,High,2026-03-09T14:37:03.388607+00:00
36061007400,"NEW YORK, NY",0.9936,High,0.8811,0.8811,0.0,0.0127,Commercial,0.9148,High,2026-03-09T14:38:36.064338+00:00
36061007500,"NEW YORK, NY",0.9955,High,0.9138,0.3077,0.6062,0.0862,Industrial,0.9383,High,2026-03-09T14:37:51.721403+00:00
36061007600,"NEW YORK, NY",0.9894,High,0.5827,0.2177,0.365,0.0,Other,0.7047,High,2026-03-09T14:40:34.467039+00:00
36061007700,"NEW YORK, NY",0.9999,High,0.5792,0.5792,0.0,0.3365,Commercial,0.7054,High,2026-03-09T14:31:34.865455+00:00
36061007800,"NEW YORK, NY",0.997,High,0.4832,0.4832,0.0,0.2888,Commercial,0.6374,High,2026-03-09T14:35:43.069068+00:00
36061008000,"NEW YORK, NY",0.9988,High,0.0412,0.0412,0.0,0.5997,Residential,0.3285,High,2026-03-09T14:33:09.043971+00:00
36061008100,"NEW YORK, NY",0.9937,High,0.4249,0.4249,0.0,0.5751,Residential,0.5955,High,2026-03-09T14:38:52.108953+00:00
36061008200,"NEW YORK, NY",0.9985,High,0.1207,0.1207,0.0,0.2137,Other,0.3841,High,2026-03-09T14:33:10.622326+00:00
36061008300,"NEW YORK, NY",0.9998,High,0.1951,0.0394,0.1558,0.4399,Residential,0.4365,High,2026-03-09T14:30:59.865301+00:00
36061008400,"NEW YORK, NY",0.9979,High,0.4899,0.0,0.4899,0.0,Other,0.6423,High,2026-03-09T14:34:26.580442+00:00
36061008700,"NEW YORK, NY",0.9986,High,0.6401,0.6401,0.0,0.3599,Commercial,0.7477,High,2026-03-09T14:33:20.377740+00:00
36061008800,"NEW YORK, NY",0.9993,High,0.2393,0.2393,0.0,0.2282,Other,0.4673,High,2026-03-09T14:32:02.674940+00:00
36061008900,"NEW YORK, NY",0.9913,High,0.0765,0.0765,0.0,0.9063,Residential,0.3509,High,2026-03-09T14:40:03.491786+00:00
36061009000,"NEW YORK, NY",0.9782,High,0.3748,0.3748,0.0,0.2434,Other,0.5559,High,2026-03-09T14:44:49.765402+00:00
36061009100,"NEW YORK, NY",0.9999,High,0.6538,0.3703,0.2834,0.3462,Commercial,0.7576,High,2026-03-09T14:30:59.085696+00:00
36061009200,"NEW YORK, NY",0.9849,High,0.0,0.0,0.0,0.0,Other,0.2955,High,2026-03-09T14:42:20.155234+00:00
36061009300,"NEW YORK, NY",0.9998,High,0.0305,0.0305,0.0,0.9501,Residential,0.3213,High,2026-03-09T14:31:10.499609+00:00
36061009400,"NEW YORK, NY",0.9367,High,0.0,0.0,0.0,0.0,Other,0.281,High,2026-03-09T14:58:15.392381+00:00
36061009500,"NEW YORK, NY",0.9873,High,1.0,0.3197,0.6803,0.0,Industrial,0.9962,High,2026-03-09T14:41:30.026876+00:00
36061009600,"NEW YORK, NY",0.9838,High,0.0,0.0,0.0,0.0,Other,0.2951,High,2026-03-09T14:42:53.952596+00:00
36061009700,"NEW YORK, NY",0.991,High,0.2671,0.0274,0.2396,0.7329,Residential,0.4842,High,2026-03-09T14:39:29.167473+00:00
36061009800,"NEW YORK, NY",0.9956,High,0.0742,0.0742,0.0,0.7454,Residential,0.3506,High,2026-03-09T14:38:02.365583+00:00
36061009902,"NEW YORK, NY",0.9893,High,0.3956,0.0,0.3956,0.0,Other,0.5737,High,2026-03-09T14:40:14.867349+00:00
36061010000,"NEW YORK, NY",0.9906,High,0.045,0.045,0.0,0.0,Other,0.3287,High,2026-03-09T14:39:44.635321+00:00
36061010100,"NEW YORK, NY",0.9922,High,0.2442,0.0195,0.2247,0.0,Other,0.4686,High,2026-03-09T14:38:46.763126+00:00
36061010200,"NEW YORK, NY",0.986,High,0.0,0.0,0.0,0.0,Other,0.2958,High,2026-03-09T14:41:55.841869+00:00
36061010300,"NEW YORK, NY",0.987,High,0.0116,0.0116,0.0,0.1108,Other,0.3042,High,2026-03-09T14:41:19.033565+00:00
36061010400,"NEW YORK, NY",0.9936,High,0.0,0.0,0.0,0.0,Other,0.2981,High,2026-03-09T14:38:24.687143+00:00
36061010601,"NEW YORK, NY",0.979,High,0.0896,0.0,0.0896,0.9103,Residential,0.3564,High,2026-03-09T14:44:25.783336+00:00
36061010801,"NEW YORK, NY",0.8385,High,0.0347,0.0347,0.0,0.3394,Other,0.2759,High,2026-03-09T15:29:52.136539+00:00
36061010802,"NEW YORK, NY",0.849,High,0.0,0.0,0.0,0.683,Residential,0.2547,High,2026-03-09T15:26:57.886617+00:00
36061010803,"NEW YORK, NY",0.5,Medium,0.1733,0.1733,0.0,0.4275,Residential,0.2713,High,2026-03-09T16:18:23.434436+00:00
36061010900,"NEW YORK, NY",0.998,High,0.7801,0.0093,0.7708,0.0,Industrial,0.8455,High,2026-03-09T14:34:15.225187+00:00
36061011000,"NEW YORK, NY",0.997,High,0.1473,0.1473,0.0,0.6939,Residential,0.4022,High,2026-03-09T14:36:09.756374+00:00
36061011100,"NEW YORK, NY",0.9988,High,0.054,0.0,0.054,0.3473,Other,0.3374,High,2026-03-09T14:32:48.421947+00:00
36061011201,"NEW YORK, NY",0.7519,High,0.0624,0.0624,0.0,0.0514,Other,0.2692,High,2026-03-09T15:43:28.506475+00:00
36061011202,"NEW YORK, NY",0.7158,High,0.0,0.0,0.0,0.0,Other,0.2147,High,2026-03-09T15:48:36.563953+00:00
36061011203,"NEW YORK, NY",0.7724,High,0.4908,0.4908,0.0,0.0,Other,0.5753,High,2026-03-09T15:40:54.966901+00:00
36061011300,"NEW YORK, NY",0.9962,High,0.4637,0.1557,0.308,0.0,Other,0.6235,High,2026-03-09T14:36:41.391201+00:00
36061011401,"NEW YORK, NY",0.9169,High,0.1369,0.1369,0.0,0.3856,Other,0.3709,High,2026-03-09T15:07:10.445266+00:00
36061011402,"NEW YORK, NY",0.9373,High,0.2957,0.2957,0.0,0.6048,Residential,0.4882,High,2026-03-09T14:58:16.007274+00:00
36061011500,"NEW YORK, NY",0.9978,High,0.1572,0.1397,0.0176,0.1958,Other,0.4094,High,2026-03-09T14:34:27.626306+00:00
36061011600,"NEW YORK, NY",0.9918,High,0.0,0.0,0.0,1.0,Residential,0.2975,High,2026-03-09T14:38:55.083161+00:00
36061011800,"NEW YORK, NY",0.996,High,0.1208,0.1208,0.0,0.735,Residential,0.3834,High,2026-03-09T14:37:02.601840+00:00
36061011900,"NEW YORK, NY",0.9771,High,0.0147,0.0147,0.0,0.0,Other,0.3035,High,2026-03-09T14:45:04.255354+00:00
36061012000,"NEW YORK, NY",0.9877,High,0.0968,0.0968,0.0,0.5144,Residential,0.3641,High,2026-03-09T14:41:29.757262+00:00
36061012101,"NEW YORK, NY",0.9019,High,0.5427,0.5139,0.0,0.2158,Commercial,0.6505,High,2026-03-09T15:15:18.486999+00:00
36061012102,"NEW YORK, NY",0.9477,High,0.2791,0.2471,0.0,0.7209,Residential,0.4796,High,2026-03-09T14:55:19.664445+00:00
36061012200,"NEW YORK, NY",0.9875,High,0.1107,0.1107,0.0,0.6833,Residential,0.3737,High,2026-03-09T14:41:40.168531+00:00
36061012400,"NEW YORK, NY",0.9771,High,0.1575,0.0798,0.0777,0.8425,Residential,0.4034,High,2026-03-09T14:45:19.877582+00:00
36061012500,"NEW YORK, NY",0.999,High,0.1129,0.1129,0.0,0.0,Other,0.3787,High,2026-03-09T14:32:24.852801+00:00
36061012601,"NEW YORK, NY",0.9662,High,0.0476,0.0476,0.0,0.8036,Residential,0.3232,High,2026-03-09T14:49:07.698691+00:00
36061012602,"NEW YORK, NY",0.9352,High,0.1034,0.1034,0.0,0.7324,Residential,0.3529,High,2026-03-09T14:58:28.795116+00:00
36061012700,"NEW YORK, NY",0.9992,High,0.1867,0.1867,0.0,0.8133,Residential,0.4304,High,2026-03-09T14:32:55.064483+00:00
36061012800,"NEW YORK, NY",0.9723,High,0.0884,0.0884,0.0,0.7453,Residential,0.3535,High,2026-03-09T14:47:28.432100+00:00
36061012902,"NEW YORK, NY",0.9991,High,0.9767,0.0,0.9767,0.0233,Industrial,0.9834,High,2026-03-09T14:32:26.673299+00:00
36061013000,"NEW YORK, NY",0.9625,High,0.0669,0.0669,0.0,0.7685,Residential,0.3356,High,2026-03-09T14:51:12.503650+00:00
36061013100,"NEW YORK, NY",0.9891,High,0.424,0.424,0.0,0.0,Other,0.5935,High,2026-03-09T14:40:20.073104+00:00
36061013201,"NEW YORK, NY",0.8565,High,0.108,0.0235,0.0845,0.892,Residential,0.3325,High,2026-03-09T15:24:50.854671+00:00
36061013202,"NEW YORK, NY",0.8555,High,0.0,0.0,0.0,0.6951,Residential,0.2566,High,2026-03-09T15:25:05.248379+00:00
36061013203,"NEW YORK, NY",0.8354,High,0.1112,0.1112,0.0,0.8888,Residential,0.3285,High,2026-03-09T15:31:01.532270+00:00
36061013300,"NEW YORK, NY",0.9898,High,0.2018,0.1943,0.0,0.7982,Residential,0.4382,High,2026-03-09T14:40:36.398128+00:00
36061013400,"NEW YORK, NY",0.989,High,0.075,0.075,0.0,0.925,Residential,0.3492,High,2026-03-09T14:41:05.453220+00:00
36061013501,"NEW YORK, NY",0.9892,High,0.9838,0.0071,0.9666,0.0162,Industrial,0.9854,High,2026-03-09T14:40:19.378742+00:00
36061013601,"NEW YORK, NY",0.2008,Low,0.0,0.0,0.0,1.0,Residential,0.0602,High,2026-03-09T17:19:43.860730+00:00
36061013602,"NEW YORK, NY",0.9489,High,0.0,0.0,0.0,1.0,Residential,0.2847,High,2026-03-09T14:54:37.378230+00:00
36061013603,"NEW YORK, NY",0.8138,High,0.0,0.0,0.0,1.0,Residential,0.2441,High,2026-03-09T15:35:07.241564+00:00
36061013604,"NEW YORK, NY",0.9089,High,0.0465,0.0465,0.0,0.9535,Residential,0.3052,High,2026-03-09T15:12:12.978770+00:00
36061013700,"NEW YORK, NY",0.9972,High,0.2514,0.2514,0.0,0.0,Other,0.4751,High,2026-03-09T14:35:26.969282+00:00
36061013800,"NEW YORK, NY",0.9909,High,0.0468,0.0468,0.0,0.8399,Residential,0.33,High,2026-03-09T14:40:14.444590+00:00
36061013900,"NEW YORK, NY",0.995,High,0.401,0.3571,0.0,0.534,Residential,0.5792,High,2026-03-09T14:38:13.266489+00:00
36061014000,"NEW YORK, NY",0.9782,High,0.1554,0.1554,0.0,0.843,Residential,0.4023,High,2026-03-09T14:45:11.458474+00:00
36061014200,"NEW YORK, NY",0.9671,High,0.1076,0.1076,0.0,0.7903,Residential,0.3655,High,2026-03-09T14:49:19.939305+00:00
36061014401,"NEW YORK, NY",0.928,High,0.0,0.0,0.0,1.0,Residential,0.2784,High,2026-03-09T15:00:20.351937+00:00
36061014601,"NEW YORK, NY",0.9192,High,0.1861,0.1861,0.0,0.7021,Residential,0.406,High,2026-03-09T15:05:29.436868+00:00
36061014602,"NEW YORK, NY",0.9809,High,0.1679,0.1679,0.0,0.7169,Residential,0.4118,High,2026-03-09T14:44:02.135492+00:00
36061014700,"NEW YORK, NY",0.568,Medium,0.7079,0.7079,0.0,0.2305,Commercial,0.6659,High,2026-03-09T16:09:00.699137+00:00
36061014801,"NEW YORK, NY",0.8022,High,0.2496,0.2496,0.0,0.7504,Residential,0.4154,High,2026-03-09T15:36:47.511570+00:00
36061014802,"NEW YORK, NY",0.9775,High,0.2506,0.2506,0.0,0.7494,Residential,0.4687,High,2026-03-09T14:45:04.420821+00:00
36061014900,"NEW YORK, NY",0.9622,High,0.628,0.628,0.0,0.2862,Commercial,0.7283,High,2026-03-09T14:50:43.895428+00:00
36061015001,"NEW YORK, NY",0.7281,High,0.056,0.056,0.0,0.9206,Residential,0.2576,High,2026-03-09T15:46:52.773985+00:00
36061015002,"NEW YORK, NY",0.966,High,0.0078,0.0078,0.0,0.9762,Residential,0.2952,High,2026-03-09T14:49:18.649195+00:00
36061015101,"NEW YORK, NY",0.9303,High,0.0674,0.0,0.0674,0.8961,Residential,0.3262,High,2026-03-09T14:59:16.497495+00:00
36061015102,"NEW YORK, NY",0.9994,High,0.3001,0.2366,0.0635,0.246,Other,0.5099,High,2026-03-09T14:31:44.623525+00:00
36061015301,"NEW YORK, NY",0.9279,High,0.1997,0.1997,0.0,0.8003,Residential,0.4182,High,2026-03-09T15:00:32.201641+00:00
36061015302,"NEW YORK, NY",0.9466,High,0.6782,0.6782,0.0,0.3218,Commercial,0.7587,High,2026-03-09T14:55:40.515507+00:00
36061015401,"NEW YORK, NY",0.9358,High,0.4146,0.4146,0.0,0.5854,Residential,0.571,High,2026-03-09T14:58:23.000919+00:00
36061015402,"NEW YORK, NY",0.8616,High,0.261,0.261,0.0,0.6821,Residential,0.4412,High,2026-03-09T15:23:51.177714+00:00
36061015403,"NEW YORK, NY",0.9336,High,0.8691,0.8691,0.0,0.0,Commercial,0.8885,High,2026-03-09T14:58:31.954082+00:00
36061015501,"NEW YORK, NY",0.9421,High,0.0,0.0,0.0,1.0,Residential,0.2826,High,2026-03-09T14:56:35.274639+00:00
36061015502,"NEW YORK, NY",0.9639,High,0.0,0.0,0.0,0.3584,Other,0.2892,High,2026-03-09T14:49:49.919780+00:00
36061015601,"NEW YORK, NY",0.9392,High,0.2646,0.2646,0.0,0.3567,Other,0.467,High,2026-03-09T14:57:36.209496+00:00
36061015602,"NEW YORK, NY",0.9068,High,0.0,0.0,0.0,0.802,Residential,0.272,High,2026-03-09T15:12:53.988728+00:00
36061015700,"NEW YORK, NY",0.9824,High,0.0985,0.0985,0.0,0.8613,Residential,0.3636,High,2026-03-09T14:43:54.347066+00:00
36061015801,"NEW YORK, NY",0.9414,High,0.164,0.164,0.0,0.836,Residential,0.3972,High,2026-03-09T14:57:25.154400+00:00
36061015802,"NEW YORK, NY",0.8242,High,0.0592,0.0592,0.0,0.9408,Residential,0.2887,High,2026-03-09T15:32:54.077186+00:00
36061015900,"NEW YORK, NY",0.9887,High,0.0366,0.0366,0.0,0.8339,Residential,0.3222,High,2026-03-09T14:41:02.552707+00:00
36061016001,"NEW YORK, NY",0.9159,High,0.0,0.0,0.0,0.9628,Residential,0.2748,High,2026-03-09T15:08:04.283193+00:00
36061016002,"NEW YORK, NY",0.7555,High,0.0,0.0,0.0,1.0,Residential,0.2266,High,2026-03-09T15:42:54.992006+00:00
36061016100,"NEW YORK, NY",0.9913,High,0.0,0.0,0.0,0.9534,Residential,0.2974,High,2026-03-09T14:40:04.447010+00:00
36061016300,"NEW YORK, NY",0.9962,High,0.0427,0.0427,0.0,0.943,Residential,0.3287,High,2026-03-09T14:37:00.743992+00:00
36061016400,"NEW YORK, NY",0.9437,High,0.0,0.0,0.0,0.9744,Residential,0.2831,High,2026-03-09T14:56:22.507730+00:00
36061016500,"NEW YORK, NY",0.9775,High,0.0,0.0,0.0,0.4711,Other,0.2933,High,2026-03-09T14:45:14.644041+00:00
36061016600,"NEW YORK, NY",0.9218,High,0.0,0.0,0.0,0.9913,Residential,0.2766,High,2026-03-09T15:03:56.251991+00:00
36061016700,"NEW YORK, NY",0.9759,High,0.0282,0.0282,0.0,0.7395,Residential,0.3125,High,2026-03-09T14:45:54.227701+00:00
36061016800,"NEW YORK, NY",0.9147,High,0.0,0.0,0.0,1.0,Residential,0.2744,High,2026-03-09T15:08:12.100624+00:00
36061016900,"NEW YORK, NY",0.9799,High,0.0,0.0,0.0,0.9049,Residential,0.294,High,2026-03-09T14:44:45.286714+00:00
36061017000,"NEW YORK, NY",0.9521,High,0.0,0.0,0.0,0.4464,Other,0.2856,High,2026-03-09T14:54:00.841201+00:00
36061017100,"NEW YORK, NY",0.9829,High,0.0338,0.0338,0.0,0.7409,Residential,0.3186,High,2026-03-09T14:43:15.707449+00:00
36061017200,"NEW YORK, NY",0.9135,High,0.0413,0.0413,0.0,0.8903,Residential,0.303,High,2026-03-09T15:09:49.196001+00:00
36061017300,"NEW YORK, NY",0.9815,High,0.0314,0.0314,0.0,0.942,Residential,0.3164,High,2026-03-09T14:44:21.853804+00:00
36061017401,"NEW YORK, NY",0.9298,High,0.0,0.0,0.0,1.0,Residential,0.279,High,2026-03-09T14:59:21.541420+00:00
36061017402,"NEW YORK, NY",0.801,High,0.2369,0.2369,0.0,0.7631,Residential,0.4061,High,2026-03-09T15:36:57.158825+00:00
36061017500,"NEW YORK, NY",0.9859,High,0.0214,0.0214,0.0,0.7509,Residential,0.3108,High,2026-03-09T14:42:15.133347+00:00
36061017700,"NEW YORK, NY",0.9955,High,0.0212,0.0212,0.0,0.9788,Residential,0.3135,High,2026-03-09T14:37:35.338901+00:00
36061017800,"NEW YORK, NY",0.9402,High,0.1876,0.1515,0.0361,0.5578,Residential,0.4134,High,2026-03-09T14:57:56.321713+00:00
36061017900,"NEW YORK, NY",0.9953,High,0.0226,0.0226,0.0,0.7463,Residential,0.3144,High,2026-03-09T14:37:57.485958+00:00
36061018000,"NEW YORK, NY",0.9279,High,0.0603,0.0,0.0603,0.4485,Other,0.3206,High,2026-03-09T15:00:40.576898+00:00
36061018100,"NEW YORK, NY",0.9774,High,0.1752,0.1752,0.0,0.8248,Residential,0.4158,High,2026-03-09T14:45:15.135401+00:00
36061018200,"NEW YORK, NY",0.9599,High,0.0,0.0,0.0,0.9098,Residential,0.288,High,2026-03-09T14:51:47.375912+00:00
36061018300,"NEW YORK, NY",0.9691,High,0.0109,0.0109,0.0,0.8961,Residential,0.2984,High,2026-03-09T14:48:05.473955+00:00
36061018400,"NEW YORK, NY",0.9762,High,0.0,0.0,0.0,0.9834,Residential,0.2929,High,2026-03-09T14:45:44.676383+00:00
36061018500,"NEW YORK, NY",0.9483,High,0.0,0.0,0.0,1.0,Residential,0.2845,High,2026-03-09T14:54:43.027772+00:00
36061018600,"NEW YORK, NY",0.937,High,0.027,0.027,0.0,0.9228,Residential,0.3,High,2026-03-09T14:57:57.528810+00:00
36061018700,"NEW YORK, NY",0.9739,High,0.0112,0.0112,0.0,0.9841,Residential,0.3,High,2026-03-09T14:46:36.569116+00:00
36061018800,"NEW YORK, NY",0.9426,High,0.0,0.0,0.0,0.6655,Residential,0.2828,High,2026-03-09T14:57:22.352571+00:00
36061018900,"NEW YORK, NY",0.9768,High,0.0,0.0,0.0,0.9578,Residential,0.293,High,2026-03-09T14:45:40.774148+00:00
36061019000,"NEW YORK, NY",0.9157,High,0.5089,0.5089,0.0,0.4911,Commercial,0.631,High,2026-03-09T15:07:42.037299+00:00
36061019100,"NEW YORK, NY",0.9718,High,0.0146,0.0146,0.0,0.9836,Residential,0.3017,High,2026-03-09T14:47:22.116320+00:00
36061019300,"NEW YORK, NY",0.9871,High,0.046,0.046,0.0,0.928,Residential,0.3283,High,2026-03-09T14:41:38.035265+00:00
36061019400,"NEW YORK, NY",0.9283,High,0.0209,0.0209,0.0,0.8967,Residential,0.2931,High,2026-03-09T15:00:28.032753+00:00
36061019500,"NEW YORK, NY",0.9661,High,0.0157,0.0157,0.0,0.9805,Residential,0.3008,High,2026-03-09T14:49:22.569149+00:00
36061019600,"NEW YORK, NY",0.8957,High,0.0096,0.0,0.0096,0.5076,Residential,0.2754,High,2026-03-09T15:17:19.652146+00:00
36061019702,"NEW YORK, NY",0.9016,High,0.2277,0.2277,0.0,0.7694,Residential,0.4299,High,2026-03-09T15:15:16.447435+00:00
36061019800,"NEW YORK, NY",0.874,High,0.0,0.0,0.0,0.2609,Other,0.2622,High,2026-03-09T15:20:35.867936+00:00
36061019900,"NEW YORK, NY",0.9716,High,0.0,0.0,0.0,1.0,Residential,0.2915,High,2026-03-09T14:47:23.645721+00:00
36061020000,"NEW YORK, NY",0.9394,High,0.0,0.0,0.0,0.5831,Residential,0.2818,High,2026-03-09T14:58:10.897847+00:00
36061020101,"NEW YORK, NY",0.5793,Medium,0.0,0.0,0.0,1.0,Residential,0.1738,High,2026-03-09T16:07:31.283045+00:00
36061020102,"NEW YORK, NY",0.9181,High,0.0,0.0,0.0,1.0,Residential,0.2754,High,2026-03-09T15:06:16.091005+00:00
36061020300,"NEW YORK, NY",0.9045,High,0.0,0.0,0.0,1.0,Residential,0.2713,High,2026-03-09T15:14:03.600732+00:00
36061020500,"NEW YORK, NY",0.9795,High,0.0,0.0,0.0,1.0,Residential,0.2939,High,2026-03-09T14:44:05.663670+00:00
36061020600,"NEW YORK, NY",0.9216,High,0.0049,0.0,0.0049,0.9209,Residential,0.2799,High,2026-03-09T15:04:02.575021+00:00
36061020701,"NEW YORK, NY",0.8711,High,0.0,0.0,0.0,1.0,Residential,0.2613,High,2026-03-09T15:21:07.125063+00:00
36061020800,"NEW YORK, NY",0.9645,High,0.0,0.0,0.0,0.9727,Residential,0.2893,High,2026-03-09T14:50:45.232912+00:00
36061020901,"NEW YORK, NY",0.9028,High,0.0048,0.0,0.0048,0.8378,Residential,0.2742,High,2026-03-09T15:14:50.892049+00:00
36061021200,"NEW YORK, NY",0.8898,High,0.0,0.0,0.0,0.9925,Residential,0.2669,High,2026-03-09T15:18:05.782976+00:00
36061021303,"NEW YORK, NY",0.9386,High,0.052,0.0,0.052,0.4258,Other,0.318,High,2026-03-09T14:57:58.070285+00:00
36061021400,"NEW YORK, NY",0.8748,High,0.1152,0.0,0.1152,0.609,Residential,0.3431,High,2026-03-09T15:20:05.729479+00:00
36061021500,"NEW YORK, NY",0.9103,High,0.0,0.0,0.0,1.0,Residential,0.2731,High,2026-03-09T15:11:04.283938+00:00
36061021600,"NEW YORK, NY",0.9518,High,0.0,0.0,0.0,1.0,Residential,0.2855,High,2026-03-09T14:54:19.389867+00:00
36061021800,"NEW YORK, NY",0.918,High,0.0,0.0,0.0,1.0,Residential,0.2754,High,2026-03-09T15:06:41.245268+00:00
36061022000,"NEW YORK, NY",0.9563,High,0.0,0.0,0.0,1.0,Residential,0.2869,High,2026-03-09T14:53:28.445300+00:00
36061022102,"NEW YORK, NY",0.8729,High,0.0,0.0,0.0,1.0,Residential,0.2619,High,2026-03-09T15:21:00.559136+00:00
36061022200,"NEW YORK, NY",0.8989,High,0.063,0.063,0.0,0.4434,Other,0.3138,High,2026-03-09T15:16:38.855323+00:00
36061022302,"NEW YORK, NY",0.8058,High,0.1558,0.0,0.1558,0.658,Residential,0.3508,High,2026-03-09T15:36:11.916421+00:00
36061022400,"NEW YORK, NY",0.9404,High,0.0,0.0,0.0,1.0,Residential,0.2821,High,2026-03-09T14:57:46.990112+00:00
36061022500,"NEW YORK, NY",0.9669,High,0.0264,0.0,0.0264,0.9669,Residential,0.3085,High,2026-03-09T14:49:06.660181+00:00
36061022600,"NEW YORK, NY",0.9612,High,0.0,0.0,0.0,1.0,Residential,0.2884,High,2026-03-09T14:52:01.701211+00:00
36061022700,"NEW YORK, NY",0.9664,High,0.0682,0.0682,0.0,0.9318,Residential,0.3376,High,2026-03-09T14:49:45.471319+00:00
36061022800,"NEW YORK, NY",0.9441,High,0.0,0.0,0.0,1.0,Residential,0.2832,High,2026-03-09T14:57:14.951411+00:00
36061022900,"NEW YORK, NY",0.9642,High,0.0263,0.0034,0.0229,0.8279,Residential,0.3077,High,2026-03-09T14:50:12.276043+00:00
36061023000,"NEW YORK, NY",0.9644,High,0.0,0.0,0.0,0.975,Residential,0.2893,High,2026-03-09T14:50:21.693613+00:00
36061023100,"NEW YORK, NY",0.9641,High,0.0104,0.0104,0.0,0.628,Residential,0.2965,High,2026-03-09T14:50:35.771437+00:00
36061023200,"NEW YORK, NY",0.9735,High,0.1127,0.1127,0.0,0.8704,Residential,0.3709,High,2026-03-09T14:46:41.176315+00:00
36061023300,"NEW YORK, NY",0.9513,High,0.0224,0.0,0.0224,0.8319,Residential,0.301,High,2026-03-09T14:54:34.515382+00:00
36061023400,"NEW YORK, NY",0.9221,High,0.1729,0.1729,0.0,0.8271,Residential,0.3977,High,2026-03-09T15:03:10.149197+00:00
36061023501,"NEW YORK, NY",0.978,High,0.0,0.0,0.0,0.6065,Residential,0.2934,High,2026-03-09T14:44:57.426462+00:00
36061023502,"NEW YORK, NY",0.8322,High,0.1305,0.1305,0.0,0.8695,Residential,0.341,High,2026-03-09T15:31:24.137387+00:00
36061023700,"NEW YORK, NY",0.978,High,0.0,0.0,0.0,0.8555,Residential,0.2934,High,2026-03-09T14:44:55.711298+00:00
36061023900,"NEW YORK, NY",0.8911,High,0.0,0.0,0.0,1.0,Residential,0.2673,High,2026-03-09T15:17:47.321570+00:00
36061024100,"NEW YORK, NY",0.9824,High,0.0,0.0,0.0,0.8474,Residential,0.2947,High,2026-03-09T14:43:17.074851+00:00
36061024301,"NEW YORK, NY",0.9361,High,0.0,0.0,0.0,0.9007,Residential,0.2808,High,2026-03-09T14:58:25.806368+00:00
36061024500,"NEW YORK, NY",0.9809,High,0.0072,0.0072,0.0,0.9928,Residential,0.2993,High,2026-03-09T14:44:16.204238+00:00
36061025100,"NEW YORK, NY",0.9048,High,0.1793,0.1793,0.0,0.789,Residential,0.3969,High,2026-03-09T15:14:06.081414+00:00
36061025300,"NEW YORK, NY",0.9762,High,0.0,0.0,0.0,1.0,Residential,0.2928,High,2026-03-09T14:45:45.331636+00:00
36061025700,"NEW YORK, NY",0.9437,High,0.0781,0.0781,0.0,0.7543,Residential,0.3378,High,2026-03-09T14:56:46.707964+00:00
36061025900,"NEW YORK, NY",0.9154,High,0.099,0.099,0.0,0.901,Residential,0.344,High,2026-03-09T15:07:55.002630+00:00
36061026700,"NEW YORK, NY",0.7185,High,0.0,0.0,0.0,1.0,Residential,0.2155,High,2026-03-09T15:48:02.782395+00:00
36061026900,"NEW YORK, NY",0.9704,High,0.0048,0.0048,0.0,0.9952,Residential,0.2945,High,2026-03-09T14:48:02.583441+00:00
36061027100,"NEW YORK, NY",0.9456,High,0.0194,0.0194,0.0,0.9806,Residential,0.2973,High,2026-03-09T14:56:03.129309+00:00
36061028100,"NEW YORK, NY",0.8942,High,0.0,0.0,0.0,0.1617,Other,0.2683,High,2026-03-09T15:17:10.956550+00:00
36061028500,"NEW YORK, NY",0.9669,High,0.0695,0.0695,0.0,0.9305,Residential,0.3387,High,2026-03-09T14:48:51.798919+00:00
36061029100,"NEW YORK, NY",0.9857,High,0.059,0.059,0.0,0.941,Residential,0.337,High,2026-03-09T14:42:04.961022+00:00
36061029300,"NEW YORK, NY",0.9731,High,0.0675,0.0675,0.0,0.9325,Residential,0.3392,High,2026-03-09T14:46:38.447308+00:00
36061029500,"NEW YORK, NY",0.9634,High,0.0,0.0,0.0,0.068,Other,0.289,High,2026-03-09T14:50:16.481580+00:00
36061030300,"NEW YORK, NY",0.9253,High,0.031,0.031,0.0,0.5402,Residential,0.2993,High,2026-03-09T15:01:26.187471+00:00
36061030700,"NEW YORK, NY",0.9171,High,0.0279,0.0279,0.0,0.9721,Residential,0.2946,High,2026-03-09T15:06:53.394219+00:00
36061031703,"NEW YORK, NY",0.9996,High,0.1321,0.0,0.1321,0.0,Other,0.3923,High,2026-03-09T14:31:19.858980+00:00
36065021202,"UTICA, NY",0.0,Low,0.0,0.0,0.0,0.9799,Residential,0.0,High,2026-03-10T03:12:22.615425+00:00
36067005602,"SYRACUSE, NY",0.0,Low,0.0004,0.0004,0.0,0.044,Other,0.0003,High,2026-03-10T03:09:35.477867+00:00
36081000200,"JAMAICA, NY",0.0095,Low,0.0267,0.0267,0.0,0.9733,Residential,0.0215,High,2026-03-09T22:08:26.003223+00:00
36081000400,"JAMAICA, NY",0.0109,Low,0.01,0.01,0.0,0.99,Residential,0.0103,High,2026-03-09T21:55:57.441783+00:00
36081000600,"JAMAICA, NY",0.0107,Low,0.0064,0.0064,0.0,0.9936,Residential,0.0077,High,2026-03-09T21:57:03.873537+00:00
36081000702,"LONG ISLAND CITY, NY",0.0143,Low,0.7971,0.0501,0.7469,0.1361,Industrial,0.5622,High,2026-03-09T21:31:00.411456+00:00
36081000800,"JAMAICA, NY",0.0098,Low,0.0,0.0,0.0,1.0,Residential,0.0029,High,2026-03-09T22:05:36.221996+00:00
36081001000,"JAMAICA, NY",0.0136,Low,0.0016,0.0016,0.0,0.9984,Residential,0.0052,High,2026-03-09T21:36:35.827219+00:00
36081001200,"JAMAICA, NY",0.0097,Low,0.0086,0.0086,0.0,0.9914,Residential,0.0089,High,2026-03-09T22:05:34.457218+00:00
36081001400,"JAMAICA, NY",0.0104,Low,0.0049,0.0049,0.0,0.9951,Residential,0.0066,High,2026-03-09T21:59:02.937069+00:00
36081001600,"JAMAICA, NY",0.0093,Low,0.0034,0.0034,0.0,0.9966,Residential,0.0051,High,2026-03-09T22:11:23.625489+00:00
36081001800,"JAMAICA, NY",0.0097,Low,0.006,0.006,0.0,0.9403,Residential,0.0071,High,2026-03-09T22:06:09.531807+00:00
36081001901,"LONG ISLAND CITY, NY",0.0111,Low,1.0,0.0566,0.9434,0.0,Industrial,0.7033,High,2026-03-09T21:52:29.243217+00:00
36081001902,NY,0.0164,Low,1.0,0.0,1.0,0.0,Industrial,0.7049,High,2026-03-09T21:13:56.555875+00:00
36081001903,"LONG ISLAND CITY, NY",0.0123,Low,0.9905,0.0239,0.9666,0.0,Industrial,0.697,High,2026-03-09T21:45:28.599139+00:00
36081002000,"JAMAICA, NY",0.0078,Low,0.0017,0.0017,0.0,0.9983,Residential,0.0035,High,2026-03-09T22:26:54.627355+00:00
36081002200,"JAMAICA, NY",0.0096,Low,0.0157,0.0157,0.0,0.9843,Residential,0.0139,High,2026-03-09T22:06:59.158087+00:00
36081002400,"JAMAICA, NY",0.0094,Low,0.0315,0.0315,0.0,0.9685,Residential,0.0248,High,2026-03-09T22:08:47.096837+00:00
36081002500,"LONG ISLAND CITY, NY",0.0215,Low,0.748,0.2691,0.4789,0.252,Industrial,0.53,High,2026-03-09T20:42:08.988022+00:00
36081002600,"JAMAICA, NY",0.0081,Low,0.0251,0.0251,0.0,0.9749,Residential,0.02,High,2026-03-09T22:22:35.599033+00:00
36081002800,"JAMAICA, NY",0.0101,Low,0.1073,0.0962,0.0111,0.8927,Residential,0.0782,High,2026-03-09T22:01:34.067689+00:00
36081003000,"JAMAICA, NY",0.0082,Low,0.0667,0.0667,0.0,0.9333,Residential,0.0492,High,2026-03-09T22:21:24.427951+00:00
36081003100,"LONG ISLAND CITY, NY",0.0103,Low,1.0,0.0,1.0,0.0,Industrial,0.7031,High,2026-03-09T21:59:40.003445+00:00
36081003200,"JAMAICA, NY",0.0074,Low,0.3231,0.0196,0.3035,0.6769,Residential,0.2284,High,2026-03-09T22:31:39.193541+00:00
36081003301,"LONG ISLAND CITY, NY",0.013,Low,1.0,0.0,1.0,0.0,Industrial,0.7039,High,2026-03-09T21:39:55.340603+00:00
36081003302,"LONG ISLAND CITY, NY",0.0206,Low,0.8466,0.023,0.8236,0.1534,Industrial,0.5988,High,2026-03-09T20:46:41.082562+00:00
36081003900,"LONG ISLAND CITY, NY",0.0145,Low,0.3457,0.0,0.3457,0.6048,Residential,0.2463,High,2026-03-09T21:28:39.801176+00:00
36081004300,"LONG ISLAND CITY, NY",0.0179,Low,0.2989,0.0078,0.2911,0.6063,Residential,0.2146,High,2026-03-09T21:01:51.045113+00:00
36081004500,"LONG ISLAND CITY, NY",0.0132,Low,0.1031,0.1031,0.0,0.868,Residential,0.0761,High,2026-03-09T21:39:18.022901+00:00
36081004700,"LONG ISLAND CITY, NY",0.0151,Low,0.0568,0.0568,0.0,0.9432,Residential,0.0443,High,2026-03-09T21:23:09.381997+00:00
36081005000,"FLORAL PARK, NY",0.0055,Low,0.0,0.0,0.0,1.0,Residential,0.0016,High,2026-03-09T23:01:41.971632+00:00
36081005100,"LONG ISLAND CITY, NY",0.0166,Low,0.752,0.045,0.707,0.2332,Industrial,0.5314,High,2026-03-09T21:13:02.180273+00:00
36081005200,"JAMAICA, NY",0.011,Low,0.0136,0.0136,0.0,0.9864,Residential,0.0128,High,2026-03-09T21:54:21.066626+00:00
36081005300,"LONG ISLAND CITY, NY",0.0187,Low,0.0912,0.0912,0.0,0.9088,Residential,0.0694,High,2026-03-09T20:57:03.663223+00:00
36081005500,"LONG ISLAND CITY, NY",0.0153,Low,0.9978,0.0055,0.9922,0.0022,Industrial,0.703,High,2026-03-09T21:21:30.560269+00:00
36081005700,"LONG ISLAND CITY, NY",0.027,Low,0.4175,0.0824,0.3351,0.5111,Residential,0.3003,High,2026-03-09T20:21:46.765933+00:00
36081005900,"LONG ISLAND CITY, NY",0.0335,Low,0.2323,0.2323,0.0,0.7677,Residential,0.1727,High,2026-03-09T20:05:36.673016+00:00
36081006100,"LONG ISLAND CITY, NY",0.0252,Low,0.1903,0.1903,0.0,0.8097,Residential,0.1408,High,2026-03-09T20:28:29.360412+00:00
36081006300,"LONG ISLAND CITY, NY",0.0409,Low,0.2205,0.2205,0.0,0.7795,Residential,0.1666,High,2026-03-09T19:49:41.415023+00:00
36081006501,"LONG ISLAND CITY, NY",0.0168,Low,0.1369,0.1369,0.0,0.8631,Residential,0.1009,High,2026-03-09T21:11:48.505896+00:00
36081006502,"LONG ISLAND CITY, NY",0.014,Low,0.1215,0.1215,0.0,0.8785,Residential,0.0893,High,2026-03-09T21:33:09.844075+00:00
36081006900,"LONG ISLAND CITY, NY",0.0145,Low,0.0567,0.0567,0.0,0.9433,Residential,0.044,High,2026-03-09T21:29:20.883800+00:00
36081007300,"LONG ISLAND CITY, NY",0.0219,Low,0.0896,0.0896,0.0,0.9104,Residential,0.0693,High,2026-03-09T20:41:14.848266+00:00
36081007500,"LONG ISLAND CITY, NY",0.0182,Low,0.0109,0.0109,0.0,0.9891,Residential,0.013,High,2026-03-09T21:00:17.173817+00:00
36081007700,"LONG ISLAND CITY, NY",0.011,Low,0.0,0.0,0.0,1.0,Residential,0.0033,High,2026-03-09T21:53:55.342087+00:00
36081007900,"LONG ISLAND CITY, NY",0.0182,Low,0.0243,0.0243,0.0,0.9757,Residential,0.0224,High,2026-03-09T21:00:29.687662+00:00
36081008300,"LONG ISLAND CITY, NY",0.0116,Low,0.1256,0.1256,0.0,0.8744,Residential,0.0914,High,2026-03-09T21:50:15.812397+00:00
36081008500,"LONG ISLAND CITY, NY",0.0197,Low,0.6108,0.0186,0.5922,0.3323,Industrial,0.4335,High,2026-03-09T20:51:00.205473+00:00
36081009400,"JAMAICA, NY",0.0097,Low,0.0643,0.0249,0.0395,0.9357,Residential,0.0479,High,2026-03-09T22:05:32.785546+00:00
36081009500,"LONG ISLAND CITY, NY",0.0114,Low,0.0,0.0,0.0,0.839,Residential,0.0034,High,2026-03-09T21:51:33.453932+00:00
36081009600,"JAMAICA, NY",0.0114,Low,0.0049,0.0049,0.0,0.9951,Residential,0.0068,High,2026-03-09T21:52:08.318368+00:00
36081009700,"LONG ISLAND CITY, NY",0.0208,Low,0.009,0.009,0.0,0.991,Residential,0.0126,High,2026-03-09T20:46:48.540719+00:00
36081009800,"JAMAICA, NY",0.0108,Low,0.0522,0.0522,0.0,0.9478,Residential,0.0397,High,2026-03-09T21:56:07.331160+00:00
36081010000,"JAMAICA, NY",0.0112,Low,0.0049,0.0049,0.0,0.9951,Residential,0.0068,High,2026-03-09T21:53:33.571235+00:00
36081010100,"LONG ISLAND CITY, NY",0.0108,Low,0.0016,0.0016,0.0,0.9984,Residential,0.0044,High,2026-03-09T21:55:52.193244+00:00
36081010200,"JAMAICA, NY",0.008,Low,0.0,0.0,0.0,1.0,Residential,0.0024,High,2026-03-09T22:23:25.342331+00:00
36081010400,"JAMAICA, NY",0.0108,Low,0.0032,0.0032,0.0,0.9968,Residential,0.0055,High,2026-03-09T21:56:24.253760+00:00
36081010500,"LONG ISLAND CITY, NY",0.0154,Low,0.0305,0.0305,0.0,0.9695,Residential,0.026,High,2026-03-09T21:21:18.578898+00:00
36081010600,"JAMAICA, NY",0.0117,Low,0.029,0.029,0.0,0.971,Residential,0.0238,High,2026-03-09T21:50:19.986031+00:00
36081010800,"JAMAICA, NY",0.0106,Low,0.0067,0.0067,0.0,0.9933,Residential,0.0079,High,2026-03-09T21:57:10.885248+00:00
36081011000,"JAMAICA, NY",0.0118,Low,0.0175,0.0175,0.0,0.9825,Residential,0.0158,High,2026-03-09T21:49:28.217363+00:00
36081011100,"LONG ISLAND CITY, NY",0.0124,Low,0.0133,0.0133,0.0,0.9867,Residential,0.013,High,2026-03-09T21:45:18.912845+00:00
36081011200,"JAMAICA, NY",0.0095,Low,0.0814,0.0,0.0814,0.8837,Residential,0.0599,High,2026-03-09T22:07:43.839931+00:00
36081011300,"LONG ISLAND CITY, NY",0.0149,Low,0.1918,0.1918,0.0,0.8082,Residential,0.1387,High,2026-03-09T21:25:25.964067+00:00
36081011400,"JAMAICA, NY",0.0086,Low,0.3124,0.0783,0.2341,0.6876,Residential,0.2213,High,2026-03-09T22:16:42.216804+00:00
36081011500,"LONG ISLAND CITY, NY",0.0167,Low,0.4347,0.4347,0.0,0.5653,Residential,0.3093,High,2026-03-09T21:12:55.278959+00:00
36081011600,"JAMAICA, NY",0.0091,Low,0.053,0.053,0.0,0.8974,Residential,0.0398,High,2026-03-09T22:13:06.290896+00:00
36081011700,"LONG ISLAND CITY, NY",0.0177,Low,0.0058,0.0058,0.0,0.9942,Residential,0.0094,High,2026-03-09T21:05:37.368046+00:00
36081011900,"LONG ISLAND CITY, NY",0.0091,Low,0.2066,0.005,0.2016,0.7415,Residential,0.1474,High,2026-03-09T22:12:14.645171+00:00
36081012000,"JAMAICA, NY",0.0086,Low,0.0304,0.0304,0.0,0.9696,Residential,0.0239,High,2026-03-09T22:17:19.878073+00:00
36081012100,"LONG ISLAND CITY, NY",0.0102,Low,0.0,0.0,0.0,1.0,Residential,0.0031,High,2026-03-09T22:00:29.094546+00:00
36081012200,"JAMAICA, NY",0.0093,Low,0.0186,0.0186,0.0,0.9814,Residential,0.0158,High,2026-03-09T22:11:08.803980+00:00
36081012400,"JAMAICA, NY",0.0093,Low,0.0158,0.0158,0.0,0.9842,Residential,0.0139,High,2026-03-09T22:10:15.436769+00:00
36081012601,"JAMAICA, NY",0.0099,Low,0.059,0.059,0.0,0.941,Residential,0.0442,High,2026-03-09T22:03:51.759434+00:00
36081012602,"JAMAICA, NY",0.0096,Low,0.0687,0.0687,0.0,0.9313,Residential,0.051,High,2026-03-09T22:07:14.458215+00:00
36081012800,"JAMAICA, NY",0.0085,Low,0.0202,0.0202,0.0,0.9798,Residential,0.0167,High,2026-03-09T22:17:59.033717+00:00
36081013000,"JAMAICA, NY",0.0072,Low,0.008,0.008,0.0,0.992,Residential,0.0078,High,2026-03-09T22:34:30.560559+00:00
36081013500,"LONG ISLAND CITY, NY",0.0095,Low,0.0,0.0,0.0,1.0,Residential,0.0028,High,2026-03-09T22:07:54.714110+00:00
36081013800,"JAMAICA, NY",0.0125,Low,0.0268,0.0268,0.0,0.9715,Residential,0.0225,High,2026-03-09T21:44:06.698909+00:00
36081014201,"JAMAICA, NY",0.0106,Low,0.1349,0.0872,0.0478,0.8651,Residential,0.0976,High,2026-03-09T21:57:58.221401+00:00
36081014300,"LONG ISLAND CITY, NY",0.0146,Low,0.1722,0.1722,0.0,0.8253,Residential,0.1249,High,2026-03-09T21:28:17.639189+00:00
36081014400,"JAMAICA, NY",0.0073,Low,0.4285,0.0288,0.3997,0.5715,Residential,0.3022,High,2026-03-09T22:32:55.353800+00:00
36081014500,"LONG ISLAND CITY, NY",0.0114,Low,0.0377,0.0,0.0377,0.9623,Residential,0.0298,High,2026-03-09T21:51:24.574525+00:00
36081014700,"LONG ISLAND CITY, NY",0.0117,Low,0.1746,0.1746,0.0,0.8254,Residential,0.1257,High,2026-03-09T21:49:59.321886+00:00
36081014800,"JAMAICA, NY",0.0075,Low,0.0265,0.0038,0.0227,0.7826,Residential,0.0208,High,2026-03-09T22:31:28.710433+00:00
36081014900,"LONG ISLAND CITY, NY",0.0106,Low,0.325,0.325,0.0,0.675,Residential,0.2307,High,2026-03-09T21:56:59.081723+00:00
36081015000,"JAMAICA, NY",0.0088,Low,0.0,0.0,0.0,1.0,Residential,0.0026,High,2026-03-09T22:15:46.943786+00:00
36081015100,"LONG ISLAND CITY, NY",0.0119,Low,0.1306,0.1306,0.0,0.8694,Residential,0.095,High,2026-03-09T21:48:21.307773+00:00
36081015200,"JAMAICA, NY",0.0087,Low,0.0426,0.0135,0.0291,0.9574,Residential,0.0324,High,2026-03-09T22:17:01.124430+00:00
36081015300,"LONG ISLAND CITY, NY",0.0098,Low,0.0426,0.0426,0.0,0.9574,Residential,0.0327,High,2026-03-09T22:04:12.532019+00:00
36081015400,"JAMAICA, NY",0.008,Low,0.0408,0.0408,0.0,0.9592,Residential,0.0309,High,2026-03-09T22:23:49.666958+00:00
36081015500,"LONG ISLAND CITY, NY",0.0104,Low,0.5653,0.5653,0.0,0.4347,Commercial,0.3988,High,2026-03-09T21:59:08.851176+00:00
36081015600,"JAMAICA, NY",0.009,Low,0.0251,0.0251,0.0,0.9749,Residential,0.0203,High,2026-03-09T22:14:02.066075+00:00
36081015700,"LONG ISLAND CITY, NY",0.0119,Low,0.4657,0.3956,0.0701,0.1693,Commercial,0.3296,High,2026-03-09T21:47:52.580332+00:00
36081015801,"JAMAICA, NY",0.0096,Low,0.0157,0.0157,0.0,0.9843,Residential,0.0139,High,2026-03-09T22:07:05.440723+00:00
36081015802,"JAMAICA, NY",0.0102,Low,0.0289,0.0289,0.0,0.9711,Residential,0.0233,High,2026-03-09T22:01:49.918755+00:00
36081015900,"LONG ISLAND CITY, NY",0.0191,Low,0.0798,0.0317,0.0481,0.8724,Residential,0.0616,High,2026-03-09T20:54:54.857312+00:00
36081016100,"LONG ISLAND CITY, NY",0.0144,Low,0.1938,0.146,0.0478,0.8062,Residential,0.14,High,2026-03-09T21:29:13.544377+00:00
36081016300,"FLUSHING, NY",0.0249,Low,0.1202,0.1202,0.0,0.8772,Residential,0.0916,High,2026-03-09T20:28:57.954031+00:00
36081016600,"JAMAICA, NY",0.0113,Low,0.0013,0.0013,0.0,0.9987,Residential,0.0043,High,2026-03-09T21:52:52.589643+00:00
36081016800,"JAMAICA, NY",0.0089,Low,0.0326,0.0326,0.0,0.9674,Residential,0.0255,High,2026-03-09T22:14:55.077504+00:00
36081017200,"JAMAICA, NY",0.0075,Low,0.0,0.0,0.0,0.9249,Residential,0.0023,High,2026-03-09T22:30:43.000146+00:00
36081017400,"JAMAICA, NY",0.0079,Low,0.0,0.0,0.0,1.0,Residential,0.0024,High,2026-03-09T22:24:39.821927+00:00
36081017600,"SOUTH OZONE PARK, NY",0.0077,Low,0.0,0.0,0.0,1.0,Residential,0.0023,High,2026-03-09T22:28:13.642442+00:00
36081017901,"LONG ISLAND CITY, NY",0.0089,Low,0.7848,0.0,0.7848,0.2152,Industrial,0.552,High,2026-03-09T22:13:14.553470+00:00
36081017902,"LONG ISLAND CITY, NY",0.0108,Low,1.0,0.0,1.0,0.0,Industrial,0.7032,High,2026-03-09T21:55:02.045794+00:00
36081018000,"JAMAICA, NY",0.0069,Low,0.0553,0.0553,0.0,0.9447,Residential,0.0408,High,2026-03-09T22:39:29.428961+00:00
36081018101,"LONG ISLAND CITY, NY",0.0184,Low,0.01,0.01,0.0,0.99,Residential,0.0126,High,2026-03-09T20:58:07.099061+00:00
36081018102,"LONG ISLAND CITY, NY",0.0154,Low,0.0246,0.0246,0.0,0.9754,Residential,0.0218,High,2026-03-09T21:21:05.219850+00:00
36081018200,"JAMAICA, NY",0.0078,Low,0.0025,0.0025,0.0,0.9608,Residential,0.0041,High,2026-03-09T22:27:27.839803+00:00
36081018300,"LONG ISLAND CITY, NY",0.02,Low,0.0837,0.0837,0.0,0.7591,Residential,0.0646,High,2026-03-09T20:49:36.189669+00:00
36081018402,"JAMAICA, NY",0.0095,Low,0.0,0.0,0.0,1.0,Residential,0.0029,High,2026-03-09T22:07:38.509022+00:00
36081018501,"LONG ISLAND CITY, NY",0.016,Low,0.135,0.135,0.0,0.865,Residential,0.0993,High,2026-03-09T21:16:51.513262+00:00
36081018502,"LONG ISLAND CITY, NY",0.0149,Low,0.178,0.178,0.0,0.7533,Residential,0.129,High,2026-03-09T21:25:24.064121+00:00
36081018600,"JAMAICA, NY",0.0077,Low,0.0,0.0,0.0,1.0,Residential,0.0023,High,2026-03-09T22:27:23.252061+00:00
36081018800,"JAMAICA, NY",0.007,Low,0.0,0.0,0.0,0.7762,Residential,0.0021,High,2026-03-09T22:37:40.081830+00:00
36081018900,"LONG ISLAND CITY, NY",0.0208,Low,0.3922,0.0142,0.378,0.6068,Residential,0.2807,High,2026-03-09T20:46:14.741034+00:00
36081019000,"JAMAICA, NY",0.0122,Low,0.0048,0.0048,0.0,0.9952,Residential,0.0071,High,2026-03-09T21:46:36.547233+00:00
36081019200,"JAMAICA, NY",0.0098,Low,0.0,0.0,0.0,1.0,Residential,0.0029,High,2026-03-09T22:05:16.965241+00:00
36081019400,"JAMAICA, NY",0.0104,Low,0.0,0.0,0.0,1.0,Residential,0.0031,High,2026-03-09T21:59:22.831804+00:00
36081019600,"JAMAICA, NY",0.0099,Low,0.0048,0.0048,0.0,0.9952,Residential,0.0064,High,2026-03-09T22:03:37.790632+00:00
36081019800,"JAMAICA, NY",0.0101,Low,0.0157,0.0157,0.0,0.9843,Residential,0.014,High,2026-03-09T22:01:47.449585+00:00
36081020200,"JAMAICA, NY",0.0084,Low,0.0219,0.0219,0.0,0.9172,Residential,0.0178,High,2026-03-09T22:19:12.567371+00:00
36081020600,"JAMAICA, NY",0.0084,Low,0.0578,0.0578,0.0,0.9422,Residential,0.0429,High,2026-03-09T22:19:45.288590+00:00
36081023000,"JAMAICA, NY",0.0095,Low,0.0,0.0,0.0,1.0,Residential,0.0028,High,2026-03-09T22:07:56.447209+00:00
36081023501,"FLUSHING, NY",0.0143,Low,0.0628,0.0029,0.0599,0.9372,Residential,0.0482,High,2026-03-09T21:30:16.753812+00:00
36081023502,"FLUSHING, NY",0.0135,Low,0.3052,0.1882,0.117,0.6948,Residential,0.2177,High,2026-03-09T21:36:29.932283+00:00
36081023600,"JAMAICA, NY",0.0124,Low,0.0025,0.0025,0.0,0.9975,Residential,0.0054,High,2026-03-09T21:44:36.415312+00:00
36081023800,"JAMAICA, NY",0.0164,Low,0.0,0.0,0.0,0.7321,Residential,0.0049,High,2026-03-09T21:15:00.951286+00:00
36081024000,"JAMAICA, NY",0.0167,Low,0.0304,0.0304,0.0,0.428,Other,0.0263,High,2026-03-09T21:12:24.142484+00:00
36081024600,"JAMAICA, NY",0.0061,Low,0.1342,0.0121,0.1221,0.739,Residential,0.0958,High,2026-03-09T22:50:57.698799+00:00
36081024700,"FLUSHING, NY",0.0084,Low,0.0,0.0,0.0,0.9735,Residential,0.0025,High,2026-03-09T22:18:30.638999+00:00
36081024900,"FLUSHING, NY",0.0122,Low,0.0546,0.0546,0.0,0.9454,Residential,0.0419,High,2026-03-09T21:46:28.133970+00:00
36081025301,"LONG ISLAND CITY, NY",0.0188,Low,0.0579,0.0579,0.0,0.7278,Residential,0.0462,High,2026-03-09T20:55:39.245302+00:00
36081025302,"FLUSHING, NY",0.014,Low,0.0366,0.0366,0.0,0.9433,Residential,0.0298,High,2026-03-09T21:32:17.429460+00:00
36081025401,"JAMAICA, NY",0.0131,Low,0.0779,0.0142,0.0637,0.8228,Residential,0.0584,High,2026-03-09T21:40:48.449807+00:00
36081025500,"FLUSHING, NY",0.0079,Low,0.5495,0.0,0.5495,0.4505,Industrial,0.387,High,2026-03-09T22:25:09.583840+00:00
36081025700,"FLUSHING, NY",0.0083,Low,0.3429,0.0,0.3429,0.6571,Residential,0.2425,High,2026-03-09T22:20:16.369203+00:00
36081025800,"JAMAICA, NY",0.0076,Low,0.0086,0.0086,0.0,0.9874,Residential,0.0083,High,2026-03-09T22:30:15.331740+00:00
36081025900,"FLUSHING, NY",0.0106,Low,0.2008,0.0297,0.171,0.7992,Residential,0.1437,High,2026-03-09T21:56:49.560197+00:00
36081026000,"JAMAICA, NY",0.0109,Low,0.0,0.0,0.0,1.0,Residential,0.0033,High,2026-03-09T21:54:44.890050+00:00
36081026100,"FLUSHING, NY",0.0166,Low,0.094,0.094,0.0,0.8961,Residential,0.0708,High,2026-03-09T21:13:26.329420+00:00
36081026200,"JAMAICA, NY",0.0086,Low,0.0115,0.0115,0.0,0.9885,Residential,0.0106,High,2026-03-09T22:17:08.580289+00:00
36081026501,"FLUSHING, NY",0.0137,Low,0.0696,0.0696,0.0,0.9304,Residential,0.0528,High,2026-03-09T21:34:48.908179+00:00
36081026600,"JAMAICA, NY",0.009,Low,0.0229,0.0229,0.0,0.9771,Residential,0.0188,High,2026-03-09T22:13:07.390069+00:00
36081026700,"FLUSHING, NY",0.0156,Low,0.0755,0.0755,0.0,0.8807,Residential,0.0575,High,2026-03-09T21:19:48.604657+00:00
36081026901,"FLUSHING, NY",0.0214,Low,0.1225,0.1225,0.0,0.8775,Residential,0.0922,High,2026-03-09T20:43:20.841789+00:00
36081026902,"FLUSHING, NY",0.0205,Low,0.0,0.0,0.0,1.0,Residential,0.0062,High,2026-03-09T20:46:35.458896+00:00
36081027000,"JAMAICA, NY",0.0112,Low,0.0046,0.0046,0.0,0.9954,Residential,0.0066,High,2026-03-09T21:52:45.938167+00:00
36081027101,"FLUSHING, NY",0.0283,Low,0.0,0.0,0.0,1.0,Residential,0.0085,High,2026-03-09T20:17:20.493669+00:00
36081027102,"FLUSHING, NY",0.0244,Low,0.0257,0.0257,0.0,0.9743,Residential,0.0253,High,2026-03-09T20:30:55.035059+00:00
36081027200,"JAMAICA, NY",0.0086,Low,0.0,0.0,0.0,1.0,Residential,0.0026,High,2026-03-09T22:17:35.958207+00:00
36081027301,"FLUSHING, NY",0.014,Low,0.1375,0.1375,0.0,0.8625,Residential,0.1005,High,2026-03-09T21:32:40.270399+00:00
36081027302,"FLUSHING, NY",0.0185,Low,0.0249,0.0249,0.0,0.9751,Residential,0.0229,High,2026-03-09T20:57:38.963813+00:00
36081027400,"JAMAICA, NY",0.0083,Low,0.0,0.0,0.0,1.0,Residential,0.0025,High,2026-03-09T22:20:33.471849+00:00
36081027500,"FLUSHING, NY",0.0177,Low,0.075,0.075,0.0,0.7641,Residential,0.0578,High,2026-03-09T21:05:42.620728+00:00
36081027600,"JAMAICA, NY",0.0077,Low,0.1765,0.1765,0.0,0.8235,Residential,0.1259,High,2026-03-09T22:28:16.675696+00:00
36081027701,"FLUSHING, NY",0.0204,Low,0.066,0.066,0.0,0.934,Residential,0.0523,High,2026-03-09T20:47:00.568812+00:00
36081027702,"FLUSHING, NY",0.0173,Low,0.0,0.0,0.0,1.0,Residential,0.0052,High,2026-03-09T21:07:14.081818+00:00
36081027800,"JAMAICA, NY",0.0093,Low,0.0117,0.0117,0.0,0.9883,Residential,0.0109,High,2026-03-09T22:10:21.658126+00:00
36081027900,"FLUSHING, NY",0.0196,Low,0.0121,0.0121,0.0,0.9879,Residential,0.0143,High,2026-03-09T20:51:42.539916+00:00
36081028000,"JAMAICA, NY",0.0075,Low,0.0,0.0,0.0,1.0,Residential,0.0022,High,2026-03-09T22:31:42.692154+00:00
36081028100,"FLUSHING, NY",0.0161,Low,0.0271,0.0271,0.0,0.9729,Residential,0.0238,High,2026-03-09T21:16:12.715097+00:00
36081028200,"JAMAICA, NY",0.0082,Low,0.0603,0.0603,0.0,0.9397,Residential,0.0447,High,2026-03-09T22:22:07.038045+00:00
36081028300,"FLUSHING, NY",0.0216,Low,0.1799,0.1799,0.0,0.8201,Residential,0.1324,High,2026-03-09T20:42:33.523166+00:00
36081028500,"FLUSHING, NY",0.0147,Low,0.0103,0.0103,0.0,0.9897,Residential,0.0116,High,2026-03-09T21:26:55.739643+00:00
36081028700,"FLUSHING, NY",0.0168,Low,0.0204,0.0204,0.0,0.9204,Residential,0.0193,High,2026-03-09T21:11:17.115434+00:00
36081028801,"JAMAICA, NY",0.0088,Low,0.0011,0.0011,0.0,0.9989,Residential,0.0034,High,2026-03-09T22:16:07.785969+00:00
36081028900,"FLUSHING, NY",0.0152,Low,0.1721,0.1721,0.0,0.823,Residential,0.125,High,2026-03-09T21:23:22.626611+00:00
36081029500,"FLUSHING, NY",0.0114,Low,0.0833,0.0744,0.0089,0.9104,Residential,0.0618,High,2026-03-09T21:50:56.112090+00:00
36081030903,"FLUSHING, NY",0.012,Low,0.0382,0.0382,0.0,0.9618,Residential,0.0303,High,2026-03-09T21:50:00.501643+00:00
36081030905,"FLUSHING, NY",0.011,Low,0.0,0.0,0.0,1.0,Residential,0.0033,High,2026-03-09T21:54:52.095274+00:00
36081032700,"FLUSHING, NY",0.0128,Low,0.0,0.0,0.0,1.0,Residential,0.0038,High,2026-03-09T21:42:35.885193+00:00
36081032900,"FLUSHING, NY",0.0173,Low,0.3158,0.1062,0.2096,0.6204,Residential,0.2262,High,2026-03-09T21:09:14.093727+00:00
36081033403,"JAMAICA, NY",0.0106,Low,0.8803,0.8803,0.0,0.0508,Commercial,0.6194,High,2026-03-09T21:56:15.294734+00:00
36081033404,"JAMAICA, NY",0.012,Low,0.901,0.901,0.0,0.0276,Commercial,0.6343,High,2026-03-09T21:46:56.894239+00:00
36081033405,"JAMAICA, NY",0.0085,Low,0.7717,0.7717,0.0,0.2283,Commercial,0.5427,High,2026-03-09T22:18:07.043433+00:00
36081033700,"FLUSHING, NY",0.0158,Low,0.0,0.0,0.0,1.0,Residential,0.0047,High,2026-03-09T21:19:28.984106+00:00
36081033900,"FLUSHING, NY",0.0152,Low,0.0,0.0,0.0,1.0,Residential,0.0045,High,2026-03-09T21:23:35.505414+00:00
36081035100,"FLUSHING, NY",0.0178,Low,0.0401,0.0401,0.0,0.9599,Residential,0.0334,High,2026-03-09T21:03:47.257901+00:00
36081035300,"FLUSHING, NY",0.0138,Low,0.0192,0.0192,0.0,0.9769,Residential,0.0176,High,2026-03-09T21:34:31.538880+00:00
36081036100,"FLUSHING, NY",0.0138,Low,0.0532,0.0532,0.0,0.9456,Residential,0.0414,High,2026-03-09T21:34:32.344623+00:00
36081036300,"FLUSHING, NY",0.0128,Low,0.0522,0.0522,0.0,0.9478,Residential,0.0404,High,2026-03-09T21:41:52.581075+00:00
36081036500,"FLUSHING, NY",0.0153,Low,0.0185,0.0185,0.0,0.9815,Residential,0.0175,High,2026-03-09T21:22:12.408306+00:00
36081036700,"FLUSHING, NY",0.0124,Low,0.003,0.003,0.0,0.997,Residential,0.0058,High,2026-03-09T21:45:11.775669+00:00
36081036800,"JAMAICA, NY",0.0084,Low,0.0,0.0,0.0,1.0,Residential,0.0025,High,2026-03-09T22:20:26.588798+00:00
36081037100,"FLUSHING, NY",0.0103,Low,0.0,0.0,0.0,1.0,Residential,0.0031,High,2026-03-09T21:59:12.952792+00:00
36081037501,"FLUSHING, NY",0.0104,Low,0.2567,0.0177,0.2391,0.7433,Residential,0.1829,High,2026-03-09T21:57:43.303433+00:00
36081037502,"FLUSHING, NY",0.0123,Low,0.134,0.134,0.0,0.3335,Other,0.0975,High,2026-03-09T21:45:08.696773+00:00
36081037700,"FLUSHING, NY",0.0133,Low,0.0469,0.0469,0.0,0.1816,Other,0.0368,High,2026-03-09T21:39:00.353746+00:00
36081037900,"FLUSHING, NY",0.0169,Low,0.0573,0.0573,0.0,0.9427,Residential,0.0452,High,2026-03-09T21:11:35.160868+00:00
36081038400,"JAMAICA, NY",0.0074,Low,0.0059,0.0059,0.0,0.9941,Residential,0.0064,High,2026-03-09T22:32:40.090224+00:00
36081039800,"JAMAICA, NY",0.0068,Low,0.0,0.0,0.0,1.0,Residential,0.002,High,2026-03-09T22:41:46.463163+00:00
36081039901,"FLUSHING, NY",0.011,Low,0.0068,0.0068,0.0,0.9932,Residential,0.0081,High,2026-03-09T21:53:40.173155+00:00
36081039902,"FLUSHING, NY",0.0102,Low,0.0254,0.0254,0.0,0.8522,Residential,0.0209,High,2026-03-09T21:59:39.287250+00:00
36081040000,"JAMAICA, NY",0.0067,Low,0.0078,0.0078,0.0,0.9881,Residential,0.0075,High,2026-03-09T22:42:35.829649+00:00
36081040101,"FLUSHING, NY",0.0146,Low,0.0232,0.0232,0.0,0.9768,Residential,0.0206,High,2026-03-09T21:28:07.782263+00:00
36081040102,"FLUSHING, NY",0.0185,Low,0.0786,0.0786,0.0,0.5429,Residential,0.0606,High,2026-03-09T20:58:26.190978+00:00
36081040200,"JAMAICA, NY",0.0066,Low,0.056,0.0072,0.0488,0.944,Residential,0.0412,High,2026-03-09T22:44:38.666539+00:00
36081040301,"FLUSHING, NY",0.0144,Low,0.022,0.022,0.0,0.978,Residential,0.0197,High,2026-03-09T21:29:15.603848+00:00
36081040302,"FLUSHING, NY",0.017,Low,0.0523,0.0523,0.0,0.3528,Other,0.0417,High,2026-03-09T21:09:55.107802+00:00
36081040501,"FLUSHING, NY",0.0077,Low,0.1869,0.1268,0.0601,0.5322,Residential,0.1331,High,2026-03-09T22:27:14.565444+00:00
36081040502,"FLUSHING, NY",0.0141,Low,0.1774,0.1774,0.0,0.8226,Residential,0.1284,High,2026-03-09T21:31:48.172787+00:00
36081040701,"FLUSHING, NY",0.0231,Low,0.0693,0.035,0.0343,0.9307,Residential,0.0555,High,2026-03-09T20:36:41.597213+00:00
36081040702,"FLUSHING, NY",0.0164,Low,0.0597,0.0597,0.0,0.797,Residential,0.0467,High,2026-03-09T21:14:55.795138+00:00
36081040901,"FLUSHING, NY",0.0119,Low,0.0468,0.0123,0.0345,0.9532,Residential,0.0363,High,2026-03-09T21:48:00.089182+00:00
36081040902,"FLUSHING, NY",0.0181,Low,0.087,0.087,0.0,0.1676,Other,0.0663,High,2026-03-09T21:00:36.435359+00:00
36081041100,"FLUSHING, NY",0.0145,Low,0.0166,0.0,0.0166,0.9834,Residential,0.016,High,2026-03-09T21:29:19.280797+00:00
36081041300,"FLUSHING, NY",0.0149,Low,0.0559,0.0141,0.0418,0.9282,Residential,0.0436,High,2026-03-09T21:25:59.785562+00:00
36081041500,"FLUSHING, NY",0.0135,Low,0.0062,0.0062,0.0,0.9627,Residential,0.0084,High,2026-03-09T21:37:23.119373+00:00
36081042700,"FLUSHING, NY",0.0137,Low,0.0297,0.0297,0.0,0.9703,Residential,0.0249,High,2026-03-09T21:35:57.199426+00:00
36081043400,"JAMAICA, NY",0.0073,Low,0.0171,0.0171,0.0,0.9829,Residential,0.0141,High,2026-03-09T22:34:37.571388+00:00
36081043701,"FLUSHING, NY",0.0135,Low,0.0884,0.0884,0.0,0.7741,Residential,0.0659,High,2026-03-09T21:36:59.327994+00:00
36081043702,"FLUSHING, NY",0.0243,Low,0.022,0.022,0.0,0.978,Residential,0.0226,High,2026-03-09T20:32:21.894889+00:00
36081044301,"FLUSHING, NY",0.0128,Low,0.0,0.0,0.0,1.0,Residential,0.0038,High,2026-03-09T21:42:03.108403+00:00
36081044302,"FLUSHING, NY",0.0125,Low,0.3566,0.0155,0.341,0.6434,Residential,0.2533,High,2026-03-09T21:44:25.451530+00:00
36081044601,"JAMAICA, NY",0.0108,Low,0.0,0.0,0.0,0.0,Other,0.0032,High,2026-03-09T21:54:56.034079+00:00
36081044602,"JAMAICA, NY",0.0144,Low,0.0,0.0,0.0,0.8926,Residential,0.0043,High,2026-03-09T21:29:31.485532+00:00
36081045000,"JAMAICA, NY",0.0081,Low,0.0,0.0,0.0,1.0,Residential,0.0024,High,2026-03-09T22:22:53.914498+00:00
36081045500,"FLUSHING, NY",0.0905,Low,0.209,0.209,0.0,0.791,Residential,0.1735,High,2026-03-10T07:10:10.985980+00:00
36081045700,"FLUSHING, NY",0.0126,Low,0.0,0.0,0.0,1.0,Residential,0.0038,High,2026-03-09T21:43:46.137259+00:00
36081045900,"FLUSHING, NY",0.0147,Low,0.0,0.0,0.0,1.0,Residential,0.0044,High,2026-03-09T21:27:53.166352+00:00
36081046000,"JAMAICA, NY",0.0129,Low,0.0124,0.0124,0.0,0.4553,Other,0.0125,High,2026-03-09T21:41:29.385702+00:00
36081046100,"FLUSHING, NY",0.0114,Low,0.0401,0.0401,0.0,0.918,Residential,0.0315,High,2026-03-09T21:51:17.903188+00:00
36081046300,"FLUSHING, NY",0.0138,Low,0.0032,0.0032,0.0,0.9968,Residential,0.0064,High,2026-03-09T21:34:36.786526+00:00
36081046500,"FLUSHING, NY",0.0194,Low,0.0523,0.0523,0.0,0.9477,Residential,0.0425,High,2026-03-09T20:52:32.075591+00:00
36081046700,"FLUSHING, NY",0.0227,Low,0.0177,0.0177,0.0,0.9559,Residential,0.0192,High,2026-03-09T20:38:24.345243+00:00
36081046800,"JAMAICA, NY",0.0103,Low,0.0,0.0,0.0,0.9677,Residential,0.0031,High,2026-03-09T22:00:49.974718+00:00
36081046901,"FLUSHING, NY",0.0319,Low,0.0031,0.0031,0.0,0.9969,Residential,0.0117,High,2026-03-09T20:08:32.248687+00:00
36081046902,"FLUSHING, NY",0.0228,Low,0.1318,0.1318,0.0,0.8682,Residential,0.0991,High,2026-03-09T20:37:25.342315+00:00
36081047000,"JAMAICA, NY",0.0101,Low,0.0123,0.0123,0.0,0.9865,Residential,0.0116,High,2026-03-09T22:02:46.181312+00:00
36081047100,"FLUSHING, NY",0.0137,Low,0.0106,0.0106,0.0,0.9894,Residential,0.0115,High,2026-03-09T21:35:35.497420+00:00
36081047300,"FLUSHING, NY",0.0119,Low,0.3283,0.3283,0.0,0.6717,Residential,0.2333,High,2026-03-09T21:48:09.415634+00:00
36081047802,"JAMAICA, NY",0.0072,Low,0.0,0.0,0.0,1.0,Residential,0.0022,High,2026-03-09T22:34:43.905494+00:00
36081048000,"JAMAICA, NY",0.0088,Low,0.0305,0.0305,0.0,0.9335,Residential,0.024,High,2026-03-09T22:15:58.375968+00:00
36081048100,"FLUSHING, NY",0.0251,Low,0.008,0.008,0.0,0.9082,Residential,0.0131,High,2026-03-09T20:28:22.195492+00:00
36081048200,"JAMAICA, NY",0.0068,Low,0.0416,0.0416,0.0,0.945,Residential,0.0312,High,2026-03-09T22:40:21.225805+00:00
36081048301,"FLUSHING, NY",0.0106,Low,0.0107,0.0107,0.0,0.9893,Residential,0.0107,High,2026-03-09T21:56:25.288756+00:00
36081048302,"FLUSHING, NY",0.0095,Low,0.0,0.0,0.0,0.9814,Residential,0.0029,High,2026-03-09T22:06:57.881237+00:00
36081048400,"JAMAICA, NY",0.0088,Low,0.0,0.0,0.0,0.9993,Residential,0.0026,High,2026-03-09T22:17:09.856409+00:00
36081049202,"JAMAICA, NY",0.0082,Low,0.0,0.0,0.0,1.0,Residential,0.0025,High,2026-03-09T22:21:40.833662+00:00
36081049600,"JAMAICA, NY",0.008,Low,0.0,0.0,0.0,1.0,Residential,0.0024,High,2026-03-09T22:24:15.989245+00:00
36081050201,"JAMAICA, NY",0.0073,Low,0.0,0.0,0.0,1.0,Residential,0.0022,High,2026-03-09T22:33:57.340446+00:00
36081050202,"JAMAICA, NY",0.007,Low,0.0,0.0,0.0,1.0,Residential,0.0021,High,2026-03-09T22:38:26.592372+00:00
36081050500,"FLUSHING, NY",0.009,Low,0.0,0.0,0.0,1.0,Residential,0.0027,High,2026-03-09T22:12:57.616408+00:00
36081050600,"JAMAICA, NY",0.0065,Low,0.0037,0.0037,0.0,0.9963,Residential,0.0045,High,2026-03-09T22:45:46.646607+00:00
36081050800,"JAMAICA, NY",0.0072,Low,0.017,0.017,0.0,0.983,Residential,0.0141,High,2026-03-09T22:35:07.372888+00:00
36081051000,"JAMAICA, NY",0.0078,Low,0.0265,0.0265,0.0,0.9735,Residential,0.0209,High,2026-03-09T22:25:59.795963+00:00
36081051600,"JAMAICA, NY",0.0077,Low,0.0,0.0,0.0,1.0,Residential,0.0023,High,2026-03-09T22:27:32.214856+00:00
36081051800,"JAMAICA, NY",0.008,Low,0.0,0.0,0.0,1.0,Residential,0.0024,High,2026-03-09T22:23:28.808152+00:00
36081052000,"JAMAICA, NY",0.0067,Low,0.0,0.0,0.0,1.0,Residential,0.002,High,2026-03-09T22:43:38.399549+00:00
36081052100,"FLUSHING, NY",0.0085,Low,0.0342,0.0035,0.0307,0.95,Residential,0.0265,High,2026-03-09T22:18:40.606533+00:00
36081052200,"JAMAICA, NY",0.0072,Low,0.0,0.0,0.0,0.9249,Residential,0.0022,High,2026-03-09T22:34:31.769002+00:00
36081052400,"JAMAICA, NY",0.0073,Low,0.0109,0.0109,0.0,0.9891,Residential,0.0098,High,2026-03-09T22:33:33.066450+00:00
36081052500,"FLUSHING, NY",0.0091,Low,0.2994,0.0112,0.2882,0.7006,Residential,0.2123,High,2026-03-09T22:12:51.116184+00:00
36081052600,"JAMAICA, NY",0.0076,Low,0.0036,0.0036,0.0,0.9964,Residential,0.0048,High,2026-03-09T22:30:07.487292+00:00
36081052800,"JAMAICA, NY",0.0067,Low,0.0113,0.0113,0.0,0.9887,Residential,0.0099,High,2026-03-09T22:43:15.809273+00:00
36081053000,"JAMAICA, NY",0.0077,Low,0.0122,0.0122,0.0,0.9878,Residential,0.0108,High,2026-03-09T22:28:38.262044+00:00
36081053601,"JAMAICA, NY",0.0075,Low,0.0,0.0,0.0,1.0,Residential,0.0023,High,2026-03-09T22:30:34.211143+00:00
36081053800,"JAMAICA, NY",0.0068,Low,0.0,0.0,0.0,1.0,Residential,0.0021,High,2026-03-09T22:40:26.812972+00:00
36081053901,"FLUSHING, NY",0.0388,Low,0.4575,0.0061,0.4514,0.5314,Residential,0.3319,High,2026-03-09T19:54:11.085668+00:00
36081053902,"FLUSHING, NY",0.007,Low,0.0146,0.0146,0.0,0.8474,Residential,0.0123,High,2026-03-09T22:36:42.955866+00:00
36081054500,"FLUSHING, NY",0.0165,Low,0.0933,0.0933,0.0,0.9067,Residential,0.0702,High,2026-03-09T21:14:24.218516+00:00
36081054700,"FLUSHING, NY",0.0193,Low,0.0779,0.0779,0.0,0.9221,Residential,0.0603,High,2026-03-09T20:53:24.148932+00:00
36081054800,"JAMAICA, NY",0.0076,Low,0.0,0.0,0.0,1.0,Residential,0.0023,High,2026-03-09T22:30:11.916473+00:00
36081054900,"FLUSHING, NY",0.0192,Low,0.2758,0.2758,0.0,0.7242,Residential,0.1988,High,2026-03-09T20:53:46.947211+00:00
36081055100,"FLUSHING, NY",0.015,Low,0.2748,0.2748,0.0,0.7246,Residential,0.1969,High,2026-03-09T21:25:01.822077+00:00
36081055300,"FLUSHING, NY",0.0122,Low,0.603,0.392,0.211,0.397,Residential,0.4258,High,2026-03-09T21:45:47.636086+00:00
36081055400,"JAMAICA, NY",0.0078,Low,0.0,0.0,0.0,1.0,Residential,0.0023,High,2026-03-09T22:26:50.299952+00:00
36081055500,"FLUSHING, NY",0.0104,Low,0.5604,0.0101,0.5503,0.396,Industrial,0.3954,High,2026-03-09T21:58:11.049300+00:00
36081055600,"JAMAICA, NY",0.0075,Low,0.0,0.0,0.0,1.0,Residential,0.0023,High,2026-03-09T22:31:10.955890+00:00
36081055700,"FLUSHING, NY",0.0122,Low,0.3878,0.0716,0.3162,0.5444,Residential,0.2751,High,2026-03-09T21:46:53.420663+00:00
36081055800,"JAMAICA, NY",0.0071,Low,0.0,0.0,0.0,1.0,Residential,0.0021,High,2026-03-09T22:36:35.186175+00:00
36081055900,"FLUSHING, NY",0.0083,Low,0.1562,0.0,0.1562,0.8438,Residential,0.1118,High,2026-03-09T22:19:43.783384+00:00
36081056200,"JAMAICA, NY",0.0071,Low,0.0,0.0,0.0,1.0,Residential,0.0021,High,2026-03-09T22:36:24.372618+00:00
36081056400,"JAMAICA, NY",0.0069,Low,0.0,0.0,0.0,1.0,Residential,0.0021,High,2026-03-09T22:39:39.085090+00:00
36081056500,"GLENDALE, NY",0.0093,Low,0.0,0.0,0.0,1.0,Residential,0.0028,High,2026-03-09T22:09:40.897376+00:00
36081056600,"JAMAICA, NY",0.0066,Low,0.132,0.132,0.0,0.868,Residential,0.0944,High,2026-03-09T22:44:57.922736+00:00
36081057700,"GLENDALE, NY",0.0121,Low,0.036,0.036,0.0,0.964,Residential,0.0288,High,2026-03-09T21:47:26.884929+00:00
36081057900,"GLENDALE, NY",0.0092,Low,0.059,0.0,0.059,0.941,Residential,0.0441,High,2026-03-09T22:11:26.039443+00:00
36081058100,"FLUSHING, NY",0.0124,Low,0.1987,0.0944,0.1043,0.8013,Residential,0.1428,High,2026-03-09T21:44:55.729551+00:00
36081058300,"FLUSHING, NY",0.0136,Low,0.0912,0.0912,0.0,0.9088,Residential,0.0679,High,2026-03-09T21:36:57.312737+00:00
36081058500,"FLUSHING, NY",0.0149,Low,0.0661,0.0661,0.0,0.9339,Residential,0.0508,High,2026-03-09T21:26:16.691269+00:00
36081058700,"FLUSHING, NY",0.013,Low,0.0314,0.0314,0.0,0.9458,Residential,0.0259,High,2026-03-09T21:40:59.030175+00:00
36081058900,"FLUSHING, NY",0.016,Low,0.0673,0.0673,0.0,0.9327,Residential,0.0519,High,2026-03-09T21:17:59.576633+00:00
36081059000,"JAMAICA, NY",0.007,Low,0.0,0.0,0.0,1.0,Residential,0.0021,High,2026-03-09T22:37:15.854789+00:00
36081059100,"FLUSHING, NY",0.0158,Low,0.01,0.01,0.0,0.99,Residential,0.0117,High,2026-03-09T21:20:08.912026+00:00
36081059300,"FLUSHING, NY",0.012,Low,0.0285,0.0285,0.0,0.9715,Residential,0.0236,High,2026-03-09T21:48:56.222332+00:00
36081059400,"JAMAICA, NY",0.0067,Low,0.0,0.0,0.0,1.0,Residential,0.002,High,2026-03-09T22:42:27.014105+00:00
36081059501,"FLUSHING, NY",0.0094,Low,0.0387,0.0387,0.0,0.9613,Residential,0.0299,High,2026-03-09T22:09:03.453126+00:00
36081059600,"JAMAICA, NY",0.0066,Low,0.0,0.0,0.0,1.0,Residential,0.002,High,2026-03-09T22:44:07.945818+00:00
36081059800,"CAMBRIA HEIGHTS, NY",0.0069,Low,0.0155,0.0155,0.0,0.9845,Residential,0.0129,High,2026-03-09T22:40:21.840084+00:00
36081059900,"FLUSHING, NY",0.0077,Low,0.0,0.0,0.0,1.0,Residential,0.0023,High,2026-03-09T22:27:14.971294+00:00
36081060000,"JAMAICA, NY",0.0063,Low,0.0,0.0,0.0,1.0,Residential,0.0019,High,2026-03-09T22:48:42.623775+00:00
36081060100,"FLUSHING, NY",0.0126,Low,0.0034,0.0034,0.0,0.9966,Residential,0.0062,High,2026-03-09T21:43:34.283589+00:00
36081060300,"FLUSHING, NY",0.0112,Low,0.1664,0.0,0.1664,0.8336,Residential,0.1199,High,2026-03-09T21:52:44.641838+00:00
36081060600,"JAMAICA, NY",0.0062,Low,0.0,0.0,0.0,1.0,Residential,0.0019,High,2026-03-09T22:50:06.675440+00:00
36081060800,"JAMAICA, NY",0.0065,Low,0.0,0.0,0.0,1.0,Residential,0.002,High,2026-03-09T22:45:26.816223+00:00
36081061000,"JAMAICA, NY",0.0064,Low,0.0,0.0,0.0,0.8797,Residential,0.0019,High,2026-03-09T22:47:17.841289+00:00
36081061200,"JAMAICA, NY",0.0068,Low,0.0,0.0,0.0,1.0,Residential,0.002,High,2026-03-09T22:41:57.747907+00:00
36081061302,"FLUSHING, NY",0.0056,Low,0.0896,0.0,0.0896,0.9104,Residential,0.0644,High,2026-03-09T22:59:40.231821+00:00
36081061800,"LAURELTON, NY",0.0071,Low,0.0,0.0,0.0,1.0,Residential,0.0021,High,2026-03-09T22:36:27.395723+00:00
36081061900,"FLUSHING, NY",0.012,Low,0.0961,0.0099,0.0862,0.9039,Residential,0.0709,High,2026-03-09T21:49:01.243954+00:00
36081062000,"LAURELTON, NY",0.007,Low,0.0,0.0,0.0,1.0,Residential,0.0021,High,2026-03-09T22:38:58.506005+00:00
36081062100,"FLUSHING, NY",0.0111,Low,0.2464,0.0,0.2464,0.7442,Residential,0.1758,High,2026-03-09T21:54:27.192923+00:00
36081062300,"FLUSHING, NY",0.01,Low,0.2103,0.0,0.2103,0.7897,Residential,0.1502,High,2026-03-09T22:02:33.222162+00:00
36081062400,"JAMAICA, NY",0.0058,Low,0.0,0.0,0.0,1.0,Residential,0.0017,High,2026-03-09T22:56:56.997002+00:00
36081062500,"FLUSHING, NY",0.01,Low,0.0785,0.0013,0.0772,0.9148,Residential,0.0579,High,2026-03-09T22:03:02.267564+00:00
36081062700,"GLENDALE, NY",0.0112,Low,0.0026,0.0026,0.0,0.9974,Residential,0.0052,High,2026-03-09T21:53:04.949758+00:00
36081063000,"LAURELTON, NY",0.0068,Low,0.0,0.0,0.0,1.0,Residential,0.0021,High,2026-03-09T22:40:45.345432+00:00
36081063200,"LAURELTON, NY",0.0077,Low,0.0,0.0,0.0,1.0,Residential,0.0023,High,2026-03-09T22:28:10.181217+00:00
36081063301,"FLUSHING, NY",0.0085,Low,0.0794,0.0026,0.0768,0.9206,Residential,0.0581,High,2026-03-09T22:18:23.245802+00:00
36081063302,"FLUSHING, NY",0.0095,Low,0.1745,0.0157,0.1588,0.8255,Residential,0.125,High,2026-03-09T22:08:09.563278+00:00
36081063500,"GLENDALE, NY",0.0104,Low,0.0065,0.0065,0.0,0.9935,Residential,0.0077,High,2026-03-09T21:59:21.091537+00:00
36081063700,"FLUSHING, NY",0.0128,Low,0.269,0.0015,0.2675,0.731,Residential,0.1922,High,2026-03-09T21:44:03.690650+00:00
36081064101,"FLUSHING, NY",0.0123,Low,0.0,0.0,0.0,1.0,Residential,0.0037,High,2026-03-09T21:44:45.584419+00:00
36081065702,"FLUSHING, NY",0.0073,Low,0.0007,0.0007,0.0,0.9986,Residential,0.0027,High,2026-03-09T22:33:04.939438+00:00
36081065703,"FLUSHING, NY",0.0079,Low,0.0616,0.0616,0.0,0.9384,Residential,0.0455,High,2026-03-09T22:25:12.617488+00:00
36081066000,"JAMAICA, NY",0.0072,Low,0.0,0.0,0.0,1.0,Residential,0.0022,High,2026-03-09T22:35:41.859301+00:00
36081066100,"FLUSHING, NY",0.0075,Low,0.0,0.0,0.0,1.0,Residential,0.0023,High,2026-03-09T22:30:33.870750+00:00
36081066701,"FLUSHING, NY",0.0096,Low,0.0,0.0,0.0,1.0,Residential,0.0029,High,2026-03-09T22:08:08.268761+00:00
36081066900,"FLUSHING, NY",0.0081,Low,0.0,0.0,0.0,1.0,Residential,0.0024,High,2026-03-09T22:22:29.516955+00:00
36081067100,"FLUSHING, NY",0.008,Low,0.0,0.0,0.0,1.0,Residential,0.0024,High,2026-03-09T22:25:23.097625+00:00
36081067700,"FLUSHING, NY",0.0072,Low,0.0103,0.0103,0.0,0.9897,Residential,0.0094,High,2026-03-09T22:35:26.986672+00:00
36081067900,"FLUSHING, NY",0.0121,Low,0.006,0.006,0.0,0.994,Residential,0.0079,High,2026-03-09T21:47:01.310462+00:00
36081068200,"JAMAICA, NY",0.0062,Low,0.0,0.0,0.0,1.0,Residential,0.0019,High,2026-03-09T22:49:56.784411+00:00
36081068300,"FLUSHING, NY",0.0108,Low,0.412,0.412,0.0,0.5668,Residential,0.2916,High,2026-03-09T21:54:43.504106+00:00
36081069300,"FLUSHING, NY",0.0113,Low,0.2225,0.2225,0.0,0.7775,Residential,0.1591,High,2026-03-09T21:51:43.656348+00:00
36081069500,"FLUSHING, NY",0.0089,Low,0.0214,0.0214,0.0,0.9786,Residential,0.0176,High,2026-03-09T22:14:26.998255+00:00
36081069701,"FLUSHING, NY",0.0149,Low,0.0,0.0,0.0,1.0,Residential,0.0045,High,2026-03-09T21:25:04.445467+00:00
36081070700,"FLUSHING, NY",0.01,Low,0.0,0.0,0.0,0.999,Residential,0.003,High,2026-03-09T22:03:48.383016+00:00
36081070900,"FLUSHING, NY",0.0105,Low,0.0,0.0,0.0,1.0,Residential,0.0032,High,2026-03-09T21:58:45.417182+00:00
36081071303,"FLUSHING, NY",0.023,Low,0.0,0.0,0.0,1.0,Residential,0.0069,High,2026-03-09T20:36:27.274414+00:00
36081071304,"FLUSHING, NY",0.0233,Low,0.0,0.0,0.0,0.9809,Residential,0.007,High,2026-03-09T20:35:30.757063+00:00
36081071305,"FLUSHING, NY",0.018,Low,0.0,0.0,0.0,1.0,Residential,0.0054,High,2026-03-09T21:00:57.803590+00:00
36081071306,"FLUSHING, NY",0.0252,Low,0.0,0.0,0.0,1.0,Residential,0.0076,High,2026-03-09T20:27:43.665855+00:00
36081071701,"FLUSHING, NY",0.0142,Low,0.2966,0.2966,0.0,0.7034,Residential,0.2119,High,2026-03-09T21:30:21.401364+00:00
36081071900,"FLUSHING, NY",0.0127,Low,0.0,0.0,0.0,0.9325,Residential,0.0038,High,2026-03-09T21:42:22.462943+00:00
36081072100,"FLUSHING, NY",0.0172,Low,0.0,0.0,0.0,1.0,Residential,0.0052,High,2026-03-09T21:08:47.052569+00:00
36081072900,"FLUSHING, NY",0.0081,Low,0.0,0.0,0.0,1.0,Residential,0.0024,High,2026-03-09T22:22:57.713281+00:00
36081073100,"FLUSHING, NY",0.0083,Low,0.0,0.0,0.0,1.0,Residential,0.0025,High,2026-03-09T22:20:51.635674+00:00
36081073900,"FLUSHING, NY",0.0141,Low,0.0,0.0,0.0,1.0,Residential,0.0042,High,2026-03-09T21:31:26.172478+00:00
36081074100,"FLUSHING, NY",0.0111,Low,0.0,0.0,0.0,1.0,Residential,0.0033,High,2026-03-09T21:52:37.107041+00:00
36081074300,"FLUSHING, NY",0.013,Low,0.014,0.014,0.0,0.986,Residential,0.0137,High,2026-03-09T21:41:04.474708+00:00
36081074500,"FLUSHING, NY",0.0124,Low,0.0,0.0,0.0,1.0,Residential,0.0037,High,2026-03-09T21:44:37.319838+00:00
36081075702,"FLUSHING, NY",0.0125,Low,0.0,0.0,0.0,1.0,Residential,0.0038,High,2026-03-09T21:43:47.053750+00:00
36081076902,"FLUSHING, NY",0.008,Low,0.1054,0.1054,0.0,0.8946,Residential,0.0762,High,2026-03-09T22:22:52.713408+00:00
36081077907,"FLUSHING, NY",0.0097,Low,0.0,0.0,0.0,1.0,Residential,0.0029,High,2026-03-09T22:05:28.356774+00:00
36081077908,"FLUSHING, NY",0.01,Low,0.0,0.0,0.0,1.0,Residential,0.003,High,2026-03-09T22:01:46.310724+00:00
36081078800,"JAMAICA, NY",0.0077,Low,0.0,0.0,0.0,1.0,Residential,0.0023,High,2026-03-09T22:28:08.761223+00:00
36081079701,"FLUSHING, NY",0.0279,Low,0.0,0.0,0.0,0.9803,Residential,0.0084,High,2026-03-09T20:18:29.875043+00:00
36081081800,"JAMAICA, NY",0.0082,Low,0.0,0.0,0.0,0.9282,Residential,0.0025,High,2026-03-09T22:22:28.830408+00:00
36081084500,"FLUSHING, NY",0.0121,Low,0.0,0.0,0.0,1.0,Residential,0.0036,High,2026-03-09T21:46:38.529402+00:00
36081084901,"FLUSHING, NY",0.0103,Low,0.069,0.0081,0.0609,0.931,Residential,0.0514,High,2026-03-09T21:59:27.118792+00:00
36081084902,"FLUSHING, NY",0.017,Low,0.187,0.187,0.0,0.813,Residential,0.136,High,2026-03-09T21:09:53.843091+00:00
36081085300,"FLUSHING, NY",0.0176,Low,0.4794,0.4794,0.0,0.4932,Residential,0.3409,High,2026-03-09T21:05:18.812466+00:00
36081085500,"FLUSHING, NY",0.0305,Low,0.0,0.0,0.0,0.983,Residential,0.0092,High,2026-03-09T20:11:33.712014+00:00
36081085700,"FLUSHING, NY",0.0162,Low,0.0163,0.0163,0.0,0.9837,Residential,0.0163,High,2026-03-09T21:15:28.946440+00:00
36081085900,"FLUSHING, NY",0.0161,Low,0.0,0.0,0.0,1.0,Residential,0.0048,High,2026-03-09T21:16:20.569142+00:00
36081086100,"FLUSHING, NY",0.0088,Low,0.0,0.0,0.0,0.9957,Residential,0.0026,High,2026-03-09T22:14:58.984787+00:00
36081086300,"FLUSHING, NY",0.025,Low,0.0,0.0,0.0,1.0,Residential,0.0075,High,2026-03-09T20:28:30.299470+00:00
36081086500,"FLUSHING, NY",0.015,Low,0.1472,0.1472,0.0,0.6919,Residential,0.1076,High,2026-03-09T21:23:36.772526+00:00
36081092500,"FLUSHING, NY",0.0084,Low,0.1185,0.0247,0.0939,0.859,Residential,0.0855,High,2026-03-09T22:20:03.652781+00:00
36081093401,"FAR ROCKAWAY, NY",0.0187,Low,0.0,0.0,0.0,0.6802,Residential,0.0056,High,2026-03-09T20:57:53.448077+00:00
36081094700,"FLUSHING, NY",0.0077,Low,0.3601,0.0,0.3601,0.6386,Residential,0.2544,High,2026-03-09T22:28:20.549797+00:00
36081101003,"FAR ROCKAWAY, NY",0.0096,Low,0.1198,0.1198,0.0,0.6058,Residential,0.0867,High,2026-03-09T22:05:50.464007+00:00
36081103300,"FLUSHING, NY",0.007,Low,0.0,0.0,0.0,1.0,Residential,0.0021,High,2026-03-09T22:39:50.987327+00:00
36081112300,"FLUSHING, NY",0.0073,Low,0.0292,0.0292,0.0,0.9677,Residential,0.0226,High,2026-03-09T22:34:07.193617+00:00
36081114700,"FLUSHING, NY",0.0064,Low,0.0,0.0,0.0,1.0,Residential,0.0019,High,2026-03-09T22:47:44.427191+00:00
36081115100,"FLUSHING, NY",0.0078,Low,0.0,0.0,0.0,0.7762,Residential,0.0023,High,2026-03-09T22:26:03.698198+00:00
36081115500,"FLUSHING, NY",0.0096,Low,0.0,0.0,0.0,0.9848,Residential,0.0029,High,2026-03-09T22:06:04.587792+00:00
36081115700,"FLUSHING, NY",0.0097,Low,0.0,0.0,0.0,0.985,Residential,0.0029,High,2026-03-09T22:05:56.798387+00:00
36081115900,"FLUSHING, NY",0.0106,Low,0.0,0.0,0.0,1.0,Residential,0.0032,High,2026-03-09T21:57:22.249780+00:00
36081116100,"FLUSHING, NY",0.0129,Low,0.0361,0.0361,0.0,0.9639,Residential,0.0292,High,2026-03-09T21:40:44.875949+00:00
36081116301,"FLUSHING, NY",0.0167,Low,0.1823,0.1823,0.0,0.8177,Residential,0.1326,High,2026-03-09T21:12:00.701375+00:00
36081116302,"FLUSHING, NY",0.0161,Low,0.2025,0.2025,0.0,0.7975,Residential,0.1466,High,2026-03-09T21:16:14.114857+00:00
36081116700,"FLUSHING, NY",0.0104,Low,0.2182,0.2182,0.0,0.7818,Residential,0.1559,High,2026-03-09T21:58:08.585738+00:00
36081118100,"FLUSHING, NY",0.0077,Low,0.0,0.0,0.0,1.0,Residential,0.0023,High,2026-03-09T22:28:37.812393+00:00
36081118500,"FLUSHING, NY",0.0084,Low,0.0,0.0,0.0,0.9723,Residential,0.0025,High,2026-03-09T22:19:00.135259+00:00
36081118700,"FLUSHING, NY",0.0085,Low,0.0,0.0,0.0,1.0,Residential,0.0025,High,2026-03-09T22:18:52.825234+00:00
36081118900,"FLUSHING, NY",0.0076,Low,0.0,0.0,0.0,1.0,Residential,0.0023,High,2026-03-09T22:29:57.090293+00:00
36081119100,"FLUSHING, NY",0.009,Low,0.0,0.0,0.0,0.9581,Residential,0.0027,High,2026-03-09T22:14:20.000437+00:00
36081119300,"FLUSHING, NY",0.0074,Low,0.0,0.0,0.0,0.9962,Residential,0.0022,High,2026-03-09T22:32:44.515120+00:00
36081119500,"FLUSHING, NY",0.0067,Low,0.0,0.0,0.0,0.9075,Residential,0.002,High,2026-03-09T22:42:57.765176+00:00
36081119900,"FLUSHING, NY",0.0074,Low,0.0,0.0,0.0,1.0,Residential,0.0022,High,2026-03-09T22:32:49.574421+00:00
36081120100,"FLUSHING, NY",0.0074,Low,0.0,0.0,0.0,1.0,Residential,0.0022,High,2026-03-09T22:32:41.428563+00:00
36081120300,"FLUSHING, NY",0.0074,Low,0.0,0.0,0.0,1.0,Residential,0.0022,High,2026-03-09T22:31:52.097506+00:00
36081120500,"FLUSHING, NY",0.0086,Low,0.0,0.0,0.0,1.0,Residential,0.0026,High,2026-03-09T22:17:52.687627+00:00
36081120702,"FLUSHING, NY",0.0056,Low,0.0,0.0,0.0,1.0,Residential,0.0017,High,2026-03-09T22:58:39.965882+00:00
36081122703,"FLUSHING, NY",0.0094,Low,0.0,0.0,0.0,0.978,Residential,0.0028,High,2026-03-09T22:09:41.627059+00:00
36081122704,"FLUSHING, NY",0.0093,Low,0.0,0.0,0.0,1.0,Residential,0.0028,High,2026-03-09T22:10:38.434450+00:00
36081126500,"JAMAICA, NY",0.0076,Low,0.0,0.0,0.0,1.0,Residential,0.0023,High,2026-03-09T22:29:11.137638+00:00
36081133900,"FLUSHING, NY",0.0062,Low,0.0,0.0,0.0,1.0,Residential,0.0019,High,2026-03-09T22:50:20.878481+00:00
36081140901,"FLUSHING, NY",0.0062,Low,0.0,0.0,0.0,1.0,Residential,0.0019,High,2026-03-09T22:50:12.667088+00:00
36081145101,"FLUSHING, NY",0.0065,Low,0.0,0.0,0.0,1.0,Residential,0.0019,High,2026-03-09T22:45:53.157542+00:00
36081145900,"FLUSHING, NY",0.0071,Low,0.0,0.0,0.0,1.0,Residential,0.0021,High,2026-03-09T22:38:08.269535+00:00
36085000900,"STATEN ISLAND, NY",0.0138,Low,0.0,0.0,0.0,0.6681,Residential,0.0041,High,2026-03-09T21:34:19.946294+00:00
36085001100,"STATEN ISLAND, NY",0.0153,Low,0.0041,0.0041,0.0,0.4999,Residential,0.0075,High,2026-03-09T21:23:27.671346+00:00
36085001700,"STATEN ISLAND, NY",0.015,Low,0.0,0.0,0.0,0.7257,Residential,0.0045,High,2026-03-09T21:25:01.262308+00:00
36085002700,"STATEN ISLAND, NY",0.0149,Low,0.0752,0.0752,0.0,0.9248,Residential,0.0571,High,2026-03-09T21:25:02.429568+00:00
36085003600,"STATEN ISLAND, NY",0.0145,Low,0.0774,0.0433,0.0341,0.8944,Residential,0.0585,High,2026-03-09T21:30:23.098758+00:00
36085004001,"STATEN ISLAND, NY",0.0163,Low,0.1464,0.0201,0.1263,0.8536,Residential,0.1074,High,2026-03-09T21:16:10.757173+00:00
36085004003,"STATEN ISLAND, NY",0.0179,Low,0.0,0.0,0.0,0.9523,Residential,0.0054,High,2026-03-09T21:02:00.203104+00:00
36085007700,"STATEN ISLAND, NY",0.0133,Low,0.0037,0.0037,0.0,0.4016,Other,0.0066,High,2026-03-09T21:39:25.470042+00:00
36085009702,"STATEN ISLAND, NY",0.0128,Low,0.0,0.0,0.0,0.8052,Residential,0.0038,High,2026-03-09T21:41:23.155618+00:00
36085011401,"STATEN ISLAND, NY",0.0176,Low,0.0297,0.0297,0.0,0.8746,Residential,0.026,High,2026-03-09T21:06:35.509824+00:00
36085011402,"STATEN ISLAND, NY",0.0125,Low,0.013,0.013,0.0,0.987,Residential,0.0129,High,2026-03-09T21:46:02.944958+00:00
36085013301,"STATEN ISLAND, NY",0.016,Low,0.0,0.0,0.0,1.0,Residential,0.0048,High,2026-03-09T21:16:21.295458+00:00
36085017300,"STATEN ISLAND, NY",0.0134,Low,0.0111,0.0111,0.0,0.9693,Residential,0.0118,High,2026-03-09T21:38:25.669239+00:00
36085018701,"STATEN ISLAND, NY",0.0128,Low,0.0091,0.0091,0.0,0.9909,Residential,0.0102,High,2026-03-09T21:43:12.409003+00:00
36085031901,"STATEN ISLAND, NY",0.019,Low,0.1114,0.0815,0.0298,0.8886,Residential,0.0837,High,2026-03-09T20:54:57.154806+00:00
36093021001,"SCHENECTADY, NY",0.0002,Low,0.9535,0.0,0.0,0.0465,Mixed Use,0.6675,High,2026-03-10T02:13:55.922202+00:00
36119000204,"YONKERS, NY",0.0382,Low,0.2863,0.2863,0.0,0.7137,Residential,0.2118,High,2026-03-09T19:54:04.101120+00:00
36119000404,"YONKERS, NY",0.0406,Low,0.1399,0.1399,0.0,0.8601,Residential,0.1101,High,2026-03-09T19:48:59.859455+00:00
36119003100,"MOUNT VERNON, NY",0.0351,Low,0.3926,0.3926,0.0,0.6074,Residential,0.2854,High,2026-03-09T20:01:12.683933+00:00
36119008802,"WHITE PLAINS, NY",0.0143,Low,0.0,0.0,0.0,1.0,Residential,0.0043,High,2026-03-09T21:29:36.106277+00:00
37091980000,"WINTON, NC",0.0045,Low,0.0,0.0,0.0,0.0,Other,0.0013,Low,2026-03-09T23:24:55.769039+00:00
39035101101,"CLEVELAND, OH",0.0001,Low,0.1726,0.1726,0.0,0.8274,Residential,0.1209,High,2026-03-10T02:21:25.309754+00:00
39035101201,"CLEVELAND, OH",0.0001,Low,0.1836,0.1828,0.0008,0.4772,Residential,0.1286,High,2026-03-10T02:31:54.739866+00:00
39035101300,"CLEVELAND, OH",0.0002,Low,0.2376,0.2376,0.0,0.5601,Residential,0.1664,High,2026-03-10T02:17:04.510640+00:00
39035102101,"CLEVELAND, OH",0.0001,Low,0.1548,0.1548,0.0,0.8452,Residential,0.1083,High,2026-03-10T02:38:39.802164+00:00
39035102401,"CLEVELAND, OH",0.0001,Low,0.1494,0.0389,0.1105,0.6153,Residential,0.1046,High,2026-03-10T02:30:19.971861+00:00
39035119402,"CLEVELAND, OH",0.0001,Low,0.1261,0.1261,0.0,0.8739,Residential,0.0883,High,2026-03-10T02:40:12.607564+00:00
39035119702,"CLEVELAND, OH",0.0001,Low,0.0371,0.0371,0.0,0.9629,Residential,0.026,High,2026-03-10T02:42:24.260694+00:00
39035120702,"CLEVELAND, OH",0.0001,Low,0.0779,0.0779,0.0,0.9221,Residential,0.0546,High,2026-03-10T02:39:12.286881+00:00
39035120801,"CLEVELAND, OH",0.0001,Low,0.0262,0.0262,0.0,0.9723,Residential,0.0184,High,2026-03-10T02:39:13.975866+00:00
39035120802,"CLEVELAND, OH",0.0001,Low,0.0699,0.0699,0.0,0.9301,Residential,0.049,High,2026-03-10T02:39:44.183437+00:00
39035121700,"CLEVELAND, OH",0.0001,Low,0.0496,0.0496,0.0,0.9282,Residential,0.0348,High,2026-03-10T02:44:33.004069+00:00
39035121800,"SHAKER HEIGHTS, OH",0.0001,Low,0.0,0.0,0.0,1.0,Residential,0.0,High,2026-03-10T02:32:10.965630+00:00
39035130105,"BAY VILLAGE, OH",0.0001,Low,0.0526,0.0526,0.0,0.9437,Residential,0.0368,High,2026-03-10T02:38:56.124311+00:00
39035140701,"CLEVELAND HEIGHTS, OH",0.0001,Low,0.0414,0.0414,0.0,0.9586,Residential,0.029,High,2026-03-10T02:43:31.185191+00:00
39035140702,"CLEVELAND HEIGHTS, OH",0.0001,Low,0.2175,0.0328,0.0,0.6198,Residential,0.1523,High,2026-03-10T02:40:36.777307+00:00
39035141602,"CLEVELAND HEIGHTS, OH",0.0001,Low,0.165,0.1436,0.0,0.835,Residential,0.1155,High,2026-03-10T02:40:33.779627+00:00
39035152701,"EUCLID, OH",0.0001,Low,0.5399,0.1736,0.3663,0.3398,Industrial,0.3779,High,2026-03-10T02:41:55.695871+00:00
39035160300,"LAKEWOOD, OH",0.0001,Low,0.0655,0.0655,0.0,0.9215,Residential,0.0459,High,2026-03-10T02:26:03.045728+00:00
39035161000,"LAKEWOOD, OH",0.0002,Low,0.1286,0.1286,0.0,0.8714,Residential,0.0901,High,2026-03-10T02:18:01.459252+00:00
39035161500,"LAKEWOOD, OH",0.0001,Low,0.1939,0.0812,0.1127,0.6421,Residential,0.1357,High,2026-03-10T02:32:58.445330+00:00
39035161600,"LAKEWOOD, OH",0.0001,Low,0.1174,0.1174,0.0,0.8826,Residential,0.0822,High,2026-03-10T02:22:05.410437+00:00
39035161900,"LAKEWOOD, OH",0.0001,Low,0.0909,0.0909,0.0,0.3258,Other,0.0636,High,2026-03-10T02:30:06.083751+00:00
39035171206,"MAPLE HEIGHTS, OH",0.0001,Low,0.075,0.075,0.0,0.8926,Residential,0.0525,High,2026-03-10T02:32:54.187949+00:00
39035172101,"LYNDHURST, OH",0.0001,Low,0.0683,0.0683,0.0,0.9317,Residential,0.0478,High,2026-03-10T02:40:19.947065+00:00
39035175109,"NORTH ROYALTON, OH",0.0001,Low,0.0199,0.0199,0.0,0.9415,Residential,0.014,High,2026-03-10T02:38:12.657467+00:00
39035177404,"PARMA, OH",0.0001,Low,0.0111,0.0111,0.0,0.9889,Residential,0.0078,High,2026-03-10T02:41:06.504615+00:00
39035183603,"CLEVELAND, OH",0.0001,Low,0.1673,0.1673,0.0,0.7661,Residential,0.1171,High,2026-03-10T02:38:20.180390+00:00
39035183604,"SHAKER HEIGHTS, OH",0.0001,Low,0.0949,0.0949,0.0,0.9051,Residential,0.0665,High,2026-03-10T02:31:22.451476+00:00
39035183605,"SHAKER HEIGHTS, OH",0.0001,Low,0.1681,0.1681,0.0,0.4587,Residential,0.1177,High,2026-03-10T02:34:45.131934+00:00
39035183606,"SHAKER HEIGHTS, OH",0.0001,Low,0.011,0.011,0.0,0.8924,Residential,0.0078,High,2026-03-10T02:30:07.208975+00:00
39035190503,"NORTH OLMSTED, OH",0.0,Low,0.0074,0.0074,0.0,0.9926,Residential,0.0052,High,2026-03-10T02:45:03.525265+00:00
39095000202,"TOLEDO, OH",0.0006,Low,0.2966,0.0832,0.2134,0.6771,Residential,0.2078,High,2026-03-10T01:47:56.750246+00:00
39095000702,"TOLEDO, OH",0.0006,Low,0.082,0.0682,0.0139,0.918,Residential,0.0576,High,2026-03-10T01:52:08.803578+00:00
39095001001,"TOLEDO, OH",0.0006,Low,0.1007,0.1007,0.0,0.8993,Residential,0.0707,High,2026-03-10T01:48:25.396055+00:00
39095002700,"TOLEDO, OH",0.0023,Low,0.1847,0.0543,0.1304,0.7203,Residential,0.13,High,2026-03-10T01:04:49.789962+00:00
40109980002,"OKLAHOMA CITY, OK",0.0962,Low,0.9556,0.9556,0.0,0.0444,Commercial,0.6978,High,2026-03-10T07:06:34.285320+00:00
40143007518,OK,0.0511,Low,0.0699,0.0699,0.0,0.6462,Residential,0.0642,High,2026-03-09T19:34:13.670353+00:00
40143007608,OK,0.0679,Low,0.1378,0.1282,0.0,0.1472,Other,0.1168,High,2026-03-09T19:03:58.470177+00:00
40143007642,OK,0.0696,Low,0.2805,0.1252,0.0,0.0239,Other,0.2172,High,2026-03-10T07:29:49.836266+00:00
40143009016,"TULSA, OK",0.0548,Low,0.0082,0.0082,0.0,0.3157,Other,0.0222,High,2026-03-09T19:28:49.565708+00:00
40143009018,OK,0.0521,Low,0.1233,0.1233,0.0,0.0961,Other,0.102,High,2026-03-09T19:30:50.597633+00:00
41051005601,"PORTLAND, OR",0.107,Low,0.1453,0.1453,0.0,0.0,Other,0.1338,High,2026-03-10T07:02:58.056232+00:00
42049010108,"ALBION, PA",0.0,Low,0.0,0.0,0.0,0.0,Other,0.0,Low,2026-03-10T03:10:52.179189+00:00
42101000404,"PHILADELPHIA, PA",0.2484,Low,0.1674,0.1674,0.0,0.0,Other,0.1917,High,2026-03-09T17:06:54.730209+00:00
42101000701,"PHILADELPHIA, PA",0.4104,Medium,0.1475,0.1475,0.0,0.1276,Other,0.2264,High,2026-03-09T16:30:34.483730+00:00
42101000801,"PHILADELPHIA, PA",0.1815,Low,0.0244,0.0244,0.0,0.1868,Other,0.0715,High,2026-03-09T17:26:57.526244+00:00
42101000803,"PHILADELPHIA, PA",0.2404,Low,0.0105,0.0105,0.0,0.1376,Other,0.0795,High,2026-03-09T17:10:34.506469+00:00
42101000805,"PHILADELPHIA, PA",0.3961,Low,0.0566,0.0566,0.0,0.1251,Other,0.1585,High,2026-03-09T16:33:44.468325+00:00
42101000806,"PHILADELPHIA, PA",0.1148,Low,0.0218,0.0218,0.0,0.1945,Other,0.0497,High,2026-03-09T17:57:43.665772+00:00
42101000901,"PHILADELPHIA, PA",0.6698,Medium,0.0853,0.0853,0.0,0.1364,Other,0.2607,High,2026-03-09T15:55:59.560825+00:00
42101001203,"PHILADELPHIA, PA",0.3437,Low,0.0188,0.0188,0.0,0.2085,Other,0.1163,High,2026-03-09T16:43:50.551917+00:00
42101001301,"PHILADELPHIA, PA",0.0732,Low,0.0021,0.0021,0.0,0.4696,Other,0.0234,High,2026-03-10T07:28:40.402478+00:00
42101007900,"PHILADELPHIA, PA",0.1116,Low,0.0231,0.0231,0.0,0.0,Other,0.0497,High,2026-03-10T07:00:33.607973+00:00
42101008102,"PHILADELPHIA, PA",0.0439,Low,0.0526,0.0526,0.0,0.4102,Other,0.0499,High,2026-03-09T19:49:08.427579+00:00
42101008602,"PHILADELPHIA, PA",0.1127,Low,0.4126,0.4126,0.0,0.0,Other,0.3226,High,2026-03-09T18:01:48.513785+00:00
42101008801,"PHILADELPHIA, PA",0.082,Low,0.2686,0.2686,0.0,0.0,Other,0.2126,High,2026-03-10T07:19:23.371920+00:00
42101013401,"PHILADELPHIA, PA",0.1281,Low,0.0271,0.0271,0.0,0.0,Other,0.0574,High,2026-03-09T17:49:52.280648+00:00
42101013402,"PHILADELPHIA, PA",0.1153,Low,0.0383,0.0365,0.0018,0.1513,Other,0.0614,High,2026-03-09T17:59:38.372439+00:00
42101013601,"PHILADELPHIA, PA",0.1217,Low,0.0324,0.0235,0.0089,0.0256,Other,0.0592,High,2026-03-09T17:55:29.884997+00:00
42101014500,"PHILADELPHIA, PA",0.0605,Low,0.0839,0.0488,0.0351,0.0718,Other,0.0769,High,2026-03-10T07:39:42.254886+00:00
42101014600,"PHILADELPHIA, PA",0.103,Low,0.1447,0.1197,0.0249,0.0,Other,0.1322,High,2026-03-10T07:04:02.006852+00:00
42101014700,"PHILADELPHIA, PA",0.0483,Low,0.113,0.113,0.0,0.0241,Other,0.0936,High,2026-03-09T19:37:16.492454+00:00
42101014800,"PHILADELPHIA, PA",0.0403,Low,0.1351,0.1018,0.0333,0.0488,Other,0.1066,High,2026-03-09T19:50:17.614473+00:00
42101015101,"PHILADELPHIA, PA",0.0473,Low,0.0013,0.0013,0.0,0.0108,Other,0.0151,High,2026-03-09T19:39:40.127944+00:00
42101016702,"PHILADELPHIA, PA",0.0535,Low,0.086,0.0802,0.0058,0.0064,Other,0.0762,High,2026-03-09T19:32:33.899012+00:00
42101018801,"PHILADELPHIA, PA",0.0368,Low,0.2081,0.1318,0.0763,0.0633,Other,0.1567,High,2026-03-09T20:01:11.952312+00:00
42101018802,"PHILADELPHIA, PA",0.0453,Low,0.1558,0.094,0.0618,0.0509,Other,0.1226,High,2026-03-09T19:44:03.741487+00:00
42101020102,"PHILADELPHIA, PA",0.0368,Low,0.1705,0.033,0.1375,0.0052,Other,0.1304,High,2026-03-09T20:00:44.665887+00:00
42101024800,"PHILADELPHIA, PA",0.0361,Low,0.0704,0.022,0.0483,0.0089,Other,0.0601,High,2026-03-09T19:59:57.886333+00:00
42101028500,"PHILADELPHIA, PA",0.0358,Low,0.1587,0.0462,0.1125,0.0027,Other,0.1218,High,2026-03-09T20:00:41.968419+00:00
45089970802,"SALTERS, SC",0.0044,Low,0.0,0.0,0.0,0.0,Other,0.0013,Low,2026-03-09T23:28:20.180204+00:00
45091060600,"ROCK HILL, SC",0.106,Low,0.0,0.0,0.0,0.0,Other,0.0318,High,2026-03-10T07:00:29.061823+00:00
47157021755,"MEMPHIS, TN",0.7828,High,0.3445,0.0,0.0,0.6555,Residential,0.476,High,2026-03-09T15:39:24.898973+00:00
48029121808,"SAN ANTONIO, TX",0.2617,Low,0.0081,0.0081,0.0,0.3664,Other,0.0842,High,2026-03-09T17:05:34.296932+00:00
48113000503,"DALLAS, TX",0.9241,High,0.0,0.0,0.0,0.0,Other,0.2772,High,2026-03-09T15:02:17.013910+00:00
48113000902,"DALLAS, TX",0.9842,High,0.1187,0.1187,0.0,0.1195,Other,0.3784,High,2026-03-09T14:43:05.745425+00:00
48113013631,"DALLAS, TX",0.7425,High,0.0,0.0,0.0,1.0,Residential,0.2228,High,2026-03-09T15:44:51.837348+00:00
48169980000,"POST, TX",0.005,Low,0.0,0.0,0.0,0.0,Other,0.0015,Low,2026-03-09T23:10:16.084182+00:00
48201314004,"HOUSTON, TX",0.9068,High,0.0,0.0,0.0,0.0,Other,0.272,Low,2026-03-09T15:12:50.842683+00:00
48201314301,"HOUSTON, TX",0.8755,High,0.0,0.0,0.0,0.0,Other,0.2626,Low,2026-03-09T15:20:01.950839+00:00
48201333204,"HOUSTON, TX",0.9755,High,0.0,0.0,0.0,0.0,Other,0.2926,Low,2026-03-09T14:45:38.086712+00:00
48201410801,"HOUSTON, TX",0.9522,High,0.0,0.0,0.0,0.0,Other,0.2856,Low,2026-03-09T14:55:40.439359+00:00
48201411001,"HOUSTON, TX",0.8519,High,0.0,0.0,0.0,0.0,Other,0.2556,Low,2026-03-09T15:26:34.082768+00:00
48201411002,"HOUSTON, TX",0.8778,High,0.0,0.0,0.0,0.0,Other,0.2633,Low,2026-03-09T15:20:38.871681+00:00
48201411505,"HOUSTON, TX",0.8521,High,0.0,0.0,0.0,0.0,Other,0.2556,Low,2026-03-09T15:27:35.162612+00:00
48201421206,"HOUSTON, TX",0.8103,High,0.0,0.0,0.0,0.0,Other,0.2431,Low,2026-03-09T15:35:32.180902+00:00
48201421402,"HOUSTON, TX",0.8387,High,0.0,0.0,0.0,0.0,Other,0.2516,Low,2026-03-09T15:29:39.035209+00:00
48201432003,"HOUSTON, TX",0.7918,High,0.0,0.0,0.0,0.0,Other,0.2375,Low,2026-03-09T15:38:20.024632+00:00
48201432005,"HOUSTON, TX",0.8165,High,0.0,0.0,0.0,0.0,Other,0.2449,Low,2026-03-09T15:34:43.691160+00:00
48303010409,"LUBBOCK, TX",0.0314,Low,0.0334,0.0334,0.0,0.9666,Residential,0.0328,High,2026-03-09T20:11:30.586383+00:00
48453000606,"AUSTIN, TX",0.8968,High,0.3496,0.3496,0.0,0.3657,Residential,0.5137,High,2026-03-09T15:16:42.480410+00:00
48453000608,"AUSTIN, TX",0.9999,High,0.5463,0.5463,0.0,0.3258,Commercial,0.6824,High,2026-03-09T14:30:47.862969+00:00
48453002315,"AUSTIN, TX",0.7817,High,0.5005,0.5005,0.0,0.3622,Commercial,0.5849,High,2026-03-09T15:39:48.759787+00:00
48485013300,"WICHITA FALLS, TX",0.1817,Low,0.0,0.0,0.0,0.0,Other,0.0545,Low,2026-03-09T17:25:55.967501+00:00
49049001803,"PROVO, UT",0.0014,Low,0.0632,0.0452,0.0,0.7571,Residential,0.0447,High,2026-03-10T01:27:23.912300+00:00
53033000101,"SEATTLE, WA",0.3501,Low,0.2444,0.2444,0.0,0.317,Other,0.2761,High,2026-03-09T16:42:22.850350+00:00
53033004402,"SEATTLE, WA",0.3808,Low,0.0,0.0,0.0,0.2184,Other,0.1142,High,2026-03-09T16:38:19.043820+00:00
53033004702,"SEATTLE, WA",0.4824,Medium,0.2146,0.2146,0.0,0.0801,Other,0.2949,High,2026-03-09T16:21:38.424187+00:00
53033005304,"SEATTLE, WA",0.6913,Medium,0.0,0.0,0.0,0.0,Other,0.2074,High,2026-03-09T15:52:06.282513+00:00
53033005305,"SEATTLE, WA",0.4207,Medium,0.0,0.0,0.0,0.0081,Other,0.1262,High,2026-03-09T16:27:54.948946+00:00
53033005306,"SEATTLE, WA",0.425,Medium,0.0,0.0,0.0,0.0135,Other,0.1275,High,2026-03-09T16:27:06.870242+00:00
53033005307,"SEATTLE, WA",0.477,Medium,0.0,0.0,0.0,0.0,Other,0.1431,High,2026-03-09T16:21:26.036637+00:00
53033007101,"SEATTLE, WA",0.69,Medium,0.0154,0.0,0.0,0.0,Other,0.2178,High,2026-03-09T15:52:44.333725+00:00
53033007403,"SEATTLE, WA",0.5885,Medium,0.0,0.0,0.0,0.0086,Other,0.1766,High,2026-03-09T16:06:23.844334+00:00
53033007404,"SEATTLE, WA",0.563,Medium,0.0,0.0,0.0,0.0,Other,0.1689,High,2026-03-09T16:09:48.656430+00:00
53033007405,"SEATTLE, WA",0.7935,High,0.037,0.037,0.0,0.0,Other,0.2639,High,2026-03-09T15:38:13.730018+00:00
53033007501,"SEATTLE, WA",0.8402,High,0.036,0.036,0.0,0.0,Other,0.2772,High,2026-03-09T15:30:49.108924+00:00
53033007502,"SEATTLE, WA",0.8137,High,0.0596,0.0596,0.0,0.0,Other,0.2858,High,2026-03-09T15:36:08.764695+00:00
53033007503,"SEATTLE, WA",0.5483,Medium,0.0817,0.0817,0.0,0.0,Other,0.2217,High,2026-03-09T16:11:36.350067+00:00
53033007901,"SEATTLE, WA",0.5372,Medium,0.1207,0.1207,0.0,0.0,Other,0.2457,High,2026-03-09T16:13:54.628997+00:00
53033008402,"SEATTLE, WA",0.9641,High,0.0645,0.0645,0.0,0.0,Other,0.3344,High,2026-03-09T14:49:58.983232+00:00
53033023806,"BELLEVUE, WA",0.394,Low,0.3883,0.3159,0.0,0.6117,Residential,0.39,High,2026-03-09T16:34:02.953833+00:00
55009000303,"GREEN BAY, WI",0.0,Low,0.1533,0.0969,0.0492,0.2849,Other,0.1073,High,2026-03-10T02:50:53.455492+00:00
55009980000,"GREEN BAY, WI",0.0004,Low,0.0,0.0,0.0,0.0,Other,0.0001,Low,2026-03-10T02:02:45.987743+00:00
55101001003,"RACINE, WI",0.0011,Low,0.1215,0.0562,0.0653,0.8783,Residential,0.0854,High,2026-03-10T01:38:28.561447+00:00
72127001301,"SAN JUAN, PR",0.317,Low,0.0,0.0,0.0,0.0,Other,0.0951,Low,2026-03-09T16:46:41.530968+00:00
72127002002,"SAN JUAN, PR",0.6112,Medium,0.0,0.0,0.0,0.0,Other,0.1834,Low,2026-03-09T16:04:01.589177+00:00
72127005402,"SAN JUAN, PR",0.1114,Low,0.0,0.0,0.0,0.0,Other,0.0334,Low,2026-03-10T06:57:26.759690+00:00
72127007400,"SAN JUAN, PR",0.1071,Low,0.0,0.0,0.0,0.0,Other,0.0321,Low,2026-03-10T07:01:48.615372+00:00
