{"type": "FeatureCollection", "features": [{"type": "Feature", "properties": {"zone_id": "02047MUQO94QXCQSXLVDRB", "tract_id": "06037226701", "city": "LOS ANGELES, CA", "zone_code": "CPIO", "zone_category": "Other", "ev_permitted": false}, "geometry": {"type": "Polygon", "coordinates": [[[-118.26551733568, 34.0155387045032], [-118.26528496064, 34.0159026188504], [-118.266732105605, 34.0165625463625], [-118.266959815587, 34.0162058921693], [-118.266453605467, 34.0159750358386], [-118.266016088722, 34.0157817816976], [-118.266023837826, 34.0157696465352], [-118.26551733568, 34.0155387045032]]]}}, {"type": "Feature", "properties": {"zone_id": "02064UD1NORNZJ20BVM9W2", "tract_id": "06037226701", "city": "LOS ANGELES, CA", "zone_code": "R2-1", "zone_category": "Residential", "ev_permitted": false}, "geometry": {"type": "Polygon", "coordinates": [[[-118.265487533331, 34.0159949980899], [-118.26526937287, 34.0163366801172], [-118.265385135181, 34.0163894869451], [-118.265603328306, 34.0160478046349], [-118.265487533331, 34.0159949980899]]]}}, {"type": "Feature", "properties": {"zone_id": "0202UDS5GAECIZ9XGK6YQS", "tract_id": "06037226701", "city": "LOS ANGELES, CA", "zone_code": "R2-1", "zone_category": "Residential", "ev_permitted": false}, "geometry": {"type": "Polygon", "coordinates": [[[-118.265371771588, 34.01594221884], [-118.265153577793, 34.0162839007295], [-118.26526937287, 34.0163366801172], [-118.265487533331, 34.0159949980899], [-118.265371771588, 34.01594221884]]]}}, {"type": "Feature", "properties": {"zone_id": "0202ZXY5XHMF80TNN678TY", "tract_id": "06037226701", "city": "LOS ANGELES, CA", "zone_code": "R2-1", "zone_category": "Residential", "ev_permitted": false}, "geometry": {"type": "Polygon", "coordinates": [[[-118.265256009904, 34.0158894120007], [-118.265037815774, 34.0162310936799], [-118.265153577793, 34.0162839007295], [-118.265371771588, 34.01594221884], [-118.265256009904, 34.0158894120007]]]}}, {"type": "Feature", "properties": {"zone_id": "0200MU0WPPAPY4CBCBFVME", "tract_id": "06037226701", "city": "LOS ANGELES, CA", "zone_code": "C2-1", "zone_category": "Commercial", "ev_permitted": true}, "geometry": {"type": "Polygon", "coordinates": [[[-118.265126038514, 34.0158301513], [-118.264907877006, 34.0161718326706], [-118.265037815774, 34.0162310936799], [-118.265256009904, 34.0158894120007], [-118.265126038514, 34.0158301513]]]}}, {"type": "Feature", "properties": {"zone_id": "02010MMLX1ANWMP77CMIM2", "tract_id": "06037226701", "city": "LOS ANGELES, CA", "zone_code": "CPIO", "zone_category": "Other", "ev_permitted": false}, "geometry": {"type": "Polygon", "coordinates": [[[-118.265382525553, 34.0155143526096], [-118.265314547918, 34.0155349461552], [-118.265126038514, 34.0158301513], [-118.26528496064, 34.0159026188504], [-118.265504661186, 34.0155585444885], [-118.265382525553, 34.0155143526096]]]}}, {"type": "Feature", "properties": {"zone_id": "0200CM7COWXOYHK3G60S7J", "tract_id": "06037226701", "city": "LOS ANGELES, CA", "zone_code": "C2-1", "zone_category": "Commercial", "ev_permitted": true}, "geometry": {"type": "MultiPolygon", "coordinates": [[[[-118.264557799626, 34.0156518525265], [-118.264345940901, 34.0159836817034], [-118.264636904191, 34.0161133204533], [-118.264849714436, 34.0157800323052], [-118.264557799626, 34.0156518525265]]], [[[-118.264192558804, 34.0150518592775], [-118.263996427693, 34.0153587302716], [-118.264851086727, 34.0157340025552], [-118.265027513303, 34.0154577022048], [-118.265009042071, 34.015408088838], [-118.264425946297, 34.0151558856139], [-118.264192558804, 34.0150518592775]]]]}}, {"type": "Feature", "properties": {"zone_id": "02002Q73Z66LR7MEOT5DW0", "tract_id": "06037226701", "city": "LOS ANGELES, CA", "zone_code": "C2-1", "zone_category": "Commercial", "ev_permitted": true}, "geometry": {"type": "Polygon", "coordinates": [[[-118.264440888518, 34.0156005037959], [-118.264229423705, 34.0159317823307], [-118.264345940901, 34.0159836817034], [-118.264557799626, 34.0156518525265], [-118.264440888518, 34.0156005037959]]]}}, {"type": "Feature", "properties": {"zone_id": "020553C9TZ9O8ZCFIW0MJT", "tract_id": "06037226701", "city": "LOS ANGELES, CA", "zone_code": "RD2-1", "zone_category": "Residential", "ev_permitted": false}, "geometry": {"type": "Polygon", "coordinates": [[[-118.2640201448, 34.0160255027859], [-118.263809171709, 34.0163566146394], [-118.263925262073, 34.0164090924046], [-118.264136596, 34.0160774025053], [-118.2640201448, 34.0160255027859]]]}}, {"type": "Feature", "properties": {"zone_id": "0202HSYISEL49G2MU2R0K0", "tract_id": "06037226701", "city": "LOS ANGELES, CA", "zone_code": "RD2-1", "zone_category": "Residential", "ev_permitted": false}, "geometry": {"type": "Polygon", "coordinates": [[[-118.263903627748, 34.0159736030986], [-118.263693048405, 34.0163041093563], [-118.263809171709, 34.0163566146394], [-118.2640201448, 34.0160255027859], [-118.263903627748, 34.0159736030986]]]}}, {"type": "Feature", "properties": {"zone_id": "0204P12LH8MK4ASYWTW0AY", "tract_id": "06037226701", "city": "LOS ANGELES, CA", "zone_code": "RD2-1", "zone_category": "Residential", "ev_permitted": false}, "geometry": {"type": "Polygon", "coordinates": [[[-118.263787143839, 34.0159217032269], [-118.263576958332, 34.016251631368], [-118.263693048405, 34.0163041093563], [-118.263903627748, 34.0159736030986], [-118.263787143839, 34.0159217032269]]]}}, {"type": "Feature", "properties": {"zone_id": "0201RST0217Q296AJ7Q6BM", "tract_id": "06037226701", "city": "LOS ANGELES, CA", "zone_code": "C2-1", "zone_category": "Commercial", "ev_permitted": true}, "geometry": {"type": "Polygon", "coordinates": [[[-118.264323977639, 34.0155491824308], [-118.264112939652, 34.0158798827735], [-118.264229423705, 34.0159317823307], [-118.264440888518, 34.0156005037959], [-118.264323977639, 34.0155491824308]]]}}, {"type": "Feature", "properties": {"zone_id": "0202S5H1YHW5END63E6HZL", "tract_id": "06037226701", "city": "LOS ANGELES, CA", "zone_code": "CPIO", "zone_category": "Other", "ev_permitted": false}, "geometry": {"type": "Polygon", "coordinates": [[[-118.264207066817, 34.0154978334742], [-118.263996455657, 34.0158279556257], [-118.264112939652, 34.0158798827735], [-118.264323977639, 34.0155491824308], [-118.264207066817, 34.0154978334742]]]}}, {"type": "Feature", "properties": {"zone_id": "02021Q5GQ91NJA6XNI56J9", "tract_id": "06037226701", "city": "LOS ANGELES, CA", "zone_code": "C2-1", "zone_category": "Commercial", "ev_permitted": true}, "geometry": {"type": "Polygon", "coordinates": [[[-118.264090156225, 34.0154465118829], [-118.263879938894, 34.0157760559161], [-118.263996455657, 34.0158279556257], [-118.264207066817, 34.0154978334742], [-118.264090156225, 34.0154465118829]]]}}, {"type": "Feature", "properties": {"zone_id": "02056XF3CYR8MGYSSEM560", "tract_id": "06037226701", "city": "LOS ANGELES, CA", "zone_code": "C2-1", "zone_category": "Commercial", "ev_permitted": true}, "geometry": {"type": "Polygon", "coordinates": [[[-118.26397324569, 34.0153951627001], [-118.263763422363, 34.0157241835727], [-118.263879938894, 34.0157760559161], [-118.264090156225, 34.0154465118829], [-118.26397324569, 34.0153951627001]]]}}, {"type": "Feature", "properties": {"zone_id": "0206ZGG74O8BAMWSAVKZR5", "tract_id": "06037226701", "city": "LOS ANGELES, CA", "zone_code": "C2-1", "zone_category": "Commercial", "ev_permitted": true}, "geometry": {"type": "Polygon", "coordinates": [[[-118.263856302386, 34.0153438409549], [-118.263646938715, 34.0156722286095], [-118.263763422363, 34.0157241835727], [-118.26397324569, 34.0153951627001], [-118.263856302386, 34.0153438409549]]]}}, {"type": "Feature", "properties": {"zone_id": "02063DG80VLE0VKXA4SM67", "tract_id": "06037226701", "city": "LOS ANGELES, CA", "zone_code": "C2-1", "zone_category": "Commercial", "ev_permitted": true}, "geometry": {"type": "Polygon", "coordinates": [[[-118.264089110518, 34.0149791023558], [-118.263879517511, 34.0153074359552], [-118.263996427693, 34.0153587302716], [-118.264206579862, 34.0150299281066], [-118.264089110518, 34.0149791023558]]]}}, {"type": "Feature", "properties": {"zone_id": "0205PCBKGXRVA7KD4SD5CO", "tract_id": "06037226701", "city": "LOS ANGELES, CA", "zone_code": "C2-1", "zone_category": "Commercial", "ev_permitted": true}, "geometry": {"type": "Polygon", "coordinates": [[[-118.263971641402, 34.0149283039693], [-118.263762607299, 34.0152560865688], [-118.263879517511, 34.0153074359552], [-118.264089110518, 34.0149791023558], [-118.263971641402, 34.0149283039693]]]}}, {"type": "Feature", "properties": {"zone_id": "02052H9HWBEG7YHPZAYSB3", "tract_id": "06037226701", "city": "LOS ANGELES, CA", "zone_code": "RD2-1", "zone_category": "Residential", "ev_permitted": false}, "geometry": {"type": "Polygon", "coordinates": [[[-118.263554143369, 34.0158178757403], [-118.263344745538, 34.0161466476506], [-118.26346083532, 34.0161991258618], [-118.263670627076, 34.015869803315], [-118.263554143369, 34.0158178757403]]]}}, {"type": "Feature", "properties": {"zone_id": "02014DM85F20EFE172KOPQ", "tract_id": "06037226701", "city": "LOS ANGELES, CA", "zone_code": "RD2-1", "zone_category": "Residential", "ev_permitted": false}, "geometry": {"type": "Polygon", "coordinates": [[[-118.263670627076, 34.015869803315], [-118.26346083532, 34.0161991258618], [-118.263576958332, 34.016251631368], [-118.263787143839, 34.0159217032269], [-118.263670627076, 34.015869803315]]]}}, {"type": "Feature", "properties": {"zone_id": "0206GFRDCZZU8H2E5VAV7D", "tract_id": "06037226701", "city": "LOS ANGELES, CA", "zone_code": "RD2-1", "zone_category": "Residential", "ev_permitted": false}, "geometry": {"type": "Polygon", "coordinates": [[[-118.263437659893, 34.0157659755319], [-118.263228655901, 34.0160941693279], [-118.263344745538, 34.0161466476506], [-118.263554143369, 34.0158178757403], [-118.263437659893, 34.0157659755319]]]}}, {"type": "Feature", "properties": {"zone_id": "0205JSGX5374ZYVM6PZY9B", "tract_id": "06037226701", "city": "LOS ANGELES, CA", "zone_code": "RD2-1", "zone_category": "Residential", "ev_permitted": false}, "geometry": {"type": "Polygon", "coordinates": [[[-118.263083815425, 34.0156083328275], [-118.262875992688, 34.0159347098423], [-118.262996443981, 34.0159891849414], [-118.26320466029, 34.0156621473716], [-118.263083815425, 34.0156083328275]]]}}, {"type": "Feature", "properties": {"zone_id": "0205DA6H2ZALGYOB3V9PBK", "tract_id": "06037226701", "city": "LOS ANGELES, CA", "zone_code": "RD2-1", "zone_category": "Residential", "ev_permitted": false}, "geometry": {"type": "Polygon", "coordinates": [[[-118.26320466029, 34.0156621473716], [-118.262996443981, 34.0159891849414], [-118.263112500414, 34.0160416910375], [-118.263321176562, 34.0157140752112], [-118.26320466029, 34.0156621473716]]]}}, {"type": "Feature", "properties": {"zone_id": "0200PT55ERK636IROJ6HA6", "tract_id": "06037226701", "city": "LOS ANGELES, CA", "zone_code": "RD2-1", "zone_category": "Residential", "ev_permitted": false}, "geometry": {"type": "Polygon", "coordinates": [[[-118.263321176562, 34.0157140752112], [-118.263112500414, 34.0160416910375], [-118.263228655901, 34.0160941693279], [-118.263437659893, 34.0157659755319], [-118.263321176562, 34.0157140752112]]]}}, {"type": "Feature", "properties": {"zone_id": "0201XGFPTKEB7JJVSR4GXB", "tract_id": "06037226701", "city": "LOS ANGELES, CA", "zone_code": "RD1.5-1", "zone_category": "Residential", "ev_permitted": false}, "geometry": {"type": "Polygon", "coordinates": [[[-118.262712135018, 34.0159075329621], [-118.262504572784, 34.0162334965917], [-118.262649117306, 34.0162997354615], [-118.262857138961, 34.0159730836145], [-118.262712135018, 34.0159075329621]]]}}, {"type": "Feature", "properties": {"zone_id": "02055U5250EIRCK16PU9IY", "tract_id": "06037226701", "city": "LOS ANGELES, CA", "zone_code": "RD1.5-1", "zone_category": "Residential", "ev_permitted": false}, "geometry": {"type": "Polygon", "coordinates": [[[-118.262857138961, 34.0159730836145], [-118.262649117306, 34.0162997354615], [-118.262764779607, 34.0163527648453], [-118.262973162113, 34.0160255349595], [-118.262857138961, 34.0159730836145]]]}}, {"type": "Feature", "properties": {"zone_id": "020799GJ7YENYQHRZIAABO", "tract_id": "06037226701", "city": "LOS ANGELES, CA", "zone_code": "RD1.5-1", "zone_category": "Residential", "ev_permitted": false}, "geometry": {"type": "Polygon", "coordinates": [[[-118.262973162113, 34.0160255349595], [-118.262764779607, 34.0163527648453], [-118.26288040897, 34.0164057667118], [-118.263089152413, 34.016077986265], [-118.262973162113, 34.0160255349595]]]}}, {"type": "Feature", "properties": {"zone_id": "02045FT8C8G65I44U8KMDT", "tract_id": "06037226701", "city": "LOS ANGELES, CA", "zone_code": "RD2-1", "zone_category": "Residential", "ev_permitted": false}, "geometry": {"type": "Polygon", "coordinates": [[[-118.262393048324, 34.0157634419919], [-118.262186568905, 34.0160877265187], [-118.262331145922, 34.016153965697], [-118.262538051682, 34.0158289655486], [-118.262393048324, 34.0157634419919]]]}}, {"type": "Feature", "properties": {"zone_id": "0206PPLPYX3L9AB8B9O4QN", "tract_id": "06037226701", "city": "LOS ANGELES, CA", "zone_code": "RD2-1", "zone_category": "Residential", "ev_permitted": false}, "geometry": {"type": "Polygon", "coordinates": [[[-118.262942714106, 34.0155454393777], [-118.262735317798, 34.0158711282531], [-118.262875992688, 34.0159347098423], [-118.263083815425, 34.0156083328275], [-118.262942714106, 34.0155454393777]]]}}, {"type": "Feature", "properties": {"zone_id": "0201H3VWBZEYM6R11TAN21", "tract_id": "06037226701", "city": "LOS ANGELES, CA", "zone_code": "C2-1", "zone_category": "Commercial", "ev_permitted": true}, "geometry": {"type": "Polygon", "coordinates": [[[-118.263739392224, 34.0152925190243], [-118.263530422385, 34.0156203285631], [-118.263646938715, 34.0156722286095], [-118.263856302386, 34.0153438409549], [-118.263739392224, 34.0152925190243]]]}}, {"type": "Feature", "properties": {"zone_id": "0204574ZJU6IMUQJS9OL5E", "tract_id": "06037226701", "city": "LOS ANGELES, CA", "zone_code": "RD2-1", "zone_category": "Residential", "ev_permitted": false}, "geometry": {"type": "Polygon", "coordinates": [[[-118.26362248212, 34.0152411695023], [-118.263413939199, 34.0155684283323], [-118.263530422385, 34.0156203285631], [-118.263739392224, 34.0152925190243], [-118.26362248212, 34.0152411695023]]]}}, {"type": "Feature", "properties": {"zone_id": "0202TKS9HEFDZE4GN4K3D5", "tract_id": "06037226701", "city": "LOS ANGELES, CA", "zone_code": "RD2-1", "zone_category": "Residential", "ev_permitted": false}, "geometry": {"type": "Polygon", "coordinates": [[[-118.263505572158, 34.0151898198672], [-118.263297423073, 34.0155165005828], [-118.263413939199, 34.0155684283323], [-118.26362248212, 34.0152411695023], [-118.263505572158, 34.0151898198672]]]}}, {"type": "Feature", "properties": {"zone_id": "020401QI3MYX4GWSMDLK4K", "tract_id": "06037226701", "city": "LOS ANGELES, CA", "zone_code": "RD2-1", "zone_category": "Residential", "ev_permitted": false}, "geometry": {"type": "Polygon", "coordinates": [[[-118.263388662426, 34.0151384975974], [-118.263180940175, 34.0154646001275], [-118.263297423073, 34.0155165005828], [-118.263505572158, 34.0151898198672], [-118.263388662426, 34.0151384975974]]]}}, {"type": "Feature", "properties": {"zone_id": "020029NZQ0IWZ0GCSLQ2XC", "tract_id": "06037226701", "city": "LOS ANGELES, CA", "zone_code": "RD2-1", "zone_category": "Residential", "ev_permitted": false}, "geometry": {"type": "Polygon", "coordinates": [[[-118.263242674149, 34.0150744061039], [-118.263035477215, 34.0153997927911], [-118.263180940175, 34.0154646001275], [-118.263388662426, 34.0151384975974], [-118.263242674149, 34.0150744061039]]]}}, {"type": "Feature", "properties": {"zone_id": "0205R16UX65IKWLZIBIHMS", "tract_id": "06037226701", "city": "LOS ANGELES, CA", "zone_code": "RD2-1", "zone_category": "Residential", "ev_permitted": false}, "geometry": {"type": "Polygon", "coordinates": [[[-118.262506193782, 34.0153509338328], [-118.262300142731, 34.0156745581301], [-118.262416231117, 34.015727009866], [-118.262622643104, 34.0154028350107], [-118.262506193782, 34.0153509338328]]]}}, {"type": "Feature", "properties": {"zone_id": "02034YQIKBMTGZKDKFHPA2", "tract_id": "06037226701", "city": "LOS ANGELES, CA", "zone_code": "RD2-1", "zone_category": "Residential", "ev_permitted": false}, "geometry": {"type": "Polygon", "coordinates": [[[-118.26238974469, 34.0152990600212], [-118.262184087489, 34.0156221062109], [-118.262300142731, 34.0156745581301], [-118.262506193782, 34.0153509338328], [-118.26238974469, 34.0152990600212]]]}}, {"type": "Feature", "properties": {"zone_id": "0200UIEKGE5Q94FIKZRKK4", "tract_id": "06037226701", "city": "LOS ANGELES, CA", "zone_code": "RD2-1", "zone_category": "Residential", "ev_permitted": false}, "geometry": {"type": "Polygon", "coordinates": [[[-118.262622643104, 34.0154028350107], [-118.262416231117, 34.015727009866], [-118.262561234516, 34.0157925608732], [-118.262768171833, 34.0154676701794], [-118.262622643104, 34.0154028350107]]]}}, {"type": "Feature", "properties": {"zone_id": "0202UH1GLITDHKZW5YXMJC", "tract_id": "06037226701", "city": "LOS ANGELES, CA", "zone_code": "RD2-1", "zone_category": "Residential", "ev_permitted": false}, "geometry": {"type": "Polygon", "coordinates": [[[-118.262921717893, 34.0149332058782], [-118.262715406526, 34.0152571611929], [-118.262860869077, 34.0153219963929], [-118.26306767268, 34.0149972978313], [-118.262921717893, 34.0149332058782]]]}}, {"type": "Feature", "properties": {"zone_id": "0201RE7JW1BN93FLUR7ECX", "tract_id": "06037226701", "city": "LOS ANGELES, CA", "zone_code": "C2-1", "zone_category": "Commercial", "ev_permitted": true}, "geometry": {"type": "Polygon", "coordinates": [[[-118.263854172343, 34.0148774779902], [-118.263645697317, 34.0152047645478], [-118.263762607299, 34.0152560865688], [-118.263971641402, 34.0149283039693], [-118.263854172343, 34.0148774779902]]]}}, {"type": "Feature", "properties": {"zone_id": "0205H4FIYKFJJX3539GA8M", "tract_id": "06037226701", "city": "LOS ANGELES, CA", "zone_code": "CPIO", "zone_category": "Other", "ev_permitted": false}, "geometry": {"type": "Polygon", "coordinates": [[[-118.263034006168, 34.0145221279934], [-118.262828090414, 34.0148455055822], [-118.263090855053, 34.014960893056], [-118.263297656871, 34.0146361941074], [-118.263034006168, 34.0145221279934]]]}}, {"type": "Feature", "properties": {"zone_id": "02073O3BATJXLQE5ZJ88N0", "tract_id": "06037226701", "city": "LOS ANGELES, CA", "zone_code": "C2-1", "zone_category": "Commercial", "ev_permitted": true}, "geometry": {"type": "Polygon", "coordinates": [[[-118.263619532067, 34.0147759624332], [-118.263411844699, 34.0151020927602], [-118.263528754394, 34.0151534150073], [-118.263736670428, 34.0148266519691], [-118.263619532067, 34.0147759624332]]]}}, {"type": "Feature", "properties": {"zone_id": "0200ZY6LPT61MGPESSSNNM", "tract_id": "06037226701", "city": "LOS ANGELES, CA", "zone_code": "C2-1", "zone_category": "Commercial", "ev_permitted": true}, "geometry": {"type": "Polygon", "coordinates": [[[-118.263736670428, 34.0148266519691], [-118.263528754394, 34.0151534150073], [-118.263645697317, 34.0152047645478], [-118.263854172343, 34.0148774779902], [-118.263736670428, 34.0148266519691]]]}}, {"type": "Feature", "properties": {"zone_id": "0201R0DXKBC76RAS7LZQMQ", "tract_id": "06037226701", "city": "LOS ANGELES, CA", "zone_code": "C2-1", "zone_category": "Commercial", "ev_permitted": true}, "geometry": {"type": "Polygon", "coordinates": [[[-118.263473084523, 34.0147125866686], [-118.263318492814, 34.0149553681051], [-118.263464940579, 34.0150187165798], [-118.263619532067, 34.0147759624332], [-118.263473084523, 34.0147125866686]]]}}, {"type": "Feature", "properties": {"zone_id": "0200P3R8KKOGHRI1Q95SWA", "tract_id": "06037226701", "city": "LOS ANGELES, CA", "zone_code": "C2-1", "zone_category": "Commercial", "ev_permitted": true}, "geometry": {"type": "Polygon", "coordinates": [[[-118.263318492814, 34.0149553681051], [-118.263265856382, 34.0150379738163], [-118.263411844699, 34.0151020927602], [-118.263464940579, 34.0150187165798], [-118.263318492814, 34.0149553681051]]]}}, {"type": "Feature", "properties": {"zone_id": "0201JW851001H4ZN0YW7VL", "tract_id": "06037226701", "city": "LOS ANGELES, CA", "zone_code": "RD2-1", "zone_category": "Residential", "ev_permitted": false}, "geometry": {"type": "Polygon", "coordinates": [[[-118.262804908044, 34.0148819377852], [-118.262598957435, 34.0152052875834], [-118.262715406526, 34.0152571611929], [-118.262921717893, 34.0149332058782], [-118.262804908044, 34.0148819377852]]]}}, {"type": "Feature", "properties": {"zone_id": "02052L8XNEI8F7LCMJF2B9", "tract_id": "06037226701", "city": "LOS ANGELES, CA", "zone_code": "RD2-1", "zone_category": "Residential", "ev_permitted": false}, "geometry": {"type": "Polygon", "coordinates": [[[-118.262454413016, 34.0147280230584], [-118.262249577857, 34.0150496111968], [-118.262366026515, 34.0151014851428], [-118.26257125552, 34.0147793188969], [-118.262454413016, 34.0147280230584]]]}}, {"type": "Feature", "properties": {"zone_id": "02006DHWUS2D8BP57199N2", "tract_id": "06037226701", "city": "LOS ANGELES, CA", "zone_code": "RD2-1", "zone_category": "Residential", "ev_permitted": false}, "geometry": {"type": "Polygon", "coordinates": [[[-118.262688098166, 34.0148306146224], [-118.262482508402, 34.0151533863833], [-118.262598957435, 34.0152052875834], [-118.262804908044, 34.0148819377852], [-118.262688098166, 34.0148306146224]]]}}, {"type": "Feature", "properties": {"zone_id": "0200C47RWD54NVVCHS6NOD", "tract_id": "06037226701", "city": "LOS ANGELES, CA", "zone_code": "RD2-1", "zone_category": "Residential", "ev_permitted": false}, "geometry": {"type": "Polygon", "coordinates": [[[-118.26257125552, 34.0147793188969], [-118.262366026515, 34.0151014851428], [-118.262482508402, 34.0151533863833], [-118.262688098166, 34.0148306146224], [-118.26257125552, 34.0147793188969]]]}}, {"type": "Feature", "properties": {"zone_id": "02077YLV04G982SA2E0P59", "tract_id": "06037226701", "city": "LOS ANGELES, CA", "zone_code": "CPIO", "zone_category": "Other", "ev_permitted": false}, "geometry": {"type": "Polygon", "coordinates": [[[-118.262916802662, 34.0144714379203], [-118.262711280572, 34.0147941824419], [-118.262828090414, 34.0148455055822], [-118.263034006168, 34.0145221279934], [-118.262916802662, 34.0144714379203]]]}}, {"type": "Feature", "properties": {"zone_id": "0207FJQYR5QKGDF7H2SUBN", "tract_id": "06037226701", "city": "LOS ANGELES, CA", "zone_code": "CM-1", "zone_category": "Commercial", "ev_permitted": true}, "geometry": {"type": "Polygon", "coordinates": [[[-118.26278721993, 34.0144401471304], [-118.262594404964, 34.0147428868107], [-118.262711280572, 34.0147941824419], [-118.262904390316, 34.014490837401], [-118.26278721993, 34.0144401471304]]]}}, {"type": "Feature", "properties": {"zone_id": "020078MMZDLDANDXWQO0C2", "tract_id": "06037226701", "city": "LOS ANGELES, CA", "zone_code": "CPIO", "zone_category": "Other", "ev_permitted": false}, "geometry": {"type": "Polygon", "coordinates": [[[-118.262670016603, 34.0143894293395], [-118.262477595496, 34.0146915909231], [-118.262594404964, 34.0147428868107], [-118.26278721993, 34.0144401471304], [-118.262670016603, 34.0143894293395]]]}}, {"type": "Feature", "properties": {"zone_id": "02046JGZ7PW1VNQ6QSW2TC", "tract_id": "06037226701", "city": "LOS ANGELES, CA", "zone_code": "CM-1", "zone_category": "Commercial", "ev_permitted": true}, "geometry": {"type": "Polygon", "coordinates": [[[-118.262565159741, 34.0143192846558], [-118.262360753172, 34.0146402949942], [-118.262477595496, 34.0146915909231], [-118.262682395905, 34.0143700024764], [-118.262565159741, 34.0143192846558]]]}}, {"type": "Feature", "properties": {"zone_id": "02070Y618H16QSZ7EHC3UJ", "tract_id": "06037226701", "city": "LOS ANGELES, CA", "zone_code": "CPIO", "zone_category": "Other", "ev_permitted": false}, "geometry": {"type": "Polygon", "coordinates": [[[-118.262447956717, 34.0142685666496], [-118.262243910992, 34.0145889989524], [-118.262360753172, 34.0146402949942], [-118.262565159741, 34.0143192846558], [-118.262447956717, 34.0142685666496]]]}}, {"type": "Feature", "properties": {"zone_id": "0207A8P3FCLRO0YBS2I6I2", "tract_id": "06037226701", "city": "LOS ANGELES, CA", "zone_code": "RD2-1", "zone_category": "Residential", "ev_permitted": false}, "geometry": {"type": "Polygon", "coordinates": [[[-118.26216073946, 34.0156584836934], [-118.261955179746, 34.0159816117204], [-118.262070874166, 34.0160346416964], [-118.262276860821, 34.0157109629701], [-118.26216073946, 34.0156584836934]]]}}, {"type": "Feature", "properties": {"zone_id": "0200JOE224G53U2870EHI4", "tract_id": "06037226701", "city": "LOS ANGELES, CA", "zone_code": "RD2-1", "zone_category": "Residential", "ev_permitted": false}, "geometry": {"type": "Polygon", "coordinates": [[[-118.262044618159, 34.0156059768266], [-118.261839485472, 34.0159285816336], [-118.261955179746, 34.0159816117204], [-118.26216073946, 34.0156584836934], [-118.262044618159, 34.0156059768266]]]}}, {"type": "Feature", "properties": {"zone_id": "0205SZOHFSF7UKENOICQ56", "tract_id": "06037226701", "city": "LOS ANGELES, CA", "zone_code": "RD2-1", "zone_category": "Residential", "ev_permitted": false}, "geometry": {"type": "Polygon", "coordinates": [[[-118.262276860821, 34.0157109629701], [-118.262070874166, 34.0160346416964], [-118.262186568905, 34.0160877265187], [-118.262393048324, 34.0157634419919], [-118.262276860821, 34.0157109629701]]]}}, {"type": "Feature", "properties": {"zone_id": "0203KGKSVGN4O5Y7AWG5AD", "tract_id": "06037226701", "city": "LOS ANGELES, CA", "zone_code": "RD2-1", "zone_category": "Residential", "ev_permitted": false}, "geometry": {"type": "Polygon", "coordinates": [[[-118.261928464091, 34.0155534973984], [-118.261723791258, 34.0158755239576], [-118.261839485472, 34.0159285816336], [-118.262044618159, 34.0156059768266], [-118.261928464091, 34.0155534973984]]]}}, {"type": "Feature", "properties": {"zone_id": "0200JXYSOI9OHBT1D2IEYM", "tract_id": "06037226701", "city": "LOS ANGELES, CA", "zone_code": "RD2-1", "zone_category": "Residential", "ev_permitted": false}, "geometry": {"type": "Polygon", "coordinates": [[[-118.261812310169, 34.0155010178586], [-118.261608097192, 34.015822466171], [-118.261723791258, 34.0158755239576], [-118.261928464091, 34.0155534973984], [-118.261812310169, 34.0155010178586]]]}}, {"type": "Feature", "properties": {"zone_id": "020360C56U3YAATLN5OLCD", "tract_id": "06037226701", "city": "LOS ANGELES, CA", "zone_code": "RD1.5-1", "zone_category": "Residential", "ev_permitted": false}, "geometry": {"type": "Polygon", "coordinates": [[[-118.261631157763, 34.0160213066464], [-118.261426251223, 34.0163431958183], [-118.261541551628, 34.0163968042081], [-118.261746818948, 34.0160743095263], [-118.261631157763, 34.0160213066464]]]}}, {"type": "Feature", "properties": {"zone_id": "0202G8ZFR5SSLHSK25UNII", "tract_id": "06037226701", "city": "LOS ANGELES, CA", "zone_code": "RD2-1", "zone_category": "Residential", "ev_permitted": false}, "geometry": {"type": "Polygon", "coordinates": [[[-118.262273295656, 34.015247158619], [-118.262067999394, 34.0155696542521], [-118.262184087489, 34.0156221062109], [-118.26238974469, 34.0152990600212], [-118.262273295656, 34.015247158619]]]}}, {"type": "Feature", "properties": {"zone_id": "0204X1MPALJLFUBODR6RE2", "tract_id": "06037226701", "city": "LOS ANGELES, CA", "zone_code": "RD2-1", "zone_category": "Residential", "ev_permitted": false}, "geometry": {"type": "Polygon", "coordinates": [[[-118.262156846853, 34.0151952845831], [-118.261951977441, 34.0155172020385], [-118.262067999394, 34.0155696542521], [-118.262273295656, 34.015247158619], [-118.262156846853, 34.0151952845831]]]}}, {"type": "Feature", "properties": {"zone_id": "0202PY4VDXTZK1K4FS7NH2", "tract_id": "06037226701", "city": "LOS ANGELES, CA", "zone_code": "RD2-1", "zone_category": "Residential", "ev_permitted": false}, "geometry": {"type": "Polygon", "coordinates": [[[-118.262040398108, 34.0151433829565], [-118.261835856639, 34.0154647499283], [-118.261951977441, 34.0155172020385], [-118.262156846853, 34.0151952845831], [-118.262040398108, 34.0151433829565]]]}}, {"type": "Feature", "properties": {"zone_id": "0204P2BOSQVORAN2Z25PTP", "tract_id": "06037226701", "city": "LOS ANGELES, CA", "zone_code": "RD2-1", "zone_category": "Residential", "ev_permitted": false}, "geometry": {"type": "Polygon", "coordinates": [[[-118.261807501137, 34.0150396068452], [-118.261603714465, 34.0153598451587], [-118.261719801978, 34.0154122975634], [-118.261923949593, 34.0150915086962], [-118.261807501137, 34.0150396068452]]]}}, {"type": "Feature", "properties": {"zone_id": "0200W9YC2Y8KU4V611YXU1", "tract_id": "06037226701", "city": "LOS ANGELES, CA", "zone_code": "RD2-1", "zone_category": "Residential", "ev_permitted": false}, "geometry": {"type": "Polygon", "coordinates": [[[-118.261923949593, 34.0150915086962], [-118.261719801978, 34.0154122975634], [-118.261835856639, 34.0154647499283], [-118.262040398108, 34.0151433829565], [-118.261923949593, 34.0150915086962]]]}}, {"type": "Feature", "properties": {"zone_id": "0201ZYQJUBYMRH5ZRDN08M", "tract_id": "06037226701", "city": "LOS ANGELES, CA", "zone_code": "RD2-1", "zone_category": "Residential", "ev_permitted": false}, "geometry": {"type": "Polygon", "coordinates": [[[-118.261691052911, 34.0149877323606], [-118.261487660182, 34.0153074200495], [-118.261603714465, 34.0153598451587], [-118.261807501137, 34.0150396068452], [-118.261691052911, 34.0149877323606]]]}}, {"type": "Feature", "properties": {"zone_id": "02034UQA2Y0A3HFBW6M8J3", "tract_id": "06037226701", "city": "LOS ANGELES, CA", "zone_code": "RD2-1", "zone_category": "Residential", "ev_permitted": false}, "geometry": {"type": "Polygon", "coordinates": [[[-118.261463915187, 34.0153435509481], [-118.261261016129, 34.015663374582], [-118.26137670967, 34.0157164052224], [-118.26158003576, 34.0153960583726], [-118.261463915187, 34.0153435509481]]]}}, {"type": "Feature", "properties": {"zone_id": "02034N8AWUYK80W9DWXYHM", "tract_id": "06037226701", "city": "LOS ANGELES, CA", "zone_code": "RD2-1", "zone_category": "Residential", "ev_permitted": false}, "geometry": {"type": "Polygon", "coordinates": [[[-118.261347728849, 34.0152910710333], [-118.261145322649, 34.0156103163524], [-118.261261016129, 34.015663374582], [-118.261463915187, 34.0153435509481], [-118.261347728849, 34.0152910710333]]]}}, {"type": "Feature", "properties": {"zone_id": "0207CXOWUSJMX9583R6QRW", "tract_id": "06037226701", "city": "LOS ANGELES, CA", "zone_code": "RD2-1", "zone_category": "Residential", "ev_permitted": false}, "geometry": {"type": "Polygon", "coordinates": [[[-118.261231608654, 34.0152385908641], [-118.261029629401, 34.0155572854905], [-118.261145322649, 34.0156103163524], [-118.261347728849, 34.0152910710333], [-118.261231608654, 34.0152385908641]]]}}, {"type": "Feature", "properties": {"zone_id": "0202U6OOYJJ8QMZTXUSRZL", "tract_id": "06037226701", "city": "LOS ANGELES, CA", "zone_code": "RD2-1", "zone_category": "Residential", "ev_permitted": false}, "geometry": {"type": "Polygon", "coordinates": [[[-118.261574604744, 34.0149358302853], [-118.261371572874, 34.0152549399433], [-118.261487660182, 34.0153074200495], [-118.261691052911, 34.0149877323606], [-118.261574604744, 34.0149358302853]]]}}, {"type": "Feature", "properties": {"zone_id": "0202TT7U23AK0GUX4XXZMU", "tract_id": "06037226701", "city": "LOS ANGELES, CA", "zone_code": "RD2-1", "zone_category": "Residential", "ev_permitted": false}, "geometry": {"type": "Polygon", "coordinates": [[[-118.261115488604, 34.0151861105833], [-118.260913936214, 34.0155042270396], [-118.261029629401, 34.0155572854905], [-118.261231608654, 34.0152385908641], [-118.261115488604, 34.0151861105833]]]}}, {"type": "Feature", "properties": {"zone_id": "0206DGDYLO0FEMF3IKM9LQ", "tract_id": "06037226701", "city": "LOS ANGELES, CA", "zone_code": "RD2-1", "zone_category": "Residential", "ev_permitted": false}, "geometry": {"type": "Polygon", "coordinates": [[[-118.260999335701, 34.0151336302623], [-118.26079824326, 34.0154511959563], [-118.260913936214, 34.0155042270396], [-118.261115488604, 34.0151861105833], [-118.260999335701, 34.0151336302623]]]}}, {"type": "Feature", "properties": {"zone_id": "0204PCDZYGUCOU1T732MQ3", "tract_id": "06037226701", "city": "LOS ANGELES, CA", "zone_code": "RD1.5-1", "zone_category": "Residential", "ev_permitted": false}, "geometry": {"type": "Polygon", "coordinates": [[[-118.260590212912, 34.0155440284422], [-118.260388784957, 34.0158606324279], [-118.260504018036, 34.0159142419496], [-118.260705872865, 34.0155970597964], [-118.260590212912, 34.0155440284422]]]}}, {"type": "Feature", "properties": {"zone_id": "0202ZLC96MYKWXJJDJXEDC", "tract_id": "06037226701", "city": "LOS ANGELES, CA", "zone_code": "C2-1VL", "zone_category": "Commercial", "ev_permitted": true}, "geometry": {"type": "Polygon", "coordinates": [[[-118.260105271053, 34.015980775784], [-118.260001877993, 34.016137489424], [-118.260163974368, 34.0162139155151], [-118.26026478804, 34.0160555036205], [-118.260105271053, 34.015980775784]]]}}, {"type": "Feature", "properties": {"zone_id": "0204JAMJIP0IQQFLETV6JU", "tract_id": "06037226701", "city": "LOS ANGELES, CA", "zone_code": "C2-1VL", "zone_category": "Commercial", "ev_permitted": true}, "geometry": {"type": "Polygon", "coordinates": [[[-118.260208630728, 34.0158240621282], [-118.260105271053, 34.015980775784], [-118.26026478804, 34.0160555036205], [-118.260365634243, 34.0158970640935], [-118.260208630728, 34.0158240621282]]]}}, {"type": "Feature", "properties": {"zone_id": "0202VATB10FT5XCUXBMS8H", "tract_id": "06037226701", "city": "LOS ANGELES, CA", "zone_code": "C2-1VL", "zone_category": "Commercial", "ev_permitted": true}, "geometry": {"type": "Polygon", "coordinates": [[[-118.260439062098, 34.0154747237615], [-118.260232475396, 34.0157879312621], [-118.260388784957, 34.0158606324279], [-118.260590212912, 34.0155440284422], [-118.260439062098, 34.0154747237615]]]}}, {"type": "Feature", "properties": {"zone_id": "0206G5C8SS26QD6H9K5O36", "tract_id": "06037226701", "city": "LOS ANGELES, CA", "zone_code": "RD2-1", "zone_category": "Residential", "ev_permitted": false}, "geometry": {"type": "Polygon", "coordinates": [[[-118.260883182944, 34.0150811498297], [-118.260682550452, 34.0153981647623], [-118.26079824326, 34.0154511959563], [-118.260999335701, 34.0151336302623], [-118.260883182944, 34.0150811498297]]]}}, {"type": "Feature", "properties": {"zone_id": "02077WF15DP45Y45TC55A3", "tract_id": "06037226701", "city": "LOS ANGELES, CA", "zone_code": "RD2-1", "zone_category": "Residential", "ev_permitted": false}, "geometry": {"type": "Polygon", "coordinates": [[[-118.260741090031, 34.0150169095032], [-118.260534439935, 34.0153302275685], [-118.260682550452, 34.0153981647623], [-118.260883182944, 34.0150811498297], [-118.260741090031, 34.0150169095032]]]}}, {"type": "Feature", "properties": {"zone_id": "0206O6PKQ3DK9VV0P9YACH", "tract_id": "06037226701", "city": "LOS ANGELES, CA", "zone_code": "RD2-1", "zone_category": "Residential", "ev_permitted": false}, "geometry": {"type": "Polygon", "coordinates": [[[-118.262337570656, 34.014676727107], [-118.262133129258, 34.0149977096601], [-118.262249577857, 34.0150496111968], [-118.262454413016, 34.0147280230584], [-118.262337570656, 34.014676727107]]]}}, {"type": "Feature", "properties": {"zone_id": "0200JV4RYN83KVOJT90J1F", "tract_id": "06037226701", "city": "LOS ANGELES, CA", "zone_code": "RD2-1", "zone_category": "Residential", "ev_permitted": false}, "geometry": {"type": "Polygon", "coordinates": [[[-118.262103919278, 34.0145741073153], [-118.261900199579, 34.0148939338002], [-118.26201664789, 34.0149458355613], [-118.262220761351, 34.0146254034925], [-118.262103919278, 34.0145741073153]]]}}, {"type": "Feature", "properties": {"zone_id": "0204VTS5EBP93WQ52S4D8R", "tract_id": "06037226701", "city": "LOS ANGELES, CA", "zone_code": "RD2-1", "zone_category": "Residential", "ev_permitted": false}, "geometry": {"type": "Polygon", "coordinates": [[[-118.262220761351, 34.0146254034925], [-118.26201664789, 34.0149458355613], [-118.262133129258, 34.0149977096601], [-118.262337570656, 34.014676727107], [-118.262220761351, 34.0146254034925]]]}}, {"type": "Feature", "properties": {"zone_id": "02030GAW48OJFUWB1XIYAT", "tract_id": "06037226701", "city": "LOS ANGELES, CA", "zone_code": "RD2-1", "zone_category": "Residential", "ev_permitted": false}, "geometry": {"type": "Polygon", "coordinates": [[[-118.261987077347, 34.0145228110251], [-118.261783751413, 34.014842031927], [-118.261900199579, 34.0148939338002], [-118.262103919278, 34.0145741073153], [-118.261987077347, 34.0145228110251]]]}}, {"type": "Feature", "properties": {"zone_id": "0200WRUKB0XWYTN2MRERNT", "tract_id": "06037226701", "city": "LOS ANGELES, CA", "zone_code": "RD2-1", "zone_category": "Residential", "ev_permitted": false}, "geometry": {"type": "Polygon", "coordinates": [[[-118.261870268558, 34.0144715145504], [-118.261667303391, 34.0147901299416], [-118.261783751413, 34.014842031927], [-118.261987077347, 34.0145228110251], [-118.261870268558, 34.0144715145504]]]}}, {"type": "Feature", "properties": {"zone_id": "0205W5XDN0PL6WD1BTOJT6", "tract_id": "06037226701", "city": "LOS ANGELES, CA", "zone_code": "RD2-1", "zone_category": "Residential", "ev_permitted": false}, "geometry": {"type": "Polygon", "coordinates": [[[-118.261753426828, 34.0144201905559], [-118.261550822601, 34.014738255394], [-118.261667303391, 34.0147901299416], [-118.261870268558, 34.0144715145504], [-118.261753426828, 34.0144201905559]]]}}, {"type": "Feature", "properties": {"zone_id": "0207HQB3CTNDA4CCDLAZ3P", "tract_id": "06037226701", "city": "LOS ANGELES, CA", "zone_code": "RD2-1", "zone_category": "Residential", "ev_permitted": false}, "geometry": {"type": "Polygon", "coordinates": [[[-118.261458156807, 34.0148839555763], [-118.261255518795, 34.0152024871328], [-118.261371572874, 34.0152549399433], [-118.261574604744, 34.0149358302853], [-118.261458156807, 34.0148839555763]]]}}, {"type": "Feature", "properties": {"zone_id": "0200GYPB6A62JC5Z3UR46A", "tract_id": "06037226701", "city": "LOS ANGELES, CA", "zone_code": "RD2-1", "zone_category": "Residential", "ev_permitted": false}, "geometry": {"type": "Polygon", "coordinates": [[[-118.26122526128, 34.0147801783433], [-118.261023378076, 34.0150975812488], [-118.261139431864, 34.0151500342822], [-118.261341708928, 34.0148320532767], [-118.26122526128, 34.0147801783433]]]}}, {"type": "Feature", "properties": {"zone_id": "020309K8M8VJY1X9M1C0NA", "tract_id": "06037226701", "city": "LOS ANGELES, CA", "zone_code": "RD2-1", "zone_category": "Residential", "ev_permitted": false}, "geometry": {"type": "Polygon", "coordinates": [[[-118.26110881369, 34.0147282758192], [-118.260907291436, 34.0150451281752], [-118.261023378076, 34.0150975812488], [-118.26122526128, 34.0147801783433], [-118.26110881369, 34.0147282758192]]]}}, {"type": "Feature", "properties": {"zone_id": "0204KNDZHHXP07ROOHZX7P", "tract_id": "06037226701", "city": "LOS ANGELES, CA", "zone_code": "RD2-1", "zone_category": "Residential", "ev_permitted": false}, "geometry": {"type": "Polygon", "coordinates": [[[-118.261341708928, 34.0148320532767], [-118.261139431864, 34.0151500342822], [-118.261255518795, 34.0152024871328], [-118.261458156807, 34.0148839555763], [-118.261341708928, 34.0148320532767]]]}}, {"type": "Feature", "properties": {"zone_id": "0201PZMBJD7MASOU6VDALB", "tract_id": "06037226701", "city": "LOS ANGELES, CA", "zone_code": "RD2-1", "zone_category": "Residential", "ev_permitted": false}, "geometry": {"type": "Polygon", "coordinates": [[[-118.261636585327, 34.0143688939269], [-118.261434374867, 34.0146863531841], [-118.261550822601, 34.014738255394], [-118.261753426828, 34.0144201905559], [-118.261636585327, 34.0143688939269]]]}}, {"type": "Feature", "properties": {"zone_id": "0206ZKG91WC5L3QIMQ393R", "tract_id": "06037226701", "city": "LOS ANGELES, CA", "zone_code": "RD2-1", "zone_category": "Residential", "ev_permitted": false}, "geometry": {"type": "Polygon", "coordinates": [[[-118.260973564199, 34.0146680053689], [-118.260833222712, 34.0148797019268], [-118.260972900351, 34.0149419414246], [-118.26110881369, 34.0147282758192], [-118.260973564199, 34.0146680053689]]]}}, {"type": "Feature", "properties": {"zone_id": "0202WA3BWIPG58844KUPBX", "tract_id": "06037226701", "city": "LOS ANGELES, CA", "zone_code": "CPIO", "zone_category": "Other", "ev_permitted": false}, "geometry": {"type": "Polygon", "coordinates": [[[-118.262213551182, 34.0141671577749], [-118.262010259973, 34.0144863789799], [-118.262127101867, 34.0145376752476], [-118.262330753922, 34.0142178760083], [-118.262213551182, 34.0141671577749]]]}}, {"type": "Feature", "properties": {"zone_id": "0203YJISGXOGLQR89LZ59F", "tract_id": "06037226701", "city": "LOS ANGELES, CA", "zone_code": "CPIO", "zone_category": "Other", "ev_permitted": false}, "geometry": {"type": "Polygon", "coordinates": [[[-118.262330753922, 34.0142178760083], [-118.262127101867, 34.0145376752476], [-118.262243910992, 34.0145889989524], [-118.262447956717, 34.0142685666496], [-118.262330753922, 34.0142178760083]]]}}, {"type": "Feature", "properties": {"zone_id": "0200MJZ1BM9TV5POK0RBU9", "tract_id": "06037226701", "city": "LOS ANGELES, CA", "zone_code": "CPIO", "zone_category": "Other", "ev_permitted": false}, "geometry": {"type": "Polygon", "coordinates": [[[-118.262096315587, 34.0141164394995], [-118.261893418137, 34.0144350551209], [-118.262010259973, 34.0144863789799], [-118.262213551182, 34.0141671577749], [-118.262096315587, 34.0141164394995]]]}}, {"type": "Feature", "properties": {"zone_id": "02013NZV024HBOZJEJC1MP", "tract_id": "06037226701", "city": "LOS ANGELES, CA", "zone_code": "CPIO", "zone_category": "Other", "ev_permitted": false}, "geometry": {"type": "Polygon", "coordinates": [[[-118.261744708732, 34.0139643112548], [-118.261542926742, 34.01428116523], [-118.261659768149, 34.0143324894278], [-118.261861910817, 34.0140150024644], [-118.261744708732, 34.0139643112548]]]}}, {"type": "Feature", "properties": {"zone_id": "0203264PG69RPR7WDXZCS1", "tract_id": "06037226701", "city": "LOS ANGELES, CA", "zone_code": "CPIO", "zone_category": "Other", "ev_permitted": false}, "geometry": {"type": "Polygon", "coordinates": [[[-118.261861910817, 34.0140150024644], [-118.261659768149, 34.0143324894278], [-118.261776609613, 34.0143837860342], [-118.261979146129, 34.0140657209671], [-118.261861910817, 34.0140150024644]]]}}, {"type": "Feature", "properties": {"zone_id": "0204E44G61K4KA3VFSSW8J", "tract_id": "06037226701", "city": "LOS ANGELES, CA", "zone_code": "CPIO", "zone_category": "Other", "ev_permitted": false}, "geometry": {"type": "Polygon", "coordinates": [[[-118.261979146129, 34.0140657209671], [-118.261776609613, 34.0143837860342], [-118.261893418137, 34.0144350551209], [-118.262096315587, 34.0141164394995], [-118.261979146129, 34.0140657209671]]]}}, {"type": "Feature", "properties": {"zone_id": "0203NHGKCC1RKTU5ASIBPE", "tract_id": "06037226701", "city": "LOS ANGELES, CA", "zone_code": "RD2-1", "zone_category": "Residential", "ev_permitted": false}, "geometry": {"type": "Polygon", "coordinates": [[[-118.261402935753, 34.0142663002586], [-118.26120147992, 34.0145825759064], [-118.261317927278, 34.0146344508621], [-118.261519776967, 34.0143175971135], [-118.261402935753, 34.0142663002586]]]}}, {"type": "Feature", "properties": {"zone_id": "0202P03T4835RH6GY3BYND", "tract_id": "06037226701", "city": "LOS ANGELES, CA", "zone_code": "RD2-1", "zone_category": "Residential", "ev_permitted": false}, "geometry": {"type": "Polygon", "coordinates": [[[-118.261519776967, 34.0143175971135], [-118.261317927278, 34.0146344508621], [-118.261434374867, 34.0146863531841], [-118.261636585327, 34.0143688939269], [-118.261519776967, 34.0143175971135]]]}}, {"type": "Feature", "properties": {"zone_id": "0203R6B7L0Q4Q22ZWNYKMB", "tract_id": "06037226701", "city": "LOS ANGELES, CA", "zone_code": "RD2-1", "zone_category": "Residential", "ev_permitted": false}, "geometry": {"type": "Polygon", "coordinates": [[[-118.261276743363, 34.0142108742569], [-118.261069303771, 34.0145237003248], [-118.26120147992, 34.0145825759064], [-118.261402935753, 34.0142663002586], [-118.261276743363, 34.0142108742569]]]}}, {"type": "Feature", "properties": {"zone_id": "02013IKJX70BFLBGT6GQR2", "tract_id": "06037226701", "city": "LOS ANGELES, CA", "zone_code": "CPIO", "zone_category": "Other", "ev_permitted": false}, "geometry": {"type": "Polygon", "coordinates": [[[-118.261508157136, 34.0138619713953], [-118.261300686276, 34.0141747979259], [-118.261542926742, 34.01428116523], [-118.261744708732, 34.0139643112548], [-118.261508157136, 34.0138619713953]]]}}, {"type": "Feature", "properties": {"zone_id": "0207NGJUTLVPJ2FR3R2SBN", "tract_id": "06037226701", "city": "LOS ANGELES, CA", "zone_code": "RD2-1", "zone_category": "Residential", "ev_permitted": false}, "geometry": {"type": "Polygon", "coordinates": [[[-118.260833222712, 34.0148797019268], [-118.260765925636, 34.0149812435289], [-118.260907291436, 34.0150451281752], [-118.260972900351, 34.0149419414246], [-118.260833222712, 34.0148797019268]]]}}, {"type": "Feature", "properties": {"zone_id": "0201OTTA3NSEQCC1H9GLKD", "tract_id": "06037226701", "city": "LOS ANGELES, CA", "zone_code": "CM-1VL", "zone_category": "Commercial", "ev_permitted": true}, "geometry": {"type": "Polygon", "coordinates": [[[-118.267725196617, 34.0190866530464], [-118.267647638697, 34.0192079509536], [-118.267939683978, 34.0193406020563], [-118.26801724151, 34.0192192764821], [-118.267725196617, 34.0190866530464]]]}}, {"type": "Feature", "properties": {"zone_id": "02015VVGGW0YFF02ZNBLN3", "tract_id": "06037226701", "city": "LOS ANGELES, CA", "zone_code": "CM-1VL", "zone_category": "Commercial", "ev_permitted": true}, "geometry": {"type": "Polygon", "coordinates": [[[-118.267957803035, 34.0187227608947], [-118.267880278695, 34.0188440296798], [-118.268172323075, 34.0189766802169], [-118.268249846932, 34.018855354569], [-118.267957803035, 34.0187227608947]]]}}, {"type": "Feature", "properties": {"zone_id": "0200Z2K2VAL6BX4V47KAA0", "tract_id": "06037226701", "city": "LOS ANGELES, CA", "zone_code": "CM-1VL", "zone_category": "Commercial", "ev_permitted": true}, "geometry": {"type": "Polygon", "coordinates": [[[-118.267880278695, 34.0188440296798], [-118.267725196617, 34.0190866530464], [-118.26801724151, 34.0192192764821], [-118.268172323075, 34.0189766802169], [-118.267880278695, 34.0188440296798]]]}}, {"type": "Feature", "properties": {"zone_id": "0206OW3FMENH96YVPDPFVX", "tract_id": "06037226701", "city": "LOS ANGELES, CA", "zone_code": "CPIO", "zone_category": "Other", "ev_permitted": false}, "geometry": {"type": "Polygon", "coordinates": [[[-118.268435266133, 34.0185651249929], [-118.268041770137, 34.0185730888671], [-118.268219633334, 34.018653838274], [-118.268381154199, 34.0186498246174], [-118.268435266133, 34.0185651249929]]]}}, {"type": "Feature", "properties": {"zone_id": "02028WMBCOI13LWC6P23LZ", "tract_id": "06037226701", "city": "LOS ANGELES, CA", "zone_code": "CPIO", "zone_category": "Other", "ev_permitted": false}, "geometry": {"type": "Polygon", "coordinates": [[[-118.268381154199, 34.0186498246174], [-118.268219633334, 34.018653838274], [-118.268342868735, 34.0187097857245], [-118.268381154199, 34.0186498246174]]]}}, {"type": "Feature", "properties": {"zone_id": "02073L9MYWKVCPL2DAKG9T", "tract_id": "06037226701", "city": "LOS ANGELES, CA", "zone_code": "CPIO", "zone_category": "Other", "ev_permitted": false}, "geometry": {"type": "Polygon", "coordinates": [[[-118.268094140611, 34.0184906465132], [-118.26787200393, 34.0184960033718], [-118.268041770137, 34.0185730888671], [-118.268094140611, 34.0184906465132]]]}}, {"type": "Feature", "properties": {"zone_id": "0206DD64DGHKI3UBKB7XQ9", "tract_id": "06037226701", "city": "LOS ANGELES, CA", "zone_code": "CM-1VL", "zone_category": "Commercial", "ev_permitted": true}, "geometry": {"type": "Polygon", "coordinates": [[[-118.268428126556, 34.0179646772606], [-118.268041770137, 34.0185730888671], [-118.268435266133, 34.0185651249929], [-118.268730679535, 34.0181026064478], [-118.268428126556, 34.0179646772606]]]}}, {"type": "Feature", "properties": {"zone_id": "0204IUX8LFDMX8V7C0FIMU", "tract_id": "06037226701", "city": "LOS ANGELES, CA", "zone_code": "CM-1VL", "zone_category": "Commercial", "ev_permitted": true}, "geometry": {"type": "Polygon", "coordinates": [[[-118.268049280907, 34.0181877115077], [-118.26785713246, 34.0184892491432], [-118.26787200393, 34.0184960033718], [-118.268094140611, 34.0184906465132], [-118.268233225124, 34.018271552476], [-118.268049280907, 34.0181877115077]]]}}, {"type": "Feature", "properties": {"zone_id": "0207B2KJA7VPHBI82G14IK", "tract_id": "06037226701", "city": "LOS ANGELES, CA", "zone_code": "R2-1", "zone_category": "Residential", "ev_permitted": false}, "geometry": {"type": "Polygon", "coordinates": [[[-118.267933481516, 34.018134934781], [-118.267741234303, 34.0184366373216], [-118.26785713246, 34.0184892491432], [-118.268049280907, 34.0181877115077], [-118.267933481516, 34.018134934781]]]}}, {"type": "Feature", "properties": {"zone_id": "0201A2C2SVGGQ2FUYFITN6", "tract_id": "06037226701", "city": "LOS ANGELES, CA", "zone_code": "CPIO", "zone_category": "Other", "ev_permitted": false}, "geometry": {"type": "Polygon", "coordinates": [[[-118.268244678598, 34.017881082797], [-118.268049280907, 34.0181877115077], [-118.268233225124, 34.018271552476], [-118.268428126556, 34.0179646772606], [-118.268244678598, 34.017881082797]]]}}, {"type": "Feature", "properties": {"zone_id": "0201HTJY5MX2TZ0JOOHCW5", "tract_id": "06037226701", "city": "LOS ANGELES, CA", "zone_code": "R2-1", "zone_category": "Residential", "ev_permitted": false}, "geometry": {"type": "Polygon", "coordinates": [[[-118.268128879509, 34.0178283062587], [-118.267933481516, 34.018134934781], [-118.268049280907, 34.0181877115077], [-118.268244678598, 34.017881082797], [-118.268128879509, 34.0178283062587]]]}}, {"type": "Feature", "properties": {"zone_id": "02063PXW4OECC2F92010LD", "tract_id": "06037226701", "city": "LOS ANGELES, CA", "zone_code": "R2-1", "zone_category": "Residential", "ev_permitted": false}, "geometry": {"type": "Polygon", "coordinates": [[[-118.268013113564, 34.0177755295361], [-118.267817715271, 34.0180821578702], [-118.267933481516, 34.018134934781], [-118.268128879509, 34.0178283062587], [-118.268013113564, 34.0177755295361]]]}}, {"type": "Feature", "properties": {"zone_id": "0205TLWWUJHK738SFT7QLY", "tract_id": "06037226701", "city": "LOS ANGELES, CA", "zone_code": "CPIO", "zone_category": "Other", "ev_permitted": false}, "geometry": {"type": "Polygon", "coordinates": [[[-118.268970864841, 34.017121358277], [-118.26874273301, 34.0174783469796], [-118.268557798556, 34.0173940418602], [-118.268339285577, 34.0177362248837], [-118.268823666666, 34.0179570373127], [-118.269251857274, 34.0172869777131], [-118.269227049634, 34.0172380935583], [-118.268970864841, 34.017121358277]]]}}, {"type": "Feature", "properties": {"zone_id": "0205OE8QQ0652YK0WTHB22", "tract_id": "06037226701", "city": "LOS ANGELES, CA", "zone_code": "R2-1", "zone_category": "Residential", "ev_permitted": false}, "geometry": {"type": "Polygon", "coordinates": [[[-118.267897347766, 34.0177227527027], [-118.26770191626, 34.0180294084], [-118.267817715271, 34.0180821578702], [-118.268013113564, 34.0177755295361], [-118.267897347766, 34.0177227527027]]]}}, {"type": "Feature", "properties": {"zone_id": "0204AYVTH98DAWPSA01MV8", "tract_id": "06037226701", "city": "LOS ANGELES, CA", "zone_code": "CPIO", "zone_category": "Other", "ev_permitted": false}, "geometry": {"type": "Polygon", "coordinates": [[[-118.268441867859, 34.0173412384388], [-118.268223354543, 34.0176834212513], [-118.268339285577, 34.0177362248837], [-118.268557798556, 34.0173940418602], [-118.268441867859, 34.0173412384388]]]}}, {"type": "Feature", "properties": {"zone_id": "0200FZUPIXNBY935DWXH9U", "tract_id": "06037226701", "city": "LOS ANGELES, CA", "zone_code": "R2-1", "zone_category": "Residential", "ev_permitted": false}, "geometry": {"type": "Polygon", "coordinates": [[[-118.268325937308, 34.0172884349062], [-118.268107456567, 34.0176305899561], [-118.268223354543, 34.0176834212513], [-118.268441867859, 34.0173412384388], [-118.268325937308, 34.0172884349062]]]}}, {"type": "Feature", "properties": {"zone_id": "0202WU85DPZ60BLE5WQG4Q", "tract_id": "06037226701", "city": "LOS ANGELES, CA", "zone_code": "R2-1", "zone_category": "Residential", "ev_permitted": false}, "geometry": {"type": "Polygon", "coordinates": [[[-118.268210039726, 34.0172355762323], [-118.26799149274, 34.0175777586963], [-118.268107456567, 34.0176305899561], [-118.268325937308, 34.0172884349062], [-118.268210039726, 34.0172355762323]]]}}, {"type": "Feature", "properties": {"zone_id": "0200T7ON253U5LQWHQDPDB", "tract_id": "06037226701", "city": "LOS ANGELES, CA", "zone_code": "CPIO", "zone_category": "Other", "ev_permitted": false}, "geometry": {"type": "Polygon", "coordinates": [[[-118.268732132658, 34.0170031821911], [-118.268499502803, 34.0173675172444], [-118.268644383311, 34.0174335283777], [-118.268876351771, 34.0170688922508], [-118.268732132658, 34.0170031821911]]]}}, {"type": "Feature", "properties": {"zone_id": "02016O78Y9TSKEJO567OJ8", "tract_id": "06037226701", "city": "LOS ANGELES, CA", "zone_code": "CPIO", "zone_category": "Other", "ev_permitted": false}, "geometry": {"type": "Polygon", "coordinates": [[[-118.268876351771, 34.0170688922508], [-118.268644383311, 34.0174335283777], [-118.26874273301, 34.0174783469796], [-118.268975494287, 34.017114066118], [-118.268876351771, 34.0170688922508]]]}}, {"type": "Feature", "properties": {"zone_id": "02061BW2JMXMNR76RYIKQF", "tract_id": "06037226701", "city": "LOS ANGELES, CA", "zone_code": "CPIO", "zone_category": "Other", "ev_permitted": false}, "geometry": {"type": "Polygon", "coordinates": [[[-118.268292864182, 34.0168123857671], [-118.268064862561, 34.0171694553241], [-118.268499502803, 34.0173675172444], [-118.268727503109, 34.0170104468622], [-118.268292864182, 34.0168123857671]]]}}, {"type": "Feature", "properties": {"zone_id": "0205SV3G8JH6SYYWH3F9IG", "tract_id": "06037226701", "city": "LOS ANGELES, CA", "zone_code": "CPIO", "zone_category": "Other", "ev_permitted": false}, "geometry": {"type": "Polygon", "coordinates": [[[-118.267866918722, 34.0166182882276], [-118.267638948811, 34.0169753569028], [-118.268064862561, 34.0171694553241], [-118.268292864182, 34.0168123857671], [-118.268147394042, 34.0167473098013], [-118.267866918722, 34.0166182882276]]]}}, {"type": "Feature", "properties": {"zone_id": "0203QG8FBJX7ZKCO0FVRPP", "tract_id": "06037226701", "city": "LOS ANGELES, CA", "zone_code": "R2-1", "zone_category": "Residential", "ev_permitted": false}, "geometry": {"type": "Polygon", "coordinates": [[[-118.268094076469, 34.0171827725507], [-118.267875594968, 34.0175248997003], [-118.26799149274, 34.0175777586963], [-118.268210039726, 34.0172355762323], [-118.268094076469, 34.0171827725507]]]}}, {"type": "Feature", "properties": {"zone_id": "020743X3GB0T2DF1QFJYKG", "tract_id": "06037226701", "city": "LOS ANGELES, CA", "zone_code": "R2-1", "zone_category": "Residential", "ev_permitted": false}, "geometry": {"type": "Polygon", "coordinates": [[[-118.267978146269, 34.0171299412061], [-118.267759697432, 34.0174720680716], [-118.267875594968, 34.0175248997003], [-118.268094076469, 34.0171827725507], [-118.267978146269, 34.0171299412061]]]}}, {"type": "Feature", "properties": {"zone_id": "02006E0GR7GL0TXS4FYX2U", "tract_id": "06037226701", "city": "LOS ANGELES, CA", "zone_code": "R3-1", "zone_category": "Residential", "ev_permitted": false}, "geometry": {"type": "Polygon", "coordinates": [[[-118.266459268031, 34.0209569310939], [-118.266397271537, 34.0210539301971], [-118.266746485364, 34.0212094301996], [-118.266808251529, 34.02111273369], [-118.266459268031, 34.0209569310939]]]}}, {"type": "Feature", "properties": {"zone_id": "0203W7YXNPE3YL6DH0RJOQ", "tract_id": "06037226701", "city": "LOS ANGELES, CA", "zone_code": "R3-1", "zone_category": "Residential", "ev_permitted": false}, "geometry": {"type": "Polygon", "coordinates": [[[-118.266397271537, 34.0210539301971], [-118.266335241986, 34.0211509568201], [-118.266684423103, 34.021306457076], [-118.266746485364, 34.0212094301996], [-118.266397271537, 34.0210539301971]]]}}, {"type": "Feature", "properties": {"zone_id": "0200KXZMWCSXMB0NZD9IAB", "tract_id": "06037226701", "city": "LOS ANGELES, CA", "zone_code": "R3-1", "zone_category": "Residential", "ev_permitted": false}, "geometry": {"type": "Polygon", "coordinates": [[[-118.266335241986, 34.0211509568201], [-118.266273245292, 34.0212479833391], [-118.266622426786, 34.0214035112536], [-118.266684423103, 34.021306457076], [-118.266335241986, 34.0211509568201]]]}}, {"type": "Feature", "properties": {"zone_id": "0206U98QHDU9E4JUJMLXG5", "tract_id": "06037226701", "city": "LOS ANGELES, CA", "zone_code": "R3-1", "zone_category": "Residential", "ev_permitted": false}, "geometry": {"type": "Polygon", "coordinates": [[[-118.266629591836, 34.0206899295876], [-118.266552196282, 34.0208113638301], [-118.266901212347, 34.0209671660833], [-118.266978673452, 34.0208457039915], [-118.266629591836, 34.0206899295876]]]}}, {"type": "Feature", "properties": {"zone_id": "02027OG7I3SVJ2UVF65RVV", "tract_id": "06037226701", "city": "LOS ANGELES, CA", "zone_code": "R3-1", "zone_category": "Residential", "ev_permitted": false}, "geometry": {"type": "Polygon", "coordinates": [[[-118.266172222709, 34.0212145722458], [-118.265978449807, 34.0215180889587], [-118.266071788263, 34.0215633879331], [-118.266265659846, 34.0212598433728], [-118.266172222709, 34.0212145722458]]]}}, {"type": "Feature", "properties": {"zone_id": "0203VS82F7ONGDVFH1BK4M", "tract_id": "06037226701", "city": "LOS ANGELES, CA", "zone_code": "R3-1", "zone_category": "Residential", "ev_permitted": false}, "geometry": {"type": "Polygon", "coordinates": [[[-118.266273245292, 34.0212479833391], [-118.266211215454, 34.0213450098996], [-118.266560430238, 34.0215005379214], [-118.266622426786, 34.0214035112536], [-118.266273245292, 34.0212479833391]]]}}, {"type": "Feature", "properties": {"zone_id": "0200MFXIJUDIPM5MWHGZ38", "tract_id": "06037226701", "city": "LOS ANGELES, CA", "zone_code": "R3-1", "zone_category": "Residential", "ev_permitted": false}, "geometry": {"type": "Polygon", "coordinates": [[[-118.266211215454, 34.0213450098996], [-118.266149185472, 34.0214420364287], [-118.266498400545, 34.0215975646309], [-118.266560430238, 34.0215005379214], [-118.266211215454, 34.0213450098996]]]}}, {"type": "Feature", "properties": {"zone_id": "02040XJRZX4F8DNGHW8E2G", "tract_id": "06037226701", "city": "LOS ANGELES, CA", "zone_code": "R3-1", "zone_category": "Residential", "ev_permitted": false}, "geometry": {"type": "Polygon", "coordinates": [[[-118.266149185472, 34.0214420364287], [-118.266071788263, 34.0215633879331], [-118.266420871434, 34.0217188342162], [-118.266498400545, 34.0215975646309], [-118.266149185472, 34.0214420364287]]]}}, {"type": "Feature", "properties": {"zone_id": "0206D0RIITAS72T8J67VH0", "tract_id": "06037226701", "city": "LOS ANGELES, CA", "zone_code": "RD1.5-1", "zone_category": "Residential", "ev_permitted": false}, "geometry": {"type": "Polygon", "coordinates": [[[-118.266075150115, 34.0211675779043], [-118.265881376883, 34.021471066982], [-118.265978449807, 34.0215180889587], [-118.266172222709, 34.0212145722458], [-118.266075150115, 34.0211675779043]]]}}, {"type": "Feature", "properties": {"zone_id": "020510JXMDGOWR8SJ4ZA24", "tract_id": "06037226701", "city": "LOS ANGELES, CA", "zone_code": "RD1.5-1", "zone_category": "Residential", "ev_permitted": false}, "geometry": {"type": "Polygon", "coordinates": [[[-118.265932532424, 34.0210984810686], [-118.265738758922, 34.0214019973947], [-118.265881376883, 34.021471066982], [-118.266075150115, 34.0211675779043], [-118.265932532424, 34.0210984810686]]]}}, {"type": "Feature", "properties": {"zone_id": "0202SOM6JK7HBPBKNCEN0G", "tract_id": "06037226701", "city": "LOS ANGELES, CA", "zone_code": "RD1.5-1", "zone_category": "Residential", "ev_permitted": false}, "geometry": {"type": "Polygon", "coordinates": [[[-118.265789914968, 34.0210293840647], [-118.265596174109, 34.021332900088], [-118.265738758922, 34.0214019973947], [-118.265932532424, 34.0210984810686], [-118.265789914968, 34.0210293840647]]]}}, {"type": "Feature", "properties": {"zone_id": "0200Y8T0IQ487XDUXYWIQR", "tract_id": "06037226701", "city": "LOS ANGELES, CA", "zone_code": "R3-1", "zone_category": "Residential", "ev_permitted": false}, "geometry": {"type": "Polygon", "coordinates": [[[-118.266268560686, 34.0208646388908], [-118.266075150115, 34.0211675779043], [-118.266265659846, 34.0212598433728], [-118.266459268031, 34.0209569310939], [-118.266268560686, 34.0208646388908]]]}}, {"type": "Feature", "properties": {"zone_id": "0202JEAU2MIEC5PKH7HDIU", "tract_id": "06037226701", "city": "LOS ANGELES, CA", "zone_code": "RD1.5-1", "zone_category": "Residential", "ev_permitted": false}, "geometry": {"type": "Polygon", "coordinates": [[[-118.266125943439, 34.0207955697633], [-118.265932532424, 34.0210984810686], [-118.266075150115, 34.0211675779043], [-118.266268560686, 34.0208646388908], [-118.266125943439, 34.0207955697633]]]}}, {"type": "Feature", "properties": {"zone_id": "02033NDAOFQ3MLR2TQ6QX0", "tract_id": "06037226701", "city": "LOS ANGELES, CA", "zone_code": "RD1.5-1", "zone_category": "Residential", "ev_permitted": false}, "geometry": {"type": "Polygon", "coordinates": [[[-118.265983293339, 34.0207264730618], [-118.265789914968, 34.0210293840647], [-118.265932532424, 34.0210984810686], [-118.266125943439, 34.0207955697633], [-118.265983293339, 34.0207264730618]]]}}, {"type": "Feature", "properties": {"zone_id": "02032J05RCL1J5T0FA0BV6", "tract_id": "06037226701", "city": "LOS ANGELES, CA", "zone_code": "RD1.5-1", "zone_category": "Residential", "ev_permitted": false}, "geometry": {"type": "Polygon", "coordinates": [[[-118.26584004851, 34.020657075237], [-118.265647297835, 34.020960314371], [-118.265789914968, 34.0210293840647], [-118.265983293339, 34.0207264730618], [-118.26584004851, 34.020657075237]]]}}, {"type": "Feature", "properties": {"zone_id": "0200HLKOM616XI547FZTF4", "tract_id": "06037226701", "city": "LOS ANGELES, CA", "zone_code": "RD1.5-1", "zone_category": "Residential", "ev_permitted": false}, "geometry": {"type": "Polygon", "coordinates": [[[-118.265647297835, 34.020960314371], [-118.265453523531, 34.0212638027583], [-118.265596174109, 34.021332900088], [-118.265789914968, 34.0210293840647], [-118.265647297835, 34.020960314371]]]}}, {"type": "Feature", "properties": {"zone_id": "0201N9G3UM232ELXMK9P08", "tract_id": "06037226701", "city": "LOS ANGELES, CA", "zone_code": "RD1.5-1", "zone_category": "Residential", "ev_permitted": false}, "geometry": {"type": "Polygon", "coordinates": [[[-118.26550468085, 34.0208912170307], [-118.265310906102, 34.0211946777094], [-118.265453523531, 34.0212638027583], [-118.265647297835, 34.020960314371], [-118.26550468085, 34.0208912170307]]]}}, {"type": "Feature", "properties": {"zone_id": "02051ROFV4OBL9WR6H6RMT", "tract_id": "06037226701", "city": "LOS ANGELES, CA", "zone_code": "RD1.5-1", "zone_category": "Residential", "ev_permitted": false}, "geometry": {"type": "Polygon", "coordinates": [[[-118.265362064101, 34.0208221195221], [-118.265168256169, 34.0211256350001], [-118.265310906102, 34.0211946777094], [-118.26550468085, 34.0208912170307], [-118.265362064101, 34.0208221195221]]]}}, {"type": "Feature", "properties": {"zone_id": "02020BV7VU7PUN3L7H2412", "tract_id": "06037226701", "city": "LOS ANGELES, CA", "zone_code": "RD1.5-1", "zone_category": "Residential", "ev_permitted": false}, "geometry": {"type": "Polygon", "coordinates": [[[-118.265219414587, 34.0207530219179], [-118.265025639298, 34.0210565370932], [-118.265168256169, 34.0211256350001], [-118.265362064101, 34.0208221195221], [-118.265219414587, 34.0207530219179]]]}}, {"type": "Feature", "properties": {"zone_id": "0201XVDQZDXEW4W0OSSSHN", "tract_id": "06037226701", "city": "LOS ANGELES, CA", "zone_code": "RD1.5-1", "zone_category": "Residential", "ev_permitted": false}, "geometry": {"type": "Polygon", "coordinates": [[[-118.264934182265, 34.0206148260596], [-118.264740406263, 34.0209183407746], [-118.264883022663, 34.020987439018], [-118.265076798308, 34.0206839240728], [-118.264934182265, 34.0206148260596]]]}}, {"type": "Feature", "properties": {"zone_id": "0202J8XX0BQAMXTUDN793O", "tract_id": "06037226701", "city": "LOS ANGELES, CA", "zone_code": "RD1.5-1", "zone_category": "Residential", "ev_permitted": false}, "geometry": {"type": "Polygon", "coordinates": [[[-118.265076798308, 34.0206839240728], [-118.264883022663, 34.020987439018], [-118.265025639298, 34.0210565370932], [-118.265219414587, 34.0207530219179], [-118.265076798308, 34.0206839240728]]]}}, {"type": "Feature", "properties": {"zone_id": "0207JPC8NB3XW9LDGG1K1F", "tract_id": "06037226701", "city": "LOS ANGELES, CA", "zone_code": "R3-1", "zone_category": "Residential", "ev_permitted": false}, "geometry": {"type": "Polygon", "coordinates": [[[-118.266691587266, 34.0205927654964], [-118.266629591836, 34.0206899295876], [-118.266978673452, 34.0208457039915], [-118.267040668504, 34.0207485122416], [-118.266691587266, 34.0205927654964]]]}}, {"type": "Feature", "properties": {"zone_id": "0203EW9W6DPV9HK894HUYY", "tract_id": "06037226701", "city": "LOS ANGELES, CA", "zone_code": "R3-1", "zone_category": "Residential", "ev_permitted": false}, "geometry": {"type": "Polygon", "coordinates": [[[-118.266753483814, 34.020495684028], [-118.266691587266, 34.0205927654964], [-118.267040668504, 34.0207485122416], [-118.267102531762, 34.0206514306665], [-118.266753483814, 34.020495684028]]]}}, {"type": "Feature", "properties": {"zone_id": "02035OCQM6VO3QSE9KEVUN", "tract_id": "06037226701", "city": "LOS ANGELES, CA", "zone_code": "R3-1", "zone_category": "Residential", "ev_permitted": false}, "geometry": {"type": "Polygon", "coordinates": [[[-118.266815445956, 34.0203985199473], [-118.266753483814, 34.020495684028], [-118.267102531762, 34.0206514306665], [-118.267164526526, 34.0205542388541], [-118.266815445956, 34.0203985199473]]]}}, {"type": "Feature", "properties": {"zone_id": "02041IT6OKD5NWMFML7SCC", "tract_id": "06037226701", "city": "LOS ANGELES, CA", "zone_code": "R3-1", "zone_category": "Residential", "ev_permitted": false}, "geometry": {"type": "Polygon", "coordinates": [[[-118.266574494529, 34.020424799772], [-118.266380956004, 34.0207283440854], [-118.266552196282, 34.0208113638301], [-118.266745833116, 34.0205077365865], [-118.266574494529, 34.020424799772]]]}}, {"type": "Feature", "properties": {"zone_id": "0206V9JYPEUH9I7AS6CIFE", "tract_id": "06037226701", "city": "LOS ANGELES, CA", "zone_code": "R3-1", "zone_category": "Residential", "ev_permitted": false}, "geometry": {"type": "Polygon", "coordinates": [[[-118.266877414147, 34.0203013575389], [-118.266815445956, 34.0203985199473], [-118.267164526526, 34.0205542388541], [-118.267226488146, 34.0204570470835], [-118.266877414147, 34.0203013575389]]]}}, {"type": "Feature", "properties": {"zone_id": "020629OD45EHRLKWU1IYTT", "tract_id": "06037226701", "city": "LOS ANGELES, CA", "zone_code": "R3-1", "zone_category": "Residential", "ev_permitted": false}, "geometry": {"type": "Polygon", "coordinates": [[[-118.266939369808, 34.0202041916919], [-118.266877414147, 34.0203013575389], [-118.267226488146, 34.0204570470835], [-118.26728844971, 34.0203598827602], [-118.266939369808, 34.0202041916919]]]}}, {"type": "Feature", "properties": {"zone_id": "0202ESQIU80KXLX4SPQZJY", "tract_id": "06037226701", "city": "LOS ANGELES, CA", "zone_code": "R3-1", "zone_category": "Residential", "ev_permitted": false}, "geometry": {"type": "Polygon", "coordinates": [[[-118.26674820086, 34.0201116539659], [-118.266554663689, 34.0204151985524], [-118.266745833116, 34.0205077365865], [-118.266939369808, 34.0202041916919], [-118.26674820086, 34.0201116539659]]]}}, {"type": "Feature", "properties": {"zone_id": "0206Q002O01TIM588QRVXE", "tract_id": "06037226701", "city": "LOS ANGELES, CA", "zone_code": "RD1.5-1", "zone_category": "Residential", "ev_permitted": false}, "geometry": {"type": "Polygon", "coordinates": [[[-118.266605485412, 34.0200425581483], [-118.266411980796, 34.0203460749535], [-118.266554663689, 34.0204151985524], [-118.26674820086, 34.0201116539659], [-118.266605485412, 34.0200425581483]]]}}, {"type": "Feature", "properties": {"zone_id": "0207I9GCFIF88HVI0W12PP", "tract_id": "06037226701", "city": "LOS ANGELES, CA", "zone_code": "R3-1", "zone_category": "Residential", "ev_permitted": false}, "geometry": {"type": "Polygon", "coordinates": [[[-118.267245300966, 34.0198377189004], [-118.267168037602, 34.0199586861057], [-118.267459985566, 34.0200912836369], [-118.26753728163, 34.0199703161707], [-118.267245300966, 34.0198377189004]]]}}, {"type": "Feature", "properties": {"zone_id": "0203NTO9MR8WNSBRY2Q181", "tract_id": "06037226701", "city": "LOS ANGELES, CA", "zone_code": "R3-1", "zone_category": "Residential", "ev_permitted": false}, "geometry": {"type": "Polygon", "coordinates": [[[-118.267168037602, 34.0199586861057], [-118.267088311373, 34.0200835332019], [-118.26738137577, 34.0202142873846], [-118.267459985566, 34.0200912836369], [-118.267168037602, 34.0199586861057]]]}}, {"type": "Feature", "properties": {"zone_id": "0205KCR39EZLWCFOEHUPPF", "tract_id": "06037226701", "city": "LOS ANGELES, CA", "zone_code": "R3-1", "zone_category": "Residential", "ev_permitted": false}, "geometry": {"type": "Polygon", "coordinates": [[[-118.267399827111, 34.0195958118225], [-118.267322564106, 34.0197167516465], [-118.267614544559, 34.0198493762075], [-118.267691873176, 34.0197284085708], [-118.267399827111, 34.0195958118225]]]}}, {"type": "Feature", "properties": {"zone_id": "0204ZSP005AVH36Q52RVF3", "tract_id": "06037226701", "city": "LOS ANGELES, CA", "zone_code": "R3-1", "zone_category": "Residential", "ev_permitted": false}, "geometry": {"type": "Polygon", "coordinates": [[[-118.267322564106, 34.0197167516465], [-118.267245300966, 34.0198377189004], [-118.26753728163, 34.0199703161707], [-118.267614544559, 34.0198493762075], [-118.267322564106, 34.0197167516465]]]}}, {"type": "Feature", "properties": {"zone_id": "0200BGL48WVP07T69F307X", "tract_id": "06037226701", "city": "LOS ANGELES, CA", "zone_code": "R3-1", "zone_category": "Residential", "ev_permitted": false}, "geometry": {"type": "Polygon", "coordinates": [[[-118.267209167539, 34.0197452507666], [-118.26701520827, 34.0200501709578], [-118.267088311373, 34.0200835332019], [-118.267281911095, 34.0197803998011], [-118.267209167539, 34.0197452507666]]]}}, {"type": "Feature", "properties": {"zone_id": "0206N2MWG3UVB9286SQKAD", "tract_id": "06037226701", "city": "LOS ANGELES, CA", "zone_code": "RD1.5-1", "zone_category": "Residential", "ev_permitted": false}, "geometry": {"type": "Polygon", "coordinates": [[[-118.266491326493, 34.0199873033265], [-118.266297854417, 34.020290764918], [-118.266411980796, 34.0203460749535], [-118.266605485412, 34.0200425581483], [-118.266491326493, 34.0199873033265]]]}}, {"type": "Feature", "properties": {"zone_id": "0205ULJFBOTACOTYFRKJWN", "tract_id": "06037226701", "city": "LOS ANGELES, CA", "zone_code": "RD1.5-1", "zone_category": "Residential", "ev_permitted": false}, "geometry": {"type": "Polygon", "coordinates": [[[-118.266866163346, 34.0195795163391], [-118.266672103161, 34.0198841064535], [-118.266786493408, 34.0199394705073], [-118.266980519956, 34.0196347703672], [-118.266866163346, 34.0195795163391]]]}}, {"type": "Feature", "properties": {"zone_id": "0203XF0V5YLOJOT8KD5D5K", "tract_id": "06037226701", "city": "LOS ANGELES, CA", "zone_code": "RD1.5-1", "zone_category": "Residential", "ev_permitted": false}, "geometry": {"type": "Polygon", "coordinates": [[[-118.266980519956, 34.0196347703672], [-118.266786493408, 34.0199394705073], [-118.26690085072, 34.0199948070475], [-118.267094843716, 34.0196900243602], [-118.266980519956, 34.0196347703672]]]}}, {"type": "Feature", "properties": {"zone_id": "02030UXWPMB3E8QC8QCIKE", "tract_id": "06037226701", "city": "LOS ANGELES, CA", "zone_code": "RD1.5-1", "zone_category": "Residential", "ev_permitted": false}, "geometry": {"type": "Polygon", "coordinates": [[[-118.267094843716, 34.0196900243602], [-118.26690085072, 34.0199948070475], [-118.26701520827, 34.0200501709578], [-118.267209167539, 34.0197452507666], [-118.267094843716, 34.0196900243602]]]}}, {"type": "Feature", "properties": {"zone_id": "0206Q7ZPYDEPKK0IIHXV1A", "tract_id": "06037226701", "city": "LOS ANGELES, CA", "zone_code": "RD1.5-1", "zone_category": "Residential", "ev_permitted": false}, "geometry": {"type": "Polygon", "coordinates": [[[-118.266751839976, 34.0195242896084], [-118.266557746065, 34.0198287422185], [-118.266672103161, 34.0198841064535], [-118.266866163346, 34.0195795163391], [-118.266751839976, 34.0195242896084]]]}}, {"type": "Feature", "properties": {"zone_id": "0204XM82V3A73YZGF5SSYC", "tract_id": "06037226701", "city": "LOS ANGELES, CA", "zone_code": "RD1.5-1", "zone_category": "Residential", "ev_permitted": false}, "geometry": {"type": "Polygon", "coordinates": [[[-118.265983999619, 34.0201387304793], [-118.265790459789, 34.020442328798], [-118.266075758936, 34.0205805224861], [-118.266269298139, 34.0202769511861], [-118.265983999619, 34.0201387304793]]]}}, {"type": "Feature", "properties": {"zone_id": "0201KRIT31N24ZQM4HAWD0", "tract_id": "06037226701", "city": "LOS ANGELES, CA", "zone_code": "RD1.5-1", "zone_category": "Residential", "ev_permitted": false}, "geometry": {"type": "Polygon", "coordinates": [[[-118.266411980796, 34.0203460749535], [-118.266218441864, 34.020649619005], [-118.266380956004, 34.0207283440854], [-118.266574494529, 34.020424799772], [-118.266411980796, 34.0203460749535]]]}}, {"type": "Feature", "properties": {"zone_id": "0207ISCTK2RVTNYJPGED01", "tract_id": "06037226701", "city": "LOS ANGELES, CA", "zone_code": "RD1.5-1", "zone_category": "Residential", "ev_permitted": false}, "geometry": {"type": "Polygon", "coordinates": [[[-118.266269298139, 34.0202769511861], [-118.266075758936, 34.0205805224861], [-118.266218441864, 34.020649619005], [-118.266411980796, 34.0203460749535], [-118.266269298139, 34.0202769511861]]]}}, {"type": "Feature", "properties": {"zone_id": "0200BJHQYR88SPXHPEPUCD", "tract_id": "06037226701", "city": "LOS ANGELES, CA", "zone_code": "RD1.5-1", "zone_category": "Residential", "ev_permitted": false}, "geometry": {"type": "Polygon", "coordinates": [[[-118.265841317669, 34.0200696062069], [-118.265647777568, 34.0203732317741], [-118.265790459789, 34.020442328798], [-118.265983999619, 34.0201387304793], [-118.265841317669, 34.0200696062069]]]}}, {"type": "Feature", "properties": {"zone_id": "0204M41XDNKI23OJQTKWEH", "tract_id": "06037226701", "city": "LOS ANGELES, CA", "zone_code": "RD1.5-1", "zone_category": "Residential", "ev_permitted": false}, "geometry": {"type": "Polygon", "coordinates": [[[-118.26569739897, 34.0205880056767], [-118.26550468085, 34.0208912170307], [-118.265647297835, 34.020960314371], [-118.26584004851, 34.020657075237], [-118.26569739897, 34.0205880056767]]]}}, {"type": "Feature", "properties": {"zone_id": "0202F6SM4VI80O7MQ0GVL3", "tract_id": "06037226701", "city": "LOS ANGELES, CA", "zone_code": "RD1.5-1", "zone_category": "Residential", "ev_permitted": false}, "geometry": {"type": "Polygon", "coordinates": [[[-118.265554749578, 34.0205189084696], [-118.265362064101, 34.0208221195221], [-118.26550468085, 34.0208912170307], [-118.26569739897, 34.0205880056767], [-118.265554749578, 34.0205189084696]]]}}, {"type": "Feature", "properties": {"zone_id": "0201BSBRVFD1JKOGEUACVE", "tract_id": "06037226701", "city": "LOS ANGELES, CA", "zone_code": "RD1.5-1", "zone_category": "Residential", "ev_permitted": false}, "geometry": {"type": "Polygon", "coordinates": [[[-118.265269517588, 34.020380740884], [-118.265076798308, 34.0206839240728], [-118.265219414587, 34.0207530219179], [-118.265412133508, 34.0204498385002], [-118.265269517588, 34.020380740884]]]}}, {"type": "Feature", "properties": {"zone_id": "0202HBD9R847RSTHNC6ERZ", "tract_id": "06037226701", "city": "LOS ANGELES, CA", "zone_code": "RD1.5-1", "zone_category": "Residential", "ev_permitted": false}, "geometry": {"type": "Polygon", "coordinates": [[[-118.265412133508, 34.0204498385002], [-118.265219414587, 34.0207530219179], [-118.265362064101, 34.0208221195221], [-118.265554749578, 34.0205189084696], [-118.265412133508, 34.0204498385002]]]}}, {"type": "Feature", "properties": {"zone_id": "0206JNU34XO87YD951MVOR", "tract_id": "06037226701", "city": "LOS ANGELES, CA", "zone_code": "RD1.5-1", "zone_category": "Residential", "ev_permitted": false}, "geometry": {"type": "Polygon", "coordinates": [[[-118.265126868902, 34.0203116431721], [-118.264934182265, 34.0206148260596], [-118.265076798308, 34.0206839240728], [-118.265269517588, 34.020380740884], [-118.265126868902, 34.0203116431721]]]}}, {"type": "Feature", "properties": {"zone_id": "0201AVXPVOXJU7TFS9M49G", "tract_id": "06037226701", "city": "LOS ANGELES, CA", "zone_code": "RD1.5-1", "zone_category": "Residential", "ev_permitted": false}, "geometry": {"type": "Polygon", "coordinates": [[[-118.266148817555, 34.0198215108087], [-118.265955443445, 34.0201249166733], [-118.266069602285, 34.0201801994808], [-118.266263009108, 34.0198767933595], [-118.266148817555, 34.0198215108087]]]}}, {"type": "Feature", "properties": {"zone_id": "020164CLOABOZ1TDG8GE03", "tract_id": "06037226701", "city": "LOS ANGELES, CA", "zone_code": "RD1.5-1", "zone_category": "Residential", "ev_permitted": false}, "geometry": {"type": "Polygon", "coordinates": [[[-118.266377134638, 34.0199320209912], [-118.266183728275, 34.0202354822532], [-118.266297854417, 34.020290764918], [-118.266491326493, 34.0199873033265], [-118.266377134638, 34.0199320209912]]]}}, {"type": "Feature", "properties": {"zone_id": "02044YS8NFMVI40JL9NPZ9", "tract_id": "06037226701", "city": "LOS ANGELES, CA", "zone_code": "RD1.5-1", "zone_category": "Residential", "ev_permitted": false}, "geometry": {"type": "Polygon", "coordinates": [[[-118.266263009108, 34.0198767933595], [-118.266069602285, 34.0201801994808], [-118.266183728275, 34.0202354822532], [-118.266377134638, 34.0199320209912], [-118.266263009108, 34.0198767933595]]]}}, {"type": "Feature", "properties": {"zone_id": "0206IZ8OPR5EK9HTOEBVWM", "tract_id": "06037226701", "city": "LOS ANGELES, CA", "zone_code": "RD1.5-1", "zone_category": "Residential", "ev_permitted": false}, "geometry": {"type": "Polygon", "coordinates": [[[-118.266034659239, 34.0197662555557], [-118.265841317669, 34.0200696062069], [-118.265955443445, 34.0201249166733], [-118.266148817555, 34.0198215108087], [-118.266034659239, 34.0197662555557]]]}}, {"type": "Feature", "properties": {"zone_id": "020362MZ3QGAZALWXOS4HH", "tract_id": "06037226701", "city": "LOS ANGELES, CA", "zone_code": "RD1.5-1", "zone_category": "Residential", "ev_permitted": false}, "geometry": {"type": "Polygon", "coordinates": [[[-118.265891944969, 34.0196971588958], [-118.265698636041, 34.0200005092446], [-118.265841317669, 34.0200696062069], [-118.266034659239, 34.0197662555557], [-118.265891944969, 34.0196971588958]]]}}, {"type": "Feature", "properties": {"zone_id": "0200O4KZD29ZZD3I7FVRN4", "tract_id": "06037226701", "city": "LOS ANGELES, CA", "zone_code": "RD1.5-1", "zone_category": "Residential", "ev_permitted": false}, "geometry": {"type": "Polygon", "coordinates": [[[-118.265698636041, 34.0200005092446], [-118.265505128583, 34.0203041345092], [-118.265647777568, 34.0203732317741], [-118.265841317669, 34.0200696062069], [-118.265698636041, 34.0200005092446]]]}}, {"type": "Feature", "properties": {"zone_id": "0207DI64MIH0U47E1YASOU", "tract_id": "06037226701", "city": "LOS ANGELES, CA", "zone_code": "RD1.5-1", "zone_category": "Residential", "ev_permitted": false}, "geometry": {"type": "Polygon", "coordinates": [[[-118.265555954562, 34.0199313846354], [-118.265362479833, 34.0202350370761], [-118.265505128583, 34.0203041345092], [-118.265698636041, 34.0200005092446], [-118.265555954562, 34.0199313846354]]]}}, {"type": "Feature", "properties": {"zone_id": "0206G7W3F6HZM49JFSX8TJ", "tract_id": "06037226701", "city": "LOS ANGELES, CA", "zone_code": "RD1.5-1", "zone_category": "Residential", "ev_permitted": false}, "geometry": {"type": "Polygon", "coordinates": [[[-118.265413306319, 34.0198622597854], [-118.265219798319, 34.0201659395471], [-118.265362479833, 34.0202350370761], [-118.265555954562, 34.0199313846354], [-118.265413306319, 34.0198622597854]]]}}, {"type": "Feature", "properties": {"zone_id": "0206G32ZMLE4JYZYYRYMJU", "tract_id": "06037226701", "city": "LOS ANGELES, CA", "zone_code": "RD1.5-1", "zone_category": "Residential", "ev_permitted": false}, "geometry": {"type": "Polygon", "coordinates": [[[-118.265270625399, 34.019793162318], [-118.265077150041, 34.0200968417774], [-118.265219798319, 34.0201659395471], [-118.265413306319, 34.0198622597854], [-118.265270625399, 34.019793162318]]]}}, {"type": "Feature", "properties": {"zone_id": "0200M9RVF2K0ZNP56TV81L", "tract_id": "06037226701", "city": "LOS ANGELES, CA", "zone_code": "RD1.5-1", "zone_category": "Residential", "ev_permitted": false}, "geometry": {"type": "Polygon", "coordinates": [[[-118.265606517224, 34.0195589925493], [-118.265413306319, 34.0198622597854], [-118.265555954562, 34.0199313846354], [-118.26574923111, 34.0196281170244], [-118.265606517224, 34.0195589925493]]]}}, {"type": "Feature", "properties": {"zone_id": "0202TYYIJDT9IESJAV6NNW", "tract_id": "06037226701", "city": "LOS ANGELES, CA", "zone_code": "RD1.5-1", "zone_category": "Residential", "ev_permitted": false}, "geometry": {"type": "Polygon", "coordinates": [[[-118.265463803748, 34.0194899228625], [-118.265270625399, 34.019793162318], [-118.265413306319, 34.0198622597854], [-118.265606517224, 34.0195589925493], [-118.265463803748, 34.0194899228625]]]}}, {"type": "Feature", "properties": {"zone_id": "0202I51RB60JM4U984FUTP", "tract_id": "06037226701", "city": "LOS ANGELES, CA", "zone_code": "RD1.5-1", "zone_category": "Residential", "ev_permitted": false}, "geometry": {"type": "Polygon", "coordinates": [[[-118.26574923111, 34.0196281170244], [-118.265555954562, 34.0199313846354], [-118.265698636041, 34.0200005092446], [-118.265891944969, 34.0196971588958], [-118.26574923111, 34.0196281170244]]]}}, {"type": "Feature", "properties": {"zone_id": "02077PZI37SUAPRZ42NFEA", "tract_id": "06037226701", "city": "LOS ANGELES, CA", "zone_code": "RD1.5-1", "zone_category": "Residential", "ev_permitted": false}, "geometry": {"type": "Polygon", "coordinates": [[[-118.265127944627, 34.0197240372038], [-118.264934501998, 34.0200277438393], [-118.265077150041, 34.0200968417774], [-118.265270625399, 34.019793162318], [-118.265127944627, 34.0197240372038]]]}}, {"type": "Feature", "properties": {"zone_id": "0203P5DNZXZ8P8U86ARK9Q", "tract_id": "06037226701", "city": "LOS ANGELES, CA", "zone_code": "RD1.5-1", "zone_category": "Residential", "ev_permitted": false}, "geometry": {"type": "Polygon", "coordinates": [[[-118.267483700447, 34.0185074986515], [-118.265879773996, 34.0185459399178], [-118.265872057613, 34.0185580750003], [-118.266193840466, 34.0187042117879], [-118.267827528683, 34.0186636119487], [-118.267483700447, 34.0185074986515]]]}}, {"type": "Feature", "properties": {"zone_id": "0204QDOFLL14GN29A2D5BY", "tract_id": "06037226701", "city": "LOS ANGELES, CA", "zone_code": "R3-1", "zone_category": "Residential", "ev_permitted": false}, "geometry": {"type": "Polygon", "coordinates": [[[-118.267477089805, 34.0194748444714], [-118.267399827111, 34.0195958118225], [-118.267691873176, 34.0197284085708], [-118.267769135658, 34.0196074685104], [-118.267477089805, 34.0194748444714]]]}}, {"type": "Feature", "properties": {"zone_id": "0203B8VAAR7EQLEMQV8BT9", "tract_id": "06037226701", "city": "LOS ANGELES, CA", "zone_code": "RD1.5-1", "zone_category": "Residential", "ev_permitted": false}, "geometry": {"type": "Polygon", "coordinates": [[[-118.267286799403, 34.0193884059201], [-118.267094843716, 34.0196900243602], [-118.26718917367, 34.0197355933381], [-118.26738244021, 34.0194318302253], [-118.267286799403, 34.0193884059201]]]}}, {"type": "Feature", "properties": {"zone_id": "0202YEZ8CNHU17GK6I99OE", "tract_id": "06037226701", "city": "LOS ANGELES, CA", "zone_code": "RD1.5-1", "zone_category": "Residential", "ev_permitted": false}, "geometry": {"type": "Polygon", "coordinates": [[[-118.261515496552, 34.015968248699], [-118.261311016963, 34.0162895871757], [-118.261426251223, 34.0163431958183], [-118.261631157763, 34.0160213066464], [-118.261515496552, 34.015968248699]]]}}, {"type": "Feature", "properties": {"zone_id": "0204AN3S8PJT0B14IBS4VG", "tract_id": "06037226701", "city": "LOS ANGELES, CA", "zone_code": "RD1.5-1", "zone_category": "Residential", "ev_permitted": false}, "geometry": {"type": "Polygon", "coordinates": [[[-118.261399835573, 34.0159152181194], [-118.261195716853, 34.016235978566], [-118.261311016963, 34.0162895871757], [-118.261515496552, 34.015968248699], [-118.261399835573, 34.0159152181194]]]}}, {"type": "Feature", "properties": {"zone_id": "0200GIF01MVXYE7204XXVM", "tract_id": "06037226701", "city": "LOS ANGELES, CA", "zone_code": "RD1.5-1", "zone_category": "Residential", "ev_permitted": false}, "geometry": {"type": "Polygon", "coordinates": [[[-118.261284174741, 34.0158621874291], [-118.261080449804, 34.0161823422965], [-118.261195716853, 34.016235978566], [-118.261399835573, 34.0159152181194], [-118.261284174741, 34.0158621874291]]]}}, {"type": "Feature", "properties": {"zone_id": "0203G28MIS6CGZ40JAXU86", "tract_id": "06037226701", "city": "LOS ANGELES, CA", "zone_code": "RD1.5-1", "zone_category": "Residential", "ev_permitted": false}, "geometry": {"type": "Polygon", "coordinates": [[[-118.261168514141, 34.0158091841067], [-118.26096514999, 34.0161287334669], [-118.261080449804, 34.0161823422965], [-118.261284174741, 34.0158621874291], [-118.261168514141, 34.0158091841067]]]}}, {"type": "Feature", "properties": {"zone_id": "0205P2BK9GSXUJTA6ATOO5", "tract_id": "06037226701", "city": "LOS ANGELES, CA", "zone_code": "RD1.5-1", "zone_category": "Residential", "ev_permitted": false}, "geometry": {"type": "Polygon", "coordinates": [[[-118.261052853602, 34.0157561531951], [-118.260849883322, 34.0160751244561], [-118.26096514999, 34.0161287334669], [-118.261168514141, 34.0158091841067], [-118.261052853602, 34.0157561531951]]]}}, {"type": "Feature", "properties": {"zone_id": "02018E7J7HE19LINYDWN7S", "tract_id": "06037226701", "city": "LOS ANGELES, CA", "zone_code": "RD2-1", "zone_category": "Residential", "ev_permitted": false}, "geometry": {"type": "Polygon", "coordinates": [[[-118.261696189391, 34.0154485381356], [-118.261492403357, 34.015769435752], [-118.261608097192, 34.015822466171], [-118.261812310169, 34.0155010178586], [-118.261696189391, 34.0154485381356]]]}}, {"type": "Feature", "properties": {"zone_id": "0204XT9UPY1ZAJ0URH3RF4", "tract_id": "06037226701", "city": "LOS ANGELES, CA", "zone_code": "RD2-1", "zone_category": "Residential", "ev_permitted": false}, "geometry": {"type": "Polygon", "coordinates": [[[-118.26158003576, 34.0153960583726], [-118.26137670967, 34.0157164052224], [-118.261492403357, 34.015769435752], [-118.261696189391, 34.0154485381356], [-118.26158003576, 34.0153960583726]]]}}, {"type": "Feature", "properties": {"zone_id": "0204VNIR8EI6637YN0AX72", "tract_id": "06037226701", "city": "LOS ANGELES, CA", "zone_code": "RD2-1", "zone_category": "Residential", "ev_permitted": false}, "geometry": {"type": "Polygon", "coordinates": [[[-118.260365634243, 34.0158970640935], [-118.260163974368, 34.0162139155151], [-118.260278813601, 34.0162681031541], [-118.260480834359, 34.0159506737086], [-118.260365634243, 34.0158970640935]]]}}, {"type": "Feature", "properties": {"zone_id": "0204OL4R836GI8HSHCLRKN", "tract_id": "06037226701", "city": "LOS ANGELES, CA", "zone_code": "RD2-1", "zone_category": "Residential", "ev_permitted": false}, "geometry": {"type": "Polygon", "coordinates": [[[-118.260480834359, 34.0159506737086], [-118.260278813601, 34.0162681031541], [-118.260393718979, 34.0163222905416], [-118.260596067535, 34.0160042556643], [-118.260480834359, 34.0159506737086]]]}}, {"type": "Feature", "properties": {"zone_id": "0204M95CYE9NUIEY0R6IN0", "tract_id": "06037226701", "city": "LOS ANGELES, CA", "zone_code": "RD2-1", "zone_category": "Residential", "ev_permitted": false}, "geometry": {"type": "Polygon", "coordinates": [[[-118.260596067535, 34.0160042556643], [-118.260393718979, 34.0163222905416], [-118.260508591422, 34.0163764504127], [-118.260711300944, 34.0160578649885], [-118.260596067535, 34.0160042556643]]]}}, {"type": "Feature", "properties": {"zone_id": "0204GQDAG89QJULF9JO37A", "tract_id": "06037226701", "city": "LOS ANGELES, CA", "zone_code": "RD1.5-1", "zone_category": "Residential", "ev_permitted": false}, "geometry": {"type": "Polygon", "coordinates": [[[-118.26093719321, 34.0157031221729], [-118.260734616716, 34.0160214878569], [-118.260849883322, 34.0160751244561], [-118.261052853602, 34.0157561531951], [-118.26093719321, 34.0157031221729]]]}}, {"type": "Feature", "properties": {"zone_id": "0201CFTMZKCLCQM1Y27H4M", "tract_id": "06037226701", "city": "LOS ANGELES, CA", "zone_code": "RD1.5-1", "zone_category": "Residential", "ev_permitted": false}, "geometry": {"type": "Polygon", "coordinates": [[[-118.26082149988, 34.0156500636328], [-118.260619251348, 34.01596787884], [-118.260734616716, 34.0160214878569], [-118.26093719321, 34.0157031221729], [-118.26082149988, 34.0156500636328]]]}}, {"type": "Feature", "properties": {"zone_id": "0200B12X93LSFHVRH6DWGP", "tract_id": "06037226701", "city": "LOS ANGELES, CA", "zone_code": "RD1.5-1", "zone_category": "Residential", "ev_permitted": false}, "geometry": {"type": "Polygon", "coordinates": [[[-118.260705872865, 34.0155970597964], [-118.260504018036, 34.0159142419496], [-118.260619251348, 34.01596787884], [-118.26082149988, 34.0156500636328], [-118.260705872865, 34.0155970597964]]]}}, {"type": "Feature", "properties": {"zone_id": "0206FRS0FLOZO3XOEL3SA0", "tract_id": "06037226701", "city": "LOS ANGELES, CA", "zone_code": "R3-1", "zone_category": "Residential", "ev_permitted": false}, "geometry": {"type": "Polygon", "coordinates": [[[-118.26738244021, 34.0194318302253], [-118.26718917367, 34.0197355933381], [-118.267281911095, 34.0197803998011], [-118.267477089805, 34.0194748444714], [-118.26738244021, 34.0194318302253]]]}}, {"type": "Feature", "properties": {"zone_id": "0200Q07FREAU8W3LQVQH5A", "tract_id": "06037226701", "city": "LOS ANGELES, CA", "zone_code": "CPIO", "zone_category": "Other", "ev_permitted": false}, "geometry": {"type": "Polygon", "coordinates": [[[-118.267647638697, 34.0192079509536], [-118.26757011364, 34.0193292762171], [-118.267862159133, 34.0194619000299], [-118.267939683978, 34.0193406020563], [-118.267647638697, 34.0192079509536]]]}}, {"type": "Feature", "properties": {"zone_id": "020040YGSZ5QDQVP6PZTKS", "tract_id": "06037226701", "city": "LOS ANGELES, CA", "zone_code": "R4-1", "zone_category": "Residential", "ev_permitted": false}, "geometry": {"type": "Polygon", "coordinates": [[[-118.267572793771, 34.0189392382109], [-118.267379526125, 34.0192427285572], [-118.26757011364, 34.0193292762171], [-118.267763942669, 34.0190260591045], [-118.267572793771, 34.0189392382109]]]}}, {"type": "Feature", "properties": {"zone_id": "0202LBBO1VT0OGQR9T6735", "tract_id": "06037226701", "city": "LOS ANGELES, CA", "zone_code": "RD1.5-1", "zone_category": "Residential", "ev_permitted": false}, "geometry": {"type": "Polygon", "coordinates": [[[-118.266939135533, 34.0192305134409], [-118.266751839976, 34.0195242896084], [-118.266866163346, 34.0195795163391], [-118.267055034373, 34.0192831535135], [-118.266939135533, 34.0192305134409]]]}}, {"type": "Feature", "properties": {"zone_id": "02060H0WZ892GISRT9YV2F", "tract_id": "06037226701", "city": "LOS ANGELES, CA", "zone_code": "RD1.5-1", "zone_category": "Residential", "ev_permitted": false}, "geometry": {"type": "Polygon", "coordinates": [[[-118.267170900271, 34.0193357660696], [-118.266980519956, 34.0196347703672], [-118.267094843716, 34.0196900243602], [-118.267286799403, 34.0193884059201], [-118.267170900271, 34.0193357660696]]]}}, {"type": "Feature", "properties": {"zone_id": "02028KI7L035TVF05BUU59", "tract_id": "06037226701", "city": "LOS ANGELES, CA", "zone_code": "RD1.5-1", "zone_category": "Residential", "ev_permitted": false}, "geometry": {"type": "Polygon", "coordinates": [[[-118.267055034373, 34.0192831535135], [-118.266866163346, 34.0195795163391], [-118.266980519956, 34.0196347703672], [-118.267170900271, 34.0193357660696], [-118.267055034373, 34.0192831535135]]]}}, {"type": "Feature", "properties": {"zone_id": "020632BUXK3V01M9B32OQI", "tract_id": "06037226701", "city": "LOS ANGELES, CA", "zone_code": "RD1.5-1", "zone_category": "Residential", "ev_permitted": false}, "geometry": {"type": "Polygon", "coordinates": [[[-118.266637516668, 34.0194690352911], [-118.26644335612, 34.0197733779483], [-118.266557746065, 34.0198287422185], [-118.266751839976, 34.0195242896084], [-118.266637516668, 34.0194690352911]]]}}, {"type": "Feature", "properties": {"zone_id": "0200EBCREQO9S9GPK3M0T5", "tract_id": "06037226701", "city": "LOS ANGELES, CA", "zone_code": "RD1.5-1", "zone_category": "Residential", "ev_permitted": false}, "geometry": {"type": "Polygon", "coordinates": [[[-118.266551749537, 34.0194275945369], [-118.266357555423, 34.0197318272143], [-118.26644335612, 34.0197733779483], [-118.266637516668, 34.0194690352911], [-118.266551749537, 34.0194275945369]]]}}, {"type": "Feature", "properties": {"zone_id": "0200J096LV662M2XG5DW5V", "tract_id": "06037226701", "city": "LOS ANGELES, CA", "zone_code": "RD1.5-1", "zone_category": "Residential", "ev_permitted": false}, "geometry": {"type": "Polygon", "coordinates": [[[-118.266591472974, 34.0190726199618], [-118.266408868542, 34.0193585572501], [-118.266523226512, 34.0194137807929], [-118.266707371377, 34.0191252603677], [-118.266591472974, 34.0190726199618]]]}}, {"type": "Feature", "properties": {"zone_id": "0206TCTZ5NV2ZL1OQBL583", "tract_id": "06037226701", "city": "LOS ANGELES, CA", "zone_code": "RD1.5-1", "zone_category": "Residential", "ev_permitted": false}, "geometry": {"type": "Polygon", "coordinates": [[[-118.266823269838, 34.0191778731842], [-118.266637516668, 34.0194690352911], [-118.266751839976, 34.0195242896084], [-118.266939135533, 34.0192305134409], [-118.266823269838, 34.0191778731842]]]}}, {"type": "Feature", "properties": {"zone_id": "0203ARBP5I5PAKZT245R1T", "tract_id": "06037226701", "city": "LOS ANGELES, CA", "zone_code": "RD1.5-1", "zone_category": "Residential", "ev_permitted": false}, "geometry": {"type": "Polygon", "coordinates": [[[-118.266707371377, 34.0191252603677], [-118.266523226512, 34.0194137807929], [-118.266637516668, 34.0194690352911], [-118.266823269838, 34.0191778731842], [-118.266707371377, 34.0191252603677]]]}}, {"type": "Feature", "properties": {"zone_id": "0200YFZDVE0OL1DW3P0OQX", "tract_id": "06037226701", "city": "LOS ANGELES, CA", "zone_code": "CM-1VL", "zone_category": "Commercial", "ev_permitted": true}, "geometry": {"type": "Polygon", "coordinates": [[[-118.267827528683, 34.0186636119487], [-118.267010618773, 34.018683914778], [-118.267763942669, 34.0190260591045], [-118.267957803035, 34.0187227608947], [-118.267827528683, 34.0186636119487]]]}}, {"type": "Feature", "properties": {"zone_id": "0204CBFLEHP7DBMAJ0S4IZ", "tract_id": "06037226701", "city": "LOS ANGELES, CA", "zone_code": "RD1.5-1", "zone_category": "Residential", "ev_permitted": false}, "geometry": {"type": "Polygon", "coordinates": [[[-118.267456895082, 34.0188865986364], [-118.267263660136, 34.0191900887231], [-118.267379526125, 34.0192427285572], [-118.267572793771, 34.0189392382109], [-118.267456895082, 34.0188865986364]]]}}, {"type": "Feature", "properties": {"zone_id": "0200CMPWEYZWP84QPCSKY6", "tract_id": "06037226701", "city": "LOS ANGELES, CA", "zone_code": "RD1.5-1", "zone_category": "Residential", "ev_permitted": false}, "geometry": {"type": "Polygon", "coordinates": [[[-118.267340996626, 34.0188339864293], [-118.267147761381, 34.0191374763295], [-118.267263660136, 34.0191900887231], [-118.267456895082, 34.0188865986364], [-118.267340996626, 34.0188339864293]]]}}, {"type": "Feature", "properties": {"zone_id": "0201X7XTHPXU82YATZGYOA", "tract_id": "06037226701", "city": "LOS ANGELES, CA", "zone_code": "RD1.5-1", "zone_category": "Residential", "ev_permitted": false}, "geometry": {"type": "Polygon", "coordinates": [[[-118.267225098228, 34.0187813466326], [-118.267031895684, 34.0190848362733], [-118.267147761381, 34.0191374763295], [-118.267340996626, 34.0188339864293], [-118.267225098228, 34.0187813466326]]]}}, {"type": "Feature", "properties": {"zone_id": "02001RZ082F2N1HNNQ96SO", "tract_id": "06037226701", "city": "LOS ANGELES, CA", "zone_code": "RD1.5-1", "zone_category": "Residential", "ev_permitted": false}, "geometry": {"type": "Polygon", "coordinates": [[[-118.266980422296, 34.0186846736847], [-118.266836228927, 34.0186882573128], [-118.266684233556, 34.0189269430628], [-118.266794315383, 34.0189769308046], [-118.266980422296, 34.0186846736847]]]}}, {"type": "Feature", "properties": {"zone_id": "0203K1SND7E9GZTO2YCHDT", "tract_id": "06037226701", "city": "LOS ANGELES, CA", "zone_code": "RD1.5-1", "zone_category": "Residential", "ev_permitted": false}, "geometry": {"type": "Polygon", "coordinates": [[[-118.267010618773, 34.018683914778], [-118.266980422296, 34.0186846736847], [-118.266794315383, 34.0189769308046], [-118.266916030133, 34.0190321961061], [-118.267109232975, 34.0187287066517], [-118.267010618773, 34.018683914778]]]}}, {"type": "Feature", "properties": {"zone_id": "0206UPFX7MSMF7UN4VIP4L", "tract_id": "06037226701", "city": "LOS ANGELES, CA", "zone_code": "RD1.5-1", "zone_category": "Residential", "ev_permitted": false}, "geometry": {"type": "Polygon", "coordinates": [[[-118.267109232975, 34.0187287066517], [-118.266916030133, 34.0190321961061], [-118.267031895684, 34.0190848362733], [-118.267225098228, 34.0187813466326], [-118.267109232975, 34.0187287066517]]]}}, {"type": "Feature", "properties": {"zone_id": "0201X0XJHBQNV79Z5ZM8PF", "tract_id": "06037226701", "city": "LOS ANGELES, CA", "zone_code": "RD1.5-1", "zone_category": "Residential", "ev_permitted": false}, "geometry": {"type": "Polygon", "coordinates": [[[-118.266836228927, 34.0186882573128], [-118.266684409073, 34.0186920276414], [-118.266568335442, 34.0188743026352], [-118.266684233556, 34.0189269430628], [-118.266836228927, 34.0186882573128]]]}}, {"type": "Feature", "properties": {"zone_id": "0206M1M6M90S35MLDWV8WM", "tract_id": "06037226701", "city": "LOS ANGELES, CA", "zone_code": "RD1.5-1", "zone_category": "Residential", "ev_permitted": false}, "geometry": {"type": "Polygon", "coordinates": [[[-118.266465916403, 34.019386126389], [-118.266271721811, 34.0196902764922], [-118.266357555423, 34.0197318272143], [-118.266551749537, 34.0194275945369], [-118.266465916403, 34.019386126389]]]}}, {"type": "Feature", "properties": {"zone_id": "02057YQ7EKN6ZJ7N2E7THB", "tract_id": "06037226701", "city": "LOS ANGELES, CA", "zone_code": "RD1.5-1", "zone_category": "Residential", "ev_permitted": false}, "geometry": {"type": "Polygon", "coordinates": [[[-118.266351626561, 34.019330899207], [-118.266157332245, 34.0196349119513], [-118.266271721811, 34.0196902764922], [-118.266465916403, 34.019386126389], [-118.266351626561, 34.019330899207]]]}}, {"type": "Feature", "properties": {"zone_id": "02048ESWGRROTRYS6MTHMI", "tract_id": "06037226701", "city": "LOS ANGELES, CA", "zone_code": "RD1.5-1", "zone_category": "Residential", "ev_permitted": false}, "geometry": {"type": "Polygon", "coordinates": [[[-118.266260604621, 34.0192869143261], [-118.266066375902, 34.0195908718207], [-118.266157332245, 34.0196349119513], [-118.266351626561, 34.019330899207], [-118.266260604621, 34.0192869143261]]]}}, {"type": "Feature", "properties": {"zone_id": "02006DCCLHK1YJ0JDAC8PH", "tract_id": "06037226701", "city": "LOS ANGELES, CA", "zone_code": "RD1.5-1", "zone_category": "Residential", "ev_permitted": false}, "geometry": {"type": "Polygon", "coordinates": [[[-118.266165947214, 34.0192411787586], [-118.265971618908, 34.0195450264044], [-118.266066375902, 34.0195908718207], [-118.266260604621, 34.0192869143261], [-118.266165947214, 34.0192411787586]]]}}, {"type": "Feature", "properties": {"zone_id": "0201HW8B869LSWHRO58CLP", "tract_id": "06037226701", "city": "LOS ANGELES, CA", "zone_code": "RD1.5-1", "zone_category": "Residential", "ev_permitted": false}, "geometry": {"type": "Polygon", "coordinates": [[[-118.266475607717, 34.0190199793719], [-118.266294547739, 34.0193032991692], [-118.266408868542, 34.0193585572501], [-118.266591472974, 34.0190726199618], [-118.266475607717, 34.0190199793719]]]}}, {"type": "Feature", "properties": {"zone_id": "0203SJZAMHD350SNK2M2XK", "tract_id": "06037226701", "city": "LOS ANGELES, CA", "zone_code": "RD1.5-1", "zone_category": "Residential", "ev_permitted": false}, "geometry": {"type": "Polygon", "coordinates": [[[-118.26635970978, 34.0189673937006], [-118.266180225123, 34.019248071898], [-118.266294547739, 34.0193032991692], [-118.266475607717, 34.0190199793719], [-118.26635970978, 34.0189673937006]]]}}, {"type": "Feature", "properties": {"zone_id": "020753RPKZU7YL17PUZQ0N", "tract_id": "06037226701", "city": "LOS ANGELES, CA", "zone_code": "RD1.5-1", "zone_category": "Residential", "ev_permitted": false}, "geometry": {"type": "Polygon", "coordinates": [[[-118.265837258004, 34.0190823344789], [-118.265642795829, 34.0193858521417], [-118.265757151715, 34.019441217242], [-118.265951580255, 34.0191375895529], [-118.265837258004, 34.0190823344789]]]}}, {"type": "Feature", "properties": {"zone_id": "0206QGT665NLDQULN9EC20", "tract_id": "06037226701", "city": "LOS ANGELES, CA", "zone_code": "RD1.5-1", "zone_category": "Residential", "ev_permitted": false}, "geometry": {"type": "Polygon", "coordinates": [[[-118.26606590257, 34.0191928170403], [-118.265871540752, 34.0194965821614], [-118.265971618908, 34.0195450264044], [-118.266165947214, 34.0192411787586], [-118.26606590257, 34.0191928170403]]]}}, {"type": "Feature", "properties": {"zone_id": "0206452T7ZFFV8R1923U22", "tract_id": "06037226701", "city": "LOS ANGELES, CA", "zone_code": "RD1.5-1", "zone_category": "Residential", "ev_permitted": false}, "geometry": {"type": "Polygon", "coordinates": [[[-118.265951580255, 34.0191375895529], [-118.265757151715, 34.019441217242], [-118.265871540752, 34.0194965821614], [-118.26606590257, 34.0191928170403], [-118.265951580255, 34.0191375895529]]]}}, {"type": "Feature", "properties": {"zone_id": "0207LC3N9TULES0CKDMRFW", "tract_id": "06037226701", "city": "LOS ANGELES, CA", "zone_code": "RD1.5-1", "zone_category": "Residential", "ev_permitted": false}, "geometry": {"type": "Polygon", "coordinates": [[[-118.265321090421, 34.0194208255288], [-118.265127944627, 34.0197240372038], [-118.265270625399, 34.019793162318], [-118.265463803748, 34.0194899228625], [-118.265321090421, 34.0194208255288]]]}}, {"type": "Feature", "properties": {"zone_id": "02017XQW1KZ8NV1XULGZCV", "tract_id": "06037226701", "city": "LOS ANGELES, CA", "zone_code": "RD1.5-1", "zone_category": "Residential", "ev_permitted": false}, "geometry": {"type": "Polygon", "coordinates": [[[-118.265608052177, 34.0189715779349], [-118.265414051511, 34.0192751216892], [-118.265528440094, 34.0193304869333], [-118.265722572472, 34.0190269427036], [-118.265608052177, 34.0189715779349]]]}}, {"type": "Feature", "properties": {"zone_id": "020575GORWQ6SGPC64DTJQ", "tract_id": "06037226701", "city": "LOS ANGELES, CA", "zone_code": "RD1.5-1", "zone_category": "Residential", "ev_permitted": false}, "geometry": {"type": "Polygon", "coordinates": [[[-118.265722572472, 34.0190269427036], [-118.265528440094, 34.0193304869333], [-118.265642795829, 34.0193858521417], [-118.265837258004, 34.0190823344789], [-118.265722572472, 34.0190269427036]]]}}, {"type": "Feature", "properties": {"zone_id": "0206406Z9AEMA46RUXO5T4", "tract_id": "06037226701", "city": "LOS ANGELES, CA", "zone_code": "RD1.5-1", "zone_category": "Residential", "ev_permitted": false}, "geometry": {"type": "Polygon", "coordinates": [[[-118.266174312617, 34.0188831408987], [-118.265997256311, 34.01915966419], [-118.266088740669, 34.0192038680786], [-118.266267011108, 34.018925253596], [-118.266174312617, 34.0188831408987]]]}}, {"type": "Feature", "properties": {"zone_id": "020577Q0VDI2O8SMOE2VUR", "tract_id": "06037226701", "city": "LOS ANGELES, CA", "zone_code": "RD1.5-1", "zone_category": "Residential", "ev_permitted": false}, "geometry": {"type": "Polygon", "coordinates": [[[-118.266267011108, 34.018925253596], [-118.266088740669, 34.0192038680786], [-118.266180225123, 34.019248071898], [-118.26635970978, 34.0189673937006], [-118.266267011108, 34.018925253596]]]}}, {"type": "Feature", "properties": {"zone_id": "0204DMOBKP5RX0C91XKHNX", "tract_id": "06037226701", "city": "LOS ANGELES, CA", "zone_code": "RD2-1", "zone_category": "Residential", "ev_permitted": false}, "geometry": {"type": "Polygon", "coordinates": [[[-118.266000647877, 34.0188042752562], [-118.265985238214, 34.0188046664335], [-118.26581438706, 34.0190713109442], [-118.265905871137, 34.0191154874927], [-118.266081614307, 34.0188410556088], [-118.266000647877, 34.0188042752562]]]}}, {"type": "Feature", "properties": {"zone_id": "020328SWQ1PQ4ITJ4W9W2D", "tract_id": "06037226701", "city": "LOS ANGELES, CA", "zone_code": "RD2-1", "zone_category": "Residential", "ev_permitted": false}, "geometry": {"type": "Polygon", "coordinates": [[[-118.266081614307, 34.0188410556088], [-118.265905871137, 34.0191154874927], [-118.265997256311, 34.01915966419], [-118.266174312617, 34.0188831408987], [-118.266081614307, 34.0188410556088]]]}}, {"type": "Feature", "properties": {"zone_id": "0200Y8GHZFIXWP0EAE272Q", "tract_id": "06037226701", "city": "LOS ANGELES, CA", "zone_code": "RD2-1", "zone_category": "Residential", "ev_permitted": false}, "geometry": {"type": "Polygon", "coordinates": [[[-118.265985238214, 34.0188046664335], [-118.26571027305, 34.0188116470293], [-118.265608052177, 34.0189715779349], [-118.26581438706, 34.0190713109442], [-118.265985238214, 34.0188046664335]]]}}, {"type": "Feature", "properties": {"zone_id": "0207O35DDQ9ESXBJU74A20", "tract_id": "06037226701", "city": "LOS ANGELES, CA", "zone_code": "RD1.5-1", "zone_category": "Residential", "ev_permitted": false}, "geometry": {"type": "Polygon", "coordinates": [[[-118.266684409073, 34.0186920276414], [-118.266193840466, 34.0187042117879], [-118.266568335442, 34.0188743026352], [-118.266684409073, 34.0186920276414]]]}}, {"type": "Feature", "properties": {"zone_id": "0204VU6NWPHTVF6W08CH4R", "tract_id": "06037226701", "city": "LOS ANGELES, CA", "zone_code": "RD1.5-1", "zone_category": "Residential", "ev_permitted": false}, "geometry": {"type": "Polygon", "coordinates": [[[-118.264791301326, 34.0205453712372], [-118.264597986363, 34.0208486923597], [-118.264740406263, 34.0209183407746], [-118.264934182265, 34.0206148260596], [-118.264791301326, 34.0205453712372]]]}}, {"type": "Feature", "properties": {"zone_id": "0204YCFXWRGBYYMRGDK66T", "tract_id": "06037226701", "city": "LOS ANGELES, CA", "zone_code": "RD1.5-1", "zone_category": "Residential", "ev_permitted": false}, "geometry": {"type": "Polygon", "coordinates": [[[-118.264648685755, 34.0204762728872], [-118.264455370435, 34.0207795937801], [-118.264597986363, 34.0208486923597], [-118.264791301326, 34.0205453712372], [-118.264648685755, 34.0204762728872]]]}}, {"type": "Feature", "properties": {"zone_id": "0203QM86K6HJA8B91QDFI3", "tract_id": "06037226701", "city": "LOS ANGELES, CA", "zone_code": "RD1.5-1", "zone_category": "Residential", "ev_permitted": false}, "geometry": {"type": "Polygon", "coordinates": [[[-118.264841638412, 34.0201735020556], [-118.264648685755, 34.0204762728872], [-118.264791301326, 34.0205453712372], [-118.264984253539, 34.020242572698], [-118.264841638412, 34.0201735020556]]]}}, {"type": "Feature", "properties": {"zone_id": "0202PLGMTOPNG9JB0ADV9M", "tract_id": "06037226701", "city": "LOS ANGELES, CA", "zone_code": "RD1.5-1", "zone_category": "Residential", "ev_permitted": false}, "geometry": {"type": "Polygon", "coordinates": [[[-118.264984253539, 34.020242572698], [-118.264791301326, 34.0205453712372], [-118.264934182265, 34.0206148260596], [-118.265126868902, 34.0203116431721], [-118.264984253539, 34.020242572698]]]}}, {"type": "Feature", "properties": {"zone_id": "020316G9DK3ZMJPSVZ10G0", "tract_id": "06037226701", "city": "LOS ANGELES, CA", "zone_code": "RD1.5-1", "zone_category": "Residential", "ev_permitted": false}, "geometry": {"type": "Polygon", "coordinates": [[[-118.264440007911, 34.0201578678519], [-118.264347964157, 34.020302304916], [-118.264494260877, 34.0203668615755], [-118.264586041751, 34.020222837155], [-118.264440007911, 34.0201578678519]]]}}, {"type": "Feature", "properties": {"zone_id": "0202FQUBTNX8ZC7KFNYS7Q", "tract_id": "06037226701", "city": "LOS ANGELES, CA", "zone_code": "RD1.5-1", "zone_category": "Residential", "ev_permitted": false}, "geometry": {"type": "Polygon", "coordinates": [[[-118.264235823367, 34.0204782764431], [-118.264140527923, 34.0206278040192], [-118.264283738119, 34.0206971489759], [-118.264381988914, 34.0205430258776], [-118.264235823367, 34.0204782764431]]]}}, {"type": "Feature", "properties": {"zone_id": "0202O36RJBID9ECPABIV4T", "tract_id": "06037226701", "city": "LOS ANGELES, CA", "zone_code": "RD1.5-1", "zone_category": "Residential", "ev_permitted": false}, "geometry": {"type": "Polygon", "coordinates": [[[-118.264347964157, 34.020302304916], [-118.264235823367, 34.0204782764431], [-118.264381988914, 34.0205430258776], [-118.264494260877, 34.0203668615755], [-118.264347964157, 34.020302304916]]]}}, {"type": "Feature", "properties": {"zone_id": "0207GSPIU9JQJJN530WMML", "tract_id": "06037226701", "city": "LOS ANGELES, CA", "zone_code": "RD1.5-1", "zone_category": "Residential", "ev_permitted": false}, "geometry": {"type": "Polygon", "coordinates": [[[-118.26419076548, 34.0202548361853], [-118.263997317877, 34.0205584314144], [-118.264140527923, 34.0206278040192], [-118.264333975079, 34.0203241810809], [-118.26419076548, 34.0202548361853]]]}}, {"type": "Feature", "properties": {"zone_id": "0204RHUJNDV26FUNUV3W83", "tract_id": "06037226701", "city": "LOS ANGELES, CA", "zone_code": "RD1.5-1", "zone_category": "Residential", "ev_permitted": false}, "geometry": {"type": "Polygon", "coordinates": [[[-118.263904313905, 34.0201161184789], [-118.263710832584, 34.0204197133186], [-118.263854075068, 34.0204890587121], [-118.26404755603, 34.0201854636416], [-118.263904313905, 34.0201161184789]]]}}, {"type": "Feature", "properties": {"zone_id": "02021J3A4ZNII2A909WWP1", "tract_id": "06037226701", "city": "LOS ANGELES, CA", "zone_code": "RD1.5-1", "zone_category": "Residential", "ev_permitted": false}, "geometry": {"type": "Polygon", "coordinates": [[[-118.263761071931, 34.020046745668], [-118.26356759025, 34.020350340277], [-118.263710832584, 34.0204197133186], [-118.263904313905, 34.0201161184789], [-118.263761071931, 34.020046745668]]]}}, {"type": "Feature", "properties": {"zone_id": "0204I2F2GRPX1BTGHZC9R9", "tract_id": "06037226701", "city": "LOS ANGELES, CA", "zone_code": "RD1.5-1", "zone_category": "Residential", "ev_permitted": false}, "geometry": {"type": "Polygon", "coordinates": [[[-118.26404755603, 34.0201854636416], [-118.263854075068, 34.0204890587121], [-118.263997317877, 34.0205584314144], [-118.26419076548, 34.0202548361853], [-118.26404755603, 34.0201854636416]]]}}, {"type": "Feature", "properties": {"zone_id": "0205IX5IMMQUT5DC9TO16R", "tract_id": "06037226701", "city": "LOS ANGELES, CA", "zone_code": "RD1.5-1", "zone_category": "Residential", "ev_permitted": false}, "geometry": {"type": "Polygon", "coordinates": [[[-118.264527125656, 34.0200211355366], [-118.264440007911, 34.0201578678519], [-118.264586041751, 34.020222837155], [-118.264670335308, 34.0200905349892], [-118.264527125656, 34.0200211355366]]]}}, {"type": "Feature", "properties": {"zone_id": "0206M44CYMY6U3Q9BTOLYV", "tract_id": "06037226701", "city": "LOS ANGELES, CA", "zone_code": "CPIO", "zone_category": "Other", "ev_permitted": false}, "geometry": {"type": "Polygon", "coordinates": [[[-118.264812110957, 34.0195710148471], [-118.264619097318, 34.0198749673396], [-118.264691181179, 34.0199098720716], [-118.264884392984, 34.0196060289426], [-118.264812110957, 34.0195710148471]]]}}, {"type": "Feature", "properties": {"zone_id": "0202C0AYTJVUOKG5P887BU", "tract_id": "06037226701", "city": "LOS ANGELES, CA", "zone_code": "CPIO", "zone_category": "Other", "ev_permitted": false}, "geometry": {"type": "Polygon", "coordinates": [[[-118.264884392984, 34.0196060289426], [-118.264691181179, 34.0199098720716], [-118.264763199101, 34.0199447769053], [-118.264956675159, 34.0196410704733], [-118.264884392984, 34.0196060289426]]]}}, {"type": "Feature", "properties": {"zone_id": "0203N2POJHBS655AMHBJBI", "tract_id": "06037226701", "city": "LOS ANGELES, CA", "zone_code": "CPIO", "zone_category": "Other", "ev_permitted": false}, "geometry": {"type": "Polygon", "coordinates": [[[-118.26466810895, 34.0195012600812], [-118.264474995776, 34.0198051576021], [-118.264619097318, 34.0198749673396], [-118.264812110957, 34.0195710148471], [-118.26466810895, 34.0195012600812]]]}}, {"type": "Feature", "properties": {"zone_id": "02077QQ6WN8XTVWB2B5NSZ", "tract_id": "06037226701", "city": "LOS ANGELES, CA", "zone_code": "RD1.5-1", "zone_category": "Residential", "ev_permitted": false}, "geometry": {"type": "Polygon", "coordinates": [[[-118.264240674237, 34.0198823911517], [-118.26404755603, 34.0201854636416], [-118.26419076548, 34.0202548361853], [-118.264383916328, 34.0199517633928], [-118.264240674237, 34.0198823911517]]]}}, {"type": "Feature", "properties": {"zone_id": "0201SPQLJQV6X38H5TBO4R", "tract_id": "06037226701", "city": "LOS ANGELES, CA", "zone_code": "RD1.5-1", "zone_category": "Residential", "ev_permitted": false}, "geometry": {"type": "Polygon", "coordinates": [[[-118.264383916328, 34.0199517633928], [-118.26419076548, 34.0202548361853], [-118.264333975079, 34.0203241810809], [-118.264527125656, 34.0200211355366], [-118.264383916328, 34.0199517633928]]]}}, {"type": "Feature", "properties": {"zone_id": "02042KEWEZFFGDYEDXS4PE", "tract_id": "06037226701", "city": "LOS ANGELES, CA", "zone_code": "RD1.5-1", "zone_category": "Residential", "ev_permitted": false}, "geometry": {"type": "Polygon", "coordinates": [[[-118.264097465384, 34.0198130186687], [-118.263904313905, 34.0201161184789], [-118.26404755603, 34.0201854636416], [-118.264240674237, 34.0198823911517], [-118.264097465384, 34.0198130186687]]]}}, {"type": "Feature", "properties": {"zone_id": "0203DCAPIJ4KECL823R09G", "tract_id": "06037226701", "city": "LOS ANGELES, CA", "zone_code": "RD1.5-1", "zone_category": "Residential", "ev_permitted": false}, "geometry": {"type": "Polygon", "coordinates": [[[-118.263811015389, 34.019674273266], [-118.26361783028, 34.019977400166], [-118.263761071931, 34.020046745668], [-118.263954223768, 34.0197436460883], [-118.263811015389, 34.019674273266]]]}}, {"type": "Feature", "properties": {"zone_id": "0200PIY98M1OS248E15V21", "tract_id": "06037226701", "city": "LOS ANGELES, CA", "zone_code": "RD1.5-1", "zone_category": "Residential", "ev_permitted": false}, "geometry": {"type": "Polygon", "coordinates": [[[-118.263954223768, 34.0197436460883], [-118.263761071931, 34.020046745668], [-118.263904313905, 34.0201161184789], [-118.264097465384, 34.0198130186687], [-118.263954223768, 34.0197436460883]]]}}, {"type": "Feature", "properties": {"zone_id": "02068FJIPAO577EWUW27PV", "tract_id": "06037226701", "city": "LOS ANGELES, CA", "zone_code": "RD1.5-1", "zone_category": "Residential", "ev_permitted": false}, "geometry": {"type": "Polygon", "coordinates": [[[-118.263474621781, 34.0199080269436], [-118.263281139382, 34.020211621091], [-118.263424381241, 34.020280994472], [-118.26361783028, 34.019977400166], [-118.263474621781, 34.0199080269436]]]}}, {"type": "Feature", "properties": {"zone_id": "0206JQOZ5COMV6HIE6UY9J", "tract_id": "06037226701", "city": "LOS ANGELES, CA", "zone_code": "RD1.5-1", "zone_category": "Residential", "ev_permitted": false}, "geometry": {"type": "Polygon", "coordinates": [[[-118.26361783028, 34.019977400166], [-118.263424381241, 34.020280994472], [-118.26356759025, 34.020350340277], [-118.263761071931, 34.020046745668], [-118.26361783028, 34.019977400166]]]}}, {"type": "Feature", "properties": {"zone_id": "0200DJIYBM5D4EIY6S7HD7", "tract_id": "06037226701", "city": "LOS ANGELES, CA", "zone_code": "RD1.5-1", "zone_category": "Residential", "ev_permitted": false}, "geometry": {"type": "Polygon", "coordinates": [[[-118.26318813958, 34.0197693076126], [-118.262994689463, 34.0200729012264], [-118.26313789776, 34.0201422475403], [-118.263331380605, 34.0198386811022], [-118.26318813958, 34.0197693076126]]]}}, {"type": "Feature", "properties": {"zone_id": "0203DVCV3GH9H3XMNH69DH", "tract_id": "06037226701", "city": "LOS ANGELES, CA", "zone_code": "RD1.5-1", "zone_category": "Residential", "ev_permitted": false}, "geometry": {"type": "Polygon", "coordinates": [[[-118.263331380605, 34.0198386811022], [-118.26313789776, 34.0201422475403], [-118.263281139382, 34.020211621091], [-118.263474621781, 34.0199080269436], [-118.263331380605, 34.0198386811022]]]}}, {"type": "Feature", "properties": {"zone_id": "0200M9SOBFVJBSSG1LUSIN", "tract_id": "06037226701", "city": "LOS ANGELES, CA", "zone_code": "RD1.5-1", "zone_category": "Residential", "ev_permitted": false}, "geometry": {"type": "Polygon", "coordinates": [[[-118.263667807248, 34.0196049002741], [-118.263474621781, 34.0199080269436], [-118.26361783028, 34.019977400166], [-118.263811015389, 34.019674273266], [-118.263667807248, 34.0196049002741]]]}}, {"type": "Feature", "properties": {"zone_id": "020182E2K9VXTRU73FMEG7", "tract_id": "06037226701", "city": "LOS ANGELES, CA", "zone_code": "RD1.5-1", "zone_category": "Residential", "ev_permitted": false}, "geometry": {"type": "Polygon", "coordinates": [[[-118.263524566258, 34.0195354997062], [-118.263331380605, 34.0198386811022], [-118.263474621781, 34.0199080269436], [-118.263667807248, 34.0196049002741], [-118.263524566258, 34.0195354997062]]]}}, {"type": "Feature", "properties": {"zone_id": "020790VN2AQ3BC114KWVWK", "tract_id": "06037226701", "city": "LOS ANGELES, CA", "zone_code": "RD1.5-1", "zone_category": "Residential", "ev_permitted": false}, "geometry": {"type": "Polygon", "coordinates": [[[-118.263044931793, 34.0196999338814], [-118.262851448316, 34.0200035273364], [-118.262994689463, 34.0200729012264], [-118.26318813958, 34.0197693076126], [-118.263044931793, 34.0196999338814]]]}}, {"type": "Feature", "properties": {"zone_id": "0203LL9T0X8B4BRE8HX5MR", "tract_id": "06037226701", "city": "LOS ANGELES, CA", "zone_code": "C2-1VL", "zone_category": "Commercial", "ev_permitted": true}, "geometry": {"type": "Polygon", "coordinates": [[[-118.262779768456, 34.0195715265825], [-118.262609600334, 34.0198387421083], [-118.262629216833, 34.0198959099927], [-118.262851448316, 34.0200035273364], [-118.263044931793, 34.0196999338814], [-118.262779768456, 34.0195715265825]]]}}, {"type": "Feature", "properties": {"zone_id": "0206MI18TPPX8CH5KF6197", "tract_id": "06037226701", "city": "LOS ANGELES, CA", "zone_code": "PF-1", "zone_category": "Other", "ev_permitted": false}, "geometry": {"type": "Polygon", "coordinates": [[[-118.265544324471, 34.0187203708738], [-118.264330787311, 34.018750512918], [-118.265242782765, 34.0191921828453], [-118.265544324471, 34.0187203708738]]]}}, {"type": "Feature", "properties": {"zone_id": "02058JP88OJNBTAXCTZLP6", "tract_id": "06037226701", "city": "LOS ANGELES, CA", "zone_code": "PF-1", "zone_category": "Other", "ev_permitted": false}, "geometry": {"type": "Polygon", "coordinates": [[[-118.263750359469, 34.0184694118403], [-118.264330787311, 34.018750512918], [-118.265544324471, 34.0187203708738], [-118.265605499248, 34.0186246380464], [-118.265454835627, 34.018555943071], [-118.264723056245, 34.0185733227997], [-118.264573403352, 34.0185735684538], [-118.264427034173, 34.0185686682209], [-118.264284244341, 34.0185581818075], [-118.264144705363, 34.0185425770823], [-118.264008745523, 34.0185213037654], [-118.263750359469, 34.0184694118403]]]}}, {"type": "Feature", "properties": {"zone_id": "0201Y5HIT0DQGOTPHP0AY3", "tract_id": "06037226701", "city": "LOS ANGELES, CA", "zone_code": "CPIO", "zone_category": "Other", "ev_permitted": false}, "geometry": {"type": "Polygon", "coordinates": [[[-118.264860859465, 34.0191979126224], [-118.26466810895, 34.0195012600812], [-118.264812110957, 34.0195710148471], [-118.265004761937, 34.0192676124175], [-118.264860859465, 34.0191979126224]]]}}, {"type": "Feature", "properties": {"zone_id": "0200CZWE1R9QB78SMI1VXA", "tract_id": "06037226701", "city": "LOS ANGELES, CA", "zone_code": "CPIO", "zone_category": "Other", "ev_permitted": false}, "geometry": {"type": "Polygon", "coordinates": [[[-118.265004761937, 34.0192676124175], [-118.264812110957, 34.0195710148471], [-118.264956675159, 34.0196410704733], [-118.26514978847, 34.0193378866248], [-118.265004761937, 34.0192676124175]]]}}, {"type": "Feature", "properties": {"zone_id": "0206RGVBONYI9N6ZSLGBL6", "tract_id": "06037226701", "city": "LOS ANGELES, CA", "zone_code": "CPIO", "zone_category": "Other", "ev_permitted": false}, "geometry": {"type": "Polygon", "coordinates": [[[-118.264524107184, 34.0194315051438], [-118.264330894474, 34.019735347693], [-118.264474995776, 34.0198051576021], [-118.26466810895, 34.0195012600812], [-118.264524107184, 34.0194315051438]]]}}, {"type": "Feature", "properties": {"zone_id": "0201S4YOV49FWNOCUIF67H", "tract_id": "06037226701", "city": "LOS ANGELES, CA", "zone_code": "CPIO", "zone_category": "Other", "ev_permitted": false}, "geometry": {"type": "Polygon", "coordinates": [[[-118.264573055413, 34.0190585674753], [-118.264380138657, 34.0193617499626], [-118.264524107184, 34.0194315051438], [-118.264716957406, 34.0191282676129], [-118.264573055413, 34.0190585674753]]]}}, {"type": "Feature", "properties": {"zone_id": "0202OX40OX84J58CMIWJB5", "tract_id": "06037226701", "city": "LOS ANGELES, CA", "zone_code": "CPIO", "zone_category": "Other", "ev_permitted": false}, "geometry": {"type": "Polygon", "coordinates": [[[-118.264716957406, 34.0191282676129], [-118.264524107184, 34.0194315051438], [-118.26466810895, 34.0195012600812], [-118.264860859465, 34.0191979126224], [-118.264716957406, 34.0191282676129]]]}}, {"type": "Feature", "properties": {"zone_id": "0200N324W6G75HAMJKRNRE", "tract_id": "06037226701", "city": "LOS ANGELES, CA", "zone_code": "CPIO", "zone_category": "Other", "ev_permitted": false}, "geometry": {"type": "Polygon", "coordinates": [[[-118.26442915366, 34.0189888671663], [-118.26423613737, 34.0192919946822], [-118.264380138657, 34.0193617499626], [-118.264573055413, 34.0190585674753], [-118.26442915366, 34.0189888671663]]]}}, {"type": "Feature", "properties": {"zone_id": "0206OTY212ISTRZANZKTLY", "tract_id": "06037226701", "city": "LOS ANGELES, CA", "zone_code": "CPIO", "zone_category": "Other", "ev_permitted": false}, "geometry": {"type": "Polygon", "coordinates": [[[-118.264017081825, 34.0187893123267], [-118.263988652212, 34.0188022980566], [-118.263950143021, 34.0188233221779], [-118.263914636602, 34.0188477086532], [-118.263852303081, 34.0189032587112], [-118.26380788851, 34.0189490302823], [-118.263767019744, 34.0189970175799], [-118.26372402207, 34.0190547647166], [-118.263526410518, 34.0193456456518], [-118.263871523721, 34.0195128413089], [-118.263904328469, 34.0194613570327], [-118.264043729357, 34.0193594910898], [-118.264160874303, 34.0194101527492], [-118.26442915366, 34.0189888671663], [-118.264017081825, 34.0187893123267]]]}}, {"type": "Feature", "properties": {"zone_id": "0204ML8NO69NOV9ISM53XZ", "tract_id": "06037226701", "city": "LOS ANGELES, CA", "zone_code": "CPIO", "zone_category": "Other", "ev_permitted": false}, "geometry": {"type": "Polygon", "coordinates": [[[-118.26423613737, 34.0192919946822], [-118.264042692677, 34.0195957548379], [-118.264186793499, 34.0196655650906], [-118.264380138657, 34.0193617499626], [-118.26423613737, 34.0192919946822]]]}}, {"type": "Feature", "properties": {"zone_id": "02014Z6DBN3NQZBZG5LRBI", "tract_id": "06037226701", "city": "PASADENA, CA", "zone_code": "CPIO", "zone_category": "Other", "ev_permitted": false}, "geometry": {"type": "Polygon", "coordinates": [[[-118.264380138657, 34.0193617499626], [-118.264186793499, 34.0196655650906], [-118.264330894474, 34.019735347693], [-118.264524107184, 34.0194315051438], [-118.264380138657, 34.0193617499626]]]}}, {"type": "Feature", "properties": {"zone_id": "0205RKAA0QHNURP5O6LQ18", "tract_id": "06037226701", "city": "LOS ANGELES, CA", "zone_code": "CPIO", "zone_category": "Other", "ev_permitted": false}, "geometry": {"type": "Polygon", "coordinates": [[[-118.264043729357, 34.0193594910898], [-118.263904328469, 34.0194613570327], [-118.263871523721, 34.0195128413089], [-118.264042692677, 34.0195957548379], [-118.264160874303, 34.0194101527492], [-118.264043729357, 34.0193594910898]]]}}, {"type": "Feature", "properties": {"zone_id": "0205IYGY49HASQ9TUZ7ZW8", "tract_id": "06037226701", "city": "LOS ANGELES, CA", "zone_code": "C2-1VL", "zone_category": "Commercial", "ev_permitted": true}, "geometry": {"type": "Polygon", "coordinates": [[[-118.263015722363, 34.0192889992853], [-118.262949672787, 34.019304723573], [-118.262779768456, 34.0195715265825], [-118.26318813958, 34.0197693076126], [-118.263381358592, 34.019466126375], [-118.263015722363, 34.0192889992853]]]}}, {"type": "Feature", "properties": {"zone_id": "02069FS414OZJJMFGT49BM", "tract_id": "06037226701", "city": "LOS ANGELES, CA", "zone_code": "RD1.5-1", "zone_category": "Residential", "ev_permitted": false}, "geometry": {"type": "Polygon", "coordinates": [[[-118.263381358592, 34.019466126375], [-118.26318813958, 34.0197693076126], [-118.263331380605, 34.0198386811022], [-118.263524566258, 34.0195354997062], [-118.263381358592, 34.019466126375]]]}}, {"type": "Feature", "properties": {"zone_id": "020722KH7H5RJCQPRTC3HY", "tract_id": "06037226701", "city": "LOS ANGELES, CA", "zone_code": "CPIO", "zone_category": "Other", "ev_permitted": false}, "geometry": {"type": "Polygon", "coordinates": [[[-118.263430738786, 34.0185053373916], [-118.263044305537, 34.0191121393424], [-118.263526410518, 34.0193456456518], [-118.26372402207, 34.0190547647166], [-118.263767019744, 34.0189970175799], [-118.26380788851, 34.0189490302823], [-118.263852303081, 34.0189032587112], [-118.263914636602, 34.0188477086532], [-118.263950143021, 34.0188233221779], [-118.263988652212, 34.0188022980566], [-118.264017081825, 34.0187893123267], [-118.263430738786, 34.0185053373916]]]}}, {"type": "Feature", "properties": {"zone_id": "02077IBJU01H69LBKVD9DC", "tract_id": "06037226701", "city": "LOS ANGELES, CA", "zone_code": "CM-1VL", "zone_category": "Commercial", "ev_permitted": true}, "geometry": {"type": "Polygon", "coordinates": [[[-118.267069118608, 34.0183191985572], [-118.266941229225, 34.0185205118444], [-118.267483700447, 34.0185074986515], [-118.267069118608, 34.0183191985572]]]}}, {"type": "Feature", "properties": {"zone_id": "0201X8XZX82YALX38XCTCJ", "tract_id": "06037226701", "city": "LOS ANGELES, CA", "zone_code": "R2-1", "zone_category": "Residential", "ev_permitted": false}, "geometry": {"type": "Polygon", "coordinates": [[[-118.267817715271, 34.0180821578702], [-118.267625369291, 34.0183840253157], [-118.267741234303, 34.0184366373216], [-118.267933481516, 34.018134934781], [-118.267817715271, 34.0180821578702]]]}}, {"type": "Feature", "properties": {"zone_id": "0207AOJU7DJTD3HXG66JS5", "tract_id": "06037226701", "city": "LOS ANGELES, CA", "zone_code": "R2-1", "zone_category": "Residential", "ev_permitted": false}, "geometry": {"type": "Polygon", "coordinates": [[[-118.26770191626, 34.0180294084], [-118.267509471337, 34.0183313857933], [-118.267625369291, 34.0183840253157], [-118.267817715271, 34.0180821578702], [-118.26770191626, 34.0180294084]]]}}, {"type": "Feature", "properties": {"zone_id": "0202OUTBDFO9BEVQ6HAXXD", "tract_id": "06037226701", "city": "LOS ANGELES, CA", "zone_code": "R2-1", "zone_category": "Residential", "ev_permitted": false}, "geometry": {"type": "Polygon", "coordinates": [[[-118.267586117308, 34.0179766313406], [-118.267393573617, 34.0182787736384], [-118.267509471337, 34.0183313857933], [-118.26770191626, 34.0180294084], [-118.267586117308, 34.0179766313406]]]}}, {"type": "Feature", "properties": {"zone_id": "0205S72SFQXAO24I5PREOR", "tract_id": "06037226701", "city": "LOS ANGELES, CA", "zone_code": "R2-1", "zone_category": "Residential", "ev_permitted": false}, "geometry": {"type": "Polygon", "coordinates": [[[-118.267238754414, 34.017818326902], [-118.267045914242, 34.0181209089554], [-118.267161811525, 34.0181735214436], [-118.26735455284, 34.0178710768158], [-118.267238754414, 34.017818326902]]]}}, {"type": "Feature", "properties": {"zone_id": "0205GB6RT2Q8Y37O5RHXEO", "tract_id": "06037226701", "city": "LOS ANGELES, CA", "zone_code": "R2-1", "zone_category": "Residential", "ev_permitted": false}, "geometry": {"type": "Polygon", "coordinates": [[[-118.26735455284, 34.0178710768158], [-118.267161811525, 34.0181735214436], [-118.267277709041, 34.0182261612992], [-118.267470351501, 34.017923854097], [-118.26735455284, 34.0178710768158]]]}}, {"type": "Feature", "properties": {"zone_id": "02058Q5YL7JRD669VN8A25", "tract_id": "06037226701", "city": "LOS ANGELES, CA", "zone_code": "R2-1", "zone_category": "Residential", "ev_permitted": false}, "geometry": {"type": "Polygon", "coordinates": [[[-118.267470351501, 34.017923854097], [-118.267277709041, 34.0182261612992], [-118.267393573617, 34.0182787736384], [-118.267586117308, 34.0179766313406], [-118.267470351501, 34.017923854097]]]}}, {"type": "Feature", "properties": {"zone_id": "0204RFTS7J3J2W7LW1IVOP", "tract_id": "06037226701", "city": "LOS ANGELES, CA", "zone_code": "CM-1VL", "zone_category": "Commercial", "ev_permitted": true}, "geometry": {"type": "Polygon", "coordinates": [[[-118.266953221269, 34.018266613458], [-118.266789572188, 34.0185241479875], [-118.266941229225, 34.0185205118444], [-118.267069118608, 34.0183191985572], [-118.266953221269, 34.018266613458]]]}}, {"type": "Feature", "properties": {"zone_id": "0205TS7G91665Q7HR3M49R", "tract_id": "06037226701", "city": "LOS ANGELES, CA", "zone_code": "CM-1VL", "zone_category": "Commercial", "ev_permitted": true}, "geometry": {"type": "Polygon", "coordinates": [[[-118.266489665931, 34.0180561344847], [-118.266295971688, 34.0183609704722], [-118.266411868832, 34.0184135836812], [-118.266605562775, 34.0181087475068], [-118.266489665931, 34.0180561344847]]]}}, {"type": "Feature", "properties": {"zone_id": "0205C9R6XXAWQZV7JT8ZE1", "tract_id": "06037226701", "city": "LOS ANGELES, CA", "zone_code": "CM-1VL", "zone_category": "Commercial", "ev_permitted": true}, "geometry": {"type": "Polygon", "coordinates": [[[-118.266605562775, 34.0181087475068], [-118.266411868832, 34.0184135836812], [-118.266527733122, 34.018466196852], [-118.266721459765, 34.0181613604178], [-118.266605562775, 34.0181087475068]]]}}, {"type": "Feature", "properties": {"zone_id": "0207MXI7UMH3514RCAC3YO", "tract_id": "06037226701", "city": "LOS ANGELES, CA", "zone_code": "CM-1VL", "zone_category": "Commercial", "ev_permitted": true}, "geometry": {"type": "Polygon", "coordinates": [[[-118.266721459765, 34.0181613604178], [-118.266527733122, 34.018466196852], [-118.266662071129, 34.0185272050519], [-118.266789572188, 34.0185241479875], [-118.266953221269, 34.018266613458], [-118.266721459765, 34.0181613604178]]]}}, {"type": "Feature", "properties": {"zone_id": "0205IRFZS7INKJ0HSJMHKR", "tract_id": "06037226701", "city": "LOS ANGELES, CA", "zone_code": "R2-1", "zone_category": "Residential", "ev_permitted": false}, "geometry": {"type": "Polygon", "coordinates": [[[-118.26754995225, 34.0175644217567], [-118.26735455284, 34.0178710768158], [-118.267470351501, 34.017923854097], [-118.267665750609, 34.0176171988497], [-118.26754995225, 34.0175644217567]]]}}, {"type": "Feature", "properties": {"zone_id": "0201KHXP4X3WPZ5F52O2WA", "tract_id": "06037226701", "city": "LOS ANGELES, CA", "zone_code": "R2-1", "zone_category": "Residential", "ev_permitted": false}, "geometry": {"type": "Polygon", "coordinates": [[[-118.267781516115, 34.0176699759048], [-118.267586117308, 34.0179766313406], [-118.26770191626, 34.0180294084], [-118.267897347766, 34.0177227527027], [-118.267781516115, 34.0176699759048]]]}}, {"type": "Feature", "properties": {"zone_id": "02012YH8K8HSHZ3HHIOS1V", "tract_id": "06037226701", "city": "LOS ANGELES, CA", "zone_code": "R2-1", "zone_category": "Residential", "ev_permitted": false}, "geometry": {"type": "Polygon", "coordinates": [[[-118.267665750609, 34.0176171988497], [-118.267470351501, 34.017923854097], [-118.267586117308, 34.0179766313406], [-118.267781516115, 34.0176699759048], [-118.267665750609, 34.0176171988497]]]}}, {"type": "Feature", "properties": {"zone_id": "020250CKRY82NOHPZFEXUX", "tract_id": "06037226701", "city": "LOS ANGELES, CA", "zone_code": "R2-1", "zone_category": "Residential", "ev_permitted": false}, "geometry": {"type": "Polygon", "coordinates": [[[-118.267434154124, 34.0175116720314], [-118.267238754414, 34.017818326902], [-118.26735455284, 34.0178710768158], [-118.26754995225, 34.0175644217567], [-118.267434154124, 34.0175116720314]]]}}, {"type": "Feature", "properties": {"zone_id": "0202S1URDNJNKMACXSH4UY", "tract_id": "06037226701", "city": "LOS ANGELES, CA", "zone_code": "R2-1", "zone_category": "Residential", "ev_permitted": false}, "geometry": {"type": "Polygon", "coordinates": [[[-118.267202591135, 34.017406117218], [-118.267007190734, 34.0177127442333], [-118.267122988957, 34.0177655218474], [-118.267318389056, 34.0174588946436], [-118.267202591135, 34.017406117218]]]}}, {"type": "Feature", "properties": {"zone_id": "0205C79J6HAMDOKF1DVR3C", "tract_id": "06037226701", "city": "LOS ANGELES, CA", "zone_code": "R2-1", "zone_category": "Residential", "ev_permitted": false}, "geometry": {"type": "Polygon", "coordinates": [[[-118.267318389056, 34.0174588946436], [-118.267122988957, 34.0177655218474], [-118.267238754414, 34.017818326902], [-118.267434154124, 34.0175116720314], [-118.267318389056, 34.0174588946436]]]}}, {"type": "Feature", "properties": {"zone_id": "02069JFF2I9G4RXE19S7C1", "tract_id": "06037226701", "city": "LOS ANGELES, CA", "zone_code": "R2-1", "zone_category": "Residential", "ev_permitted": false}, "geometry": {"type": "Polygon", "coordinates": [[[-118.267122988957, 34.0177655218474], [-118.266930017104, 34.018068296356], [-118.267045914242, 34.0181209089554], [-118.267238754414, 34.017818326902], [-118.267122988957, 34.0177655218474]]]}}, {"type": "Feature", "properties": {"zone_id": "0203MC19R6M2KUOFKGVSZF", "tract_id": "06037226701", "city": "LOS ANGELES, CA", "zone_code": "R2-1", "zone_category": "Residential", "ev_permitted": false}, "geometry": {"type": "Polygon", "coordinates": [[[-118.267007190734, 34.0177127442333], [-118.266814153112, 34.0180156835725], [-118.266930017104, 34.018068296356], [-118.267122988957, 34.0177655218474], [-118.267007190734, 34.0177127442333]]]}}, {"type": "Feature", "properties": {"zone_id": "02046WBUM2X19W63X61FW6", "tract_id": "06037226701", "city": "LOS ANGELES, CA", "zone_code": "R2-1", "zone_category": "Residential", "ev_permitted": false}, "geometry": {"type": "Polygon", "coordinates": [[[-118.266891392658, 34.0176599665084], [-118.266698256178, 34.0179630432725], [-118.266814153112, 34.0180156835725], [-118.267007190734, 34.0177127442333], [-118.266891392658, 34.0176599665084]]]}}, {"type": "Feature", "properties": {"zone_id": "0201C0XMQSLR1EDMD38424", "tract_id": "06037226701", "city": "LOS ANGELES, CA", "zone_code": "R2-1", "zone_category": "Residential", "ev_permitted": false}, "geometry": {"type": "Polygon", "coordinates": [[[-118.266775627727, 34.0176071885996], [-118.266582359478, 34.0179104303398], [-118.266698256178, 34.0179630432725], [-118.266891392658, 34.0176599665084], [-118.266775627727, 34.0176071885996]]]}}, {"type": "Feature", "properties": {"zone_id": "0206DIDQC01E4CPNS38T9T", "tract_id": "06037226701", "city": "LOS ANGELES, CA", "zone_code": "R2-1", "zone_category": "Residential", "ev_permitted": false}, "geometry": {"type": "Polygon", "coordinates": [[[-118.266659829943, 34.0175544106528], [-118.266466495922, 34.0178578172231], [-118.266582359478, 34.0179104303398], [-118.266775627727, 34.0176071885996], [-118.266659829943, 34.0175544106528]]]}}, {"type": "Feature", "properties": {"zone_id": "0207B2LWVCZ33Q8XXJ2ZDU", "tract_id": "06037226701", "city": "LOS ANGELES, CA", "zone_code": "R2-1", "zone_category": "Residential", "ev_permitted": false}, "geometry": {"type": "Polygon", "coordinates": [[[-118.266543999305, 34.017501632668], [-118.266350599426, 34.0178051765898], [-118.266466495922, 34.0178578172231], [-118.266659829943, 34.0175544106528], [-118.266543999305, 34.017501632668]]]}}, {"type": "Feature", "properties": {"zone_id": "02047ZMSVJ6PVZX2TJXXET", "tract_id": "06037226701", "city": "LOS ANGELES, CA", "zone_code": "R2-1", "zone_category": "Residential", "ev_permitted": false}, "geometry": {"type": "Polygon", "coordinates": [[[-118.26697099573, 34.0173005620339], [-118.266775627727, 34.0176071885996], [-118.266891392658, 34.0176599665084], [-118.267086793359, 34.0173533396814], [-118.26697099573, 34.0173005620339]]]}}, {"type": "Feature", "properties": {"zone_id": "0204LSQWHNBS8ALNRFGUI9", "tract_id": "06037226701", "city": "LOS ANGELES, CA", "zone_code": "R2-1", "zone_category": "Residential", "ev_permitted": false}, "geometry": {"type": "Polygon", "coordinates": [[[-118.267086793359, 34.0173533396814], [-118.266891392658, 34.0176599665084], [-118.267007190734, 34.0177127442333], [-118.267202591135, 34.017406117218], [-118.267086793359, 34.0173533396814]]]}}, {"type": "Feature", "properties": {"zone_id": "0205R6O24W2FCCUSEW6U5L", "tract_id": "06037226701", "city": "LOS ANGELES, CA", "zone_code": "R2-1", "zone_category": "Residential", "ev_permitted": false}, "geometry": {"type": "Polygon", "coordinates": [[[-118.266855231333, 34.0172478116811], [-118.266659829943, 34.0175544106528], [-118.266775627727, 34.0176071885996], [-118.26697099573, 34.0173005620339], [-118.266855231333, 34.0172478116811]]]}}, {"type": "Feature", "properties": {"zone_id": "0204CHGVIG976UXF2O52UN", "tract_id": "06037226701", "city": "LOS ANGELES, CA", "zone_code": "CPIO", "zone_category": "Other", "ev_permitted": false}, "geometry": {"type": "Polygon", "coordinates": [[[-118.266257905593, 34.0179508805558], [-118.265879773996, 34.0185459399178], [-118.266662071129, 34.0185272050519], [-118.266295971688, 34.0183609704722], [-118.266489665931, 34.0180561344847], [-118.266257905593, 34.0179508805558]]]}}, {"type": "Feature", "properties": {"zone_id": "0207CYDQKGUPLO4DTZAQHE", "tract_id": "06037226701", "city": "LOS ANGELES, CA", "zone_code": "R2-1", "zone_category": "Residential", "ev_permitted": false}, "geometry": {"type": "Polygon", "coordinates": [[[-118.265969039153, 34.0178192900753], [-118.265775801102, 34.0181227228044], [-118.265891268685, 34.0181753649355], [-118.266053704729, 34.0179196753771], [-118.26605814578, 34.0179109569317], [-118.266060720993, 34.0179017371079], [-118.266061354367, 34.0178922879997], [-118.266060027212, 34.0178828884676], [-118.266056778692, 34.0178738159092], [-118.26605170468, 34.0178653380725], [-118.266044954917, 34.0178577051544], [-118.266036728602, 34.0178511424166], [-118.266027268508, 34.0178458435378], [-118.265969039153, 34.0178192900753]]]}}, {"type": "Feature", "properties": {"zone_id": "0203GO14E4H4F287EKZ6DS", "tract_id": "06037226701", "city": "LOS ANGELES, CA", "zone_code": "RD1.5-1", "zone_category": "Residential", "ev_permitted": false}, "geometry": {"type": "Polygon", "coordinates": [[[-118.265775801102, 34.0181227228044], [-118.265737153376, 34.0181834258008], [-118.265852654105, 34.0182360953749], [-118.265891268685, 34.0181753649355], [-118.265775801102, 34.0181227228044]]]}}, {"type": "Feature", "properties": {"zone_id": "0203UY6OCZTAAGH4O7DRY1", "tract_id": "06037226701", "city": "LOS ANGELES, CA", "zone_code": "CPIO", "zone_category": "Other", "ev_permitted": false}, "geometry": {"type": "Polygon", "coordinates": [[[-118.265041445569, 34.0183674685291], [-118.264912954585, 34.0185685920622], [-118.265454835627, 34.018555943071], [-118.265041445569, 34.0183674685291]]]}}, {"type": "Feature", "properties": {"zone_id": "0204VC95J2Y1O82ZLR5I4W", "tract_id": "06037226701", "city": "LOS ANGELES, CA", "zone_code": "RD1.5-1", "zone_category": "Residential", "ev_permitted": false}, "geometry": {"type": "Polygon", "coordinates": [[[-118.265621388361, 34.018130619305], [-118.265466763659, 34.0183734310927], [-118.265582561824, 34.0184262101865], [-118.265737153376, 34.0181834258008], [-118.265621388361, 34.018130619305]]]}}, {"type": "Feature", "properties": {"zone_id": "0202GMIMGD5P26YCWF4SWW", "tract_id": "06037226701", "city": "LOS ANGELES, CA", "zone_code": "RD1.5-1", "zone_category": "Residential", "ev_permitted": false}, "geometry": {"type": "Polygon", "coordinates": [[[-118.265664489623, 34.0182975414375], [-118.265582561824, 34.0184262101865], [-118.265654034847, 34.0184581037001], [-118.265663123164, 34.0184601424261], [-118.265681887996, 34.0184605404122], [-118.265691090215, 34.0184588896129], [-118.265699860498, 34.0184560508923], [-118.265707977169, 34.0184520960013], [-118.265715235072, 34.0184471249029], [-118.265721450757, 34.0184412632458], [-118.265726467118, 34.018434659188], [-118.265780120481, 34.0183502365564], [-118.265664489623, 34.0182975414375]]]}}, {"type": "Feature", "properties": {"zone_id": "02004BVER4OFNIDKMIK2YG", "tract_id": "06037226701", "city": "LOS ANGELES, CA", "zone_code": "RD1.5-1", "zone_category": "Residential", "ev_permitted": false}, "geometry": {"type": "Polygon", "coordinates": [[[-118.265737153376, 34.0181834258008], [-118.265664489623, 34.0182975414375], [-118.265780120481, 34.0183502365564], [-118.265852654105, 34.0182360953749], [-118.265737153376, 34.0181834258008]]]}}, {"type": "Feature", "properties": {"zone_id": "0201FGSZ00N5DKSOLRDJ9X", "tract_id": "06037226701", "city": "LOS ANGELES, CA", "zone_code": "RD1.5-1", "zone_category": "Residential", "ev_permitted": false}, "geometry": {"type": "Polygon", "coordinates": [[[-118.265544271425, 34.0180171372548], [-118.265350998465, 34.0183205968585], [-118.265466763659, 34.0183734310927], [-118.265660036234, 34.0180699438243], [-118.265544271425, 34.0180171372548]]]}}, {"type": "Feature", "properties": {"zone_id": "0206ZQN6175V2FJR665G19", "tract_id": "06037226701", "city": "LOS ANGELES, CA", "zone_code": "RD1.5-1", "zone_category": "Residential", "ev_permitted": false}, "geometry": {"type": "Polygon", "coordinates": [[[-118.265660036234, 34.0180699438243], [-118.265621388361, 34.018130619305], [-118.265737153376, 34.0181834258008], [-118.265775801102, 34.0181227228044], [-118.265660036234, 34.0180699438243]]]}}, {"type": "Feature", "properties": {"zone_id": "02013PCJDXTJLXYYV35NFY", "tract_id": "06037226701", "city": "LOS ANGELES, CA", "zone_code": "RD1.5-1", "zone_category": "Residential", "ev_permitted": false}, "geometry": {"type": "Polygon", "coordinates": [[[-118.265312709333, 34.0179115513344], [-118.265119435864, 34.0182150380439], [-118.265235233678, 34.0182678449489], [-118.26542847385, 34.0179643581256], [-118.265312709333, 34.0179115513344]]]}}, {"type": "Feature", "properties": {"zone_id": "0205SNIGRYNU7L4H78YILX", "tract_id": "06037226701", "city": "LOS ANGELES, CA", "zone_code": "RD1.5-1", "zone_category": "Residential", "ev_permitted": false}, "geometry": {"type": "Polygon", "coordinates": [[[-118.26542847385, 34.0179643581256], [-118.265235233678, 34.0182678449489], [-118.265350998465, 34.0183205968585], [-118.265544271425, 34.0180171372548], [-118.26542847385, 34.0179643581256]]]}}, {"type": "Feature", "properties": {"zone_id": "02010T7271X56L0B1SSJRP", "tract_id": "06037226701", "city": "LOS ANGELES, CA", "zone_code": "RD1.5-1", "zone_category": "Residential", "ev_permitted": false}, "geometry": {"type": "Polygon", "coordinates": [[[-118.26519694505, 34.0178587719109], [-118.265003671283, 34.0181622584341], [-118.265119435864, 34.0182150380439], [-118.265312709333, 34.0179115513344], [-118.26519694505, 34.0178587719109]]]}}, {"type": "Feature", "properties": {"zone_id": "0200TLD7Q1GGQNPK467O2D", "tract_id": "06037226701", "city": "LOS ANGELES, CA", "zone_code": "R2-1", "zone_category": "Residential", "ev_permitted": false}, "geometry": {"type": "Polygon", "coordinates": [[[-118.265853274496, 34.0177664838029], [-118.265660036234, 34.0180699438243], [-118.265775801102, 34.0181227228044], [-118.265969039153, 34.0178192900753], [-118.265853274496, 34.0177664838029]]]}}, {"type": "Feature", "properties": {"zone_id": "02038QMVK6439WKYUI2ZNM", "tract_id": "06037226701", "city": "LOS ANGELES, CA", "zone_code": "R2-1", "zone_category": "Residential", "ev_permitted": false}, "geometry": {"type": "Polygon", "coordinates": [[[-118.266254473374, 34.017369851982], [-118.2660610724, 34.0176732855237], [-118.266176837147, 34.0177261190749], [-118.266370204737, 34.0174226579411], [-118.266254473374, 34.017369851982]]]}}, {"type": "Feature", "properties": {"zone_id": "0204C4XE5GDNV3GTY7E63C", "tract_id": "06037226701", "city": "LOS ANGELES, CA", "zone_code": "R2-1", "zone_category": "Residential", "ev_permitted": false}, "geometry": {"type": "Polygon", "coordinates": [[[-118.266138709159, 34.0173170459848], [-118.265945340886, 34.0176204792675], [-118.2660610724, 34.0176732855237], [-118.266254473374, 34.017369851982], [-118.266138709159, 34.0173170459848]]]}}, {"type": "Feature", "properties": {"zone_id": "0206Z84202T5R9MO42BB07", "tract_id": "06037226701", "city": "LOS ANGELES, CA", "zone_code": "R2-1", "zone_category": "Residential", "ev_permitted": false}, "geometry": {"type": "Polygon", "coordinates": [[[-118.265907181078, 34.0172114061794], [-118.265713812297, 34.0175148665677], [-118.265829576518, 34.017567672973], [-118.266022945089, 34.0172642398768], [-118.265907181078, 34.0172114061794]]]}}, {"type": "Feature", "properties": {"zone_id": "0204EEBZZ15IM70IQED9IJ", "tract_id": "06037226701", "city": "LOS ANGELES, CA", "zone_code": "R2-1", "zone_category": "Residential", "ev_permitted": false}, "geometry": {"type": "Polygon", "coordinates": [[[-118.266022945089, 34.0172642398768], [-118.265829576518, 34.017567672973], [-118.265945340886, 34.0176204792675], [-118.266138709159, 34.0173170459848], [-118.266022945089, 34.0172642398768]]]}}, {"type": "Feature", "properties": {"zone_id": "0203TUL9QXCSVZ8WMK2KRY", "tract_id": "06037226701", "city": "LOS ANGELES, CA", "zone_code": "R2-1", "zone_category": "Residential", "ev_permitted": false}, "geometry": {"type": "Polygon", "coordinates": [[[-118.265621745532, 34.0176608434473], [-118.26542847385, 34.0179643581256], [-118.265544271425, 34.0180171372548], [-118.265737509985, 34.0177136774198], [-118.265621745532, 34.0176608434473]]]}}, {"type": "Feature", "properties": {"zone_id": "02039X2AOKDCGKS5VTOWZ8", "tract_id": "06037226701", "city": "LOS ANGELES, CA", "zone_code": "R2-1", "zone_category": "Residential", "ev_permitted": false}, "geometry": {"type": "Polygon", "coordinates": [[[-118.265505981313, 34.0176080368424], [-118.265312709333, 34.0179115513344], [-118.26542847385, 34.0179643581256], [-118.265621745532, 34.0176608434473], [-118.265505981313, 34.0176080368424]]]}}, {"type": "Feature", "properties": {"zone_id": "0200U05SMSYDUJ0W77KKX3", "tract_id": "06037226701", "city": "LOS ANGELES, CA", "zone_code": "R2-1", "zone_category": "Residential", "ev_permitted": false}, "geometry": {"type": "Polygon", "coordinates": [[[-118.265737509985, 34.0177136774198], [-118.265544271425, 34.0180171372548], [-118.265660036234, 34.0180699438243], [-118.265853274496, 34.0177664838029], [-118.265737509985, 34.0177136774198]]]}}, {"type": "Feature", "properties": {"zone_id": "0203XVMF9RUT39PJ1JQHFG", "tract_id": "06037226701", "city": "LOS ANGELES, CA", "zone_code": "R2-1", "zone_category": "Residential", "ev_permitted": false}, "geometry": {"type": "Polygon", "coordinates": [[[-118.26539021724, 34.0175552301267], [-118.26519694505, 34.0178587719109], [-118.265312709333, 34.0179115513344], [-118.265505981313, 34.0176080368424], [-118.26539021724, 34.0175552301267]]]}}, {"type": "Feature", "properties": {"zone_id": "0200RMI3WJ53PS2V0VH43O", "tract_id": "06037226701", "city": "LOS ANGELES, CA", "zone_code": "R2-1", "zone_category": "Residential", "ev_permitted": false}, "geometry": {"type": "Polygon", "coordinates": [[[-118.265274453314, 34.0175024233001], [-118.265081147826, 34.0178059649704], [-118.26519694505, 34.0178587719109], [-118.26539021724, 34.0175552301267], [-118.265274453314, 34.0175024233001]]]}}, {"type": "Feature", "properties": {"zone_id": "0202XRNFISB02JG5FOYHO5", "tract_id": "06037226701", "city": "LOS ANGELES, CA", "zone_code": "R2-1", "zone_category": "Residential", "ev_permitted": false}, "geometry": {"type": "Polygon", "coordinates": [[[-118.265158689533, 34.0174496163627], [-118.264965383834, 34.0177531853252], [-118.265081147826, 34.0178059649704], [-118.265274453314, 34.0175024233001], [-118.265158689533, 34.0174496163627]]]}}, {"type": "Feature", "properties": {"zone_id": "0205SVSSKH9HZ6JED38P6P", "tract_id": "06037226701", "city": "LOS ANGELES, CA", "zone_code": "R2-1", "zone_category": "Residential", "ev_permitted": false}, "geometry": {"type": "Polygon", "coordinates": [[[-118.267862216303, 34.0170771372288], [-118.267643767042, 34.017419236405], [-118.267759697432, 34.0174720680716], [-118.267978146269, 34.0171299412061], [-118.267862216303, 34.0170771372288]]]}}, {"type": "Feature", "properties": {"zone_id": "0201W5BH2DY0X0XB3EFHS9", "tract_id": "06037226701", "city": "LOS ANGELES, CA", "zone_code": "R2-1", "zone_category": "Residential", "ev_permitted": false}, "geometry": {"type": "Polygon", "coordinates": [[[-118.267746319307, 34.0170242781103], [-118.267527836799, 34.0173664046272], [-118.267643767042, 34.017419236405], [-118.267862216303, 34.0170771372288], [-118.267746319307, 34.0170242781103]]]}}, {"type": "Feature", "properties": {"zone_id": "0206AGNH3GZQ6CR7HZLMB9", "tract_id": "06037226701", "city": "LOS ANGELES, CA", "zone_code": "R2-1", "zone_category": "Residential", "ev_permitted": false}, "geometry": {"type": "Polygon", "coordinates": [[[-118.267630389634, 34.0169714739107], [-118.267411939701, 34.0173135726652], [-118.267527836799, 34.0173664046272], [-118.267746319307, 34.0170242781103], [-118.267630389634, 34.0169714739107]]]}}, {"type": "Feature", "properties": {"zone_id": "0206B3EADDUFI5E1UWYI1I", "tract_id": "06037226701", "city": "LOS ANGELES, CA", "zone_code": "R2-1", "zone_category": "Residential", "ev_permitted": false}, "geometry": {"type": "Polygon", "coordinates": [[[-118.267514460107, 34.0169186696], [-118.26729600975, 34.0172607406651], [-118.267411939701, 34.0173135726652], [-118.267630389634, 34.0169714739107], [-118.267514460107, 34.0169186696]]]}}, {"type": "Feature", "properties": {"zone_id": "0202VMNY6UA7A29IVU2BQ9", "tract_id": "06037226701", "city": "LOS ANGELES, CA", "zone_code": "R2-1", "zone_category": "Residential", "ev_permitted": false}, "geometry": {"type": "Polygon", "coordinates": [[[-118.267282601229, 34.0168129782095], [-118.267064183199, 34.01715504878], [-118.267180079946, 34.0172079085539], [-118.267398530551, 34.016865810221], [-118.267282601229, 34.0168129782095]]]}}, {"type": "Feature", "properties": {"zone_id": "020109ZXHGXE66G0UVX5BP", "tract_id": "06037226701", "city": "LOS ANGELES, CA", "zone_code": "R2-1", "zone_category": "Residential", "ev_permitted": false}, "geometry": {"type": "Polygon", "coordinates": [[[-118.267398530551, 34.016865810221], [-118.267180079946, 34.0172079085539], [-118.26729600975, 34.0172607406651], [-118.267514460107, 34.0169186696], [-118.267398530551, 34.016865810221]]]}}, {"type": "Feature", "properties": {"zone_id": "020050SOXK83L7IKLSDV7O", "tract_id": "06037226701", "city": "LOS ANGELES, CA", "zone_code": "R2-1", "zone_category": "Residential", "ev_permitted": false}, "geometry": {"type": "Polygon", "coordinates": [[[-118.266739433909, 34.0171950063333], [-118.266543999305, 34.017501632668], [-118.266659829943, 34.0175544106528], [-118.266855231333, 34.0172478116811], [-118.266739433909, 34.0171950063333]]]}}, {"type": "Feature", "properties": {"zone_id": "0206Y667RGELW4BDIEER1O", "tract_id": "06037226701", "city": "LOS ANGELES, CA", "zone_code": "R2-1", "zone_category": "Residential", "ev_permitted": false}, "geometry": {"type": "Polygon", "coordinates": [[[-118.266973285415, 34.0168286385694], [-118.266832291411, 34.0170494115531], [-118.266948253688, 34.0171022164464], [-118.267104716776, 34.0168571969695], [-118.267075631195, 34.0168439376125], [-118.267060133091, 34.0168682080734], [-118.266973285415, 34.0168286385694]]]}}, {"type": "Feature", "properties": {"zone_id": "0206VU12XHFZ7HK8IABZ42", "tract_id": "06037226701", "city": "LOS ANGELES, CA", "zone_code": "R2-1", "zone_category": "Residential", "ev_permitted": false}, "geometry": {"type": "Polygon", "coordinates": [[[-118.267104716776, 34.0168571969695], [-118.266948253688, 34.0171022164464], [-118.267064183199, 34.01715504878], [-118.267220641933, 34.0169100325959], [-118.267104716776, 34.0168571969695]]]}}, {"type": "Feature", "properties": {"zone_id": "02056SX80TX7RQR9EEK12K", "tract_id": "06037226701", "city": "LOS ANGELES, CA", "zone_code": "R2-1", "zone_category": "Residential", "ev_permitted": false}, "geometry": {"type": "Polygon", "coordinates": [[[-118.266666161269, 34.0167243489738], [-118.266542864887, 34.0169174115157], [-118.266658661804, 34.0169702170512], [-118.266781924997, 34.0167771544633], [-118.266666161269, 34.0167243489738]]]}}, {"type": "Feature", "properties": {"zone_id": "0205N9FP6W82ROZ084QUQO", "tract_id": "06037226701", "city": "LOS ANGELES, CA", "zone_code": "CPIO", "zone_category": "Other", "ev_permitted": false}, "geometry": {"type": "Polygon", "coordinates": [[[-118.267713414839, 34.0165483108892], [-118.267485378466, 34.0169053794193], [-118.267638948811, 34.0169753569028], [-118.267866918722, 34.0166182882276], [-118.267713414839, 34.0165483108892]]]}}, {"type": "Feature", "properties": {"zone_id": "0204UTCINI97S169SI4M2T", "tract_id": "06037226701", "city": "LOS ANGELES, CA", "zone_code": "CPIO", "zone_category": "Other", "ev_permitted": false}, "geometry": {"type": "Polygon", "coordinates": [[[-118.267322007293, 34.0163703197596], [-118.267255336751, 34.0163869545781], [-118.267050743024, 34.0167073138528], [-118.267485378466, 34.0169053794193], [-118.267713414839, 34.0165483108892], [-118.267322007293, 34.0163703197596]]]}}, {"type": "Feature", "properties": {"zone_id": "0202I50TOFIBVGG8B974MJ", "tract_id": "06037226701", "city": "LOS ANGELES, CA", "zone_code": "R2-1", "zone_category": "Residential", "ev_permitted": false}, "geometry": {"type": "Polygon", "coordinates": [[[-118.267050743024, 34.0167073138528], [-118.266973285415, 34.0168286385694], [-118.267060133091, 34.0168682080734], [-118.267075631195, 34.0168439376125], [-118.267220641933, 34.0169100325959], [-118.267282601229, 34.0168129782095], [-118.267050743024, 34.0167073138528]]]}}, {"type": "Feature", "properties": {"zone_id": "0203WTZ16WAFBV2RQ46SK0", "tract_id": "06037226701", "city": "LOS ANGELES, CA", "zone_code": "CPIO", "zone_category": "Other", "ev_permitted": false}, "geometry": {"type": "Polygon", "coordinates": [[[-118.266794098209, 34.0164654921558], [-118.266732105605, 34.0165625463625], [-118.266876818245, 34.0166285325003], [-118.26693881073, 34.0165314782189], [-118.266794098209, 34.0164654921558]]]}}, {"type": "Feature", "properties": {"zone_id": "0205JGTN0JE9MEI37BYGEZ", "tract_id": "06037226701", "city": "LOS ANGELES, CA", "zone_code": "R2-1", "zone_category": "Residential", "ev_permitted": false}, "geometry": {"type": "Polygon", "coordinates": [[[-118.266645291313, 34.0165229490718], [-118.26642710129, 34.0168646607534], [-118.266542864887, 34.0169174115157], [-118.266761054662, 34.0165757271022], [-118.266645291313, 34.0165229490718]]]}}, {"type": "Feature", "properties": {"zone_id": "0202480US62VZGHH54GB81", "tract_id": "06037226701", "city": "LOS ANGELES, CA", "zone_code": "R2-1", "zone_category": "Residential", "ev_permitted": false}, "geometry": {"type": "Polygon", "coordinates": [[[-118.266529495023, 34.0164701435249], [-118.266311337577, 34.0168118274449], [-118.26642710129, 34.0168646607534], [-118.266645291313, 34.0165229490718], [-118.266529495023, 34.0164701435249]]]}}, {"type": "Feature", "properties": {"zone_id": "020031NE5PORDUB2FZMN8W", "tract_id": "06037226701", "city": "LOS ANGELES, CA", "zone_code": "R2-1", "zone_category": "Residential", "ev_permitted": false}, "geometry": {"type": "Polygon", "coordinates": [[[-118.266761054662, 34.0165757271022], [-118.266666161269, 34.0167243489738], [-118.266781924997, 34.0167771544633], [-118.266876818245, 34.0166285325003], [-118.266761054662, 34.0165757271022]]]}}, {"type": "Feature", "properties": {"zone_id": "02013MMGVEANIV4XLUSXQR", "tract_id": "06037226701", "city": "LOS ANGELES, CA", "zone_code": "CPIO", "zone_category": "Other", "ev_permitted": false}, "geometry": {"type": "Polygon", "coordinates": [[[-118.266964511154, 34.0161985999418], [-118.266794098209, 34.0164654921558], [-118.26693881073, 34.0165314782189], [-118.267109223348, 34.0162645857996], [-118.266964511154, 34.0161985999418]]]}}, {"type": "Feature", "properties": {"zone_id": "02015UEOM3H02MNJHX2VRK", "tract_id": "06037226701", "city": "LOS ANGELES, CA", "zone_code": "R2-1", "zone_category": "Residential", "ev_permitted": false}, "geometry": {"type": "Polygon", "coordinates": [[[-118.266218413521, 34.0169574494464], [-118.266022945089, 34.0172642398768], [-118.266138709159, 34.0173170459848], [-118.266334210201, 34.0170102278147], [-118.266218413521, 34.0169574494464]]]}}, {"type": "Feature", "properties": {"zone_id": "020436KIIDLS6K89Z1WU1R", "tract_id": "06037226701", "city": "LOS ANGELES, CA", "zone_code": "R2-1", "zone_category": "Residential", "ev_permitted": false}, "geometry": {"type": "Polygon", "coordinates": [[[-118.266449974203, 34.0170630611019], [-118.266254473374, 34.017369851982], [-118.266370204737, 34.0174226579411], [-118.266565771088, 34.01711581177], [-118.266449974203, 34.0170630611019]]]}}, {"type": "Feature", "properties": {"zone_id": "0206V427R829KD7T7W1FQP", "tract_id": "06037226701", "city": "LOS ANGELES, CA", "zone_code": "R2-1", "zone_category": "Residential", "ev_permitted": false}, "geometry": {"type": "Polygon", "coordinates": [[[-118.266334210201, 34.0170102278147], [-118.266138709159, 34.0173170459848], [-118.266254473374, 34.017369851982], [-118.266449974203, 34.0170630611019], [-118.266334210201, 34.0170102278147]]]}}, {"type": "Feature", "properties": {"zone_id": "0204LIXN1VJF4Y2QARB73C", "tract_id": "06037226701", "city": "LOS ANGELES, CA", "zone_code": "R2-1", "zone_category": "Residential", "ev_permitted": false}, "geometry": {"type": "Polygon", "coordinates": [[[-118.265871123179, 34.0167990585008], [-118.265675653669, 34.017105793409], [-118.265791417301, 34.0171585998496], [-118.26598688651, 34.016851864753], [-118.265871123179, 34.0167990585008]]]}}, {"type": "Feature", "properties": {"zone_id": "0205ECHEQD8D3BFBFS42E9", "tract_id": "06037226701", "city": "LOS ANGELES, CA", "zone_code": "R2-1", "zone_category": "Residential", "ev_permitted": false}, "geometry": {"type": "Polygon", "coordinates": [[[-118.26598688651, 34.016851864753], [-118.265791417301, 34.0171585998496], [-118.265907181078, 34.0172114061794], [-118.266102649899, 34.0169046434159], [-118.26598688651, 34.016851864753]]]}}, {"type": "Feature", "properties": {"zone_id": "0203VDXXU08GYP685JCVPI", "tract_id": "06037226701", "city": "LOS ANGELES, CA", "zone_code": "R2-1", "zone_category": "Residential", "ev_permitted": false}, "geometry": {"type": "Polygon", "coordinates": [[[-118.266102649899, 34.0169046434159], [-118.265907181078, 34.0172114061794], [-118.266022945089, 34.0172642398768], [-118.266218413521, 34.0169574494464], [-118.266102649899, 34.0169046434159]]]}}, {"type": "Feature", "properties": {"zone_id": "02074ZKY865FPU0DW0XMS6", "tract_id": "06037226701", "city": "LOS ANGELES, CA", "zone_code": "R2-1", "zone_category": "Residential", "ev_permitted": false}, "geometry": {"type": "Polygon", "coordinates": [[[-118.265675653669, 34.017105793409], [-118.265482284206, 34.0174092259461], [-118.265598048135, 34.0174620325731], [-118.265791417301, 34.0171585998496], [-118.265675653669, 34.017105793409]]]}}, {"type": "Feature", "properties": {"zone_id": "0200KZGCG88BFY8RJ99VXW", "tract_id": "06037226701", "city": "LOS ANGELES, CA", "zone_code": "R2-1", "zone_category": "Residential", "ev_permitted": false}, "geometry": {"type": "Polygon", "coordinates": [[[-118.265559890271, 34.017053014336], [-118.265366520423, 34.0173564192083], [-118.265482284206, 34.0174092259461], [-118.265675653669, 34.017105793409], [-118.265559890271, 34.017053014336]]]}}, {"type": "Feature", "properties": {"zone_id": "0200BF0VLAIHO7BKTW63RJ", "tract_id": "06037226701", "city": "LOS ANGELES, CA", "zone_code": "R2-1", "zone_category": "Residential", "ev_permitted": false}, "geometry": {"type": "Polygon", "coordinates": [[[-118.265791417301, 34.0171585998496], [-118.265598048135, 34.0174620325731], [-118.265713812297, 34.0175148665677], [-118.265907181078, 34.0172114061794], [-118.265791417301, 34.0171585998496]]]}}, {"type": "Feature", "properties": {"zone_id": "02007JNG47F472RZZLNJ39", "tract_id": "06037226701", "city": "LOS ANGELES, CA", "zone_code": "R2-1", "zone_category": "Residential", "ev_permitted": false}, "geometry": {"type": "Polygon", "coordinates": [[[-118.265444126758, 34.0170001527168], [-118.265250756786, 34.0173036123596], [-118.265366520423, 34.0173564192083], [-118.265559890271, 34.017053014336], [-118.265444126758, 34.0170001527168]]]}}, {"type": "Feature", "properties": {"zone_id": "02064U3CENU94PS1548XWW", "tract_id": "06037226701", "city": "LOS ANGELES, CA", "zone_code": "R2-1", "zone_category": "Residential", "ev_permitted": false}, "geometry": {"type": "Polygon", "coordinates": [[[-118.265328363565, 34.0169473459436], [-118.265134993295, 34.0172508054], [-118.265250756786, 34.0173036123596], [-118.265444126758, 34.0170001527168], [-118.265328363565, 34.0169473459436]]]}}, {"type": "Feature", "properties": {"zone_id": "0203W7LA4TFOROVAJMFMO4", "tract_id": "06037226701", "city": "LOS ANGELES, CA", "zone_code": "R2-1", "zone_category": "Residential", "ev_permitted": false}, "geometry": {"type": "Polygon", "coordinates": [[[-118.265639597044, 34.0166934731423], [-118.265444126758, 34.0170001527168], [-118.265559890271, 34.017053014336], [-118.265755327083, 34.0167462796889], [-118.265639597044, 34.0166934731423]]]}}, {"type": "Feature", "properties": {"zone_id": "02014HNZHIB2OIJCTGMAE3", "tract_id": "06037226701", "city": "LOS ANGELES, CA", "zone_code": "R2-1", "zone_category": "Residential", "ev_permitted": false}, "geometry": {"type": "Polygon", "coordinates": [[[-118.26552380124, 34.0166406941086], [-118.265328363565, 34.0169473459436], [-118.265444126758, 34.0170001527168], [-118.265639597044, 34.0166934731423], [-118.26552380124, 34.0166406941086]]]}}, {"type": "Feature", "properties": {"zone_id": "0204OMVSBKB3K6X65E8OU3", "tract_id": "06037226701", "city": "LOS ANGELES, CA", "zone_code": "R2-1", "zone_category": "Residential", "ev_permitted": false}, "geometry": {"type": "Polygon", "coordinates": [[[-118.265755327083, 34.0167462796889], [-118.265559890271, 34.017053014336], [-118.265675653669, 34.017105793409], [-118.265871123179, 34.0167990585008], [-118.265755327083, 34.0167462796889]]]}}, {"type": "Feature", "properties": {"zone_id": "0204SP9PKDHL2XUXRPGLYX", "tract_id": "06037226701", "city": "LOS ANGELES, CA", "zone_code": "R2-1", "zone_category": "Residential", "ev_permitted": false}, "geometry": {"type": "Polygon", "coordinates": [[[-118.265212600518, 34.0168945390596], [-118.265019229864, 34.0171979708512], [-118.265134993295, 34.0172508054], [-118.265328363565, 34.0169473459436], [-118.265212600518, 34.0168945390596]]]}}, {"type": "Feature", "properties": {"zone_id": "0204FLXYBS3EHCKWWEG8D0", "tract_id": "06037226701", "city": "LOS ANGELES, CA", "zone_code": "R2-1", "zone_category": "Residential", "ev_permitted": false}, "geometry": {"type": "Polygon", "coordinates": [[[-118.266413698967, 34.0164173653455], [-118.266195541098, 34.0167590215768], [-118.266311337577, 34.0168118274449], [-118.266529495023, 34.0164701435249], [-118.266413698967, 34.0164173653455]]]}}, {"type": "Feature", "properties": {"zone_id": "0204KU1CTFLBWJBRXTQ65R", "tract_id": "06037226701", "city": "LOS ANGELES, CA", "zone_code": "R2-1", "zone_category": "Residential", "ev_permitted": false}, "geometry": {"type": "Polygon", "coordinates": [[[-118.266297968967, 34.0163645594312], [-118.266079777852, 34.0167062430034], [-118.266195541098, 34.0167590215768], [-118.266413698967, 34.0164173653455], [-118.266297968967, 34.0163645594312]]]}}, {"type": "Feature", "properties": {"zone_id": "02057K212SYZYSFGTQEM48", "tract_id": "06037226701", "city": "LOS ANGELES, CA", "zone_code": "R2-1", "zone_category": "Residential", "ev_permitted": false}, "geometry": {"type": "Polygon", "coordinates": [[[-118.266182173203, 34.0163117810301], [-118.265964014664, 34.0166534368408], [-118.266079777852, 34.0167062430034], [-118.266297968967, 34.0163645594312], [-118.266182173203, 34.0163117810301]]]}}, {"type": "Feature", "properties": {"zone_id": "020752XM0Z5D7XB1DEUOC8", "tract_id": "06037226701", "city": "LOS ANGELES, CA", "zone_code": "R2-1", "zone_category": "Residential", "ev_permitted": false}, "geometry": {"type": "Polygon", "coordinates": [[[-118.266037461571, 34.0162457665823], [-118.265819269702, 34.0165874496813], [-118.265964014664, 34.0166534368408], [-118.266182173203, 34.0163117810301], [-118.266037461571, 34.0162457665823]]]}}, {"type": "Feature", "properties": {"zone_id": "0201XUR0UE8M9D5J1I1KXM", "tract_id": "06037226701", "city": "LOS ANGELES, CA", "zone_code": "R2-1", "zone_category": "Residential", "ev_permitted": false}, "geometry": {"type": "Polygon", "coordinates": [[[-118.265834885609, 34.0161533899863], [-118.265616693154, 34.0164950727172], [-118.265732455816, 34.016547851734], [-118.265950647936, 34.0162061687927], [-118.265834885609, 34.0161533899863]]]}}, {"type": "Feature", "properties": {"zone_id": "0201NB7UFB2PUEB8NKYD8H", "tract_id": "06037226701", "city": "LOS ANGELES, CA", "zone_code": "R2-1", "zone_category": "Residential", "ev_permitted": false}, "geometry": {"type": "Polygon", "coordinates": [[[-118.265950647936, 34.0162061687927], [-118.265732455816, 34.016547851734], [-118.265819269702, 34.0165874496813], [-118.266037461571, 34.0162457665823], [-118.265950647936, 34.0162061687927]]]}}, {"type": "Feature", "properties": {"zone_id": "02041Z16EUTF23LIL7O2OS", "tract_id": "06037226701", "city": "LOS ANGELES, CA", "zone_code": "R2-1", "zone_category": "Residential", "ev_permitted": false}, "geometry": {"type": "Polygon", "coordinates": [[[-118.265176480528, 34.01648230124], [-118.264981074775, 34.0167888974805], [-118.265096837617, 34.0168417320647], [-118.265292242982, 34.0165351081574], [-118.265176480528, 34.01648230124]]]}}, {"type": "Feature", "properties": {"zone_id": "02039YE9U5JHXNPYSDV98M", "tract_id": "06037226701", "city": "LOS ANGELES, CA", "zone_code": "R2-1", "zone_category": "Residential", "ev_permitted": false}, "geometry": {"type": "Polygon", "coordinates": [[[-118.265408005495, 34.0165878874855], [-118.265212600518, 34.0168945390596], [-118.265328363565, 34.0169473459436], [-118.26552380124, 34.0166406941086], [-118.265408005495, 34.0165878874855]]]}}, {"type": "Feature", "properties": {"zone_id": "0201A1GD1DDPBXMS6J0SBF", "tract_id": "06037226701", "city": "LOS ANGELES, CA", "zone_code": "R2-1", "zone_category": "Residential", "ev_permitted": false}, "geometry": {"type": "Polygon", "coordinates": [[[-118.265292242982, 34.0165351081574], [-118.265096837617, 34.0168417320647], [-118.265212600518, 34.0168945390596], [-118.265408005495, 34.0165878874855], [-118.265292242982, 34.0165351081574]]]}}, {"type": "Feature", "properties": {"zone_id": "0202FDPZLKB1XJAWFJYCY0", "tract_id": "06037226701", "city": "LOS ANGELES, CA", "zone_code": "R2-1", "zone_category": "Residential", "ev_permitted": false}, "geometry": {"type": "Polygon", "coordinates": [[[-118.265603328306, 34.0160478046349], [-118.265385135181, 34.0163894869451], [-118.265500897551, 34.0164422661837], [-118.265719090342, 34.0161005836631], [-118.265603328306, 34.0160478046349]]]}}, {"type": "Feature", "properties": {"zone_id": "0203VEI83ZCVK5VTRL538Y", "tract_id": "06037226701", "city": "LOS ANGELES, CA", "zone_code": "R2-1", "zone_category": "Residential", "ev_permitted": false}, "geometry": {"type": "Polygon", "coordinates": [[[-118.265719090342, 34.0161005836631], [-118.265500897551, 34.0164422661837], [-118.265616693154, 34.0164950727172], [-118.265834885609, 34.0161533899863], [-118.265719090342, 34.0161005836631]]]}}, {"type": "Feature", "properties": {"zone_id": "0203OUZEOYNH0SJUF1Z0UY", "tract_id": "06037226701", "city": "LOS ANGELES, CA", "zone_code": "CPIO", "zone_category": "Other", "ev_permitted": false}, "geometry": {"type": "Polygon", "coordinates": [[[-118.264911206053, 34.0183080707758], [-118.264742062554, 34.0185728414597], [-118.264912954585, 34.0185685920622], [-118.265041445569, 34.0183674685291], [-118.264911206053, 34.0183080707758]]]}}, {"type": "Feature", "properties": {"zone_id": "0204K7RAVHVJZKCLEI2X42", "tract_id": "06037226701", "city": "LOS ANGELES, CA", "zone_code": "CPIO", "zone_category": "Other", "ev_permitted": false}, "geometry": {"type": "Polygon", "coordinates": [[[-118.264780966722, 34.0182486728821], [-118.264573403352, 34.0185735684538], [-118.264742062554, 34.0185728414597], [-118.264911206053, 34.0183080707758], [-118.264780966722, 34.0182486728821]]]}}, {"type": "Feature", "properties": {"zone_id": "0204X5W95JBQ652QPE1O92", "tract_id": "06037226701", "city": "LOS ANGELES, CA", "zone_code": "CPIO", "zone_category": "Other", "ev_permitted": false}, "geometry": {"type": "Polygon", "coordinates": [[[-118.264549404953, 34.018143085496], [-118.264284244341, 34.0185581818075], [-118.264427034173, 34.0185686682209], [-118.264665169221, 34.0181958655414], [-118.264549404953, 34.018143085496]]]}}, {"type": "Feature", "properties": {"zone_id": "02041PBV845A72G1G3B0MJ", "tract_id": "06037226701", "city": "LOS ANGELES, CA", "zone_code": "CM-1", "zone_category": "Commercial", "ev_permitted": true}, "geometry": {"type": "Polygon", "coordinates": [[[-118.264665169221, 34.0181958655414], [-118.264427034173, 34.0185686682209], [-118.264573403352, 34.0185735684538], [-118.264780966722, 34.0182486728821], [-118.264665169221, 34.0181958655414]]]}}, {"type": "Feature", "properties": {"zone_id": "0204CO7MVBKHXOR3YNRL35", "tract_id": "06037226701", "city": "LOS ANGELES, CA", "zone_code": "CPIO", "zone_category": "Other", "ev_permitted": false}, "geometry": {"type": "Polygon", "coordinates": [[[-118.26443364083, 34.0180903053397], [-118.264239901075, 34.0183935718284], [-118.264355665495, 34.0184463521715], [-118.264549404953, 34.018143085496], [-118.26443364083, 34.0180903053397]]]}}, {"type": "Feature", "properties": {"zone_id": "02053MMDCT4WME39ROKT03", "tract_id": "06037226701", "city": "LOS ANGELES, CA", "zone_code": "CPIO", "zone_category": "Other", "ev_permitted": false}, "geometry": {"type": "Polygon", "coordinates": [[[-118.263661477591, 34.0181298049779], [-118.263517158234, 34.0183564617772], [-118.263750359469, 34.0184694118403], [-118.264008745523, 34.0185213037654], [-118.264124103715, 34.0183407639683], [-118.263661477591, 34.0181298049779]]]}}, {"type": "Feature", "properties": {"zone_id": "0201R194N23FUIQIP4D71U", "tract_id": "06037226701", "city": "LOS ANGELES, CA", "zone_code": "CPIO", "zone_category": "Other", "ev_permitted": false}, "geometry": {"type": "Polygon", "coordinates": [[[-118.264124103715, 34.0183407639683], [-118.264008745523, 34.0185213037654], [-118.264144705363, 34.0185425770823], [-118.264284244341, 34.0185581818075], [-118.264355665495, 34.0184463521715], [-118.264124103715, 34.0183407639683]]]}}, {"type": "Feature", "properties": {"zone_id": "0207N0Q9TM22LX47NOJLZ5", "tract_id": "06037226701", "city": "LOS ANGELES, CA", "zone_code": "CM-1", "zone_category": "Commercial", "ev_permitted": true}, "geometry": {"type": "Polygon", "coordinates": [[[-118.264317843767, 34.0180374976663], [-118.264124103715, 34.0183407639683], [-118.264239901075, 34.0183935718284], [-118.26443364083, 34.0180903053397], [-118.264317843767, 34.0180374976663]]]}}, {"type": "Feature", "properties": {"zone_id": "020223LD6VPY1UD1FWT7T9", "tract_id": "06037226701", "city": "LOS ANGELES, CA", "zone_code": "CPIO", "zone_category": "Other", "ev_permitted": false}, "geometry": {"type": "Polygon", "coordinates": [[[-118.264202079937, 34.0179847172884], [-118.264008802272, 34.0182882022208], [-118.264124103715, 34.0183407639683], [-118.264317843767, 34.0180374976663], [-118.264202079937, 34.0179847172884]]]}}, {"type": "Feature", "properties": {"zone_id": "020414P70H9LGANBWJC2EV", "tract_id": "06037226701", "city": "LOS ANGELES, CA", "zone_code": "CM-1", "zone_category": "Commercial", "ev_permitted": true}, "geometry": {"type": "Polygon", "coordinates": [[[-118.263715297577, 34.0180453004698], [-118.263661477591, 34.0181298049779], [-118.264008802272, 34.0182882022208], [-118.264062950443, 34.0182032022229], [-118.26389018043, 34.0181244415122], [-118.26389116677, 34.0181232852525], [-118.263715297577, 34.0180453004698]]]}}, {"type": "Feature", "properties": {"zone_id": "0202ICX6HDAZBI75DKDH8Y", "tract_id": "06037226701", "city": "LOS ANGELES, CA", "zone_code": "CPIO", "zone_category": "Other", "ev_permitted": false}, "geometry": {"type": "Polygon", "coordinates": [[[-118.26385472315, 34.0178263206764], [-118.263778016257, 34.0179468173376], [-118.263953226184, 34.0180250782562], [-118.263951516548, 34.0180270879362], [-118.264124782187, 34.0181060947819], [-118.264202079937, 34.0179847172884], [-118.26385472315, 34.0178263206764]]]}}, {"type": "Feature", "properties": {"zone_id": "02020RTKUC9C8FLI1Y1DZX", "tract_id": "06037226701", "city": "LOS ANGELES, CA", "zone_code": "CPIO", "zone_category": "Other", "ev_permitted": false}, "geometry": {"type": "Polygon", "coordinates": [[[-118.263778016257, 34.0179468173376], [-118.263715297577, 34.0180453004698], [-118.26389116677, 34.0181232852525], [-118.26389018043, 34.0181244415122], [-118.264062950443, 34.0182032022229], [-118.264124782187, 34.0181060947819], [-118.263951516548, 34.0180270879362], [-118.263953226184, 34.0180250782562], [-118.263778016257, 34.0179468173376]]]}}, {"type": "Feature", "properties": {"zone_id": "0205BF21WJFBUAUUYW48MK", "tract_id": "06037226701", "city": "LOS ANGELES, CA", "zone_code": "CPIO", "zone_category": "Other", "ev_permitted": false}, "geometry": {"type": "Polygon", "coordinates": [[[-118.264733823203, 34.0176475982959], [-118.264540581331, 34.01795111148], [-118.265003671283, 34.0181622584341], [-118.26519694505, 34.0178587719109], [-118.264733823203, 34.0176475982959]]]}}, {"type": "Feature", "properties": {"zone_id": "0200M6CB9N34UAKKWYFSZC", "tract_id": "06037226701", "city": "LOS ANGELES, CA", "zone_code": "CPIO", "zone_category": "Other", "ev_permitted": false}, "geometry": {"type": "Polygon", "coordinates": [[[-118.264618059562, 34.0175947908395], [-118.264424784393, 34.0178983039096], [-118.264540581331, 34.01795111148], [-118.264733823203, 34.0176475982959], [-118.264618059562, 34.0175947908395]]]}}, {"type": "Feature", "properties": {"zone_id": "0206SU0E2WW8XF9LUZVHGG", "tract_id": "06037226701", "city": "LOS ANGELES, CA", "zone_code": "CPIO", "zone_category": "Other", "ev_permitted": false}, "geometry": {"type": "Polygon", "coordinates": [[[-118.264502263156, 34.0175420108231], [-118.264309020601, 34.0178454961561], [-118.264424784393, 34.0178983039096], [-118.264618059562, 34.0175947908395], [-118.264502263156, 34.0175420108231]]]}}, {"type": "Feature", "properties": {"zone_id": "0205L83SO0XNG2819KSA2C", "tract_id": "06037226701", "city": "LOS ANGELES, CA", "zone_code": "R2-1", "zone_category": "Residential", "ev_permitted": false}, "geometry": {"type": "Polygon", "coordinates": [[[-118.26481139898, 34.0172911674067], [-118.264618059562, 34.0175947908395], [-118.264733823203, 34.0176475982959], [-118.264927162323, 34.0173439746767], [-118.26481139898, 34.0172911674067]]]}}, {"type": "Feature", "properties": {"zone_id": "0200V0CASMZO0Q2FOOVJ6N", "tract_id": "06037226701", "city": "LOS ANGELES, CA", "zone_code": "R2-1", "zone_category": "Residential", "ev_permitted": false}, "geometry": {"type": "Polygon", "coordinates": [[[-118.264927162323, 34.0173439746767], [-118.264733823203, 34.0176475982959], [-118.264849619902, 34.0177003780905], [-118.265042925811, 34.0173967818359], [-118.264927162323, 34.0173439746767]]]}}, {"type": "Feature", "properties": {"zone_id": "0201NWEEBNXWGGNHZFONTT", "tract_id": "06037226701", "city": "LOS ANGELES, CA", "zone_code": "R2-1", "zone_category": "Residential", "ev_permitted": false}, "geometry": {"type": "Polygon", "coordinates": [[[-118.265042925811, 34.0173967818359], [-118.264849619902, 34.0177003780905], [-118.264965383834, 34.0177531853252], [-118.265158689533, 34.0174496163627], [-118.265042925811, 34.0173967818359]]]}}, {"type": "Feature", "properties": {"zone_id": "0200EAS6QGPSFFTEY8KUNP", "tract_id": "06037226701", "city": "LOS ANGELES, CA", "zone_code": "R2-1", "zone_category": "Residential", "ev_permitted": false}, "geometry": {"type": "Polygon", "coordinates": [[[-118.264695701695, 34.0172383324027], [-118.264502263156, 34.0175420108231], [-118.264618059562, 34.0175947908395], [-118.26481139898, 34.0172911674067], [-118.264695701695, 34.0172383324027]]]}}, {"type": "Feature", "properties": {"zone_id": "02057WIV1PP8J53QY135U6", "tract_id": "06037226701", "city": "LOS ANGELES, CA", "zone_code": "R2-1", "zone_category": "Residential", "ev_permitted": false}, "geometry": {"type": "Polygon", "coordinates": [[[-118.264334202893, 34.0170734282723], [-118.264140763597, 34.0173771610674], [-118.264270736692, 34.0174364228344], [-118.264077460542, 34.0177399078672], [-118.264309020601, 34.0178454961561], [-118.264502263156, 34.0175420108231], [-118.264386499808, 34.0174892031449], [-118.264579905646, 34.0171855249833], [-118.264334202893, 34.0170734282723]]]}}, {"type": "Feature", "properties": {"zone_id": "0205M7ZGX2SU5MI9WXBUTD", "tract_id": "06037226701", "city": "LOS ANGELES, CA", "zone_code": "CPIO", "zone_category": "Other", "ev_permitted": false}, "geometry": {"type": "Polygon", "coordinates": [[[-118.264140763597, 34.0173771610674], [-118.263947487113, 34.017680645891], [-118.264077460542, 34.0177399078672], [-118.264270736692, 34.0174364228344], [-118.264140763597, 34.0173771610674]]]}}, {"type": "Feature", "properties": {"zone_id": "0206WUR7GB3CUF9M8RAWTQ", "tract_id": "06037226701", "city": "LOS ANGELES, CA", "zone_code": "CPIO", "zone_category": "Other", "ev_permitted": false}, "geometry": {"type": "Polygon", "coordinates": [[[-118.263475549544, 34.0173512735753], [-118.263270810627, 34.0176727808449], [-118.263414438934, 34.017740504656], [-118.263619670027, 34.0174182266636], [-118.263475549544, 34.0173512735753]]]}}, {"type": "Feature", "properties": {"zone_id": "0207EBU4XYV4RLLIMPS4GS", "tract_id": "06037226701", "city": "LOS ANGELES, CA", "zone_code": "CPIO", "zone_category": "Other", "ev_permitted": false}, "geometry": {"type": "Polygon", "coordinates": [[[-118.263619670027, 34.0174182266636], [-118.263414438934, 34.017740504656], [-118.263493490804, 34.0177777855311], [-118.263559768856, 34.0177616757445], [-118.26374214476, 34.0174751971675], [-118.263619670027, 34.0174182266636]]]}}, {"type": "Feature", "properties": {"zone_id": "0200K0K04LXN0J0W8NO7MN", "tract_id": "06037226701", "city": "LOS ANGELES, CA", "zone_code": "CPIO", "zone_category": "Other", "ev_permitted": false}, "geometry": {"type": "Polygon", "coordinates": [[[-118.263598707652, 34.0169232445327], [-118.263387370149, 34.0172551533346], [-118.263502640067, 34.0173087599261], [-118.263714371416, 34.0169762730086], [-118.263598707652, 34.0169232445327]]]}}, {"type": "Feature", "properties": {"zone_id": "0200J3T5SR15PI9ZXZPTUZ", "tract_id": "06037226701", "city": "LOS ANGELES, CA", "zone_code": "CPIO", "zone_category": "Other", "ev_permitted": false}, "geometry": {"type": "Polygon", "coordinates": [[[-118.26371131776, 34.0169811159223], [-118.26350648183, 34.0173026787578], [-118.263650602427, 34.0173696867659], [-118.263855864614, 34.0170473808285], [-118.26371131776, 34.0169811159223]]]}}, {"type": "Feature", "properties": {"zone_id": "0207AF2B7AA7YLBVPQ57GV", "tract_id": "06037226701", "city": "LOS ANGELES, CA", "zone_code": "RD2-1", "zone_category": "Residential", "ev_permitted": false}, "geometry": {"type": "Polygon", "coordinates": [[[-118.263133614979, 34.0171843996434], [-118.262922997154, 34.0175150970024], [-118.26303790587, 34.0175692543984], [-118.263248884637, 34.017238006477], [-118.263133614979, 34.0171843996434]]]}}, {"type": "Feature", "properties": {"zone_id": "0200ADRWT8ZT2HDE0QARS4", "tract_id": "06037226701", "city": "LOS ANGELES, CA", "zone_code": "RD2-1", "zone_category": "Residential", "ev_permitted": false}, "geometry": {"type": "Polygon", "coordinates": [[[-118.263481523926, 34.016869532298], [-118.263271902212, 34.0172014921081], [-118.263387370149, 34.0172551533346], [-118.263598707652, 34.0169232445327], [-118.263481523926, 34.016869532298]]]}}, {"type": "Feature", "properties": {"zone_id": "0204U2T7ELULKYLJQOPX04", "tract_id": "06037226701", "city": "LOS ANGELES, CA", "zone_code": "CPIO", "zone_category": "Other", "ev_permitted": false}, "geometry": {"type": "Polygon", "coordinates": [[[-118.263248884637, 34.017238006477], [-118.26303790587, 34.0175692543984], [-118.263152814821, 34.0176234391636], [-118.263364154357, 34.0172915857222], [-118.263248884637, 34.017238006477]]]}}, {"type": "Feature", "properties": {"zone_id": "0201P034TUVJEGQP2UHRZ1", "tract_id": "06037226701", "city": "LOS ANGELES, CA", "zone_code": "CPIO", "zone_category": "Other", "ev_permitted": false}, "geometry": {"type": "Polygon", "coordinates": [[[-118.263360312584, 34.0172976668858], [-118.263155901532, 34.0176185961918], [-118.263270810627, 34.0176727808449], [-118.263475549544, 34.0173512735753], [-118.263360312584, 34.0172976668858]]]}}, {"type": "Feature", "properties": {"zone_id": "0205W01X0LK3M1DMIU26BO", "tract_id": "06037226701", "city": "LOS ANGELES, CA", "zone_code": "R2-1", "zone_category": "Residential", "ev_permitted": false}, "geometry": {"type": "Polygon", "coordinates": [[[-118.264579905646, 34.0171855249833], [-118.264386499808, 34.0174892031449], [-118.264502263156, 34.0175420108231], [-118.264695701695, 34.0172383324027], [-118.264579905646, 34.0171855249833]]]}}, {"type": "Feature", "properties": {"zone_id": "0206XTDJA13RCIIEVVIEL9", "tract_id": "06037226701", "city": "LOS ANGELES, CA", "zone_code": "R2-1", "zone_category": "Residential", "ev_permitted": false}, "geometry": {"type": "Polygon", "coordinates": [[[-118.265096837617, 34.0168417320647], [-118.264903466665, 34.0171451636699], [-118.265019229864, 34.0171979708512], [-118.265212600518, 34.0168945390596], [-118.265096837617, 34.0168417320647]]]}}, {"type": "Feature", "properties": {"zone_id": "02032RQKVKS7NV3Z8KJKSD", "tract_id": "06037226701", "city": "LOS ANGELES, CA", "zone_code": "R2-1", "zone_category": "Residential", "ev_permitted": false}, "geometry": {"type": "Polygon", "coordinates": [[[-118.264981074775, 34.0167888974805], [-118.264787703612, 34.0170923563777], [-118.264903466665, 34.0171451636699], [-118.265096837617, 34.0168417320647], [-118.264981074775, 34.0167888974805]]]}}, {"type": "Feature", "properties": {"zone_id": "0202QVO3G0ITK3KRIF01GE", "tract_id": "06037226701", "city": "LOS ANGELES, CA", "zone_code": "R2-1", "zone_category": "Residential", "ev_permitted": false}, "geometry": {"type": "Polygon", "coordinates": [[[-118.264865312166, 34.0167360902639], [-118.264671940619, 34.0170395214963], [-118.264787703612, 34.0170923563777], [-118.264981074775, 34.0167888974805], [-118.264865312166, 34.0167360902639]]]}}, {"type": "Feature", "properties": {"zone_id": "0204HEIDZ95260ZYHE8RA9", "tract_id": "06037226701", "city": "LOS ANGELES, CA", "zone_code": "CPIO", "zone_category": "Other", "ev_permitted": false}, "geometry": {"type": "Polygon", "coordinates": [[[-118.263855864614, 34.0170473808285], [-118.263650602427, 34.0173696867659], [-118.263773109936, 34.0174266022092], [-118.263950920494, 34.0171474151378], [-118.263935375411, 34.0170838360489], [-118.263855864614, 34.0170473808285]]]}}, {"type": "Feature", "properties": {"zone_id": "02026I7DIY9JKPM1279LQL", "tract_id": "06037226701", "city": "LOS ANGELES, CA", "zone_code": "R2-1", "zone_category": "Residential", "ev_permitted": false}, "geometry": {"type": "Polygon", "coordinates": [[[-118.264814984218, 34.0163174535138], [-118.264426238172, 34.0169274249737], [-118.264671940619, 34.0170395214963], [-118.26506071822, 34.0164294942118], [-118.264814984218, 34.0163174535138]]]}}, {"type": "Feature", "properties": {"zone_id": "0204IX9K1AAN85DONPD0IG", "tract_id": "06037226701", "city": "LOS ANGELES, CA", "zone_code": "R2-1", "zone_category": "Residential", "ev_permitted": false}, "geometry": {"type": "Polygon", "coordinates": [[[-118.26506071822, 34.0164294942118], [-118.264865312166, 34.0167360902639], [-118.264981074775, 34.0167888974805], [-118.265176480528, 34.01648230124], [-118.26506071822, 34.0164294942118]]]}}, {"type": "Feature", "properties": {"zone_id": "0203E59NBPOQJVHXE6F5DI", "tract_id": "06037226701", "city": "LOS ANGELES, CA", "zone_code": "C2-1", "zone_category": "Commercial", "ev_permitted": true}, "geometry": {"type": "Polygon", "coordinates": [[[-118.264253080343, 34.0161293020402], [-118.264041286585, 34.0164615702027], [-118.264309620493, 34.0165828782557], [-118.264498953445, 34.0162857765515], [-118.264478581282, 34.0162297922196], [-118.264253080343, 34.0161293020402]]]}}, {"type": "Feature", "properties": {"zone_id": "02074KZJ6RC8HHL576WMHN", "tract_id": "06037226701", "city": "LOS ANGELES, CA", "zone_code": "C2-1", "zone_category": "Commercial", "ev_permitted": true}, "geometry": {"type": "Polygon", "coordinates": [[[-118.263902046749, 34.0164455248938], [-118.263693764526, 34.0167723439981], [-118.264033518496, 34.0169280922539], [-118.264100124459, 34.0169115692726], [-118.264286405115, 34.0166192558624], [-118.263902046749, 34.0164455248938]]]}}, {"type": "Feature", "properties": {"zone_id": "0207IVLROKJZFRYS3CSDWJ", "tract_id": "06037226701", "city": "LOS ANGELES, CA", "zone_code": "C2-1", "zone_category": "Commercial", "ev_permitted": true}, "geometry": {"type": "Polygon", "coordinates": [[[-118.264136596, 34.0160774025053], [-118.263925262073, 34.0164090924046], [-118.264041286585, 34.0164615702027], [-118.264253080343, 34.0161293020402], [-118.264136596, 34.0160774025053]]]}}, {"type": "Feature", "properties": {"zone_id": "0202QGW58EY7XOMDBK4HBQ", "tract_id": "06037226701", "city": "LOS ANGELES, CA", "zone_code": "RD2-1", "zone_category": "Residential", "ev_permitted": false}, "geometry": {"type": "Polygon", "coordinates": [[[-118.263134567042, 34.0167104732767], [-118.262925565201, 34.0170404801447], [-118.263040999781, 34.0170941692523], [-118.263250230219, 34.0167635021966], [-118.263134567042, 34.0167104732767]]]}}, {"type": "Feature", "properties": {"zone_id": "0204YL6UGPOUG01BIP4FPI", "tract_id": "06037226701", "city": "LOS ANGELES, CA", "zone_code": "RD2-1", "zone_category": "Residential", "ev_permitted": false}, "geometry": {"type": "Polygon", "coordinates": [[[-118.263250230219, 34.0167635021966], [-118.263040999781, 34.0170941692523], [-118.263156467422, 34.0171478306993], [-118.263365860457, 34.0168165035994], [-118.263250230219, 34.0167635021966]]]}}, {"type": "Feature", "properties": {"zone_id": "0206YJ28JHNWWPE7H8XGRR", "tract_id": "06037226701", "city": "LOS ANGELES, CA", "zone_code": "RD2-1", "zone_category": "Residential", "ev_permitted": false}, "geometry": {"type": "Polygon", "coordinates": [[[-118.263365860457, 34.0168165035994], [-118.263156467422, 34.0171478306993], [-118.263271902212, 34.0172014921081], [-118.263481523926, 34.016869532298], [-118.263365860457, 34.0168165035994]]]}}, {"type": "Feature", "properties": {"zone_id": "02074T5RX7ODHNWXJQ9OH8", "tract_id": "06037226701", "city": "LOS ANGELES, CA", "zone_code": "RD2-1", "zone_category": "Residential", "ev_permitted": false}, "geometry": {"type": "Polygon", "coordinates": [[[-118.262787741065, 34.0170236335838], [-118.26257827164, 34.0173525417238], [-118.262693212995, 34.0174067268541], [-118.262903043279, 34.0170772406753], [-118.262787741065, 34.0170236335838]]]}}, {"type": "Feature", "properties": {"zone_id": "0204OM278QTTRHV2P6XUR6", "tract_id": "06037226701", "city": "LOS ANGELES, CA", "zone_code": "RD2-1", "zone_category": "Residential", "ev_permitted": false}, "geometry": {"type": "Polygon", "coordinates": [[[-118.263018312556, 34.0171308202503], [-118.262808088501, 34.0174609120187], [-118.262922997154, 34.0175150970024], [-118.263133614979, 34.0171843996434], [-118.263018312556, 34.0171308202503]]]}}, {"type": "Feature", "properties": {"zone_id": "0206ML921GYNNDWBKYZW2Y", "tract_id": "06037226701", "city": "LOS ANGELES, CA", "zone_code": "RD2-1", "zone_category": "Residential", "ev_permitted": false}, "geometry": {"type": "Polygon", "coordinates": [[[-118.262903043279, 34.0170772406753], [-118.262693212995, 34.0174067268541], [-118.262808088501, 34.0174609120187], [-118.263018312556, 34.0171308202503], [-118.262903043279, 34.0170772406753]]]}}, {"type": "Feature", "properties": {"zone_id": "02030LCOTVRPFJNG153RHF", "tract_id": "06037226701", "city": "LOS ANGELES, CA", "zone_code": "RD2-1", "zone_category": "Residential", "ev_permitted": false}, "geometry": {"type": "Polygon", "coordinates": [[[-118.262557203164, 34.0169164464059], [-118.262348455375, 34.017244170992], [-118.262463396432, 34.0172983563408], [-118.262672471998, 34.0169700263106], [-118.262557203164, 34.0169164464059]]]}}, {"type": "Feature", "properties": {"zone_id": "0205XQ1M8P7R1I171CSLHU", "tract_id": "06037226701", "city": "LOS ANGELES, CA", "zone_code": "RD2-1", "zone_category": "Residential", "ev_permitted": false}, "geometry": {"type": "Polygon", "coordinates": [[[-118.262672471998, 34.0169700263106], [-118.262463396432, 34.0172983563408], [-118.26257827164, 34.0173525417238], [-118.262787741065, 34.0170236335838], [-118.262672471998, 34.0169700263106]]]}}, {"type": "Feature", "properties": {"zone_id": "0200AC5V553B1O2FJZMTST", "tract_id": "06037226701", "city": "LOS ANGELES, CA", "zone_code": "RD2-1", "zone_category": "Residential", "ev_permitted": false}, "geometry": {"type": "Polygon", "coordinates": [[[-118.263018937098, 34.0166574716527], [-118.262810130855, 34.0169868184053], [-118.262925565201, 34.0170404801447], [-118.263134567042, 34.0167104732767], [-118.263018937098, 34.0166574716527]]]}}, {"type": "Feature", "properties": {"zone_id": "0205LTTO59CHRO9RQM5A7L", "tract_id": "06037226701", "city": "LOS ANGELES, CA", "zone_code": "RD2-1", "zone_category": "Residential", "ev_permitted": false}, "geometry": {"type": "Polygon", "coordinates": [[[-118.262441901393, 34.0168628389846], [-118.26223358055, 34.0171900128691], [-118.262348455375, 34.017244170992], [-118.262557203164, 34.0169164464059], [-118.262441901393, 34.0168628389846]]]}}, {"type": "Feature", "properties": {"zone_id": "0202OZS6NIMYEMQIDNLEGP", "tract_id": "06037226701", "city": "LOS ANGELES, CA", "zone_code": "C2-1", "zone_category": "Commercial", "ev_permitted": true}, "geometry": {"type": "Polygon", "coordinates": [[[-118.263669899093, 34.0163405691349], [-118.263459218907, 34.016671075208], [-118.263690644879, 34.0167771870554], [-118.263902046749, 34.0164455248938], [-118.263669899093, 34.0163405691349]]]}}, {"type": "Feature", "properties": {"zone_id": "0204RT6UB4CHG87ERSUO3J", "tract_id": "06037226701", "city": "LOS ANGELES, CA", "zone_code": "RD1.5-1", "zone_category": "Residential", "ev_permitted": false}, "geometry": {"type": "Polygon", "coordinates": [[[-118.263437520597, 34.016235476042], [-118.263227628443, 34.016564935799], [-118.263343423645, 34.0166180192982], [-118.26355367673, 34.0162880089771], [-118.263437520597, 34.016235476042]]]}}, {"type": "Feature", "properties": {"zone_id": "0205FY7EOS8DPQHJ4QTLN0", "tract_id": "06037226701", "city": "LOS ANGELES, CA", "zone_code": "RD1.5-1", "zone_category": "Residential", "ev_permitted": false}, "geometry": {"type": "Polygon", "coordinates": [[[-118.26355367673, 34.0162880089771], [-118.263343423645, 34.0166180192982], [-118.263459218907, 34.016671075208], [-118.263669899093, 34.0163405691349], [-118.26355367673, 34.0162880089771]]]}}, {"type": "Feature", "properties": {"zone_id": "0205SNPDXL6VMCB0KA8A2I", "tract_id": "06037226701", "city": "LOS ANGELES, CA", "zone_code": "RD1.5-1", "zone_category": "Residential", "ev_permitted": false}, "geometry": {"type": "Polygon", "coordinates": [[[-118.263205142857, 34.0161304374593], [-118.262996071478, 34.0164587683958], [-118.263111833388, 34.0165118521887], [-118.263321331697, 34.0161829705457], [-118.263205142857, 34.0161304374593]]]}}, {"type": "Feature", "properties": {"zone_id": "02069LDGO1SKOYTDOYA5A5", "tract_id": "06037226701", "city": "LOS ANGELES, CA", "zone_code": "RD1.5-1", "zone_category": "Residential", "ev_permitted": false}, "geometry": {"type": "Polygon", "coordinates": [[[-118.263089152413, 34.016077986265], [-118.26288040897, 34.0164057667118], [-118.262996071478, 34.0164587683958], [-118.263205142857, 34.0161304374593], [-118.263089152413, 34.016077986265]]]}}, {"type": "Feature", "properties": {"zone_id": "02072TJM2IQC5SBVLAPTOR", "tract_id": "06037226701", "city": "LOS ANGELES, CA", "zone_code": "RD1.5-1", "zone_category": "Residential", "ev_permitted": false}, "geometry": {"type": "Polygon", "coordinates": [[[-118.263321331697, 34.0161829705457], [-118.263111833388, 34.0165118521887], [-118.263227628443, 34.016564935799], [-118.263437520597, 34.016235476042], [-118.263321331697, 34.0161829705457]]]}}, {"type": "Feature", "properties": {"zone_id": "0200CFJ8QOLXXES84DV2S3", "tract_id": "06037226701", "city": "LOS ANGELES, CA", "zone_code": "RD2-1", "zone_category": "Residential", "ev_permitted": false}, "geometry": {"type": "Polygon", "coordinates": [[[-118.262787644562, 34.0165514406663], [-118.262579262607, 34.0168794945958], [-118.262694696657, 34.0169331565556], [-118.262903274214, 34.0166044425115], [-118.262787644562, 34.0165514406663]]]}}, {"type": "Feature", "properties": {"zone_id": "0200I9VTU35TECABTSMNBX", "tract_id": "06037226701", "city": "LOS ANGELES, CA", "zone_code": "RD2-1", "zone_category": "Residential", "ev_permitted": false}, "geometry": {"type": "Polygon", "coordinates": [[[-118.262903274214, 34.0166044425115], [-118.262694696657, 34.0169331565556], [-118.262810130855, 34.0169868184053], [-118.263018937098, 34.0166574716527], [-118.262903274214, 34.0166044425115]]]}}, {"type": "Feature", "properties": {"zone_id": "0200LTRDFP6KGKLN32CD1N", "tract_id": "06037226701", "city": "LOS ANGELES, CA", "zone_code": "RD2-1", "zone_category": "Residential", "ev_permitted": false}, "geometry": {"type": "Polygon", "coordinates": [[[-118.262411840912, 34.0163791701842], [-118.262256520864, 34.016623160915], [-118.262401065948, 34.0166894275618], [-118.262556385698, 34.016445436644], [-118.262411840912, 34.0163791701842]]]}}, {"type": "Feature", "properties": {"zone_id": "0200KWVP2RP7UZXM899H8U", "tract_id": "06037226701", "city": "LOS ANGELES, CA", "zone_code": "RD2-1", "zone_category": "Residential", "ev_permitted": false}, "geometry": {"type": "Polygon", "coordinates": [[[-118.262556385698, 34.016445436644], [-118.262348394951, 34.0167721703455], [-118.262463828705, 34.0168258325257], [-118.262672015057, 34.0164984387104], [-118.262556385698, 34.016445436644]]]}}, {"type": "Feature", "properties": {"zone_id": "0202PVQ2HH30QPPFY3DQUJ", "tract_id": "06037226701", "city": "LOS ANGELES, CA", "zone_code": "RD2-1", "zone_category": "Residential", "ev_permitted": false}, "geometry": {"type": "Polygon", "coordinates": [[[-118.262672015057, 34.0164984387104], [-118.262463828705, 34.0168258325257], [-118.262579262607, 34.0168794945958], [-118.262787644562, 34.0165514406663], [-118.262672015057, 34.0164984387104]]]}}, {"type": "Feature", "properties": {"zone_id": "0202SC7ACUD9WAMVSV5NNL", "tract_id": "06037226701", "city": "LOS ANGELES, CA", "zone_code": "RD2-1", "zone_category": "Residential", "ev_permitted": false}, "geometry": {"type": "Polygon", "coordinates": [[[-118.262326632854, 34.0168092588601], [-118.262118672789, 34.0171358272302], [-118.26223358055, 34.0171900128691], [-118.262441901393, 34.0168628389846], [-118.262326632854, 34.0168092588601]]]}}, {"type": "Feature", "properties": {"zone_id": "0205GOTMIMH0ZFH9ER14WZ", "tract_id": "06037226701", "city": "LOS ANGELES, CA", "zone_code": "RD2-1", "zone_category": "Residential", "ev_permitted": false}, "geometry": {"type": "Polygon", "coordinates": [[[-118.262181159267, 34.0167415927289], [-118.26197369155, 34.0170674453328], [-118.262118672789, 34.0171358272302], [-118.262326632854, 34.0168092588601], [-118.262181159267, 34.0167415927289]]]}}, {"type": "Feature", "properties": {"zone_id": "02013VD8WFN1521VNRUME4", "tract_id": "06037226701", "city": "LOS ANGELES, CA", "zone_code": "RD2-1", "zone_category": "Residential", "ev_permitted": false}, "geometry": {"type": "Polygon", "coordinates": [[[-118.262256520864, 34.016623160915], [-118.262204309511, 34.0167051881918], [-118.262348394951, 34.0167721703455], [-118.262401065948, 34.0166894275618], [-118.262256520864, 34.016623160915]]]}}, {"type": "Feature", "properties": {"zone_id": "0202WTJOUFDNW4LU1RV3BN", "tract_id": "06037226701", "city": "LOS ANGELES, CA", "zone_code": "RD2-1", "zone_category": "Residential", "ev_permitted": false}, "geometry": {"type": "Polygon", "coordinates": [[[-118.261864336043, 34.0165939232084], [-118.261657721391, 34.0169184819175], [-118.261801380011, 34.0169861800949], [-118.262008355108, 34.0166609333892], [-118.261864336043, 34.0165939232084]]]}}, {"type": "Feature", "properties": {"zone_id": "02035IG4YJFDYK45GII1LE", "tract_id": "06037226701", "city": "LOS ANGELES, CA", "zone_code": "RD2-1", "zone_category": "Residential", "ev_permitted": false}, "geometry": {"type": "Polygon", "coordinates": [[[-118.261749101243, 34.0165403424617], [-118.261542847374, 34.0168642956598], [-118.261657721391, 34.0169184819175], [-118.261864336043, 34.0165939232084], [-118.261749101243, 34.0165403424617]]]}}, {"type": "Feature", "properties": {"zone_id": "0202U6LXE070ZH4ONNHY9T", "tract_id": "06037226701", "city": "LOS ANGELES, CA", "zone_code": "RD1.5-1", "zone_category": "Residential", "ev_permitted": false}, "geometry": {"type": "Polygon", "coordinates": [[[-118.262093803557, 34.0162333724587], [-118.261887387817, 34.0165576563395], [-118.262031439923, 34.0166246938995], [-118.262238347925, 34.0162996667773], [-118.262093803557, 34.0162333724587]]]}}, {"type": "Feature", "properties": {"zone_id": "02060MOET1T41Q0FVEY9PP", "tract_id": "06037226701", "city": "LOS ANGELES, CA", "zone_code": "RD1.5-1", "zone_category": "Residential", "ev_permitted": false}, "geometry": {"type": "Polygon", "coordinates": [[[-118.261862480367, 34.0161273397739], [-118.261656819267, 34.016450440038], [-118.261772086969, 34.0165040482795], [-118.261978141845, 34.0161803424324], [-118.261862480367, 34.0161273397739]]]}}, {"type": "Feature", "properties": {"zone_id": "0204H17OSCS4YWRWAQFHDP", "tract_id": "06037226701", "city": "LOS ANGELES, CA", "zone_code": "RD1.5-1", "zone_category": "Residential", "ev_permitted": false}, "geometry": {"type": "Polygon", "coordinates": [[[-118.261978141845, 34.0161803424324], [-118.261772086969, 34.0165040482795], [-118.261887387817, 34.0165576563395], [-118.262093803557, 34.0162333724587], [-118.261978141845, 34.0161803424324]]]}}, {"type": "Feature", "properties": {"zone_id": "02006CYLHDXBQG8HPVGR0C", "tract_id": "06037226701", "city": "LOS ANGELES, CA", "zone_code": "RD1.5-1", "zone_category": "Residential", "ev_permitted": false}, "geometry": {"type": "Polygon", "coordinates": [[[-118.261746818948, 34.0160743095263], [-118.261541551628, 34.0163968042081], [-118.261656819267, 34.016450440038], [-118.261862480367, 34.0161273397739], [-118.261746818948, 34.0160743095263]]]}}, {"type": "Feature", "properties": {"zone_id": "0205XIN595VXSBL79GO4SB", "tract_id": "06037226701", "city": "LOS ANGELES, CA", "zone_code": "RD2-1", "zone_category": "Residential", "ev_permitted": false}, "geometry": {"type": "Polygon", "coordinates": [[[-118.261633735025, 34.0164868992835], [-118.261427973592, 34.0168101367714], [-118.261542847374, 34.0168642956598], [-118.261749101243, 34.0165403424617], [-118.261633735025, 34.0164868992835]]]}}, {"type": "Feature", "properties": {"zone_id": "0207DIZLKGE5ISGZ9KZEUK", "tract_id": "06037226701", "city": "LOS ANGELES, CA", "zone_code": "RD2-1", "zone_category": "Residential", "ev_permitted": false}, "geometry": {"type": "Polygon", "coordinates": [[[-118.261518335356, 34.0164332637174], [-118.261312967707, 34.0167558956242], [-118.261427973592, 34.0168101367714], [-118.261633735025, 34.0164868992835], [-118.261518335356, 34.0164332637174]]]}}, {"type": "Feature", "properties": {"zone_id": "0201KLH8ZXO367LOS25APF", "tract_id": "06037226701", "city": "LOS ANGELES, CA", "zone_code": "RD2-1", "zone_category": "Residential", "ev_permitted": false}, "geometry": {"type": "Polygon", "coordinates": [[[-118.261403067828, 34.0163796277554], [-118.261198093965, 34.016701654082], [-118.261312967707, 34.0167558956242], [-118.261518335356, 34.0164332637174], [-118.261403067828, 34.0163796277554]]]}}, {"type": "Feature", "properties": {"zone_id": "0202ZGZINHR7YEH0YU2T36", "tract_id": "06037226701", "city": "LOS ANGELES, CA", "zone_code": "RD2-1", "zone_category": "Residential", "ev_permitted": false}, "geometry": {"type": "Polygon", "coordinates": [[[-118.261287800534, 34.0163260191619], [-118.261083187545, 34.016647467459], [-118.261198093965, 34.016701654082], [-118.261403067828, 34.0163796277554], [-118.261287800534, 34.0163260191619]]]}}, {"type": "Feature", "properties": {"zone_id": "0202MP3A282AIIH1N68LFA", "tract_id": "06037226701", "city": "LOS ANGELES, CA", "zone_code": "RD2-1", "zone_category": "Residential", "ev_permitted": false}, "geometry": {"type": "Polygon", "coordinates": [[[-118.261057233305, 34.0162187742381], [-118.26085340815, 34.016539093814], [-118.260968281359, 34.0165933082052], [-118.261172533302, 34.0162723829801], [-118.261057233305, 34.0162187742381]]]}}, {"type": "Feature", "properties": {"zone_id": "02041KJRI1QSE79XA6EH4A", "tract_id": "06037226701", "city": "LOS ANGELES, CA", "zone_code": "RD2-1", "zone_category": "Residential", "ev_permitted": false}, "geometry": {"type": "Polygon", "coordinates": [[[-118.261172533302, 34.0162723829801], [-118.260968281359, 34.0165933082052], [-118.261083187545, 34.016647467459], [-118.261287800534, 34.0163260191619], [-118.261172533302, 34.0162723829801]]]}}, {"type": "Feature", "properties": {"zone_id": "0203CZCQ4ZUNQBYKL37ZCK", "tract_id": "06037226701", "city": "LOS ANGELES, CA", "zone_code": "RD2-1", "zone_category": "Residential", "ev_permitted": false}, "geometry": {"type": "Polygon", "coordinates": [[[-118.260941966454, 34.016165165315], [-118.260738469177, 34.0164849069346], [-118.26085340815, 34.016539093814], [-118.261057233305, 34.0162187742381], [-118.260941966454, 34.016165165315]]]}}, {"type": "Feature", "properties": {"zone_id": "0202FK2OY2Q1DLBKDM0GR6", "tract_id": "06037226701", "city": "LOS ANGELES, CA", "zone_code": "RD2-1", "zone_category": "Residential", "ev_permitted": false}, "geometry": {"type": "Polygon", "coordinates": [[[-118.260711300944, 34.0160578649885], [-118.260508591422, 34.0163764504127], [-118.2606234641, 34.0164306376531], [-118.260826534501, 34.016111474203], [-118.260711300944, 34.0160578649885]]]}}, {"type": "Feature", "properties": {"zone_id": "0203BNUX1AZMEIS8XW3HMF", "tract_id": "06037226701", "city": "LOS ANGELES, CA", "zone_code": "RD2-1", "zone_category": "Residential", "ev_permitted": false}, "geometry": {"type": "Polygon", "coordinates": [[[-118.260826534501, 34.016111474203], [-118.2606234641, 34.0164306376531], [-118.260738469177, 34.0164849069346], [-118.260941966454, 34.016165165315], [-118.260826534501, 34.016111474203]]]}}]}