{"type": "FeatureCollection", "features": [{"type": "Feature", "properties": {"zone_id": "0203189WTCGCSAL3N5SQ85", "tract_id": "36047016300", "city": "BROOKLYN, NY", "zone_code": "M1-1", "zone_category": "Industrial", "ev_permitted": true}, "geometry": {"type": "Polygon", "coordinates": [[[-73.9680847037268, 40.6811260056965], [-73.9679840929456, 40.6814109647561], [-73.9680709647218, 40.6814292721565], [-73.9680475959686, 40.6814955484656], [-73.9680302214093, 40.6814918862846], [-73.9679596342129, 40.6816920704707], [-73.9704934619479, 40.6822243068673], [-73.9706978317506, 40.6816766637219], [-73.9680847037268, 40.6811260056965]]]}}, {"type": "Feature", "properties": {"zone_id": "0206734O9SJMP3RENA4U3G", "tract_id": "36047016300", "city": "BROOKLYN, NY", "zone_code": "M1-1", "zone_category": "Industrial", "ev_permitted": true}, "geometry": {"type": "Polygon", "coordinates": [[[-73.9703515999814, 40.6807755668153], [-73.9700965141651, 40.6814600747679], [-73.9707289184324, 40.6815933608845], [-73.9707436194673, 40.6815539106878], [-73.9702335377497, 40.68144688743], [-73.9703337014316, 40.6811781040278], [-73.970562237803, 40.6812260551023], [-73.9706185921662, 40.6810748296167], [-73.9703092432049, 40.6810099226233], [-73.9703933307553, 40.6807842763393], [-73.9703515999814, 40.6807755668153]]]}}, {"type": "Feature", "properties": {"zone_id": "0205B0TXPPVJW8OHYGW69O", "tract_id": "36047016300", "city": "", "zone_code": "M1-1", "zone_category": "Industrial", "ev_permitted": true}, "geometry": {"type": "Polygon", "coordinates": [[[-73.9703933307553, 40.6807842763393], [-73.9703092432049, 40.6810099226233], [-73.9706185921662, 40.6810748296167], [-73.970562237803, 40.6812260551023], [-73.9703337014316, 40.6811781040278], [-73.9702335377497, 40.68144688743], [-73.9707436194673, 40.6815539106878], [-73.9709844482874, 40.6809076443058], [-73.9703933307553, 40.6807842763393]]]}}, {"type": "Feature", "properties": {"zone_id": "02031J3D22HM5LS5ZUA09Z", "tract_id": "36047016300", "city": "BROOKLYN, NY", "zone_code": "R6B", "zone_category": "Residential", "ev_permitted": false}, "geometry": {"type": "Polygon", "coordinates": [[[-73.9707645727694, 40.6806283056595], [-73.9707455472235, 40.6806811002462], [-73.9710254001793, 40.680739609341], [-73.9710445685701, 40.6806868442563], [-73.9707645727694, 40.6806283056595]]]}}, {"type": "Feature", "properties": {"zone_id": "0200KGWMGOV8S63JZLGEV7", "tract_id": "36047016300", "city": "BROOKLYN, NY", "zone_code": "M1-1", "zone_category": "Industrial", "ev_permitted": true}, "geometry": {"type": "Polygon", "coordinates": [[[-73.9687671200849, 40.6804448629737], [-73.9686854318637, 40.6806640561886], [-73.9689648859128, 40.6807223841572], [-73.9686501677747, 40.6810603735513], [-73.9690229146597, 40.6811381730993], [-73.9693556115634, 40.6807874995128], [-73.9694272502428, 40.6805952669296], [-73.9695492964379, 40.6806207396952], [-73.9694695888858, 40.6808346250235], [-73.9697770001285, 40.6808987857835], [-73.969444062213, 40.681256348538], [-73.969816115479, 40.6813340004058], [-73.970203616663, 40.6809178353681], [-73.9702640489584, 40.6809304479727], [-73.9703220445737, 40.680769398432], [-73.9687671200849, 40.6804448629737]]]}}, {"type": "Feature", "properties": {"zone_id": "0200M97SQNTHWAORU5J0HN", "tract_id": "36047016300", "city": "BROOKLYN, NY", "zone_code": "M1-1", "zone_category": "Industrial", "ev_permitted": true}, "geometry": {"type": "Polygon", "coordinates": [[[-73.9687365922436, 40.6804384912009], [-73.9684954197102, 40.6811226068035], [-73.9700965141651, 40.6814600747679], [-73.9703515999814, 40.6807755668153], [-73.9703220445737, 40.680769398432], [-73.9702640489584, 40.6809304479727], [-73.970203616663, 40.6809178353681], [-73.969816115479, 40.6813340004058], [-73.969444062213, 40.681256348538], [-73.9697770001285, 40.6808987857835], [-73.9694695888858, 40.6808346250235], [-73.9695492964379, 40.6806207396952], [-73.9694272502428, 40.6805952669296], [-73.9693556115634, 40.6807874995128], [-73.9690229146597, 40.6811381730993], [-73.9686501677747, 40.6810603735513], [-73.9689648859128, 40.6807223841572], [-73.9686854318637, 40.6806640561886], [-73.9687671200849, 40.6804448629737], [-73.9687365922436, 40.6804384912009]]]}}, {"type": "Feature", "properties": {"zone_id": "0206TUONLNXLD3R4X67634", "tract_id": "36047016300", "city": "", "zone_code": "R7A", "zone_category": "Residential", "ev_permitted": false}, "geometry": {"type": "Polygon", "coordinates": [[[-73.9680898675462, 40.6803035030495], [-73.9678491336509, 40.6809863806594], [-73.9684693247564, 40.6811171065965], [-73.9685712751924, 40.6808279132282], [-73.9682712368201, 40.6807652878251], [-73.9683284691058, 40.68060294319], [-73.9685941186405, 40.6806583906829], [-73.9686760914661, 40.68042586337], [-73.9680898675462, 40.6803035030495]]]}}, {"type": "Feature", "properties": {"zone_id": "0204S92WNCTPVRF8SR8E21", "tract_id": "36047016300", "city": "BROOKLYN, NY", "zone_code": "R7A", "zone_category": "Residential", "ev_permitted": false}, "geometry": {"type": "Polygon", "coordinates": [[[-73.9686760914662, 40.68042586337], [-73.9685941186405, 40.6806583906828], [-73.9683284691058, 40.68060294319], [-73.9682712368202, 40.680765287825], [-73.9685712751926, 40.6808279132282], [-73.9684693247565, 40.6811171065965], [-73.9684954197102, 40.6811226068035], [-73.9687365922436, 40.6804384912009], [-73.9686760914662, 40.68042586337]]]}}, {"type": "Feature", "properties": {"zone_id": "0204IOQWZ1W1Q6BBV49H5T", "tract_id": "36047016300", "city": "BROOKLYN, NY", "zone_code": "M1-1", "zone_category": "Industrial", "ev_permitted": true}, "geometry": {"type": "Polygon", "coordinates": [[[-73.9677469439755, 40.681289494014], [-73.967629446777, 40.681622708245], [-73.9679596342129, 40.6816920704707], [-73.9680302214093, 40.6814918862846], [-73.9680475959686, 40.6814955484656], [-73.9680709647218, 40.6814292721565], [-73.9679840929456, 40.6814109647561], [-73.968007558777, 40.681344416556], [-73.9677469439755, 40.681289494014]]]}}, {"type": "Feature", "properties": {"zone_id": "0207G29HGTBWNRBSLXA0FK", "tract_id": "36047016300", "city": "BROOKLYN, NY", "zone_code": "M1-1", "zone_category": "Industrial", "ev_permitted": true}, "geometry": {"type": "Polygon", "coordinates": [[[-73.9678239540494, 40.6810710551833], [-73.9677469439755, 40.681289494014], [-73.968007558777, 40.681344416556], [-73.9680847037268, 40.6811260056965], [-73.9678239540494, 40.6810710551833]]]}}, {"type": "Feature", "properties": {"zone_id": "0206P90RO1LOKOVEPIN9UN", "tract_id": "36047016300", "city": "BROOKLYN, NY", "zone_code": "R6B", "zone_category": "Residential", "ev_permitted": false}, "geometry": {"type": "Polygon", "coordinates": [[[-73.9708177310282, 40.6804807924705], [-73.9708011886365, 40.6805266973941], [-73.9710814590667, 40.6805852935899], [-73.9710981249481, 40.6805394153585], [-73.9708177310282, 40.6804807924705]]]}}, {"type": "Feature", "properties": {"zone_id": "02054DFCFBQV8LDOGS2300", "tract_id": "36047016300", "city": "BROOKLYN, NY", "zone_code": "R6B", "zone_category": "Residential", "ev_permitted": false}, "geometry": {"type": "Polygon", "coordinates": [[[-73.9708343685794, 40.6804346240701], [-73.9708177310282, 40.6804807924705], [-73.9710981249481, 40.6805394153585], [-73.9711148878343, 40.6804932722453], [-73.9708343685794, 40.6804346240701]]]}}, {"type": "Feature", "properties": {"zone_id": "0206QQOD52X1CBLVKOZ9TT", "tract_id": "36047016300", "city": "BROOKLYN, NY", "zone_code": "R6B", "zone_category": "Residential", "ev_permitted": false}, "geometry": {"type": "Polygon", "coordinates": [[[-73.9708528136493, 40.6803834398214], [-73.9708343685794, 40.6804346240701], [-73.9711148878343, 40.6804932722453], [-73.9711334711394, 40.6804421174985], [-73.9708528136493, 40.6803834398214]]]}}, {"type": "Feature", "properties": {"zone_id": "02059UJHSNU2OB6COCG6I6", "tract_id": "36047016300", "city": "BROOKLYN, NY", "zone_code": "R6B", "zone_category": "Residential", "ev_permitted": false}, "geometry": {"type": "Polygon", "coordinates": [[[-73.9708698207928, 40.6803362435146], [-73.9708528136493, 40.6803834398214], [-73.9711334711394, 40.6804421174985], [-73.9711506063822, 40.6803949471811], [-73.9708698207928, 40.6803362435146]]]}}, {"type": "Feature", "properties": {"zone_id": "0206QQE60VHGA3REU694LY", "tract_id": "36047016300", "city": "BROOKLYN, NY", "zone_code": "R6B", "zone_category": "Residential", "ev_permitted": false}, "geometry": {"type": "Polygon", "coordinates": [[[-73.9709591171377, 40.6800884470505], [-73.9709402545403, 40.6801407906048], [-73.9712215672641, 40.6801996052536], [-73.9712405468341, 40.6801473572448], [-73.9709591171377, 40.6800884470505]]]}}, {"type": "Feature", "properties": {"zone_id": "0202PZLRFXARJ0MESYXUH9", "tract_id": "36047016300", "city": "BROOKLYN, NY", "zone_code": "R6B", "zone_category": "Residential", "ev_permitted": false}, "geometry": {"type": "Polygon", "coordinates": [[[-73.9709402545403, 40.6801407906048], [-73.9709236346931, 40.6801869112456], [-73.9712048230059, 40.680245699905], [-73.9712215672641, 40.6801996052536], [-73.9709402545403, 40.6801407906048]]]}}, {"type": "Feature", "properties": {"zone_id": "0202P5OB7LLVCLNP4R4CBW", "tract_id": "36047016300", "city": "BROOKLYN, NY", "zone_code": "R6B", "zone_category": "Residential", "ev_permitted": false}, "geometry": {"type": "Polygon", "coordinates": [[[-73.9709236346931, 40.6801869112456], [-73.9709053569927, 40.6802376331977], [-73.9711864079922, 40.6802963923551], [-73.9712048230059, 40.680245699905], [-73.9709236346931, 40.6801869112456]]]}}, {"type": "Feature", "properties": {"zone_id": "020254OPVG1E8PCYIW44MV", "tract_id": "36047016300", "city": "BROOKLYN, NY", "zone_code": "R6B", "zone_category": "Residential", "ev_permitted": false}, "geometry": {"type": "Polygon", "coordinates": [[[-73.9709053569927, 40.6802376331977], [-73.9708877455408, 40.6802865030982], [-73.9711686647565, 40.6803452348614], [-73.9711864079922, 40.6802963923551], [-73.9709053569927, 40.6802376331977]]]}}, {"type": "Feature", "properties": {"zone_id": "02014TW68MIJMXMCCQJSY1", "tract_id": "36047016300", "city": "BROOKLYN, NY", "zone_code": "R6B", "zone_category": "Residential", "ev_permitted": false}, "geometry": {"type": "Polygon", "coordinates": [[[-73.9708877455408, 40.6802865030982], [-73.9708698207928, 40.6803362435146], [-73.9711506063822, 40.6803949471811], [-73.9711686647565, 40.6803452348614], [-73.9708877455408, 40.6802865030982]]]}}, {"type": "Feature", "properties": {"zone_id": "0201X073GG97W83QDM8XZE", "tract_id": "36047016300", "city": "BROOKLYN, NY", "zone_code": "R6B", "zone_category": "Residential", "ev_permitted": false}, "geometry": {"type": "Polygon", "coordinates": [[[-73.9709873331701, 40.6798111472114], [-73.9709716866762, 40.6798541707723], [-73.9713204262935, 40.6799274664696], [-73.9713360559676, 40.6798844393442], [-73.9709873331701, 40.6798111472114]]]}}, {"type": "Feature", "properties": {"zone_id": "02047OG1XFN18EHLFWS8RM", "tract_id": "36047016300", "city": "BROOKLYN, NY", "zone_code": "R6B", "zone_category": "Residential", "ev_permitted": false}, "geometry": {"type": "Polygon", "coordinates": [[[-73.9709716866762, 40.6798541707723], [-73.9709550430807, 40.6798999337582], [-73.9713040009767, 40.6799726814836], [-73.9713204262935, 40.6799274664696], [-73.9709716866762, 40.6798541707723]]]}}, {"type": "Feature", "properties": {"zone_id": "02060P9KP3KF3TYXRPHEBE", "tract_id": "36047016300", "city": "BROOKLYN, NY", "zone_code": "R6B", "zone_category": "Residential", "ev_permitted": false}, "geometry": {"type": "Polygon", "coordinates": [[[-73.9710698058994, 40.6795843732752], [-73.9710522975053, 40.6796325173808], [-73.9714009511463, 40.6797057952481], [-73.9714184408501, 40.679657647572], [-73.9710698058994, 40.6795843732752]]]}}, {"type": "Feature", "properties": {"zone_id": "0202HR72UPW66JA8FWRS26", "tract_id": "36047016300", "city": "BROOKLYN, NY", "zone_code": "R6B", "zone_category": "Residential", "ev_permitted": false}, "geometry": {"type": "Polygon", "coordinates": [[[-73.9710522975053, 40.6796325173808], [-73.9710360393586, 40.6796772222676], [-73.9713847098274, 40.6797505037012], [-73.9714009511463, 40.6797057952481], [-73.9710522975053, 40.6796325173808]]]}}, {"type": "Feature", "properties": {"zone_id": "0202F8URV2ZW9UXW2G80HB", "tract_id": "36047016300", "city": "BROOKLYN, NY", "zone_code": "R6B", "zone_category": "Residential", "ev_permitted": false}, "geometry": {"type": "Polygon", "coordinates": [[[-73.9710360393586, 40.6796772222676], [-73.9710186260968, 40.6797251014879], [-73.9713673161777, 40.679798386492], [-73.9713847098274, 40.6797505037012], [-73.9710360393586, 40.6796772222676]]]}}, {"type": "Feature", "properties": {"zone_id": "0203C6WSB3IBM5PMXAY2R5", "tract_id": "36047016300", "city": "BROOKLYN, NY", "zone_code": "R6B", "zone_category": "Residential", "ev_permitted": false}, "geometry": {"type": "Polygon", "coordinates": [[[-73.9710008459503, 40.6797739924461], [-73.9709873331701, 40.6798111472114], [-73.9713360559676, 40.6798844393442], [-73.971349553802, 40.679847281724], [-73.9710008459503, 40.6797739924461]]]}}, {"type": "Feature", "properties": {"zone_id": "0205529PXVBIUVCAH7WLDI", "tract_id": "36047016300", "city": "BROOKLYN, NY", "zone_code": "R6B", "zone_category": "Residential", "ev_permitted": false}, "geometry": {"type": "Polygon", "coordinates": [[[-73.9710186260968, 40.6797251014879], [-73.9710008459503, 40.6797739924461], [-73.971349553802, 40.679847281724], [-73.9713673161777, 40.679798386492], [-73.9710186260968, 40.6797251014879]]]}}, {"type": "Feature", "properties": {"zone_id": "02005AI8QHAMJRF72H1YJ4", "tract_id": "36047016300", "city": "BROOKLYN, NY", "zone_code": "R6B", "zone_category": "Residential", "ev_permitted": false}, "geometry": {"type": "Polygon", "coordinates": [[[-73.971017885109, 40.6795357226468], [-73.9708903328369, 40.6798864431591], [-73.9709550430807, 40.6798999337582], [-73.9710825516097, 40.6795493262925], [-73.971017885109, 40.6795357226468]]]}}, {"type": "Feature", "properties": {"zone_id": "0204GL4GPIBTRTJO6ZGH4D", "tract_id": "36047016300", "city": "BROOKLYN, NY", "zone_code": "R6B", "zone_category": "Residential", "ev_permitted": false}, "geometry": {"type": "Polygon", "coordinates": [[[-73.9714823782585, 40.6792571868369], [-73.9713957980528, 40.6794952602671], [-73.9714716388897, 40.6795111993094], [-73.971558128403, 40.6792731068284], [-73.9714823782585, 40.6792571868369]]]}}, {"type": "Feature", "properties": {"zone_id": "02016189W5X36JKMGCULAS", "tract_id": "36047016300", "city": "BROOKLYN, NY", "zone_code": "R6B", "zone_category": "Residential", "ev_permitted": false}, "geometry": {"type": "Polygon", "coordinates": [[[-73.9714137389503, 40.6792427610165], [-73.9713271585183, 40.6794808343954], [-73.9713957980528, 40.6794952602671], [-73.9714823782585, 40.6792571868369], [-73.9714137389503, 40.6792427610165]]]}}, {"type": "Feature", "properties": {"zone_id": "0207HFGITPMV0JHHY5XQLT", "tract_id": "36047016300", "city": "BROOKLYN, NY", "zone_code": "R6B", "zone_category": "Residential", "ev_permitted": false}, "geometry": {"type": "Polygon", "coordinates": [[[-73.9713455334259, 40.6792284259066], [-73.971258952769, 40.6794664992346], [-73.9713271585183, 40.6794808343954], [-73.9714137389503, 40.6792427610165], [-73.9713455334259, 40.6792284259066]]]}}, {"type": "Feature", "properties": {"zone_id": "020256VH8RG2U2MLSPCHBT", "tract_id": "36047016300", "city": "BROOKLYN, NY", "zone_code": "R6B", "zone_category": "Residential", "ev_permitted": false}, "geometry": {"type": "Polygon", "coordinates": [[[-73.9710689222791, 40.6791702893988], [-73.9709418404018, 40.6795197256356], [-73.9710096059163, 40.67953398077], [-73.9711366920856, 40.6791845325148], [-73.9710689222791, 40.6791702893988]]]}}, {"type": "Feature", "properties": {"zone_id": "0201EIF9MVTTHHUZ89E4AP", "tract_id": "36047016300", "city": "BROOKLYN, NY", "zone_code": "R6B", "zone_category": "Residential", "ev_permitted": false}, "geometry": {"type": "Polygon", "coordinates": [[[-73.9712744568496, 40.6792134878581], [-73.9711878759583, 40.679451561133], [-73.971258952769, 40.6794664992346], [-73.9713455334259, 40.6792284259066], [-73.9712744568496, 40.6792134878581]]]}}, {"type": "Feature", "properties": {"zone_id": "02047TFCZ66BMHTXCRLU4D", "tract_id": "36047016300", "city": "BROOKLYN, NY", "zone_code": "R6B", "zone_category": "Residential", "ev_permitted": false}, "geometry": {"type": "Polygon", "coordinates": [[[-73.9711230609417, 40.6794379378345], [-73.9711058871388, 40.6794851587352], [-73.9714544846953, 40.6795584244824], [-73.9714716388897, 40.6795111993094], [-73.9711230609417, 40.6794379378345]]]}}, {"type": "Feature", "properties": {"zone_id": "0206B71239FBP1O5Y82RKM", "tract_id": "36047016300", "city": "BROOKLYN, NY", "zone_code": "R6B", "zone_category": "Residential", "ev_permitted": false}, "geometry": {"type": "Polygon", "coordinates": [[[-73.9711058871388, 40.6794851587352], [-73.9710886892833, 40.6795324512985], [-73.9714373036797, 40.6796057213175], [-73.9714544846953, 40.6795584244824], [-73.9711058871388, 40.6794851587352]]]}}, {"type": "Feature", "properties": {"zone_id": "0202BVIERDJAMRLWVWT5E0", "tract_id": "36047016300", "city": "BROOKLYN, NY", "zone_code": "R6B", "zone_category": "Residential", "ev_permitted": false}, "geometry": {"type": "Polygon", "coordinates": [[[-73.9710886892833, 40.6795324512985], [-73.9710698058994, 40.6795843732752], [-73.9714184408501, 40.679657647572], [-73.9714373036797, 40.6796057213175], [-73.9710886892833, 40.6795324512985]]]}}, {"type": "Feature", "properties": {"zone_id": "0206TTORUB1AMRAQU5OL84", "tract_id": "36047016300", "city": "BROOKLYN, NY", "zone_code": "R6B", "zone_category": "Residential", "ev_permitted": false}, "geometry": {"type": "Polygon", "coordinates": [[[-73.9710009420855, 40.6791560012194], [-73.970873864499, 40.6795054261404], [-73.9709418404018, 40.6795197256356], [-73.9710689222791, 40.6791702893988], [-73.9710009420855, 40.6791560012194]]]}}, {"type": "Feature", "properties": {"zone_id": "0201PZI2AS7UYKT8GJDO96", "tract_id": "36047016300", "city": "BROOKLYN, NY", "zone_code": "R6B", "zone_category": "Residential", "ev_permitted": false}, "geometry": {"type": "Polygon", "coordinates": [[[-73.9711366920856, 40.6791845325148], [-73.9710096059163, 40.67953398077], [-73.9710825516097, 40.6795493262925], [-73.9712096420464, 40.6791998653106], [-73.9711366920856, 40.6791845325148]]]}}, {"type": "Feature", "properties": {"zone_id": "0203E87EGKGQQOPRS77C2W", "tract_id": "36047016300", "city": "BROOKLYN, NY", "zone_code": "R6B", "zone_category": "Residential", "ev_permitted": false}, "geometry": {"type": "Polygon", "coordinates": [[[-73.9712096420464, 40.6791998653106], [-73.9711230609417, 40.6794379378345], [-73.9711878759583, 40.679451561133], [-73.9712744568496, 40.6792134878581], [-73.9712096420464, 40.6791998653106]]]}}, {"type": "Feature", "properties": {"zone_id": "0205XZ9WJ22DVI1KC00YVB", "tract_id": "36047016300", "city": "BROOKLYN, NY", "zone_code": "R6B", "zone_category": "Residential", "ev_permitted": false}, "geometry": {"type": "Polygon", "coordinates": [[[-73.9714157223486, 40.6787605378856], [-73.9713968433586, 40.6788119266013], [-73.9716991619744, 40.6788752606197], [-73.9717180398264, 40.6788238718546], [-73.9714157223486, 40.6787605378856]]]}}, {"type": "Feature", "properties": {"zone_id": "0201Y7ES3ZK1QKJBCXCJAH", "tract_id": "36047016300", "city": "BROOKLYN, NY", "zone_code": "R6B", "zone_category": "Residential", "ev_permitted": false}, "geometry": {"type": "Polygon", "coordinates": [[[-73.9713968433586, 40.6788119266013], [-73.9713781278935, 40.6788628719745], [-73.9716804476454, 40.6789262060419], [-73.9716991619744, 40.6788752606197], [-73.9713968433586, 40.6788119266013]]]}}, {"type": "Feature", "properties": {"zone_id": "0207KMRQB5KKHP6UUOVOOG", "tract_id": "36047016300", "city": "BROOKLYN, NY", "zone_code": "R6B", "zone_category": "Residential", "ev_permitted": false}, "geometry": {"type": "Polygon", "coordinates": [[[-73.9713781278935, 40.6788628719745], [-73.9713598346852, 40.6789126700024], [-73.9716621537226, 40.6789760041172], [-73.9716804476454, 40.6789262060419], [-73.9713781278935, 40.6788628719745]]]}}, {"type": "Feature", "properties": {"zone_id": "0201YDTTFZVTH0CFP38568", "tract_id": "36047016300", "city": "BROOKLYN, NY", "zone_code": "R6B", "zone_category": "Residential", "ev_permitted": false}, "geometry": {"type": "Polygon", "coordinates": [[[-73.9713598346852, 40.6789126700024], [-73.9713399899849, 40.6789666892342], [-73.9716422870708, 40.6790300852295], [-73.9716621537226, 40.6789760041172], [-73.9713598346852, 40.6789126700024]]]}}, {"type": "Feature", "properties": {"zone_id": "0203M5LBB1GGP2H9WBBFLV", "tract_id": "36047016300", "city": "BROOKLYN, NY", "zone_code": "R6B", "zone_category": "Residential", "ev_permitted": false}, "geometry": {"type": "Polygon", "coordinates": [[[-73.9713399899849, 40.6789666892342], [-73.9713165063742, 40.6790306045503], [-73.9716188074191, 40.6790940013105], [-73.9716422870708, 40.6790300852295], [-73.9713399899849, 40.6789666892342]]]}}, {"type": "Feature", "properties": {"zone_id": "0204VK0WSGNOCMQBDOFBQ3", "tract_id": "36047016300", "city": "BROOKLYN, NY", "zone_code": "R6B", "zone_category": "Residential", "ev_permitted": false}, "geometry": {"type": "Polygon", "coordinates": [[[-73.9713668009613, 40.678665983943], [-73.9712388332707, 40.6790143157236], [-73.9713165063742, 40.6790306045503], [-73.9713399899849, 40.6789666892342], [-73.971436355128, 40.6787043722024], [-73.9713831699003, 40.6786932302246], [-73.9713912949466, 40.6786711145505], [-73.9713668009613, 40.678665983943]]]}}, {"type": "Feature", "properties": {"zone_id": "0201CHS1HEE75C48QUFJTA", "tract_id": "36047016300", "city": "BROOKLYN, NY", "zone_code": "R6B", "zone_category": "Residential", "ev_permitted": false}, "geometry": {"type": "Polygon", "coordinates": [[[-73.9712991202089, 40.6786518049261], [-73.9711723667047, 40.6790003772466], [-73.9712388332707, 40.6790143157236], [-73.9713668009613, 40.678665983943], [-73.9712991202089, 40.6786518049261]]]}}, {"type": "Feature", "properties": {"zone_id": "0201AXO2CX106ESC63T1K9", "tract_id": "36047016300", "city": "BROOKLYN, NY", "zone_code": "R6B", "zone_category": "Residential", "ev_permitted": false}, "geometry": {"type": "Polygon", "coordinates": [[[-73.9712343834495, 40.6786382414345], [-73.9711075696514, 40.6789867876708], [-73.9711723667047, 40.6790003772466], [-73.9712991202089, 40.6786518049261], [-73.9712343834495, 40.6786382414345]]]}}, {"type": "Feature", "properties": {"zone_id": "0203GFG5JV7JFBHTTMIO2C", "tract_id": "36047016300", "city": "BROOKLYN, NY", "zone_code": "R6B", "zone_category": "Residential", "ev_permitted": false}, "geometry": {"type": "Polygon", "coordinates": [[[-73.9710514104962, 40.6786864276763], [-73.9709539051671, 40.6789545614382], [-73.9710247211587, 40.6789694124895], [-73.9711222317689, 40.6787012639137], [-73.9710514104962, 40.6786864276763]]]}}, {"type": "Feature", "properties": {"zone_id": "02050B4TRF5D4G89E6GSU7", "tract_id": "36047016300", "city": "BROOKLYN, NY", "zone_code": "R6B", "zone_category": "Residential", "ev_permitted": false}, "geometry": {"type": "Polygon", "coordinates": [[[-73.9714275595914, 40.6785723974292], [-73.9714038091541, 40.6786370476845], [-73.9717593113485, 40.6787115228114], [-73.9717830605447, 40.6786468724831], [-73.9714275595914, 40.6785723974292]]]}}, {"type": "Feature", "properties": {"zone_id": "0203IT6D7Y13QOWT83LXPJ", "tract_id": "36047016300", "city": "BROOKLYN, NY", "zone_code": "R6B", "zone_category": "Residential", "ev_permitted": false}, "geometry": {"type": "Polygon", "coordinates": [[[-73.971436355128, 40.6787043722024], [-73.9714157223486, 40.6787605378856], [-73.9717180398264, 40.6788238718546], [-73.9717386723707, 40.6787677061175], [-73.971436355128, 40.6787043722024]]]}}, {"type": "Feature", "properties": {"zone_id": "020249JTM6CSKNKC82NA3F", "tract_id": "36047016300", "city": "BROOKLYN, NY", "zone_code": "R6B", "zone_category": "Residential", "ev_permitted": false}, "geometry": {"type": "Polygon", "coordinates": [[[-73.9714038091541, 40.6786370476845], [-73.9713831699003, 40.6786932302246], [-73.9717386723707, 40.6787677061175], [-73.9717593113485, 40.6787115228114], [-73.9714038091541, 40.6786370476845]]]}}, {"type": "Feature", "properties": {"zone_id": "02047VI2VEM2X7Z3LSD5SF", "tract_id": "36047016300", "city": "BROOKLYN, NY", "zone_code": "R6B", "zone_category": "Residential", "ev_permitted": false}, "geometry": {"type": "Polygon", "coordinates": [[[-73.9714057761158, 40.678567833146], [-73.9713698538267, 40.6786666234226], [-73.9713912949466, 40.6786711145505], [-73.9714275595914, 40.6785723974292], [-73.9714057761158, 40.678567833146]]]}}, {"type": "Feature", "properties": {"zone_id": "0202D33LOOE64GTGVI0X88", "tract_id": "36047016300", "city": "", "zone_code": "R6B", "zone_category": "Residential", "ev_permitted": false}, "geometry": {"type": "Polygon", "coordinates": [[[-73.9711515298114, 40.678620883909], [-73.9710247211587, 40.6789694124895], [-73.9711075696514, 40.6789867876708], [-73.9712343834495, 40.6786382414345], [-73.9711515298114, 40.678620883909]]]}}, {"type": "Feature", "properties": {"zone_id": "0203GY75HKV0K66QISV13N", "tract_id": "36047016300", "city": "BROOKLYN, NY", "zone_code": "R6B", "zone_category": "Residential", "ev_permitted": false}, "geometry": {"type": "Polygon", "coordinates": [[[-73.9709861421789, 40.6786727528909], [-73.9708886412277, 40.6789408739511], [-73.9709539051671, 40.6789545614382], [-73.9710514104962, 40.6786864276763], [-73.9709861421789, 40.6786727528909]]]}}, {"type": "Feature", "properties": {"zone_id": "020038IQNDE1PMPP64OJPS", "tract_id": "36047016300", "city": "BROOKLYN, NY", "zone_code": "R6B", "zone_category": "Residential", "ev_permitted": false}, "geometry": {"type": "Polygon", "coordinates": [[[-73.9717939896216, 40.6783732620526], [-73.9717007678604, 40.6786296328352], [-73.9717830605447, 40.6786468724831], [-73.9718771688927, 40.6783906873539], [-73.9717939896216, 40.6783732620526]]]}}, {"type": "Feature", "properties": {"zone_id": "0203U1PGILHAB9IDPB65RP", "tract_id": "36047016300", "city": "BROOKLYN, NY", "zone_code": "R6B", "zone_category": "Residential", "ev_permitted": false}, "geometry": {"type": "Polygon", "coordinates": [[[-73.9717213791028, 40.6783580505667], [-73.9716281570837, 40.6786144212911], [-73.9717007678604, 40.6786296328352], [-73.9717939896216, 40.6783732620526], [-73.9717213791028, 40.6783580505667]]]}}, {"type": "Feature", "properties": {"zone_id": "0200MFRDEWMRGQRCC2ZGZK", "tract_id": "36047016300", "city": "BROOKLYN, NY", "zone_code": "R6B", "zone_category": "Residential", "ev_permitted": false}, "geometry": {"type": "Polygon", "coordinates": [[[-73.971644468044, 40.6783419385679], [-73.9715512457521, 40.6785983085277], [-73.9716281570837, 40.6786144212911], [-73.9717213791028, 40.6783580505667], [-73.971644468044, 40.6783419385679]]]}}, {"type": "Feature", "properties": {"zone_id": "0202ZLIQQCWHUT0XZQXJUA", "tract_id": "36047016300", "city": "BROOKLYN, NY", "zone_code": "R6B", "zone_category": "Residential", "ev_permitted": false}, "geometry": {"type": "Polygon", "coordinates": [[[-73.971702040277, 40.6780344523339], [-73.9716804094209, 40.6780946764002], [-73.971956427937, 40.6781524803483], [-73.971978062254, 40.6780922569341], [-73.971702040277, 40.6780344523339]]]}}, {"type": "Feature", "properties": {"zone_id": "02035ZSY2VSORQIFN01LXR", "tract_id": "36047016300", "city": "BROOKLYN, NY", "zone_code": "R6B", "zone_category": "Residential", "ev_permitted": false}, "geometry": {"type": "Polygon", "coordinates": [[[-73.9716804094209, 40.6780946764002], [-73.9716580503803, 40.6781569274629], [-73.9719340654434, 40.6782147300579], [-73.971956427937, 40.6781524803483], [-73.9716804094209, 40.6780946764002]]]}}, {"type": "Feature", "properties": {"zone_id": "0201YDVGKHVSWTGWOFIBMI", "tract_id": "36047016300", "city": "BROOKLYN, NY", "zone_code": "R6B", "zone_category": "Residential", "ev_permitted": false}, "geometry": {"type": "Polygon", "coordinates": [[[-73.9712097914599, 40.6782508745255], [-73.9710514104962, 40.6786864276763], [-73.9711222317689, 40.6787012639137], [-73.9711515298114, 40.678620883909], [-73.9711539265097, 40.6786213876159], [-73.9712830735929, 40.6782662270344], [-73.9712097914599, 40.6782508745255]]]}}, {"type": "Feature", "properties": {"zone_id": "0200O14519UMC06Z3ZMCJB", "tract_id": "36047016300", "city": "BROOKLYN, NY", "zone_code": "R6B", "zone_category": "Residential", "ev_permitted": false}, "geometry": {"type": "Polygon", "coordinates": [[[-73.9715727666202, 40.6783269162284], [-73.971479544073, 40.6785832875359], [-73.9715512457521, 40.6785983085277], [-73.971644468044, 40.6783419385679], [-73.9715727666202, 40.6783269162284]]]}}, {"type": "Feature", "properties": {"zone_id": "0202JYO5BOV0LJI6RIEIST", "tract_id": "36047016300", "city": "BROOKLYN, NY", "zone_code": "R6B", "zone_category": "Residential", "ev_permitted": false}, "geometry": {"type": "Polygon", "coordinates": [[[-73.9714989998473, 40.6783114633033], [-73.9714057761158, 40.678567833146], [-73.971479544073, 40.6785832875359], [-73.9715727666202, 40.6783269162284], [-73.9714989998473, 40.6783114633033]]]}}, {"type": "Feature", "properties": {"zone_id": "0206RWW0JXV9WS28LI2ISL", "tract_id": "36047016300", "city": "BROOKLYN, NY", "zone_code": "R6B", "zone_category": "Residential", "ev_permitted": false}, "geometry": {"type": "Polygon", "coordinates": [[[-73.9714282665775, 40.6782966448855], [-73.9712991202089, 40.6786518049261], [-73.9713698538267, 40.6786666234226], [-73.9714989998473, 40.6783114633033], [-73.9714282665775, 40.6782966448855]]]}}, {"type": "Feature", "properties": {"zone_id": "0204A52AN6JNKABQFUG69U", "tract_id": "36047016300", "city": "BROOKLYN, NY", "zone_code": "R6B", "zone_category": "Residential", "ev_permitted": false}, "geometry": {"type": "Polygon", "coordinates": [[[-73.9713570912856, 40.6782817335628], [-73.9712279445665, 40.6786368942267], [-73.9712991202089, 40.6786518049261], [-73.9714282665775, 40.6782966448855], [-73.9713570912856, 40.6782817335628]]]}}, {"type": "Feature", "properties": {"zone_id": "0207283337189EPOU97QOM", "tract_id": "36047016300", "city": "BROOKLYN, NY", "zone_code": "R6B", "zone_category": "Residential", "ev_permitted": false}, "geometry": {"type": "Polygon", "coordinates": [[[-73.9710015050821, 40.6782072388981], [-73.9708723566139, 40.6785623984635], [-73.9709404487855, 40.6785766635604], [-73.9710695969187, 40.6782215039193], [-73.9710015050821, 40.6782072388981]]]}}, {"type": "Feature", "properties": {"zone_id": "02038FJA7MJ1A0CKN8X0IL", "tract_id": "36047016300", "city": "BROOKLYN, NY", "zone_code": "R6B", "zone_category": "Residential", "ev_permitted": false}, "geometry": {"type": "Polygon", "coordinates": [[[-73.9712830735929, 40.6782662270344], [-73.9711539265097, 40.6786213876159], [-73.9712279445665, 40.6786368942267], [-73.9713570912856, 40.6782817335628], [-73.9712830735929, 40.6782662270344]]]}}, {"type": "Feature", "properties": {"zone_id": "02019GJWN42M8WKA0F4GPU", "tract_id": "36047016300", "city": "BROOKLYN, NY", "zone_code": "R6B", "zone_category": "Residential", "ev_permitted": false}, "geometry": {"type": "Polygon", "coordinates": [[[-73.9711394948347, 40.6782361473854], [-73.9710103470453, 40.6785913071044], [-73.9710806440161, 40.6786060350254], [-73.9712097914599, 40.6782508745255], [-73.9711394948347, 40.6782361473854]]]}}, {"type": "Feature", "properties": {"zone_id": "0204B0AGSU0FB5QG85OZLL", "tract_id": "36047016300", "city": "BROOKLYN, NY", "zone_code": "R6B", "zone_category": "Residential", "ev_permitted": false}, "geometry": {"type": "Polygon", "coordinates": [[[-73.9710695969187, 40.6782215039193], [-73.9709404487855, 40.6785766635604], [-73.9710103470453, 40.6785913071044], [-73.9711394948347, 40.6782361473854], [-73.9710695969187, 40.6782215039193]]]}}, {"type": "Feature", "properties": {"zone_id": "02077XF9L40L83NTV6KGIN", "tract_id": "36047016300", "city": "BROOKLYN, NY", "zone_code": "R6B", "zone_category": "Residential", "ev_permitted": false}, "geometry": {"type": "Polygon", "coordinates": [[[-73.9717965469474, 40.6777713334794], [-73.9717785855995, 40.6778213410549], [-73.9720546196809, 40.6778791482867], [-73.9720725845292, 40.6778291406693], [-73.9717965469474, 40.6777713334794]]]}}, {"type": "Feature", "properties": {"zone_id": "0201NOG46AU20F6Z1WUAD0", "tract_id": "36047016300", "city": "BROOKLYN, NY", "zone_code": "R6B", "zone_category": "Residential", "ev_permitted": false}, "geometry": {"type": "Polygon", "coordinates": [[[-73.9717785855995, 40.6778213410549], [-73.9717625452932, 40.6778659990291], [-73.972038576777, 40.6779238055957], [-73.9720546196809, 40.6778791482867], [-73.9717785855995, 40.6778213410549]]]}}, {"type": "Feature", "properties": {"zone_id": "0205WDF2M0DI3LZG61XCMF", "tract_id": "36047016300", "city": "BROOKLYN, NY", "zone_code": "R6B", "zone_category": "Residential", "ev_permitted": false}, "geometry": {"type": "Polygon", "coordinates": [[[-73.9717625452932, 40.6778659990291], [-73.9717419125064, 40.6779234429189], [-73.9720179414415, 40.6779812488313], [-73.972038576777, 40.6779238055957], [-73.9717625452932, 40.6778659990291]]]}}, {"type": "Feature", "properties": {"zone_id": "0203EYMHUVPARJ0GJJDCAB", "tract_id": "36047016300", "city": "BROOKLYN, NY", "zone_code": "R6B", "zone_category": "Residential", "ev_permitted": false}, "geometry": {"type": "Polygon", "coordinates": [[[-73.9717419125064, 40.6779234429189], [-73.9717229632807, 40.6779761997592], [-73.9719989887263, 40.6780340050131], [-73.9720179414415, 40.6779812488313], [-73.9717419125064, 40.6779234429189]]]}}, {"type": "Feature", "properties": {"zone_id": "0200R9ENZFV8CNYET2F8VD", "tract_id": "36047016300", "city": "BROOKLYN, NY", "zone_code": "R6B", "zone_category": "Residential", "ev_permitted": false}, "geometry": {"type": "Polygon", "coordinates": [[[-73.9717229632807, 40.6779761997592], [-73.971702040277, 40.6780344523339], [-73.971978062254, 40.6780922569341], [-73.9719989887263, 40.6780340050131], [-73.9717229632807, 40.6779761997592]]]}}, {"type": "Feature", "properties": {"zone_id": "0200NAK5NDQ3FUN98Y2FP7", "tract_id": "36047016300", "city": "BROOKLYN, NY", "zone_code": "R6B", "zone_category": "Residential", "ev_permitted": false}, "geometry": {"type": "Polygon", "coordinates": [[[-73.971656324717, 40.6778631678843], [-73.9715583143041, 40.6781360401107], [-73.9716267651844, 40.6781503751572], [-73.9717247753386, 40.6778775021703], [-73.971656324717, 40.6778631678843]]]}}, {"type": "Feature", "properties": {"zone_id": "02074391HVOQ3USTR8UCA4", "tract_id": "36047016300", "city": "BROOKLYN, NY", "zone_code": "R6B", "zone_category": "Residential", "ev_permitted": false}, "geometry": {"type": "Polygon", "coordinates": [[[-73.9721195264897, 40.6774956285331], [-73.9720284477608, 40.6777492091531], [-73.9720962006598, 40.6777633997056], [-73.9721872948379, 40.6775098253601], [-73.9721195264897, 40.6774956285331]]]}}, {"type": "Feature", "properties": {"zone_id": "0201OCZW6A0BL1WA2DJYI9", "tract_id": "36047016300", "city": "BROOKLYN, NY", "zone_code": "R6B", "zone_category": "Residential", "ev_permitted": false}, "geometry": {"type": "Polygon", "coordinates": [[[-73.9720468799332, 40.6774804207554], [-73.9719558027967, 40.6777339964002], [-73.9720284477608, 40.6777492091531], [-73.9721195264897, 40.6774956285331], [-73.9720468799332, 40.6774804207554]]]}}, {"type": "Feature", "properties": {"zone_id": "0205W0UL2AUCBEJNB6XQH2", "tract_id": "36047016300", "city": "BROOKLYN, NY", "zone_code": "R6B", "zone_category": "Residential", "ev_permitted": false}, "geometry": {"type": "Polygon", "coordinates": [[[-73.9718364848335, 40.6774363560934], [-73.9717454051092, 40.6776899364913], [-73.9718163454524, 40.6777047920072], [-73.9719074230789, 40.6774512171745], [-73.9718364848335, 40.6774363560934]]]}}, {"type": "Feature", "properties": {"zone_id": "02013LFJJ6CIFHH6SNU9AI", "tract_id": "36047016300", "city": "BROOKLYN, NY", "zone_code": "R6B", "zone_category": "Residential", "ev_permitted": false}, "geometry": {"type": "Polygon", "coordinates": [[[-73.9717628048059, 40.6774209314634], [-73.9716398742001, 40.6777631904632], [-73.9717133017107, 40.6777785680309], [-73.9718364848335, 40.6774363560934], [-73.9717628048059, 40.6774209314634]]]}}, {"type": "Feature", "properties": {"zone_id": "02020VFISBTUD1SSJ0S0CP", "tract_id": "36047016300", "city": "BROOKLYN, NY", "zone_code": "R6B", "zone_category": "Residential", "ev_permitted": false}, "geometry": {"type": "Polygon", "coordinates": [[[-73.9717454051092, 40.6776899364913], [-73.9717133017107, 40.6777785680309], [-73.9717883064274, 40.6777942754869], [-73.9717965469474, 40.6777713334794], [-73.9720725845292, 40.6778291406693], [-73.9720962006598, 40.6777633997056], [-73.9717454051092, 40.6776899364913]]]}}, {"type": "Feature", "properties": {"zone_id": "02025MMM2TVISPJ9AQGYMV", "tract_id": "36047016300", "city": "BROOKLYN, NY", "zone_code": "R6B", "zone_category": "Residential", "ev_permitted": false}, "geometry": {"type": "Polygon", "coordinates": [[[-73.971691295374, 40.6774059563213], [-73.9715683644291, 40.6777482145427], [-73.9716398742001, 40.6777631904632], [-73.9717628048059, 40.6774209314634], [-73.971691295374, 40.6774059563213]]]}}, {"type": "Feature", "properties": {"zone_id": "0200CKXC0YPFCK6DIB243Q", "tract_id": "36047016300", "city": "BROOKLYN, NY", "zone_code": "R6B", "zone_category": "Residential", "ev_permitted": false}, "geometry": {"type": "Polygon", "coordinates": [[[-73.9719074230789, 40.6774512171745], [-73.9718163454524, 40.6777047920072], [-73.9718917534013, 40.6777205831115], [-73.9719828316878, 40.6774670033012], [-73.9719074230789, 40.6774512171745]]]}}, {"type": "Feature", "properties": {"zone_id": "0205JSF9BK4TTWM5T1DI5A", "tract_id": "36047016300", "city": "BROOKLYN, NY", "zone_code": "R6B", "zone_category": "Residential", "ev_permitted": false}, "geometry": {"type": "Polygon", "coordinates": [[[-73.9719828316878, 40.6774670033012], [-73.9718917534013, 40.6777205831115], [-73.9719558027967, 40.6777339964002], [-73.9720468799332, 40.6774804207554], [-73.9719828316878, 40.6774670033012]]]}}, {"type": "Feature", "properties": {"zone_id": "0203J3AEA4RC7SFJLPVYE6", "tract_id": "36047016300", "city": "BROOKLYN, NY", "zone_code": "R6B", "zone_category": "Residential", "ev_permitted": false}, "geometry": {"type": "Polygon", "coordinates": [[[-73.9714213563805, 40.6777174275176], [-73.9713891080656, 40.6778072084859], [-73.9717247753386, 40.6778775021703], [-73.9716267651844, 40.6781503751572], [-73.9716580503803, 40.6781569274629], [-73.9717883064274, 40.6777942754869], [-73.9714213563805, 40.6777174275176]]]}}, {"type": "Feature", "properties": {"zone_id": "0203B42MVSOQO84U9737PF", "tract_id": "36047016300", "city": "BROOKLYN, NY", "zone_code": "R6B", "zone_category": "Residential", "ev_permitted": false}, "geometry": {"type": "Polygon", "coordinates": [[[-73.9712654382581, 40.6776847746196], [-73.9711351795816, 40.6780474260085], [-73.9712910975651, 40.6780800790814], [-73.9714213563805, 40.6777174275176], [-73.9712654382581, 40.6776847746196]]]}}, {"type": "Feature", "properties": {"zone_id": "0205QORIB3FDR1OI9F5SHT", "tract_id": "36047016300", "city": "BROOKLYN, NY", "zone_code": "R6B", "zone_category": "Residential", "ev_permitted": false}, "geometry": {"type": "Polygon", "coordinates": [[[-73.9710855767228, 40.677647106217], [-73.9709552949928, 40.6780097531823], [-73.9711351795816, 40.6780474260085], [-73.9712654382581, 40.6776847746196], [-73.9710855767228, 40.677647106217]]]}}, {"type": "Feature", "properties": {"zone_id": "0202VU8NLL89Q8HRBEU0VL", "tract_id": "36047016300", "city": "BROOKLYN, NY", "zone_code": "R6B", "zone_category": "Residential", "ev_permitted": false}, "geometry": {"type": "Polygon", "coordinates": [[[-73.9713891080656, 40.6778072084859], [-73.9712910975651, 40.6780800790814], [-73.9713631668863, 40.6780951719547], [-73.9714611771144, 40.6778223005957], [-73.9713891080656, 40.6778072084859]]]}}, {"type": "Feature", "properties": {"zone_id": "0201TK70VOS4VPW826EA92", "tract_id": "36047016300", "city": "BROOKLYN, NY", "zone_code": "R6B", "zone_category": "Residential", "ev_permitted": false}, "geometry": {"type": "Polygon", "coordinates": [[[-73.9715348252132, 40.6778377240048], [-73.9714368143408, 40.6781105954259], [-73.9714972999096, 40.6781232625599], [-73.9715953096305, 40.6778503903848], [-73.9715348252132, 40.6778377240048]]]}}, {"type": "Feature", "properties": {"zone_id": "0207DMX4XDP285OO7WPKWK", "tract_id": "36047016300", "city": "BROOKLYN, NY", "zone_code": "R6B", "zone_category": "Residential", "ev_permitted": false}, "geometry": {"type": "Polygon", "coordinates": [[[-73.9715953096305, 40.6778503903848], [-73.9714972999096, 40.6781232625599], [-73.9715583143041, 40.6781360401107], [-73.971656324717, 40.6778631678843], [-73.9715953096305, 40.6778503903848]]]}}, {"type": "Feature", "properties": {"zone_id": "0202I56BURF0EYBQF9KJLS", "tract_id": "36047016300", "city": "BROOKLYN, NY", "zone_code": "R6B", "zone_category": "Residential", "ev_permitted": false}, "geometry": {"type": "Polygon", "coordinates": [[[-73.9714611771144, 40.6778223005957], [-73.9713631668863, 40.6780951719547], [-73.9714368143408, 40.6781105954259], [-73.9715348252132, 40.6778377240048], [-73.9714611771144, 40.6778223005957]]]}}, {"type": "Feature", "properties": {"zone_id": "0206O1KTEREOAA6RU9Y7YC", "tract_id": "36047016300", "city": "BROOKLYN, NY", "zone_code": "R6B", "zone_category": "Residential", "ev_permitted": false}, "geometry": {"type": "Polygon", "coordinates": [[[-73.971616134231, 40.6773902164402], [-73.9714932029298, 40.6777324738792], [-73.9715683644291, 40.6777482145427], [-73.971691295374, 40.6774059563213], [-73.971616134231, 40.6773902164402]]]}}, {"type": "Feature", "properties": {"zone_id": "0203B3RV7XEAXXKLBDFVFM", "tract_id": "36047016300", "city": "", "zone_code": "R6B", "zone_category": "Residential", "ev_permitted": false}, "geometry": {"type": "Polygon", "coordinates": [[[-73.9715442880225, 40.6773751708573], [-73.9714213563805, 40.6777174275176], [-73.9714932029298, 40.6777324738792], [-73.971616134231, 40.6773902164402], [-73.9715442880225, 40.6773751708573]]]}}, {"type": "Feature", "properties": {"zone_id": "0204DQSBEZXIRN8ZBMUTTT", "tract_id": "36047016300", "city": "BROOKLYN, NY", "zone_code": "R6B", "zone_category": "Residential", "ev_permitted": false}, "geometry": {"type": "Polygon", "coordinates": [[[-73.9713883706416, 40.6773425146113], [-73.9712654382581, 40.6776847746196], [-73.9713415972617, 40.6777007243711], [-73.9714645311298, 40.6773584635798], [-73.9713883706416, 40.6773425146113]]]}}, {"type": "Feature", "properties": {"zone_id": "0207J2CSKO3K8FCTTKIRKG", "tract_id": "36047016300", "city": "BROOKLYN, NY", "zone_code": "R6B", "zone_category": "Residential", "ev_permitted": false}, "geometry": {"type": "Polygon", "coordinates": [[[-73.9714645311298, 40.6773584635798], [-73.9713415972617, 40.6777007243711], [-73.9714213563805, 40.6777174275176], [-73.9715442880225, 40.6773751708573], [-73.9714645311298, 40.6773584635798]]]}}, {"type": "Feature", "properties": {"zone_id": "0205G47YUOB4SE0CWCO3PY", "tract_id": "36047016300", "city": "BROOKLYN, NY", "zone_code": "R7A", "zone_category": "Residential", "ev_permitted": false}, "geometry": {"type": "Polygon", "coordinates": [[[-73.972132672227, 40.6770023656559], [-73.9718917337602, 40.6771058668119], [-73.9719583199462, 40.677151651666], [-73.972173535555, 40.677058792999], [-73.972132672227, 40.6770023656559]]]}}, {"type": "Feature", "properties": {"zone_id": "0206D44543K08UYN842HN4", "tract_id": "36047016300", "city": "BROOKLYN, NY", "zone_code": "R7A", "zone_category": "Residential", "ev_permitted": false}, "geometry": {"type": "Polygon", "coordinates": [[[-73.9720896671568, 40.6769429795703], [-73.9718469444827, 40.6770472475076], [-73.9718917337602, 40.6771058668119], [-73.972132672227, 40.6770023656559], [-73.9720896671568, 40.6769429795703]]]}}, {"type": "Feature", "properties": {"zone_id": "0204FJ5FTYI04UA0AGVK0C", "tract_id": "36047016300", "city": "BROOKLYN, NY", "zone_code": "R7A", "zone_category": "Residential", "ev_permitted": false}, "geometry": {"type": "Polygon", "coordinates": [[[-73.9721740401091, 40.6770594901619], [-73.9719744277062, 40.6771456162089], [-73.9720080996236, 40.6771928812506], [-73.9722081358277, 40.6771065725559], [-73.9721740401091, 40.6770594901619]]]}}, {"type": "Feature", "properties": {"zone_id": "0203P81IKSG9KXWMZ17N67", "tract_id": "36047016300", "city": "BROOKLYN, NY", "zone_code": "R7A", "zone_category": "Residential", "ev_permitted": false}, "geometry": {"type": "Polygon", "coordinates": [[[-73.972173535555, 40.677058792999], [-73.9719739296153, 40.677144916236], [-73.9719744277062, 40.6771456162089], [-73.9721740401091, 40.6770594901619], [-73.972173535555, 40.677058792999]]]}}, {"type": "Feature", "properties": {"zone_id": "020552MHCKPPL8OTKZ4MUM", "tract_id": "36047016300", "city": "BROOKLYN, NY", "zone_code": "R6B", "zone_category": "Residential", "ev_permitted": false}, "geometry": {"type": "Polygon", "coordinates": [[[-73.9717134521405, 40.6769343074852], [-73.9716153583767, 40.6772051041058], [-73.9716745763269, 40.6772169227222], [-73.9717717079718, 40.676948779068], [-73.9717696177646, 40.6769460430911], [-73.9717134521405, 40.6769343074852]]]}}, {"type": "Feature", "properties": {"zone_id": "020158PHVVIS63690PZ5ZY", "tract_id": "36047016300", "city": "BROOKLYN, NY", "zone_code": "R6B", "zone_category": "Residential", "ev_permitted": false}, "geometry": {"type": "Polygon", "coordinates": [[[-73.9718168448705, 40.6770078538127], [-73.9717364297358, 40.6772298479458], [-73.9717936199818, 40.6772417981032], [-73.9718585781015, 40.6770624735308], [-73.9718168448705, 40.6770078538127]]]}}, {"type": "Feature", "properties": {"zone_id": "02023VVH8EKZSQEOZD1ALM", "tract_id": "36047016300", "city": "BROOKLYN, NY", "zone_code": "R7A", "zone_category": "Residential", "ev_permitted": false}, "geometry": {"type": "Polygon", "coordinates": [[[-73.9717717079718, 40.676948779068], [-73.9716745763269, 40.6772169227222], [-73.9717364297358, 40.6772298479458], [-73.9718168448705, 40.6770078538127], [-73.9717717079718, 40.676948779068]]]}}, {"type": "Feature", "properties": {"zone_id": "0202Q2ANOLX4ANABFKQ1MC", "tract_id": "36047016300", "city": "BROOKLYN, NY", "zone_code": "R7A", "zone_category": "Residential", "ev_permitted": false}, "geometry": {"type": "Polygon", "coordinates": [[[-73.9718585781015, 40.6770624735308], [-73.9717936199818, 40.6772417981032], [-73.9718512199966, 40.6772538326519], [-73.9719022097273, 40.6771130702532], [-73.9718917337602, 40.6771058668119], [-73.9718585781015, 40.6770624735308]]]}}, {"type": "Feature", "properties": {"zone_id": "0207DCUTJUUR7X7LBBC4KW", "tract_id": "36047016300", "city": "BROOKLYN, NY", "zone_code": "R7A", "zone_category": "Residential", "ev_permitted": false}, "geometry": {"type": "Polygon", "coordinates": [[[-73.9722412123364, 40.6771522472611], [-73.9720407652566, 40.6772387343892], [-73.9720558051237, 40.6772598458401], [-73.9720370695867, 40.677292664836], [-73.9722592333841, 40.6773390838682], [-73.9723008818862, 40.6772346438677], [-73.9722412123364, 40.6771522472611]]]}}, {"type": "Feature", "properties": {"zone_id": "0203CX4MKM8M6X3H87HLD8", "tract_id": "36047016300", "city": "BROOKLYN, NY", "zone_code": "R7A", "zone_category": "Residential", "ev_permitted": false}, "geometry": {"type": "Polygon", "coordinates": [[[-73.9722081358277, 40.6771065725559], [-73.9720080996236, 40.6771928812506], [-73.9720407652567, 40.6772387343892], [-73.9722412123365, 40.6771522472611], [-73.9722081358277, 40.6771065725559]]]}}, {"type": "Feature", "properties": {"zone_id": "0201BH6CTA8AMA3H3DKTY2", "tract_id": "36047016300", "city": "BROOKLYN, NY", "zone_code": "R7A", "zone_category": "Residential", "ev_permitted": false}, "geometry": {"type": "Polygon", "coordinates": [[[-73.9719739296153, 40.677144916236], [-73.9719429779744, 40.6771582705173], [-73.9719411294272, 40.6771580501332], [-73.9719025483037, 40.6772645579859], [-73.9720370582819, 40.6772926624617], [-73.9720558051237, 40.6772598458401], [-73.9719739296153, 40.677144916236]]]}}, {"type": "Feature", "properties": {"zone_id": "02008QPJHYFRQ7CDN7QFLY", "tract_id": "36047016300", "city": "BROOKLYN, NY", "zone_code": "R6B", "zone_category": "Residential", "ev_permitted": false}, "geometry": {"type": "Polygon", "coordinates": [[[-73.9719022097273, 40.6771130702532], [-73.9718512199966, 40.6772538326519], [-73.9719025483037, 40.6772645579859], [-73.9719411294272, 40.6771580501332], [-73.9719429779744, 40.6771582705173], [-73.9719583199462, 40.677151651666], [-73.9719022097273, 40.6771130702532]]]}}, {"type": "Feature", "properties": {"zone_id": "02021H8EIJUBA35MLP01W4", "tract_id": "36047016300", "city": "BROOKLYN, NY", "zone_code": "R6B", "zone_category": "Residential", "ev_permitted": false}, "geometry": {"type": "Polygon", "coordinates": [[[-73.9710932307508, 40.6772807105594], [-73.9709702978923, 40.6776229639313], [-73.9710412361454, 40.6776378206274], [-73.9711641695923, 40.6772955622619], [-73.9710932307508, 40.6772807105594]]]}}, {"type": "Feature", "properties": {"zone_id": "02019DMCILAB3Q64LEENNO", "tract_id": "36047016300", "city": "BROOKLYN, NY", "zone_code": "R6B", "zone_category": "Residential", "ev_permitted": false}, "geometry": {"type": "Polygon", "coordinates": [[[-73.9713146659065, 40.6773270791479], [-73.9711917322507, 40.6776693383753], [-73.9712654382581, 40.6776847746196], [-73.9713883706416, 40.6773425146113], [-73.9713146659065, 40.6773270791479]]]}}, {"type": "Feature", "properties": {"zone_id": "020740ZEGEIEJWPDDPCPE7", "tract_id": "36047016300", "city": "BROOKLYN, NY", "zone_code": "R6B", "zone_category": "Residential", "ev_permitted": false}, "geometry": {"type": "Polygon", "coordinates": [[[-73.9710154434522, 40.6772644159279], [-73.9708925093001, 40.6776066727304], [-73.9709702978923, 40.6776229639313], [-73.9710932307508, 40.6772807105594], [-73.9710154434522, 40.6772644159279]]]}}, {"type": "Feature", "properties": {"zone_id": "0207LLKUFX640LKXA6HKIT", "tract_id": "36047016300", "city": "BROOKLYN, NY", "zone_code": "R6B", "zone_category": "Residential", "ev_permitted": false}, "geometry": {"type": "Polygon", "coordinates": [[[-73.9711641695923, 40.6772955622619], [-73.9710412361454, 40.6776378206274], [-73.9711147621259, 40.6776532189793], [-73.9712376952223, 40.6773109640492], [-73.9711641695923, 40.6772955622619]]]}}, {"type": "Feature", "properties": {"zone_id": "0202SSN6YDZJP8OX0E2JEX", "tract_id": "36047016300", "city": "BROOKLYN, NY", "zone_code": "R6B", "zone_category": "Residential", "ev_permitted": false}, "geometry": {"type": "Polygon", "coordinates": [[[-73.9712376952223, 40.6773109640492], [-73.9711147621259, 40.6776532189793], [-73.9711917322507, 40.6776693383753], [-73.9713146659065, 40.6773270791479], [-73.9712376952223, 40.6773109640492]]]}}, {"type": "Feature", "properties": {"zone_id": "0203B7CETF3NNWIYVEK5ES", "tract_id": "36047016300", "city": "BROOKLYN, NY", "zone_code": "R6B", "zone_category": "Residential", "ev_permitted": false}, "geometry": {"type": "Polygon", "coordinates": [[[-73.9715194524376, 40.6768937722288], [-73.9714215445991, 40.6771640543831], [-73.9714893613888, 40.6771782249328], [-73.9715872689735, 40.6769079420187], [-73.9715194524376, 40.6768937722288]]]}}, {"type": "Feature", "properties": {"zone_id": "0201ITTCO6UM859VVK9XK8", "tract_id": "36047016300", "city": "BROOKLYN, NY", "zone_code": "R6B", "zone_category": "Residential", "ev_permitted": false}, "geometry": {"type": "Polygon", "coordinates": [[[-73.9714407121656, 40.6768773195491], [-73.9713428049551, 40.6771476016371], [-73.9714215445991, 40.6771640543831], [-73.9715194524376, 40.6768937722288], [-73.9714407121656, 40.6768773195491]]]}}, {"type": "Feature", "properties": {"zone_id": "02018NS29LDB8TCRX4PJJR", "tract_id": "36047016300", "city": "BROOKLYN, NY", "zone_code": "R7A", "zone_category": "Residential", "ev_permitted": false}, "geometry": {"type": "Polygon", "coordinates": [[[-73.9716503042508, 40.6769211128101], [-73.9715522065529, 40.6771919220243], [-73.9716153583767, 40.6772051041058], [-73.9717134521405, 40.6769343074852], [-73.9716503042508, 40.6769211128101]]]}}, {"type": "Feature", "properties": {"zone_id": "0202TYQRNYLCPLIA0V98PK", "tract_id": "36047016300", "city": "BROOKLYN, NY", "zone_code": "R6B", "zone_category": "Residential", "ev_permitted": false}, "geometry": {"type": "Polygon", "coordinates": [[[-73.9715872689735, 40.6769079420187], [-73.9714893613888, 40.6771782249328], [-73.9715522065529, 40.6771919220243], [-73.9716503042508, 40.6769211128101], [-73.9715872689735, 40.6769079420187]]]}}, {"type": "Feature", "properties": {"zone_id": "020229UZLK4N3W8N5ATUE7", "tract_id": "36047016300", "city": "BROOKLYN, NY", "zone_code": "R7A", "zone_category": "Residential", "ev_permitted": false}, "geometry": {"type": "Polygon", "coordinates": [[[-73.9718285151316, 40.6765823532206], [-73.97150007751, 40.6767184117426], [-73.9714517212779, 40.6767082526087], [-73.9713940132404, 40.6768675613201], [-73.9714722366936, 40.6768839063964], [-73.971910540605, 40.676695622055], [-73.9718285151316, 40.6765823532206]]]}}, {"type": "Feature", "properties": {"zone_id": "020029VNTL1AF79JYTIEXE", "tract_id": "36047016300", "city": "BROOKLYN, NY", "zone_code": "R7A", "zone_category": "Residential", "ev_permitted": false}, "geometry": {"type": "Polygon", "coordinates": [[[-73.971910540605, 40.676695622055], [-73.9714722366936, 40.6768839063964], [-73.9716077451691, 40.6769122206651], [-73.9719583316609, 40.6767616172118], [-73.971910540605, 40.676695622055]]]}}, {"type": "Feature", "properties": {"zone_id": "0204MP52ASMWUX9GR3WUB2", "tract_id": "36047016300", "city": "BROOKLYN, NY", "zone_code": "R7A", "zone_category": "Residential", "ev_permitted": false}, "geometry": {"type": "Polygon", "coordinates": [[[-73.9719583316609, 40.6767616172118], [-73.9716077451691, 40.6769122206651], [-73.9717696177646, 40.6769460430911], [-73.9718469444827, 40.6770472475076], [-73.9720896671568, 40.6769429795703], [-73.9719583316609, 40.6767616172118]]]}}, {"type": "Feature", "properties": {"zone_id": "0207N4J2TSTTZL33MUQD2J", "tract_id": "36047016300", "city": "BROOKLYN, NY", "zone_code": "R7A", "zone_category": "Residential", "ev_permitted": false}, "geometry": {"type": "Polygon", "coordinates": [[[-73.9716701055614, 40.6764544642216], [-73.971617180036, 40.676600571203], [-73.9714846235214, 40.6767151651272], [-73.97150007751, 40.6767184117426], [-73.9718285151316, 40.6765823532206], [-73.9717477102548, 40.6764707675021], [-73.9716701055614, 40.6764544642216]]]}}, {"type": "Feature", "properties": {"zone_id": "0200T634O6MUTI9Y3M4W9F", "tract_id": "36047016300", "city": "BROOKLYN, NY", "zone_code": "R7A", "zone_category": "Residential", "ev_permitted": false}, "geometry": {"type": "Polygon", "coordinates": [[[-73.9713799933748, 40.6763935186809], [-73.9712518182347, 40.6767473572835], [-73.9714243868497, 40.6767837131548], [-73.971552596256, 40.6764297788082], [-73.9713799933748, 40.6763935186809]]]}}, {"type": "Feature", "properties": {"zone_id": "0206PU43RP9V10FWASOHL2", "tract_id": "36047016300", "city": "BROOKLYN, NY", "zone_code": "R6B", "zone_category": "Residential", "ev_permitted": false}, "geometry": {"type": "Polygon", "coordinates": [[[-73.971013680738, 40.676614417778], [-73.9709831914233, 40.6767001573743], [-73.9709871033613, 40.6767009825836], [-73.9708617281868, 40.6770470802152], [-73.9710443648731, 40.6770852429383], [-73.9712006886766, 40.6766537042107], [-73.971013680738, 40.676614417778]]]}}, {"type": "Feature", "properties": {"zone_id": "0203897BHGKEZGAJC7IM06", "tract_id": "36047016300", "city": "BROOKLYN, NY", "zone_code": "R6B", "zone_category": "Residential", "ev_permitted": false}, "geometry": {"type": "Polygon", "coordinates": [[[-73.9712006886766, 40.6766537042107], [-73.9710443648731, 40.6770852429383], [-73.9711234347509, 40.6771017641299], [-73.9712797285117, 40.6766703089051], [-73.9712006886766, 40.6766537042107]]]}}, {"type": "Feature", "properties": {"zone_id": "02014BEEAQB2TVQP9DTLN8", "tract_id": "36047016300", "city": "BROOKLYN, NY", "zone_code": "R6B", "zone_category": "Residential", "ev_permitted": false}, "geometry": {"type": "Polygon", "coordinates": [[[-73.9713299141014, 40.6767638099322], [-73.9712015772017, 40.6771180918028], [-73.9712710771802, 40.6771326142336], [-73.9713993684678, 40.6767784425929], [-73.9713299141014, 40.6767638099322]]]}}, {"type": "Feature", "properties": {"zone_id": "0206R6OQ8OC4B512UJD20S", "tract_id": "36047016300", "city": "BROOKLYN, NY", "zone_code": "R6B", "zone_category": "Residential", "ev_permitted": false}, "geometry": {"type": "Polygon", "coordinates": [[[-73.9713993684678, 40.6767784425929], [-73.9712710771802, 40.6771326142336], [-73.9713428049551, 40.6771476016371], [-73.9714407121656, 40.6768773195491], [-73.9713940132404, 40.6768675613201], [-73.9714243868497, 40.6767837131548], [-73.9713993684678, 40.6767784425929]]]}}, {"type": "Feature", "properties": {"zone_id": "0202DYV6DC3ZIKU6MOFTF2", "tract_id": "36047016300", "city": "BROOKLYN, NY", "zone_code": "R6B", "zone_category": "Residential", "ev_permitted": false}, "geometry": {"type": "Polygon", "coordinates": [[[-73.9712518182347, 40.6767473572835], [-73.9711234347509, 40.6771017641299], [-73.9712015772017, 40.6771180918028], [-73.9713299141014, 40.6767638099322], [-73.9712518182347, 40.6767473572835]]]}}, {"type": "Feature", "properties": {"zone_id": "0205UQG55GQL5RTB9EZA95", "tract_id": "36047016300", "city": "BROOKLYN, NY", "zone_code": "R6B", "zone_category": "Residential", "ev_permitted": false}, "geometry": {"type": "Polygon", "coordinates": [[[-73.9713139631371, 40.6763796471421], [-73.9712136970979, 40.6766564373089], [-73.9712797285117, 40.6766703089051], [-73.9713799933748, 40.6763935186809], [-73.9713139631371, 40.6763796471421]]]}}, {"type": "Feature", "properties": {"zone_id": "0205M7S5E015WYWO1X2JV3", "tract_id": "36047016300", "city": "BROOKLYN, NY", "zone_code": "R6B", "zone_category": "Residential", "ev_permitted": false}, "geometry": {"type": "Polygon", "coordinates": [[[-73.9716093104916, 40.6764416931051], [-73.9715549775673, 40.6765916854332], [-73.9714673607553, 40.6767115386236], [-73.9714846235214, 40.6767151651272], [-73.971617180036, 40.676600571203], [-73.9716701055614, 40.6764544642216], [-73.9716093104916, 40.6764416931051]]]}}, {"type": "Feature", "properties": {"zone_id": "0203LUU7W20X5EC4X1FUSE", "tract_id": "36047016300", "city": "BROOKLYN, NY", "zone_code": "R7A", "zone_category": "Residential", "ev_permitted": false}, "geometry": {"type": "Polygon", "coordinates": [[[-73.971552596256, 40.6764297788082], [-73.9714517212779, 40.6767082526087], [-73.9714673607553, 40.6767115386236], [-73.9715549775673, 40.6765916854332], [-73.9716093104916, 40.6764416931051], [-73.971552596256, 40.6764297788082]]]}}, {"type": "Feature", "properties": {"zone_id": "0204B40QYISZJBWLKV3NQ7", "tract_id": "36047016300", "city": "BROOKLYN, NY", "zone_code": "R6B", "zone_category": "Residential", "ev_permitted": false}, "geometry": {"type": "Polygon", "coordinates": [[[-73.9711152995054, 40.6763379112964], [-73.971013680738, 40.676614417778], [-73.971083504958, 40.6766290865586], [-73.9711837714965, 40.6763522965043], [-73.9711152995054, 40.6763379112964]]]}}, {"type": "Feature", "properties": {"zone_id": "0204T65I3DNYNVF17XWEL9", "tract_id": "36047016300", "city": "BROOKLYN, NY", "zone_code": "R6B", "zone_category": "Residential", "ev_permitted": false}, "geometry": {"type": "Polygon", "coordinates": [[[-73.9711837714965, 40.6763522965043], [-73.971083504958, 40.6766290865586], [-73.9711495861519, 40.6766429673766], [-73.9712498505907, 40.6763661779674], [-73.9711837714965, 40.6763522965043]]]}}, {"type": "Feature", "properties": {"zone_id": "0200OYK8N6R1PZQP57OMZO", "tract_id": "36047016300", "city": "BROOKLYN, NY", "zone_code": "R6B", "zone_category": "Residential", "ev_permitted": false}, "geometry": {"type": "Polygon", "coordinates": [[[-73.9710542730152, 40.6763250913446], [-73.9709540069032, 40.6766018812872], [-73.9709370247395, 40.6765983137984], [-73.970905974203, 40.6766840300448], [-73.9709831914233, 40.6767001573743], [-73.971013680738, 40.676614417778], [-73.9711152995054, 40.6763379112964], [-73.9710542730152, 40.6763250913446]]]}}, {"type": "Feature", "properties": {"zone_id": "020523V9V66EN6S3FGU47O", "tract_id": "36047016300", "city": "BROOKLYN, NY", "zone_code": "R6B", "zone_category": "Residential", "ev_permitted": false}, "geometry": {"type": "Polygon", "coordinates": [[[-73.9712498505907, 40.6763661779674], [-73.9711495861519, 40.6766429673766], [-73.9712136970979, 40.6766564373089], [-73.9713139631371, 40.6763796471421], [-73.9712498505907, 40.6763661779674]]]}}, {"type": "Feature", "properties": {"zone_id": "02077JA8LAPQQC0KE54POX", "tract_id": "36047016300", "city": "BROOKLYN, NY", "zone_code": "R6B", "zone_category": "Residential", "ev_permitted": false}, "geometry": {"type": "Polygon", "coordinates": [[[-73.970981604929, 40.6763098245655], [-73.9708813376153, 40.676586614445], [-73.9709540069032, 40.6766018812872], [-73.9710542730152, 40.6763250913446], [-73.970981604929, 40.6763098245655]]]}}, {"type": "Feature", "properties": {"zone_id": "0202L4A48M3IKICEQ2088H", "tract_id": "36047016300", "city": "BROOKLYN, NY", "zone_code": "R6B", "zone_category": "Residential", "ev_permitted": false}, "geometry": {"type": "Polygon", "coordinates": [[[-73.9705555102085, 40.6802381224949], [-73.9704203749336, 40.6806131160806], [-73.9705003431237, 40.6806298346684], [-73.9706076096385, 40.6803321744701], [-73.9708528136493, 40.6803834398214], [-73.9708806808075, 40.6803061069843], [-73.9705555102085, 40.6802381224949]]]}}, {"type": "Feature", "properties": {"zone_id": "0204CWCYLLRVRN8GRFP05M", "tract_id": "36047016300", "city": "BROOKLYN, NY", "zone_code": "R6B", "zone_category": "Residential", "ev_permitted": false}, "geometry": {"type": "Polygon", "coordinates": [[[-73.9707782132263, 40.6803678428844], [-73.9706709483386, 40.6806655032408], [-73.9707455472235, 40.6806811002462], [-73.9708528136493, 40.6803834398214], [-73.9707782132263, 40.6803678428844]]]}}, {"type": "Feature", "properties": {"zone_id": "02016EUUV393SXZYJD7HPY", "tract_id": "36047016300", "city": "BROOKLYN, NY", "zone_code": "R6B", "zone_category": "Residential", "ev_permitted": false}, "geometry": {"type": "Polygon", "coordinates": [[[-73.9708011886365, 40.6805266973941], [-73.9707828220358, 40.6805776652337], [-73.971062954229, 40.6806362326299], [-73.9710814590667, 40.6805852935899], [-73.9708011886365, 40.6805266973941]]]}}, {"type": "Feature", "properties": {"zone_id": "0205RD0NVSGGM8UFIS740Z", "tract_id": "36047016300", "city": "BROOKLYN, NY", "zone_code": "R6B", "zone_category": "Residential", "ev_permitted": false}, "geometry": {"type": "Polygon", "coordinates": [[[-73.9706688363133, 40.6803449743254], [-73.9705615700509, 40.680642635283], [-73.9706135920075, 40.6806535117342], [-73.9707208589775, 40.680355852134], [-73.9706688363133, 40.6803449743254]]]}}, {"type": "Feature", "properties": {"zone_id": "0206DB40A4V81MZN18SJV0", "tract_id": "36047016300", "city": "BROOKLYN, NY", "zone_code": "R6B", "zone_category": "Residential", "ev_permitted": false}, "geometry": {"type": "Polygon", "coordinates": [[[-73.9707208589775, 40.680355852134], [-73.9706135920075, 40.6806535117342], [-73.9706709483386, 40.6806655032408], [-73.9707782132263, 40.6803678428844], [-73.9707208589775, 40.680355852134]]]}}, {"type": "Feature", "properties": {"zone_id": "02024FWREG7ICLUG7T87UH", "tract_id": "36047016300", "city": "BROOKLYN, NY", "zone_code": "R6B", "zone_category": "Residential", "ev_permitted": false}, "geometry": {"type": "Polygon", "coordinates": [[[-73.9707828220358, 40.6805776652337], [-73.9707645727694, 40.6806283056595], [-73.9710445685701, 40.6806868442563], [-73.971062954229, 40.6806362326299], [-73.9707828220358, 40.6805776652337]]]}}, {"type": "Feature", "properties": {"zone_id": "0203K2F0A1DUVKNCNV8510", "tract_id": "36047016300", "city": "BROOKLYN, NY", "zone_code": "M1-1", "zone_category": "Industrial", "ev_permitted": true}, "geometry": {"type": "Polygon", "coordinates": [[[-73.9701770781205, 40.6802421601978], [-73.9700698089061, 40.6805398192951], [-73.9704203749336, 40.6806131160806], [-73.9705276417787, 40.6803154552535], [-73.9701770781205, 40.6802421601978]]]}}, {"type": "Feature", "properties": {"zone_id": "0200AC87TQ0BAEU6UMVK56", "tract_id": "36047016300", "city": "BROOKLYN, NY", "zone_code": "R6B", "zone_category": "Residential", "ev_permitted": false}, "geometry": {"type": "Polygon", "coordinates": [[[-73.9706076096385, 40.6803321744701], [-73.9705003431237, 40.6806298346684], [-73.9705615700509, 40.680642635283], [-73.9706688363133, 40.6803449743254], [-73.9706076096385, 40.6803321744701]]]}}, {"type": "Feature", "properties": {"zone_id": "0207M0HJ1WU9U6HV59HC0L", "tract_id": "36047016300", "city": "BROOKLYN, NY", "zone_code": "R6B", "zone_category": "Residential", "ev_permitted": false}, "geometry": {"type": "Polygon", "coordinates": [[[-73.9707637594841, 40.6800475532427], [-73.9706853059303, 40.680265259416], [-73.9707520034744, 40.6802792038518], [-73.9708304512819, 40.6800615137933], [-73.9707637594841, 40.6800475532427]]]}}, {"type": "Feature", "properties": {"zone_id": "0203MSQ2EERKJGZ1BUGQ4V", "tract_id": "36047016300", "city": "BROOKLYN, NY", "zone_code": "R6B", "zone_category": "Residential", "ev_permitted": false}, "geometry": {"type": "Polygon", "coordinates": [[[-73.970701382227, 40.6800344959701], [-73.9706229247865, 40.6802522168561], [-73.9706853059303, 40.680265259416], [-73.9707637594841, 40.6800475532427], [-73.970701382227, 40.6800344959701]]]}}, {"type": "Feature", "properties": {"zone_id": "0207GHVLF1CFVBLLOOUJBE", "tract_id": "36047016300", "city": "BROOKLYN, NY", "zone_code": "R6B", "zone_category": "Residential", "ev_permitted": false}, "geometry": {"type": "Polygon", "coordinates": [[[-73.9706339743204, 40.6800203854948], [-73.9705555102085, 40.6802381224949], [-73.9706229247865, 40.6802522168561], [-73.970701382227, 40.6800344959701], [-73.9706339743204, 40.6800203854948]]]}}, {"type": "Feature", "properties": {"zone_id": "02074CWQJ8B2SUF1BI20SU", "tract_id": "36047016300", "city": "BROOKLYN, NY", "zone_code": "R6B", "zone_category": "Residential", "ev_permitted": false}, "geometry": {"type": "Polygon", "coordinates": [[[-73.9708918595533, 40.6800743683841], [-73.9708134183984, 40.6802920437299], [-73.9708806808075, 40.6803061069843], [-73.9709591171377, 40.6800884470505], [-73.9708918595533, 40.6800743683841]]]}}, {"type": "Feature", "properties": {"zone_id": "0205GEUQOBPXBVBHMMDF8Y", "tract_id": "36047016300", "city": "BROOKLYN, NY", "zone_code": "R6B", "zone_category": "Residential", "ev_permitted": false}, "geometry": {"type": "Polygon", "coordinates": [[[-73.9708304512819, 40.6800615137933], [-73.9707520034744, 40.6802792038518], [-73.9708134183984, 40.6802920437299], [-73.9708918595533, 40.6800743683841], [-73.9708304512819, 40.6800615137933]]]}}, {"type": "Feature", "properties": {"zone_id": "0204B3TDLUYRNJ0RGFVTXU", "tract_id": "36047016300", "city": "BROOKLYN, NY", "zone_code": "R6B", "zone_category": "Residential", "ev_permitted": false}, "geometry": {"type": "Polygon", "coordinates": [[[-73.9705742882608, 40.6800078909696], [-73.9704958184247, 40.6802256419811], [-73.9705555102085, 40.6802381224949], [-73.9706339743204, 40.6800203854948], [-73.9705742882608, 40.6800078909696]]]}}, {"type": "Feature", "properties": {"zone_id": "02026W8BV1F2RPBKDTC1B8", "tract_id": "36047016300", "city": "BROOKLYN, NY", "zone_code": "R6B", "zone_category": "Residential", "ev_permitted": false}, "geometry": {"type": "Polygon", "coordinates": [[[-73.9704952695542, 40.6800309489646], [-73.9701604799099, 40.680238689663], [-73.9705276417787, 40.6803154552535], [-73.9705555102085, 40.6802381224949], [-73.9704300632607, 40.6802118943841], [-73.9704952695542, 40.6800309489646]]]}}, {"type": "Feature", "properties": {"zone_id": "0206LQFVC4U0MIZBEX2MYD", "tract_id": "36047016300", "city": "BROOKLYN, NY", "zone_code": "M1-1", "zone_category": "Industrial", "ev_permitted": true}, "geometry": {"type": "Polygon", "coordinates": [[[-73.9701100357108, 40.679910707688], [-73.9700359744161, 40.6801162212704], [-73.9697931385085, 40.6802361555762], [-73.9698863320433, 40.6802556409298], [-73.9698731935887, 40.6802920993221], [-73.9698766701223, 40.6802928253795], [-73.9698074289366, 40.6804849613839], [-73.9699292224122, 40.6805104261269], [-73.9700104843881, 40.6802849343072], [-73.9700076335745, 40.6802843384095], [-73.9700265218949, 40.6802319282625], [-73.9700379219721, 40.6802249313132], [-73.9701482755406, 40.6799187125034], [-73.9701100357108, 40.679910707688]]]}}, {"type": "Feature", "properties": {"zone_id": "0205G8W7DDUS0EWYRUVZIC", "tract_id": "36047016300", "city": "BROOKLYN, NY", "zone_code": "M1-1", "zone_category": "Industrial", "ev_permitted": true}, "geometry": {"type": "Polygon", "coordinates": [[[-73.9700523447088, 40.6802160808245], [-73.9700265218949, 40.6802319282625], [-73.9700076335745, 40.6802843384095], [-73.9700104843881, 40.6802849343072], [-73.9699292224122, 40.6805104261269], [-73.9700698089061, 40.6805398192951], [-73.9701770781205, 40.6802421601978], [-73.9700523447088, 40.6802160808245]]]}}, {"type": "Feature", "properties": {"zone_id": "0206EAH9PMZ09L6QCW604C", "tract_id": "36047016300", "city": "", "zone_code": "M1-1", "zone_category": "Industrial", "ev_permitted": true}, "geometry": {"type": "Polygon", "coordinates": [[[-73.9696084521844, 40.6801232706739], [-73.9695011806228, 40.6804209299481], [-73.9698074289366, 40.6804849613839], [-73.9698766701223, 40.6802928253795], [-73.9698731935887, 40.6802920993221], [-73.9698863320433, 40.6802556409298], [-73.9697931385085, 40.6802361555762], [-73.9698987895269, 40.6801839754798], [-73.9696084521844, 40.6801232706739]]]}}, {"type": "Feature", "properties": {"zone_id": "0202OT8TWLOTYB28VLL3GQ", "tract_id": "36047016300", "city": "BROOKLYN, NY", "zone_code": "R6B", "zone_category": "Residential", "ev_permitted": false}, "geometry": {"type": "Polygon", "coordinates": [[[-73.9705085388401, 40.67999412796], [-73.9704300632607, 40.6802118943841], [-73.9704958184247, 40.6802256419811], [-73.9705742882608, 40.6800078909696], [-73.9705085388401, 40.67999412796]]]}}, {"type": "Feature", "properties": {"zone_id": "0203UBP2NUSYPQHKSZGJCF", "tract_id": "36047016300", "city": "BROOKLYN, NY", "zone_code": "R6B", "zone_category": "Residential", "ev_permitted": false}, "geometry": {"type": "Polygon", "coordinates": [[[-73.9704380633323, 40.6799793750532], [-73.9700523447088, 40.6802160808245], [-73.9701604799099, 40.680238689663], [-73.9704952695542, 40.6800309489646], [-73.9705085388401, 40.67999412796], [-73.9704380633323, 40.6799793750532]]]}}, {"type": "Feature", "properties": {"zone_id": "0205U4IKHV4ZY5PDCK9PJB", "tract_id": "36047016300", "city": "BROOKLYN, NY", "zone_code": "R6B", "zone_category": "Residential", "ev_permitted": false}, "geometry": {"type": "Polygon", "coordinates": [[[-73.9708349502089, 40.6794972401079], [-73.9707072824586, 40.6798482815064], [-73.9707682060162, 40.6798609828599], [-73.9708958346592, 40.6795100474865], [-73.9708349502089, 40.6794972401079]]]}}, {"type": "Feature", "properties": {"zone_id": "02030ZZIGTMCTIKGERTS5F", "tract_id": "36047016300", "city": "BROOKLYN, NY", "zone_code": "R6B", "zone_category": "Residential", "ev_permitted": false}, "geometry": {"type": "Polygon", "coordinates": [[[-73.9706431687739, 40.6794568957775], [-73.9705153771869, 40.6798082742112], [-73.9705835324181, 40.6798224833201], [-73.9707112811643, 40.679471224253], [-73.9706431687739, 40.6794568957775]]]}}, {"type": "Feature", "properties": {"zone_id": "02037X2XXFHRQ50UZRYJXI", "tract_id": "36047016300", "city": "BROOKLYN, NY", "zone_code": "R6B", "zone_category": "Residential", "ev_permitted": false}, "geometry": {"type": "Polygon", "coordinates": [[[-73.9707112811643, 40.679471224253], [-73.9705835324181, 40.6798224833201], [-73.9706439206541, 40.6798350721766], [-73.9707716302951, 40.6794839191352], [-73.9707112811643, 40.679471224253]]]}}, {"type": "Feature", "properties": {"zone_id": "0200GFTPLMTI5N38NC3AOJ", "tract_id": "36047016300", "city": "", "zone_code": "R6B", "zone_category": "Residential", "ev_permitted": false}, "geometry": {"type": "Polygon", "coordinates": [[[-73.9709574685142, 40.679523013121], [-73.9708298799059, 40.6798738403623], [-73.9708903328369, 40.6798864431591], [-73.971017885109, 40.6795357226468], [-73.9709574685142, 40.679523013121]]]}}, {"type": "Feature", "properties": {"zone_id": "0201WZD9CFR9L9BY43TPM2", "tract_id": "36047016300", "city": "BROOKLYN, NY", "zone_code": "R6B", "zone_category": "Residential", "ev_permitted": false}, "geometry": {"type": "Polygon", "coordinates": [[[-73.9707716302951, 40.6794839191352], [-73.9706439206541, 40.6798350721766], [-73.9707072824586, 40.6798482815064], [-73.9708349502089, 40.6794972401079], [-73.9707716302951, 40.6794839191352]]]}}, {"type": "Feature", "properties": {"zone_id": "02062QFIGDR3TEAD88YJ7O", "tract_id": "36047016300", "city": "BROOKLYN, NY", "zone_code": "R6B", "zone_category": "Residential", "ev_permitted": false}, "geometry": {"type": "Polygon", "coordinates": [[[-73.9708958346592, 40.6795100474865], [-73.9707682060162, 40.6798609828599], [-73.9708298799059, 40.6798738403623], [-73.9709574685142, 40.679523013121], [-73.9708958346592, 40.6795100474865]]]}}, {"type": "Feature", "properties": {"zone_id": "0207FS0ALQBZWNM0268CYI", "tract_id": "36047016300", "city": "BROOKLYN, NY", "zone_code": "R6B", "zone_category": "Residential", "ev_permitted": false}, "geometry": {"type": "Polygon", "coordinates": [[[-73.9705294891451, 40.6794329811268], [-73.9704012326978, 40.679784477363], [-73.9704607727318, 40.6797968897294], [-73.9705885987763, 40.6794454165053], [-73.9705294891451, 40.6794329811268]]]}}, {"type": "Feature", "properties": {"zone_id": "02073GFG3IMKP7Z7JDNUU8", "tract_id": "36047016300", "city": "BROOKLYN, NY", "zone_code": "R6B", "zone_category": "Residential", "ev_permitted": false}, "geometry": {"type": "Polygon", "coordinates": [[[-73.970471823844, 40.6794208510439], [-73.9703439223791, 40.6797725292974], [-73.9704012326978, 40.679784477363], [-73.9705294891451, 40.6794329811268], [-73.970471823844, 40.6794208510439]]]}}, {"type": "Feature", "properties": {"zone_id": "02054L7KZUU8V891SZVLAJ", "tract_id": "36047016300", "city": "BROOKLYN, NY", "zone_code": "M1-1", "zone_category": "Industrial", "ev_permitted": true}, "geometry": {"type": "Polygon", "coordinates": [[[-73.9700247701986, 40.6798928582695], [-73.9699244217046, 40.6801713159978], [-73.9700359744161, 40.6801162212704], [-73.9701100357108, 40.679910707688], [-73.9700247701986, 40.6798928582695]]]}}, {"type": "Feature", "properties": {"zone_id": "0205SQ1QZONHOO03WY8DZJ", "tract_id": "36047016300", "city": "BROOKLYN, NY", "zone_code": "M1-1", "zone_category": "Industrial", "ev_permitted": true}, "geometry": {"type": "Polygon", "coordinates": [[[-73.9696709404983, 40.6798187878881], [-73.9695645217676, 40.6801140858101], [-73.9697404908413, 40.6801508779293], [-73.9698468940649, 40.6798556220016], [-73.9696709404983, 40.6798187878881]]]}}, {"type": "Feature", "properties": {"zone_id": "0200AW4EP008X866M2ORUL", "tract_id": "36047016300", "city": "BROOKLYN, NY", "zone_code": "M1-1", "zone_category": "Industrial", "ev_permitted": true}, "geometry": {"type": "Polygon", "coordinates": [[[-73.9698468940649, 40.6798556220016], [-73.9697404908413, 40.6801508779293], [-73.9698987895269, 40.6801839754798], [-73.9699244217046, 40.6801713159978], [-73.9700247701986, 40.6798928582695], [-73.9698468940649, 40.6798556220016]]]}}, {"type": "Feature", "properties": {"zone_id": "02051PNOOIG8AUMRL1S0KX", "tract_id": "36047016300", "city": "BROOKLYN, NY", "zone_code": "M1-1", "zone_category": "Industrial", "ev_permitted": true}, "geometry": {"type": "Polygon", "coordinates": [[[-73.9692891616398, 40.680056511707], [-73.9691818896836, 40.6803541706862], [-73.9692706644022, 40.6803727320567], [-73.9693779359922, 40.6800750729954], [-73.9692891616398, 40.680056511707]]]}}, {"type": "Feature", "properties": {"zone_id": "02041D7NRBEW60893A9TQC", "tract_id": "36047016300", "city": "BROOKLYN, NY", "zone_code": "M1-1", "zone_category": "Industrial", "ev_permitted": true}, "geometry": {"type": "Polygon", "coordinates": [[[-73.9693779359922, 40.6800750729954], [-73.9692706644022, 40.6803727320567], [-73.9693760078448, 40.680394757677], [-73.9694832789999, 40.6800970985183], [-73.9693779359922, 40.6800750729954]]]}}, {"type": "Feature", "properties": {"zone_id": "0201HYGNO4ZA8X7OCBG4OA", "tract_id": "36047016300", "city": "", "zone_code": "M1-1", "zone_category": "Industrial", "ev_permitted": true}, "geometry": {"type": "Polygon", "coordinates": [[[-73.9694832789999, 40.6800970985183], [-73.9693760078448, 40.680394757677], [-73.9695011806228, 40.6804209299481], [-73.9696084521844, 40.6801232706739], [-73.9694832789999, 40.6800970985183]]]}}, {"type": "Feature", "properties": {"zone_id": "0204QIM5IH4CPQ7YNNTQR3", "tract_id": "36047016300", "city": "BROOKLYN, NY", "zone_code": "M1-1", "zone_category": "Industrial", "ev_permitted": true}, "geometry": {"type": "Polygon", "coordinates": [[[-73.9691325223729, 40.6800204300838], [-73.9690241336091, 40.6803211852491], [-73.9691111888954, 40.6803393873952], [-73.9692195772962, 40.6800386323243], [-73.9691325223729, 40.6800204300838]]]}}, {"type": "Feature", "properties": {"zone_id": "02065K7KPV821J7924ZATF", "tract_id": "36047016300", "city": "BROOKLYN, NY", "zone_code": "M1-1", "zone_category": "Industrial", "ev_permitted": true}, "geometry": {"type": "Polygon", "coordinates": [[[-73.968963269416, 40.6799883707473], [-73.9688560127267, 40.680286032943], [-73.9690241336091, 40.6803211852491], [-73.9691075581865, 40.6800897007609], [-73.9690150653508, 40.6800703614698], [-73.9690389136961, 40.6800041876707], [-73.968963269416, 40.6799883707473]]]}}, {"type": "Feature", "properties": {"zone_id": "0206NFXT5D549YF8DGBPGW", "tract_id": "36047016300", "city": "BROOKLYN, NY", "zone_code": "M1-1", "zone_category": "Industrial", "ev_permitted": true}, "geometry": {"type": "Polygon", "coordinates": [[[-73.9692184611432, 40.6800417291841], [-73.9691111888954, 40.6803393873952], [-73.9691818896836, 40.6803541706862], [-73.9692891616398, 40.680056511707], [-73.9692184611432, 40.6800417291841]]]}}, {"type": "Feature", "properties": {"zone_id": "0203ZO2OTWVU8B1BC4TJVV", "tract_id": "36047016300", "city": "BROOKLYN, NY", "zone_code": "M1-1", "zone_category": "Industrial", "ev_permitted": true}, "geometry": {"type": "Polygon", "coordinates": [[[-73.9688882601162, 40.6799726867491], [-73.9687809865054, 40.6802703453576], [-73.9688560127267, 40.680286032943], [-73.968963269416, 40.6799883707473], [-73.9688882601162, 40.6799726867491]]]}}, {"type": "Feature", "properties": {"zone_id": "0203VHH8QSPXB527MHJA6R", "tract_id": "36047016300", "city": "BROOKLYN, NY", "zone_code": "R7A", "zone_category": "Residential", "ev_permitted": false}, "geometry": {"type": "Polygon", "coordinates": [[[-73.9681656881375, 40.6800793534519], [-73.9681447956523, 40.6801373214988], [-73.9684333560905, 40.6801976585052], [-73.9684542483434, 40.680139691109], [-73.9681656881375, 40.6800793534519]]]}}, {"type": "Feature", "properties": {"zone_id": "02037A2HGMMS3TG6596SD9", "tract_id": "36047016300", "city": "BROOKLYN, NY", "zone_code": "M1-1", "zone_category": "Industrial", "ev_permitted": true}, "geometry": {"type": "Polygon", "coordinates": [[[-73.9693154898485, 40.679744377478], [-73.9692534853765, 40.6799164298502], [-73.9691735171931, 40.679899726731], [-73.969130193009, 40.6800199430412], [-73.9692195772962, 40.6800386323243], [-73.9692184611432, 40.6800417291841], [-73.9693025296557, 40.6800593069502], [-73.9694089716388, 40.6797639474402], [-73.9693154898485, 40.679744377478]]]}}, {"type": "Feature", "properties": {"zone_id": "02035B4GRGTWU6BDATEGO2", "tract_id": "36047016300", "city": "BROOKLYN, NY", "zone_code": "M1-1", "zone_category": "Industrial", "ev_permitted": true}, "geometry": {"type": "Polygon", "coordinates": [[[-73.9694089716388, 40.6797639474402], [-73.9693025296557, 40.6800593069502], [-73.9693894453201, 40.6800774798645], [-73.9694958804769, 40.6797821413528], [-73.9694089716388, 40.6797639474402]]]}}, {"type": "Feature", "properties": {"zone_id": "0201684WKUEHEU3ODSF94W", "tract_id": "36047016300", "city": "BROOKLYN, NY", "zone_code": "M1-1", "zone_category": "Industrial", "ev_permitted": true}, "geometry": {"type": "Polygon", "coordinates": [[[-73.9694958804769, 40.6797821413528], [-73.9693894453201, 40.6800774798645], [-73.9695645217676, 40.6801140858101], [-73.9696709404983, 40.6798187878881], [-73.9694958804769, 40.6797821413528]]]}}, {"type": "Feature", "properties": {"zone_id": "0206M6XDHU1XB3TGNGVIYK", "tract_id": "36047016300", "city": "BROOKLYN, NY", "zone_code": "M1-1", "zone_category": "Industrial", "ev_permitted": true}, "geometry": {"type": "Polygon", "coordinates": [[[-73.969145379862, 40.6797087658718], [-73.9690150653508, 40.6800703614698], [-73.9691075581865, 40.6800897007609], [-73.9691325223729, 40.6800204300838], [-73.969130193009, 40.6800199430412], [-73.969235534563, 40.6797276392718], [-73.969145379862, 40.6797087658718]]]}}, {"type": "Feature", "properties": {"zone_id": "02001KDCOTLJ7RHPQKHXT2", "tract_id": "36047016300", "city": "BROOKLYN, NY", "zone_code": "M1-1", "zone_category": "Industrial", "ev_permitted": true}, "geometry": {"type": "Polygon", "coordinates": [[[-73.969235534563, 40.6797276392718], [-73.9691735171931, 40.679899726731], [-73.9692534853765, 40.6799164298502], [-73.9693154898485, 40.679744377478], [-73.969235534563, 40.6797276392718]]]}}, {"type": "Feature", "properties": {"zone_id": "0200WGMRD1DQE8C90LJA11", "tract_id": "36047016300", "city": "BROOKLYN, NY", "zone_code": "M1-1", "zone_category": "Industrial", "ev_permitted": true}, "geometry": {"type": "Polygon", "coordinates": [[[-73.9690697414381, 40.6796929307501], [-73.968963269416, 40.6799883707473], [-73.9690389136961, 40.6800041876707], [-73.969145379862, 40.6797087658718], [-73.9690697414381, 40.6796929307501]]]}}, {"type": "Feature", "properties": {"zone_id": "0204QLQHR6RBK4T98GE2TV", "tract_id": "36047016300", "city": "BROOKLYN, NY", "zone_code": "M1-1", "zone_category": "Industrial", "ev_permitted": true}, "geometry": {"type": "Polygon", "coordinates": [[[-73.9688178634262, 40.6799579673015], [-73.9687105886019, 40.6802556258447], [-73.9687809865054, 40.6802703453576], [-73.9688882601162, 40.6799726867491], [-73.9688178634262, 40.6799579673015]]]}}, {"type": "Feature", "properties": {"zone_id": "0205U4KDIFCHG366JFP16V", "tract_id": "36047016300", "city": "BROOKLYN, NY", "zone_code": "M1-1", "zone_category": "Industrial", "ev_permitted": true}, "geometry": {"type": "Polygon", "coordinates": [[[-73.9686797649586, 40.6799290918429], [-73.9685724895643, 40.6802267502584], [-73.9686422312338, 40.6802413326579], [-73.968749505417, 40.6799436748804], [-73.9686797649586, 40.6799290918429]]]}}, {"type": "Feature", "properties": {"zone_id": "0202OGOIWMRPVOJHMB3CXT", "tract_id": "36047016300", "city": "BROOKLYN, NY", "zone_code": "M1-1", "zone_category": "Industrial", "ev_permitted": true}, "geometry": {"type": "Polygon", "coordinates": [[[-73.9686123861875, 40.6799150033788], [-73.9685051114381, 40.6802126617322], [-73.9685724895643, 40.6802267502584], [-73.9686797649586, 40.6799290918429], [-73.9686123861875, 40.6799150033788]]]}}, {"type": "Feature", "properties": {"zone_id": "0200D53BTA0DHUSK4X9OAD", "tract_id": "36047016300", "city": "BROOKLYN, NY", "zone_code": "M1-1", "zone_category": "Industrial", "ev_permitted": true}, "geometry": {"type": "Polygon", "coordinates": [[[-73.968749505417, 40.6799436748804], [-73.9686422312338, 40.6802413326579], [-73.9687105886019, 40.6802556258447], [-73.9688178634262, 40.6799579673015], [-73.968749505417, 40.6799436748804]]]}}, {"type": "Feature", "properties": {"zone_id": "02043RTM7M7DCILDIP3XYL", "tract_id": "36047016300", "city": "BROOKLYN, NY", "zone_code": "R7A", "zone_category": "Residential", "ev_permitted": false}, "geometry": {"type": "Polygon", "coordinates": [[[-73.9682520728118, 40.6798396634789], [-73.9682227499646, 40.6799210271569], [-73.9685113086145, 40.6799813639692], [-73.9685303828638, 40.6799284369572], [-73.9686021314834, 40.6799434387171], [-73.9686123861875, 40.6799150033788], [-73.9682520728118, 40.6798396634789]]]}}, {"type": "Feature", "properties": {"zone_id": "0200SKO6VXR5COOAQURVQR", "tract_id": "36047016300", "city": "BROOKLYN, NY", "zone_code": "R7A", "zone_category": "Residential", "ev_permitted": false}, "geometry": {"type": "Polygon", "coordinates": [[[-73.9681856610096, 40.6800239351069], [-73.9681656881375, 40.6800793534519], [-73.9684542483434, 40.680139691109], [-73.9684742209942, 40.6800842720116], [-73.9681856610096, 40.6800239351069]]]}}, {"type": "Feature", "properties": {"zone_id": "02073UB9W1672FP7O6OZ09", "tract_id": "36047016300", "city": "BROOKLYN, NY", "zone_code": "R7A", "zone_category": "Residential", "ev_permitted": false}, "geometry": {"type": "Polygon", "coordinates": [[[-73.9682055774731, 40.6799686720307], [-73.9681856610096, 40.6800239351069], [-73.9684742209942, 40.6800842720116], [-73.968494137237, 40.6800290081833], [-73.9682055774731, 40.6799686720307]]]}}, {"type": "Feature", "properties": {"zone_id": "0202JG6MV56QHFH9MYIB4W", "tract_id": "36047016300", "city": "BROOKLYN, NY", "zone_code": "R7A", "zone_category": "Residential", "ev_permitted": false}, "geometry": {"type": "Polygon", "coordinates": [[[-73.9682227499646, 40.6799210271569], [-73.9682055774731, 40.6799686720307], [-73.968494137237, 40.6800290081833], [-73.9685113086145, 40.6799813639692], [-73.9682227499646, 40.6799210271569]]]}}, {"type": "Feature", "properties": {"zone_id": "02066M5B3U7GDPVNNZIJLN", "tract_id": "36047016300", "city": "", "zone_code": "R7A", "zone_category": "Residential", "ev_permitted": false}, "geometry": {"type": "Polygon", "coordinates": [[[-73.9685303828638, 40.6799284369572], [-73.9684333560905, 40.6801976585052], [-73.9685051114381, 40.6802126617322], [-73.9686021314834, 40.6799434387171], [-73.9685303828638, 40.6799284369572]]]}}, {"type": "Feature", "properties": {"zone_id": "0207I003RXJUAJP6JRIN4R", "tract_id": "36047016300", "city": "BROOKLYN, NY", "zone_code": "M1-1", "zone_category": "Industrial", "ev_permitted": true}, "geometry": {"type": "Polygon", "coordinates": [[[-73.9687680288433, 40.6796297684704], [-73.9686615287858, 40.6799252791522], [-73.968963269416, 40.6799883707473], [-73.9690697414381, 40.6796929307501], [-73.9687680288433, 40.6796297684704]]]}}, {"type": "Feature", "properties": {"zone_id": "020360G3E8TWDFSCG7030X", "tract_id": "36047016300", "city": "BROOKLYN, NY", "zone_code": "R7A", "zone_category": "Residential", "ev_permitted": false}, "geometry": {"type": "Polygon", "coordinates": [[[-73.9686998059301, 40.679615485893], [-73.9686026629259, 40.6798850314893], [-73.968621749982, 40.6798890221949], [-73.9686123861875, 40.6799150033788], [-73.9686615287858, 40.6799252791522], [-73.9687680288433, 40.6796297684704], [-73.9686998059301, 40.679615485893]]]}}, {"type": "Feature", "properties": {"zone_id": "0200NMF1ODRN51M91DY782", "tract_id": "36047016300", "city": "BROOKLYN, NY", "zone_code": "R7A", "zone_category": "Residential", "ev_permitted": false}, "geometry": {"type": "Polygon", "coordinates": [[[-73.9683037785527, 40.6796961955575], [-73.9682789889929, 40.6797649779315], [-73.9686202158751, 40.679836327748], [-73.9686450041869, 40.6797675445982], [-73.9683037785527, 40.6796961955575]]]}}, {"type": "Feature", "properties": {"zone_id": "0206YJPDAUHI1JRQ6MJJNM", "tract_id": "36047016300", "city": "BROOKLYN, NY", "zone_code": "R7A", "zone_category": "Residential", "ev_permitted": false}, "geometry": {"type": "Polygon", "coordinates": [[[-73.9683309265888, 40.6796208671248], [-73.9683037785527, 40.6796961955575], [-73.9686450041869, 40.6797675445982], [-73.9686721527898, 40.6796922153832], [-73.9683309265888, 40.6796208671248]]]}}, {"type": "Feature", "properties": {"zone_id": "0202JOS9I811TFEXX24GZN", "tract_id": "36047016300", "city": "BROOKLYN, NY", "zone_code": "R7A", "zone_category": "Residential", "ev_permitted": false}, "geometry": {"type": "Polygon", "coordinates": [[[-73.968358609666, 40.6795440555126], [-73.9683309265888, 40.6796208671248], [-73.9686721527898, 40.6796922153832], [-73.9686998059301, 40.679615485893], [-73.968358609666, 40.6795440555126]]]}}, {"type": "Feature", "properties": {"zone_id": "02052ERTDNP5MU0G8TAIX9", "tract_id": "36047016300", "city": "BROOKLYN, NY", "zone_code": "R7A", "zone_category": "Residential", "ev_permitted": false}, "geometry": {"type": "Polygon", "coordinates": [[[-73.9682789889929, 40.6797649779315], [-73.9682520728118, 40.6798396634789], [-73.9686123861875, 40.6799150033788], [-73.968621749982, 40.6798890221949], [-73.9686026629259, 40.6798850314893], [-73.9686202158751, 40.679836327748], [-73.9682789889929, 40.6797649779315]]]}}, {"type": "Feature", "properties": {"zone_id": "020424RRBNHUBWWU5C81OP", "tract_id": "36047016300", "city": "BROOKLYN, NY", "zone_code": "R6B", "zone_category": "Residential", "ev_permitted": false}, "geometry": {"type": "Polygon", "coordinates": [[[-73.9703560973901, 40.6793965049646], [-73.970228121433, 40.6797483868433], [-73.9702861054167, 40.6797604756731], [-73.9704140441271, 40.6794086956068], [-73.9703560973901, 40.6793965049646]]]}}, {"type": "Feature", "properties": {"zone_id": "0206352DEU89MOPNYGMQY8", "tract_id": "36047016300", "city": "BROOKLYN, NY", "zone_code": "R6B", "zone_category": "Residential", "ev_permitted": false}, "geometry": {"type": "Polygon", "coordinates": [[[-73.9702975378815, 40.6793841862505], [-73.9701695237514, 40.6797361706435], [-73.970228121433, 40.6797483868433], [-73.9703560973901, 40.6793965049646], [-73.9702975378815, 40.6793841862505]]]}}, {"type": "Feature", "properties": {"zone_id": "0206G18BDF3V2RA356VZQN", "tract_id": "36047016300", "city": "BROOKLYN, NY", "zone_code": "R6B", "zone_category": "Residential", "ev_permitted": false}, "geometry": {"type": "Polygon", "coordinates": [[[-73.9704140441271, 40.6794086956068], [-73.9702861054167, 40.6797604756731], [-73.9703439223791, 40.6797725292974], [-73.970471823844, 40.6794208510439], [-73.9704140441271, 40.6794086956068]]]}}, {"type": "Feature", "properties": {"zone_id": "020324M1HCLB0YLTN9E0ID", "tract_id": "36047016300", "city": "BROOKLYN, NY", "zone_code": "R6B", "zone_category": "Residential", "ev_permitted": false}, "geometry": {"type": "Polygon", "coordinates": [[[-73.9706569347518, 40.6790836979116], [-73.9705294891451, 40.6794329811268], [-73.9705885987763, 40.6794454165053], [-73.9707148222127, 40.6790958651999], [-73.9706569347518, 40.6790836979116]]]}}, {"type": "Feature", "properties": {"zone_id": "02069ACHWXLPRRRA4NFTF8", "tract_id": "36047016300", "city": "BROOKLYN, NY", "zone_code": "R6B", "zone_category": "Residential", "ev_permitted": false}, "geometry": {"type": "Polygon", "coordinates": [[[-73.9708304892216, 40.6791201757712], [-73.9707034209758, 40.6794695709962], [-73.9707576929218, 40.6794809876013], [-73.9708847646009, 40.6791315831831], [-73.9708304892216, 40.6791201757712]]]}}, {"type": "Feature", "properties": {"zone_id": "02008RXZ845XOJ4DUA0XJ5", "tract_id": "36047016300", "city": "BROOKLYN, NY", "zone_code": "R6B", "zone_category": "Residential", "ev_permitted": false}, "geometry": {"type": "Polygon", "coordinates": [[[-73.9707148222127, 40.6790958651999], [-73.9705885987763, 40.6794454165053], [-73.9706450246894, 40.6794572862284], [-73.9707720904442, 40.6791079016066], [-73.9707148222127, 40.6790958651999]]]}}, {"type": "Feature", "properties": {"zone_id": "0202CK483WKD9U48MZK4U0", "tract_id": "36047016300", "city": "BROOKLYN, NY", "zone_code": "R6B", "zone_category": "Residential", "ev_permitted": false}, "geometry": {"type": "Polygon", "coordinates": [[[-73.9707720904442, 40.6791079016066], [-73.9706450246894, 40.6794572862284], [-73.9707034209758, 40.6794695709962], [-73.9708304892216, 40.6791201757712], [-73.9707720904442, 40.6791079016066]]]}}, {"type": "Feature", "properties": {"zone_id": "0200707V0VA97ECDN7PINL", "tract_id": "36047016300", "city": "BROOKLYN, NY", "zone_code": "R6B", "zone_category": "Residential", "ev_permitted": false}, "geometry": {"type": "Polygon", "coordinates": [[[-73.9709413333514, 40.6791434731748], [-73.9708142591729, 40.6794928874915], [-73.970873864499, 40.6795054261404], [-73.9710009420855, 40.6791560012194], [-73.9709413333514, 40.6791434731748]]]}}, {"type": "Feature", "properties": {"zone_id": "0205H2D6VGBM654NKO9A7E", "tract_id": "36047016300", "city": "BROOKLYN, NY", "zone_code": "R6B", "zone_category": "Residential", "ev_permitted": false}, "geometry": {"type": "Polygon", "coordinates": [[[-73.9708847646009, 40.6791315831831], [-73.9707576929218, 40.6794809876013], [-73.9708142591729, 40.6794928874915], [-73.9709413333514, 40.6791434731748], [-73.9708847646009, 40.6791315831831]]]}}, {"type": "Feature", "properties": {"zone_id": "0203LGTWDNZIRB1M5TTBJ2", "tract_id": "36047016300", "city": "BROOKLYN, NY", "zone_code": "R6B", "zone_category": "Residential", "ev_permitted": false}, "geometry": {"type": "Polygon", "coordinates": [[[-73.9705885987763, 40.6794454165053], [-73.9704607727318, 40.6797968897294], [-73.9705153771869, 40.6798082742112], [-73.9706431687739, 40.6794568957775], [-73.9705885987763, 40.6794454165053]]]}}, {"type": "Feature", "properties": {"zone_id": "02078858LM0IZC0R41DN0M", "tract_id": "36047016300", "city": "BROOKLYN, NY", "zone_code": "R6B", "zone_category": "Residential", "ev_permitted": false}, "geometry": {"type": "Polygon", "coordinates": [[[-73.9701482755406, 40.6799187125034], [-73.9700379219721, 40.6802249313132], [-73.9704380633323, 40.6799793750532], [-73.9701482755406, 40.6799187125034]]]}}, {"type": "Feature", "properties": {"zone_id": "0200E0V9XM9R76V77OM33B", "tract_id": "36047016300", "city": "BROOKLYN, NY", "zone_code": "R6B", "zone_category": "Residential", "ev_permitted": false}, "geometry": {"type": "Polygon", "coordinates": [[[-73.9703611926802, 40.6790215384043], [-73.9702341517349, 40.6793708516141], [-73.9702891322919, 40.679382417588], [-73.9704161766671, 40.6790330951843], [-73.9703611926802, 40.6790215384043]]]}}, {"type": "Feature", "properties": {"zone_id": "0206WWARU1THANLRSF9YFE", "tract_id": "36047016300", "city": "BROOKLYN, NY", "zone_code": "R6B", "zone_category": "Residential", "ev_permitted": false}, "geometry": {"type": "Polygon", "coordinates": [[[-73.9705374859229, 40.6790585921892], [-73.9704104347412, 40.6794079365064], [-73.9704697076781, 40.6794204057157], [-73.9705967622697, 40.6790710507947], [-73.9705374859229, 40.6790585921892]]]}}, {"type": "Feature", "properties": {"zone_id": "0204UNNHZYCVGZF8TGNGIF", "tract_id": "36047016300", "city": "BROOKLYN, NY", "zone_code": "R6B", "zone_category": "Residential", "ev_permitted": false}, "geometry": {"type": "Polygon", "coordinates": [[[-73.9704757270626, 40.6790456115409], [-73.9703486792789, 40.6793949445488], [-73.9704104347412, 40.6794079365064], [-73.9705374859229, 40.6790585921892], [-73.9704757270626, 40.6790456115409]]]}}, {"type": "Feature", "properties": {"zone_id": "0204NP7N3VV0SFHT120G5T", "tract_id": "36047016300", "city": "BROOKLYN, NY", "zone_code": "R6B", "zone_category": "Residential", "ev_permitted": false}, "geometry": {"type": "Polygon", "coordinates": [[[-73.9704161766671, 40.6790330951843], [-73.9702891322919, 40.679382417588], [-73.9703486792789, 40.6793949445488], [-73.9704757270626, 40.6790456115409], [-73.9704161766671, 40.6790330951843]]]}}, {"type": "Feature", "properties": {"zone_id": "0204L5JQN212JP74G4ATDT", "tract_id": "36047016300", "city": "BROOKLYN, NY", "zone_code": "R6B", "zone_category": "Residential", "ev_permitted": false}, "geometry": {"type": "Polygon", "coordinates": [[[-73.9705967622697, 40.6790710507947], [-73.9704697076781, 40.6794204057157], [-73.9705294891451, 40.6794329811268], [-73.9706569347518, 40.6790836979116], [-73.9705967622697, 40.6790710507947]]]}}, {"type": "Feature", "properties": {"zone_id": "0203KLOLKW1AXUJJKONDPM", "tract_id": "36047016300", "city": "BROOKLYN, NY", "zone_code": "R6B", "zone_category": "Residential", "ev_permitted": false}, "geometry": {"type": "Polygon", "coordinates": [[[-73.9696010244257, 40.6792376588098], [-73.969472564239, 40.679590864246], [-73.9698228690784, 40.6796638985917], [-73.969951105762, 40.6793113068363], [-73.9696010244257, 40.6792376588098]]]}}, {"type": "Feature", "properties": {"zone_id": "0201LLRXIRN1XFAA5T4IER", "tract_id": "36047016300", "city": "BROOKLYN, NY", "zone_code": "R6B", "zone_category": "Residential", "ev_permitted": false}, "geometry": {"type": "Polygon", "coordinates": [[[-73.9700067940684, 40.6793230220944], [-73.9698785936965, 40.6796755162508], [-73.969939329593, 40.679688179348], [-73.9700674917788, 40.6793357912166], [-73.9700067940684, 40.6793230220944]]]}}, {"type": "Feature", "properties": {"zone_id": "0202ZAN02US3RI162Y4SK5", "tract_id": "36047016300", "city": "BROOKLYN, NY", "zone_code": "R6B", "zone_category": "Residential", "ev_permitted": false}, "geometry": {"type": "Polygon", "coordinates": [[[-73.9701252861355, 40.6793479496422], [-73.9699971621193, 40.6797002359614], [-73.9700514683246, 40.6797115580488], [-73.9701795578833, 40.6793593672229], [-73.9701252861355, 40.6793479496422]]]}}, {"type": "Feature", "properties": {"zone_id": "0205Q4JP3KP6FLGNQCXW5I", "tract_id": "36047016300", "city": "BROOKLYN, NY", "zone_code": "R6B", "zone_category": "Residential", "ev_permitted": false}, "geometry": {"type": "Polygon", "coordinates": [[[-73.9701795578833, 40.6793593672229], [-73.9700514683246, 40.6797115580488], [-73.9701127903188, 40.6797243427674], [-73.9702408398429, 40.6793722586681], [-73.9701795578833, 40.6793593672229]]]}}, {"type": "Feature", "properties": {"zone_id": "02015U05K814IDFH197HU9", "tract_id": "36047016300", "city": "BROOKLYN, NY", "zone_code": "R6B", "zone_category": "Residential", "ev_permitted": false}, "geometry": {"type": "Polygon", "coordinates": [[[-73.9700674917788, 40.6793357912166], [-73.969939329593, 40.679688179348], [-73.9699971621193, 40.6797002359614], [-73.9701252861355, 40.6793479496422], [-73.9700674917788, 40.6793357912166]]]}}, {"type": "Feature", "properties": {"zone_id": "02048VTD9S1XJLKK77E2ZF", "tract_id": "36047016300", "city": "BROOKLYN, NY", "zone_code": "R6B", "zone_category": "Residential", "ev_permitted": false}, "geometry": {"type": "Polygon", "coordinates": [[[-73.9702408398429, 40.6793722586681], [-73.9701127903188, 40.6797243427674], [-73.9701695237514, 40.6797361706435], [-73.9702975378815, 40.6793841862505], [-73.9702408398429, 40.6793722586681]]]}}, {"type": "Feature", "properties": {"zone_id": "0205OAX0YGR5MO1PURXJYJ", "tract_id": "36047016300", "city": "BROOKLYN, NY", "zone_code": "R6B", "zone_category": "Residential", "ev_permitted": false}, "geometry": {"type": "Polygon", "coordinates": [[[-73.969951105762, 40.6793113068363], [-73.9698228690784, 40.6796638985917], [-73.9698785936965, 40.6796755162508], [-73.9700067940684, 40.6793230220944], [-73.969951105762, 40.6793113068363]]]}}, {"type": "Feature", "properties": {"zone_id": "0203DSD7H5W2FND940ZBU5", "tract_id": "36047016300", "city": "", "zone_code": "R6B", "zone_category": "Residential", "ev_permitted": false}, "geometry": {"type": "Polygon", "coordinates": [[[-73.9700793357909, 40.67896229639], [-73.9699523110403, 40.6793115608121], [-73.9700223833274, 40.6793263019675], [-73.9701494123592, 40.6789770255247], [-73.9700793357909, 40.67896229639]]]}}, {"type": "Feature", "properties": {"zone_id": "0200YRCHHGZGCQ8LI8CH68", "tract_id": "36047016300", "city": "BROOKLYN, NY", "zone_code": "R6B", "zone_category": "Residential", "ev_permitted": false}, "geometry": {"type": "Polygon", "coordinates": [[[-73.9702880880665, 40.6790061727077], [-73.9701610504651, 40.6793554731904], [-73.9702341517349, 40.6793708516141], [-73.9703611926802, 40.6790215384043], [-73.9702880880665, 40.6790061727077]]]}}, {"type": "Feature", "properties": {"zone_id": "0205KSDO8OFJGD675X2FFF", "tract_id": "36047016300", "city": "BROOKLYN, NY", "zone_code": "R6B", "zone_category": "Residential", "ev_permitted": false}, "geometry": {"type": "Polygon", "coordinates": [[[-73.9702169612057, 40.6789912234525], [-73.9700899278808, 40.6793405112106], [-73.9701610504651, 40.6793554731904], [-73.9702880880665, 40.6790061727077], [-73.9702169612057, 40.6789912234525]]]}}, {"type": "Feature", "properties": {"zone_id": "0202ZA66N5JGFYPTAHDO9T", "tract_id": "36047016300", "city": "BROOKLYN, NY", "zone_code": "R6B", "zone_category": "Residential", "ev_permitted": false}, "geometry": {"type": "Polygon", "coordinates": [[[-73.9701494123592, 40.6789770255247], [-73.9700223833274, 40.6793263019675], [-73.9700899278808, 40.6793405112106], [-73.9702169612057, 40.6789912234525], [-73.9701494123592, 40.6789770255247]]]}}, {"type": "Feature", "properties": {"zone_id": "020714BG32R5DJFOAPJMUD", "tract_id": "36047016300", "city": "BROOKLYN, NY", "zone_code": "R6B", "zone_category": "Residential", "ev_permitted": false}, "geometry": {"type": "Polygon", "coordinates": [[[-73.9700071827894, 40.6789471303183], [-73.9698801623103, 40.6792963820146], [-73.9699523110403, 40.6793115608121], [-73.9700793357909, 40.67896229639], [-73.9700071827894, 40.6789471303183]]]}}, {"type": "Feature", "properties": {"zone_id": "020294VG2X0IW8LBB9L781", "tract_id": "36047016300", "city": "BROOKLYN, NY", "zone_code": "R6B", "zone_category": "Residential", "ev_permitted": false}, "geometry": {"type": "Polygon", "coordinates": [[[-73.9699428142512, 40.6789336013297], [-73.9698157990037, 40.6792828417144], [-73.9698801623103, 40.6792963820146], [-73.9700071827894, 40.6789471303183], [-73.9699428142512, 40.6789336013297]]]}}, {"type": "Feature", "properties": {"zone_id": "0206LN04TG9LPRAR3WR3WG", "tract_id": "36047016300", "city": "BROOKLYN, NY", "zone_code": "R6B", "zone_category": "Residential", "ev_permitted": false}, "geometry": {"type": "Polygon", "coordinates": [[[-73.9697537915779, 40.6788938710635], [-73.9696267865067, 40.679243078219], [-73.9697229059152, 40.6792632994645], [-73.9698499179128, 40.6789140753418], [-73.9697537915779, 40.6788938710635]]]}}, {"type": "Feature", "properties": {"zone_id": "0200J5NTPZEG73B7XSM7UN", "tract_id": "36047016300", "city": "BROOKLYN, NY", "zone_code": "R6B", "zone_category": "Residential", "ev_permitted": false}, "geometry": {"type": "Polygon", "coordinates": [[[-73.9698499179128, 40.6789140753418], [-73.9697229059152, 40.6792632994645], [-73.9698157990037, 40.6792828417144], [-73.9699428142512, 40.6789336013297], [-73.9698499179128, 40.6789140753418]]]}}, {"type": "Feature", "properties": {"zone_id": "0206QXGRIHS4QVM38GIWMW", "tract_id": "36047016300", "city": "BROOKLYN, NY", "zone_code": "R6B", "zone_category": "Residential", "ev_permitted": false}, "geometry": {"type": "Polygon", "coordinates": [[[-73.970668520483, 40.678519694389], [-73.9705418110618, 40.6788681367428], [-73.9706081149386, 40.6788820411123], [-73.970734829583, 40.6785335860397], [-73.970668520483, 40.678519694389]]]}}, {"type": "Feature", "properties": {"zone_id": "0200GX6A2OTQZCX6TDGP5O", "tract_id": "36047016300", "city": "BROOKLYN, NY", "zone_code": "R6B", "zone_category": "Residential", "ev_permitted": false}, "geometry": {"type": "Polygon", "coordinates": [[[-73.9708066242506, 40.6785486271938], [-73.9706799053312, 40.6788970978023], [-73.970745633391, 40.6789108824932], [-73.9708723566139, 40.6785623984635], [-73.9708066242506, 40.6785486271938]]]}}, {"type": "Feature", "properties": {"zone_id": "0202CSBZPCKD00JXFIPUY6", "tract_id": "36047016300", "city": "BROOKLYN, NY", "zone_code": "R6B", "zone_category": "Residential", "ev_permitted": false}, "geometry": {"type": "Polygon", "coordinates": [[[-73.970734829583, 40.6785335860397], [-73.9706081149386, 40.6788820411123], [-73.9706799053312, 40.6788970978023], [-73.9708066242506, 40.6785486271938], [-73.970734829583, 40.6785335860397]]]}}, {"type": "Feature", "properties": {"zone_id": "0200I85ROVD6Q1OA2BBIBJ", "tract_id": "36047016300", "city": "BROOKLYN, NY", "zone_code": "R6B", "zone_category": "Residential", "ev_permitted": false}, "geometry": {"type": "Polygon", "coordinates": [[[-73.9708723566139, 40.6785623984635], [-73.970745633391, 40.6789108824932], [-73.9708219256319, 40.6789268825089], [-73.9709194212871, 40.6786587755565], [-73.9710514104962, 40.6786864276763], [-73.9710806440161, 40.6786060350254], [-73.9708723566139, 40.6785623984635]]]}}, {"type": "Feature", "properties": {"zone_id": "020569X1EGOUQYCIAFYAWB", "tract_id": "36047016300", "city": "BROOKLYN, NY", "zone_code": "R6B", "zone_category": "Residential", "ev_permitted": false}, "geometry": {"type": "Polygon", "coordinates": [[[-73.9709194212871, 40.6786587755565], [-73.9708219256319, 40.6789268825089], [-73.9708886412277, 40.6789408739511], [-73.9709861421789, 40.6786727528909], [-73.9709194212871, 40.6786587755565]]]}}, {"type": "Feature", "properties": {"zone_id": "0201N6RG4P4P1FZ7D3MOHT", "tract_id": "36047016300", "city": "", "zone_code": "R6B", "zone_category": "Residential", "ev_permitted": false}, "geometry": {"type": "Polygon", "coordinates": [[[-73.9703895520873, 40.6784612485778], [-73.9702628607271, 40.6788096337162], [-73.9703282360773, 40.6788233447751], [-73.9704549308197, 40.6784749462156], [-73.9703895520873, 40.6784612485778]]]}}, {"type": "Feature", "properties": {"zone_id": "0201MLWAQ3W5O6SGZHYCLT", "tract_id": "36047016300", "city": "BROOKLYN, NY", "zone_code": "R6B", "zone_category": "Residential", "ev_permitted": false}, "geometry": {"type": "Polygon", "coordinates": [[[-73.9705020114396, 40.678571326998], [-73.9704045456526, 40.6788393485855], [-73.9704677476944, 40.678852603681], [-73.9705652178671, 40.6785845693937], [-73.9705020114396, 40.678571326998]]]}}, {"type": "Feature", "properties": {"zone_id": "0207GJRJ4XQ5Z9PGTMI7BZ", "tract_id": "36047016300", "city": "BROOKLYN, NY", "zone_code": "R6B", "zone_category": "Residential", "ev_permitted": false}, "geometry": {"type": "Polygon", "coordinates": [[[-73.9704279254879, 40.6785492099602], [-73.9703282360773, 40.6788233447751], [-73.9704045456526, 40.6788393485855], [-73.9705042347728, 40.6785652151104], [-73.9704279254879, 40.6785492099602]]]}}, {"type": "Feature", "properties": {"zone_id": "0200RE7X72QTLLKYXH5ECS", "tract_id": "36047016300", "city": "BROOKLYN, NY", "zone_code": "R6B", "zone_category": "Residential", "ev_permitted": false}, "geometry": {"type": "Polygon", "coordinates": [[[-73.9705652178671, 40.6785845693937], [-73.9704677476944, 40.678852603681], [-73.9705418110618, 40.6788681367428], [-73.970639287427, 40.6786000869364], [-73.9705652178671, 40.6785845693937]]]}}, {"type": "Feature", "properties": {"zone_id": "0204XVQ762VPDL5ZUE8QWD", "tract_id": "36047016300", "city": "BROOKLYN, NY", "zone_code": "R6B", "zone_category": "Residential", "ev_permitted": false}, "geometry": {"type": "Polygon", "coordinates": [[[-73.9703156599302, 40.6784457681609], [-73.970188974681, 40.6787941377617], [-73.9702628607271, 40.6788096337162], [-73.9703895520873, 40.6784612485778], [-73.9703156599302, 40.6784457681609]]]}}, {"type": "Feature", "properties": {"zone_id": "02067HFLJZ5JPI3I4Y2TES", "tract_id": "36047016300", "city": "BROOKLYN, NY", "zone_code": "R6B", "zone_category": "Residential", "ev_permitted": false}, "geometry": {"type": "Polygon", "coordinates": [[[-73.9696628952119, 40.6788747649394], [-73.969535894323, 40.6792239565381], [-73.9696267865067, 40.679243078219], [-73.9697537915779, 40.6788938710635], [-73.9696628952119, 40.6788747649394]]]}}, {"type": "Feature", "properties": {"zone_id": "0207BZT25G7KZ9122TNTDQ", "tract_id": "36047016300", "city": "BROOKLYN, NY", "zone_code": "R6B", "zone_category": "Residential", "ev_permitted": false}, "geometry": {"type": "Polygon", "coordinates": [[[-73.9700851963897, 40.6784915642022], [-73.9699903146799, 40.6787524737679], [-73.9700586578711, 40.6787668069073], [-73.9701535448779, 40.678505883234], [-73.9700851963897, 40.6784915642022]]]}}, {"type": "Feature", "properties": {"zone_id": "0200XK5CAJ319AS3M73U4A", "tract_id": "36047016300", "city": "BROOKLYN, NY", "zone_code": "R6B", "zone_category": "Residential", "ev_permitted": false}, "geometry": {"type": "Polygon", "coordinates": [[[-73.9699433269393, 40.678480040812], [-73.9698546038593, 40.6787240113947], [-73.9699212184563, 40.6787379822919], [-73.9700099413122, 40.6784940095504], [-73.9699433269393, 40.678480040812]]]}}, {"type": "Feature", "properties": {"zone_id": "0204VJXS7SVESNLF2QFSFQ", "tract_id": "36047016300", "city": "BROOKLYN, NY", "zone_code": "R6B", "zone_category": "Residential", "ev_permitted": false}, "geometry": {"type": "Polygon", "coordinates": [[[-73.9700160957946, 40.6784770868348], [-73.9699212184563, 40.6787379822919], [-73.9699903146799, 40.6787524737679], [-73.9700851963897, 40.6784915642022], [-73.9700160957946, 40.6784770868348]]]}}, {"type": "Feature", "properties": {"zone_id": "0206OJ3ESO36P4XWCOEZZ0", "tract_id": "36047016300", "city": "BROOKLYN, NY", "zone_code": "R6B", "zone_category": "Residential", "ev_permitted": false}, "geometry": {"type": "Polygon", "coordinates": [[[-73.9702533359444, 40.6784327106561], [-73.9701266550146, 40.6787810682449], [-73.970188974681, 40.6787941377617], [-73.9703156599302, 40.6784457681609], [-73.9702533359444, 40.6784327106561]]]}}, {"type": "Feature", "properties": {"zone_id": "020628HP674YU0EDJ560AQ", "tract_id": "36047016300", "city": "", "zone_code": "R6B", "zone_category": "Residential", "ev_permitted": false}, "geometry": {"type": "Polygon", "coordinates": [[[-73.9701853345077, 40.6784184641477], [-73.9700586578711, 40.6787668069073], [-73.9701266550146, 40.6787810682449], [-73.9702533359444, 40.6784327106561], [-73.9701853345077, 40.6784184641477]]]}}, {"type": "Feature", "properties": {"zone_id": "0205JKU7UFXY9DTZ9T27K9", "tract_id": "36047016300", "city": "BROOKLYN, NY", "zone_code": "R6B", "zone_category": "Residential", "ev_permitted": false}, "geometry": {"type": "Polygon", "coordinates": [[[-73.9698807398914, 40.6784487264698], [-73.9697857134946, 40.6787095627536], [-73.9698546038593, 40.6787240113947], [-73.9699494768175, 40.6784631293413], [-73.9698807398914, 40.6784487264698]]]}}, {"type": "Feature", "properties": {"zone_id": "020190Y75K6YNW4Z010DCJ", "tract_id": "36047016300", "city": "BROOKLYN, NY", "zone_code": "R7A", "zone_category": "Residential", "ev_permitted": false}, "geometry": {"type": "Polygon", "coordinates": [[[-73.9688884560626, 40.6790877486262], [-73.9688395454506, 40.6792222249086], [-73.9694000697768, 40.6793390903189], [-73.969320061894, 40.6795590696847], [-73.969472564239, 40.679590864246], [-73.9696010244257, 40.6792376588098], [-73.9688884560626, 40.6790877486262]]]}}, {"type": "Feature", "properties": {"zone_id": "0206XRB6I2WCWH16ERKMST", "tract_id": "36047016300", "city": "BROOKLYN, NY", "zone_code": "R6B", "zone_category": "Residential", "ev_permitted": false}, "geometry": {"type": "Polygon", "coordinates": [[[-73.9692660615671, 40.6793111504871], [-73.9691860532758, 40.6795311297604], [-73.9692521942168, 40.6795449196299], [-73.9693322023062, 40.6793249410136], [-73.9692660615671, 40.6793111504871]]]}}, {"type": "Feature", "properties": {"zone_id": "0203JNDNUMAK3EAS7SZZJ8", "tract_id": "36047016300", "city": "BROOKLYN, NY", "zone_code": "R6B", "zone_category": "Residential", "ev_permitted": false}, "geometry": {"type": "Polygon", "coordinates": [[[-73.9693322023062, 40.6793249410136], [-73.9692521942168, 40.6795449196299], [-73.969320061894, 40.6795590696847], [-73.9694000697768, 40.6793390903189], [-73.9693322023062, 40.6793249410136]]]}}, {"type": "Feature", "properties": {"zone_id": "02040GPHY0GKUFV58NDA1G", "tract_id": "36047016300", "city": "BROOKLYN, NY", "zone_code": "R6B", "zone_category": "Residential", "ev_permitted": false}, "geometry": {"type": "Polygon", "coordinates": [[[-73.9691903709315, 40.6792953695349], [-73.9691103624095, 40.679515348756], [-73.9691860532758, 40.6795311297604], [-73.9692660615671, 40.6793111504871], [-73.9691903709315, 40.6792953695349]]]}}, {"type": "Feature", "properties": {"zone_id": "02044SM6PNEIKD818MN2D0", "tract_id": "36047016300", "city": "BROOKLYN, NY", "zone_code": "R6B", "zone_category": "Residential", "ev_permitted": false}, "geometry": {"type": "Polygon", "coordinates": [[[-73.9690612089164, 40.6792684404872], [-73.9689812000006, 40.6794884196192], [-73.9690464964231, 40.6795020330112], [-73.9691265051395, 40.6792820545368], [-73.9690612089164, 40.6792684404872]]]}}, {"type": "Feature", "properties": {"zone_id": "02076UBJQTS747UXPDR86X", "tract_id": "36047016300", "city": "BROOKLYN, NY", "zone_code": "R6B", "zone_category": "Residential", "ev_permitted": false}, "geometry": {"type": "Polygon", "coordinates": [[[-73.9689861292763, 40.6792528830114], [-73.9689061533999, 40.6794727728625], [-73.9689812000006, 40.6794884196192], [-73.9690612089164, 40.6792684404872], [-73.9689861292763, 40.6792528830114]]]}}, {"type": "Feature", "properties": {"zone_id": "0205AJJ0FDAY0U0BVELQB2", "tract_id": "36047016300", "city": "BROOKLYN, NY", "zone_code": "R6B", "zone_category": "Residential", "ev_permitted": false}, "geometry": {"type": "Polygon", "coordinates": [[[-73.9689134206258, 40.6792376275691], [-73.9688334112594, 40.6794576065992], [-73.9689061533999, 40.6794727728625], [-73.9689861292763, 40.6792528830114], [-73.9689134206258, 40.6792376275691]]]}}, {"type": "Feature", "properties": {"zone_id": "0201URSFZ6U0A3NXBW4S0L", "tract_id": "36047016300", "city": "", "zone_code": "R6B", "zone_category": "Residential", "ev_permitted": false}, "geometry": {"type": "Polygon", "coordinates": [[[-73.9691265051395, 40.6792820545368], [-73.9690464964231, 40.6795020330112], [-73.9691103624095, 40.679515348756], [-73.9691903709315, 40.6792953695349], [-73.9691265051395, 40.6792820545368]]]}}, {"type": "Feature", "properties": {"zone_id": "0207O1YN9REY7XMT7MFKTS", "tract_id": "36047016300", "city": "BROOKLYN, NY", "zone_code": "R6B", "zone_category": "Residential", "ev_permitted": false}, "geometry": {"type": "Polygon", "coordinates": [[[-73.9688395454506, 40.6792222249086], [-73.968759536782, 40.679442203888], [-73.9688334112594, 40.6794576065992], [-73.9689134206258, 40.6792376275691], [-73.9688395454506, 40.6792222249086]]]}}, {"type": "Feature", "properties": {"zone_id": "0204SUUDO6YUMSJRABXAC2", "tract_id": "36047016300", "city": "BROOKLYN, NY", "zone_code": "R7A", "zone_category": "Residential", "ev_permitted": false}, "geometry": {"type": "Polygon", "coordinates": [[[-73.9686466914829, 40.6792019365545], [-73.9685734165885, 40.6794033978792], [-73.9686331165221, 40.6794158456663], [-73.9687063912502, 40.6792143836011], [-73.9686466914829, 40.6792019365545]]]}}, {"type": "Feature", "properties": {"zone_id": "020179GUWT3XHBI8AMK7LD", "tract_id": "36047016300", "city": "BROOKLYN, NY", "zone_code": "R7A", "zone_category": "Residential", "ev_permitted": false}, "geometry": {"type": "Polygon", "coordinates": [[[-73.9685140556996, 40.6791185997488], [-73.9684952304987, 40.6791703568991], [-73.9688328111571, 40.679240741743], [-73.9688516351928, 40.6791889845377], [-73.9685140556996, 40.6791185997488]]]}}, {"type": "Feature", "properties": {"zone_id": "02079OMDG6J4A9LSD9ZP5N", "tract_id": "36047016300", "city": "BROOKLYN, NY", "zone_code": "R7A", "zone_category": "Residential", "ev_permitted": false}, "geometry": {"type": "Polygon", "coordinates": [[[-73.9687730273612, 40.6792282771726], [-73.9686997528192, 40.6794297392799], [-73.968759536782, 40.679442203888], [-73.9688328111571, 40.679240741743], [-73.9687730273612, 40.6792282771726]]]}}, {"type": "Feature", "properties": {"zone_id": "0205UHKO213Q0XFJ5WVKIC", "tract_id": "36047016300", "city": "BROOKLYN, NY", "zone_code": "R7A", "zone_category": "Residential", "ev_permitted": false}, "geometry": {"type": "Polygon", "coordinates": [[[-73.9685315260525, 40.6790705649282], [-73.9685140556996, 40.6791185997488], [-73.9688516351928, 40.6791889845377], [-73.968869106244, 40.6791409496665], [-73.9685315260525, 40.6790705649282]]]}}, {"type": "Feature", "properties": {"zone_id": "020405KGCDB6N0FCZGROZQ", "tract_id": "36047016300", "city": "BROOKLYN, NY", "zone_code": "R7A", "zone_category": "Residential", "ev_permitted": false}, "geometry": {"type": "Polygon", "coordinates": [[[-73.9685510914489, 40.6790167723617], [-73.9685315260525, 40.6790705649282], [-73.968869106244, 40.6791409496665], [-73.9688884560626, 40.6790877486262], [-73.9685510914489, 40.6790167723617]]]}}, {"type": "Feature", "properties": {"zone_id": "0205S1O5YWW0SMNQDE9BNZ", "tract_id": "36047016300", "city": "BROOKLYN, NY", "zone_code": "R7A", "zone_category": "Residential", "ev_permitted": false}, "geometry": {"type": "Polygon", "coordinates": [[[-73.9687063912502, 40.6792143836011], [-73.9686331165221, 40.6794158456663], [-73.9686997528192, 40.6794297392799], [-73.9687730273612, 40.6792282771726], [-73.9687063912502, 40.6792143836011]]]}}, {"type": "Feature", "properties": {"zone_id": "0206201A2MKMYF0D9O2JV6", "tract_id": "36047016300", "city": "BROOKLYN, NY", "zone_code": "R7A", "zone_category": "Residential", "ev_permitted": false}, "geometry": {"type": "Polygon", "coordinates": [[[-73.968576638949, 40.6791873301801], [-73.9685033638587, 40.6793887921633], [-73.9685734165885, 40.6794033978792], [-73.9686466914829, 40.6792019365545], [-73.968576638949, 40.6791873301801]]]}}, {"type": "Feature", "properties": {"zone_id": "0204I4XJLSFBM7LV6HDHE4", "tract_id": "36047016300", "city": "BROOKLYN, NY", "zone_code": "R7A", "zone_category": "Residential", "ev_permitted": false}, "geometry": {"type": "Polygon", "coordinates": [[[-73.9684952304987, 40.6791703568991], [-73.9684219551812, 40.6793718188308], [-73.9685033638587, 40.6793887921633], [-73.968576638949, 40.6791873301801], [-73.9684952304987, 40.6791703568991]]]}}, {"type": "Feature", "properties": {"zone_id": "02078NQVTQTJSOGKUSKNL1", "tract_id": "36047016300", "city": "BROOKLYN, NY", "zone_code": "R6B", "zone_category": "Residential", "ev_permitted": false}, "geometry": {"type": "Polygon", "coordinates": [[[-73.9693815471414, 40.6788156281532], [-73.9692545624507, 40.6791647709649], [-73.9693386824216, 40.6791824674705], [-73.9694656704042, 40.6788333098118], [-73.9693815471414, 40.6788156281532]]]}}, {"type": "Feature", "properties": {"zone_id": "0205IXFNCHGYBKVZ91EOD0", "tract_id": "36047016300", "city": "BROOKLYN, NY", "zone_code": "R6B", "zone_category": "Residential", "ev_permitted": false}, "geometry": {"type": "Polygon", "coordinates": [[[-73.9694656704042, 40.6788333098118], [-73.9693386824216, 40.6791824674705], [-73.9694298873466, 40.6792016554407], [-73.9695568813559, 40.6788524822253], [-73.9694656704042, 40.6788333098118]]]}}, {"type": "Feature", "properties": {"zone_id": "0204JH2B9RSY73ZAH1JKA5", "tract_id": "36047016300", "city": "BROOKLYN, NY", "zone_code": "R6B", "zone_category": "Residential", "ev_permitted": false}, "geometry": {"type": "Polygon", "coordinates": [[[-73.9695568813559, 40.6788524822253], [-73.9694298873466, 40.6792016554407], [-73.969535894323, 40.6792239565381], [-73.9696628952119, 40.6788747649394], [-73.9695568813559, 40.6788524822253]]]}}, {"type": "Feature", "properties": {"zone_id": "0200HPM9W3W1KX5N4O8EV4", "tract_id": "36047016300", "city": "BROOKLYN, NY", "zone_code": "R6B", "zone_category": "Residential", "ev_permitted": false}, "geometry": {"type": "Polygon", "coordinates": [[[-73.9692946645454, 40.6787973660005], [-73.9691676849795, 40.67914649326], [-73.9692545624507, 40.6791647709649], [-73.9693815471414, 40.6788156281532], [-73.9692946645454, 40.6787973660005]]]}}, {"type": "Feature", "properties": {"zone_id": "0206EJPU0203YYUBJCXMBX", "tract_id": "36047016300", "city": "BROOKLYN, NY", "zone_code": "R6B", "zone_category": "Residential", "ev_permitted": false}, "geometry": {"type": "Polygon", "coordinates": [[[-73.9691193952215, 40.6787605248966], [-73.9689924258978, 40.6791096217527], [-73.9691676849795, 40.67914649326], [-73.9692946645454, 40.6787973660005], [-73.9691193952215, 40.6787605248966]]]}}, {"type": "Feature", "properties": {"zone_id": "020301UXH7QPQV893CHAR8", "tract_id": "36047016300", "city": "BROOKLYN, NY", "zone_code": "R6B", "zone_category": "Residential", "ev_permitted": false}, "geometry": {"type": "Polygon", "coordinates": [[[-73.969032512769, 40.6787422625458], [-73.9689055485699, 40.6790913445525], [-73.9689924258978, 40.6791096217527], [-73.9691193952215, 40.6787605248966], [-73.969032512769, 40.6787422625458]]]}}, {"type": "Feature", "properties": {"zone_id": "0204LBZJ5J4UXLJFAA8Y58", "tract_id": "36047016300", "city": "BROOKLYN, NY", "zone_code": "R6B", "zone_category": "Residential", "ev_permitted": false}, "geometry": {"type": "Polygon", "coordinates": [[[-73.9689630070257, 40.6787276530396], [-73.9689367152195, 40.6787999421444], [-73.9690062607702, 40.6788144427644], [-73.969032512769, 40.6787422625458], [-73.9689630070257, 40.6787276530396]]]}}, {"type": "Feature", "properties": {"zone_id": "0204VU56FGYVYO5M3LA72K", "tract_id": "36047016300", "city": "BROOKLYN, NY", "zone_code": "R6B", "zone_category": "Residential", "ev_permitted": false}, "geometry": {"type": "Polygon", "coordinates": [[[-73.9685681236958, 40.6789699452913], [-73.9685510914489, 40.6790167723617], [-73.9689055485699, 40.6790913445525], [-73.9689228070024, 40.6790438956352], [-73.9685681236958, 40.6789699452913]]]}}, {"type": "Feature", "properties": {"zone_id": "0201HJA5PYEMV5HW81TXIT", "tract_id": "36047016300", "city": "BROOKLYN, NY", "zone_code": "R7A", "zone_category": "Residential", "ev_permitted": false}, "geometry": {"type": "Polygon", "coordinates": [[[-73.968605047457, 40.6788684256204], [-73.9685874681601, 40.6789167590549], [-73.9689421512053, 40.6789907093398], [-73.9689597293414, 40.6789423765539], [-73.968605047457, 40.6788684256204]]]}}, {"type": "Feature", "properties": {"zone_id": "0200M0YQLOO4GW34QQXBT9", "tract_id": "36047016300", "city": "BROOKLYN, NY", "zone_code": "R7A", "zone_category": "Residential", "ev_permitted": false}, "geometry": {"type": "Polygon", "coordinates": [[[-73.9686242227419, 40.678815705196], [-73.968605047457, 40.6788684256204], [-73.9689597293414, 40.6789423765539], [-73.9689789043674, 40.6788896553682], [-73.9686242227419, 40.678815705196]]]}}, {"type": "Feature", "properties": {"zone_id": "0202W6DQWLZXW90MCTTE5Q", "tract_id": "36047016300", "city": "BROOKLYN, NY", "zone_code": "R6B", "zone_category": "Residential", "ev_permitted": false}, "geometry": {"type": "Polygon", "coordinates": [[[-73.9685874681601, 40.6789167590549], [-73.9685681236958, 40.6789699452913], [-73.9689228070024, 40.6790438956352], [-73.9689421512053, 40.6789907093398], [-73.9685874681601, 40.6789167590549]]]}}, {"type": "Feature", "properties": {"zone_id": "0203YK1C5EAC1XX4K0BBCW", "tract_id": "36047016300", "city": "BROOKLYN, NY", "zone_code": "R6B", "zone_category": "Residential", "ev_permitted": false}, "geometry": {"type": "Polygon", "coordinates": [[[-73.9686515785921, 40.6787404912703], [-73.9686242227419, 40.678815705196], [-73.9689789043674, 40.6788896553682], [-73.9690062607702, 40.6788144427644], [-73.9686515785921, 40.6787404912703]]]}}, {"type": "Feature", "properties": {"zone_id": "0206PF3MWRN8L31XQ9R586", "tract_id": "36047016300", "city": "BROOKLYN, NY", "zone_code": "R7A", "zone_category": "Residential", "ev_permitted": false}, "geometry": {"type": "Polygon", "coordinates": [[[-73.9686780351817, 40.6786677518686], [-73.9686515785921, 40.6787404912703], [-73.9689367152195, 40.6787999421444], [-73.9689630070257, 40.6787276530396], [-73.9686780351817, 40.6786677518686]]]}}, {"type": "Feature", "properties": {"zone_id": "0206K42MT0F3WF1VTZ3XQL", "tract_id": "36047016300", "city": "BROOKLYN, NY", "zone_code": "R6B", "zone_category": "Residential", "ev_permitted": false}, "geometry": {"type": "Polygon", "coordinates": [[[-73.970655733409, 40.6781347981133], [-73.9705265832393, 40.6784899579964], [-73.9704549308197, 40.6784749462156], [-73.9704279254879, 40.6785492099602], [-73.9705042347728, 40.6785652151104], [-73.9705020114396, 40.678571326998], [-73.9705652178671, 40.6785845693937], [-73.9707236017643, 40.6781490169066], [-73.970655733409, 40.6781347981133]]]}}, {"type": "Feature", "properties": {"zone_id": "0203NNRPIU0J33CSP9DNSO", "tract_id": "36047016300", "city": "BROOKLYN, NY", "zone_code": "R6B", "zone_category": "Residential", "ev_permitted": false}, "geometry": {"type": "Polygon", "coordinates": [[[-73.9707236017643, 40.6781490169066], [-73.9705652178671, 40.6785845693937], [-73.970639287427, 40.6786000869364], [-73.9707976699537, 40.6781645357533], [-73.9707236017643, 40.6781490169066]]]}}, {"type": "Feature", "properties": {"zone_id": "0201B2HLTG4GDZZYMBO3VO", "tract_id": "36047016300", "city": "BROOKLYN, NY", "zone_code": "R6B", "zone_category": "Residential", "ev_permitted": false}, "geometry": {"type": "Polygon", "coordinates": [[[-73.9708639787279, 40.6781784266274], [-73.970734829583, 40.6785335860397], [-73.9708066242506, 40.6785486271938], [-73.9709357739652, 40.6781934677018], [-73.9708639787279, 40.6781784266274]]]}}, {"type": "Feature", "properties": {"zone_id": "0203V9VXQ6ROISHHAEQJ0R", "tract_id": "36047016300", "city": "BROOKLYN, NY", "zone_code": "R6B", "zone_category": "Residential", "ev_permitted": false}, "geometry": {"type": "Polygon", "coordinates": [[[-73.9707976699537, 40.6781645357533], [-73.970668520483, 40.678519694389], [-73.970734829583, 40.6785335860397], [-73.9708639787279, 40.6781784266274], [-73.9707976699537, 40.6781645357533]]]}}, {"type": "Feature", "properties": {"zone_id": "0202PWX0CCR4R7P657VSLH", "tract_id": "36047016300", "city": "", "zone_code": "R6B", "zone_category": "Residential", "ev_permitted": false}, "geometry": {"type": "Polygon", "coordinates": [[[-73.9709357739652, 40.6781934677018], [-73.9708066242506, 40.6785486271938], [-73.9708723566139, 40.6785623984635], [-73.9710015050821, 40.6782072388981], [-73.9709357739652, 40.6781934677018]]]}}, {"type": "Feature", "properties": {"zone_id": "02063ISKK54216M8WZILEZ", "tract_id": "36047016300", "city": "BROOKLYN, NY", "zone_code": "R6B", "zone_category": "Residential", "ev_permitted": false}, "geometry": {"type": "Polygon", "coordinates": [[[-73.9705840813416, 40.678119787115], [-73.9704549308197, 40.6784749462156], [-73.9705265832393, 40.6784899579964], [-73.970655733409, 40.6781347981133], [-73.9705840813416, 40.678119787115]]]}}, {"type": "Feature", "properties": {"zone_id": "02013DTIYSFDXU8FZFGJND", "tract_id": "36047016300", "city": "BROOKLYN, NY", "zone_code": "R6B", "zone_category": "Residential", "ev_permitted": false}, "geometry": {"type": "Polygon", "coordinates": [[[-73.9704448111373, 40.6780906092154], [-73.9703156599302, 40.6784457681609], [-73.9703895520873, 40.6784612485778], [-73.9705187020079, 40.6781060895497], [-73.9704448111373, 40.6780906092154]]]}}, {"type": "Feature", "properties": {"zone_id": "020658P0CYMV3J9E32KEGB", "tract_id": "36047016300", "city": "BROOKLYN, NY", "zone_code": "R6B", "zone_category": "Residential", "ev_permitted": false}, "geometry": {"type": "Polygon", "coordinates": [[[-73.970376264597, 40.6780762481451], [-73.9702471130527, 40.6784314070143], [-73.9703156599302, 40.6784457681609], [-73.9704448111373, 40.6780906092154], [-73.970376264597, 40.6780762481451]]]}}, {"type": "Feature", "properties": {"zone_id": "0204Q6BV1E7S1AUNL0QYL3", "tract_id": "36047016300", "city": "BROOKLYN, NY", "zone_code": "R6B", "zone_category": "Residential", "ev_permitted": false}, "geometry": {"type": "Polygon", "coordinates": [[[-73.9703084554531, 40.6780620411072], [-73.9701793035749, 40.6784172006036], [-73.9702471130527, 40.6784314070143], [-73.970376264597, 40.6780762481451], [-73.9703084554531, 40.6780620411072]]]}}, {"type": "Feature", "properties": {"zone_id": "0203B2UL8DNSM0DC8ESQCI", "tract_id": "36047016300", "city": "BROOKLYN, NY", "zone_code": "R6B", "zone_category": "Residential", "ev_permitted": false}, "geometry": {"type": "Polygon", "coordinates": [[[-73.9705187020079, 40.6781060895497], [-73.9703895520873, 40.6784612485778], [-73.9704549308197, 40.6784749462156], [-73.9705840813416, 40.678119787115], [-73.9705187020079, 40.6781060895497]]]}}, {"type": "Feature", "properties": {"zone_id": "0201Q2POQUFQMN869YT8SW", "tract_id": "36047016300", "city": "BROOKLYN, NY", "zone_code": "R6B", "zone_category": "Residential", "ev_permitted": false}, "geometry": {"type": "Polygon", "coordinates": [[[-73.9700963007, 40.6780175926722], [-73.969967147778, 40.6783727519323], [-73.9699123711184, 40.6783612750943], [-73.9698807398914, 40.6784487264698], [-73.9699494768175, 40.6784631293413], [-73.9699433269393, 40.678480040812], [-73.9700099413122, 40.6784940095504], [-73.9700160957946, 40.6784770868348], [-73.9701535448779, 40.678505883234], [-73.9701853345077, 40.6784184641477], [-73.97004069093, 40.6783881594055], [-73.9701698434899, 40.6780330007661], [-73.9700963007, 40.6780175926722]]]}}, {"type": "Feature", "properties": {"zone_id": "0200DA8O9YQUZ8HAOZ6I3W", "tract_id": "36047016300", "city": "BROOKLYN, NY", "zone_code": "R6B", "zone_category": "Residential", "ev_permitted": false}, "geometry": {"type": "Polygon", "coordinates": [[[-73.9697754512386, 40.6783325888634], [-73.9696488021965, 40.6786808482691], [-73.9697109832452, 40.6786938891994], [-73.9698376356849, 40.6783456170788], [-73.9697754512386, 40.6783325888634]]]}}, {"type": "Feature", "properties": {"zone_id": "02072GVQ5TLA66T75IG1CW", "tract_id": "36047016300", "city": "BROOKLYN, NY", "zone_code": "R6B", "zone_category": "Residential", "ev_permitted": false}, "geometry": {"type": "Polygon", "coordinates": [[[-73.9696420669662, 40.6783046433055], [-73.9695154283687, 40.6786528751648], [-73.9695831705683, 40.6786670833538], [-73.9697098143831, 40.6783188373688], [-73.9696420669662, 40.6783046433055]]]}}, {"type": "Feature", "properties": {"zone_id": "0200YAUCUXVIE6WYIJOW0Z", "tract_id": "36047016300", "city": "BROOKLYN, NY", "zone_code": "R6B", "zone_category": "Residential", "ev_permitted": false}, "geometry": {"type": "Polygon", "coordinates": [[[-73.9697098143831, 40.6783188373688], [-73.9695831705683, 40.6786670833538], [-73.9696488021965, 40.6786808482691], [-73.9697754512386, 40.6783325888634], [-73.9697098143831, 40.6783188373688]]]}}, {"type": "Feature", "properties": {"zone_id": "02063YMFXMU05XKGITT9P7", "tract_id": "36047016300", "city": "", "zone_code": "R6B", "zone_category": "Residential", "ev_permitted": false}, "geometry": {"type": "Polygon", "coordinates": [[[-73.9698376356849, 40.6783456170788], [-73.9697109832452, 40.6786938891994], [-73.9697857134946, 40.6787095627536], [-73.9699123711184, 40.6783612750943], [-73.9698376356849, 40.6783456170788]]]}}, {"type": "Feature", "properties": {"zone_id": "0207NOTLIKJPS9NRHJ9D67", "tract_id": "36047016300", "city": "BROOKLYN, NY", "zone_code": "R6B", "zone_category": "Residential", "ev_permitted": false}, "geometry": {"type": "Polygon", "coordinates": [[[-73.9702330216558, 40.6780462370139], [-73.9701038694064, 40.6784013964263], [-73.9701793035749, 40.6784172006036], [-73.9703084554531, 40.6780620411072], [-73.9702330216558, 40.6780462370139]]]}}, {"type": "Feature", "properties": {"zone_id": "0206N2LTFY1AOMGODQ2Q57", "tract_id": "36047016300", "city": "BROOKLYN, NY", "zone_code": "R6B", "zone_category": "Residential", "ev_permitted": false}, "geometry": {"type": "Polygon", "coordinates": [[[-73.9699604565782, 40.6779891324942], [-73.9698313039112, 40.6783442909007], [-73.9699010494111, 40.6783589034591], [-73.970030202658, 40.6780037449752], [-73.9699604565782, 40.6779891324942]]]}}, {"type": "Feature", "properties": {"zone_id": "0203NJC5SDX0FUQ4UO7KME", "tract_id": "36047016300", "city": "BROOKLYN, NY", "zone_code": "R6B", "zone_category": "Residential", "ev_permitted": false}, "geometry": {"type": "Polygon", "coordinates": [[[-73.9701698434899, 40.6780330007661], [-73.97004069093, 40.6783881594055], [-73.9701038694064, 40.6784013964263], [-73.9702330216558, 40.6780462370139], [-73.9701698434899, 40.6780330007661]]]}}, {"type": "Feature", "properties": {"zone_id": "0203O20D9PFXZY7FYOD38M", "tract_id": "36047016300", "city": "BROOKLYN, NY", "zone_code": "R6B", "zone_category": "Residential", "ev_permitted": false}, "geometry": {"type": "Polygon", "coordinates": [[[-73.970030202658, 40.6780037449752], [-73.9699010494111, 40.6783589034591], [-73.969967147778, 40.6783727519323], [-73.9700963007, 40.6780175926722], [-73.970030202658, 40.6780037449752]]]}}, {"type": "Feature", "properties": {"zone_id": "0206WHK4LHF5C0WA2DLU1N", "tract_id": "36047016300", "city": "BROOKLYN, NY", "zone_code": "R6B", "zone_category": "Residential", "ev_permitted": false}, "geometry": {"type": "Polygon", "coordinates": [[[-73.9698904410543, 40.6779744629846], [-73.9697612871199, 40.678329621313], [-73.9698313039112, 40.6783442909007], [-73.9699604565782, 40.6779891324942], [-73.9698904410543, 40.6779744629846]]]}}, {"type": "Feature", "properties": {"zone_id": "02070948YNROU9LL9YM6CU", "tract_id": "36047016300", "city": "BROOKLYN, NY", "zone_code": "R6B", "zone_category": "Residential", "ev_permitted": false}, "geometry": {"type": "Polygon", "coordinates": [[[-73.9696780976723, 40.6779299743794], [-73.9695489426931, 40.6782851324713], [-73.9696171173561, 40.6782994159404], [-73.9697462719999, 40.6779442577726], [-73.9696780976723, 40.6779299743794]]]}}, {"type": "Feature", "properties": {"zone_id": "0204W0VC47B9L1VZ6832ZR", "tract_id": "36047016300", "city": "BROOKLYN, NY", "zone_code": "R6B", "zone_category": "Residential", "ev_permitted": false}, "geometry": {"type": "Polygon", "coordinates": [[[-73.9696148348241, 40.677916719535], [-73.9694856795334, 40.6782718782591], [-73.9695489426931, 40.6782851324713], [-73.9696780976723, 40.6779299743794], [-73.9696148348241, 40.677916719535]]]}}, {"type": "Feature", "properties": {"zone_id": "020096XU1MVGN3F7FEX4TK", "tract_id": "36047016300", "city": "BROOKLYN, NY", "zone_code": "R6B", "zone_category": "Residential", "ev_permitted": false}, "geometry": {"type": "Polygon", "coordinates": [[[-73.9698166962872, 40.6779590124993], [-73.9696875419899, 40.6783141707455], [-73.9697612871199, 40.678329621313], [-73.9698904410543, 40.6779744629846], [-73.9698166962872, 40.6779590124993]]]}}, {"type": "Feature", "properties": {"zone_id": "0206VAPSLW4VOJ4CFJQJBP", "tract_id": "36047016300", "city": "BROOKLYN, NY", "zone_code": "R6B", "zone_category": "Residential", "ev_permitted": false}, "geometry": {"type": "Polygon", "coordinates": [[[-73.9697462719999, 40.6779442577726], [-73.9696171173561, 40.6782994159404], [-73.9696875419899, 40.6783141707455], [-73.9698166962872, 40.6779590124993], [-73.9697462719999, 40.6779442577726]]]}}, {"type": "Feature", "properties": {"zone_id": "020202EGB0XXAI9ZF6OHR7", "tract_id": "36047016300", "city": "BROOKLYN, NY", "zone_code": "R6B", "zone_category": "Residential", "ev_permitted": false}, "geometry": {"type": "Polygon", "coordinates": [[[-73.9706791909548, 40.6775619974105], [-73.9705489293301, 40.6779246481411], [-73.9707622478252, 40.6779693237003], [-73.9708925093001, 40.6776066727304], [-73.9706791909548, 40.6775619974105]]]}}, {"type": "Feature", "properties": {"zone_id": "0202Y9A2PCYCIA9I6SLOXZ", "tract_id": "36047016300", "city": "BROOKLYN, NY", "zone_code": "R6B", "zone_category": "Residential", "ev_permitted": false}, "geometry": {"type": "Polygon", "coordinates": [[[-73.9708925093001, 40.6776066727304], [-73.9707622478252, 40.6779693237003], [-73.9709552949928, 40.6780097531823], [-73.9710855767228, 40.677647106217], [-73.9708925093001, 40.6776066727304]]]}}, {"type": "Feature", "properties": {"zone_id": "020169EU7NWVLVLIW1DRKT", "tract_id": "36047016300", "city": "BROOKLYN, NY", "zone_code": "R6B", "zone_category": "Residential", "ev_permitted": false}, "geometry": {"type": "Polygon", "coordinates": [[[-73.9704049358733, 40.677504559042], [-73.9702746507207, 40.677867205243], [-73.9703426350051, 40.6778814432634], [-73.9704729198159, 40.6775187969861], [-73.9704049358733, 40.677504559042]]]}}, {"type": "Feature", "properties": {"zone_id": "02062QW9NHNDO8JOUYGOYH", "tract_id": "36047016300", "city": "BROOKLYN, NY", "zone_code": "R6B", "zone_category": "Residential", "ev_permitted": false}, "geometry": {"type": "Polygon", "coordinates": [[[-73.9706097220495, 40.6775474479297], [-73.9704794591525, 40.6779100985821], [-73.9705489293301, 40.6779246481411], [-73.9706791909548, 40.6775619974105], [-73.9706097220495, 40.6775474479297]]]}}, {"type": "Feature", "properties": {"zone_id": "02021Z5GCB1OCHVNFC8X96", "tract_id": "36047016300", "city": "BROOKLYN, NY", "zone_code": "R6B", "zone_category": "Residential", "ev_permitted": false}, "geometry": {"type": "Polygon", "coordinates": [[[-73.9705461714454, 40.6775341394183], [-73.9704158870036, 40.6778967843725], [-73.9704794591525, 40.6779100985821], [-73.9706097220495, 40.6775474479297], [-73.9705461714454, 40.6775341394183]]]}}, {"type": "Feature", "properties": {"zone_id": "02071LNNMW6RV2HCKE5TBM", "tract_id": "36047016300", "city": "BROOKLYN, NY", "zone_code": "R6B", "zone_category": "Residential", "ev_permitted": false}, "geometry": {"type": "Polygon", "coordinates": [[[-73.9703285115355, 40.6774885537939], [-73.9701982472247, 40.6778512034278], [-73.9702746507207, 40.677867205243], [-73.9704049358733, 40.677504559042], [-73.9703285115355, 40.6774885537939]]]}}, {"type": "Feature", "properties": {"zone_id": "02030P438PR0LR90CN4YL1", "tract_id": "36047016300", "city": "BROOKLYN, NY", "zone_code": "R6B", "zone_category": "Residential", "ev_permitted": false}, "geometry": {"type": "Polygon", "coordinates": [[[-73.9704729198159, 40.6775187969861], [-73.9703426350051, 40.6778814432634], [-73.9704158870036, 40.6778967843725], [-73.9705461714454, 40.6775341394183], [-73.9704729198159, 40.6775187969861]]]}}, {"type": "Feature", "properties": {"zone_id": "0207KRODCK5FUKHFFIPYH0", "tract_id": "36047016300", "city": "BROOKLYN, NY", "zone_code": "R6B", "zone_category": "Residential", "ev_permitted": false}, "geometry": {"type": "Polygon", "coordinates": [[[-73.9695446725429, 40.6773243862733], [-73.9695070204369, 40.6774292043676], [-73.9693924789892, 40.6774052145786], [-73.9692998624329, 40.6776630458493], [-73.9697675819182, 40.6777610055676], [-73.9698978483947, 40.6773983564173], [-73.9695446725429, 40.6773243862733]]]}}, {"type": "Feature", "properties": {"zone_id": "0201FSZRITIGEDKKFMTWQH", "tract_id": "36047016300", "city": "BROOKLYN, NY", "zone_code": "R6B", "zone_category": "Residential", "ev_permitted": false}, "geometry": {"type": "Polygon", "coordinates": [[[-73.9701884315688, 40.6774592151655], [-73.9700581674763, 40.677821865345], [-73.9701268447347, 40.6778362491245], [-73.9702568316259, 40.6774735404753], [-73.9701884315688, 40.6774592151655]]]}}, {"type": "Feature", "properties": {"zone_id": "0206QWKOQ0YTSZWZJ9C883", "tract_id": "36047016300", "city": "BROOKLYN, NY", "zone_code": "R6B", "zone_category": "Residential", "ev_permitted": false}, "geometry": {"type": "Polygon", "coordinates": [[[-73.9702568316259, 40.6774735404753], [-73.9701268447347, 40.6778362491245], [-73.9701982472247, 40.6778512034278], [-73.9703285115355, 40.6774885537939], [-73.9702568316259, 40.6774735404753]]]}}, {"type": "Feature", "properties": {"zone_id": "020035FT56ZBKW3O2SXRME", "tract_id": "36047016300", "city": "BROOKLYN, NY", "zone_code": "R6B", "zone_category": "Residential", "ev_permitted": false}, "geometry": {"type": "Polygon", "coordinates": [[[-73.9701152853086, 40.6774438957207], [-73.9699849996224, 40.6778065415965], [-73.9700581674763, 40.677821865345], [-73.9701884315688, 40.6774592151655], [-73.9701152853086, 40.6774438957207]]]}}, {"type": "Feature", "properties": {"zone_id": "0205YICYTA5JSKMPZGGKVS", "tract_id": "36047016300", "city": "", "zone_code": "R6B", "zone_category": "Residential", "ev_permitted": false}, "geometry": {"type": "Polygon", "coordinates": [[[-73.9700416988814, 40.6774284840659], [-73.9699114119021, 40.6777911298589], [-73.9699849996224, 40.6778065415965], [-73.9701152853086, 40.6774438957207], [-73.9700416988814, 40.6774284840659]]]}}, {"type": "Feature", "properties": {"zone_id": "0206Z21DBEQH34W1I4L25W", "tract_id": "36047016300", "city": "BROOKLYN, NY", "zone_code": "R6B", "zone_category": "Residential", "ev_permitted": false}, "geometry": {"type": "Polygon", "coordinates": [[[-73.9699700901603, 40.6774134860457], [-73.9698398028212, 40.6777761310555], [-73.9699114119021, 40.6777911298589], [-73.9700416988814, 40.6774284840659], [-73.9699700901603, 40.6774134860457]]]}}, {"type": "Feature", "properties": {"zone_id": "0204PEIE1GO1YG6AF374MP", "tract_id": "36047016300", "city": "BROOKLYN, NY", "zone_code": "R6B", "zone_category": "Residential", "ev_permitted": false}, "geometry": {"type": "Polygon", "coordinates": [[[-73.9698978483947, 40.6773983564173], [-73.9697675819182, 40.6777610055676], [-73.9698398028212, 40.6777761310555], [-73.9699700901603, 40.6774134860457], [-73.9698978483947, 40.6773983564173]]]}}, {"type": "Feature", "properties": {"zone_id": "0202JIUZM9XF6AAYPJCQT4", "tract_id": "36047016300", "city": "BROOKLYN, NY", "zone_code": "R6B", "zone_category": "Residential", "ev_permitted": false}, "geometry": {"type": "Polygon", "coordinates": [[[-73.9694520024393, 40.678264820919], [-73.9693253767867, 40.6786130146307], [-73.9693861549506, 40.6786257623525], [-73.9695127840074, 40.6782775566302], [-73.9694520024393, 40.678264820919]]]}}, {"type": "Feature", "properties": {"zone_id": "0202WMDSB99VQUGO58VZO9", "tract_id": "36047016300", "city": "BROOKLYN, NY", "zone_code": "R6B", "zone_category": "Residential", "ev_permitted": false}, "geometry": {"type": "Polygon", "coordinates": [[[-73.969570346653, 40.6782896169024], [-73.9694437132539, 40.6786378339288], [-73.9695154283687, 40.6786528751648], [-73.9696420669662, 40.6783046433055], [-73.969570346653, 40.6782896169024]]]}}, {"type": "Feature", "properties": {"zone_id": "0204M5RUR67J2TM9DWVSLJ", "tract_id": "36047016300", "city": "BROOKLYN, NY", "zone_code": "R6B", "zone_category": "Residential", "ev_permitted": false}, "geometry": {"type": "Polygon", "coordinates": [[[-73.9692703555555, 40.6782267641487], [-73.9691437428887, 40.678574919722], [-73.9692041389167, 40.6785875873341], [-73.9693307559128, 40.6782394190481], [-73.9692703555555, 40.6782267641487]]]}}, {"type": "Feature", "properties": {"zone_id": "0201ZL5SC158QRBS6016MG", "tract_id": "36047016300", "city": "BROOKLYN, NY", "zone_code": "R6B", "zone_category": "Residential", "ev_permitted": false}, "geometry": {"type": "Polygon", "coordinates": [[[-73.9693884246219, 40.6782515012222], [-73.9692618032836, 40.6785996815151], [-73.9693253767867, 40.6786130146307], [-73.9694520024393, 40.678264820919], [-73.9693884246219, 40.6782515012222]]]}}, {"type": "Feature", "properties": {"zone_id": "0201SW8ZP1KJ3SNWQ9QU4Z", "tract_id": "36047016300", "city": "BROOKLYN, NY", "zone_code": "R6B", "zone_category": "Residential", "ev_permitted": false}, "geometry": {"type": "Polygon", "coordinates": [[[-73.9693307559128, 40.6782394190481], [-73.9692041389167, 40.6785875873341], [-73.9692618032836, 40.6785996815151], [-73.9693884246219, 40.6782515012222], [-73.9693307559128, 40.6782394190481]]]}}, {"type": "Feature", "properties": {"zone_id": "02041SFABIQ1N5ZEWIXVFH", "tract_id": "36047016300", "city": "BROOKLYN, NY", "zone_code": "R6B", "zone_category": "Residential", "ev_permitted": false}, "geometry": {"type": "Polygon", "coordinates": [[[-73.9695127840074, 40.6782775566302], [-73.9693861549506, 40.6786257623525], [-73.9694437132539, 40.6786378339288], [-73.969570346653, 40.6782896169024], [-73.9695127840074, 40.6782775566302]]]}}, {"type": "Feature", "properties": {"zone_id": "0200MB3VVEIKPHMYXVQIZO", "tract_id": "36047016300", "city": "BROOKLYN, NY", "zone_code": "R7A", "zone_category": "Residential", "ev_permitted": false}, "geometry": {"type": "Polygon", "coordinates": [[[-73.9688163381566, 40.6782773678778], [-73.9687968877818, 40.678330851354], [-73.9691361402651, 40.6784019398371], [-73.9691555922384, 40.6783484478725], [-73.9688163381566, 40.6782773678778]]]}}, {"type": "Feature", "properties": {"zone_id": "0202QYJRLRZR7VUY0301XQ", "tract_id": "36047016300", "city": "BROOKLYN, NY", "zone_code": "R7A", "zone_category": "Residential", "ev_permitted": false}, "geometry": {"type": "Polygon", "coordinates": [[[-73.9687767498129, 40.6783862276118], [-73.9687593555945, 40.6784340566142], [-73.969098585461, 40.6785052056298], [-73.969116003483, 40.6784573084247], [-73.9687767498129, 40.6783862276118]]]}}, {"type": "Feature", "properties": {"zone_id": "0202TRN9H5X5E7141O79OD", "tract_id": "36047016300", "city": "BROOKLYN, NY", "zone_code": "R7A", "zone_category": "Residential", "ev_permitted": false}, "geometry": {"type": "Polygon", "coordinates": [[[-73.9687968877818, 40.678330851354], [-73.9687767498129, 40.6783862276118], [-73.969116003483, 40.6784573084247], [-73.9691361402651, 40.6784019398371], [-73.9687968877818, 40.678330851354]]]}}, {"type": "Feature", "properties": {"zone_id": "0205V08JGK4X2CUKWH4KK6", "tract_id": "36047016300", "city": "BROOKLYN, NY", "zone_code": "R6B", "zone_category": "Residential", "ev_permitted": false}, "geometry": {"type": "Polygon", "coordinates": [[[-73.9692048361123, 40.678213035585], [-73.9690782277497, 40.6785611791429], [-73.9691437428887, 40.678574919722], [-73.9692703555555, 40.6782267641487], [-73.9692048361123, 40.678213035585]]]}}, {"type": "Feature", "properties": {"zone_id": "0202IGYH89C1GNFSLLTWP5", "tract_id": "36047016300", "city": "BROOKLYN, NY", "zone_code": "R7A", "zone_category": "Residential", "ev_permitted": false}, "geometry": {"type": "Polygon", "coordinates": [[[-73.9687593555945, 40.6784340566142], [-73.9687390003895, 40.6784900293659], [-73.9690782277497, 40.6785611791429], [-73.969098585461, 40.6785052056298], [-73.9687593555945, 40.6784340566142]]]}}, {"type": "Feature", "properties": {"zone_id": "0203WLL1RZD98OWJPG15Q2", "tract_id": "36047016300", "city": "BROOKLYN, NY", "zone_code": "R6B", "zone_category": "Residential", "ev_permitted": false}, "geometry": {"type": "Polygon", "coordinates": [[[-73.969406065111, 40.6778729790036], [-73.9692769087935, 40.6782281367925], [-73.9693418468639, 40.6782417428969], [-73.9694710028625, 40.6778865836303], [-73.969406065111, 40.6778729790036]]]}}, {"type": "Feature", "properties": {"zone_id": "0202BY2NY7F7J1MNPJM005", "tract_id": "36047016300", "city": "BROOKLYN, NY", "zone_code": "R6B", "zone_category": "Residential", "ev_permitted": false}, "geometry": {"type": "Polygon", "coordinates": [[[-73.9695407302702, 40.6779011935928], [-73.9694115746155, 40.678256350829], [-73.9694856795334, 40.6782718782591], [-73.9696148348241, 40.677916719535], [-73.9695407302702, 40.6779011935928]]]}}, {"type": "Feature", "properties": {"zone_id": "0207CN5MUTA6OMTZ2LC2OP", "tract_id": "36047016300", "city": "BROOKLYN, NY", "zone_code": "R6B", "zone_category": "Residential", "ev_permitted": false}, "geometry": {"type": "Polygon", "coordinates": [[[-73.969333992784, 40.677857878579], [-73.9692048361123, 40.678213035585], [-73.9692769087935, 40.6782281367925], [-73.969406065111, 40.6778729790036], [-73.969333992784, 40.677857878579]]]}}, {"type": "Feature", "properties": {"zone_id": "02066N5T1HKXUD47H16S5F", "tract_id": "36047016300", "city": "BROOKLYN, NY", "zone_code": "R6B", "zone_category": "Residential", "ev_permitted": false}, "geometry": {"type": "Polygon", "coordinates": [[[-73.9694710028625, 40.6778865836303], [-73.9693418468639, 40.6782417428969], [-73.9694115746155, 40.678256350829], [-73.9695407302702, 40.6779011935928], [-73.9694710028625, 40.6778865836303]]]}}, {"type": "Feature", "properties": {"zone_id": "0200ZXOK61D3KU3LBMR4WO", "tract_id": "36047016300", "city": "BROOKLYN, NY", "zone_code": "R7A", "zone_category": "Residential", "ev_permitted": false}, "geometry": {"type": "Polygon", "coordinates": [[[-73.9688356082927, 40.6782243811312], [-73.9688163381566, 40.6782773678778], [-73.9691555922384, 40.6783484478725], [-73.9691748584298, 40.6782954695006], [-73.9688356082927, 40.6782243811312]]]}}, {"type": "Feature", "properties": {"zone_id": "0204SQDRHDHCN8A1N61OTY", "tract_id": "36047016300", "city": "BROOKLYN, NY", "zone_code": "R7A", "zone_category": "Residential", "ev_permitted": false}, "geometry": {"type": "Polygon", "coordinates": [[[-73.9688746317976, 40.6781170748081], [-73.9688549412412, 40.6781712180299], [-73.9691941948238, 40.6782422986145], [-73.9692138814304, 40.6781881630633], [-73.9688746317976, 40.6781170748081]]]}}, {"type": "Feature", "properties": {"zone_id": "0204B6FKSUTZUECOHPF9YW", "tract_id": "36047016300", "city": "BROOKLYN, NY", "zone_code": "R7A", "zone_category": "Residential", "ev_permitted": false}, "geometry": {"type": "Polygon", "coordinates": [[[-73.9689136551768, 40.6780097684703], [-73.9688941569021, 40.6780633861602], [-73.9692334090551, 40.6781344666298], [-73.969252908001, 40.6780808481804], [-73.9689136551768, 40.6780097684703]]]}}, {"type": "Feature", "properties": {"zone_id": "0202NY6YXZ26TGNRDUPTEM", "tract_id": "36047016300", "city": "BROOKLYN, NY", "zone_code": "R7A", "zone_category": "Residential", "ev_permitted": false}, "geometry": {"type": "Polygon", "coordinates": [[[-73.9688549412412, 40.6781712180299], [-73.9688356082927, 40.6782243811312], [-73.9691748584298, 40.6782954695006], [-73.9691941948238, 40.6782422986145], [-73.9688549412412, 40.6781712180299]]]}}, {"type": "Feature", "properties": {"zone_id": "0205G5CUQFO47HZ7C2HTML", "tract_id": "36047016300", "city": "BROOKLYN, NY", "zone_code": "R7A", "zone_category": "Residential", "ev_permitted": false}, "geometry": {"type": "Polygon", "coordinates": [[[-73.9688941569021, 40.6780633861602], [-73.9688746317976, 40.6781170748081], [-73.9692138814304, 40.6781881630633], [-73.9692334090551, 40.6781344666298], [-73.9688941569021, 40.6780633861602]]]}}, {"type": "Feature", "properties": {"zone_id": "0201HU8O6M1W7WDCSYN12V", "tract_id": "36047016300", "city": "BROOKLYN, NY", "zone_code": "R7A", "zone_category": "Residential", "ev_permitted": false}, "geometry": {"type": "Polygon", "coordinates": [[[-73.9692649843715, 40.6778434197557], [-73.9691838578465, 40.6780663808658], [-73.969252908001, 40.6780808481804], [-73.969333992784, 40.677857878579], [-73.9692649843715, 40.6778434197557]]]}}, {"type": "Feature", "properties": {"zone_id": "0204S598OBXIBLW85NBZFA", "tract_id": "36047016300", "city": "BROOKLYN, NY", "zone_code": "R7A", "zone_category": "Residential", "ev_permitted": false}, "geometry": {"type": "Polygon", "coordinates": [[[-73.9691994597683, 40.6778296911869], [-73.969118332118, 40.6780526522509], [-73.9691838578465, 40.6780663808658], [-73.9692649843715, 40.6778434197557], [-73.9691994597683, 40.6778296911869]]]}}, {"type": "Feature", "properties": {"zone_id": "0202HL4USTL0XLRTAQB4EL", "tract_id": "36047016300", "city": "BROOKLYN, NY", "zone_code": "R7A", "zone_category": "Residential", "ev_permitted": false}, "geometry": {"type": "Polygon", "coordinates": [[[-73.9689947419309, 40.6777867984037], [-73.9689136551768, 40.6780097684703], [-73.9689850160495, 40.6780247200017], [-73.96906610166, 40.6778017505876], [-73.9689947419309, 40.6777867984037]]]}}, {"type": "Feature", "properties": {"zone_id": "0207H2BZX3SDMU813GD0Q4", "tract_id": "36047016300", "city": "BROOKLYN, NY", "zone_code": "R7A", "zone_category": "Residential", "ev_permitted": false}, "geometry": {"type": "Polygon", "coordinates": [[[-73.96906610166, 40.6778017505876], [-73.9689850160495, 40.6780247200017], [-73.9690553904192, 40.6780394646409], [-73.9691365173409, 40.6778165036206], [-73.96906610166, 40.6778017505876]]]}}, {"type": "Feature", "properties": {"zone_id": "0204O99OCN486WXZK099AX", "tract_id": "36047016300", "city": "BROOKLYN, NY", "zone_code": "R7A", "zone_category": "Residential", "ev_permitted": false}, "geometry": {"type": "Polygon", "coordinates": [[[-73.9691365173409, 40.6778165036206], [-73.9690553904192, 40.6780394646409], [-73.969118332118, 40.6780526522509], [-73.9691994597683, 40.6778296911869], [-73.9691365173409, 40.6778165036206]]]}}, {"type": "Feature", "properties": {"zone_id": "0204SZXVGZKD9KM0KZH2Y4", "tract_id": "36047016300", "city": "BROOKLYN, NY", "zone_code": "R7A", "zone_category": "Residential", "ev_permitted": false}, "geometry": {"type": "Polygon", "coordinates": [[[-73.969097695973, 40.6775048034981], [-73.9690785544033, 40.677558088959], [-73.9693194409681, 40.6776085413499], [-73.9693385814366, 40.6775552565516], [-73.969097695973, 40.6775048034981]]]}}, {"type": "Feature", "properties": {"zone_id": "0206B0TJDGC1G8NPMA9V30", "tract_id": "36047016300", "city": "BROOKLYN, NY", "zone_code": "R7A", "zone_category": "Residential", "ev_permitted": false}, "geometry": {"type": "Polygon", "coordinates": [[[-73.9690785544033, 40.677558088959], [-73.969058975686, 40.6776125934178], [-73.9692998624329, 40.6776630458493], [-73.9693194409681, 40.6776085413499], [-73.9690785544033, 40.677558088959]]]}}, {"type": "Feature", "properties": {"zone_id": "02057CIFI1AKLPUNZ4RD8A", "tract_id": "36047016300", "city": "BROOKLYN, NY", "zone_code": "R6B", "zone_category": "Residential", "ev_permitted": false}, "geometry": {"type": "Polygon", "coordinates": [[[-73.9708021261187, 40.6772197422394], [-73.9706791909548, 40.6775619974105], [-73.9707487281818, 40.6775765609199], [-73.9708716630161, 40.6772343049724], [-73.9708021261187, 40.6772197422394]]]}}, {"type": "Feature", "properties": {"zone_id": "0202Q5GL2WJNFP6MQQRULN", "tract_id": "36047016300", "city": "BROOKLYN, NY", "zone_code": "R6B", "zone_category": "Residential", "ev_permitted": false}, "geometry": {"type": "Polygon", "coordinates": [[[-73.9708716630161, 40.6772343049724], [-73.9707487281818, 40.6775765609199], [-73.9708233623785, 40.6775921916185], [-73.9709462968588, 40.6772499348892], [-73.9708716630161, 40.6772343049724]]]}}, {"type": "Feature", "properties": {"zone_id": "02027B70JKZMHTWHB50OXW", "tract_id": "36047016300", "city": "BROOKLYN, NY", "zone_code": "R6B", "zone_category": "Residential", "ev_permitted": false}, "geometry": {"type": "Polygon", "coordinates": [[[-73.9709462968588, 40.6772499348892], [-73.9708233623785, 40.6775921916185], [-73.9708925093001, 40.6776066727304], [-73.9710154434522, 40.6772644159279], [-73.9709462968588, 40.6772499348892]]]}}, {"type": "Feature", "properties": {"zone_id": "02037KYE5MQ8R9VOMILNKJ", "tract_id": "36047016300", "city": "", "zone_code": "R6B", "zone_category": "Residential", "ev_permitted": false}, "geometry": {"type": "Polygon", "coordinates": [[[-73.9707129648186, 40.6772010688154], [-73.9705900301545, 40.6775433238922], [-73.9706791909548, 40.6775619974105], [-73.9708021261187, 40.6772197422394], [-73.9707129648186, 40.6772010688154]]]}}, {"type": "Feature", "properties": {"zone_id": "0202IFQ05XN2CYBX4CDJ6T", "tract_id": "36047016300", "city": "BROOKLYN, NY", "zone_code": "R6B", "zone_category": "Residential", "ev_permitted": false}, "geometry": {"type": "Polygon", "coordinates": [[[-73.9704514465169, 40.677146301102], [-73.9703285115355, 40.6774885537939], [-73.9704632575245, 40.6775167736496], [-73.9705861918665, 40.6771745208148], [-73.9704514465169, 40.677146301102]]]}}, {"type": "Feature", "properties": {"zone_id": "0207G4C1LMHV2EDDHPYIPQ", "tract_id": "36047016300", "city": "BROOKLYN, NY", "zone_code": "R6B", "zone_category": "Residential", "ev_permitted": false}, "geometry": {"type": "Polygon", "coordinates": [[[-73.9705861918665, 40.6771745208148], [-73.9704632575245, 40.6775167736496], [-73.9705900301545, 40.6775433238922], [-73.9707129648186, 40.6772010688154], [-73.9705861918665, 40.6771745208148]]]}}, {"type": "Feature", "properties": {"zone_id": "0204VQSKRGC954U7U1JAU7", "tract_id": "36047016300", "city": "", "zone_code": "R6B", "zone_category": "Residential", "ev_permitted": false}, "geometry": {"type": "Polygon", "coordinates": [[[-73.9703797660237, 40.6771312899671], [-73.9702568316259, 40.6774735404753], [-73.9703285115355, 40.6774885537939], [-73.9704514465169, 40.677146301102], [-73.9703797660237, 40.6771312899671]]]}}, {"type": "Feature", "properties": {"zone_id": "0201VE1CFAT4GSRECU8V69", "tract_id": "36047016300", "city": "BROOKLYN, NY", "zone_code": "R6B", "zone_category": "Residential", "ev_permitted": false}, "geometry": {"type": "Polygon", "coordinates": [[[-73.9700207835709, 40.6770561112079], [-73.9698978483947, 40.6773983564173], [-73.9702568316259, 40.6774735404753], [-73.9703797660237, 40.6771312899671], [-73.9700207835709, 40.6770561112079]]]}}, {"type": "Feature", "properties": {"zone_id": "0203HIIK70CIOBTIQSMT8W", "tract_id": "36047016300", "city": "BROOKLYN, NY", "zone_code": "R6B", "zone_category": "Residential", "ev_permitted": false}, "geometry": {"type": "Polygon", "coordinates": [[[-73.9699405069554, 40.6770392952303], [-73.9698175713969, 40.6773815431654], [-73.9698978483947, 40.6773983564173], [-73.9700207835709, 40.6770561112079], [-73.9699405069554, 40.6770392952303]]]}}, {"type": "Feature", "properties": {"zone_id": "02058TJHL4368ZO44DT93F", "tract_id": "36047016300", "city": "BROOKLYN, NY", "zone_code": "R6B", "zone_category": "Residential", "ev_permitted": false}, "geometry": {"type": "Polygon", "coordinates": [[[-73.9696676093953, 40.6769821414381], [-73.9695446725429, 40.6773243862733], [-73.9696830806613, 40.6773533753198], [-73.9698060168573, 40.6770111289327], [-73.9696676093953, 40.6769821414381]]]}}, {"type": "Feature", "properties": {"zone_id": "0202323BKFAZTQ5ORCXKFK", "tract_id": "36047016300", "city": "BROOKLYN, NY", "zone_code": "R6B", "zone_category": "Residential", "ev_permitted": false}, "geometry": {"type": "Polygon", "coordinates": [[[-73.9698060168573, 40.6770111289327], [-73.9696830806613, 40.6773533753198], [-73.9698175713969, 40.6773815431654], [-73.9699405069554, 40.6770392952303], [-73.9698060168573, 40.6770111289327]]]}}, {"type": "Feature", "properties": {"zone_id": "02066J0SN62E0THXP2N17I", "tract_id": "36047016300", "city": "BROOKLYN, NY", "zone_code": "R6B", "zone_category": "Residential", "ev_permitted": false}, "geometry": {"type": "Polygon", "coordinates": [[[-73.9707919076945, 40.6765678271812], [-73.9706354262061, 40.6769997932396], [-73.9707096684585, 40.6770153065685], [-73.970866120858, 40.6765834176955], [-73.9707919076945, 40.6765678271812]]]}}, {"type": "Feature", "properties": {"zone_id": "0200L1QLA43O9C32LLT1G3", "tract_id": "36047016300", "city": "BROOKLYN, NY", "zone_code": "R6B", "zone_category": "Residential", "ev_permitted": false}, "geometry": {"type": "Polygon", "coordinates": [[[-73.9707196657567, 40.676552650286], [-73.9705631561144, 40.6769846921275], [-73.9706354262061, 40.6769997932396], [-73.9707919076945, 40.6765678271812], [-73.9707196657567, 40.676552650286]]]}}, {"type": "Feature", "properties": {"zone_id": "0204ZQGBJGZVXM4ZXQHFUK", "tract_id": "36047016300", "city": "BROOKLYN, NY", "zone_code": "R6B", "zone_category": "Residential", "ev_permitted": false}, "geometry": {"type": "Polygon", "coordinates": [[[-73.970866120858, 40.6765834176955], [-73.9707096684585, 40.6770153065685], [-73.9707805995622, 40.677030127589], [-73.9709370247395, 40.6765983137984], [-73.970866120858, 40.6765834176955]]]}}, {"type": "Feature", "properties": {"zone_id": "0206EG2J4C8EAU3SAXX1ZD", "tract_id": "36047016300", "city": "", "zone_code": "R6B", "zone_category": "Residential", "ev_permitted": false}, "geometry": {"type": "Polygon", "coordinates": [[[-73.9705831045714, 40.6765239608843], [-73.9704265423644, 40.6769561451687], [-73.9705631561144, 40.6769846921275], [-73.9707196657567, 40.676552650286], [-73.9705831045714, 40.6765239608843]]]}}, {"type": "Feature", "properties": {"zone_id": "02071OLQARXTNLB9VSWDN2", "tract_id": "36047016300", "city": "", "zone_code": "R6B", "zone_category": "Residential", "ev_permitted": false}, "geometry": {"type": "Polygon", "coordinates": [[[-73.970905974203, 40.6766840300448], [-73.9707805995622, 40.677030127589], [-73.9708617281868, 40.6770470802152], [-73.9709871033613, 40.6767009825836], [-73.970905974203, 40.6766840300448]]]}}, {"type": "Feature", "properties": {"zone_id": "02046RV6CMF4JBPIXA3ZJY", "tract_id": "36047016300", "city": "BROOKLYN, NY", "zone_code": "R6B", "zone_category": "Residential", "ev_permitted": false}, "geometry": {"type": "Polygon", "coordinates": [[[-73.9699452207241, 40.676465097727], [-73.9698137203685, 40.676828089547], [-73.9704265423644, 40.6769561451687], [-73.9705578067756, 40.6765937948277], [-73.9699452207241, 40.676465097727]]]}}, {"type": "Feature", "properties": {"zone_id": "02077NP9JCMLPMG7YDS7MO", "tract_id": "36047016300", "city": "BROOKLYN, NY", "zone_code": "R6B", "zone_category": "Residential", "ev_permitted": false}, "geometry": {"type": "Polygon", "coordinates": [[[-73.96949617492, 40.6764062939003], [-73.9694733027008, 40.6764694290673], [-73.9698403607294, 40.6765465453848], [-73.9698632317046, 40.6764834101451], [-73.96949617492, 40.6764062939003]]]}}, {"type": "Feature", "properties": {"zone_id": "0201VICMSYE1V01VFS2N19", "tract_id": "36047016300", "city": "BROOKLYN, NY", "zone_code": "R7A", "zone_category": "Residential", "ev_permitted": false}, "geometry": {"type": "Polygon", "coordinates": [[[-73.9696316201288, 40.6765026907279], [-73.96953484832, 40.6767698152322], [-73.9697436700871, 40.6768134515564], [-73.9698403607294, 40.6765465453848], [-73.9696316201288, 40.6765026907279]]]}}, {"type": "Feature", "properties": {"zone_id": "020055E2B9BBENMS33ZJE5", "tract_id": "36047016300", "city": "BROOKLYN, NY", "zone_code": "R6B", "zone_category": "Residential", "ev_permitted": false}, "geometry": {"type": "Polygon", "coordinates": [[[-73.9698632317046, 40.6764834101451], [-73.9697436700871, 40.6768134515564], [-73.9698137203685, 40.676828089547], [-73.9699332567133, 40.6764981218365], [-73.9698632317046, 40.6764834101451]]]}}, {"type": "Feature", "properties": {"zone_id": "02048JH18ICPMXICFUS86U", "tract_id": "36047016300", "city": "BROOKLYN, NY", "zone_code": "R6B", "zone_category": "Residential", "ev_permitted": false}, "geometry": {"type": "Polygon", "coordinates": [[[-73.9693121833404, 40.6769077041178], [-73.9691515940265, 40.6773547623397], [-73.9695070204369, 40.6774292043676], [-73.9696676093953, 40.6769821414381], [-73.9693121833404, 40.6769077041178]]]}}, {"type": "Feature", "properties": {"zone_id": "0206TNCMN1L59E3QGBEEP3", "tract_id": "36047016300", "city": "BROOKLYN, NY", "zone_code": "R7A", "zone_category": "Residential", "ev_permitted": false}, "geometry": {"type": "Polygon", "coordinates": [[[-73.9691515940265, 40.6773547623397], [-73.9691347600947, 40.6774016239891], [-73.9693756452139, 40.677452076263], [-73.9693924789892, 40.6774052145786], [-73.9691515940265, 40.6773547623397]]]}}, {"type": "Feature", "properties": {"zone_id": "0203A8VBFD11QKDU479ZRO", "tract_id": "36047016300", "city": "BROOKLYN, NY", "zone_code": "R7A", "zone_category": "Residential", "ev_permitted": false}, "geometry": {"type": "Polygon", "coordinates": [[[-73.9691347600947, 40.6774016239891], [-73.9691153136201, 40.6774557602989], [-73.9693561989205, 40.6775062119105], [-73.9693756452139, 40.677452076263], [-73.9691347600947, 40.6774016239891]]]}}, {"type": "Feature", "properties": {"zone_id": "0204VVSY2KAH38C79SE3FU", "tract_id": "36047016300", "city": "BROOKLYN, NY", "zone_code": "R7A", "zone_category": "Residential", "ev_permitted": false}, "geometry": {"type": "Polygon", "coordinates": [[[-73.9691153136201, 40.6774557602989], [-73.969097695973, 40.6775048034981], [-73.9693385814366, 40.6775552565516], [-73.9693561989205, 40.6775062119105], [-73.9691153136201, 40.6774557602989]]]}}, {"type": "Feature", "properties": {"zone_id": "02053WSTP12WJ96WJZN1F2", "tract_id": "36047016300", "city": "BROOKLYN, NY", "zone_code": "R7A", "zone_category": "Residential", "ev_permitted": false}, "geometry": {"type": "Polygon", "coordinates": [[[-73.9694733027008, 40.6764694290673], [-73.9693764702395, 40.6767367192519], [-73.96953484832, 40.6767698152322], [-73.9696316201288, 40.6765026907279], [-73.9694733027008, 40.6764694290673]]]}}, {"type": "Feature", "properties": {"zone_id": "0204ZBUJDVN784OR2D6AV1", "tract_id": "36047016300", "city": "BROOKLYN, NY", "zone_code": "R6B", "zone_category": "Residential", "ev_permitted": false}, "geometry": {"type": "Polygon", "coordinates": [[[-73.9700707899193, 40.6761184734198], [-73.9699452207241, 40.676465097727], [-73.9705578067756, 40.6765937948277], [-73.9706833721057, 40.6762471712624], [-73.9700707899193, 40.6761184734198]]]}}, {"type": "Feature", "properties": {"zone_id": "0204DNC1AOKUBPKKT27046", "tract_id": "36047016300", "city": "BROOKLYN, NY", "zone_code": "R6B", "zone_category": "Residential", "ev_permitted": false}, "geometry": {"type": "Polygon", "coordinates": [[[-73.9706833721057, 40.6762471712624], [-73.9705831045714, 40.6765239608843], [-73.9706464567137, 40.6765372700293], [-73.970746724005, 40.6762604803526], [-73.9706833721057, 40.6762471712624]]]}}, {"type": "Feature", "properties": {"zone_id": "020531NNT3MRPK502GJ0F3", "tract_id": "36047016300", "city": "BROOKLYN, NY", "zone_code": "R6B", "zone_category": "Residential", "ev_permitted": false}, "geometry": {"type": "Polygon", "coordinates": [[[-73.9708033059866, 40.6762723676097], [-73.9707030389122, 40.6765491573353], [-73.9707610995245, 40.6765613548632], [-73.9708613672992, 40.6762845650876], [-73.9708033059866, 40.6762723676097]]]}}, {"type": "Feature", "properties": {"zone_id": "02073V6MGZY4K197ALS21G", "tract_id": "36047016300", "city": "BROOKLYN, NY", "zone_code": "R6B", "zone_category": "Residential", "ev_permitted": false}, "geometry": {"type": "Polygon", "coordinates": [[[-73.9708613672992, 40.6762845650876], [-73.9707610995245, 40.6765613548632], [-73.9708239257174, 40.6765745534588], [-73.9709241932512, 40.6762977636289], [-73.9708613672992, 40.6762845650876]]]}}, {"type": "Feature", "properties": {"zone_id": "0206X3JHYK54GTRUWQ7PQ2", "tract_id": "36047016300", "city": "BROOKLYN, NY", "zone_code": "R6B", "zone_category": "Residential", "ev_permitted": false}, "geometry": {"type": "Polygon", "coordinates": [[[-73.9709241932512, 40.6762977636289], [-73.9708239257174, 40.6765745534588], [-73.9708813376153, 40.676586614445], [-73.970981604929, 40.6763098245655], [-73.9709241932512, 40.6762977636289]]]}}, {"type": "Feature", "properties": {"zone_id": "0201RQL3OSIR9G2DK14MRK", "tract_id": "36047016300", "city": "BROOKLYN, NY", "zone_code": "R6B", "zone_category": "Residential", "ev_permitted": false}, "geometry": {"type": "Polygon", "coordinates": [[[-73.970746724005, 40.6762604803526], [-73.9706464567137, 40.6765372700293], [-73.9707030389122, 40.6765491573353], [-73.9708033059866, 40.6762723676097], [-73.970746724005, 40.6762604803526]]]}}, {"type": "Feature", "properties": {"zone_id": "02008L1002XV1ADLUWCK87", "tract_id": "36047016300", "city": "BROOKLYN, NY", "zone_code": "R7A", "zone_category": "Residential", "ev_permitted": false}, "geometry": {"type": "Polygon", "coordinates": [[[-73.9696337113473, 40.6760266467048], [-73.96949617492, 40.6764062939003], [-73.9699332567133, 40.6764981218365], [-73.9700707899193, 40.6761184734198], [-73.9696337113473, 40.6760266467048]]]}}]}