{"type": "FeatureCollection", "features": [{"type": "Feature", "properties": {"zone_id": "0203W5N8H4I47R7HIQALBZ", "tract_id": "36047037900", "city": "BROOKLYN, NY", "zone_code": "R6B", "zone_category": "Residential", "ev_permitted": false}, "geometry": {"type": "Polygon", "coordinates": [[[-73.9223334488267, 40.6815949606601], [-73.9222358759355, 40.6816061113539], [-73.9222917412625, 40.6818904813008], [-73.9223893053828, 40.6818792855835], [-73.9223334488267, 40.6815949606601]]]}}, {"type": "Feature", "properties": {"zone_id": "0206G5GHBFJBAG78ZR9GM5", "tract_id": "36047037900", "city": "BROOKLYN, NY", "zone_code": "C2-4", "zone_category": "Commercial", "ev_permitted": true}, "geometry": {"type": "Polygon", "coordinates": [[[-73.9222358759355, 40.6816061113539], [-73.9221678317969, 40.681613887382], [-73.9222237032651, 40.6818982882832], [-73.9222917412625, 40.6818904813008], [-73.9222358759355, 40.6816061113539]]]}}, {"type": "Feature", "properties": {"zone_id": "0207MTT6P8KOQIF32TY290", "tract_id": "36047037900", "city": "BROOKLYN, NY", "zone_code": "R6B", "zone_category": "Residential", "ev_permitted": false}, "geometry": {"type": "Polygon", "coordinates": [[[-73.9221678317969, 40.681613887382], [-73.9221069390596, 40.6816208460966], [-73.9221628157784, 40.68190527584], [-73.9222237032651, 40.6818982882832], [-73.9221678317969, 40.681613887382]]]}}, {"type": "Feature", "properties": {"zone_id": "02077FNNXRTA55BHPNN1LW", "tract_id": "36047037900", "city": "BROOKLYN, NY", "zone_code": "C2-4", "zone_category": "Commercial", "ev_permitted": true}, "geometry": {"type": "Polygon", "coordinates": [[[-73.9221069390596, 40.6816208460966], [-73.9220438354345, 40.6816280576449], [-73.9220997183167, 40.6819125169348], [-73.9221628157784, 40.68190527584], [-73.9221069390596, 40.6816208460966]]]}}, {"type": "Feature", "properties": {"zone_id": "0202W5S8YDNBUWBD0RHYFL", "tract_id": "36047037900", "city": "", "zone_code": "C2-4", "zone_category": "Commercial", "ev_permitted": true}, "geometry": {"type": "Polygon", "coordinates": [[[-73.9220438354345, 40.6816280576449], [-73.9219797320567, 40.6816353823118], [-73.9220356201727, 40.6819198732562], [-73.9220997183167, 40.6819125169348], [-73.9220438354345, 40.6816280576449]]]}}, {"type": "Feature", "properties": {"zone_id": "0200EKU8WW3LKQSS2DCPU9", "tract_id": "36047037900", "city": "BROOKLYN, NY", "zone_code": "R5B", "zone_category": "Residential", "ev_permitted": false}, "geometry": {"type": "Polygon", "coordinates": [[[-73.9219797320567, 40.6816353823118], [-73.9219161502266, 40.6816426489761], [-73.9219720435833, 40.6819271673586], [-73.9220356201727, 40.6819198732562], [-73.9219797320567, 40.6816353823118]]]}}, {"type": "Feature", "properties": {"zone_id": "0200SBD7TYD8QV3WRRHIM2", "tract_id": "36047037900", "city": "BROOKLYN, NY", "zone_code": "R5B", "zone_category": "Residential", "ev_permitted": false}, "geometry": {"type": "Polygon", "coordinates": [[[-73.9219161502266, 40.6816426489761], [-73.921849281147, 40.6816502907022], [-73.9219051806496, 40.6819348400383], [-73.9219720435833, 40.6819271673586], [-73.9219161502266, 40.6816426489761]]]}}, {"type": "Feature", "properties": {"zone_id": "0206DXEWR4Q2JR3STDPWQK", "tract_id": "36047037900", "city": "BROOKLYN, NY", "zone_code": "R5B", "zone_category": "Residential", "ev_permitted": false}, "geometry": {"type": "Polygon", "coordinates": [[[-73.921849281147, 40.6816502907022], [-73.9217868550378, 40.6816574245741], [-73.9218427597834, 40.6819420034559], [-73.9219051806496, 40.6819348400383], [-73.921849281147, 40.6816502907022]]]}}, {"type": "Feature", "properties": {"zone_id": "0200RNG9BKZ5MD5Y4CVRCF", "tract_id": "36047037900", "city": "BROOKLYN, NY", "zone_code": "R5B", "zone_category": "Residential", "ev_permitted": false}, "geometry": {"type": "Polygon", "coordinates": [[[-73.9217868550378, 40.6816574245741], [-73.9217237919611, 40.6816646310557], [-73.9217797019479, 40.6819492387808], [-73.9218427597834, 40.6819420034559], [-73.9217868550378, 40.6816574245741]]]}}, {"type": "Feature", "properties": {"zone_id": "0203XE87MGKLLCFVB8V2L0", "tract_id": "36047037900", "city": "BROOKLYN, NY", "zone_code": "R5B", "zone_category": "Residential", "ev_permitted": false}, "geometry": {"type": "Polygon", "coordinates": [[[-73.9217237919611, 40.6816646310557], [-73.9216586573852, 40.6816720735923], [-73.9217145735241, 40.6819567129729], [-73.9217797019479, 40.6819492387808], [-73.9217237919611, 40.6816646310557]]]}}, {"type": "Feature", "properties": {"zone_id": "02018QVU52MPFU5UUBBKG8", "tract_id": "36047037900", "city": "BROOKLYN, NY", "zone_code": "R5B", "zone_category": "Residential", "ev_permitted": false}, "geometry": {"type": "Polygon", "coordinates": [[[-73.9216586573852, 40.6816720735923], [-73.9215973306733, 40.6816790823334], [-73.9216532520622, 40.6819637491512], [-73.9217145735241, 40.6819567129729], [-73.9216586573852, 40.6816720735923]]]}}, {"type": "Feature", "properties": {"zone_id": "0201JJWRLNXP3CK4KIMGQB", "tract_id": "36047037900", "city": "BROOKLYN, NY", "zone_code": "R5B", "zone_category": "Residential", "ev_permitted": false}, "geometry": {"type": "Polygon", "coordinates": [[[-73.9215973306733, 40.6816790823334], [-73.9215296925602, 40.6816868111825], [-73.9215856200906, 40.681971509657], [-73.9216532520622, 40.6819637491512], [-73.9215973306733, 40.6816790823334]]]}}, {"type": "Feature", "properties": {"zone_id": "0207BOC76EP0SOMRSRWO21", "tract_id": "36047037900", "city": "BROOKLYN, NY", "zone_code": "R5B", "zone_category": "Residential", "ev_permitted": false}, "geometry": {"type": "Polygon", "coordinates": [[[-73.9215296925602, 40.6816868111825], [-73.9214688347686, 40.6816937653673], [-73.9215247675491, 40.6819784926841], [-73.9215856200906, 40.681971509657], [-73.9215296925602, 40.6816868111825]]]}}, {"type": "Feature", "properties": {"zone_id": "0204E5P1EH85AD938IH1RN", "tract_id": "36047037900", "city": "BROOKLYN, NY", "zone_code": "R6B", "zone_category": "Residential", "ev_permitted": false}, "geometry": {"type": "Polygon", "coordinates": [[[-73.9223254972835, 40.6815544798488], [-73.9219542326149, 40.6815894530787], [-73.9219636171282, 40.6816372243039], [-73.9223334488267, 40.6815949606601], [-73.9223254972835, 40.6815544798488]]]}}, {"type": "Feature", "properties": {"zone_id": "0202Z3N42BZVMG9PPZGC2Z", "tract_id": "36047037900", "city": "BROOKLYN, NY", "zone_code": "R6B", "zone_category": "Residential", "ev_permitted": false}, "geometry": {"type": "Polygon", "coordinates": [[[-73.9223177999037, 40.6815153005386], [-73.9219465354491, 40.6815502737438], [-73.9219542326149, 40.6815894530787], [-73.9223254972835, 40.6815544798488], [-73.9223177999037, 40.6815153005386]]]}}, {"type": "Feature", "properties": {"zone_id": "0200AAK3H7XJHYI0KZ7H62", "tract_id": "36047037900", "city": "BROOKLYN, NY", "zone_code": "C2-4", "zone_category": "Commercial", "ev_permitted": true}, "geometry": {"type": "Polygon", "coordinates": [[[-73.9222995396531, 40.6814223555266], [-73.9219282766294, 40.6814573286739], [-73.9219465354491, 40.6815502737438], [-73.9223177999037, 40.6815153005386], [-73.9222995396531, 40.6814223555266]]]}}, {"type": "Feature", "properties": {"zone_id": "0200TUSWGQNQM7IP0TVDPI", "tract_id": "36047037900", "city": "BROOKLYN, NY", "zone_code": "R6B", "zone_category": "Residential", "ev_permitted": false}, "geometry": {"type": "Polygon", "coordinates": [[[-73.921908803983, 40.6813581979444], [-73.9218232198988, 40.6813679778013], [-73.9218780336161, 40.6816470049044], [-73.9219636171282, 40.6816372243039], [-73.921908803983, 40.6813581979444]]]}}, {"type": "Feature", "properties": {"zone_id": "0200ITOHTWUJO9O6ETIM2V", "tract_id": "36047037900", "city": "BROOKLYN, NY", "zone_code": "R5B", "zone_category": "Residential", "ev_permitted": false}, "geometry": {"type": "Polygon", "coordinates": [[[-73.9218232198988, 40.6813679778013], [-73.9217325623319, 40.6813783380557], [-73.9217873747562, 40.6816573644984], [-73.9218780336161, 40.6816470049044], [-73.9218232198988, 40.6813679778013]]]}}, {"type": "Feature", "properties": {"zone_id": "0203SI38XJEUTEADJNBEKB", "tract_id": "36047037900", "city": "BROOKLYN, NY", "zone_code": "R6B", "zone_category": "Residential", "ev_permitted": false}, "geometry": {"type": "Polygon", "coordinates": [[[-73.9217325623319, 40.6813783380557], [-73.9216409603871, 40.6813888058057], [-73.9216957733597, 40.6816678322922], [-73.9217873747562, 40.6816573644984], [-73.9217325623319, 40.6813783380557]]]}}, {"type": "Feature", "properties": {"zone_id": "0207GDT2NTYV2UA9LFIGW3", "tract_id": "36047037900", "city": "BROOKLYN, NY", "zone_code": "R5B", "zone_category": "Residential", "ev_permitted": false}, "geometry": {"type": "Polygon", "coordinates": [[[-73.9216409603871, 40.6813888058057], [-73.9215539776995, 40.6813987454194], [-73.9216087912385, 40.6816777726504], [-73.9216957733597, 40.6816678322922], [-73.9216409603871, 40.6813888058057]]]}}, {"type": "Feature", "properties": {"zone_id": "0202A2DFPNE8RPET65EZ9J", "tract_id": "36047037900", "city": "BROOKLYN, NY", "zone_code": "R5B", "zone_category": "Residential", "ev_permitted": false}, "geometry": {"type": "Polygon", "coordinates": [[[-73.9215539776995, 40.6813987454194], [-73.9214671906863, 40.6814086633184], [-73.9215220029482, 40.6816876898871], [-73.9216087912385, 40.6816777726504], [-73.9215539776995, 40.6813987454194]]]}}, {"type": "Feature", "properties": {"zone_id": "0205WRCHEOUZMHQDF3CCBQ", "tract_id": "36047037900", "city": "BROOKLYN, NY", "zone_code": "R6B", "zone_category": "Residential", "ev_permitted": false}, "geometry": {"type": "Polygon", "coordinates": [[[-73.9222786332459, 40.6813159344748], [-73.921908803983, 40.6813581979444], [-73.9219282766294, 40.6814573286739], [-73.9222995396531, 40.6814223555266], [-73.9222786332459, 40.6813159344748]]]}}, {"type": "Feature", "properties": {"zone_id": "0201D5OZOI6CX2ZU1XQK7U", "tract_id": "36047037900", "city": "BROOKLYN, NY", "zone_code": "C2-4", "zone_category": "Commercial", "ev_permitted": true}, "geometry": {"type": "Polygon", "coordinates": [[[-73.9222345223928, 40.6810825070181], [-73.9219460048518, 40.6811156628188], [-73.9219568730285, 40.6811724804232], [-73.9222453889607, 40.6811393274049], [-73.9222345223928, 40.6810825070181]]]}}, {"type": "Feature", "properties": {"zone_id": "0206KEN17H6WOWRMX8PJE6", "tract_id": "36047037900", "city": "BROOKLYN, NY", "zone_code": "R6B", "zone_category": "Residential", "ev_permitted": false}, "geometry": {"type": "Polygon", "coordinates": [[[-73.9222250842304, 40.6810331526778], [-73.9219365696673, 40.681066308457], [-73.9219460048518, 40.6811156628188], [-73.9222345223928, 40.6810825070181], [-73.9222250842304, 40.6810331526778]]]}}, {"type": "Feature", "properties": {"zone_id": "020683XQ6SJ5J3ELFPYEPY", "tract_id": "36047037900", "city": "BROOKLYN, NY", "zone_code": "R6B", "zone_category": "Residential", "ev_permitted": false}, "geometry": {"type": "Polygon", "coordinates": [[[-73.9222141268803, 40.6809758530114], [-73.9219256116366, 40.6810090087627], [-73.9219365696673, 40.681066308457], [-73.9222250842304, 40.6810331526778], [-73.9222141268803, 40.6809758530114]]]}}, {"type": "Feature", "properties": {"zone_id": "02033EVBBQA6QBUNLIX36A", "tract_id": "36047037900", "city": "BROOKLYN, NY", "zone_code": "R6B", "zone_category": "Residential", "ev_permitted": false}, "geometry": {"type": "Polygon", "coordinates": [[[-73.9222033658698, 40.6809195807684], [-73.9219148434795, 40.6809527371905], [-73.9219256116366, 40.6810090087627], [-73.9222141268803, 40.6809758530114], [-73.9222033658698, 40.6809195807684]]]}}, {"type": "Feature", "properties": {"zone_id": "020409X9AFGYZXEGLXYXW5", "tract_id": "36047037900", "city": "BROOKLYN, NY", "zone_code": "R6B", "zone_category": "Residential", "ev_permitted": false}, "geometry": {"type": "Polygon", "coordinates": [[[-73.9221926131352, 40.6808633506892], [-73.9219040799128, 40.6808965021585], [-73.9219148434795, 40.6809527371905], [-73.9222033658698, 40.6809195807684], [-73.9221926131352, 40.6808633506892]]]}}, {"type": "Feature", "properties": {"zone_id": "0206XYQAHAWV2CMWWL9MZR", "tract_id": "36047037900", "city": "BROOKLYN, NY", "zone_code": "R6B", "zone_category": "Residential", "ev_permitted": false}, "geometry": {"type": "Polygon", "coordinates": [[[-73.9219040799128, 40.6808965021585], [-73.9218230417628, 40.680905812209], [-73.9218762213307, 40.6811817507215], [-73.9219568730285, 40.6811724804232], [-73.9219040799128, 40.6808965021585]]]}}, {"type": "Feature", "properties": {"zone_id": "0206ALTUT3FJABCNIJFQRS", "tract_id": "36047037900", "city": "BROOKLYN, NY", "zone_code": "R6B", "zone_category": "Residential", "ev_permitted": false}, "geometry": {"type": "Polygon", "coordinates": [[[-73.9218230417628, 40.680905812209], [-73.9217326552297, 40.6809161979437], [-73.9217858353531, 40.6811921379036], [-73.9218762213307, 40.6811817507215], [-73.9218230417628, 40.680905812209]]]}}, {"type": "Feature", "properties": {"zone_id": "0202DT5CNBSR094NBRFCD5", "tract_id": "36047037900", "city": "BROOKLYN, NY", "zone_code": "R6B", "zone_category": "Residential", "ev_permitted": false}, "geometry": {"type": "Polygon", "coordinates": [[[-73.9217326552297, 40.6809161979437], [-73.9216445053662, 40.6809263300642], [-73.9216976851364, 40.6812022672538], [-73.9217858353531, 40.6811921379036], [-73.9217326552297, 40.6809161979437]]]}}, {"type": "Feature", "properties": {"zone_id": "0207H7DZDDX8R24ZU5CHED", "tract_id": "36047037900", "city": "BROOKLYN, NY", "zone_code": "R6B", "zone_category": "Residential", "ev_permitted": false}, "geometry": {"type": "Polygon", "coordinates": [[[-73.9216445053662, 40.6809263300642], [-73.9215500688455, 40.6809373811292], [-73.9216032096969, 40.6812131236984], [-73.9216976851364, 40.6812022672538], [-73.9216445053662, 40.6809263300642]]]}}, {"type": "Feature", "properties": {"zone_id": "0204C3YCVTD8LH2XUZ3ENQ", "tract_id": "36047037900", "city": "BROOKLYN, NY", "zone_code": "R6B", "zone_category": "Residential", "ev_permitted": false}, "geometry": {"type": "Polygon", "coordinates": [[[-73.9215500688455, 40.6809373811292], [-73.921478109656, 40.6809454428745], [-73.921531289666, 40.6812213885729], [-73.9216032096969, 40.6812131236984], [-73.9215500688455, 40.6809373811292]]]}}, {"type": "Feature", "properties": {"zone_id": "0204RJMKJC6QPJT4VOEWQI", "tract_id": "36047037900", "city": "BROOKLYN, NY", "zone_code": "R6B", "zone_category": "Residential", "ev_permitted": false}, "geometry": {"type": "Polygon", "coordinates": [[[-73.922139730409, 40.6805868159536], [-73.9217697534578, 40.680629312864], [-73.9218230417628, 40.680905812209], [-73.9221926131352, 40.6808633506892], [-73.922139730409, 40.6805868159536]]]}}, {"type": "Feature", "properties": {"zone_id": "0207GFPCYLZTI5ZOQ5DJDG", "tract_id": "36047037900", "city": "BROOKLYN, NY", "zone_code": "R6B", "zone_category": "Residential", "ev_permitted": false}, "geometry": {"type": "Polygon", "coordinates": [[[-73.9217697534578, 40.680629312864], [-73.9216793672961, 40.6806396943413], [-73.9217326552297, 40.6809161979437], [-73.9218230417628, 40.680905812209], [-73.9217697534578, 40.680629312864]]]}}, {"type": "Feature", "properties": {"zone_id": "0207DP7Y0875JC2IGGRBZY", "tract_id": "36047037900", "city": "", "zone_code": "R6B", "zone_category": "Residential", "ev_permitted": false}, "geometry": {"type": "Polygon", "coordinates": [[[-73.9216793672961, 40.6806396943413], [-73.9215912168753, 40.680649819394], [-73.9216445053662, 40.6809263300642], [-73.9217326552297, 40.6809161979437], [-73.9216793672961, 40.6806396943413]]]}}, {"type": "Feature", "properties": {"zone_id": "02066EPBGVEMT1ECM3SNJR", "tract_id": "36047037900", "city": "BROOKLYN, NY", "zone_code": "R6B", "zone_category": "Residential", "ev_permitted": false}, "geometry": {"type": "Polygon", "coordinates": [[[-73.9215912168753, 40.680649819394], [-73.9214702452805, 40.6806637142515], [-73.9215235406665, 40.680940223577], [-73.9216445053662, 40.6809263300642], [-73.9215912168753, 40.680649819394]]]}}, {"type": "Feature", "properties": {"zone_id": "0201CPZUWL03AKZ7RIUFEP", "tract_id": "36047037900", "city": "BROOKLYN, NY", "zone_code": "R5B", "zone_category": "Residential", "ev_permitted": false}, "geometry": {"type": "Polygon", "coordinates": [[[-73.9214688347686, 40.6816937653673], [-73.9214065941254, 40.6817008780797], [-73.9214625321502, 40.6819856342394], [-73.9215247675491, 40.6819784926841], [-73.9214688347686, 40.6816937653673]]]}}, {"type": "Feature", "properties": {"zone_id": "0203O0ANGY52VNNV5I9HTD", "tract_id": "36047037900", "city": "BROOKLYN, NY", "zone_code": "R5B", "zone_category": "Residential", "ev_permitted": false}, "geometry": {"type": "Polygon", "coordinates": [[[-73.9214065941254, 40.6817008780797], [-73.9213469040591, 40.6817076987892], [-73.9214028473405, 40.6819924823851], [-73.9214625321502, 40.6819856342394], [-73.9214065941254, 40.6817008780797]]]}}, {"type": "Feature", "properties": {"zone_id": "0201JN04AAUA6JBVUHFD1C", "tract_id": "36047037900", "city": "BROOKLYN, NY", "zone_code": "R5B", "zone_category": "Residential", "ev_permitted": false}, "geometry": {"type": "Polygon", "coordinates": [[[-73.9213469040591, 40.6817076987892], [-73.9212819281754, 40.6817151236543], [-73.921337877611, 40.6819999375005], [-73.9214028473405, 40.6819924823851], [-73.9213469040591, 40.6817076987892]]]}}, {"type": "Feature", "properties": {"zone_id": "0200DWQXI1QN77YW1347Z3", "tract_id": "36047037900", "city": "BROOKLYN, NY", "zone_code": "R5B", "zone_category": "Residential", "ev_permitted": false}, "geometry": {"type": "Polygon", "coordinates": [[[-73.9212819281754, 40.6817151236543], [-73.9212234667612, 40.6817218039052], [-73.9212794205353, 40.6820066451866], [-73.921337877611, 40.6819999375005], [-73.9212819281754, 40.6817151236543]]]}}, {"type": "Feature", "properties": {"zone_id": "0204M1NIZ5CJBGZL5RQ5LQ", "tract_id": "36047037900", "city": "BROOKLYN, NY", "zone_code": "R5B", "zone_category": "Residential", "ev_permitted": false}, "geometry": {"type": "Polygon", "coordinates": [[[-73.9212234667612, 40.6817218039052], [-73.921162302428, 40.6817287935538], [-73.9212182623745, 40.6820136629756], [-73.9212794205353, 40.6820066451866], [-73.9212234667612, 40.6817218039052]]]}}, {"type": "Feature", "properties": {"zone_id": "0206VFESFSTBQJWFQTXH0I", "tract_id": "36047037900", "city": "BROOKLYN, NY", "zone_code": "R5B", "zone_category": "Residential", "ev_permitted": false}, "geometry": {"type": "Polygon", "coordinates": [[[-73.921162302428, 40.6817287935538], [-73.9210982597819, 40.6817361114474], [-73.9211542249633, 40.6820210111183], [-73.9212182623745, 40.6820136629756], [-73.921162302428, 40.6817287935538]]]}}, {"type": "Feature", "properties": {"zone_id": "0204B23PCXHD96XCDXZCUX", "tract_id": "36047037900", "city": "BROOKLYN, NY", "zone_code": "R5B", "zone_category": "Residential", "ev_permitted": false}, "geometry": {"type": "Polygon", "coordinates": [[[-73.9210982597819, 40.6817361114474], [-73.9210394050794, 40.6817428370082], [-73.9210953745984, 40.6820277634118], [-73.9211542249633, 40.6820210111183], [-73.9210982597819, 40.6817361114474]]]}}, {"type": "Feature", "properties": {"zone_id": "0201TR2VCY1J7KD3YV289E", "tract_id": "36047037900", "city": "BROOKLYN, NY", "zone_code": "R5B", "zone_category": "Residential", "ev_permitted": false}, "geometry": {"type": "Polygon", "coordinates": [[[-73.9210394050794, 40.6817428370082], [-73.9209764812332, 40.6817500270146], [-73.9210324559924, 40.6820349829641], [-73.9210953745984, 40.6820277634118], [-73.9210394050794, 40.6817428370082]]]}}, {"type": "Feature", "properties": {"zone_id": "0201G822QJVEKI0W2324W6", "tract_id": "36047037900", "city": "BROOKLYN, NY", "zone_code": "R5B", "zone_category": "Residential", "ev_permitted": false}, "geometry": {"type": "Polygon", "coordinates": [[[-73.9209764812332, 40.6817500270146], [-73.9209181249937, 40.6817566952373], [-73.9209741050139, 40.6820416793253], [-73.9210324559924, 40.6820349829641], [-73.9209764812332, 40.6817500270146]]]}}, {"type": "Feature", "properties": {"zone_id": "0207IIIJ61KKG8URL4J3L0", "tract_id": "36047037900", "city": "BROOKLYN, NY", "zone_code": "R5B", "zone_category": "Residential", "ev_permitted": false}, "geometry": {"type": "Polygon", "coordinates": [[[-73.9209181249937, 40.6817566952373], [-73.9208504710296, 40.6817644257843], [-73.9209064571915, 40.6820494408264], [-73.9209741050139, 40.6820416793253], [-73.9209181249937, 40.6817566952373]]]}}, {"type": "Feature", "properties": {"zone_id": "02053TSZHL201Q7CKUIDLZ", "tract_id": "36047037900", "city": "BROOKLYN, NY", "zone_code": "R5B", "zone_category": "Residential", "ev_permitted": false}, "geometry": {"type": "Polygon", "coordinates": [[[-73.9208504710296, 40.6817644257843], [-73.9207940376347, 40.6817708739282], [-73.920850029068, 40.6820559149998], [-73.9209064571915, 40.6820494408264], [-73.9208504710296, 40.6817644257843]]]}}, {"type": "Feature", "properties": {"zone_id": "0202T1RIYWJLNKKB1SUVME", "tract_id": "36047037900", "city": "BROOKLYN, NY", "zone_code": "R5B", "zone_category": "Residential", "ev_permitted": false}, "geometry": {"type": "Polygon", "coordinates": [[[-73.9205473028333, 40.6817990674798], [-73.9204860294302, 40.6818060686389], [-73.9205420461728, 40.6820912532206], [-73.9206033161743, 40.6820842232203], [-73.9205473028333, 40.6817990674798]]]}}, {"type": "Feature", "properties": {"zone_id": "0206AMR7RJAF68CAJN3QO9", "tract_id": "36047037900", "city": "BROOKLYN, NY", "zone_code": "R5B", "zone_category": "Residential", "ev_permitted": false}, "geometry": {"type": "Polygon", "coordinates": [[[-73.9204860294302, 40.6818060686389], [-73.9204239353544, 40.6818131640572], [-73.9204799591879, 40.6820983767805], [-73.9205420461728, 40.6820912532206], [-73.9204860294302, 40.6818060686389]]]}}, {"type": "Feature", "properties": {"zone_id": "0205EYYNNP440V8Y3LNNDN", "tract_id": "36047037900", "city": "BROOKLYN, NY", "zone_code": "R5B", "zone_category": "Residential", "ev_permitted": false}, "geometry": {"type": "Polygon", "coordinates": [[[-73.9204239353544, 40.6818131640572], [-73.9203634613529, 40.6818200736552], [-73.9204194904373, 40.6821053152205], [-73.9204799591879, 40.6820983767805], [-73.9204239353544, 40.6818131640572]]]}}, {"type": "Feature", "properties": {"zone_id": "02047E87KWCWDLXW7LX375", "tract_id": "36047037900", "city": "BROOKLYN, NY", "zone_code": "R5B", "zone_category": "Residential", "ev_permitted": false}, "geometry": {"type": "Polygon", "coordinates": [[[-73.9203634613529, 40.6818200736552], [-73.9202876542061, 40.6818287355794], [-73.9203436903155, 40.6821140123195], [-73.9204194904373, 40.6821053152205], [-73.9203634613529, 40.6818200736552]]]}}, {"type": "Feature", "properties": {"zone_id": "0202FWWCO7KJWZZ2Y1GBZ3", "tract_id": "36047037900", "city": "BROOKLYN, NY", "zone_code": "R5B", "zone_category": "Residential", "ev_permitted": false}, "geometry": {"type": "Polygon", "coordinates": [[[-73.9202933321091, 40.681857639301], [-73.9202253077958, 40.6818654120863], [-73.9202756721706, 40.6821218160559], [-73.9203436903155, 40.6821140123195], [-73.9202933321091, 40.681857639301]]]}}, {"type": "Feature", "properties": {"zone_id": "0204QE21R0WPX799XJKTTK", "tract_id": "36047037900", "city": "BROOKLYN, NY", "zone_code": "R5B", "zone_category": "Residential", "ev_permitted": false}, "geometry": {"type": "Polygon", "coordinates": [[[-73.9202253077958, 40.6818654120863], [-73.920153504184, 40.6818736157513], [-73.9202038747087, 40.682130054187], [-73.9202756721706, 40.6821218160559], [-73.9202253077958, 40.6818654120863]]]}}, {"type": "Feature", "properties": {"zone_id": "0204GLOWQXX4SBVPYS91HX", "tract_id": "36047037900", "city": "BROOKLYN, NY", "zone_code": "R5B", "zone_category": "Residential", "ev_permitted": false}, "geometry": {"type": "Polygon", "coordinates": [[[-73.920153504184, 40.6818736157513], [-73.920085127203, 40.6818814289634], [-73.9201355048169, 40.6821378990537], [-73.9202038747087, 40.682130054187], [-73.920153504184, 40.6818736157513]]]}}, {"type": "Feature", "properties": {"zone_id": "02054S4HHGHAMO71X9VP9F", "tract_id": "36047037900", "city": "BROOKLYN, NY", "zone_code": "R5B", "zone_category": "Residential", "ev_permitted": false}, "geometry": {"type": "Polygon", "coordinates": [[[-73.9207940376347, 40.6817708739282], [-73.9207311026587, 40.6817780644954], [-73.9207870993312, 40.6820631358157], [-73.920850029068, 40.6820559149998], [-73.9207940376347, 40.6817708739282]]]}}, {"type": "Feature", "properties": {"zone_id": "02074Y3K2NO2BACAVW0GR8", "tract_id": "36047037900", "city": "BROOKLYN, NY", "zone_code": "R5B", "zone_category": "Residential", "ev_permitted": false}, "geometry": {"type": "Polygon", "coordinates": [[[-73.9207311026587, 40.6817780644954], [-73.9206669519113, 40.6817853954251], [-73.9207229538194, 40.6820704955893], [-73.9207870993312, 40.6820631358157], [-73.9207311026587, 40.6817780644954]]]}}, {"type": "Feature", "properties": {"zone_id": "020227CYRAI0PCDS65ACYL", "tract_id": "36047037900", "city": "BROOKLYN, NY", "zone_code": "R5B", "zone_category": "Residential", "ev_permitted": false}, "geometry": {"type": "Polygon", "coordinates": [[[-73.9206669519113, 40.6817853954251], [-73.9206053905174, 40.6817924301769], [-73.9206613985958, 40.6820775584818], [-73.9207229538194, 40.6820704955893], [-73.9206669519113, 40.6817853954251]]]}}, {"type": "Feature", "properties": {"zone_id": "0204EBMXAY5JJ1S2QT85M2", "tract_id": "36047037900", "city": "BROOKLYN, NY", "zone_code": "R5B", "zone_category": "Residential", "ev_permitted": false}, "geometry": {"type": "Polygon", "coordinates": [[[-73.9206053905174, 40.6817924301769], [-73.9205473028333, 40.6817990674798], [-73.9206033161743, 40.6820842232203], [-73.9206613985958, 40.6820775584818], [-73.9206053905174, 40.6817924301769]]]}}, {"type": "Feature", "properties": {"zone_id": "0206FVP7VYQZXRDDV1GC1F", "tract_id": "36047037900", "city": "BROOKLYN, NY", "zone_code": "R5B", "zone_category": "Residential", "ev_permitted": false}, "geometry": {"type": "Polygon", "coordinates": [[[-73.9203086538298, 40.6815410465391], [-73.9202145857771, 40.6815517946185], [-73.9202750708107, 40.6818597255015], [-73.9202933321091, 40.681857639301], [-73.9202876542061, 40.6818287355794], [-73.9203634613529, 40.6818200736552], [-73.9203086538298, 40.6815410465391]]]}}, {"type": "Feature", "properties": {"zone_id": "0204TNL0LSWHH3PNXCQJAP", "tract_id": "36047037900", "city": "BROOKLYN, NY", "zone_code": "R5B", "zone_category": "Residential", "ev_permitted": false}, "geometry": {"type": "Polygon", "coordinates": [[[-73.920085127203, 40.6818814289634], [-73.920010847727, 40.6818899161007], [-73.9200612314822, 40.6821464199555], [-73.9201355048169, 40.6821378990537], [-73.920085127203, 40.6818814289634]]]}}, {"type": "Feature", "properties": {"zone_id": "0200NG8XZF6YWVWE89ZVJQ", "tract_id": "36047037900", "city": "BROOKLYN, NY", "zone_code": "R5B", "zone_category": "Residential", "ev_permitted": false}, "geometry": {"type": "Polygon", "coordinates": [[[-73.920010847727, 40.6818899161007], [-73.9199168926784, 40.6819006513672], [-73.9199679212958, 40.6821571261997], [-73.9200612314822, 40.6821464199555], [-73.920010847727, 40.6818899161007]]]}}, {"type": "Feature", "properties": {"zone_id": "0207LYAFZQ18XNDRN5B6C7", "tract_id": "36047037900", "city": "BROOKLYN, NY", "zone_code": "R6B", "zone_category": "Residential", "ev_permitted": false}, "geometry": {"type": "Polygon", "coordinates": [[[-73.9196783440769, 40.6819043012534], [-73.9195803381858, 40.6819155646299], [-73.9196370541066, 40.68219033458], [-73.9197350585451, 40.682179071857], [-73.9196783440769, 40.6819043012534]]]}}, {"type": "Feature", "properties": {"zone_id": "0206A9ECUBMAK8Q5H928V1", "tract_id": "36047037900", "city": "BROOKLYN, NY", "zone_code": "R6B", "zone_category": "Residential", "ev_permitted": false}, "geometry": {"type": "Polygon", "coordinates": [[[-73.9195803381858, 40.6819155646299], [-73.9195133097324, 40.6819232681267], [-73.9195683526649, 40.6821982308752], [-73.9196370541066, 40.68219033458], [-73.9195803381858, 40.6819155646299]]]}}, {"type": "Feature", "properties": {"zone_id": "0203OCY1VGPK02PRX2A0YP", "tract_id": "36047037900", "city": "BROOKLYN, NY", "zone_code": "R6B", "zone_category": "Residential", "ev_permitted": false}, "geometry": {"type": "Polygon", "coordinates": [[[-73.9195133097324, 40.6819232681267], [-73.9194406206301, 40.6819316217999], [-73.9194956632697, 40.6822065845829], [-73.9195683526649, 40.6821982308752], [-73.9195133097324, 40.6819232681267]]]}}, {"type": "Feature", "properties": {"zone_id": "02013Z25MND96ZSG3UENT8", "tract_id": "36047037900", "city": "BROOKLYN, NY", "zone_code": "R6B", "zone_category": "Residential", "ev_permitted": false}, "geometry": {"type": "Polygon", "coordinates": [[[-73.9202346559567, 40.6816539734937], [-73.9198759674929, 40.6816949579022], [-73.91988507052, 40.6817407103531], [-73.9202444135538, 40.6817036486297], [-73.9202346559567, 40.6816539734937]]]}}, {"type": "Feature", "properties": {"zone_id": "0201ZEZK1ZZD40N3AA8B8I", "tract_id": "36047037900", "city": "BROOKLYN, NY", "zone_code": "R6B", "zone_category": "Residential", "ev_permitted": false}, "geometry": {"type": "Polygon", "coordinates": [[[-73.9202444135538, 40.6817036486297], [-73.91988507052, 40.6817407103531], [-73.9198960442625, 40.6817958650213], [-73.9202544821665, 40.6817549091858], [-73.9202444135538, 40.6817036486297]]]}}, {"type": "Feature", "properties": {"zone_id": "02050OC24INWO8H5GQDZSH", "tract_id": "36047037900", "city": "BROOKLYN, NY", "zone_code": "R6B", "zone_category": "Residential", "ev_permitted": false}, "geometry": {"type": "Polygon", "coordinates": [[[-73.9202544821665, 40.6817549091858], [-73.9198960442625, 40.6817958650213], [-73.9199069152656, 40.6818505045652], [-73.9202652177556, 40.6818095654661], [-73.9202544821665, 40.6817549091858]]]}}, {"type": "Feature", "properties": {"zone_id": "020736YEFXLB8BWI8DHPGB", "tract_id": "36047037900", "city": "BROOKLYN, NY", "zone_code": "R5B", "zone_category": "Residential", "ev_permitted": false}, "geometry": {"type": "Polygon", "coordinates": [[[-73.9202652177556, 40.6818095654661], [-73.9199069152656, 40.6818505045652], [-73.9199168926784, 40.6819006513672], [-73.9202750708107, 40.6818597255015], [-73.9202652177556, 40.6818095654661]]]}}, {"type": "Feature", "properties": {"zone_id": "0206Q3P7TI6AAEC32HSLEW", "tract_id": "36047037900", "city": "BROOKLYN, NY", "zone_code": "R6B", "zone_category": "Residential", "ev_permitted": false}, "geometry": {"type": "Polygon", "coordinates": [[[-73.9196354763468, 40.6816966135967], [-73.9193470397736, 40.6817297622348], [-73.9193577593408, 40.681783310491], [-73.9196465220038, 40.6817501248127], [-73.9196354763468, 40.6816966135967]]]}}, {"type": "Feature", "properties": {"zone_id": "020591T2RTS7CNO472PMLM", "tract_id": "36047037900", "city": "BROOKLYN, NY", "zone_code": "R6B", "zone_category": "Residential", "ev_permitted": false}, "geometry": {"type": "Polygon", "coordinates": [[[-73.9196465220038, 40.6817501248127], [-73.9193577593408, 40.681783310491], [-73.9193678458745, 40.6818336998363], [-73.9196569143075, 40.6818004778078], [-73.9196465220038, 40.6817501248127]]]}}, {"type": "Feature", "properties": {"zone_id": "0206FRNEFEWC0RUZFZCK35", "tract_id": "36047037900", "city": "BROOKLYN, NY", "zone_code": "R6B", "zone_category": "Residential", "ev_permitted": false}, "geometry": {"type": "Polygon", "coordinates": [[[-73.9196569143075, 40.6818004778078], [-73.9193678458745, 40.6818336998363], [-73.9193778168278, 40.6818835079977], [-73.9196671882572, 40.6818502517254], [-73.9196569143075, 40.6818004778078]]]}}, {"type": "Feature", "properties": {"zone_id": "0205MZE0RFH5FDDTWUWOSS", "tract_id": "36047037900", "city": "BROOKLYN, NY", "zone_code": "R6B", "zone_category": "Residential", "ev_permitted": false}, "geometry": {"type": "Polygon", "coordinates": [[[-73.9196671882572, 40.6818502517254], [-73.9193778168278, 40.6818835079977], [-73.9193886428612, 40.6819375952664], [-73.9196783440769, 40.6819043012534], [-73.9196671882572, 40.6818502517254]]]}}, {"type": "Feature", "properties": {"zone_id": "0204571H4KPOZDR6WB33AJ", "tract_id": "36047037900", "city": "BROOKLYN, NY", "zone_code": "R6B", "zone_category": "Residential", "ev_permitted": false}, "geometry": {"type": "Polygon", "coordinates": [[[-73.9194406206301, 40.6819316217999], [-73.9193656329153, 40.6819402394227], [-73.9194206761749, 40.6822152029446], [-73.9194956632697, 40.6822065845829], [-73.9194406206301, 40.6819316217999]]]}}, {"type": "Feature", "properties": {"zone_id": "02004MUC68FGGEEPKOVB7Q", "tract_id": "36047037900", "city": "BROOKLYN, NY", "zone_code": "R6B", "zone_category": "Residential", "ev_permitted": false}, "geometry": {"type": "Polygon", "coordinates": [[[-73.9193656329153, 40.6819402394227], [-73.9192946478747, 40.6819483974525], [-73.9193496899253, 40.6822233610074], [-73.9194206761749, 40.6822152029446], [-73.9193656329153, 40.6819402394227]]]}}, {"type": "Feature", "properties": {"zone_id": "0206TEGJ4VDQRYJRW2HERZ", "tract_id": "36047037900", "city": "BROOKLYN, NY", "zone_code": "R6B", "zone_category": "Residential", "ev_permitted": false}, "geometry": {"type": "Polygon", "coordinates": [[[-73.9192946478747, 40.6819483974525], [-73.91922317448, 40.6819566120113], [-73.9192782162436, 40.6822315748974], [-73.9193496899253, 40.6822233610074], [-73.9192946478747, 40.6819483974525]]]}}, {"type": "Feature", "properties": {"zone_id": "0200MRM92PHESPB99G8Z22", "tract_id": "36047037900", "city": "BROOKLYN, NY", "zone_code": "R6B", "zone_category": "Residential", "ev_permitted": false}, "geometry": {"type": "Polygon", "coordinates": [[[-73.91922317448, 40.6819566120113], [-73.919150260984, 40.6819649913421], [-73.919205303377, 40.6822399542634], [-73.9192782162436, 40.6822315748974], [-73.91922317448, 40.6819566120113]]]}}, {"type": "Feature", "properties": {"zone_id": "0204IDWWGOQBTFQ0LIQRUZ", "tract_id": "36047037900", "city": "BROOKLYN, NY", "zone_code": "R6B", "zone_category": "Residential", "ev_permitted": false}, "geometry": {"type": "Polygon", "coordinates": [[[-73.919150260984, 40.6819649913421], [-73.9190858661253, 40.681972391485], [-73.9191409082579, 40.6822473551396], [-73.919205303377, 40.6822399542634], [-73.919150260984, 40.6819649913421]]]}}, {"type": "Feature", "properties": {"zone_id": "0201O8G6SKFP09IEPG1NIH", "tract_id": "36047037900", "city": "BROOKLYN, NY", "zone_code": "R6B", "zone_category": "Residential", "ev_permitted": false}, "geometry": {"type": "Polygon", "coordinates": [[[-73.9190858661253, 40.681972391485], [-73.9190119399193, 40.6819808873606], [-73.919066980832, 40.6822558503469], [-73.9191409082579, 40.6822473551396], [-73.9190858661253, 40.681972391485]]]}}, {"type": "Feature", "properties": {"zone_id": "0200GROP14441EXSC8YSTI", "tract_id": "36047037900", "city": "BROOKLYN, NY", "zone_code": "R6B", "zone_category": "Residential", "ev_permitted": false}, "geometry": {"type": "Polygon", "coordinates": [[[-73.9190119399193, 40.6819808873606], [-73.9189420810126, 40.6819889159731], [-73.9189971216439, 40.6822638789925], [-73.919066980832, 40.6822558503469], [-73.9190119399193, 40.6819808873606]]]}}, {"type": "Feature", "properties": {"zone_id": "0204Z5BVXV7GAGSTGS2UXU", "tract_id": "36047037900", "city": "BROOKLYN, NY", "zone_code": "R6B", "zone_category": "Residential", "ev_permitted": false}, "geometry": {"type": "Polygon", "coordinates": [[[-73.9189420810126, 40.6819889159731], [-73.9188710340187, 40.6819970807245], [-73.9189260743638, 40.6822720437777], [-73.9189971216439, 40.6822638789925], [-73.9189420810126, 40.6819889159731]]]}}, {"type": "Feature", "properties": {"zone_id": "02019TB6L6LHMTS1XM4B2H", "tract_id": "36047037900", "city": "BROOKLYN, NY", "zone_code": "R6B", "zone_category": "Residential", "ev_permitted": false}, "geometry": {"type": "Polygon", "coordinates": [[[-73.9188710340187, 40.6819970807245], [-73.9188043146508, 40.6820047481905], [-73.9188593547271, 40.6822797112753], [-73.9189260743638, 40.6822720437777], [-73.9188710340187, 40.6819970807245]]]}}, {"type": "Feature", "properties": {"zone_id": "02001DQCJ7K3EFBDMLZWMH", "tract_id": "36047037900", "city": "BROOKLYN, NY", "zone_code": "R6B", "zone_category": "Residential", "ev_permitted": false}, "geometry": {"type": "Polygon", "coordinates": [[[-73.9188043146508, 40.6820047481905], [-73.9187361062559, 40.6820125860158], [-73.9187911469796, 40.6822875498363], [-73.9188593547271, 40.6822797112753], [-73.9188043146508, 40.6820047481905]]]}}, {"type": "Feature", "properties": {"zone_id": "02071E3GE74Z8YU3SD56ZR", "tract_id": "36047037900", "city": "BROOKLYN, NY", "zone_code": "R6B", "zone_category": "Residential", "ev_permitted": false}, "geometry": {"type": "Polygon", "coordinates": [[[-73.9193321091171, 40.6816551698086], [-73.919231007417, 40.6816667469152], [-73.9192875508465, 40.6819492131838], [-73.9193886428612, 40.6819375952664], [-73.9193321091171, 40.6816551698086]]]}}, {"type": "Feature", "properties": {"zone_id": "0201EO32RZ51M3RTJHFSPR", "tract_id": "36047037900", "city": "BROOKLYN, NY", "zone_code": "R6B", "zone_category": "Residential", "ev_permitted": false}, "geometry": {"type": "Polygon", "coordinates": [[[-73.919231007417, 40.6816667469152], [-73.9191359475451, 40.6816776325437], [-73.9191924988422, 40.6819601368082], [-73.9192875508465, 40.6819492131838], [-73.919231007417, 40.6816667469152]]]}}, {"type": "Feature", "properties": {"zone_id": "0204T3TX8IBWYMDKR2IART", "tract_id": "36047037900", "city": "", "zone_code": "R6B", "zone_category": "Residential", "ev_permitted": false}, "geometry": {"type": "Polygon", "coordinates": [[[-73.9191359475451, 40.6816776325437], [-73.9190500450616, 40.6816874691379], [-73.9191066024215, 40.6819700085819], [-73.9191924988422, 40.6819601368082], [-73.9191359475451, 40.6816776325437]]]}}, {"type": "Feature", "properties": {"zone_id": "0200NJGVGWWWOPXPFD5AMD", "tract_id": "36047037900", "city": "BROOKLYN, NY", "zone_code": "R6B", "zone_category": "Residential", "ev_permitted": false}, "geometry": {"type": "Polygon", "coordinates": [[[-73.9190500450616, 40.6816874691379], [-73.9189553746912, 40.6816983092182], [-73.9190119399193, 40.6819808873606], [-73.9191066024215, 40.6819700085819], [-73.9190500450616, 40.6816874691379]]]}}, {"type": "Feature", "properties": {"zone_id": "0207BV1RQHBKTKQR6SAEZF", "tract_id": "36047037900", "city": "BROOKLYN, NY", "zone_code": "R6B", "zone_category": "Residential", "ev_permitted": false}, "geometry": {"type": "Polygon", "coordinates": [[[-73.9189553746912, 40.6816983092182], [-73.9188578970587, 40.6817094711683], [-73.9189144692195, 40.6819920887124], [-73.9190119399193, 40.6819808873606], [-73.9189553746912, 40.6816983092182]]]}}, {"type": "Feature", "properties": {"zone_id": "02006KMEMGC4IBYS04QNRI", "tract_id": "36047037900", "city": "BROOKLYN, NY", "zone_code": "R6B", "zone_category": "Residential", "ev_permitted": false}, "geometry": {"type": "Polygon", "coordinates": [[[-73.9188578970587, 40.6817094711683], [-73.9187624890459, 40.6817203962945], [-73.9188190681485, 40.6820030525368], [-73.9189144692195, 40.6819920887124], [-73.9188578970587, 40.6817094711683]]]}}, {"type": "Feature", "properties": {"zone_id": "0200YDF6C6GAYCZPON75PW", "tract_id": "36047037900", "city": "BROOKLYN, NY", "zone_code": "R6B", "zone_category": "Residential", "ev_permitted": false}, "geometry": {"type": "Polygon", "coordinates": [[[-73.9214671906863, 40.6814086633184], [-73.9213754391132, 40.6814191476187], [-73.9214302519228, 40.6816981742314], [-73.9215220029482, 40.6816876898871], [-73.9214671906863, 40.6814086633184]]]}}, {"type": "Feature", "properties": {"zone_id": "0204PORUZPEUJ49TAWNVCO", "tract_id": "36047037900", "city": "", "zone_code": "R6B", "zone_category": "Residential", "ev_permitted": false}, "geometry": {"type": "Polygon", "coordinates": [[[-73.9209309559508, 40.6814699385223], [-73.9208424591314, 40.6814800522233], [-73.9208972679157, 40.6817590783839], [-73.9209857669415, 40.6817489660477], [-73.9209309559508, 40.6814699385223]]]}}, {"type": "Feature", "properties": {"zone_id": "0200HDKWA85CMNIVLI78YD", "tract_id": "36047037900", "city": "BROOKLYN, NY", "zone_code": "R5B", "zone_category": "Residential", "ev_permitted": false}, "geometry": {"type": "Polygon", "coordinates": [[[-73.9210217291561, 40.6814595663308], [-73.9209309559508, 40.6814699385223], [-73.9209857669415, 40.6817489660477], [-73.9210765405189, 40.6817385931106], [-73.9210217291561, 40.6814595663308]]]}}, {"type": "Feature", "properties": {"zone_id": "0206GUNPQOKIAJXXXRJ1F0", "tract_id": "36047037900", "city": "BROOKLYN, NY", "zone_code": "R6B", "zone_category": "Residential", "ev_permitted": false}, "geometry": {"type": "Polygon", "coordinates": [[[-73.92057064975, 40.6815111094874], [-73.9204855831443, 40.681520829683], [-73.9205403923141, 40.681799856716], [-73.920625459267, 40.681790137183], [-73.92057064975, 40.6815111094874]]]}}, {"type": "Feature", "properties": {"zone_id": "0204SFVK1DFOOJC5N1ED7V", "tract_id": "36047037900", "city": "BROOKLYN, NY", "zone_code": "R6B", "zone_category": "Residential", "ev_permitted": false}, "geometry": {"type": "Polygon", "coordinates": [[[-73.9206652706382, 40.6815002975559], [-73.92057064975, 40.6815111094874], [-73.920625459267, 40.681790137183], [-73.9207200805421, 40.6817793252068], [-73.9206652706382, 40.6815002975559]]]}}, {"type": "Feature", "properties": {"zone_id": "0204IQ3QMAQFDOLOLY55PH", "tract_id": "36047037900", "city": "BROOKLYN, NY", "zone_code": "R6B", "zone_category": "Residential", "ev_permitted": false}, "geometry": {"type": "Polygon", "coordinates": [[[-73.9207439491921, 40.6814913078122], [-73.9206652706382, 40.6815002975559], [-73.9207200805421, 40.6817793252068], [-73.9207987594187, 40.6817703347232], [-73.9207439491921, 40.6814913078122]]]}}, {"type": "Feature", "properties": {"zone_id": "020551AIN2WAWVE1M04WI6", "tract_id": "36047037900", "city": "BROOKLYN, NY", "zone_code": "R6B", "zone_category": "Residential", "ev_permitted": false}, "geometry": {"type": "Polygon", "coordinates": [[[-73.9208424591314, 40.6814800522233], [-73.9207439491921, 40.6814913078122], [-73.9207987594187, 40.6817703347232], [-73.9208972679157, 40.6817590783839], [-73.9208424591314, 40.6814800522233]]]}}, {"type": "Feature", "properties": {"zone_id": "02031UP0KT6A1SLQ6W7IBP", "tract_id": "36047037900", "city": "BROOKLYN, NY", "zone_code": "R5B", "zone_category": "Residential", "ev_permitted": false}, "geometry": {"type": "Polygon", "coordinates": [[[-73.9203941617394, 40.681531276188], [-73.9203086538298, 40.6815410465391], [-73.9203634613529, 40.6818200736552], [-73.9204489696123, 40.6818103032636], [-73.9203941617394, 40.681531276188]]]}}, {"type": "Feature", "properties": {"zone_id": "0206SU9E6Q9TZAETUWY61O", "tract_id": "36047037900", "city": "BROOKLYN, NY", "zone_code": "R6B", "zone_category": "Residential", "ev_permitted": false}, "geometry": {"type": "Polygon", "coordinates": [[[-73.9204855831443, 40.681520829683], [-73.9203941617394, 40.681531276188], [-73.9204489696123, 40.6818103032636], [-73.9205403923141, 40.681799856716], [-73.9204855831443, 40.681520829683]]]}}, {"type": "Feature", "properties": {"zone_id": "0202GKTZ6KU3WEBFWJM8ZJ", "tract_id": "36047037900", "city": "BROOKLYN, NY", "zone_code": "R6B", "zone_category": "Residential", "ev_permitted": false}, "geometry": {"type": "Polygon", "coordinates": [[[-73.9206536871965, 40.6810401576038], [-73.9205710793986, 40.6810496483824], [-73.9206242529468, 40.6813256134664], [-73.9207068610799, 40.6813161219473], [-73.9206536871965, 40.6810401576038]]]}}, {"type": "Feature", "properties": {"zone_id": "020443P4NK9HSGKE8FPQBY", "tract_id": "36047037900", "city": "BROOKLYN, NY", "zone_code": "R6B", "zone_category": "Residential", "ev_permitted": false}, "geometry": {"type": "Polygon", "coordinates": [[[-73.9207309741306, 40.6810312800378], [-73.9206536871965, 40.6810401576038], [-73.9207068610799, 40.6813161219473], [-73.9207841474079, 40.6813072408319], [-73.9207309741306, 40.6810312800378]]]}}, {"type": "Feature", "properties": {"zone_id": "0204PE35E933X5S745XSKE", "tract_id": "36047037900", "city": "BROOKLYN, NY", "zone_code": "R6B", "zone_category": "Residential", "ev_permitted": false}, "geometry": {"type": "Polygon", "coordinates": [[[-73.9208036343927, 40.6810229318534], [-73.9207309741306, 40.6810312800378], [-73.9207841474079, 40.6813072408319], [-73.9208568088878, 40.6812988919122], [-73.9208036343927, 40.6810229318534]]]}}, {"type": "Feature", "properties": {"zone_id": "0206S07CPG7E48T7UV6GG9", "tract_id": "36047037900", "city": "BROOKLYN, NY", "zone_code": "R6B", "zone_category": "Residential", "ev_permitted": false}, "geometry": {"type": "Polygon", "coordinates": [[[-73.9211992922209, 40.6814392764381], [-73.9211074916382, 40.6814497661125], [-73.921162302428, 40.6817287935538], [-73.921254103387, 40.6817183031334], [-73.9211992922209, 40.6814392764381]]]}}, {"type": "Feature", "properties": {"zone_id": "0200L4KUF2THYZ4HHDRNYX", "tract_id": "36047037900", "city": "BROOKLYN, NY", "zone_code": "R6B", "zone_category": "Residential", "ev_permitted": false}, "geometry": {"type": "Polygon", "coordinates": [[[-73.9212864762552, 40.6814293133397], [-73.9211992922209, 40.6814392764381], [-73.921254103387, 40.6817183031334], [-73.9213412887, 40.6817083406971], [-73.9212864762552, 40.6814293133397]]]}}, {"type": "Feature", "properties": {"zone_id": "020197PS8JCB8TFFXDYKIM", "tract_id": "36047037900", "city": "BROOKLYN, NY", "zone_code": "R6B", "zone_category": "Residential", "ev_permitted": false}, "geometry": {"type": "Polygon", "coordinates": [[[-73.9213754391132, 40.6814191476187], [-73.9212864762552, 40.6814293133397], [-73.9213412887, 40.6817083406971], [-73.9214302519228, 40.6816981742314], [-73.9213754391132, 40.6814191476187]]]}}, {"type": "Feature", "properties": {"zone_id": "0202YHPXBNJ8OCXHY98OE4", "tract_id": "36047037900", "city": "BROOKLYN, NY", "zone_code": "R6B", "zone_category": "Residential", "ev_permitted": false}, "geometry": {"type": "Polygon", "coordinates": [[[-73.9211074916382, 40.6814497661125], [-73.9210217291561, 40.6814595663308], [-73.9210765405189, 40.6817385931106], [-73.921162302428, 40.6817287935538], [-73.9211074916382, 40.6814497661125]]]}}, {"type": "Feature", "properties": {"zone_id": "0203JB84UI33FBW77LTBZB", "tract_id": "36047037900", "city": "BROOKLYN, NY", "zone_code": "R6B", "zone_category": "Residential", "ev_permitted": false}, "geometry": {"type": "Polygon", "coordinates": [[[-73.9205710793986, 40.6810496483824], [-73.9204763852159, 40.6810605269389], [-73.9205295648402, 40.681336493476], [-73.9206242529468, 40.6813256134664], [-73.9205710793986, 40.6810496483824]]]}}, {"type": "Feature", "properties": {"zone_id": "0201RGGFO6K0SXUEFXA9SQ", "tract_id": "36047037900", "city": "BROOKLYN, NY", "zone_code": "R6B", "zone_category": "Residential", "ev_permitted": false}, "geometry": {"type": "Polygon", "coordinates": [[[-73.9204763852159, 40.6810605269389], [-73.9203980753994, 40.6810695230788], [-73.9204512556273, 40.6813454917606], [-73.9205295648402, 40.681336493476], [-73.9204763852159, 40.6810605269389]]]}}, {"type": "Feature", "properties": {"zone_id": "0205NLKW39J20LJSKQRESO", "tract_id": "36047037900", "city": "BROOKLYN, NY", "zone_code": "R6B", "zone_category": "Residential", "ev_permitted": false}, "geometry": {"type": "Polygon", "coordinates": [[[-73.9203980753994, 40.6810695230788], [-73.9203053898623, 40.6810801710056], [-73.9203585641746, 40.6813561418339], [-73.9204512556273, 40.6813454917606], [-73.9203980753994, 40.6810695230788]]]}}, {"type": "Feature", "properties": {"zone_id": "0204SK71ZS944GCIHKT25W", "tract_id": "36047037900", "city": "BROOKLYN, NY", "zone_code": "R6B", "zone_category": "Residential", "ev_permitted": false}, "geometry": {"type": "Polygon", "coordinates": [[[-73.9203053898623, 40.6810801710056], [-73.9202162269112, 40.6810904137563], [-73.9202694008602, 40.6813663867335], [-73.9203585641746, 40.6813561418339], [-73.9203053898623, 40.6810801710056]]]}}, {"type": "Feature", "properties": {"zone_id": "0205VIXB97FQJF8G1YJMI4", "tract_id": "36047037900", "city": "BROOKLYN, NY", "zone_code": "R6B", "zone_category": "Residential", "ev_permitted": false}, "geometry": {"type": "Polygon", "coordinates": [[[-73.9202162269112, 40.6810904137563], [-73.9201313139646, 40.6811001689298], [-73.9201444788744, 40.6811685203916], [-73.9201676565025, 40.6811658804118], [-73.9202076606789, 40.681373480875], [-73.9202694008602, 40.6813663867335], [-73.9202162269112, 40.6810904137563]]]}}, {"type": "Feature", "properties": {"zone_id": "02077Z0WPKO0VKBEP4COMQ", "tract_id": "36047037900", "city": "BROOKLYN, NY", "zone_code": "R6B", "zone_category": "Residential", "ev_permitted": false}, "geometry": {"type": "Polygon", "coordinates": [[[-73.9201676565025, 40.6811658804118], [-73.9201002411984, 40.6811735973329], [-73.9201402570961, 40.6813812582566], [-73.9202076606789, 40.681373480875], [-73.9201676565025, 40.6811658804118]]]}}, {"type": "Feature", "properties": {"zone_id": "0203IFU56B1GR3NO5EBMDW", "tract_id": "36047037900", "city": "BROOKLYN, NY", "zone_code": "R6B", "zone_category": "Residential", "ev_permitted": false}, "geometry": {"type": "Polygon", "coordinates": [[[-73.9211917745812, 40.6809783396941], [-73.9211002995004, 40.6809888492604], [-73.9211534724345, 40.6812648028575], [-73.9212449543489, 40.6812542911456], [-73.9211917745812, 40.6809783396941]]]}}, {"type": "Feature", "properties": {"zone_id": "0203WLYO0F37CX1LWGG8CD", "tract_id": "36047037900", "city": "BROOKLYN, NY", "zone_code": "R6B", "zone_category": "Residential", "ev_permitted": false}, "geometry": {"type": "Polygon", "coordinates": [[[-73.921478109656, 40.6809454428745], [-73.9214064825276, 40.6809536720352], [-73.921459662246, 40.6812296191718], [-73.921531289666, 40.6812213885729], [-73.921478109656, 40.6809454428745]]]}}, {"type": "Feature", "properties": {"zone_id": "0201E72ECQ6YVNV6FCOAAH", "tract_id": "36047037900", "city": "BROOKLYN, NY", "zone_code": "R6B", "zone_category": "Residential", "ev_permitted": false}, "geometry": {"type": "Polygon", "coordinates": [[[-73.9214064825276, 40.6809536720352], [-73.9213383982909, 40.6809614946241], [-73.921391577733, 40.6812374424945], [-73.921459662246, 40.6812296191718], [-73.9214064825276, 40.6809536720352]]]}}, {"type": "Feature", "properties": {"zone_id": "0201NQ95WSGIOKRDHJHJDW", "tract_id": "36047037900", "city": "BROOKLYN, NY", "zone_code": "R6B", "zone_category": "Residential", "ev_permitted": false}, "geometry": {"type": "Polygon", "coordinates": [[[-73.9213383982909, 40.6809614946241], [-73.9212674588477, 40.6809696447675], [-73.9213206324624, 40.6812455947747], [-73.921391577733, 40.6812374424945], [-73.9213383982909, 40.6809614946241]]]}}, {"type": "Feature", "properties": {"zone_id": "0203H06MR885PPKPNGMT9U", "tract_id": "36047037900", "city": "BROOKLYN, NY", "zone_code": "R6B", "zone_category": "Residential", "ev_permitted": false}, "geometry": {"type": "Polygon", "coordinates": [[[-73.9212674588477, 40.6809696447675], [-73.9211917745812, 40.6809783396941], [-73.9212449543489, 40.6812542911456], [-73.9213206324624, 40.6812455947747], [-73.9212674588477, 40.6809696447675]]]}}, {"type": "Feature", "properties": {"zone_id": "02026XO2GNCW4EBSM6YOK4", "tract_id": "36047037900", "city": "BROOKLYN, NY", "zone_code": "R6B", "zone_category": "Residential", "ev_permitted": false}, "geometry": {"type": "Polygon", "coordinates": [[[-73.9211002995004, 40.6809888492604], [-73.9210228169629, 40.6809977508308], [-73.9210759969657, 40.6812737058736], [-73.9211534724345, 40.6812648028575], [-73.9211002995004, 40.6809888492604]]]}}, {"type": "Feature", "properties": {"zone_id": "02014G5TKZQ0NDY7L5VJBX", "tract_id": "36047037900", "city": "BROOKLYN, NY", "zone_code": "R6B", "zone_category": "Residential", "ev_permitted": false}, "geometry": {"type": "Polygon", "coordinates": [[[-73.9209539461426, 40.6810056632957], [-73.9208829022936, 40.6810138250756], [-73.9209311190396, 40.6812903536581], [-73.9210071194034, 40.6812816204737], [-73.9209539461426, 40.6810056632957]]]}}, {"type": "Feature", "properties": {"zone_id": "02034JDKPJN9UK57LDYJRF", "tract_id": "36047037900", "city": "BROOKLYN, NY", "zone_code": "R6B", "zone_category": "Residential", "ev_permitted": false}, "geometry": {"type": "Polygon", "coordinates": [[[-73.9210228169629, 40.6809977508308], [-73.9209539461426, 40.6810056632957], [-73.9210071194034, 40.6812816204737], [-73.9210759969657, 40.6812737058736], [-73.9210228169629, 40.6809977508308]]]}}, {"type": "Feature", "properties": {"zone_id": "0202KXB37WULDRFUBXACOE", "tract_id": "36047037900", "city": "BROOKLYN, NY", "zone_code": "R6B", "zone_category": "Residential", "ev_permitted": false}, "geometry": {"type": "Polygon", "coordinates": [[[-73.9208829022936, 40.6810138250756], [-73.9208036343927, 40.6810229318534], [-73.9208568088878, 40.6812988919122], [-73.9209311190396, 40.6812903536581], [-73.9208829022936, 40.6810138250756]]]}}, {"type": "Feature", "properties": {"zone_id": "02024RQVJBAT1YWZUL5WAW", "tract_id": "36047037900", "city": "BROOKLYN, NY", "zone_code": "R6B", "zone_category": "Residential", "ev_permitted": false}, "geometry": {"type": "Polygon", "coordinates": [[[-73.9214702452805, 40.6806637142515], [-73.9213987273832, 40.6806719287261], [-73.9214520215537, 40.6809484401918], [-73.9215235406665, 40.680940223577], [-73.9214702452805, 40.6806637142515]]]}}, {"type": "Feature", "properties": {"zone_id": "0206OPV0CJZ50AGOYGMW2P", "tract_id": "36047037900", "city": "BROOKLYN, NY", "zone_code": "R6B", "zone_category": "Residential", "ev_permitted": false}, "geometry": {"type": "Polygon", "coordinates": [[[-73.9213987273832, 40.6806719287261], [-73.9213229650097, 40.6806806307123], [-73.9213762597936, 40.6809571443214], [-73.9214520215537, 40.6809484401918], [-73.9213987273832, 40.6806719287261]]]}}, {"type": "Feature", "properties": {"zone_id": "0206JC5H0N2IV6G74Q2EPF", "tract_id": "36047037900", "city": "BROOKLYN, NY", "zone_code": "R6B", "zone_category": "Residential", "ev_permitted": false}, "geometry": {"type": "Polygon", "coordinates": [[[-73.9213229650097, 40.6806806307123], [-73.9212364890028, 40.6806905627035], [-73.9212897834319, 40.6809670798656], [-73.9213762597936, 40.6809571443214], [-73.9213229650097, 40.6806806307123]]]}}, {"type": "Feature", "properties": {"zone_id": "020404QG6YM4ZMNZ2HXWP5", "tract_id": "36047037900", "city": "BROOKLYN, NY", "zone_code": "R6B", "zone_category": "Residential", "ev_permitted": false}, "geometry": {"type": "Polygon", "coordinates": [[[-73.9212364890028, 40.6806905627035], [-73.9211384860908, 40.6807018196801], [-73.9211917745812, 40.6809783396941], [-73.9212897834319, 40.6809670798656], [-73.9212364890028, 40.6806905627035]]]}}, {"type": "Feature", "properties": {"zone_id": "0206YE21Y190EO8PUWHNL3", "tract_id": "36047037900", "city": "BROOKLYN, NY", "zone_code": "R6B", "zone_category": "Residential", "ev_permitted": false}, "geometry": {"type": "Polygon", "coordinates": [[[-73.9211384860908, 40.6807018196801], [-73.9210470049233, 40.6807123263893], [-73.9211002995004, 40.6809888492604], [-73.9211917745812, 40.6809783396941], [-73.9211384860908, 40.6807018196801]]]}}, {"type": "Feature", "properties": {"zone_id": "0204KM49Z9O3U4WPTFAAPV", "tract_id": "36047037900", "city": "BROOKLYN, NY", "zone_code": "R6B", "zone_category": "Residential", "ev_permitted": false}, "geometry": {"type": "Polygon", "coordinates": [[[-73.9210470049233, 40.6807123263893], [-73.9209697950203, 40.6807211943833], [-73.9210230846661, 40.6809977200973], [-73.9211002995004, 40.6809888492604], [-73.9210470049233, 40.6807123263893]]]}}, {"type": "Feature", "properties": {"zone_id": "0205MMHRCNIOZBONBOJJGL", "tract_id": "36047037900", "city": "BROOKLYN, NY", "zone_code": "R6B", "zone_category": "Residential", "ev_permitted": false}, "geometry": {"type": "Polygon", "coordinates": [[[-73.9209697950203, 40.6807211943833], [-73.9209006503189, 40.6807291354374], [-73.9209539461426, 40.6810056632957], [-73.9210230846661, 40.6809977200973], [-73.9209697950203, 40.6807211943833]]]}}, {"type": "Feature", "properties": {"zone_id": "0202FLVN3MDGAML555P4ZN", "tract_id": "36047037900", "city": "BROOKLYN, NY", "zone_code": "R6B", "zone_category": "Residential", "ev_permitted": false}, "geometry": {"type": "Polygon", "coordinates": [[[-73.9209006503189, 40.6807291354374], [-73.9208282091697, 40.6807374557275], [-73.9208804468074, 40.6810141072627], [-73.9209539461426, 40.6810056632957], [-73.9209006503189, 40.6807291354374]]]}}, {"type": "Feature", "properties": {"zone_id": "0203KOVU6X5EU9YXXC8258", "tract_id": "36047037900", "city": "BROOKLYN, NY", "zone_code": "R6B", "zone_category": "Residential", "ev_permitted": false}, "geometry": {"type": "Polygon", "coordinates": [[[-73.9206584664946, 40.6807569508113], [-73.9205177832964, 40.6807731076992], [-73.9205710793986, 40.6810496483824], [-73.9207107052826, 40.6810336080455], [-73.9206584664946, 40.6807569508113]]]}}, {"type": "Feature", "properties": {"zone_id": "020606FP098M7BQ6UIGOR2", "tract_id": "36047037900", "city": "BROOKLYN, NY", "zone_code": "R6B", "zone_category": "Residential", "ev_permitted": false}, "geometry": {"type": "Polygon", "coordinates": [[[-73.9205177832964, 40.6807731076992], [-73.9203977897529, 40.6807868896789], [-73.9204510862883, 40.6810634332285], [-73.9205710793986, 40.6810496483824], [-73.9205177832964, 40.6807731076992]]]}}, {"type": "Feature", "properties": {"zone_id": "02066V6CMIQNCNA9PNHMUU", "tract_id": "36047037900", "city": "BROOKLYN, NY", "zone_code": "R6B", "zone_category": "Residential", "ev_permitted": false}, "geometry": {"type": "Polygon", "coordinates": [[[-73.9203300526628, 40.6807946683464], [-73.9202520929998, 40.6808036231725], [-73.9203053898623, 40.6810801710056], [-73.9203833489201, 40.6810712147377], [-73.9203300526628, 40.6807946683464]]]}}, {"type": "Feature", "properties": {"zone_id": "0204WTD4XR68Z1FKBFH4HG", "tract_id": "36047037900", "city": "BROOKLYN, NY", "zone_code": "R6B", "zone_category": "Residential", "ev_permitted": false}, "geometry": {"type": "Polygon", "coordinates": [[[-73.9202520929998, 40.6808036231725], [-73.9201854709963, 40.6808112739404], [-73.9202387675852, 40.6810878246149], [-73.9203053898623, 40.6810801710056], [-73.9202520929998, 40.6808036231725]]]}}, {"type": "Feature", "properties": {"zone_id": "02043U9SSQDD7E0R11U2T2", "tract_id": "36047037900", "city": "BROOKLYN, NY", "zone_code": "R6B", "zone_category": "Residential", "ev_permitted": false}, "geometry": {"type": "Polygon", "coordinates": [[[-73.9201854709963, 40.6808112739404], [-73.9201196428538, 40.6808188345776], [-73.9201729391741, 40.6810953866875], [-73.9202387675852, 40.6810878246149], [-73.9201854709963, 40.6808112739404]]]}}, {"type": "Feature", "properties": {"zone_id": "0202BNRPYXAMNJ3535TTET", "tract_id": "36047037900", "city": "BROOKLYN, NY", "zone_code": "R6B", "zone_category": "Residential", "ev_permitted": false}, "geometry": {"type": "Polygon", "coordinates": [[[-73.9203977897529, 40.6807868896789], [-73.9203300526628, 40.6807946683464], [-73.9203833489201, 40.6810712147377], [-73.9204510862883, 40.6810634332285], [-73.9203977897529, 40.6807868896789]]]}}, {"type": "Feature", "properties": {"zone_id": "0206K25CX2FXK54EMEZ6XJ", "tract_id": "36047037900", "city": "BROOKLYN, NY", "zone_code": "R6B", "zone_category": "Residential", "ev_permitted": false}, "geometry": {"type": "Polygon", "coordinates": [[[-73.9208282091697, 40.6807374557275], [-73.9207618559229, 40.6807450767996], [-73.9208140951364, 40.6810217290686], [-73.9208804468074, 40.6810141072627], [-73.9208282091697, 40.6807374557275]]]}}, {"type": "Feature", "properties": {"zone_id": "0205KDDMGYD64HX3M9WXQV", "tract_id": "36047037900", "city": "BROOKLYN, NY", "zone_code": "R6B", "zone_category": "Residential", "ev_permitted": false}, "geometry": {"type": "Polygon", "coordinates": [[[-73.9207618559229, 40.6807450767996], [-73.9206584664946, 40.6807569508113], [-73.9207107052826, 40.6810336080455], [-73.9208140951364, 40.6810217290686], [-73.9207618559229, 40.6807450767996]]]}}, {"type": "Feature", "properties": {"zone_id": "0207LYHCVOYWOA1AOUZORG", "tract_id": "36047037900", "city": "BROOKLYN, NY", "zone_code": "R6B", "zone_category": "Residential", "ev_permitted": false}, "geometry": {"type": "Polygon", "coordinates": [[[-73.9202246855358, 40.6816032140014], [-73.9198658708715, 40.6816442123442], [-73.9198759674929, 40.6816949579022], [-73.9202346559567, 40.6816539734937], [-73.9202246855358, 40.6816032140014]]]}}, {"type": "Feature", "properties": {"zone_id": "0203OCKRB35K2BZAPTK88F", "tract_id": "36047037900", "city": "BROOKLYN, NY", "zone_code": "R6B", "zone_category": "Residential", "ev_permitted": false}, "geometry": {"type": "Polygon", "coordinates": [[[-73.9202145857771, 40.6815517946185], [-73.919855643992, 40.6815928075972], [-73.9198658708715, 40.6816442123442], [-73.9202246855358, 40.6816032140014], [-73.9202145857771, 40.6815517946185]]]}}, {"type": "Feature", "properties": {"zone_id": "02062PW7MCD14YFS0ZL1B4", "tract_id": "36047037900", "city": "BROOKLYN, NY", "zone_code": "R6B", "zone_category": "Residential", "ev_permitted": false}, "geometry": {"type": "Polygon", "coordinates": [[[-73.9196201141323, 40.6816221895453], [-73.9193321091171, 40.6816551698086], [-73.9193470397736, 40.6817297622348], [-73.9196354763468, 40.6816966135967], [-73.9196201141323, 40.6816221895453]]]}}, {"type": "Feature", "properties": {"zone_id": "0204UAZETZTGCYPK56IB9D", "tract_id": "36047037900", "city": "BROOKLYN, NY", "zone_code": "R6B", "zone_category": "Residential", "ev_permitted": false}, "geometry": {"type": "Polygon", "coordinates": [[[-73.9201002411984, 40.6811735973329], [-73.9200344182249, 40.6811811593301], [-73.9200744330531, 40.6813887753055], [-73.9201402570961, 40.6813812582566], [-73.9201002411984, 40.6811735973329]]]}}, {"type": "Feature", "properties": {"zone_id": "0205K379L5BN7FX8XDJ5PV", "tract_id": "36047037900", "city": "BROOKLYN, NY", "zone_code": "R6B", "zone_category": "Residential", "ev_permitted": false}, "geometry": {"type": "Polygon", "coordinates": [[[-73.9200344182249, 40.6811811593301], [-73.9199289648126, 40.6811932757782], [-73.9199584241586, 40.6813461224761], [-73.9199936737891, 40.6813418628601], [-73.9200042656764, 40.6813968169965], [-73.9200744330531, 40.6813887753055], [-73.9200344182249, 40.6811811593301]]]}}, {"type": "Feature", "properties": {"zone_id": "0202T7S4IHZFJ6226O4WYR", "tract_id": "36047037900", "city": "BROOKLYN, NY", "zone_code": "R6B", "zone_category": "Residential", "ev_permitted": false}, "geometry": {"type": "Polygon", "coordinates": [[[-73.9199936737891, 40.6813418628601], [-73.9198086938101, 40.6813633753826], [-73.9198192488948, 40.6814181081717], [-73.9200042656764, 40.6813968169965], [-73.9199936737891, 40.6813418628601]]]}}, {"type": "Feature", "properties": {"zone_id": "0202J4PHTM5FD6NSMFI8JR", "tract_id": "36047037900", "city": "BROOKLYN, NY", "zone_code": "R6B", "zone_category": "Residential", "ev_permitted": false}, "geometry": {"type": "Polygon", "coordinates": [[[-73.9199289648126, 40.6811932757782], [-73.9197792320898, 40.6812104794585], [-73.9198086938101, 40.6813633753826], [-73.9199584241586, 40.6813461224761], [-73.9199289648126, 40.6811932757782]]]}}, {"type": "Feature", "properties": {"zone_id": "0203Q1G6N2KMLXZ8BVOLS2", "tract_id": "36047037900", "city": "", "zone_code": "R6B", "zone_category": "Residential", "ev_permitted": false}, "geometry": {"type": "Polygon", "coordinates": [[[-73.9195281145094, 40.6811677108396], [-73.9194390698911, 40.6811783641282], [-73.9194957031496, 40.6814617347002], [-73.9195848453866, 40.6814515690836], [-73.9195281145094, 40.6811677108396]]]}}, {"type": "Feature", "properties": {"zone_id": "0205WHKPMQ9PL6383IK440", "tract_id": "36047037900", "city": "BROOKLYN, NY", "zone_code": "R6B", "zone_category": "Residential", "ev_permitted": false}, "geometry": {"type": "Polygon", "coordinates": [[[-73.9194390698911, 40.6811783641282], [-73.9193458453349, 40.6811895161188], [-73.9194023772938, 40.6814723765329], [-73.9194957031496, 40.6814617347002], [-73.9194390698911, 40.6811783641282]]]}}, {"type": "Feature", "properties": {"zone_id": "02043MGQWMI6I8DSGTH4VY", "tract_id": "36047037900", "city": "BROOKLYN, NY", "zone_code": "R6B", "zone_category": "Residential", "ev_permitted": false}, "geometry": {"type": "Polygon", "coordinates": [[[-73.9193458453349, 40.6811895161188], [-73.9192539445072, 40.6812005115665], [-73.9193103742437, 40.6814828674425], [-73.9194023772938, 40.6814723765329], [-73.9193458453349, 40.6811895161188]]]}}, {"type": "Feature", "properties": {"zone_id": "0200BPNO7XEEY16ORR6W6E", "tract_id": "36047037900", "city": "BROOKLYN, NY", "zone_code": "R6B", "zone_category": "Residential", "ev_permitted": false}, "geometry": {"type": "Polygon", "coordinates": [[[-73.9192539445072, 40.6812005115665], [-73.9191613383818, 40.6812115907648], [-73.9192176668206, 40.681493439293], [-73.9193103742437, 40.6814828674425], [-73.9192539445072, 40.6812005115665]]]}}, {"type": "Feature", "properties": {"zone_id": "0201JP8T5LRZZF2DSM5EHU", "tract_id": "36047037900", "city": "BROOKLYN, NY", "zone_code": "R6B", "zone_category": "Residential", "ev_permitted": false}, "geometry": {"type": "Polygon", "coordinates": [[[-73.9191613383818, 40.6812115907648], [-73.9190701326081, 40.6812225022346], [-73.9191263606708, 40.6815038504413], [-73.9192176668206, 40.681493439293], [-73.9191613383818, 40.6812115907648]]]}}, {"type": "Feature", "properties": {"zone_id": "02027J4XV8WSP26VZGAA3X", "tract_id": "36047037900", "city": "BROOKLYN, NY", "zone_code": "R6B", "zone_category": "Residential", "ev_permitted": false}, "geometry": {"type": "Polygon", "coordinates": [[[-73.9190701326081, 40.6812225022346], [-73.9189764472873, 40.6812337098148], [-73.9190325722116, 40.6815145450513], [-73.9191263606708, 40.6815038504413], [-73.9190701326081, 40.6812225022346]]]}}, {"type": "Feature", "properties": {"zone_id": "0202IZR0Y4HRI7T3TFNI3B", "tract_id": "36047037900", "city": "BROOKLYN, NY", "zone_code": "R6B", "zone_category": "Residential", "ev_permitted": false}, "geometry": {"type": "Polygon", "coordinates": [[[-73.9189764472873, 40.6812337098148], [-73.9188876323511, 40.6812443354346], [-73.9189436596647, 40.6815246837007], [-73.9190325722116, 40.6815145450513], [-73.9189764472873, 40.6812337098148]]]}}, {"type": "Feature", "properties": {"zone_id": "02067Y4MCJB2EDK7U3MCKH", "tract_id": "36047037900", "city": "", "zone_code": "R6B", "zone_category": "Residential", "ev_permitted": false}, "geometry": {"type": "Polygon", "coordinates": [[[-73.9188876323511, 40.6812443354346], [-73.9187902092276, 40.6812559899321], [-73.9188461287999, 40.6815358048489], [-73.9189436596647, 40.6815246837007], [-73.9188876323511, 40.6812443354346]]]}}, {"type": "Feature", "properties": {"zone_id": "0205Z64ZMFHALADQ8XU0DL", "tract_id": "36047037900", "city": "", "zone_code": "R6B", "zone_category": "Residential", "ev_permitted": false}, "geometry": {"type": "Polygon", "coordinates": [[[-73.9187902092276, 40.6812559899321], [-73.9187082883774, 40.6812657911376], [-73.9187641181701, 40.6815451561514], [-73.9188461287999, 40.6815358048489], [-73.9187902092276, 40.6812559899321]]]}}, {"type": "Feature", "properties": {"zone_id": "0203OK7NJLDZOSUATM8QOK", "tract_id": "36047037900", "city": "BROOKLYN, NY", "zone_code": "R6B", "zone_category": "Residential", "ev_permitted": false}, "geometry": {"type": "Polygon", "coordinates": [[[-73.9201196428538, 40.6808188345776], [-73.9200510748952, 40.6808267094714], [-73.9201043461733, 40.6811031309004], [-73.9201729391741, 40.6810953866875], [-73.9201196428538, 40.6808188345776]]]}}, {"type": "Feature", "properties": {"zone_id": "02058WLMOYUWI85XD07P2K", "tract_id": "36047037900", "city": "BROOKLYN, NY", "zone_code": "R6B", "zone_category": "Residential", "ev_permitted": false}, "geometry": {"type": "Polygon", "coordinates": [[[-73.9200510748952, 40.6808267094714], [-73.9199801142094, 40.6808348588066], [-73.920033356088, 40.6811109268089], [-73.9201043461733, 40.6811031309004], [-73.9200510748952, 40.6808267094714]]]}}, {"type": "Feature", "properties": {"zone_id": "0201AZE6R0ZYSNSZAO4WOF", "tract_id": "36047037900", "city": "BROOKLYN, NY", "zone_code": "R6B", "zone_category": "Residential", "ev_permitted": false}, "geometry": {"type": "Polygon", "coordinates": [[[-73.9201313139646, 40.6811001689298], [-73.9197657180636, 40.6811403183565], [-73.9197792320898, 40.6812104794585], [-73.9201444788744, 40.6811685203916], [-73.9201313139646, 40.6811001689298]]]}}, {"type": "Feature", "properties": {"zone_id": "020549PBTIKOCLMW36V709", "tract_id": "36047037900", "city": "BROOKLYN, NY", "zone_code": "R6B", "zone_category": "Residential", "ev_permitted": false}, "geometry": {"type": "Polygon", "coordinates": [[[-73.9200240538995, 40.6810626818852], [-73.919756671062, 40.6810933981073], [-73.9197657180636, 40.6811403183565], [-73.920033356088, 40.6811109268089], [-73.9200240538995, 40.6810626818852]]]}}, {"type": "Feature", "properties": {"zone_id": "0202HUYYQE3DGK98JNUNUJ", "tract_id": "36047037900", "city": "BROOKLYN, NY", "zone_code": "R6B", "zone_category": "Residential", "ev_permitted": false}, "geometry": {"type": "Polygon", "coordinates": [[[-73.9200150672975, 40.6810160504921], [-73.9197476818739, 40.6810467666916], [-73.919756671062, 40.6810933981073], [-73.9200240538995, 40.6810626818852], [-73.9200150672975, 40.6810160504921]]]}}, {"type": "Feature", "properties": {"zone_id": "0206MLMI0Y3WNIUN46L0BX", "tract_id": "36047037900", "city": "BROOKLYN, NY", "zone_code": "R6B", "zone_category": "Residential", "ev_permitted": false}, "geometry": {"type": "Polygon", "coordinates": [[[-73.9200052753424, 40.6809652355903], [-73.9197378919749, 40.680995942634], [-73.9197476818739, 40.6810467666916], [-73.9200150672975, 40.6810160504921], [-73.9200052753424, 40.6809652355903]]]}}, {"type": "Feature", "properties": {"zone_id": "0207D8IRTRPV69FRD4G8KW", "tract_id": "36047037900", "city": "BROOKLYN, NY", "zone_code": "R6B", "zone_category": "Residential", "ev_permitted": false}, "geometry": {"type": "Polygon", "coordinates": [[[-73.9199945138356, 40.6809093931683], [-73.9198626062124, 40.6809245421178], [-73.9198623402011, 40.6809231647147], [-73.9197268665246, 40.680938722785], [-73.9197378919749, 40.680995942634], [-73.9200052753424, 40.6809652355903], [-73.9199945138356, 40.6809093931683]]]}}, {"type": "Feature", "properties": {"zone_id": "0205K6NMUQUX0MEA7CAC1Z", "tract_id": "36047037900", "city": "BROOKLYN, NY", "zone_code": "R6B", "zone_category": "Residential", "ev_permitted": false}, "geometry": {"type": "Polygon", "coordinates": [[[-73.9194754355495, 40.6809041243859], [-73.919402063963, 40.6809121936819], [-73.9194548811749, 40.6811764723881], [-73.9195281145094, 40.6811677108396], [-73.9194754355495, 40.6809041243859]]]}}, {"type": "Feature", "properties": {"zone_id": "0203I245R5G1OTWMS0W62W", "tract_id": "36047037900", "city": "BROOKLYN, NY", "zone_code": "R6B", "zone_category": "Residential", "ev_permitted": false}, "geometry": {"type": "Polygon", "coordinates": [[[-73.9199801142094, 40.6808348588066], [-73.9197127692007, 40.6808655616026], [-73.9197268665246, 40.680938722785], [-73.9198623402011, 40.6809231647147], [-73.9198626062124, 40.6809245421178], [-73.9199945138356, 40.6809093931683], [-73.9199801142094, 40.6808348588066]]]}}, {"type": "Feature", "properties": {"zone_id": "02012BB0KVRGKJEH1QPZED", "tract_id": "36047037900", "city": "BROOKLYN, NY", "zone_code": "R6B", "zone_category": "Residential", "ev_permitted": false}, "geometry": {"type": "Polygon", "coordinates": [[[-73.9193296006997, 40.6809201630872], [-73.9192656937349, 40.6809271912622], [-73.9193187672991, 40.681192756785], [-73.9193825543299, 40.6811851256125], [-73.9193296006997, 40.6809201630872]]]}}, {"type": "Feature", "properties": {"zone_id": "0205WABBO2A6BR6UZLBYGR", "tract_id": "36047037900", "city": "BROOKLYN, NY", "zone_code": "R6B", "zone_category": "Residential", "ev_permitted": false}, "geometry": {"type": "Polygon", "coordinates": [[[-73.9192656937349, 40.6809271912622], [-73.9192007482562, 40.680934333909], [-73.9192539445072, 40.6812005115665], [-73.9193187672991, 40.681192756785], [-73.9192656937349, 40.6809271912622]]]}}, {"type": "Feature", "properties": {"zone_id": "02003STDTF9KXH2LZ2X94A", "tract_id": "36047037900", "city": "BROOKLYN, NY", "zone_code": "R6B", "zone_category": "Residential", "ev_permitted": false}, "geometry": {"type": "Polygon", "coordinates": [[[-73.9192007482562, 40.680934333909], [-73.9190409041328, 40.6809519124789], [-73.9190944015937, 40.6812195990376], [-73.9192539445072, 40.6812005115665], [-73.9192007482562, 40.680934333909]]]}}, {"type": "Feature", "properties": {"zone_id": "0204OABUKI4C873PM1Q9V1", "tract_id": "36047037900", "city": "BROOKLYN, NY", "zone_code": "R6B", "zone_category": "Residential", "ev_permitted": false}, "geometry": {"type": "Polygon", "coordinates": [[[-73.919402063963, 40.6809121936819], [-73.9193296006997, 40.6809201630872], [-73.9193825543299, 40.6811851256125], [-73.9194548811749, 40.6811764723881], [-73.919402063963, 40.6809121936819]]]}}, {"type": "Feature", "properties": {"zone_id": "0205JGM12F1K6AALEWTZQR", "tract_id": "36047037900", "city": "BROOKLYN, NY", "zone_code": "R6B", "zone_category": "Residential", "ev_permitted": false}, "geometry": {"type": "Polygon", "coordinates": [[[-73.9190409041328, 40.6809519124789], [-73.9189803387717, 40.6809585732461], [-73.919033950676, 40.6812268304751], [-73.9190944015937, 40.6812195990376], [-73.9190409041328, 40.6809519124789]]]}}, {"type": "Feature", "properties": {"zone_id": "0201S8941059Y6I76512YK", "tract_id": "36047037900", "city": "BROOKLYN, NY", "zone_code": "R6B", "zone_category": "Residential", "ev_permitted": false}, "geometry": {"type": "Polygon", "coordinates": [[[-73.9189803387717, 40.6809585732461], [-73.9189081874193, 40.6809665081753], [-73.9189619329691, 40.6812354464116], [-73.919033950676, 40.6812268304751], [-73.9189803387717, 40.6809585732461]]]}}, {"type": "Feature", "properties": {"zone_id": "0205WM2K9HQC8N9E0GSOYR", "tract_id": "36047037900", "city": "BROOKLYN, NY", "zone_code": "R6B", "zone_category": "Residential", "ev_permitted": false}, "geometry": {"type": "Polygon", "coordinates": [[[-73.9189081874193, 40.6809665081753], [-73.9188426086097, 40.6809737197371], [-73.9188964786748, 40.6812432771372], [-73.9189619329691, 40.6812354464116], [-73.9189081874193, 40.6809665081753]]]}}, {"type": "Feature", "properties": {"zone_id": "0205JGAWUYIIC6LSLS8EI6", "tract_id": "36047037900", "city": "BROOKLYN, NY", "zone_code": "R6B", "zone_category": "Residential", "ev_permitted": false}, "geometry": {"type": "Polygon", "coordinates": [[[-73.9188426086097, 40.6809737197371], [-73.9187533962597, 40.6809835305877], [-73.9188074338548, 40.6812539299369], [-73.9188964786748, 40.6812432771372], [-73.9188426086097, 40.6809737197371]]]}}, {"type": "Feature", "properties": {"zone_id": "0206G5ZYO0WZMQVJEUERTL", "tract_id": "36047037900", "city": "BROOKLYN, NY", "zone_code": "R6B", "zone_category": "Residential", "ev_permitted": false}, "geometry": {"type": "Polygon", "coordinates": [[[-73.9194073498991, 40.6805761639555], [-73.9190456531284, 40.6806179503265], [-73.9190745779084, 40.6807629643117], [-73.9194362754475, 40.6807211778505], [-73.9194073498991, 40.6805761639555]]]}}, {"type": "Feature", "properties": {"zone_id": "0201VBLTXSH2DGW6DCGRYI", "tract_id": "36047037900", "city": "BROOKLYN, NY", "zone_code": "R6B", "zone_category": "Residential", "ev_permitted": false}, "geometry": {"type": "Polygon", "coordinates": [[[-73.9188402053117, 40.6804988287271], [-73.9187579779901, 40.680508486409], [-73.918814714401, 40.6807929858901], [-73.9188969732596, 40.680783482073], [-73.9188402053117, 40.6804988287271]]]}}, {"type": "Feature", "properties": {"zone_id": "0205CHU65Y8PAQ2X9KQ6XJ", "tract_id": "36047037900", "city": "BROOKLYN, NY", "zone_code": "R6B", "zone_category": "Residential", "ev_permitted": false}, "geometry": {"type": "Polygon", "coordinates": [[[-73.9183177072896, 40.6820606680497], [-73.9182427875962, 40.6820692772598], [-73.9182978263335, 40.6823442406117], [-73.9183727454057, 40.6823356313654], [-73.9183177072896, 40.6820606680497]]]}}, {"type": "Feature", "properties": {"zone_id": "0203ZHGYCEYBS5LIMS761T", "tract_id": "36047037900", "city": "BROOKLYN, NY", "zone_code": "R6B", "zone_category": "Residential", "ev_permitted": false}, "geometry": {"type": "Polygon", "coordinates": [[[-73.9182427875962, 40.6820692772598], [-73.9181708320675, 40.68207754563], [-73.918225870514, 40.6823525097188], [-73.9182978263335, 40.6823442406117], [-73.9182427875962, 40.6820692772598]]]}}, {"type": "Feature", "properties": {"zone_id": "020599GT00LNCNQR9ULI18", "tract_id": "36047037900", "city": "BROOKLYN, NY", "zone_code": "R6B", "zone_category": "Residential", "ev_permitted": false}, "geometry": {"type": "Polygon", "coordinates": [[[-73.9181708320675, 40.68207754563], [-73.9180677927373, 40.6820893866456], [-73.9181228307695, 40.6823643500805], [-73.918225870514, 40.6823525097188], [-73.9181708320675, 40.68207754563]]]}}, {"type": "Feature", "properties": {"zone_id": "0201YBI5IOP6PAS7TV1MMA", "tract_id": "36047037900", "city": "BROOKLYN, NY", "zone_code": "R6B", "zone_category": "Residential", "ev_permitted": false}, "geometry": {"type": "Polygon", "coordinates": [[[-73.9177394086912, 40.6821271214004], [-73.9175287481637, 40.6821513283874], [-73.9175837840236, 40.6824262927807], [-73.9177944453998, 40.6824020856938], [-73.9177394086912, 40.6821271214004]]]}}, {"type": "Feature", "properties": {"zone_id": "0203WQLOGDPDSMI8TF5FWG", "tract_id": "36047037900", "city": "BROOKLYN, NY", "zone_code": "R6B", "zone_category": "Residential", "ev_permitted": false}, "geometry": {"type": "Polygon", "coordinates": [[[-73.9187361062559, 40.6820125860158], [-73.918669292697, 40.6820202645796], [-73.9187243313064, 40.6822952277279], [-73.9187911469796, 40.6822875498363], [-73.9187361062559, 40.6820125860158]]]}}, {"type": "Feature", "properties": {"zone_id": "02020D0VMHWKKNDLEK8CLT", "tract_id": "36047037900", "city": "BROOKLYN, NY", "zone_code": "R6B", "zone_category": "Residential", "ev_permitted": false}, "geometry": {"type": "Polygon", "coordinates": [[[-73.918669292697, 40.6820202645796], [-73.9185931711753, 40.6820290122955], [-73.9186482104019, 40.6823039747779], [-73.9187243313064, 40.6822952277279], [-73.918669292697, 40.6820202645796]]]}}, {"type": "Feature", "properties": {"zone_id": "0205OAGH5JS5QM90LQOW01", "tract_id": "36047037900", "city": "BROOKLYN, NY", "zone_code": "R6B", "zone_category": "Residential", "ev_permitted": false}, "geometry": {"type": "Polygon", "coordinates": [[[-73.9185931711753, 40.6820290122955], [-73.9185261895739, 40.6820367096292], [-73.9185812294527, 40.6823116728467], [-73.9186482104019, 40.6823039747779], [-73.9185931711753, 40.6820290122955]]]}}, {"type": "Feature", "properties": {"zone_id": "0203J9RRWIWG19YT1UFX2G", "tract_id": "36047037900", "city": "BROOKLYN, NY", "zone_code": "R6B", "zone_category": "Residential", "ev_permitted": false}, "geometry": {"type": "Polygon", "coordinates": [[[-73.9185261895739, 40.6820367096292], [-73.9184562446989, 40.6820447477231], [-73.918511284296, 40.6823197109738], [-73.9185812294527, 40.6823116728467], [-73.9185261895739, 40.6820367096292]]]}}, {"type": "Feature", "properties": {"zone_id": "02051PXGVL53DTNT8ZZ3DD", "tract_id": "36047037900", "city": "BROOKLYN, NY", "zone_code": "R6B", "zone_category": "Residential", "ev_permitted": false}, "geometry": {"type": "Polygon", "coordinates": [[[-73.9184562446989, 40.6820447477231], [-73.918387450032, 40.6820526530845], [-73.918442489352, 40.6823276163678], [-73.918511284296, 40.6823197109738], [-73.9184562446989, 40.6820447477231]]]}}, {"type": "Feature", "properties": {"zone_id": "0203Z9GFOCJ72WI3U2TB5V", "tract_id": "36047037900", "city": "BROOKLYN, NY", "zone_code": "R6B", "zone_category": "Residential", "ev_permitted": false}, "geometry": {"type": "Polygon", "coordinates": [[[-73.918387450032, 40.6820526530845], [-73.9183177072896, 40.6820606680497], [-73.9183727454057, 40.6823356313654], [-73.918442489352, 40.6823276163678], [-73.918387450032, 40.6820526530845]]]}}, {"type": "Feature", "properties": {"zone_id": "0205OB3TYBYV4GHTPSUMEP", "tract_id": "36047037900", "city": "BROOKLYN, NY", "zone_code": "R6B", "zone_category": "Residential", "ev_permitted": false}, "geometry": {"type": "Polygon", "coordinates": [[[-73.9181245341064, 40.6817934439832], [-73.9180262779959, 40.6818046953183], [-73.9180829146034, 40.6820876484861], [-73.9181811628617, 40.6820763584508], [-73.9181245341064, 40.6817934439832]]]}}, {"type": "Feature", "properties": {"zone_id": "0204PO45OA9M04THR5W39Z", "tract_id": "36047037900", "city": "BROOKLYN, NY", "zone_code": "R6B", "zone_category": "Residential", "ev_permitted": false}, "geometry": {"type": "Polygon", "coordinates": [[[-73.9187624890459, 40.6817203962945], [-73.9186780283778, 40.6817300678007], [-73.9187346144736, 40.6820127578171], [-73.9188190681485, 40.6820030525368], [-73.9187624890459, 40.6817203962945]]]}}, {"type": "Feature", "properties": {"zone_id": "0206U960AH1FUCIR11VK2N", "tract_id": "36047037900", "city": "BROOKLYN, NY", "zone_code": "R6B", "zone_category": "Residential", "ev_permitted": false}, "geometry": {"type": "Polygon", "coordinates": [[[-73.9186780283778, 40.6817300678007], [-73.9185837686784, 40.6817408607872], [-73.9186403617206, 40.6820235895011], [-73.9187346144736, 40.6820127578171], [-73.9186780283778, 40.6817300678007]]]}}, {"type": "Feature", "properties": {"zone_id": "0203K13WXRKMQUMJILG5XG", "tract_id": "36047037900", "city": "BROOKLYN, NY", "zone_code": "R6B", "zone_category": "Residential", "ev_permitted": false}, "geometry": {"type": "Polygon", "coordinates": [[[-73.9185837686784, 40.6817408607872], [-73.9184940701273, 40.6817511313361], [-73.9185506692142, 40.6820338966369], [-73.9186403617206, 40.6820235895011], [-73.9185837686784, 40.6817408607872]]]}}, {"type": "Feature", "properties": {"zone_id": "0203Q9YYZ00NQ4R20O2VAK", "tract_id": "36047037900", "city": "BROOKLYN, NY", "zone_code": "R6B", "zone_category": "Residential", "ev_permitted": false}, "geometry": {"type": "Polygon", "coordinates": [[[-73.9184940701273, 40.6817511313361], [-73.9183996377425, 40.6817619444267], [-73.9184562446989, 40.6820447477231], [-73.9185506692142, 40.6820338966369], [-73.9184940701273, 40.6817511313361]]]}}, {"type": "Feature", "properties": {"zone_id": "0206RV2JQN8I9HJ7P4NBJ0", "tract_id": "36047037900", "city": "BROOKLYN, NY", "zone_code": "R6B", "zone_category": "Residential", "ev_permitted": false}, "geometry": {"type": "Polygon", "coordinates": [[[-73.9183996377425, 40.6817619444267], [-73.9183076220802, 40.6817724801987], [-73.9183642369167, 40.6820553207869], [-73.9184562446989, 40.6820447477231], [-73.9183996377425, 40.6817619444267]]]}}, {"type": "Feature", "properties": {"zone_id": "02064GF0AZG27M59DIE1Q2", "tract_id": "36047037900", "city": "BROOKLYN, NY", "zone_code": "R6B", "zone_category": "Residential", "ev_permitted": false}, "geometry": {"type": "Polygon", "coordinates": [[[-73.9183076220802, 40.6817724801987], [-73.9182156202355, 40.6817830145016], [-73.9182722420291, 40.682065892381], [-73.9183642369167, 40.6820553207869], [-73.9183076220802, 40.6817724801987]]]}}, {"type": "Feature", "properties": {"zone_id": "0203A9G3RRYXVZ73NMU64U", "tract_id": "36047037900", "city": "BROOKLYN, NY", "zone_code": "R6B", "zone_category": "Residential", "ev_permitted": false}, "geometry": {"type": "Polygon", "coordinates": [[[-73.9182156202355, 40.6817830145016], [-73.9181245341064, 40.6817934439832], [-73.9181811628617, 40.6820763584508], [-73.9182722420291, 40.682065892381], [-73.9182156202355, 40.6817830145016]]]}}, {"type": "Feature", "properties": {"zone_id": "0205HLULZUL3X60TORDDSS", "tract_id": "36047037900", "city": "", "zone_code": "R6B", "zone_category": "Residential", "ev_permitted": false}, "geometry": {"type": "Polygon", "coordinates": [[[-73.9178446299307, 40.6818254924498], [-73.9177511998554, 40.6818361904873], [-73.917807857336, 40.682119256231], [-73.9177394086912, 40.6821271214004], [-73.9177944453998, 40.6824020856938], [-73.9181228307695, 40.6823643500805], [-73.9180677927373, 40.6820893866456], [-73.9179012813837, 40.6821085209023], [-73.9178446299307, 40.6818254924498]]]}}, {"type": "Feature", "properties": {"zone_id": "0201JG7LNZJB83AEE5FQ8P", "tract_id": "36047037900", "city": "", "zone_code": "R6B", "zone_category": "Residential", "ev_permitted": false}, "geometry": {"type": "Polygon", "coordinates": [[[-73.9177511998554, 40.6818361904873], [-73.9174720698285, 40.6818681493629], [-73.9175002575781, 40.6820089809503], [-73.9171295358476, 40.6820515797513], [-73.9171436825901, 40.6821222601771], [-73.9175144047036, 40.6820796620335], [-73.9175287481637, 40.6821513283874], [-73.917807857336, 40.682119256231], [-73.9177511998554, 40.6818361904873]]]}}, {"type": "Feature", "properties": {"zone_id": "0204JP9VFF80SEGUGHBEQ4", "tract_id": "36047037900", "city": "BROOKLYN, NY", "zone_code": "R6B", "zone_category": "Residential", "ev_permitted": false}, "geometry": {"type": "Polygon", "coordinates": [[[-73.9180262779959, 40.6818046953183], [-73.9179358749258, 40.6818150450338], [-73.917992517572, 40.6820980368967], [-73.9180829146034, 40.6820876484861], [-73.9180262779959, 40.6818046953183]]]}}, {"type": "Feature", "properties": {"zone_id": "0207OFABJDTGW80UAUGAGE", "tract_id": "36047037900", "city": "BROOKLYN, NY", "zone_code": "R6B", "zone_category": "Residential", "ev_permitted": false}, "geometry": {"type": "Polygon", "coordinates": [[[-73.9179358749258, 40.6818150450338], [-73.9178446299307, 40.6818254924498], [-73.9179012813837, 40.6821085209023], [-73.917992517572, 40.6820980368967], [-73.9179358749258, 40.6818150450338]]]}}, {"type": "Feature", "properties": {"zone_id": "0203ODWFLPN2GAZUTK0HW3", "tract_id": "36047037900", "city": "", "zone_code": "R6B", "zone_category": "Residential", "ev_permitted": false}, "geometry": {"type": "Polygon", "coordinates": [[[-73.9175144047036, 40.6820796620335], [-73.9171436825901, 40.6821222601771], [-73.9172130600274, 40.682468891146], [-73.9175837840236, 40.6824262927807], [-73.9175144047036, 40.6820796620335]]]}}, {"type": "Feature", "properties": {"zone_id": "0201UXMW5V3D187Z5SB81W", "tract_id": "36047037900", "city": "BROOKLYN, NY", "zone_code": "R6B", "zone_category": "Residential", "ev_permitted": false}, "geometry": {"type": "Polygon", "coordinates": [[[-73.9174869691012, 40.6819425923403], [-73.9171162486552, 40.681985190397], [-73.9171295358476, 40.6820515797513], [-73.9175002575781, 40.6820089809503], [-73.9174869691012, 40.6819425923403]]]}}, {"type": "Feature", "properties": {"zone_id": "0207JP3GNZX6IZBEYQS1DR", "tract_id": "36047037900", "city": "BROOKLYN, NY", "zone_code": "R6B", "zone_category": "Residential", "ev_permitted": false}, "geometry": {"type": "Polygon", "coordinates": [[[-73.9174720698285, 40.6818681493629], [-73.9171013195138, 40.681910597683], [-73.9171162486552, 40.681985190397], [-73.9174869691012, 40.6819425923403], [-73.9174720698285, 40.6818681493629]]]}}, {"type": "Feature", "properties": {"zone_id": "0207CCQK9FLDQSZT8LSARF", "tract_id": "36047037900", "city": "BROOKLYN, NY", "zone_code": "R6B", "zone_category": "Residential", "ev_permitted": false}, "geometry": {"type": "Polygon", "coordinates": [[[-73.9185623158253, 40.6812832530653], [-73.9184903912325, 40.68129185753], [-73.9185459820747, 40.6815700288328], [-73.918617985856, 40.6815618192856], [-73.9185623158253, 40.6812832530653]]]}}, {"type": "Feature", "properties": {"zone_id": "0207JPC7OOHDE189MMC7HX", "tract_id": "36047037900", "city": "BROOKLYN, NY", "zone_code": "R6B", "zone_category": "Residential", "ev_permitted": false}, "geometry": {"type": "Polygon", "coordinates": [[[-73.9184903912325, 40.68129185753], [-73.918427121872, 40.6812994267407], [-73.9184826418093, 40.6815772516113], [-73.9185459820747, 40.6815700288328], [-73.9184903912325, 40.68129185753]]]}}, {"type": "Feature", "properties": {"zone_id": "0203LCQE336BGNQFTBSNYR", "tract_id": "36047037900", "city": "BROOKLYN, NY", "zone_code": "R6B", "zone_category": "Residential", "ev_permitted": false}, "geometry": {"type": "Polygon", "coordinates": [[[-73.918427121872, 40.6812994267407], [-73.9183629699871, 40.6813071006898], [-73.9184184199457, 40.6815845742107], [-73.9184826418093, 40.6815772516113], [-73.918427121872, 40.6812994267407]]]}}, {"type": "Feature", "properties": {"zone_id": "02037QGI3VIDPD7VRILGT5", "tract_id": "36047037900", "city": "BROOKLYN, NY", "zone_code": "R6B", "zone_category": "Residential", "ev_permitted": false}, "geometry": {"type": "Polygon", "coordinates": [[[-73.9183629699871, 40.6813071006898], [-73.9181899848814, 40.6813277948973], [-73.918245245163, 40.6816043197727], [-73.9184184199457, 40.6815845742107], [-73.9183629699871, 40.6813071006898]]]}}, {"type": "Feature", "properties": {"zone_id": "0205PE62B0QUNP4O8H82IC", "tract_id": "36047037900", "city": "BROOKLYN, NY", "zone_code": "R6B", "zone_category": "Residential", "ev_permitted": false}, "geometry": {"type": "Polygon", "coordinates": [[[-73.917558645375, 40.6811149126578], [-73.9174819537981, 40.6811233458431], [-73.9175383833026, 40.6814057412423], [-73.9176149311804, 40.6813965848773], [-73.917558645375, 40.6811149126578]]]}}, {"type": "Feature", "properties": {"zone_id": "0200PP0LY2YO1WY9AZ558T", "tract_id": "36047037900", "city": "BROOKLYN, NY", "zone_code": "R6B", "zone_category": "Residential", "ev_permitted": false}, "geometry": {"type": "Polygon", "coordinates": [[[-73.9180909035735, 40.6813396471798], [-73.9180166959595, 40.6813485244641], [-73.9180717656456, 40.6816240999903], [-73.9181460561293, 40.6816156295709], [-73.9180909035735, 40.6813396471798]]]}}, {"type": "Feature", "properties": {"zone_id": "0207E1G70EA7LKNDE02B7T", "tract_id": "36047037900", "city": "BROOKLYN, NY", "zone_code": "R6B", "zone_category": "Residential", "ev_permitted": false}, "geometry": {"type": "Polygon", "coordinates": [[[-73.9181899848814, 40.6813277948973], [-73.9180909035735, 40.6813396471798], [-73.9181460561293, 40.6816156295709], [-73.918245245163, 40.6816043197727], [-73.9181899848814, 40.6813277948973]]]}}, {"type": "Feature", "properties": {"zone_id": "0207EYJEJRJ6JIL4YRWWHS", "tract_id": "36047037900", "city": "BROOKLYN, NY", "zone_code": "R6B", "zone_category": "Residential", "ev_permitted": false}, "geometry": {"type": "Polygon", "coordinates": [[[-73.9184340831632, 40.6810186457742], [-73.9183663386264, 40.6810260951372], [-73.918421104922, 40.6813001462169], [-73.9184887212937, 40.6812920573084], [-73.9184340831632, 40.6810186457742]]]}}, {"type": "Feature", "properties": {"zone_id": "0206Z28250EVFIVZGA7Y2L", "tract_id": "36047037900", "city": "BROOKLYN, NY", "zone_code": "R6B", "zone_category": "Residential", "ev_permitted": false}, "geometry": {"type": "Polygon", "coordinates": [[[-73.9186291308873, 40.6812752604745], [-73.9185623158253, 40.6812832530653], [-73.918617985856, 40.6815618192856], [-73.9186848736617, 40.6815541920983], [-73.9186291308873, 40.6812752604745]]]}}, {"type": "Feature", "properties": {"zone_id": "0200IDM75QDAA7RBKUYWUS", "tract_id": "36047037900", "city": "", "zone_code": "R6B", "zone_category": "Residential", "ev_permitted": false}, "geometry": {"type": "Polygon", "coordinates": [[[-73.9187082883774, 40.6812657911376], [-73.9186291308873, 40.6812752604745], [-73.9186848736617, 40.6815541920983], [-73.9187641181701, 40.6815451561514], [-73.9187082883774, 40.6812657911376]]]}}, {"type": "Feature", "properties": {"zone_id": "0206UVIBEGXTB5VVQHNM1S", "tract_id": "36047037900", "city": "BROOKLYN, NY", "zone_code": "R6B", "zone_category": "Residential", "ev_permitted": false}, "geometry": {"type": "Polygon", "coordinates": [[[-73.9181391574909, 40.6810510777994], [-73.9180721283014, 40.6810584487999], [-73.9181274474947, 40.6813352759282], [-73.9181943494361, 40.6813272724091], [-73.9181391574909, 40.6810510777994]]]}}, {"type": "Feature", "properties": {"zone_id": "02032WF2I3SYCN3TPPJ0I2", "tract_id": "36047037900", "city": "BROOKLYN, NY", "zone_code": "R6B", "zone_category": "Residential", "ev_permitted": false}, "geometry": {"type": "Polygon", "coordinates": [[[-73.918217733725, 40.681042580168], [-73.9181391574909, 40.6810510777994], [-73.9181943494361, 40.6813272724091], [-73.9182727516999, 40.6813178934783], [-73.918217733725, 40.681042580168]]]}}, {"type": "Feature", "properties": {"zone_id": "0201LZV3OEW7AIAU700J71", "tract_id": "36047037900", "city": "BROOKLYN, NY", "zone_code": "R6B", "zone_category": "Residential", "ev_permitted": false}, "geometry": {"type": "Polygon", "coordinates": [[[-73.9182952902492, 40.6810339082014], [-73.918217733725, 40.681042580168], [-73.9182727516999, 40.6813178934783], [-73.9183501901955, 40.6813086297494], [-73.9182952902492, 40.6810339082014]]]}}, {"type": "Feature", "properties": {"zone_id": "0206FG0AATD5BBHD3E66LL", "tract_id": "36047037900", "city": "BROOKLYN, NY", "zone_code": "R6B", "zone_category": "Residential", "ev_permitted": false}, "geometry": {"type": "Polygon", "coordinates": [[[-73.9183663386264, 40.6810260951372], [-73.9182952902492, 40.6810339082014], [-73.9183501901955, 40.6813086297494], [-73.918421104922, 40.6813001462169], [-73.9183663386264, 40.6810260951372]]]}}, {"type": "Feature", "properties": {"zone_id": "02030HXPISBGOB1ZIWBIBG", "tract_id": "36047037900", "city": "BROOKLYN, NY", "zone_code": "R6B", "zone_category": "Residential", "ev_permitted": false}, "geometry": {"type": "Polygon", "coordinates": [[[-73.917803416002, 40.6813740377422], [-73.9177333817851, 40.6813824154215], [-73.9177881402697, 40.6816564379774], [-73.917858250902, 40.6816484453782], [-73.917803416002, 40.6813740377422]]]}}, {"type": "Feature", "properties": {"zone_id": "020765PEXU0MVHR5IXYKJH", "tract_id": "36047037900", "city": "BROOKLYN, NY", "zone_code": "R6B", "zone_category": "Residential", "ev_permitted": false}, "geometry": {"type": "Polygon", "coordinates": [[[-73.9179420221448, 40.681357457581], [-73.9178748939767, 40.6813654874931], [-73.9179298080607, 40.6816402858318], [-73.9179970098868, 40.6816326234325], [-73.9179420221448, 40.681357457581]]]}}, {"type": "Feature", "properties": {"zone_id": "02014WP0GAHKGAFVVYDXWW", "tract_id": "36047037900", "city": "BROOKLYN, NY", "zone_code": "R6B", "zone_category": "Residential", "ev_permitted": false}, "geometry": {"type": "Polygon", "coordinates": [[[-73.9180166959595, 40.6813485244641], [-73.9179420221448, 40.681357457581], [-73.9179970098868, 40.6816326234325], [-73.9180717656456, 40.6816240999903], [-73.9180166959595, 40.6813485244641]]]}}, {"type": "Feature", "properties": {"zone_id": "02026LKPYGXIULHL4S1Q7H", "tract_id": "36047037900", "city": "BROOKLYN, NY", "zone_code": "R6B", "zone_category": "Residential", "ev_permitted": false}, "geometry": {"type": "Polygon", "coordinates": [[[-73.9178748939767, 40.6813654874931], [-73.917803416002, 40.6813740377422], [-73.917858250902, 40.6816484453782], [-73.9179298080607, 40.6816402858318], [-73.9178748939767, 40.6813654874931]]]}}, {"type": "Feature", "properties": {"zone_id": "0202WSTYHTBL1Y07Y2GPYG", "tract_id": "36047037900", "city": "BROOKLYN, NY", "zone_code": "R6B", "zone_category": "Residential", "ev_permitted": false}, "geometry": {"type": "Polygon", "coordinates": [[[-73.9174480105859, 40.6814165515428], [-73.9173801207145, 40.6814246726685], [-73.917434491596, 40.6816967599826], [-73.9175024551177, 40.6816890105859], [-73.9174480105859, 40.6814165515428]]]}}, {"type": "Feature", "properties": {"zone_id": "0202GH387N8SHZR7LUQVPT", "tract_id": "36047037900", "city": "BROOKLYN, NY", "zone_code": "R6B", "zone_category": "Residential", "ev_permitted": false}, "geometry": {"type": "Polygon", "coordinates": [[[-73.9176310647402, 40.6813946549721], [-73.9175319453849, 40.6814065116647], [-73.9175864819833, 40.6816794302752], [-73.917685709978, 40.6816681167712], [-73.9176310647402, 40.6813946549721]]]}}, {"type": "Feature", "properties": {"zone_id": "02010AVRZYG7I9UV7PQVEV", "tract_id": "36047037900", "city": "BROOKLYN, NY", "zone_code": "R6B", "zone_category": "Residential", "ev_permitted": false}, "geometry": {"type": "Polygon", "coordinates": [[[-73.9175319453849, 40.6814065116647], [-73.9174480105859, 40.6814165515428], [-73.9175024551177, 40.6816890105859], [-73.9175864819833, 40.6816794302752], [-73.9175319453849, 40.6814065116647]]]}}, {"type": "Feature", "properties": {"zone_id": "0205WH5E25QDBWOCEV1J9A", "tract_id": "36047037900", "city": "BROOKLYN, NY", "zone_code": "R6B", "zone_category": "Residential", "ev_permitted": false}, "geometry": {"type": "Polygon", "coordinates": [[[-73.9177333817851, 40.6813824154215], [-73.9176310647402, 40.6813946549721], [-73.917685709978, 40.6816681167712], [-73.9177881402697, 40.6816564379774], [-73.9177333817851, 40.6813824154215]]]}}, {"type": "Feature", "properties": {"zone_id": "0200JNO1XXQWKC05F9RA6I", "tract_id": "36047037900", "city": "BROOKLYN, NY", "zone_code": "R6B", "zone_category": "Residential", "ev_permitted": false}, "geometry": {"type": "Polygon", "coordinates": [[[-73.9177754520507, 40.6810910718785], [-73.9177061168371, 40.6810986967871], [-73.9177621253004, 40.6813789774653], [-73.9178313296162, 40.6813706989539], [-73.9177754520507, 40.6810910718785]]]}}, {"type": "Feature", "properties": {"zone_id": "020407BMOFMXHKIDMT4GV0", "tract_id": "36047037900", "city": "BROOKLYN, NY", "zone_code": "R6B", "zone_category": "Residential", "ev_permitted": false}, "geometry": {"type": "Polygon", "coordinates": [[[-73.9178528248123, 40.6810825637991], [-73.9177754520507, 40.6810910718785], [-73.9178313296162, 40.6813706989539], [-73.9179085568369, 40.6813614613698], [-73.9178528248123, 40.6810825637991]]]}}, {"type": "Feature", "properties": {"zone_id": "0201RFREWHSKBCMDECG1RT", "tract_id": "36047037900", "city": "BROOKLYN, NY", "zone_code": "R6B", "zone_category": "Residential", "ev_permitted": false}, "geometry": {"type": "Polygon", "coordinates": [[[-73.9179247133275, 40.681074658856], [-73.9178528248123, 40.6810825637991], [-73.9179085568369, 40.6813614613698], [-73.9179803108027, 40.6813528761191], [-73.9179247133275, 40.681074658856]]]}}, {"type": "Feature", "properties": {"zone_id": "0201AV5T62Q5SWQIK1GL7O", "tract_id": "36047037900", "city": "BROOKLYN, NY", "zone_code": "R6B", "zone_category": "Residential", "ev_permitted": false}, "geometry": {"type": "Polygon", "coordinates": [[[-73.9179997579551, 40.6810664068941], [-73.9179247133275, 40.681074658856], [-73.9179803108027, 40.6813528761191], [-73.918055214466, 40.6813439157372], [-73.9179997579551, 40.6810664068941]]]}}, {"type": "Feature", "properties": {"zone_id": "0205ZGPLJ1D1IAWNJRXYSE", "tract_id": "36047037900", "city": "BROOKLYN, NY", "zone_code": "R6B", "zone_category": "Residential", "ev_permitted": false}, "geometry": {"type": "Polygon", "coordinates": [[[-73.9180721283014, 40.6810584487999], [-73.9179997579551, 40.6810664068941], [-73.918055214466, 40.6813439157372], [-73.9181274474947, 40.6813352759282], [-73.9180721283014, 40.6810584487999]]]}}, {"type": "Feature", "properties": {"zone_id": "02013S0G4I1CBM2K2A8NGL", "tract_id": "36047037900", "city": "BROOKLYN, NY", "zone_code": "R6B", "zone_category": "Residential", "ev_permitted": false}, "geometry": {"type": "Polygon", "coordinates": [[[-73.9177061168371, 40.6810986967871], [-73.9176287855788, 40.6811071998789], [-73.9176849395799, 40.6813882100622], [-73.9177621253004, 40.6813789774653], [-73.9177061168371, 40.6810986967871]]]}}, {"type": "Feature", "properties": {"zone_id": "02024HGF11BOF3202U33XW", "tract_id": "36047037900", "city": "BROOKLYN, NY", "zone_code": "R6B", "zone_category": "Residential", "ev_permitted": false}, "geometry": {"type": "Polygon", "coordinates": [[[-73.9174819537981, 40.6811233458431], [-73.9174116695539, 40.6811310745902], [-73.9174682317814, 40.6814141327295], [-73.9175383833026, 40.6814057412423], [-73.9174819537981, 40.6811233458431]]]}}, {"type": "Feature", "properties": {"zone_id": "0200DY6PJP23VEKMIGS6XQ", "tract_id": "36047037900", "city": "BROOKLYN, NY", "zone_code": "R6B", "zone_category": "Residential", "ev_permitted": false}, "geometry": {"type": "Polygon", "coordinates": [[[-73.9176287855788, 40.6811071998789], [-73.917558645375, 40.6811149126578], [-73.9176149311804, 40.6813965848773], [-73.9176849395799, 40.6813882100622], [-73.9176287855788, 40.6811071998789]]]}}, {"type": "Feature", "properties": {"zone_id": "0200VQEX0OPDRJ90ZQHDGT", "tract_id": "36047037900", "city": "BROOKLYN, NY", "zone_code": "R6B", "zone_category": "Residential", "ev_permitted": false}, "geometry": {"type": "Polygon", "coordinates": [[[-73.9174116695539, 40.6811310745902], [-73.9173320285819, 40.6811398315939], [-73.9173887399955, 40.6814236417278], [-73.9174682317814, 40.6814141327295], [-73.9174116695539, 40.6811310745902]]]}}, {"type": "Feature", "properties": {"zone_id": "0201IUTGLLA88ZAKYJ48WZ", "tract_id": "36047037900", "city": "BROOKLYN, NY", "zone_code": "R6B", "zone_category": "Residential", "ev_permitted": false}, "geometry": {"type": "Polygon", "coordinates": [[[-73.9187533962597, 40.6809835305877], [-73.9186641838835, 40.6809933413691], [-73.9187183899292, 40.6812645826683], [-73.9188074338548, 40.6812539299369], [-73.9187533962597, 40.6809835305877]]]}}, {"type": "Feature", "properties": {"zone_id": "02030J2770L6NFQW5L6032", "tract_id": "36047037900", "city": "BROOKLYN, NY", "zone_code": "R6B", "zone_category": "Residential", "ev_permitted": false}, "geometry": {"type": "Polygon", "coordinates": [[[-73.9186641838835, 40.6809933413691], [-73.9185876375142, 40.6810017599353], [-73.9186419872857, 40.6812737223035], [-73.9187183899292, 40.6812645826683], [-73.9186641838835, 40.6809933413691]]]}}, {"type": "Feature", "properties": {"zone_id": "0203XBC1ASRGRDABKHAHWF", "tract_id": "36047037900", "city": "BROOKLYN, NY", "zone_code": "R6B", "zone_category": "Residential", "ev_permitted": false}, "geometry": {"type": "Polygon", "coordinates": [[[-73.9185876375142, 40.6810017599353], [-73.9185147309625, 40.6810097769976], [-73.9185692180521, 40.6812824274036], [-73.9186419872857, 40.6812737223035], [-73.9185876375142, 40.6810017599353]]]}}, {"type": "Feature", "properties": {"zone_id": "0203GCB8PR82P80JBRS2IL", "tract_id": "36047037900", "city": "BROOKLYN, NY", "zone_code": "R6B", "zone_category": "Residential", "ev_permitted": false}, "geometry": {"type": "Polygon", "coordinates": [[[-73.9185147309625, 40.6810097769976], [-73.9184340831632, 40.6810186457742], [-73.9184887212937, 40.6812920573084], [-73.9185692180521, 40.6812824274036], [-73.9185147309625, 40.6810097769976]]]}}, {"type": "Feature", "properties": {"zone_id": "0200U9JTLWG3IFBP2BPYQ4", "tract_id": "36047037900", "city": "BROOKLYN, NY", "zone_code": "R6B", "zone_category": "Residential", "ev_permitted": false}, "geometry": {"type": "Polygon", "coordinates": [[[-73.9187579779901, 40.680508486409], [-73.9186618042289, 40.6805197819171], [-73.9187185044645, 40.6808040994305], [-73.918814714401, 40.6807929858901], [-73.9187579779901, 40.680508486409]]]}}, {"type": "Feature", "properties": {"zone_id": "0201KWU3M4OYE7R94P63GC", "tract_id": "36047037900", "city": "BROOKLYN, NY", "zone_code": "R6B", "zone_category": "Residential", "ev_permitted": false}, "geometry": {"type": "Polygon", "coordinates": [[[-73.9186618042289, 40.6805197819171], [-73.9185756730012, 40.6805298990608], [-73.9186323407726, 40.6808140535759], [-73.9187185044645, 40.6808040994305], [-73.9186618042289, 40.6805197819171]]]}}, {"type": "Feature", "properties": {"zone_id": "0207BM6627XS2C8OEJHEQ0", "tract_id": "36047037900", "city": "BROOKLYN, NY", "zone_code": "R6B", "zone_category": "Residential", "ev_permitted": false}, "geometry": {"type": "Polygon", "coordinates": [[[-73.9185756730012, 40.6805298990608], [-73.9184854228078, 40.6805404994642], [-73.9185420562617, 40.6808244832525], [-73.9186323407726, 40.6808140535759], [-73.9185756730012, 40.6805298990608]]]}}, {"type": "Feature", "properties": {"zone_id": "020304WGLASSSPY6YBD4DA", "tract_id": "36047037900", "city": "BROOKLYN, NY", "zone_code": "R6B", "zone_category": "Residential", "ev_permitted": false}, "geometry": {"type": "Polygon", "coordinates": [[[-73.9184854228078, 40.6805404994642], [-73.918396510181, 40.6805509419439], [-73.9184531093192, 40.6808347585179], [-73.9185420562617, 40.6808244832525], [-73.9184854228078, 40.6805404994642]]]}}, {"type": "Feature", "properties": {"zone_id": "02014RPZ2C5HCV156KU8BD", "tract_id": "36047037900", "city": "BROOKLYN, NY", "zone_code": "R6B", "zone_category": "Residential", "ev_permitted": false}, "geometry": {"type": "Polygon", "coordinates": [[[-73.918396510181, 40.6805509419439], [-73.9183227652414, 40.6805596033339], [-73.9183793365521, 40.6808432822026], [-73.9184531093192, 40.6808347585179], [-73.918396510181, 40.6805509419439]]]}}, {"type": "Feature", "properties": {"zone_id": "0206SY7Q7HUIPJ54CSX6XN", "tract_id": "36047037900", "city": "BROOKLYN, NY", "zone_code": "R6B", "zone_category": "Residential", "ev_permitted": false}, "geometry": {"type": "Polygon", "coordinates": [[[-73.9183227652414, 40.6805596033339], [-73.9182045371654, 40.6805734889767], [-73.9182610639563, 40.6808569437225], [-73.9183793365521, 40.6808432822026], [-73.9183227652414, 40.6805596033339]]]}}, {"type": "Feature", "properties": {"zone_id": "02044WDHMG9NUK9SZ3J3N6", "tract_id": "36047037900", "city": "BROOKLYN, NY", "zone_code": "R6B", "zone_category": "Residential", "ev_permitted": false}, "geometry": {"type": "Polygon", "coordinates": [[[-73.9182045371654, 40.6805734889767], [-73.9181313857399, 40.6805820803998], [-73.9181878847065, 40.6808653974399], [-73.9182610639563, 40.6808569437225], [-73.9182045371654, 40.6805734889767]]]}}, {"type": "Feature", "properties": {"zone_id": "0201BNB307XCNRBQ6D91TV", "tract_id": "36047037900", "city": "BROOKLYN, NY", "zone_code": "R6B", "zone_category": "Residential", "ev_permitted": false}, "geometry": {"type": "Polygon", "coordinates": [[[-73.9181313857399, 40.6805820803998], [-73.9180616018256, 40.680590275765], [-73.9181180748196, 40.6808734621257], [-73.9181878847065, 40.6808653974399], [-73.9181313857399, 40.6805820803998]]]}}, {"type": "Feature", "properties": {"zone_id": "0204JOOVZWFA5NSCUS4BUX", "tract_id": "36047037900", "city": "BROOKLYN, NY", "zone_code": "R6B", "zone_category": "Residential", "ev_permitted": false}, "geometry": {"type": "Polygon", "coordinates": [[[-73.9180616018256, 40.680590275765], [-73.9179307564771, 40.6806056431901], [-73.9179871784675, 40.680888582944], [-73.9181180748196, 40.6808734621257], [-73.9180616018256, 40.680590275765]]]}}, {"type": "Feature", "properties": {"zone_id": "0200WFWZQFZIUBCMI23OYE", "tract_id": "36047037900", "city": "BROOKLYN, NY", "zone_code": "R6B", "zone_category": "Residential", "ev_permitted": false}, "geometry": {"type": "Polygon", "coordinates": [[[-73.9179307564771, 40.6806056431901], [-73.9178616851593, 40.6806137553255], [-73.9179180811808, 40.6808965643996], [-73.9179871784675, 40.680888582944], [-73.9179307564771, 40.6806056431901]]]}}, {"type": "Feature", "properties": {"zone_id": "02000N95LW5C9DBAOHPH16", "tract_id": "36047037900", "city": "BROOKLYN, NY", "zone_code": "R6B", "zone_category": "Residential", "ev_permitted": false}, "geometry": {"type": "Polygon", "coordinates": [[[-73.9178616851593, 40.6806137553255], [-73.9177904195745, 40.6806221251342], [-73.9178467896225, 40.680904800016], [-73.9179180811808, 40.6808965643996], [-73.9178616851593, 40.6806137553255]]]}}, {"type": "Feature", "properties": {"zone_id": "0203U2HEFAN7VH45VBT6H7", "tract_id": "36047037900", "city": "BROOKLYN, NY", "zone_code": "R6B", "zone_category": "Residential", "ev_permitted": false}, "geometry": {"type": "Polygon", "coordinates": [[[-73.9177904195745, 40.6806221251342], [-73.9177129755446, 40.6806312205464], [-73.9177693149937, 40.6809137492905], [-73.9178467896225, 40.680904800016], [-73.9177904195745, 40.6806221251342]]]}}, {"type": "Feature", "properties": {"zone_id": "0200YXYON6Z03NJFH03ZG1", "tract_id": "36047037900", "city": "BROOKLYN, NY", "zone_code": "R6B", "zone_category": "Residential", "ev_permitted": false}, "geometry": {"type": "Polygon", "coordinates": [[[-73.9175970494711, 40.680644835281], [-73.9175376181968, 40.6806518151098], [-73.9175938917964, 40.6809340136413], [-73.9176533453291, 40.6809271462253], [-73.9175970494711, 40.680644835281]]]}}, {"type": "Feature", "properties": {"zone_id": "02011P50D7CF6LL5OAPV07", "tract_id": "36047037900", "city": "BROOKLYN, NY", "zone_code": "R6B", "zone_category": "Residential", "ev_permitted": false}, "geometry": {"type": "Polygon", "coordinates": [[[-73.9175376181968, 40.6806518151098], [-73.917477915513, 40.6806588270358], [-73.917534165931, 40.6809409124511], [-73.9175938917964, 40.6809340136413], [-73.9175376181968, 40.6806518151098]]]}}, {"type": "Feature", "properties": {"zone_id": "0200Y70EVSBIVWEJK82N0F", "tract_id": "36047037900", "city": "BROOKLYN, NY", "zone_code": "R6B", "zone_category": "Residential", "ev_permitted": false}, "geometry": {"type": "Polygon", "coordinates": [[[-73.917477915513, 40.6806588270358], [-73.9174146901959, 40.6806662523785], [-73.917470916502, 40.6809482190575], [-73.917534165931, 40.6809409124511], [-73.917477915513, 40.6806588270358]]]}}, {"type": "Feature", "properties": {"zone_id": "0206YTYHKZUQY4JTLRCQ76", "tract_id": "36047037900", "city": "BROOKLYN, NY", "zone_code": "R6B", "zone_category": "Residential", "ev_permitted": false}, "geometry": {"type": "Polygon", "coordinates": [[[-73.9174146901959, 40.6806662523785], [-73.9173559918405, 40.6806731455095], [-73.9174121968121, 40.6809550018838], [-73.917470916502, 40.6809482190575], [-73.9174146901959, 40.6806662523785]]]}}, {"type": "Feature", "properties": {"zone_id": "02049JFQHXMXLAJN6HY1OP", "tract_id": "36047037900", "city": "BROOKLYN, NY", "zone_code": "R6B", "zone_category": "Residential", "ev_permitted": false}, "geometry": {"type": "Polygon", "coordinates": [[[-73.9177129755446, 40.6806312205464], [-73.9176581248056, 40.6806376626632], [-73.9177144438494, 40.6809200881282], [-73.9177693149937, 40.6809137492905], [-73.9177129755446, 40.6806312205464]]]}}, {"type": "Feature", "properties": {"zone_id": "0203CXS8BF7DR2QDHTF21W", "tract_id": "36047037900", "city": "BROOKLYN, NY", "zone_code": "R6B", "zone_category": "Residential", "ev_permitted": false}, "geometry": {"type": "Polygon", "coordinates": [[[-73.9176581248056, 40.6806376626632], [-73.9175970494711, 40.680644835281], [-73.9176533453291, 40.6809271462253], [-73.9177144438494, 40.6809200881282], [-73.9176581248056, 40.6806376626632]]]}}, {"type": "Feature", "properties": {"zone_id": "0202XRQNHDX2BM2JW56UEB", "tract_id": "36047037900", "city": "BROOKLYN, NY", "zone_code": "R6B", "zone_category": "Residential", "ev_permitted": false}, "geometry": {"type": "Polygon", "coordinates": [[[-73.9171086669436, 40.6815182589406], [-73.9170321880876, 40.6815266680888], [-73.9170763394669, 40.6817375934096], [-73.9171507982136, 40.6817291040794], [-73.9171086669436, 40.6815182589406]]]}}, {"type": "Feature", "properties": {"zone_id": "0201AZ1S117350MRKZ805Q", "tract_id": "36047037900", "city": "BROOKLYN, NY", "zone_code": "R6B", "zone_category": "Residential", "ev_permitted": false}, "geometry": {"type": "Polygon", "coordinates": [[[-73.917382180986, 40.6814349843093], [-73.9170213023663, 40.6814746653497], [-73.9170321880876, 40.6815266680888], [-73.9173925832667, 40.6814870400695], [-73.917382180986, 40.6814349843093]]]}}, {"type": "Feature", "properties": {"zone_id": "0203Q6HOS59K3PTQLML1RP", "tract_id": "36047037900", "city": "BROOKLYN, NY", "zone_code": "R6B", "zone_category": "Residential", "ev_permitted": false}, "geometry": {"type": "Polygon", "coordinates": [[[-73.9173925832667, 40.6814870400695], [-73.9173233362183, 40.6814946542708], [-73.9173652984518, 40.6817046482859], [-73.917434491596, 40.6816967599826], [-73.9173925832667, 40.6814870400695]]]}}, {"type": "Feature", "properties": {"zone_id": "02047BVDLTKDTSXSLHATK1", "tract_id": "36047037900", "city": "BROOKLYN, NY", "zone_code": "R6B", "zone_category": "Residential", "ev_permitted": false}, "geometry": {"type": "Polygon", "coordinates": [[[-73.9173233362183, 40.6814946542708], [-73.9172479254683, 40.6815029462825], [-73.9172899470933, 40.6817132397019], [-73.9173652984518, 40.6817046482859], [-73.9173233362183, 40.6814946542708]]]}}, {"type": "Feature", "properties": {"zone_id": "0203K4NLGWN1MLSEZUDWEB", "tract_id": "36047037900", "city": "BROOKLYN, NY", "zone_code": "R6B", "zone_category": "Residential", "ev_permitted": false}, "geometry": {"type": "Polygon", "coordinates": [[[-73.9172479254683, 40.6815029462825], [-73.9171778060358, 40.6815106567361], [-73.9172198824799, 40.681721227772], [-73.9172899470933, 40.6817132397019], [-73.9172479254683, 40.6815029462825]]]}}, {"type": "Feature", "properties": {"zone_id": "0202K35T6MCJX37D4P6JOL", "tract_id": "36047037900", "city": "BROOKLYN, NY", "zone_code": "R6B", "zone_category": "Residential", "ev_permitted": false}, "geometry": {"type": "Polygon", "coordinates": [[[-73.9171778060358, 40.6815106567361], [-73.9171086669436, 40.6815182589406], [-73.9171507982136, 40.6817291040794], [-73.9172198824799, 40.681721227772], [-73.9171778060358, 40.6815106567361]]]}}, {"type": "Feature", "properties": {"zone_id": "0205XYJY92RULEDWLUA4XO", "tract_id": "36047037900", "city": "BROOKLYN, NY", "zone_code": "R6B", "zone_category": "Residential", "ev_permitted": false}, "geometry": {"type": "Polygon", "coordinates": [[[-73.9173792238488, 40.6813760182932], [-73.9170091706445, 40.681416708757], [-73.9170213023663, 40.6814746653497], [-73.917382180986, 40.6814349843093], [-73.9173801207145, 40.6814246726685], [-73.9173887399955, 40.6814236417278], [-73.9173792238488, 40.6813760182932]]]}}, {"type": "Feature", "properties": {"zone_id": "0200DJW4E78HFP0414QXX8", "tract_id": "36047037900", "city": "BROOKLYN, NY", "zone_code": "R6B", "zone_category": "Residential", "ev_permitted": false}, "geometry": {"type": "Polygon", "coordinates": [[[-73.9173447166905, 40.6812033297477], [-73.9169730600435, 40.6812441960146], [-73.9169855550479, 40.6813038877473], [-73.9173566563031, 40.6812630821728], [-73.9173447166905, 40.6812033297477]]]}}, {"type": "Feature", "properties": {"zone_id": "0202AA2JFF3F16NERGHRZF", "tract_id": "36047037900", "city": "BROOKLYN, NY", "zone_code": "R6B", "zone_category": "Residential", "ev_permitted": false}, "geometry": {"type": "Polygon", "coordinates": [[[-73.9173320285819, 40.6811398315939], [-73.9169597814856, 40.6811807627413], [-73.9169730600435, 40.6812441960146], [-73.9173447166905, 40.6812033297477], [-73.9173320285819, 40.6811398315939]]]}}, {"type": "Feature", "properties": {"zone_id": "0200SIRK2KK8ETMT49R5NU", "tract_id": "36047037900", "city": "BROOKLYN, NY", "zone_code": "R6B", "zone_category": "Residential", "ev_permitted": false}, "geometry": {"type": "Polygon", "coordinates": [[[-73.9173672896997, 40.681316293279], [-73.9169966811016, 40.6813570444355], [-73.9170091706445, 40.681416708757], [-73.9173792238488, 40.6813760182932], [-73.9173672896997, 40.681316293279]]]}}, {"type": "Feature", "properties": {"zone_id": "02039DXG1BTIJ1BOB5FVLQ", "tract_id": "36047037900", "city": "BROOKLYN, NY", "zone_code": "R6B", "zone_category": "Residential", "ev_permitted": false}, "geometry": {"type": "Polygon", "coordinates": [[[-73.9173566563031, 40.6812630821728], [-73.9169855550479, 40.6813038877473], [-73.9169966811016, 40.6813570444355], [-73.9173672896997, 40.681316293279], [-73.9173566563031, 40.6812630821728]]]}}, {"type": "Feature", "properties": {"zone_id": "02074RQA8O2IMDAKAUSZP2", "tract_id": "36047037900", "city": "BROOKLYN, NY", "zone_code": "R6B", "zone_category": "Residential", "ev_permitted": false}, "geometry": {"type": "Polygon", "coordinates": [[[-73.9173559918405, 40.6806731455095], [-73.917296886377, 40.6806800868016], [-73.9173530672454, 40.6809618314641], [-73.9174121968121, 40.6809550018838], [-73.9173559918405, 40.6806731455095]]]}}, {"type": "Feature", "properties": {"zone_id": "02016NRNAE5FO9NDMEVYON", "tract_id": "36047037900", "city": "BROOKLYN, NY", "zone_code": "R6B", "zone_category": "Residential", "ev_permitted": false}, "geometry": {"type": "Polygon", "coordinates": [[[-73.917296886377, 40.6806800868016], [-73.9172377310522, 40.6806870343515], [-73.9172938905864, 40.6809686673042], [-73.9173530672454, 40.6809618314641], [-73.917296886377, 40.6806800868016]]]}}, {"type": "Feature", "properties": {"zone_id": "0206QYG7W5I48PLNWQQNTX", "tract_id": "36047037900", "city": "BROOKLYN, NY", "zone_code": "R6B", "zone_category": "Residential", "ev_permitted": false}, "geometry": {"type": "Polygon", "coordinates": [[[-73.9172377310522, 40.6806870343515], [-73.9171704162627, 40.6806949393474], [-73.9172265498327, 40.6809764458351], [-73.9172938905864, 40.6809686673042], [-73.9172377310522, 40.6806870343515]]]}}, {"type": "Feature", "properties": {"zone_id": "0206EOQ071MM2UNN5PK751", "tract_id": "36047037900", "city": "BROOKLYN, NY", "zone_code": "R6B", "zone_category": "Residential", "ev_permitted": false}, "geometry": {"type": "Polygon", "coordinates": [[[-73.9171704162627, 40.6806949393474], [-73.9170974805806, 40.6807035049728], [-73.9171535872542, 40.6809848737547], [-73.9172265498327, 40.6809764458351], [-73.9171704162627, 40.6806949393474]]]}}, {"type": "Feature", "properties": {"zone_id": "020748AFHV07S6CL2C21Z1", "tract_id": "36047037900", "city": "BROOKLYN, NY", "zone_code": "R6B", "zone_category": "Residential", "ev_permitted": false}, "geometry": {"type": "Polygon", "coordinates": [[[-73.9170974805806, 40.6807035049728], [-73.9170280398122, 40.6807116599067], [-73.9170841186726, 40.6809928980072], [-73.9171535872542, 40.6809848737547], [-73.9170974805806, 40.6807035049728]]]}}, {"type": "Feature", "properties": {"zone_id": "0201WA48BQP9M51C7CQG6G", "tract_id": "36047037900", "city": "BROOKLYN, NY", "zone_code": "R6B", "zone_category": "Residential", "ev_permitted": false}, "geometry": {"type": "Polygon", "coordinates": [[[-73.9170280398122, 40.6807116599067], [-73.9169603492624, 40.6807196094792], [-73.9170164030825, 40.68100071971], [-73.9170841186726, 40.6809928980072], [-73.9170280398122, 40.6807116599067]]]}}, {"type": "Feature", "properties": {"zone_id": "0207M3J9FLUWVAWRB9OM37", "tract_id": "36047037900", "city": "BROOKLYN, NY", "zone_code": "R6B", "zone_category": "Residential", "ev_permitted": false}, "geometry": {"type": "Polygon", "coordinates": [[[-73.9169603492624, 40.6807196094792], [-73.9168861793147, 40.6807283195309], [-73.9169388829974, 40.6810096740139], [-73.9170164030825, 40.68100071971], [-73.9169603492624, 40.6807196094792]]]}}, {"type": "Feature", "properties": {"zone_id": "0201OG08FBZCYPQWVOBRZZ", "tract_id": "36047037900", "city": "BROOKLYN, NY", "zone_code": "R6B", "zone_category": "Residential", "ev_permitted": false}, "geometry": {"type": "Polygon", "coordinates": [[[-73.9219402524964, 40.6796161454848], [-73.9217556582343, 40.6796376283746], [-73.9217673672808, 40.6796964259788], [-73.9219520039134, 40.6796751524923], [-73.9219402524964, 40.6796161454848]]]}}, {"type": "Feature", "properties": {"zone_id": "02061YRVTUO15D5AU5QK8W", "tract_id": "36047037900", "city": "BROOKLYN, NY", "zone_code": "R6B", "zone_category": "Residential", "ev_permitted": false}, "geometry": {"type": "Polygon", "coordinates": [[[-73.9219296792637, 40.6795630570965], [-73.9217450860674, 40.6795845406728], [-73.9217556582343, 40.6796376283746], [-73.9219402524964, 40.6796161454848], [-73.9219296792637, 40.6795630570965]]]}}, {"type": "Feature", "properties": {"zone_id": "02022D22XJDBL04UBXL294", "tract_id": "36047037900", "city": "BROOKLYN, NY", "zone_code": "R6B", "zone_category": "Residential", "ev_permitted": false}, "geometry": {"type": "Polygon", "coordinates": [[[-73.9217119226826, 40.6794180075339], [-73.9216514656055, 40.6794250442999], [-73.9217068961942, 40.6797033932008], [-73.9217673672808, 40.6796964259788], [-73.9217119226826, 40.6794180075339]]]}}, {"type": "Feature", "properties": {"zone_id": "0200QQ8PMCRYWR162FNHAB", "tract_id": "36047037900", "city": "BROOKLYN, NY", "zone_code": "C2-4", "zone_category": "Commercial", "ev_permitted": true}, "geometry": {"type": "Polygon", "coordinates": [[[-73.9216514656055, 40.6794250442999], [-73.9215789861452, 40.6794334788681], [-73.9216343999207, 40.6797117462836], [-73.9217068961942, 40.6797033932008], [-73.9216514656055, 40.6794250442999]]]}}, {"type": "Feature", "properties": {"zone_id": "0203K7YV02B5AB8AUC3MSR", "tract_id": "36047037900", "city": "BROOKLYN, NY", "zone_code": "R6B", "zone_category": "Residential", "ev_permitted": false}, "geometry": {"type": "Polygon", "coordinates": [[[-73.9215789861452, 40.6794334788681], [-73.9215007576374, 40.679442582619], [-73.9215561545848, 40.6797207615251], [-73.9216343999207, 40.6797117462836], [-73.9215789861452, 40.6794334788681]]]}}, {"type": "Feature", "properties": {"zone_id": "0206XMD7W92AY2IIA4QPAF", "tract_id": "36047037900", "city": "BROOKLYN, NY", "zone_code": "R6B", "zone_category": "Residential", "ev_permitted": false}, "geometry": {"type": "Polygon", "coordinates": [[[-73.9219185500071, 40.6795071689232], [-73.9217339569619, 40.6795286524818], [-73.9217450860674, 40.6795845406728], [-73.9219296792637, 40.6795630570965], [-73.9219185500071, 40.6795071689232]]]}}, {"type": "Feature", "properties": {"zone_id": "02077VXMRZ18TGBU7CFISW", "tract_id": "36047037900", "city": "BROOKLYN, NY", "zone_code": "R6B", "zone_category": "Residential", "ev_permitted": false}, "geometry": {"type": "Polygon", "coordinates": [[[-73.9219080135212, 40.6794542569254], [-73.9217234196968, 40.6794757397639], [-73.9217339569619, 40.6795286524818], [-73.9219185500071, 40.6795071689232], [-73.9219080135212, 40.6794542569254]]]}}, {"type": "Feature", "properties": {"zone_id": "02034LM2G3YJOAYQ1UEVGU", "tract_id": "36047037900", "city": "BROOKLYN, NY", "zone_code": "C2-4", "zone_category": "Commercial", "ev_permitted": true}, "geometry": {"type": "Polygon", "coordinates": [[[-73.9218965163501, 40.6793965254163], [-73.9217119226826, 40.6794180075339], [-73.9217234196968, 40.6794757397639], [-73.9219080135212, 40.6794542569254], [-73.9218965163501, 40.6793965254163]]]}}, {"type": "Feature", "properties": {"zone_id": "02000K8N845SLPKIV4GTA8", "tract_id": "36047037900", "city": "BROOKLYN, NY", "zone_code": "R6B", "zone_category": "Residential", "ev_permitted": false}, "geometry": {"type": "Polygon", "coordinates": [[[-73.9218867607475, 40.6793475369093], [-73.9217021681339, 40.6793690204174], [-73.9217119226826, 40.6794180075339], [-73.9218965163501, 40.6793965254163], [-73.9218867607475, 40.6793475369093]]]}}, {"type": "Feature", "properties": {"zone_id": "0201YOPFFZLV8R4RZRO796", "tract_id": "36047037900", "city": "BROOKLYN, NY", "zone_code": "C2-4", "zone_category": "Commercial", "ev_permitted": true}, "geometry": {"type": "Polygon", "coordinates": [[[-73.9218408402401, 40.6791169425549], [-73.9217499593562, 40.6791275190921], [-73.9217958804797, 40.6793581134832], [-73.9218867607475, 40.6793475369093], [-73.9218408402401, 40.6791169425549]]]}}, {"type": "Feature", "properties": {"zone_id": "0202OS49Q2MVWSK433RJCY", "tract_id": "36047037900", "city": "BROOKLYN, NY", "zone_code": "R6B", "zone_category": "Residential", "ev_permitted": false}, "geometry": {"type": "Polygon", "coordinates": [[[-73.9217499593562, 40.6791275190921], [-73.921656247327, 40.6791384259892], [-73.9217021681339, 40.6793690204174], [-73.9217958804797, 40.6793581134832], [-73.9217499593562, 40.6791275190921]]]}}, {"type": "Feature", "properties": {"zone_id": "0207DUGK8V3TIDMWMFD65K", "tract_id": "36047037900", "city": "BROOKLYN, NY", "zone_code": "R6B", "zone_category": "Residential", "ev_permitted": false}, "geometry": {"type": "Polygon", "coordinates": [[[-73.921656247327, 40.6791384259892], [-73.9215605432401, 40.6791495640332], [-73.9216162191268, 40.6794291456244], [-73.9217119226826, 40.6794180075339], [-73.921656247327, 40.6791384259892]]]}}, {"type": "Feature", "properties": {"zone_id": "02021CLRWGIGQ2PW2W5BVH", "tract_id": "36047037900", "city": "BROOKLYN, NY", "zone_code": "R6B", "zone_category": "Residential", "ev_permitted": false}, "geometry": {"type": "Polygon", "coordinates": [[[-73.9215605432401, 40.6791495640332], [-73.9214634009474, 40.6791608689522], [-73.9215190764354, 40.6794404512927], [-73.9216162191268, 40.6794291456244], [-73.9215605432401, 40.6791495640332]]]}}, {"type": "Feature", "properties": {"zone_id": "0202EIHQ8XKPSV8Q17UJ3O", "tract_id": "36047037900", "city": "BROOKLYN, NY", "zone_code": "R6B", "zone_category": "Residential", "ev_permitted": false}, "geometry": {"type": "Polygon", "coordinates": [[[-73.9219947177387, 40.679857713433], [-73.9201019071699, 40.6800750704921], [-73.9202109603424, 40.6806198330409], [-73.9220990253866, 40.6804031757493], [-73.9219947177387, 40.679857713433]]]}}, {"type": "Feature", "properties": {"zone_id": "0203ATKX7FFG0HQIS4HD58", "tract_id": "36047037900", "city": "BROOKLYN, NY", "zone_code": "R6B", "zone_category": "Residential", "ev_permitted": false}, "geometry": {"type": "Polygon", "coordinates": [[[-73.9201562252631, 40.6803464109967], [-73.9200763691129, 40.6803555857264], [-73.9201311002065, 40.6806289860232], [-73.9202109603424, 40.6806198330409], [-73.9201562252631, 40.6803464109967]]]}}, {"type": "Feature", "properties": {"zone_id": "0206DUTH83UALDO1KSN4VU", "tract_id": "36047037900", "city": "BROOKLYN, NY", "zone_code": "R6B", "zone_category": "Residential", "ev_permitted": false}, "geometry": {"type": "Polygon", "coordinates": [[[-73.921208906569, 40.6794765486848], [-73.9211369143908, 40.6794849263925], [-73.9211922263552, 40.6797626908445], [-73.9212642344205, 40.6797543946219], [-73.921208906569, 40.6794765486848]]]}}, {"type": "Feature", "properties": {"zone_id": "02066KGO4O1UL7KMCAERO5", "tract_id": "36047037900", "city": "BROOKLYN, NY", "zone_code": "R6B", "zone_category": "Residential", "ev_permitted": false}, "geometry": {"type": "Polygon", "coordinates": [[[-73.9212826793798, 40.6794679627568], [-73.921208906569, 40.6794765486848], [-73.9212642344205, 40.6797543946219], [-73.9213380249685, 40.6797458929902], [-73.9212826793798, 40.6794679627568]]]}}, {"type": "Feature", "properties": {"zone_id": "0204H8J2CLK9JDM1VLAZYB", "tract_id": "36047037900", "city": "BROOKLYN, NY", "zone_code": "R6B", "zone_category": "Residential", "ev_permitted": false}, "geometry": {"type": "Polygon", "coordinates": [[[-73.9213564530937, 40.6794593774849], [-73.9212826793798, 40.6794679627568], [-73.9213380249685, 40.6797458929902], [-73.9214118164207, 40.6797373913117], [-73.9213564530937, 40.6794593774849]]]}}, {"type": "Feature", "properties": {"zone_id": "0205VUBMFIJY68MUY7HTBY", "tract_id": "36047037900", "city": "BROOKLYN, NY", "zone_code": "R6B", "zone_category": "Residential", "ev_permitted": false}, "geometry": {"type": "Polygon", "coordinates": [[[-73.9208612069795, 40.679517011776], [-73.9207961656276, 40.6795245810709], [-73.9208513991355, 40.6798019584654], [-73.9209164563546, 40.6797944629298], [-73.9208612069795, 40.679517011776]]]}}, {"type": "Feature", "properties": {"zone_id": "0202BH75O9XZ5H8W4C6QAS", "tract_id": "36047037900", "city": "BROOKLYN, NY", "zone_code": "R6B", "zone_category": "Residential", "ev_permitted": false}, "geometry": {"type": "Polygon", "coordinates": [[[-73.9209253584516, 40.6795095465295], [-73.9208612069795, 40.679517011776], [-73.9209164563546, 40.6797944629298], [-73.9209806218462, 40.6797870700364], [-73.9209253584516, 40.6795095465295]]]}}, {"type": "Feature", "properties": {"zone_id": "0200DWMPPKKNY3BC9PKNDS", "tract_id": "36047037900", "city": "BROOKLYN, NY", "zone_code": "R6B", "zone_category": "Residential", "ev_permitted": false}, "geometry": {"type": "Polygon", "coordinates": [[[-73.9210017123105, 40.6795006604107], [-73.9209253584516, 40.6795095465295], [-73.9209806218462, 40.6797870700364], [-73.921056992525, 40.6797782717253], [-73.9210017123105, 40.6795006604107]]]}}, {"type": "Feature", "properties": {"zone_id": "020426OW7XUJSGA2S09J16", "tract_id": "36047037900", "city": "BROOKLYN, NY", "zone_code": "R6B", "zone_category": "Residential", "ev_permitted": false}, "geometry": {"type": "Polygon", "coordinates": [[[-73.9210672031624, 40.679493039311], [-73.9210017123105, 40.6795006604107], [-73.921056992525, 40.6797782717253], [-73.9211224992465, 40.6797707243847], [-73.9210672031624, 40.679493039311]]]}}, {"type": "Feature", "properties": {"zone_id": "02039GK5I7TA6XBK4Z7PBE", "tract_id": "36047037900", "city": "BROOKLYN, NY", "zone_code": "R6B", "zone_category": "Residential", "ev_permitted": false}, "geometry": {"type": "Polygon", "coordinates": [[[-73.9211369143908, 40.6794849263925], [-73.9210672031624, 40.679493039311], [-73.9211224992465, 40.6797707243847], [-73.9211922263552, 40.6797626908445], [-73.9211369143908, 40.6794849263925]]]}}, {"type": "Feature", "properties": {"zone_id": "0201EZ1Q9XXBWICFVVJHZK", "tract_id": "36047037900", "city": "BROOKLYN, NY", "zone_code": "R6B", "zone_category": "Residential", "ev_permitted": false}, "geometry": {"type": "Polygon", "coordinates": [[[-73.9205013553167, 40.6795588883123], [-73.9204318580925, 40.6795669756978], [-73.9204870075469, 40.679843938638], [-73.9205565206491, 40.679835930631], [-73.9205013553167, 40.6795588883123]]]}}, {"type": "Feature", "properties": {"zone_id": "0204VVGURHJO0WIL2P7Y4G", "tract_id": "36047037900", "city": "BROOKLYN, NY", "zone_code": "R6B", "zone_category": "Residential", "ev_permitted": false}, "geometry": {"type": "Polygon", "coordinates": [[[-73.9205740593627, 40.6795504278767], [-73.9205013553167, 40.6795588883123], [-73.9205565206491, 40.679835930631], [-73.9206292424287, 40.6798275523844], [-73.9205740593627, 40.6795504278767]]]}}, {"type": "Feature", "properties": {"zone_id": "0201WBKDN48FXR6PVXZM3Q", "tract_id": "36047037900", "city": "BROOKLYN, NY", "zone_code": "R6B", "zone_category": "Residential", "ev_permitted": false}, "geometry": {"type": "Polygon", "coordinates": [[[-73.9207181150632, 40.679533664035], [-73.9206412635802, 40.6795426072407], [-73.9206964615955, 40.6798198083168], [-73.9207733299005, 40.6798109522159], [-73.9207181150632, 40.679533664035]]]}}, {"type": "Feature", "properties": {"zone_id": "0203UP8UFXSMHHB1P245H7", "tract_id": "36047037900", "city": "BROOKLYN, NY", "zone_code": "R6B", "zone_category": "Residential", "ev_permitted": false}, "geometry": {"type": "Polygon", "coordinates": [[[-73.9207961656276, 40.6795245810709], [-73.9207181150632, 40.679533664035], [-73.9207733299005, 40.6798109522159], [-73.9208513991355, 40.6798019584654], [-73.9207961656276, 40.6795245810709]]]}}, {"type": "Feature", "properties": {"zone_id": "0206PJHIIW7E5JI5CNQ5NP", "tract_id": "36047037900", "city": "BROOKLYN, NY", "zone_code": "R6B", "zone_category": "Residential", "ev_permitted": false}, "geometry": {"type": "Polygon", "coordinates": [[[-73.9206412635802, 40.6795426072407], [-73.9205740593627, 40.6795504278767], [-73.9206292424287, 40.6798275523844], [-73.9206964615955, 40.6798198083168], [-73.9206412635802, 40.6795426072407]]]}}, {"type": "Feature", "properties": {"zone_id": "0200R3GUXCDILY75EVS068", "tract_id": "36047037900", "city": "BROOKLYN, NY", "zone_code": "R6B", "zone_category": "Residential", "ev_permitted": false}, "geometry": {"type": "Polygon", "coordinates": [[[-73.9202219419785, 40.6795914031461], [-73.9201524437635, 40.6795994903623], [-73.9202075287776, 40.6798761371934], [-73.9202770419485, 40.6798681279499], [-73.9202219419785, 40.6795914031461]]]}}, {"type": "Feature", "properties": {"zone_id": "02014IO7IIIFQTBQBONNSZ", "tract_id": "36047037900", "city": "BROOKLYN, NY", "zone_code": "R6B", "zone_category": "Residential", "ev_permitted": false}, "geometry": {"type": "Polygon", "coordinates": [[[-73.9202864711416, 40.6795838935473], [-73.9202219419785, 40.6795914031461], [-73.9202770419485, 40.6798681279499], [-73.9203415878986, 40.6798606921114], [-73.9202864711416, 40.6795838935473]]]}}, {"type": "Feature", "properties": {"zone_id": "02013F88V4CRMJ8MCC1CK2", "tract_id": "36047037900", "city": "BROOKLYN, NY", "zone_code": "R6B", "zone_category": "Residential", "ev_permitted": false}, "geometry": {"type": "Polygon", "coordinates": [[[-73.920362004536, 40.6795751042519], [-73.9202864711416, 40.6795838935473], [-73.9203415878986, 40.6798606921114], [-73.9204171381104, 40.6798519885163], [-73.920362004536, 40.6795751042519]]]}}, {"type": "Feature", "properties": {"zone_id": "0204PEK8MRYVS5XE7A6IZN", "tract_id": "36047037900", "city": "BROOKLYN, NY", "zone_code": "R6B", "zone_category": "Residential", "ev_permitted": false}, "geometry": {"type": "Polygon", "coordinates": [[[-73.9204318580925, 40.6795669756978], [-73.920362004536, 40.6795751042519], [-73.9204171381104, 40.6798519885163], [-73.9204870075469, 40.679843938638], [-73.9204318580925, 40.6795669756978]]]}}, {"type": "Feature", "properties": {"zone_id": "020233OQEW4WK1YM1NJ83G", "tract_id": "36047037900", "city": "BROOKLYN, NY", "zone_code": "R6B", "zone_category": "Residential", "ev_permitted": false}, "geometry": {"type": "Polygon", "coordinates": [[[-73.9198594305194, 40.6803805121462], [-73.9198012941163, 40.6803871771454], [-73.9198125707376, 40.6804435068932], [-73.9197974169969, 40.6804452354205], [-73.9198408703124, 40.6806623117262], [-73.9199141616519, 40.6806539251939], [-73.9198594305194, 40.6803805121462]]]}}, {"type": "Feature", "properties": {"zone_id": "0202OD13AUZZTWSK1GF9EZ", "tract_id": "36047037900", "city": "BROOKLYN, NY", "zone_code": "R6B", "zone_category": "Residential", "ev_permitted": false}, "geometry": {"type": "Polygon", "coordinates": [[[-73.9197974169969, 40.6804452354205], [-73.9197312346888, 40.6804528440723], [-73.9197746850308, 40.6806699154823], [-73.9198408703124, 40.6806623117262], [-73.9197974169969, 40.6804452354205]]]}}, {"type": "Feature", "properties": {"zone_id": "0204NUKD5X9ZWGZDGID4H4", "tract_id": "36047037900", "city": "BROOKLYN, NY", "zone_code": "R6B", "zone_category": "Residential", "ev_permitted": false}, "geometry": {"type": "Polygon", "coordinates": [[[-73.9201524437635, 40.6795994903623], [-73.9200775647899, 40.6796082040872], [-73.9201326329905, 40.6798847645149], [-73.9202075287776, 40.6798761371934], [-73.9201524437635, 40.6795994903623]]]}}, {"type": "Feature", "properties": {"zone_id": "0201MZCVFAJJG649JFAW7E", "tract_id": "36047037900", "city": "BROOKLYN, NY", "zone_code": "R6B", "zone_category": "Residential", "ev_permitted": false}, "geometry": {"type": "Polygon", "coordinates": [[[-73.9200763691129, 40.6803555857264], [-73.9200057338641, 40.6803636987652], [-73.92006046191, 40.68063709558], [-73.9201311002065, 40.6806289860232], [-73.9200763691129, 40.6803555857264]]]}}, {"type": "Feature", "properties": {"zone_id": "0204WAH1T6D4Z9IL7S0TWZ", "tract_id": "36047037900", "city": "BROOKLYN, NY", "zone_code": "R6B", "zone_category": "Residential", "ev_permitted": false}, "geometry": {"type": "Polygon", "coordinates": [[[-73.9200057338641, 40.6803636987652], [-73.9199314458617, 40.6803722308161], [-73.9199861745297, 40.6806456304773], [-73.92006046191, 40.68063709558], [-73.9200057338641, 40.6803636987652]]]}}, {"type": "Feature", "properties": {"zone_id": "0202VGBP5HDFAS3711XLMF", "tract_id": "36047037900", "city": "BROOKLYN, NY", "zone_code": "R6B", "zone_category": "Residential", "ev_permitted": false}, "geometry": {"type": "Polygon", "coordinates": [[[-73.9199314458617, 40.6803722308161], [-73.9198594305194, 40.6803805121462], [-73.9199141616519, 40.6806539251939], [-73.9199861745297, 40.6806456304773], [-73.9199314458617, 40.6803722308161]]]}}, {"type": "Feature", "properties": {"zone_id": "02040IHP6F3JE7A1EUTRXW", "tract_id": "36047037900", "city": "BROOKLYN, NY", "zone_code": "R6B", "zone_category": "Residential", "ev_permitted": false}, "geometry": {"type": "Polygon", "coordinates": [[[-73.9197312346888, 40.6804528440723], [-73.9196323659069, 40.68046427272], [-73.9196758031041, 40.6806812682705], [-73.9197746850308, 40.6806699154823], [-73.9197312346888, 40.6804528440723]]]}}, {"type": "Feature", "properties": {"zone_id": "0204T3AJW36YPT3EEKLF94", "tract_id": "36047037900", "city": "BROOKLYN, NY", "zone_code": "R6B", "zone_category": "Residential", "ev_permitted": false}, "geometry": {"type": "Polygon", "coordinates": [[[-73.9198012941163, 40.6803871771454], [-73.9196210756716, 40.6804078747868], [-73.9196323659069, 40.68046427272], [-73.9198125707376, 40.6804435068932], [-73.9198012941163, 40.6803871771454]]]}}, {"type": "Feature", "properties": {"zone_id": "0205I7T37EX4Y83X1RTXYM", "tract_id": "36047037900", "city": "BROOKLYN, NY", "zone_code": "R6B", "zone_category": "Residential", "ev_permitted": false}, "geometry": {"type": "Polygon", "coordinates": [[[-73.9201019071699, 40.6800750704921], [-73.920029502642, 40.6800833783596], [-73.920083821351, 40.68035473506], [-73.9201562252631, 40.6803464109967], [-73.9201019071699, 40.6800750704921]]]}}, {"type": "Feature", "properties": {"zone_id": "0206D5139ZOTFXGKGWEBB3", "tract_id": "36047037900", "city": "BROOKLYN, NY", "zone_code": "R6B", "zone_category": "Residential", "ev_permitted": false}, "geometry": {"type": "Polygon", "coordinates": [[[-73.920029502642, 40.6800833783596], [-73.9199553515654, 40.6800919020893], [-73.9200039513438, 40.6803639034059], [-73.920083821351, 40.68035473506], [-73.920029502642, 40.6800833783596]]]}}, {"type": "Feature", "properties": {"zone_id": "02067U47H44RW0F8R3STSH", "tract_id": "36047037900", "city": "BROOKLYN, NY", "zone_code": "R6B", "zone_category": "Residential", "ev_permitted": false}, "geometry": {"type": "Polygon", "coordinates": [[[-73.9199553515654, 40.6800919020893], [-73.9198811986332, 40.6801004180406], [-73.9199268109374, 40.6803727637219], [-73.9200039513438, 40.6803639034059], [-73.9199553515654, 40.6800919020893]]]}}, {"type": "Feature", "properties": {"zone_id": "020010EXP2HDAKD3TQ9XRF", "tract_id": "36047037900", "city": "BROOKLYN, NY", "zone_code": "R6B", "zone_category": "Residential", "ev_permitted": false}, "geometry": {"type": "Polygon", "coordinates": [[[-73.9198811986332, 40.6801004180406], [-73.919802737555, 40.6801094284263], [-73.9198570562863, 40.6803807845308], [-73.9199268109374, 40.6803727637219], [-73.9198811986332, 40.6801004180406]]]}}, {"type": "Feature", "properties": {"zone_id": "0204RAOA4KDUDO4TFQUO2P", "tract_id": "36047037900", "city": "BROOKLYN, NY", "zone_code": "R6B", "zone_category": "Residential", "ev_permitted": false}, "geometry": {"type": "Polygon", "coordinates": [[[-73.919802737555, 40.6801094284263], [-73.9197346743052, 40.6801172437572], [-73.9197889918565, 40.6803885886504], [-73.9198570562863, 40.6803807845308], [-73.919802737555, 40.6801094284263]]]}}, {"type": "Feature", "properties": {"zone_id": "0200ASOUUL6B78EEE1N4NK", "tract_id": "36047037900", "city": "BROOKLYN, NY", "zone_code": "R6B", "zone_category": "Residential", "ev_permitted": false}, "geometry": {"type": "Polygon", "coordinates": [[[-73.9197346743052, 40.6801172437572], [-73.9196672959792, 40.6801249836386], [-73.9197216104928, 40.680396329264], [-73.9197889918565, 40.6803885886504], [-73.9197346743052, 40.6801172437572]]]}}, {"type": "Feature", "properties": {"zone_id": "02071WP4PIT902NWZDC818", "tract_id": "36047037900", "city": "BROOKLYN, NY", "zone_code": "R6B", "zone_category": "Residential", "ev_permitted": false}, "geometry": {"type": "Polygon", "coordinates": [[[-73.9196672959792, 40.6801249836386], [-73.9195667615577, 40.6801365291143], [-73.9196210756716, 40.6804078747868], [-73.9197216104928, 40.680396329264], [-73.9196672959792, 40.6801249836386]]]}}, {"type": "Feature", "properties": {"zone_id": "0202OZ7CS2969VFAG8QEC4", "tract_id": "36047037900", "city": "BROOKLYN, NY", "zone_code": "R6B", "zone_category": "Residential", "ev_permitted": false}, "geometry": {"type": "Polygon", "coordinates": [[[-73.9193657062924, 40.680367382273], [-73.9190737746889, 40.6804011088799], [-73.9190874825425, 40.6804697847786], [-73.9193793025003, 40.6804355085769], [-73.9193657062924, 40.680367382273]]]}}, {"type": "Feature", "properties": {"zone_id": "0204HC3WM6Q1YCRRKVYWVW", "tract_id": "36047037900", "city": "BROOKLYN, NY", "zone_code": "R6B", "zone_category": "Residential", "ev_permitted": false}, "geometry": {"type": "Polygon", "coordinates": [[[-73.9193924821316, 40.6805016249729], [-73.9190307857568, 40.6805434105949], [-73.9190456531284, 40.6806179503265], [-73.9194073498991, 40.6805761639555], [-73.9193924821316, 40.6805016249729]]]}}, {"type": "Feature", "properties": {"zone_id": "0203G557TO0EYETXMSLOJV", "tract_id": "36047037900", "city": "BROOKLYN, NY", "zone_code": "R6B", "zone_category": "Residential", "ev_permitted": false}, "geometry": {"type": "Polygon", "coordinates": [[[-73.9193793025003, 40.6804355085769], [-73.9190177422493, 40.6804779758357], [-73.9190307857568, 40.6805434105949], [-73.9193924821316, 40.6805016249729], [-73.9193793025003, 40.6804355085769]]]}}, {"type": "Feature", "properties": {"zone_id": "0203UJ26WHH2UIR04L4O5Z", "tract_id": "36047037900", "city": "BROOKLYN, NY", "zone_code": "R6B", "zone_category": "Residential", "ev_permitted": false}, "geometry": {"type": "Polygon", "coordinates": [[[-73.9190177422493, 40.6804779758357], [-73.9189375338285, 40.6804873968643], [-73.9189943388787, 40.6807722335832], [-73.9190745779084, 40.6807629643117], [-73.9190177422493, 40.6804779758357]]]}}, {"type": "Feature", "properties": {"zone_id": "0204AJ4OHT6HGPTF4OG139", "tract_id": "36047037900", "city": "BROOKLYN, NY", "zone_code": "R6B", "zone_category": "Residential", "ev_permitted": false}, "geometry": {"type": "Polygon", "coordinates": [[[-73.9189375338285, 40.6804873968643], [-73.9188402053117, 40.6804988287271], [-73.9188969732596, 40.680783482073], [-73.9189943388787, 40.6807722335832], [-73.9189375338285, 40.6804873968643]]]}}, {"type": "Feature", "properties": {"zone_id": "0202LS9MHL7TJUQN78WYHG", "tract_id": "36047037900", "city": "BROOKLYN, NY", "zone_code": "R6B", "zone_category": "Residential", "ev_permitted": false}, "geometry": {"type": "Polygon", "coordinates": [[[-73.9193222877391, 40.680149711351], [-73.9192437718148, 40.6801589335211], [-73.919287159838, 40.6803764568923], [-73.9193657062924, 40.680367382273], [-73.9193222877391, 40.680149711351]]]}}, {"type": "Feature", "properties": {"zone_id": "0203Y0SDOKRDGPIFH62473", "tract_id": "36047037900", "city": "BROOKLYN, NY", "zone_code": "R6B", "zone_category": "Residential", "ev_permitted": false}, "geometry": {"type": "Polygon", "coordinates": [[[-73.919173420765, 40.6801671987261], [-73.9191087191276, 40.6801747989256], [-73.9191520553456, 40.6803920651368], [-73.9192167810382, 40.6803845871932], [-73.919173420765, 40.6801671987261]]]}}, {"type": "Feature", "properties": {"zone_id": "0204K23R6K6IBWVYDQYGVQ", "tract_id": "36047037900", "city": "BROOKLYN, NY", "zone_code": "R6B", "zone_category": "Residential", "ev_permitted": false}, "geometry": {"type": "Polygon", "coordinates": [[[-73.9192437718148, 40.6801589335211], [-73.919173420765, 40.6801671987261], [-73.9192167810382, 40.6803845871932], [-73.919287159838, 40.6803764568923], [-73.9192437718148, 40.6801589335211]]]}}, {"type": "Feature", "properties": {"zone_id": "0205SUXJL6MJV15CU772JU", "tract_id": "36047037900", "city": "BROOKLYN, NY", "zone_code": "R6B", "zone_category": "Residential", "ev_permitted": false}, "geometry": {"type": "Polygon", "coordinates": [[[-73.9191087191276, 40.6801747989256], [-73.9190318952025, 40.6801838232872], [-73.9190752018172, 40.6804009440554], [-73.9191520553456, 40.6803920651368], [-73.9191087191276, 40.6801747989256]]]}}, {"type": "Feature", "properties": {"zone_id": "0206ZSVDDX04BXKG5SVQPF", "tract_id": "36047037900", "city": "BROOKLYN, NY", "zone_code": "R6B", "zone_category": "Residential", "ev_permitted": false}, "geometry": {"type": "Polygon", "coordinates": [[[-73.9190318952025, 40.6801838232872], [-73.9189607299191, 40.6801921826487], [-73.9190177422493, 40.6804779758357], [-73.9190874825425, 40.6804697847786], [-73.9190737746889, 40.6804011088799], [-73.9190752018172, 40.6804009440554], [-73.9190318952025, 40.6801838232872]]]}}, {"type": "Feature", "properties": {"zone_id": "0203MVSZN8CQB5VD1POL1Z", "tract_id": "36047037900", "city": "BROOKLYN, NY", "zone_code": "R6B", "zone_category": "Residential", "ev_permitted": false}, "geometry": {"type": "Polygon", "coordinates": [[[-73.9189607299191, 40.6801921826487], [-73.9188557871017, 40.6802045099747], [-73.9189127971477, 40.6804903025093], [-73.9190177422493, 40.6804779758357], [-73.9189607299191, 40.6801921826487]]]}}, {"type": "Feature", "properties": {"zone_id": "0204QFZBKK8O7W6EZBECIY", "tract_id": "36047037900", "city": "BROOKLYN, NY", "zone_code": "R6B", "zone_category": "Residential", "ev_permitted": false}, "geometry": {"type": "Polygon", "coordinates": [[[-73.9188557871017, 40.6802045099747], [-73.918783193722, 40.6802130375609], [-73.9188402053117, 40.6804988287271], [-73.9189127971477, 40.6804903025093], [-73.9188557871017, 40.6802045099747]]]}}, {"type": "Feature", "properties": {"zone_id": "0200EVDGND3GMCRYXCCVMR", "tract_id": "36047037900", "city": "BROOKLYN, NY", "zone_code": "R6B", "zone_category": "Residential", "ev_permitted": false}, "geometry": {"type": "Polygon", "coordinates": [[[-73.918783193722, 40.6802130375609], [-73.9187009667436, 40.680222695905], [-73.9187579779901, 40.680508486409], [-73.9188402053117, 40.6804988287271], [-73.918783193722, 40.6802130375609]]]}}, {"type": "Feature", "properties": {"zone_id": "0207JJT6RIIRARN87PWKXI", "tract_id": "36047037900", "city": "BROOKLYN, NY", "zone_code": "R6B", "zone_category": "Residential", "ev_permitted": false}, "geometry": {"type": "Polygon", "coordinates": [[[-73.9199646097894, 40.6798274763524], [-73.9195245954678, 40.6798786773978], [-73.9195408000399, 40.6799529439682], [-73.9199740128135, 40.6799030380559], [-73.9199646097894, 40.6798274763524]]]}}, {"type": "Feature", "properties": {"zone_id": "0202NZ444KDVZRFZKN0Q2J", "tract_id": "36047037900", "city": "BROOKLYN, NY", "zone_code": "R6B", "zone_category": "Residential", "ev_permitted": false}, "geometry": {"type": "Polygon", "coordinates": [[[-73.9200775647899, 40.6796082040872], [-73.920012522338, 40.6796157722357], [-73.9200675755952, 40.6798922596072], [-73.9201326329905, 40.6798847645149], [-73.9200775647899, 40.6796082040872]]]}}, {"type": "Feature", "properties": {"zone_id": "02061T8Q70OSPRF7FIA9G1", "tract_id": "36047037900", "city": "BROOKLYN, NY", "zone_code": "R6B", "zone_category": "Residential", "ev_permitted": false}, "geometry": {"type": "Polygon", "coordinates": [[[-73.920012522338, 40.6796157722357], [-73.9199393252148, 40.6796242895916], [-73.9199740128135, 40.6799030380559], [-73.9200675755952, 40.6798922596072], [-73.920012522338, 40.6796157722357]]]}}, {"type": "Feature", "properties": {"zone_id": "0202T537WL4WA4ZFDN5367", "tract_id": "36047037900", "city": "BROOKLYN, NY", "zone_code": "R6B", "zone_category": "Residential", "ev_permitted": false}, "geometry": {"type": "Polygon", "coordinates": [[[-73.9199560331791, 40.6797585581913], [-73.9195097172866, 40.6798104925913], [-73.9195245954678, 40.6798786773978], [-73.9199646097894, 40.6798274763524], [-73.9199560331791, 40.6797585581913]]]}}, {"type": "Feature", "properties": {"zone_id": "0207DEXMFH1FD999XZ8XUW", "tract_id": "36047037900", "city": "BROOKLYN, NY", "zone_code": "R6B", "zone_category": "Residential", "ev_permitted": false}, "geometry": {"type": "Polygon", "coordinates": [[[-73.9199474575094, 40.6796896400297], [-73.9194948400588, 40.6797423077831], [-73.9195097172866, 40.6798104925913], [-73.9199560331791, 40.6797585581913], [-73.9199474575094, 40.6796896400297]]]}}, {"type": "Feature", "properties": {"zone_id": "0205SAWADATWWABES7UQ83", "tract_id": "36047037900", "city": "BROOKLYN, NY", "zone_code": "R6B", "zone_category": "Residential", "ev_permitted": false}, "geometry": {"type": "Polygon", "coordinates": [[[-73.9199393252148, 40.6796242895916], [-73.9194807320487, 40.6796776529832], [-73.9194948400588, 40.6797423077831], [-73.9199474575094, 40.6796896400297], [-73.9199393252148, 40.6796242895916]]]}}, {"type": "Feature", "properties": {"zone_id": "0201IH6U9XUTR0JETN5W8R", "tract_id": "36047037900", "city": "BROOKLYN, NY", "zone_code": "R6B", "zone_category": "Residential", "ev_permitted": false}, "geometry": {"type": "Polygon", "coordinates": [[[-73.9191419484939, 40.6797185562825], [-73.9190786820962, 40.6797257358763], [-73.9191338639048, 40.6800026987836], [-73.9191971287135, 40.6799955191584], [-73.9191419484939, 40.6797185562825]]]}}, {"type": "Feature", "properties": {"zone_id": "0204AFCP5S8AUF1SXWVGGV", "tract_id": "36047037900", "city": "BROOKLYN, NY", "zone_code": "R6B", "zone_category": "Residential", "ev_permitted": false}, "geometry": {"type": "Polygon", "coordinates": [[[-73.9190786820962, 40.6797257358763], [-73.9190093352343, 40.6797336046832], [-73.9190645167614, 40.6800105676235], [-73.9191338639048, 40.6800026987836], [-73.9190786820962, 40.6797257358763]]]}}, {"type": "Feature", "properties": {"zone_id": "02060Q75CONF74KIYHLJIE", "tract_id": "36047037900", "city": "BROOKLYN, NY", "zone_code": "R6B", "zone_category": "Residential", "ev_permitted": false}, "geometry": {"type": "Polygon", "coordinates": [[[-73.9190093352343, 40.6797336046832], [-73.9189379169216, 40.6797417087862], [-73.9189930981588, 40.6800186717605], [-73.9190645167614, 40.6800105676235], [-73.9190093352343, 40.6797336046832]]]}}, {"type": "Feature", "properties": {"zone_id": "0200R9ALHAASLF05022VQX", "tract_id": "36047037900", "city": "BROOKLYN, NY", "zone_code": "R6B", "zone_category": "Residential", "ev_permitted": false}, "geometry": {"type": "Polygon", "coordinates": [[[-73.9189379169216, 40.6797417087862], [-73.9188644419267, 40.6797500460838], [-73.9189196228657, 40.680027009093], [-73.9189930981588, 40.6800186717605], [-73.9189379169216, 40.6797417087862]]]}}, {"type": "Feature", "properties": {"zone_id": "0202R1UD1Z200B2VE01Q86", "tract_id": "36047037900", "city": "BROOKLYN, NY", "zone_code": "R6B", "zone_category": "Residential", "ev_permitted": false}, "geometry": {"type": "Polygon", "coordinates": [[[-73.9188644419267, 40.6797500460838], [-73.9187477972419, 40.6797632820337], [-73.9188029777074, 40.6800402450984], [-73.9189196228657, 40.680027009093], [-73.9188644419267, 40.6797500460838]]]}}, {"type": "Feature", "properties": {"zone_id": "0200YEDHJV77RFZA3OANH9", "tract_id": "36047037900", "city": "BROOKLYN, NY", "zone_code": "R6B", "zone_category": "Residential", "ev_permitted": false}, "geometry": {"type": "Polygon", "coordinates": [[[-73.9192399962899, 40.6797074303271], [-73.9191419484939, 40.6797185562825], [-73.9191971287135, 40.6799955191584], [-73.9192951584446, 40.6799843959541], [-73.9192399962899, 40.6797074303271]]]}}, {"type": "Feature", "properties": {"zone_id": "0200O44YEBUMVWO0AO604A", "tract_id": "36047037900", "city": "BROOKLYN, NY", "zone_code": "R6B", "zone_category": "Residential", "ev_permitted": false}, "geometry": {"type": "Polygon", "coordinates": [[[-73.919228405808, 40.6796493583976], [-73.9189627059979, 40.679679505504], [-73.9189742759459, 40.6797375795537], [-73.9192399962899, 40.6797074303271], [-73.919228405808, 40.6796493583976]]]}}, {"type": "Feature", "properties": {"zone_id": "020213YEL5OW28H9KOL7R5", "tract_id": "36047037900", "city": "BROOKLYN, NY", "zone_code": "R6B", "zone_category": "Residential", "ev_permitted": false}, "geometry": {"type": "Polygon", "coordinates": [[[-73.9192176328614, 40.6795952908101], [-73.9189519332627, 40.6796254371892], [-73.9189627059979, 40.679679505504], [-73.919228405808, 40.6796493583976], [-73.9192176328614, 40.6795952908101]]]}}, {"type": "Feature", "properties": {"zone_id": "0202C8UZ0VWU7JEGXZ83FI", "tract_id": "36047037900", "city": "BROOKLYN, NY", "zone_code": "R6B", "zone_category": "Residential", "ev_permitted": false}, "geometry": {"type": "Polygon", "coordinates": [[[-73.9189186904582, 40.6794585869872], [-73.9188329681398, 40.679468317445], [-73.9188885532769, 40.6797473100526], [-73.9189742759459, 40.6797375795537], [-73.9189186904582, 40.6794585869872]]]}}, {"type": "Feature", "properties": {"zone_id": "02043RWZBGTHC8AMA15UW6", "tract_id": "36047037900", "city": "BROOKLYN, NY", "zone_code": "R6B", "zone_category": "Residential", "ev_permitted": false}, "geometry": {"type": "Polygon", "coordinates": [[[-73.9188329681398, 40.679468317445], [-73.9187406844362, 40.6794787894326], [-73.9187962691969, 40.6797577813818], [-73.9188885532769, 40.6797473100526], [-73.9188329681398, 40.679468317445]]]}}, {"type": "Feature", "properties": {"zone_id": "02033EF2LH5DUGHKNZZW3C", "tract_id": "36047037900", "city": "BROOKLYN, NY", "zone_code": "R6B", "zone_category": "Residential", "ev_permitted": false}, "geometry": {"type": "Polygon", "coordinates": [[[-73.9215007576374, 40.679442582619], [-73.9214269479591, 40.6794511728775], [-73.9214823271686, 40.6797292674875], [-73.9215561545848, 40.6797207615251], [-73.9215007576374, 40.679442582619]]]}}, {"type": "Feature", "properties": {"zone_id": "0205N8KYQFH2REV886WMHK", "tract_id": "36047037900", "city": "BROOKLYN, NY", "zone_code": "R6B", "zone_category": "Residential", "ev_permitted": false}, "geometry": {"type": "Polygon", "coordinates": [[[-73.9214269479591, 40.6794511728775], [-73.9213564530937, 40.6794593774849], [-73.9214118164207, 40.6797373913117], [-73.9214823271686, 40.6797292674875], [-73.9214269479591, 40.6794511728775]]]}}, {"type": "Feature", "properties": {"zone_id": "0202NDY7V7TZ9QU0ADSKE4", "tract_id": "36047037900", "city": "BROOKLYN, NY", "zone_code": "R6B", "zone_category": "Residential", "ev_permitted": false}, "geometry": {"type": "Polygon", "coordinates": [[[-73.9211692131347, 40.679195106307], [-73.9211177856511, 40.6792010911206], [-73.9211734588008, 40.6794806736263], [-73.9212247129531, 40.6794747090464], [-73.9211692131347, 40.679195106307]]]}}, {"type": "Feature", "properties": {"zone_id": "0203E4KKTAUGGMW5B13QUX", "tract_id": "36047037900", "city": "BROOKLYN, NY", "zone_code": "R6B", "zone_category": "Residential", "ev_permitted": false}, "geometry": {"type": "Polygon", "coordinates": [[[-73.9211177856511, 40.6792010911206], [-73.921036759462, 40.6792105207814], [-73.9210924332028, 40.6794901033267], [-73.9211734588008, 40.6794806736263], [-73.9211177856511, 40.6792010911206]]]}}, {"type": "Feature", "properties": {"zone_id": "0203NB99852EOHF9Q22GQ9", "tract_id": "36047037900", "city": "BROOKLYN, NY", "zone_code": "R6B", "zone_category": "Residential", "ev_permitted": false}, "geometry": {"type": "Polygon", "coordinates": [[[-73.921036759462, 40.6792105207814], [-73.92094452507, 40.6792212545554], [-73.9210001975102, 40.6795008371442], [-73.9210924332028, 40.6794901033267], [-73.921036759462, 40.6792105207814]]]}}, {"type": "Feature", "properties": {"zone_id": "0200UWJE8F0AIX1W7IR55Y", "tract_id": "36047037900", "city": "BROOKLYN, NY", "zone_code": "R6B", "zone_category": "Residential", "ev_permitted": false}, "geometry": {"type": "Polygon", "coordinates": [[[-73.92094452507, 40.6792212545554], [-73.9208532165104, 40.6792318799796], [-73.9209088894996, 40.6795114626129], [-73.9210001975102, 40.6795008371442], [-73.92094452507, 40.6792212545554]]]}}, {"type": "Feature", "properties": {"zone_id": "0202N00L7LCLZOF0UYFPW7", "tract_id": "36047037900", "city": "BROOKLYN, NY", "zone_code": "R6B", "zone_category": "Residential", "ev_permitted": false}, "geometry": {"type": "Polygon", "coordinates": [[[-73.9208532165104, 40.6792318799796], [-73.920762220849, 40.679242469711], [-73.9208178934648, 40.6795220530906], [-73.9209088894996, 40.6795114626129], [-73.9208532165104, 40.6792318799796]]]}}, {"type": "Feature", "properties": {"zone_id": "0202UD1Z1MJ4AM9ST84P0X", "tract_id": "36047037900", "city": "BROOKLYN, NY", "zone_code": "R6B", "zone_category": "Residential", "ev_permitted": false}, "geometry": {"type": "Polygon", "coordinates": [[[-73.9214634009474, 40.6791608689522], [-73.9213824071638, 40.6791702953652], [-73.9214380823202, 40.6794498777446], [-73.9215190764354, 40.6794404512927], [-73.9214634009474, 40.6791608689522]]]}}, {"type": "Feature", "properties": {"zone_id": "02037N83B9INRPMZCPFSQG", "tract_id": "36047037900", "city": "BROOKLYN, NY", "zone_code": "R6B", "zone_category": "Residential", "ev_permitted": false}, "geometry": {"type": "Polygon", "coordinates": [[[-73.9213824071638, 40.6791702953652], [-73.9212975853011, 40.6791801666987], [-73.9213532601101, 40.6794597491188], [-73.9214380823202, 40.6794498777446], [-73.9213824071638, 40.6791702953652]]]}}, {"type": "Feature", "properties": {"zone_id": "02071XUDLLMB9JOTWUQL41", "tract_id": "36047037900", "city": "BROOKLYN, NY", "zone_code": "R6B", "zone_category": "Residential", "ev_permitted": false}, "geometry": {"type": "Polygon", "coordinates": [[[-73.9212975853011, 40.6791801666987], [-73.9212206050702, 40.679189125662], [-73.9212762786418, 40.6794687074157], [-73.9213532601101, 40.6794597491188], [-73.9212975853011, 40.6791801666987]]]}}, {"type": "Feature", "properties": {"zone_id": "02020VBZIRWDP0NLY5N8W3", "tract_id": "36047037900", "city": "BROOKLYN, NY", "zone_code": "R6B", "zone_category": "Residential", "ev_permitted": false}, "geometry": {"type": "Polygon", "coordinates": [[[-73.9212206050702, 40.679189125662], [-73.9211692131347, 40.679195106307], [-73.9212247129531, 40.6794747090464], [-73.9212762786418, 40.6794687074157], [-73.9212206050702, 40.679189125662]]]}}, {"type": "Feature", "properties": {"zone_id": "0205H68OWRD847PGBOWUV0", "tract_id": "36047037900", "city": "BROOKLYN, NY", "zone_code": "R6B", "zone_category": "Residential", "ev_permitted": false}, "geometry": {"type": "Polygon", "coordinates": [[[-73.920762220849, 40.679242469711], [-73.9206721962525, 40.6792529462087], [-73.9207278675765, 40.6795325296309], [-73.9208178934648, 40.6795220530906], [-73.920762220849, 40.679242469711]]]}}, {"type": "Feature", "properties": {"zone_id": "0204XBZQS22W9T86HKSJ61", "tract_id": "36047037900", "city": "BROOKLYN, NY", "zone_code": "R6B", "zone_category": "Residential", "ev_permitted": false}, "geometry": {"type": "Polygon", "coordinates": [[[-73.9206721962525, 40.6792529462087], [-73.920585591687, 40.679263024479], [-73.9206412635802, 40.6795426072407], [-73.9207278675765, 40.6795325296309], [-73.9206721962525, 40.6792529462087]]]}}, {"type": "Feature", "properties": {"zone_id": "0206FPZ6N5V30G34C5L2SF", "tract_id": "36047037900", "city": "BROOKLYN, NY", "zone_code": "R6B", "zone_category": "Residential", "ev_permitted": false}, "geometry": {"type": "Polygon", "coordinates": [[[-73.920585591687, 40.679263024479], [-73.9204986317048, 40.6792731438956], [-73.9205543032418, 40.6795527266991], [-73.9206412635802, 40.6795426072407], [-73.920585591687, 40.679263024479]]]}}, {"type": "Feature", "properties": {"zone_id": "0205TB5TZLB5AYMXCVOHPK", "tract_id": "36047037900", "city": "BROOKLYN, NY", "zone_code": "R6B", "zone_category": "Residential", "ev_permitted": false}, "geometry": {"type": "Polygon", "coordinates": [[[-73.9204986317048, 40.6792731438956], [-73.9204079294747, 40.6792836991192], [-73.9204636006403, 40.6795632819662], [-73.9205543032418, 40.6795527266991], [-73.9204986317048, 40.6792731438956]]]}}, {"type": "Feature", "properties": {"zone_id": "0204VRR18QGFOR9OIBHALO", "tract_id": "36047037900", "city": "BROOKLYN, NY", "zone_code": "R6B", "zone_category": "Residential", "ev_permitted": false}, "geometry": {"type": "Polygon", "coordinates": [[[-73.9204079294747, 40.6792836991192], [-73.920313159142, 40.6792947271563], [-73.9203688299195, 40.6795743100488], [-73.9204636006403, 40.6795632819662], [-73.9204079294747, 40.6792836991192]]]}}, {"type": "Feature", "properties": {"zone_id": "0201XQWNDPEKMUPELNCL9T", "tract_id": "36047037900", "city": "BROOKLYN, NY", "zone_code": "R6B", "zone_category": "Residential", "ev_permitted": false}, "geometry": {"type": "Polygon", "coordinates": [[[-73.920313159142, 40.6792947271563], [-73.9202308016235, 40.6793043113186], [-73.9202864711416, 40.6795838935473], [-73.9203688299195, 40.6795743100488], [-73.920313159142, 40.6792947271563]]]}}, {"type": "Feature", "properties": {"zone_id": "02006NDUUMR8I8W66IWBDR", "tract_id": "36047037900", "city": "BROOKLYN, NY", "zone_code": "R6B", "zone_category": "Residential", "ev_permitted": false}, "geometry": {"type": "Polygon", "coordinates": [[[-73.9202308016235, 40.6793043113186], [-73.9201372487939, 40.6793151974145], [-73.9201929179281, 40.6795947803907], [-73.9202864711416, 40.6795838935473], [-73.9202308016235, 40.6793043113186]]]}}, {"type": "Feature", "properties": {"zone_id": "0205SYKKEPTDMSR90D33JF", "tract_id": "36047037900", "city": "BROOKLYN, NY", "zone_code": "C2-4", "zone_category": "Commercial", "ev_permitted": true}, "geometry": {"type": "Polygon", "coordinates": [[[-73.9208850520045, 40.6789372910276], [-73.9209067178311, 40.6790444717629], [-73.9215313884495, 40.678972476767], [-73.9208850520045, 40.6789372910276]]]}}, {"type": "Feature", "properties": {"zone_id": "0201K1RVPLCP592F9ZPES9", "tract_id": "36047037900", "city": "BROOKLYN, NY", "zone_code": "C2-4", "zone_category": "Commercial", "ev_permitted": true}, "geometry": {"type": "Polygon", "coordinates": [[[-73.9208015110216, 40.6789327428401], [-73.9208259771452, 40.6790537771003], [-73.9209067178311, 40.6790444717629], [-73.9208850520045, 40.6789372910276], [-73.9208015110216, 40.6789327428401]]]}}, {"type": "Feature", "properties": {"zone_id": "0203CTGJ5J26FLAQH0QNQO", "tract_id": "36047037900", "city": "BROOKLYN, NY", "zone_code": "C2-4", "zone_category": "Commercial", "ev_permitted": true}, "geometry": {"type": "Polygon", "coordinates": [[[-73.9207283157676, 40.6789287568234], [-73.9207552353331, 40.6790619298752], [-73.9208259771452, 40.6790537771003], [-73.9208015110216, 40.6789327428401], [-73.9207283157676, 40.6789287568234]]]}}, {"type": "Feature", "properties": {"zone_id": "0204H0YQ2T9XAE1ZKL7DK3", "tract_id": "36047037900", "city": "BROOKLYN, NY", "zone_code": "C2-4", "zone_category": "Commercial", "ev_permitted": true}, "geometry": {"type": "Polygon", "coordinates": [[[-73.9206594913771, 40.6789250105714], [-73.9206887175584, 40.6790695957627], [-73.9207552353331, 40.6790619298752], [-73.9207283157676, 40.6789287568234], [-73.9206594913771, 40.6789250105714]]]}}, {"type": "Feature", "properties": {"zone_id": "02037XQY8QQISUQUXNTX1I", "tract_id": "36047037900", "city": "BROOKLYN, NY", "zone_code": "R6A", "zone_category": "Residential", "ev_permitted": false}, "geometry": {"type": "Polygon", "coordinates": [[[-73.9205966049369, 40.6789215866822], [-73.9206279386132, 40.6790766001494], [-73.9206887175584, 40.6790695957627], [-73.9206594913771, 40.6789250105714], [-73.9205966049369, 40.6789215866822]]]}}, {"type": "Feature", "properties": {"zone_id": "0200BNF4ALVVL7KNALPG3N", "tract_id": "36047037900", "city": "BROOKLYN, NY", "zone_code": "C2-4", "zone_category": "Commercial", "ev_permitted": true}, "geometry": {"type": "Polygon", "coordinates": [[[-73.9205282595462, 40.6789178666807], [-73.9205618841997, 40.6790842128808], [-73.9206279386132, 40.6790766001494], [-73.9205966049369, 40.6789215866822], [-73.9205282595462, 40.6789178666807]]]}}, {"type": "Feature", "properties": {"zone_id": "0205G3FGB0H2VBPAUJ9HHP", "tract_id": "36047037900", "city": "BROOKLYN, NY", "zone_code": "C2-4", "zone_category": "Commercial", "ev_permitted": true}, "geometry": {"type": "Polygon", "coordinates": [[[-73.9204626071877, 40.6789142918434], [-73.9204984328838, 40.6790915252282], [-73.9205618841997, 40.6790842128808], [-73.9205282595462, 40.6789178666807], [-73.9204626071877, 40.6789142918434]]]}}, {"type": "Feature", "properties": {"zone_id": "0200QVXGHZZ4PPH5EJ8OSD", "tract_id": "36047037900", "city": "BROOKLYN, NY", "zone_code": "R6A", "zone_category": "Residential", "ev_permitted": false}, "geometry": {"type": "Polygon", "coordinates": [[[-73.9203294585368, 40.6789070424069], [-73.920369745877, 40.6791063558684], [-73.9204984328838, 40.6790915252282], [-73.9204626071877, 40.6789142918434], [-73.9203294585368, 40.6789070424069]]]}}, {"type": "Feature", "properties": {"zone_id": "0200IMCV9O74K5PR7E2YOH", "tract_id": "36047037900", "city": "BROOKLYN, NY", "zone_code": "C2-4", "zone_category": "Commercial", "ev_permitted": true}, "geometry": {"type": "Polygon", "coordinates": [[[-73.9202397581954, 40.6789021585925], [-73.9202830520322, 40.6791163474219], [-73.920369745877, 40.6791063558684], [-73.9203294585368, 40.6789070424069], [-73.9202397581954, 40.6789021585925]]]}}, {"type": "Feature", "properties": {"zone_id": "0203J4ITDT6WR6SRD9AF8G", "tract_id": "36047037900", "city": "BROOKLYN, NY", "zone_code": "R6B", "zone_category": "Residential", "ev_permitted": false}, "geometry": {"type": "Polygon", "coordinates": [[[-73.9201372487939, 40.6793151974145], [-73.9200481498646, 40.6793255658564], [-73.9201038195561, 40.6796051495788], [-73.9201929179281, 40.6795947803907], [-73.9201372487939, 40.6793151974145]]]}}, {"type": "Feature", "properties": {"zone_id": "0204RFN7FGZ5GC412AZ50K", "tract_id": "36047037900", "city": "BROOKLYN, NY", "zone_code": "R6B", "zone_category": "Residential", "ev_permitted": false}, "geometry": {"type": "Polygon", "coordinates": [[[-73.9200481498646, 40.6793255658564], [-73.9199065766485, 40.6793420396855], [-73.9199220476982, 40.6794847639744], [-73.9199088612562, 40.6794862985454], [-73.9199364045293, 40.6796246297559], [-73.9201038195561, 40.6796051495788], [-73.9200481498646, 40.6793255658564]]]}}, {"type": "Feature", "properties": {"zone_id": "02013I8JP8H2G35YE7ZWVU", "tract_id": "36047037900", "city": "BROOKLYN, NY", "zone_code": "R6B", "zone_category": "Residential", "ev_permitted": false}, "geometry": {"type": "Polygon", "coordinates": [[[-73.9199065766485, 40.6793420396855], [-73.919829751124, 40.6793509795567], [-73.919857875829, 40.679492231458], [-73.9199220476982, 40.6794847639744], [-73.9199065766485, 40.6793420396855]]]}}, {"type": "Feature", "properties": {"zone_id": "0201DJA2R8AR29DPIJF4FS", "tract_id": "36047037900", "city": "BROOKLYN, NY", "zone_code": "R6B", "zone_category": "Residential", "ev_permitted": false}, "geometry": {"type": "Polygon", "coordinates": [[[-73.919829751124, 40.6793509795567], [-73.9197602983432, 40.6793590616492], [-73.9197884238275, 40.6795003135679], [-73.919857875829, 40.679492231458], [-73.919829751124, 40.6793509795567]]]}}, {"type": "Feature", "properties": {"zone_id": "02060IO3E82DVTHIAZN06W", "tract_id": "36047037900", "city": "BROOKLYN, NY", "zone_code": "R6B", "zone_category": "Residential", "ev_permitted": false}, "geometry": {"type": "Polygon", "coordinates": [[[-73.9199088612562, 40.6794862985454], [-73.9194506142539, 40.6795396213037], [-73.9194807320487, 40.6796776529832], [-73.9199364045293, 40.6796246297559], [-73.9199088612562, 40.6794862985454]]]}}, {"type": "Feature", "properties": {"zone_id": "02017SIYBT76XWABEPPX27", "tract_id": "36047037900", "city": "BROOKLYN, NY", "zone_code": "R6B", "zone_category": "Residential", "ev_permitted": false}, "geometry": {"type": "Polygon", "coordinates": [[[-73.9197602983432, 40.6793590616492], [-73.919694722548, 40.6793666924858], [-73.9197228469737, 40.6795079444198], [-73.9197884238275, 40.6795003135679], [-73.9197602983432, 40.6793590616492]]]}}, {"type": "Feature", "properties": {"zone_id": "0204KWO2IVL3CVWRS54A56", "tract_id": "36047037900", "city": "BROOKLYN, NY", "zone_code": "R6B", "zone_category": "Residential", "ev_permitted": false}, "geometry": {"type": "Polygon", "coordinates": [[[-73.919694722548, 40.6793666924858], [-73.9196300366031, 40.6793742192099], [-73.9196581608949, 40.6795154711596], [-73.9197228469737, 40.6795079444198], [-73.919694722548, 40.6793666924858]]]}}, {"type": "Feature", "properties": {"zone_id": "0201NEE2QE0F44POKU1H09", "tract_id": "36047037900", "city": "BROOKLYN, NY", "zone_code": "R6B", "zone_category": "Residential", "ev_permitted": false}, "geometry": {"type": "Polygon", "coordinates": [[[-73.9196300366031, 40.6793742192099], [-73.9195573317065, 40.6793826790485], [-73.9195854558479, 40.6795239310158], [-73.9196581608949, 40.6795154711596], [-73.9196300366031, 40.6793742192099]]]}}, {"type": "Feature", "properties": {"zone_id": "02045NZTPIEQDYY1LXD6KH", "tract_id": "36047037900", "city": "BROOKLYN, NY", "zone_code": "R6B", "zone_category": "Residential", "ev_permitted": false}, "geometry": {"type": "Polygon", "coordinates": [[[-73.9195573317065, 40.6793826790485], [-73.9194939426801, 40.6793900555304], [-73.9195220666904, 40.679531307513], [-73.9195854558479, 40.6795239310158], [-73.9195573317065, 40.6793826790485]]]}}, {"type": "Feature", "properties": {"zone_id": "0202ZCOSQ9U1DO1RECHIY7", "tract_id": "36047037900", "city": "BROOKLYN, NY", "zone_code": "R6B", "zone_category": "Residential", "ev_permitted": false}, "geometry": {"type": "Polygon", "coordinates": [[[-73.9194939426801, 40.6793900555304], [-73.9194198604891, 40.6793986752281], [-73.9194506142539, 40.6795396213037], [-73.9195220666904, 40.679531307513], [-73.9194939426801, 40.6793900555304]]]}}, {"type": "Feature", "properties": {"zone_id": "020071J02LOZXYFABG1F02", "tract_id": "36047037900", "city": "BROOKLYN, NY", "zone_code": "C2-4", "zone_category": "Commercial", "ev_permitted": true}, "geometry": {"type": "Polygon", "coordinates": [[[-73.9197175000194, 40.6790235653522], [-73.9196258314567, 40.6790266338235], [-73.9196585116448, 40.6791883195708], [-73.9197486995781, 40.6791779268941], [-73.9197175000194, 40.6790235653522]]]}}, {"type": "Feature", "properties": {"zone_id": "0205X9F73FN8335POX19LE", "tract_id": "36047037900", "city": "BROOKLYN, NY", "zone_code": "R6B", "zone_category": "Residential", "ev_permitted": false}, "geometry": {"type": "Polygon", "coordinates": [[[-73.9192069736907, 40.6795417924576], [-73.9189412743004, 40.6795719388122], [-73.9189519332627, 40.6796254371892], [-73.9192176328614, 40.6795952908101], [-73.9192069736907, 40.6795417924576]]]}}, {"type": "Feature", "properties": {"zone_id": "02070M6UEJ0MN181TU1S2Y", "tract_id": "36047037900", "city": "BROOKLYN, NY", "zone_code": "R6B", "zone_category": "Residential", "ev_permitted": false}, "geometry": {"type": "Polygon", "coordinates": [[[-73.9191961521587, 40.6794874796041], [-73.9189304539021, 40.6795176266373], [-73.9189412743004, 40.6795719388122], [-73.9192069736907, 40.6795417924576], [-73.9191961521587, 40.6794874796041]]]}}, {"type": "Feature", "properties": {"zone_id": "0201MX5FVXEV8OW1FJV7GG", "tract_id": "36047037900", "city": "BROOKLYN, NY", "zone_code": "R6B", "zone_category": "Residential", "ev_permitted": false}, "geometry": {"type": "Polygon", "coordinates": [[[-73.9191843894079, 40.6794284399816], [-73.9189186904582, 40.6794585869872], [-73.9189304539021, 40.6795176266373], [-73.9191961521587, 40.6794874796041], [-73.9191843894079, 40.6794284399816]]]}}, {"type": "Feature", "properties": {"zone_id": "0205XJRHJTJYGGYX24M85P", "tract_id": "36047037900", "city": "BROOKLYN, NY", "zone_code": "C2-4", "zone_category": "Commercial", "ev_permitted": true}, "geometry": {"type": "Polygon", "coordinates": [[[-73.9196868758679, 40.6788720541989], [-73.9197486995781, 40.6791779268941], [-73.9202830520322, 40.6791163474219], [-73.9202397581954, 40.6789021585925], [-73.9196868758679, 40.6788720541989]]]}}, {"type": "Feature", "properties": {"zone_id": "0200FEF6YN3U69TGFAL2MN", "tract_id": "36047037900", "city": "BROOKLYN, NY", "zone_code": "C2-4", "zone_category": "Commercial", "ev_permitted": true}, "geometry": {"type": "Polygon", "coordinates": [[[-73.9193176729686, 40.678851949905], [-73.9193918698966, 40.6792190467071], [-73.9196585116448, 40.6791883195708], [-73.9195935606259, 40.6788669727199], [-73.9193176729686, 40.678851949905]]]}}, {"type": "Feature", "properties": {"zone_id": "0200ZAXDW6AJWP7F57D8GH", "tract_id": "36047037900", "city": "BROOKLYN, NY", "zone_code": "C2-4", "zone_category": "Commercial", "ev_permitted": true}, "geometry": {"type": "Polygon", "coordinates": [[[-73.9195935606259, 40.6788669727199], [-73.9196258314567, 40.6790266338235], [-73.9197175000194, 40.6790235653522], [-73.9196868758679, 40.6788720541989], [-73.9195935606259, 40.6788669727199]]]}}, {"type": "Feature", "properties": {"zone_id": "02046IGD3PNEO15NYFQ1O2", "tract_id": "36047037900", "city": "BROOKLYN, NY", "zone_code": "R6B", "zone_category": "Residential", "ev_permitted": false}, "geometry": {"type": "Polygon", "coordinates": [[[-73.9186875229759, 40.678812183215], [-73.9187944392242, 40.6792906424751], [-73.9191456356515, 40.679250474069], [-73.9190528298567, 40.6788351648954], [-73.9186875229759, 40.678812183215]]]}}, {"type": "Feature", "properties": {"zone_id": "02060YHWMMUNWUXQRBNYX5", "tract_id": "36047037900", "city": "BROOKLYN, NY", "zone_code": "R6B", "zone_category": "Residential", "ev_permitted": false}, "geometry": {"type": "Polygon", "coordinates": [[[-73.9186047933832, 40.6802339927712], [-73.918518663439, 40.6802441098732], [-73.9185756730012, 40.6805298990608], [-73.9186618042289, 40.6805197819171], [-73.9186047933832, 40.6802339927712]]]}}, {"type": "Feature", "properties": {"zone_id": "02079CC9SKR2E5R6NU08QX", "tract_id": "36047037900", "city": "BROOKLYN, NY", "zone_code": "R6B", "zone_category": "Residential", "ev_permitted": false}, "geometry": {"type": "Polygon", "coordinates": [[[-73.918518663439, 40.6802441098732], [-73.9184424587617, 40.6802530612029], [-73.9184994680068, 40.6805388490226], [-73.9185756730012, 40.6805298990608], [-73.918518663439, 40.6802441098732]]]}}, {"type": "Feature", "properties": {"zone_id": "02072YLADPZPKY74SN0P6S", "tract_id": "36047037900", "city": "BROOKLYN, NY", "zone_code": "R6B", "zone_category": "Residential", "ev_permitted": false}, "geometry": {"type": "Polygon", "coordinates": [[[-73.9184424587617, 40.6802530612029], [-73.9183651370989, 40.6802621437903], [-73.9184221460212, 40.6805479309453], [-73.9184994680068, 40.6805388490226], [-73.9184424587617, 40.6802530612029]]]}}, {"type": "Feature", "properties": {"zone_id": "02006I654A5UPM4WJALL6Q", "tract_id": "36047037900", "city": "BROOKLYN, NY", "zone_code": "R6B", "zone_category": "Residential", "ev_permitted": false}, "geometry": {"type": "Polygon", "coordinates": [[[-73.9183651370989, 40.6802621437903], [-73.9182906650619, 40.6802708910714], [-73.9183476736733, 40.6805566775604], [-73.9184221460212, 40.6805479309453], [-73.9183651370989, 40.6802621437903]]]}}, {"type": "Feature", "properties": {"zone_id": "020372IJJL0DUXHILHJUNC", "tract_id": "36047037900", "city": "BROOKLYN, NY", "zone_code": "R6B", "zone_category": "Residential", "ev_permitted": false}, "geometry": {"type": "Polygon", "coordinates": [[[-73.9182906650619, 40.6802708910714], [-73.9182265281678, 40.6802784244229], [-73.9182835355887, 40.6805642102401], [-73.9183476736733, 40.6805566775604], [-73.9182906650619, 40.6802708910714]]]}}, {"type": "Feature", "properties": {"zone_id": "0203JJJXQBWA8GI2V6C0ET", "tract_id": "36047037900", "city": "BROOKLYN, NY", "zone_code": "R6B", "zone_category": "Residential", "ev_permitted": false}, "geometry": {"type": "Polygon", "coordinates": [[[-73.9187009667436, 40.680222695905], [-73.9186047933832, 40.6802339927712], [-73.9186618042289, 40.6805197819171], [-73.9187579779901, 40.680508486409], [-73.9187009667436, 40.680222695905]]]}}, {"type": "Feature", "properties": {"zone_id": "0204MQOGQH3A9E02X7E5PL", "tract_id": "36047037900", "city": "BROOKLYN, NY", "zone_code": "R6B", "zone_category": "Residential", "ev_permitted": false}, "geometry": {"type": "Polygon", "coordinates": [[[-73.9180743789539, 40.6802962959132], [-73.9179806571686, 40.6803073045064], [-73.9180376635641, 40.6805930876338], [-73.9181313857399, 40.6805820803998], [-73.9180743789539, 40.6802962959132]]]}}, {"type": "Feature", "properties": {"zone_id": "0200YENB5NCL8LDGPPDZEC", "tract_id": "36047037900", "city": "BROOKLYN, NY", "zone_code": "R6B", "zone_category": "Residential", "ev_permitted": false}, "geometry": {"type": "Polygon", "coordinates": [[[-73.9178046804207, 40.6803279742204], [-73.9177048715334, 40.6803396984693], [-73.9177618767807, 40.6806254768135], [-73.9178616851593, 40.6806137553255], [-73.9178046804207, 40.6803279742204]]]}}, {"type": "Feature", "properties": {"zone_id": "0202UX92LEBN7VFVWO8ZOC", "tract_id": "36047037900", "city": "BROOKLYN, NY", "zone_code": "R6B", "zone_category": "Residential", "ev_permitted": false}, "geometry": {"type": "Polygon", "coordinates": [[[-73.9179806571686, 40.6803073045064], [-73.9178946876567, 40.6803174022838], [-73.9179516927702, 40.6806031847501], [-73.9180376635641, 40.6805930876338], [-73.9179806571686, 40.6803073045064]]]}}, {"type": "Feature", "properties": {"zone_id": "0207IHE8AO6D2AQ0RWQ3L3", "tract_id": "36047037900", "city": "BROOKLYN, NY", "zone_code": "R6B", "zone_category": "Residential", "ev_permitted": false}, "geometry": {"type": "Polygon", "coordinates": [[[-73.9177048715334, 40.6803396984693], [-73.917625411739, 40.6803490305834], [-73.9176824157299, 40.6806348096687], [-73.9177618767807, 40.6806254768135], [-73.9177048715334, 40.6803396984693]]]}}, {"type": "Feature", "properties": {"zone_id": "02028QW26ZH8TKQA2ZG2TO", "tract_id": "36047037900", "city": "BROOKLYN, NY", "zone_code": "R6B", "zone_category": "Residential", "ev_permitted": false}, "geometry": {"type": "Polygon", "coordinates": [[[-73.9175278274965, 40.6803604913677], [-73.9174473143772, 40.6803699483804], [-73.9175043167016, 40.6806557261472], [-73.917584831079, 40.6806462705009], [-73.9175278274965, 40.6803604913677]]]}}, {"type": "Feature", "properties": {"zone_id": "0202I4164V4AXUML1O9RQS", "tract_id": "36047037900", "city": "BROOKLYN, NY", "zone_code": "R6B", "zone_category": "Residential", "ev_permitted": false}, "geometry": {"type": "Polygon", "coordinates": [[[-73.9174473143772, 40.6803699483804], [-73.9173534419174, 40.6803809739213], [-73.9174104438498, 40.6806667510315], [-73.9175043167016, 40.6806557261472], [-73.9174473143772, 40.6803699483804]]]}}, {"type": "Feature", "properties": {"zone_id": "0201PYU7OIC4RWYUWB5I0X", "tract_id": "36047037900", "city": "BROOKLYN, NY", "zone_code": "R6B", "zone_category": "Residential", "ev_permitted": false}, "geometry": {"type": "Polygon", "coordinates": [[[-73.9185238310471, 40.6797886949449], [-73.9184308185256, 40.679799249082], [-73.9184859977044, 40.6800762122975], [-73.9185790106035, 40.6800656581161], [-73.9185238310471, 40.6797886949449]]]}}, {"type": "Feature", "properties": {"zone_id": "0207AC7MT0YV7SJ7RJA7I9", "tract_id": "36047037900", "city": "BROOKLYN, NY", "zone_code": "R6B", "zone_category": "Residential", "ev_permitted": false}, "geometry": {"type": "Polygon", "coordinates": [[[-73.9182265281678, 40.6802784244229], [-73.9181588188138, 40.6802863782004], [-73.9182158259531, 40.6805721626455], [-73.9182835355887, 40.6805642102401], [-73.9182265281678, 40.6802784244229]]]}}, {"type": "Feature", "properties": {"zone_id": "0203P80DOB8L3SIGU7RTKZ", "tract_id": "36047037900", "city": "BROOKLYN, NY", "zone_code": "R6B", "zone_category": "Residential", "ev_permitted": false}, "geometry": {"type": "Polygon", "coordinates": [[[-73.9181588188138, 40.6802863782004], [-73.9180743789539, 40.6802962959132], [-73.9181313857399, 40.6805820803998], [-73.9182158259531, 40.6805721626455], [-73.9181588188138, 40.6802863782004]]]}}, {"type": "Feature", "properties": {"zone_id": "0202GJ5VCTTNHXPT45H0QX", "tract_id": "36047037900", "city": "BROOKLYN, NY", "zone_code": "R6B", "zone_category": "Residential", "ev_permitted": false}, "geometry": {"type": "Polygon", "coordinates": [[[-73.9178946876567, 40.6803174022838], [-73.9178046804207, 40.6803279742204], [-73.9178616851593, 40.6806137553255], [-73.9179516927702, 40.6806031847501], [-73.9178946876567, 40.6803174022838]]]}}, {"type": "Feature", "properties": {"zone_id": "0206EP03V61A48A4IFAV5C", "tract_id": "36047037900", "city": "BROOKLYN, NY", "zone_code": "R6B", "zone_category": "Residential", "ev_permitted": false}, "geometry": {"type": "Polygon", "coordinates": [[[-73.917625411739, 40.6803490305834], [-73.9175278274965, 40.6803604913677], [-73.917584831079, 40.6806462705009], [-73.9176824157299, 40.6806348096687], [-73.917625411739, 40.6803490305834]]]}}, {"type": "Feature", "properties": {"zone_id": "020776EXOXQSC751BHH3FQ", "tract_id": "36047037900", "city": "BROOKLYN, NY", "zone_code": "R6B", "zone_category": "Residential", "ev_permitted": false}, "geometry": {"type": "Polygon", "coordinates": [[[-73.918675155759, 40.6797715242369], [-73.9186122511161, 40.679778662373], [-73.9186674310314, 40.6800556255021], [-73.9187303359296, 40.6800484873362], [-73.918675155759, 40.6797715242369]]]}}, {"type": "Feature", "properties": {"zone_id": "0206DXB44NFPY2FVXBSUB1", "tract_id": "36047037900", "city": "BROOKLYN, NY", "zone_code": "R6B", "zone_category": "Residential", "ev_permitted": false}, "geometry": {"type": "Polygon", "coordinates": [[[-73.9186122511161, 40.679778662373], [-73.9185238310471, 40.6797886949449], [-73.9185790106035, 40.6800656581161], [-73.9186674310314, 40.6800556255021], [-73.9186122511161, 40.679778662373]]]}}, {"type": "Feature", "properties": {"zone_id": "02054N1RRNMSDX6P661B1D", "tract_id": "36047037900", "city": "BROOKLYN, NY", "zone_code": "R6B", "zone_category": "Residential", "ev_permitted": false}, "geometry": {"type": "Polygon", "coordinates": [[[-73.9187477972419, 40.6797632820337], [-73.918675155759, 40.6797715242369], [-73.9187303359296, 40.6800484873362], [-73.9188029777074, 40.6800402450984], [-73.9187477972419, 40.6797632820337]]]}}, {"type": "Feature", "properties": {"zone_id": "0203VF8D0LOIG5EM4Q1MS3", "tract_id": "36047037900", "city": "BROOKLYN, NY", "zone_code": "R6B", "zone_category": "Residential", "ev_permitted": false}, "geometry": {"type": "Polygon", "coordinates": [[[-73.9183408845157, 40.6798094539977], [-73.9182529637627, 40.6798194298002], [-73.9183081422195, 40.6800963931002], [-73.9183960633295, 40.6800864172559], [-73.9183408845157, 40.6798094539977]]]}}, {"type": "Feature", "properties": {"zone_id": "0207AMNORFVG37RCN5HP2W", "tract_id": "36047037900", "city": "BROOKLYN, NY", "zone_code": "R6B", "zone_category": "Residential", "ev_permitted": false}, "geometry": {"type": "Polygon", "coordinates": [[[-73.9182529637627, 40.6798194298002], [-73.9181572196982, 40.6798302937575], [-73.9182123977664, 40.6801072571031], [-73.9183081422195, 40.6800963931002], [-73.9182529637627, 40.6798194298002]]]}}, {"type": "Feature", "properties": {"zone_id": "0204KN6WYD1R5JEQHA98YQ", "tract_id": "36047037900", "city": "BROOKLYN, NY", "zone_code": "R6B", "zone_category": "Residential", "ev_permitted": false}, "geometry": {"type": "Polygon", "coordinates": [[[-73.9181572196982, 40.6798302937575], [-73.9180716066444, 40.6798400075645], [-73.9181267843651, 40.6801169709508], [-73.9182123977664, 40.6801072571031], [-73.9181572196982, 40.6798302937575]]]}}, {"type": "Feature", "properties": {"zone_id": "0206LJ0JQUHSA0DFO4HQ8B", "tract_id": "36047037900", "city": "BROOKLYN, NY", "zone_code": "R6B", "zone_category": "Residential", "ev_permitted": false}, "geometry": {"type": "Polygon", "coordinates": [[[-73.9184308185256, 40.679799249082], [-73.9183408845157, 40.6798094539977], [-73.9183960633295, 40.6800864172559], [-73.9184859977044, 40.6800762122975], [-73.9184308185256, 40.679799249082]]]}}, {"type": "Feature", "properties": {"zone_id": "02016R0IJSAMU980ECN5D4", "tract_id": "36047037900", "city": "BROOKLYN, NY", "zone_code": "R6B", "zone_category": "Residential", "ev_permitted": false}, "geometry": {"type": "Polygon", "coordinates": [[[-73.9184812169064, 40.6795082308424], [-73.9183953338459, 40.6795179756162], [-73.9184509171936, 40.6797969684335], [-73.9185367996823, 40.679787223618], [-73.9184812169064, 40.6795082308424]]]}}, {"type": "Feature", "properties": {"zone_id": "0206ITEAWK6V4XNXXL4S0I", "tract_id": "36047037900", "city": "BROOKLYN, NY", "zone_code": "R6B", "zone_category": "Residential", "ev_permitted": false}, "geometry": {"type": "Polygon", "coordinates": [[[-73.9187406844362, 40.6794787894326], [-73.9186426378169, 40.6794899142607], [-73.9186982221758, 40.6797689069596], [-73.9187962691969, 40.6797577813818], [-73.9187406844362, 40.6794787894326]]]}}, {"type": "Feature", "properties": {"zone_id": "0205754IXHIBXIBNPBJSOZ", "tract_id": "36047037900", "city": "BROOKLYN, NY", "zone_code": "R6B", "zone_category": "Residential", "ev_permitted": false}, "geometry": {"type": "Polygon", "coordinates": [[[-73.9185566671088, 40.6794996696329], [-73.9184812169064, 40.6795082308424], [-73.9185367996823, 40.679787223618], [-73.9186122511161, 40.679778662373], [-73.9185566671088, 40.6794996696329]]]}}, {"type": "Feature", "properties": {"zone_id": "0203NR39FPJ5U0YQPHRWAI", "tract_id": "36047037900", "city": "BROOKLYN, NY", "zone_code": "R6B", "zone_category": "Residential", "ev_permitted": false}, "geometry": {"type": "Polygon", "coordinates": [[[-73.9186426378169, 40.6794899142607], [-73.9185566671088, 40.6794996696329], [-73.9186122511161, 40.679778662373], [-73.9186982221758, 40.6797689069596], [-73.9186426378169, 40.6794899142607]]]}}, {"type": "Feature", "properties": {"zone_id": "0204SNU6NOJ2UTNYHM31OF", "tract_id": "36047037900", "city": "BROOKLYN, NY", "zone_code": "R6B", "zone_category": "Residential", "ev_permitted": false}, "geometry": {"type": "Polygon", "coordinates": [[[-73.9183953338459, 40.6795179756162], [-73.9182853025409, 40.6795304611282], [-73.9183408845157, 40.6798094539977], [-73.9184509171936, 40.6797969684335], [-73.9183953338459, 40.6795179756162]]]}}, {"type": "Feature", "properties": {"zone_id": "0206PY07VHP507RJBTDJ2V", "tract_id": "36047037900", "city": "BROOKLYN, NY", "zone_code": "R6B", "zone_category": "Residential", "ev_permitted": false}, "geometry": {"type": "Polygon", "coordinates": [[[-73.9182853025409, 40.6795304611282], [-73.9181973821482, 40.6795404361859], [-73.9182529637627, 40.6798194298002], [-73.9183408845157, 40.6798094539977], [-73.9182853025409, 40.6795304611282]]]}}, {"type": "Feature", "properties": {"zone_id": "0201TLEYNI3MDN5WVKRHYV", "tract_id": "36047037900", "city": "", "zone_code": "R6B", "zone_category": "Residential", "ev_permitted": false}, "geometry": {"type": "Polygon", "coordinates": [[[-73.9181016384744, 40.6795513008], [-73.9180160239247, 40.6795610145647], [-73.9180716066444, 40.6798400075645], [-73.9181572196982, 40.6798302937575], [-73.9181016384744, 40.6795513008]]]}}, {"type": "Feature", "properties": {"zone_id": "0201M7BFJTELL60GSE3T89", "tract_id": "36047037900", "city": "BROOKLYN, NY", "zone_code": "R6B", "zone_category": "Residential", "ev_permitted": false}, "geometry": {"type": "Polygon", "coordinates": [[[-73.9181973821482, 40.6795404361859], [-73.9181016384744, 40.6795513008], [-73.9181572196982, 40.6798302937575], [-73.9182529637627, 40.6798194298002], [-73.9181973821482, 40.6795404361859]]]}}, {"type": "Feature", "properties": {"zone_id": "0204SF6BXZHIOA4Z6BMFM1", "tract_id": "36047037900", "city": "BROOKLYN, NY", "zone_code": "R6B", "zone_category": "Residential", "ev_permitted": false}, "geometry": {"type": "Polygon", "coordinates": [[[-73.9179175815476, 40.6798574840211], [-73.9178400012612, 40.6798662864116], [-73.9178951780417, 40.6801432499082], [-73.9179727586431, 40.6801344474807], [-73.9179175815476, 40.6798574840211]]]}}, {"type": "Feature", "properties": {"zone_id": "0207B6ARAHOR9ZLS5ROSA8", "tract_id": "36047037900", "city": "BROOKLYN, NY", "zone_code": "R6B", "zone_category": "Residential", "ev_permitted": false}, "geometry": {"type": "Polygon", "coordinates": [[[-73.9178400012612, 40.6798662864116], [-73.9177700716289, 40.6798742208086], [-73.9178252481256, 40.6801511843383], [-73.9178951780417, 40.6801432499082], [-73.9178400012612, 40.6798662864116]]]}}, {"type": "Feature", "properties": {"zone_id": "020464G4N6JOV19TZNNUHO", "tract_id": "36047037900", "city": "BROOKLYN, NY", "zone_code": "R6B", "zone_category": "Residential", "ev_permitted": false}, "geometry": {"type": "Polygon", "coordinates": [[[-73.9177700716289, 40.6798742208086], [-73.9176943365854, 40.6798828143236], [-73.9177495127747, 40.6801597778894], [-73.9178252481256, 40.6801511843383], [-73.9177700716289, 40.6798742208086]]]}}, {"type": "Feature", "properties": {"zone_id": "020723IKOEG6LZ1YT0EQ0T", "tract_id": "36047037900", "city": "BROOKLYN, NY", "zone_code": "R6B", "zone_category": "Residential", "ev_permitted": false}, "geometry": {"type": "Polygon", "coordinates": [[[-73.9180716066444, 40.6798400075645], [-73.9179911730902, 40.6798491340606], [-73.9180463495614, 40.6801260974845], [-73.9181267843651, 40.6801169709508], [-73.9180716066444, 40.6798400075645]]]}}, {"type": "Feature", "properties": {"zone_id": "02018E09HDU4730P7AP1B2", "tract_id": "36047037900", "city": "BROOKLYN, NY", "zone_code": "R6B", "zone_category": "Residential", "ev_permitted": false}, "geometry": {"type": "Polygon", "coordinates": [[[-73.9179911730902, 40.6798491340606], [-73.9179175815476, 40.6798574840211], [-73.9179727586431, 40.6801344474807], [-73.9180463495614, 40.6801260974845], [-73.9179911730902, 40.6798491340606]]]}}, {"type": "Feature", "properties": {"zone_id": "0205O95TM84GXBH9V7HH24", "tract_id": "36047037900", "city": "BROOKLYN, NY", "zone_code": "R6B", "zone_category": "Residential", "ev_permitted": false}, "geometry": {"type": "Polygon", "coordinates": [[[-73.917457614142, 40.679909672653], [-73.9173630043136, 40.6799204067707], [-73.9174181791579, 40.6801973704941], [-73.9175127893703, 40.6801866363314], [-73.917457614142, 40.679909672653]]]}}, {"type": "Feature", "properties": {"zone_id": "0200QF60WOY2W7TZP8MMDL", "tract_id": "36047037900", "city": "BROOKLYN, NY", "zone_code": "R6B", "zone_category": "Residential", "ev_permitted": false}, "geometry": {"type": "Polygon", "coordinates": [[[-73.9175396337332, 40.6799003670824], [-73.917457614142, 40.679909672653], [-73.9175127893703, 40.6801866363314], [-73.9175948074485, 40.6801773307204], [-73.9175396337332, 40.6799003670824]]]}}, {"type": "Feature", "properties": {"zone_id": "02067ETBBO8P306CV1X3MN", "tract_id": "36047037900", "city": "BROOKLYN, NY", "zone_code": "R6B", "zone_category": "Residential", "ev_permitted": false}, "geometry": {"type": "Polygon", "coordinates": [[[-73.9176241429118, 40.6798907779547], [-73.9175396337332, 40.6799003670824], [-73.9175948074485, 40.6801773307204], [-73.9176793188162, 40.6801677415539], [-73.9176241429118, 40.6798907779547]]]}}, {"type": "Feature", "properties": {"zone_id": "0200ZBD5D89CJ5Z5YRNQR1", "tract_id": "36047037900", "city": "BROOKLYN, NY", "zone_code": "R6B", "zone_category": "Residential", "ev_permitted": false}, "geometry": {"type": "Polygon", "coordinates": [[[-73.9176943365854, 40.6798828143236], [-73.9176241429118, 40.6798907779547], [-73.9176793188162, 40.6801677415539], [-73.9177495127747, 40.6801597778894], [-73.9176943365854, 40.6798828143236]]]}}, {"type": "Feature", "properties": {"zone_id": "0203QBIV1K9DSZDOZDKENV", "tract_id": "36047037900", "city": "BROOKLYN, NY", "zone_code": "R6B", "zone_category": "Residential", "ev_permitted": false}, "geometry": {"type": "Polygon", "coordinates": [[[-73.9179332783383, 40.679570403574], [-73.9178560223957, 40.6795791689657], [-73.9179116035391, 40.6798581613388], [-73.9179888597966, 40.6798493966128], [-73.9179332783383, 40.679570403574]]]}}, {"type": "Feature", "properties": {"zone_id": "0206US9005SXDTI3KPOXJ9", "tract_id": "36047037900", "city": "BROOKLYN, NY", "zone_code": "R6B", "zone_category": "Residential", "ev_permitted": false}, "geometry": {"type": "Polygon", "coordinates": [[[-73.9177755798952, 40.6795882967101], [-73.917695871237, 40.6795973406037], [-73.9177514526475, 40.6798763337569], [-73.9178311597858, 40.6798672898237], [-73.9177755798952, 40.6795882967101]]]}}, {"type": "Feature", "properties": {"zone_id": "0206J750C4MG8DWZIER1QC", "tract_id": "36047037900", "city": "BROOKLYN, NY", "zone_code": "R6B", "zone_category": "Residential", "ev_permitted": false}, "geometry": {"type": "Polygon", "coordinates": [[[-73.9180160239247, 40.6795610145647], [-73.9179332783383, 40.679570403574], [-73.9179888597966, 40.6798493966128], [-73.9180716066444, 40.6798400075645], [-73.9180160239247, 40.6795610145647]]]}}, {"type": "Feature", "properties": {"zone_id": "0200IAHZNG1OU2YFU0FAZC", "tract_id": "36047037900", "city": "BROOKLYN, NY", "zone_code": "R6B", "zone_category": "Residential", "ev_permitted": false}, "geometry": {"type": "Polygon", "coordinates": [[[-73.9178560223957, 40.6795791689657], [-73.9177755798952, 40.6795882967101], [-73.9178311597858, 40.6798672898237], [-73.9179116035391, 40.6798581613388], [-73.9178560223957, 40.6795791689657]]]}}, {"type": "Feature", "properties": {"zone_id": "0207H80PXQA8GB69XC02IB", "tract_id": "36047037900", "city": "BROOKLYN, NY", "zone_code": "R6B", "zone_category": "Residential", "ev_permitted": false}, "geometry": {"type": "Polygon", "coordinates": [[[-73.917695871237, 40.6795973406037], [-73.9176121923077, 40.6796068348165], [-73.9176677724531, 40.6798858280091], [-73.9177514526475, 40.6798763337569], [-73.917695871237, 40.6795973406037]]]}}, {"type": "Feature", "properties": {"zone_id": "02036IZ6O05NETTHQZPJFJ", "tract_id": "36047037900", "city": "BROOKLYN, NY", "zone_code": "R6B", "zone_category": "Residential", "ev_permitted": false}, "geometry": {"type": "Polygon", "coordinates": [[[-73.917536667092, 40.6796154037849], [-73.917451820396, 40.6796250305499], [-73.9175073998857, 40.6799040238194], [-73.9175922469286, 40.6798943970137], [-73.917536667092, 40.6796154037849]]]}}, {"type": "Feature", "properties": {"zone_id": "02020B5HGQPPWVCHIQ1NNC", "tract_id": "36047037900", "city": "BROOKLYN, NY", "zone_code": "R6B", "zone_category": "Residential", "ev_permitted": false}, "geometry": {"type": "Polygon", "coordinates": [[[-73.917451820396, 40.6796250305499], [-73.9173731981381, 40.6796339513309], [-73.9174287763833, 40.6799129446374], [-73.9175073998857, 40.6799040238194], [-73.917451820396, 40.6796250305499]]]}}, {"type": "Feature", "properties": {"zone_id": "02006FRD2OG3WZMYAHWN8F", "tract_id": "36047037900", "city": "BROOKLYN, NY", "zone_code": "R6B", "zone_category": "Residential", "ev_permitted": false}, "geometry": {"type": "Polygon", "coordinates": [[[-73.9176121923077, 40.6796068348165], [-73.917536667092, 40.6796154037849], [-73.9175922469286, 40.6798943970137], [-73.9176677724531, 40.6798858280091], [-73.9176121923077, 40.6796068348165]]]}}, {"type": "Feature", "properties": {"zone_id": "0205NQ396S79HHIRFADOEF", "tract_id": "36047037900", "city": "BROOKLYN, NY", "zone_code": "R6B", "zone_category": "Residential", "ev_permitted": false}, "geometry": {"type": "Polygon", "coordinates": [[[-73.9170950397898, 40.6804113236204], [-73.9170010490493, 40.6804223670578], [-73.9170580476715, 40.6807081359079], [-73.9171520406452, 40.6806970973443], [-73.9170950397898, 40.6804113236204]]]}}, {"type": "Feature", "properties": {"zone_id": "0202Q5MLNEWA14RGC4IH8C", "tract_id": "36047037900", "city": "BROOKLYN, NY", "zone_code": "R6B", "zone_category": "Residential", "ev_permitted": false}, "geometry": {"type": "Polygon", "coordinates": [[[-73.9172683491736, 40.6803909692718], [-73.9171807298399, 40.6804012592644], [-73.9172377310522, 40.6806870343515], [-73.9173253507525, 40.6806767443159], [-73.9172683491736, 40.6803909692718]]]}}, {"type": "Feature", "properties": {"zone_id": "0205JHK3WEVOJHUO67HW2G", "tract_id": "36047037900", "city": "BROOKLYN, NY", "zone_code": "R6B", "zone_category": "Residential", "ev_permitted": false}, "geometry": {"type": "Polygon", "coordinates": [[[-73.9171807298399, 40.6804012592644], [-73.9170950397898, 40.6804113236204], [-73.9171520406452, 40.6806970973443], [-73.9172377310522, 40.6806870343515], [-73.9171807298399, 40.6804012592644]]]}}, {"type": "Feature", "properties": {"zone_id": "0206TABR52N6BZ1VSQT6OY", "tract_id": "36047037900", "city": "BROOKLYN, NY", "zone_code": "R6B", "zone_category": "Residential", "ev_permitted": false}, "geometry": {"type": "Polygon", "coordinates": [[[-73.9173534419174, 40.6803809739213], [-73.9172683491736, 40.6803909692718], [-73.9173253507525, 40.6806767443159], [-73.9174104438498, 40.6806667510315], [-73.9173534419174, 40.6803809739213]]]}}, {"type": "Feature", "properties": {"zone_id": "0203EILOG6SHHUVW0DIRBG", "tract_id": "36047037900", "city": "BROOKLYN, NY", "zone_code": "R6B", "zone_category": "Residential", "ev_permitted": false}, "geometry": {"type": "Polygon", "coordinates": [[[-73.9170010490493, 40.6804223670578], [-73.9169270622183, 40.6804310526749], [-73.9169781248996, 40.6806870967758], [-73.9168806240542, 40.6806985479368], [-73.9168861793147, 40.6807283195309], [-73.9170580476715, 40.6807081359079], [-73.9170010490493, 40.6804223670578]]]}}, {"type": "Feature", "properties": {"zone_id": "02025LJ51RCOTMLQRM6LXQ", "tract_id": "36047037900", "city": "BROOKLYN, NY", "zone_code": "R6B", "zone_category": "Residential", "ev_permitted": false}, "geometry": {"type": "Polygon", "coordinates": [[[-73.9169270622183, 40.6804310526749], [-73.9168326144846, 40.6804421455337], [-73.9168806240542, 40.6806985479368], [-73.9169781248996, 40.6806870967758], [-73.9169270622183, 40.6804310526749]]]}}, {"type": "Feature", "properties": {"zone_id": "02043FNSEEPT2L0FAY1CRN", "tract_id": "36047037900", "city": "BROOKLYN, NY", "zone_code": "R6B", "zone_category": "Residential", "ev_permitted": false}, "geometry": {"type": "Polygon", "coordinates": [[[-73.917038255105, 40.6800946258484], [-73.9167608567534, 40.6801260973041], [-73.916789679708, 40.6802686770778], [-73.9170666678555, 40.6802372523354], [-73.917038255105, 40.6800946258484]]]}}, {"type": "Feature", "properties": {"zone_id": "0206MZRPVYVPC02J7B7PI4", "tract_id": "36047037900", "city": "BROOKLYN, NY", "zone_code": "R6B", "zone_category": "Residential", "ev_permitted": false}, "geometry": {"type": "Polygon", "coordinates": [[[-73.9172707806786, 40.679930870596], [-73.9171962372346, 40.6799393283234], [-73.9172514104789, 40.6802162921255], [-73.9173259551485, 40.6802078343632], [-73.9172707806786, 40.679930870596]]]}}, {"type": "Feature", "properties": {"zone_id": "02035O2MMP5K5Y97L83KSA", "tract_id": "36047037900", "city": "BROOKLYN, NY", "zone_code": "R6B", "zone_category": "Residential", "ev_permitted": false}, "geometry": {"type": "Polygon", "coordinates": [[[-73.9171962372346, 40.6799393283234], [-73.9171285921338, 40.6799470025842], [-73.9171837660265, 40.6802239664191], [-73.9172514104789, 40.6802162921255], [-73.9171962372346, 40.6799393283234]]]}}, {"type": "Feature", "properties": {"zone_id": "02075ABIWNPMLVRPI0WUPG", "tract_id": "36047037900", "city": "BROOKLYN, NY", "zone_code": "R6B", "zone_category": "Residential", "ev_permitted": false}, "geometry": {"type": "Polygon", "coordinates": [[[-73.9173630043136, 40.6799204067707], [-73.9172707806786, 40.679930870596], [-73.9173259551485, 40.6802078343632], [-73.9174181791579, 40.6801973704941], [-73.9173630043136, 40.6799204067707]]]}}, {"type": "Feature", "properties": {"zone_id": "0204566VWRWQ0F78BL8ZHU", "tract_id": "36047037900", "city": "BROOKLYN, NY", "zone_code": "R6B", "zone_category": "Residential", "ev_permitted": false}, "geometry": {"type": "Polygon", "coordinates": [[[-73.9171285921338, 40.6799470025842], [-73.9170114944381, 40.6799602884447], [-73.9170666678555, 40.6802372523354], [-73.9171837660265, 40.6802239664191], [-73.9171285921338, 40.6799470025842]]]}}, {"type": "Feature", "properties": {"zone_id": "0207N1MTUF46FAEZ3FZJ51", "tract_id": "36047037900", "city": "BROOKLYN, NY", "zone_code": "R6B", "zone_category": "Residential", "ev_permitted": false}, "geometry": {"type": "Polygon", "coordinates": [[[-73.9170211172619, 40.6800085921723], [-73.9167434709438, 40.6800400922166], [-73.9167608567534, 40.6801260973041], [-73.917038255105, 40.6800946258484], [-73.9170211172619, 40.6800085921723]]]}}, {"type": "Feature", "properties": {"zone_id": "0205OO9GN5OQDVVIQKDFGM", "tract_id": "36047037900", "city": "BROOKLYN, NY", "zone_code": "R6B", "zone_category": "Residential", "ev_permitted": false}, "geometry": {"type": "Polygon", "coordinates": [[[-73.9169998215916, 40.6799016920457], [-73.9167218673915, 40.679933226949], [-73.9167337089281, 40.6799918038236], [-73.9170114944381, 40.6799602884447], [-73.9169998215916, 40.6799016920457]]]}}, {"type": "Feature", "properties": {"zone_id": "0205BZARG227YCGQII4QJC", "tract_id": "36047037900", "city": "BROOKLYN, NY", "zone_code": "R6B", "zone_category": "Residential", "ev_permitted": false}, "geometry": {"type": "Polygon", "coordinates": [[[-73.9169880937328, 40.6798428180538], [-73.9167099699209, 40.6798743724805], [-73.9167218673915, 40.679933226949], [-73.9169998215916, 40.6799016920457], [-73.9169880937328, 40.6798428180538]]]}}, {"type": "Feature", "properties": {"zone_id": "02068LFNF461FD4VNQUHX7", "tract_id": "36047037900", "city": "BROOKLYN, NY", "zone_code": "R6B", "zone_category": "Residential", "ev_permitted": false}, "geometry": {"type": "Polygon", "coordinates": [[[-73.9170114944381, 40.6799602884447], [-73.9167337089281, 40.6799918038236], [-73.9167434709438, 40.6800400922166], [-73.9170211172619, 40.6800085921723], [-73.9170114944381, 40.6799602884447]]]}}, {"type": "Feature", "properties": {"zone_id": "0200Z7BR5TJSGEDTE2M7L6", "tract_id": "36047037900", "city": "BROOKLYN, NY", "zone_code": "R6B", "zone_category": "Residential", "ev_permitted": false}, "geometry": {"type": "Polygon", "coordinates": [[[-73.9173731981381, 40.6796339513309], [-73.9172897157373, 40.6796434229651], [-73.9173452945641, 40.6799224163123], [-73.9174287763833, 40.6799129446374], [-73.9173731981381, 40.6796339513309]]]}}, {"type": "Feature", "properties": {"zone_id": "0200A7EZ66CAMCZZIHRR0M", "tract_id": "36047037900", "city": "BROOKLYN, NY", "zone_code": "R6B", "zone_category": "Residential", "ev_permitted": false}, "geometry": {"type": "Polygon", "coordinates": [[[-73.9172152021564, 40.6796518772131], [-73.917120008332, 40.6796626774638], [-73.9171755864649, 40.6799416708923], [-73.9172707806786, 40.679930870596], [-73.9172152021564, 40.6796518772131]]]}}, {"type": "Feature", "properties": {"zone_id": "0204MXHTQ20EQG9VTRYGC1", "tract_id": "36047037900", "city": "BROOKLYN, NY", "zone_code": "R6B", "zone_category": "Residential", "ev_permitted": false}, "geometry": {"type": "Polygon", "coordinates": [[[-73.917120008332, 40.6796626774638], [-73.9170370631038, 40.6796720881701], [-73.9170926408975, 40.6799510816382], [-73.9171755864649, 40.6799416708923], [-73.917120008332, 40.6796626774638]]]}}, {"type": "Feature", "properties": {"zone_id": "0203505Z4PHBMR4PYWCCSA", "tract_id": "36047037900", "city": "BROOKLYN, NY", "zone_code": "R6B", "zone_category": "Residential", "ev_permitted": false}, "geometry": {"type": "Polygon", "coordinates": [[[-73.9172897157373, 40.6796434229651], [-73.9172152021564, 40.6796518772131], [-73.9172707806786, 40.679930870596], [-73.9173452945641, 40.6799224163123], [-73.9172897157373, 40.6796434229651]]]}}, {"type": "Feature", "properties": {"zone_id": "0205PSTYWZ3BCBZVUCI16J", "tract_id": "36047037900", "city": "BROOKLYN, NY", "zone_code": "R6B", "zone_category": "Residential", "ev_permitted": false}, "geometry": {"type": "Polygon", "coordinates": [[[-73.9169559169762, 40.6796812949376], [-73.9166773285799, 40.67971290165], [-73.9166899873531, 40.6797755236466], [-73.9169683960003, 40.6797439371512], [-73.9169559169762, 40.6796812949376]]]}}, {"type": "Feature", "properties": {"zone_id": "0202MCVSVFEJFDTWGQ92EV", "tract_id": "36047037900", "city": "BROOKLYN, NY", "zone_code": "R6B", "zone_category": "Residential", "ev_permitted": false}, "geometry": {"type": "Polygon", "coordinates": [[[-73.9169781260723, 40.6797927848218], [-73.9166998584606, 40.6798243552816], [-73.9167099699209, 40.6798743724805], [-73.9169880937328, 40.6798428180538], [-73.9169781260723, 40.6797927848218]]]}}, {"type": "Feature", "properties": {"zone_id": "0201MN1W9TUVS3M1Z22S3C", "tract_id": "36047037900", "city": "BROOKLYN, NY", "zone_code": "R6B", "zone_category": "Residential", "ev_permitted": false}, "geometry": {"type": "Polygon", "coordinates": [[[-73.9169683960003, 40.6797439371512], [-73.9166899873531, 40.6797755236466], [-73.9166998584606, 40.6798243552816], [-73.9169781260723, 40.6797927848218], [-73.9169683960003, 40.6797439371512]]]}}, {"type": "Feature", "properties": {"zone_id": "0203S1TBMZ4FK541MJKJRG", "tract_id": "36047037900", "city": "BROOKLYN, NY", "zone_code": "R6B", "zone_category": "Residential", "ev_permitted": false}, "geometry": {"type": "Polygon", "coordinates": [[[-73.9170370631038, 40.6796720881701], [-73.9169559169762, 40.6796812949376], [-73.9170114944381, 40.6799602884447], [-73.9170926408975, 40.6799510816382], [-73.9170370631038, 40.6796720881701]]]}}, {"type": "Feature", "properties": {"zone_id": "0204U6ECUGYCL3ET5IVEWD", "tract_id": "36047037900", "city": "BROOKLYN, NY", "zone_code": "R6B", "zone_category": "Residential", "ev_permitted": false}, "geometry": {"type": "Polygon", "coordinates": [[[-73.9184646297401, 40.6790534342621], [-73.9183687537795, 40.6790643994856], [-73.9184286565478, 40.6793324781297], [-73.9185245338078, 40.6793215121547], [-73.9184646297401, 40.6790534342621]]]}}, {"type": "Feature", "properties": {"zone_id": "02063A23O2DIUMIIXP66MS", "tract_id": "36047037900", "city": "BROOKLYN, NY", "zone_code": "R6B", "zone_category": "Residential", "ev_permitted": false}, "geometry": {"type": "Polygon", "coordinates": [[[-73.9187451016208, 40.6790698501171], [-73.9184751961515, 40.6791007203838], [-73.9185245338078, 40.6793215121547], [-73.9187944392242, 40.6792906424751], [-73.9187451016208, 40.6790698501171]]]}}, {"type": "Feature", "properties": {"zone_id": "02037HWBI1R6QMAQCKC35J", "tract_id": "36047037900", "city": "BROOKLYN, NY", "zone_code": "R6B", "zone_category": "Residential", "ev_permitted": false}, "geometry": {"type": "Polygon", "coordinates": [[[-73.9182794363545, 40.6790746146282], [-73.918188841342, 40.6790849763521], [-73.9182487434065, 40.6793530543865], [-73.9183393396959, 40.6793426933191], [-73.9182794363545, 40.6790746146282]]]}}, {"type": "Feature", "properties": {"zone_id": "0200V958LZLHK5KG9IN1TY", "tract_id": "36047037900", "city": "BROOKLYN, NY", "zone_code": "R6B", "zone_category": "Residential", "ev_permitted": false}, "geometry": {"type": "Polygon", "coordinates": [[[-73.9181077689225, 40.6790942486294], [-73.9180147285847, 40.6791048895407], [-73.9180746299672, 40.6793729676651], [-73.9181676715923, 40.6793623267063], [-73.9181077689225, 40.6790942486294]]]}}, {"type": "Feature", "properties": {"zone_id": "02068LRW0OG2D7Z4Q4HA9B", "tract_id": "36047037900", "city": "BROOKLYN, NY", "zone_code": "R6B", "zone_category": "Residential", "ev_permitted": false}, "geometry": {"type": "Polygon", "coordinates": [[[-73.9183687537795, 40.6790643994856], [-73.9182794363545, 40.6790746146282], [-73.9183393396959, 40.6793426933191], [-73.9184286565478, 40.6793324781297], [-73.9183687537795, 40.6790643994856]]]}}, {"type": "Feature", "properties": {"zone_id": "0200O3Z98GF2DQ6NE5QYV7", "tract_id": "36047037900", "city": "BROOKLYN, NY", "zone_code": "R6B", "zone_category": "Residential", "ev_permitted": false}, "geometry": {"type": "Polygon", "coordinates": [[[-73.918188841342, 40.6790849763521], [-73.9181077689225, 40.6790942486294], [-73.9181676715923, 40.6793623267063], [-73.9182487434065, 40.6793530543865], [-73.918188841342, 40.6790849763521]]]}}, {"type": "Feature", "properties": {"zone_id": "0203GAGA5W0LRS3VDIZPWF", "tract_id": "36047037900", "city": "BROOKLYN, NY", "zone_code": "R6B", "zone_category": "Residential", "ev_permitted": false}, "geometry": {"type": "Polygon", "coordinates": [[[-73.9178445139463, 40.6791243562481], [-73.9177517984533, 40.6791349599377], [-73.9178116988058, 40.6794030381979], [-73.9179044146621, 40.6793924344605], [-73.9178445139463, 40.6791243562481]]]}}, {"type": "Feature", "properties": {"zone_id": "0201ISG4JHG8DFVLMBMN19", "tract_id": "36047037900", "city": "BROOKLYN, NY", "zone_code": "R6B", "zone_category": "Residential", "ev_permitted": false}, "geometry": {"type": "Polygon", "coordinates": [[[-73.9177517984533, 40.6791349599377], [-73.917686593893, 40.6791424170404], [-73.9177464949131, 40.6794104953351], [-73.9178116988058, 40.6794030381979], [-73.9177517984533, 40.6791349599377]]]}}, {"type": "Feature", "properties": {"zone_id": "0205MSCY0GDS26N3EHOXWE", "tract_id": "36047037900", "city": "BROOKLYN, NY", "zone_code": "R6B", "zone_category": "Residential", "ev_permitted": false}, "geometry": {"type": "Polygon", "coordinates": [[[-73.9180147285847, 40.6791048895407], [-73.9179280630969, 40.6791148013447], [-73.9179879650628, 40.6793828795145], [-73.9180746299672, 40.6793729676651], [-73.9180147285847, 40.6791048895407]]]}}, {"type": "Feature", "properties": {"zone_id": "0206D86CNAFMSS8V3V26Z0", "tract_id": "36047037900", "city": "BROOKLYN, NY", "zone_code": "R6B", "zone_category": "Residential", "ev_permitted": false}, "geometry": {"type": "Polygon", "coordinates": [[[-73.9179280630969, 40.6791148013447], [-73.9178445139463, 40.6791243562481], [-73.9179044146621, 40.6793924344605], [-73.9179879650628, 40.6793828795145], [-73.9179280630969, 40.6791148013447]]]}}, {"type": "Feature", "properties": {"zone_id": "0202041NVW2QZ2Q2X4GLYD", "tract_id": "36047037900", "city": "BROOKLYN, NY", "zone_code": "R6B", "zone_category": "Residential", "ev_permitted": false}, "geometry": {"type": "Polygon", "coordinates": [[[-73.9175364628229, 40.6791595866016], [-73.9174484402443, 40.6791696530627], [-73.9175083412545, 40.6794377314811], [-73.9175963641779, 40.6794276649745], [-73.9175364628229, 40.6791595866016]]]}}, {"type": "Feature", "properties": {"zone_id": "020619ZV6HQFXTLPH3FUNR", "tract_id": "36047037900", "city": "BROOKLYN, NY", "zone_code": "R6B", "zone_category": "Residential", "ev_permitted": false}, "geometry": {"type": "Polygon", "coordinates": [[[-73.9176140294909, 40.6791507155448], [-73.9175364628229, 40.6791595866016], [-73.9175963641779, 40.6794276649745], [-73.9176739302267, 40.679418793877], [-73.9176140294909, 40.6791507155448]]]}}, {"type": "Feature", "properties": {"zone_id": "02007Y5PSNHMBQ8MQXTK0X", "tract_id": "36047037900", "city": "BROOKLYN, NY", "zone_code": "R6B", "zone_category": "Residential", "ev_permitted": false}, "geometry": {"type": "Polygon", "coordinates": [[[-73.917686593893, 40.6791424170404], [-73.9176140294909, 40.6791507155448], [-73.9176739302267, 40.679418793877], [-73.9177464949131, 40.6794104953351], [-73.917686593893, 40.6791424170404]]]}}, {"type": "Feature", "properties": {"zone_id": "0201O7LSQH0S1RPWREDB36", "tract_id": "36047037900", "city": "BROOKLYN, NY", "zone_code": "R6B", "zone_category": "Residential", "ev_permitted": false}, "geometry": {"type": "Polygon", "coordinates": [[[-73.9174484402443, 40.6791696530627], [-73.917369211039, 40.679178713938], [-73.9174291098929, 40.6794467923961], [-73.9175083412545, 40.6794377314811], [-73.9174484402443, 40.6791696530627]]]}}, {"type": "Feature", "properties": {"zone_id": "0201CGRRVDD54NQG3C03JE", "tract_id": "36047037900", "city": "BROOKLYN, NY", "zone_code": "R6B", "zone_category": "Residential", "ev_permitted": false}, "geometry": {"type": "Polygon", "coordinates": [[[-73.9185548827618, 40.6788038380386], [-73.918617583034, 40.6790844350966], [-73.9186796313846, 40.6790773385121], [-73.9186194230754, 40.6788078987178], [-73.9185548827618, 40.6788038380386]]]}}, {"type": "Feature", "properties": {"zone_id": "0202UZ540BQBG2LD5BTYWU", "tract_id": "36047037900", "city": "BROOKLYN, NY", "zone_code": "C2-4", "zone_category": "Commercial", "ev_permitted": true}, "geometry": {"type": "Polygon", "coordinates": [[[-73.9186194230754, 40.6788078987178], [-73.9186796313846, 40.6790773385121], [-73.9187451016208, 40.6790698501171], [-73.9186875229759, 40.678812183215], [-73.9186194230754, 40.6788078987178]]]}}, {"type": "Feature", "properties": {"zone_id": "0202S9WUYX3UB4SIVC06YX", "tract_id": "36047037900", "city": "BROOKLYN, NY", "zone_code": "C2-4", "zone_category": "Commercial", "ev_permitted": true}, "geometry": {"type": "Polygon", "coordinates": [[[-73.9184067749857, 40.678794519797], [-73.9184751961515, 40.6791007203838], [-73.9185480003965, 40.6790923933997], [-73.9184825025255, 40.6787992841214], [-73.9184067749857, 40.678794519797]]]}}, {"type": "Feature", "properties": {"zone_id": "020500HCTRFNO4JZ59VF0W", "tract_id": "36047037900", "city": "BROOKLYN, NY", "zone_code": "C2-4", "zone_category": "Commercial", "ev_permitted": true}, "geometry": {"type": "Polygon", "coordinates": [[[-73.9184825025255, 40.6787992841214], [-73.9185480003965, 40.6790923933997], [-73.918617583034, 40.6790844350966], [-73.9185548827618, 40.6788038380386], [-73.9184825025255, 40.6787992841214]]]}}, {"type": "Feature", "properties": {"zone_id": "0206I0ETJH4HQDOO7TVVEF", "tract_id": "36047037900", "city": "BROOKLYN, NY", "zone_code": "R6B", "zone_category": "Residential", "ev_permitted": false}, "geometry": {"type": "Polygon", "coordinates": [[[-73.9181034130245, 40.6787954784215], [-73.9180426144553, 40.6788026606078], [-73.9181077689225, 40.6790942486294], [-73.9181686182401, 40.6790872891888], [-73.9181034130245, 40.6787954784215]]]}}, {"type": "Feature", "properties": {"zone_id": "02044TJMXRO464K9ION74K", "tract_id": "36047037900", "city": "BROOKLYN, NY", "zone_code": "R6B", "zone_category": "Residential", "ev_permitted": false}, "geometry": {"type": "Polygon", "coordinates": [[[-73.9182141305604, 40.6787823991186], [-73.9181601481287, 40.678788776042], [-73.918225400402, 40.6790807947987], [-73.9183135095164, 40.6790707179674], [-73.9182495823489, 40.6787846299697], [-73.9182141305604, 40.6787823991186]]]}}, {"type": "Feature", "properties": {"zone_id": "0204RWXDULOCKGLPOJN4E9", "tract_id": "36047037900", "city": "BROOKLYN, NY", "zone_code": "R6B", "zone_category": "Residential", "ev_permitted": false}, "geometry": {"type": "Polygon", "coordinates": [[[-73.9182495823489, 40.6787846299697], [-73.9183135095164, 40.6790707179674], [-73.918400725975, 40.6790607430243], [-73.9183403030947, 40.6787903374724], [-73.9182495823489, 40.6787846299697]]]}}, {"type": "Feature", "properties": {"zone_id": "0204IA0CP9R60VMRUGXZ4T", "tract_id": "36047037900", "city": "BROOKLYN, NY", "zone_code": "R6B", "zone_category": "Residential", "ev_permitted": false}, "geometry": {"type": "Polygon", "coordinates": [[[-73.9183403030947, 40.6787903374724], [-73.918400725975, 40.6790607430243], [-73.9184646297401, 40.6790534342621], [-73.9184067749857, 40.678794519797], [-73.9183403030947, 40.6787903374724]]]}}, {"type": "Feature", "properties": {"zone_id": "0206AHNC83G03M22CM75YM", "tract_id": "36047037900", "city": "BROOKLYN, NY", "zone_code": "C2-4", "zone_category": "Commercial", "ev_permitted": true}, "geometry": {"type": "Polygon", "coordinates": [[[-73.9181601481287, 40.678788776042], [-73.9181034130245, 40.6787954784215], [-73.9181686182401, 40.6790872891888], [-73.918225400402, 40.6790807947987], [-73.9181601481287, 40.678788776042]]]}}, {"type": "Feature", "properties": {"zone_id": "0200SSBOG5CFYQM210QLS6", "tract_id": "36047037900", "city": "BROOKLYN, NY", "zone_code": "R6B", "zone_category": "Residential", "ev_permitted": false}, "geometry": {"type": "Polygon", "coordinates": [[[-73.9179496507002, 40.6788136423124], [-73.9178729065866, 40.6788227074147], [-73.9179379217293, 40.6791136735767], [-73.9180147285847, 40.6791048895407], [-73.9179496507002, 40.6788136423124]]]}}, {"type": "Feature", "properties": {"zone_id": "0200WORSVEIGF5J0DA6ERO", "tract_id": "36047037900", "city": "BROOKLYN, NY", "zone_code": "C2-4", "zone_category": "Commercial", "ev_permitted": true}, "geometry": {"type": "Polygon", "coordinates": [[[-73.9178729065866, 40.6788227074147], [-73.9177926214646, 40.6788321915334], [-73.9178575701756, 40.6791228632777], [-73.9179379217293, 40.6791136735767], [-73.9178729065866, 40.6788227074147]]]}}, {"type": "Feature", "properties": {"zone_id": "02004UJXMAJYF7S3E7WQOA", "tract_id": "36047037900", "city": "BROOKLYN, NY", "zone_code": "C2-4", "zone_category": "Commercial", "ev_permitted": true}, "geometry": {"type": "Polygon", "coordinates": [[[-73.9174883955341, 40.6788681278564], [-73.9174275479086, 40.6788753153038], [-73.9174921967627, 40.6791646491697], [-73.9175530942098, 40.6791576844678], [-73.9174883955341, 40.6788681278564]]]}}, {"type": "Feature", "properties": {"zone_id": "0204QKGBGK5C1XMNLDQQQI", "tract_id": "36047037900", "city": "BROOKLYN, NY", "zone_code": "R6B", "zone_category": "Residential", "ev_permitted": false}, "geometry": {"type": "Polygon", "coordinates": [[[-73.9174275479086, 40.6788753153038], [-73.9173491605432, 40.6788845749203], [-73.9174137448155, 40.6791736206922], [-73.9174921967627, 40.6791646491697], [-73.9174275479086, 40.6788753153038]]]}}, {"type": "Feature", "properties": {"zone_id": "0201HC85IF203MZT7TYRMU", "tract_id": "36047037900", "city": "BROOKLYN, NY", "zone_code": "R6B", "zone_category": "Residential", "ev_permitted": false}, "geometry": {"type": "Polygon", "coordinates": [[[-73.9168907041813, 40.6794119476094], [-73.9166229786768, 40.6794425635531], [-73.9166416533702, 40.679536844853], [-73.9169117100722, 40.6795059621324], [-73.9168907041813, 40.6794119476094]]]}}, {"type": "Feature", "properties": {"zone_id": "0201ZLTX4TTUP7GEVLZUX0", "tract_id": "36047037900", "city": "BROOKLYN, NY", "zone_code": "R6B", "zone_category": "Residential", "ev_permitted": false}, "geometry": {"type": "Polygon", "coordinates": [[[-73.9168804454024, 40.6793660352703], [-73.916613859182, 40.6793965206179], [-73.9166229786768, 40.6794425635531], [-73.9168907041813, 40.6794119476094], [-73.9168804454024, 40.6793660352703]]]}}, {"type": "Feature", "properties": {"zone_id": "0205KERRLTOMULAT2CATSQ", "tract_id": "36047037900", "city": "BROOKLYN, NY", "zone_code": "R6B", "zone_category": "Residential", "ev_permitted": false}, "geometry": {"type": "Polygon", "coordinates": [[[-73.9170387808048, 40.679216502143], [-73.916964634978, 40.6792249810871], [-73.9170245331692, 40.6794930604576], [-73.9170986783643, 40.6794845807718], [-73.9170387808048, 40.679216502143]]]}}, {"type": "Feature", "properties": {"zone_id": "0206DLP0OOCHT6KA7HN6IA", "tract_id": "36047037900", "city": "BROOKLYN, NY", "zone_code": "R6B", "zone_category": "Residential", "ev_permitted": false}, "geometry": {"type": "Polygon", "coordinates": [[[-73.9168720425218, 40.6793284283341], [-73.9166063896996, 40.6793588075341], [-73.916613859182, 40.6793965206179], [-73.9168804454024, 40.6793660352703], [-73.9168720425218, 40.6793284283341]]]}}, {"type": "Feature", "properties": {"zone_id": "02047S06JPPLH0ME5OO7SZ", "tract_id": "36047037900", "city": "BROOKLYN, NY", "zone_code": "R6B", "zone_category": "Residential", "ev_permitted": false}, "geometry": {"type": "Polygon", "coordinates": [[[-73.9168528017577, 40.6792423108939], [-73.916589284394, 40.6792724456658], [-73.916597510526, 40.6793139789719], [-73.9168620554578, 40.6792837261738], [-73.9168528017577, 40.6792423108939]]]}}, {"type": "Feature", "properties": {"zone_id": "0203XKEUI31DA7DUVL4WZV", "tract_id": "36047037900", "city": "BROOKLYN, NY", "zone_code": "R6B", "zone_category": "Residential", "ev_permitted": false}, "geometry": {"type": "Polygon", "coordinates": [[[-73.9168620554578, 40.6792837261738], [-73.916597510526, 40.6793139789719], [-73.9166063896996, 40.6793588075341], [-73.9168720425218, 40.6793284283341], [-73.9168620554578, 40.6792837261738]]]}}, {"type": "Feature", "properties": {"zone_id": "02067VUF6LP37Z2LXJCAP7", "tract_id": "36047037900", "city": "BROOKLYN, NY", "zone_code": "C2-4", "zone_category": "Commercial", "ev_permitted": true}, "geometry": {"type": "Polygon", "coordinates": [[[-73.9168437628441, 40.6792018570104], [-73.9165812490418, 40.6792318772526], [-73.916589284394, 40.6792724456658], [-73.9168528017577, 40.6792423108939], [-73.9168437628441, 40.6792018570104]]]}}, {"type": "Feature", "properties": {"zone_id": "0202HXCBGZCQM9FHPEMQTL", "tract_id": "36047037900", "city": "BROOKLYN, NY", "zone_code": "C2-4", "zone_category": "Commercial", "ev_permitted": true}, "geometry": {"type": "Polygon", "coordinates": [[[-73.9168359290672, 40.6791667962277], [-73.9165727826291, 40.6791891323808], [-73.9165812490418, 40.6792318772526], [-73.9168437628441, 40.6792018570104], [-73.9168359290672, 40.6791667962277]]]}}, {"type": "Feature", "properties": {"zone_id": "0200CY43E16GK78V1NBAS2", "tract_id": "36047037900", "city": "BROOKLYN, NY", "zone_code": "C2-4", "zone_category": "Commercial", "ev_permitted": true}, "geometry": {"type": "Polygon", "coordinates": [[[-73.9170278750287, 40.6791505023415], [-73.9168359290672, 40.6791667962277], [-73.9169117100722, 40.6795059621324], [-73.9170245331692, 40.6794930604576], [-73.916964634978, 40.6792249810871], [-73.9170425258047, 40.6792160734085], [-73.9170278750287, 40.6791505023415]]]}}, {"type": "Feature", "properties": {"zone_id": "0204ZDJO2KFU4Q2QE0VZIO", "tract_id": "36047037900", "city": "BROOKLYN, NY", "zone_code": "C2-4", "zone_category": "Commercial", "ev_permitted": true}, "geometry": {"type": "Polygon", "coordinates": [[[-73.9169769854895, 40.6790631015173], [-73.9165573255619, 40.6791110926283], [-73.9165727826291, 40.6791891323808], [-73.9169970974052, 40.6791531151269], [-73.9169769854895, 40.6790631015173]]]}}, {"type": "Feature", "properties": {"zone_id": "0201L2D2MH09JJ295VMB8M", "tract_id": "36047037900", "city": "BROOKLYN, NY", "zone_code": "R7D", "zone_category": "Residential", "ev_permitted": false}, "geometry": {"type": "Polygon", "coordinates": [[[-73.9164696498017, 40.6786960879201], [-73.9164961617214, 40.6788022520438], [-73.9171276763493, 40.6787298341069], [-73.9164696498017, 40.6786960879201]]]}}, {"type": "Feature", "properties": {"zone_id": "0202ZOZA0HJYNHDNG6QWQH", "tract_id": "36047037900", "city": "BROOKLYN, NY", "zone_code": "R6B", "zone_category": "Residential", "ev_permitted": false}, "geometry": {"type": "Polygon", "coordinates": [[[-73.9169630222786, 40.6790006071926], [-73.9165449116865, 40.6790484209004], [-73.9165573255619, 40.6791110926283], [-73.9169769854895, 40.6790631015173], [-73.9169630222786, 40.6790006071926]]]}}, {"type": "Feature", "properties": {"zone_id": "02050QUJ6ZZXZCK4289S3Q", "tract_id": "36047037900", "city": "BROOKLYN, NY", "zone_code": "R6B", "zone_category": "Residential", "ev_permitted": false}, "geometry": {"type": "Polygon", "coordinates": [[[-73.9169476924227, 40.678931996609], [-73.9165315870962, 40.6789811453689], [-73.9165449116865, 40.6790484209004], [-73.9169630222786, 40.6790006071926], [-73.9169476924227, 40.678931996609]]]}}, {"type": "Feature", "properties": {"zone_id": "0205PK8TTY5S1H7IPY9E6Q", "tract_id": "36047037900", "city": "BROOKLYN, NY", "zone_code": "C2-4", "zone_category": "Commercial", "ev_permitted": true}, "geometry": {"type": "Polygon", "coordinates": [[[-73.9170299301337, 40.6789222819066], [-73.9169476924227, 40.678931996609], [-73.9169970974052, 40.6791531151269], [-73.9170278750287, 40.6791505023415], [-73.9170425258047, 40.6792160734085], [-73.9170942505448, 40.6792101584371], [-73.9170299301337, 40.6789222819066]]]}}, {"type": "Feature", "properties": {"zone_id": "02034MY16ZASOOEKV2ZOAM", "tract_id": "36047037900", "city": "BROOKLYN, NY", "zone_code": "C2-4", "zone_category": "Commercial", "ev_permitted": true}, "geometry": {"type": "Polygon", "coordinates": [[[-73.9177926214646, 40.6788321915334], [-73.9177044521764, 40.6788426066061], [-73.9177693279977, 40.6791329551233], [-73.9178575701756, 40.6791228632777], [-73.9177926214646, 40.6788321915334]]]}}, {"type": "Feature", "properties": {"zone_id": "02079BCCT0MPJ6C35ZA760", "tract_id": "36047037900", "city": "BROOKLYN, NY", "zone_code": "R6B", "zone_category": "Residential", "ev_permitted": false}, "geometry": {"type": "Polygon", "coordinates": [[[-73.9180426144553, 40.6788026606078], [-73.9179496507002, 40.6788136423124], [-73.9180147285847, 40.6791048895407], [-73.9181077689225, 40.6790942486294], [-73.9180426144553, 40.6788026606078]]]}}, {"type": "Feature", "properties": {"zone_id": "0201J5WZWXCZEMW9NSPWQN", "tract_id": "36047037900", "city": "BROOKLYN, NY", "zone_code": "C2-4", "zone_category": "Commercial", "ev_permitted": true}, "geometry": {"type": "Polygon", "coordinates": [[[-73.9177044521764, 40.6788426066061], [-73.9176217854245, 40.6788523713724], [-73.917686593893, 40.6791424170404], [-73.9177693279977, 40.6791329551233], [-73.9177044521764, 40.6788426066061]]]}}, {"type": "Feature", "properties": {"zone_id": "0203423T6NIIUOEQX12JIR", "tract_id": "36047037900", "city": "BROOKLYN, NY", "zone_code": "C2-4", "zone_category": "Commercial", "ev_permitted": true}, "geometry": {"type": "Polygon", "coordinates": [[[-73.9176217854245, 40.6788523713724], [-73.917549280993, 40.678860936188], [-73.9176140294909, 40.6791507155448], [-73.917686593893, 40.6791424170404], [-73.9176217854245, 40.6788523713724]]]}}, {"type": "Feature", "properties": {"zone_id": "0206T0G18KL0RFQKZ9OFTW", "tract_id": "36047037900", "city": "BROOKLYN, NY", "zone_code": "C2-4", "zone_category": "Commercial", "ev_permitted": true}, "geometry": {"type": "Polygon", "coordinates": [[[-73.917549280993, 40.678860936188], [-73.9174883955341, 40.6788681278564], [-73.9175530942098, 40.6791576844678], [-73.9176140294909, 40.6791507155448], [-73.917549280993, 40.678860936188]]]}}, {"type": "Feature", "properties": {"zone_id": "0203FWWJCA4EIV0ITVSR87", "tract_id": "36047037900", "city": "BROOKLYN, NY", "zone_code": "R6B", "zone_category": "Residential", "ev_permitted": false}, "geometry": {"type": "Polygon", "coordinates": [[[-73.91711578544, 40.6792076956618], [-73.9170387808048, 40.679216502143], [-73.9170986783643, 40.6794845807718], [-73.9171756851472, 40.6794757742521], [-73.91711578544, 40.6792076956618]]]}}, {"type": "Feature", "properties": {"zone_id": "020419SU9FB99PCLLKWHKE", "tract_id": "36047037900", "city": "BROOKLYN, NY", "zone_code": "R6B", "zone_category": "Residential", "ev_permitted": false}, "geometry": {"type": "Polygon", "coordinates": [[[-73.917201500381, 40.6791978934009], [-73.91711578544, 40.6792076956618], [-73.9171756851472, 40.6794757742521], [-73.9172613976541, 40.6794659726476], [-73.917201500381, 40.6791978934009]]]}}, {"type": "Feature", "properties": {"zone_id": "0205EAK45CH467VFRMY0QG", "tract_id": "36047037900", "city": "BROOKLYN, NY", "zone_code": "R6B", "zone_category": "Residential", "ev_permitted": false}, "geometry": {"type": "Polygon", "coordinates": [[[-73.917369211039, 40.679178713938], [-73.9172849094053, 40.6791883550248], [-73.917344807929, 40.6794564335265], [-73.9174291098929, 40.6794467923961], [-73.917369211039, 40.679178713938]]]}}, {"type": "Feature", "properties": {"zone_id": "020419DEPBPW6SXC4CYH7N", "tract_id": "36047037900", "city": "BROOKLYN, NY", "zone_code": "R6B", "zone_category": "Residential", "ev_permitted": false}, "geometry": {"type": "Polygon", "coordinates": [[[-73.9172849094053, 40.6791883550248], [-73.917201500381, 40.6791978934009], [-73.9172613976541, 40.6794659726476], [-73.917344807929, 40.6794564335265], [-73.9172849094053, 40.6791883550248]]]}}, {"type": "Feature", "properties": {"zone_id": "020697RH5IVIIZDFN3A65R", "tract_id": "36047037900", "city": "BROOKLYN, NY", "zone_code": "R6B", "zone_category": "Residential", "ev_permitted": false}, "geometry": {"type": "Polygon", "coordinates": [[[-73.9171059535376, 40.6789133032747], [-73.9170299301337, 40.6789222819066], [-73.9170942505448, 40.6792101584371], [-73.9171703376081, 40.6792014573603], [-73.9171059535376, 40.6789133032747]]]}}, {"type": "Feature", "properties": {"zone_id": "02027337EDGJ45V344406Z", "tract_id": "36047037900", "city": "BROOKLYN, NY", "zone_code": "C2-4", "zone_category": "Commercial", "ev_permitted": true}, "geometry": {"type": "Polygon", "coordinates": [[[-73.9172654302815, 40.6788944651459], [-73.9171887921371, 40.6789035179229], [-73.9172532444778, 40.679191976264], [-73.917329945358, 40.6791832045542], [-73.9172654302815, 40.6788944651459]]]}}, {"type": "Feature", "properties": {"zone_id": "0202T5GH5CRBASTI4A12X2", "tract_id": "36047037900", "city": "BROOKLYN, NY", "zone_code": "R6B", "zone_category": "Residential", "ev_permitted": false}, "geometry": {"type": "Polygon", "coordinates": [[[-73.9173491605432, 40.6788845749203], [-73.9172654302815, 40.6788944651459], [-73.917329945358, 40.6791832045542], [-73.9174137448155, 40.6791736206922], [-73.9173491605432, 40.6788845749203]]]}}, {"type": "Feature", "properties": {"zone_id": "0203FMZNWPS6IA1CVZRCGX", "tract_id": "36047037900", "city": "BROOKLYN, NY", "zone_code": "C2-4", "zone_category": "Commercial", "ev_permitted": true}, "geometry": {"type": "Polygon", "coordinates": [[[-73.9171887921371, 40.6789035179229], [-73.9171059535376, 40.6789133032747], [-73.9171703376081, 40.6792014573603], [-73.9172532444778, 40.679191976264], [-73.9171887921371, 40.6789035179229]]]}}]}