{"type": "FeatureCollection", "features": [{"type": "Feature", "properties": {"zone_id": "0204ADJVV4O0EL0JN4NA3W", "tract_id": "06037297201", "city": "SAN PEDRO, CA", "zone_code": "R2-1XL", "zone_category": "Residential", "ev_permitted": false}, "geometry": {"type": "Polygon", "coordinates": [[[-118.294350301272, 33.7274733500322], [-118.29434867726, 33.7278169371622], [-118.294480220807, 33.7278173846122], [-118.294481877166, 33.7274737973999], [-118.294350301272, 33.7274733500322]]]}}, {"type": "Feature", "properties": {"zone_id": "0201HOAOQW5LLB0OHZI40E", "tract_id": "06037297201", "city": "SAN PEDRO, CA", "zone_code": "R2-1XL", "zone_category": "Residential", "ev_permitted": false}, "geometry": {"type": "Polygon", "coordinates": [[[-118.294218758265, 33.7274729024401], [-118.294217100829, 33.7278164896488], [-118.29434867726, 33.7278169371622], [-118.294350301272, 33.7274733500322], [-118.294218758265, 33.7274729024401]]]}}, {"type": "Feature", "properties": {"zone_id": "0202QQ53MKVL72WXNOKGW0", "tract_id": "06037297201", "city": "SAN PEDRO, CA", "zone_code": "R2-1XL", "zone_category": "Residential", "ev_permitted": false}, "geometry": {"type": "Polygon", "coordinates": [[[-118.294087215258, 33.7274724547043], [-118.294085557189, 33.7278160144335], [-118.294217100829, 33.7278164896488], [-118.294218758265, 33.7274729024401], [-118.294087215258, 33.7274724547043]]]}}, {"type": "Feature", "properties": {"zone_id": "0203EK3E83BCA4L5V6T7UW", "tract_id": "06037297201", "city": "SAN PEDRO, CA", "zone_code": "R2-1XL", "zone_category": "Residential", "ev_permitted": false}, "geometry": {"type": "Polygon", "coordinates": [[[-118.293955672157, 33.7274719793469], [-118.293954013646, 33.7278155665519], [-118.294085557189, 33.7278160144335], [-118.294087215258, 33.7274724547043], [-118.293955672157, 33.7274719793469]]]}}, {"type": "Feature", "properties": {"zone_id": "02019CNJ7Z7XA4IQAH43PP", "tract_id": "06037297201", "city": "SAN PEDRO, CA", "zone_code": "RD1.5-1XL", "zone_category": "Residential", "ev_permitted": false}, "geometry": {"type": "Polygon", "coordinates": [[[-118.294220486255, 33.7270743593615], [-118.294218828835, 33.7274179465502], [-118.294350470412, 33.7274183939007], [-118.294352127293, 33.7270748067102], [-118.294220486255, 33.7270743593615]]]}}, {"type": "Feature", "properties": {"zone_id": "02022PWQVNR4N7PLO7O3EJ", "tract_id": "06037297201", "city": "SAN PEDRO, CA", "zone_code": "RD1.5-1XL", "zone_category": "Residential", "ev_permitted": false}, "geometry": {"type": "Polygon", "coordinates": [[[-118.294352127293, 33.7270748067102], [-118.294350470412, 33.7274183939007], [-118.294482144875, 33.7274188410267], [-118.294483533511, 33.7271302102047], [-118.294482792411, 33.7271216272303], [-118.294480445029, 33.7271132465438], [-118.29447654924, 33.7271052747703], [-118.294471201094, 33.7270979084534], [-118.29446453245, 33.727091329209], [-118.294456707721, 33.7270856992481], [-118.294447919827, 33.727081157377], [-118.294438385432, 33.7270778155754], [-118.294428339605, 33.7270757562352], [-118.294418030025, 33.7270750301293], [-118.294352127293, 33.7270748067102]]]}}, {"type": "Feature", "properties": {"zone_id": "0204GRNF0Z029JRG643BCI", "tract_id": "06037297201", "city": "SAN PEDRO, CA", "zone_code": "RD1.5-1XL", "zone_category": "Residential", "ev_permitted": false}, "geometry": {"type": "Polygon", "coordinates": [[[-118.293957204183, 33.7270734642319], [-118.29395554559, 33.7274170239392], [-118.294087187164, 33.7274174715779], [-118.294088845219, 33.7270739118687], [-118.293957204183, 33.7270734642319]]]}}, {"type": "Feature", "properties": {"zone_id": "0202SUIW3TUC235P78H5YU", "tract_id": "06037297201", "city": "SAN PEDRO, CA", "zone_code": "RD1.5-1XL", "zone_category": "Residential", "ev_permitted": false}, "geometry": {"type": "Polygon", "coordinates": [[[-118.294088845219, 33.7270739118687], [-118.294087187164, 33.7274174715779], [-118.294218828835, 33.7274179465502], [-118.294220486255, 33.7270743593615], [-118.294088845219, 33.7270739118687]]]}}, {"type": "Feature", "properties": {"zone_id": "0205BBD5B2UI8GCE6OJL7Z", "tract_id": "06037297201", "city": "SAN PEDRO, CA", "zone_code": "RD1.5-1XL", "zone_category": "Residential", "ev_permitted": false}, "geometry": {"type": "Polygon", "coordinates": [[[-118.294222848058, 33.7265657384672], [-118.29422136197, 33.7268737413872], [-118.294418971135, 33.7268744394703], [-118.294430419429, 33.726873621075], [-118.294441523089, 33.7268711622352], [-118.294451944949, 33.7268671376143], [-118.294461368544, 33.726861669421], [-118.294469507725, 33.7268549236988], [-118.294476115342, 33.7268471052836], [-118.294480990753, 33.726838451584], [-118.294483985914, 33.7268292253727], [-118.294485009875, 33.7268197068064], [-118.29448626008, 33.7265666326933], [-118.294222848058, 33.7265657384672]]]}}, {"type": "Feature", "properties": {"zone_id": "0200EWLX1RNIW1RP9DX1BJ", "tract_id": "06037297201", "city": "SAN PEDRO, CA", "zone_code": "RD1.5-1XL", "zone_category": "Residential", "ev_permitted": false}, "geometry": {"type": "Polygon", "coordinates": [[[-118.29395956758, 33.7265648433428], [-118.293957909583, 33.7269085678904], [-118.29408955036, 33.7269090155265], [-118.294091207818, 33.726565290977], [-118.29395956758, 33.7265648433428]]]}}, {"type": "Feature", "properties": {"zone_id": "02017L783GX3OJY4YLSKPS", "tract_id": "06037297201", "city": "SAN PEDRO, CA", "zone_code": "RD1.5-1XL", "zone_category": "Residential", "ev_permitted": false}, "geometry": {"type": "Polygon", "coordinates": [[[-118.294091207818, 33.726565290977], [-118.29408955036, 33.7269090155265], [-118.29422122412, 33.7269094904156], [-118.294222848058, 33.7265657384672], [-118.294091207818, 33.726565290977]]]}}, {"type": "Feature", "properties": {"zone_id": "0205I0RRT70ORG4M0NM9WF", "tract_id": "06037297201", "city": "SAN PEDRO, CA", "zone_code": "R2-1XL", "zone_category": "Residential", "ev_permitted": false}, "geometry": {"type": "Polygon", "coordinates": [[[-118.293561043152, 33.7274706348448], [-118.293559383026, 33.7278142220443], [-118.29369095945, 33.7278146702771], [-118.293692586152, 33.727471083156], [-118.293561043152, 33.7274706348448]]]}}, {"type": "Feature", "properties": {"zone_id": "0202OE0XK9H1IVTQUS28VN", "tract_id": "06037297201", "city": "SAN PEDRO, CA", "zone_code": "R2-1XL", "zone_category": "Residential", "ev_permitted": false}, "geometry": {"type": "Polygon", "coordinates": [[[-118.293692586152, 33.727471083156], [-118.29369095945, 33.7278146702771], [-118.293822470105, 33.7278151185266], [-118.293824129154, 33.7274715313234], [-118.293692586152, 33.727471083156]]]}}, {"type": "Feature", "properties": {"zone_id": "02059PQWDA94ARZBSW74FZ", "tract_id": "06037297201", "city": "SAN PEDRO, CA", "zone_code": "R2-1XL", "zone_category": "Residential", "ev_permitted": false}, "geometry": {"type": "Polygon", "coordinates": [[[-118.293824129154, 33.7274715313234], [-118.293822470105, 33.7278151185266], [-118.293954013646, 33.7278155665519], [-118.293955672157, 33.7274719793469], [-118.293824129154, 33.7274715313234]]]}}, {"type": "Feature", "properties": {"zone_id": "02039UIMKJPITP0PUVPKRT", "tract_id": "06037297201", "city": "SAN PEDRO, CA", "zone_code": "R2-1XL", "zone_category": "Residential", "ev_permitted": false}, "geometry": {"type": "Polygon", "coordinates": [[[-118.293429467172, 33.7274701589923], [-118.293427839393, 33.7278137461098], [-118.293559383026, 33.7278142220443], [-118.293561043152, 33.7274706348448], [-118.293429467172, 33.7274701589923]]]}}, {"type": "Feature", "properties": {"zone_id": "0200ATMZGASQ988668ASIO", "tract_id": "06037297201", "city": "SAN PEDRO, CA", "zone_code": "RD1.5-1XL", "zone_category": "Residential", "ev_permitted": false}, "geometry": {"type": "Polygon", "coordinates": [[[-118.293825563053, 33.7270729889734], [-118.293823904017, 33.7274165761565], [-118.29395554559, 33.7274170239392], [-118.293957204183, 33.7270734642319], [-118.293825563053, 33.7270729889734]]]}}, {"type": "Feature", "properties": {"zone_id": "0207IWKSB6A92QKT1UYUVK", "tract_id": "06037297201", "city": "SAN PEDRO, CA", "zone_code": "RD1.5-1XL", "zone_category": "Residential", "ev_permitted": false}, "geometry": {"type": "Polygon", "coordinates": [[[-118.293693922021, 33.7270725410484], [-118.293692262446, 33.7274161282297], [-118.293823904017, 33.7274165761565], [-118.293825563053, 33.7270729889734], [-118.293693922021, 33.7270725410484]]]}}, {"type": "Feature", "properties": {"zone_id": "0205T68UAD7B4E9LIDW7LR", "tract_id": "06037297201", "city": "SAN PEDRO, CA", "zone_code": "RD1.5-1XL", "zone_category": "Residential", "ev_permitted": false}, "geometry": {"type": "Polygon", "coordinates": [[[-118.293562280989, 33.7270720929794], [-118.293560620877, 33.7274156801589], [-118.293692262446, 33.7274161282297], [-118.293693922021, 33.7270725410484], [-118.293562280989, 33.7270720929794]]]}}, {"type": "Feature", "properties": {"zone_id": "0203VEE1SY4GXXREI6JZ71", "tract_id": "06037297201", "city": "SAN PEDRO, CA", "zone_code": "RD1.5-1XL", "zone_category": "Residential", "ev_permitted": false}, "geometry": {"type": "Polygon", "coordinates": [[[-118.29343063996, 33.7270716447664], [-118.293428979212, 33.7274152044664], [-118.293560620877, 33.7274156801589], [-118.293562280989, 33.7270720929794], [-118.29343063996, 33.7270716447664]]]}}, {"type": "Feature", "properties": {"zone_id": "0205T5TY6B9UV3XSU654RR", "tract_id": "06037297201", "city": "SAN PEDRO, CA", "zone_code": "RD1.5-1XL", "zone_category": "Residential", "ev_permitted": false}, "geometry": {"type": "Polygon", "coordinates": [[[-118.293298999027, 33.7270712238869], [-118.293297337646, 33.7274147561075], [-118.293428979212, 33.7274152044664], [-118.29343063996, 33.7270716447664], [-118.293298999027, 33.7270712238869]]]}}, {"type": "Feature", "properties": {"zone_id": "0202E9MI44AXN5CDKX1YEE", "tract_id": "06037297201", "city": "SAN PEDRO, CA", "zone_code": "RD1.5-1XL", "zone_category": "Residential", "ev_permitted": false}, "geometry": {"type": "Polygon", "coordinates": [[[-118.293167390789, 33.727070747828], [-118.293165663195, 33.7274143076846], [-118.293297337646, 33.7274147561075], [-118.293298999027, 33.7270712238869], [-118.293167390789, 33.727070747828]]]}}, {"type": "Feature", "properties": {"zone_id": "0200WIH1O13DN4QWOIO821", "tract_id": "06037297201", "city": "SAN PEDRO, CA", "zone_code": "R2-1XL", "zone_category": "Residential", "ev_permitted": false}, "geometry": {"type": "Polygon", "coordinates": [[[-118.292507649644, 33.7274395129157], [-118.292507579698, 33.727447756443], [-118.29255694124, 33.7274479386674], [-118.292555481434, 33.7277558041384], [-118.292556412602, 33.72776532951], [-118.292559317677, 33.7277745758535], [-118.292564108457, 33.7277832624419], [-118.292570639491, 33.7277911255431], [-118.29257871249, 33.727797926427], [-118.292588082352, 33.727803458613], [-118.292598464599, 33.7278075541396], [-118.292609544018, 33.7278100886631], [-118.292620984228, 33.7278109852335], [-118.293427839393, 33.7278137461098], [-118.293429467172, 33.7274701589923], [-118.292836372715, 33.7274681419661], [-118.292836507108, 33.7274406637813], [-118.292507649644, 33.7274395129157]]]}}, {"type": "Feature", "properties": {"zone_id": "02071480J7REHEZ1RXUHM1", "tract_id": "06037297201", "city": "SAN PEDRO, CA", "zone_code": "RD1.5-1XL", "zone_category": "Residential", "ev_permitted": false}, "geometry": {"type": "Polygon", "coordinates": [[[-118.293035716783, 33.7270702717853], [-118.293034054516, 33.7274138589574], [-118.293165663195, 33.7274143076846], [-118.293167390789, 33.727070747828], [-118.293035716783, 33.7270702717853]]]}}, {"type": "Feature", "properties": {"zone_id": "0204I2K7ZZMW0RZOS8QBJR", "tract_id": "06037297201", "city": "SAN PEDRO, CA", "zone_code": "RD1.5-1XL", "zone_category": "Residential", "ev_permitted": false}, "geometry": {"type": "Polygon", "coordinates": [[[-118.292903977104, 33.7270698232363], [-118.292902547229, 33.7273859045041], [-118.292935298681, 33.7274135224377], [-118.293034054516, 33.7274138589574], [-118.293035716783, 33.7270702717853], [-118.292903977104, 33.7270698232363]]]}}, {"type": "Feature", "properties": {"zone_id": "0200RC8KQ0900YFKP9UXUF", "tract_id": "06037297201", "city": "SAN PEDRO, CA", "zone_code": "RD1.5-1XL", "zone_category": "Residential", "ev_permitted": false}, "geometry": {"type": "Polygon", "coordinates": [[[-118.292508205471, 33.7273158337296], [-118.292507649644, 33.7274395129157], [-118.292836507108, 33.7274406637813], [-118.29283709524, 33.727316957036], [-118.292508205471, 33.7273158337296]]]}}, {"type": "Feature", "properties": {"zone_id": "0200B0UG9757W7C625K84A", "tract_id": "06037297201", "city": "SAN PEDRO, CA", "zone_code": "RD1.5-1XL", "zone_category": "Residential", "ev_permitted": false}, "geometry": {"type": "Polygon", "coordinates": [[[-118.292508794182, 33.7271921544658], [-118.292508205471, 33.7273158337296], [-118.29283709524, 33.727316957036], [-118.292837683466, 33.7271932777706], [-118.292508794182, 33.7271921544658]]]}}, {"type": "Feature", "properties": {"zone_id": "0201NOAW8MQHE8C3US3G1D", "tract_id": "06037297201", "city": "SAN PEDRO, CA", "zone_code": "RD1.5-1XL", "zone_category": "Residential", "ev_permitted": false}, "geometry": {"type": "Polygon", "coordinates": [[[-118.293827927343, 33.7265643955646], [-118.293826268808, 33.7269081201103], [-118.293957909583, 33.7269085678904], [-118.29395956758, 33.7265648433428], [-118.293827927343, 33.7265643955646]]]}}, {"type": "Feature", "properties": {"zone_id": "0200L23YRSIGLEEEHMN32L", "tract_id": "06037297201", "city": "SAN PEDRO, CA", "zone_code": "RD1.5-1XL", "zone_category": "Residential", "ev_permitted": false}, "geometry": {"type": "Polygon", "coordinates": [[[-118.293696287012, 33.7265639201646], [-118.293694628034, 33.7269076721861], [-118.293826268808, 33.7269081201103], [-118.293827927343, 33.7265643955646], [-118.293696287012, 33.7265639201646]]]}}, {"type": "Feature", "properties": {"zone_id": "02045M7ELCOM9UEV876CI3", "tract_id": "06037297201", "city": "SAN PEDRO, CA", "zone_code": "RD1.5-1XL", "zone_category": "Residential", "ev_permitted": false}, "geometry": {"type": "Polygon", "coordinates": [[[-118.293564646778, 33.7265634720982], [-118.293562987261, 33.7269072241179], [-118.293694628034, 33.7269076721861], [-118.293696287012, 33.7265639201646], [-118.293564646778, 33.7265634720982]]]}}, {"type": "Feature", "properties": {"zone_id": "02063DW9LD90C7WKL6MWBM", "tract_id": "06037297201", "city": "SAN PEDRO, CA", "zone_code": "RD1.5-1XL", "zone_category": "Residential", "ev_permitted": false}, "geometry": {"type": "Polygon", "coordinates": [[[-118.293433006545, 33.7265630238878], [-118.29343134649, 33.7269067759057], [-118.293562987261, 33.7269072241179], [-118.293564646778, 33.7265634720982], [-118.293433006545, 33.7265630238878]]]}}, {"type": "Feature", "properties": {"zone_id": "0202L2G0TMNFQKQ5QI9WT0", "tract_id": "06037297201", "city": "SAN PEDRO, CA", "zone_code": "RD1.5-1XL", "zone_category": "Residential", "ev_permitted": false}, "geometry": {"type": "Polygon", "coordinates": [[[-118.293301366314, 33.7265625755334], [-118.293299705624, 33.7269063000717], [-118.29343134649, 33.7269067759057], [-118.293433006545, 33.7265630238878], [-118.293301366314, 33.7265625755334]]]}}, {"type": "Feature", "properties": {"zone_id": "0203GQ5P0DMCWMAFI7H94B", "tract_id": "06037297201", "city": "SAN PEDRO, CA", "zone_code": "RD1.5-1XL", "zone_category": "Residential", "ev_permitted": false}, "geometry": {"type": "Polygon", "coordinates": [[[-118.293169726085, 33.7265621270349], [-118.293168064855, 33.7269058515713], [-118.293299705624, 33.7269063000717], [-118.293301366314, 33.7265625755334], [-118.293169726085, 33.7265621270349]]]}}, {"type": "Feature", "properties": {"zone_id": "02010O8BYD2PW0YGPHNMMF", "tract_id": "06037297201", "city": "SAN PEDRO, CA", "zone_code": "RD1.5-1XL", "zone_category": "Residential", "ev_permitted": false}, "geometry": {"type": "Polygon", "coordinates": [[[-118.292575154072, 33.7270686999528], [-118.292563705736, 33.7270695181863], [-118.292552601999, 33.7270719768643], [-118.292542180029, 33.7270760013287], [-118.29253275629, 33.7270814693756], [-118.292524616937, 33.7270882149664], [-118.292518009121, 33.72709603327], [-118.292513133491, 33.7271046868817], [-118.292510138096, 33.7271139130331], [-118.292509113892, 33.7271234315701], [-118.292508794182, 33.7271921544658], [-118.292837683466, 33.7271932777706], [-118.292838238805, 33.7270695985874], [-118.292575154072, 33.7270686999528]]]}}, {"type": "Feature", "properties": {"zone_id": "020410GYGUY465KMLUQTBS", "tract_id": "06037297201", "city": "SAN PEDRO, CA", "zone_code": "RD1.5-1XL", "zone_category": "Residential", "ev_permitted": false}, "geometry": {"type": "Polygon", "coordinates": [[[-118.293038085856, 33.7265616783923], [-118.293036423993, 33.7269053754493], [-118.293168064855, 33.7269058515713], [-118.293169726085, 33.7265621270349], [-118.293038085856, 33.7265616783923]]]}}, {"type": "Feature", "properties": {"zone_id": "02003C3IZEBQEC55N1K4ZF", "tract_id": "06037297201", "city": "SAN PEDRO, CA", "zone_code": "RD1.5-1XL", "zone_category": "Residential", "ev_permitted": false}, "geometry": {"type": "Polygon", "coordinates": [[[-118.292906412649, 33.7265612022081], [-118.292904783323, 33.7269049541384], [-118.293036423993, 33.7269053754493], [-118.293038085856, 33.7265616783923], [-118.292906412649, 33.7265612022081]]]}}, {"type": "Feature", "properties": {"zone_id": "0200YJ7KD556S9L7GD4XN6", "tract_id": "06037297201", "city": "SAN PEDRO, CA", "zone_code": "RD1.5-1XL", "zone_category": "Residential", "ev_permitted": false}, "geometry": {"type": "Polygon", "coordinates": [[[-118.292511334023, 33.7266561377681], [-118.292510745511, 33.7267798719774], [-118.292839600296, 33.7267809953568], [-118.292840188323, 33.7266572611459], [-118.292511334023, 33.7266561377681]]]}}, {"type": "Feature", "properties": {"zone_id": "0202AUDMX533CW909UK8WR", "tract_id": "06037297201", "city": "SAN PEDRO, CA", "zone_code": "RD1.5-1XL", "zone_category": "Residential", "ev_permitted": false}, "geometry": {"type": "Polygon", "coordinates": [[[-118.292510745511, 33.7267798719774], [-118.292510425995, 33.7268486498249], [-118.292511357421, 33.7268581751055], [-118.292514262641, 33.7268674213355], [-118.292519053456, 33.7268761078111], [-118.292525584424, 33.7268839708221], [-118.292533657273, 33.7268907716576], [-118.29254302692, 33.726896303853], [-118.292553408916, 33.7269003994583], [-118.292564488077, 33.7269029341362], [-118.292575928051, 33.7269038309372], [-118.292839012268, 33.7269047295701], [-118.292839600296, 33.7267809953568], [-118.292510745511, 33.7267798719774]]]}}, {"type": "Feature", "properties": {"zone_id": "0201BOGSBR2KX6VMRE130X", "tract_id": "06037297201", "city": "SAN PEDRO, CA", "zone_code": "C2-1XL", "zone_category": "Commercial", "ev_permitted": true}, "geometry": {"type": "Polygon", "coordinates": [[[-118.292145771931, 33.7274657543346], [-118.29214417169, 33.7278093138769], [-118.292275682424, 33.727809791295], [-118.292277282127, 33.7274662317509], [-118.292145771931, 33.7274657543346]]]}}, {"type": "Feature", "properties": {"zone_id": "0203B7FUSE7OS55W6HGG27", "tract_id": "06037297201", "city": "SAN PEDRO, CA", "zone_code": "R2-1XL", "zone_category": "Residential", "ev_permitted": false}, "geometry": {"type": "Polygon", "coordinates": [[[-118.29188278462, 33.7274648539461], [-118.291881183303, 33.7278084134849], [-118.292012693939, 33.7278088637129], [-118.292014294717, 33.7274653041723], [-118.29188278462, 33.7274648539461]]]}}, {"type": "Feature", "properties": {"zone_id": "02043E7CE43L6RWZ6MWG1Y", "tract_id": "06037297201", "city": "SAN PEDRO, CA", "zone_code": "R1-1XL", "zone_category": "Residential", "ev_permitted": false}, "geometry": {"type": "Polygon", "coordinates": [[[-118.294366950666, 33.7238448315099], [-118.294365951007, 33.7241882520626], [-118.294497488775, 33.7241886720159], [-118.294498487993, 33.7238452789397], [-118.294366950666, 33.7238448315099]]]}}, {"type": "Feature", "properties": {"zone_id": "0203EB4IPLTQPIOQ98QHF4", "tract_id": "06037297201", "city": "SAN PEDRO, CA", "zone_code": "R1-1XL", "zone_category": "Residential", "ev_permitted": false}, "geometry": {"type": "Polygon", "coordinates": [[[-118.294235413341, 33.7238443839363], [-118.294234413048, 33.7241877770103], [-118.294365951007, 33.7241882520626], [-118.294366950666, 33.7238448315099], [-118.294235413341, 33.7238443839363]]]}}, {"type": "Feature", "properties": {"zone_id": "0203944Z1QJ4TAOMIFJEE7", "tract_id": "06037297201", "city": "SAN PEDRO, CA", "zone_code": "R1-1XL", "zone_category": "Residential", "ev_permitted": false}, "geometry": {"type": "Polygon", "coordinates": [[[-118.294103843134, 33.7238439362993], [-118.294102875283, 33.7241873567694], [-118.294234413048, 33.7241877770103], [-118.294235413341, 33.7238443839363], [-118.294103843134, 33.7238439362993]]]}}, {"type": "Feature", "properties": {"zone_id": "02021GWEIB8VRF2C4V8W8G", "tract_id": "06037297201", "city": "SAN PEDRO, CA", "zone_code": "R1-1XL", "zone_category": "Residential", "ev_permitted": false}, "geometry": {"type": "Polygon", "coordinates": [[[-118.293972305908, 33.7238435159156], [-118.293971337519, 33.7241869363847], [-118.294102875283, 33.7241873567694], [-118.294103843134, 33.7238439362993], [-118.293972305908, 33.7238435159156]]]}}, {"type": "Feature", "properties": {"zone_id": "02036CV3EII0YX4N43201M", "tract_id": "06037297201", "city": "SAN PEDRO, CA", "zone_code": "R1-1XL", "zone_category": "Residential", "ev_permitted": false}, "geometry": {"type": "Polygon", "coordinates": [[[-118.294285875875, 33.7234461065457], [-118.294284876178, 33.7237896095105], [-118.294498657028, 33.7237903228373], [-118.29449950422, 33.7234879820506], [-118.294497176341, 33.7234752690026], [-118.294494249942, 33.7234692961536], [-118.294485231359, 33.7234588508003], [-118.294479361626, 33.7234546359401], [-118.294465621615, 33.723448739105], [-118.294458090247, 33.723447202581], [-118.294285875875, 33.7234461065457]]]}}, {"type": "Feature", "properties": {"zone_id": "0206MTB2TXKG83ZILE5RCE", "tract_id": "06037297201", "city": "SAN PEDRO, CA", "zone_code": "R1-1XL", "zone_category": "Residential", "ev_permitted": false}, "geometry": {"type": "Polygon", "coordinates": [[[-118.294105012961, 33.7234455047119], [-118.294104012428, 33.7237889801975], [-118.294284876178, 33.7237896095105], [-118.294285875875, 33.7234461065457], [-118.294105012961, 33.7234455047119]]]}}, {"type": "Feature", "properties": {"zone_id": "0202GYQNGVD5O4YWXWQUF2", "tract_id": "06037297201", "city": "SAN PEDRO, CA", "zone_code": "R1-1XL", "zone_category": "Residential", "ev_permitted": false}, "geometry": {"type": "Polygon", "coordinates": [[[-118.293973443283, 33.7234450294547], [-118.293972475288, 33.723788559814], [-118.294104012428, 33.7237889801975], [-118.294105012961, 33.7234455047119], [-118.293973443283, 33.7234450294547]]]}}, {"type": "Feature", "properties": {"zone_id": "0200S14PJA4EKB8QDX4LG4", "tract_id": "06037297201", "city": "SAN PEDRO, CA", "zone_code": "R1-1XL", "zone_category": "Residential", "ev_permitted": false}, "geometry": {"type": "Polygon", "coordinates": [[[-118.293840768684, 33.7238430953881], [-118.293839799661, 33.7241864883785], [-118.293971337519, 33.7241869363847], [-118.293972305908, 33.7238435159156], [-118.293840768684, 33.7238430953881]]]}}, {"type": "Feature", "properties": {"zone_id": "0204L1QKX1RQMZ5D6ECCL4", "tract_id": "06037297201", "city": "SAN PEDRO, CA", "zone_code": "R1-1XL", "zone_category": "Residential", "ev_permitted": false}, "geometry": {"type": "Polygon", "coordinates": [[[-118.293709231268, 33.7238426197616], [-118.293708229016, 33.7241860677863], [-118.293839799661, 33.7241864883785], [-118.293840768684, 33.7238430953881], [-118.293709231268, 33.7238426197616]]]}}, {"type": "Feature", "properties": {"zone_id": "0206G8FHEV8BEPHJ0PG4TM", "tract_id": "06037297201", "city": "SAN PEDRO, CA", "zone_code": "R1-1XL", "zone_category": "Residential", "ev_permitted": false}, "geometry": {"type": "Polygon", "coordinates": [[[-118.29357769395, 33.7238421714688], [-118.29357669116, 33.7241856194924], [-118.293708229016, 33.7241860677863], [-118.293709231268, 33.7238426197616], [-118.29357769395, 33.7238421714688]]]}}, {"type": "Feature", "properties": {"zone_id": "02070RB3WU635D20LTHPQJ", "tract_id": "06037297201", "city": "SAN PEDRO, CA", "zone_code": "R1-1XL", "zone_category": "Residential", "ev_permitted": false}, "geometry": {"type": "Polygon", "coordinates": [[[-118.293314553647, 33.7238413020897], [-118.293313615549, 33.7241847499507], [-118.293445153306, 33.7241851710547], [-118.29344615673, 33.7238417505098], [-118.293314553647, 33.7238413020897]]]}}, {"type": "Feature", "properties": {"zone_id": "02054PPXV7COZIJIL7LBP3", "tract_id": "06037297201", "city": "SAN PEDRO, CA", "zone_code": "R1-1XL", "zone_category": "Residential", "ev_permitted": false}, "geometry": {"type": "Polygon", "coordinates": [[[-118.293183049217, 33.7238408532852], [-118.293182077697, 33.7241843012253], [-118.293313615549, 33.7241847499507], [-118.293314553647, 33.7238413020897], [-118.293183049217, 33.7238408532852]]]}}, {"type": "Feature", "properties": {"zone_id": "0203LEPLJAV09SNGX5SD9E", "tract_id": "06037297201", "city": "SAN PEDRO, CA", "zone_code": "R1-1XL", "zone_category": "Residential", "ev_permitted": false}, "geometry": {"type": "Polygon", "coordinates": [[[-118.29344615673, 33.7238417505098], [-118.293445153306, 33.7241851710547], [-118.29357669116, 33.7241856194924], [-118.29357769395, 33.7238421714688], [-118.29344615673, 33.7238417505098]]]}}, {"type": "Feature", "properties": {"zone_id": "0205ZU29B29TQ6AXAOCXKL", "tract_id": "06037297201", "city": "SAN PEDRO, CA", "zone_code": "RD1.5-1XL", "zone_category": "Residential", "ev_permitted": false}, "geometry": {"type": "Polygon", "coordinates": [[[-118.292534083142, 33.723934813706], [-118.292533058149, 33.7241409275035], [-118.292582199505, 33.7241822995365], [-118.292851852051, 33.7241832096224], [-118.292853061393, 33.723935878605], [-118.292534083142, 33.723934813706]]]}}, {"type": "Feature", "properties": {"zone_id": "0201EE7NTYFZM477H36Z7U", "tract_id": "06037297201", "city": "SAN PEDRO, CA", "zone_code": "R1-1XL", "zone_category": "Residential", "ev_permitted": false}, "geometry": {"type": "Polygon", "coordinates": [[[-118.293051511905, 33.723840404417], [-118.293050539847, 33.7241838523561], [-118.293182077697, 33.7241843012253], [-118.293183049217, 33.7238408532852], [-118.293051511905, 33.723840404417]]]}}, {"type": "Feature", "properties": {"zone_id": "0201RZO7K21GCGPQ44HP8C", "tract_id": "06037297201", "city": "SAN PEDRO, CA", "zone_code": "R1-1XL", "zone_category": "Residential", "ev_permitted": false}, "geometry": {"type": "Polygon", "coordinates": [[[-118.292919284037, 33.7238399570866], [-118.292917620974, 33.7241834341837], [-118.293050539847, 33.7241838523561], [-118.293051511905, 33.723840404417], [-118.292919284037, 33.7238399570866]]]}}, {"type": "Feature", "properties": {"zone_id": "0204T8EO1OWQ44PQZA637D", "tract_id": "06037297201", "city": "SAN PEDRO, CA", "zone_code": "RD1.5-1XL", "zone_category": "Residential", "ev_permitted": false}, "geometry": {"type": "Polygon", "coordinates": [[[-118.292524806697, 33.7238111584932], [-118.292524217843, 33.7239347827405], [-118.292853061393, 33.723935878605], [-118.292853649763, 33.7238122543561], [-118.292524806697, 33.7238111584932]]]}}, {"type": "Feature", "properties": {"zone_id": "0204RA3860M9YL8Z069VCK", "tract_id": "06037297201", "city": "SAN PEDRO, CA", "zone_code": "R1-1XL", "zone_category": "Residential", "ev_permitted": false}, "geometry": {"type": "Polygon", "coordinates": [[[-118.293841906682, 33.7234446089284], [-118.293840938053, 33.7237881118091], [-118.293972475288, 33.723788559814], [-118.293973443283, 33.7234450294547], [-118.293841906682, 33.7234446089284]]]}}, {"type": "Feature", "properties": {"zone_id": "02056QWNS0G87H87YIATWT", "tract_id": "06037297201", "city": "SAN PEDRO, CA", "zone_code": "R1-1XL", "zone_category": "Residential", "ev_permitted": false}, "geometry": {"type": "Polygon", "coordinates": [[[-118.293578833389, 33.7234437399669], [-118.293577830704, 33.723787215448], [-118.29370940082, 33.7237876636603], [-118.293710369987, 33.7234441607808], [-118.293578833389, 33.7234437399669]]]}}, {"type": "Feature", "properties": {"zone_id": "0206TYNT8CIZ8M4PD49J3R", "tract_id": "06037297201", "city": "SAN PEDRO, CA", "zone_code": "R1-1XL", "zone_category": "Residential", "ev_permitted": false}, "geometry": {"type": "Polygon", "coordinates": [[[-118.293710369987, 33.7234441607808], [-118.29370940082, 33.7237876636603], [-118.293840938053, 33.7237881118091], [-118.293841906682, 33.7234446089284], [-118.293710369987, 33.7234441607808]]]}}, {"type": "Feature", "properties": {"zone_id": "0207LTW2S17JFS4YU50N2D", "tract_id": "06037297201", "city": "SAN PEDRO, CA", "zone_code": "R1-1XL", "zone_category": "Residential", "ev_permitted": false}, "geometry": {"type": "Polygon", "coordinates": [[[-118.293447296697, 33.7234432915315], [-118.293446293474, 33.7237867670115], [-118.293577830704, 33.723787215448], [-118.293578833389, 33.7234437399669], [-118.293447296697, 33.7234432915315]]]}}, {"type": "Feature", "properties": {"zone_id": "0205HUTA350JRQ48BMVCYW", "tract_id": "06037297201", "city": "SAN PEDRO, CA", "zone_code": "R1-1XL", "zone_category": "Residential", "ev_permitted": false}, "geometry": {"type": "Polygon", "coordinates": [[[-118.293315760006, 33.7234428429523], [-118.293314756245, 33.7237863184312], [-118.293446293474, 33.7237867670115], [-118.293447296697, 33.7234432915315], [-118.293315760006, 33.7234428429523]]]}}, {"type": "Feature", "properties": {"zone_id": "0201WXJIAS7D0QX6VKB3K3", "tract_id": "06037297201", "city": "SAN PEDRO, CA", "zone_code": "R1-1XL", "zone_category": "Residential", "ev_permitted": false}, "geometry": {"type": "Polygon", "coordinates": [[[-118.293184190432, 33.7234423943095], [-118.293183219113, 33.7237858971847], [-118.293314756245, 33.7237863184312], [-118.293315760006, 33.7234428429523], [-118.293184190432, 33.7234423943095]]]}}, {"type": "Feature", "properties": {"zone_id": "0205G0NIUBGBKVT2NI375P", "tract_id": "06037297201", "city": "SAN PEDRO, CA", "zone_code": "R1-1XL", "zone_category": "Residential", "ev_permitted": false}, "geometry": {"type": "Polygon", "coordinates": [[[-118.29305265384, 33.7234419729202], [-118.293051681887, 33.7237854483167], [-118.293183219113, 33.7237858971847], [-118.293184190432, 33.7234423943095], [-118.29305265384, 33.7234419729202]]]}}, {"type": "Feature", "properties": {"zone_id": "0201KET2UNRECZALTFAEG1", "tract_id": "06037297201", "city": "SAN PEDRO, CA", "zone_code": "R1-1XL", "zone_category": "Residential", "ev_permitted": false}, "geometry": {"type": "Polygon", "coordinates": [[[-118.292921248687, 33.7234415235892], [-118.292919552757, 33.7237850007463], [-118.293051681887, 33.7237854483167], [-118.29305265384, 33.7234419729202], [-118.292921248687, 33.7234415235892]]]}}, {"type": "Feature", "properties": {"zone_id": "0203OKFNC93YRA9MRGNAE3", "tract_id": "06037297201", "city": "SAN PEDRO, CA", "zone_code": "RD1.5-1XL", "zone_category": "Residential", "ev_permitted": false}, "geometry": {"type": "Polygon", "coordinates": [[[-118.292526605847, 33.7234402032521], [-118.292525455826, 33.7236765154869], [-118.292689877143, 33.7236770772686], [-118.292691026604, 33.7234407375547], [-118.292526605847, 33.7234402032521]]]}}, {"type": "Feature", "properties": {"zone_id": "0202TC1H8P8XIBDEMZD0UR", "tract_id": "06037297201", "city": "SAN PEDRO, CA", "zone_code": "RD1.5-1XL", "zone_category": "Residential", "ev_permitted": false}, "geometry": {"type": "Polygon", "coordinates": [[[-118.292525455826, 33.7236765154869], [-118.292524806697, 33.7238111584932], [-118.292853649763, 33.7238122543561], [-118.292854331249, 33.7236776112679], [-118.292525455826, 33.7236765154869]]]}}, {"type": "Feature", "properties": {"zone_id": "020528B4C4NYIOL5W6ZNAI", "tract_id": "06037297201", "city": "SAN PEDRO, CA", "zone_code": "RD1.5-1XL", "zone_category": "Residential", "ev_permitted": false}, "geometry": {"type": "Polygon", "coordinates": [[[-118.292691026604, 33.7234407375547], [-118.292689877143, 33.7236770772686], [-118.292854331249, 33.7236776112679], [-118.292855480344, 33.72344129903], [-118.292691026604, 33.7234407375547]]]}}, {"type": "Feature", "properties": {"zone_id": "0206IM6LWMTVSAR1IVWME1", "tract_id": "06037297201", "city": "SAN PEDRO, CA", "zone_code": "R1-1XL", "zone_category": "Residential", "ev_permitted": false}, "geometry": {"type": "Polygon", "coordinates": [[[-118.294237507849, 33.7231093190435], [-118.294237024298, 33.7232810567359], [-118.294500064301, 33.7232819518161], [-118.294500580101, 33.7231101865645], [-118.294237507849, 33.7231093190435]]]}}, {"type": "Feature", "properties": {"zone_id": "02032YLNN5GHCANW2HE6P2", "tract_id": "06037297201", "city": "SAN PEDRO, CA", "zone_code": "R1-1XL", "zone_category": "Residential", "ev_permitted": false}, "geometry": {"type": "Polygon", "coordinates": [[[-118.294237990627, 33.7229373615345], [-118.294237507849, 33.7231093190435], [-118.294500580101, 33.7231101865645], [-118.294501062438, 33.7229382565321], [-118.294237990627, 33.7229373615345]]]}}, {"type": "Feature", "properties": {"zone_id": "0205OFUGAZ8EY3G63I61GC", "tract_id": "06037297201", "city": "SAN PEDRO, CA", "zone_code": "R1-1XL", "zone_category": "Residential", "ev_permitted": false}, "geometry": {"type": "Polygon", "coordinates": [[[-118.293974918919, 33.7229364934392], [-118.293973918629, 33.7232801887188], [-118.294105454973, 33.7232806091007], [-118.294106454821, 33.7229369412976], [-118.293974918919, 33.7229364934392]]]}}, {"type": "Feature", "properties": {"zone_id": "0206MNPMWD7JU4Q4MK2COQ", "tract_id": "06037297201", "city": "SAN PEDRO, CA", "zone_code": "R1-1XL", "zone_category": "Residential", "ev_permitted": false}, "geometry": {"type": "Polygon", "coordinates": [[[-118.294106454821, 33.7229369412976], [-118.294105454973, 33.7232806091007], [-118.294237024298, 33.7232810567359], [-118.294237990627, 33.7229373615345], [-118.294106454821, 33.7229369412976]]]}}, {"type": "Feature", "properties": {"zone_id": "02022FIDR46E13GDXEVAM8", "tract_id": "06037297201", "city": "SAN PEDRO, CA", "zone_code": "RD2-1XL", "zone_category": "Residential", "ev_permitted": false}, "geometry": {"type": "Polygon", "coordinates": [[[-118.294239126922, 33.7225389300796], [-118.294238159831, 33.7228824054399], [-118.29450123147, 33.7228833004371], [-118.294502111527, 33.7225809596103], [-118.294499773053, 33.722568248132], [-118.294492822754, 33.7225567613158], [-118.294481942077, 33.7225476253963], [-118.294475348813, 33.7225442305425], [-118.294460665487, 33.7225402036277], [-118.294239126922, 33.7225389300796]]]}}, {"type": "Feature", "properties": {"zone_id": "0205U7LHQSM02W3PMH9XE4", "tract_id": "06037297201", "city": "SAN PEDRO, CA", "zone_code": "RD2-1XL", "zone_category": "Residential", "ev_permitted": false}, "geometry": {"type": "Polygon", "coordinates": [[[-118.294107591739, 33.7225385098439], [-118.294106624111, 33.7228819852031], [-118.294238159831, 33.7228824054399], [-118.294239126922, 33.7225389300796], [-118.294107591739, 33.7225385098439]]]}}, {"type": "Feature", "properties": {"zone_id": "0206UXZE2K359ISWK2EGSD", "tract_id": "06037297201", "city": "SAN PEDRO, CA", "zone_code": "RD2-1XL", "zone_category": "Residential", "ev_permitted": false}, "geometry": {"type": "Polygon", "coordinates": [[[-118.293976089248, 33.7225380344289], [-118.293975055412, 33.7228815374253], [-118.294106624111, 33.7228819852031], [-118.294107591739, 33.7225385098439], [-118.293976089248, 33.7225380344289]]]}}, {"type": "Feature", "properties": {"zone_id": "0202K60JINZI4HG5B00ZAW", "tract_id": "06037297201", "city": "SAN PEDRO, CA", "zone_code": "RD2-1XL", "zone_category": "Residential", "ev_permitted": false}, "geometry": {"type": "Polygon", "coordinates": [[[-118.294372135803, 33.7220309516072], [-118.294371136571, 33.7223744819784], [-118.294502671595, 33.7223749294035], [-118.294503670192, 33.7220313715535], [-118.294372135803, 33.7220309516072]]]}}, {"type": "Feature", "properties": {"zone_id": "020037V9QFLKRYY12DJTLA", "tract_id": "06037297201", "city": "SAN PEDRO, CA", "zone_code": "RD2-1XL", "zone_category": "Residential", "ev_permitted": false}, "geometry": {"type": "Polygon", "coordinates": [[[-118.294240601415, 33.722030531517], [-118.294239601549, 33.7223740344095], [-118.294371136571, 33.7223744819784], [-118.294372135803, 33.7220309516072], [-118.294240601415, 33.722030531517]]]}}, {"type": "Feature", "properties": {"zone_id": "0205P23PZKIPFN4DJFY8B9", "tract_id": "06037297201", "city": "SAN PEDRO, CA", "zone_code": "RD2-1XL", "zone_category": "Residential", "ev_permitted": false}, "geometry": {"type": "Polygon", "coordinates": [[[-118.294109034049, 33.7220300838857], [-118.294108066624, 33.7223736141744], [-118.294239601549, 33.7223740344095], [-118.294240601415, 33.722030531517], [-118.294109034049, 33.7220300838857]]]}}, {"type": "Feature", "properties": {"zone_id": "0201IG54KDP877HQ0ZAJJH", "tract_id": "06037297201", "city": "SAN PEDRO, CA", "zone_code": "RD2-1XL", "zone_category": "Residential", "ev_permitted": false}, "geometry": {"type": "Polygon", "coordinates": [[[-118.293977499567, 33.7220296360302], [-118.293976531701, 33.7223731937954], [-118.294108066624, 33.7223736141744], [-118.294109034049, 33.7220300838857], [-118.293977499567, 33.7220296360302]]]}}, {"type": "Feature", "properties": {"zone_id": "0201UFFYR05UNKVLUAXVMD", "tract_id": "06037297201", "city": "SAN PEDRO, CA", "zone_code": "RD2-1XL", "zone_category": "Residential", "ev_permitted": false}, "geometry": {"type": "Polygon", "coordinates": [[[-118.293024300175, 33.7225348336333], [-118.293022771892, 33.7228508324993], [-118.293037797239, 33.7228784111265], [-118.293580447973, 33.7228801929877], [-118.293581417753, 33.7225367176328], [-118.293024300175, 33.7225348336333]]]}}, {"type": "Feature", "properties": {"zone_id": "02019PYFRQWU3UHOMNVZ0H", "tract_id": "06037297201", "city": "SAN PEDRO, CA", "zone_code": "R1-1XL", "zone_category": "Residential", "ev_permitted": false}, "geometry": {"type": "Polygon", "coordinates": [[[-118.293843350039, 33.7229360180398], [-118.293842382191, 33.7232797407154], [-118.293973918629, 33.7232801887188], [-118.293974918919, 33.7229364934392], [-118.293843350039, 33.7229360180398]]]}}, {"type": "Feature", "properties": {"zone_id": "0202DKWJZ52FAIAXSFD953", "tract_id": "06037297201", "city": "SAN PEDRO, CA", "zone_code": "R1-1XL", "zone_category": "Residential", "ev_permitted": false}, "geometry": {"type": "Polygon", "coordinates": [[[-118.293711814236, 33.7229355973713], [-118.293710845753, 33.7232792925683], [-118.293842382191, 33.7232797407154], [-118.293843350039, 33.7229360180398], [-118.293711814236, 33.7229355973713]]]}}, {"type": "Feature", "properties": {"zone_id": "0205D03H8S85DYB93RP5B6", "tract_id": "06037297201", "city": "SAN PEDRO, CA", "zone_code": "R1-1XL", "zone_category": "Residential", "ev_permitted": false}, "geometry": {"type": "Polygon", "coordinates": [[[-118.293580278339, 33.7229351490814], [-118.293579342201, 33.7232788441971], [-118.293710845753, 33.7232792925683], [-118.293711814236, 33.7229355973713], [-118.293580278339, 33.7229351490814]]]}}, {"type": "Feature", "properties": {"zone_id": "0203NP6MB6N78D6ATAT2B2", "tract_id": "06037297201", "city": "SAN PEDRO, CA", "zone_code": "R1-1XL", "zone_category": "Residential", "ev_permitted": false}, "geometry": {"type": "Polygon", "coordinates": [[[-118.293448742539, 33.7229347281253], [-118.293447772883, 33.7232783958425], [-118.293579342201, 33.7232788441971], [-118.293580278339, 33.7229351490814], [-118.293448742539, 33.7229347281253]]]}}, {"type": "Feature", "properties": {"zone_id": "0203CAHX85Y86PNVDGUQQV", "tract_id": "06037297201", "city": "SAN PEDRO, CA", "zone_code": "R1-1XL", "zone_category": "Residential", "ev_permitted": false}, "geometry": {"type": "Polygon", "coordinates": [[[-118.293317206644, 33.7229342795477], [-118.293316236546, 33.7232779747415], [-118.293447772883, 33.7232783958425], [-118.293448742539, 33.7229347281253], [-118.293317206644, 33.7229342795477]]]}}, {"type": "Feature", "properties": {"zone_id": "02035MI47KFFO1HJXGQ6NG", "tract_id": "06037297201", "city": "SAN PEDRO, CA", "zone_code": "R1-1XL", "zone_category": "Residential", "ev_permitted": false}, "geometry": {"type": "Polygon", "coordinates": [[[-118.293185670751, 33.7229338308263], [-118.293184667231, 33.7232775260992], [-118.293316236546, 33.7232779747415], [-118.293317206644, 33.7229342795477], [-118.293185670751, 33.7229338308263]]]}}, {"type": "Feature", "properties": {"zone_id": "0203ID6QTV0N93DKX04W9I", "tract_id": "06037297201", "city": "SAN PEDRO, CA", "zone_code": "RD2-1XL", "zone_category": "Residential", "ev_permitted": false}, "geometry": {"type": "Polygon", "coordinates": [[[-118.293844521089, 33.7225375865083], [-118.293843519597, 33.7228810894233], [-118.293975055412, 33.7228815374253], [-118.293976089248, 33.7225380344289], [-118.293844521089, 33.7225375865083]]]}}, {"type": "Feature", "properties": {"zone_id": "02073HXJI2XC78X95G53SH", "tract_id": "06037297201", "city": "SAN PEDRO, CA", "zone_code": "RD2-1XL", "zone_category": "Residential", "ev_permitted": false}, "geometry": {"type": "Polygon", "coordinates": [[[-118.293712985814, 33.7225371383636], [-118.293712016668, 33.7228806411971], [-118.293843519597, 33.7228810894233], [-118.293844521089, 33.7225375865083], [-118.293712985814, 33.7225371383636]]]}}, {"type": "Feature", "properties": {"zone_id": "02048K6MYCJ4CNSB8BSRI5", "tract_id": "06037297201", "city": "SAN PEDRO, CA", "zone_code": "RD2-1XL", "zone_category": "Residential", "ev_permitted": false}, "geometry": {"type": "Polygon", "coordinates": [[[-118.293581417753, 33.7225367176328], [-118.293580447973, 33.7228801929877], [-118.293712016668, 33.7228806411971], [-118.293712985814, 33.7225371383636], [-118.293581417753, 33.7225367176328]]]}}, {"type": "Feature", "properties": {"zone_id": "0205F4LI2ZK39EGYMOH5I0", "tract_id": "06037297201", "city": "SAN PEDRO, CA", "zone_code": "R1-1XL", "zone_category": "Residential", "ev_permitted": false}, "geometry": {"type": "Polygon", "coordinates": [[[-118.293022368918, 33.7229332669989], [-118.293020707158, 33.72327699135], [-118.293184667231, 33.7232775260992], [-118.293185670751, 33.7229338308263], [-118.293022368918, 33.7229332669989]]]}}, {"type": "Feature", "properties": {"zone_id": "02007SXIGFQMRIV74T9FDX", "tract_id": "06037297201", "city": "SAN PEDRO, CA", "zone_code": "RD1.5-1XL", "zone_category": "Residential", "ev_permitted": false}, "geometry": {"type": "Polygon", "coordinates": [[[-118.292529243919, 33.7229041316546], [-118.29252862229, 33.7230277834429], [-118.292956147298, 33.7230292435165], [-118.292956735415, 33.722905591806], [-118.292529243919, 33.7229041316546]]]}}, {"type": "Feature", "properties": {"zone_id": "0203AQJUTJBI8HGMVAL0FJ", "tract_id": "06037297201", "city": "SAN PEDRO, CA", "zone_code": "RD1.5-1XL", "zone_category": "Residential", "ev_permitted": false}, "geometry": {"type": "Polygon", "coordinates": [[[-118.29252862229, 33.7230277834429], [-118.292527412675, 33.7232753067672], [-118.29295490606, 33.7232767669253], [-118.292956147298, 33.7230292435165], [-118.29252862229, 33.7230277834429]]]}}, {"type": "Feature", "properties": {"zone_id": "0204KQMIGAPU4VC8OSD21C", "tract_id": "06037297201", "city": "SAN PEDRO, CA", "zone_code": "RD1.5-1XL", "zone_category": "Residential", "ev_permitted": false}, "geometry": {"type": "Polygon", "coordinates": [[[-118.292531043029, 33.7225331764631], [-118.292529832663, 33.7227804799485], [-118.292957356317, 33.7227819125401], [-118.292958532541, 33.7225346091305], [-118.292531043029, 33.7225331764631]]]}}, {"type": "Feature", "properties": {"zone_id": "0202I3SOVSLH8ZOJAHYQ7B", "tract_id": "06037297201", "city": "SAN PEDRO, CA", "zone_code": "RD1.5-1XL", "zone_category": "Residential", "ev_permitted": false}, "geometry": {"type": "Polygon", "coordinates": [[[-118.292529832663, 33.7227804799485], [-118.292529243919, 33.7229041316546], [-118.292956735415, 33.722905591806], [-118.292957356317, 33.7227819125401], [-118.292529832663, 33.7227804799485]]]}}, {"type": "Feature", "properties": {"zone_id": "02076R4S6ICOJWO3JS8UEZ", "tract_id": "06037297201", "city": "SAN PEDRO, CA", "zone_code": "RD2-1XL", "zone_category": "Residential", "ev_permitted": false}, "geometry": {"type": "Polygon", "coordinates": [[[-118.293319794489, 33.7220274496308], [-118.293318823741, 33.7223709524353], [-118.293976531701, 33.7223731937954], [-118.293977499567, 33.7220296360302], [-118.293319794489, 33.7220274496308]]]}}, {"type": "Feature", "properties": {"zone_id": "0203OAJWBGF16WW4ZK8D28", "tract_id": "06037297201", "city": "SAN PEDRO, CA", "zone_code": "RD2-1XL", "zone_category": "Residential", "ev_permitted": false}, "geometry": {"type": "Polygon", "coordinates": [[[-118.292928150731, 33.7220261507923], [-118.292926454857, 33.7223696278776], [-118.293318823741, 33.7223709524353], [-118.293319794489, 33.7220274496308], [-118.292928150731, 33.7220261507923]]]}}, {"type": "Feature", "properties": {"zone_id": "0203T61MQCSY78VBBM7Z6R", "tract_id": "06037297201", "city": "SAN PEDRO, CA", "zone_code": "RD1.5-1XL", "zone_category": "Residential", "ev_permitted": false}, "geometry": {"type": "Polygon", "coordinates": [[[-118.292533060195, 33.7221209765299], [-118.292532438577, 33.7222446283039], [-118.292861308489, 33.7222457515432], [-118.292861896644, 33.72212207237], [-118.292533060195, 33.7221209765299]]]}}, {"type": "Feature", "properties": {"zone_id": "02041LRGT6XIUC1BUR2YA5", "tract_id": "06037297201", "city": "SAN PEDRO, CA", "zone_code": "RD1.5-1XL", "zone_category": "Residential", "ev_permitted": false}, "geometry": {"type": "Polygon", "coordinates": [[[-118.292532438577, 33.7222446283039], [-118.292531882819, 33.7223683073979], [-118.292860687353, 33.7223694033213], [-118.292861308489, 33.7222457515432], [-118.292532438577, 33.7222446283039]]]}}, {"type": "Feature", "properties": {"zone_id": "02038SVXR5SOCEHI0XP97I", "tract_id": "06037297201", "city": "SAN PEDRO, CA", "zone_code": "RD1.5-1XL", "zone_category": "Residential", "ev_permitted": false}, "geometry": {"type": "Polygon", "coordinates": [[[-118.292533648928, 33.7219973248381], [-118.292533060195, 33.7221209765299], [-118.292861896644, 33.72212207237], [-118.292862484893, 33.7219984206766], [-118.292533648928, 33.7219973248381]]]}}, {"type": "Feature", "properties": {"zone_id": "02007593GQX8B0A1QP0VQX", "tract_id": "06037297201", "city": "SAN PEDRO, CA", "zone_code": "RD1.5-1XL", "zone_category": "Residential", "ev_permitted": false}, "geometry": {"type": "Polygon", "coordinates": [[[-118.292162944718, 33.7238374274273], [-118.292161245678, 33.7241809045937], [-118.292292783328, 33.7241812994801], [-118.29229448202, 33.7238378772671], [-118.292162944718, 33.7238374274273]]]}}, {"type": "Feature", "properties": {"zone_id": "0206VIBTOZ9JFYE0F21L5E", "tract_id": "06037297201", "city": "SAN PEDRO, CA", "zone_code": "RD1.5-1XL", "zone_category": "Residential", "ev_permitted": false}, "geometry": {"type": "Polygon", "coordinates": [[[-118.292031374532, 33.7238369775235], [-118.292029707839, 33.7241804546081], [-118.292161245678, 33.7241809045937], [-118.292162944718, 33.7238374274273], [-118.292031374532, 33.7238369775235]]]}}, {"type": "Feature", "properties": {"zone_id": "0207LYHD9IPA2NALP1TZM9", "tract_id": "06037297201", "city": "SAN PEDRO, CA", "zone_code": "R2-1XL", "zone_category": "Residential", "ev_permitted": false}, "geometry": {"type": "Polygon", "coordinates": [[[-118.292014294717, 33.7274653041723], [-118.292012693939, 33.7278088637129], [-118.29214417169, 33.7278093138769], [-118.292145771931, 33.7274657543346], [-118.292014294717, 33.7274653041723]]]}}, {"type": "Feature", "properties": {"zone_id": "02029SXDWFEQFJIU8QKAEC", "tract_id": "06037297201", "city": "SAN PEDRO, CA", "zone_code": "C2-1XL", "zone_category": "Commercial", "ev_permitted": true}, "geometry": {"type": "Polygon", "coordinates": [[[-118.292147641393, 33.7270672384443], [-118.292146074053, 33.7274107978868], [-118.292277551182, 33.7274112479051], [-118.292279183659, 33.7270676608235], [-118.292147641393, 33.7270672384443]]]}}, {"type": "Feature", "properties": {"zone_id": "02042JT5QOOQHSJGMAC693", "tract_id": "06037297201", "city": "SAN PEDRO, CA", "zone_code": "R2-1XL", "zone_category": "Residential", "ev_permitted": false}, "geometry": {"type": "Polygon", "coordinates": [[[-118.292016164708, 33.7270667608065], [-118.292014531155, 33.7274103478845], [-118.292146074053, 33.7274107978868], [-118.292147641393, 33.7270672384443], [-118.292016164708, 33.7270667608065]]]}}, {"type": "Feature", "properties": {"zone_id": "0204A887NEMN02KNANQYDY", "tract_id": "06037297201", "city": "SAN PEDRO, CA", "zone_code": "R2-1XL", "zone_category": "Residential", "ev_permitted": false}, "geometry": {"type": "Polygon", "coordinates": [[[-118.291884655235, 33.7270663105824], [-118.291883054029, 33.7274098975788], [-118.292014531155, 33.7274103478845], [-118.292016164708, 33.7270667608065], [-118.291884655235, 33.7270663105824]]]}}, {"type": "Feature", "properties": {"zone_id": "0200CYBFMJ9W7N7HVEMZQC", "tract_id": "06037297201", "city": "SAN PEDRO, CA", "zone_code": "R2-1XL", "zone_category": "Residential", "ev_permitted": false}, "geometry": {"type": "Polygon", "coordinates": [[[-118.291619797314, 33.7274639529827], [-118.291618194922, 33.7278075125179], [-118.291749672574, 33.7278079356355], [-118.291751307409, 33.7274644034964], [-118.291619797314, 33.7274639529827]]]}}, {"type": "Feature", "properties": {"zone_id": "0204EG5QG5EZK6HGTT6ADM", "tract_id": "06037297201", "city": "SAN PEDRO, CA", "zone_code": "R2-1XL", "zone_category": "Residential", "ev_permitted": false}, "geometry": {"type": "Polygon", "coordinates": [[[-118.291751307409, 33.7274644034964], [-118.291749672574, 33.7278079356355], [-118.291881183303, 33.7278084134849], [-118.29188278462, 33.7274648539461], [-118.291751307409, 33.7274644034964]]]}}, {"type": "Feature", "properties": {"zone_id": "02004VA0WCFR9KKA2BCJYV", "tract_id": "06037297201", "city": "SAN PEDRO, CA", "zone_code": "R2-1XL", "zone_category": "Residential", "ev_permitted": false}, "geometry": {"type": "Polygon", "coordinates": [[[-118.291488320011, 33.7274634747679], [-118.291486717176, 33.727807061779], [-118.291618194922, 33.7278075125179], [-118.291619797314, 33.7274639529827], [-118.291488320011, 33.7274634747679]]]}}, {"type": "Feature", "properties": {"zone_id": "02003E23YO56BC2DIM6PNW", "tract_id": "06037297201", "city": "SAN PEDRO, CA", "zone_code": "R2-1XL", "zone_category": "Residential", "ev_permitted": false}, "geometry": {"type": "Polygon", "coordinates": [[[-118.291356842804, 33.7274630238871], [-118.291355206451, 33.7278065834984], [-118.291486717176, 33.727807061779], [-118.291488320011, 33.7274634747679], [-118.291356842804, 33.7274630238871]]]}}, {"type": "Feature", "properties": {"zone_id": "0206M62KN3PQPJM1KZXK3Q", "tract_id": "06037297201", "city": "SAN PEDRO, CA", "zone_code": "R2-1XL", "zone_category": "Residential", "ev_permitted": false}, "geometry": {"type": "Polygon", "coordinates": [[[-118.291225299829, 33.7274625730218], [-118.291223728708, 33.7278061324721], [-118.291355206451, 33.7278065834984], [-118.291356842804, 33.7274630238871], [-118.291225299829, 33.7274625730218]]]}}, {"type": "Feature", "properties": {"zone_id": "0206LOGH524FHR7D3JELDF", "tract_id": "06037297201", "city": "SAN PEDRO, CA", "zone_code": "R2-1XL", "zone_category": "Residential", "ev_permitted": false}, "geometry": {"type": "Polygon", "coordinates": [[[-118.291490159708, 33.7270649589678], [-118.291488589678, 33.7274085184016], [-118.291620066896, 33.727408996616], [-118.291621636292, 33.7270654097028], [-118.291490159708, 33.7270649589678]]]}}, {"type": "Feature", "properties": {"zone_id": "0203SCG4X09J0HQZDXPVAJ", "tract_id": "06037297201", "city": "SAN PEDRO, CA", "zone_code": "R2-1XL", "zone_category": "Residential", "ev_permitted": false}, "geometry": {"type": "Polygon", "coordinates": [[[-118.291753145763, 33.7270658602145], [-118.291751577, 33.727409474607], [-118.291883054029, 33.7274098975788], [-118.291884655235, 33.7270663105824], [-118.291753145763, 33.7270658602145]]]}}, {"type": "Feature", "properties": {"zone_id": "02019QY3U0ZAIW2BXCZJ3Z", "tract_id": "06037297201", "city": "SAN PEDRO, CA", "zone_code": "R2-1XL", "zone_category": "Residential", "ev_permitted": false}, "geometry": {"type": "Polygon", "coordinates": [[[-118.291621636292, 33.7270654097028], [-118.291620066896, 33.727408996616], [-118.291751577, 33.727409474607], [-118.291753145763, 33.7270658602145], [-118.291621636292, 33.7270654097028]]]}}, {"type": "Feature", "properties": {"zone_id": "02063J7VXA4XWI9D8SYC6F", "tract_id": "06037297201", "city": "SAN PEDRO, CA", "zone_code": "R2-1XL", "zone_category": "Residential", "ev_permitted": false}, "geometry": {"type": "Polygon", "coordinates": [[[-118.291227173659, 33.7270640571461], [-118.291225569668, 33.727407616656], [-118.291357079672, 33.7274080676007], [-118.291358683125, 33.727064508089], [-118.291227173659, 33.7270640571461]]]}}, {"type": "Feature", "properties": {"zone_id": "02062EXA8U8ORR600DTMD7", "tract_id": "06037297201", "city": "SAN PEDRO, CA", "zone_code": "R2-1XL", "zone_category": "Residential", "ev_permitted": false}, "geometry": {"type": "Polygon", "coordinates": [[[-118.291358683125, 33.727064508089], [-118.291357079672, 33.7274080676007], [-118.291488589678, 33.7274085184016], [-118.291490159708, 33.7270649589678], [-118.291358683125, 33.727064508089]]]}}, {"type": "Feature", "properties": {"zone_id": "0202ZD8WTW6R4DKOVT8H00", "tract_id": "06037297201", "city": "SAN PEDRO, CA", "zone_code": "R2-1XL", "zone_category": "Residential", "ev_permitted": false}, "geometry": {"type": "Polygon", "coordinates": [[[-118.292150081613, 33.7265586449093], [-118.292148449001, 33.7269023418741], [-118.292279958219, 33.7269027918098], [-118.292281557409, 33.7265590949231], [-118.292150081613, 33.7265586449093]]]}}, {"type": "Feature", "properties": {"zone_id": "0205BGIDMFTGAO7MEXL13F", "tract_id": "06037297201", "city": "SAN PEDRO, CA", "zone_code": "R2-1XL", "zone_category": "Residential", "ev_permitted": false}, "geometry": {"type": "Polygon", "coordinates": [[[-118.292018572839, 33.726558167354], [-118.292016939784, 33.7269018917946], [-118.292148449001, 33.7269023418741], [-118.292150081613, 33.7265586449093], [-118.292018572839, 33.726558167354]]]}}, {"type": "Feature", "properties": {"zone_id": "0204JOPIE3MLX7RTWSOSAH", "tract_id": "06037297201", "city": "SAN PEDRO, CA", "zone_code": "R2-1XL", "zone_category": "Residential", "ev_permitted": false}, "geometry": {"type": "Polygon", "coordinates": [[[-118.291887064258, 33.7265577446102], [-118.291885463454, 33.7269014414915], [-118.292016939784, 33.7269018917946], [-118.292018572839, 33.726558167354], [-118.291887064258, 33.7265577446102]]]}}, {"type": "Feature", "properties": {"zone_id": "0206WKXRFJF0P95Y60BTD4", "tract_id": "06037297201", "city": "SAN PEDRO, CA", "zone_code": "R2-1XL", "zone_category": "Residential", "ev_permitted": false}, "geometry": {"type": "Polygon", "coordinates": [[[-118.291755588467, 33.7265572941652], [-118.29175395424, 33.7269009911246], [-118.291885463454, 33.7269014414915], [-118.291887064258, 33.7265577446102], [-118.291755588467, 33.7265572941652]]]}}, {"type": "Feature", "properties": {"zone_id": "0204GAZJFXQ1YIS36UXXLY", "tract_id": "06037297201", "city": "SAN PEDRO, CA", "zone_code": "R2-1XL", "zone_category": "Residential", "ev_permitted": false}, "geometry": {"type": "Polygon", "coordinates": [[[-118.29149257112, 33.7265563930036], [-118.291490968701, 33.7269000898796], [-118.291622445028, 33.7269005406138], [-118.291624079793, 33.7265568436563], [-118.29149257112, 33.7265563930036]]]}}, {"type": "Feature", "properties": {"zone_id": "0203DGKSYSEKF9SNOEBX52", "tract_id": "06037297201", "city": "SAN PEDRO, CA", "zone_code": "R2-1XL", "zone_category": "Residential", "ev_permitted": false}, "geometry": {"type": "Polygon", "coordinates": [[[-118.291624079793, 33.7265568436563], [-118.291622445028, 33.7269005406138], [-118.29175395424, 33.7269009911246], [-118.291755588467, 33.7265572941652], [-118.291624079793, 33.7265568436563]]]}}, {"type": "Feature", "properties": {"zone_id": "0201P1IYOHS2PBGX7GR9K7", "tract_id": "06037297201", "city": "SAN PEDRO, CA", "zone_code": "R2-1XL", "zone_category": "Residential", "ev_permitted": false}, "geometry": {"type": "Polygon", "coordinates": [[[-118.291361095238, 33.7265559146498], [-118.291359459492, 33.7268996390813], [-118.291490968701, 33.7269000898796], [-118.29149257112, 33.7265563930036], [-118.291361095238, 33.7265559146498]]]}}, {"type": "Feature", "properties": {"zone_id": "0206A2SEPGECZIKFPWIELF", "tract_id": "06037297201", "city": "SAN PEDRO, CA", "zone_code": "R2-1XL", "zone_category": "Residential", "ev_permitted": false}, "geometry": {"type": "Polygon", "coordinates": [[[-118.291229586568, 33.7265554637096], [-118.291227983073, 33.7268991605821], [-118.291359459492, 33.7268996390813], [-118.291361095238, 33.7265559146498], [-118.291229586568, 33.7265554637096]]]}}, {"type": "Feature", "properties": {"zone_id": "0206NR2Y9HPYUZ78HQKW8C", "tract_id": "06037297201", "city": "SAN PEDRO, CA", "zone_code": "R2-1XL", "zone_category": "Residential", "ev_permitted": false}, "geometry": {"type": "Polygon", "coordinates": [[[-118.291093822625, 33.7274621218535], [-118.291092218081, 33.7278056813817], [-118.291223728708, 33.7278061324721], [-118.291225299829, 33.7274625730218], [-118.291093822625, 33.7274621218535]]]}}, {"type": "Feature", "properties": {"zone_id": "0202G22SGM1NVQZHOHF34N", "tract_id": "06037297201", "city": "SAN PEDRO, CA", "zone_code": "R2-1XL", "zone_category": "Residential", "ev_permitted": false}, "geometry": {"type": "Polygon", "coordinates": [[[-118.290962345422, 33.7274616705416], [-118.290960740341, 33.7278052300679], [-118.291092218081, 33.7278056813817], [-118.291093822625, 33.7274621218535], [-118.290962345422, 33.7274616705416]]]}}, {"type": "Feature", "properties": {"zone_id": "0206J2DUVLQ1THFUGSAHJQ", "tract_id": "06037297201", "city": "SAN PEDRO, CA", "zone_code": "R2-1XL", "zone_category": "Residential", "ev_permitted": false}, "geometry": {"type": "Polygon", "coordinates": [[[-118.290830835336, 33.7274612191654], [-118.290829229717, 33.72780477869], [-118.290960740341, 33.7278052300679], [-118.290962345422, 33.7274616705416], [-118.290830835336, 33.7274612191654]]]}}, {"type": "Feature", "properties": {"zone_id": "0200WURSDSOZMMSZBF7GG1", "tract_id": "06037297201", "city": "SAN PEDRO, CA", "zone_code": "R2-1XL", "zone_category": "Residential", "ev_permitted": false}, "geometry": {"type": "Polygon", "coordinates": [[[-118.290699325157, 33.7274607401678], [-118.29069775198, 33.7278043270888], [-118.290829229717, 33.72780477869], [-118.290830835336, 33.7274612191654], [-118.290699325157, 33.7274607401678]]]}}, {"type": "Feature", "properties": {"zone_id": "02005ZK8OXTME2HBA5E2K3", "tract_id": "06037297201", "city": "SAN PEDRO, CA", "zone_code": "R2-1XL", "zone_category": "Residential", "ev_permitted": false}, "geometry": {"type": "Polygon", "coordinates": [[[-118.290832678058, 33.7270626758978], [-118.290831105434, 33.7274062628005], [-118.290962582549, 33.7274067142559], [-118.29096418752, 33.7270631272719], [-118.290832678058, 33.7270626758978]]]}}, {"type": "Feature", "properties": {"zone_id": "0203R6HPBEALKHLHFNTWFS", "tract_id": "06037297201", "city": "SAN PEDRO, CA", "zone_code": "R2-1XL", "zone_category": "Residential", "ev_permitted": false}, "geometry": {"type": "Polygon", "coordinates": [[[-118.29096418752, 33.7270631272719], [-118.290962582549, 33.7274067142559], [-118.29109409255, 33.7274071654881], [-118.291095697079, 33.7270636059799], [-118.29096418752, 33.7270631272719]]]}}, {"type": "Feature", "properties": {"zone_id": "0206VXEISMDL96GQZB4GVT", "tract_id": "06037297201", "city": "SAN PEDRO, CA", "zone_code": "R2-1XL", "zone_category": "Residential", "ev_permitted": false}, "geometry": {"type": "Polygon", "coordinates": [[[-118.291095697079, 33.7270636059799], [-118.29109409255, 33.7274071654881], [-118.291225569668, 33.727407616656], [-118.291227173659, 33.7270640571461], [-118.291095697079, 33.7270636059799]]]}}, {"type": "Feature", "properties": {"zone_id": "0200T1XR9L3IZLQ8MC7UKY", "tract_id": "06037297201", "city": "SAN PEDRO, CA", "zone_code": "R2-1XL", "zone_category": "Residential", "ev_permitted": false}, "geometry": {"type": "Polygon", "coordinates": [[[-118.290701201482, 33.7270622243004], [-118.29069959534, 33.7274057838032], [-118.290831105434, 33.7274062628005], [-118.290832678058, 33.7270626758978], [-118.290701201482, 33.7270622243004]]]}}, {"type": "Feature", "properties": {"zone_id": "0202VMWLF5BNHNLZH23TUM", "tract_id": "06037297201", "city": "SAN PEDRO, CA", "zone_code": "R2-1XL", "zone_category": "Residential", "ev_permitted": false}, "geometry": {"type": "Polygon", "coordinates": [[[-118.290304831477, 33.7274319068015], [-118.290304239519, 33.7275555860589], [-118.290633163083, 33.7275567153115], [-118.290633688786, 33.7274330362114], [-118.290304831477, 33.7274319068015]]]}}, {"type": "Feature", "properties": {"zone_id": "02070LR4CGZ3RPKU5AI1VQ", "tract_id": "06037297201", "city": "SAN PEDRO, CA", "zone_code": "R2-1XL", "zone_category": "Residential", "ev_permitted": false}, "geometry": {"type": "Polygon", "coordinates": [[[-118.290304239519, 33.7275555860589], [-118.290303680445, 33.7276792652391], [-118.290632538723, 33.7276803946521], [-118.290633163083, 33.7275567153115], [-118.290304239519, 33.7275555860589]]]}}, {"type": "Feature", "properties": {"zone_id": "0202MJSAT8WH353G3SHM8D", "tract_id": "06037297201", "city": "SAN PEDRO, CA", "zone_code": "R2-1XL", "zone_category": "Residential", "ev_permitted": false}, "geometry": {"type": "Polygon", "coordinates": [[[-118.290303680445, 33.7276792652391], [-118.290303088484, 33.7278029445009], [-118.290631980131, 33.7278040738361], [-118.290632538723, 33.7276803946521], [-118.290303680445, 33.7276792652391]]]}}, {"type": "Feature", "properties": {"zone_id": "0205FFZ1ZOJYQCKGN9MA6Y", "tract_id": "06037297201", "city": "SAN PEDRO, CA", "zone_code": "R2-1XL", "zone_category": "Residential", "ev_permitted": false}, "geometry": {"type": "Polygon", "coordinates": [[[-118.289942985993, 33.7274581415146], [-118.289941376647, 33.7278016735495], [-118.290072887357, 33.7278021533758], [-118.29007449607, 33.7274585938614], [-118.289942985993, 33.7274581415146]]]}}, {"type": "Feature", "properties": {"zone_id": "0203V9DBGTBABG3Q116Q29", "tract_id": "06037297201", "city": "SAN PEDRO, CA", "zone_code": "R2-1XL", "zone_category": "Residential", "ev_permitted": false}, "geometry": {"type": "Polygon", "coordinates": [[[-118.289811442938, 33.7274576616257], [-118.289809866034, 33.7278012210572], [-118.289941376647, 33.7278016735495], [-118.289942985993, 33.7274581415146], [-118.289811442938, 33.7274576616257]]]}}, {"type": "Feature", "properties": {"zone_id": "02008N9JX5S095EDHIIYLC", "tract_id": "06037297201", "city": "SAN PEDRO, CA", "zone_code": "R2-1XL", "zone_category": "Residential", "ev_permitted": false}, "geometry": {"type": "Polygon", "coordinates": [[[-118.290305982502, 33.7271845483729], [-118.290305390548, 33.7273082276258], [-118.290634280257, 33.7273093569546], [-118.290634838842, 33.7271856777796], [-118.290305982502, 33.7271845483729]]]}}, {"type": "Feature", "properties": {"zone_id": "0204DYPT6LRP10Z0WR26R9", "tract_id": "06037297201", "city": "SAN PEDRO, CA", "zone_code": "R2-1XL", "zone_category": "Residential", "ev_permitted": false}, "geometry": {"type": "Polygon", "coordinates": [[[-118.290305390548, 33.7273082276258], [-118.290304831477, 33.7274319068015], [-118.290633688786, 33.7274330362114], [-118.290634280257, 33.7273093569546], [-118.290305390548, 33.7273082276258]]]}}, {"type": "Feature", "properties": {"zone_id": "0206NAGWRE8Y5UMU5XR8T9", "tract_id": "06037297201", "city": "SAN PEDRO, CA", "zone_code": "R2-1XL", "zone_category": "Residential", "ev_permitted": false}, "geometry": {"type": "Polygon", "coordinates": [[[-118.28981315077, 33.7270948673983], [-118.289811713703, 33.7274027052631], [-118.289943223692, 33.7274031577534], [-118.289944660277, 33.7270953198869], [-118.28981315077, 33.7270948673983]]]}}, {"type": "Feature", "properties": {"zone_id": "02016GP8LNNB30JRQ835XW", "tract_id": "06037297201", "city": "SAN PEDRO, CA", "zone_code": "R2-1XL", "zone_category": "Residential", "ev_permitted": false}, "geometry": {"type": "Polygon", "coordinates": [[[-118.289944660277, 33.7270953198869], [-118.289943223692, 33.7274031577534], [-118.290074733777, 33.7274036375775], [-118.29007616988, 33.7270957997095], [-118.289944660277, 33.7270953198869]]]}}, {"type": "Feature", "properties": {"zone_id": "02079H2YCFEUUX9PCPZVU6", "tract_id": "06037297201", "city": "SAN PEDRO, CA", "zone_code": "R2-1XL", "zone_category": "Residential", "ev_permitted": false}, "geometry": {"type": "Polygon", "coordinates": [[[-118.291098077899, 33.7265550126256], [-118.291096473866, 33.7268987094964], [-118.291227983073, 33.7268991605821], [-118.291229586568, 33.7265554637096], [-118.291098077899, 33.7265550126256]]]}}, {"type": "Feature", "properties": {"zone_id": "0207JL9AI7I52Y2P4DAHEN", "tract_id": "06037297201", "city": "SAN PEDRO, CA", "zone_code": "R2-1XL", "zone_category": "Residential", "ev_permitted": false}, "geometry": {"type": "Polygon", "coordinates": [[[-118.290966569232, 33.7265545613979], [-118.290964964661, 33.7268982582668], [-118.291096473866, 33.7268987094964], [-118.291098077899, 33.7265550126256], [-118.290966569232, 33.7265545613979]]]}}, {"type": "Feature", "properties": {"zone_id": "0201M22S73QZRCACTQ1F23", "tract_id": "06037297201", "city": "SAN PEDRO, CA", "zone_code": "R2-1XL", "zone_category": "Residential", "ev_permitted": false}, "geometry": {"type": "Polygon", "coordinates": [[[-118.290835060566, 33.7265541100264], [-118.290833455457, 33.7268978068936], [-118.290964964661, 33.7268982582668], [-118.290966569232, 33.7265545613979], [-118.290835060566, 33.7265541100264]]]}}, {"type": "Feature", "properties": {"zone_id": "0200ARD207M9WINO78YF4U", "tract_id": "06037297201", "city": "SAN PEDRO, CA", "zone_code": "R2-1XL", "zone_category": "Residential", "ev_permitted": false}, "geometry": {"type": "Polygon", "coordinates": [[[-118.290703551902, 33.7265536585112], [-118.290701946255, 33.7268973553765], [-118.290833455457, 33.7268978068936], [-118.290835060566, 33.7265541100264], [-118.290703551902, 33.7265536585112]]]}}, {"type": "Feature", "properties": {"zone_id": "0205LHNVHLRMD8ANY9DHMP", "tract_id": "06037297201", "city": "SAN PEDRO, CA", "zone_code": "R2-1XL", "zone_category": "Residential", "ev_permitted": false}, "geometry": {"type": "Polygon", "coordinates": [[[-118.290306541569, 33.7270608692016], [-118.290305982502, 33.7271845483729], [-118.290634838842, 33.7271856777796], [-118.29063543031, 33.7270619985272], [-118.290306541569, 33.7270608692016]]]}}, {"type": "Feature", "properties": {"zone_id": "0204MXFYD7WIQGFLXFRPF2", "tract_id": "06037297201", "city": "SAN PEDRO, CA", "zone_code": "R2-1XL", "zone_category": "Residential", "ev_permitted": false}, "geometry": {"type": "Polygon", "coordinates": [[[-118.290307878875, 33.7267722660796], [-118.290307320096, 33.7268960276785], [-118.290636175212, 33.7268971296038], [-118.290636766486, 33.7267733954015], [-118.290307878875, 33.7267722660796]]]}}, {"type": "Feature", "properties": {"zone_id": "02055VKY133CKB0Y74IKWG", "tract_id": "06037297201", "city": "SAN PEDRO, CA", "zone_code": "R2-1XL", "zone_category": "Residential", "ev_permitted": false}, "geometry": {"type": "Polygon", "coordinates": [[[-118.290308470726, 33.7266485593588], [-118.290307878875, 33.7267722660796], [-118.290636766486, 33.7267733954015], [-118.290637324968, 33.7266496887585], [-118.290308470726, 33.7266485593588]]]}}, {"type": "Feature", "properties": {"zone_id": "020368OI012W4XH3QW9T8O", "tract_id": "06037297201", "city": "SAN PEDRO, CA", "zone_code": "RD2-1XL", "zone_category": "Residential", "ev_permitted": false}, "geometry": {"type": "Polygon", "coordinates": [[[-118.289749385651, 33.7266466373952], [-118.289748825861, 33.726770344034], [-118.290077680572, 33.7267714749637], [-118.290078272763, 33.7266477682441], [-118.289749385651, 33.7266466373952]]]}}, {"type": "Feature", "properties": {"zone_id": "0205TOMQ05L1FO07WM9JE7", "tract_id": "06037297201", "city": "SAN PEDRO, CA", "zone_code": "RD2-1XL", "zone_category": "Residential", "ev_permitted": false}, "geometry": {"type": "Polygon", "coordinates": [[[-118.289748825861, 33.726770344034], [-118.289748233184, 33.7268940507543], [-118.290077121264, 33.7268951816063], [-118.290077680572, 33.7267714749637], [-118.289748825861, 33.726770344034]]]}}, {"type": "Feature", "properties": {"zone_id": "02057WQPTE8QX07FIKN4N6", "tract_id": "06037297201", "city": "SAN PEDRO, CA", "zone_code": "RD2-1XL", "zone_category": "Residential", "ev_permitted": false}, "geometry": {"type": "Polygon", "coordinates": [[[-118.294224838606, 33.7261670574099], [-118.294223181702, 33.7265107819411], [-118.294354854742, 33.7265112292064], [-118.294356478222, 33.7261675047538], [-118.294224838606, 33.7261670574099]]]}}, {"type": "Feature", "properties": {"zone_id": "020150FYMT5KQXQP2OGG18", "tract_id": "06037297201", "city": "SAN PEDRO, CA", "zone_code": "RD2-1XL", "zone_category": "Residential", "ev_permitted": false}, "geometry": {"type": "Polygon", "coordinates": [[[-118.294356478222, 33.7261675047538], [-118.294354854742, 33.7265112292064], [-118.294486494898, 33.726511676408], [-118.294488150724, 33.7261679518732], [-118.294356478222, 33.7261675047538]]]}}, {"type": "Feature", "properties": {"zone_id": "020147Y849NAYVM3Y5A5XO", "tract_id": "06037297201", "city": "SAN PEDRO, CA", "zone_code": "RD2-1XL", "zone_category": "Residential", "ev_permitted": false}, "geometry": {"type": "Polygon", "coordinates": [[[-118.293961526397, 33.7261661348927], [-118.293959901397, 33.7265098868175], [-118.294091541453, 33.7265103069736], [-118.294093198991, 33.726166609922], [-118.293961526397, 33.7261661348927]]]}}, {"type": "Feature", "properties": {"zone_id": "0206ZGBHEUP4FZGS4GRCPN", "tract_id": "06037297201", "city": "SAN PEDRO, CA", "zone_code": "RD2-1XL", "zone_category": "Residential", "ev_permitted": false}, "geometry": {"type": "Polygon", "coordinates": [[[-118.294093198991, 33.726166609922], [-118.294091541453, 33.7265103069736], [-118.294223181702, 33.7265107819411], [-118.294224838606, 33.7261670574099], [-118.294093198991, 33.726166609922]]]}}, {"type": "Feature", "properties": {"zone_id": "0205GXD1AYHI3LTTSZVYWE", "tract_id": "06037297201", "city": "SAN PEDRO, CA", "zone_code": "RD2-1XL", "zone_category": "Residential", "ev_permitted": false}, "geometry": {"type": "Polygon", "coordinates": [[[-118.294358937636, 33.7256588287279], [-118.294357281484, 33.7260026081905], [-118.294488953727, 33.7260030553089], [-118.294490576456, 33.725659275925], [-118.294358937636, 33.7256588287279]]]}}, {"type": "Feature", "properties": {"zone_id": "02072OV2X8Y99UPR4YYOX3", "tract_id": "06037297201", "city": "SAN PEDRO, CA", "zone_code": "RD2-1XL", "zone_category": "Residential", "ev_permitted": false}, "geometry": {"type": "Polygon", "coordinates": [[[-118.29396392253, 33.7256574865132], [-118.293962264762, 33.7260012659704], [-118.294357281484, 33.7260026081905], [-118.294358937636, 33.7256588287279], [-118.29396392253, 33.7256574865132]]]}}, {"type": "Feature", "properties": {"zone_id": "0201GO4850VJN9VKX374GG", "tract_id": "06037297201", "city": "SAN PEDRO, CA", "zone_code": "RD2-1XL", "zone_category": "Residential", "ev_permitted": false}, "geometry": {"type": "Polygon", "coordinates": [[[-118.293698247271, 33.7261652666741], [-118.293696588116, 33.7265089637203], [-118.293828228265, 33.7265094116422], [-118.293829886881, 33.7261657145942], [-118.293698247271, 33.7261652666741]]]}}, {"type": "Feature", "properties": {"zone_id": "0207KB964YD7S8K9ZUURJT", "tract_id": "06037297201", "city": "SAN PEDRO, CA", "zone_code": "RD2-1XL", "zone_category": "Residential", "ev_permitted": false}, "geometry": {"type": "Polygon", "coordinates": [[[-118.293566574777, 33.7261648186901], [-118.293564947968, 33.7265085156542], [-118.293696588116, 33.7265089637203], [-118.293698247271, 33.7261652666741], [-118.293566574777, 33.7261648186901]]]}}, {"type": "Feature", "properties": {"zone_id": "02020917I6HCON2QBLS7UE", "tract_id": "06037297201", "city": "SAN PEDRO, CA", "zone_code": "RD2-1XL", "zone_category": "Residential", "ev_permitted": false}, "geometry": {"type": "Polygon", "coordinates": [[[-118.293829886881, 33.7261657145942], [-118.293828228265, 33.7265094116422], [-118.293959901397, 33.7265098868175], [-118.293961526397, 33.7261661348927], [-118.293829886881, 33.7261657145942]]]}}, {"type": "Feature", "properties": {"zone_id": "0202DVAKF1KG7DE4YC6K9M", "tract_id": "06037297201", "city": "SAN PEDRO, CA", "zone_code": "RD2-1XL", "zone_category": "Residential", "ev_permitted": false}, "geometry": {"type": "Polygon", "coordinates": [[[-118.293434935169, 33.7261643704818], [-118.293433274937, 33.7265080675244], [-118.293564947968, 33.7265085156542], [-118.293566574777, 33.7261648186901], [-118.293434935169, 33.7261643704818]]]}}, {"type": "Feature", "properties": {"zone_id": "0202K0H5Z5MQRCCOI4RCTH", "tract_id": "06037297201", "city": "SAN PEDRO, CA", "zone_code": "RD2-1XL", "zone_category": "Residential", "ev_permitted": false}, "geometry": {"type": "Polygon", "coordinates": [[[-118.293303295563, 33.7261639221295], [-118.293301634792, 33.7265076191702], [-118.293433274937, 33.7265080675244], [-118.293434935169, 33.7261643704818], [-118.293303295563, 33.7261639221295]]]}}, {"type": "Feature", "properties": {"zone_id": "02037ALY31CCLBVAH5NDGL", "tract_id": "06037297201", "city": "SAN PEDRO, CA", "zone_code": "RD2-1XL", "zone_category": "Residential", "ev_permitted": false}, "geometry": {"type": "Polygon", "coordinates": [[[-118.293171623073, 33.7261634737133], [-118.293169994649, 33.726507170672], [-118.293301634792, 33.7265076191702], [-118.293303295563, 33.7261639221295], [-118.293171623073, 33.7261634737133]]]}}, {"type": "Feature", "properties": {"zone_id": "0202K6CXU49NUC12J1BNGK", "tract_id": "06037297201", "city": "SAN PEDRO, CA", "zone_code": "RD1.5-1XL", "zone_category": "Residential", "ev_permitted": false}, "geometry": {"type": "Polygon", "coordinates": [[[-118.292511922628, 33.7265324310386], [-118.292511334023, 33.7266561377681], [-118.292840188323, 33.7266572611459], [-118.292840776349, 33.7265335269371], [-118.292511922628, 33.7265324310386]]]}}, {"type": "Feature", "properties": {"zone_id": "0206MKBW8HQSVJ1HFGE0VP", "tract_id": "06037297201", "city": "SAN PEDRO, CA", "zone_code": "RD1.5-1XL", "zone_category": "Residential", "ev_permitted": false}, "geometry": {"type": "Polygon", "coordinates": [[[-118.292513066758, 33.726284962711], [-118.292512478251, 33.7264086969136], [-118.292841397353, 33.7264098201282], [-118.29284195249, 33.726286086004], [-118.292513066758, 33.726284962711]]]}}, {"type": "Feature", "properties": {"zone_id": "0207BWR6NVCH6UHZZK9ZJK", "tract_id": "06037297201", "city": "SAN PEDRO, CA", "zone_code": "RD1.5-1XL", "zone_category": "Residential", "ev_permitted": false}, "geometry": {"type": "Polygon", "coordinates": [[[-118.292512478251, 33.7264086969136], [-118.292511922628, 33.7265324310386], [-118.292840776349, 33.7265335269371], [-118.292841397353, 33.7264098201282], [-118.292512478251, 33.7264086969136]]]}}, {"type": "Feature", "properties": {"zone_id": "0200KMPLJQ31PFN1BIUUI8", "tract_id": "06037297201", "city": "SAN PEDRO, CA", "zone_code": "RD2-1XL", "zone_category": "Residential", "ev_permitted": false}, "geometry": {"type": "Polygon", "coordinates": [[[-118.29303998347, 33.7261630250728], [-118.293038321622, 33.7265067221098], [-118.293169994649, 33.726507170672], [-118.293171623073, 33.7261634737133], [-118.29303998347, 33.7261630250728]]]}}, {"type": "Feature", "properties": {"zone_id": "0204W0KBZCZFJB8OYM5JYI", "tract_id": "06037297201", "city": "SAN PEDRO, CA", "zone_code": "RD2-1XL", "zone_category": "Residential", "ev_permitted": false}, "geometry": {"type": "Polygon", "coordinates": [[[-118.292908278099, 33.7261625764484], [-118.292906681385, 33.7265062458458], [-118.293038321622, 33.7265067221098], [-118.29303998347, 33.7261630250728], [-118.292908278099, 33.7261625764484]]]}}, {"type": "Feature", "properties": {"zone_id": "0206PI4UYT434LO0C049IB", "tract_id": "06037297201", "city": "SAN PEDRO, CA", "zone_code": "RD1.5-1XL", "zone_category": "Residential", "ev_permitted": false}, "geometry": {"type": "Polygon", "coordinates": [[[-118.292513655262, 33.7261612285106], [-118.292513066758, 33.726284962711], [-118.29284195249, 33.726286086004], [-118.292842507625, 33.726162351882], [-118.292513655262, 33.7261612285106]]]}}, {"type": "Feature", "properties": {"zone_id": "0200FZSMV3AK1R6KITXDH6", "tract_id": "06037297201", "city": "SAN PEDRO, CA", "zone_code": "RD2-1XL", "zone_category": "Residential", "ev_permitted": false}, "geometry": {"type": "Polygon", "coordinates": [[[-118.293832283716, 33.7256570387399], [-118.293830658293, 33.7260008181148], [-118.293962264762, 33.7260012659704], [-118.29396392253, 33.7256574865132], [-118.293832283716, 33.7256570387399]]]}}, {"type": "Feature", "properties": {"zone_id": "0207AZJDEAUB4E7CWJP8X0", "tract_id": "06037297201", "city": "SAN PEDRO, CA", "zone_code": "RD2-1XL", "zone_category": "Residential", "ev_permitted": false}, "geometry": {"type": "Polygon", "coordinates": [[[-118.293700612018, 33.7256565909026], [-118.293698986152, 33.7260003977534], [-118.293830658293, 33.7260008181148], [-118.293832283716, 33.7256570387399], [-118.293700612018, 33.7256565909026]]]}}, {"type": "Feature", "properties": {"zone_id": "0206JSFHX93WIXTJTJBYQT", "tract_id": "06037297201", "city": "SAN PEDRO, CA", "zone_code": "RD2-1XL", "zone_category": "Residential", "ev_permitted": false}, "geometry": {"type": "Polygon", "coordinates": [[[-118.293568973206, 33.725656142841], [-118.293567313917, 33.7259999497702], [-118.293698986152, 33.7260003977534], [-118.293700612018, 33.7256565909026], [-118.293568973206, 33.725656142841]]]}}, {"type": "Feature", "properties": {"zone_id": "02006TNYZPO38XYH5YFPMB", "tract_id": "06037297201", "city": "SAN PEDRO, CA", "zone_code": "RD2-1XL", "zone_category": "Residential", "ev_permitted": false}, "geometry": {"type": "Polygon", "coordinates": [[[-118.293437334396, 33.7256556946355], [-118.293435674568, 33.7259995015628], [-118.293567313917, 33.7259999497702], [-118.293568973206, 33.725656142841], [-118.293437334396, 33.7256556946355]]]}}, {"type": "Feature", "properties": {"zone_id": "02004U0LG4YKH706IIYWRU", "tract_id": "06037297201", "city": "SAN PEDRO, CA", "zone_code": "RD2-1XL", "zone_category": "Residential", "ev_permitted": false}, "geometry": {"type": "Polygon", "coordinates": [[[-118.293305695586, 33.7256552462857], [-118.29330403522, 33.7259990532113], [-118.293435674568, 33.7259995015628], [-118.293437334396, 33.7256556946355], [-118.293305695586, 33.7256552462857]]]}}, {"type": "Feature", "properties": {"zone_id": "0205FVKV238DBB5AG2YY07", "tract_id": "06037297201", "city": "SAN PEDRO, CA", "zone_code": "RD2-1XL", "zone_category": "Residential", "ev_permitted": false}, "geometry": {"type": "Polygon", "coordinates": [[[-118.293174023895, 33.7256547978722], [-118.293172362989, 33.7259986047959], [-118.29330403522, 33.7259990532113], [-118.293305695586, 33.7256552462857], [-118.293174023895, 33.7256547978722]]]}}, {"type": "Feature", "properties": {"zone_id": "0202ZRUKBBVWQ2S9ZWL3HQ", "tract_id": "06037297201", "city": "SAN PEDRO, CA", "zone_code": "RD2-1XL", "zone_category": "Residential", "ev_permitted": false}, "geometry": {"type": "Polygon", "coordinates": [[[-118.293042385088, 33.7256543492343], [-118.293040723644, 33.7259981561562], [-118.293172362989, 33.7259986047959], [-118.293174023895, 33.7256547978722], [-118.293042385088, 33.7256543492343]]]}}, {"type": "Feature", "properties": {"zone_id": "02028ZSSOLX49JVVWJDDNP", "tract_id": "06037297201", "city": "SAN PEDRO, CA", "zone_code": "RD2-1XL", "zone_category": "Residential", "ev_permitted": false}, "geometry": {"type": "Polygon", "coordinates": [[[-118.292910680515, 33.7256539006126], [-118.2929090843, 33.7259977073725], [-118.293040723644, 33.7259981561562], [-118.293042385088, 33.7256543492343], [-118.292910680515, 33.7256539006126]]]}}, {"type": "Feature", "properties": {"zone_id": "0203SZFUIPS8UMQRN2A71J", "tract_id": "06037297201", "city": "SAN PEDRO, CA", "zone_code": "RD1.5-1XL", "zone_category": "Residential", "ev_permitted": false}, "geometry": {"type": "Polygon", "coordinates": [[[-118.292515017758, 33.7258725978445], [-118.292514429353, 33.7259963595174], [-118.292843313955, 33.7259974828065], [-118.292843868991, 33.7258737212121], [-118.292515017758, 33.7258725978445]]]}}, {"type": "Feature", "properties": {"zone_id": "0200PP0FH1G9UHDJMDQQHR", "tract_id": "06037297201", "city": "SAN PEDRO, CA", "zone_code": "RD1.5-1XL", "zone_category": "Residential", "ev_permitted": false}, "geometry": {"type": "Polygon", "coordinates": [[[-118.292515606257, 33.7257488636516], [-118.292515017758, 33.7258725978445], [-118.292843868991, 33.7258737212121], [-118.29284445691, 33.72574995954], [-118.292515606257, 33.7257488636516]]]}}, {"type": "Feature", "properties": {"zone_id": "020637LJPX8UYGG55JU80C", "tract_id": "06037297201", "city": "SAN PEDRO, CA", "zone_code": "RD1.5-1XL", "zone_category": "Residential", "ev_permitted": false}, "geometry": {"type": "Polygon", "coordinates": [[[-118.292516194658, 33.7256251019833], [-118.292515606257, 33.7257488636516], [-118.29284445691, 33.72574995954], [-118.292845044922, 33.7256262253477], [-118.292516194658, 33.7256251019833]]]}}, {"type": "Feature", "properties": {"zone_id": "02051TD3HJRXYYJPR3FPYR", "tract_id": "06037297201", "city": "SAN PEDRO, CA", "zone_code": "RD1.5-1XL", "zone_category": "Residential", "ev_permitted": false}, "geometry": {"type": "Polygon", "coordinates": [[[-118.292516783154, 33.7255013677949], [-118.292516194658, 33.7256251019833], [-118.292845044922, 33.7256262253477], [-118.292845632837, 33.72550246368], [-118.292516783154, 33.7255013677949]]]}}, {"type": "Feature", "properties": {"zone_id": "0207G0WUWR4VK3WPW982R7", "tract_id": "06037297201", "city": "SAN PEDRO, CA", "zone_code": "RD1.5-1XL", "zone_category": "Residential", "ev_permitted": false}, "geometry": {"type": "Polygon", "coordinates": [[[-118.294097420651, 33.7252591710294], [-118.294095763533, 33.7256029779458], [-118.294156600728, 33.7256031589334], [-118.294161519137, 33.7255990801846], [-118.294161935344, 33.7255207398135], [-118.294227705319, 33.7255209636585], [-118.29422734522, 33.7255965286298], [-118.294235524794, 33.7256034330421], [-118.294490844057, 33.7256042920888], [-118.294492499654, 33.7252605126445], [-118.294097420651, 33.7252591710294]]]}}, {"type": "Feature", "properties": {"zone_id": "0202IM6ITR47ZLLY3S0U0F", "tract_id": "06037297201", "city": "SAN PEDRO, CA", "zone_code": "RD1.5-1XL", "zone_category": "Residential", "ev_permitted": false}, "geometry": {"type": "Polygon", "coordinates": [[[-118.29396574948, 33.7252586960048], [-118.293964124803, 33.7256025303166], [-118.294095763533, 33.7256029779458], [-118.294097420651, 33.7252591710294], [-118.29396574948, 33.7252586960048]]]}}, {"type": "Feature", "properties": {"zone_id": "0203R4U53JS2WG3FV7GU31", "tract_id": "06037297201", "city": "SAN PEDRO, CA", "zone_code": "RD1.5-1XL", "zone_category": "Residential", "ev_permitted": false}, "geometry": {"type": "Polygon", "coordinates": [[[-118.294363288802, 33.7247516368703], [-118.294361631916, 33.7250951964662], [-118.294493302641, 33.7250956161022], [-118.294494958988, 33.7247520565045], [-118.294363288802, 33.7247516368703]]]}}, {"type": "Feature", "properties": {"zone_id": "0200CUWTCYD2X8KY5ADIU4", "tract_id": "06037297201", "city": "SAN PEDRO, CA", "zone_code": "RD1.5-1XL", "zone_category": "Residential", "ev_permitted": false}, "geometry": {"type": "Polygon", "coordinates": [[[-118.294231618521, 33.7247511896144], [-118.294229961096, 33.7250947492085], [-118.294361631916, 33.7250951964662], [-118.294363288802, 33.7247516368703], [-118.294231618521, 33.7247511896144]]]}}, {"type": "Feature", "properties": {"zone_id": "0203Z5833FODX8JQ0R02AN", "tract_id": "06037297201", "city": "SAN PEDRO, CA", "zone_code": "RD1.5-1XL", "zone_category": "Residential", "ev_permitted": false}, "geometry": {"type": "Polygon", "coordinates": [[[-118.294100016449, 33.7247232641999], [-118.294098290278, 33.7250943018066], [-118.294229961096, 33.7250947492085], [-118.294231719569, 33.7247237115194], [-118.294100016449, 33.7247232641999]]]}}, {"type": "Feature", "properties": {"zone_id": "0206P2N1G1ACT7TB7HXAJM", "tract_id": "06037297201", "city": "SAN PEDRO, CA", "zone_code": "RD1.5-1XL", "zone_category": "Residential", "ev_permitted": false}, "geometry": {"type": "Polygon", "coordinates": [[[-118.293968313329, 33.7247228167362], [-118.293966619461, 33.7250938542606], [-118.294098290278, 33.7250943018066], [-118.294100016449, 33.7247232641999], [-118.293968313329, 33.7247228167362]]]}}, {"type": "Feature", "properties": {"zone_id": "0202JP2PRB99NDCJEV38AC", "tract_id": "06037297201", "city": "SAN PEDRO, CA", "zone_code": "R1-1XL", "zone_category": "Residential", "ev_permitted": false}, "geometry": {"type": "Polygon", "coordinates": [[[-118.294365180471, 33.7243530935464], [-118.294363523696, 33.7246966805998], [-118.29449522668, 33.7246971001533], [-118.294496883012, 33.7243535405755], [-118.294365180471, 33.7243530935464]]]}}, {"type": "Feature", "properties": {"zone_id": "0201LLLYRZB4ZPTWJ8CCBE", "tract_id": "06037297201", "city": "SAN PEDRO, CA", "zone_code": "R1-1XL", "zone_category": "Residential", "ev_permitted": false}, "geometry": {"type": "Polygon", "coordinates": [[[-118.294233478027, 33.7243526738506], [-118.294231820617, 33.7246962334246], [-118.294363523696, 33.7246966805998], [-118.294365180471, 33.7243530935464], [-118.294233478027, 33.7243526738506]]]}}, {"type": "Feature", "properties": {"zone_id": "0206A5W9KZVKMPXJKWHDLX", "tract_id": "06037297201", "city": "SAN PEDRO, CA", "zone_code": "RD1.5-1XL", "zone_category": "Residential", "ev_permitted": false}, "geometry": {"type": "Polygon", "coordinates": [[[-118.294101808372, 33.7243522264526], [-118.294100016449, 33.7247232641999], [-118.294231719569, 33.7247237115194], [-118.294233478027, 33.7243526738506], [-118.294101808372, 33.7243522264526]]]}}, {"type": "Feature", "properties": {"zone_id": "0200YLQFXL8HUIRVRI7NMV", "tract_id": "06037297201", "city": "SAN PEDRO, CA", "zone_code": "RD1.5-1XL", "zone_category": "Residential", "ev_permitted": false}, "geometry": {"type": "Polygon", "coordinates": [[[-118.29397010593, 33.7243518064685], [-118.293968313329, 33.7247228167362], [-118.294100016449, 33.7247232641999], [-118.294101808372, 33.7243522264526], [-118.29397010593, 33.7243518064685]]]}}, {"type": "Feature", "properties": {"zone_id": "0201MEMI6B8WPATW4KQHZI", "tract_id": "06037297201", "city": "SAN PEDRO, CA", "zone_code": "RD1.5-1XL", "zone_category": "Residential", "ev_permitted": false}, "geometry": {"type": "Polygon", "coordinates": [[[-118.293636703527, 33.725257631141], [-118.293635044427, 33.7256014105734], [-118.29383245319, 33.7256020826237], [-118.293834111482, 33.7252583031885], [-118.293636703527, 33.725257631141]]]}}, {"type": "Feature", "properties": {"zone_id": "0201VF9JDJF9FZLYPH852Z", "tract_id": "06037297201", "city": "SAN PEDRO, CA", "zone_code": "RD1.5-1XL", "zone_category": "Residential", "ev_permitted": false}, "geometry": {"type": "Polygon", "coordinates": [[[-118.293570835107, 33.7252574072136], [-118.293569175738, 33.7256011866451], [-118.293635044427, 33.7256014105734], [-118.293636703527, 33.725257631141], [-118.293570835107, 33.7252574072136]]]}}, {"type": "Feature", "properties": {"zone_id": "0200BUP6JC0LK0BAD3ZC38", "tract_id": "06037297201", "city": "SAN PEDRO, CA", "zone_code": "RD1.5-1XL", "zone_category": "Residential", "ev_permitted": false}, "geometry": {"type": "Polygon", "coordinates": [[[-118.293834111482, 33.7252583031885], [-118.29383245319, 33.7256020826237], [-118.293964124803, 33.7256025303166], [-118.29396574948, 33.7252586960048], [-118.293834111482, 33.7252583031885]]]}}, {"type": "Feature", "properties": {"zone_id": "0206OTR8AX4EIJF8AEGR6O", "tract_id": "06037297201", "city": "SAN PEDRO, CA", "zone_code": "RD1.5-1XL", "zone_category": "Residential", "ev_permitted": false}, "geometry": {"type": "Polygon", "coordinates": [[[-118.293307525853, 33.7252565107426], [-118.293305865406, 33.7256002901704], [-118.293437537013, 33.7256007384397], [-118.293439196922, 33.72525695901], [-118.293307525853, 33.7252565107426]]]}}, {"type": "Feature", "properties": {"zone_id": "0205SW7UJ7XRFGH05DLQWF", "tract_id": "06037297201", "city": "SAN PEDRO, CA", "zone_code": "RD1.5-1XL", "zone_category": "Residential", "ev_permitted": false}, "geometry": {"type": "Polygon", "coordinates": [[[-118.293439196922, 33.72525695901], [-118.293437537013, 33.7256007384397], [-118.293569175738, 33.7256011866451], [-118.293570835107, 33.7252574072136], [-118.293439196922, 33.72525695901]]]}}, {"type": "Feature", "properties": {"zone_id": "0206J63W2HKOPRNLY0P0E0", "tract_id": "06037297201", "city": "SAN PEDRO, CA", "zone_code": "RD1.5-1XL", "zone_category": "Residential", "ev_permitted": false}, "geometry": {"type": "Polygon", "coordinates": [[[-118.293175854882, 33.7252560898087], [-118.293174226684, 33.7255998416769], [-118.293305865406, 33.7256002901704], [-118.293307525853, 33.7252565107426], [-118.293175854882, 33.7252560898087]]]}}, {"type": "Feature", "properties": {"zone_id": "0203R6FDCOW9RQ6ZHZ0V91", "tract_id": "06037297201", "city": "SAN PEDRO, CA", "zone_code": "RD1.5-1XL", "zone_category": "Residential", "ev_permitted": false}, "geometry": {"type": "Polygon", "coordinates": [[[-118.293044249585, 33.7252556410928], [-118.293042587964, 33.7255993930393], [-118.293174226684, 33.7255998416769], [-118.293175854882, 33.7252560898087], [-118.293044249585, 33.7252556410928]]]}}, {"type": "Feature", "properties": {"zone_id": "0200WBG6GA2Y6AYUJX7XVQ", "tract_id": "06037297201", "city": "SAN PEDRO, CA", "zone_code": "RD1.5-1XL", "zone_category": "Residential", "ev_permitted": false}, "geometry": {"type": "Polygon", "coordinates": [[[-118.292912578521, 33.725255192393], [-118.292910949246, 33.7255989442576], [-118.293042587964, 33.7255993930393], [-118.293044249585, 33.7252556410928], [-118.292912578521, 33.725255192393]]]}}, {"type": "Feature", "properties": {"zone_id": "0200ZPTKY6MK7F93VJ0X4P", "tract_id": "06037297201", "city": "SAN PEDRO, CA", "zone_code": "RD1.5-1XL", "zone_category": "Residential", "ev_permitted": false}, "geometry": {"type": "Polygon", "coordinates": [[[-118.292517338667, 33.725377606211], [-118.292516783154, 33.7255013677949], [-118.292845632837, 33.72550246368], [-118.292846220846, 33.7253787294921], [-118.292517338667, 33.725377606211]]]}}, {"type": "Feature", "properties": {"zone_id": "0202WQ8YB0F2E3ZIB2CVKH", "tract_id": "06037297201", "city": "SAN PEDRO, CA", "zone_code": "RD1.5-1XL", "zone_category": "Residential", "ev_permitted": false}, "geometry": {"type": "Polygon", "coordinates": [[[-118.292517927159, 33.7252538720271], [-118.292517338667, 33.725377606211], [-118.292846220846, 33.7253787294921], [-118.292846775874, 33.7252549679091], [-118.292517927159, 33.7252538720271]]]}}, {"type": "Feature", "properties": {"zone_id": "0207C6GZC16BRF67FFMNJ0", "tract_id": "06037297201", "city": "SAN PEDRO, CA", "zone_code": "RD1.5-1XL", "zone_category": "Residential", "ev_permitted": false}, "geometry": {"type": "Polygon", "coordinates": [[[-118.292568617016, 33.7249654786542], [-118.292568794395, 33.7250543780887], [-118.292573466258, 33.7250666446567], [-118.29257747478, 33.7250721704193], [-118.292588343899, 33.7250813271548], [-118.292602087793, 33.7250872347936], [-118.292617355586, 33.7250893126798], [-118.292946236638, 33.7250904356874], [-118.292946824688, 33.7249667564619], [-118.292568617016, 33.7249654786542]]]}}, {"type": "Feature", "properties": {"zone_id": "0205F5WN8LHCDC9FH9FFSP", "tract_id": "06037297201", "city": "SAN PEDRO, CA", "zone_code": "RD1.5-1XL", "zone_category": "Residential", "ev_permitted": false}, "geometry": {"type": "Polygon", "coordinates": [[[-118.293836643096, 33.7247223690479], [-118.293834915665, 33.7250933791732], [-118.293966619461, 33.7250938542606], [-118.293968313329, 33.7247228167362], [-118.293836643096, 33.7247223690479]]]}}, {"type": "Feature", "properties": {"zone_id": "0206FXRN1BK86BKJ7T79RA", "tract_id": "06037297201", "city": "SAN PEDRO, CA", "zone_code": "RD1.5-1XL", "zone_category": "Residential", "ev_permitted": false}, "geometry": {"type": "Polygon", "coordinates": [[[-118.293704940075, 33.7247219487734], [-118.293703245044, 33.7250929862941], [-118.293834915665, 33.7250933791732], [-118.293836643096, 33.7247223690479], [-118.293704940075, 33.7247219487734]]]}}, {"type": "Feature", "properties": {"zone_id": "020723D3MAJ6KMFSPLZ23Q", "tract_id": "06037297201", "city": "SAN PEDRO, CA", "zone_code": "RD1.5-1XL", "zone_category": "Residential", "ev_permitted": false}, "geometry": {"type": "Polygon", "coordinates": [[[-118.29357323696, 33.7247215008771], [-118.293571574231, 33.7250925383157], [-118.293703245044, 33.7250929862941], [-118.293704940075, 33.7247219487734], [-118.29357323696, 33.7247215008771]]]}}, {"type": "Feature", "properties": {"zone_id": "02021ZDR0TQUOPN5EQ5RMU", "tract_id": "06037297201", "city": "SAN PEDRO, CA", "zone_code": "RD1.5-1XL", "zone_category": "Residential", "ev_permitted": false}, "geometry": {"type": "Polygon", "coordinates": [[[-118.293309863618, 33.7247206045718], [-118.29330823261, 33.7250916419265], [-118.293439903419, 33.7250920901932], [-118.293441566827, 33.724721080234], [-118.293309863618, 33.7247206045718]]]}}, {"type": "Feature", "properties": {"zone_id": "02059XIVKEAST9WVM3BJPX", "tract_id": "06037297201", "city": "SAN PEDRO, CA", "zone_code": "RD1.5-1XL", "zone_category": "Residential", "ev_permitted": false}, "geometry": {"type": "Polygon", "coordinates": [[[-118.293178160603, 33.7247201837206], [-118.293176561801, 33.7250911935157], [-118.29330823261, 33.7250916419265], [-118.293309863618, 33.7247206045718], [-118.293178160603, 33.7247201837206]]]}}, {"type": "Feature", "properties": {"zone_id": "0205AMUPV8L8STM1ET05U8", "tract_id": "06037297201", "city": "SAN PEDRO, CA", "zone_code": "RD1.5-1XL", "zone_category": "Residential", "ev_permitted": false}, "geometry": {"type": "Polygon", "coordinates": [[[-118.293441566827, 33.724721080234], [-118.293439903419, 33.7250920901932], [-118.293571574231, 33.7250925383157], [-118.29357323696, 33.7247215008771], [-118.293441566827, 33.724721080234]]]}}, {"type": "Feature", "properties": {"zone_id": "0203HRNLKODNCD6TEUDWOI", "tract_id": "06037297201", "city": "SAN PEDRO, CA", "zone_code": "RD1.5-1XL", "zone_category": "Residential", "ev_permitted": false}, "geometry": {"type": "Polygon", "coordinates": [[[-118.293706733744, 33.7243509110321], [-118.293704940075, 33.7247219487734], [-118.293836643096, 33.7247223690479], [-118.293838403394, 33.7243513588625], [-118.293706733744, 33.7243509110321]]]}}, {"type": "Feature", "properties": {"zone_id": "0206SEUQ799BRC8U2MB2FC", "tract_id": "06037297201", "city": "SAN PEDRO, CA", "zone_code": "RD1.5-1XL", "zone_category": "Residential", "ev_permitted": false}, "geometry": {"type": "Polygon", "coordinates": [[[-118.293575031306, 33.7243504906154], [-118.29357323696, 33.7247215008771], [-118.293704940075, 33.7247219487734], [-118.293706733744, 33.7243509110321], [-118.293575031306, 33.7243504906154]]]}}, {"type": "Feature", "properties": {"zone_id": "0201S5HHMJHRF002ILPYLX", "tract_id": "06037297201", "city": "SAN PEDRO, CA", "zone_code": "R1-1XL", "zone_category": "Residential", "ev_permitted": false}, "geometry": {"type": "Polygon", "coordinates": [[[-118.293838403394, 33.7243513588625], [-118.293836643096, 33.7247223690479], [-118.293968313329, 33.7247228167362], [-118.29397010593, 33.7243518064685], [-118.293838403394, 33.7243513588625]]]}}, {"type": "Feature", "properties": {"zone_id": "02018KT1OV3WX7FW7M8QS6", "tract_id": "06037297201", "city": "SAN PEDRO, CA", "zone_code": "RD1.5-1XL", "zone_category": "Residential", "ev_permitted": false}, "geometry": {"type": "Polygon", "coordinates": [[[-118.293179956695, 33.7243491734648], [-118.293178160603, 33.7247201837206], [-118.293309863618, 33.7247206045718], [-118.293311659128, 33.7243495943141], [-118.293179956695, 33.7243491734648]]]}}, {"type": "Feature", "properties": {"zone_id": "0203117NKB9ITJNDANOQRX", "tract_id": "06037297201", "city": "SAN PEDRO, CA", "zone_code": "RD1.5-1XL", "zone_category": "Residential", "ev_permitted": false}, "geometry": {"type": "Polygon", "coordinates": [[[-118.293443328775, 33.724350042577], [-118.293441566827, 33.724721080234], [-118.29357323696, 33.7247215008771], [-118.293575031306, 33.7243504906154], [-118.293443328775, 33.724350042577]]]}}, {"type": "Feature", "properties": {"zone_id": "0200M30PDK804HNHOCUSUV", "tract_id": "06037297201", "city": "SAN PEDRO, CA", "zone_code": "RD1.5-1XL", "zone_category": "Residential", "ev_permitted": false}, "geometry": {"type": "Polygon", "coordinates": [[[-118.293311659128, 33.7243495943141], [-118.293309863618, 33.7247206045718], [-118.293441566827, 33.724721080234], [-118.293443328775, 33.724350042577], [-118.293311659128, 33.7243495943141]]]}}, {"type": "Feature", "properties": {"zone_id": "0200C2TQMHCN2JYVRFDS3A", "tract_id": "06037297201", "city": "SAN PEDRO, CA", "zone_code": "RD1.5-1XL", "zone_category": "Residential", "ev_permitted": false}, "geometry": {"type": "Polygon", "coordinates": [[[-118.293013737242, 33.7247196226062], [-118.293012039157, 33.725090660117], [-118.293176561801, 33.7250911935157], [-118.293178160603, 33.7247201837206], [-118.293013737242, 33.7247196226062]]]}}, {"type": "Feature", "properties": {"zone_id": "0200L0BEVYK638HG202A9B", "tract_id": "06037297201", "city": "SAN PEDRO, CA", "zone_code": "RD1.5-1XL", "zone_category": "Residential", "ev_permitted": false}, "geometry": {"type": "Polygon", "coordinates": [[[-118.292520467266, 33.7247179653921], [-118.292519911474, 33.7248416445311], [-118.292947379852, 33.7248430773186], [-118.292947967898, 33.7247193980975], [-118.292520467266, 33.7247179653921]]]}}, {"type": "Feature", "properties": {"zone_id": "0201BJUBV1YWO52QUJZIVA", "tract_id": "06037297201", "city": "SAN PEDRO, CA", "zone_code": "RD1.5-1XL", "zone_category": "Residential", "ev_permitted": false}, "geometry": {"type": "Polygon", "coordinates": [[[-118.292570382922, 33.7245944684741], [-118.29256979432, 33.7247181476911], [-118.292947967898, 33.7247193980975], [-118.292948556038, 33.7245957463563], [-118.292570382922, 33.7245944684741]]]}}, {"type": "Feature", "properties": {"zone_id": "0201ZK57J62RBAW21JQ4LL", "tract_id": "06037297201", "city": "SAN PEDRO, CA", "zone_code": "RD1.5-1XL", "zone_category": "Residential", "ev_permitted": false}, "geometry": {"type": "Polygon", "coordinates": [[[-118.292569172833, 33.7248418269903], [-118.292568617016, 33.7249654786542], [-118.292946824688, 33.7249667564619], [-118.292947379852, 33.7248430773186], [-118.292569172833, 33.7248418269903]]]}}, {"type": "Feature", "properties": {"zone_id": "0204DUXUFEMKGKFMO17OJM", "tract_id": "06037297201", "city": "SAN PEDRO, CA", "zone_code": "R1-1XL", "zone_category": "Residential", "ev_permitted": false}, "geometry": {"type": "Polygon", "coordinates": [[[-118.293015501176, 33.724348612433], [-118.293013737242, 33.7247196226062], [-118.293178160603, 33.7247201837206], [-118.293179956695, 33.7243491734648], [-118.293015501176, 33.724348612433]]]}}, {"type": "Feature", "properties": {"zone_id": "0204MPXJL4SM2PKJ0OFAHZ", "tract_id": "06037297201", "city": "SAN PEDRO, CA", "zone_code": "RD1.5-1XL", "zone_category": "Residential", "ev_permitted": false}, "geometry": {"type": "Polygon", "coordinates": [[[-118.292637296383, 33.724347362319], [-118.292626984162, 33.7243480217426], [-118.292616923085, 33.7243500153069], [-118.292607361094, 33.7243532938832], [-118.29259853383, 33.7243577766754], [-118.292590658829, 33.7243633532112], [-118.292583930159, 33.7243698860645], [-118.292578513639, 33.7243772142419], [-118.292574542752, 33.7243851571507], [-118.292572115354, 33.7243935190487], [-118.292571291266, 33.7244020938686], [-118.292570382922, 33.7245944684741], [-118.292948556038, 33.7245957463563], [-118.292949732122, 33.7243483879253], [-118.292637296383, 33.724347362319]]]}}, {"type": "Feature", "properties": {"zone_id": "0201YNEQ6L22HHP4TGPDFN", "tract_id": "06037297201", "city": "SAN PEDRO, CA", "zone_code": "R2-1XL", "zone_category": "Residential", "ev_permitted": false}, "geometry": {"type": "Polygon", "coordinates": [[[-118.292019617318, 33.726338369473], [-118.292018842252, 33.7265032384713], [-118.292281826554, 33.7265041385622], [-118.292282601104, 33.7263392695622], [-118.292019617318, 33.726338369473]]]}}, {"type": "Feature", "properties": {"zone_id": "0207ELY2CGLVM5SYDP1YHR", "tract_id": "06037297201", "city": "SAN PEDRO, CA", "zone_code": "R2-1XL", "zone_category": "Residential", "ev_permitted": false}, "geometry": {"type": "Polygon", "coordinates": [[[-118.29188893445, 33.7261590913889], [-118.291887333661, 33.7265027882502], [-118.292018842252, 33.7265032384713], [-118.292020442503, 33.7261595416082], [-118.29188893445, 33.7261590913889]]]}}, {"type": "Feature", "properties": {"zone_id": "0203YUYAGOACLN5S8656QH", "tract_id": "06037297201", "city": "SAN PEDRO, CA", "zone_code": "R2-1XL", "zone_category": "Residential", "ev_permitted": false}, "geometry": {"type": "Polygon", "coordinates": [[[-118.292020442503, 33.7261595416082], [-118.292019617318, 33.726338369473], [-118.292282601104, 33.7263392695622], [-118.292283458613, 33.7261604416157], [-118.292020442503, 33.7261595416082]]]}}, {"type": "Feature", "properties": {"zone_id": "0206JL2EWHCLKF4TNBF8QX", "tract_id": "06037297201", "city": "SAN PEDRO, CA", "zone_code": "R2-1XL", "zone_category": "Residential", "ev_permitted": false}, "geometry": {"type": "Polygon", "coordinates": [[[-118.291494443185, 33.7261577397885], [-118.291492840877, 33.7265014641221], [-118.291624316484, 33.7265018873766], [-118.291625951233, 33.7261581904391], [-118.291494443185, 33.7261577397885]]]}}, {"type": "Feature", "properties": {"zone_id": "02025GV92W7HTIVXD0I8TG", "tract_id": "06037297201", "city": "SAN PEDRO, CA", "zone_code": "R2-1XL", "zone_category": "Residential", "ev_permitted": false}, "geometry": {"type": "Polygon", "coordinates": [[[-118.291625951233, 33.7261581904391], [-118.291624316484, 33.7265018873766], [-118.291755825072, 33.7265023378853], [-118.291757459283, 33.726158640946], [-118.291625951233, 33.7261581904391]]]}}, {"type": "Feature", "properties": {"zone_id": "0202L8LIB3LAILFB4966KX", "tract_id": "06037297201", "city": "SAN PEDRO, CA", "zone_code": "R2-1XL", "zone_category": "Residential", "ev_permitted": false}, "geometry": {"type": "Polygon", "coordinates": [[[-118.291757459283, 33.726158640946], [-118.291755825072, 33.7265023378853], [-118.291887333661, 33.7265027882502], [-118.29188893445, 33.7261590913889], [-118.291757459283, 33.726158640946]]]}}, {"type": "Feature", "properties": {"zone_id": "0202FLFZ2RP98PP6J2HQAU", "tract_id": "06037297201", "city": "SAN PEDRO, CA", "zone_code": "R2-1XL", "zone_category": "Residential", "ev_permitted": false}, "geometry": {"type": "Polygon", "coordinates": [[[-118.291362935233, 33.7261573164717], [-118.291361332196, 33.7265009858483], [-118.291492840877, 33.7265014641221], [-118.291494443185, 33.7261577397885], [-118.291362935233, 33.7261573164717]]]}}, {"type": "Feature", "properties": {"zone_id": "0204LARQD9AL2PUKQEAXLQ", "tract_id": "06037297201", "city": "SAN PEDRO, CA", "zone_code": "R2-1XL", "zone_category": "Residential", "ev_permitted": false}, "geometry": {"type": "Polygon", "coordinates": [[[-118.291231427187, 33.7261568655336], [-118.291229823517, 33.7265005074308], [-118.291361332196, 33.7265009858483], [-118.291362935233, 33.7261573164717], [-118.291231427187, 33.7261568655336]]]}}, {"type": "Feature", "properties": {"zone_id": "02009WZP1TG9116K2I0N5L", "tract_id": "06037297201", "city": "SAN PEDRO, CA", "zone_code": "RD1.5-1XL", "zone_category": "Residential", "ev_permitted": false}, "geometry": {"type": "Polygon", "coordinates": [[[-118.292154357841, 33.7256513982963], [-118.292152725359, 33.725995122693], [-118.292284233156, 33.725995572624], [-118.2922858651, 33.7256518482255], [-118.292154357841, 33.7256513982963]]]}}, {"type": "Feature", "properties": {"zone_id": "0203W7586A148HCZ63PN68", "tract_id": "06037297201", "city": "SAN PEDRO, CA", "zone_code": "RD1.5-1XL", "zone_category": "Residential", "ev_permitted": false}, "geometry": {"type": "Polygon", "coordinates": [[[-118.292022850583, 33.7256509482233], [-118.292021217563, 33.7259946726182], [-118.292152725359, 33.725995122693], [-118.292154357841, 33.7256513982963], [-118.292022850583, 33.7256509482233]]]}}, {"type": "Feature", "properties": {"zone_id": "0202KZDRT95GARBGLNCDRF", "tract_id": "06037297201", "city": "SAN PEDRO, CA", "zone_code": "RD1.5-1XL", "zone_category": "Residential", "ev_permitted": false}, "geometry": {"type": "Polygon", "coordinates": [[[-118.291891343326, 33.7256504980066], [-118.291889709768, 33.7259942223997], [-118.292021217563, 33.7259946726182], [-118.292022850583, 33.7256509482233], [-118.291891343326, 33.7256504980066]]]}}, {"type": "Feature", "properties": {"zone_id": "020417DUV9MUM70L7N9DQU", "tract_id": "06037297201", "city": "SAN PEDRO, CA", "zone_code": "RD1.5-1XL", "zone_category": "Residential", "ev_permitted": false}, "geometry": {"type": "Polygon", "coordinates": [[[-118.291759836071, 33.7256500476461], [-118.291758201974, 33.7259937720374], [-118.291889709768, 33.7259942223997], [-118.291891343326, 33.7256504980066], [-118.291759836071, 33.7256500476461]]]}}, {"type": "Feature", "properties": {"zone_id": "0206JBG51P0PA88WRNCVPO", "tract_id": "06037297201", "city": "SAN PEDRO, CA", "zone_code": "RD1.5-1XL", "zone_category": "Residential", "ev_permitted": false}, "geometry": {"type": "Polygon", "coordinates": [[[-118.291628328817, 33.7256495971419], [-118.291626694183, 33.7259933215314], [-118.291758201974, 33.7259937720374], [-118.291759836071, 33.7256500476461], [-118.291628328817, 33.7256495971419]]]}}, {"type": "Feature", "properties": {"zone_id": "02009A29WIA612DXSQU2PR", "tract_id": "06037297201", "city": "SAN PEDRO, CA", "zone_code": "RD1.5-1XL", "zone_category": "Residential", "ev_permitted": false}, "geometry": {"type": "Polygon", "coordinates": [[[-118.291496821565, 33.7256491464939], [-118.291495219276, 33.7259928708019], [-118.291626694183, 33.7259933215314], [-118.291628328817, 33.7256495971419], [-118.291496821565, 33.7256491464939]]]}}, {"type": "Feature", "properties": {"zone_id": "02063L1U9VYWI08PJD3AKW", "tract_id": "06037297201", "city": "SAN PEDRO, CA", "zone_code": "RD1.5-1XL", "zone_category": "Residential", "ev_permitted": false}, "geometry": {"type": "Polygon", "coordinates": [[[-118.291365314314, 33.7256486957021], [-118.291363711583, 33.725992447486], [-118.291495219276, 33.7259928708019], [-118.291496821565, 33.7256491464939], [-118.291365314314, 33.7256486957021]]]}}, {"type": "Feature", "properties": {"zone_id": "020582ATZ0Y5UHBB5Q6U7S", "tract_id": "06037297201", "city": "SAN PEDRO, CA", "zone_code": "RD1.5-1XL", "zone_category": "Residential", "ev_permitted": false}, "geometry": {"type": "Polygon", "coordinates": [[[-118.291233807064, 33.7256482447666], [-118.2912322037, 33.725991969071], [-118.291363711583, 33.725992447486], [-118.291365314314, 33.7256486957021], [-118.291233807064, 33.7256482447666]]]}}, {"type": "Feature", "properties": {"zone_id": "0206RP8IF15EXVIHZVX7CX", "tract_id": "06037297201", "city": "SAN PEDRO, CA", "zone_code": "R2-1XL", "zone_category": "Residential", "ev_permitted": false}, "geometry": {"type": "Polygon", "coordinates": [[[-118.290968443984, 33.7261559631464], [-118.290966806353, 33.7264996051196], [-118.291098314934, 33.7265000563471], [-118.291099919142, 33.7261564144517], [-118.290968443984, 33.7261559631464]]]}}, {"type": "Feature", "properties": {"zone_id": "02012CYLEZWN8ICNVLI4YH", "tract_id": "06037297201", "city": "SAN PEDRO, CA", "zone_code": "R2-1XL", "zone_category": "Residential", "ev_permitted": false}, "geometry": {"type": "Polygon", "coordinates": [[[-118.291099919142, 33.7261564144517], [-118.291098314934, 33.7265000563471], [-118.291229823517, 33.7265005074308], [-118.291231427187, 33.7261568655336], [-118.291099919142, 33.7261564144517]]]}}, {"type": "Feature", "properties": {"zone_id": "0202Y5NP7S8XW72ZTIGTDF", "tract_id": "06037297201", "city": "SAN PEDRO, CA", "zone_code": "R2-1XL", "zone_category": "Residential", "ev_permitted": false}, "geometry": {"type": "Polygon", "coordinates": [[[-118.290836935942, 33.726155511777], [-118.290835297773, 33.7264991537483], [-118.290966806353, 33.7264996051196], [-118.290968443984, 33.7261559631464], [-118.290836935942, 33.726155511777]]]}}, {"type": "Feature", "properties": {"zone_id": "020112Z4N50WYNLL6CV6F2", "tract_id": "06037297201", "city": "SAN PEDRO, CA", "zone_code": "R2-1XL", "zone_category": "Residential", "ev_permitted": false}, "geometry": {"type": "Polygon", "coordinates": [[[-118.290705395017, 33.7261550603433], [-118.29070382208, 33.7264987021539], [-118.290835297773, 33.7264991537483], [-118.290836935942, 33.726155511777], [-118.290705395017, 33.7261550603433]]]}}, {"type": "Feature", "properties": {"zone_id": "0205SF7CWUWI0NAQY2IGJU", "tract_id": "06037297201", "city": "SAN PEDRO, CA", "zone_code": "R2-1XL", "zone_category": "Residential", "ev_permitted": false}, "geometry": {"type": "Polygon", "coordinates": [[[-118.290309621445, 33.7264011185256], [-118.290309029692, 33.7265248527196], [-118.290637916333, 33.7265259820383], [-118.290638474908, 33.7264023028774], [-118.290309621445, 33.7264011185256]]]}}, {"type": "Feature", "properties": {"zone_id": "0200NSBN2743L9A0PS1FXS", "tract_id": "06037297201", "city": "SAN PEDRO, CA", "zone_code": "R2-1XL", "zone_category": "Residential", "ev_permitted": false}, "geometry": {"type": "Polygon", "coordinates": [[[-118.290309029692, 33.7265248527196], [-118.290308470726, 33.7266485593588], [-118.290637324968, 33.7266496887585], [-118.290637916333, 33.7265259820383], [-118.290309029692, 33.7265248527196]]]}}, {"type": "Feature", "properties": {"zone_id": "0206J3RG2XXPLO6CH5PMY3", "tract_id": "06037297201", "city": "SAN PEDRO, CA", "zone_code": "R2-1XL", "zone_category": "Residential", "ev_permitted": false}, "geometry": {"type": "Polygon", "coordinates": [[[-118.290310180407, 33.7262774118909], [-118.290309621445, 33.7264011185256], [-118.290638474908, 33.7264023028774], [-118.29063906608, 33.7262785412065], [-118.290310180407, 33.7262774118909]]]}}, {"type": "Feature", "properties": {"zone_id": "0200UR7T4BMT2BFHUF49MF", "tract_id": "06037297201", "city": "SAN PEDRO, CA", "zone_code": "RD2-1XL", "zone_category": "Residential", "ev_permitted": false}, "geometry": {"type": "Polygon", "coordinates": [[[-118.28974997823, 33.7265229032018], [-118.289749385651, 33.7266466373952], [-118.290078272763, 33.7266477682441], [-118.290078832162, 33.7265240890836], [-118.28974997823, 33.7265229032018]]]}}, {"type": "Feature", "properties": {"zone_id": "020635Z7H712X3YSB10ZO0", "tract_id": "06037297201", "city": "SAN PEDRO, CA", "zone_code": "RD2-1XL", "zone_category": "Residential", "ev_permitted": false}, "geometry": {"type": "Polygon", "coordinates": [[[-118.289750538017, 33.7263991965675], [-118.28974997823, 33.7265229032018], [-118.290078832162, 33.7265240890836], [-118.290079457044, 33.7264003273338], [-118.289750538017, 33.7263991965675]]]}}, {"type": "Feature", "properties": {"zone_id": "0203AWCL3Y7BCRC68MPSGF", "tract_id": "06037297201", "city": "SAN PEDRO, CA", "zone_code": "R2-1XL", "zone_category": "Residential", "ev_permitted": false}, "geometry": {"type": "Polygon", "coordinates": [[[-118.290310772251, 33.7261537051791], [-118.290310180407, 33.7262774118909], [-118.29063906608, 33.7262785412065], [-118.290639624555, 33.7261548345724], [-118.290310772251, 33.7261537051791]]]}}, {"type": "Feature", "properties": {"zone_id": "0202Z5UAP9O2GASYEX49ZE", "tract_id": "06037297201", "city": "SAN PEDRO, CA", "zone_code": "RD2-1XL", "zone_category": "Residential", "ev_permitted": false}, "geometry": {"type": "Polygon", "coordinates": [[[-118.28975169047, 33.7261517832264], [-118.289751130687, 33.7262754898562], [-118.29007998346, 33.7262766207795], [-118.290080575644, 33.7261529140688], [-118.28975169047, 33.7261517832264]]]}}, {"type": "Feature", "properties": {"zone_id": "0206EITDEFYNKFZAMZ0IQL", "tract_id": "06037297201", "city": "SAN PEDRO, CA", "zone_code": "RD2-1XL", "zone_category": "Residential", "ev_permitted": false}, "geometry": {"type": "Polygon", "coordinates": [[[-118.289751130687, 33.7262754898562], [-118.289750538017, 33.7263991965675], [-118.290079457044, 33.7264003273338], [-118.29007998346, 33.7262766207795], [-118.289751130687, 33.7262754898562]]]}}, {"type": "Feature", "properties": {"zone_id": "0205YRDIQ0F8LGD017E2IH", "tract_id": "06037297201", "city": "SAN PEDRO, CA", "zone_code": "RD1.5-1XL", "zone_category": "Residential", "ev_permitted": false}, "geometry": {"type": "Polygon", "coordinates": [[[-118.290839318209, 33.7256468910179], [-118.29083768044, 33.7259906428742], [-118.290969188128, 33.7259910667651], [-118.290970825454, 33.7256473423847], [-118.290839318209, 33.7256468910179]]]}}, {"type": "Feature", "properties": {"zone_id": "0204Q4QIPG6YGQ7D7E9CTA", "tract_id": "06037297201", "city": "SAN PEDRO, CA", "zone_code": "RD1.5-1XL", "zone_category": "Residential", "ev_permitted": false}, "geometry": {"type": "Polygon", "coordinates": [[[-118.290970825454, 33.7256473423847], [-118.290969188128, 33.7259910667651], [-118.291100695913, 33.72599151799], [-118.291102299816, 33.7256477936873], [-118.290970825454, 33.7256473423847]]]}}, {"type": "Feature", "properties": {"zone_id": "0203ISLBPTN9FE8FGDMCOV", "tract_id": "06037297201", "city": "SAN PEDRO, CA", "zone_code": "RD1.5-1XL", "zone_category": "Residential", "ev_permitted": false}, "geometry": {"type": "Polygon", "coordinates": [[[-118.291102299816, 33.7256477936873], [-118.291100695913, 33.72599151799], [-118.2912322037, 33.725991969071], [-118.291233807064, 33.7256482447666], [-118.291102299816, 33.7256477936873]]]}}, {"type": "Feature", "properties": {"zone_id": "0206HBBUNDH1D8LVR2XWD5", "tract_id": "06037297201", "city": "SAN PEDRO, CA", "zone_code": "RD1.5-1XL", "zone_category": "Residential", "ev_permitted": false}, "geometry": {"type": "Polygon", "coordinates": [[[-118.290707778175, 33.7256464670645], [-118.290706172658, 33.7259901913618], [-118.29083768044, 33.7259906428742], [-118.290839318209, 33.7256468910179], [-118.290707778175, 33.7256464670645]]]}}, {"type": "Feature", "properties": {"zone_id": "020226JLY5EB26N2WVMI5V", "tract_id": "06037297201", "city": "SAN PEDRO, CA", "zone_code": "RD1.5-1XL", "zone_category": "Residential", "ev_permitted": false}, "geometry": {"type": "Polygon", "coordinates": [[[-118.290312109528, 33.7258651020954], [-118.290311550667, 33.7259888362002], [-118.290640402325, 33.7259899655915], [-118.290640993587, 33.7258662314056], [-118.290312109528, 33.7258651020954]]]}}, {"type": "Feature", "properties": {"zone_id": "0206N5NXRAGSU4HDE9HPDB", "tract_id": "06037297201", "city": "SAN PEDRO, CA", "zone_code": "RD1.5-1XL", "zone_category": "Residential", "ev_permitted": false}, "geometry": {"type": "Polygon", "coordinates": [[[-118.290312701272, 33.7257413679134], [-118.290312109528, 33.7258651020954], [-118.290640993587, 33.7258662314056], [-118.290641551962, 33.7257424973014], [-118.290312701272, 33.7257413679134]]]}}, {"type": "Feature", "properties": {"zone_id": "02039333JO9JC1WHZNDWT4", "tract_id": "06037297201", "city": "SAN PEDRO, CA", "zone_code": "RD1.5-1XL", "zone_category": "Residential", "ev_permitted": false}, "geometry": {"type": "Polygon", "coordinates": [[[-118.289753029668, 33.7258631801489], [-118.289752469983, 33.7259869142512], [-118.290081321627, 33.7259880451708], [-118.290081913711, 33.7258643109877], [-118.289753029668, 33.7258631801489]]]}}, {"type": "Feature", "properties": {"zone_id": "0203RDDVUE5YXD6P3EMQQK", "tract_id": "06037297201", "city": "SAN PEDRO, CA", "zone_code": "RD1.5-1XL", "zone_category": "Residential", "ev_permitted": false}, "geometry": {"type": "Polygon", "coordinates": [[[-118.28975362233, 33.7257394734474], [-118.289753029668, 33.7258631801489], [-118.290081913711, 33.7258643109877], [-118.29008247291, 33.7257405768861], [-118.28975362233, 33.7257394734474]]]}}, {"type": "Feature", "properties": {"zone_id": "0200UZMTBGP3RTRB52ITT0", "tract_id": "06037297201", "city": "SAN PEDRO, CA", "zone_code": "RD1.5-1XL", "zone_category": "Residential", "ev_permitted": false}, "geometry": {"type": "Polygon", "coordinates": [[[-118.290313293014, 33.7256176337336], [-118.290312701272, 33.7257413679134], [-118.290641551962, 33.7257424973014], [-118.290642143124, 33.7256187356424], [-118.290313293014, 33.7256176337336]]]}}, {"type": "Feature", "properties": {"zone_id": "0207655CZ2EJQ9EU8O9CMZ", "tract_id": "06037297201", "city": "SAN PEDRO, CA", "zone_code": "RD1.5-1XL", "zone_category": "Residential", "ev_permitted": false}, "geometry": {"type": "Polygon", "coordinates": [[[-118.290313851871, 33.7254938996355], [-118.290313293014, 33.7256176337336], [-118.290642143124, 33.7256187356424], [-118.290642701496, 33.7254950015427], [-118.290313851871, 33.7254938996355]]]}}, {"type": "Feature", "properties": {"zone_id": "0200C1BDHVWK9O7W9R4WOX", "tract_id": "06037297201", "city": "SAN PEDRO, CA", "zone_code": "RD1.5-1XL", "zone_category": "Residential", "ev_permitted": false}, "geometry": {"type": "Polygon", "coordinates": [[[-118.289754214802, 33.7256157117928], [-118.28975362233, 33.7257394734474], [-118.29008247291, 33.7257405768861], [-118.290083064992, 33.7256168427075], [-118.289754214802, 33.7256157117928]]]}}, {"type": "Feature", "properties": {"zone_id": "0205WLP1GR3HZRXAPHLUPS", "tract_id": "06037297201", "city": "SAN PEDRO, CA", "zone_code": "RD1.5-1XL", "zone_category": "Residential", "ev_permitted": false}, "geometry": {"type": "Polygon", "coordinates": [[[-118.289754774481, 33.7254919776973], [-118.289754214802, 33.7256157117928], [-118.290083064992, 33.7256168427075], [-118.290083624187, 33.7254931086105], [-118.289754774481, 33.7254919776973]]]}}, {"type": "Feature", "properties": {"zone_id": "0205CZRRIBY656VLU2LDYH", "tract_id": "06037297201", "city": "SAN PEDRO, CA", "zone_code": "RD1.5-1XL", "zone_category": "Residential", "ev_permitted": false}, "geometry": {"type": "Polygon", "coordinates": [[[-118.292156226362, 33.7252526352134], [-118.292154594182, 33.7255964420229], [-118.292286101451, 33.7255969194294], [-118.292287732997, 33.7252530851405], [-118.292156226362, 33.7252526352134]]]}}, {"type": "Feature", "properties": {"zone_id": "0202VQJL22CYRK5WQDDHTX", "tract_id": "06037297201", "city": "SAN PEDRO, CA", "zone_code": "RD1.5-1XL", "zone_category": "Residential", "ev_permitted": false}, "geometry": {"type": "Polygon", "coordinates": [[[-118.291893213287, 33.7252517898831], [-118.29189157984, 33.7255955417337], [-118.292023119894, 33.7255959918704], [-118.292024719824, 33.7252522126202], [-118.291893213287, 33.7252517898831]]]}}, {"type": "Feature", "properties": {"zone_id": "0200NJJ4YSCPH8OKPOJ3LP", "tract_id": "06037297201", "city": "SAN PEDRO, CA", "zone_code": "RD1.5-1XL", "zone_category": "Residential", "ev_permitted": false}, "geometry": {"type": "Polygon", "coordinates": [[[-118.292024719824, 33.7252522126202], [-118.292023119894, 33.7255959918704], [-118.292154594182, 33.7255964420229], [-118.292156226362, 33.7252526352134], [-118.292024719824, 33.7252522126202]]]}}, {"type": "Feature", "properties": {"zone_id": "0200HGKN8J1V34NXGFFR80", "tract_id": "06037297201", "city": "SAN PEDRO, CA", "zone_code": "RD1.5-1XL", "zone_category": "Residential", "ev_permitted": false}, "geometry": {"type": "Polygon", "coordinates": [[[-118.292158634262, 33.7247442342368], [-118.292157001146, 33.7250877662444], [-118.292288540407, 33.7250882160908], [-118.292290140006, 33.7247446566836], [-118.292158634262, 33.7247442342368]]]}}, {"type": "Feature", "properties": {"zone_id": "0202Z111AVFXWNINIVDM2L", "tract_id": "06037297201", "city": "SAN PEDRO, CA", "zone_code": "RD1.5-1XL", "zone_category": "Residential", "ev_permitted": false}, "geometry": {"type": "Polygon", "coordinates": [[[-118.2918955898, 33.724743361514], [-118.291893988492, 33.7250868934383], [-118.292025494771, 33.7250873161745], [-118.292027095636, 33.7247438117261], [-118.2918955898, 33.724743361514]]]}}, {"type": "Feature", "properties": {"zone_id": "0207DLJ1OJRGZCCXXG4UQ6", "tract_id": "06037297201", "city": "SAN PEDRO, CA", "zone_code": "RD1.5-1XL", "zone_category": "Residential", "ev_permitted": false}, "geometry": {"type": "Polygon", "coordinates": [[[-118.292027095636, 33.7247438117261], [-118.292025494771, 33.7250873161745], [-118.292157001146, 33.7250877662444], [-118.292158634262, 33.7247442342368], [-118.292027095636, 33.7247438117261]]]}}, {"type": "Feature", "properties": {"zone_id": "02073URIRQBVWV38PA8UJW", "tract_id": "06037297201", "city": "SAN PEDRO, CA", "zone_code": "RD1.5-1XL", "zone_category": "Residential", "ev_permitted": false}, "geometry": {"type": "Polygon", "coordinates": [[[-118.291498693398, 33.7252504383766], [-118.291497058336, 33.7255941902218], [-118.291628565503, 33.7255946408696], [-118.291630232815, 33.7252508614652], [-118.291498693398, 33.7252504383766]]]}}, {"type": "Feature", "properties": {"zone_id": "02040NEIC6IUTEYJ3OAENQ", "tract_id": "06037297201", "city": "SAN PEDRO, CA", "zone_code": "RD1.5-1XL", "zone_category": "Residential", "ev_permitted": false}, "geometry": {"type": "Polygon", "coordinates": [[[-118.291630232815, 33.7252508614652], [-118.291628565503, 33.7255946408696], [-118.29176007267, 33.7255950913735], [-118.291761706561, 33.7252513120471], [-118.291630232815, 33.7252508614652]]]}}, {"type": "Feature", "properties": {"zone_id": "02013P3WSKH2DL7N5JS6T7", "tract_id": "06037297201", "city": "SAN PEDRO, CA", "zone_code": "RD1.5-1XL", "zone_category": "Residential", "ev_permitted": false}, "geometry": {"type": "Polygon", "coordinates": [[[-118.291761706561, 33.7252513120471], [-118.29176007267, 33.7255950913735], [-118.29189157984, 33.7255955417337], [-118.291893213287, 33.7252517898831], [-118.291761706561, 33.7252513120471]]]}}, {"type": "Feature", "properties": {"zone_id": "0201OEHDPLQJBA0BZ146MW", "tract_id": "06037297201", "city": "SAN PEDRO, CA", "zone_code": "RD1.5-1XL", "zone_category": "Residential", "ev_permitted": false}, "geometry": {"type": "Polygon", "coordinates": [[[-118.291367186772, 33.7252499875869], [-118.291365551171, 33.7255937394303], [-118.291497058336, 33.7255941902218], [-118.291498693398, 33.7252504383766], [-118.291367186772, 33.7252499875869]]]}}, {"type": "Feature", "properties": {"zone_id": "0205LYDG0GCY9SUOW2I8Z9", "tract_id": "06037297201", "city": "SAN PEDRO, CA", "zone_code": "RD1.5-1XL", "zone_category": "Residential", "ev_permitted": false}, "geometry": {"type": "Polygon", "coordinates": [[[-118.291235680147, 33.7252495366535], [-118.291234044008, 33.7255932884951], [-118.291365551171, 33.7255937394303], [-118.291367186772, 33.7252499875869], [-118.291235680147, 33.7252495366535]]]}}, {"type": "Feature", "properties": {"zone_id": "0207LZC4N85SIR21ZYPMKI", "tract_id": "06037297201", "city": "SAN PEDRO, CA", "zone_code": "RD1.5-1XL", "zone_category": "Residential", "ev_permitted": false}, "geometry": {"type": "Polygon", "coordinates": [[[-118.291104173523, 33.7252490855763], [-118.291102536846, 33.725592837416], [-118.291234044008, 33.7255932884951], [-118.291235680147, 33.7252495366535], [-118.291104173523, 33.7252490855763]]]}}, {"type": "Feature", "properties": {"zone_id": "0204CHKETD123B84Q6A9S8", "tract_id": "06037297201", "city": "SAN PEDRO, CA", "zone_code": "RD1.5-1XL", "zone_category": "Residential", "ev_permitted": false}, "geometry": {"type": "Polygon", "coordinates": [[[-118.291764083965, 33.7247429111583], [-118.291762482024, 33.7250864156031], [-118.291893988492, 33.7250868934383], [-118.2918955898, 33.724743361514], [-118.291764083965, 33.7247429111583]]]}}, {"type": "Feature", "properties": {"zone_id": "0204E8M7HS6KQ6WX0GBA2J", "tract_id": "06037297201", "city": "SAN PEDRO, CA", "zone_code": "RD1.5-1XL", "zone_category": "Residential", "ev_permitted": false}, "geometry": {"type": "Polygon", "coordinates": [[[-118.291501105279, 33.7247420374134], [-118.291499436494, 33.725085542014], [-118.291630942864, 33.7250859926592], [-118.291632578132, 33.7247424606587], [-118.291501105279, 33.7247420374134]]]}}, {"type": "Feature", "properties": {"zone_id": "0203Q98IBIZHZ3HJQ7VZM1", "tract_id": "06037297201", "city": "SAN PEDRO, CA", "zone_code": "RD1.5-1XL", "zone_category": "Residential", "ev_permitted": false}, "geometry": {"type": "Polygon", "coordinates": [[[-118.291632578132, 33.7247424606587], [-118.291630942864, 33.7250859926592], [-118.291762482024, 33.7250864156031], [-118.291764083965, 33.7247429111583], [-118.291632578132, 33.7247424606587]]]}}, {"type": "Feature", "properties": {"zone_id": "02074RK97HYPCY3Q5Y2O89", "tract_id": "06037297201", "city": "SAN PEDRO, CA", "zone_code": "RD1.5-1XL", "zone_category": "Residential", "ev_permitted": false}, "geometry": {"type": "Polygon", "coordinates": [[[-118.291369566564, 33.724741586706], [-118.291367930221, 33.7250851187028], [-118.291499436494, 33.725085542014], [-118.291501105279, 33.7247420374134], [-118.291369566564, 33.724741586706]]]}}, {"type": "Feature", "properties": {"zone_id": "0201JVOQMF3T0X9N9INJPA", "tract_id": "06037297201", "city": "SAN PEDRO, CA", "zone_code": "RD1.5-1XL", "zone_category": "Residential", "ev_permitted": false}, "geometry": {"type": "Polygon", "coordinates": [[[-118.291238060735, 33.7247411357752], [-118.291236423854, 33.7250846677701], [-118.291367930221, 33.7250851187028], [-118.291369566564, 33.724741586706], [-118.291238060735, 33.7247411357752]]]}}, {"type": "Feature", "properties": {"zone_id": "0203TSILH3WWRFTC6QBO82", "tract_id": "06037297201", "city": "SAN PEDRO, CA", "zone_code": "RD1.5-1XL", "zone_category": "Residential", "ev_permitted": false}, "geometry": {"type": "Polygon", "coordinates": [[[-118.292160503794, 33.7243457734608], [-118.292158870598, 33.7246892779707], [-118.292290376351, 33.7246897278949], [-118.292292008914, 33.7243461959056], [-118.292160503794, 33.7243457734608]]]}}, {"type": "Feature", "properties": {"zone_id": "0205GJ9Y0G8VAO0QDD4FC7", "tract_id": "06037297201", "city": "SAN PEDRO, CA", "zone_code": "RD1.5-1XL", "zone_category": "Residential", "ev_permitted": false}, "geometry": {"type": "Polygon", "coordinates": [[[-118.291897460484, 33.7243448732646], [-118.291895859287, 33.7246884326463], [-118.292027364942, 33.7246888553804], [-118.292028965697, 33.7243453234745], [-118.291897460484, 33.7243448732646]]]}}, {"type": "Feature", "properties": {"zone_id": "0202VSFFHYMSI25V9Y9RDR", "tract_id": "06037297201", "city": "SAN PEDRO, CA", "zone_code": "RD1.5-1XL", "zone_category": "Residential", "ev_permitted": false}, "geometry": {"type": "Polygon", "coordinates": [[[-118.292028965697, 33.7243453234745], [-118.292027364942, 33.7246888553804], [-118.292158870598, 33.7246892779707], [-118.292160503794, 33.7243457734608], [-118.292028965697, 33.7243453234745]]]}}, {"type": "Feature", "properties": {"zone_id": "02021SYUTHMNM0V5YDZ3YS", "tract_id": "06037297201", "city": "SAN PEDRO, CA", "zone_code": "RD1.5-1XL", "zone_category": "Residential", "ev_permitted": false}, "geometry": {"type": "Polygon", "coordinates": [[[-118.291502945046, 33.7243435767274], [-118.291501309161, 33.7246870812283], [-118.291632814812, 33.7246875043937], [-118.291634450159, 33.724343999891], [-118.291502945046, 33.7243435767274]]]}}, {"type": "Feature", "properties": {"zone_id": "0204HSRIFLLNT6SA7AFEM8", "tract_id": "06037297201", "city": "SAN PEDRO, CA", "zone_code": "RD1.5-1XL", "zone_category": "Residential", "ev_permitted": false}, "geometry": {"type": "Polygon", "coordinates": [[[-118.291634450159, 33.724343999891], [-118.291632814812, 33.7246875043937], [-118.291764353443, 33.7246879548132], [-118.291765955369, 33.7243444503885], [-118.291634450159, 33.724343999891]]]}}, {"type": "Feature", "properties": {"zone_id": "0203Q7TKW555I4O5L1WJSJ", "tract_id": "06037297201", "city": "SAN PEDRO, CA", "zone_code": "RD1.5-1XL", "zone_category": "Residential", "ev_permitted": false}, "geometry": {"type": "Polygon", "coordinates": [[[-118.291765955369, 33.7243444503885], [-118.291764353443, 33.7246879548132], [-118.291895859287, 33.7246884326463], [-118.291897460484, 33.7243448732646], [-118.291765955369, 33.7243444503885]]]}}, {"type": "Feature", "properties": {"zone_id": "0201P10SL0X39K6APJFFJ8", "tract_id": "06037297201", "city": "SAN PEDRO, CA", "zone_code": "RD1.5-1XL", "zone_category": "Residential", "ev_permitted": false}, "geometry": {"type": "Polygon", "coordinates": [[[-118.29137143984, 33.7243431259424], [-118.291369803416, 33.7246866304415], [-118.291501309161, 33.7246870812283], [-118.291502945046, 33.7243435767274], [-118.29137143984, 33.7243431259424]]]}}, {"type": "Feature", "properties": {"zone_id": "0204MXJ7MCIDE3NQVGRQ0Y", "tract_id": "06037297201", "city": "SAN PEDRO, CA", "zone_code": "RD1.5-1XL", "zone_category": "Residential", "ev_permitted": false}, "geometry": {"type": "Polygon", "coordinates": [[[-118.29123990175, 33.7243426750933], [-118.291238297673, 33.7246861795109], [-118.291369803416, 33.7246866304415], [-118.29137143984, 33.7243431259424], [-118.29123990175, 33.7243426750933]]]}}, {"type": "Feature", "properties": {"zone_id": "0207I4QEPNOWU32YRA9VYY", "tract_id": "06037297201", "city": "SAN PEDRO, CA", "zone_code": "RD1.5-1XL", "zone_category": "Residential", "ev_permitted": false}, "geometry": {"type": "Polygon", "coordinates": [[[-118.291108396642, 33.7243422514984], [-118.291106791931, 33.7246857284366], [-118.291238297673, 33.7246861795109], [-118.29123990175, 33.7243426750933], [-118.291108396642, 33.7243422514984]]]}}, {"type": "Feature", "properties": {"zone_id": "0204NWM87WDS2GGBW1GEP3", "tract_id": "06037297201", "city": "SAN PEDRO, CA", "zone_code": "RD1.5-1XL", "zone_category": "Residential", "ev_permitted": false}, "geometry": {"type": "Polygon", "coordinates": [[[-118.290841160374, 33.7252482104682], [-118.290839522526, 33.7255919348267], [-118.290971029685, 33.7255923861932], [-118.290972666995, 33.7252486618329], [-118.290841160374, 33.7252482104682]]]}}, {"type": "Feature", "properties": {"zone_id": "0204A81NG8OZLW8PK262GL", "tract_id": "06037297201", "city": "SAN PEDRO, CA", "zone_code": "RD1.5-1XL", "zone_category": "Residential", "ev_permitted": false}, "geometry": {"type": "Polygon", "coordinates": [[[-118.290972666995, 33.7252486618329], [-118.290971029685, 33.7255923861932], [-118.291102536846, 33.725592837416], [-118.291104173523, 33.7252490855763], [-118.290972666995, 33.7252486618329]]]}}, {"type": "Feature", "properties": {"zone_id": "0201ATH2A83TYMNTNKPUB8", "tract_id": "06037297201", "city": "SAN PEDRO, CA", "zone_code": "RD1.5-1XL", "zone_category": "Residential", "ev_permitted": false}, "geometry": {"type": "Polygon", "coordinates": [[[-118.29070962087, 33.7252477590391], [-118.290708015368, 33.7255914833164], [-118.290839522526, 33.7255919348267], [-118.290841160374, 33.7252482104682], [-118.29070962087, 33.7252477590391]]]}}, {"type": "Feature", "properties": {"zone_id": "02075GAZ724YFCHDQA1PV5", "tract_id": "06037297201", "city": "SAN PEDRO, CA", "zone_code": "RD1.5-1XL", "zone_category": "Residential", "ev_permitted": false}, "geometry": {"type": "Polygon", "coordinates": [[[-118.290843510467, 33.7247398096772], [-118.290841904856, 33.7250833415873], [-118.290973411124, 33.7250837654736], [-118.290975049081, 33.7247402334823], [-118.290843510467, 33.7247398096772]]]}}, {"type": "Feature", "properties": {"zone_id": "0201SVDZ5G66J7K9J1RXZS", "tract_id": "06037297201", "city": "SAN PEDRO, CA", "zone_code": "RD1.5-1XL", "zone_category": "Residential", "ev_permitted": false}, "geometry": {"type": "Polygon", "coordinates": [[[-118.290975049081, 33.7247402334823], [-118.290973411124, 33.7250837654736], [-118.291236423854, 33.7250846677701], [-118.291238060735, 33.7247411357752], [-118.290975049081, 33.7247402334823]]]}}, {"type": "Feature", "properties": {"zone_id": "0203ND0AQT8GBIZBW81D7K", "tract_id": "06037297201", "city": "SAN PEDRO, CA", "zone_code": "RD1.5-1XL", "zone_category": "Residential", "ev_permitted": false}, "geometry": {"type": "Polygon", "coordinates": [[[-118.290711938875, 33.7247393583303], [-118.290710398495, 33.7250828900796], [-118.290841904856, 33.7250833415873], [-118.290843510467, 33.7247398096772], [-118.290711938875, 33.7247393583303]]]}}, {"type": "Feature", "properties": {"zone_id": "0206J7FKIYO5E466K2JC5P", "tract_id": "06037297201", "city": "SAN PEDRO, CA", "zone_code": "RD1.5-1XL", "zone_category": "Residential", "ev_permitted": false}, "geometry": {"type": "Polygon", "coordinates": [[[-118.290315002462, 33.7252464313666], [-118.29031441063, 33.7253701380619], [-118.290643259866, 33.7253712674453], [-118.290643851119, 33.7252475332707], [-118.290315002462, 33.7252464313666]]]}}, {"type": "Feature", "properties": {"zone_id": "0205Y294Z299O1SAQQAGTH", "tract_id": "06037297201", "city": "SAN PEDRO, CA", "zone_code": "RD1.5-1XL", "zone_category": "Residential", "ev_permitted": false}, "geometry": {"type": "Polygon", "coordinates": [[[-118.29031441063, 33.7253701380619], [-118.290313851871, 33.7254938996355], [-118.290642701496, 33.7254950015427], [-118.290643259866, 33.7253712674453], [-118.29031441063, 33.7253701380619]]]}}, {"type": "Feature", "properties": {"zone_id": "02034A55E7WF4LBJKEO9Z0", "tract_id": "06037297201", "city": "SAN PEDRO, CA", "zone_code": "RD1.5-1XL", "zone_category": "Residential", "ev_permitted": false}, "geometry": {"type": "Polygon", "coordinates": [[[-118.28975592672, 33.7252445094338], [-118.289755367044, 33.7253682435248], [-118.29008421617, 33.7253693469588], [-118.290084775457, 33.7252456403438], [-118.28975592672, 33.7252445094338]]]}}, {"type": "Feature", "properties": {"zone_id": "0203LNYP4QRNZ1Y1ODTF7E", "tract_id": "06037297201", "city": "SAN PEDRO, CA", "zone_code": "RD1.5-1XL", "zone_category": "Residential", "ev_permitted": false}, "geometry": {"type": "Polygon", "coordinates": [[[-118.289755367044, 33.7253682435248], [-118.289754774481, 33.7254919776973], [-118.290083624187, 33.7254931086105], [-118.29008421617, 33.7253693469588], [-118.289755367044, 33.7253682435248]]]}}, {"type": "Feature", "properties": {"zone_id": "0205LKV6BUWZDX0XUFTIOW", "tract_id": "06037297201", "city": "SAN PEDRO, CA", "zone_code": "RD1.5-1XL", "zone_category": "Residential", "ev_permitted": false}, "geometry": {"type": "Polygon", "coordinates": [[[-118.2903163399, 33.7249578832765], [-118.290315747977, 33.725081562489], [-118.290644628872, 33.7250826643116], [-118.290645187522, 33.7249590126545], [-118.2903163399, 33.7249578832765]]]}}, {"type": "Feature", "properties": {"zone_id": "0202RLEYMEXR3BZAXN1U1M", "tract_id": "06037297201", "city": "SAN PEDRO, CA", "zone_code": "RD1.5-1XL", "zone_category": "Residential", "ev_permitted": false}, "geometry": {"type": "Polygon", "coordinates": [[[-118.289757266173, 33.7249559888276], [-118.289756706311, 33.7250796679582], [-118.290085554308, 33.7250807713885], [-118.290086146665, 33.7249571196547], [-118.289757266173, 33.7249559888276]]]}}, {"type": "Feature", "properties": {"zone_id": "0206HWYI4EA736K9T78X0D", "tract_id": "06037297201", "city": "SAN PEDRO, CA", "zone_code": "RD1.5-1XL", "zone_category": "Residential", "ev_permitted": false}, "geometry": {"type": "Polygon", "coordinates": [[[-118.290845386238, 33.724341348922], [-118.290843747663, 33.7246848534138], [-118.290975253402, 33.7246853047757], [-118.290976891439, 33.7243418002821], [-118.290845386238, 33.724341348922]]]}}, {"type": "Feature", "properties": {"zone_id": "0202G92NS9HBKWBG8R9QEG", "tract_id": "06037297201", "city": "SAN PEDRO, CA", "zone_code": "RD1.5-1XL", "zone_category": "Residential", "ev_permitted": false}, "geometry": {"type": "Polygon", "coordinates": [[[-118.290976891439, 33.7243418002821], [-118.290975253402, 33.7246853047757], [-118.291106791931, 33.7246857284366], [-118.291108396642, 33.7243422514984], [-118.290976891439, 33.7243418002821]]]}}, {"type": "Feature", "properties": {"zone_id": "02062MF4IGBA1JCCC5TL1K", "tract_id": "06037297201", "city": "SAN PEDRO, CA", "zone_code": "RD1.5-1XL", "zone_category": "Residential", "ev_permitted": false}, "geometry": {"type": "Polygon", "coordinates": [[[-118.290713848249, 33.7243409249752], [-118.29071227481, 33.7246844018287], [-118.290843747663, 33.7246848534138], [-118.290845386238, 33.724341348922], [-118.290713848249, 33.7243409249752]]]}}, {"type": "Feature", "properties": {"zone_id": "02072UB8UPXXFPVG8ECNCK", "tract_id": "06037297201", "city": "SAN PEDRO, CA", "zone_code": "RD1.5-1XL", "zone_category": "Residential", "ev_permitted": false}, "geometry": {"type": "Polygon", "coordinates": [[[-118.290318642092, 33.7244632490404], [-118.290318050081, 33.7245869007664], [-118.290646929134, 33.7245880300601], [-118.290647487682, 33.7244643509344], [-118.290318642092, 33.7244632490404]]]}}, {"type": "Feature", "properties": {"zone_id": "02018HBQ6G9KZS6BRQXACG", "tract_id": "06037297201", "city": "SAN PEDRO, CA", "zone_code": "RD1.5-1XL", "zone_category": "Residential", "ev_permitted": false}, "geometry": {"type": "Polygon", "coordinates": [[[-118.290319201218, 33.7243395973961], [-118.290318642092, 33.7244632490404], [-118.290647487682, 33.7244643509344], [-118.290648079208, 33.7243406992091], [-118.290319201218, 33.7243395973961]]]}}, {"type": "Feature", "properties": {"zone_id": "0203E7F5VSUF0CODRL0DCL", "tract_id": "06037297201", "city": "SAN PEDRO, CA", "zone_code": "RD1.5-1XL", "zone_category": "Residential", "ev_permitted": false}, "geometry": {"type": "Polygon", "coordinates": [[[-118.290316899032, 33.7248342316232], [-118.2903163399, 33.7249578832765], [-118.290645187522, 33.7249590126545], [-118.290645778959, 33.7248353334425], [-118.290316899032, 33.7248342316232]]]}}, {"type": "Feature", "properties": {"zone_id": "0202D5XKV01UBPIRDW2GKR", "tract_id": "06037297201", "city": "SAN PEDRO, CA", "zone_code": "RD1.5-1XL", "zone_category": "Residential", "ev_permitted": false}, "geometry": {"type": "Polygon", "coordinates": [[[-118.290317491047, 33.7247105798928], [-118.290316899032, 33.7248342316232], [-118.290645778959, 33.7248353334425], [-118.290646337606, 33.7247116817899], [-118.290317491047, 33.7247105798928]]]}}, {"type": "Feature", "properties": {"zone_id": "0206SOY82DQPC4MAKFLCQ3", "tract_id": "06037297201", "city": "SAN PEDRO, CA", "zone_code": "RD1.5-1XL", "zone_category": "Residential", "ev_permitted": false}, "geometry": {"type": "Polygon", "coordinates": [[[-118.290318050081, 33.7245869007664], [-118.290317491047, 33.7247105798928], [-118.290646337606, 33.7247116817899], [-118.290646929134, 33.7245880300601], [-118.290318050081, 33.7245869007664]]]}}, {"type": "Feature", "properties": {"zone_id": "0201XQQAWX1POOXD9JBZXJ", "tract_id": "06037297201", "city": "SAN PEDRO, CA", "zone_code": "RD1.5-1XL", "zone_category": "Residential", "ev_permitted": false}, "geometry": {"type": "Polygon", "coordinates": [[[-118.289759011802, 33.724585033724], [-118.289758418967, 33.7247086854493], [-118.290087298394, 33.7247097887956], [-118.290087857862, 33.7245861371478], [-118.289759011802, 33.724585033724]]]}}, {"type": "Feature", "properties": {"zone_id": "02026CCSHX0R9NA9EPW4GC", "tract_id": "06037297201", "city": "SAN PEDRO, CA", "zone_code": "RD1.5-1XL", "zone_category": "Residential", "ev_permitted": false}, "geometry": {"type": "Polygon", "coordinates": [[[-118.289758418967, 33.7247086854493], [-118.289757859013, 33.7248323370978], [-118.290086706136, 33.7248334680024], [-118.290087298394, 33.7247097887956], [-118.289758418967, 33.7247086854493]]]}}, {"type": "Feature", "properties": {"zone_id": "0201OW3O1IE5AF1UJUEV7M", "tract_id": "06037297201", "city": "SAN PEDRO, CA", "zone_code": "RD1.5-1XL", "zone_category": "Residential", "ev_permitted": false}, "geometry": {"type": "Polygon", "coordinates": [[[-118.289757859013, 33.7248323370978], [-118.289757266173, 33.7249559888276], [-118.290086146665, 33.7249571196547], [-118.290086706136, 33.7248334680024], [-118.289757859013, 33.7248323370978]]]}}, {"type": "Feature", "properties": {"zone_id": "0204Z1R8CPQRNOBU5JLUPP", "tract_id": "06037297201", "city": "SAN PEDRO, CA", "zone_code": "RD1.5-1XL", "zone_category": "Residential", "ev_permitted": false}, "geometry": {"type": "Polygon", "coordinates": [[[-118.28976016449, 33.7243377028815], [-118.289759011802, 33.724585033724], [-118.289890550168, 33.7245854587148], [-118.289891702564, 33.7243381553487], [-118.28976016449, 33.7243377028815]]]}}, {"type": "Feature", "properties": {"zone_id": "0200CAOX435LWN1K6Y8GUH", "tract_id": "06037297201", "city": "SAN PEDRO, CA", "zone_code": "RD1.5-1XL", "zone_category": "Residential", "ev_permitted": false}, "geometry": {"type": "Polygon", "coordinates": [[[-118.289891702564, 33.7243381553487], [-118.289890550168, 33.7245854587148], [-118.290087857862, 33.7245861371478], [-118.290089009677, 33.7243388337798], [-118.289891702564, 33.7243381553487]]]}}, {"type": "Feature", "properties": {"zone_id": "0204821BCOU5YZNH9AAZFG", "tract_id": "06037297201", "city": "SAN PEDRO, CA", "zone_code": "R2-1XL", "zone_category": "Residential", "ev_permitted": false}, "geometry": {"type": "Polygon", "coordinates": [[[-118.289416912627, 33.7274562758137], [-118.289415301319, 33.7277998627968], [-118.289546811928, 33.7278003157205], [-118.289548422793, 33.7274567562132], [-118.289416912627, 33.7274562758137]]]}}, {"type": "Feature", "properties": {"zone_id": "0203I9OAC184UZESU8QPWV", "tract_id": "06037297201", "city": "SAN PEDRO, CA", "zone_code": "R2-1XL", "zone_category": "Residential", "ev_permitted": false}, "geometry": {"type": "Polygon", "coordinates": [[[-118.289548422793, 33.7274567562132], [-118.289546811928, 33.7278003157205], [-118.289678322538, 33.7278007685004], [-118.289679932865, 33.7274572089913], [-118.289548422793, 33.7274567562132]]]}}, {"type": "Feature", "properties": {"zone_id": "0200MVJ1GO1SVSF2UNWJ3Y", "tract_id": "06037297201", "city": "SAN PEDRO, CA", "zone_code": "R2-1XL", "zone_category": "Residential", "ev_permitted": false}, "geometry": {"type": "Polygon", "coordinates": [[[-118.289679932865, 33.7274572089913], [-118.289678322538, 33.7278007685004], [-118.289809866034, 33.7278012210572], [-118.289811442938, 33.7274576616257], [-118.289679932865, 33.7274572089913]]]}}, {"type": "Feature", "properties": {"zone_id": "0200KK0W8EB0QGACQWUPDO", "tract_id": "06037297201", "city": "SAN PEDRO, CA", "zone_code": "R2-1XL", "zone_category": "Residential", "ev_permitted": false}, "geometry": {"type": "Polygon", "coordinates": [[[-118.289285369767, 33.7274558503048], [-118.289283790711, 33.7277994097294], [-118.289415301319, 33.7277998627968], [-118.289416912627, 33.7274562758137], [-118.289285369767, 33.7274558503048]]]}}, {"type": "Feature", "properties": {"zone_id": "020688DBY7ZBVQ4TFYAMBA", "tract_id": "06037297201", "city": "SAN PEDRO, CA", "zone_code": "R2-1XL", "zone_category": "Residential", "ev_permitted": false}, "geometry": {"type": "Polygon", "coordinates": [[[-118.289153859605, 33.7274553696177], [-118.289152280011, 33.7277989290405], [-118.289283790711, 33.7277994097294], [-118.289285369767, 33.7274558503048], [-118.289153859605, 33.7274553696177]]]}}, {"type": "Feature", "properties": {"zone_id": "02058HIHH7BR7NB9G0OBRI", "tract_id": "06037297201", "city": "SAN PEDRO, CA", "zone_code": "R2-1XL", "zone_category": "Residential", "ev_permitted": false}, "geometry": {"type": "Polygon", "coordinates": [[[-118.289550271694, 33.7270582404432], [-118.289548660844, 33.7274017999304], [-118.28968017083, 33.7274022527083], [-118.289681781142, 33.7270586932193], [-118.289550271694, 33.7270582404432]]]}}, {"type": "Feature", "properties": {"zone_id": "0202W4IP1ROTCPTT4UR4DT", "tract_id": "06037297201", "city": "SAN PEDRO, CA", "zone_code": "R2-1XL", "zone_category": "Residential", "ev_permitted": false}, "geometry": {"type": "Polygon", "coordinates": [[[-118.289681781142, 33.7270586932193], [-118.28968017083, 33.7274022527083], [-118.289811713703, 33.7274027052631], [-118.289813290592, 33.7270591458515], [-118.289681781142, 33.7270586932193]]]}}, {"type": "Feature", "properties": {"zone_id": "0201OU5AI61UIH8SMIKC78", "tract_id": "06037297201", "city": "SAN PEDRO, CA", "zone_code": "R2-1XL", "zone_category": "Residential", "ev_permitted": false}, "geometry": {"type": "Polygon", "coordinates": [[[-118.289418762342, 33.727057815001], [-118.289417150859, 33.7274013470088], [-118.289548660844, 33.7274017999304], [-118.289550271694, 33.7270582404432], [-118.289418762342, 33.727057815001]]]}}, {"type": "Feature", "properties": {"zone_id": "0205D3JW3Q2ZJDB6WH9PTC", "tract_id": "06037297201", "city": "SAN PEDRO, CA", "zone_code": "R2-1XL", "zone_category": "Residential", "ev_permitted": false}, "geometry": {"type": "Polygon", "coordinates": [[[-118.289287219917, 33.7270573345388], [-118.289285607991, 33.7274008940225], [-118.289417150859, 33.7274013470088], [-118.289418762342, 33.727057815001], [-118.289287219917, 33.7270573345388]]]}}, {"type": "Feature", "properties": {"zone_id": "0200BOJA7JK1B7T548XDR7", "tract_id": "06037297201", "city": "SAN PEDRO, CA", "zone_code": "R2-1XL", "zone_category": "Residential", "ev_permitted": false}, "geometry": {"type": "Polygon", "coordinates": [[[-118.289155710473, 33.7270568813314], [-118.289154097915, 33.7274004133356], [-118.289285607991, 33.7274008940225], [-118.289287219917, 33.7270573345388], [-118.289155710473, 33.7270568813314]]]}}, {"type": "Feature", "properties": {"zone_id": "02073D8EJ58AHHHRBTGJRV", "tract_id": "06037297201", "city": "SAN PEDRO, CA", "zone_code": "R2-1XL", "zone_category": "Residential", "ev_permitted": false}, "geometry": {"type": "Polygon", "coordinates": [[[-118.28875932941, 33.7274540091268], [-118.288757715222, 33.7277975411456], [-118.288889225918, 33.7277980222658], [-118.288890839473, 33.7274544627675], [-118.28875932941, 33.7274540091268]]]}}, {"type": "Feature", "properties": {"zone_id": "02031IBJIWIIAFUW2MZI0S", "tract_id": "06037297201", "city": "SAN PEDRO, CA", "zone_code": "R2-1XL", "zone_category": "Residential", "ev_permitted": false}, "geometry": {"type": "Polygon", "coordinates": [[[-118.289022349538, 33.7274549162644], [-118.289020736521, 33.7277984757646], [-118.289152280011, 33.7277989290405], [-118.289153859605, 33.7274553696177], [-118.289022349538, 33.7274549162644]]]}}, {"type": "Feature", "properties": {"zone_id": "0206YRX7DR6Q4NBWRHIDQR", "tract_id": "06037297201", "city": "SAN PEDRO, CA", "zone_code": "R2-1XL", "zone_category": "Residential", "ev_permitted": false}, "geometry": {"type": "Polygon", "coordinates": [[[-118.288890839473, 33.7274544627675], [-118.288889225918, 33.7277980222658], [-118.289020736521, 33.7277984757646], [-118.289022349538, 33.7274549162644], [-118.288890839473, 33.7274544627675]]]}}, {"type": "Feature", "properties": {"zone_id": "0202Z0MUP5I7BOHW0RJSZW", "tract_id": "06037297201", "city": "SAN PEDRO, CA", "zone_code": "R2-1XL", "zone_category": "Residential", "ev_permitted": false}, "geometry": {"type": "Polygon", "coordinates": [[[-118.288627786462, 33.7274535554212], [-118.288626171831, 33.7277971149159], [-118.288757715222, 33.7277975411456], [-118.28875932941, 33.7274540091268], [-118.288627786462, 33.7274535554212]]]}}, {"type": "Feature", "properties": {"zone_id": "02071U5YL6PSA59T3QA3XV", "tract_id": "06037297201", "city": "SAN PEDRO, CA", "zone_code": "R2-1XL", "zone_category": "Residential", "ev_permitted": false}, "geometry": {"type": "Polygon", "coordinates": [[[-118.288496276402, 33.7274531014928], [-118.288494661233, 33.7277966609858], [-118.288626171831, 33.7277971149159], [-118.288627786462, 33.7274535554212], [-118.288496276402, 33.7274531014928]]]}}, {"type": "Feature", "properties": {"zone_id": "0202D05P84T9IN7588A9EO", "tract_id": "06037297201", "city": "SAN PEDRO, CA", "zone_code": "R2-1XL", "zone_category": "Residential", "ev_permitted": false}, "geometry": {"type": "Polygon", "coordinates": [[[-118.289024201031, 33.7270564279802], [-118.289022587934, 33.7273999599827], [-118.289154097915, 33.7274004133356], [-118.289155710473, 33.7270568813314], [-118.289024201031, 33.7270564279802]]]}}, {"type": "Feature", "properties": {"zone_id": "0200IR0L1TFANWMK4ATBFP", "tract_id": "06037297201", "city": "SAN PEDRO, CA", "zone_code": "R2-1XL", "zone_category": "Residential", "ev_permitted": false}, "geometry": {"type": "Polygon", "coordinates": [[[-118.28876114917, 33.7270554934479], [-118.288759568072, 33.7273990803231], [-118.288891077955, 33.727399506486], [-118.288892691495, 33.7270559470077], [-118.28876114917, 33.7270554934479]]]}}, {"type": "Feature", "properties": {"zone_id": "0202CB9XEK4ZEWVBALJ1BE", "tract_id": "06037297201", "city": "SAN PEDRO, CA", "zone_code": "R2-1XL", "zone_category": "Residential", "ev_permitted": false}, "geometry": {"type": "Polygon", "coordinates": [[[-118.288892691495, 33.7270559470077], [-118.288891077955, 33.727399506486], [-118.289022587934, 33.7273999599827], [-118.289024201031, 33.7270564279802], [-118.288892691495, 33.7270559470077]]]}}, {"type": "Feature", "properties": {"zone_id": "0201EUY3TO4FWOIY420T6I", "tract_id": "06037297201", "city": "SAN PEDRO, CA", "zone_code": "R2-1XL", "zone_category": "Residential", "ev_permitted": false}, "geometry": {"type": "Polygon", "coordinates": [[[-118.288629639732, 33.7270550396655], [-118.288628025116, 33.7273985991402], [-118.288759568072, 33.7273990803231], [-118.28876114917, 33.7270554934479], [-118.288629639732, 33.7270550396655]]]}}, {"type": "Feature", "properties": {"zone_id": "0202QMV94YKEUKQQOETHG4", "tract_id": "06037297201", "city": "SAN PEDRO, CA", "zone_code": "R2-1XL", "zone_category": "Residential", "ev_permitted": false}, "geometry": {"type": "Polygon", "coordinates": [[[-118.28849809741, 33.7270545858181], [-118.288496515047, 33.7273981177345], [-118.288628025116, 33.7273985991402], [-118.288629639732, 33.7270550396655], [-118.28849809741, 33.7270545858181]]]}}, {"type": "Feature", "properties": {"zone_id": "02063ZNJB567HIFFR4T4AY", "tract_id": "06037297201", "city": "SAN PEDRO, CA", "zone_code": "RD2-1XL", "zone_category": "Residential", "ev_permitted": false}, "geometry": {"type": "Polygon", "coordinates": [[[-118.289421035821, 33.7265437538707], [-118.289419616642, 33.7268571971415], [-118.289682602024, 33.7268581029147], [-118.289684085991, 33.7265446594824], [-118.289421035821, 33.7265437538707]]]}}, {"type": "Feature", "properties": {"zone_id": "0201V9OWORIFQQD3KGOH9M", "tract_id": "06037297201", "city": "SAN PEDRO, CA", "zone_code": "RD2-1XL", "zone_category": "Residential", "ev_permitted": false}, "geometry": {"type": "Polygon", "coordinates": [[[-118.289158051426, 33.7265428475257], [-118.289156425205, 33.7268919575411], [-118.289287934486, 33.7268924382253], [-118.289289560065, 33.7265433007305], [-118.289158051426, 33.7265428475257]]]}}, {"type": "Feature", "properties": {"zone_id": "0200VGQL4FATTSTLDVY10P", "tract_id": "06037297201", "city": "SAN PEDRO, CA", "zone_code": "RD2-1XL", "zone_category": "Residential", "ev_permitted": false}, "geometry": {"type": "Polygon", "coordinates": [[[-118.289289560065, 33.7265433007305], [-118.289287934486, 33.7268924382253], [-118.289419443767, 33.7268929187658], [-118.289421035821, 33.7265437538707], [-118.289289560065, 33.7265433007305]]]}}, {"type": "Feature", "properties": {"zone_id": "0207KL7NL6SPMRIDICDBGN", "tract_id": "06037297201", "city": "SAN PEDRO, CA", "zone_code": "RD1.5-1XL", "zone_category": "Residential", "ev_permitted": false}, "geometry": {"type": "Polygon", "coordinates": [[[-118.291899837232, 33.7238365273961], [-118.291898170001, 33.7241800044789], [-118.292029707839, 33.7241804546081], [-118.292031374532, 33.7238369775235], [-118.291899837232, 33.7238365273961]]]}}, {"type": "Feature", "properties": {"zone_id": "02052P06USZSFQ2CBQDZ63", "tract_id": "06037297201", "city": "SAN PEDRO, CA", "zone_code": "RD1.5-1XL", "zone_category": "Residential", "ev_permitted": false}, "geometry": {"type": "Polygon", "coordinates": [[[-118.291636762732, 33.7238356541872], [-118.291635127308, 33.7241791311866], [-118.29176663226, 33.7241795816833], [-118.291768299934, 33.7238360771248], [-118.291636762732, 33.7238356541872]]]}}, {"type": "Feature", "properties": {"zone_id": "0200AB82C71POUHO3OE8K4", "tract_id": "06037297201", "city": "SAN PEDRO, CA", "zone_code": "RD1.5-1XL", "zone_category": "Residential", "ev_permitted": false}, "geometry": {"type": "Polygon", "coordinates": [[[-118.291505225436, 33.7238352036282], [-118.291503523802, 33.7241787082628], [-118.291635127308, 33.7241791311866], [-118.291636762732, 33.7238356541872], [-118.291505225436, 33.7238352036282]]]}}, {"type": "Feature", "properties": {"zone_id": "0203TLJORP3J08X0V25V59", "tract_id": "06037297201", "city": "SAN PEDRO, CA", "zone_code": "RD1.5-1XL", "zone_category": "Residential", "ev_permitted": false}, "geometry": {"type": "Polygon", "coordinates": [[[-118.291768299934, 33.7238360771248], [-118.29176663226, 33.7241795816833], [-118.291898170001, 33.7241800044789], [-118.291899837232, 33.7238365273961], [-118.291768299934, 33.7238360771248]]]}}, {"type": "Feature", "properties": {"zone_id": "0202D9SSDKVYMTSP9YDH1Y", "tract_id": "06037297201", "city": "SAN PEDRO, CA", "zone_code": "RD1.5-1XL", "zone_category": "Residential", "ev_permitted": false}, "geometry": {"type": "Polygon", "coordinates": [[[-118.291242117964, 33.7238343021584], [-118.291240448139, 33.7241778067096], [-118.29137198597, 33.7241782575581], [-118.291373688141, 33.7238347529254], [-118.291242117964, 33.7238343021584]]]}}, {"type": "Feature", "properties": {"zone_id": "02052TJ8XNLJO7KPV55K17", "tract_id": "06037297201", "city": "SAN PEDRO, CA", "zone_code": "RD1.5-1XL", "zone_category": "Residential", "ev_permitted": false}, "geometry": {"type": "Polygon", "coordinates": [[[-118.291373688141, 33.7238347529254], [-118.29137198597, 33.7241782575581], [-118.291503523802, 33.7241787082628], [-118.291505225436, 33.7238352036282], [-118.291373688141, 33.7238347529254]]]}}, {"type": "Feature", "properties": {"zone_id": "0206PLVOETX5YL5B4LF32X", "tract_id": "06037297201", "city": "SAN PEDRO, CA", "zone_code": "RD1.5-1XL", "zone_category": "Residential", "ev_permitted": false}, "geometry": {"type": "Polygon", "coordinates": [[[-118.292164879976, 33.7234389665447], [-118.292163213932, 33.7237824710887], [-118.292294751053, 33.7237828934506], [-118.292296416655, 33.7234394163824], [-118.292164879976, 33.7234389665447]]]}}, {"type": "Feature", "properties": {"zone_id": "020477ND72H0R9PH8FLP0U", "tract_id": "06037297201", "city": "SAN PEDRO, CA", "zone_code": "RD1.5-1XL", "zone_category": "Residential", "ev_permitted": false}, "geometry": {"type": "Polygon", "coordinates": [[[-118.291901806622, 33.723438066438], [-118.291900106619, 33.723781571058], [-118.292031643833, 33.7237820211852], [-118.292033343298, 33.7234385165633], [-118.291901806622, 33.723438066438]]]}}, {"type": "Feature", "properties": {"zone_id": "02023MSFG2C9E250E93I3J", "tract_id": "06037297201", "city": "SAN PEDRO, CA", "zone_code": "RD1.5-1XL", "zone_category": "Residential", "ev_permitted": false}, "geometry": {"type": "Polygon", "coordinates": [[[-118.292033343298, 33.7234385165633], [-118.292031643833, 33.7237820211852], [-118.292163213932, 33.7237824710887], [-118.292164879976, 33.7234389665447], [-118.292033343298, 33.7234385165633]]]}}, {"type": "Feature", "properties": {"zone_id": "0203YF1J5AM0H2DNIJLK2B", "tract_id": "06037297201", "city": "SAN PEDRO, CA", "zone_code": "RD1.5-1XL", "zone_category": "Residential", "ev_permitted": false}, "geometry": {"type": "Polygon", "coordinates": [[[-118.291638700486, 33.7234371933132], [-118.29163703229, 33.7237806978498], [-118.291768569406, 33.723781120787], [-118.29177023716, 33.7234376437262], [-118.291638700486, 33.7234371933132]]]}}, {"type": "Feature", "properties": {"zone_id": "0200MVB0FTLO7YY4JV83WE", "tract_id": "06037297201", "city": "SAN PEDRO, CA", "zone_code": "RD1.5-1XL", "zone_category": "Residential", "ev_permitted": false}, "geometry": {"type": "Polygon", "coordinates": [[[-118.291507163814, 33.7234367427564], [-118.29150549508, 33.7237802472911], [-118.29163703229, 33.7237806978498], [-118.291638700486, 33.7234371933132], [-118.291507163814, 33.7234367427564]]]}}, {"type": "Feature", "properties": {"zone_id": "0200UC8XYUG9A99FP09DJB", "tract_id": "06037297201", "city": "SAN PEDRO, CA", "zone_code": "RD1.5-1XL", "zone_category": "Residential", "ev_permitted": false}, "geometry": {"type": "Polygon", "coordinates": [[[-118.29177023716, 33.7234376437262], [-118.291768569406, 33.723781120787], [-118.291900106619, 33.723781571058], [-118.291901806622, 33.723438066438], [-118.29177023716, 33.7234376437262]]]}}, {"type": "Feature", "properties": {"zone_id": "0200SIY288J1EOBD5IW9X5", "tract_id": "06037297201", "city": "SAN PEDRO, CA", "zone_code": "RD1.5-1XL", "zone_category": "Residential", "ev_permitted": false}, "geometry": {"type": "Polygon", "coordinates": [[[-118.29124409057, 33.7234358686888], [-118.291242387781, 33.7237793458219], [-118.291373957872, 33.7237797965886], [-118.291375627239, 33.7234363195333], [-118.29124409057, 33.7234358686888]]]}}, {"type": "Feature", "properties": {"zone_id": "0203OSQQJ3NZ486KTJBAI1", "tract_id": "06037297201", "city": "SAN PEDRO, CA", "zone_code": "RD1.5-1XL", "zone_category": "Residential", "ev_permitted": false}, "geometry": {"type": "Polygon", "coordinates": [[[-118.291375627239, 33.7234363195333], [-118.291373957872, 33.7237797965886], [-118.29150549508, 33.7237802472911], [-118.291507163814, 33.7234367427564], [-118.291375627239, 33.7234363195333]]]}}, {"type": "Feature", "properties": {"zone_id": "0201YU8WCUFBY0HBW3HZP4", "tract_id": "06037297201", "city": "SAN PEDRO, CA", "zone_code": "RD1.5-1XL", "zone_category": "Residential", "ev_permitted": false}, "geometry": {"type": "Polygon", "coordinates": [[[-118.291112553902, 33.7234354177005], [-118.291110817787, 33.7237789223888], [-118.291242387781, 33.7237793458219], [-118.29124409057, 33.7234358686888], [-118.291112553902, 33.7234354177005]]]}}, {"type": "Feature", "properties": {"zone_id": "0205AI2DDMZDO03DFQVPN4", "tract_id": "06037297201", "city": "SAN PEDRO, CA", "zone_code": "RD1.5-1XL", "zone_category": "Residential", "ev_permitted": false}, "geometry": {"type": "Polygon", "coordinates": [[[-118.290320637278, 33.7240510491064], [-118.290320012484, 33.7241747283818], [-118.290648856944, 33.724175830272], [-118.290649481254, 33.7240521509949], [-118.290320637278, 33.7240510491064]]]}}, {"type": "Feature", "properties": {"zone_id": "02037W2TENYYXJ7MGUHX3D", "tract_id": "06037297201", "city": "SAN PEDRO, CA", "zone_code": "RD1.5-1XL", "zone_category": "Residential", "ev_permitted": false}, "geometry": {"type": "Polygon", "coordinates": [[[-118.290847506189, 33.723832976233], [-118.290845834749, 33.7241764807786], [-118.290977372576, 33.7241769320586], [-118.290979043478, 33.7238334275111], [-118.290847506189, 33.723832976233]]]}}, {"type": "Feature", "properties": {"zone_id": "0202TI0G9GVOVCWTR9AELM", "tract_id": "06037297201", "city": "SAN PEDRO, CA", "zone_code": "RD1.5-1XL", "zone_category": "Residential", "ev_permitted": false}, "geometry": {"type": "Polygon", "coordinates": [[[-118.290979043478, 33.7238334275111], [-118.290977372576, 33.7241769320586], [-118.291240448139, 33.7241778067096], [-118.291242117964, 33.7238343021584], [-118.290979043478, 33.7238334275111]]]}}, {"type": "Feature", "properties": {"zone_id": "02030HIWLX4PKTUV6F9BAL", "tract_id": "06037297201", "city": "SAN PEDRO, CA", "zone_code": "RD1.5-1XL", "zone_category": "Residential", "ev_permitted": false}, "geometry": {"type": "Polygon", "coordinates": [[[-118.290716363505, 33.7238325238573], [-118.290714625857, 33.7241760560377], [-118.290845834749, 33.7241764807786], [-118.290847506189, 33.723832976233], [-118.290716363505, 33.7238325238573]]]}}, {"type": "Feature", "properties": {"zone_id": "0200MJY1UD7W4Q8DRB9CZC", "tract_id": "06037297201", "city": "SAN PEDRO, CA", "zone_code": "RD1.5-1XL", "zone_category": "Residential", "ev_permitted": false}, "geometry": {"type": "Polygon", "coordinates": [[[-118.290321821188, 33.7238037181987], [-118.290321229186, 33.7239273699126], [-118.290650105657, 33.7239284991976], [-118.290650730059, 33.7238048474026], [-118.290321821188, 33.7238037181987]]]}}, {"type": "Feature", "properties": {"zone_id": "0203TSC4OLXBAYG230JZAI", "tract_id": "06037297201", "city": "SAN PEDRO, CA", "zone_code": "RD1.5-1XL", "zone_category": "Residential", "ev_permitted": false}, "geometry": {"type": "Polygon", "coordinates": [[[-118.290321229186, 33.7239273699126], [-118.290320637278, 33.7240510491064], [-118.290649481254, 33.7240521509949], [-118.290650105657, 33.7239284991976], [-118.290321229186, 33.7239273699126]]]}}, {"type": "Feature", "properties": {"zone_id": "0201M8VRI5E2OJOLO6GSW8", "tract_id": "06037297201", "city": "SAN PEDRO, CA", "zone_code": "RD1.5-1XL", "zone_category": "Residential", "ev_permitted": false}, "geometry": {"type": "Polygon", "coordinates": [[[-118.289761569587, 33.7240491546778], [-118.289760944065, 33.7241728614279], [-118.290089821395, 33.7241739647671], [-118.290090413549, 33.7240502580946], [-118.289761569587, 33.7240491546778]]]}}, {"type": "Feature", "properties": {"zone_id": "0203IMF6TG39C26Q2O3KER", "tract_id": "06037297201", "city": "SAN PEDRO, CA", "zone_code": "RD1.5-1XL", "zone_category": "Residential", "ev_permitted": false}, "geometry": {"type": "Polygon", "coordinates": [[[-118.289762195203, 33.7239254754076], [-118.289761569587, 33.7240491546778], [-118.290090413549, 33.7240502580946], [-118.290091038775, 33.7239266063002], [-118.289762195203, 33.7239254754076]]]}}, {"type": "Feature", "properties": {"zone_id": "0200P38WMWT7IHVLCJ26S4", "tract_id": "06037297201", "city": "SAN PEDRO, CA", "zone_code": "RD1.5-1XL", "zone_category": "Residential", "ev_permitted": false}, "geometry": {"type": "Polygon", "coordinates": [[[-118.289762788028, 33.7238018236964], [-118.289762195203, 33.7239254754076], [-118.290091038775, 33.7239266063002], [-118.290091664095, 33.7238029819857], [-118.289762788028, 33.7238018236964]]]}}, {"type": "Feature", "properties": {"zone_id": "0206ISK8KAENV4CSI80BB1", "tract_id": "06037297201", "city": "SAN PEDRO, CA", "zone_code": "RD1.5-1XL", "zone_category": "Residential", "ev_permitted": false}, "geometry": {"type": "Polygon", "coordinates": [[[-118.290849433929, 33.7234400384509], [-118.290847776264, 33.7237780198973], [-118.291110817787, 33.7237789223888], [-118.291112507182, 33.7234409133816], [-118.290849433929, 33.7234400384509]]]}}, {"type": "Feature", "properties": {"zone_id": "0203MMGHLLO6CHNBCP3UPJ", "tract_id": "06037297201", "city": "SAN PEDRO, CA", "zone_code": "RD1.5-1XL", "zone_category": "Residential", "ev_permitted": false}, "geometry": {"type": "Polygon", "coordinates": [[[-118.290718338605, 33.7234340903965], [-118.290716633666, 33.723777567522], [-118.290847776264, 33.7237780198973], [-118.290849447783, 33.7234345428494], [-118.290718338605, 33.7234340903965]]]}}, {"type": "Feature", "properties": {"zone_id": "0203OCKCB044RRYW709PN7", "tract_id": "06037297201", "city": "SAN PEDRO, CA", "zone_code": "RD1.5-1XL", "zone_category": "Residential", "ev_permitted": false}, "geometry": {"type": "Polygon", "coordinates": [[[-118.290322478956, 33.7236800663283], [-118.290321821188, 33.7238037181987], [-118.290650730059, 33.7238048474026], [-118.290651354458, 33.7236811956098], [-118.290322478956, 33.7236800663283]]]}}, {"type": "Feature", "properties": {"zone_id": "0204J2ZF2K07LEIXZ71TX6", "tract_id": "06037297201", "city": "SAN PEDRO, CA", "zone_code": "RD1.5-1XL", "zone_category": "Residential", "ev_permitted": false}, "geometry": {"type": "Polygon", "coordinates": [[[-118.290323103837, 33.7235564145395], [-118.290322478956, 33.7236800663283], [-118.290651354458, 33.7236811956098], [-118.290651945877, 33.7235575164212], [-118.290323103837, 33.7235564145395]]]}}, {"type": "Feature", "properties": {"zone_id": "02064D4A79IW2E28L5ZWQJ", "tract_id": "06037297201", "city": "SAN PEDRO, CA", "zone_code": "RD1.5-1XL", "zone_category": "Residential", "ev_permitted": false}, "geometry": {"type": "Polygon", "coordinates": [[[-118.290323728717, 33.7234327627529], [-118.290323103837, 33.7235564145395], [-118.290651945877, 33.7235575164212], [-118.290652570273, 33.7234338646329], [-118.290323728717, 33.7234327627529]]]}}, {"type": "Feature", "properties": {"zone_id": "0200ESNQDPXPWMG4R1M1F2", "tract_id": "06037297201", "city": "SAN PEDRO, CA", "zone_code": "RD1.5-1XL", "zone_category": "Residential", "ev_permitted": false}, "geometry": {"type": "Polygon", "coordinates": [[[-118.290325163987, 33.7231439946809], [-118.290324539776, 33.7232678388054], [-118.290653380876, 33.7232689956383], [-118.290654004412, 33.7231450965568], [-118.290325163987, 33.7231439946809]]]}}, {"type": "Feature", "properties": {"zone_id": "0200SV4XQVQ2NTUGSE718C", "tract_id": "06037297201", "city": "SAN PEDRO, CA", "zone_code": "RD1.5-1XL", "zone_category": "Residential", "ev_permitted": false}, "geometry": {"type": "Polygon", "coordinates": [[[-118.289764039439, 33.7235545201225], [-118.289763413734, 33.7236781719083], [-118.290092289127, 33.7236792752407], [-118.290092881465, 33.7235556235324], [-118.289764039439, 33.7235545201225]]]}}, {"type": "Feature", "properties": {"zone_id": "02031S9Q2PIXXBRCVFOT7R", "tract_id": "06037297201", "city": "SAN PEDRO, CA", "zone_code": "RD1.5-1XL", "zone_category": "Residential", "ev_permitted": false}, "geometry": {"type": "Polygon", "coordinates": [[[-118.289763413734, 33.7236781719083], [-118.289762788028, 33.7238018236964], [-118.290091664095, 33.7238029819857], [-118.290092289127, 33.7236792752407], [-118.289763413734, 33.7236781719083]]]}}, {"type": "Feature", "properties": {"zone_id": "02045KR2Z5LGPHHZRS00OA", "tract_id": "06037297201", "city": "SAN PEDRO, CA", "zone_code": "RD1.5-1XL", "zone_category": "Residential", "ev_permitted": false}, "geometry": {"type": "Polygon", "coordinates": [[[-118.289876471222, 33.7234312309589], [-118.289875845683, 33.723554882743], [-118.290092881465, 33.7235556235324], [-118.290093506683, 33.7234319717471], [-118.289876471222, 33.7234312309589]]]}}, {"type": "Feature", "properties": {"zone_id": "0201FBSMJPRYPU8L43ZS6U", "tract_id": "06037297201", "city": "SAN PEDRO, CA", "zone_code": "RD1.5-1XL", "zone_category": "Residential", "ev_permitted": false}, "geometry": {"type": "Polygon", "coordinates": [[[-118.289764632259, 33.7234308684181], [-118.289764039439, 33.7235545201225], [-118.289875845683, 33.723554882743], [-118.289876471222, 33.7234312309589], [-118.289764632259, 33.7234308684181]]]}}, {"type": "Feature", "properties": {"zone_id": "0204ZWFCNZM4JQP3W4H2KG", "tract_id": "06037297201", "city": "SAN PEDRO, CA", "zone_code": "RD1.5-1XL", "zone_category": "Residential", "ev_permitted": false}, "geometry": {"type": "Polygon", "coordinates": [[[-118.289897582561, 33.7231549178961], [-118.289897013788, 33.7232664243341], [-118.290094351267, 33.723267102677], [-118.290094886799, 33.7231555688399], [-118.289897582561, 33.7231549178961]]]}}, {"type": "Feature", "properties": {"zone_id": "02068KR4ASCEH2W477JAW8", "tract_id": "06037297201", "city": "SAN PEDRO, CA", "zone_code": "RD1.5-1XL", "zone_category": "Residential", "ev_permitted": false}, "geometry": {"type": "Polygon", "coordinates": [[[-118.28976604634, 33.7231544654354], [-118.289765477393, 33.7232659718727], [-118.289897013788, 33.7232664243341], [-118.289897582561, 33.7231549178961], [-118.28976604634, 33.7231544654354]]]}}, {"type": "Feature", "properties": {"zone_id": "0206T620IVZSZB0NGW6XZF", "tract_id": "06037297201", "city": "SAN PEDRO, CA", "zone_code": "RD1.5-1XL", "zone_category": "Residential", "ev_permitted": false}, "geometry": {"type": "Polygon", "coordinates": [[[-118.292167353634, 33.7229305930216], [-118.29216568761, 33.7232740975399], [-118.292297224031, 33.7232745473766], [-118.292298889517, 33.7229310428565], [-118.292167353634, 33.7229305930216]]]}}, {"type": "Feature", "properties": {"zone_id": "0200X9C1EGJ5SL9ATT2THC", "tract_id": "06037297201", "city": "SAN PEDRO, CA", "zone_code": "RD1.5-1XL", "zone_category": "Residential", "ev_permitted": false}, "geometry": {"type": "Polygon", "coordinates": [[[-118.292035817848, 33.7229301705205], [-118.292034184074, 33.7232736474795], [-118.29216568761, 33.7232740975399], [-118.292167353634, 33.7229305930216], [-118.292035817848, 33.7229301705205]]]}}, {"type": "Feature", "properties": {"zone_id": "02039DMAP1PCM22Q8LPQJ7", "tract_id": "06037297201", "city": "SAN PEDRO, CA", "zone_code": "RD1.5-1XL", "zone_category": "Residential", "ev_permitted": false}, "geometry": {"type": "Polygon", "coordinates": [[[-118.291904281968, 33.722929720398], [-118.29190258189, 33.7232731975147], [-118.292034184074, 33.7232736474795], [-118.292035817848, 33.7229301705205], [-118.291904281968, 33.722929720398]]]}}, {"type": "Feature", "properties": {"zone_id": "02010UW9SN7IPAC4AD0TAP", "tract_id": "06037297201", "city": "SAN PEDRO, CA", "zone_code": "RD1.5-1XL", "zone_category": "Residential", "ev_permitted": false}, "geometry": {"type": "Polygon", "coordinates": [[[-118.292169288182, 33.7225319398491], [-118.292167622174, 33.7228754443471], [-118.292299157874, 33.7228758667041], [-118.292300856323, 33.7225323896019], [-118.292169288182, 33.7225319398491]]]}}, {"type": "Feature", "properties": {"zone_id": "0202HGE7OEI8ZIFFYAP9Z7", "tract_id": "06037297201", "city": "SAN PEDRO, CA", "zone_code": "RD1.5-1XL", "zone_category": "Residential", "ev_permitted": false}, "geometry": {"type": "Polygon", "coordinates": [[[-118.292037752925, 33.7225314898725], [-118.292036086379, 33.7228749943687], [-118.292167622174, 33.7228754443471], [-118.292169288182, 33.7225319398491], [-118.292037752925, 33.7225314898725]]]}}, {"type": "Feature", "properties": {"zone_id": "02007ZLPUJEK7QXFA359Z5", "tract_id": "06037297201", "city": "SAN PEDRO, CA", "zone_code": "RD1.5-1XL", "zone_category": "Residential", "ev_permitted": false}, "geometry": {"type": "Polygon", "coordinates": [[[-118.291906217764, 33.7225310672297], [-118.291904550585, 33.7228745442464], [-118.292036086379, 33.7228749943687], [-118.292037752925, 33.7225314898725], [-118.291906217764, 33.7225310672297]]]}}, {"type": "Feature", "properties": {"zone_id": "0200VWVNTKF2EPYU9Y18Y6", "tract_id": "06037297201", "city": "SAN PEDRO, CA", "zone_code": "RD1.5-1XL", "zone_category": "Residential", "ev_permitted": false}, "geometry": {"type": "Polygon", "coordinates": [[[-118.291509608665, 33.7229283968043], [-118.29150797274, 33.723271873756], [-118.291639509153, 33.723272324312], [-118.291641177329, 33.7229288198011], [-118.291509608665, 33.7229283968043]]]}}, {"type": "Feature", "properties": {"zone_id": "0201DALFQHF7F8PME0ZNP3", "tract_id": "06037297201", "city": "SAN PEDRO, CA", "zone_code": "RD1.5-1XL", "zone_category": "Residential", "ev_permitted": false}, "geometry": {"type": "Polygon", "coordinates": [[[-118.29177274609, 33.7229292701316], [-118.291771045473, 33.7232727472464], [-118.29190258189, 33.7232731975147], [-118.291904281968, 33.722929720398], [-118.29177274609, 33.7229292701316]]]}}, {"type": "Feature", "properties": {"zone_id": "0203KX8I6XPWAR4X3SXNJX", "tract_id": "06037297201", "city": "SAN PEDRO, CA", "zone_code": "RD1.5-1XL", "zone_category": "Residential", "ev_permitted": false}, "geometry": {"type": "Polygon", "coordinates": [[[-118.291641177329, 33.7229288198011], [-118.291639509153, 33.723272324312], [-118.291771045473, 33.7232727472464], [-118.29177274609, 33.7229292701316], [-118.291641177329, 33.7229288198011]]]}}, {"type": "Feature", "properties": {"zone_id": "0207DRGLCH8Y9WR0CY6BZX", "tract_id": "06037297201", "city": "SAN PEDRO, CA", "zone_code": "RD1.5-1XL", "zone_category": "Residential", "ev_permitted": false}, "geometry": {"type": "Polygon", "coordinates": [[[-118.291147917897, 33.7229271569592], [-118.291146247704, 33.7232706614632], [-118.291376436327, 33.7232714230563], [-118.291378105674, 33.7229279460267], [-118.291147917897, 33.7229271569592]]]}}, {"type": "Feature", "properties": {"zone_id": "0206TCY5N7GIIDIUYQL6Q5", "tract_id": "06037297201", "city": "SAN PEDRO, CA", "zone_code": "RD1.5-1XL", "zone_category": "Residential", "ev_permitted": false}, "geometry": {"type": "Polygon", "coordinates": [[[-118.291378105674, 33.7229279460267], [-118.291376436327, 33.7232714230563], [-118.29150797274, 33.723271873756], [-118.291509608665, 33.7229283968043], [-118.291378105674, 33.7229279460267]]]}}, {"type": "Feature", "properties": {"zone_id": "0207G8Q9KBYBNBHXKUEQMU", "tract_id": "06037297201", "city": "SAN PEDRO, CA", "zone_code": "RD1.5-1XL", "zone_category": "Residential", "ev_permitted": false}, "geometry": {"type": "Polygon", "coordinates": [[[-118.291511612006, 33.7225297160055], [-118.291509943308, 33.7228732204943], [-118.291641479002, 33.7228736435704], [-118.291643147257, 33.7225301665574], [-118.291511612006, 33.7225297160055]]]}}, {"type": "Feature", "properties": {"zone_id": "020454WDG0LJUT9UZ0MQA3", "tract_id": "06037297201", "city": "SAN PEDRO, CA", "zone_code": "RD1.5-1XL", "zone_category": "Residential", "ev_permitted": false}, "geometry": {"type": "Polygon", "coordinates": [[[-118.291643147257, 33.7225301665574], [-118.291641479002, 33.7228736435704], [-118.291904550585, 33.7228745442464], [-118.291906217764, 33.7225310672297], [-118.291643147257, 33.7225301665574]]]}}, {"type": "Feature", "properties": {"zone_id": "02074M5XWPPWK3DUTK5EPV", "tract_id": "06037297201", "city": "SAN PEDRO, CA", "zone_code": "RD1.5-1XL", "zone_category": "Residential", "ev_permitted": false}, "geometry": {"type": "Polygon", "coordinates": [[[-118.291248508624, 33.7225288145498], [-118.29124683885, 33.7228723190349], [-118.291378374637, 33.7228727698763], [-118.291380076756, 33.7225292653097], [-118.291248508624, 33.7225288145498]]]}}, {"type": "Feature", "properties": {"zone_id": "02058ES4DLR4A4T7E39GMZ", "tract_id": "06037297201", "city": "SAN PEDRO, CA", "zone_code": "RD1.5-1XL", "zone_category": "Residential", "ev_permitted": false}, "geometry": {"type": "Polygon", "coordinates": [[[-118.291380076756, 33.7225292653097], [-118.291378374637, 33.7228727698763], [-118.291509943308, 33.7228732204943], [-118.291511612006, 33.7225297160055], [-118.291380076756, 33.7225292653097]]]}}, {"type": "Feature", "properties": {"zone_id": "0203FT2VPOEPS34A1J3PHG", "tract_id": "06037297201", "city": "SAN PEDRO, CA", "zone_code": "RD1.5-1XL", "zone_category": "Residential", "ev_permitted": false}, "geometry": {"type": "Polygon", "coordinates": [[[-118.291116973472, 33.7225283910439], [-118.291115303065, 33.7228718680496], [-118.29124683885, 33.7228723190349], [-118.291248508624, 33.7225288145498], [-118.291116973472, 33.7225283910439]]]}}, {"type": "Feature", "properties": {"zone_id": "02060QDD3UJWKCQLKXFLVQ", "tract_id": "06037297201", "city": "SAN PEDRO, CA", "zone_code": "RD1.5-1XL", "zone_category": "Residential", "ev_permitted": false}, "geometry": {"type": "Polygon", "coordinates": [[[-118.291973466635, 33.722229005034], [-118.291972793301, 33.7223663958488], [-118.292219421376, 33.7223672258313], [-118.292252439701, 33.7223398601258], [-118.292252978003, 33.7222299474729], [-118.291973466635, 33.722229005034]]]}}, {"type": "Feature", "properties": {"zone_id": "0205ZHKXFY19NL02VLSAQ6", "tract_id": "06037297201", "city": "SAN PEDRO, CA", "zone_code": "RD1.5-1XL", "zone_category": "Residential", "ev_permitted": false}, "geometry": {"type": "Polygon", "coordinates": [[[-118.291974139967, 33.722091614222], [-118.291973466635, 33.722229005034], [-118.292252978003, 33.7222299474729], [-118.292253683761, 33.7220925565794], [-118.291974139967, 33.722091614222]]]}}, {"type": "Feature", "properties": {"zone_id": "02000B1MZSDGH1LHB41V3F", "tract_id": "06037297201", "city": "SAN PEDRO, CA", "zone_code": "RD1.5-1XL", "zone_category": "Residential", "ev_permitted": false}, "geometry": {"type": "Polygon", "coordinates": [[[-118.291383091143, 33.7219099900336], [-118.291251384017, 33.7219450409774], [-118.291249318048, 33.7223639455733], [-118.291380853038, 33.722364396412], [-118.291383091143, 33.7219099900336]]]}}, {"type": "Feature", "properties": {"zone_id": "0203GXDWQWQQHCIS9K5F9S", "tract_id": "06037297201", "city": "SAN PEDRO, CA", "zone_code": "RD1.5-1XL", "zone_category": "Residential", "ev_permitted": false}, "geometry": {"type": "Polygon", "coordinates": [[[-118.291909951335, 33.7217697572607], [-118.291778211766, 33.7218048088603], [-118.291776838118, 33.7220909388831], [-118.291645303554, 33.7220904884774], [-118.291643955907, 33.7223652975782], [-118.291907025802, 33.7223661707711], [-118.291909951335, 33.7217697572607]]]}}, {"type": "Feature", "properties": {"zone_id": "020000FROVK83E2PEHNJQ3", "tract_id": "06037297201", "city": "SAN PEDRO, CA", "zone_code": "RD1.5-1XL", "zone_category": "Residential", "ev_permitted": false}, "geometry": {"type": "Polygon", "coordinates": [[[-118.29164650497, 33.7218398602363], [-118.291383091143, 33.7219099900336], [-118.291380853038, 33.722364396412], [-118.291643955907, 33.7223652975782], [-118.29164650497, 33.7218398602363]]]}}, {"type": "Feature", "properties": {"zone_id": "0200Q0ALKQWZKSX0JWMDLC", "tract_id": "06037297201", "city": "SAN PEDRO, CA", "zone_code": "RD1.5-1XL", "zone_category": "Residential", "ev_permitted": false}, "geometry": {"type": "Polygon", "coordinates": [[[-118.291251384017, 33.7219450409774], [-118.291119676781, 33.7219800917772], [-118.291117783059, 33.7223634945907], [-118.291249318048, 33.7223639455733], [-118.291251384017, 33.7219450409774]]]}}, {"type": "Feature", "properties": {"zone_id": "02010G3MVQU5Z008L157Z4", "tract_id": "06037297201", "city": "SAN PEDRO, CA", "zone_code": "RD1.5-1XL", "zone_category": "Residential", "ev_permitted": false}, "geometry": {"type": "Polygon", "coordinates": [[[-118.290983497964, 33.7229265655923], [-118.29098179431, 33.7232700976511], [-118.291146247704, 33.7232706614632], [-118.291147917897, 33.7229271569592], [-118.290983497964, 33.7229265655923]]]}}, {"type": "Feature", "properties": {"zone_id": "02051QUQG9HH6ES96TVGMH", "tract_id": "06037297201", "city": "SAN PEDRO, CA", "zone_code": "RD1.5-1XL", "zone_category": "Residential", "ev_permitted": false}, "geometry": {"type": "Polygon", "coordinates": [[[-118.290851962286, 33.7229261692743], [-118.290850257904, 33.723269646376], [-118.29098179431, 33.7232700976511], [-118.290983497964, 33.7229265655923], [-118.290851962286, 33.7229261692743]]]}}, {"type": "Feature", "properties": {"zone_id": "0207CRTX3U8539DHUMTFZ4", "tract_id": "06037297201", "city": "SAN PEDRO, CA", "zone_code": "RD1.5-1XL", "zone_category": "Residential", "ev_permitted": false}, "geometry": {"type": "Polygon", "coordinates": [[[-118.290720886785, 33.7229257167446], [-118.290719149078, 33.7232692214015], [-118.290850257904, 33.723269646376], [-118.290851962286, 33.7229261692743], [-118.290720886785, 33.7229257167446]]]}}, {"type": "Feature", "properties": {"zone_id": "0206RQBTT7IPD3UO5AFW3R", "tract_id": "06037297201", "city": "SAN PEDRO, CA", "zone_code": "RD1.5-1XL", "zone_category": "Residential", "ev_permitted": false}, "geometry": {"type": "Polygon", "coordinates": [[[-118.290326347871, 33.7228966638062], [-118.290325163987, 33.7231439946809], [-118.290654004412, 33.7231450965568], [-118.29065525319, 33.7228977929976], [-118.290326347871, 33.7228966638062]]]}}, {"type": "Feature", "properties": {"zone_id": "0202L3LFEZNL6NGZIH3B0H", "tract_id": "06037297201", "city": "SAN PEDRO, CA", "zone_code": "RD1.5-1XL", "zone_category": "Residential", "ev_permitted": false}, "geometry": {"type": "Polygon", "coordinates": [[[-118.290722860985, 33.7225270360386], [-118.290721156179, 33.7228705405958], [-118.290983767281, 33.7228714169205], [-118.290985438226, 33.7225279399167], [-118.290722860985, 33.7225270360386]]]}}, {"type": "Feature", "properties": {"zone_id": "02003FM97H5UDU4DB3TFD4", "tract_id": "06037297201", "city": "SAN PEDRO, CA", "zone_code": "RD1.5-1XL", "zone_category": "Residential", "ev_permitted": false}, "geometry": {"type": "Polygon", "coordinates": [[[-118.290985438226, 33.7225279399167], [-118.290983767281, 33.7228714169205], [-118.291115303065, 33.7228718680496], [-118.291116973472, 33.7225283910439], [-118.290985438226, 33.7225279399167]]]}}, {"type": "Feature", "properties": {"zone_id": "02013I92C59T12ZQXPZIKV", "tract_id": "06037297201", "city": "SAN PEDRO, CA", "zone_code": "RD1.5-1XL", "zone_category": "Residential", "ev_permitted": false}, "geometry": {"type": "Polygon", "coordinates": [[[-118.290327630493, 33.7226493601801], [-118.290327005624, 33.7227730119523], [-118.290655877481, 33.7227741137437], [-118.290656469077, 33.7226504895268], [-118.290327630493, 33.7226493601801]]]}}, {"type": "Feature", "properties": {"zone_id": "020177ZPADJ3SCTKFZ4SCX", "tract_id": "06037297201", "city": "SAN PEDRO, CA", "zone_code": "RD1.5-1XL", "zone_category": "Residential", "ev_permitted": false}, "geometry": {"type": "Polygon", "coordinates": [[[-118.290327005624, 33.7227730119523], [-118.290326347871, 33.7228966638062], [-118.29065525319, 33.7228977929976], [-118.290655877481, 33.7227741137437], [-118.290327005624, 33.7227730119523]]]}}, {"type": "Feature", "properties": {"zone_id": "0204O632VGY4CA7634A9S9", "tract_id": "06037297201", "city": "SAN PEDRO, CA", "zone_code": "RD1.5-1XL", "zone_category": "Residential", "ev_permitted": false}, "geometry": {"type": "Polygon", "coordinates": [[[-118.289767353631, 33.722894769246], [-118.289766727936, 33.7230184210199], [-118.290095568052, 33.7230195793776], [-118.290096193168, 33.7228959001244], [-118.289767353631, 33.722894769246]]]}}, {"type": "Feature", "properties": {"zone_id": "02078M3TQDRUPT356QUQFP", "tract_id": "06037297201", "city": "SAN PEDRO, CA", "zone_code": "RD1.5-1XL", "zone_category": "Residential", "ev_permitted": false}, "geometry": {"type": "Polygon", "coordinates": [[[-118.289766370744, 33.7230864570057], [-118.28976604634, 33.7231544654354], [-118.290094886799, 33.7231555688399], [-118.290095243915, 33.7230875878075], [-118.289766370744, 33.7230864570057]]]}}, {"type": "Feature", "properties": {"zone_id": "0203R5PTI9R5E3RUVGI89V", "tract_id": "06037297201", "city": "SAN PEDRO, CA", "zone_code": "RD1.5-1XL", "zone_category": "Residential", "ev_permitted": false}, "geometry": {"type": "Polygon", "coordinates": [[[-118.289766727936, 33.7230184210199], [-118.289766370744, 33.7230864570057], [-118.290095243915, 33.7230875878075], [-118.290095568052, 33.7230195793776], [-118.289766727936, 33.7230184210199]]]}}, {"type": "Feature", "properties": {"zone_id": "02012HVC0A5RYC4VYU9DUZ", "tract_id": "06037297201", "city": "SAN PEDRO, CA", "zone_code": "RD2-1XL", "zone_category": "Residential", "ev_permitted": false}, "geometry": {"type": "Polygon", "coordinates": [[[-118.289026542788, 33.7265423941771], [-118.289024916116, 33.7268915316683], [-118.289156425205, 33.7268919575411], [-118.289158051426, 33.7265428475257], [-118.289026542788, 33.7265423941771]]]}}, {"type": "Feature", "properties": {"zone_id": "0202ZDGIK0MD65NY37JWOP", "tract_id": "06037297201", "city": "SAN PEDRO, CA", "zone_code": "RD2-1XL", "zone_category": "Residential", "ev_permitted": false}, "geometry": {"type": "Polygon", "coordinates": [[[-118.288895034152, 33.7265419406848], [-118.288893406933, 33.7268910781742], [-118.289024916116, 33.7268915316683], [-118.289026542788, 33.7265423941771], [-118.288895034152, 33.7265419406848]]]}}, {"type": "Feature", "properties": {"zone_id": "0200BHFWXOOJCONRTTGAG9", "tract_id": "06037297201", "city": "SAN PEDRO, CA", "zone_code": "RD2-1XL", "zone_category": "Residential", "ev_permitted": false}, "geometry": {"type": "Polygon", "coordinates": [[[-118.288763525422, 33.7265414595711], [-118.288761897751, 33.7268906245363], [-118.288893406933, 33.7268910781742], [-118.288895034152, 33.7265419406848], [-118.288763525422, 33.7265414595711]]]}}, {"type": "Feature", "properties": {"zone_id": "0205MUKXKWU3WWELKIYCB5", "tract_id": "06037297201", "city": "SAN PEDRO, CA", "zone_code": "RD2-1XL", "zone_category": "Residential", "ev_permitted": false}, "geometry": {"type": "Polygon", "coordinates": [[[-118.288632016789, 33.7265410057912], [-118.288630355686, 33.7268901708335], [-118.288761897751, 33.7268906245363], [-118.288763525422, 33.7265414595711], [-118.288632016789, 33.7265410057912]]]}}, {"type": "Feature", "properties": {"zone_id": "0200V28OQJPA2AVT8TT99W", "tract_id": "06037297201", "city": "SAN PEDRO, CA", "zone_code": "RD2-1XL", "zone_category": "Residential", "ev_permitted": false}, "geometry": {"type": "Polygon", "coordinates": [[[-118.288500475272, 33.7265405519464], [-118.288498846508, 33.726889716908], [-118.288630355686, 33.7268901708335], [-118.288632016789, 33.7265410057912], [-118.288500475272, 33.7265405519464]]]}}, {"type": "Feature", "properties": {"zone_id": "02055I1LON72AJ750QYYPJ", "tract_id": "06037297201", "city": "SAN PEDRO, CA", "zone_code": "C2-1XL", "zone_category": "Commercial", "ev_permitted": true}, "geometry": {"type": "Polygon", "coordinates": [[[-118.288118193444, 33.7274243040351], [-118.288116661046, 33.7277540969141], [-118.288165802435, 33.7277954982508], [-118.288428889397, 33.7277964065285], [-118.288430607878, 33.7274253964133], [-118.288118193444, 33.7274243040351]]]}}, {"type": "Feature", "properties": {"zone_id": "02023QZH2GILO6OE22VZJ1", "tract_id": "06037297201", "city": "SAN PEDRO, CA", "zone_code": "C2-1XL", "zone_category": "Commercial", "ev_permitted": true}, "geometry": {"type": "Polygon", "coordinates": [[[-118.288103470454, 33.7270532234128], [-118.288101750629, 33.7274242609809], [-118.288430607878, 33.7274253964133], [-118.28843232625, 33.7270543588404], [-118.288103470454, 33.7270532234128]]]}}, {"type": "Feature", "properties": {"zone_id": "020258M7V313T2YA6PSQFM", "tract_id": "06037297201", "city": "SAN PEDRO, CA", "zone_code": "C2-1XL", "zone_category": "Commercial", "ev_permitted": true}, "geometry": {"type": "Polygon", "coordinates": [[[-118.288105293318, 33.7266547077673], [-118.288104220231, 33.7268883270276], [-118.288433075476, 33.7268894899308], [-118.288434147648, 33.7266558706675], [-118.288105293318, 33.7266547077673]]]}}, {"type": "Feature", "properties": {"zone_id": "0202L63FLIIA5R5ZVO46YU", "tract_id": "06037297201", "city": "SAN PEDRO, CA", "zone_code": "RD2-1XL", "zone_category": "Residential", "ev_permitted": false}, "geometry": {"type": "Polygon", "coordinates": [[[-118.289422903959, 33.7261506512475], [-118.289421278942, 33.7264997887239], [-118.289552787515, 33.726500241641], [-118.289554411986, 33.7261511041626], [-118.289422903959, 33.7261506512475]]]}}, {"type": "Feature", "properties": {"zone_id": "0204D3980TT3JHMU2T9HG4", "tract_id": "06037297201", "city": "SAN PEDRO, CA", "zone_code": "RD2-1XL", "zone_category": "Residential", "ev_permitted": false}, "geometry": {"type": "Polygon", "coordinates": [[[-118.289554411986, 33.7261511041626], [-118.289552787515, 33.726500241641], [-118.28968429609, 33.7265006944142], [-118.289685952898, 33.7261515568549], [-118.289554411986, 33.7261511041626]]]}}, {"type": "Feature", "properties": {"zone_id": "0200K8700YRZ3F75B0A33X", "tract_id": "06037297201", "city": "SAN PEDRO, CA", "zone_code": "RD2-1XL", "zone_category": "Residential", "ev_permitted": false}, "geometry": {"type": "Polygon", "coordinates": [[[-118.289159887911, 33.7261497449857], [-118.289158228915, 33.7264988825376], [-118.28928977037, 33.7264993356631], [-118.289291395934, 33.7261501981884], [-118.289159887911, 33.7261497449857]]]}}, {"type": "Feature", "properties": {"zone_id": "0207DUGZDTEIRF6OO0C8MV", "tract_id": "06037297201", "city": "SAN PEDRO, CA", "zone_code": "RD2-1XL", "zone_category": "Residential", "ev_permitted": false}, "geometry": {"type": "Polygon", "coordinates": [[[-118.289291395934, 33.7261501981884], [-118.28928977037, 33.7264993356631], [-118.289421278942, 33.7264997887239], [-118.289422903959, 33.7261506512475], [-118.289291395934, 33.7261501981884]]]}}, {"type": "Feature", "properties": {"zone_id": "02034MI57QV6YO061RDKPR", "tract_id": "06037297201", "city": "SAN PEDRO, CA", "zone_code": "RD2-1XL", "zone_category": "Residential", "ev_permitted": false}, "geometry": {"type": "Polygon", "coordinates": [[[-118.288765331058, 33.7261484120713], [-118.288763703119, 33.7264974945835], [-118.288895211685, 33.7264979482194], [-118.288896839078, 33.7261488657054], [-118.288765331058, 33.7261484120713]]]}}, {"type": "Feature", "properties": {"zone_id": "02050YJ1QY4KKGNN72PW63", "tract_id": "06037297201", "city": "SAN PEDRO, CA", "zone_code": "RD2-1XL", "zone_category": "Residential", "ev_permitted": false}, "geometry": {"type": "Polygon", "coordinates": [[[-118.288896839078, 33.7261488657054], [-118.288895211685, 33.7264979482194], [-118.289026720347, 33.7264984291892], [-118.289028347098, 33.7261493191957], [-118.288896839078, 33.7261488657054]]]}}, {"type": "Feature", "properties": {"zone_id": "0201ED7JSA8Z5SF8EZM31T", "tract_id": "06037297201", "city": "SAN PEDRO, CA", "zone_code": "RD2-1XL", "zone_category": "Residential", "ev_permitted": false}, "geometry": {"type": "Polygon", "coordinates": [[[-118.289028347098, 33.7261493191957], [-118.289026720347, 33.7264984291892], [-118.289158228915, 33.7264988825376], [-118.289159887911, 33.7261497449857], [-118.289028347098, 33.7261493191957]]]}}, {"type": "Feature", "properties": {"zone_id": "0205OUX1OBOW8BADFV7DDD", "tract_id": "06037297201", "city": "SAN PEDRO, CA", "zone_code": "RD2-1XL", "zone_category": "Residential", "ev_permitted": false}, "geometry": {"type": "Polygon", "coordinates": [[[-118.28863382304, 33.7261479582934], [-118.288632194554, 33.7264970408038], [-118.288763703119, 33.7264974945835], [-118.288765331058, 33.7261484120713], [-118.28863382304, 33.7261479582934]]]}}, {"type": "Feature", "properties": {"zone_id": "020492TNYOMGR7HFLZAVH6", "tract_id": "06037297201", "city": "SAN PEDRO, CA", "zone_code": "RD2-1XL", "zone_category": "Residential", "ev_permitted": false}, "geometry": {"type": "Polygon", "coordinates": [[[-118.288502282139, 33.7261475044507], [-118.288500685991, 33.7264965868804], [-118.288632194554, 33.7264970408038], [-118.28863382304, 33.7261479582934], [-118.288502282139, 33.7261475044507]]]}}, {"type": "Feature", "properties": {"zone_id": "0200D0PWST1AMCTXN32HGF", "tract_id": "06037297201", "city": "SAN PEDRO, CA", "zone_code": "RD1.5-1XL", "zone_category": "Residential", "ev_permitted": false}, "geometry": {"type": "Polygon", "coordinates": [[[-118.289556816052, 33.7256370153039], [-118.289555191886, 33.7259862351887], [-118.289686699655, 33.7259866879594], [-118.289688323275, 33.7256374680727], [-118.289556816052, 33.7256370153039]]]}}, {"type": "Feature", "properties": {"zone_id": "0201CAIQECFSHG9AIFU6GJ", "tract_id": "06037297201", "city": "SAN PEDRO, CA", "zone_code": "RD1.5-1XL", "zone_category": "Residential", "ev_permitted": false}, "geometry": {"type": "Polygon", "coordinates": [[[-118.289425275946, 33.7256365624704], [-118.289423651233, 33.7259857823535], [-118.289555191886, 33.7259862351887], [-118.289556816052, 33.7256370153039], [-118.289425275946, 33.7256365624704]]]}}, {"type": "Feature", "properties": {"zone_id": "0205MB7BJW2UMHTPHSOCF7", "tract_id": "06037297201", "city": "SAN PEDRO, CA", "zone_code": "RD1.5-1XL", "zone_category": "Residential", "ev_permitted": false}, "geometry": {"type": "Polygon", "coordinates": [[[-118.289030754385, 33.7256352303476], [-118.289029127937, 33.7259844227477], [-118.289292143466, 33.7259853292953], [-118.289293768726, 33.7256361094141], [-118.289030754385, 33.7256352303476]]]}}, {"type": "Feature", "properties": {"zone_id": "0206VILZZQYCYIUP2HG4WK", "tract_id": "06037297201", "city": "SAN PEDRO, CA", "zone_code": "RD1.5-1XL", "zone_category": "Residential", "ev_permitted": false}, "geometry": {"type": "Polygon", "coordinates": [[[-118.289293768726, 33.7256361094141], [-118.289292143466, 33.7259853292953], [-118.289423651233, 33.7259857823535], [-118.289425275946, 33.7256365624704], [-118.289293768726, 33.7256361094141]]]}}, {"type": "Feature", "properties": {"zone_id": "0204NR8SBI3FWQF8SJ61BP", "tract_id": "06037297201", "city": "SAN PEDRO, CA", "zone_code": "RD1.5-1XL", "zone_category": "Residential", "ev_permitted": false}, "geometry": {"type": "Polygon", "coordinates": [[[-118.288899214285, 33.7256347769389], [-118.288897587384, 33.7259839968148], [-118.289029127937, 33.7259844227477], [-118.289030754385, 33.7256352303476], [-118.288899214285, 33.7256347769389]]]}}, {"type": "Feature", "properties": {"zone_id": "02014UF8XQKYBGYAHIJS53", "tract_id": "06037297201", "city": "SAN PEDRO, CA", "zone_code": "RD1.5-1XL", "zone_category": "Residential", "ev_permitted": false}, "geometry": {"type": "Polygon", "coordinates": [[[-118.28876770707, 33.7256343233075], [-118.288766079528, 33.7259835157039], [-118.288897587384, 33.7259839968148], [-118.288899214285, 33.7256347769389], [-118.28876770707, 33.7256343233075]]]}}, {"type": "Feature", "properties": {"zone_id": "0200P01LLXBLHF7K753EPW", "tract_id": "06037297201", "city": "SAN PEDRO, CA", "zone_code": "RD1.5-1XL", "zone_category": "Residential", "ev_permitted": false}, "geometry": {"type": "Polygon", "coordinates": [[[-118.288636199857, 33.7256338695322], [-118.288634571768, 33.7259830619269], [-118.288766079528, 33.7259835157039], [-118.28876770707, 33.7256343233075], [-118.288636199857, 33.7256338695322]]]}}, {"type": "Feature", "properties": {"zone_id": "0202BOXV7IIUBTYXVT69YL", "tract_id": "06037297201", "city": "SAN PEDRO, CA", "zone_code": "RD1.5-1XL", "zone_category": "Residential", "ev_permitted": false}, "geometry": {"type": "Polygon", "coordinates": [[[-118.288504659761, 33.7256334156921], [-118.288503031126, 33.7259826080849], [-118.288634571768, 33.7259830619269], [-118.288636199857, 33.7256338695322], [-118.288504659761, 33.7256334156921]]]}}, {"type": "Feature", "properties": {"zone_id": "02021NQL8A9P87BPLY47W8", "tract_id": "06037297201", "city": "SAN PEDRO, CA", "zone_code": "C2-1XL", "zone_category": "Commercial", "ev_permitted": true}, "geometry": {"type": "Polygon", "coordinates": [[[-118.288189872458, 33.7261464122588], [-118.288179553138, 33.7261470680205], [-118.288169484594, 33.726149059672], [-118.288159915256, 33.7261523380714], [-118.288151081235, 33.726156822328], [-118.288143200501, 33.7261624017979], [-118.288136467502, 33.7261689388141], [-118.288131048365, 33.7261762720834], [-118.288127076803, 33.7261842206657], [-118.288124650808, 33.7261925884392], [-118.288123830239, 33.7262011689389], [-118.288121749921, 33.7266492277396], [-118.288105307257, 33.7266491846859], [-118.288105293318, 33.7266547077673], [-118.288434147648, 33.7266558706675], [-118.288436511689, 33.7261472774753], [-118.288189872458, 33.7261464122588]]]}}, {"type": "Feature", "properties": {"zone_id": "0201ZV6L3FHA021ZJEJ541", "tract_id": "06037297201", "city": "SAN PEDRO, CA", "zone_code": "C2-1XL", "zone_category": "Commercial", "ev_permitted": true}, "geometry": {"type": "Polygon", "coordinates": [[[-118.288119399116, 33.7257338637923], [-118.288118836931, 33.7258575704069], [-118.288437855406, 33.7258586744128], [-118.288438417027, 33.725734940319], [-118.288119399116, 33.7257338637923]]]}}, {"type": "Feature", "properties": {"zone_id": "02009B585EN27Z6JAQW2RE", "tract_id": "06037297201", "city": "SAN PEDRO, CA", "zone_code": "C2-1XL", "zone_category": "Commercial", "ev_permitted": true}, "geometry": {"type": "Polygon", "coordinates": [[[-118.288108971407, 33.7258575390792], [-118.2881084093, 33.7259812731737], [-118.288437260805, 33.72598238111], [-118.288437855406, 33.7258586744128], [-118.288108971407, 33.7258575390792]]]}}, {"type": "Feature", "properties": {"zone_id": "0207OAN8QH1P77EZ70QHKA", "tract_id": "06037297201", "city": "SAN PEDRO, CA", "zone_code": "CPIO", "zone_category": "Other", "ev_permitted": false}, "geometry": {"type": "Polygon", "coordinates": [[[-118.288110723675, 33.725486391607], [-118.288110128594, 33.7256100982959], [-118.28843897874, 33.7256112337051], [-118.288439540358, 33.7254874996158], [-118.288110723675, 33.725486391607]]]}}, {"type": "Feature", "properties": {"zone_id": "0207NGQMCUPQX60GRQSTDE", "tract_id": "06037297201", "city": "LOS ANGELES, CA", "zone_code": "C2-1XL", "zone_category": "Commercial", "ev_permitted": true}, "geometry": {"type": "Polygon", "coordinates": [[[-118.288119994089, 33.7256101296235], [-118.288119399116, 33.7257338637923], [-118.288438417027, 33.725734940319], [-118.28843897874, 33.7256112337051], [-118.288119994089, 33.7256101296235]]]}}, {"type": "Feature", "properties": {"zone_id": "0202J2T849UYI7LTG5T3XW", "tract_id": "06037297201", "city": "SAN PEDRO, CA", "zone_code": "RD1.5-1XL", "zone_category": "Residential", "ev_permitted": false}, "geometry": {"type": "Polygon", "coordinates": [[[-118.289427078182, 33.7252434325801], [-118.289425486273, 33.7255926248862], [-118.289556993331, 33.725593050321], [-118.289558650462, 33.7252438578547], [-118.289427078182, 33.7252434325801]]]}}, {"type": "Feature", "properties": {"zone_id": "0205I6WR4USPT7J12J0PC6", "tract_id": "06037297201", "city": "SAN PEDRO, CA", "zone_code": "RD1.5-1XL", "zone_category": "Residential", "ev_permitted": false}, "geometry": {"type": "Polygon", "coordinates": [[[-118.289558650462, 33.7252438578547], [-118.289556993331, 33.725593050321], [-118.28968853337, 33.7255935030105], [-118.289690157069, 33.7252443106215], [-118.289558650462, 33.7252438578547]]]}}, {"type": "Feature", "properties": {"zone_id": "0200XI9XB7HLQXXBS5DFGP", "tract_id": "06037297201", "city": "SAN PEDRO, CA", "zone_code": "RD1.5-1XL", "zone_category": "Residential", "ev_permitted": false}, "geometry": {"type": "Polygon", "coordinates": [[[-118.289164064974, 33.7252425263275], [-118.289162438993, 33.7255916912316], [-118.289293979027, 33.7255921443525], [-118.289295604462, 33.7252429794466], [-118.289164064974, 33.7252425263275]]]}}, {"type": "Feature", "properties": {"zone_id": "02028TRGYI7QT18S83Y3MD", "tract_id": "06037297201", "city": "SAN PEDRO, CA", "zone_code": "RD1.5-1XL", "zone_category": "Residential", "ev_permitted": false}, "geometry": {"type": "Polygon", "coordinates": [[[-118.289295604462, 33.7252429794466], [-118.289293979027, 33.7255921443525], [-118.289425486273, 33.7255926248862], [-118.289427078182, 33.7252434325801], [-118.289295604462, 33.7252429794466]]]}}, {"type": "Feature", "properties": {"zone_id": "0200MWWHVC43PAANH5C5Q4", "tract_id": "06037297201", "city": "SAN PEDRO, CA", "zone_code": "RD1.5-1XL", "zone_category": "Residential", "ev_permitted": false}, "geometry": {"type": "Polygon", "coordinates": [[[-118.289768572132, 33.7226474657843], [-118.289767946441, 33.7227711175537], [-118.290096818377, 33.7227722483511], [-118.290097443489, 33.7226485691025], [-118.289768572132, 33.7226474657843]]]}}, {"type": "Feature", "properties": {"zone_id": "02048D1DT5MDG1GR8X4RAM", "tract_id": "06037297201", "city": "SAN PEDRO, CA", "zone_code": "RD1.5-1XL", "zone_category": "Residential", "ev_permitted": false}, "geometry": {"type": "Polygon", "coordinates": [[[-118.289767946441, 33.7227711175537], [-118.289767353631, 33.722894769246], [-118.290096193168, 33.7228959001244], [-118.290096818377, 33.7227722483511], [-118.289767946441, 33.7227711175537]]]}}, {"type": "Feature", "properties": {"zone_id": "0203AGDBL1U5V5MFRK6RG0", "tract_id": "06037297201", "city": "SAN PEDRO, CA", "zone_code": "RD1.5-1XL", "zone_category": "Residential", "ev_permitted": false}, "geometry": {"type": "Polygon", "coordinates": [[[-118.290328255359, 33.72252570841], [-118.290327630493, 33.7226493601801], [-118.290656469077, 33.7226504895268], [-118.290657093364, 33.7225268102774], [-118.290328255359, 33.72252570841]]]}}, {"type": "Feature", "properties": {"zone_id": "0207GM5UN50Z13JS4MIMKM", "tract_id": "06037297201", "city": "SAN PEDRO, CA", "zone_code": "RD1.5-1XL", "zone_category": "Residential", "ev_permitted": false}, "geometry": {"type": "Polygon", "coordinates": [[[-118.291119676781, 33.7219800917772], [-118.290987936648, 33.7220151699902], [-118.290986215283, 33.7223630710215], [-118.291117783059, 33.7223634945907], [-118.291119676781, 33.7219800917772]]]}}, {"type": "Feature", "properties": {"zone_id": "02010UEHKVGDSKZ2RVGU6F", "tract_id": "06037297201", "city": "SAN PEDRO, CA", "zone_code": "RD1.5-1XL", "zone_category": "Residential", "ev_permitted": false}, "geometry": {"type": "Polygon", "coordinates": [[[-118.290987936648, 33.7220151699902], [-118.290856229192, 33.7220502205018], [-118.29085471318, 33.7223626196717], [-118.290986215283, 33.7223630710215], [-118.290987936648, 33.7220151699902]]]}}, {"type": "Feature", "properties": {"zone_id": "02029F71X0WOZSBLKUCZTR", "tract_id": "06037297201", "city": "SAN PEDRO, CA", "zone_code": "RD1.5-1XL", "zone_category": "Residential", "ev_permitted": false}, "geometry": {"type": "Polygon", "coordinates": [[[-118.290856229192, 33.7220502205018], [-118.290724521626, 33.7220852708695], [-118.290723178195, 33.7223621682577], [-118.29085471318, 33.7223626196717], [-118.290856229192, 33.7220502205018]]]}}, {"type": "Feature", "properties": {"zone_id": "0201M3Z1A4V61X5W8Z9F0V", "tract_id": "06037297201", "city": "SAN PEDRO, CA", "zone_code": "RD1.5-1XL", "zone_category": "Residential", "ev_permitted": false}, "geometry": {"type": "Polygon", "coordinates": [[[-118.290724521626, 33.7220852708695], [-118.290520175911, 33.722139648595], [-118.290519068828, 33.7223614798287], [-118.290723178195, 33.7223621682577], [-118.290724521626, 33.7220852708695]]]}}, {"type": "Feature", "properties": {"zone_id": "0201699III3EGTQQV6PW49", "tract_id": "06037297201", "city": "SAN PEDRO, CA", "zone_code": "RD1.5-1XL", "zone_category": "Residential", "ev_permitted": false}, "geometry": {"type": "Polygon", "coordinates": [[[-118.289769164844, 33.7225237866189], [-118.289768572132, 33.7226474657843], [-118.290097443489, 33.7226485691025], [-118.290098035812, 33.722524917413], [-118.289769164844, 33.7225237866189]]]}}, {"type": "Feature", "properties": {"zone_id": "0202ZUOF0ADI6J84SMW52E", "tract_id": "06037297201", "city": "SAN PEDRO, CA", "zone_code": "RD1.5-1XL", "zone_category": "Residential", "ev_permitted": false}, "geometry": {"type": "Polygon", "coordinates": [[[-118.290520175911, 33.722139648595], [-118.290329923923, 33.7221902824506], [-118.29032906659, 33.7223608394398], [-118.290519068828, 33.7223614798287], [-118.290520175911, 33.722139648595]]]}}, {"type": "Feature", "properties": {"zone_id": "02007E6092L407FM1WJ5VK", "tract_id": "06037297201", "city": "LOS ANGELES, CA", "zone_code": "OS-1XL", "zone_category": "Other", "ev_permitted": false}, "geometry": {"type": "Polygon", "coordinates": [[[-118.290099426717, 33.7222516469898], [-118.289697238377, 33.7223586806815], [-118.290098880377, 33.722360048365], [-118.290099426717, 33.7222516469898]]]}}, {"type": "Feature", "properties": {"zone_id": "0201YLE24XKI5XU0R79GNJ", "tract_id": "06037297201", "city": "SAN PEDRO, CA", "zone_code": "RD1.5-1XL", "zone_category": "Residential", "ev_permitted": false}, "geometry": {"type": "Polygon", "coordinates": [[[-118.294373271352, 33.7216324927267], [-118.294372272034, 33.7219759956001], [-118.294503839317, 33.7219764429434], [-118.294504805214, 33.7216329401494], [-118.294373271352, 33.7216324927267]]]}}, {"type": "Feature", "properties": {"zone_id": "0205AOIGSYVJDMBX617RSG", "tract_id": "06037297201", "city": "SAN PEDRO, CA", "zone_code": "RD1.5-1XL", "zone_category": "Residential", "ev_permitted": false}, "geometry": {"type": "Polygon", "coordinates": [[[-118.294241737588, 33.7216320726378], [-118.294240737636, 33.7219755480325], [-118.294372272034, 33.7219759956001], [-118.294373271352, 33.7216324927267], [-118.294241737588, 33.7216320726378]]]}}, {"type": "Feature", "properties": {"zone_id": "0202LFLXZI67MZMBNTO308", "tract_id": "06037297201", "city": "SAN PEDRO, CA", "zone_code": "RD1.5-1XL", "zone_category": "Residential", "ev_permitted": false}, "geometry": {"type": "Polygon", "coordinates": [[[-118.294110170846, 33.7216316250078], [-118.294109203335, 33.7219751277986], [-118.294240737636, 33.7219755480325], [-118.294241737588, 33.7216320726378], [-118.294110170846, 33.7216316250078]]]}}, {"type": "Feature", "properties": {"zone_id": "02020QB6C6WAO6ICOST8N3", "tract_id": "06037297201", "city": "SAN PEDRO, CA", "zone_code": "RD1.5-1XL", "zone_category": "Residential", "ev_permitted": false}, "geometry": {"type": "Polygon", "coordinates": [[[-118.293978604202, 33.7216312047116], [-118.293977668843, 33.7219746524657], [-118.294109203335, 33.7219751277986], [-118.294110170846, 33.7216316250078], [-118.293978604202, 33.7216312047116]]]}}, {"type": "Feature", "properties": {"zone_id": "0205ERI1DC8EZHIKXPGB35", "tract_id": "06037297201", "city": "SAN PEDRO, CA", "zone_code": "RD1.5-1XL", "zone_category": "Residential", "ev_permitted": false}, "geometry": {"type": "Polygon", "coordinates": [[[-118.293847103229, 33.7216307566332], [-118.293846134642, 33.7219742594218], [-118.293977668843, 33.7219746524657], [-118.293978604202, 33.7216312047116], [-118.293847103229, 33.7216307566332]]]}}, {"type": "Feature", "properties": {"zone_id": "0202ZYP9ASA7Y43AMDZ6XS", "tract_id": "06037297201", "city": "SAN PEDRO, CA", "zone_code": "RD1.5-1XL", "zone_category": "Residential", "ev_permitted": false}, "geometry": {"type": "Polygon", "coordinates": [[[-118.29358393029, 33.7216656091254], [-118.293583033071, 33.7219733905499], [-118.293846134642, 33.7219742594218], [-118.293846998014, 33.7216664780756], [-118.29358393029, 33.7216656091254]]]}}, {"type": "Feature", "properties": {"zone_id": "0200V1U6D0C79N1VY7HUW9", "tract_id": "06037297201", "city": "SAN PEDRO, CA", "zone_code": "RD1.5-1XL", "zone_category": "Residential", "ev_permitted": false}, "geometry": {"type": "Polygon", "coordinates": [[[-118.29332078442, 33.7216894423638], [-118.293319964292, 33.7219724935448], [-118.293583033071, 33.7219733905499], [-118.293583852216, 33.7216903118895], [-118.29332078442, 33.7216894423638]]]}}, {"type": "Feature", "properties": {"zone_id": "02051Y8GMIYHE2L9EEVLYY", "tract_id": "06037297201", "city": "SAN PEDRO, CA", "zone_code": "RD1.5-1XL", "zone_category": "Residential", "ev_permitted": false}, "geometry": {"type": "Polygon", "coordinates": [[[-118.293189401278, 33.7216285695209], [-118.293188430001, 33.7219720723041], [-118.293319964292, 33.7219724935448], [-118.29332096801, 33.7216290181579], [-118.293189401278, 33.7216285695209]]]}}, {"type": "Feature", "properties": {"zone_id": "02025HPWFYR7EF9BHJFPE3", "tract_id": "06037297201", "city": "SAN PEDRO, CA", "zone_code": "RD1.5-1XL", "zone_category": "Residential", "ev_permitted": false}, "geometry": {"type": "Polygon", "coordinates": [[[-118.293057900313, 33.7216281205797], [-118.293056895615, 33.7219716234419], [-118.293188430001, 33.7219720723041], [-118.293189401278, 33.7216285695209], [-118.293057900313, 33.7216281205797]]]}}, {"type": "Feature", "properties": {"zone_id": "0203II113R8Y62MQ1MBVHB", "tract_id": "06037297201", "city": "SAN PEDRO, CA", "zone_code": "RD1.5-1XL", "zone_category": "Residential", "ev_permitted": false}, "geometry": {"type": "Polygon", "coordinates": [[[-118.292930082413, 33.7216277174816], [-118.292928419438, 33.7219711944666], [-118.293056895615, 33.7219716234419], [-118.293057900313, 33.7216281205797], [-118.292930082413, 33.7216277174816]]]}}, {"type": "Feature", "properties": {"zone_id": "02032C3FW37TB4YI6PX5DK", "tract_id": "06037297201", "city": "SAN PEDRO, CA", "zone_code": "RD1.5-1XL", "zone_category": "Residential", "ev_permitted": false}, "geometry": {"type": "Polygon", "coordinates": [[[-118.292534270542, 33.7218736730686], [-118.292533648928, 33.7219973248381], [-118.292862484893, 33.7219984206766], [-118.292863106023, 33.7218747689053], [-118.292534270542, 33.7218736730686]]]}}, {"type": "Feature", "properties": {"zone_id": "0201MGEK9REYLIQ1PI2YWK", "tract_id": "06037297201", "city": "SAN PEDRO, CA", "zone_code": "RD1.5-1XL", "zone_category": "Residential", "ev_permitted": false}, "geometry": {"type": "Polygon", "coordinates": [[[-118.292534859176, 33.7217499939037], [-118.292534270542, 33.7218736730686], [-118.292863106023, 33.7218747689053], [-118.292863694268, 33.7217511172164], [-118.292534859176, 33.7217499939037]]]}}, {"type": "Feature", "properties": {"zone_id": "0201Y8BNAPIAPJHOEQ40DF", "tract_id": "06037297201", "city": "SAN PEDRO, CA", "zone_code": "RD1.5-1XL", "zone_category": "Residential", "ev_permitted": false}, "geometry": {"type": "Polygon", "coordinates": [[[-118.292535448095, 33.7216263971739], [-118.292534859176, 33.7217499939037], [-118.292863694268, 33.7217511172164], [-118.292864315586, 33.7216275204049], [-118.292535448095, 33.7216263971739]]]}}, {"type": "Feature", "properties": {"zone_id": "020769QZYWOOLTYHQWS0UT", "tract_id": "06037297201", "city": "SAN PEDRO, CA", "zone_code": "RD1.5-1XL", "zone_category": "Residential", "ev_permitted": false}, "geometry": {"type": "Polygon", "coordinates": [[[-118.292255693099, 33.7216777188279], [-118.291975788195, 33.7217522314865], [-118.291974139967, 33.722091614222], [-118.292253683761, 33.7220925565794], [-118.292255693099, 33.7216777188279]]]}}, {"type": "Feature", "properties": {"zone_id": "0205IU2WRYQM3P07JJOSIS", "tract_id": "06037297201", "city": "SAN PEDRO, CA", "zone_code": "RD1.5-1XL", "zone_category": "Residential", "ev_permitted": false}, "geometry": {"type": "Polygon", "coordinates": [[[-118.291778211766, 33.7218048088603], [-118.29164650497, 33.7218398602363], [-118.291645303554, 33.7220904884774], [-118.291776838118, 33.7220909388831], [-118.291778211766, 33.7218048088603]]]}}, {"type": "Feature", "properties": {"zone_id": "0205S7SYOYBZICCKN39JP9", "tract_id": "06037297201", "city": "SAN PEDRO, CA", "zone_code": "RD1.5-1XL", "zone_category": "Residential", "ev_permitted": false}, "geometry": {"type": "Polygon", "coordinates": [[[-118.289565346817, 33.7238286503743], [-118.289563637344, 33.7241721824587], [-118.289695175157, 33.7241726351407], [-118.289696883997, 33.7238290755769], [-118.289565346817, 33.7238286503743]]]}}, {"type": "Feature", "properties": {"zone_id": "0201CUU2E9GV4AOV7J19Z7", "tract_id": "06037297201", "city": "SAN PEDRO, CA", "zone_code": "RD1.5-1XL", "zone_category": "Residential", "ev_permitted": false}, "geometry": {"type": "Polygon", "coordinates": [[[-118.289433809543, 33.7238281975503], [-118.289432099627, 33.7241717571104], [-118.289563637344, 33.7241721824587], [-118.289565346817, 33.7238286503743], [-118.289433809543, 33.7238281975503]]]}}, {"type": "Feature", "properties": {"zone_id": "0200ZJCLJMXTO90FQZAC9Y", "tract_id": "06037297201", "city": "SAN PEDRO, CA", "zone_code": "RD1.5-1XL", "zone_category": "Residential", "ev_permitted": false}, "geometry": {"type": "Polygon", "coordinates": [[[-118.289170734999, 33.7238272914708], [-118.289168991124, 33.7241708511061], [-118.289300561817, 33.7241713041406], [-118.28930227227, 33.7238277445825], [-118.289170734999, 33.7238272914708]]]}}, {"type": "Feature", "properties": {"zone_id": "0201ILFI9NPI5QF7JLI6T5", "tract_id": "06037297201", "city": "SAN PEDRO, CA", "zone_code": "RD1.5-1XL", "zone_category": "Residential", "ev_permitted": false}, "geometry": {"type": "Polygon", "coordinates": [[[-118.28930227227, 33.7238277445825], [-118.289300561817, 33.7241713041406], [-118.289432099627, 33.7241717571104], [-118.289433809543, 33.7238281975503], [-118.28930227227, 33.7238277445825]]]}}, {"type": "Feature", "properties": {"zone_id": "02018D0V13QQPBH62FUX4O", "tract_id": "06037297201", "city": "SAN PEDRO, CA", "zone_code": "RD1.5-1XL", "zone_category": "Residential", "ev_permitted": false}, "geometry": {"type": "Polygon", "coordinates": [[[-118.28903919773, 33.7238268382153], [-118.289037453411, 33.7241704253263], [-118.289168991124, 33.7241708511061], [-118.289170734999, 33.7238272914708], [-118.28903919773, 33.7238268382153]]]}}, {"type": "Feature", "properties": {"zone_id": "0206BFDGQNVYHSQCMHWOCW", "tract_id": "06037297201", "city": "SAN PEDRO, CA", "zone_code": "RD1.5-1XL", "zone_category": "Residential", "ev_permitted": false}, "geometry": {"type": "Polygon", "coordinates": [[[-118.288907627673, 33.7238264123725], [-118.288905915605, 33.724169971925], [-118.289037453411, 33.7241704253263], [-118.28903919773, 33.7238268382153], [-118.288907627673, 33.7238264123725]]]}}, {"type": "Feature", "properties": {"zone_id": "0207FNLGJUNQ5SHBVDBPMH", "tract_id": "06037297201", "city": "SAN PEDRO, CA", "zone_code": "RD1.5-1XL", "zone_category": "Residential", "ev_permitted": false}, "geometry": {"type": "Polygon", "coordinates": [[[-118.288776090406, 33.7238259588293], [-118.2887743778, 33.7241695183799], [-118.288905915605, 33.724169971925], [-118.288907627673, 33.7238264123725], [-118.288776090406, 33.7238259588293]]]}}, {"type": "Feature", "properties": {"zone_id": "0203T7QRNB7RM4B9OVB2RM", "tract_id": "06037297201", "city": "SAN PEDRO, CA", "zone_code": "RD1.5-1XL", "zone_category": "Residential", "ev_permitted": false}, "geometry": {"type": "Polygon", "coordinates": [[[-118.28864455314, 33.7238255051423], [-118.288642840091, 33.7241690921685], [-118.2887743778, 33.7241695183799], [-118.288776090406, 33.7238259588293], [-118.28864455314, 33.7238255051423]]]}}, {"type": "Feature", "properties": {"zone_id": "0203D4FCSYRKBPR0N0QO3M", "tract_id": "06037297201", "city": "SAN PEDRO, CA", "zone_code": "RD1.5-1XL", "zone_category": "Residential", "ev_permitted": false}, "geometry": {"type": "Polygon", "coordinates": [[[-118.288513114527, 33.7238250510747], [-118.288511433824, 33.7241686380203], [-118.288642840091, 33.7241690921685], [-118.28864455314, 33.7238255051423], [-118.288513114527, 33.7238250510747]]]}}, {"type": "Feature", "properties": {"zone_id": "0207CEQ2H3NTWULIMJ17XI", "tract_id": "06037297201", "city": "SAN PEDRO, CA", "zone_code": "RD1.5-1XL", "zone_category": "Residential", "ev_permitted": false}, "geometry": {"type": "Polygon", "coordinates": [[[-118.289435790632, 33.7234297366332], [-118.289434080543, 33.7237732412179], [-118.28956561773, 33.7237736940416], [-118.289567360165, 33.7234301893759], [-118.289435790632, 33.7234297366332]]]}}, {"type": "Feature", "properties": {"zone_id": "0200UFP0QYMZC8KXW3VWP2", "tract_id": "06037297201", "city": "SAN PEDRO, CA", "zone_code": "RD1.5-1XL", "zone_category": "Residential", "ev_permitted": false}, "geometry": {"type": "Polygon", "coordinates": [[[-118.289567360165, 33.7234301893759], [-118.28956561773, 33.7237736940416], [-118.289697154825, 33.7237741192439], [-118.289698896816, 33.7234306420538], [-118.289567360165, 33.7234301893759]]]}}, {"type": "Feature", "properties": {"zone_id": "02026P1OTBLLXN0WN7OHKP", "tract_id": "06037297201", "city": "SAN PEDRO, CA", "zone_code": "RD1.5-1XL", "zone_category": "Residential", "ev_permitted": false}, "geometry": {"type": "Polygon", "coordinates": [[[-118.289172717431, 33.7234288580357], [-118.289171006171, 33.723772335139], [-118.289302543356, 33.7237727882504], [-118.289304253983, 33.7234292836676], [-118.289172717431, 33.7234288580357]]]}}, {"type": "Feature", "properties": {"zone_id": "02052APT16ID4QC1TQVU4L", "tract_id": "06037297201", "city": "SAN PEDRO, CA", "zone_code": "RD1.5-1XL", "zone_category": "Residential", "ev_permitted": false}, "geometry": {"type": "Polygon", "coordinates": [[[-118.289304253983, 33.7234292836676], [-118.289302543356, 33.7237727882504], [-118.289434080543, 33.7237732412179], [-118.289435790632, 33.7234297366332], [-118.289304253983, 33.7234292836676]]]}}, {"type": "Feature", "properties": {"zone_id": "0207N7CYH6JRYNPY8EEPZ2", "tract_id": "06037297201", "city": "SAN PEDRO, CA", "zone_code": "RD1.5-1XL", "zone_category": "Residential", "ev_permitted": false}, "geometry": {"type": "Polygon", "coordinates": [[[-118.288778107498, 33.7234274978442], [-118.288776361836, 33.7237710024984], [-118.2889079319, 33.7237714559623], [-118.288909644141, 33.7234279513852], [-118.288778107498, 33.7234274978442]]]}}, {"type": "Feature", "properties": {"zone_id": "0207BRS1DKRYGY1HBNSGX2", "tract_id": "06037297201", "city": "SAN PEDRO, CA", "zone_code": "RD1.5-1XL", "zone_category": "Residential", "ev_permitted": false}, "geometry": {"type": "Polygon", "coordinates": [[[-118.288909644141, 33.7234279513852], [-118.2889079319, 33.7237714559623], [-118.289039436199, 33.7237719094404], [-118.289041180785, 33.7234284047823], [-118.288909644141, 33.7234279513852]]]}}, {"type": "Feature", "properties": {"zone_id": "0204G48YACV1CSLXZCNLWT", "tract_id": "06037297201", "city": "SAN PEDRO, CA", "zone_code": "RD1.5-1XL", "zone_category": "Residential", "ev_permitted": false}, "geometry": {"type": "Polygon", "coordinates": [[[-118.289041180785, 33.7234284047823], [-118.289039436199, 33.7237719094404], [-118.289171006171, 33.723772335139], [-118.289172717431, 33.7234288580357], [-118.289041180785, 33.7234284047823]]]}}, {"type": "Feature", "properties": {"zone_id": "0202CXMOET63M2RH5KH74G", "tract_id": "06037297201", "city": "SAN PEDRO, CA", "zone_code": "RD1.5-1XL", "zone_category": "Residential", "ev_permitted": false}, "geometry": {"type": "Polygon", "coordinates": [[[-118.288646570951, 33.723427071637], [-118.288644824657, 33.7237705488117], [-118.288776361836, 33.7237710024984], [-118.288778107498, 33.7234274978442], [-118.288646570951, 33.723427071637]]]}}, {"type": "Feature", "properties": {"zone_id": "02036YHX0XWBVCUH5D6T5I", "tract_id": "06037297201", "city": "SAN PEDRO, CA", "zone_code": "RD1.5-1XL", "zone_category": "Residential", "ev_permitted": false}, "geometry": {"type": "Polygon", "coordinates": [[[-118.288515034311, 33.7234266178084], [-118.28851338613, 33.7237700947445], [-118.288644824657, 33.7237705488117], [-118.288646570951, 33.723427071637], [-118.288515034311, 33.7234266178084]]]}}, {"type": "Feature", "properties": {"zone_id": "0206JRA62ONSEZCB3Z29DZ", "tract_id": "06037297201", "city": "SAN PEDRO, CA", "zone_code": "C2-1XL", "zone_category": "Commercial", "ev_permitted": true}, "geometry": {"type": "Polygon", "coordinates": [[[-118.288118605885, 33.7237962381111], [-118.288116787637, 33.7241673032158], [-118.28844563204, 33.724168411129], [-118.288447481813, 33.7237973734179], [-118.288118605885, 33.7237962381111]]]}}, {"type": "Feature", "properties": {"zone_id": "020386WBMH1L4K6KSVDYT6", "tract_id": "06037297201", "city": "SAN PEDRO, CA", "zone_code": "C2-1XL", "zone_category": "Commercial", "ev_permitted": true}, "geometry": {"type": "Polygon", "coordinates": [[[-118.288119829254, 33.7235489346332], [-118.288118605885, 33.7237962381111], [-118.288447481813, 33.7237973734179], [-118.28844867133, 33.7235500700155], [-118.288119829254, 33.7235489346332]]]}}, {"type": "Feature", "properties": {"zone_id": "0200BHJP4UN3GBPV3ZAGA1", "tract_id": "06037297201", "city": "SAN PEDRO, CA", "zone_code": "C2-1XL", "zone_category": "Commercial", "ev_permitted": true}, "geometry": {"type": "Polygon", "coordinates": [[[-118.288120424494, 33.7234252829371], [-118.288119829254, 33.7235489346332], [-118.28844867133, 33.7235500700155], [-118.288449265992, 33.7234263908401], [-118.288120424494, 33.7234252829371]]]}}, {"type": "Feature", "properties": {"zone_id": "0203JLH557WHRHJ3EZ0B0O", "tract_id": "06037297201", "city": "SAN PEDRO, CA", "zone_code": "RD1.5-1XL", "zone_category": "Residential", "ev_permitted": false}, "geometry": {"type": "Polygon", "coordinates": [[[-118.289570017882, 33.7228943376651], [-118.289568172898, 33.7232653203887], [-118.289699709196, 33.7232657455882], [-118.289701553694, 33.7228947903402], [-118.289570017882, 33.7228943376651]]]}}, {"type": "Feature", "properties": {"zone_id": "02015VXC03DOA2BSJUJTJ1", "tract_id": "06037297201", "city": "SAN PEDRO, CA", "zone_code": "RD1.5-1XL", "zone_category": "Residential", "ev_permitted": false}, "geometry": {"type": "Polygon", "coordinates": [[[-118.289438482071, 33.7228938848463], [-118.289436636506, 33.7232648675679], [-118.289568172898, 33.7232653203887], [-118.289570017882, 33.7228943376651], [-118.289438482071, 33.7228938848463]]]}}, {"type": "Feature", "properties": {"zone_id": "0205L1GLG4SR27OY61RY3P", "tract_id": "06037297201", "city": "SAN PEDRO, CA", "zone_code": "RD1.5-1XL", "zone_category": "Residential", "ev_permitted": false}, "geometry": {"type": "Polygon", "coordinates": [[[-118.289306946357, 33.7228934593612], [-118.289305100116, 33.7232644146031], [-118.289436636506, 33.7232648675679], [-118.289438482071, 33.7228938848463], [-118.289306946357, 33.7228934593612]]]}}, {"type": "Feature", "properties": {"zone_id": "0205XRPHK0CILQWUMPFFMB", "tract_id": "06037297201", "city": "SAN PEDRO, CA", "zone_code": "RD1.5-1XL", "zone_category": "Residential", "ev_permitted": false}, "geometry": {"type": "Polygon", "coordinates": [[[-118.289175410549, 33.7228930062547], [-118.289173563727, 33.7232639614946], [-118.289305100116, 33.7232644146031], [-118.289306946357, 33.7228934593612], [-118.289175410549, 33.7228930062547]]]}}, {"type": "Feature", "properties": {"zone_id": "0202QF1HVO98X4DISXH3E5", "tract_id": "06037297201", "city": "SAN PEDRO, CA", "zone_code": "RD1.5-1XL", "zone_category": "Residential", "ev_permitted": false}, "geometry": {"type": "Polygon", "coordinates": [[[-118.289571894975, 33.7225231350618], [-118.289570017882, 33.7228943376651], [-118.289701553694, 33.7228947903402], [-118.289703430206, 33.7225235877348], [-118.289571894975, 33.7225231350618]]]}}, {"type": "Feature", "properties": {"zone_id": "0201P779GREQAPPWIUCZP6", "tract_id": "06037297201", "city": "SAN PEDRO, CA", "zone_code": "RD1.5-1XL", "zone_category": "Residential", "ev_permitted": false}, "geometry": {"type": "Polygon", "coordinates": [[[-118.289440359746, 33.7225226822451], [-118.289438482071, 33.7228938848463], [-118.289570017882, 33.7228943376651], [-118.289571894975, 33.7225231350618], [-118.289440359746, 33.7225226822451]]]}}, {"type": "Feature", "properties": {"zone_id": "0205S99SEXYY7QYWWCVP58", "tract_id": "06037297201", "city": "SAN PEDRO, CA", "zone_code": "RD1.5-1XL", "zone_category": "Residential", "ev_permitted": false}, "geometry": {"type": "Polygon", "coordinates": [[[-118.289308685288, 33.7225486358187], [-118.289176943411, 33.7225836845736], [-118.289175410549, 33.7228930062547], [-118.289306946357, 33.7228934593612], [-118.289308685288, 33.7225486358187]]]}}, {"type": "Feature", "properties": {"zone_id": "0204QVB84PD0U8AH82BAMI", "tract_id": "06037297201", "city": "SAN PEDRO, CA", "zone_code": "RD1.5-1XL", "zone_category": "Residential", "ev_permitted": false}, "geometry": {"type": "Polygon", "coordinates": [[[-118.289406620977, 33.7225225710753], [-118.289308685288, 33.7225486358187], [-118.289306946357, 33.7228934593612], [-118.289438482071, 33.7228938848463], [-118.289440359746, 33.7225226822451], [-118.289406620977, 33.7225225710753]]]}}, {"type": "Feature", "properties": {"zone_id": "020368CS5OMNX3XY5AQAOP", "tract_id": "06037297201", "city": "SAN PEDRO, CA", "zone_code": "RD1.5-1XL", "zone_category": "Residential", "ev_permitted": false}, "geometry": {"type": "Polygon", "coordinates": [[[-118.289176943411, 33.7225836845736], [-118.289045234403, 33.7226187605829], [-118.289043874742, 33.7228925530044], [-118.289175410549, 33.7228930062547], [-118.289176943411, 33.7225836845736]]]}}, {"type": "Feature", "properties": {"zone_id": "02074G6M4NVFHD3A2EALOO", "tract_id": "06037297201", "city": "SAN PEDRO, CA", "zone_code": "RD1.5-1XL", "zone_category": "Residential", "ev_permitted": false}, "geometry": {"type": "Polygon", "coordinates": [[[-118.288912338937, 33.7228920996102], [-118.288910476567, 33.7232630548805], [-118.289042012953, 33.7232635082768], [-118.289043874742, 33.7228925530044], [-118.288912338937, 33.7228920996102]]]}}, {"type": "Feature", "properties": {"zone_id": "0201Y15YDTOOEXQEAZPGA2", "tract_id": "06037297201", "city": "SAN PEDRO, CA", "zone_code": "RD1.5-1XL", "zone_category": "Residential", "ev_permitted": false}, "geometry": {"type": "Polygon", "coordinates": [[[-118.289043874742, 33.7228925530044], [-118.289042041406, 33.7232580401187], [-118.289173577691, 33.7232584658934], [-118.289175410549, 33.7228930062547], [-118.289043874742, 33.7228925530044]]]}}, {"type": "Feature", "properties": {"zone_id": "0206H0YL5DCXTVF12FRZUA", "tract_id": "06037297201", "city": "SAN PEDRO, CA", "zone_code": "RD1.5-1XL", "zone_category": "Residential", "ev_permitted": false}, "geometry": {"type": "Polygon", "coordinates": [[[-118.288649234542, 33.7228912199469], [-118.288649183107, 33.7229049589882], [-118.288517581612, 33.7229045327979], [-118.288515896, 33.7232562531485], [-118.288910505029, 33.7232575867225], [-118.288912338937, 33.7228920996102], [-118.288649234542, 33.7228912199469]]]}}, {"type": "Feature", "properties": {"zone_id": "0206DZLXBW02TJ79F885MB", "tract_id": "06037297201", "city": "SAN PEDRO, CA", "zone_code": "RD1.5-1XL", "zone_category": "Residential", "ev_permitted": false}, "geometry": {"type": "Polygon", "coordinates": [[[-118.289045234403, 33.7226187605829], [-118.288913492307, 33.7226538090496], [-118.288912338937, 33.7228920996102], [-118.289043874742, 33.7228925530044], [-118.289045234403, 33.7226187605829]]]}}, {"type": "Feature", "properties": {"zone_id": "02036AP4PZ322KPMG66FWE", "tract_id": "06037297201", "city": "SAN PEDRO, CA", "zone_code": "RD1.5-1XL", "zone_category": "Residential", "ev_permitted": false}, "geometry": {"type": "Polygon", "coordinates": [[[-118.288913492307, 33.7226538090496], [-118.288850216628, 33.722670640051], [-118.288781791298, 33.7226912753229], [-118.288780770345, 33.7228916736287], [-118.288912338937, 33.7228920996102], [-118.288913492307, 33.7226538090496]]]}}, {"type": "Feature", "properties": {"zone_id": "0203V1TTT0V6DVDY91FH6J", "tract_id": "06037297201", "city": "SAN PEDRO, CA", "zone_code": "RD1.5-1XL", "zone_category": "Residential", "ev_permitted": false}, "geometry": {"type": "Polygon", "coordinates": [[[-118.288781791298, 33.7226912753229], [-118.288650032147, 33.7227309947738], [-118.288649234542, 33.7228912199469], [-118.288780770345, 33.7228916736287], [-118.288781791298, 33.7226912753229]]]}}, {"type": "Feature", "properties": {"zone_id": "02012CHB3U1UYILBEGDD9W", "tract_id": "06037297201", "city": "SAN PEDRO, CA", "zone_code": "RD1.5-1XL", "zone_category": "Residential", "ev_permitted": false}, "geometry": {"type": "Polygon", "coordinates": [[[-118.288650032147, 33.7227309947738], [-118.288518240084, 33.7227707416372], [-118.288517581612, 33.7229045327979], [-118.288649183107, 33.7229049589882], [-118.288650032147, 33.7227309947738]]]}}, {"type": "Feature", "properties": {"zone_id": "0203DIC0E6KLLBEPG6C5H0", "tract_id": "06037297201", "city": "SAN PEDRO, CA", "zone_code": "RD1.5-1XL", "zone_category": "Residential", "ev_permitted": false}, "geometry": {"type": "Polygon", "coordinates": [[[-118.289627945404, 33.7221752406501], [-118.289290411998, 33.7222650810361], [-118.289331991116, 33.722361268106], [-118.289336489655, 33.7223669087434], [-118.289348498232, 33.7223759783386], [-118.289363395449, 33.7223813160419], [-118.289379569003, 33.7223823441628], [-118.289455943852, 33.7223683615094], [-118.289525414451, 33.7223607274433], [-118.289595430372, 33.7223583487849], [-118.289697238377, 33.7223586806815], [-118.289708507038, 33.7223556859369], [-118.289627945404, 33.7221752406501]]]}}, {"type": "Feature", "properties": {"zone_id": "0206S1TFGY6U91XWNOA5VB", "tract_id": "06037297201", "city": "SAN PEDRO, CA", "zone_code": "C2-1XL", "zone_category": "Commercial", "ev_permitted": true}, "geometry": {"type": "Polygon", "coordinates": [[[-118.288121957105, 33.7231147522302], [-118.288121272856, 33.7232603864034], [-118.288450080919, 33.7232615218606], [-118.288450797481, 33.7231158876066], [-118.288121957105, 33.7231147522302]]]}}, {"type": "Feature", "properties": {"zone_id": "02008JVE55C9A74OWFG2JD", "tract_id": "06037297201", "city": "SAN PEDRO, CA", "zone_code": "C2-1XL", "zone_category": "Commercial", "ev_permitted": true}, "geometry": {"type": "Polygon", "coordinates": [[[-118.288122487055, 33.7230008278522], [-118.288121957105, 33.7231147522302], [-118.288450797481, 33.7231158876066], [-118.288451359774, 33.7230019356707], [-118.288122487055, 33.7230008278522]]]}}, {"type": "Feature", "properties": {"zone_id": "0205FUGB9ARLLSFRTGWWLX", "tract_id": "06037297201", "city": "SAN PEDRO, CA", "zone_code": "C2-1XL", "zone_category": "Commercial", "ev_permitted": true}, "geometry": {"type": "Polygon", "coordinates": [[[-118.288452376841, 33.7227906011971], [-118.288176177856, 33.7228738615526], [-118.288165770894, 33.72287790677], [-118.288156362012, 33.7228833881599], [-118.288148234827, 33.7228901404928], [-118.288141634322, 33.7228979602287], [-118.28813675946, 33.7229066116521], [-118.288133757187, 33.7229158339773], [-118.288132718003, 33.72292534921], [-118.288132352243, 33.7230008591788], [-118.288451359774, 33.7230019356707], [-118.288452376841, 33.7227906011971]]]}}, {"type": "Feature", "properties": {"zone_id": "0202YKPV7ZERVB2Z3A8M55", "tract_id": "06037297201", "city": "SAN PEDRO, CA", "zone_code": "RD1.5-1XL", "zone_category": "Residential", "ev_permitted": false}, "geometry": {"type": "Polygon", "coordinates": [[[-118.288769512383, 33.725241193427], [-118.288767884762, 33.7255903583257], [-118.288899424792, 33.725590811878], [-118.288901051867, 33.7252416469776], [-118.288769512383, 33.725241193427]]]}}, {"type": "Feature", "properties": {"zone_id": "0201CNLVE1HJHA1P00PNJ2", "tract_id": "06037297201", "city": "SAN PEDRO, CA", "zone_code": "RD1.5-1XL", "zone_category": "Residential", "ev_permitted": false}, "geometry": {"type": "Polygon", "coordinates": [[[-118.288901051867, 33.7252416469776], [-118.288899424792, 33.725590811878], [-118.289030931845, 33.7255912378879], [-118.289032525488, 33.7252420730646], [-118.288901051867, 33.7252416469776]]]}}, {"type": "Feature", "properties": {"zone_id": "0205BKDMFGLLGGO9UXJ3WF", "tract_id": "06037297201", "city": "SAN PEDRO, CA", "zone_code": "RD1.5-1XL", "zone_category": "Residential", "ev_permitted": false}, "geometry": {"type": "Polygon", "coordinates": [[[-118.289032525488, 33.7252420730646], [-118.289030931845, 33.7255912378879], [-118.289162438993, 33.7255916912316], [-118.289164064974, 33.7252425263275], [-118.289032525488, 33.7252420730646]]]}}, {"type": "Feature", "properties": {"zone_id": "0202JFVZGF81P3BZVS4HRC", "tract_id": "06037297201", "city": "SAN PEDRO, CA", "zone_code": "RD1.5-1XL", "zone_category": "Residential", "ev_permitted": false}, "geometry": {"type": "Polygon", "coordinates": [[[-118.288506466306, 33.7252402858157], [-118.288504870475, 33.7255894506319], [-118.288636377618, 33.7255899045507], [-118.288637972902, 33.7252407397327], [-118.288506466306, 33.7252402858157]]]}}, {"type": "Feature", "properties": {"zone_id": "0203LSRKIIPWQTAYPOCW7A", "tract_id": "06037297201", "city": "SAN PEDRO, CA", "zone_code": "RD1.5-1XL", "zone_category": "Residential", "ev_permitted": false}, "geometry": {"type": "Polygon", "coordinates": [[[-118.288637972902, 33.7252407397327], [-118.288636377618, 33.7255899045507], [-118.288767884762, 33.7255903583257], [-118.288769512383, 33.725241193427], [-118.288637972902, 33.7252407397327]]]}}, {"type": "Feature", "properties": {"zone_id": "0207GUEXZGD5FE2UP9LEEU", "tract_id": "06037297201", "city": "SAN PEDRO, CA", "zone_code": "RD1.5-1XL", "zone_category": "Residential", "ev_permitted": false}, "geometry": {"type": "Polygon", "coordinates": [[[-118.289429469812, 33.7247350592157], [-118.289427891113, 33.7250785360723], [-118.289559397461, 33.725078988982], [-118.289561008412, 33.7247354845669], [-118.289429469812, 33.7247350592157]]]}}, {"type": "Feature", "properties": {"zone_id": "02042AIW9S9PMBC9136DLK", "tract_id": "06037297201", "city": "SAN PEDRO, CA", "zone_code": "RD1.5-1XL", "zone_category": "Residential", "ev_permitted": false}, "geometry": {"type": "Polygon", "coordinates": [[[-118.289561008412, 33.7247354845669], [-118.289559397461, 33.725078988982], [-118.289690936789, 33.7250794691463], [-118.289692514223, 33.7247359373311], [-118.289561008412, 33.7247354845669]]]}}, {"type": "Feature", "properties": {"zone_id": "02063RAEZHZZ3YN3EFAKO6", "tract_id": "06037297201", "city": "SAN PEDRO, CA", "zone_code": "RD1.5-1XL", "zone_category": "Residential", "ev_permitted": false}, "geometry": {"type": "Polygon", "coordinates": [[[-118.289297964004, 33.724734606164], [-118.289296351882, 33.7250780830978], [-118.289427891113, 33.7250785360723], [-118.289429469812, 33.7247350592157], [-118.289297964004, 33.724734606164]]]}}, {"type": "Feature", "properties": {"zone_id": "02033FDLORMM6G9MBZZSVO", "tract_id": "06037297201", "city": "SAN PEDRO, CA", "zone_code": "RD1.5-1XL", "zone_category": "Residential", "ev_permitted": false}, "geometry": {"type": "Polygon", "coordinates": [[[-118.289166425312, 33.7247341530475], [-118.289164845632, 33.7250776573782], [-118.289296351882, 33.7250780830978], [-118.289297964004, 33.724734606164], [-118.289166425312, 33.7247341530475]]]}}, {"type": "Feature", "properties": {"zone_id": "0207IUO1HY94K4HAO3XBFI", "tract_id": "06037297201", "city": "SAN PEDRO, CA", "zone_code": "RD1.5-1XL", "zone_category": "Residential", "ev_permitted": false}, "geometry": {"type": "Polygon", "coordinates": [[[-118.289431319408, 33.7243365985619], [-118.289429740723, 33.7246800753983], [-118.289561246447, 33.724680528306], [-118.289562824594, 33.7243370514678], [-118.289431319408, 33.7243365985619]]]}}, {"type": "Feature", "properties": {"zone_id": "0201PLNFKJAAC4ZNWWUN32", "tract_id": "06037297201", "city": "SAN PEDRO, CA", "zone_code": "RD1.5-1XL", "zone_category": "Residential", "ev_permitted": false}, "geometry": {"type": "Polygon", "coordinates": [[[-118.289562824594, 33.7243370514678], [-118.289561246447, 33.724680528306], [-118.289692785057, 33.7246809809907], [-118.289694395549, 33.7243375040716], [-118.289562824594, 33.7243370514678]]]}}, {"type": "Feature", "properties": {"zone_id": "02003PCM9FCFSVNW2U7KSZ", "tract_id": "06037297201", "city": "SAN PEDRO, CA", "zone_code": "RD1.5-1XL", "zone_category": "Residential", "ev_permitted": false}, "geometry": {"type": "Polygon", "coordinates": [[[-118.289168309039, 33.7243356923188], [-118.28916669649, 33.7246791967083], [-118.289298202211, 33.7246796499036], [-118.289299814317, 33.7243361729898], [-118.289168309039, 33.7243356923188]]]}}, {"type": "Feature", "properties": {"zone_id": "0201R1L7PMLJEM2CPW5IX9", "tract_id": "06037297201", "city": "SAN PEDRO, CA", "zone_code": "RD1.5-1XL", "zone_category": "Residential", "ev_permitted": false}, "geometry": {"type": "Polygon", "coordinates": [[[-118.289299814317, 33.7243361729898], [-118.289298202211, 33.7246796499036], [-118.289429740723, 33.7246800753983], [-118.289431319408, 33.7243365985619], [-118.289299814317, 33.7243361729898]]]}}, {"type": "Feature", "properties": {"zone_id": "0205FX26DZ0PYWYM00QN0O", "tract_id": "06037297201", "city": "SAN PEDRO, CA", "zone_code": "RD1.5-1XL", "zone_category": "Residential", "ev_permitted": false}, "geometry": {"type": "Polygon", "coordinates": [[[-118.289034919507, 33.7247336997082], [-118.289033306404, 33.7250772041161], [-118.289164845632, 33.7250776573782], [-118.289166425312, 33.7247341530475], [-118.289034919507, 33.7247336997082]]]}}, {"type": "Feature", "properties": {"zone_id": "02032NSMODHIIANYLF51AC", "tract_id": "06037297201", "city": "SAN PEDRO, CA", "zone_code": "RD1.5-1XL", "zone_category": "Residential", "ev_permitted": false}, "geometry": {"type": "Polygon", "coordinates": [[[-118.288903413797, 33.7247332737028], [-118.288901800062, 33.7250767506313], [-118.289033306404, 33.7250772041161], [-118.289034919507, 33.7247336997082], [-118.288903413797, 33.7247332737028]]]}}, {"type": "Feature", "properties": {"zone_id": "0203JZLIC8ZANVPM05XCT1", "tract_id": "06037297201", "city": "SAN PEDRO, CA", "zone_code": "RD1.5-1XL", "zone_category": "Residential", "ev_permitted": false}, "geometry": {"type": "Polygon", "coordinates": [[[-118.28877187511, 33.7247328201549], [-118.288770260837, 33.7250762970816], [-118.288901800062, 33.7250767506313], [-118.288903413797, 33.7247332737028], [-118.28877187511, 33.7247328201549]]]}}, {"type": "Feature", "properties": {"zone_id": "0207H0C4J10RVYBI6DQORO", "tract_id": "06037297201", "city": "SAN PEDRO, CA", "zone_code": "RD1.5-1XL", "zone_category": "Residential", "ev_permitted": false}, "geometry": {"type": "Polygon", "coordinates": [[[-118.28850879774, 33.7247319126276], [-118.28850721537, 33.7250754169495], [-118.288638754592, 33.7250758707868], [-118.288640369308, 33.7247323663843], [-118.28850879774, 33.7247319126276]]]}}, {"type": "Feature", "properties": {"zone_id": "0200CAY2NN4WFSI203ZE9G", "tract_id": "06037297201", "city": "SAN PEDRO, CA", "zone_code": "RD1.5-1XL", "zone_category": "Residential", "ev_permitted": false}, "geometry": {"type": "Polygon", "coordinates": [[[-118.288640369308, 33.7247323663843], [-118.288638754592, 33.7250758707868], [-118.288770260837, 33.7250762970816], [-118.28877187511, 33.7247328201549], [-118.288640369308, 33.7247323663843]]]}}, {"type": "Feature", "properties": {"zone_id": "0206VU58PVUZBFBGBPGBQC", "tract_id": "06037297201", "city": "SAN PEDRO, CA", "zone_code": "RD1.5-1XL", "zone_category": "Residential", "ev_permitted": false}, "geometry": {"type": "Polygon", "coordinates": [[[-118.289003886647, 33.7243351806788], [-118.289002273236, 33.7246786301109], [-118.28916669649, 33.7246791967083], [-118.289168309039, 33.7243356923188], [-118.289003886647, 33.7243351806788]]]}}, {"type": "Feature", "properties": {"zone_id": "0206KJ55YTGVUV2E19Q4SV", "tract_id": "06037297201", "city": "SAN PEDRO, CA", "zone_code": "RD1.5-1XL", "zone_category": "Residential", "ev_permitted": false}, "geometry": {"type": "Polygon", "coordinates": [[[-118.288839496951, 33.7243346137799], [-118.288837882962, 33.7246780906874], [-118.289002273236, 33.7246786301109], [-118.289003886647, 33.7243351806788], [-118.288839496951, 33.7243346137799]]]}}, {"type": "Feature", "properties": {"zone_id": "02028WK5O93FVFEPGSWA9Z", "tract_id": "06037297201", "city": "SAN PEDRO, CA", "zone_code": "RD1.5-1XL", "zone_category": "Residential", "ev_permitted": false}, "geometry": {"type": "Polygon", "coordinates": [[[-118.288675074467, 33.7243340742128], [-118.288673492596, 33.7246775235615], [-118.288837882962, 33.7246780906874], [-118.288839496951, 33.7243346137799], [-118.288675074467, 33.7243340742128]]]}}, {"type": "Feature", "properties": {"zone_id": "0205ZQLF50D66S34MOBJAU", "tract_id": "06037297201", "city": "SAN PEDRO, CA", "zone_code": "RD1.5-1XL", "zone_category": "Residential", "ev_permitted": false}, "geometry": {"type": "Polygon", "coordinates": [[[-118.288510651892, 33.7243335069434], [-118.288509167699, 33.724657721564], [-118.288532088612, 33.7246770384693], [-118.288673492596, 33.7246775235615], [-118.288675074467, 33.7243340742128], [-118.288510651892, 33.7243335069434]]]}}, {"type": "Feature", "properties": {"zone_id": "0205OHS5ZN0B5PB57KQ3MR", "tract_id": "06037297201", "city": "SAN PEDRO, CA", "zone_code": "C2-1XL", "zone_category": "Commercial", "ev_permitted": true}, "geometry": {"type": "Polygon", "coordinates": [[[-118.288187483157, 33.7252392093908], [-118.288177166767, 33.7252398712177], [-118.288167101871, 33.7252418671462], [-118.288157536304, 33.7252451480297], [-118.288148705601, 33.725249633081], [-118.288140827206, 33.7252552118625], [-118.288134095113, 33.7252617470049], [-118.288128675089, 33.72526907759], [-118.288124700593, 33.7252770231131], [-118.288122269493, 33.7252853879275], [-118.28812144165, 33.7252939660623], [-118.288120556271, 33.7254864230133], [-118.288439540358, 33.7254874996158], [-118.288440696566, 33.7252400588427], [-118.288187483157, 33.7252392093908]]]}}, {"type": "Feature", "properties": {"zone_id": "0201TSU83G1I9C086HBAHS", "tract_id": "06037297201", "city": "SAN PEDRO, CA", "zone_code": "C2-1XL", "zone_category": "Commercial", "ev_permitted": true}, "geometry": {"type": "Polygon", "coordinates": [[[-118.288131322449, 33.7245795184587], [-118.2881307601, 33.7247031700972], [-118.288443164319, 33.7247042349647], [-118.288443693323, 33.7245805834036], [-118.288131322449, 33.7245795184587]]]}}, {"type": "Feature", "properties": {"zone_id": "0200P9OSJ2QIUI3DQ2OUMQ", "tract_id": "06037297201", "city": "SAN PEDRO, CA", "zone_code": "C2-1XL", "zone_category": "Commercial", "ev_permitted": true}, "geometry": {"type": "Polygon", "coordinates": [[[-118.2881307601, 33.7247031700972], [-118.288129227613, 33.7250329078895], [-118.288178367415, 33.7250743092046], [-118.28844144576, 33.7250751899769], [-118.288443164319, 33.7247042349647], [-118.2881307601, 33.7247031700972]]]}}, {"type": "Feature", "properties": {"zone_id": "0205BWKR5BG2R7CMWZ18YT", "tract_id": "06037297201", "city": "SAN PEDRO, CA", "zone_code": "C2-1XL", "zone_category": "Commercial", "ev_permitted": true}, "geometry": {"type": "Polygon", "coordinates": [[[-118.288131884795, 33.7244558668224], [-118.288131322449, 33.7245795184587], [-118.288443693323, 33.7245805834036], [-118.288444320977, 33.7244569316082], [-118.288131884795, 33.7244558668224]]]}}, {"type": "Feature", "properties": {"zone_id": "0206WL9BKIBUO61PXAWM9Y", "tract_id": "06037297201", "city": "SAN PEDRO, CA", "zone_code": "C2-1XL", "zone_category": "Commercial", "ev_permitted": true}, "geometry": {"type": "Polygon", "coordinates": [[[-118.288148786501, 33.7243597912818], [-118.288132226902, 33.7243734599559], [-118.288131884795, 33.7244558668224], [-118.288444320977, 33.7244569316082], [-118.288444695568, 33.7243744971843], [-118.288286849877, 33.7243739687942], [-118.288286901468, 33.7243602572277], [-118.288148786501, 33.7243597912818]]]}}]}